solve_num,solve_time_ms,solve_iters,coord_mode,node,t,theta,tgt_x,tgt_y,tgt_z,tgt_vx,tgt_vy,tgt_vz,circle_center_x,circle_center_y,circle_center_z,circle_radius,circle_omega,circle_phi0,circle_t_abs,abs_x,abs_y,abs_z,abs_vx,abs_vy,abs_vz,abs_qw,abs_qx,abs_qy,abs_qz,abs_wx,abs_wy,abs_wz,fz,mx,my,mz,rel_x,rel_y,rel_z,rel_vx,rel_vy,rel_vz,rel_qw,rel_qx,rel_qy,rel_qz,rel_wx,rel_wy,rel_wz
0,75.778671,175,relative,0,0.000000,0.050000,0.503311,0.864105,0.200000,-0.086411,0.050331,0.000000,0.000000,0.000000,0.000000,0.000000,0.000000,0.000000,0.000000,-0.000308,0.000037,1.992913,0.000523,-0.000315,-0.000078,1.000000,0.000027,0.000181,0.000001,-0.000073,0.000000,0.000000,0.127110,-0.224950,0.067769,0.002025,-0.503619,-0.864069,1.792913,0.086934,-0.050646,-0.000078,1.000000,0.000027,0.000181,0.000001,-0.000073,0.000000,0.000000
0,75.778671,175,relative,1,0.050000,0.200000,0.503311,0.864105,0.200000,-0.086411,0.050331,0.000000,0.000000,0.000000,0.000000,0.000000,0.000000,0.000000,0.000000,0.004047,-0.002485,1.986532,0.000866,0.000127,-0.255189,1.000000,-0.000116,0.000223,0.000001,-0.011321,0.003388,0.000058,0.244201,-0.101616,0.023441,0.002883,-0.499264,-0.866590,1.786532,0.087277,-0.050204,-0.255189,1.000000,-0.000116,0.000223,0.000001,-0.011321,0.003388,0.000058
0,75.778671,175,relative,2,0.250000,0.200000,0.503311,0.864105,0.200000,-0.086411,0.050331,0.000000,0.000000,0.000000,0.000000,0.000000,0.000000,0.000000,0.000000,0.021739,-0.012113,1.920183,0.003575,0.005546,-0.408301,0.999997,-0.002264,0.000796,0.000024,-0.031644,0.008076,0.000385,0.264880,-0.036565,0.005284,0.002681,-0.481572,-0.876219,1.720183,0.089986,-0.044785,-0.408301,0.999997,-0.002264,0.000796,0.000024,-0.031644,0.008076,0.000385
0,75.778671,175,relative,3,0.450000,0.200000,0.503311,0.864105,0.200000,-0.086411,0.050331,0.000000,0.000000,0.000000,0.000000,0.000000,0.000000,0.000000,0.000000,0.040258,-0.019571,1.838525,0.009359,0.022846,-0.408300,0.999982,-0.005794,0.001657,0.000079,-0.038958,0.009130,0.000690,0.264904,0.008203,-0.006298,0.002421,-0.463053,-0.883676,1.638525,0.095769,-0.027486,-0.408300,0.999982,-0.005794,0.001657,0.000079,-0.038958,0.009130,0.000690
0,75.778671,175,relative,4,0.650000,0.200000,0.503311,0.864105,0.200000,-0.086411,0.050331,0.000000,0.000000,0.000000,0.000000,0.000000,0.000000,0.000000,0.000000,0.060278,-0.022118,1.756869,0.018572,0.054849,-0.408300,0.999951,-0.009608,0.002506,0.000163,-0.037318,0.007865,0.000966,0.264943,0.039041,-0.013695,0.002157,-0.443034,-0.886223,1.556869,0.104982,0.004518,-0.408300,0.999951,-0.009608,0.002506,0.000163,-0.037318,0.007865,0.000966
0,75.778671,175,relative,5,0.850000,0.200000,0.503311,0.864105,0.200000,-0.086411,0.050331,0.000000,0.000000,0.000000,0.000000,0.000000,0.000000,0.000000,0.000000,0.082452,-0.016808,1.675214,0.030771,0.101099,-0.408302,0.999911,-0.012949,0.003156,0.000274,-0.029511,0.005121,0.001211,0.264983,0.058303,-0.017771,0.001892,-0.420860,-0.880913,1.475214,0.117181,0.050768,-0.408302,0.999911,-0.012949,0.003156,0.000274,-0.029511,0.005121,0.001211
0,75.778671,175,relative,6,1.050000,0.200000,0.503311,0.864105,0.200000,-0.086411,0.050331,0.000000,0.000000,0.000000,0.000000,0.000000,0.000000,0.000000,0.000000,0.107282,-0.001050,1.593558,0.044921,0.158687,-0.408304,0.999877,-0.015316,0.003491,0.000409,-0.017851,0.001562,0.001426,0.265012,0.067925,-0.019199,0.001623,-0.396030,-0.865155,1.393558,0.131332,0.108355,-0.408304,0.999877,-0.015316,0.003491,0.000409,-0.017851,0.001562,0.001426
0,75.778671,175,relative,7,1.250000,0.200000,0.503311,0.864105,0.200000,-0.086411,0.050331,0.000000,0.000000,0.000000,0.000000,0.000000,0.000000,0.000000,0.000000,0.135024,0.026996,1.511899,0.059662,0.223160,-0.408305,0.999859,-0.016421,0.003457,0.000565,-0.004266,-0.002280,0.001610,0.265018,0.069671,-0.018556,0.001349,-0.368287,-0.837109,1.311899,0.146073,0.172829,-0.408305,0.999859,-0.016421,0.003457,0.000565,-0.004266,-0.002280,0.001610
0,75.778671,175,relative,8,1.450000,0.200000,0.503311,0.864105,0.200000,-0.086411,0.050331,0.000000,0.000000,0.000000,0.000000,0.000000,0.000000,0.000000,0.000000,0.165651,0.068192,1.430238,0.073515,0.289285,-0.408305,0.999865,-0.016150,0.003047,0.000740,0.009669,-0.005991,0.001764,0.265001,0.065046,-0.016304,0.001071,-0.337660,-0.795913,1.230238,0.159925,0.238954,-0.408305,0.999865,-0.016150,0.003047,0.000740,0.009669,-0.005991,0.001764
0,75.778671,175,relative,9,1.650000,0.200000,0.503311,0.864105,0.200000,-0.086411,0.050331,0.000000,0.000000,0.000000,0.000000,0.000000,0.000000,0.000000,0.000000,0.198839,0.122327,1.348573,0.085050,0.351669,-0.408304,0.999891,-0.014532,0.002289,0.000930,0.022680,-0.009247,0.001885,0.264965,0.055292,-0.012808,0.000790,-0.304472,-0.741778,1.148573,0.171460,0.301338,-0.408304,0.999891,-0.014532,0.002289,0.000930,0.022680,-0.009247,0.001885
0,75.778671,175,relative,10,1.850000,0.200000,0.503311,0.864105,0.200000,-0.086411,0.050331,0.000000,0.000000,0.000000,0.000000,0.000000,0.000000,0.000000,0.000000,0.233997,0.188139,1.266908,0.093017,0.405266,-0.408302,0.999930,-0.011710,0.001242,0.001132,0.033742,-0.011800,0.001975,0.264923,0.041448,-0.008363,0.000512,-0.269315,-0.675966,1.066908,0.179428,0.354935,-0.408302,0.999930,-0.011710,0.001242,0.001132,0.033742,-0.011800,0.001975
0,75.778671,175,relative,11,2.050000,0.200000,0.503311,0.864105,0.200000,-0.086411,0.050331,0.000000,0.000000,0.000000,0.000000,0.000000,0.000000,0.000000,0.000000,0.270307,0.263426,1.185243,0.096440,0.445787,-0.408300,0.999968,-0.007919,-0.000014,0.001342,0.042035,-0.013461,0.002034,0.264889,0.024448,-0.003231,0.000236,-0.233005,-0.600679,0.985243,0.182851,0.395456,-0.408300,0.999968,-0.007919,-0.000014,0.001342,0.042035,-0.013461,0.002034
0,75.778671,175,relative,12,2.250000,0.200000,0.503311,0.864105,0.200000,-0.086411,0.050331,0.000000,0.000000,0.000000,0.000000,0.000000,0.000000,0.000000,0.000000,0.306791,0.345231,1.103579,0.094692,0.470017,-0.408299,0.999992,-0.003469,-0.001384,0.001558,0.046929,-0.014094,0.002060,0.264874,0.005344,0.002280,-0.000035,-0.196520,-0.518874,0.903579,0.181102,0.419686,-0.408299,0.999992,-0.003469,-0.001384,0.001558,0.046929,-0.014094,0.002060
0,75.778671,175,relative,13,2.450000,0.200000,0.503311,0.864105,0.200000,-0.086411,0.050331,0.000000,0.000000,0.000000,0.000000,0.000000,0.000000,0.000000,0.000000,0.342386,0.430084,1.021919,0.087541,0.476065,-0.408299,0.999994,0.001279,-0.002762,0.001775,0.048002,-0.013623,0.002056,0.264884,-0.014537,0.007783,-0.000303,-0.160925,-0.434021,0.821919,0.173952,0.425733,-0.408299,0.999994,0.001279,-0.002762,0.001775,0.048002,-0.013623,0.002056
0,75.778671,175,relative,14,2.650000,0.200000,0.503311,0.864105,0.200000,-0.086411,0.050331,0.000000,0.000000,0.000000,0.000000,0.000000,0.000000,0.000000,0.000000,0.376023,0.514281,0.940262,0.075183,0.463517,-0.408299,0.999972,0.005936,-0.004038,0.001990,0.045099,-0.012052,0.002022,0.264916,-0.033663,0.012843,-0.000569,-0.127288,-0.349824,0.740262,0.161593,0.413185,-0.408299,0.999972,0.005936,-0.004038,0.001990,0.045099,-0.012052,0.002022
0,75.778671,175,relative,15,2.850000,0.200000,0.503311,0.864105,0.200000,-0.086411,0.050331,0.000000,0.000000,0.000000,0.000000,0.000000,0.000000,0.000000,0.000000,0.406716,0.594189,0.858607,0.058229,0.433500,-0.408301,0.999933,0.010110,-0.005107,0.002200,0.038369,-0.009471,0.001957,0.264961,-0.050412,0.017021,-0.000835,-0.096595,-0.269916,0.658607,0.144640,0.383169,-0.408301,0.999933,0.010110,-0.005107,0.002200,0.038369,-0.009471,0.001957
0,75.778671,175,relative,16,3.050000,0.200000,0.503311,0.864105,0.200000,-0.086411,0.050331,0.000000,0.000000,0.000000,0.000000,0.000000,0.000000,0.000000,0.000000,0.433638,0.666554,0.776953,0.037676,0.388624,-0.408303,0.999889,0.013444,-0.005877,0.002400,0.028289,-0.006057,0.001862,0.265004,-0.063143,0.019900,-0.001102,-0.069673,-0.197551,0.576953,0.124087,0.338293,-0.408303,0.999889,0.013444,-0.005877,0.002400,0.028289,-0.006057,0.001862
0,75.778671,175,relative,17,3.250000,0.200000,0.503311,0.864105,0.200000,-0.086411,0.050331,0.000000,0.000000,0.000000,0.000000,0.000000,0.000000,0.000000,0.000000,0.456197,0.728773,0.695297,0.014833,0.332794,-0.408304,0.999855,0.015641,-0.006281,0.002588,0.015662,-0.002071,0.001737,0.265030,-0.070317,0.021123,-0.001369,-0.047114,-0.135332,0.495297,0.101244,0.282463,-0.408304,0.999855,0.015641,-0.006281,0.002588,0.015662,-0.002071,0.001737
0,75.778671,175,relative,18,3.450000,0.200000,0.503311,0.864105,0.200000,-0.086411,0.050331,0.000000,0.000000,0.000000,0.000000,0.000000,0.000000,0.000000,0.000000,0.474084,0.779133,0.613637,-0.008777,0.270902,-0.408305,0.999840,0.016503,-0.006277,0.002759,0.001598,0.002156,0.001581,0.265031,-0.070853,0.020514,-0.001626,-0.029227,-0.084972,0.413637,0.077634,0.220571,-0.408305,0.999840,0.016503,-0.006277,0.002759,0.001598,0.002156,0.001581
0,75.778671,175,relative,19,3.650000,0.200000,0.503311,0.864105,0.200000,-0.086411,0.050331,0.000000,0.000000,0.000000,0.000000,0.000000,0.000000,0.000000,0.000000,0.487307,0.816961,0.531975,-0.031546,0.208394,-0.408305,0.999851,0.015952,-0.005860,0.002911,-0.012573,0.006257,0.001397,0.265007,-0.064972,0.018372,-0.001856,-0.016005,-0.047144,0.331975,0.054865,0.158063,-0.408305,0.999851,0.015952,-0.005860,0.002911,-0.012573,0.006257,0.001397
0,75.778671,175,relative,20,3.850000,0.200000,0.503311,0.864105,0.200000,-0.086411,0.050331,0.000000,0.000000,0.000000,0.000000,0.000000,0.000000,0.000000,0.000000,0.496191,0.842685,0.450310,-0.051914,0.150762,-0.408304,0.999884,0.014042,-0.005059,0.003042,-0.025569,0.009928,0.001186,0.285645,-0.055085,0.015735,-0.002017,-0.007121,-0.021420,0.250310,0.034497,0.100431,-0.408304,0.999884,0.014042,-0.005059,0.003042,-0.025569,0.009928,0.001186
0,75.778671,175,relative,21,4.050000,0.050000,0.503311,0.864105,0.200000,-0.086411,0.050331,0.000000,0.000000,0.000000,0.000000,0.000000,0.000000,0.000000,0.000000,0.501217,0.857396,0.383956,-0.069849,0.099209,-0.255173,0.999928,0.010930,-0.003920,0.003150,-0.036588,0.013070,0.000956,0.347615,-0.068595,0.021438,-0.001903,-0.002094,-0.006709,0.183956,0.016562,0.048878,-0.255173,0.999928,0.010930,-0.003920,0.003150,-0.036588,0.013070,0.000956
0,75.778671,175,relative,22,4.100000,0.050000,0.503311,0.864105,0.200000,-0.086411,0.050331,0.000000,0.000000,0.000000,0.000000,0.000000,0.000000,0.000000,0.000000,0.501930,0.859509,0.375024,-0.074387,0.086163,-0.102100,0.999939,0.009972,-0.003583,0.003173,-0.040018,0.014141,0.000902,0.264951,-0.077017,0.024816,-0.001889,-0.001382,-0.004596,0.175024,0.012023,0.035832,-0.102100,0.999939,0.009972,-0.003583,0.003173,-0.040018,0.014141,0.000902
0,75.778671,175,relative,23,4.150000,0.050000,0.503311,0.864105,0.200000,-0.086411,0.050331,0.000000,0.000000,0.000000,0.000000,0.000000,0.000000,0.000000,0.000000,0.502453,0.861075,0.369920,-0.077445,0.077307,-0.102049,0.999950,0.008922,-0.003218,0.003195,-0.043870,0.015380,0.000848,0.264888,-0.067690,0.022004,-0.001877,-0.000858,-0.003030,0.169920,0.008965,0.026976,-0.102049,0.999950,0.008922,-0.003218,0.003195,-0.043870,0.015380,0.000848
0,75.778671,175,relative,24,4.200000,0.050000,0.503311,0.864105,0.200000,-0.086411,0.050331,0.000000,0.000000,0.000000,0.000000,0.000000,0.000000,0.000000,0.000000,0.502833,0.862225,0.364816,-0.080133,0.069529,-0.102093,0.999961,0.007781,-0.002823,0.003215,-0.047255,0.016479,0.000795,0.182222,-0.031124,0.010760,-0.001846,-0.000479,-0.001881,0.164816,0.006278,0.019198,-0.102093,0.999961,0.007781,-0.002823,0.003215,-0.047255,0.016479,0.000795
0,75.778671,175,relative,25,4.250000,0.200000,0.503311,0.864105,0.200000,-0.086411,0.050331,0.000000,0.000000,0.000000,0.000000,0.000000,0.000000,0.000000,0.000000,0.503108,0.863071,0.355884,-0.081632,0.065108,-0.255185,0.999970,0.006579,-0.002409,0.003234,-0.048811,0.017015,0.000743,0.244211,0.053247,-0.016520,-0.002719,-0.000204,-0.001035,0.155884,0.004779,0.014776,-0.255185,0.999970,0.006579,-0.002409,0.003234,-0.048811,0.017015,0.000743
0,75.778671,175,relative,26,4.450000,0.200000,0.503311,0.864105,0.200000,-0.086411,0.050331,0.000000,0.000000,0.000000,0.000000,0.000000,0.000000,0.000000,0.000000,0.503492,0.864373,0.289533,-0.086438,0.051211,-0.408299,0.999992,0.002225,-0.000887,0.003293,-0.038163,0.013708,0.000433,0.285540,0.171891,-0.056096,-0.002972,0.000181,0.000268,0.089533,-0.000027,0.000880,-0.408299,0.999992,0.002225,-0.000887,0.003293,-0.038163,0.013708,0.000433
0,75.778671,175,relative,27,4.650000,0.050000,0.503311,0.864105,0.200000,-0.086411,0.050331,0.000000,0.000000,0.000000,0.000000,0.000000,0.000000,0.000000,0.000000,0.503366,0.864197,0.223183,-0.087082,0.049174,-0.255195,0.999994,0.000125,-0.000084,0.003319,-0.003786,0.002487,0.000095,0.347563,0.030994,-0.016657,-0.001129,0.000055,0.000092,0.023183,-0.000671,-0.001157,-0.255195,0.999994,0.000125,-0.000084,0.003319,-0.003786,0.002487,0.000095
0,75.778671,175,relative,28,4.700000,0.050000,0.503311,0.864105,0.200000,-0.086411,0.050331,0.000000,0.000000,0.000000,0.000000,0.000000,0.000000,0.000000,0.000000,0.503337,0.864147,0.214252,-0.086903,0.049498,-0.102060,0.999994,0.000050,-0.000033,0.003321,-0.002236,0.001655,0.000063,0.264856,0.025445,-0.017061,-0.001106,0.000025,0.000042,0.014252,-0.000493,-0.000834,-0.102060,0.999994,0.000050,-0.000033,0.003321,-0.002236,0.001655,0.000063
0,75.778671,175,relative,29,4.750000,0.050000,0.503311,0.864105,0.200000,-0.086411,0.050331,0.000000,0.000000,0.000000,0.000000,0.000000,0.000000,0.000000,0.000000,0.503318,0.864115,0.209148,-0.086667,0.049903,-0.102087,0.999994,0.000010,-0.000002,0.003322,-0.000964,0.000801,0.000032,0.265721,0.019438,-0.016241,-0.001110,0.000006,0.000010,0.009148,-0.000256,-0.000428,-0.102087,0.999994,0.000010,-0.000002,0.003322,-0.000964,0.000801,0.000032
0,75.778671,175,relative,30,4.800000,0.100000,0.503311,0.864105,0.200000,-0.086411,0.050331,0.000000,0.000000,0.000000,0.000000,0.000000,0.000000,0.000000,0.000000,0.503311,0.864105,0.204083,-0.086411,0.050333,-0.100510,0.999994,-0.000002,0.000008,0.003323,0.000008,-0.000011,0.000000,0,0,0,0,-0.000000,-0.000000,0.004083,-0.000000,0.000002,-0.100510,0.999994,-0.000002,0.000008,0.003323,0.000008,-0.000011,0.000000
1,141.298137,324,relative,0,0.000000,0.195608,0.496382,0.868104,0.200000,-0.086810,0.049638,0.000000,0.000000,0.000000,0.000000,0.000000,0.000000,0.000000,0.000000,-0.000308,0.000017,1.992920,0.000638,-0.000298,-0.000217,1.000000,-0.000005,0.000181,0.000001,-0.000682,0.000000,0.000000,0.115998,-0.612209,0.274301,0.002391,-0.496690,-0.868087,1.792920,0.087448,-0.049936,-0.000217,1.000000,-0.000005,0.000181,0.000001,-0.000682,0.000000,0.000000
1,141.298137,324,relative,1,0.195608,0.200000,0.496382,0.868104,0.200000,-0.086810,0.049638,0.000000,0.000000,0.000000,0.000000,0.000000,0.000000,0.000000,0.000000,0.016994,-0.009420,1.887392,0.003382,0.004746,-1.078770,0.999978,-0.005928,0.002804,0.000015,-0.120435,0.053654,0.000266,0.290726,0.108722,-0.138957,0.004401,-0.479388,-0.877524,1.687392,0.090193,-0.044893,-1.078770,0.999978,-0.005928,0.002804,0.000015,-0.120435,0.053654,0.000266
1,141.298137,324,relative,2,0.395608,0.200000,0.496382,0.868104,0.200000,-0.086810,0.049638,0.000000,0.000000,0.000000,0.000000,0.000000,0.000000,0.000000,0.000000,0.037010,-0.014021,1.690738,0.026008,0.056384,-0.887982,0.999834,-0.016883,0.006780,0.000077,-0.098694,0.025854,0.000766,0.255971,0.123545,-0.052008,0.003271,-0.459372,-0.882125,1.490738,0.112819,0.006745,-0.887982,0.999834,-0.016883,0.006780,0.000077,-0.098694,0.025854,0.000766
1,141.298137,324,relative,3,0.595608,0.200000,0.496382,0.868104,0.200000,-0.086810,0.049638,0.000000,0.000000,0.000000,0.000000,0.000000,0.000000,0.000000,0.000000,0.062537,-0.004928,1.506375,0.056936,0.139273,-0.955900,0.999635,-0.025515,0.008845,0.000197,-0.073988,0.015440,0.001138,0.272235,0.224559,-0.076627,0.002778,-0.433846,-0.873032,1.306375,0.143747,0.089635,-0.955900,0.999635,-0.025515,0.008845,0.000197,-0.073988,0.015440,0.001138
1,141.298137,324,relative,4,0.795608,0.200000,0.496382,0.868104,0.200000,-0.086810,0.049638,0.000000,0.000000,0.000000,0.000000,0.000000,0.000000,0.000000,0.000000,0.095104,0.024303,1.320308,0.095639,0.255766,-0.904974,0.999483,-0.030665,0.009624,0.000353,-0.029077,0.000105,0.001454,0.277012,0.266389,-0.087765,0.002240,-0.401278,-0.843801,1.120308,0.182449,0.206128,-0.904974,0.999483,-0.030665,0.009624,0.000353,-0.029077,0.000105,0.001454
1,141.298137,324,relative,5,0.995608,0.200000,0.496382,0.868104,0.200000,-0.086810,0.049638,0.000000,0.000000,0.000000,0.000000,0.000000,0.000000,0.000000,0.000000,0.135578,0.078496,1.147871,0.134881,0.385613,-0.819396,0.999484,-0.030906,0.008762,0.000541,0.024203,-0.017449,0.001709,0.275343,0.243744,-0.076218,0.001720,-0.360805,-0.789608,0.947871,0.221691,0.335975,-0.819396,0.999484,-0.030906,0.008762,0.000541,0.024203,-0.017449,0.001709
1,141.298137,324,relative,6,1.195608,0.200000,0.496382,0.868104,0.200000,-0.086810,0.049638,0.000000,0.000000,0.000000,0.000000,0.000000,0.000000,0.000000,0.000000,0.183293,0.157973,0.991363,0.166950,0.505136,-0.745473,0.999641,-0.026048,0.006265,0.000757,0.072958,-0.032679,0.001904,0.261112,0.174758,-0.048684,0.001256,-0.313090,-0.710131,0.791363,0.253760,0.455497,-0.745473,0.999641,-0.026048,0.006265,0.000757,0.072958,-0.032679,0.001904
1,141.298137,324,relative,7,1.395608,0.200000,0.496382,0.868104,0.200000,-0.086810,0.049638,0.000000,0.000000,0.000000,0.000000,0.000000,0.000000,0.000000,0.000000,0.236108,0.258268,0.839262,0.185178,0.591257,-0.775263,0.999852,-0.017002,0.002525,0.000996,0.107921,-0.042388,0.002047,0.300873,0.079104,-0.013960,0.000928,-0.260274,-0.609836,0.639262,0.271989,0.541618,-0.775263,0.999852,-0.017002,0.002525,0.000996,0.107921,-0.042388,0.002047
1,141.298137,324,relative,8,1.595608,0.200000,0.496382,0.868104,0.200000,-0.086810,0.049638,0.000000,0.000000,0.000000,0.000000,0.000000,0.000000,0.000000,0.000000,0.291087,0.372681,0.710796,0.187752,0.643536,-0.509204,0.999983,-0.005414,-0.001836,0.001252,0.123756,-0.045143,0.002153,0.275958,-0.021967,0.021240,0.000663,-0.205296,-0.495423,0.510796,0.274563,0.593898,-0.509204,0.999983,-0.005414,-0.001836,0.001252,0.123756,-0.045143,0.002153
1,141.298137,324,relative,9,1.795608,0.196241,0.496382,0.868104,0.200000,-0.086810,0.049638,0.000000,0.000000,0.000000,0.000000,0.000000,0.000000,0.000000,0.000000,0.344749,0.492173,0.617159,0.172343,0.642372,-0.427197,0.999957,0.006748,-0.006119,0.001517,0.119377,-0.040855,0.002228,0.281195,-0.110644,0.050918,0.000427,-0.151633,-0.375931,0.417159,0.259154,0.592734,-0.427197,0.999957,0.006748,-0.006119,0.001517,0.119377,-0.040855,0.002228
1,141.298137,324,relative,10,1.991849,0.193471,0.496382,0.868104,0.200000,-0.086810,0.049638,0.000000,0.000000,0.000000,0.000000,0.000000,0.000000,0.000000,0.000000,0.392753,0.604453,0.544899,0.140902,0.593951,-0.309459,0.999801,0.017399,-0.009621,0.001780,0.097676,-0.030826,0.002276,0.265851,-0.175099,0.071351,0.000211,-0.103629,-0.263651,0.344899,0.227712,0.544312,-0.309459,0.999801,0.017399,-0.009621,0.001780,0.097676,-0.030826,0.002276
1,141.298137,324,relative,11,2.185320,0.195245,0.496382,0.868104,0.200000,-0.086810,0.049638,0.000000,0.000000,0.000000,0.000000,0.000000,0.000000,0.000000,0.000000,0.433047,0.702446,0.485514,0.100570,0.513365,-0.304673,0.999609,0.025210,-0.011923,0.002036,0.063807,-0.016995,0.002299,0.257632,-0.214030,0.081172,-0.000014,-0.063335,-0.165658,0.285514,0.187380,0.463727,-0.304673,0.999609,0.025210,-0.011923,0.002036,0.063807,-0.016995,0.002299
1,141.298137,324,relative,12,2.380565,0.193101,0.496382,0.868104,0.200000,-0.086810,0.049638,0.000000,0.000000,0.000000,0.000000,0.000000,0.000000,0.000000,0.000000,0.465259,0.783345,0.420598,0.055239,0.412008,-0.360450,0.999483,0.029396,-0.012804,0.002288,0.022022,-0.001132,0.002297,0.282867,-0.217335,0.078197,-0.000218,-0.031123,-0.084759,0.220598,0.142049,0.362369,-0.360450,0.999483,0.029396,-0.012804,0.002288,0.022022,-0.001132,0.002297
1,141.298137,324,relative,13,2.573666,0.180327,0.496382,0.868104,0.200000,-0.086810,0.049638,0.000000,0.000000,0.000000,0.000000,0.000000,0.000000,0.000000,0.000000,0.487843,0.841847,0.363012,0.005460,0.293124,-0.235974,0.999487,0.029492,-0.012191,0.002529,-0.019948,0.013969,0.002273,0.289298,-0.175682,0.059417,-0.000359,-0.008540,-0.026257,0.163012,0.092270,0.243486,-0.235974,0.999487,0.029492,-0.012191,0.002529,-0.019948,0.013969,0.002273
1,141.298137,324,relative,14,2.753993,0.178804,0.496382,0.868104,0.200000,-0.086810,0.049638,0.000000,0.000000,0.000000,0.000000,0.000000,0.000000,0.000000,0.000000,0.500515,0.875907,0.334836,-0.037420,0.185982,-0.076385,0.999597,0.026260,-0.010464,0.002744,-0.051634,0.024672,0.002237,0.267127,-0.109489,0.032812,-0.000460,0.004133,0.007803,0.134836,0.049390,0.136344,-0.076385,0.999597,0.026260,-0.010464,0.002744,-0.051634,0.024672,0.002237
1,141.298137,324,relative,15,2.932798,0.181357,0.496382,0.868104,0.200000,-0.086810,0.049638,0.000000,0.000000,0.000000,0.000000,0.000000,0.000000,0.000000,0.000000,0.506383,0.892646,0.322293,-0.069132,0.103772,-0.063734,0.999748,0.020761,-0.008018,0.002950,-0.071219,0.030521,0.002190,0.261704,-0.028936,0.002616,-0.000533,0.010001,0.024542,0.122293,0.017678,0.054133,-0.063734,0.999748,0.020761,-0.008018,0.002950,-0.071219,0.030521,0.002190
1,141.298137,324,relative,16,3.114155,0.184018,0.496382,0.868104,0.200000,-0.086810,0.049638,0.000000,0.000000,0.000000,0.000000,0.000000,0.000000,0.000000,0.000000,0.507426,0.896682,0.308680,-0.091384,0.043944,-0.086237,0.999882,0.014056,-0.005254,0.003150,-0.076476,0.030973,0.002135,0.266403,0.042337,-0.023032,-0.000586,0.011043,0.028578,0.108680,-0.004573,-0.005695,-0.086237,0.999882,0.014056,-0.005254,0.003150,-0.076476,0.030973,0.002135
1,141.298137,324,relative,17,3.298173,0.185011,0.496382,0.868104,0.200000,-0.086810,0.049638,0.000000,0.000000,0.000000,0.000000,0.000000,0.000000,0.000000,0.000000,0.505229,0.891845,0.293718,-0.104531,0.006815,-0.076275,0.999964,0.007369,-0.002625,0.003346,-0.068694,0.026713,0.002074,0.266648,0.090381,-0.039234,-0.000635,0.008847,0.023741,0.093718,-0.017721,-0.042823,-0.076275,0.999964,0.007369,-0.002625,0.003346,-0.068694,0.026713,0.002074
1,141.298137,324,relative,18,3.483184,0.185430,0.496382,0.868104,0.200000,-0.086810,0.049638,0.000000,0.000000,0.000000,0.000000,0.000000,0.000000,0.000000,0.000000,0.501411,0.882251,0.280722,-0.109081,-0.007840,-0.064183,0.999992,0.001780,-0.000510,0.003536,-0.051979,0.019437,0.002007,0.267209,0.110054,-0.044583,-0.000684,0.005029,0.014147,0.080722,-0.022271,-0.057479,-0.064183,0.999992,0.001780,-0.000510,0.003536,-0.051979,0.019437,0.002007
1,141.298137,324,relative,19,3.668614,0.185497,0.496382,0.868104,0.200000,-0.086810,0.049638,0.000000,0.000000,0.000000,0.000000,0.000000,0.000000,0.000000,0.000000,0.497375,0.871630,0.270309,-0.107228,-0.005062,-0.048123,0.999990,-0.002099,0.000894,0.003719,-0.031576,0.011159,0.001935,0.265297,0.104895,-0.040643,-0.000731,0.000992,0.003526,0.070309,-0.020417,-0.054700,-0.048123,0.999990,-0.002099,0.000894,0.003719,-0.031576,0.011159,0.001935
1,141.298137,324,relative,20,3.854111,0.185432,0.496382,0.868104,0.200000,-0.086810,0.049638,0.000000,0.000000,0.000000,0.000000,0.000000,0.000000,0.000000,0.000000,0.494067,0.862624,0.261651,-0.101646,0.008464,-0.045239,0.999983,-0.004128,0.001572,0.003895,-0.012120,0.003614,0.001858,0.265613,0.082050,-0.030459,-0.000770,-0.002315,-0.005480,0.061651,-0.014836,-0.041174,-0.045239,0.999983,-0.004128,0.001572,0.003895,-0.012120,0.003614,0.001858
1,141.298137,324,relative,21,4.039543,0.185220,0.496382,0.868104,0.200000,-0.086810,0.049638,0.000000,0.000000,0.000000,0.000000,0.000000,0.000000,0.000000,0.000000,0.491950,0.856623,0.253728,-0.094765,0.026350,-0.040218,0.999980,-0.004546,0.001644,0.004064,0.003094,-0.002035,0.001776,0.265309,0.051389,-0.017853,-0.000800,-0.004432,-0.011480,0.053728,-0.007955,-0.023288,-0.040218,0.999980,-0.004546,0.001644,0.004064,0.003094,-0.002035,0.001776
1,141.298137,324,relative,22,4.224763,0.184893,0.496382,0.868104,0.200000,-0.086810,0.049638,0.000000,0.000000,0.000000,0.000000,0.000000,0.000000,0.000000,0.000000,0.491081,0.853937,0.246550,-0.088448,0.043470,-0.037283,0.999983,-0.003817,0.001307,0.004225,0.012613,-0.005340,0.001692,0.265371,0.020875,-0.005979,-0.000822,-0.005302,-0.014167,0.046550,-0.001637,-0.006169,-0.037283,0.999983,-0.003817,0.001307,0.004225,0.012613,-0.005340,0.001692
1,141.298137,324,relative,23,4.409655,0.184405,0.496382,0.868104,0.200000,-0.086810,0.049638,0.000000,0.000000,0.000000,0.000000,0.000000,0.000000,0.000000,0.000000,0.491240,0.854088,0.239970,-0.083779,0.056625,-0.033896,0.999987,-0.002470,0.000768,0.004378,0.016474,-0.006442,0.001606,0.265531,-0.003452,0.002988,-0.000841,-0.005143,-0.014016,0.039970,0.003032,0.006987,-0.033896,0.999987,-0.002470,0.000768,0.004378,0.016474,-0.006442,0.001606
1,141.298137,324,relative,24,4.594061,0.183750,0.496382,0.868104,0.200000,-0.086810,0.049638,0.000000,0.000000,0.000000,0.000000,0.000000,0.000000,0.000000,0.000000,0.492073,0.856183,0.234134,-0.081138,0.064469,-0.029391,0.999989,-0.000978,0.000207,0.004522,0.015839,-0.005888,0.001518,0.265225,-0.019193,0.008189,-0.000858,-0.004309,-0.011921,0.034134,0.005672,0.014831,-0.029391,0.999989,-0.000978,0.000207,0.004522,0.015839,-0.005888,0.001518
1,141.298137,324,relative,25,4.777810,0.182898,0.496382,0.868104,0.200000,-0.086810,0.049638,0.000000,0.000000,0.000000,0.000000,0.000000,0.000000,0.000000,0.000000,0.493212,0.859227,0.228956,-0.080367,0.067158,-0.026973,0.999989,0.000317,-0.000259,0.004658,0.012313,-0.004380,0.001428,0.265539,-0.026036,0.009980,-0.000873,-0.003171,-0.008877,0.028956,0.006444,0.017520,-0.026973,0.999989,0.000317,-0.000259,0.004658,0.012313,-0.004380,0.001428
1,141.298137,324,relative,26,4.960708,0.181840,0.496382,0.868104,0.200000,-0.086810,0.049638,0.000000,0.000000,0.000000,0.000000,0.000000,0.000000,0.000000,0.000000,0.494350,0.862359,0.224437,-0.080989,0.065829,-0.022442,0.999988,0.001227,-0.000572,0.004784,0.007552,-0.002553,0.001337,0.264303,-0.026061,0.009345,-0.000886,-0.002032,-0.005745,0.024437,0.005821,0.016191,-0.022442,0.999988,0.001227,-0.000572,0.004784,0.007552,-0.002553,0.001337
1,141.298137,324,relative,27,5.142549,0.180511,0.496382,0.868104,0.200000,-0.086810,0.049638,0.000000,0.000000,0.000000,0.000000,0.000000,0.000000,0.000000,0.000000,0.495287,0.864986,0.220008,-0.082413,0.062060,-0.026272,0.999986,0.001699,-0.000725,0.004902,0.002813,-0.000853,0.001246,0.267552,-0.021612,0.007651,-0.000894,-0.001095,-0.003118,0.020008,0.004397,0.012421,-0.026272,0.999986,0.001699,-0.000725,0.004902,0.002813,-0.000853,0.001246
1,141.298137,324,relative,28,5.323060,0.179048,0.496382,0.868104,0.200000,-0.086810,0.049638,0.000000,0.000000,0.000000,0.000000,0.000000,0.000000,0.000000,0.000000,0.495926,0.866802,0.216882,-0.084141,0.057291,-0.008355,0.999986,0.001777,-0.000739,0.005010,-0.001088,0.000529,0.001154,0.260591,-0.016067,0.005821,-0.000899,-0.000457,-0.001302,0.016882,0.002670,0.007652,-0.008355,0.999986,0.001777,-0.000739,0.005010,-0.001088,0.000529,0.001154
1,141.298137,324,relative,29,5.502108,0.178064,0.496382,0.868104,0.200000,-0.086810,0.049638,0.000000,0.000000,0.000000,0.000000,0.000000,0.000000,0.000000,0.000000,0.496265,0.867777,0.212845,-0.085643,0.053009,-0.036741,0.999986,0.001550,-0.000646,0.005109,-0.003965,0.001570,0.001062,0.255210,-0.009859,0.004719,-0.000902,-0.000118,-0.000327,0.012845,0.001168,0.003371,-0.036741,0.999986,0.001550,-0.000646,0.005109,-0.003965,0.001570,0.001062
1,141.298137,324,relative,30,5.680172,0.100000,0.496382,0.868104,0.200000,-0.086810,0.049638,0.000000,0.000000,0.000000,0.000000,0.000000,0.000000,0.000000,0.000000,0.496375,0.868089,0.200630,-0.086638,0.050010,-0.100453,0.999986,0.001118,-0.000471,0.005200,-0.005721,0.002410,0.000971,0,0,0,0,-0.000007,-0.000015,0.000630,0.000173,0.000371,-0.100453,0.999986,0.001118,-0.000471,0.005200,-0.005721,0.002410,0.000971
2,35.813164,93,relative,0,0.000000,0.192930,0.484181,0.874968,0.200000,-0.087497,0.048418,0.000000,0.000000,0.000000,0.000000,0.000000,0.000000,0.000000,0.000000,-0.000274,-0.000005,1.986906,0.001115,0.000602,-0.215698,0.999998,-0.001685,0.000889,0.000001,-0.082221,0.039202,0.000000,0.154364,0.123449,-0.082684,0.004277,-0.484454,-0.874973,1.786906,0.088612,-0.047816,-0.215698,0.999998,-0.001685,0.000889,0.000001,-0.082221,0.039202,0.000000
2,35.813164,93,relative,1,0.192930,0.193918,0.484181,0.874968,0.200000,-0.087497,0.048418,0.000000,0.000000,0.000000,0.000000,0.000000,0.000000,0.000000,0.000000,0.017342,-0.008187,1.869116,0.007615,0.013910,-1.005406,0.999957,-0.008467,0.003901,0.000025,-0.058405,0.023247,0.000469,0.255204,0.030930,-0.039799,0.003556,-0.466838,-0.883155,1.669116,0.095111,-0.034508,-1.005406,0.999957,-0.008467,0.003901,0.000025,-0.058405,0.023247,0.000469
2,35.813164,93,relative,2,0.386848,0.193913,0.484181,0.874968,0.200000,-0.087497,0.048418,0.000000,0.000000,0.000000,0.000000,0.000000,0.000000,0.000000,0.000000,0.037508,-0.011051,1.667372,0.026524,0.056667,-1.075390,0.999888,-0.013839,0.005781,0.000095,-0.052409,0.015524,0.000861,0.272072,0.022083,-0.027975,0.002844,-0.446672,-0.886019,1.467372,0.114021,0.008249,-1.075390,0.999888,-0.013839,0.005781,0.000095,-0.052409,0.015524,0.000861
2,35.813164,93,relative,3,0.580760,0.193677,0.484181,0.874968,0.200000,-0.087497,0.048418,0.000000,0.000000,0.000000,0.000000,0.000000,0.000000,0.000000,0.000000,0.062072,-0.003415,1.463749,0.052640,0.122096,-1.024878,0.999800,-0.018711,0.007023,0.000205,-0.048129,0.010092,0.001175,0.273789,0.077705,-0.040664,0.002236,-0.422108,-0.878383,1.263749,0.140137,0.073678,-1.024878,0.999800,-0.018711,0.007023,0.000205,-0.048129,0.010092,0.001175
2,35.813164,93,relative,4,0.774437,0.193333,0.484181,0.874968,0.200000,-0.087497,0.048418,0.000000,0.000000,0.000000,0.000000,0.000000,0.000000,0.000000,0.000000,0.092073,0.018679,1.271274,0.082557,0.205471,-0.962821,0.999715,-0.022642,0.007620,0.000348,-0.033080,0.002209,0.001421,0.276657,0.144442,-0.057665,0.001731,-0.392108,-0.856289,1.071274,0.170054,0.157053,-0.962821,0.999715,-0.022642,0.007620,0.000348,-0.033080,0.002209,0.001421
2,35.813164,93,relative,5,0.967770,0.192895,0.484181,0.874968,0.200000,-0.087497,0.048418,0.000000,0.000000,0.000000,0.000000,0.000000,0.000000,0.000000,0.000000,0.127948,0.058198,1.093054,0.113351,0.301402,-0.880889,0.999673,-0.024488,0.007298,0.000516,-0.005154,-0.008944,0.001611,0.278057,0.186996,-0.065806,0.001302,-0.356233,-0.816770,0.893054,0.200848,0.252984,-0.880889,0.999673,-0.024488,0.007298,0.000516,-0.005154,-0.008944,0.001611
2,35.813164,93,relative,6,1.160665,0.192379,0.484181,0.874968,0.200000,-0.087497,0.048418,0.000000,0.000000,0.000000,0.000000,0.000000,0.000000,0.000000,0.000000,0.169422,0.116494,0.931975,0.140696,0.399047,-0.789175,0.999713,-0.023244,0.005828,0.000706,0.030920,-0.021635,0.001754,0.282070,0.178552,-0.055537,0.000916,-0.314759,-0.758474,0.731975,0.228193,0.350629,-0.789175,0.999713,-0.023244,0.005828,0.000706,0.030920,-0.021635,0.001754
2,35.813164,93,relative,7,1.353045,0.191836,0.484181,0.874968,0.200000,-0.087497,0.048418,0.000000,0.000000,0.000000,0.000000,0.000000,0.000000,0.000000,0.000000,0.215357,0.192607,0.791745,0.160126,0.485961,-0.668527,0.999821,-0.018615,0.003242,0.000913,0.065277,-0.032306,0.001854,0.284498,0.119437,-0.028068,0.000549,-0.268824,-0.682361,0.591745,0.247623,0.437543,-0.668527,0.999821,-0.018615,0.003242,0.000913,0.065277,-0.032306,0.001854
2,35.813164,93,relative,8,1.544880,0.191347,0.484181,0.874968,0.200000,-0.087497,0.048418,0.000000,0.000000,0.000000,0.000000,0.000000,0.000000,0.000000,0.000000,0.263784,0.283042,0.676768,0.167508,0.548753,-0.530023,0.999936,-0.011252,-0.000104,0.001133,0.088199,-0.037670,0.001914,0.283931,0.036210,0.005535,0.000195,-0.220397,-0.591926,0.476768,0.255005,0.500335,-0.530023,0.999936,-0.011252,-0.000104,0.001133,0.088199,-0.037670,0.001914
2,35.813164,93,relative,9,1.736227,0.190930,0.484181,0.874968,0.200000,-0.087497,0.048418,0.000000,0.000000,0.000000,0.000000,0.000000,0.000000,0.000000,0.000000,0.312166,0.382166,0.588244,0.160826,0.578267,-0.395174,0.999989,-0.002478,-0.003643,0.001359,0.095138,-0.036585,0.001935,0.281055,-0.040902,0.033880,-0.000138,-0.172015,-0.492802,0.388244,0.248323,0.529848,-0.395174,0.999989,-0.002478,-0.003643,0.001359,0.095138,-0.036585,0.001935
2,35.813164,93,relative,10,1.927157,0.190547,0.484181,0.874968,0.200000,-0.087497,0.048418,0.000000,0.000000,0.000000,0.000000,0.000000,0.000000,0.000000,0.000000,0.357863,0.483301,0.523710,0.140775,0.572191,-0.280875,0.999956,0.006236,-0.006813,0.001583,0.087338,-0.030091,0.001920,0.278041,-0.096541,0.051855,-0.000432,-0.126317,-0.391667,0.323710,0.228272,0.523773,-0.280875,0.999956,0.006236,-0.006813,0.001583,0.087338,-0.030091,0.001920
2,35.813164,93,relative,11,2.117703,0.190042,0.484181,0.874968,0.200000,-0.087497,0.048418,0.000000,0.000000,0.000000,0.000000,0.000000,0.000000,0.000000,0.000000,0.398579,0.579945,0.478992,0.110044,0.534151,-0.188604,0.999862,0.013683,-0.009198,0.001800,0.068950,-0.020188,0.001873,0.271896,-0.127420,0.059064,-0.000671,-0.085601,-0.295023,0.278992,0.197541,0.485733,-0.188604,0.999862,0.013683,-0.009198,0.001800,0.068950,-0.020188,0.001873
2,35.813164,93,relative,12,2.307745,0.189905,0.484181,0.874968,0.200000,-0.087497,0.048418,0.000000,0.000000,0.000000,0.000000,0.000000,0.000000,0.000000,0.000000,0.432675,0.666706,0.447724,0.072915,0.472312,-0.140596,0.999760,0.019084,-0.010574,0.002005,0.044738,-0.008949,0.001801,0.263951,-0.136419,0.057482,-0.000848,-0.051506,-0.208262,0.247724,0.160412,0.423894,-0.140596,0.999760,0.019084,-0.010574,0.002005,0.044738,-0.008949,0.001801
2,35.813164,93,relative,13,2.497650,0.189764,0.484181,0.874968,0.200000,-0.087497,0.048418,0.000000,0.000000,0.000000,0.000000,0.000000,0.000000,0.000000,0.000000,0.459444,0.740202,0.420224,0.033818,0.396691,-0.149103,0.999694,0.022100,-0.010902,0.002198,0.018832,0.001976,0.001709,0.267752,-0.127642,0.049250,-0.000963,-0.024737,-0.134766,0.220224,0.121314,0.348272,-0.149103,0.999694,0.022100,-0.010902,0.002198,0.018832,0.001976,0.001709
2,35.813164,93,relative,14,2.687415,0.189626,0.484181,0.874968,0.200000,-0.087497,0.048418,0.000000,0.000000,0.000000,0.000000,0.000000,0.000000,0.000000,0.000000,0.478727,0.798407,0.393629,-0.005182,0.313193,-0.131197,0.999686,0.022734,-0.010274,0.002376,-0.005391,0.011323,0.001606,0.266792,-0.105491,0.036552,-0.001019,-0.005454,-0.076561,0.193629,0.082314,0.264775,-0.131197,0.999686,0.022734,-0.010274,0.002376,-0.005391,0.011323,0.001606
2,35.813164,93,relative,15,2.877041,0.189539,0.484181,0.874968,0.200000,-0.087497,0.048418,0.000000,0.000000,0.000000,0.000000,0.000000,0.000000,0.000000,0.000000,0.490939,0.840806,0.369818,-0.040140,0.231743,-0.119884,0.999731,0.021270,-0.008879,0.002541,-0.025398,0.018251,0.001496,0.260840,-0.074975,0.021533,-0.001024,0.006758,-0.034162,0.169818,0.047357,0.183324,-0.119884,0.999731,0.021270,-0.008879,0.002541,-0.025398,0.018251,0.001496
2,35.813164,93,relative,16,3.066580,0.189471,0.484181,0.874968,0.200000,-0.087497,0.048418,0.000000,0.000000,0.000000,0.000000,0.000000,0.000000,0.000000,0.000000,0.497150,0.868641,0.344247,-0.068158,0.160685,-0.149852,0.999807,0.018184,-0.006967,0.002691,-0.039613,0.022325,0.001385,0.262194,-0.039871,0.005434,-0.000990,0.012969,-0.006327,0.144247,0.019339,0.112267,-0.149852,0.999807,0.018184,-0.006967,0.002691,-0.039613,0.022325,0.001385
2,35.813164,93,relative,17,3.256051,0.189309,0.484181,0.874968,0.200000,-0.087497,0.048418,0.000000,0.000000,0.000000,0.000000,0.000000,0.000000,0.000000,0.000000,0.498735,0.884182,0.313962,-0.088786,0.102732,-0.169726,0.999885,0.014067,-0.004818,0.002828,-0.047172,0.023347,0.001279,0.261384,-0.004454,-0.009481,-0.000930,0.014555,0.009214,0.113962,-0.001289,0.054314,-0.169726,0.999885,0.014067,-0.004818,0.002828,-0.047172,0.023347,0.001279
2,35.813164,93,relative,18,3.445360,0.188941,0.484181,0.874968,0.200000,-0.087497,0.048418,0.000000,0.000000,0.000000,0.000000,0.000000,0.000000,0.000000,0.000000,0.497168,0.890256,0.279457,-0.101483,0.061033,-0.194739,0.999946,0.009556,-0.002708,0.002952,-0.048019,0.021543,0.001179,0.263215,0.027993,-0.021953,-0.000853,0.012987,0.015288,0.079457,-0.013986,0.012615,-0.194739,0.999946,0.009556,-0.002708,0.002952,-0.048019,0.021543,0.001179
2,35.813164,93,relative,19,3.634301,0.188036,0.484181,0.874968,0.200000,-0.087497,0.048418,0.000000,0.000000,0.000000,0.000000,0.000000,0.000000,0.000000,0.000000,0.493901,0.889981,0.241544,-0.106979,0.035524,-0.206539,0.999981,0.005264,-0.000883,0.003065,-0.042733,0.017388,0.001087,0.285823,0.053773,-0.030647,-0.000769,0.009720,0.015013,0.041544,-0.019482,-0.012894,-0.206539,0.999981,0.005264,-0.000883,0.003065,-0.042733,0.017388,0.001087
2,35.813164,93,relative,20,3.822337,0.185890,0.484181,0.874968,0.200000,-0.087497,0.048418,0.000000,0.000000,0.000000,0.000000,0.000000,0.000000,0.000000,0.000000,0.490183,0.886212,0.216420,-0.106670,0.023587,-0.060664,0.999993,0.001717,0.000470,0.003168,-0.032624,0.011620,0.001005,0.276910,0.071017,-0.035411,-0.000676,0.006002,0.011244,0.016420,-0.019173,-0.024831,-0.060664,0.999993,0.001717,0.000470,0.003168,-0.032624,0.011620,0.001005
2,35.813164,93,relative,21,4.008226,0.183210,0.484181,0.874968,0.200000,-0.087497,0.048418,0.000000,0.000000,0.000000,0.000000,0.000000,0.000000,0.000000,0.000000,0.486979,0.881462,0.212847,-0.102320,0.023684,0.022222,0.999994,-0.000704,0.001236,0.003261,-0.019424,0.005034,0.000933,0.259314,0.070458,-0.031706,-0.000582,0.002798,0.006494,0.012847,-0.014824,-0.024734,0.022222,0.999994,-0.000704,0.001236,0.003261,-0.019424,0.005034,0.000933
2,35.813164,93,relative,22,4.191437,0.178765,0.484181,0.874968,0.200000,-0.087497,0.048418,0.000000,0.000000,0.000000,0.000000,0.000000,0.000000,0.000000,0.000000,0.484776,0.877466,0.213464,-0.096610,0.030219,-0.015494,0.999992,-0.001893,0.001427,0.003345,-0.006515,-0.000777,0.000873,0.267190,0.055301,-0.021987,-0.000487,0.000595,0.002498,0.013464,-0.009113,-0.018199,-0.015494,0.999992,-0.001893,0.001427,0.003345,-0.006515,-0.000777,0.000873
2,35.813164,93,relative,23,4.370201,0.174016,0.484181,0.874968,0.200000,-0.087497,0.048418,0.000000,0.000000,0.000000,0.000000,0.000000,0.000000,0.000000,0.000000,0.483657,0.874990,0.212065,-0.091051,0.039003,-0.000154,0.999991,-0.002032,0.001181,0.003421,0.003371,-0.004708,0.000823,0.263441,0.035207,-0.011143,-0.000393,-0.000524,0.000022,0.012065,-0.003555,-0.009415,-0.000154,0.999991,-0.002032,0.001181,0.003421,0.003371,-0.004708,0.000823
2,35.813164,93,relative,24,4.544218,0.168136,0.484181,0.874968,0.200000,-0.087497,0.048418,0.000000,0.000000,0.000000,0.000000,0.000000,0.000000,0.000000,0.000000,0.483414,0.874044,0.211236,-0.087006,0.046636,-0.009376,0.999993,-0.001471,0.000690,0.003491,0.009498,-0.006646,0.000784,0.265616,0.013766,-0.000940,-0.000302,-0.000767,-0.000924,0.011236,0.000491,-0.001782,-0.009376,0.999993,-0.001471,0.000690,0.003491,0.009498,-0.006646,0.000784
2,35.813164,93,relative,25,4.712354,0.163197,0.484181,0.874968,0.200000,-0.087497,0.048418,0.000000,0.000000,0.000000,0.000000,0.000000,0.000000,0.000000,0.000000,0.483704,0.874198,0.210049,-0.084849,0.051545,-0.004733,0.999994,-0.000573,0.000128,0.003556,0.011813,-0.006803,0.000755,0.263430,-0.003510,0.006407,-0.000220,-0.000477,-0.000770,0.010049,0.002648,0.003127,-0.004733,0.999994,-0.000573,0.000128,0.003556,0.011813,-0.006803,0.000755
2,35.813164,93,relative,26,4.875551,0.159401,0.484181,0.874968,0.200000,-0.087497,0.048418,0.000000,0.000000,0.000000,0.000000,0.000000,0.000000,0.000000,0.000000,0.484187,0.874891,0.208567,-0.084487,0.053283,-0.013436,0.999993,0.000370,-0.000382,0.003617,0.011241,-0.005756,0.000735,0.266477,-0.012816,0.009451,-0.000148,0.000007,-0.000077,0.008567,0.003010,0.004865,-0.013436,0.999993,0.000370,-0.000382,0.003617,0.011241,-0.005756,0.000735
2,35.813164,93,relative,27,5.034952,0.158154,0.484181,0.874968,0.200000,-0.087497,0.048418,0.000000,0.000000,0.000000,0.000000,0.000000,0.000000,0.000000,0.000000,0.484598,0.875613,0.207181,-0.085560,0.052182,-0.003950,0.999992,0.001185,-0.000777,0.003676,0.009198,-0.004249,0.000722,0.262539,-0.012809,0.008605,-0.000083,0.000417,0.000645,0.007181,0.001936,0.003763,-0.003950,0.999992,0.001185,-0.000777,0.003676,0.009198,-0.004249,0.000722
2,35.813164,93,relative,28,5.193106,0.158154,0.484181,0.874968,0.200000,-0.087497,0.048418,0.000000,0.000000,0.000000,0.000000,0.000000,0.000000,0.000000,0.000000,0.484752,0.875973,0.205476,-0.087626,0.048870,-0.017613,0.999991,0.001834,-0.001057,0.003732,0.007173,-0.002887,0.000714,0.268291,-0.003783,0.003998,-0.000039,0.000572,0.001005,0.005476,-0.000129,0.000452,-0.017613,0.999991,0.001834,-0.001057,0.003732,0.007173,-0.002887,0.000714
2,35.813164,93,relative,29,5.351260,0.153728,0.484181,0.874968,0.200000,-0.087497,0.048418,0.000000,0.000000,0.000000,0.000000,0.000000,0.000000,0.000000,0.000000,0.484514,0.875651,0.204274,-0.090487,0.043609,0.002407,0.999989,0.002378,-0.001258,0.003789,0.006575,-0.002254,0.000711,0.246996,0.005639,-0.000592,-0.000013,0.000333,0.000683,0.004274,-0.002990,-0.004809,0.002407,0.999989,0.002378,-0.001258,0.003789,0.006575,-0.002254,0.000711
2,35.813164,93,relative,30,5.504988,0.100000,0.484181,0.874968,0.200000,-0.087497,0.048418,0.000000,0.000000,0.000000,0.000000,0.000000,0.000000,0.000000,0.000000,0.483829,0.874462,0.196820,-0.093498,0.037509,-0.099387,0.999987,0.002917,-0.001433,0.003844,0.007442,-0.002345,0.000709,0,0,0,0,-0.000352,-0.000506,-0.003180,-0.006001,-0.010909,-0.099387,0.999987,0.002917,-0.001433,0.003844,0.007442,-0.002345,0.000709
3,96.184156,214,relative,0,0.000000,0.200000,0.481555,0.876416,0.200000,-0.087642,0.048155,0.000000,0.000000,0.000000,0.000000,0.000000,0.000000,0.000000,0.000000,-0.000257,0.000015,1.970513,0.002115,0.002840,-0.454346,0.999996,-0.002528,0.001239,0.000001,-0.011198,-0.000073,0.000000,0.275257,-0.264160,0.101974,0.000794,-0.481812,-0.876401,1.770513,0.089757,-0.045315,-0.454346,0.999996,-0.002528,0.001239,0.000001,-0.011198,-0.000073,0.000000
3,96.184156,214,relative,1,0.200000,0.200000,0.481555,0.876416,0.200000,-0.087642,0.048155,0.000000,0.000000,0.000000,0.000000,0.000000,0.000000,0.000000,0.000000,0.018364,-0.007510,1.887332,0.009500,0.020774,-0.377488,0.999978,-0.006289,0.002251,0.000007,-0.064030,0.020321,0.000090,0.264928,-0.064008,0.031398,0.000692,-0.463190,-0.883926,1.687332,0.097142,-0.027382,-0.377488,0.999978,-0.006289,0.002251,0.000007,-0.064030,0.020321,0.000090
3,96.184156,214,relative,2,0.400000,0.200000,0.481555,0.876416,0.200000,-0.087642,0.048155,0.000000,0.000000,0.000000,0.000000,0.000000,0.000000,0.000000,0.000000,0.039059,-0.009464,1.811844,0.023695,0.060610,-0.377488,0.999901,-0.013332,0.004597,0.000021,-0.076832,0.026599,0.000169,0.265041,0.073370,-0.022250,0.000496,-0.442496,-0.885880,1.611844,0.111337,0.012454,-0.377488,0.999901,-0.013332,0.004597,0.000021,-0.076832,0.026599,0.000169
3,96.184156,214,relative,3,0.600000,0.200000,0.481555,0.876416,0.200000,-0.087642,0.048155,0.000000,0.000000,0.000000,0.000000,0.000000,0.000000,0.000000,0.000000,0.063561,-0.000606,1.736363,0.047633,0.128821,-0.377497,0.999770,-0.020280,0.007034,0.000040,-0.062159,0.022147,0.000225,0.265180,0.156925,-0.059143,0.000329,-0.417994,-0.877022,1.536363,0.135274,0.080666,-0.377497,0.999770,-0.020280,0.007034,0.000040,-0.062159,0.022147,0.000225
3,96.184156,214,relative,4,0.800000,0.200000,0.481555,0.876416,0.200000,-0.087642,0.048155,0.000000,0.000000,0.000000,0.000000,0.000000,0.000000,0.000000,0.000000,0.093725,0.024378,1.660878,0.079791,0.220373,-0.377507,0.999652,-0.024925,0.008657,0.000064,-0.030775,0.010317,0.000263,0.265265,0.198715,-0.080646,0.000158,-0.387830,-0.852038,1.460878,0.167432,0.172218,-0.377507,0.999652,-0.024925,0.008657,0.000064,-0.030775,0.010317,0.000263
3,96.184156,214,relative,5,1.000000,0.200000,0.481555,0.876416,0.200000,-0.087642,0.048155,0.000000,0.000000,0.000000,0.000000,0.000000,0.000000,0.000000,0.000000,0.130790,0.069062,1.585380,0.115725,0.323486,-0.377512,0.999622,-0.026015,0.008883,0.000096,0.008968,-0.005813,0.000281,0.265237,0.198985,-0.084207,-0.000060,-0.350765,-0.807354,1.385380,0.203367,0.275330,-0.377512,0.999622,-0.026015,0.008883,0.000096,0.008968,-0.005813,0.000281
3,96.184156,214,relative,6,1.200000,0.200000,0.481555,0.876416,0.200000,-0.087642,0.048155,0.000000,0.000000,0.000000,0.000000,0.000000,0.000000,0.000000,0.000000,0.174917,0.134274,1.509867,0.149328,0.423065,-0.377507,0.999705,-0.023129,0.007461,0.000135,0.048766,-0.022653,0.000274,0.265110,0.151912,-0.066798,-0.000304,-0.306638,-0.742142,1.309867,0.236969,0.374909,-0.377507,0.999705,-0.023129,0.007461,0.000135,0.048766,-0.022653,0.000274
3,96.184156,214,relative,7,1.400000,0.200000,0.481555,0.876416,0.200000,-0.087642,0.048155,0.000000,0.000000,0.000000,0.000000,0.000000,0.000000,0.000000,0.000000,0.224996,0.217776,1.434348,0.174257,0.504079,-0.377496,0.999850,-0.016734,0.004530,0.000181,0.079149,-0.036010,0.000239,0.264962,0.075825,-0.035424,-0.000526,-0.256559,-0.658640,1.234348,0.261899,0.455924,-0.377496,0.999850,-0.016734,0.004530,0.000181,0.079149,-0.036010,0.000239
3,96.184156,214,relative,8,1.600000,0.200000,0.481555,0.876416,0.200000,-0.087642,0.048155,0.000000,0.000000,0.000000,0.000000,0.000000,0.000000,0.000000,0.000000,0.278754,0.314619,1.358835,0.185465,0.554989,-0.377487,0.999967,-0.008060,0.000577,0.000228,0.094316,-0.043092,0.000179,0.264882,-0.006601,0.000120,-0.000637,-0.202800,-0.561797,1.158835,0.273106,0.506834,-0.377487,0.999967,-0.008060,0.000577,0.000228,0.094316,-0.043092,0.000179
3,96.184156,214,relative,9,1.800000,0.200000,0.481555,0.876416,0.200000,-0.087642,0.048155,0.000000,0.000000,0.000000,0.000000,0.000000,0.000000,0.000000,0.000000,0.333135,0.418095,1.283334,0.180241,0.569950,-0.377485,0.999992,0.001306,-0.003728,0.000272,0.092996,-0.043066,0.000107,0.264908,-0.075850,0.031747,-0.000612,-0.148420,-0.458321,1.083334,0.267883,0.521794,-0.377485,0.999992,0.001306,-0.003728,0.000272,0.092996,-0.043066,0.000107
3,96.184156,214,relative,10,2.000000,0.200000,0.481555,0.876416,0.200000,-0.087642,0.048155,0.000000,0.000000,0.000000,0.000000,0.000000,0.000000,0.000000,0.000000,0.384803,0.520948,1.207846,0.158549,0.549313,-0.377490,0.999922,0.009848,-0.007715,0.000306,0.077827,-0.036716,0.000037,0.265012,-0.121153,0.055316,-0.000482,-0.096752,-0.355467,1.007846,0.246191,0.501158,-0.377490,0.999922,0.009848,-0.007715,0.000306,0.077827,-0.036716,0.000037
3,96.184156,214,relative,11,2.200000,0.200000,0.481555,0.876416,0.200000,-0.087642,0.048155,0.000000,0.000000,0.000000,0.000000,0.000000,0.000000,0.000000,0.000000,0.430666,0.616549,1.132362,0.122767,0.498704,-0.377498,0.999806,0.016419,-0.010831,0.000327,0.053596,-0.025652,-0.000017,0.265129,-0.137011,0.068433,-0.000299,-0.050889,-0.259867,0.932362,0.210408,0.450549,-0.377498,0.999806,0.016419,-0.010831,0.000327,0.053596,-0.025652,-0.000017
3,96.184156,214,relative,12,2.400000,0.200000,0.481555,0.876416,0.200000,-0.087642,0.048155,0.000000,0.000000,0.000000,0.000000,0.000000,0.000000,0.000000,0.000000,0.468303,0.699773,1.056874,0.077086,0.427236,-0.377503,0.999711,0.020409,-0.012710,0.000336,0.026194,-0.011966,-0.000051,0.265201,-0.127722,0.071638,-0.000117,-0.013252,-0.176643,0.856874,0.164728,0.379080,-0.377503,0.999711,0.020409,-0.012710,0.000336,0.026194,-0.011966,-0.000051
3,96.184156,214,relative,13,2.600000,0.200000,0.481555,0.876416,0.200000,-0.087642,0.048155,0.000000,0.000000,0.000000,0.000000,0.000000,0.000000,0.000000,0.000000,0.496246,0.767487,0.981378,0.026747,0.345342,-0.377505,0.999676,0.021751,-0.013189,0.000337,0.000649,0.002362,-0.000065,0.265202,-0.099706,0.064868,0.000042,0.014691,-0.108929,0.781378,0.114389,0.297186,-0.377505,0.999676,0.021751,-0.013189,0.000337,0.000649,0.002362,-0.000065
3,96.184156,214,relative,14,2.800000,0.200000,0.481555,0.876416,0.200000,-0.087642,0.048155,0.000000,0.000000,0.000000,0.000000,0.000000,0.000000,0.000000,0.000000,0.514116,0.818612,0.905873,-0.022752,0.262826,-0.377503,0.999707,0.020818,-0.012305,0.000338,-0.019292,0.015335,-0.000060,0.265144,-0.071269,0.051498,0.000197,0.032561,-0.057804,0.705873,0.064890,0.214670,-0.377503,0.999707,0.020818,-0.012305,0.000338,-0.019292,0.015335,-0.000060
3,96.184156,214,relative,15,3.000000,0.200000,0.481555,0.876416,0.200000,-0.087642,0.048155,0.000000,0.000000,0.000000,0.000000,0.000000,0.000000,0.000000,0.000000,0.522595,0.853844,0.830363,-0.066402,0.187529,-0.377499,0.999782,0.018177,-0.010258,0.000343,-0.033545,0.025635,-0.000037,0.265055,-0.043171,0.030310,0.000340,0.041040,-0.022572,0.630363,0.021240,0.139374,-0.377499,0.999782,0.018177,-0.010258,0.000343,-0.033545,0.025635,-0.000037
3,96.184156,214,relative,16,3.200000,0.200000,0.481555,0.876416,0.200000,-0.087642,0.048155,0.000000,0.000000,0.000000,0.000000,0.000000,0.000000,0.000000,0.000000,0.523269,0.875223,0.754853,-0.100263,0.125058,-0.377496,0.999869,0.014390,-0.007393,0.000355,-0.042179,0.031697,0.000001,0.264969,-0.007991,0.002230,0.000384,0.041714,-0.001192,0.554853,-0.012622,0.076903,-0.377496,0.999869,0.014390,-0.007393,0.000355,-0.042179,0.031697,0.000001
3,96.184156,214,relative,17,3.400000,0.200000,0.481555,0.876416,0.200000,-0.087642,0.048155,0.000000,0.000000,0.000000,0.000000,0.000000,0.000000,0.000000,0.000000,0.518357,0.885687,0.679344,-0.122054,0.078704,-0.377494,0.999940,0.010091,-0.004203,0.000371,-0.043778,0.032143,0.000045,0.264909,0.026464,-0.024948,0.000312,0.036802,0.009271,0.479344,-0.034413,0.030549,-0.377494,0.999940,0.010091,-0.004203,0.000371,-0.043778,0.032143,0.000045
3,96.184156,214,relative,18,3.600000,0.200000,0.481555,0.876416,0.200000,-0.087642,0.048155,0.000000,0.000000,0.000000,0.000000,0.000000,0.000000,0.000000,0.000000,0.510327,0.888567,0.603840,-0.131596,0.049096,-0.377494,0.999981,0.005977,-0.001240,0.000390,-0.038485,0.027153,0.000080,0.264880,0.048687,-0.043781,0.000176,0.028772,0.012151,0.403840,-0.043954,0.000940,-0.377494,0.999981,0.005977,-0.001240,0.000390,-0.038485,0.027153,0.000080
3,96.184156,214,relative,19,3.800000,0.200000,0.481555,0.876416,0.200000,-0.087642,0.048155,0.000000,0.000000,0.000000,0.000000,0.000000,0.000000,0.000000,0.000000,0.501473,0.887057,0.528339,-0.130739,0.034309,-0.377495,0.999996,0.002615,0.001036,0.000409,-0.028748,0.018396,0.000100,0.264873,0.058287,-0.051907,0.000004,0.019918,0.010641,0.328339,-0.043098,-0.013846,-0.377495,0.999996,0.002615,0.001036,0.000409,-0.028748,0.018396,0.000100
3,96.184156,214,relative,20,4.000000,0.200000,0.481555,0.876416,0.200000,-0.087642,0.048155,0.000000,0.000000,0.000000,0.000000,0.000000,0.000000,0.000000,0.000000,0.493563,0.883775,0.452840,-0.122780,0.030684,-0.377497,0.999997,0.000322,0.002356,0.000425,-0.017091,0.008014,0.000101,0.264874,0.056188,-0.048485,-0.000172,0.012008,0.007359,0.252840,-0.035138,-0.017472,-0.377497,0.999997,0.000322,0.002356,0.000425,-0.017091,0.008014,0.000101
3,96.184156,214,relative,21,4.200000,0.200000,0.481555,0.876416,0.200000,-0.087642,0.048155,0.000000,0.000000,0.000000,0.000000,0.000000,0.000000,0.000000,0.000000,0.487629,0.880517,0.377341,-0.111636,0.033795,-0.377497,0.999996,-0.000825,0.002672,0.000437,-0.005854,-0.001683,0.000081,0.264874,0.043329,-0.033743,-0.000326,0.006074,0.004101,0.177341,-0.023995,-0.014360,-0.377497,0.999996,-0.000825,0.002672,0.000437,-0.005854,-0.001683,0.000081
3,96.184156,214,relative,22,4.400000,0.200000,0.481555,0.876416,0.200000,-0.087642,0.048155,0.000000,0.000000,0.000000,0.000000,0.000000,0.000000,0.000000,0.000000,0.483931,0.878192,0.301841,-0.100962,0.039371,-0.377497,0.999997,-0.000977,0.002166,0.000444,0.002812,-0.008432,0.000044,0.283983,0.020487,-0.009067,-0.000438,0.002376,0.001776,0.101841,-0.013321,-0.008784,-0.377497,0.999997,-0.000977,0.002166,0.000444,0.002812,-0.008432,0.000044
3,96.184156,214,relative,23,4.600000,0.050000,0.481555,0.876416,0.200000,-0.087642,0.048155,0.000000,0.000000,0.000000,0.000000,0.000000,0.000000,0.000000,0.000000,0.482149,0.876968,0.240498,-0.092788,0.044358,-0.235935,0.999999,-0.000490,0.001232,0.000446,0.006910,-0.010245,-0.000006,0.341313,0.004245,-0.004253,-0.000149,0.000595,0.000552,0.040498,-0.005147,-0.003798,-0.235935,0.999999,-0.000490,0.001232,0.000446,0.006910,-0.010245,-0.000006
3,96.184156,214,relative,24,4.650000,0.050000,0.481555,0.876416,0.200000,-0.087642,0.048155,0.000000,0.000000,0.000000,0.000000,0.000000,0.000000,0.000000,0.000000,0.481934,0.876803,0.232240,-0.091153,0.045306,-0.094376,0.999999,-0.000315,0.000974,0.000446,0.007122,-0.010458,-0.000010,0.264872,-0.020822,0.006610,-0.000052,0.000380,0.000387,0.032240,-0.003511,-0.002849,-0.094376,0.999999,-0.000315,0.000974,0.000446,0.007122,-0.010458,-0.000010
3,96.184156,214,relative,25,4.700000,0.050000,0.481555,0.876416,0.200000,-0.087642,0.048155,0.000000,0.000000,0.000000,0.000000,0.000000,0.000000,0.000000,0.000000,0.481787,0.876678,0.227521,-0.090084,0.045971,-0.094372,1.000000,-0.000150,0.000716,0.000445,0.006081,-0.010127,-0.000011,0.264868,-0.046430,0.023116,-0.000004,0.000232,0.000262,0.027521,-0.002442,-0.002185,-0.094372,1.000000,-0.000150,0.000716,0.000445,0.006081,-0.010127,-0.000011
3,96.184156,214,relative,26,4.750000,0.050000,0.481555,0.876416,0.200000,-0.087642,0.048155,0.000000,0.000000,0.000000,0.000000,0.000000,0.000000,0.000000,0.000000,0.481686,0.876582,0.222803,-0.089260,0.046491,-0.094376,1.000000,-0.000027,0.000478,0.000445,0.003759,-0.008972,-0.000011,0.264871,-0.053713,0.036774,0.000054,0.000131,0.000166,0.022803,-0.001618,-0.001665,-0.094376,1.000000,-0.000027,0.000478,0.000445,0.003759,-0.008972,-0.000011
3,96.184156,214,relative,27,4.800000,0.050000,0.481555,0.876416,0.200000,-0.087642,0.048155,0.000000,0.000000,0.000000,0.000000,0.000000,0.000000,0.000000,0.000000,0.481621,0.876510,0.218084,-0.088653,0.046920,-0.094373,1.000000,0.000034,0.000276,0.000445,0.001074,-0.007133,-0.000010,0.264869,-0.034211,0.044309,0.000106,0.000066,0.000094,0.018084,-0.001011,-0.001235,-0.094373,1.000000,0.000034,0.000276,0.000445,0.001074,-0.007133,-0.000010
3,96.184156,214,relative,28,4.850000,0.050000,0.481555,0.876416,0.200000,-0.087642,0.048155,0.000000,0.000000,0.000000,0.000000,0.000000,0.000000,0.000000,0.000000,0.481582,0.876458,0.213365,-0.088219,0.047319,-0.094375,1.000000,0.000039,0.000126,0.000445,-0.000637,-0.004917,-0.000007,0.264870,-0.009008,0.056244,0.000087,0.000027,0.000042,0.013365,-0.000578,-0.000837,-0.094375,1.000000,0.000039,0.000126,0.000445,-0.000637,-0.004917,-0.000007
3,96.184156,214,relative,29,4.900000,0.050000,0.481555,0.876416,0.200000,-0.087642,0.048155,0.000000,0.000000,0.000000,0.000000,0.000000,0.000000,0.000000,0.000000,0.481561,0.876426,0.208646,-0.087904,0.047728,-0.094374,1.000000,0.000018,0.000038,0.000444,-0.001087,-0.002105,-0.000004,0.261577,0.021799,0.041756,0.000161,0.000007,0.000010,0.008646,-0.000262,-0.000427,-0.094374,1.000000,0.000018,0.000038,0.000444,-0.001087,-0.002105,-0.000004
3,96.184156,214,relative,30,4.950000,0.100000,0.481555,0.876416,0.200000,-0.087642,0.048155,0.000000,0.000000,0.000000,0.000000,0.000000,0.000000,0.000000,0.000000,0.481555,0.876416,0.203775,-0.087643,0.048158,-0.100472,1.000000,0.000004,0.000012,0.000444,0.000003,-0.000017,0.000000,0,0,0,0,0.000000,-0.000000,0.003775,-0.000002,0.000002,-0.100472,1.000000,0.000004,0.000012,0.000444,0.000003,-0.000017,0.000000
4,37.033795,79,relative,0,0.000000,0.195656,0.472767,0.881188,0.200000,-0.088119,0.047277,0.000000,0.000000,0.000000,0.000000,0.000000,0.000000,0.000000,0.000000,-0.000152,0.000180,1.896779,0.004162,0.009193,-1.117188,0.999994,-0.003370,0.001243,-0.000020,-0.172897,0.095175,-0.001020,0.251245,0.182901,-0.231737,0.009760,-0.472919,-0.881008,1.696779,0.092281,-0.038083,-1.117188,0.999994,-0.003370,0.001243,-0.000020,-0.172897,0.095175,-0.001020
4,37.033795,79,relative,1,0.195656,0.195540,0.472767,0.881188,0.200000,-0.088119,0.047277,0.000000,0.000000,0.000000,0.000000,0.000000,0.000000,0.000000,0.000000,0.019411,-0.003998,1.668496,0.023874,0.051851,-1.216563,0.999794,-0.018532,0.008337,-0.000064,-0.137105,0.049846,0.000066,0.282555,0.287141,-0.181017,0.007980,-0.453356,-0.885186,1.468496,0.111993,0.004574,-1.216563,0.999794,-0.018532,0.008337,-0.000064,-0.137105,0.049846,0.000066
4,37.033795,79,relative,2,0.391196,0.195334,0.472767,0.881188,0.200000,-0.088119,0.047277,0.000000,0.000000,0.000000,0.000000,0.000000,0.000000,0.000000,0.000000,0.045270,0.006082,1.442887,0.066517,0.153059,-1.091375,0.999508,-0.029188,0.011480,0.000019,-0.080960,0.014442,0.000953,0.282807,0.325064,-0.140992,0.006947,-0.427497,-0.875106,1.242887,0.154636,0.105783,-1.091375,0.999508,-0.029188,0.011480,0.000019,-0.080960,0.014442,0.000953
4,37.033795,79,relative,3,0.586530,0.195106,0.472767,0.881188,0.200000,-0.088119,0.047277,0.000000,0.000000,0.000000,0.000000,0.000000,0.000000,0.000000,0.000000,0.080249,0.039417,1.241931,0.115431,0.286083,-0.966399,0.999355,-0.033990,0.011549,0.000205,-0.017464,-0.013108,0.001724,0.277161,0.315370,-0.106803,0.005844,-0.392518,-0.841771,1.041931,0.203550,0.238807,-0.966399,0.999355,-0.033990,0.011549,0.000205,-0.017464,-0.013108,0.001724
4,37.033795,79,relative,4,0.781637,0.194860,0.472767,0.881188,0.200000,-0.088119,0.047277,0.000000,0.000000,0.000000,0.000000,0.000000,0.000000,0.000000,0.000000,0.124327,0.099478,1.061544,0.158640,0.423281,-0.882622,0.999423,-0.032690,0.009263,0.000470,0.044074,-0.033941,0.002372,0.273027,0.257522,-0.068911,0.004576,-0.348440,-0.781709,0.861544,0.246759,0.376004,-0.882622,0.999423,-0.032690,0.009263,0.000470,0.044074,-0.033941,0.002372
4,37.033795,79,relative,5,0.976496,0.194601,0.472767,0.881188,0.200000,-0.088119,0.047277,0.000000,0.000000,0.000000,0.000000,0.000000,0.000000,0.000000,0.000000,0.175585,0.184755,0.894901,0.188629,0.542111,-0.827471,0.999649,-0.025949,0.005317,0.000794,0.094271,-0.047342,0.002879,0.272714,0.162345,-0.025693,0.003289,-0.297182,-0.696433,0.694901,0.276748,0.494834,-0.827471,0.999649,-0.025949,0.005317,0.000794,0.094271,-0.047342,0.002879
4,37.033795,79,relative,6,1.171097,0.194342,0.472767,0.881188,0.200000,-0.088119,0.047277,0.000000,0.000000,0.000000,0.000000,0.000000,0.000000,0.000000,0.000000,0.230955,0.289873,0.739171,0.201032,0.625775,-0.772725,0.999883,-0.015235,0.000487,0.001162,0.125886,-0.052292,0.003243,0.278112,0.048919,0.017523,0.002160,-0.241812,-0.591315,0.539171,0.289150,0.578499,-0.772725,0.999883,-0.015235,0.000487,0.001162,0.125886,-0.052292,0.003243
4,37.033795,79,relative,7,1.365439,0.194096,0.472767,0.881188,0.200000,-0.088119,0.047277,0.000000,0.000000,0.000000,0.000000,0.000000,0.000000,0.000000,0.000000,0.286777,0.406775,0.598208,0.193947,0.663355,-0.677809,0.999986,-0.002534,-0.004405,0.001559,0.135418,-0.048821,0.003482,0.281156,-0.063314,0.054124,0.001270,-0.185990,-0.474413,0.398208,0.282065,0.616078,-0.677809,0.999986,-0.002534,-0.004405,0.001559,0.135418,-0.048821,0.003482
4,37.033795,79,relative,8,1.559535,0.193639,0.472767,0.881188,0.200000,-0.088119,0.047277,0.000000,0.000000,0.000000,0.000000,0.000000,0.000000,0.000000,0.000000,0.339303,0.525829,0.477992,0.168245,0.649492,-0.561027,0.999911,0.010017,-0.008609,0.001971,0.123152,-0.038248,0.003622,0.274116,-0.159014,0.079697,0.000566,-0.133463,-0.355359,0.277992,0.256363,0.602215,-0.561027,0.999911,0.010017,-0.008609,0.001971,0.123152,-0.038248,0.003622
4,37.033795,79,relative,9,1.753174,0.193166,0.472767,0.881188,0.200000,-0.088119,0.047277,0.000000,0.000000,0.000000,0.000000,0.000000,0.000000,0.000000,0.000000,0.385348,0.637367,0.375664,0.129191,0.590244,-0.496105,0.999721,0.020452,-0.011545,0.002386,0.092377,-0.022758,0.003684,0.293878,-0.216340,0.087741,0.000014,-0.087418,-0.243820,0.175664,0.217309,0.542968,-0.496105,0.999721,0.020452,-0.011545,0.002386,0.092377,-0.022758,0.003684
4,37.033795,79,relative,10,1.946340,0.191802,0.472767,0.881188,0.200000,-0.088119,0.047277,0.000000,0.000000,0.000000,0.000000,0.000000,0.000000,0.000000,0.000000,0.422510,0.733029,0.299600,0.078395,0.489925,-0.291705,0.999539,0.027353,-0.012913,0.002794,0.050595,-0.005771,0.003686,0.272271,-0.229022,0.080762,-0.000449,-0.050257,-0.148159,0.099600,0.166514,0.442648,-0.291705,0.999539,0.027353,-0.012913,0.002794,0.050595,-0.005771,0.003686
4,37.033795,79,relative,11,2.138142,0.188456,0.472767,0.881188,0.200000,-0.088119,0.047277,0.000000,0.000000,0.000000,0.000000,0.000000,0.000000,0.000000,0.000000,0.449755,0.807466,0.248325,0.029602,0.379056,-0.243053,0.999461,0.030092,-0.012725,0.003187,0.006667,0.009735,0.003637,0.289319,-0.208514,0.064655,-0.000831,-0.023011,-0.073721,0.048325,0.117721,0.331780,-0.243053,0.999461,0.030092,-0.012725,0.003187,0.006667,0.009735,0.003637
4,37.033795,79,relative,12,2.326598,0.185195,0.472767,0.881188,0.200000,-0.088119,0.047277,0.000000,0.000000,0.000000,0.000000,0.000000,0.000000,0.000000,0.000000,0.467373,0.858726,0.218200,-0.017870,0.260319,-0.076580,0.999514,0.028860,-0.011249,0.003555,-0.032637,0.021913,0.003548,0.282020,-0.154620,0.039823,-0.001105,-0.005393,-0.022462,0.018200,0.070249,0.213043,-0.076580,0.999514,0.028860,-0.011249,0.003555,-0.032637,0.021913,0.003548
4,37.033795,79,relative,13,2.511793,0.185812,0.472767,0.881188,0.200000,-0.088119,0.047277,0.000000,0.000000,0.000000,0.000000,0.000000,0.000000,0.000000,0.000000,0.476732,0.888424,0.214597,-0.055792,0.157771,0.037846,0.999653,0.024502,-0.008905,0.003898,-0.061284,0.029265,0.003431,0.259653,-0.077922,0.010785,-0.001269,0.003966,0.007237,0.014597,0.032327,0.110494,0.037846,0.999653,0.024502,-0.008905,0.003898,-0.061284,0.029265,0.003431
4,37.033795,79,relative,14,2.697605,0.186926,0.472767,0.881188,0.200000,-0.088119,0.047277,0.000000,0.000000,0.000000,0.000000,0.000000,0.000000,0.000000,0.000000,0.480197,0.901633,0.218103,-0.081511,0.082753,0.000086,0.999808,0.018123,-0.006128,0.004223,-0.075777,0.031236,0.003297,0.264194,0.004068,-0.016225,-0.001345,0.007430,0.020445,0.018103,0.006607,0.035477,0.000086,0.999808,0.018123,-0.006128,0.004223,-0.075777,0.031236,0.003297
4,37.033795,79,relative,15,2.884531,0.187853,0.472767,0.881188,0.200000,-0.088119,0.047277,0.000000,0.000000,0.000000,0.000000,0.000000,0.000000,0.000000,0.000000,0.479763,0.903022,0.217587,-0.097710,0.030972,-0.005472,0.999923,0.011062,-0.003388,0.004531,-0.075031,0.028169,0.003154,0.264308,0.067105,-0.034927,-0.001353,0.006997,0.021834,0.017587,-0.009591,-0.016304,-0.005472,0.999923,0.011062,-0.003388,0.004531,-0.075031,0.028169,0.003154
4,37.033795,79,relative,16,3.072385,0.188385,0.472767,0.881188,0.200000,-0.088119,0.047277,0.000000,0.000000,0.000000,0.000000,0.000000,0.000000,0.000000,0.000000,0.477172,0.897068,0.216162,-0.104724,0.004162,-0.009631,0.999977,0.004595,-0.001084,0.004825,-0.062436,0.021577,0.003010,0.266247,0.104546,-0.043732,-0.001333,0.004405,0.015880,0.016162,-0.016605,-0.043115,-0.009631,0.999977,0.004595,-0.001084,0.004825,-0.062436,0.021577,0.003010
4,37.033795,79,relative,17,3.260769,0.188769,0.472767,0.881188,0.200000,-0.088119,0.047277,0.000000,0.000000,0.000000,0.000000,0.000000,0.000000,0.000000,0.000000,0.473964,0.888126,0.215249,-0.104580,-0.001462,-0.000044,0.999987,-0.000367,0.000534,0.005104,-0.042748,0.013317,0.002867,0.265268,0.113683,-0.042880,-0.001302,0.001198,0.006939,0.015249,-0.016462,-0.048738,-0.000044,0.999987,-0.000367,0.000534,0.005104,-0.042748,0.013317,0.002867
4,37.033795,79,relative,18,3.449538,0.189039,0.472767,0.881188,0.200000,-0.088119,0.047277,0.000000,0.000000,0.000000,0.000000,0.000000,0.000000,0.000000,0.000000,0.471248,0.879625,0.215502,-0.099920,0.007822,0.002715,0.999979,-0.003393,0.001393,0.005369,-0.021292,0.005209,0.002727,0.264648,0.100048,-0.034726,-0.001265,-0.001519,-0.001562,0.015502,-0.011802,-0.039455,0.002715,0.999979,-0.003393,0.001393,0.005369,-0.021292,0.005209,0.002727
4,37.033795,79,relative,19,3.638577,0.189216,0.472767,0.881188,0.200000,-0.088119,0.047277,0.000000,0.000000,0.000000,0.000000,0.000000,0.000000,0.000000,0.000000,0.469620,0.873699,0.215862,-0.093431,0.024720,0.001090,0.999973,-0.004512,0.001570,0.005622,-0.002380,-0.001360,0.002591,0.264480,0.071697,-0.022496,-0.001213,-0.003147,-0.007489,0.015862,-0.005312,-0.022557,0.001090,0.999973,-0.004512,0.001570,0.005622,-0.002380,-0.001360,0.002591
4,37.033795,79,relative,20,3.827793,0.189294,0.472767,0.881188,0.200000,-0.088119,0.047277,0.000000,0.000000,0.000000,0.000000,0.000000,0.000000,0.000000,0.000000,0.469215,0.871162,0.215802,-0.087294,0.042766,-0.001720,0.999974,-0.004094,0.001244,0.005862,0.011188,-0.005615,0.002461,0.264667,0.037878,-0.009467,-0.001138,-0.003552,-0.010025,0.015802,0.000825,-0.004511,-0.001720,0.999974,-0.004094,0.001244,0.005862,0.011188,-0.005615,0.002461
4,37.033795,79,relative,21,4.017087,0.189280,0.472767,0.881188,0.200000,-0.088119,0.047277,0.000000,0.000000,0.000000,0.000000,0.000000,0.000000,0.000000,0.000000,0.469818,0.871762,0.215337,-0.082935,0.057255,-0.003194,0.999978,-0.002691,0.000637,0.006090,0.018360,-0.007402,0.002338,0.265086,0.006168,0.001777,-0.001037,-0.002948,-0.009425,0.015337,0.005183,0.009978,-0.003194,0.999978,-0.002691,0.000637,0.006090,0.018360,-0.007402,0.002338
4,37.033795,79,relative,22,4.206367,0.189167,0.472767,0.881188,0.200000,-0.088119,0.047277,0.000000,0.000000,0.000000,0.000000,0.000000,0.000000,0.000000,0.000000,0.471024,0.874549,0.214874,-0.080976,0.065627,-0.001689,0.999980,-0.000894,-0.000036,0.006306,0.019530,-0.007059,0.002227,0.265035,-0.018231,0.009646,-0.000911,-0.001743,-0.006639,0.014874,0.007143,0.018350,-0.001689,0.999980,-0.000894,-0.000036,0.006306,0.019530,-0.007059,0.002227
4,37.033795,79,relative,23,4.395534,0.188941,0.472767,0.881188,0.200000,-0.088119,0.047277,0.000000,0.000000,0.000000,0.000000,0.000000,0.000000,0.000000,0.000000,0.472374,0.878284,0.214664,-0.081328,0.067371,-0.000532,0.999978,0.000794,-0.000606,0.006513,0.016083,-0.005229,0.002129,0.264932,-0.032890,0.013675,-0.000768,-0.000392,-0.002904,0.014664,0.006791,0.020094,-0.000532,0.999978,0.000794,-0.000606,0.006513,0.016083,-0.005229,0.002129
4,37.033795,79,relative,24,4.584475,0.188556,0.472767,0.881188,0.200000,-0.088119,0.047277,0.000000,0.000000,0.000000,0.000000,0.000000,0.000000,0.000000,0.000000,0.473483,0.881797,0.214604,-0.083396,0.063614,-0.000108,0.999975,0.002022,-0.000970,0.006711,0.009870,-0.002641,0.002047,0.264744,-0.038028,0.014450,-0.000617,0.000716,0.000610,0.014604,0.004722,0.016337,-0.000108,0.999975,0.002022,-0.000970,0.006711,0.009870,-0.002641,0.002047
4,37.033795,79,relative,25,4.773031,0.187942,0.472767,0.881188,0.200000,-0.088119,0.047277,0.000000,0.000000,0.000000,0.000000,0.000000,0.000000,0.000000,0.000000,0.474103,0.884239,0.214498,-0.086327,0.056468,-0.001013,0.999972,0.002615,-0.001087,0.006901,0.002700,0.000085,0.001980,0.264816,-0.035310,0.012905,-0.000472,0.001337,0.003051,0.014498,0.001792,0.009191,-0.001013,0.999972,0.002615,-0.001087,0.006901,0.002700,0.000085,0.001980
4,37.033795,79,relative,26,4.960973,0.186970,0.472767,0.881188,0.200000,-0.088119,0.047277,0.000000,0.000000,0.000000,0.000000,0.000000,0.000000,0.000000,0.000000,0.474161,0.885202,0.214270,-0.089224,0.048373,-0.001419,0.999971,0.002556,-0.000966,0.007085,-0.003936,0.002511,0.001930,0.264402,-0.026467,0.009119,-0.000343,0.001394,0.004014,0.014270,-0.001105,0.001096,-0.001419,0.999971,0.002556,-0.000966,0.007085,-0.003936,0.002511,0.001930
4,37.033795,79,relative,27,5.147942,0.185654,0.472767,0.881188,0.200000,-0.088119,0.047277,0.000000,0.000000,0.000000,0.000000,0.000000,0.000000,0.000000,0.000000,0.473743,0.884739,0.213699,-0.091298,0.041600,-0.004685,0.999971,0.001954,-0.000657,0.007264,-0.008886,0.004214,0.001893,0.265829,-0.013403,0.003512,-0.000237,0.000976,0.003552,0.013699,-0.003179,-0.005677,-0.004685,0.999971,0.001954,-0.000657,0.007264,-0.008886,0.004214,0.001893
4,37.033795,79,relative,28,5.333596,0.183872,0.472767,0.881188,0.200000,-0.088119,0.047277,0.000000,0.000000,0.000000,0.000000,0.000000,0.000000,0.000000,0.000000,0.473061,0.883273,0.213440,-0.092041,0.037733,0.001897,0.999972,0.001011,-0.000242,0.007438,-0.011375,0.004863,0.001868,0.262777,-0.000036,-0.001832,-0.000159,0.000294,0.002085,0.013440,-0.003922,-0.009543,0.001897,0.999972,0.001011,-0.000242,0.007438,-0.011375,0.004863,0.001868
4,37.033795,79,relative,29,5.517468,0.181905,0.472767,0.881188,0.200000,-0.088119,0.047277,0.000000,0.000000,0.000000,0.000000,0.000000,0.000000,0.000000,0.000000,0.472389,0.881449,0.212478,-0.091259,0.037613,-0.012360,0.999971,-0.000039,0.000181,0.007610,-0.011383,0.004523,0.001852,0.251697,0.007815,-0.004056,-0.000110,-0.000378,0.000262,0.012478,-0.003140,-0.009664,-0.012360,0.999971,-0.000039,0.000181,0.007610,-0.011383,0.004523,0.001852
4,37.033795,79,relative,30,5.699373,0.100000,0.472767,0.881188,0.200000,-0.088119,0.047277,0.000000,0.000000,0.000000,0.000000,0.000000,0.000000,0.000000,0.000000,0.471990,0.879954,0.202157,-0.089152,0.041044,-0.101112,0.999969,-0.001012,0.000551,0.007778,-0.009962,0.003783,0.001840,0,0,0,0,-0.000776,-0.001234,0.002157,-0.001033,-0.006233,-0.101112,0.999969,-0.001012,0.000551,0.007778,-0.009962,0.003783,0.001840
5,34.456289,87,relative,0,0.000000,0.197551,0.469238,0.883072,0.200000,-0.088307,0.046924,0.000000,0.000000,0.000000,0.000000,0.000000,0.000000,0.000000,0.000000,-0.000099,0.000279,1.843168,0.007771,0.018112,-1.314453,0.999982,-0.005593,0.002193,-0.000049,0.024833,-0.033918,-0.001067,0.281724,-0.372790,0.202067,-0.001229,-0.469337,-0.882793,1.643168,0.096078,-0.028812,-1.314453,0.999982,-0.005593,0.002193,-0.000049,0.024833,-0.033918,-0.001067
5,34.456289,87,relative,1,0.197551,0.197363,0.469238,0.883072,0.200000,-0.088307,0.046924,0.000000,0.000000,0.000000,0.000000,0.000000,0.000000,0.000000,0.000000,0.019545,-0.003049,1.595664,0.013545,0.042857,-1.191277,0.999977,-0.006778,0.000814,-0.000153,-0.048814,0.006003,-0.001205,0.272794,-0.158898,0.093344,-0.000385,-0.449693,-0.886121,1.395664,0.101852,-0.004067,-1.191277,0.999977,-0.006778,0.000814,-0.000153,-0.048814,0.006003,-0.001205
5,34.456289,87,relative,2,0.394915,0.197215,0.469238,0.883072,0.200000,-0.088307,0.046924,0.000000,0.000000,0.000000,0.000000,0.000000,0.000000,0.000000,0.000000,0.040197,-0.000279,1.366235,0.020117,0.083288,-1.133750,0.999911,-0.013142,0.002316,-0.000280,-0.080172,0.024437,-0.001248,0.280078,0.030579,0.005729,-0.000113,-0.429041,-0.883351,1.166235,0.108424,0.036365,-1.133750,0.999911,-0.013142,0.002316,-0.000280,-0.080172,0.024437,-0.001248
5,34.456289,87,relative,3,0.592130,0.197029,0.469238,0.883072,0.200000,-0.088307,0.046924,0.000000,0.000000,0.000000,0.000000,0.000000,0.000000,0.000000,0.000000,0.062935,0.013408,1.153490,0.035549,0.154547,-1.023923,0.999773,-0.020748,0.004783,-0.000419,-0.074137,0.025582,-0.001261,0.286310,0.169346,-0.053766,-0.000029,-0.406303,-0.869664,0.953490,0.123856,0.107623,-1.023923,0.999773,-0.020748,0.004783,-0.000419,-0.074137,0.025582,-0.001261
5,34.456289,87,relative,4,0.789159,0.196729,0.469238,0.883072,0.200000,-0.088307,0.046924,0.000000,0.000000,0.000000,0.000000,0.000000,0.000000,0.000000,0.000000,0.089712,0.044211,0.966931,0.061038,0.255908,-0.870001,0.999628,-0.026406,0.006781,-0.000558,-0.040767,0.014999,-0.001264,0.294358,0.242285,-0.083423,0.000029,-0.379526,-0.838861,0.766931,0.149345,0.208984,-0.870001,0.999628,-0.026406,0.006781,-0.000558,-0.040767,0.014999,-0.001264
5,34.456289,87,relative,5,0.985888,0.196292,0.469238,0.883072,0.200000,-0.088307,0.046924,0.000000,0.000000,0.000000,0.000000,0.000000,0.000000,0.000000,0.000000,0.122201,0.097029,0.816573,0.093114,0.376093,-0.658649,0.999578,-0.028071,0.007446,-0.000688,0.006899,-0.001409,-0.001261,0.289982,0.241835,-0.083370,0.000097,-0.347037,-0.786043,0.616573,0.181422,0.329169,-0.658649,0.999578,-0.028071,0.007446,-0.000688,0.006899,-0.001409,-0.001261
5,34.456289,87,relative,6,1.182181,0.195987,0.469238,0.883072,0.200000,-0.088307,0.046924,0.000000,0.000000,0.000000,0.000000,0.000000,0.000000,0.000000,0.000000,0.160916,0.173169,0.704870,0.124075,0.491423,-0.479363,0.999664,-0.025068,0.006500,-0.000808,0.054368,-0.017780,-0.001250,0.275613,0.180158,-0.060568,0.000162,-0.308321,-0.709903,0.504870,0.212382,0.444499,-0.479363,0.999664,-0.025068,0.006500,-0.000808,0.054368,-0.017780,-0.001250
5,34.456289,87,relative,7,1.378168,0.195709,0.469238,0.883072,0.200000,-0.088307,0.046924,0.000000,0.000000,0.000000,0.000000,0.000000,0.000000,0.000000,0.000000,0.204919,0.269470,0.618341,0.146793,0.580456,-0.403424,0.999829,-0.018014,0.004167,-0.000917,0.089672,-0.029664,-0.001232,0.267951,0.088379,-0.027810,0.000206,-0.264319,-0.613602,0.418341,0.235100,0.533532,-0.403424,0.999829,-0.018014,0.004167,-0.000917,0.089672,-0.029664,-0.001232
5,34.456289,87,relative,8,1.573877,0.195419,0.469238,0.883072,0.200000,-0.088307,0.046924,0.000000,0.000000,0.000000,0.000000,0.000000,0.000000,0.000000,0.000000,0.252223,0.379737,0.541482,0.157942,0.634016,-0.381841,0.999964,-0.008398,0.000986,-0.001019,0.106963,-0.035124,-0.001209,0.265292,-0.002505,0.003451,0.000219,-0.217014,-0.503335,0.341482,0.246249,0.587092,-0.381841,0.999964,-0.008398,0.000986,-0.001019,0.106963,-0.035124,-0.001209
5,34.456289,87,relative,9,1.769296,0.195091,0.469238,0.883072,0.200000,-0.088307,0.046924,0.000000,0.000000,0.000000,0.000000,0.000000,0.000000,0.000000,0.000000,0.300378,0.496480,0.467150,0.156088,0.647965,-0.378865,0.999994,0.002025,-0.002425,-0.001118,0.106467,-0.034469,-0.001185,0.278262,-0.074608,0.027254,0.000208,-0.168860,-0.386592,0.267150,0.244396,0.601041,-0.378865,0.999994,0.002025,-0.002425,-0.001118,0.106467,-0.034469,-0.001185
5,34.456289,87,relative,10,1.964386,0.194639,0.469238,0.883072,0.200000,-0.088307,0.046924,0.000000,0.000000,0.000000,0.000000,0.000000,0.000000,0.000000,0.000000,0.346769,0.611802,0.402657,0.140784,0.621642,-0.282395,0.999916,0.011697,-0.005539,-0.001215,0.091906,-0.029169,-0.001162,0.286529,-0.122479,0.042244,0.000191,-0.122469,-0.271270,0.202657,0.229091,0.574718,-0.282395,0.999916,0.011697,-0.005539,-0.001215,0.091906,-0.029169,-0.001162
5,34.456289,87,relative,11,2.159025,0.194369,0.469238,0.883072,0.200000,-0.088307,0.046924,0.000000,0.000000,0.000000,0.000000,0.000000,0.000000,0.000000,0.000000,0.388859,0.718013,0.362784,0.113405,0.558215,-0.127507,0.999778,0.019478,-0.007986,-0.001312,0.068063,-0.020961,-0.001141,0.280928,-0.146174,0.049018,0.000185,-0.080379,-0.165059,0.162784,0.201712,0.511291,-0.127507,0.999778,0.019478,-0.007986,-0.001312,0.068063,-0.020961,-0.001141
5,34.456289,87,relative,12,2.353394,0.193940,0.469238,0.883072,0.200000,-0.088307,0.046924,0.000000,0.000000,0.000000,0.000000,0.000000,0.000000,0.000000,0.000000,0.424767,0.809133,0.349025,0.078396,0.469715,-0.014249,0.999648,0.024709,-0.009565,-0.001411,0.039648,-0.011442,-0.001120,0.270170,-0.147403,0.048542,0.000197,-0.044471,-0.073939,0.149025,0.166703,0.422792,-0.014249,0.999648,0.024709,-0.009565,-0.001411,0.039648,-0.011442,-0.001120
5,34.456289,87,relative,13,2.547334,0.193929,0.469238,0.883072,0.200000,-0.088307,0.046924,0.000000,0.000000,0.000000,0.000000,0.000000,0.000000,0.000000,0.000000,0.453462,0.881610,0.349666,0.040483,0.369958,0.020775,0.999578,0.027167,-0.010219,-0.001511,0.011060,-0.002032,-0.001098,0.262228,-0.131908,0.042912,0.000224,-0.015775,-0.001462,0.149666,0.128790,0.323034,0.020775,0.999578,0.027167,-0.010219,-0.001511,0.011060,-0.002032,-0.001098
5,34.456289,87,relative,14,2.741263,0.193932,0.469238,0.883072,0.200000,-0.088307,0.046924,0.000000,0.000000,0.000000,0.000000,0.000000,0.000000,0.000000,0.000000,0.474781,0.934454,0.351544,0.002894,0.268974,-0.001401,0.999584,0.027000,-0.010010,-0.001612,-0.014521,0.006290,-0.001074,0.262314,-0.105022,0.033846,0.000256,0.005543,0.051382,0.151544,0.091201,0.222050,-0.001401,0.999584,0.027000,-0.010010,-0.001612,-0.014521,0.006290,-0.001074
5,34.456289,87,relative,15,2.935195,0.193957,0.469238,0.883072,0.200000,-0.088307,0.046924,0.000000,0.000000,0.000000,0.000000,0.000000,0.000000,0.000000,0.000000,0.488979,0.968058,0.349203,-0.032503,0.172928,-0.022652,0.999655,0.024608,-0.009075,-0.001714,-0.034886,0.012858,-0.001045,0.260598,-0.072357,0.023001,0.000293,0.019741,0.084986,0.149203,0.055805,0.126004,-0.022652,0.999655,0.024608,-0.009075,-0.001714,-0.034886,0.012858,-0.001045
5,34.456289,87,relative,16,3.129153,0.194004,0.469238,0.883072,0.200000,-0.088307,0.046924,0.000000,0.000000,0.000000,0.000000,0.000000,0.000000,0.000000,0.000000,0.496747,0.984186,0.341608,-0.063089,0.089760,-0.055539,0.999758,0.020549,-0.007602,-0.001814,-0.048918,0.017325,-0.001013,0.262207,-0.037576,0.011513,0.000325,0.027509,0.101114,0.141608,0.025218,0.042836,-0.055539,0.999758,0.020549,-0.007602,-0.001814,-0.048918,0.017325,-0.001013
5,34.456289,87,relative,17,3.323157,0.194046,0.469238,0.883072,0.200000,-0.088307,0.046924,0.000000,0.000000,0.000000,0.000000,0.000000,0.000000,0.000000,0.000000,0.499149,0.985757,0.328828,-0.087624,0.023476,-0.076080,0.999862,0.015456,-0.005802,-0.001913,-0.056205,0.019567,-0.000977,0.262920,-0.003538,0.000353,0.000351,0.029912,0.102685,0.128828,0.000683,-0.023448,-0.076080,0.999862,0.015456,-0.005802,-0.001913,-0.056205,0.019567,-0.000977
5,34.456289,87,relative,18,3.517203,0.194055,0.469238,0.883072,0.200000,-0.088307,0.046924,0.000000,0.000000,0.000000,0.000000,0.000000,0.000000,0.000000,0.000000,0.497467,0.976379,0.312627,-0.105118,-0.022842,-0.090802,0.999941,0.009974,-0.003888,-0.002008,-0.056889,0.019643,-0.000938,0.263627,0.027040,-0.009586,0.000372,0.028229,0.093307,0.112627,-0.016811,-0.069766,-0.090802,0.999941,0.009974,-0.003888,-0.002008,-0.056889,0.019643,-0.000938
5,34.456289,87,relative,19,3.711258,0.194003,0.469238,0.883072,0.200000,-0.088307,0.046924,0.000000,0.000000,0.000000,0.000000,0.000000,0.000000,0.000000,0.000000,0.493087,0.960002,0.294110,-0.115479,-0.048772,-0.099983,0.999985,0.004713,-0.002061,-0.002099,-0.051639,0.017790,-0.000897,0.264016,0.051824,-0.017562,0.000395,0.023849,0.076930,0.094110,-0.027171,-0.095696,-0.099983,0.999985,0.004713,-0.002061,-0.002099,-0.051639,0.017790,-0.000897
5,34.456289,87,relative,20,3.905261,0.193852,0.469238,0.883072,0.200000,-0.088307,0.046924,0.000000,0.000000,0.000000,0.000000,0.000000,0.000000,0.000000,0.000000,0.487346,0.940454,0.274113,-0.119321,-0.056052,-0.106156,0.999997,0.000195,-0.000490,-0.002186,-0.041583,0.014389,-0.000854,0.263504,0.068680,-0.022916,0.000424,0.018108,0.057382,0.074113,-0.031014,-0.102976,-0.106156,0.999997,0.000195,-0.000490,-0.002186,-0.041583,0.014389,-0.000854
5,34.456289,87,relative,21,4.099113,0.193527,0.469238,0.883072,0.200000,-0.088307,0.046924,0.000000,0.000000,0.000000,0.000000,0.000000,0.000000,0.000000,0.000000,0.481401,0.921039,0.252582,-0.117870,-0.048274,-0.115980,0.999992,-0.003187,0.000697,-0.002268,-0.028268,0.009951,-0.000807,0.261389,0.075552,-0.025026,0.000464,0.012164,0.037967,0.052582,-0.029563,-0.095198,-0.115980,0.999992,-0.003187,0.000697,-0.002268,-0.028268,0.009951,-0.000807
5,34.456289,87,relative,22,4.292640,0.192835,0.469238,0.883072,0.200000,-0.088307,0.046924,0.000000,0.000000,0.000000,0.000000,0.000000,0.000000,0.000000,0.000000,0.476127,0.904223,0.227717,-0.112793,-0.030394,-0.141009,0.999983,-0.005214,0.001430,-0.002345,-0.013646,0.005111,-0.000756,0.279065,0.070329,-0.023224,0.000512,0.006889,0.021151,0.027717,-0.024486,-0.077318,-0.141009,0.999983,-0.005214,0.001430,-0.002345,-0.013646,0.005111,-0.000756
5,34.456289,87,relative,23,4.485474,0.191529,0.469238,0.883072,0.200000,-0.088307,0.046924,0.000000,0.000000,0.000000,0.000000,0.000000,0.000000,0.000000,0.000000,0.472097,0.891607,0.210288,-0.105435,-0.006172,-0.039763,0.999978,-0.005875,0.001708,-0.002415,-0.000084,0.000633,-0.000700,0.273193,0.061161,-0.020322,0.000563,0.002859,0.008535,0.010288,-0.017128,-0.053096,-0.039763,0.999978,-0.005875,0.001708,-0.002415,-0.000084,0.000633,-0.000700
5,34.456289,87,relative,24,4.677004,0.190319,0.469238,0.883072,0.200000,-0.088307,0.046924,0.000000,0.000000,0.000000,0.000000,0.000000,0.000000,0.000000,0.000000,0.469537,0.883745,0.208312,-0.097988,0.017565,0.019140,0.999982,-0.005322,0.001581,-0.002480,0.011630,-0.003260,-0.000639,0.260657,0.039047,-0.013315,0.000614,0.000299,0.000673,0.008312,-0.009681,-0.029359,0.019140,0.999982,-0.005322,0.001581,-0.002480,0.011630,-0.003260,-0.000639
5,34.456289,87,relative,25,4.867323,0.187576,0.469238,0.883072,0.200000,-0.088307,0.046924,0.000000,0.000000,0.000000,0.000000,0.000000,0.000000,0.000000,0.000000,0.468293,0.880027,0.209120,-0.091969,0.036326,-0.010642,0.999989,-0.003863,0.001146,-0.002537,0.019061,-0.005795,-0.000572,0.266031,0.011633,-0.004698,0.000653,-0.000945,-0.003045,0.009120,-0.003662,-0.010598,-0.010642,0.999989,-0.003863,0.001146,-0.002537,0.019061,-0.005795,-0.000572
5,34.456289,87,relative,26,5.054899,0.184001,0.469238,0.883072,0.200000,-0.088307,0.046924,0.000000,0.000000,0.000000,0.000000,0.000000,0.000000,0.000000,0.000000,0.468023,0.879321,0.207876,-0.087890,0.048827,-0.002613,0.999995,-0.001975,0.000556,-0.002588,0.021243,-0.006678,-0.000502,0.264602,-0.005385,0.000708,0.000683,-0.001215,-0.003751,0.007876,0.000417,0.001903,-0.002613,0.999995,-0.001975,0.000556,-0.002588,0.021243,-0.006678,-0.000502
5,34.456289,87,relative,27,5.238900,0.177614,0.469238,0.883072,0.200000,-0.088307,0.046924,0.000000,0.000000,0.000000,0.000000,0.000000,0.000000,0.000000,0.000000,0.468297,0.880262,0.207227,-0.086122,0.054105,-0.004446,0.999997,-0.000068,-0.000058,-0.002630,0.020252,-0.006549,-0.000431,0.264779,-0.014422,0.003828,0.000700,-0.000941,-0.002810,0.007227,0.002185,0.007182,-0.004446,0.999997,-0.000068,-0.000058,-0.002630,0.020252,-0.006549,-0.000431
5,34.456289,87,relative,28,5.416514,0.164930,0.469238,0.883072,0.200000,-0.088307,0.046924,0.000000,0.000000,0.000000,0.000000,0.000000,0.000000,0.000000,0.000000,0.468681,0.881519,0.206384,-0.086483,0.052915,-0.005046,0.999995,0.001616,-0.000613,-0.002665,0.017690,-0.005870,-0.000360,0.264645,-0.013020,0.003860,0.000697,-0.000556,-0.001553,0.006384,0.001824,0.005991,-0.005046,0.999995,0.001616,-0.000613,-0.002665,0.017690,-0.005870,-0.000360
5,34.456289,87,relative,29,5.581443,0.142108,0.469238,0.883072,0.200000,-0.088307,0.046924,0.000000,0.000000,0.000000,0.000000,0.000000,0.000000,0.000000,0.000000,0.468839,0.882071,0.205437,-0.088473,0.046894,-0.006441,0.999991,0.002985,-0.001075,-0.002692,0.015542,-0.005234,-0.000295,0.246934,-0.008280,0.002789,0.000659,-0.000399,-0.001001,0.005437,-0.000166,-0.000029,-0.006441,0.999991,0.002985,-0.001075,-0.002692,0.015542,-0.005234,-0.000295
5,34.456289,87,relative,30,5.723552,0.100000,0.469238,0.883072,0.200000,-0.088307,0.046924,0.000000,0.000000,0.000000,0.000000,0.000000,0.000000,0.000000,0.000000,0.468640,0.881539,0.197811,-0.091100,0.039002,-0.100879,0.999987,0.004046,-0.001436,-0.002711,0.014365,-0.004838,-0.000242,0,0,0,0,-0.000598,-0.001533,-0.002189,-0.002793,-0.007922,-0.100879,0.999987,0.004046,-0.001436,-0.002711,0.014365,-0.004838,-0.000242
6,41.669125,91,relative,0,0.000000,0.194818,0.466587,0.884475,0.200000,-0.088448,0.046659,0.000000,0.000000,0.000000,0.000000,0.000000,0.000000,0.000000,0.000000,0.000082,0.000720,1.802692,0.008049,0.022049,-0.873535,0.999985,-0.005307,0.001606,-0.000032,-0.018237,0.004274,0.007580,0.244088,-0.172114,0.057008,-0.001069,-0.466505,-0.883756,1.602692,0.096497,-0.024610,-0.873535,0.999985,-0.005307,0.001606,-0.000032,-0.018237,0.004274,0.007580
6,41.669125,91,relative,1,0.194818,0.194993,0.466587,0.884475,0.200000,-0.088448,0.046659,0.000000,0.000000,0.000000,0.000000,0.000000,0.000000,0.000000,0.000000,0.019599,-0.001789,1.617891,0.015978,0.047513,-1.023664,0.999958,-0.008716,0.002565,0.000701,-0.051779,0.015341,0.007462,0.261622,-0.024448,0.004538,-0.000950,-0.446988,-0.886265,1.417891,0.104425,0.000854,-1.023664,0.999958,-0.008716,0.002565,0.000701,-0.051779,0.015341,0.007462
6,41.669125,91,relative,2,0.389811,0.194845,0.466587,0.884475,0.200000,-0.088448,0.046659,0.000000,0.000000,0.000000,0.000000,0.000000,0.000000,0.000000,0.000000,0.041178,0.002392,1.415952,0.029413,0.092015,-1.047656,0.999893,-0.013996,0.004103,0.001423,-0.056564,0.016167,0.007357,0.272402,0.065881,-0.027002,-0.000996,-0.425409,-0.882084,1.215952,0.117861,0.045356,-1.047656,0.999893,-0.013996,0.004103,0.001423,-0.056564,0.016167,0.007357
6,41.669125,91,relative,3,0.584657,0.194570,0.466587,0.884475,0.200000,-0.088448,0.046659,0.000000,0.000000,0.000000,0.000000,0.000000,0.000000,0.000000,0.000000,0.065977,0.017424,1.217013,0.049096,0.158801,-0.994478,0.999805,-0.018881,0.005422,0.002136,-0.043742,0.010851,0.007246,0.276294,0.120091,-0.044720,-0.001156,-0.400610,-0.867052,1.017013,0.137544,0.112143,-0.994478,0.999805,-0.018881,0.005422,0.002136,-0.043742,0.010851,0.007246
6,41.669125,91,relative,4,0.779227,0.194179,0.466587,0.884475,0.200000,-0.088448,0.046659,0.000000,0.000000,0.000000,0.000000,0.000000,0.000000,0.000000,0.000000,0.095018,0.047204,1.031357,0.072933,0.242705,-0.913983,0.999736,-0.021997,0.006059,0.002840,-0.020383,0.002116,0.007119,0.281848,0.149088,-0.052442,-0.001368,-0.371569,-0.837271,0.831357,0.161381,0.196046,-0.913983,0.999736,-0.021997,0.006059,0.002840,-0.020383,0.002116,0.007119
6,41.669125,91,relative,5,0.973406,0.193525,0.466587,0.884475,0.200000,-0.088448,0.046659,0.000000,0.000000,0.000000,0.000000,0.000000,0.000000,0.000000,0.000000,0.128796,0.094269,0.865523,0.097878,0.335751,-0.794081,0.999722,-0.022565,0.005784,0.003534,0.008570,-0.008073,0.006968,0.294686,0.154396,-0.051132,-0.001569,-0.337791,-0.790207,0.665523,0.186326,0.289092,-0.794081,0.999722,-0.022565,0.005784,0.003534,0.008570,-0.008073,0.006968
6,41.669125,91,relative,6,1.166931,0.192555,0.466587,0.884475,0.200000,-0.088448,0.046659,0.000000,0.000000,0.000000,0.000000,0.000000,0.000000,0.000000,0.000000,0.167136,0.159398,0.732317,0.120577,0.429044,-0.582476,0.999775,-0.020282,0.004548,0.004215,0.038463,-0.017945,0.006795,0.292102,0.133344,-0.040631,-0.001723,-0.299451,-0.725077,0.532317,0.209024,0.382386,-0.582476,0.999775,-0.020282,0.004548,0.004215,0.038463,-0.017945,0.006795
6,41.669125,91,relative,7,1.359485,0.192183,0.466587,0.884475,0.200000,-0.088448,0.046659,0.000000,0.000000,0.000000,0.000000,0.000000,0.000000,0.000000,0.000000,0.209010,0.240754,0.638707,0.136031,0.505847,-0.389683,0.999867,-0.015331,0.002481,0.004880,0.064160,-0.025718,0.006606,0.266638,0.087474,-0.022308,-0.001835,-0.257577,-0.643721,0.438707,0.224478,0.459189,-0.389683,0.999867,-0.015331,0.002481,0.004880,0.064160,-0.025718,0.006606
6,41.669125,91,relative,8,1.551669,0.191816,0.466587,0.884475,0.200000,-0.088448,0.046659,0.000000,0.000000,0.000000,0.000000,0.000000,0.000000,0.000000,0.000000,0.252809,0.333959,0.564961,0.141243,0.553007,-0.377667,0.999950,-0.008342,-0.000149,0.005529,0.080998,-0.029937,0.006406,0.270370,0.024840,0.000444,-0.001927,-0.213777,-0.550516,0.364961,0.229690,0.506349,-0.377667,0.999950,-0.008342,-0.000149,0.005529,0.080998,-0.029937,0.006406
6,41.669125,91,relative,9,1.743484,0.191103,0.466587,0.884475,0.200000,-0.088448,0.046659,0.000000,0.000000,0.000000,0.000000,0.000000,0.000000,0.000000,0.000000,0.296540,0.433349,0.496252,0.136057,0.571470,-0.338697,0.999977,-0.000329,-0.002963,0.006158,0.085790,-0.029775,0.006196,0.273674,-0.035592,0.021282,-0.002018,-0.170046,-0.451126,0.296252,0.224505,0.524811,-0.338697,0.999977,-0.000329,-0.002963,0.006158,0.085790,-0.029775,0.006196
6,41.669125,91,relative,10,1.934588,0.190412,0.466587,0.884475,0.200000,-0.088448,0.046659,0.000000,0.000000,0.000000,0.000000,0.000000,0.000000,0.000000,0.000000,0.338105,0.532923,0.437471,0.120404,0.558837,-0.276528,0.999933,0.007559,-0.005562,0.006764,0.079012,-0.025635,0.005977,0.271965,-0.083830,0.036737,-0.002118,-0.128481,-0.351553,0.237471,0.208852,0.512178,-0.276528,0.999933,0.007559,-0.005562,0.006764,0.079012,-0.025635,0.005977
6,41.669125,91,relative,11,2.124999,0.189894,0.466587,0.884475,0.200000,-0.088448,0.046659,0.000000,0.000000,0.000000,0.000000,0.000000,0.000000,0.000000,0.000000,0.375681,0.626960,0.389529,0.096095,0.517869,-0.227151,0.999841,0.014333,-0.007624,0.007344,0.063069,-0.018580,0.005747,0.276190,-0.115893,0.045731,-0.002221,-0.090906,-0.257515,0.189529,0.184542,0.471210,-0.227151,0.999841,0.014333,-0.007624,0.007344,0.063069,-0.018580,0.005747
6,41.669125,91,relative,12,2.314893,0.189495,0.466587,0.884475,0.200000,-0.088448,0.046659,0.000000,0.000000,0.000000,0.000000,0.000000,0.000000,0.000000,0.000000,0.407854,0.710619,0.353832,0.065042,0.453340,-0.148940,0.999743,0.019282,-0.008945,0.007897,0.041073,-0.009854,0.005508,0.272967,-0.127683,0.047316,-0.002312,-0.058733,-0.173857,0.153832,0.153489,0.406682,-0.148940,0.999743,0.019282,-0.008945,0.007897,0.041073,-0.009854,0.005508
6,41.669125,91,relative,13,2.504389,0.189231,0.466587,0.884475,0.200000,-0.088448,0.046659,0.000000,0.000000,0.000000,0.000000,0.000000,0.000000,0.000000,0.000000,0.433752,0.780415,0.330811,0.031098,0.374879,-0.094109,0.999677,0.022026,-0.009441,0.008422,0.016882,-0.000865,0.005258,0.267836,-0.121423,0.042620,-0.002384,-0.032835,-0.104060,0.130811,0.119546,0.328220,-0.094109,0.999677,0.022026,-0.009441,0.008422,0.016882,-0.000865,0.005258
6,41.669125,91,relative,14,2.693620,0.189023,0.466587,0.884475,0.200000,-0.088448,0.046659,0.000000,0.000000,0.000000,0.000000,0.000000,0.000000,0.000000,0.000000,0.453185,0.834709,0.314760,-0.002403,0.291958,-0.075545,0.999665,0.022529,-0.009148,0.008918,-0.006097,0.007204,0.005002,0.273523,-0.101058,0.033337,-0.002434,-0.013401,-0.049766,0.114760,0.086044,0.245299,-0.075545,0.999665,0.022529,-0.009148,0.008918,-0.006097,0.007204,0.005002
6,41.669125,91,relative,15,2.882643,0.188242,0.466587,0.884475,0.200000,-0.088448,0.046659,0.000000,0.000000,0.000000,0.000000,0.000000,0.000000,0.000000,0.000000,0.466394,0.873178,0.305999,-0.034133,0.209348,-0.017102,0.999701,0.021037,-0.008194,0.009387,-0.025207,0.013494,0.004740,0.267567,-0.073650,0.022032,-0.002477,-0.000193,-0.011297,0.105999,0.054314,0.162689,-0.017102,0.999701,0.021037,-0.008194,0.009387,-0.025207,0.013494,0.004740
6,41.669125,91,relative,16,3.070885,0.188207,0.466587,0.884475,0.200000,-0.088448,0.046659,0.000000,0.000000,0.000000,0.000000,0.000000,0.000000,0.000000,0.000000,0.474047,0.896866,0.304385,-0.060570,0.137543,0.000049,0.999767,0.017995,-0.006767,0.009827,-0.039081,0.017621,0.004475,0.256695,-0.041291,0.009773,-0.002510,0.007460,0.012391,0.104385,0.027878,0.090884,0.000049,0.999767,0.017995,-0.006767,0.009827,-0.039081,0.017621,0.004475
6,41.669125,91,relative,17,3.259091,0.188146,0.466587,0.884475,0.200000,-0.088448,0.046659,0.000000,0.000000,0.000000,0.000000,0.000000,0.000000,0.000000,0.000000,0.477340,0.908484,0.298925,-0.080344,0.081658,-0.057990,0.999838,0.013932,-0.005071,0.010239,-0.046864,0.019433,0.004207,0.258155,-0.004890,-0.002963,-0.002536,0.010753,0.024008,0.098925,0.008103,0.034999,-0.057990,0.999838,0.013932,-0.005071,0.010239,-0.046864,0.019433,0.004207
6,41.669125,91,relative,18,3.447237,0.188065,0.466587,0.884475,0.200000,-0.088448,0.046659,0.000000,0.000000,0.000000,0.000000,0.000000,0.000000,0.000000,0.000000,0.477474,0.910997,0.283552,-0.094108,0.041063,-0.105347,0.999893,0.009460,-0.003322,0.010625,-0.047795,0.018848,0.003936,0.260178,0.026522,-0.013579,-0.002558,0.010887,0.026521,0.083552,-0.005660,-0.005595,-0.105347,0.999893,0.009460,-0.003322,0.010625,-0.047795,0.018848,0.003936
6,41.669125,91,relative,19,3.635303,0.187934,0.466587,0.884475,0.200000,-0.088448,0.046659,0.000000,0.000000,0.000000,0.000000,0.000000,0.000000,0.000000,0.000000,0.475577,0.907366,0.260642,-0.102009,0.016239,-0.138252,0.999925,0.005182,-0.001720,0.010983,-0.042817,0.016270,0.003662,0.261356,0.049742,-0.021049,-0.002576,0.008991,0.022891,0.060642,-0.013562,-0.030419,-0.138252,0.999925,0.005182,-0.001720,0.010983,-0.042817,0.016270,0.003662
6,41.669125,91,relative,20,3.823237,0.187714,0.466587,0.884475,0.200000,-0.088448,0.046659,0.000000,0.000000,0.000000,0.000000,0.000000,0.000000,0.000000,0.000000,0.472697,0.900465,0.232355,-0.104778,0.005824,-0.162763,0.999935,0.001582,-0.000419,0.011315,-0.033476,0.012295,0.003387,0.280491,0.063368,-0.024888,-0.002590,0.006110,0.015989,0.032355,-0.016330,-0.040835,-0.162763,0.999935,0.001582,-0.000419,0.011315,-0.033476,0.012295,0.003387
6,41.669125,91,relative,21,4.010951,0.187368,0.466587,0.884475,0.200000,-0.088448,0.046659,0.000000,0.000000,0.000000,0.000000,0.000000,0.000000,0.000000,0.000000,0.469686,0.892726,0.211995,-0.103624,0.006741,-0.054166,0.999932,-0.001013,0.000486,0.011620,-0.021585,0.007610,0.003110,0.276355,0.060899,-0.023593,-0.002599,0.003099,0.008251,0.011995,-0.015177,-0.039917,-0.054166,0.999932,-0.001013,0.000486,0.011620,-0.021585,0.007610,0.003110
6,41.669125,91,relative,22,4.198319,0.187137,0.466587,0.884475,0.200000,-0.088448,0.046659,0.000000,0.000000,0.000000,0.000000,0.000000,0.000000,0.000000,0.000000,0.467163,0.885980,0.209311,-0.099905,0.015523,0.025518,0.999926,-0.002506,0.000974,0.011899,-0.010177,0.003183,0.002834,0.259459,0.052033,-0.019547,-0.002602,0.000576,0.001505,0.009311,-0.011458,-0.031135,0.025518,0.999926,-0.002506,0.000974,0.011899,-0.010177,0.003183,0.002834
6,41.669125,91,relative,23,4.385456,0.186139,0.466587,0.884475,0.200000,-0.088448,0.046659,0.000000,0.000000,0.000000,0.000000,0.000000,0.000000,0.000000,0.000000,0.465440,0.881237,0.210574,-0.095334,0.027407,-0.012020,0.999921,-0.003004,0.001096,0.012151,-0.000440,-0.000477,0.002557,0.265902,0.039134,-0.013851,-0.002597,-0.001147,-0.003238,0.010574,-0.006886,-0.019252,-0.012020,0.999921,-0.003004,0.001096,0.012151,-0.000440,-0.000477,0.002557
6,41.669125,91,relative,24,4.571595,0.184892,0.466587,0.884475,0.200000,-0.088448,0.046659,0.000000,0.000000,0.000000,0.000000,0.000000,0.000000,0.000000,0.000000,0.464589,0.878822,0.208996,-0.090802,0.039770,-0.004942,0.999919,-0.002704,0.000936,0.012377,0.006844,-0.003054,0.002282,0.265500,0.022602,-0.007660,-0.002589,-0.001998,-0.005654,0.008996,-0.002355,-0.006889,-0.004942,0.999919,-0.002704,0.000936,0.012377,0.006844,-0.003054,0.002282
6,41.669125,91,relative,25,4.756487,0.182787,0.466587,0.884475,0.200000,-0.088448,0.046659,0.000000,0.000000,0.000000,0.000000,0.000000,0.000000,0.000000,0.000000,0.464503,0.878529,0.208478,-0.087218,0.049879,-0.000651,0.999919,-0.001873,0.000599,0.012575,0.011024,-0.004468,0.002010,0.266132,0.008741,-0.002488,-0.002575,-0.002084,-0.005946,0.008478,0.001230,0.003220,-0.000651,0.999919,-0.001873,0.000599,0.012575,0.011024,-0.004468,0.002010
6,41.669125,91,relative,26,4.939274,0.179673,0.466587,0.884475,0.200000,-0.088448,0.046659,0.000000,0.000000,0.000000,0.000000,0.000000,0.000000,0.000000,0.000000,0.464952,0.879769,0.209139,-0.085005,0.056351,0.007882,0.999918,-0.000787,0.000184,0.012747,0.012623,-0.004919,0.001742,0.263387,-0.002392,0.001382,-0.002556,-0.001635,-0.004706,0.009139,0.003443,0.009692,0.007882,0.999918,-0.000787,0.000184,0.012747,0.012623,-0.004919,0.001742
6,41.669125,91,relative,27,5.118947,0.174833,0.466587,0.884475,0.200000,-0.088448,0.046659,0.000000,0.000000,0.000000,0.000000,0.000000,0.000000,0.000000,0.000000,0.465658,0.881783,0.209669,-0.084269,0.058724,-0.001986,0.999917,0.000333,-0.000233,0.012892,0.012195,-0.004668,0.001481,0.267920,-0.008051,0.003325,-0.002526,-0.000929,-0.002693,0.009669,0.004179,0.012065,-0.001986,0.999917,0.000333,-0.000233,0.012892,0.012195,-0.004668,0.001481
6,41.669125,91,relative,28,5.293779,0.167029,0.466587,0.884475,0.200000,-0.088448,0.046659,0.000000,0.000000,0.000000,0.000000,0.000000,0.000000,0.000000,0.000000,0.466353,0.883820,0.211047,-0.084877,0.057309,0.017757,0.999914,0.001342,-0.000602,0.013010,0.010788,-0.004085,0.001230,0.256679,-0.008346,0.003445,-0.002477,-0.000233,-0.000656,0.011047,0.003570,0.010651,0.017757,0.999914,0.001342,-0.000602,0.013010,0.010788,-0.004085,0.001230
6,41.669125,91,relative,29,5.460808,0.155228,0.466587,0.884475,0.200000,-0.088448,0.046659,0.000000,0.000000,0.000000,0.000000,0.000000,0.000000,0.000000,0.000000,0.466833,0.885286,0.209781,-0.086435,0.053117,-0.032927,0.999911,0.002189,-0.000908,0.013103,0.009394,-0.003508,0.000995,0.253061,-0.004985,0.002476,-0.002391,0.000246,0.000811,0.009781,0.002012,0.006459,-0.032927,0.999911,0.002189,-0.000908,0.013103,0.009394,-0.003508,0.000995
6,41.669125,91,relative,30,5.616036,0.100000,0.466587,0.884475,0.200000,-0.088448,0.046659,0.000000,0.000000,0.000000,0.000000,0.000000,0.000000,0.000000,0.000000,0.466984,0.885844,0.199398,-0.088625,0.047045,-0.100841,0.999908,0.002891,-0.001157,0.013172,0.008621,-0.003123,0.000784,0,0,0,0,0.000397,0.001369,-0.000602,-0.000178,0.000386,-0.100841,0.999908,0.002891,-0.001157,0.013172,0.008621,-0.003123,0.000784
7,150.674783,305,relative,0,0.000000,0.200000,0.462158,0.886798,0.200000,-0.088680,0.046216,0.000000,0.000000,0.000000,0.000000,0.000000,0.000000,0.000000,0.000000,0.000365,0.001544,1.785169,0.008583,0.025879,-0.331299,0.999987,-0.004904,0.001152,0.000186,-0.023334,-0.002352,0.010994,0.261811,-0.075112,0.054845,-0.003177,-0.461793,-0.885254,1.585169,0.097263,-0.020337,-0.331299,0.999987,-0.004904,0.001152,0.000186,-0.023334,-0.002352,0.010994
7,150.674783,305,relative,1,0.200000,0.200000,0.462158,0.886798,0.200000,-0.088680,0.046216,0.000000,0.000000,0.000000,0.000000,0.000000,0.000000,0.000000,0.000000,0.020361,-0.000094,1.716629,0.014216,0.052170,-0.354124,0.999966,-0.007987,0.001467,0.001269,-0.038361,0.008566,0.010632,0.264925,-0.010294,0.020139,-0.002925,-0.441797,-0.886891,1.516629,0.102896,0.005955,-0.354124,0.999966,-0.007987,0.001467,0.001269,-0.038361,0.008566,0.010632
7,150.674783,305,relative,2,0.400000,0.200000,0.462158,0.886798,0.200000,-0.088680,0.046216,0.000000,0.000000,0.000000,0.000000,0.000000,0.000000,0.000000,0.000000,0.041728,0.004919,1.645810,0.022775,0.092968,-0.354125,0.999923,-0.011927,0.002526,0.002313,-0.040437,0.012532,0.010300,0.264977,0.037694,-0.006509,-0.002918,-0.420430,-0.881878,1.445810,0.111455,0.046752,-0.354125,0.999923,-0.011927,0.002526,0.002313,-0.040437,0.012532,0.010300
7,150.674783,305,relative,3,0.600000,0.200000,0.462158,0.886798,0.200000,-0.088680,0.046216,0.000000,0.000000,0.000000,0.000000,0.000000,0.000000,0.000000,0.000000,0.065249,0.019636,1.574991,0.035835,0.149036,-0.354127,0.999866,-0.015594,0.003714,0.003321,-0.032916,0.011173,0.009968,0.265032,0.074800,-0.026299,-0.003014,-0.396909,-0.867161,1.374991,0.124515,0.102820,-0.354127,0.999866,-0.015594,0.003714,0.003321,-0.032916,0.011173,0.009968
7,150.674783,305,relative,4,0.800000,0.200000,0.462158,0.886798,0.200000,-0.088680,0.046216,0.000000,0.000000,0.000000,0.000000,0.000000,0.000000,0.000000,0.000000,0.091808,0.046887,1.504172,0.052944,0.217574,-0.354130,0.999816,-0.018137,0.004574,0.004297,-0.017969,0.005876,0.009625,0.265067,0.104125,-0.040201,-0.003152,-0.370350,-0.839910,1.304172,0.141624,0.171358,-0.354130,0.999816,-0.018137,0.004574,0.004297,-0.017969,0.005876,0.009625
7,150.674783,305,relative,5,1.000000,0.200000,0.462158,0.886798,0.200000,-0.088680,0.046216,0.000000,0.000000,0.000000,0.000000,0.000000,0.000000,0.000000,0.000000,0.122039,0.088632,1.433348,0.072125,0.292805,-0.354132,0.999796,-0.018889,0.004772,0.005241,0.002854,-0.002176,0.009267,0.265060,0.117816,-0.045606,-0.003304,-0.340119,-0.798165,1.233348,0.160805,0.246589,-0.354132,0.999796,-0.018889,0.004772,0.005241,0.002854,-0.002176,0.009267
7,150.674783,305,relative,6,1.200000,0.200000,0.462158,0.886798,0.200000,-0.088680,0.046216,0.000000,0.000000,0.000000,0.000000,0.000000,0.000000,0.000000,0.000000,0.156071,0.145438,1.362518,0.090398,0.366724,-0.354131,0.999821,-0.017418,0.004125,0.006155,0.026426,-0.011277,0.008891,0.265009,0.106499,-0.039826,-0.003452,-0.306087,-0.741359,1.162518,0.179078,0.320508,-0.354131,0.999821,-0.017418,0.004125,0.006155,0.026426,-0.011277,0.008891
7,150.674783,305,relative,7,1.400000,0.200000,0.462158,0.886798,0.200000,-0.088680,0.046216,0.000000,0.000000,0.000000,0.000000,0.000000,0.000000,0.000000,0.000000,0.193388,0.216147,1.291684,0.104448,0.430355,-0.354127,0.999878,-0.013697,0.002640,0.007035,0.047746,-0.019193,0.008499,0.264939,0.064804,-0.022117,-0.003594,-0.268770,-0.670651,1.091684,0.193127,0.384139,-0.354127,0.999878,-0.013697,0.002640,0.007035,0.047746,-0.019193,0.008499
7,150.674783,305,relative,8,1.600000,0.200000,0.462158,0.886798,0.200000,-0.088680,0.046216,0.000000,0.000000,0.000000,0.000000,0.000000,0.000000,0.000000,0.000000,0.232848,0.297864,1.220850,0.111452,0.475680,-0.354123,0.999935,-0.008256,0.000553,0.007880,0.060734,-0.023548,0.008090,0.264886,0.014812,-0.001543,-0.003723,-0.229310,-0.588934,1.020850,0.200132,0.429464,-0.354123,0.999935,-0.008256,0.000553,0.007880,0.060734,-0.023548,0.008090
7,150.674783,305,relative,9,1.800000,0.200000,0.462158,0.886798,0.200000,-0.088680,0.046216,0.000000,0.000000,0.000000,0.000000,0.000000,0.000000,0.000000,0.000000,0.272862,0.386366,1.150022,0.109852,0.497682,-0.354122,0.999959,-0.002014,-0.001758,0.008684,0.063724,-0.023782,0.007667,0.264877,-0.028844,0.015964,-0.003847,-0.189296,-0.500431,0.950022,0.198532,0.451466,-0.354122,0.999959,-0.002014,-0.001758,0.008684,0.063724,-0.023782,0.007667
7,150.674783,305,relative,10,2.000000,0.200000,0.462158,0.886798,0.200000,-0.088680,0.046216,0.000000,0.000000,0.000000,0.000000,0.000000,0.000000,0.000000,0.000000,0.311678,0.476801,1.079199,0.099573,0.495094,-0.354123,0.999939,0.004089,-0.003919,0.009443,0.057981,-0.020521,0.007229,0.264908,-0.057580,0.026902,-0.003970,-0.150480,-0.409996,0.879199,0.188253,0.448878,-0.354123,0.999939,0.004089,-0.003919,0.009443,0.057981,-0.020521,0.007229
7,150.674783,305,relative,11,2.200000,0.200000,0.462158,0.886798,0.200000,-0.088680,0.046216,0.000000,0.000000,0.000000,0.000000,0.000000,0.000000,0.000000,0.000000,0.347662,0.564410,1.008380,0.081806,0.469983,-0.354125,0.999889,0.009326,-0.005652,0.010157,0.046484,-0.015085,0.006778,0.264961,-0.069802,0.030748,-0.004095,-0.114496,-0.322388,0.808380,0.170486,0.423767,-0.354125,0.999889,0.009326,-0.005652,0.010157,0.046484,-0.015085,0.006778
7,150.674783,305,relative,12,2.400000,0.200000,0.462158,0.886798,0.200000,-0.088680,0.046216,0.000000,0.000000,0.000000,0.000000,0.000000,0.000000,0.000000,0.000000,0.379505,0.645092,0.937561,0.058534,0.426669,-0.354127,0.999830,0.013285,-0.006817,0.010823,0.032535,-0.008896,0.006312,0.265011,-0.070114,0.029416,-0.004216,-0.082653,-0.241706,0.737561,0.147214,0.380454,-0.354127,0.999830,0.013285,-0.006817,0.010823,0.032535,-0.008896,0.006312
7,150.674783,305,relative,13,2.600000,0.200000,0.462158,0.886798,0.200000,-0.088680,0.046216,0.000000,0.000000,0.000000,0.000000,0.000000,0.000000,0.000000,0.000000,0.406332,0.715734,0.866741,0.032025,0.370510,-0.354129,0.999782,0.015839,-0.007392,0.011439,0.018518,-0.002989,0.005833,0.265044,-0.069720,0.027412,-0.004328,-0.055826,-0.171063,0.666741,0.120705,0.324294,-0.354129,0.999782,0.015839,-0.007392,0.011439,0.018518,-0.002989,0.005833
7,150.674783,305,relative,14,2.800000,0.200000,0.462158,0.886798,0.200000,-0.088680,0.046216,0.000000,0.000000,0.000000,0.000000,0.000000,0.000000,0.000000,0.000000,0.427718,0.774322,0.795918,0.004479,0.307046,-0.354130,0.999756,0.016989,-0.007412,0.012006,0.004574,0.002504,0.005341,0.265051,-0.067070,0.024435,-0.004422,-0.034440,-0.112475,0.595918,0.093159,0.260830,-0.354130,0.999756,0.016989,-0.007412,0.012006,0.004574,0.002504,0.005341
7,150.674783,305,relative,15,3.000000,0.200000,0.462158,0.886798,0.200000,-0.088680,0.046216,0.000000,0.000000,0.000000,0.000000,0.000000,0.000000,0.000000,0.000000,0.443662,0.819947,0.725091,-0.022080,0.241774,-0.354130,0.999757,0.016766,-0.006928,0.012522,-0.008843,0.007389,0.004838,0.265030,-0.059110,0.019663,-0.004524,-0.018496,-0.066851,0.525091,0.066600,0.195558,-0.354130,0.999757,0.016766,-0.006928,0.012522,-0.008843,0.007389,0.004838
7,150.674783,305,relative,16,3.200000,0.200000,0.462158,0.886798,0.200000,-0.088680,0.046216,0.000000,0.000000,0.000000,0.000000,0.000000,0.000000,0.000000,0.000000,0.454543,0.852777,0.654261,-0.045886,0.179943,-0.354129,0.999781,0.015276,-0.006020,0.012985,-0.020672,0.011311,0.004324,0.264991,-0.046796,0.013697,-0.004606,-0.007615,-0.034021,0.454261,0.042794,0.133727,-0.354129,0.999781,0.015276,-0.006020,0.012985,-0.020672,0.011311,0.004324
7,150.674783,305,relative,17,3.400000,0.200000,0.462158,0.886798,0.200000,-0.088680,0.046216,0.000000,0.000000,0.000000,0.000000,0.000000,0.000000,0.000000,0.000000,0.461058,0.873978,0.583430,-0.065536,0.126182,-0.354127,0.999818,0.012722,-0.004792,0.013396,-0.030039,0.014035,0.003800,0.264945,-0.030482,0.006770,-0.004644,-0.001100,-0.012819,0.383430,0.023144,0.079966,-0.354127,0.999818,0.012722,-0.004792,0.013396,-0.030039,0.014035,0.003800
7,150.674783,305,relative,18,3.600000,0.200000,0.462158,0.886798,0.200000,-0.088680,0.046216,0.000000,0.000000,0.000000,0.000000,0.000000,0.000000,0.000000,0.000000,0.464142,0.885549,0.512599,-0.080078,0.084145,-0.354126,0.999856,0.009392,-0.003371,0.013752,-0.036143,0.015372,0.003272,0.264905,0.000091,-0.004683,-0.004712,0.001984,-0.001249,0.312599,0.008602,0.037929,-0.354126,0.999856,0.009392,-0.003371,0.013752,-0.036143,0.015372,0.003272
7,150.674783,305,relative,19,3.800000,0.200000,0.462158,0.886798,0.200000,-0.088680,0.046216,0.000000,0.000000,0.000000,0.000000,0.000000,0.000000,0.000000,0.000000,0.464868,0.890087,0.441770,-0.089117,0.056052,-0.354125,0.999883,0.005757,-0.001934,0.014054,-0.036132,0.014418,0.002736,0.264880,0.039480,-0.018570,-0.004804,0.002710,0.003289,0.241770,-0.000437,0.009836,-0.354125,0.999883,0.005757,-0.001934,0.014054,-0.036132,0.014418,0.002736
7,150.674783,305,relative,20,4.000000,0.200000,0.462158,0.886798,0.200000,-0.088680,0.046216,0.000000,0.000000,0.000000,0.000000,0.000000,0.000000,0.000000,0.000000,0.464310,0.890413,0.370943,-0.093065,0.041773,-0.354125,0.999894,0.002521,-0.000725,0.014301,-0.028241,0.010692,0.002190,0.264871,0.064778,-0.026924,-0.004890,0.002152,0.003616,0.170943,-0.004386,-0.004443,-0.354125,0.999894,0.002521,-0.000725,0.014301,-0.028241,0.010692,0.002190
7,150.674783,305,relative,21,4.200000,0.200000,0.462158,0.886798,0.200000,-0.088680,0.046216,0.000000,0.000000,0.000000,0.000000,0.000000,0.000000,0.000000,0.000000,0.463367,0.889039,0.300117,-0.093235,0.038358,-0.354126,0.999895,0.000333,0.000043,0.014493,-0.015287,0.005301,0.001634,0.282798,0.072806,-0.028625,-0.004971,0.001209,0.002242,0.100117,-0.004556,-0.007858,-0.354126,0.999895,0.000333,0.000043,0.014493,-0.015287,0.005301,0.001634
7,150.674783,305,relative,22,4.400000,0.050000,0.462158,0.886798,0.200000,-0.088680,0.046216,0.000000,0.000000,0.000000,0.000000,0.000000,0.000000,0.000000,0.000000,0.462618,0.887670,0.242572,-0.091465,0.040944,-0.221329,0.999893,-0.000471,0.000275,0.014628,-0.000727,-0.000426,0.001069,0.336581,0.054284,-0.020620,-0.004985,0.000460,0.000872,0.042572,-0.002785,-0.005272,-0.221329,0.999893,-0.000471,0.000275,0.014628,-0.000727,-0.000426,0.001069
7,150.674783,305,relative,23,4.450000,0.050000,0.462158,0.886798,0.200000,-0.088680,0.046216,0.000000,0.000000,0.000000,0.000000,0.000000,0.000000,0.000000,0.000000,0.462492,0.887432,0.234825,-0.090912,0.041977,-0.088532,0.999893,-0.000455,0.000252,0.014653,0.001988,-0.001457,0.000927,0.264870,0.035592,-0.013097,-0.004895,0.000334,0.000635,0.034825,-0.002232,-0.004239,-0.088532,0.999893,-0.000455,0.000252,0.014653,0.001988,-0.001457,0.000927
7,150.674783,305,relative,24,4.500000,0.050000,0.462158,0.886798,0.200000,-0.088680,0.046216,0.000000,0.000000,0.000000,0.000000,0.000000,0.000000,0.000000,0.000000,0.462392,0.887242,0.230399,-0.090460,0.042838,-0.088532,0.999892,-0.000382,0.000208,0.014675,0.003767,-0.002111,0.000788,0.264870,0.016480,-0.005899,-0.004736,0.000234,0.000445,0.030399,-0.001780,-0.003378,-0.088532,0.999892,-0.000382,0.000208,0.014675,0.003767,-0.002111,0.000788
7,150.674783,305,relative,25,4.550000,0.050000,0.462158,0.886798,0.200000,-0.088680,0.046216,0.000000,0.000000,0.000000,0.000000,0.000000,0.000000,0.000000,0.000000,0.462314,0.887093,0.225972,-0.090056,0.043609,-0.088532,0.999892,-0.000277,0.000153,0.014693,0.004591,-0.002406,0.000653,0.264870,-0.010696,0.004186,-0.004671,0.000156,0.000295,0.025972,-0.001376,-0.002607,-0.088532,0.999892,-0.000277,0.000153,0.014693,0.004591,-0.002406,0.000653
7,150.674783,305,relative,26,4.600000,0.050000,0.462158,0.886798,0.200000,-0.088680,0.046216,0.000000,0.000000,0.000000,0.000000,0.000000,0.000000,0.000000,0.000000,0.462254,0.886980,0.221546,-0.089706,0.044272,-0.088532,0.999892,-0.000168,0.000097,0.014707,0.004056,-0.002197,0.000521,0.264870,-0.026853,0.011267,-0.004632,0.000096,0.000182,0.021546,-0.001026,-0.001944,-0.088532,0.999892,-0.000168,0.000097,0.014707,0.004056,-0.002197,0.000521
7,150.674783,305,relative,27,4.650000,0.050000,0.462158,0.886798,0.200000,-0.088680,0.046216,0.000000,0.000000,0.000000,0.000000,0.000000,0.000000,0.000000,0.000000,0.462210,0.886897,0.217119,-0.089405,0.044837,-0.088532,0.999892,-0.000083,0.000051,0.014719,0.002714,-0.001633,0.000389,0.264870,-0.021723,0.011991,-0.004595,0.000052,0.000099,0.017119,-0.000726,-0.001379,-0.088532,0.999892,-0.000083,0.000051,0.014719,0.002714,-0.001633,0.000389
7,150.674783,305,relative,28,4.700000,0.050000,0.462158,0.886798,0.200000,-0.088680,0.046216,0.000000,0.000000,0.000000,0.000000,0.000000,0.000000,0.000000,0.000000,0.462181,0.886841,0.212693,-0.089143,0.045333,-0.088532,0.999892,-0.000028,0.000018,0.014727,0.001628,-0.001034,0.000258,0.264870,-0.015359,0.010598,-0.004564,0.000023,0.000043,0.012693,-0.000463,-0.000883,-0.088532,0.999892,-0.000028,0.000018,0.014727,0.001628,-0.001034,0.000258
7,150.674783,305,relative,29,4.750000,0.050000,0.462158,0.886798,0.200000,-0.088680,0.046216,0.000000,0.000000,0.000000,0.000000,0.000000,0.000000,0.000000,0.000000,0.462163,0.886808,0.208266,-0.088904,0.045787,-0.088532,0.999891,0.000003,-0.000001,0.014732,0.000860,-0.000504,0.000129,0.258438,-0.017374,0.010172,-0.004531,0.000005,0.000010,0.008266,-0.000225,-0.000429,-0.088532,0.999891,0.000003,-0.000001,0.014732,0.000860,-0.000504,0.000129
7,150.674783,305,relative,30,4.800000,0.100000,0.462158,0.886798,0.200000,-0.088680,0.046216,0.000000,0.000000,0.000000,0.000000,0.000000,0.000000,0.000000,0.000000,0.462158,0.886797,0.203542,-0.088678,0.046220,-0.100443,0.999891,0.000014,-0.000007,0.014733,-0.000009,0.000005,-0.000000,0,0,0,0,-0.000000,-0.000000,0.003542,0.000002,0.000004,-0.100443,0.999891,0.000014,-0.000007,0.014733,-0.000009,0.000005,-0.000000
8,48.401259,93,relative,0,0.000000,0.199943,0.448804,0.893630,0.200000,-0.089363,0.044880,0.000000,0.000000,0.000000,0.000000,0.000000,0.000000,0.000000,0.000000,0.001626,0.005668,1.666073,0.008110,0.066467,-1.205078,0.999888,-0.014958,-0.000054,0.000641,0.046326,-0.003326,-0.003128,0.261063,-1.388298,0.610949,0.022241,-0.447179,-0.887962,1.466073,0.097473,0.021587,-1.205078,0.999888,-0.014958,-0.000054,0.000641,0.046326,-0.003326,-0.003128
8,48.401259,93,relative,1,0.199943,0.199979,0.448804,0.893630,0.200000,-0.089363,0.044880,0.000000,0.000000,0.000000,0.000000,0.000000,0.000000,0.000000,0.000000,0.021530,0.016241,1.422207,0.015981,0.135014,-1.234523,0.999691,-0.024203,0.005712,0.000376,-0.231242,0.118847,-0.000600,0.265835,0.269577,-0.118489,0.017397,-0.427274,-0.877389,1.222207,0.105344,0.090133,-1.234523,0.999691,-0.024203,0.005712,0.000376,-0.231242,0.118847,-0.000600
8,48.401259,93,relative,2,0.399922,0.199948,0.448804,0.893630,0.200000,-0.089363,0.044880,0.000000,0.000000,0.000000,0.000000,0.000000,0.000000,0.000000,0.000000,0.046410,0.046826,1.175605,0.061117,0.273992,-1.232833,0.998869,-0.044618,0.016399,0.000271,-0.177338,0.095141,0.001378,0.292977,0.909965,-0.441874,0.015204,-0.402394,-0.846805,0.975605,0.150480,0.229111,-1.232833,0.998869,-0.044618,0.016399,0.000271,-0.177338,0.095141,0.001378
8,48.401259,93,relative,3,0.599870,0.199740,0.448804,0.893630,0.200000,-0.089363,0.044880,0.000000,0.000000,0.000000,0.000000,0.000000,0.000000,0.000000,0.000000,0.084740,0.114047,0.948709,0.147220,0.494367,-1.037470,0.998350,-0.053238,0.021495,0.000406,0.004592,0.006763,0.003107,0.285529,0.954809,-0.468840,0.011912,-0.364064,-0.779583,0.748709,0.236583,0.449486,-1.037470,0.998350,-0.053238,0.021495,0.000406,0.004592,0.006763,0.003107
8,48.401259,93,relative,4,0.799610,0.199718,0.448804,0.893630,0.200000,-0.089363,0.044880,0.000000,0.000000,0.000000,0.000000,0.000000,0.000000,0.000000,0.000000,0.140898,0.225703,0.755441,0.233574,0.706422,-0.896938,0.998910,-0.043259,0.017526,0.000779,0.195330,-0.086822,0.004459,0.284772,0.590516,-0.283169,0.008091,-0.307906,-0.667927,0.555441,0.322937,0.661542,-0.896938,0.998910,-0.043259,0.017526,0.000779,0.195330,-0.086822,0.004459
8,48.401259,93,relative,5,0.999328,0.200000,0.448804,0.893630,0.200000,-0.089363,0.044880,0.000000,0.000000,0.000000,0.000000,0.000000,0.000000,0.000000,0.000000,0.211431,0.373048,0.590369,0.286021,0.841055,-0.754835,0.999821,-0.017858,0.006090,0.001320,0.313353,-0.143185,0.005378,0.285141,0.002572,0.014705,0.004860,-0.237373,-0.520582,0.390369,0.375384,0.796175,-0.754835,0.999821,-0.017858,0.006090,0.001320,0.313353,-0.143185,0.005378
8,48.401259,93,relative,6,1.199328,0.200000,0.448804,0.893630,0.200000,-0.089363,0.044880,0.000000,0.000000,0.000000,0.000000,0.000000,0.000000,0.000000,0.000000,0.287168,0.535588,0.454366,0.282730,0.851996,-0.605120,0.999874,0.013530,-0.008015,0.001948,0.313989,-0.139975,0.005930,0.260512,-0.646884,0.322283,0.002350,-0.161636,-0.358042,0.254366,0.372093,0.807115,-0.605120,0.999874,0.013530,-0.008015,0.001948,0.313989,-0.139975,0.005930
8,48.401259,93,relative,7,1.399328,0.199794,0.448804,0.893630,0.200000,-0.089363,0.044880,0.000000,0.000000,0.000000,0.000000,0.000000,0.000000,0.000000,0.000000,0.357018,0.688336,0.329834,0.230209,0.749204,-0.641223,0.999081,0.038470,-0.018733,0.002611,0.184711,-0.075289,0.006198,0.378570,-0.589746,0.255408,-0.000261,-0.091786,-0.205294,0.129834,0.319572,0.704324,-0.641223,0.999081,0.038470,-0.018733,0.002611,0.184711,-0.075289,0.006198
8,48.401259,93,relative,8,1.599121,0.181217,0.448804,0.893630,0.200000,-0.089363,0.044880,0.000000,0.000000,0.000000,0.000000,0.000000,0.000000,0.000000,0.000000,0.409394,0.804807,0.284452,0.110828,0.494767,0.185692,0.998411,0.051025,-0.023685,0.003273,0.066930,-0.024142,0.006168,0.084322,-0.638597,0.286629,-0.001296,-0.039410,-0.088823,0.084452,0.200191,0.449887,0.185692,0.998411,0.051025,-0.023685,0.003273,0.066930,-0.024142,0.006168
8,48.401259,93,relative,9,1.780338,0.173495,0.448804,0.893630,0.200000,-0.089363,0.044880,0.000000,0.000000,0.000000,0.000000,0.000000,0.000000,0.000000,0.000000,0.443305,0.881131,0.207966,0.084729,0.437189,-1.029850,0.998371,0.051831,-0.023545,0.003854,-0.048796,0.027807,0.006034,0.599966,-0.390323,0.160624,-0.002154,-0.005499,-0.012499,0.007966,0.174092,0.392309,-1.029850,0.998371,0.051831,-0.023545,0.003854,-0.048796,0.027807,0.006034
8,48.401259,93,relative,10,1.953833,0.145220,0.448804,0.893630,0.200000,-0.089363,0.044880,0.000000,0.000000,0.000000,0.000000,0.000000,0.000000,0.000000,0.000000,0.458646,0.915926,0.214071,-0.082054,0.062876,1.101319,0.998793,0.044643,-0.019986,0.004387,-0.116547,0.055611,0.005822,0.086260,-0.347536,0.154487,-0.002658,0.009842,0.022296,0.014071,0.007309,0.017996,1.101319,0.998793,0.044643,-0.019986,0.004387,-0.116547,0.055611,0.005822
8,48.401259,93,relative,11,2.099053,0.188022,0.448804,0.893630,0.200000,-0.089363,0.044880,0.000000,0.000000,0.000000,0.000000,0.000000,0.000000,0.000000,0.000000,0.458521,0.915834,0.304111,-0.097668,0.027212,0.138888,0.999283,0.034327,-0.015205,0.004811,-0.167058,0.077956,0.005603,0.099744,-0.011262,-0.003168,-0.003043,0.009716,0.022204,0.104111,-0.008305,-0.017669,0.138888,0.999283,0.034327,-0.015205,0.004811,-0.167058,0.077956,0.005603
8,48.401259,93,relative,12,2.287075,0.139006,0.448804,0.893630,0.200000,-0.089363,0.044880,0.000000,0.000000,0.000000,0.000000,0.000000,0.000000,0.000000,0.000000,0.455386,0.908868,0.221988,-0.112748,-0.007879,-1.012204,0.999783,0.018484,-0.008008,0.005332,-0.169236,0.077230,0.005277,0.599873,0.170762,-0.086865,-0.002764,0.006582,0.015238,0.021988,-0.023385,-0.052759,-1.012204,0.999783,0.018484,-0.008008,0.005332,-0.169236,0.077230,0.005277
8,48.401259,93,relative,13,2.426081,0.187079,0.448804,0.893630,0.200000,-0.089363,0.044880,0.000000,0.000000,0.000000,0.000000,0.000000,0.000000,0.000000,0.000000,0.449504,0.895300,0.201045,-0.145646,-0.086262,0.711231,0.999951,0.007517,-0.003128,0.005695,-0.145538,0.065069,0.005059,0.080312,0.252237,-0.119530,-0.003187,0.000700,0.001670,0.001045,-0.056283,-0.131142,0.711231,0.999951,0.007517,-0.003128,0.005695,-0.145538,0.065069,0.005059
8,48.401259,93,relative,14,2.613160,0.199923,0.448804,0.893630,0.200000,-0.089363,0.044880,0.000000,0.000000,0.000000,0.000000,0.000000,0.000000,0.000000,0.000000,0.438920,0.870574,0.214483,-0.145322,-0.086183,-0.567565,0.999972,-0.003921,0.001840,0.006154,-0.098387,0.042623,0.004720,0.438061,0.304305,-0.137813,-0.003133,-0.009884,-0.023056,0.014483,-0.055959,-0.131064,-0.567565,0.999972,-0.003921,0.001840,0.006154,-0.098387,0.042623,0.004720
8,48.401259,93,relative,15,2.813083,0.196502,0.448804,0.893630,0.200000,-0.089363,0.044880,0.000000,0.000000,0.000000,0.000000,0.000000,0.000000,0.000000,0.000000,0.429749,0.848907,0.229166,-0.122131,-0.033424,0.714323,0.999910,-0.010733,0.004681,0.006609,-0.037570,0.015024,0.004364,0.081803,0.221935,-0.096116,-0.003035,-0.019055,-0.044723,0.029166,-0.032768,-0.078305,0.714323,0.999910,-0.010733,0.004681,0.006609,-0.037570,0.015024,0.004364
8,48.401259,93,relative,16,3.009585,0.199960,0.448804,0.893630,0.200000,-0.089363,0.044880,0.000000,0.000000,0.000000,0.000000,0.000000,0.000000,0.000000,0.000000,0.423974,0.835055,0.238610,-0.115268,-0.017499,-0.618210,0.999886,-0.012284,0.005223,0.007023,0.006037,-0.003873,0.004025,0.454508,0.139198,-0.057418,-0.002910,-0.024830,-0.058576,0.038610,-0.025905,-0.062379,-0.618210,0.999886,-0.012284,0.005223,0.007023,0.006037,-0.003873,0.004025
8,48.401259,93,relative,17,3.209545,0.194717,0.448804,0.893630,0.200000,-0.089363,0.044880,0.000000,0.000000,0.000000,0.000000,0.000000,0.000000,0.000000,0.000000,0.422194,0.830758,0.255298,-0.082310,0.062032,0.785183,0.999911,-0.010280,0.004281,0.007410,0.033877,-0.015343,0.003694,0.082554,0.040160,-0.014538,-0.002817,-0.026611,-0.062872,0.055298,0.007053,0.017151,0.785183,0.999911,-0.010280,0.004281,0.007410,0.033877,-0.015343,0.003694
8,48.401259,93,relative,18,3.404262,0.199971,0.448804,0.893630,0.200000,-0.089363,0.044880,0.000000,0.000000,0.000000,0.000000,0.000000,0.000000,0.000000,0.000000,0.424081,0.835327,0.280166,-0.077342,0.073920,-0.529734,0.999945,-0.006587,0.002681,0.007756,0.041706,-0.018154,0.003382,0.396203,-0.005455,0.004955,-0.002769,-0.024723,-0.058304,0.080166,0.012021,0.029040,-0.529734,0.999945,-0.006587,0.002681,0.007756,0.041706,-0.018154,0.003382
8,48.401259,93,relative,19,3.604233,0.197990,0.448804,0.893630,0.200000,-0.089363,0.044880,0.000000,0.000000,0.000000,0.000000,0.000000,0.000000,0.000000,0.000000,0.427781,0.844374,0.271472,-0.066044,0.102276,0.442814,0.999964,-0.002457,0.000951,0.008079,0.040624,-0.017143,0.003067,0.080458,-0.064662,0.028756,-0.002744,-0.021023,-0.049256,0.071472,0.023319,0.057395,0.442814,0.999964,-0.002457,0.000951,0.008079,0.040624,-0.017143,0.003067
8,48.401259,93,relative,20,3.802223,0.150329,0.448804,0.893630,0.200000,-0.089363,0.044880,0.000000,0.000000,0.000000,0.000000,0.000000,0.000000,0.000000,0.000000,0.432536,0.856055,0.225274,-0.064912,0.104815,-0.909474,0.999964,0.000943,-0.000435,0.008367,0.027827,-0.011435,0.002758,0.599812,-0.050808,0.022334,-0.002644,-0.016268,-0.037575,0.025274,0.024451,0.059935,-0.909474,0.999964,0.000943,-0.000435,0.008367,0.027827,-0.011435,0.002758
8,48.401259,93,relative,21,3.952552,0.197738,0.448804,0.893630,0.200000,-0.089363,0.044880,0.000000,0.000000,0.000000,0.000000,0.000000,0.000000,0.000000,0.000000,0.435920,0.864363,0.228724,-0.069574,0.093448,0.955359,0.999959,0.002753,-0.001153,0.008566,0.020192,-0.008070,0.002532,0.080926,-0.099599,0.041009,-0.002701,-0.012884,-0.029267,0.028724,0.019789,0.048568,0.955359,0.999959,0.002753,-0.001153,0.008566,0.020192,-0.008070,0.002532
8,48.401259,93,relative,22,4.150289,0.199949,0.448804,0.893630,0.200000,-0.089363,0.044880,0.000000,0.000000,0.000000,0.000000,0.000000,0.000000,0.000000,0.000000,0.439766,0.873758,0.284443,-0.070326,0.091136,-0.391796,0.999953,0.003779,-0.001542,0.008801,0.000499,0.000043,0.002229,0.304594,-0.040790,0.016308,-0.002699,-0.009038,-0.019872,0.084443,0.019037,0.046256,-0.391796,0.999953,0.003779,-0.001542,0.008801,0.000499,0.000043,0.002229
8,48.401259,93,relative,23,4.350239,0.199886,0.448804,0.893630,0.200000,-0.089363,0.044880,0.000000,0.000000,0.000000,0.000000,0.000000,0.000000,0.000000,0.000000,0.442995,0.881498,0.235507,-0.075990,0.076317,-0.097686,0.999953,0.003420,-0.001379,0.009009,-0.007657,0.003302,0.001922,0.371081,0.007379,-0.003879,-0.002686,-0.005810,-0.012132,0.035507,0.013373,0.031436,-0.097686,0.999953,0.003420,-0.001379,0.009009,-0.007657,0.003302,0.001922
8,48.401259,93,relative,24,4.550125,0.182781,0.448804,0.893630,0.200000,-0.089363,0.044880,0.000000,0.000000,0.000000,0.000000,0.000000,0.000000,0.000000,0.000000,0.445072,0.886210,0.294560,-0.081699,0.061228,0.688557,0.999953,0.002725,-0.001095,0.009186,-0.006183,0.002525,0.001617,0.081048,-0.016782,0.002793,-0.002680,-0.003733,-0.007420,0.094560,0.007664,0.016347,0.688557,0.999953,0.002725,-0.001095,0.009186,-0.006183,0.002525,0.001617
8,48.401259,93,relative,25,4.732906,0.199885,0.448804,0.893630,0.200000,-0.089363,0.044880,0.000000,0.000000,0.000000,0.000000,0.000000,0.000000,0.000000,0.000000,0.446448,0.889095,0.306687,-0.081924,0.060223,-0.555865,0.999954,0.002018,-0.000847,0.009321,-0.009251,0.003034,0.001338,0.387399,0.017850,-0.007801,-0.002719,-0.002356,-0.004536,0.106687,0.007439,0.015343,-0.555865,0.999954,0.002018,-0.000847,0.009321,-0.009251,0.003034,0.001338
8,48.401259,93,relative,26,4.932791,0.189487,0.448804,0.893630,0.200000,-0.089363,0.044880,0.000000,0.000000,0.000000,0.000000,0.000000,0.000000,0.000000,0.000000,0.447597,0.891339,0.286234,-0.085102,0.052715,0.351221,0.999954,0.001269,-0.000629,0.009439,-0.005684,0.001474,0.001029,0.080364,0.009020,-0.003095,-0.002722,-0.001207,-0.002291,0.086234,0.004261,0.007835,0.351221,0.999954,0.001269,-0.000629,0.009439,-0.005684,0.001474,0.001029
8,48.401259,93,relative,27,5.122278,0.106541,0.448804,0.893630,0.200000,-0.089363,0.044880,0.000000,0.000000,0.000000,0.000000,0.000000,0.000000,0.000000,0.000000,0.448423,0.892866,0.230105,-0.084885,0.053245,-0.943648,0.999954,0.000811,-0.000522,0.009522,-0.003975,0.000887,0.000736,0.599977,0.025696,-0.006851,-0.002709,-0.000381,-0.000764,0.030105,0.004478,0.008364,-0.943648,0.999954,0.000811,-0.000522,0.009522,-0.003975,0.000887,0.000736
8,48.401259,93,relative,28,5.228819,0.075867,0.448804,0.893630,0.200000,-0.089363,0.044880,0.000000,0.000000,0.000000,0.000000,0.000000,0.000000,0.000000,0.000000,0.448799,0.893617,0.200008,-0.086768,0.050723,0.378665,0.999954,0.000672,-0.000495,0.009557,-0.001237,0.000156,0.000572,0.080370,0.019998,-0.005734,-0.002110,-0.000005,-0.000013,0.000008,0.002595,0.005842,0.378665,0.999954,0.000672,-0.000495,0.009557,-0.001237,0.000156,0.000572
8,48.401259,93,relative,29,5.304686,0.132246,0.448804,0.893630,0.200000,-0.089363,0.044880,0.000000,0.000000,0.000000,0.000000,0.000000,0.000000,0.000000,0.000000,0.449000,0.894074,0.209071,-0.086648,0.051102,-0.139761,0.999954,0.000653,-0.000498,0.009577,0.000280,-0.000279,0.000481,0.273437,-0.005648,0.004156,-0.002384,0.000196,0.000444,0.009071,0.002715,0.006221,-0.139761,0.999954,0.000653,-0.000498,0.009577,0.000280,-0.000279,0.000481
8,48.401259,93,relative,30,5.436932,0.100000,0.448804,0.893630,0.200000,-0.089363,0.044880,0.000000,0.000000,0.000000,0.000000,0.000000,0.000000,0.000000,0.000000,0.449311,0.894858,0.193362,-0.087380,0.050518,-0.097803,0.999954,0.000647,-0.000498,0.009603,-0.000467,0.000271,0.000302,0,0,0,0,0.000507,0.001228,-0.006638,0.001983,0.005637,-0.097803,0.999954,0.000647,-0.000498,0.009603,-0.000467,0.000271,0.000302
9,170.274515,332,relative,0,0.000000,0.200000,0.444330,0.895863,0.200000,-0.089586,0.044433,0.000000,0.000000,0.000000,0.000000,0.000000,0.000000,0.000000,0.000000,0.002020,0.007854,1.606183,0.007240,0.075500,-1.066406,0.999916,-0.012984,-0.000286,0.000529,0.109356,-0.014275,-0.004598,0.359851,-0.656954,0.205753,0.003204,-0.442311,-0.888009,1.406183,0.096827,0.031067,-1.066406,0.999916,-0.012984,-0.000286,0.000529,0.109356,-0.014275,-0.004598
9,170.274515,332,relative,1,0.200000,0.200000,0.444330,0.895863,0.200000,-0.089586,0.044433,0.000000,0.000000,0.000000,0.000000,0.000000,0.000000,0.000000,0.000000,0.021248,0.019809,1.463198,0.006427,0.129036,-0.363368,0.999963,-0.008619,0.000339,0.000085,-0.022031,0.026846,-0.004233,0.264930,-0.206601,0.044020,0.002854,-0.423083,-0.876054,1.263198,0.096013,0.084603,-0.363368,0.999963,-0.008619,0.000339,0.000085,-0.022031,0.026846,-0.004233
9,170.274515,332,relative,2,0.400000,0.200000,0.444330,0.895863,0.200000,-0.089586,0.044433,0.000000,0.000000,0.000000,0.000000,0.000000,0.000000,0.000000,0.000000,0.041052,0.040714,1.390530,0.014489,0.171676,-0.363374,0.999911,-0.012887,0.003461,-0.000346,-0.063332,0.035676,-0.003909,0.265016,0.073855,-0.061700,0.002807,-0.403278,-0.855149,1.190530,0.104076,0.127243,-0.363374,0.999911,-0.012887,0.003461,-0.000346,-0.063332,0.035676,-0.003909
9,170.274515,332,relative,3,0.600000,0.200000,0.444330,0.895863,0.200000,-0.089586,0.044433,0.000000,0.000000,0.000000,0.000000,0.000000,0.000000,0.000000,0.000000,0.063744,0.072180,1.317868,0.035191,0.235507,-0.363385,0.999808,-0.018480,0.006410,-0.000739,-0.048544,0.023368,-0.003590,0.265111,0.248318,-0.119734,0.002869,-0.380587,-0.823683,1.117868,0.124777,0.191074,-0.363385,0.999808,-0.018480,0.006410,-0.000739,-0.048544,0.023368,-0.003590
9,170.274515,332,relative,4,0.800000,0.200000,0.444330,0.895863,0.200000,-0.089586,0.044433,0.000000,0.000000,0.000000,0.000000,0.000000,0.000000,0.000000,0.000000,0.091539,0.118301,1.245197,0.064336,0.316118,-0.363392,0.999754,-0.020852,0.007545,-0.001087,0.001126,-0.000566,-0.003264,0.283525,0.239655,-0.106252,0.002864,-0.352792,-0.777562,1.045197,0.153922,0.271685,-0.363392,0.999754,-0.020852,0.007545,-0.001087,0.001126,-0.000566,-0.003264
9,170.274515,332,relative,5,1.000000,0.050000,0.444330,0.895863,0.200000,-0.089586,0.044433,0.000000,0.000000,0.000000,0.000000,0.000000,0.000000,0.000000,0.000000,0.125507,0.181387,1.186139,0.095391,0.401855,-0.227107,0.999810,-0.018347,0.006417,-0.001393,0.049051,-0.021828,-0.002938,0.338689,0.116509,-0.051327,0.000940,-0.318823,-0.714476,0.986139,0.184977,0.357422,-0.227107,0.999810,-0.018347,0.006417,-0.001393,0.049051,-0.021828,-0.002938
9,170.274515,332,relative,6,1.050000,0.050000,0.444330,0.895863,0.200000,-0.089586,0.044433,0.000000,0.000000,0.000000,0.000000,0.000000,0.000000,0.000000,0.000000,0.134958,0.199832,1.178190,0.103335,0.424504,-0.090846,0.999837,-0.017050,0.005836,-0.001464,0.054874,-0.024400,-0.002911,0.265028,0.163549,-0.065819,0.002584,-0.309372,-0.696031,0.978190,0.192921,0.380071,-0.090846,0.999837,-0.017050,0.005836,-0.001464,0.054874,-0.024400,-0.002911
9,170.274515,332,relative,7,1.100000,0.050000,0.444330,0.895863,0.200000,-0.089586,0.044433,0.000000,0.000000,0.000000,0.000000,0.000000,0.000000,0.000000,0.000000,0.144748,0.219253,1.173648,0.108994,0.440971,-0.090846,0.999864,-0.015577,0.005181,-0.001533,0.063049,-0.027698,-0.002838,0.264998,0.108899,-0.042895,0.002269,-0.299582,-0.676610,0.973648,0.198580,0.396538,-0.090846,0.999864,-0.015577,0.005181,-0.001533,0.063049,-0.027698,-0.002838
9,170.274515,332,relative,8,1.150000,0.050000,0.444330,0.895863,0.200000,-0.089586,0.044433,0.000000,0.000000,0.000000,0.000000,0.000000,0.000000,0.000000,0.000000,0.154805,0.239460,1.169105,0.113973,0.455903,-0.090846,0.999892,-0.013934,0.004458,-0.001601,0.068491,-0.029849,-0.002773,0.264970,0.056847,-0.022292,0.001676,-0.289526,-0.656403,0.969105,0.203559,0.411470,-0.090846,0.999892,-0.013934,0.004458,-0.001601,0.068491,-0.029849,-0.002773
9,170.274515,332,relative,9,1.200000,0.050000,0.444330,0.895863,0.200000,-0.089586,0.044433,0.000000,0.000000,0.000000,0.000000,0.000000,0.000000,0.000000,0.000000,0.165092,0.260372,1.164563,0.118219,0.469167,-0.090846,0.999918,-0.012188,0.003694,-0.001666,0.071330,-0.030971,-0.002726,0.264944,0.057857,-0.019460,0.002102,-0.279239,-0.635491,0.964563,0.207805,0.424734,-0.090846,0.999918,-0.012188,0.003694,-0.001666,0.071330,-0.030971,-0.002726
9,170.274515,332,relative,10,1.250000,0.050000,0.444330,0.895863,0.200000,-0.089586,0.044433,0.000000,0.000000,0.000000,0.000000,0.000000,0.000000,0.000000,0.000000,0.175572,0.281904,1.160020,0.121699,0.480683,-0.090845,0.999941,-0.010371,0.002904,-0.001731,0.074219,-0.031952,-0.002666,0.264921,0.015389,-0.003079,0.001450,-0.268758,-0.613959,0.960020,0.211285,0.436250,-0.090845,0.999941,-0.010371,0.002904,-0.001731,0.074219,-0.031952,-0.002666
9,170.274515,332,relative,11,1.300000,0.050000,0.444330,0.895863,0.200000,-0.089586,0.044433,0.000000,0.000000,0.000000,0.000000,0.000000,0.000000,0.000000,0.000000,0.186207,0.303967,1.155478,0.124392,0.490389,-0.090845,0.999960,-0.008507,0.002099,-0.001794,0.074986,-0.032113,-0.002625,0.264902,-0.014435,0.010438,0.001859,-0.258123,-0.591896,0.955478,0.213979,0.445956,-0.090845,0.999960,-0.008507,0.002099,-0.001794,0.074986,-0.032113,-0.002625
9,170.274515,332,relative,12,1.350000,0.050000,0.444330,0.895863,0.200000,-0.089586,0.044433,0.000000,0.000000,0.000000,0.000000,0.000000,0.000000,0.000000,0.000000,0.196957,0.326469,1.150935,0.126294,0.498265,-0.090845,0.999975,-0.006643,0.001299,-0.001856,0.074261,-0.031599,-0.002572,0.264888,0.010209,-0.002543,0.000471,-0.247373,-0.569394,0.950935,0.215880,0.453832,-0.090845,0.999975,-0.006643,0.001299,-0.001856,0.074261,-0.031599,-0.002572
9,170.274515,332,relative,13,1.400000,0.050000,0.444330,0.895863,0.200000,-0.089586,0.044433,0.000000,0.000000,0.000000,0.000000,0.000000,0.000000,0.000000,0.000000,0.207782,0.349320,1.146393,0.127411,0.504317,-0.090845,0.999987,-0.004782,0.000504,-0.001918,0.074768,-0.031733,-0.002558,0.264878,-0.004569,0.003659,0.000504,-0.236548,-0.546543,0.946393,0.216998,0.459884,-0.090845,0.999987,-0.004782,0.000504,-0.001918,0.074768,-0.031733,-0.002558
9,170.274515,332,relative,14,1.450000,0.050000,0.444330,0.895863,0.200000,-0.089586,0.044433,0.000000,0.000000,0.000000,0.000000,0.000000,0.000000,0.000000,0.000000,0.218644,0.372427,1.141851,0.127745,0.508541,-0.090844,0.999994,-0.002917,-0.000291,-0.001979,0.074537,-0.031557,-0.002544,0.191289,-0.062437,0.029699,0.001653,-0.225687,-0.523436,0.941851,0.217331,0.464108,-0.090844,0.999994,-0.002917,-0.000291,-0.001979,0.074537,-0.031557,-0.002544
9,170.274515,332,relative,15,1.500000,0.200000,0.444330,0.895863,0.200000,-0.089586,0.044433,0.000000,0.000000,0.000000,0.000000,0.000000,0.000000,0.000000,0.000000,0.229506,0.395684,1.133902,0.127487,0.510406,-0.227108,0.999997,-0.001095,-0.001066,-0.002039,0.071412,-0.030079,-0.002497,0.246482,-0.038456,0.021899,0.001868,-0.214824,-0.500179,0.933902,0.217073,0.465973,-0.227108,0.999997,-0.001095,-0.001066,-0.002039,0.071412,-0.030079,-0.002497
9,170.274515,332,relative,16,1.700000,0.200000,0.444330,0.895863,0.200000,-0.089586,0.044433,0.000000,0.000000,0.000000,0.000000,0.000000,0.000000,0.000000,0.000000,0.272265,0.488614,1.074857,0.119213,0.503655,-0.363374,0.999974,0.005656,-0.003870,-0.002267,0.063711,-0.025724,-0.002285,0.264923,-0.078383,0.037719,0.001846,-0.172065,-0.407249,0.874857,0.208799,0.459222,-0.363374,0.999974,0.005656,-0.003870,-0.002267,0.063711,-0.025724,-0.002285
9,170.274515,332,relative,17,1.900000,0.200000,0.444330,0.895863,0.200000,-0.089586,0.044433,0.000000,0.000000,0.000000,0.000000,0.000000,0.000000,0.000000,0.000000,0.312274,0.577641,1.002189,0.100255,0.471830,-0.363379,0.999915,0.011239,-0.006077,-0.002476,0.048027,-0.018199,-0.002075,0.264989,-0.092512,0.042166,0.001817,-0.132056,-0.318222,0.802189,0.189841,0.427396,-0.363379,0.999915,0.011239,-0.006077,-0.002476,0.048027,-0.018199,-0.002075
9,170.274515,332,relative,18,2.100000,0.200000,0.444330,0.895863,0.200000,-0.089586,0.044433,0.000000,0.000000,0.000000,0.000000,0.000000,0.000000,0.000000,0.000000,0.347722,0.658327,0.929520,0.074118,0.421367,-0.363384,0.999854,0.015113,-0.007483,-0.002665,0.029520,-0.009777,-0.001868,0.265043,-0.090853,0.039762,0.001783,-0.096609,-0.237536,0.729520,0.163704,0.376934,-0.363384,0.999854,0.015113,-0.007483,-0.002665,0.029520,-0.009777,-0.001868
9,170.274515,332,relative,19,2.300000,0.200000,0.444330,0.895863,0.200000,-0.089586,0.044433,0.000000,0.000000,0.000000,0.000000,0.000000,0.000000,0.000000,0.000000,0.377494,0.727641,0.856848,0.044046,0.359306,-0.363386,0.999816,0.017156,-0.008066,-0.002835,0.011348,-0.001830,-0.001665,0.265066,-0.079804,0.033401,0.001740,-0.066836,-0.168222,0.656848,0.133632,0.314873,-0.363386,0.999816,0.017156,-0.008066,-0.002835,0.011348,-0.001830,-0.001665
9,170.274515,332,relative,20,2.500000,0.200000,0.444330,0.895863,0.200000,-0.089586,0.044433,0.000000,0.000000,0.000000,0.000000,0.000000,0.000000,0.000000,0.000000,0.401120,0.783972,0.784172,0.013146,0.292647,-0.363386,0.999811,0.017494,-0.007914,-0.002986,-0.004613,0.004849,-0.001468,0.265055,-0.063650,0.025074,0.001686,-0.043210,-0.111891,0.584172,0.102732,0.248214,-0.363386,0.999811,0.017494,-0.007914,-0.002986,-0.004613,0.004849,-0.001468
9,170.274515,332,relative,21,2.700000,0.200000,0.444330,0.895863,0.200000,-0.089586,0.044433,0.000000,0.000000,0.000000,0.000000,0.000000,0.000000,0.000000,0.000000,0.418709,0.827036,0.711492,-0.015949,0.227578,-0.363384,0.999835,0.016400,-0.007172,-0.003119,-0.017341,0.009866,-0.001276,0.265019,-0.045227,0.016117,0.001625,-0.025621,-0.068827,0.511492,0.073637,0.183145,-0.363384,0.999835,0.016400,-0.007172,-0.003119,-0.017341,0.009866,-0.001276
9,170.274515,332,relative,22,2.900000,0.200000,0.444330,0.895863,0.200000,-0.089586,0.044433,0.000000,0.000000,0.000000,0.000000,0.000000,0.000000,0.000000,0.000000,0.430831,0.857671,0.638810,-0.041244,0.169058,-0.363382,0.999876,0.014219,-0.006016,-0.003235,-0.026384,0.013094,-0.001091,0.264973,-0.025800,0.007146,0.001563,-0.013499,-0.038192,0.438810,0.048342,0.124625,-0.363382,0.999876,0.014219,-0.006016,-0.003235,-0.026384,0.013094,-0.001091
9,170.274515,332,relative,23,3.100000,0.200000,0.444330,0.895863,0.200000,-0.089586,0.044433,0.000000,0.000000,0.000000,0.000000,0.000000,0.000000,0.000000,0.000000,0.438387,0.877562,0.566128,-0.061448,0.120613,-0.363380,0.999920,0.011328,-0.004624,-0.003332,-0.031542,0.014527,-0.000913,0.264929,-0.005130,-0.001934,0.001510,-0.005943,-0.018301,0.366128,0.028138,0.076180,-0.363380,0.999920,0.011328,-0.004624,-0.003332,-0.031542,0.014527,-0.000913
9,170.274515,332,relative,24,3.300000,0.200000,0.444330,0.895863,0.200000,-0.089586,0.044433,0.000000,0.000000,0.000000,0.000000,0.000000,0.000000,0.000000,0.000000,0.442466,0.888953,0.493447,-0.075988,0.084245,-0.363379,0.999956,0.008128,-0.003179,-0.003414,-0.032566,0.014144,-0.000742,0.264897,0.016856,-0.011135,0.001476,-0.001865,-0.006910,0.293447,0.013599,0.039812,-0.363379,0.999956,0.008128,-0.003179,-0.003414,-0.032566,0.014144,-0.000742
9,170.274515,332,relative,25,3.500000,0.200000,0.444330,0.895863,0.200000,-0.089586,0.044433,0.000000,0.000000,0.000000,0.000000,0.000000,0.000000,0.000000,0.000000,0.444197,0.894323,0.420768,-0.085010,0.060335,-0.363378,0.999979,0.005044,-0.001864,-0.003479,-0.029194,0.011921,-0.000574,0.264879,0.036596,-0.018635,0.001465,-0.000134,-0.001540,0.220768,0.004576,0.015902,-0.363378,0.999979,0.005044,-0.001864,-0.003479,-0.029194,0.011921,-0.000574
9,170.274515,332,relative,26,3.700000,0.200000,0.444330,0.895863,0.200000,-0.089586,0.044433,0.000000,0.000000,0.000000,0.000000,0.000000,0.000000,0.000000,0.000000,0.444608,0.896062,0.348091,-0.089375,0.047592,-0.363378,0.999990,0.002495,-0.000850,-0.003527,-0.021874,0.008196,-0.000407,0.264871,0.047628,-0.020950,0.001467,0.000278,0.000199,0.148091,0.000212,0.003159,-0.363378,0.999990,0.002495,-0.000850,-0.003527,-0.021874,0.008196,-0.000407
9,170.274515,332,relative,27,3.900000,0.200000,0.444330,0.895863,0.200000,-0.089586,0.044433,0.000000,0.000000,0.000000,0.000000,0.000000,0.000000,0.000000,0.000000,0.444498,0.896150,0.275415,-0.090494,0.043266,-0.363379,0.999993,0.000786,-0.000233,-0.003560,-0.012348,0.004006,-0.000241,0.283266,0.051338,-0.018401,0.001456,0.000168,0.000287,0.075415,-0.000908,-0.001167,-0.363379,0.999993,0.000786,-0.000233,-0.003560,-0.012348,0.004006,-0.000241
9,170.274515,332,relative,28,4.100000,0.050000,0.444330,0.895863,0.200000,-0.089586,0.044433,0.000000,0.000000,0.000000,0.000000,0.000000,0.000000,0.000000,0.000000,0.444351,0.895903,0.216366,-0.090000,0.043632,-0.227113,0.999994,0.000065,-0.000014,-0.003575,-0.002080,0.000326,-0.000075,0.338454,0.032670,-0.008585,0.001414,0.000020,0.000040,0.016366,-0.000414,-0.000801,-0.227113,0.999994,0.000065,-0.000014,-0.003575,-0.002080,0.000326,-0.000075
9,170.274515,332,relative,29,4.150000,0.050000,0.444330,0.895863,0.200000,-0.089586,0.044433,0.000000,0.000000,0.000000,0.000000,0.000000,0.000000,0.000000,0.000000,0.444335,0.895872,0.208417,-0.089793,0.044023,-0.090845,0.999994,0.000034,-0.000011,-0.003577,-0.000447,-0.000103,-0.000035,0.259681,0.008648,0.002182,0.001224,0.000005,0.000009,0.008417,-0.000206,-0.000410,-0.090845,0.999994,0.000034,-0.000011,-0.003577,-0.000447,-0.000103,-0.000035
9,170.274515,332,relative,30,4.200000,0.100000,0.444330,0.895863,0.200000,-0.089586,0.044433,0.000000,0.000000,0.000000,0.000000,0.000000,0.000000,0.000000,0.000000,0.444330,0.895862,0.203634,-0.089582,0.044442,-0.100454,0.999994,0.000028,-0.000012,-0.003577,-0.000014,0.000006,-0.000000,0,0,0,0,-0.000000,-0.000001,0.003634,0.000004,0.000009,-0.100454,0.999994,0.000028,-0.000012,-0.003577,-0.000014,0.000006,-0.000000
10,106.513855,238,relative,0,0.000000,0.199991,0.397166,0.917747,0.200000,-0.091775,0.039717,0.000000,0.000000,0.000000,0.000000,0.000000,0.000000,0.000000,0.000000,0.000217,0.062173,1.369855,0.006580,0.208374,-0.424316,0.999581,-0.028471,0.005199,-0.000471,-0.079017,0.028362,0.015928,0.291766,0.351819,-1.304681,-1.116508,-0.396949,-0.855574,1.169855,0.098355,0.168657,-0.424316,0.999581,-0.028471,0.005199,-0.000471,-0.079017,0.028362,0.015928
10,106.513855,238,relative,1,0.199991,0.050006,0.397166,0.917747,0.200000,-0.091775,0.039717,0.000000,0.000000,0.000000,0.000000,0.000000,0.000000,0.000000,0.000000,0.021686,0.109272,1.304503,0.017243,0.345285,-0.229429,0.999433,-0.032904,-0.005146,-0.004878,-0.009811,-0.232356,-0.111012,0.267539,-0.123374,-0.127232,-0.918036,-0.375480,-0.808475,1.104503,0.109017,0.305568,-0.229429,0.999433,-0.032904,-0.005146,-0.004878,-0.009811,-0.232356,-0.111012
10,106.513855,238,relative,2,0.249998,0.199986,0.397166,0.917747,0.200000,-0.091775,0.039717,0.000000,0.000000,0.000000,0.000000,0.000000,0.000000,0.000000,0.000000,0.026970,0.125382,1.293126,0.009601,0.378542,-0.225636,0.999355,-0.033252,-0.011132,-0.007786,-0.017090,-0.238655,-0.137110,0.246696,0.003252,0.443731,-1.091307,-0.370195,-0.792365,1.093126,0.101375,0.338826,-0.225636,0.999355,-0.033252,-0.011132,-0.007786,-0.017090,-0.238655,-0.137110
10,106.513855,238,relative,3,0.449984,0.199999,0.397166,0.917747,0.200000,-0.091775,0.039717,0.000000,0.000000,0.000000,0.000000,0.000000,0.000000,0.000000,0.000000,0.040725,0.205774,1.233988,-0.067349,0.506457,-0.366380,0.998533,-0.035051,-0.031164,-0.027061,-0.022165,-0.149316,-0.261182,0.265811,-0.010071,0.796040,-1.027362,-0.356441,-0.711973,1.033988,0.024426,0.466740,-0.366380,0.998533,-0.035051,-0.031164,-0.027061,-0.022165,-0.149316,-0.261182
10,106.513855,238,relative,4,0.649983,0.199999,0.397166,0.917747,0.200000,-0.091775,0.039717,0.000000,0.000000,0.000000,0.000000,0.000000,0.000000,0.000000,0.000000,0.032403,0.313820,1.160420,-0.203784,0.655434,-0.369746,0.996830,-0.036649,-0.039108,-0.058793,-0.027297,0.011125,-0.377991,0.265936,0.045487,0.851241,-0.914672,-0.364763,-0.603927,0.960420,-0.112009,0.615718,-0.369746,0.996830,-0.036649,-0.039108,-0.058793,-0.027297,0.011125,-0.377991
10,106.513855,238,relative,5,0.849982,0.199999,0.397166,0.917747,0.200000,-0.091775,0.039717,0.000000,0.000000,0.000000,0.000000,0.000000,0.000000,0.000000,0.000000,-0.003685,0.452661,1.086163,-0.334169,0.812681,-0.372428,0.993640,-0.036303,-0.030883,-0.102024,-0.011645,0.182693,-0.481987,0.265678,0.123498,0.670635,-0.779173,-0.400851,-0.465086,0.886163,-0.242394,0.772965,-0.372428,0.993640,-0.036303,-0.030883,-0.102024,-0.011645,0.182693,-0.481987
10,106.513855,238,relative,6,1.049981,0.200000,0.397166,0.917747,0.200000,-0.091775,0.039717,0.000000,0.000000,0.000000,0.000000,0.000000,0.000000,0.000000,0.000000,-0.059942,0.622253,1.011550,-0.396338,0.957858,-0.372896,0.987393,-0.031043,-0.008091,-0.155003,0.033150,0.316003,-0.570578,0.265618,0.186209,0.336710,-0.633732,-0.457108,-0.295494,0.811550,-0.304564,0.918141,-0.372896,0.987393,-0.031043,-0.008091,-0.155003,0.033150,0.316003,-0.570578
10,106.513855,238,relative,7,1.249981,0.200000,0.397166,0.917747,0.200000,-0.091775,0.039717,0.000000,0.000000,0.000000,0.000000,0.000000,0.000000,0.000000,0.000000,-0.118143,0.816554,0.937202,-0.349693,1.052183,-0.370482,0.976049,-0.018480,0.023194,-0.215521,0.102416,0.377113,-0.642632,0.266406,0.209579,-0.071029,-0.478559,-0.515309,-0.101193,0.737202,-0.257918,1.012466,-0.370482,0.976049,-0.018480,0.023194,-0.215521,0.102416,0.377113,-0.642632
10,106.513855,238,relative,8,1.449980,0.200000,0.397166,0.917747,0.200000,-0.091775,0.039717,0.000000,0.000000,0.000000,0.000000,0.000000,0.000000,0.000000,0.000000,-0.155519,1.020748,0.863698,-0.191283,1.049550,-0.365920,0.958104,0.001601,0.054221,-0.281238,0.181278,0.348430,-0.697043,0.267989,0.171792,-0.458494,-0.311856,-0.552685,0.103001,0.663698,-0.099508,1.009833,-0.365920,0.958104,0.001601,0.054221,-0.281238,0.181278,0.348430,-0.697043
10,106.513855,238,relative,9,1.649980,0.200000,0.397166,0.917747,0.200000,-0.091775,0.039717,0.000000,0.000000,0.000000,0.000000,0.000000,0.000000,0.000000,0.000000,-0.152934,1.211678,0.791204,0.040306,0.916402,-0.361348,0.933318,0.026338,0.076004,-0.349925,0.247224,0.233355,-0.732501,0.269453,0.073815,-0.725106,-0.136849,-0.550100,0.293931,0.591204,0.132081,0.876686,-0.361348,0.933318,0.026338,0.076004,-0.349925,0.247224,0.233355,-0.732501
10,106.513855,238,relative,10,1.849980,0.200000,0.397166,0.917747,0.200000,-0.091775,0.039717,0.000000,0.000000,0.000000,0.000000,0.000000,0.000000,0.000000,0.000000,-0.102321,1.362585,0.719308,0.276518,0.653071,-0.359472,0.902631,0.050179,0.082158,-0.419511,0.278397,0.058612,-0.748061,0.269721,-0.054480,-0.797887,0.042425,-0.499487,0.444838,0.519308,0.368292,0.613355,-0.359472,0.902631,0.050179,0.082158,-0.419511,0.278397,0.058612,-0.748061
10,106.513855,238,relative,11,2.049980,0.200000,0.397166,0.917747,0.200000,-0.091775,0.039717,0.000000,0.000000,0.000000,0.000000,0.000000,0.000000,0.000000,0.000000,-0.010174,1.451209,0.647171,0.445343,0.304091,-0.362048,0.867442,0.066733,0.071013,-0.487901,0.263351,-0.131830,-0.743237,0.268838,-0.170682,-0.649844,0.223606,-0.407340,0.533462,0.447171,0.537118,0.264374,-0.362048,0.867442,0.066733,0.071013,-0.487901,0.263351,-0.131830,-0.743237
10,106.513855,238,relative,12,2.249980,0.200000,0.397166,0.917747,0.200000,-0.091775,0.039717,0.000000,0.000000,0.000000,0.000000,0.000000,0.000000,0.000000,0.000000,0.104898,1.467767,0.574159,0.501690,-0.053849,-0.366565,0.828980,0.071381,0.046067,-0.552788,0.205918,-0.287990,-0.717813,0.275731,-0.252815,-0.307254,0.405277,-0.292268,0.550020,0.374159,0.593465,-0.093566,-0.366565,0.828980,0.071381,0.046067,-0.552788,0.205918,-0.287990,-0.717813
10,106.513855,238,relative,13,2.449980,0.200000,0.397166,0.917747,0.200000,-0.091775,0.039717,0.000000,0.000000,0.000000,0.000000,0.000000,0.000000,0.000000,0.000000,0.219324,1.417682,0.506362,0.441401,-0.350131,-0.309379,0.788365,0.063355,0.014790,-0.611758,0.120783,-0.366772,-0.671734,0.275989,-0.302774,0.106792,0.580488,-0.177842,0.499935,0.306362,0.533176,-0.389848,-0.309379,0.788365,0.063355,0.014790,-0.611758,0.120783,-0.366772,-0.671734
10,106.513855,238,relative,14,2.649980,0.200000,0.397166,0.917747,0.200000,-0.091775,0.039717,0.000000,0.000000,0.000000,0.000000,0.000000,0.000000,0.000000,0.000000,0.312602,1.320318,0.451306,0.298394,-0.520991,-0.239871,0.747224,0.045962,-0.013946,-0.662834,0.025262,-0.352534,-0.605733,0.267456,-0.317565,0.246036,0.729223,-0.084564,0.402571,0.251306,0.390168,-0.560707,-0.239871,0.747224,0.045962,-0.013946,-0.662834,0.025262,-0.352534,-0.605733
10,106.513855,238,relative,15,2.849980,0.200000,0.397166,0.917747,0.200000,-0.091775,0.039717,0.000000,0.000000,0.000000,0.000000,0.000000,0.000000,0.000000,0.000000,0.374091,1.202886,0.404447,0.132959,-0.552288,-0.228339,0.707864,0.023419,-0.034318,-0.705125,-0.066376,-0.301601,-0.522821,0.266417,-0.201680,0.557027,0.855129,-0.023075,0.285139,0.204447,0.224733,-0.592005,-0.228339,0.707864,0.023419,-0.034318,-0.705125,-0.066376,-0.301601,-0.522821
10,106.513855,238,relative,16,3.049980,0.200000,0.397166,0.917747,0.200000,-0.091775,0.039717,0.000000,0.000000,0.000000,0.000000,0.000000,0.000000,0.000000,0.000000,0.404169,1.091230,0.359230,-0.008757,-0.469201,-0.223947,0.672770,0.001172,-0.043532,-0.738569,-0.124328,-0.183330,-0.425594,0.265625,-0.080897,0.640014,0.937169,0.007003,0.173483,0.159230,0.083018,-0.508917,-0.223947,0.672770,0.001172,-0.043532,-0.738569,-0.124328,-0.183330,-0.425594
10,106.513855,238,relative,17,3.249980,0.200000,0.397166,0.917747,0.200000,-0.091775,0.039717,0.000000,0.000000,0.000000,0.000000,0.000000,0.000000,0.000000,0.000000,0.410915,1.003719,0.314234,-0.097528,-0.320139,-0.226031,0.644195,-0.014843,-0.041151,-0.763609,-0.147214,-0.047639,-0.319040,0.265032,0.126975,0.538217,0.962760,0.013749,0.085972,0.114234,-0.005753,-0.359855,-0.226031,0.644195,-0.014843,-0.041151,-0.763609,-0.147214,-0.047639,-0.319040
10,106.513855,238,relative,18,3.449980,0.199984,0.397166,0.917747,0.200000,-0.091775,0.039717,0.000000,0.000000,0.000000,0.000000,0.000000,0.000000,0.000000,0.000000,0.405745,0.947930,0.268447,-0.129215,-0.160589,-0.231510,0.623551,-0.021684,-0.030675,-0.780880,-0.121607,0.065447,-0.209575,0.242137,0.272114,0.301097,0.934133,0.008579,0.030183,0.068447,-0.037440,-0.200305,-0.231510,0.623551,-0.021684,-0.030675,-0.780880,-0.121607,0.065447,-0.209575
10,106.513855,238,relative,19,3.649964,0.050000,0.397166,0.917747,0.200000,-0.091775,0.039717,0.000000,0.000000,0.000000,0.000000,0.000000,0.000000,0.000000,0.000000,0.398573,0.920256,0.204892,-0.122011,-0.043658,-0.403657,0.611282,-0.019424,-0.017706,-0.790976,-0.064970,0.127954,-0.103374,0.599933,0.362348,0.527841,0.737775,0.001407,0.002509,0.004892,-0.030236,-0.083375,-0.403657,0.611282,-0.019424,-0.017706,-0.790976,-0.064970,0.127954,-0.103374
10,106.513855,238,relative,20,3.699964,0.050000,0.397166,0.917747,0.200000,-0.091775,0.039717,0.000000,0.000000,0.000000,0.000000,0.000000,0.000000,0.000000,0.000000,0.397330,0.917469,0.200187,-0.111108,0.010218,0.215492,0.609475,-0.017440,-0.014492,-0.792481,-0.046356,0.154543,-0.082403,0.140913,0.187097,0.384236,0.485930,0.000164,-0.000278,0.000187,-0.019333,-0.029499,0.215492,0.609475,-0.017440,-0.014492,-0.792481,-0.046356,0.154543,-0.082403
10,106.513855,238,relative,21,3.749964,0.050000,0.397166,0.917747,0.200000,-0.091775,0.039717,0.000000,0.000000,0.000000,0.000000,0.000000,0.000000,0.000000,0.000000,0.396433,0.916276,0.205216,-0.108305,0.021132,-0.014282,0.608014,-0.014790,-0.011202,-0.793710,-0.036532,0.173874,-0.068591,0.265506,0.161693,0.055446,0.376949,-0.000733,-0.001471,0.005216,-0.016530,-0.018585,-0.014282,0.608014,-0.014790,-0.011202,-0.793710,-0.036532,0.173874,-0.068591
10,106.513855,238,relative,22,3.799964,0.050000,0.397166,0.917747,0.200000,-0.091775,0.039717,0.000000,0.000000,0.000000,0.000000,0.000000,0.000000,0.000000,0.000000,0.395730,0.915762,0.204525,-0.103422,0.036995,-0.013369,0.606789,-0.011784,-0.007921,-0.794736,-0.028026,0.176724,-0.057876,0.262803,0.157662,-0.102314,0.312305,-0.001436,-0.001985,0.004525,-0.011647,-0.002721,-0.013369,0.606789,-0.011784,-0.007921,-0.794736,-0.028026,0.176724,-0.057876
10,106.513855,238,relative,23,3.849964,0.050000,0.397166,0.917747,0.200000,-0.091775,0.039717,0.000000,0.000000,0.000000,0.000000,0.000000,0.000000,0.000000,0.000000,0.395259,0.915928,0.203756,-0.099052,0.048407,-0.017339,0.605748,-0.008675,-0.004819,-0.795594,-0.019790,0.171657,-0.048999,0.262475,0.124648,-0.186519,0.264110,-0.001906,-0.001818,0.003756,-0.007277,0.008690,-0.017339,0.605748,-0.008675,-0.004819,-0.795594,-0.019790,0.171657,-0.048999
10,106.513855,238,relative,24,3.899964,0.050000,0.397166,0.917747,0.200000,-0.091775,0.039717,0.000000,0.000000,0.000000,0.000000,0.000000,0.000000,0.000000,0.000000,0.394992,0.916561,0.202777,-0.095321,0.055671,-0.021837,0.604859,-0.005598,-0.001971,-0.796310,-0.013271,0.162360,-0.041491,0.382482,0.057104,-0.223727,0.225331,-0.002174,-0.001186,0.002777,-0.003547,0.015954,-0.021837,0.604859,-0.005598,-0.001971,-0.796310,-0.013271,0.162360,-0.041491
10,106.513855,238,relative,25,3.949964,0.050000,0.397166,0.917747,0.200000,-0.091775,0.039717,0.000000,0.000000,0.000000,0.000000,0.000000,0.000000,0.000000,0.000000,0.394926,0.917500,0.207129,-0.091043,0.060386,0.195936,0.604098,-0.002652,0.000628,-0.796905,-0.010187,0.151191,-0.035087,0.080003,-0.016258,-0.243446,0.225181,-0.002240,-0.000247,0.007129,0.000732,0.020669,0.195936,0.604098,-0.002652,0.000628,-0.796905,-0.010187,0.151191,-0.035087
10,106.513855,238,relative,26,3.999964,0.050000,0.397166,0.917747,0.200000,-0.091775,0.039717,0.000000,0.000000,0.000000,0.000000,0.000000,0.000000,0.000000,0.000000,0.394984,0.918544,0.208367,-0.090216,0.060636,-0.146413,0.603456,0.000079,0.003026,-0.797391,-0.010824,0.139031,-0.028686,0.305510,-0.022756,-0.351691,0.222078,-0.002182,0.000797,0.008367,0.001558,0.020920,-0.146413,0.603456,0.000079,0.003026,-0.797391,-0.010824,0.139031,-0.028686
10,106.513855,238,relative,27,4.049964,0.050000,0.397166,0.917747,0.200000,-0.091775,0.039717,0.000000,0.000000,0.000000,0.000000,0.000000,0.000000,0.000000,0.000000,0.395111,0.919500,0.202928,-0.088384,0.056455,-0.071175,0.602934,0.002503,0.005217,-0.797770,-0.011836,0.121458,-0.022373,0.316855,0.035684,-0.611150,0.225972,-0.002055,0.001754,0.002928,0.003391,0.016738,-0.071175,0.602934,0.002503,0.005217,-0.797770,-0.011836,0.121458,-0.022373
10,106.513855,238,relative,28,4.099964,0.050000,0.397166,0.917747,0.200000,-0.091775,0.039717,0.000000,0.000000,0.000000,0.000000,0.000000,0.000000,0.000000,0.000000,0.395314,0.920155,0.201774,-0.087125,0.048643,0.025033,0.602536,0.004454,0.007036,-0.798048,-0.009974,0.090908,-0.015950,0.251499,0.137511,-0.897761,0.242293,-0.001852,0.002408,0.001774,0.004650,0.008927,0.025033,0.602536,0.004454,0.007036,-0.798048,-0.009974,0.090908,-0.015950
10,106.513855,238,relative,29,4.149964,0.050000,0.397166,0.917747,0.200000,-0.091775,0.039717,0.000000,0.000000,0.000000,0.000000,0.000000,0.000000,0.000000,0.000000,0.395565,0.920404,0.202405,-0.086445,0.040497,0.000193,0.602274,0.005720,0.008199,-0.798227,-0.003065,0.046023,-0.009063,0.210784,0.241024,-1.131958,0.274565,-0.001601,0.002657,0.002405,0.005330,0.000781,0.000193,0.602274,0.005720,0.008199,-0.798227,-0.003065,0.046023,-0.009063
10,106.513855,238,relative,30,4.199964,0.100000,0.397166,0.917747,0.200000,-0.091775,0.039717,0.000000,0.000000,0.000000,0.000000,0.000000,0.000000,0.000000,0.000000,0.395842,0.920255,0.199909,-0.086037,0.032905,-0.100049,0.602167,0.006117,0.008407,-0.798302,0.008991,-0.010575,-0.001259,0,0,0,0,-0.001324,0.002508,-0.000091,0.005738,-0.006811,-0.100049,0.602167,0.006117,0.008407,-0.798302,0.008991,-0.010575,-0.001259
