solve_num,solve_time_ms,node,t,x,y,z,vx,vy,vz,qw,qx,qy,qz,wx,wy,wz,fz,mx,my,mz
0,157.332580,0,0.000000,1.006718,1.013213,1.045085,-0.011497,-0.011986,-0.009735,0.999996,0.001748,-0.002083,0.000053,0.000000,0.000000,0.000000,0.080000,9.332162,-9.380465,-0.015670
0,157.332580,1,0.050000,1.006143,1.012614,1.044598,-0.012115,-0.012504,-0.352089,0.999996,0.001748,-0.002083,0.000053,0.466608,-0.469023,-0.000445,0.080000,4.350311,-4.292014,-0.000749
0,157.332580,2,0.100000,1.005537,1.011989,1.026994,-0.012732,-0.013022,-0.694443,0.999815,0.013412,-0.013806,0.000045,0.684116,-0.683632,-0.000467,0.184471,0.470364,-0.314959,0.004641
0,157.332580,3,0.150000,1.004901,1.011338,0.992271,-0.022162,-0.022184,-0.843583,0.999057,0.030504,-0.030883,0.000041,0.707622,-0.699392,-0.000335,0.323596,-2.150112,2.217845,0.003069
0,157.332580,4,0.200000,1.003793,1.010228,0.950092,-0.059140,-0.058710,-0.737090,0.997669,0.048164,-0.048336,0.000045,0.600107,-0.588509,-0.000248,0.329573,-3.655565,3.596894,0.001238
0,157.332580,5,0.250000,1.000836,1.007293,0.913238,-0.118000,-0.117366,-0.622953,0.996016,0.063118,-0.062999,0.000056,0.417324,-0.408670,-0.000212,0.316566,-4.253899,4.236038,0.001176
0,157.332580,6,0.300000,0.994936,1.001425,0.882090,-0.191566,-0.191080,-0.536544,0.994607,0.073503,-0.073167,0.000063,0.204625,-0.196871,-0.000179,0.297208,-4.232701,4.194095,0.000811
0,157.332580,7,0.350000,0.985357,0.991871,0.855263,-0.271667,-0.271559,-0.488498,0.993846,0.078590,-0.078059,0.000071,-0.007011,0.012832,-0.000156,0.279285,-3.796226,3.746689,0.000584
0,157.332580,8,0.400000,0.971774,0.978293,0.830838,-0.351908,-0.352357,-0.474495,0.993885,0.078416,-0.077740,0.000079,-0.196822,0.200167,-0.000139,0.267043,-3.102167,3.050360,0.000440
0,157.332580,9,0.450000,0.954179,0.960675,0.807113,-0.428320,-0.429445,-0.482530,0.994635,0.073523,-0.072765,0.000085,-0.351930,0.352686,-0.000127,0.261401,-2.275015,2.227571,0.000344
0,157.332580,10,0.500000,0.932763,0.939203,0.782987,-0.498384,-0.500251,-0.499313,0.995847,0.064767,-0.063991,0.000090,-0.465679,0.464066,-0.000117,0.261255,-1.411827,1.373169,0.000269
0,157.332580,11,0.550000,0.907843,0.914190,0.758021,-0.560039,-0.562666,-0.514029,0.997208,0.053165,-0.052431,0.000093,-0.536268,0.532727,-0.000109,0.264561,-0.586228,0.558612,0.000203
0,157.332580,12,0.600000,0.879842,0.886057,0.732320,-0.611266,-0.614619,-0.520064,0.998441,0.039788,-0.039144,0.000096,-0.565577,0.560659,-0.000104,0.269222,0.148694,-0.164799,0.000145
0,157.332580,13,0.650000,0.849278,0.855326,0.706316,-0.650232,-0.654234,-0.515112,0.999354,0.025664,-0.025146,0.000097,-0.558140,0.552422,-0.000099,0.273606,0.758168,-0.763562,0.000098
0,157.332580,14,0.700000,0.816767,0.822614,0.680561,-0.675695,-0.680227,-0.500242,0.999867,0.011716,-0.011343,0.000098,-0.520230,0.514246,-0.000097,0.276748,1.223603,-1.219878,0.000062
0,157.332580,15,0.750000,0.782982,0.788603,0.655549,-0.687319,-0.692235,-0.478519,0.999998,-0.001289,0.001510,0.000099,-0.459048,0.453254,-0.000095,0.278302,1.540198,-1.529343,0.000037
0,157.332580,16,0.800000,0.748616,0.753991,0.631623,-0.685763,-0.690907,-0.453648,0.999836,-0.012765,0.012838,0.000099,-0.382036,0.376788,-0.000094,0.278396,1.714228,-1.698340,0.000021
0,157.332580,17,0.850000,0.714328,0.719446,0.608940,-0.672529,-0.677746,-0.428937,0.999503,-0.022313,0.022253,0.000099,-0.296323,0.291873,-0.000093,0.277432,1.760178,-1.741263,0.000011
0,157.332580,18,0.900000,0.680701,0.685558,0.587494,-0.649677,-0.654828,-0.406695,0.999122,-0.029717,0.029544,0.000099,-0.208313,0.204811,-0.000093,0.275908,1.697950,-1.677803,0.000006
0,157.332580,19,0.950000,0.648217,0.652817,0.567159,-0.619516,-0.624485,-0.388050,0.998789,-0.034919,0.034658,0.000099,-0.123415,0.120921,-0.000093,0.274281,1.550367,-1.530497,0.000003
0,157.332580,20,1.000000,0.617242,0.621593,0.547756,-0.584354,-0.589051,-0.373081,0.998567,-0.038001,0.037677,0.000098,-0.045896,0.044397,-0.000093,0.272880,1.341088,-1.322685,0.000002
0,157.332580,21,1.050000,0.588024,0.592140,0.529102,-0.546333,-0.550696,-0.361142,0.998480,-0.039147,0.038785,0.000096,0.021158,-0.021737,-0.000093,0.271876,1.092977,-1.076912,0.000002
0,157.332580,22,1.100000,0.560707,0.564605,0.511045,-0.507342,-0.511333,-0.351225,0.998522,-0.038619,0.038243,0.000095,0.075807,-0.075583,-0.000093,0.271297,0.826917,-0.813756,0.000003
0,157.332580,23,1.150000,0.535340,0.539039,0.493484,-0.468976,-0.472583,-0.342292,0.998664,-0.036726,0.036356,0.000093,0.117153,-0.116271,-0.000093,0.271066,0.561005,-0.551036,0.000004
0,157.332580,24,1.200000,0.511891,0.515409,0.476369,-0.432529,-0.435757,-0.333500,0.998869,-0.033801,0.033453,0.000091,0.145202,-0.143823,-0.000092,0.271056,0.310067,-0.303336,0.000007
0,157.332580,25,1.250000,0.490265,0.493622,0.459694,-0.398987,-0.401859,-0.324316,0.999099,-0.030174,0.029861,0.000089,0.160705,-0.158991,-0.000092,0.271134,0.085450,-0.081807,0.000010
0,157.332580,26,1.300000,0.470316,0.473529,0.443478,-0.369030,-0.371583,-0.314525,0.999322,-0.026160,0.025890,0.000086,0.164977,-0.163082,-0.000092,0.271192,-0.104959,0.105819,0.000014
0,157.332580,27,1.350000,0.451864,0.454950,0.427752,-0.343046,-0.345323,-0.304178,0.999519,-0.022037,0.021815,0.000084,0.159729,-0.157791,-0.000092,0.271163,-0.256548,0.255038,0.000018
0,157.332580,28,1.400000,0.434712,0.437683,0.412543,-0.321149,-0.323200,-0.293489,0.999677,-0.018045,0.017873,0.000081,0.146901,-0.145040,-0.000091,0.271023,-0.367639,0.364238,0.000023
0,157.332580,29,1.450000,0.418654,0.421523,0.397869,-0.303216,-0.305091,-0.282742,0.999795,-0.014374,0.014248,0.000079,0.128518,-0.126828,-0.000090,0.270781,-0.439061,0.434277,0.000027
0,157.332580,30,1.500000,0.403494,0.406269,0.383732,-0.288931,-0.290677,-0.272206,0.999876,-0.011161,0.011078,0.000077,0.106565,-0.105115,-0.000090,0.270470,-0.473663,0.467996,0.000032
0,157.332580,31,1.550000,0.389047,0.391735,0.370121,-0.277836,-0.279497,-0.262084,0.999928,-0.008497,0.008450,0.000074,0.082881,-0.081716,-0.000089,0.270129,-0.475802,0.469722,0.000037
0,157.332580,32,1.600000,0.375155,0.377760,0.357017,-0.269383,-0.270996,-0.252489,0.999959,-0.006425,0.006408,0.000072,0.059091,-0.058230,-0.000088,0.269795,-0.450848,0.444771,0.000041
0,157.332580,33,1.650000,0.361686,0.364210,0.344393,-0.262981,-0.264576,-0.243450,0.999975,-0.004948,0.004952,0.000069,0.036548,-0.035991,-0.000086,0.269497,-0.404720,0.398996,0.000046
0,157.332580,34,1.700000,0.348537,0.350982,0.332220,-0.258038,-0.259637,-0.234931,0.999984,-0.004034,0.004052,0.000067,0.016312,-0.016042,-0.000085,0.269248,-0.343480,0.338381,0.000050
0,157.332580,35,1.750000,0.335635,0.338000,0.320474,-0.253997,-0.255614,-0.226857,0.999987,-0.003626,0.003651,0.000065,-0.000862,0.000877,-0.000084,0.269049,-0.272982,0.268704,0.000053
0,157.332580,36,1.800000,0.322935,0.325219,0.309131,-0.250359,-0.252001,-0.219144,0.999987,-0.003648,0.003673,0.000063,-0.014511,0.014312,-0.000082,0.268895,-0.198607,0.195270,0.000056
0,157.332580,37,1.850000,0.310417,0.312619,0.298174,-0.246701,-0.248368,-0.211717,0.999984,-0.004010,0.004031,0.000061,-0.024441,0.024076,-0.000081,0.268772,-0.125057,0.122709,0.000059
0,157.332580,38,1.900000,0.298082,0.300201,0.287588,-0.242689,-0.244375,-0.204524,0.999979,-0.004622,0.004633,0.000059,-0.030694,0.030212,-0.000079,0.268665,-0.056222,0.054850,0.000060
0,157.332580,39,1.950000,0.285948,0.287982,0.277362,-0.238079,-0.239777,-0.197539,0.999971,-0.005389,0.005388,0.000057,-0.033505,0.032954,-0.000077,0.268563,0.004887,-0.005348,0.000061
0,157.332580,40,2.000000,0.274044,0.275993,0.267485,-0.232720,-0.234416,-0.190757,0.999961,-0.006227,0.006212,0.000055,-0.033261,0.032687,-0.000075,0.268458,0.056150,-0.055806,0.000062
0,157.332580,41,2.050000,0.262408,0.264272,0.257947,-0.226544,-0.228225,-0.184189,0.999950,-0.007058,0.007029,0.000053,-0.030453,0.029897,-0.000074,0.268344,0.096305,-0.095290,0.000062
0,157.332580,42,2.100000,0.251081,0.252861,0.248738,-0.219559,-0.221210,-0.177854,0.999939,-0.007819,0.007776,0.000052,-0.025638,0.025132,-0.000072,0.268223,0.124872,-0.123337,0.000061
0,157.332580,43,2.150000,0.240103,0.241800,0.239845,-0.211835,-0.213442,-0.171766,0.999929,-0.008460,0.008405,0.000050,-0.019394,0.018965,-0.000070,0.268095,0.142057,-0.140160,0.000060
0,157.332580,44,2.200000,0.229511,0.231128,0.231257,-0.203491,-0.205042,-0.165935,0.999921,-0.008945,0.008879,0.000048,-0.012291,0.011957,-0.000069,0.267966,0.148628,-0.146524,0.000059
0,157.332580,45,2.250000,0.219337,0.220876,0.222960,-0.194680,-0.196164,-0.160359,0.999915,-0.009253,0.009177,0.000047,-0.004860,0.004631,-0.000067,0.267839,0.145790,-0.143624,0.000057
0,157.332580,46,2.300000,0.209603,0.211068,0.214942,-0.185577,-0.186986,-0.155030,0.999913,-0.009374,0.009293,0.000045,0.002430,-0.002550,-0.000065,0.267718,0.135059,-0.132958,0.000055
0,157.332580,47,2.350000,0.200324,0.201719,0.207190,-0.176364,-0.177692,-0.149929,0.999914,-0.009313,0.009229,0.000043,0.009183,-0.009198,-0.000064,0.267604,0.118130,-0.116201,0.000054
0,157.332580,48,2.400000,0.191505,0.192834,0.199694,-0.167217,-0.168462,-0.145036,0.999918,-0.009084,0.009000,0.000042,0.015089,-0.015008,-0.000062,0.267500,0.096771,-0.095098,0.000052
0,157.332580,49,2.450000,0.183145,0.184411,0.192442,-0.158302,-0.159462,-0.140328,0.999925,-0.008707,0.008624,0.000040,0.019928,-0.019763,-0.000061,0.267403,0.072722,-0.071364,0.000050
0,157.332580,50,2.500000,0.175229,0.176438,0.185426,-0.149762,-0.150840,-0.135786,0.999933,-0.008208,0.008130,0.000039,0.023564,-0.023331,-0.000059,0.267313,0.047612,-0.046603,0.000049
0,157.332580,51,2.550000,0.167741,0.168896,0.178636,-0.141713,-0.142713,-0.131394,0.999942,-0.007619,0.007547,0.000037,0.025944,-0.025661,-0.000058,0.267228,0.022897,-0.022249,0.000047
0,157.332580,52,2.600000,0.160656,0.161760,0.172067,-0.134244,-0.135173,-0.127141,0.999952,-0.006971,0.006906,0.000036,0.027089,-0.026774,-0.000056,0.267145,-0.000187,0.000484,0.000046
0,157.332580,53,2.650000,0.153943,0.155002,0.165710,-0.127412,-0.128276,-0.123023,0.999961,-0.006293,0.006236,0.000034,0.027080,-0.026750,-0.000055,0.267064,-0.020653,0.020623,0.000045
0,157.332580,54,2.700000,0.147573,0.148588,0.159559,-0.121244,-0.122051,-0.119037,0.999969,-0.005616,0.005568,0.000033,0.026047,-0.025719,-0.000054,0.266984,-0.037771,0.037454,0.000044
0,157.332580,55,2.750000,0.141511,0.142485,0.153607,-0.115739,-0.116497,-0.115183,0.999976,-0.004965,0.004925,0.000032,0.024159,-0.023846,-0.000053,0.266905,-0.051069,0.050516,0.000044
0,157.332580,56,2.800000,0.135724,0.136660,0.147848,-0.110871,-0.111588,-0.111464,0.999981,-0.004361,0.004329,0.000030,0.021605,-0.021320,-0.000051,0.266826,-0.060322,0.059586,0.000043
0,157.332580,57,2.850000,0.130180,0.131081,0.142274,-0.106594,-0.107278,-0.107879,0.999985,-0.003821,0.003796,0.000029,0.018589,-0.018341,-0.000050,0.266748,-0.065522,0.064663,0.000042
0,157.332580,58,2.900000,0.124850,0.125717,0.136880,-0.102844,-0.103503,-0.104431,0.999989,-0.003357,0.003337,0.000028,0.015313,-0.015108,-0.000049,0.266672,-0.066858,0.065933,0.000042
0,157.332580,59,2.950000,0.119708,0.120542,0.131659,-0.099548,-0.100188,-0.101116,0.999991,-0.002974,0.002959,0.000026,0.011970,-0.011811,-0.000048,0.266598,-0.064678,0.063742,0.000041
0,157.332580,60,3.000000,0.114731,0.115533,0.126603,-0.096626,-0.097252,-0.097933,0.999993,-0.002674,0.002664,0.000025,0.008736,-0.008624,-0.000047,0.266528,-0.059455,0.058556,0.000041
0,157.332580,61,3.050000,0.109900,0.110670,0.121706,-0.093996,-0.094611,-0.094877,0.999994,-0.002456,0.002449,0.000024,0.005763,-0.005696,-0.000045,0.266460,-0.051752,0.050932,0.000040
0,157.332580,62,3.100000,0.105200,0.105939,0.116963,-0.091580,-0.092188,-0.091944,0.999995,-0.002312,0.002306,0.000023,0.003176,-0.003150,-0.000044,0.266396,-0.042191,0.041484,0.000040
0,157.332580,63,3.150000,0.100621,0.101330,0.112365,-0.089305,-0.089906,-0.089128,0.999995,-0.002233,0.002227,0.000022,0.001066,-0.001076,-0.000043,0.266335,-0.031421,0.030850,0.000039
0,157.332580,64,3.200000,0.096155,0.096835,0.107909,-0.087108,-0.087704,-0.086426,0.999995,-0.002206,0.002200,0.000021,-0.000505,0.000467,-0.000042,0.266276,-0.020089,0.019670,0.000039
0,157.332580,65,3.250000,0.091800,0.092449,0.103588,-0.084938,-0.085529,-0.083832,0.999995,-0.002219,0.002212,0.000020,-0.001510,0.001450,-0.000041,0.266219,-0.008822,0.008559,0.000038
0,157.332580,66,3.300000,0.087553,0.088173,0.099396,-0.082757,-0.083341,-0.081344,0.999995,-0.002256,0.002248,0.000019,-0.001951,0.001878,-0.000040,0.266164,0.001800,-0.001908,0.000038
0,157.332580,67,3.350000,0.083415,0.084006,0.095329,-0.080540,-0.081117,-0.078957,0.999995,-0.002305,0.002295,0.000018,-0.001861,0.001783,-0.000039,0.266111,0.011252,-0.011217,0.000038
0,157.332580,68,3.400000,0.079388,0.079950,0.091381,-0.078278,-0.078845,-0.076669,0.999994,-0.002352,0.002340,0.000017,-0.001298,0.001222,-0.000038,0.266059,0.019084,-0.018924,0.000037
0,157.332580,69,3.450000,0.075474,0.076008,0.087548,-0.075972,-0.076528,-0.074478,0.999994,-0.002384,0.002370,0.000016,-0.000344,0.000276,-0.000037,0.266008,0.024927,-0.024664,0.000037
0,157.332580,70,3.500000,0.071676,0.072182,0.083824,-0.073637,-0.074179,-0.072381,0.999994,-0.002393,0.002377,0.000015,0.000903,-0.000957,-0.000036,0.265959,0.028503,-0.028164,0.000037
0,157.332580,71,3.550000,0.067994,0.068473,0.080205,-0.071295,-0.071822,-0.070376,0.999994,-0.002370,0.002353,0.000014,0.002328,-0.002366,-0.000035,0.265911,0.029630,-0.029244,0.000036
0,157.332580,72,3.600000,0.064429,0.064882,0.076686,-0.068977,-0.069488,-0.068459,0.999995,-0.002312,0.002294,0.000013,0.003809,-0.003828,-0.000033,0.265864,0.028229,-0.027827,0.000036
0,157.332580,73,3.650000,0.060980,0.061407,0.073263,-0.066718,-0.067211,-0.066630,0.999995,-0.002217,0.002199,0.000012,0.005221,-0.005219,-0.000032,0.265818,0.024328,-0.023940,0.000036
0,157.332580,74,3.700000,0.057644,0.058047,0.069931,-0.064554,-0.065029,-0.064884,0.999996,-0.002086,0.002068,0.000011,0.006437,-0.006416,-0.000031,0.265774,0.018065,-0.017721,0.000036
0,157.332580,75,3.750000,0.054417,0.054795,0.066687,-0.062518,-0.062975,-0.063219,0.999996,-0.001925,0.001908,0.000011,0.007340,-0.007302,-0.000030,0.265730,0.009695,-0.009420,0.000036
0,157.332580,76,3.800000,0.051291,0.051646,0.063526,-0.060640,-0.061081,-0.061633,0.999997,-0.001742,0.001725,0.000010,0.007825,-0.007773,-0.000029,0.265688,-0.000417,0.000602,0.000036
0,157.332580,77,3.850000,0.048259,0.048592,0.060445,-0.058943,-0.059367,-0.060124,0.999998,-0.001546,0.001531,0.000009,0.007804,-0.007743,-0.000028,0.265647,-0.011789,0.011867,0.000037
0,157.332580,78,3.900000,0.045312,0.045624,0.057438,-0.057437,-0.057845,-0.058689,0.999998,-0.001351,0.001337,0.000009,0.007215,-0.007150,-0.000027,0.265607,-0.023832,0.023794,0.000037
0,157.332580,79,3.950000,0.042440,0.042732,0.054504,-0.056121,-0.056516,-0.057327,0.999999,-0.001171,0.001159,0.000008,0.006023,-0.005960,-0.000026,0.265568,-0.035856,0.035699,0.000037
0,157.332580,80,4.000000,0.039634,0.039906,0.051638,-0.054982,-0.055365,-0.056036,0.999999,-0.001020,0.001010,0.000007,0.004230,-0.004175,-0.000025,0.265531,-0.047089,0.046816,0.000038
0,157.332580,81,4.050000,0.036885,0.037138,0.048836,-0.053989,-0.054362,-0.054815,0.999999,-0.000914,0.000905,0.000007,0.001876,-0.001834,-0.000024,0.265494,-0.056694,0.056318,0.000038
0,157.332580,82,4.100000,0.034185,0.034420,0.046095,-0.053099,-0.053463,-0.053661,0.999999,-0.000867,0.000859,0.000006,-0.000959,0.000982,-0.000023,0.265458,-0.063807,0.063349,0.000039
0,157.332580,83,4.150000,0.031530,0.031746,0.043412,-0.052254,-0.052610,-0.052574,0.999999,-0.000891,0.000884,0.000005,-0.004149,0.004149,-0.000022,0.265423,-0.067577,0.067063,0.000039
0,157.332580,84,4.200000,0.028918,0.029116,0.040783,-0.051385,-0.051734,-0.051550,0.999999,-0.000995,0.000988,0.000005,-0.007528,0.007502,-0.000021,0.265389,-0.067218,0.066682,0.000040
0,157.332580,85,4.250000,0.026348,0.026529,0.038206,-0.050414,-0.050756,-0.050590,0.999999,-0.001183,0.001175,0.000004,-0.010889,0.010836,-0.000020,0.265356,-0.062076,0.061558,0.000040
0,157.332580,86,4.300000,0.023828,0.023992,0.035676,-0.049260,-0.049593,-0.049693,0.999998,-0.001456,0.001446,0.000004,-0.013993,0.013914,-0.000019,0.265322,-0.051707,0.051248,0.000041
0,157.332580,87,4.350000,0.021365,0.021512,0.033192,-0.047839,-0.048162,-0.048860,0.999997,-0.001805,0.001794,0.000003,-0.016578,0.016477,-0.000017,0.265287,-0.035962,0.035607,0.000041
0,157.332580,88,4.400000,0.018973,0.019104,0.030749,-0.046076,-0.046388,-0.048094,0.999995,-0.002220,0.002206,0.000003,-0.018376,0.018257,-0.000016,0.265252,-0.015090,0.014880,0.000042
0,157.332580,89,4.450000,0.016669,0.016784,0.028344,-0.043909,-0.044208,-0.047396,0.999993,-0.002679,0.002662,0.000003,-0.019131,0.019001,-0.000015,0.265215,0.010162,-0.010190,0.000043
0,157.332580,90,4.500000,0.014473,0.014574,0.025974,-0.041294,-0.041576,-0.046771,0.999990,-0.003157,0.003137,0.000002,-0.018623,0.018492,-0.000014,0.265178,0.038431,-0.038252,0.000043
0,157.332580,91,4.550000,0.012409,0.012495,0.023635,-0.038213,-0.038475,-0.046221,0.999987,-0.003623,0.003600,0.000002,-0.016701,0.016579,-0.000013,0.265141,0.067634,-0.067236,0.000044
0,157.332580,92,4.600000,0.010498,0.010571,0.021324,-0.034678,-0.034917,-0.045745,0.999984,-0.004041,0.004014,0.000001,-0.013319,0.013217,-0.000011,0.265107,0.094856,-0.094247,0.000045
0,157.332580,93,4.650000,0.008764,0.008826,0.019037,-0.030737,-0.030950,-0.045338,0.999981,-0.004374,0.004344,0.000001,-0.008576,0.008505,-0.000010,0.265078,0.116250,-0.115467,0.000046
0,157.332580,94,4.700000,0.007227,0.007278,0.016770,-0.026472,-0.026656,-0.044989,0.999979,-0.004588,0.004557,0.000001,-0.002764,0.002731,-0.000009,0.265056,0.126950,-0.126065,0.000047
0,157.332580,95,4.750000,0.005904,0.005945,0.014521,-0.021998,-0.022152,-0.044686,0.999978,-0.004657,0.004625,0.000001,0.003584,-0.003572,-0.000007,0.265042,0.120994,-0.120124,0.000048
0,157.332580,96,4.800000,0.004804,0.004838,0.012287,-0.017458,-0.017581,-0.044410,0.999979,-0.004567,0.004536,0.000001,0.009633,-0.009578,-0.000006,0.265032,0.091269,-0.090583,0.000049
0,157.332580,97,4.850000,0.003931,0.003959,0.010066,-0.013006,-0.013098,-0.044151,0.999981,-0.004327,0.004297,0.000000,0.014197,-0.014107,-0.000005,0.265020,0.029466,-0.029197,0.000050
0,157.332580,98,4.900000,0.003281,0.003304,0.007859,-0.008789,-0.008851,-0.043910,0.999984,-0.003972,0.003944,0.000000,0.015670,-0.015567,-0.000003,0.265002,-0.073993,0.073544,0.000051
0,157.332580,99,4.950000,0.002841,0.002861,0.005663,-0.004918,-0.004953,-0.043697,0.999987,-0.003580,0.003555,0.000000,0.011970,-0.011890,-0.000002,0.288489,-0.233750,0.232173,0.000052
0,157.332580,100,5.000000,0.002595,0.002614,0.003478,-0.001120,-0.001128,0.000016,0.999989,-0.003281,0.003257,0.000000,0.000283,-0.000281,-0.000000,0,0,0,0
1,160.021004,0,0.000000,1.006686,1.013312,1.046933,-0.006599,-0.000299,-0.058105,0.999998,-0.001361,-0.001342,-0.000476,0.000000,0.000000,0.000000,0.080000,10.762620,-10.245040,0.002500
1,160.021004,1,0.050000,1.006356,1.013297,1.044028,-0.006997,0.000105,-0.400458,0.999998,-0.001361,-0.001342,-0.000476,0.538131,-0.512252,0.000071,0.080000,4.437450,-4.222706,0.007766
1,160.021004,2,0.100000,1.006006,1.013303,1.024005,-0.007394,0.000508,-0.742811,0.999827,0.012084,-0.014152,-0.000439,0.760005,-0.723386,0.000292,0.202338,0.048914,0.039663,0.010839
1,160.021004,3,0.150000,1.005636,1.013328,0.986865,-0.018002,-0.008541,-0.858871,0.998998,0.031062,-0.032231,-0.000381,0.762459,-0.721394,0.000600,0.330473,-2.725856,2.682049,0.010576
1,160.021004,4,0.200000,1.004736,1.012901,0.943921,-0.057427,-0.046507,-0.739836,0.997481,0.050080,-0.050238,-0.000312,0.626182,-0.587274,0.000901,0.334616,-4.176129,4.049718,0.008707
1,160.021004,5,0.250000,1.001865,1.010576,0.906929,-0.119551,-0.108396,-0.616912,0.995730,0.065674,-0.064874,-0.000238,0.417396,-0.384767,0.001148,0.318751,-4.648799,4.477946,0.006159
1,160.021004,6,0.300000,0.995887,1.005156,0.876084,-0.195830,-0.185578,-0.527193,0.994321,0.076052,-0.074449,-0.000164,0.184973,-0.160852,0.001323,0.297055,-4.455774,4.270745,0.003515
1,160.021004,7,0.350000,0.986096,0.995877,0.849724,-0.277288,-0.268763,-0.480053,0.993651,0.080646,-0.078449,-0.000093,-0.037808,0.052695,0.001423,0.278136,-3.846557,3.669435,0.001121
1,160.021004,8,0.400000,0.972231,0.982439,0.825721,-0.357596,-0.351304,-0.468526,0.993829,0.079704,-0.077143,-0.000026,-0.230139,0.236165,0.001455,0.265889,-3.011427,2.856226,-0.000816
1,160.021004,9,0.450000,0.954351,0.964874,0.802295,-0.433098,-0.429308,-0.478756,0.994709,0.073981,-0.071276,0.000037,-0.380723,0.378963,0.001432,0.260756,-2.090341,1.964838,-0.002203
1,160.021004,10,0.500000,0.932697,0.943408,0.778357,-0.501567,-0.500380,-0.496566,0.995999,0.064504,-0.061849,0.000095,-0.485261,0.477184,0.001369,0.261151,-1.183207,1.090606,-0.003049
1,160.021004,11,0.550000,0.907618,0.918389,0.753529,-0.561143,-0.562526,-0.511178,0.997375,0.052410,-0.049964,0.000149,-0.544446,0.531690,0.001282,0.264755,-0.358282,0.298500,-0.003426
1,160.021004,12,0.600000,0.879561,0.890263,0.727970,-0.610000,-0.613791,-0.516532,0.998572,0.038824,-0.036703,0.000197,-0.562386,0.546588,0.001185,0.269416,0.341477,-0.370832,-0.003444
1,160.021004,13,0.650000,0.849061,0.859573,0.702144,-0.646564,-0.652484,-0.510961,0.999427,0.024776,-0.023058,0.000241,-0.545337,0.528021,0.001087,0.273601,0.893409,-0.896261,-0.003222
1,160.021004,14,0.700000,0.816733,0.826949,0.676595,-0.669910,-0.677582,-0.495953,0.999889,0.011145,-0.009867,0.000281,-0.500688,0.483186,0.000996,0.276486,1.290851,-1.272030,-0.002867
1,160.021004,15,0.750000,0.783237,0.793070,0.651798,-0.680009,-0.688996,-0.474670,0.999997,-0.001374,0.002207,0.000317,-0.436164,0.419565,0.000914,0.277849,1.539213,-1.503949,-0.002463
1,160.021004,16,0.800000,0.749237,0.758620,0.628064,-0.677738,-0.687581,-0.450641,0.999844,-0.012280,0.012692,0.000349,-0.359217,0.344353,0.000844,0.277880,1.652371,-1.605887,-0.002069
1,160.021004,17,0.850000,0.715350,0.724241,0.605532,-0.664682,-0.674940,-0.426869,0.999547,-0.021260,0.021295,0.000379,-0.276610,0.264047,0.000785,0.276984,1.649455,-1.596658,-0.001718
1,160.021004,18,0.900000,0.682116,0.690494,0.584189,-0.642855,-0.653131,-0.405364,0.999214,-0.028173,0.027889,0.000405,-0.194145,0.184206,0.000736,0.275617,1.552122,-1.497386,-0.001426
1,160.021004,19,0.950000,0.649973,0.657838,0.563921,-0.614420,-0.624383,-0.387067,0.998926,-0.033024,0.032489,0.000429,-0.116544,0.109331,0.000696,0.274173,1.390624,-1.337454,-0.001192
1,160.021004,20,1.000000,0.619252,0.626619,0.544567,-0.581479,-0.590870,-0.372019,0.998733,-0.035935,0.035218,0.000451,-0.047016,0.042455,0.000662,0.272924,1.186702,-1.137848,-0.001010
1,160.021004,21,1.050000,0.590178,0.597075,0.525966,-0.545941,-0.554577,-0.359663,0.998652,-0.037108,0.036278,0.000471,0.012318,-0.014439,0.000633,0.272001,0.959896,-0.917343,-0.000871
1,160.021004,22,1.100000,0.562881,0.569346,0.507983,-0.509461,-0.517226,-0.349171,0.998677,-0.036800,0.035918,0.000489,0.060313,-0.060305,0.000609,0.271423,0.726877,-0.691887,-0.000766
1,160.021004,23,1.150000,0.537408,0.543485,0.490525,-0.473419,-0.480264,-0.339693,0.998784,-0.035293,0.034414,0.000505,0.096659,-0.094898,0.000587,0.271131,0.501142,-0.474320,-0.000687
1,160.021004,24,1.200000,0.513737,0.519472,0.473540,-0.438921,-0.444849,-0.330539,0.998945,-0.032877,0.032046,0.000521,0.121718,-0.118612,0.000567,0.271028,0.292973,-0.274361,-0.000629
1,160.021004,25,1.250000,0.491791,0.497229,0.457013,-0.406804,-0.411864,-0.321251,0.999131,-0.029835,0.029085,0.000535,0.136369,-0.132328,0.000549,0.271016,0.109591,-0.098774,-0.000586
1,160.021004,26,1.300000,0.471451,0.476636,0.440950,-0.377651,-0.381927,-0.311612,0.999318,-0.026427,0.025782,0.000548,0.141851,-0.137263,0.000533,0.271012,-0.044550,0.048340,-0.000555
1,160.021004,27,1.350000,0.452568,0.457540,0.425370,-0.351804,-0.355405,-0.301606,0.999488,-0.022880,0.022355,0.000561,0.139627,-0.134844,0.000517,0.270961,-0.167397,0.165172,-0.000535
1,160.021004,28,1.400000,0.434978,0.439769,0.410289,-0.329394,-0.332443,-0.291353,0.999632,-0.019389,0.018988,0.000573,0.131259,-0.126582,0.000502,0.270840,-0.258887,0.251804,-0.000522
1,160.021004,29,1.450000,0.418508,0.423147,0.395722,-0.310366,-0.312990,-0.281037,0.999745,-0.016106,0.015826,0.000584,0.118317,-0.113990,0.000487,0.270646,-0.320524,0.309798,-0.000517
1,160.021004,30,1.500000,0.402990,0.407498,0.381670,-0.294515,-0.296840,-0.270851,0.999829,-0.013147,0.012979,0.000595,0.102293,-0.098498,0.000472,0.270398,-0.354976,0.341807,-0.000518
1,160.021004,31,1.550000,0.388264,0.392656,0.368127,-0.281527,-0.283667,-0.260957,0.999888,-0.010589,0.010518,0.000606,0.084546,-0.081405,0.000457,0.270117,-0.365712,0.351223,-0.000525
1,160.021004,32,1.600000,0.374188,0.378472,0.355080,-0.271012,-0.273069,-0.251463,0.999928,-0.008474,0.008485,0.000617,0.066262,-0.063843,0.000442,0.269829,-0.356664,0.341857,-0.000538
1,160.021004,33,1.650000,0.360637,0.364819,0.342506,-0.262538,-0.264596,-0.242425,0.999953,-0.006816,0.006890,0.000628,0.048430,-0.046749,0.000427,0.269553,-0.331958,0.317681,-0.000558
1,160.021004,34,1.700000,0.347510,0.351589,0.330385,-0.255664,-0.257787,-0.233845,0.999968,-0.005605,0.005722,0.000638,0.031833,-0.030864,0.000411,0.269305,-0.295674,0.282608,-0.000584
1,160.021004,35,1.750000,0.334727,0.338700,0.318693,-0.249960,-0.252193,-0.225696,0.999976,-0.004809,0.004951,0.000648,0.017050,-0.016733,0.000395,0.269090,-0.251674,0.240319,-0.000618
1,160.021004,36,1.800000,0.322229,0.326090,0.307408,-0.245029,-0.247397,-0.217929,0.999980,-0.004382,0.004533,0.000658,0.004466,-0.004717,0.000377,0.268908,-0.203455,0.194142,-0.000660
1,160.021004,37,1.850000,0.309978,0.313720,0.296512,-0.240517,-0.243030,-0.210490,0.999981,-0.004270,0.004415,0.000667,-0.005706,0.004990,0.000358,0.268755,-0.154063,0.146961,-0.000712
1,160.021004,38,1.900000,0.297952,0.301569,0.285987,-0.236125,-0.238777,-0.203333,0.999980,-0.004413,0.004540,0.000676,-0.013410,0.012338,0.000338,0.268624,-0.106029,0.101165,-0.000773
1,160.021004,39,1.950000,0.286146,0.289630,0.275821,-0.231611,-0.234383,-0.196421,0.999977,-0.004748,0.004848,0.000685,-0.018711,0.017396,0.000316,0.268506,-0.061346,0.058627,-0.000843
1,160.021004,40,2.000000,0.274565,0.277911,0.265999,-0.226793,-0.229658,-0.189733,0.999972,-0.005216,0.005283,0.000693,-0.021779,0.020327,0.000292,0.268396,-0.021471,0.020709,-0.000922
1,160.021004,41,2.050000,0.263226,0.266428,0.256513,-0.221545,-0.224469,-0.183259,0.999966,-0.005761,0.005791,0.000701,-0.022853,0.021363,0.000266,0.268287,0.012645,-0.011706,-0.001009
1,160.021004,42,2.100000,0.252148,0.255205,0.247350,-0.215795,-0.218741,-0.176998,0.999960,-0.006333,0.006325,0.000707,-0.022221,0.020777,0.000237,0.268177,0.040511,-0.038172,-0.001104
1,160.021004,43,2.150000,0.241359,0.244267,0.238500,-0.209518,-0.212447,-0.170954,0.999953,-0.006889,0.006844,0.000714,-0.020195,0.018868,0.000206,0.268064,0.062031,-0.058615,-0.001204
1,160.021004,44,2.200000,0.230883,0.233645,0.229952,-0.202728,-0.205603,-0.165133,0.999946,-0.007394,0.007315,0.000719,-0.017094,0.015937,0.000172,0.267949,0.077434,-0.073264,-0.001307
1,160.021004,45,2.250000,0.220746,0.223365,0.221696,-0.195475,-0.198261,-0.159539,0.999939,-0.007821,0.007713,0.000723,-0.013222,0.012274,0.000135,0.267833,0.087193,-0.082576,-0.001412
1,160.021004,46,2.300000,0.210972,0.213452,0.213719,-0.187830,-0.190497,-0.154172,0.999934,-0.008152,0.008020,0.000727,-0.008863,0.008145,0.000094,0.267717,0.091949,-0.087164,-0.001516
1,160.021004,47,2.350000,0.201581,0.203927,0.206010,-0.179884,-0.182409,-0.149029,0.999931,-0.008374,0.008223,0.000729,-0.004265,0.003787,0.000051,0.267605,0.092437,-0.087727,-0.001618
1,160.021004,48,2.400000,0.192587,0.194807,0.198559,-0.171740,-0.174104,-0.144101,0.999929,-0.008480,0.008318,0.000731,0.000357,-0.000599,0.000005,0.267497,0.089424,-0.084986,-0.001714
1,160.021004,49,2.450000,0.184000,0.186102,0.191354,-0.163507,-0.165697,-0.139376,0.999929,-0.008471,0.008303,0.000731,0.004828,-0.004849,-0.000043,0.267394,0.083650,-0.079639,-0.001803
1,160.021004,50,2.500000,0.175824,0.177817,0.184385,-0.155291,-0.157301,-0.134841,0.999931,-0.008351,0.008182,0.000730,0.009010,-0.008831,-0.000095,0.267297,0.075793,-0.072320,-0.001883
1,160.021004,51,2.550000,0.168060,0.169952,0.177643,-0.147197,-0.149029,-0.130482,0.999935,-0.008125,0.007961,0.000728,0.012800,-0.012447,-0.000148,0.267206,0.066441,-0.063575,-0.001952
1,160.021004,52,2.600000,0.160700,0.162500,0.171119,-0.139325,-0.140983,-0.126285,0.999940,-0.007805,0.007650,0.000724,0.016122,-0.015625,-0.000204,0.267120,0.056078,-0.053852,-0.002009
1,160.021004,53,2.650000,0.153734,0.155451,0.164804,-0.131763,-0.133256,-0.122237,0.999946,-0.007402,0.007260,0.000719,0.018926,-0.018318,-0.000261,0.267039,0.045085,-0.043504,-0.002051
1,160.021004,54,2.700000,0.147146,0.148788,0.158692,-0.124588,-0.125930,-0.118328,0.999953,-0.006928,0.006802,0.000712,0.021180,-0.020494,-0.000319,0.266961,0.033754,-0.032796,-0.002079
1,160.021004,55,2.750000,0.140916,0.142492,0.152776,-0.117868,-0.119075,-0.114548,0.999959,-0.006399,0.006290,0.000704,0.022867,-0.022134,-0.000378,0.266887,0.022302,-0.021929,-0.002091
1,160.021004,56,2.800000,0.135023,0.136538,0.147049,-0.111655,-0.112746,-0.110893,0.999966,-0.005827,0.005737,0.000695,0.023982,-0.023230,-0.000438,0.266815,0.010889,-0.011049,-0.002087
1,160.021004,57,2.850000,0.129440,0.130901,0.141504,-0.105990,-0.106985,-0.107358,0.999973,-0.005227,0.005157,0.000684,0.024526,-0.023783,-0.000497,0.266744,-0.000364,-0.000271,-0.002067
1,160.021004,58,2.900000,0.124141,0.125551,0.136136,-0.100899,-0.101817,-0.103942,0.999979,-0.004613,0.004563,0.000671,0.024507,-0.023797,-0.000556,0.266674,-0.011367,0.010322,-0.002030
1,160.021004,59,2.950000,0.119096,0.120461,0.130939,-0.096395,-0.097258,-0.100643,0.999984,-0.004000,0.003968,0.000657,0.023939,-0.023282,-0.000613,0.266604,-0.022068,0.020675,-0.001978
1,160.021004,60,3.000000,0.114276,0.115598,0.125907,-0.092480,-0.093305,-0.097463,0.999988,-0.003402,0.003386,0.000642,0.022835,-0.022248,-0.000670,0.266535,-0.032447,0.030766,-0.001909
1,160.021004,61,3.050000,0.109652,0.110932,0.121034,-0.089139,-0.089945,-0.094403,0.999992,-0.002830,0.002830,0.000625,0.021212,-0.020711,-0.000724,0.266467,-0.042512,0.040599,-0.001825
1,160.021004,62,3.100000,0.105195,0.106435,0.116314,-0.086348,-0.087150,-0.091461,0.999994,-0.002300,0.002313,0.000607,0.019085,-0.018681,-0.000776,0.266399,-0.052276,0.050180,-0.001727
1,160.021004,63,3.150000,0.100878,0.102078,0.111740,-0.084067,-0.084880,-0.088640,0.999996,-0.001822,0.001846,0.000587,0.016471,-0.016173,-0.000825,0.266333,-0.061700,0.059466,-0.001613
1,160.021004,64,3.200000,0.096674,0.097834,0.107308,-0.082247,-0.083081,-0.085936,0.999998,-0.001411,0.001442,0.000567,0.013386,-0.013200,-0.000871,0.266269,-0.070624,0.068293,-0.001486
1,160.021004,65,3.250000,0.092562,0.093680,0.103012,-0.080826,-0.081689,-0.083350,0.999999,-0.001076,0.001112,0.000545,0.009854,-0.009786,-0.000913,0.266207,-0.078685,0.076302,-0.001345
1,160.021004,66,3.300000,0.088521,0.089595,0.098844,-0.079730,-0.080628,-0.080876,0.999999,-0.000829,0.000868,0.000522,0.005919,-0.005971,-0.000951,0.266149,-0.085249,0.082866,-0.001191
1,160.021004,67,3.350000,0.084534,0.085564,0.094800,-0.078875,-0.079810,-0.078509,0.999999,-0.000681,0.000718,0.000498,0.001657,-0.001828,-0.000985,0.266093,-0.089386,0.087070,-0.001026
1,160.021004,68,3.400000,0.080590,0.081573,0.090875,-0.078168,-0.079138,-0.076245,0.999999,-0.000640,0.000673,0.000474,-0.002813,0.002525,-0.001014,0.266042,-0.089896,0.087734,-0.000849
1,160.021004,69,3.450000,0.076682,0.077616,0.087063,-0.077505,-0.078508,-0.074075,0.999999,-0.000710,0.000736,0.000448,-0.007307,0.006912,-0.001038,0.265995,-0.085409,0.083512,-0.000661
1,160.021004,70,3.500000,0.072807,0.073691,0.083359,-0.076781,-0.077808,-0.071994,0.999999,-0.000893,0.000908,0.000422,-0.011577,0.011088,-0.001057,0.265950,-0.074563,0.073066,-0.000463
1,160.021004,71,3.550000,0.068968,0.069801,0.079759,-0.075886,-0.076928,-0.069995,0.999999,-0.001182,0.001186,0.000396,-0.015305,0.014742,-0.001070,0.265908,-0.056245,0.055299,-0.000254
1,160.021004,72,3.600000,0.065173,0.065954,0.076259,-0.074719,-0.075763,-0.068075,0.999997,-0.001565,0.001554,0.000369,-0.018117,0.017507,-0.001077,0.265867,-0.029853,0.029615,-0.000035
1,160.021004,73,3.650000,0.061437,0.062166,0.072856,-0.073189,-0.074221,-0.066232,0.999996,-0.002018,0.001991,0.000342,-0.019609,0.018989,-0.001078,0.265826,0.004437,-0.003817,0.000194
1,160.021004,74,3.700000,0.057778,0.058455,0.069544,-0.071230,-0.072233,-0.064470,0.999994,-0.002509,0.002466,0.000315,-0.019386,0.018799,-0.001073,0.265782,0.045455,-0.043858,0.000435
1,160.021004,75,3.750000,0.054216,0.054843,0.066321,-0.068803,-0.069763,-0.062793,0.999991,-0.002994,0.002936,0.000289,-0.017113,0.016607,-0.001061,0.265736,0.090876,-0.088234,0.000686
1,160.021004,76,3.800000,0.050776,0.051355,0.063181,-0.065915,-0.066815,-0.061207,0.999988,-0.003422,0.003351,0.000262,-0.012568,0.012196,-0.001041,0.265687,0.137135,-0.133457,0.000946
1,160.021004,77,3.850000,0.047481,0.048014,0.060121,-0.062619,-0.063447,-0.059717,0.999986,-0.003736,0.003655,0.000236,-0.005711,0.005523,-0.001014,0.265639,0.179308,-0.174710,0.001215
1,160.021004,78,3.900000,0.044350,0.044842,0.057135,-0.059023,-0.059771,-0.058320,0.999985,-0.003879,0.003793,0.000211,0.003255,-0.003212,-0.000980,0.265592,0.210382,-0.205133,0.001488
1,160.021004,79,3.950000,0.041398,0.041853,0.054219,-0.055293,-0.055955,-0.057011,0.999986,-0.003798,0.003713,0.000186,0.013774,-0.013469,-0.000937,0.265552,0.218937,-0.213557,0.001762
1,160.021004,80,4.000000,0.038634,0.039056,0.051368,-0.051642,-0.052219,-0.055776,0.999988,-0.003453,0.003376,0.000163,0.024720,-0.024147,-0.000887,0.265519,0.188632,-0.184000,0.002029
1,160.021004,81,4.050000,0.036052,0.036445,0.048579,-0.048322,-0.048822,-0.054597,0.999992,-0.002835,0.002772,0.000141,0.034151,-0.033348,-0.000830,0.265493,0.105301,-0.102525,0.002276
1,160.021004,82,4.100000,0.033636,0.034004,0.045849,-0.045597,-0.046034,-0.053460,0.999996,-0.001982,0.001939,0.000120,0.039415,-0.038475,-0.000765,0.265469,-0.044208,0.043801,0.002480
1,160.021004,83,4.150000,0.031356,0.031702,0.043177,-0.043691,-0.044085,-0.052358,0.999999,-0.000996,0.000977,0.000101,0.037203,-0.036286,-0.000694,0.265440,-0.184409,0.181147,0.002597
1,160.021004,84,4.200000,0.029171,0.029498,0.040559,-0.042730,-0.043106,-0.051305,1.000000,-0.000066,0.000070,0.000083,0.027982,-0.027230,-0.000621,0.265401,-0.244130,0.239655,0.002622
1,160.021004,85,4.250000,0.027035,0.027342,0.037993,-0.042661,-0.043041,-0.050321,1.000000,0.000634,-0.000611,0.000068,0.015775,-0.015248,-0.000546,0.265357,-0.306696,0.300852,0.002585
1,160.021004,86,4.300000,0.024902,0.025190,0.035477,-0.043262,-0.043664,-0.049420,0.999999,0.001028,-0.000992,0.000054,0.000440,-0.000206,-0.000473,0.265313,-0.437088,0.428389,0.002504
1,160.021004,87,4.350000,0.022739,0.023007,0.033006,-0.044236,-0.044674,-0.048600,0.999999,0.001039,-0.000997,0.000042,-0.021415,0.021214,-0.000401,0.265274,-0.403296,0.394632,0.002371
1,160.021004,88,4.400000,0.020527,0.020773,0.030576,-0.045216,-0.045695,-0.047855,1.000000,0.000504,-0.000467,0.000032,-0.041579,0.040946,-0.000334,0.265242,-0.246946,0.241087,0.002188
1,160.021004,89,4.450000,0.018266,0.018489,0.028184,-0.045674,-0.046190,-0.047166,1.000000,-0.000536,0.000557,0.000024,-0.053926,0.053001,-0.000272,0.265215,-0.037116,0.035314,0.001966
1,160.021004,90,4.500000,0.015982,0.016179,0.025825,-0.045127,-0.045664,-0.046527,0.999996,-0.001884,0.001882,0.000017,-0.055781,0.054767,-0.000216,0.265184,0.151287,-0.149286,0.001716
1,160.021004,91,4.550000,0.013726,0.013896,0.023499,-0.043279,-0.043813,-0.045954,0.999989,-0.003279,0.003251,0.000012,-0.048216,0.047303,-0.000167,0.265145,0.291550,-0.286589,0.001446
1,160.021004,92,4.600000,0.011562,0.011705,0.021201,-0.040086,-0.040594,-0.045466,0.999980,-0.004484,0.004434,0.000008,-0.033639,0.032974,-0.000126,0.265106,0.360750,-0.354147,0.001171
1,160.021004,93,4.650000,0.009558,0.009676,0.018928,-0.035733,-0.036191,-0.045067,0.999972,-0.005325,0.005258,0.000005,-0.015601,0.015267,-0.000093,0.265079,0.332430,-0.325969,0.000909
1,160.021004,94,4.700000,0.007771,0.007866,0.016675,-0.030571,-0.030963,-0.044735,0.999968,-0.005715,0.005640,0.000002,0.001021,-0.001032,-0.000067,0.265065,0.187344,-0.182905,0.000677
1,160.021004,95,4.750000,0.006242,0.006318,0.014438,-0.025035,-0.025353,-0.044436,0.999968,-0.005689,0.005614,0.000001,0.010388,-0.010177,-0.000048,0.265050,0.158693,-0.155943,0.000492
1,160.021004,96,4.800000,0.004991,0.005050,0.012216,-0.019525,-0.019768,-0.044166,0.999971,-0.005430,0.005359,-0.000000,0.018322,-0.017974,-0.000034,0.265046,0.078762,-0.078446,0.000365
1,160.021004,97,4.850000,0.004014,0.004062,0.010008,-0.014264,-0.014438,-0.043896,0.999976,-0.004972,0.004910,-0.000001,0.022260,-0.021896,-0.000023,0.265031,-0.023973,0.022129,0.000305
1,160.021004,98,4.900000,0.003301,0.003340,0.007813,-0.009444,-0.009558,-0.043645,0.999981,-0.004415,0.004363,-0.000002,0.021062,-0.020790,-0.000015,0.265002,-0.118656,0.116062,0.000319
1,160.021004,99,4.950000,0.002829,0.002862,0.005631,-0.005163,-0.005224,-0.043438,0.999985,-0.003889,0.003843,-0.000002,0.015129,-0.014987,-0.000006,0.288352,-0.294422,0.291667,0.000414
1,160.021004,100,5.000000,0.002571,0.002601,0.003459,-0.001059,-0.001071,0.000015,0.999988,-0.003511,0.003468,-0.000002,0.000408,-0.000404,0.000006,0,0,0,0
2,155.775074,0,0.000000,1.007484,1.019114,1.016317,-0.008499,0.005371,-0.035767,0.999995,0.002419,-0.001576,-0.001564,0.000000,0.000000,0.000000,0.080000,9.603107,-10.357705,-0.015594
2,155.775074,1,0.050000,1.007059,1.019383,1.014529,-0.008967,0.004655,-0.378121,0.999995,0.002419,-0.001576,-0.001564,0.480155,-0.517885,-0.000443,0.080000,4.625857,-4.020549,-0.128667
2,155.775074,2,0.100000,1.006611,1.019615,0.995623,-0.009435,0.003939,-0.720475,0.999789,0.014400,-0.014539,-0.001588,0.711439,-0.718921,-0.004101,0.205522,0.432742,0.218971,-0.136528
2,155.775074,3,0.150000,1.006139,1.019812,0.959599,-0.020518,-0.007003,-0.830697,0.998952,0.032145,-0.032525,-0.001690,0.732965,-0.708083,-0.007981,0.327618,-2.438820,2.763431,-0.118386
2,155.775074,4,0.200000,1.005113,1.019462,0.918064,-0.060008,-0.045900,-0.717034,0.997464,0.050410,-0.050217,-0.001862,0.610809,-0.570133,-0.011346,0.332673,-3.971150,4.011833,-0.097193
2,155.775074,5,0.250000,1.002113,1.017167,0.882213,-0.121840,-0.107739,-0.597711,0.995760,0.065615,-0.064434,-0.002096,0.412006,-0.369805,-0.014109,0.317471,-4.477823,4.356681,-0.078790
2,155.775074,6,0.300000,0.996021,1.011780,0.852327,-0.197443,-0.184405,-0.510246,0.994393,0.075868,-0.073631,-0.002390,0.187917,-0.152191,-0.016349,0.296334,-4.329785,4.112803,-0.064214
2,155.775074,7,0.350000,0.986149,1.002560,0.826815,-0.278002,-0.267013,-0.464246,0.993737,0.080559,-0.077394,-0.002739,-0.028667,0.053332,-0.018174,0.277887,-3.778820,3.512934,-0.052722
2,155.775074,8,0.400000,0.972249,0.989209,0.803602,-0.357385,-0.349188,-0.452984,0.993895,0.079886,-0.076030,-0.003138,-0.217571,0.228999,-0.019673,0.265873,-3.004627,2.727102,-0.043355
2,155.775074,9,0.450000,0.954379,0.971750,0.780953,-0.432042,-0.427137,-0.463104,0.994732,0.074533,-0.070281,-0.003583,-0.367631,0.365516,-0.020905,0.260718,-2.137689,1.877365,-0.035277
2,155.775074,10,0.500000,0.932777,0.950393,0.757798,-0.499808,-0.498485,-0.480927,0.995974,0.065454,-0.061115,-0.004068,-0.474226,0.459676,-0.021908,0.260940,-1.272025,1.049437,-0.027872
2,155.775074,11,0.550000,0.907787,0.925469,0.733752,-0.558892,-0.561248,-0.495955,0.997314,0.053719,-0.049578,-0.004585,-0.537445,0.512542,-0.022700,0.264348,-0.473470,0.301356,-0.020772
2,155.775074,12,0.600000,0.879842,0.897407,0.708954,-0.607543,-0.613478,-0.502153,0.998496,0.040399,-0.036701,-0.005128,-0.560677,0.528073,-0.023290,0.268886,0.214577,-0.330294,-0.013818
2,155.775074,13,0.650000,0.849465,0.866733,0.683846,-0.644243,-0.653463,-0.497682,0.999359,0.026487,-0.023419,-0.005689,-0.549481,0.512054,-0.023683,0.273053,0.766807,-0.825781,-0.007007
2,155.775074,14,0.700000,0.817253,0.834059,0.658962,-0.668064,-0.680098,-0.483792,0.999842,0.012844,-0.010530,-0.006262,-0.510681,0.471259,-0.023882,0.276015,1.180559,-1.186520,-0.000419
2,155.775074,15,0.750000,0.783850,0.800055,0.634773,-0.678909,-0.693158,-0.463436,0.999976,0.000159,0.001337,-0.006842,-0.451225,0.412396,-0.023894,0.277516,1.457100,-1.416811,0.005830
2,155.775074,16,0.800000,0.749904,0.765397,0.611601,-0.677536,-0.693330,-0.440020,0.999843,-0.011051,0.011723,-0.007421,-0.377996,0.341964,-0.023728,0.277694,1.605928,-1.528094,0.011634
2,155.775074,17,0.850000,0.716027,0.730730,0.589600,-0.665397,-0.682056,-0.416538,0.999552,-0.020441,0.020332,-0.007997,-0.297392,0.265900,-0.023398,0.276912,1.641968,-1.536325,0.016915
2,155.775074,18,0.900000,0.682758,0.696627,0.568773,-0.644386,-0.661268,-0.395091,0.999211,-0.027830,0.027023,-0.008566,-0.215058,0.189348,-0.022917,0.275601,1.583175,-1.459747,0.021636
2,155.775074,19,0.950000,0.650538,0.663564,0.549018,-0.616581,-0.633119,-0.376755,0.998902,-0.033176,0.031782,-0.009125,-0.135734,0.116548,-0.022302,0.274156,1.448589,-1.317101,0.025797
2,155.775074,20,1.000000,0.619709,0.631908,0.530180,-0.584038,-0.599764,-0.361702,0.998682,-0.036557,0.034705,-0.009671,-0.063206,0.050808,-0.021569,0.272863,1.265322,-1.134218,0.029431
2,155.775074,21,1.050000,0.590507,0.601920,0.512095,-0.548654,-0.563207,-0.349467,0.998573,-0.038141,0.035969,-0.010201,0.000102,-0.005852,-0.020732,0.271882,1.051561,-0.928139,0.032587
2,155.775074,22,1.100000,0.563075,0.573760,0.494622,-0.512094,-0.525225,-0.339250,0.998573,-0.038159,0.035803,-0.010713,0.052675,-0.052259,-0.019806,0.271251,0.823521,-0.713707,0.035324
2,155.775074,23,1.150000,0.537470,0.547498,0.477660,-0.475766,-0.487330,-0.330184,0.998663,-0.036875,0.034465,-0.011205,0.093812,-0.087984,-0.018802,0.270924,0.595051,-0.503258,0.037705
2,155.775074,24,1.200000,0.513682,0.523132,0.461150,-0.440815,-0.450765,-0.321529,0.998814,-0.034574,0.032225,-0.011674,0.123502,-0.113213,-0.017730,0.270813,0.377443,-0.306524,0.039783
2,155.775074,25,1.250000,0.491641,0.500594,0.445074,-0.408127,-0.416506,-0.312763,0.998998,-0.031537,0.029346,-0.012118,0.142298,-0.128623,-0.016599,0.270815,0.179397,-0.130689,0.041603
2,155.775074,26,1.300000,0.471235,0.479768,0.429436,-0.378338,-0.385262,-0.303616,0.999188,-0.028034,0.026077,-0.012535,0.151186,-0.135247,-0.015417,0.270839,0.007111,0.019455,0.043196
2,155.775074,27,1.350000,0.452318,0.460505,0.414255,-0.351848,-0.357492,-0.294032,0.999365,-0.024309,0.022640,-0.012924,0.151463,-0.134363,-0.014189,0.270823,-0.135553,0.141270,0.044586
2,155.775074,28,1.400000,0.434725,0.442631,0.399553,-0.328838,-0.333417,-0.284115,0.999515,-0.020576,0.019226,-0.013283,0.144613,-0.127381,-0.012922,0.270732,-0.246825,0.233992,0.045785
2,155.775074,29,1.450000,0.418283,0.425960,0.385348,-0.309296,-0.313051,-0.274054,0.999635,-0.017011,0.015988,-0.013609,0.132209,-0.115752,-0.011620,0.270561,-0.326747,0.298411,0.046801
2,155.775074,30,1.500000,0.402819,0.410307,0.371645,-0.293048,-0.296229,-0.264061,0.999724,-0.013751,0.013045,-0.013903,0.115821,-0.100890,-0.010290,0.270323,-0.376862,0.336552,0.047638
2,155.775074,31,1.550000,0.388166,0.395496,0.358442,-0.279800,-0.282647,-0.254324,0.999785,-0.010895,0.010480,-0.014163,0.096938,-0.084107,-0.008936,0.270041,-0.399887,0.351352,0.048301
2,155.775074,32,1.600000,0.374176,0.381363,0.345726,-0.269167,-0.271902,-0.244976,0.999826,-0.008504,0.008341,-0.014389,0.076915,-0.066573,-0.007563,0.269745,-0.399387,0.346354,0.048796
2,155.775074,33,1.650000,0.360718,0.367768,0.333477,-0.260713,-0.263527,-0.236089,0.999850,-0.006607,0.006647,-0.014580,0.056927,-0.049277,-0.006176,0.269459,-0.379466,0.325427,0.049128
2,155.775074,34,1.700000,0.347682,0.354592,0.321672,-0.253984,-0.257031,-0.227679,0.999863,-0.005203,0.005394,-0.014736,0.037942,-0.033019,-0.004779,0.269199,-0.344475,0.292523,0.049306
2,155.775074,35,1.750000,0.334983,0.341740,0.310288,-0.248531,-0.251924,-0.219719,0.999870,-0.004267,0.004554,-0.014856,0.020712,-0.018400,-0.003378,0.268975,-0.298761,0.251460,0.049339
2,155.775074,36,1.800000,0.322556,0.329144,0.299303,-0.243931,-0.247741,-0.212155,0.999873,-0.003757,0.004086,-0.014941,0.005772,-0.005829,-0.001975,0.268790,-0.246444,0.205760,0.049235
2,155.775074,37,1.850000,0.310360,0.316757,0.288695,-0.239809,-0.244063,-0.204927,0.999873,-0.003615,0.003938,-0.014990,-0.006551,0.004458,-0.000576,0.268638,-0.191249,0.158518,0.049001
2,155.775074,38,1.900000,0.298369,0.304554,0.278448,-0.235837,-0.240525,-0.197979,0.999872,-0.003777,0.004052,-0.015004,-0.016113,0.012384,0.000817,0.268511,-0.136378,0.112318,0.048642
2,155.775074,39,1.950000,0.286578,0.292528,0.268549,-0.231752,-0.236830,-0.191266,0.999869,-0.004175,0.004367,-0.014983,-0.022933,0.018000,0.002200,0.268402,-0.084428,0.069189,0.048160
2,155.775074,40,2.000000,0.274990,0.280686,0.258986,-0.227349,-0.232746,-0.184762,0.999866,-0.004741,0.004826,-0.014928,-0.027155,0.021457,0.003569,0.268300,-0.037351,0.030592,0.047553
2,155.775074,41,2.050000,0.263622,0.269049,0.249748,-0.222484,-0.228107,-0.178455,0.999861,-0.005412,0.005373,-0.014838,-0.029026,0.022983,0.004920,0.268201,0.003536,-0.002556,0.046817
2,155.775074,42,2.100000,0.252498,0.257644,0.240825,-0.217068,-0.222811,-0.172345,0.999855,-0.006128,0.005959,-0.014714,-0.028853,0.022850,0.006251,0.268098,0.037515,-0.029832,0.045944
2,155.775074,43,2.150000,0.241645,0.246503,0.232208,-0.211062,-0.216814,-0.166439,0.999849,-0.006840,0.006542,-0.014557,-0.026983,0.021351,0.007557,0.267992,0.064396,-0.051241,0.044924
2,155.775074,44,2.200000,0.231092,0.235662,0.223886,-0.204471,-0.210121,-0.160747,0.999844,-0.007505,0.007086,-0.014367,-0.023769,0.018782,0.008834,0.267881,0.084429,-0.067125,0.043745
2,155.775074,45,2.250000,0.220868,0.225156,0.215849,-0.197334,-0.202777,-0.155277,0.999839,-0.008091,0.007566,-0.014146,-0.019554,0.015417,0.010077,0.267767,0.098194,-0.078075,0.042394
2,155.775074,46,2.300000,0.211002,0.215017,0.208085,-0.189719,-0.194860,-0.150034,0.999835,-0.008572,0.007960,-0.013893,-0.014650,0.011506,0.011282,0.267653,0.106494,-0.084830,0.040859
2,155.775074,47,2.350000,0.201516,0.205274,0.200583,-0.181711,-0.186473,-0.145016,0.999833,-0.008932,0.008256,-0.013611,-0.009331,0.007258,0.012444,0.267540,0.110244,-0.088190,0.039129
2,155.775074,48,2.400000,0.192430,0.195951,0.193332,-0.173411,-0.177735,-0.140218,0.999834,-0.009161,0.008443,-0.013299,-0.003822,0.002845,0.013556,0.267432,0.110368,-0.088930,0.037193
2,155.775074,49,2.450000,0.183760,0.187064,0.186322,-0.164929,-0.168774,-0.135627,0.999837,-0.009252,0.008518,-0.012960,0.001695,-0.001604,0.014613,0.267329,0.107715,-0.087728,0.035045
2,155.775074,50,2.500000,0.175513,0.178625,0.179540,-0.156378,-0.159724,-0.131231,0.999842,-0.009207,0.008481,-0.012595,0.007082,-0.005989,0.015609,0.267232,0.102986,-0.085116,0.032681
2,155.775074,51,2.550000,0.167694,0.170639,0.172979,-0.147870,-0.150719,-0.127013,0.999850,-0.009029,0.008333,-0.012205,0.012235,-0.010241,0.016538,0.267141,0.096683,-0.081434,0.030102
2,155.775074,52,2.600000,0.160301,0.163103,0.166628,-0.139518,-0.141887,-0.122956,0.999860,-0.008723,0.008077,-0.011792,0.017075,-0.014305,0.017394,0.267057,0.089077,-0.076808,0.027313
2,155.775074,53,2.650000,0.153325,0.156009,0.160480,-0.131428,-0.133355,-0.119046,0.999871,-0.008297,0.007718,-0.011358,0.021538,-0.018134,0.018170,0.266979,0.080194,-0.071142,0.024324
2,155.775074,54,2.700000,0.146753,0.149341,0.154528,-0.123705,-0.125239,-0.115266,0.999884,-0.007760,0.007262,-0.010904,0.025561,-0.021676,0.018862,0.266906,0.069814,-0.064117,0.021149
2,155.775074,55,2.750000,0.140568,0.143079,0.148765,-0.116443,-0.117647,-0.111607,0.999898,-0.007123,0.006717,-0.010433,0.029067,-0.024864,0.019463,0.266838,0.057507,-0.055229,0.017808
2,155.775074,56,2.800000,0.134746,0.137197,0.143184,-0.109731,-0.110677,-0.108058,0.999911,-0.006400,0.006092,-0.009947,0.031961,-0.027604,0.019969,0.266771,0.042697,-0.043839,0.014326
2,155.775074,57,2.850000,0.129259,0.131663,0.137781,-0.103650,-0.104414,-0.104614,0.999925,-0.005605,0.005397,-0.009448,0.034116,-0.029772,0.020376,0.266707,0.024771,-0.029281,0.010731
2,155.775074,58,2.900000,0.124077,0.126442,0.132551,-0.098268,-0.098928,-0.101273,0.999938,-0.004756,0.004647,-0.008939,0.035378,-0.031209,0.020681,0.266642,0.003234,-0.011004,0.007057
2,155.775074,59,2.950000,0.119163,0.121496,0.127487,-0.093636,-0.094272,-0.098036,0.999950,-0.003877,0.003862,-0.008422,0.035564,-0.031732,0.020882,0.266575,-0.022105,0.011255,0.003341
2,155.775074,60,3.000000,0.114482,0.116782,0.122585,-0.089792,-0.090477,-0.094907,0.999960,-0.002992,0.003063,-0.007901,0.034484,-0.031141,0.020977,0.266507,-0.050936,0.037282,-0.000381
2,155.775074,61,3.050000,0.109992,0.112258,0.117840,-0.086745,-0.087548,-0.091894,0.999968,-0.002135,0.002279,-0.007377,0.031962,-0.029249,0.020966,0.266436,-0.082280,0.066223,-0.004068
2,155.775074,62,3.100000,0.105655,0.107881,0.113245,-0.084481,-0.085458,-0.089003,0.999974,-0.001340,0.001543,-0.006853,0.027871,-0.025913,0.020850,0.266363,-0.114384,0.096479,-0.007681
2,155.775074,63,3.150000,0.101431,0.103608,0.108795,-0.082949,-0.084146,-0.086242,0.999979,-0.000647,0.000891,-0.006332,0.022173,-0.021067,0.020632,0.266290,-0.144719,0.125697,-0.011181
2,155.775074,64,3.200000,0.097283,0.099401,0.104483,-0.082066,-0.083514,-0.083613,0.999983,-0.000095,0.000361,-0.005816,0.014953,-0.014765,0.020314,0.266220,-0.170108,0.150874,-0.014531
2,155.775074,65,3.250000,0.093180,0.095225,0.100302,-0.081709,-0.083422,-0.081113,0.999986,0.000277,-0.000010,-0.005308,0.006459,-0.007209,0.019901,0.266155,-0.186983,0.168595,-0.017694
2,155.775074,66,3.300000,0.089095,0.091054,0.096247,-0.081720,-0.083695,-0.078734,0.999988,0.000437,-0.000191,-0.004811,-0.002885,0.001225,0.019398,0.266098,-0.191757,0.175372,-0.020635
2,155.775074,67,3.350000,0.085009,0.086869,0.092310,-0.081910,-0.084125,-0.076461,0.999991,0.000365,-0.000160,-0.004326,-0.012473,0.009992,0.018812,0.266050,-0.181256,0.168049,-0.023324
2,155.775074,68,3.400000,0.080913,0.082663,0.088487,-0.082070,-0.084484,-0.074277,0.999993,0.000054,0.000091,-0.003856,-0.021543,0.018385,0.018149,0.266011,-0.153169,0.144242,-0.025734
2,155.775074,69,3.450000,0.076810,0.078439,0.084773,-0.081981,-0.084538,-0.072164,0.999994,-0.000483,0.000552,-0.003402,-0.029214,0.025583,0.017417,0.265978,-0.106499,0.102781,-0.027844
2,155.775074,70,3.500000,0.072711,0.074212,0.081165,-0.081435,-0.084064,-0.070113,0.999994,-0.001210,0.001195,-0.002966,-0.034556,0.030702,0.016626,0.265946,-0.042017,0.044168,-0.029644
2,155.775074,71,3.550000,0.068639,0.070009,0.077659,-0.080255,-0.082875,-0.068123,0.999993,-0.002072,0.001965,-0.002550,-0.036677,0.032889,0.015783,0.265910,0.037279,-0.028961,-0.031135
2,155.775074,72,3.600000,0.064626,0.065865,0.074253,-0.078314,-0.080840,-0.066206,0.999989,-0.002986,0.002791,-0.002156,-0.034832,0.031419,0.014898,0.265865,0.125606,-0.111286,-0.032333
2,155.775074,73,3.650000,0.060710,0.061823,0.070943,-0.075560,-0.077906,-0.064380,0.999985,-0.003854,0.003579,-0.001783,-0.028570,0.025835,0.013979,0.265810,0.213328,-0.193745,-0.033270
2,155.775074,74,3.700000,0.056932,0.057927,0.067724,-0.072029,-0.074119,-0.062666,0.999980,-0.004566,0.004228,-0.001434,-0.017917,0.016133,0.013033,0.265749,0.284597,-0.261203,-0.033989
2,155.775074,75,3.750000,0.053331,0.054222,0.064590,-0.067862,-0.069631,-0.061077,0.999976,-0.005012,0.004633,-0.001108,-0.003695,0.003064,0.012067,0.265688,0.317233,-0.292271,-0.034543
2,155.775074,76,3.800000,0.049938,0.050740,0.061536,-0.063297,-0.064705,-0.059607,0.999976,-0.005102,0.004711,-0.000806,0.012165,-0.011552,0.011085,0.265637,0.290574,-0.266822,-0.034991
2,155.775074,77,3.850000,0.046773,0.047505,0.058556,-0.058658,-0.059689,-0.058233,0.999979,-0.004797,0.004424,-0.000529,0.026699,-0.024888,0.010091,0.265602,0.185283,-0.165832,-0.035393
2,155.775074,78,3.900000,0.043840,0.044520,0.055644,-0.054304,-0.054972,-0.056920,0.999984,-0.004129,0.003802,-0.000277,0.035972,-0.033169,0.009085,0.265580,0.071817,-0.057961,-0.035807
2,155.775074,79,3.950000,0.041125,0.041772,0.052798,-0.050563,-0.050912,-0.055637,0.999990,-0.003229,0.002974,-0.000050,0.039575,-0.036055,0.008067,0.265560,0.019154,-0.010493,-0.036242
2,155.775074,80,4.000000,0.038597,0.039226,0.050017,-0.047638,-0.047736,-0.054378,0.999995,-0.002239,0.002073,0.000152,0.040543,-0.036567,0.007037,0.265532,-0.054897,0.057364,-0.036647
2,155.775074,81,4.050000,0.036215,0.036839,0.047298,-0.045600,-0.045534,-0.053162,0.999999,-0.001225,0.001159,0.000328,0.037808,-0.033688,0.005995,0.265499,-0.214726,0.208703,-0.036950
2,155.775074,82,4.100000,0.033935,0.034563,0.044640,-0.044460,-0.044329,-0.052000,1.000000,-0.000279,0.000318,0.000478,0.027080,-0.023244,0.004945,0.265460,-0.234933,0.221959,-0.037091
2,155.775074,83,4.150000,0.031712,0.032346,0.042040,-0.044148,-0.044054,-0.050908,1.000000,0.000398,-0.000263,0.000601,0.015337,-0.012141,0.003890,0.265414,-0.178156,0.158638,-0.037025
2,155.775074,84,4.200000,0.029504,0.030144,0.039494,-0.044406,-0.044445,-0.049902,0.999999,0.000782,-0.000566,0.000699,0.006431,-0.004207,0.002838,0.265371,-0.156125,0.128767,-0.036743
2,155.775074,85,4.250000,0.027284,0.027921,0.036999,-0.044962,-0.045213,-0.048975,0.999999,0.000942,-0.000672,0.000770,-0.001375,0.002232,0.001794,0.265333,-0.250616,0.215585,-0.036188
2,155.775074,86,4.300000,0.025036,0.025661,0.034550,-0.045621,-0.046140,-0.048119,0.999999,0.000908,-0.000616,0.000814,-0.013905,0.013011,0.000765,0.265297,-0.326764,0.292447,-0.034871
2,155.775074,87,4.350000,0.022755,0.023354,0.032144,-0.046226,-0.047033,-0.047328,0.999999,0.000560,-0.000291,0.000834,-0.030244,0.027633,-0.000226,0.265265,-0.229262,0.209582,-0.032183
2,155.775074,88,4.400000,0.020444,0.021002,0.029778,-0.046511,-0.047583,-0.046598,1.000000,-0.000197,0.000399,0.000828,-0.041707,0.038112,-0.001141,0.265238,-0.093810,0.088047,-0.028322
2,155.775074,89,4.450000,0.018118,0.018623,0.027448,-0.046119,-0.047389,-0.045918,0.999998,-0.001240,0.001351,0.000800,-0.046396,0.042516,-0.001946,0.265209,-0.020554,0.025470,-0.023606
2,155.775074,90,4.500000,0.015812,0.016253,0.025152,-0.044793,-0.046170,-0.045294,0.999994,-0.002401,0.002413,0.000751,-0.047420,0.043793,-0.002617,0.265173,0.165599,-0.151481,-0.018291
2,155.775074,91,4.550000,0.013573,0.013945,0.022887,-0.042424,-0.043810,-0.044743,0.999987,-0.003587,0.003507,0.000686,-0.039136,0.036224,-0.003137,0.265137,0.268872,-0.248724,-0.012543
2,155.775074,92,4.600000,0.011451,0.011754,0.020650,-0.038983,-0.040285,-0.044274,0.999980,-0.004567,0.004412,0.000608,-0.025688,0.023792,-0.003494,0.265102,0.298846,-0.275999,-0.006477
2,155.775074,93,4.650000,0.009502,0.009740,0.018437,-0.034654,-0.035799,-0.043883,0.999974,-0.005210,0.005006,0.000521,-0.010743,0.009996,-0.003678,0.265078,0.271201,-0.249111,-0.000192
2,155.775074,94,4.700000,0.007769,0.007950,0.016242,-0.029743,-0.030682,-0.043550,0.999971,-0.005479,0.005255,0.000429,0.002819,-0.002458,-0.003683,0.265064,0.101896,-0.084697,0.006213
2,155.775074,95,4.750000,0.006282,0.006416,0.014065,-0.024586,-0.025301,-0.043248,0.999972,-0.005409,0.005193,0.000337,0.007913,-0.006693,-0.003506,0.265037,0.079776,-0.069553,0.012447
2,155.775074,96,4.800000,0.005053,0.005151,0.011902,-0.019491,-0.019990,-0.042994,0.999974,-0.005211,0.005025,0.000249,0.011901,-0.010172,-0.003153,0.265021,0.042247,-0.040422,0.018501
2,155.775074,97,4.850000,0.004078,0.004152,0.009753,-0.014559,-0.014874,-0.042765,0.999977,-0.004914,0.004771,0.000170,0.014012,-0.012195,-0.002627,0.265001,0.020016,-0.025037,0.024298
2,155.775074,98,4.900000,0.003351,0.003408,0.007615,-0.009878,-0.010050,-0.042568,0.999980,-0.004564,0.004465,0.000104,0.015012,-0.013448,-0.001936,0.264990,-0.019375,0.009113,0.029834
2,155.775074,99,4.950000,0.002857,0.002905,0.005486,-0.005496,-0.005570,-0.042386,0.999983,-0.004189,0.004129,0.000056,0.014042,-0.012993,-0.001088,0.287788,-0.271020,0.250166,0.035207
2,155.775074,100,5.000000,0.002582,0.002627,0.003367,-0.001095,-0.001105,0.000017,0.999985,-0.003838,0.003804,0.000028,0.000491,-0.000486,-0.000087,0,0,0,0
3,149.691056,0,0.000000,1.008693,1.022930,0.988627,-0.004036,-0.001600,-0.039978,0.999995,0.000855,-0.001003,-0.002723,0.000000,0.000000,0.000000,0.080000,9.749096,-10.598014,-0.306030
3,149.691056,1,0.050000,1.008491,1.022850,0.986628,-0.004334,-0.001853,-0.382330,0.999995,0.000855,-0.001003,-0.002723,0.487455,-0.529901,-0.008699,0.080000,4.879040,-3.891804,-0.446617
3,149.691056,2,0.100000,1.008274,1.022757,0.967512,-0.004632,-0.002105,-0.724683,0.999809,0.013004,-0.014281,-0.002939,0.731232,-0.724652,-0.021394,0.215306,0.450588,0.321408,-0.422552
3,149.691056,3,0.150000,1.008043,1.022652,0.931278,-0.016048,-0.012439,-0.816765,0.998980,0.031225,-0.032430,-0.003447,0.753173,-0.709175,-0.033405,0.328607,-2.465750,2.748365,-0.365659
3,149.691056,4,0.200000,1.007240,1.022030,0.890439,-0.055608,-0.050267,-0.701200,0.997481,0.049984,-0.050163,-0.004223,0.628986,-0.572712,-0.043798,0.333206,-4.010339,3.999527,-0.316523
3,149.691056,5,0.250000,1.004460,1.019516,0.855379,-0.117619,-0.111536,-0.580841,0.995746,0.065649,-0.064442,-0.005241,0.427517,-0.373781,-0.052795,0.317862,-4.581772,4.307855,-0.272713
3,149.691056,6,0.300000,0.998579,1.013940,0.826337,-0.193567,-0.188096,-0.492670,0.994334,0.076320,-0.073709,-0.006479,0.197680,-0.159245,-0.060547,0.296538,-4.469411,4.102884,-0.236937
3,149.691056,7,0.350000,0.988901,1.004535,0.801704,-0.274606,-0.270917,-0.446389,0.993633,0.081318,-0.077582,-0.007924,-0.026157,0.045445,-0.067282,0.277870,-3.929983,3.504970,-0.205625
3,149.691056,8,0.400000,0.975170,0.990989,0.779384,-0.354604,-0.353440,-0.435316,0.993758,0.080807,-0.076311,-0.009554,-0.222540,0.220760,-0.073127,0.265585,-3.152459,2.719419,-0.177809
3,149.691056,9,0.450000,0.957440,0.973317,0.757619,-0.429958,-0.431712,-0.446143,0.994579,0.075468,-0.070623,-0.011349,-0.379550,0.357349,-0.078181,0.260271,-2.266983,1.864182,-0.152605
3,149.691056,10,0.500000,0.935942,0.951731,0.735311,-0.498493,-0.503294,-0.464957,0.995818,0.066265,-0.061478,-0.013287,-0.491839,0.451684,-0.082519,0.260462,-1.372786,1.027390,-0.129400
3,149.691056,11,0.550000,0.911018,0.926567,0.712064,-0.558401,-0.566163,-0.481001,0.997158,0.054289,-0.049926,-0.015347,-0.559064,0.504594,-0.086197,0.263940,-0.539731,0.269682,-0.107828
3,149.691056,12,0.600000,0.883098,0.898258,0.688013,-0.607881,-0.618334,-0.488042,0.998335,0.040646,-0.037008,-0.017506,-0.584400,0.519907,-0.089262,0.268590,0.185495,-0.370151,-0.087699
3,149.691056,13,0.650000,0.852704,0.867342,0.663611,-0.645343,-0.658056,-0.484158,0.999177,0.026366,-0.023681,-0.019742,-0.573363,0.503379,-0.091755,0.272865,0.774877,-0.870909,-0.068938
3,149.691056,14,0.700000,0.820436,0.834439,0.639403,-0.669782,-0.684207,-0.470622,0.999623,0.012344,-0.010762,-0.022038,-0.532867,0.461830,-0.093714,0.275895,1.215410,-1.225418,-0.051524
3,149.691056,15,0.750000,0.786947,0.800229,0.615872,-0.681053,-0.696573,-0.450478,0.999702,-0.000693,0.001102,-0.024377,-0.470454,0.402455,-0.095179,0.277410,1.514271,-1.445196,-0.035456
3,149.691056,16,0.800000,0.752895,0.765400,0.593348,-0.679904,-0.695889,-0.427257,0.999502,-0.012207,0.011444,-0.026746,-0.393286,0.331894,-0.096187,0.277567,1.679896,-1.542557,-0.020715
3,149.691056,17,0.850000,0.718899,0.730606,0.571986,-0.667809,-0.683661,-0.404032,0.999137,-0.021838,0.019969,-0.029136,-0.308080,0.256202,-0.096775,0.276743,1.726826,-1.534943,-0.007242
3,149.691056,18,0.900000,0.685509,0.696422,0.551784,-0.646707,-0.661894,-0.382942,0.998718,-0.029393,0.026539,-0.031538,-0.220798,0.180586,-0.096981,0.275391,1.673247,-1.442466,0.005072
3,149.691056,19,0.950000,0.653174,0.663328,0.532637,-0.618728,-0.632806,-0.365058,0.998331,-0.034827,0.031150,-0.033944,-0.136471,0.109276,-0.096837,0.273916,1.538926,-1.285880,0.016385
3,149.691056,20,1.000000,0.622237,0.631687,0.514384,-0.585980,-0.598605,-0.350521,0.998032,-0.038215,0.033908,-0.036350,-0.059123,0.045483,-0.096371,0.272613,1.343601,-1.085003,0.026889
3,149.691056,21,1.050000,0.592938,0.601757,0.496858,-0.550408,-0.561341,-0.338817,0.997845,-0.039731,0.035004,-0.038747,0.008224,-0.008551,-0.095607,0.271641,1.114898,-0.865571,0.036767
3,149.691056,22,1.100000,0.565418,0.573690,0.479917,-0.513718,-0.522819,-0.329098,0.997765,-0.039617,0.034688,-0.041131,0.063937,-0.051859,-0.094562,0.271034,0.870256,-0.643392,0.046216
3,149.691056,23,1.150000,0.539732,0.547549,0.463462,-0.477340,-0.484571,-0.320465,0.997771,-0.038158,0.033235,-0.043493,0.107264,-0.084258,-0.093248,0.270738,0.624710,-0.431216,0.055400
3,149.691056,24,1.200000,0.515865,0.523321,0.447439,-0.442424,-0.447844,-0.312166,0.997834,-0.035651,0.030927,-0.045828,0.138201,-0.106198,-0.091674,0.270653,0.390616,-0.238629,0.064435
3,149.691056,25,1.250000,0.493744,0.500928,0.431831,-0.409852,-0.413605,-0.303690,0.997922,-0.032395,0.028038,-0.048126,0.157363,-0.118611,-0.089842,0.270672,0.177550,-0.072159,0.073383
3,149.691056,26,1.300000,0.473251,0.480248,0.416646,-0.380240,-0.382549,-0.294785,0.998010,-0.028675,0.024816,-0.050381,0.165836,-0.122755,-0.087756,0.270704,-0.007645,0.064465,0.082248
3,149.691056,27,1.350000,0.454239,0.461121,0.401907,-0.353960,-0.355110,-0.285423,0.998079,-0.024746,0.021481,-0.052585,0.165045,-0.120084,-0.085418,0.270687,-0.160692,0.169951,0.090985
3,149.691056,28,1.400000,0.436541,0.443365,0.387636,-0.331161,-0.331482,-0.275728,0.998118,-0.020831,0.018215,-0.054730,0.156621,-0.112122,-0.082832,0.270590,-0.279638,0.245010,0.099512
3,149.691056,29,1.450000,0.419983,0.426791,0.373849,-0.311798,-0.311644,-0.265902,0.998123,-0.017114,0.015159,-0.056809,0.142287,-0.100364,-0.080003,0.270411,-0.364540,0.291912,0.107731
3,149.691056,30,1.500000,0.404393,0.411209,0.360554,-0.295671,-0.295399,-0.256164,0.998097,-0.013736,0.012418,-0.058815,0.123755,-0.086200,-0.076941,0.270167,-0.417116,0.314024,0.115546
3,149.691056,31,1.550000,0.389610,0.396439,0.347746,-0.282460,-0.282411,-0.246697,0.998044,-0.010799,0.010059,-0.060744,0.102647,-0.070860,-0.073657,0.269885,-0.440376,0.315400,0.122871
3,149.691056,32,1.600000,0.375487,0.382318,0.335411,-0.271769,-0.272249,-0.237628,0.997971,-0.008363,0.008115,-0.062588,0.080430,-0.055377,-0.070164,0.269592,-0.438250,0.300399,0.129651
3,149.691056,33,1.650000,0.361898,0.368706,0.323530,-0.263160,-0.264422,-0.229020,0.997885,-0.006458,0.006593,-0.064343,0.058370,-0.040571,-0.066479,0.269312,-0.415240,0.273368,0.135859
3,149.691056,34,1.700000,0.348740,0.355485,0.312079,-0.256183,-0.258418,-0.220879,0.997791,-0.005078,0.005476,-0.066004,0.037506,-0.027050,-0.062617,0.269061,-0.376090,0.238392,0.141503
3,149.691056,35,1.750000,0.335931,0.342564,0.301035,-0.250404,-0.253729,-0.213173,0.997695,-0.004195,0.004732,-0.067567,0.018637,-0.015220,-0.058595,0.268848,-0.325504,0.199100,0.146621
3,149.691056,36,1.800000,0.323411,0.329877,0.290376,-0.245421,-0.249880,-0.205845,0.997598,-0.003763,0.004314,-0.069029,0.002328,-0.005306,-0.054427,0.268673,-0.267908,0.158546,0.151274
3,149.691056,37,1.850000,0.311140,0.317383,0.280084,-0.240879,-0.246441,-0.198836,0.997504,-0.003720,0.004173,-0.070387,-0.011078,0.002616,-0.050127,0.268529,-0.207259,0.119138,0.155538
3,149.691056,38,1.900000,0.299096,0.305061,0.270142,-0.236479,-0.243043,-0.192091,0.997414,-0.003997,0.004253,-0.071636,-0.021436,0.008594,-0.045706,0.268409,-0.146917,0.082625,0.159498
3,149.691056,39,1.950000,0.287272,0.292909,0.260538,-0.231977,-0.239382,-0.185570,0.997328,-0.004521,0.004501,-0.072774,-0.028767,0.012763,-0.041173,0.268305,-0.089561,0.050127,0.163237
3,149.691056,40,2.000000,0.275673,0.280940,0.251259,-0.227190,-0.235227,-0.179250,0.997248,-0.005220,0.004867,-0.073799,-0.033225,0.015314,-0.036533,0.268207,-0.037166,0.022194,0.166831
3,149.691056,41,2.050000,0.264314,0.269179,0.242297,-0.221986,-0.230414,-0.173121,0.997173,-0.006024,0.005305,-0.074707,-0.035062,0.016470,-0.031791,0.268110,0.008983,-0.001102,0.170342
3,149.691056,42,2.100000,0.253214,0.257658,0.233640,-0.216285,-0.224842,-0.167185,0.997106,-0.006872,0.005777,-0.075498,-0.034593,0.016457,-0.026949,0.268009,0.048221,-0.020062,0.173817
3,149.691056,43,2.150000,0.242400,0.246416,0.225281,-0.210053,-0.218474,-0.161452,0.997046,-0.007707,0.006248,-0.076167,-0.032165,0.015489,-0.022008,0.267904,0.080417,-0.035246,0.177288
3,149.691056,44,2.200000,0.231897,0.235492,0.217209,-0.203290,-0.211322,-0.155930,0.996995,-0.008482,0.006691,-0.076714,-0.028132,0.013754,-0.016969,0.267795,0.105850,-0.047357,0.180765
3,149.691056,45,2.250000,0.221733,0.224926,0.209412,-0.196028,-0.203443,-0.150629,0.996953,-0.009160,0.007084,-0.077135,-0.022830,0.011404,-0.011830,0.267683,0.125075,-0.057125,0.184244
3,149.691056,46,2.300000,0.211932,0.214754,0.201881,-0.188326,-0.194931,-0.145552,0.996923,-0.009709,0.007409,-0.077428,-0.016571,0.008558,-0.006593,0.267571,0.138782,-0.065202,0.187706
3,149.691056,47,2.350000,0.202515,0.205008,0.194603,-0.180261,-0.185907,-0.140699,0.996905,-0.010107,0.007653,-0.077592,-0.009630,0.005302,-0.001258,0.267460,0.147653,-0.072063,0.191116
3,149.691056,48,2.400000,0.193502,0.195712,0.187568,-0.171927,-0.176515,-0.136062,0.996899,-0.010337,0.007804,-0.077622,-0.002247,0.001699,0.004174,0.267354,0.152229,-0.077927,0.194430
3,149.691056,49,2.450000,0.184906,0.186886,0.180765,-0.163429,-0.166911,-0.131629,0.996906,-0.010389,0.007851,-0.077518,0.005364,-0.002197,0.009701,0.267253,0.152805,-0.082692,0.197592
3,149.691056,50,2.500000,0.176734,0.178541,0.174184,-0.154884,-0.157262,-0.127384,0.996926,-0.010257,0.007789,-0.077277,0.013005,-0.006330,0.015318,0.267159,0.149348,-0.085909,0.200539
3,149.691056,51,2.550000,0.168990,0.170678,0.167814,-0.146417,-0.147740,-0.123308,0.996960,-0.009942,0.007610,-0.076896,0.020476,-0.010618,0.021018,0.267073,0.141487,-0.086790,0.203201
3,149.691056,52,2.600000,0.161669,0.163291,0.161649,-0.138156,-0.138514,-0.119383,0.997008,-0.009449,0.007311,-0.076374,0.027559,-0.014941,0.026794,0.266995,0.128559,-0.084291,0.205498
3,149.691056,53,2.650000,0.154762,0.156365,0.155680,-0.130235,-0.129750,-0.115589,0.997068,-0.008785,0.006892,-0.075707,0.034002,-0.019127,0.032635,0.266923,0.109745,-0.077251,0.207344
3,149.691056,54,2.700000,0.148250,0.149878,0.149900,-0.122783,-0.121607,-0.111911,0.997139,-0.007968,0.006358,-0.074895,0.039513,-0.022948,0.038529,0.266856,0.084278,-0.064594,0.208642
3,149.691056,55,2.750000,0.142111,0.143797,0.144305,-0.115927,-0.114224,-0.108336,0.997222,-0.007020,0.005720,-0.073936,0.043760,-0.026120,0.044459,0.266792,0.051702,-0.045572,0.209285
3,149.691056,56,2.800000,0.136314,0.138086,0.138888,-0.109778,-0.107725,-0.104858,0.997314,-0.005971,0.004996,-0.072830,0.046390,-0.028325,0.050408,0.266728,0.012152,-0.020018,0.209150
3,149.691056,57,2.850000,0.130825,0.132700,0.133645,-0.104427,-0.102201,-0.101477,0.997415,-0.004860,0.004213,-0.071574,0.047051,-0.029237,0.056353,0.266662,-0.033391,0.011436,0.208101
3,149.691056,58,2.900000,0.125604,0.127590,0.128571,-0.099933,-0.097712,-0.098200,0.997522,-0.003733,0.003406,-0.070170,0.045444,-0.028564,0.062268,0.266592,-0.082926,0.047208,0.205981
3,149.691056,59,2.950000,0.120607,0.122704,0.123661,-0.096320,-0.094271,-0.095035,0.997636,-0.002644,0.002620,-0.068619,0.041366,-0.026096,0.068123,0.266518,-0.133367,0.084736,0.202619
3,149.691056,60,3.000000,0.115791,0.117991,0.118910,-0.093561,-0.091845,-0.091997,0.997755,-0.001653,0.001903,-0.066920,0.034765,-0.021753,0.073883,0.266441,-0.180629,0.120565,0.197827
3,149.691056,61,3.050000,0.111113,0.113398,0.114310,-0.091578,-0.090343,-0.089093,0.997879,-0.000819,0.001305,-0.065078,0.025794,-0.015627,0.079506,0.266364,-0.219877,0.150577,0.191410
3,149.691056,62,3.100000,0.106534,0.108881,0.109855,-0.090241,-0.089621,-0.086329,0.998007,-0.000198,0.000875,-0.063095,0.014848,-0.008020,0.084947,0.266291,-0.245901,0.170335,0.183169
3,149.691056,63,3.150000,0.102022,0.104400,0.105539,-0.089368,-0.089481,-0.083698,0.998139,0.000162,0.000652,-0.060976,0.002578,0.000544,0.090153,0.266226,-0.253625,0.175516,0.172920
3,149.691056,64,3.200000,0.097554,0.099926,0.101354,-0.088736,-0.089679,-0.081189,0.998274,0.000228,0.000661,-0.058726,-0.010105,0.009329,0.095068,0.266171,-0.238731,0.162440,0.160505
3,149.691056,65,3.250000,0.093117,0.095442,0.097294,-0.088099,-0.089942,-0.078781,0.998410,-0.000009,0.000908,-0.056353,-0.022075,0.017415,0.099631,0.266126,-0.198401,0.128689,0.145812
3,149.691056,66,3.300000,0.088712,0.090945,0.093355,-0.087205,-0.089984,-0.076456,0.998547,-0.000533,0.001374,-0.053865,-0.032061,0.023766,0.103775,0.266088,-0.132176,0.073841,0.128783
3,149.691056,67,3.350000,0.084352,0.086446,0.089532,-0.085825,-0.089532,-0.074202,0.998682,-0.001298,0.002012,-0.051274,-0.038763,0.027331,0.107436,0.266052,-0.042960,0.000349,0.109429
3,149.691056,68,3.400000,0.080061,0.081969,0.085822,-0.083780,-0.088357,-0.072018,0.998813,-0.002225,0.002747,-0.048590,-0.041023,0.027191,0.110546,0.266012,0.061457,-0.084994,0.087824
3,149.691056,69,3.450000,0.075872,0.077551,0.082221,-0.080970,-0.086299,-0.069915,0.998938,-0.003209,0.003482,-0.045828,-0.038064,0.022769,0.113043,0.265964,0.165650,-0.168306,0.064099
3,149.691056,70,3.500000,0.071823,0.073236,0.078726,-0.077399,-0.083299,-0.067911,0.999058,-0.004123,0.004103,-0.043004,-0.029879,0.014190,0.114865,0.265907,0.246181,-0.228044,0.038426
3,149.691056,71,3.550000,0.067953,0.069071,0.075330,-0.073187,-0.079416,-0.066024,0.999172,-0.004842,0.004502,-0.040133,-0.017632,0.002658,0.115957,0.265848,0.279357,-0.242275,0.011005
3,149.691056,72,3.600000,0.064294,0.065101,0.072029,-0.068567,-0.074830,-0.064257,0.999282,-0.005267,0.004600,-0.037235,-0.003676,-0.009534,0.116270,0.265794,0.241230,-0.188571,-0.017949
3,149.691056,73,3.650000,0.060866,0.061359,0.068816,-0.063849,-0.069817,-0.062595,0.999387,-0.005354,0.004380,-0.034328,0.008428,-0.018978,0.115760,0.265750,0.196332,-0.130788,-0.048174
3,149.691056,74,3.700000,0.057673,0.057868,0.065686,-0.059359,-0.064698,-0.061011,0.999485,-0.005148,0.003914,-0.031434,0.018328,-0.025481,0.114390,0.265715,0.207372,-0.131114,-0.079307
3,149.691056,75,3.750000,0.054705,0.054633,0.062636,-0.055350,-0.059756,-0.059488,0.999575,-0.004698,0.003278,-0.028574,0.028807,-0.031957,0.112136,0.265683,0.186112,-0.103593,-0.110717
3,149.691056,76,3.800000,0.051938,0.051646,0.059661,-0.051993,-0.055227,-0.058015,0.999657,-0.003992,0.002472,-0.025771,0.038249,-0.037014,0.108989,0.265654,0.060347,0.021910,-0.141460
3,149.691056,77,3.850000,0.049338,0.048884,0.056761,-0.049461,-0.051363,-0.056584,0.999729,-0.003053,0.001533,-0.023045,0.041419,-0.035760,0.104968,0.265625,0.045309,0.031978,-0.170568
3,149.691056,78,3.900000,0.046865,0.046316,0.053931,-0.047883,-0.048395,-0.055198,0.999789,-0.002035,0.000624,-0.020421,0.043827,-0.033996,0.100120,0.265589,0.070780,-0.008258,-0.197294
3,149.691056,79,3.950000,0.044471,0.043896,0.051172,-0.047229,-0.046406,-0.053872,0.999839,-0.000955,-0.000243,-0.017917,0.047495,-0.034243,0.094512,0.265551,0.021310,0.011333,-0.220830
3,149.691056,80,4.000000,0.042109,0.041576,0.048478,-0.047452,-0.045463,-0.052611,0.999878,0.000216,-0.001118,-0.015553,0.048683,-0.033506,0.088235,0.265509,-0.183399,0.172547,-0.240453
3,149.691056,81,4.050000,0.039737,0.039303,0.045847,-0.048555,-0.045658,-0.051429,0.999908,0.001418,-0.001975,-0.013347,0.039626,-0.024715,0.081400,0.265453,-0.399125,0.345379,-0.255257
3,149.691056,82,4.100000,0.037309,0.037020,0.043276,-0.050515,-0.047026,-0.050354,0.999930,0.002396,-0.002609,-0.011311,0.019746,-0.007324,0.074144,0.265395,-0.451181,0.372785,-0.264450
3,149.691056,83,4.150000,0.034783,0.034669,0.040758,-0.053106,-0.049352,-0.049395,0.999947,0.002883,-0.002802,-0.009456,-0.002793,0.011371,0.066627,0.265357,-0.445147,0.361412,-0.268027
3,149.691056,84,4.200000,0.032128,0.032201,0.038289,-0.055887,-0.052159,-0.048509,0.999963,0.002811,-0.002522,-0.007790,-0.025079,0.029434,0.059009,0.265340,-0.449130,0.385184,-0.265916
3,149.691056,85,4.250000,0.029334,0.029593,0.035863,-0.058387,-0.054902,-0.047653,0.999976,0.002186,-0.001786,-0.006314,-0.047601,0.048638,0.051450,0.265338,-0.257086,0.257923,-0.258099
3,149.691056,86,4.300000,0.026414,0.026848,0.033480,-0.060155,-0.057039,-0.046794,0.999987,0.001001,-0.000565,-0.005028,-0.060550,0.061441,0.044114,0.265343,-0.088539,0.139351,-0.244497
3,149.691056,87,4.350000,0.023407,0.023996,0.031141,-0.060715,-0.058020,-0.045920,0.999992,-0.000505,0.000978,-0.003924,-0.065080,0.068307,0.037164,0.265330,0.067741,-0.022653,-0.225371
3,149.691056,88,4.400000,0.020371,0.021095,0.028845,-0.059753,-0.057527,-0.045070,0.999990,-0.002125,0.002692,-0.002994,-0.061790,0.067083,0.030758,0.265291,0.190226,-0.175642,-0.202718
3,149.691056,89,4.450000,0.017383,0.018219,0.026591,-0.057102,-0.055447,-0.044302,0.999981,-0.003662,0.004375,-0.002225,-0.052357,0.058228,0.024996,0.265227,0.171049,-0.204293,-0.178082
3,149.691056,90,4.500000,0.014528,0.015447,0.024376,-0.052796,-0.051859,-0.043673,0.999969,-0.004965,0.005836,-0.001600,-0.043859,0.047964,0.019934,0.265163,0.291495,-0.372104,-0.152863
3,149.691056,91,4.550000,0.011888,0.012854,0.022192,-0.047056,-0.046992,-0.043187,0.999956,-0.006057,0.007039,-0.001101,-0.029321,0.029326,0.015589,0.265091,0.375399,-0.491780,-0.127937
3,149.691056,92,4.600000,0.009535,0.010504,0.020033,-0.040139,-0.041053,-0.042863,0.999946,-0.006786,0.007776,-0.000710,-0.010568,0.004719,0.011952,0.265040,0.435466,-0.562324,-0.104047
3,149.691056,93,4.650000,0.007529,0.008451,0.017890,-0.032501,-0.034397,-0.042652,0.999944,-0.007048,0.007896,-0.000410,0.011203,-0.023402,0.008995,0.265030,0.421087,-0.523042,-0.081768
3,149.691056,94,4.700000,0.005903,0.006731,0.015757,-0.024748,-0.027482,-0.042465,0.999950,-0.006767,0.007312,-0.000184,0.032265,-0.049550,0.006670,0.265067,0.133470,-0.179958,-0.061543
3,149.691056,95,4.750000,0.004666,0.005357,0.013634,-0.017569,-0.020841,-0.042198,0.999964,-0.005959,0.006075,-0.000014,0.038951,-0.058540,0.004921,0.265110,0.056402,-0.011708,-0.049048
3,149.691056,96,4.800000,0.003788,0.004315,0.011524,-0.011604,-0.014991,-0.041826,0.999977,-0.004984,0.004612,0.000112,0.041782,-0.059118,0.003527,0.265119,-0.064598,0.204497,-0.039846
3,149.691056,97,4.850000,0.003207,0.003566,0.009433,-0.007076,-0.010096,-0.041410,0.999987,-0.003939,0.003135,0.000202,0.038560,-0.048887,0.002394,0.265082,-0.183905,0.383546,-0.034785
3,149.691056,98,4.900000,0.002854,0.003061,0.007362,-0.004000,-0.006228,-0.041042,0.999994,-0.002975,0.001913,0.000264,0.029369,-0.029707,0.001405,0.265001,-0.270717,0.418250,-0.034956
3,149.691056,99,4.950000,0.002654,0.002750,0.005310,-0.002123,-0.003307,-0.040813,0.999997,-0.002240,0.001170,0.000300,0.015835,-0.008793,0.000412,0.286915,-0.315373,0.178951,-0.041848
3,149.691056,100,5.000000,0.002547,0.002584,0.003270,-0.000880,-0.000926,0.000005,0.999998,-0.001844,0.000951,0.000310,0.000067,0.000155,-0.000778,0,0,0,0
4,153.651694,0,0.000000,1.011197,1.027026,0.957655,-0.004189,0.002457,-0.046753,0.999986,0.001542,-0.001770,-0.004652,0.000000,0.000000,0.000000,0.080000,11.263034,-10.135018,-0.695756
4,153.651694,1,0.050000,1.010988,1.027149,0.955318,-0.004715,0.002002,-0.389106,0.999986,0.001542,-0.001770,-0.004652,0.563152,-0.506751,-0.019777,0.080000,4.297911,-4.112913,-0.595324
4,153.651694,2,0.100000,1.010752,1.027249,0.935862,-0.005241,0.001548,-0.731460,0.999761,0.015559,-0.014500,-0.005140,0.777667,-0.712819,-0.036699,0.231426,-0.318831,0.158901,-0.523732
4,153.651694,3,0.150000,1.010490,1.027326,0.899289,-0.017736,-0.011721,-0.793782,0.998847,0.034906,-0.032391,-0.006050,0.760733,-0.705957,-0.051585,0.331100,-3.006221,2.700323,-0.468889
4,153.651694,4,0.200000,1.009603,1.026740,0.859600,-0.057670,-0.054237,-0.673913,0.997267,0.053819,-0.050073,-0.007336,0.609039,-0.572430,-0.064913,0.333465,-4.328988,3.985431,-0.421531
4,153.651694,5,0.250000,1.006720,1.024028,0.825905,-0.119831,-0.120071,-0.553561,0.995501,0.068965,-0.064354,-0.008960,0.391180,-0.374659,-0.076895,0.316634,-4.710164,4.350433,-0.378147
4,153.651694,6,0.300000,1.000728,1.018025,0.798227,-0.195685,-0.199907,-0.468135,0.994114,0.078733,-0.073627,-0.010889,0.154578,-0.158279,-0.087644,0.294799,-4.470745,4.103336,-0.337098
4,153.651694,7,0.350000,0.990944,1.008030,0.774820,-0.276538,-0.284490,-0.425397,0.993476,0.082691,-0.077429,-0.013094,-0.069486,0.046373,-0.097226,0.276210,-3.850999,3.485228,-0.298160
4,153.651694,8,0.400000,0.977117,0.993805,0.753550,-0.356338,-0.367494,-0.417525,0.993673,0.081168,-0.076053,-0.015548,-0.261864,0.220891,-0.105701,0.264419,-3.027195,2.675332,-0.261710
4,153.651694,9,0.450000,0.959300,0.975430,0.732674,-0.431584,-0.445323,-0.430477,0.994543,0.074947,-0.070246,-0.018222,-0.412338,0.355708,-0.113140,0.259658,-2.127340,1.804214,-0.228211
4,153.651694,10,0.500000,0.937721,0.953164,0.711150,-0.500085,-0.515775,-0.450277,0.995793,0.065049,-0.060997,-0.021091,-0.517178,0.447690,-0.119627,0.260273,-1.235081,0.957066,-0.197976
4,153.651694,11,0.550000,0.912717,0.927375,0.688636,-0.559959,-0.576977,-0.466456,0.997103,0.052585,-0.049377,-0.024126,-0.576899,0.497891,-0.125254,0.263975,-0.414132,0.196638,-0.171084
4,153.651694,12,0.600000,0.884719,0.898527,0.665313,-0.609334,-0.627075,-0.473200,0.998215,0.038652,-0.036446,-0.027301,-0.595239,0.510465,-0.130117,0.268670,0.293539,-0.437987,-0.147400
4,153.651694,13,0.650000,0.854252,0.867173,0.641653,-0.646586,-0.664477,-0.468971,0.998969,0.024259,-0.023171,-0.030591,-0.578041,0.491505,-0.134307,0.272867,0.863476,-0.926754,-0.126637
4,153.651694,14,0.700000,0.821923,0.833949,0.618205,-0.670729,-0.688253,-0.455298,0.999316,0.010275,-0.010370,-0.033976,-0.532362,0.448114,-0.137907,0.275765,1.285269,-1.264629,-0.108413
4,153.651694,15,0.750000,0.788386,0.799536,0.595440,-0.681670,-0.698380,-0.435340,0.999295,-0.002608,0.001312,-0.037438,-0.465753,0.387669,-0.140988,0.277147,1.559402,-1.457860,-0.092307
4,153.651694,16,0.800000,0.754303,0.764617,0.573673,-0.680224,-0.695755,-0.412614,0.998999,-0.013884,0.011423,-0.040965,-0.385709,0.317268,-0.143612,0.277201,1.703398,-1.528482,-0.077905
4,153.651694,17,0.850000,0.720291,0.729830,0.553042,-0.667924,-0.681996,-0.390110,0.998543,-0.023231,0.019690,-0.044548,-0.298810,0.242946,-0.145826,0.276333,1.731958,-1.496161,-0.064773
4,153.651694,18,0.900000,0.686895,0.695730,0.533537,-0.646743,-0.659152,-0.369832,0.998035,-0.030490,0.026001,-0.048180,-0.210867,0.169792,-0.147668,0.274989,1.662956,-1.382735,-0.052481
4,153.651694,19,0.950000,0.654558,0.662772,0.515045,-0.618817,-0.629436,-0.352728,0.997556,-0.035642,0.030378,-0.051855,-0.126768,0.101837,-0.149159,0.273561,1.515509,-1.210075,-0.040622
4,153.651694,20,1.000000,0.623617,0.631300,0.497409,-0.586241,-0.595008,-0.338856,0.997157,-0.038784,0.032949,-0.055569,-0.050416,0.042051,-0.150314,0.272322,1.318645,-1.006218,-0.028859
4,153.651694,21,1.050000,0.594305,0.601550,0.480466,-0.550929,-0.557849,-0.327668,0.996856,-0.040106,0.033921,-0.059315,0.015756,-0.007973,-0.151134,0.271410,1.090965,-0.789549,-0.016892
4,153.651694,22,1.100000,0.566759,0.573658,0.464082,-0.514547,-0.519683,-0.318329,0.996648,-0.039853,0.033547,-0.063086,0.070259,-0.047541,-0.151614,0.270846,0.849180,-0.575267,-0.004505
4,153.651694,23,1.150000,0.541031,0.547673,0.448166,-0.478485,-0.481962,-0.309984,0.996509,-0.038304,0.032101,-0.066875,0.112444,-0.076708,-0.151743,0.270572,0.607655,-0.375114,0.008405
4,153.651694,24,1.200000,0.517107,0.523575,0.432667,-0.443861,-0.445863,-0.301927,0.996412,-0.035752,0.029856,-0.070671,0.142385,-0.096111,-0.151504,0.270493,0.378148,-0.197404,0.021827
4,153.651694,25,1.250000,0.494914,0.501282,0.417570,-0.411527,-0.412287,-0.293688,0.996327,-0.032488,0.027074,-0.074464,0.160740,-0.106800,-0.150883,0.270507,0.169727,-0.047264,0.035640
4,153.651694,26,1.300000,0.474338,0.480668,0.402886,-0.382078,-0.381878,-0.285041,0.996230,-0.028784,0.023992,-0.078243,0.168615,-0.110084,-0.149870,0.270529,-0.011177,0.072980,0.049628
4,153.651694,27,1.350000,0.455234,0.461574,0.388634,-0.355873,-0.355027,-0.275968,0.996104,-0.024890,0.020812,-0.081996,0.167430,-0.107394,-0.148460,0.270504,-0.160617,0.163318,0.063521
4,153.651694,28,1.400000,0.437440,0.443823,0.374836,-0.333058,-0.331898,-0.266589,0.995941,-0.021017,0.017702,-0.085712,0.158794,-0.100171,-0.146654,0.270404,-0.276883,0.225535,0.077022
4,153.651694,29,1.450000,0.420787,0.427228,0.361506,-0.313598,-0.312454,-0.257096,0.995737,-0.017343,0.014790,-0.089379,0.144392,-0.089779,-0.144465,0.270229,-0.360194,0.262691,0.089858
4,153.651694,30,1.500000,0.405107,0.411605,0.348651,-0.297307,-0.296494,-0.247692,0.995494,-0.014002,0.012170,-0.092988,0.125890,-0.077436,-0.141910,0.269993,-0.412349,0.278627,0.101805
4,153.651694,31,1.550000,0.390242,0.396780,0.336267,-0.283890,-0.283687,-0.238549,0.995219,-0.011092,0.009900,-0.096530,0.104856,-0.064182,-0.139017,0.269722,-0.436358,0.277535,0.112722
4,153.651694,32,1.600000,0.376048,0.382596,0.324339,-0.272978,-0.273614,-0.229785,0.994918,-0.008672,0.008012,-0.099996,0.082699,-0.050859,-0.135813,0.269440,-0.436070,0.263593,0.122565
4,153.651694,33,1.650000,0.362399,0.368915,0.312850,-0.264158,-0.265803,-0.221461,0.994598,-0.006770,0.006510,-0.103379,0.060633,-0.038105,-0.132329,0.269171,-0.415817,0.240683,0.131386
4,153.651694,34,1.700000,0.349191,0.355625,0.301777,-0.257006,-0.259761,-0.213584,0.994265,-0.005382,0.005384,-0.106672,0.039651,-0.026376,-0.128594,0.268929,-0.380091,0.212186,0.139332
4,153.651694,35,1.750000,0.336340,0.342637,0.291098,-0.251102,-0.255003,-0.206125,0.993925,-0.004484,0.004605,-0.109869,0.020518,-0.015960,-0.124634,0.268722,-0.333267,0.180866,0.146625
4,153.651694,36,1.800000,0.323785,0.329887,0.280792,-0.246056,-0.251071,-0.199033,0.993582,-0.004032,0.004138,-0.112966,0.003779,-0.007014,-0.120466,0.268550,-0.279371,0.148817,0.153538
4,153.651694,37,1.850000,0.311483,0.317333,0.270840,-0.241514,-0.247551,-0.192252,0.993238,-0.003971,0.003941,-0.115958,-0.010222,0.000410,-0.116102,0.268409,-0.221921,0.117478,0.160374
4,153.651694,38,1.900000,0.299407,0.304956,0.261227,-0.237165,-0.244085,-0.185729,0.992897,-0.004235,0.003969,-0.118839,-0.021316,0.006329,-0.111543,0.268292,-0.163813,0.087695,0.167437
4,153.651694,39,1.950000,0.287549,0.292752,0.251941,-0.232749,-0.240375,-0.179424,0.992558,-0.004756,0.004178,-0.121606,-0.029480,0.010804,-0.106784,0.268191,-0.107286,0.059830,0.175014
4,153.651694,40,2.000000,0.275911,0.280733,0.242970,-0.228055,-0.236191,-0.173314,0.992225,-0.005466,0.004523,-0.124253,-0.034800,0.013915,-0.101809,0.268098,-0.053932,0.033887,0.183357
4,153.651694,41,2.050000,0.264508,0.268923,0.234304,-0.222925,-0.231363,-0.167386,0.991899,-0.006297,0.004962,-0.126776,-0.037443,0.015744,-0.096597,0.268006,-0.004769,0.009658,0.192670
4,153.651694,42,2.100000,0.253362,0.257355,0.225935,-0.217246,-0.225788,-0.161643,0.991582,-0.007188,0.005456,-0.129169,-0.037624,0.016364,-0.091121,0.267911,0.039637,-0.013116,0.203108
4,153.651694,43,2.150000,0.242500,0.246066,0.217852,-0.210957,-0.219414,-0.156092,0.991275,-0.008080,0.005967,-0.131425,-0.035585,0.015838,-0.085347,0.267811,0.079022,-0.034605,0.214772
4,153.651694,44,2.200000,0.231952,0.235095,0.210048,-0.204037,-0.212247,-0.150746,0.990983,-0.008923,0.006459,-0.133538,-0.031583,0.014223,-0.079242,0.267706,0.113248,-0.054745,0.227711
4,153.651694,45,2.250000,0.221750,0.224483,0.202511,-0.196509,-0.204335,-0.145614,0.990706,-0.009671,0.006899,-0.135499,-0.025878,0.011581,-0.072770,0.267597,0.142131,-0.073146,0.241929
4,153.651694,46,2.300000,0.211925,0.214266,0.195230,-0.188436,-0.195766,-0.140705,0.990450,-0.010285,0.007256,-0.137299,-0.018739,0.007995,-0.065893,0.267486,0.165301,-0.089036,0.257387
4,153.651694,47,2.350000,0.202503,0.204478,0.188195,-0.179918,-0.186662,-0.136018,0.990216,-0.010733,0.007501,-0.138929,-0.010454,0.003590,-0.058577,0.267376,0.182125,-0.101288,0.274002
4,153.651694,48,2.400000,0.193507,0.195144,0.181394,-0.171085,-0.177169,-0.131548,0.990008,-0.010991,0.007611,-0.140378,-0.001340,-0.001451,-0.050789,0.267270,0.191706,-0.108520,0.291652
4,153.651694,49,2.450000,0.184953,0.186286,0.174816,-0.162099,-0.167456,-0.127281,0.989829,-0.011039,0.007566,-0.141634,0.008243,-0.006875,-0.042498,0.267171,0.192974,-0.109284,0.310168
4,153.651694,50,2.500000,0.176848,0.177913,0.168452,-0.153142,-0.157704,-0.123197,0.989681,-0.010867,0.007355,-0.142686,0.017880,-0.012352,-0.033682,0.267081,0.184863,-0.102303,0.329333
4,153.651694,51,2.550000,0.169191,0.170028,0.162292,-0.144408,-0.148104,-0.119272,0.989568,-0.010475,0.006976,-0.143519,0.027108,-0.017490,-0.024321,0.267001,0.166552,-0.086748,0.348869
4,153.651694,52,2.600000,0.161970,0.162623,0.156329,-0.136095,-0.138843,-0.115483,0.989490,-0.009871,0.006440,-0.144121,0.035419,-0.021853,-0.014404,0.266929,0.137730,-0.062504,0.368435
4,153.651694,53,2.650000,0.155166,0.155681,0.150555,-0.128389,-0.130105,-0.111809,0.989450,-0.009076,0.005768,-0.144477,0.042294,-0.024997,-0.003932,0.266863,0.098860,-0.030378,0.387616
4,153.651694,54,2.700000,0.148746,0.149175,0.144964,-0.121452,-0.122052,-0.108233,0.989448,-0.008121,0.004996,-0.144575,0.047233,-0.026522,0.007086,0.266800,0.051376,0.007778,0.405923
4,153.651694,55,2.750000,0.142673,0.143073,0.139553,-0.115408,-0.114826,-0.104749,0.989486,-0.007047,0.004171,-0.144400,0.049809,-0.026121,0.018624,0.266736,-0.002208,0.049063,0.422792
4,153.651694,56,2.800000,0.136903,0.137331,0.134315,-0.110325,-0.108532,-0.101359,0.989563,-0.005908,0.003348,-0.143940,0.049717,-0.023632,0.030642,0.266670,-0.058301,0.089645,0.437593
4,153.651694,57,2.850000,0.131387,0.131905,0.129247,-0.106213,-0.103235,-0.098071,0.989682,-0.004760,0.002589,-0.143182,0.046829,-0.019092,0.043080,0.266600,-0.112378,0.124995,0.449651
4,153.651694,58,2.900000,0.126076,0.126743,0.124344,-0.103011,-0.098949,-0.094897,0.989841,-0.003667,0.001954,-0.142117,0.041241,-0.012766,0.055862,0.266526,-0.159241,0.150228,0.458267
4,153.651694,59,2.950000,0.120926,0.121796,0.119599,-0.100587,-0.095640,-0.091848,0.990043,-0.002689,0.001497,-0.140735,0.033306,-0.005167,0.068888,0.266451,-0.193446,0.160563,0.462760
4,153.651694,60,3.000000,0.115896,0.117014,0.115006,-0.098751,-0.093221,-0.088931,0.990286,-0.001880,0.001256,-0.139031,0.023648,0.002948,0.082042,0.266378,-0.209923,0.151935,0.462517
4,153.651694,61,3.050000,0.110959,0.112353,0.110560,-0.097266,-0.091556,-0.086144,0.990569,-0.001282,0.001251,-0.137000,0.013142,0.010619,0.095188,0.266310,-0.204800,0.121794,0.457039
4,153.651694,62,3.100000,0.106095,0.107775,0.106253,-0.095870,-0.090473,-0.083480,0.990893,-0.000917,0.001472,-0.134643,0.002864,0.016756,0.108180,0.266249,-0.176491,0.070154,0.445994
4,153.651694,63,3.150000,0.101302,0.103251,0.102079,-0.094310,-0.089772,-0.080930,0.991253,-0.000786,0.001880,-0.131963,-0.006029,0.020275,0.120857,0.266194,-0.127464,0.001337,0.429247
4,153.651694,64,3.200000,0.096586,0.098763,0.098032,-0.092371,-0.089248,-0.078481,0.991645,-0.000863,0.002405,-0.128968,-0.012495,0.020314,0.133058,0.266144,-0.067389,-0.072893,0.406870
4,153.651694,65,3.250000,0.091968,0.094300,0.094108,-0.089911,-0.088711,-0.076128,0.992067,-0.001099,0.002951,-0.125668,-0.015968,0.016607,0.144623,0.266096,-0.014174,-0.132297,0.379109
4,153.651694,66,3.300000,0.087472,0.089865,0.090302,-0.086889,-0.088002,-0.073867,0.992513,-0.001432,0.003417,-0.122080,-0.016767,0.009904,0.155399,0.266048,0.012890,-0.155029,0.346308
4,153.651694,67,3.350000,0.083128,0.085465,0.086608,-0.083375,-0.087012,-0.071698,0.992979,-0.001805,0.003720,-0.118222,-0.016181,0.002054,0.165243,0.266000,-0.007949,-0.117406,0.308806
4,153.651694,68,3.400000,0.078959,0.081114,0.083023,-0.079526,-0.085680,-0.069623,0.993458,-0.002185,0.003826,-0.114117,-0.016592,-0.003918,0.174021,0.265953,-0.013144,-0.080914,0.266888
4,153.651694,69,3.450000,0.074983,0.076830,0.079542,-0.075536,-0.083972,-0.067636,0.993944,-0.002591,0.003785,-0.109792,-0.017223,-0.008073,0.181607,0.265909,0.056164,-0.105931,0.220803
4,153.651694,70,3.500000,0.071206,0.072631,0.076161,-0.071551,-0.081845,-0.065733,0.994432,-0.003024,0.003644,-0.105276,-0.014359,-0.013489,0.187883,0.265865,0.107809,-0.105921,0.171214
4,153.651694,71,3.550000,0.067628,0.068539,0.072874,-0.067669,-0.079261,-0.063912,0.994915,-0.003400,0.003360,-0.100602,-0.008872,-0.018887,0.192750,0.265821,0.065925,-0.009544,0.119506
4,153.651694,72,3.600000,0.064245,0.064576,0.069678,-0.064041,-0.076264,-0.062173,0.995389,-0.003652,0.002929,-0.095804,-0.005438,-0.019429,0.196147,0.265779,0.138604,-0.028475,0.067237
4,153.651694,73,3.650000,0.061043,0.060763,0.066570,-0.060826,-0.072962,-0.060511,0.995848,-0.003819,0.002477,-0.090920,0.001637,-0.020893,0.198058,0.265736,0.246848,-0.099648,0.015589
4,153.651694,74,3.700000,0.058002,0.057115,0.063544,-0.058057,-0.069441,-0.058928,0.996287,-0.003814,0.001972,-0.085986,0.014136,-0.025863,0.198501,0.265694,0.270183,-0.114422,-0.033717
4,153.651694,75,3.750000,0.055099,0.053643,0.060598,-0.055801,-0.065869,-0.057420,0.996704,-0.003507,0.001316,-0.081039,0.027840,-0.031478,0.197543,0.265656,0.120803,0.012467,-0.078980
4,153.651694,76,3.800000,0.052309,0.050349,0.057727,-0.054231,-0.062534,-0.055977,0.997095,-0.002871,0.000493,-0.076114,0.034116,-0.030646,0.195298,0.265619,-0.069247,0.158901,-0.118581
4,153.651694,77,3.850000,0.049597,0.047223,0.054928,-0.053533,-0.059755,-0.054599,0.997457,-0.002076,-0.000322,-0.071243,0.030881,-0.022448,0.191927,0.265578,-0.137063,0.174666,-0.151457
4,153.651694,78,3.900000,0.046921,0.044235,0.052198,-0.053703,-0.057696,-0.053291,0.997788,-0.001348,-0.000927,-0.066455,0.024191,-0.013490,0.187622,0.265538,-0.190775,0.170928,-0.177519
4,153.651694,79,3.950000,0.044235,0.041350,0.049533,-0.054525,-0.056313,-0.052057,0.998089,-0.000771,-0.001297,-0.061773,0.014749,-0.004771,0.182576,0.265501,-0.291710,0.229009,-0.196535
4,153.651694,80,4.000000,0.041509,0.038534,0.046930,-0.055751,-0.055477,-0.050891,0.998361,-0.000416,-0.001436,-0.057216,0.000196,0.006782,0.176990,0.265466,-0.221243,0.170236,-0.208489
4,153.651694,81,4.050000,0.038722,0.035760,0.044386,-0.057137,-0.054988,-0.049790,0.998604,-0.000408,-0.001265,-0.052798,-0.010911,0.015295,0.171063,0.265437,-0.174730,0.149112,-0.213528
4,153.651694,82,4.100000,0.035865,0.033011,0.041896,-0.058357,-0.054522,-0.048742,0.998821,-0.000666,-0.000867,-0.048528,-0.019747,0.022679,0.164994,0.265410,-0.109908,0.098678,-0.211913
4,153.651694,83,4.150000,0.032947,0.030285,0.039459,-0.059177,-0.053827,-0.047743,0.999013,-0.001135,-0.000274,-0.044408,-0.025385,0.027490,0.158970,0.265383,-0.024161,0.065258,-0.205889
4,153.651694,84,4.200000,0.029988,0.027594,0.037072,-0.059396,-0.052701,-0.046793,0.999180,-0.001739,0.000445,-0.040439,-0.026758,0.030599,0.153118,0.265354,-0.039214,0.147470,-0.197143
4,153.651694,85,4.250000,0.027018,0.024959,0.034732,-0.058889,-0.051011,-0.045901,0.999326,-0.002375,0.001244,-0.036615,-0.028897,0.037817,0.147514,0.265325,0.087774,0.040017,-0.186900
4,153.651694,86,4.300000,0.024074,0.022408,0.032437,-0.057583,-0.048723,-0.045065,0.999451,-0.003058,0.002224,-0.032930,-0.024720,0.039656,0.142202,0.265288,0.188045,-0.082042,-0.177183
4,153.651694,87,4.350000,0.021195,0.019972,0.030184,-0.055300,-0.045792,-0.044305,0.999556,-0.003635,0.003246,-0.029379,-0.015532,0.035421,0.137165,0.265246,0.279370,-0.214044,-0.170432
4,153.651694,88,4.400000,0.018430,0.017682,0.027969,-0.052008,-0.042317,-0.043632,0.999647,-0.003986,0.004155,-0.025953,-0.001748,0.024638,0.132321,0.265204,0.305030,-0.288853,-0.169055
4,153.651694,89,4.450000,0.015829,0.015566,0.025787,-0.047827,-0.038509,-0.043046,0.999724,-0.004000,0.004785,-0.022648,0.013380,0.010186,0.127515,0.265173,0.061853,-0.104045,-0.175190
4,153.651694,90,4.500000,0.013438,0.013641,0.023635,-0.043041,-0.034688,-0.042523,0.999791,-0.003644,0.005044,-0.019464,0.016424,0.005049,0.122536,0.265157,0.027308,-0.120078,-0.195808
4,153.651694,91,4.550000,0.011286,0.011907,0.021509,-0.038018,-0.031207,-0.042029,0.999847,-0.003216,0.005174,-0.016403,0.017765,-0.000879,0.116970,0.265133,-0.064231,-0.089477,-0.227418
4,153.651694,92,4.600000,0.009385,0.010346,0.019407,-0.032887,-0.028133,-0.041578,0.999892,-0.002757,0.005154,-0.013482,0.014558,-0.005274,0.110506,0.265107,-0.172834,-0.053778,-0.271219
4,153.651694,93,4.650000,0.007740,0.008940,0.017329,-0.027790,-0.025494,-0.041172,0.999927,-0.002381,0.005025,-0.010721,0.005938,-0.007901,0.102796,0.265071,-0.264546,-0.069918,-0.327591
4,153.651694,94,4.700000,0.006351,0.007665,0.015270,-0.022833,-0.023210,-0.040829,0.999953,-0.002221,0.004832,-0.008151,-0.007258,-0.011374,0.093485,0.265027,-0.305572,-0.244703,-0.396064
4,153.651694,95,4.750000,0.005209,0.006504,0.013229,-0.018073,-0.021069,-0.040566,0.999970,-0.002394,0.004554,-0.005813,-0.022497,-0.023635,0.082227,0.264994,-0.244623,-0.094849,-0.460045
4,153.651694,96,4.800000,0.004306,0.005451,0.011200,-0.013589,-0.018745,-0.040363,0.999981,-0.002950,0.003971,-0.003753,-0.034654,-0.028448,0.069150,0.264960,-0.096007,0.120088,-0.524646
4,153.651694,97,4.850000,0.003626,0.004514,0.009182,-0.009681,-0.015865,-0.040220,0.999985,-0.003812,0.003268,-0.002019,-0.039380,-0.022534,0.054237,0.264920,0.136434,0.294261,-0.588836
4,153.651694,98,4.900000,0.003142,0.003720,0.007171,-0.006467,-0.012131,-0.040152,0.999985,-0.004794,0.002712,-0.000658,-0.032512,-0.007902,0.037500,0.264898,0.351224,0.276592,-0.654508
4,153.651694,99,4.950000,0.002819,0.003114,0.005163,-0.003803,-0.007430,-0.040130,0.999981,-0.005604,0.002520,0.000283,-0.014939,0.005881,0.018896,0.286573,0.315296,-0.120224,-0.726709
4,153.651694,100,5.000000,0.002629,0.002742,0.003157,-0.001130,-0.001481,0.000021,0.999978,-0.005976,0.002669,0.000755,0.000821,-0.000141,-0.001761,0,0,0,0
5,152.631905,0,0.000000,1.013378,1.030749,0.923550,-0.004284,-0.001592,-0.066101,0.999971,0.001373,-0.001391,-0.007347,0.000000,0.000000,0.000000,0.080000,10.766372,-10.275957,-0.345255
5,152.631905,1,0.050000,1.013164,1.030670,0.920245,-0.004699,-0.001995,-0.408454,0.999971,0.001373,-0.001391,-0.007347,0.538319,-0.513798,-0.009814,0.080000,4.382690,-4.049157,-0.298304
5,152.631905,2,0.100000,1.012929,1.030570,0.899822,-0.005114,-0.002399,-0.750807,0.999760,0.014734,-0.014331,-0.007590,0.757262,-0.716456,-0.018293,0.256075,-0.037508,0.178155,-0.251258
5,152.631905,3,0.150000,1.012673,1.030450,0.862282,-0.018809,-0.016267,-0.767495,0.998882,0.033520,-0.032364,-0.008037,0.754889,-0.708074,-0.025435,0.329319,-2.737849,2.712729,-0.210801
5,152.631905,4,0.200000,1.011733,1.029637,0.823907,-0.058568,-0.056788,-0.650794,0.997337,0.052232,-0.050160,-0.008651,0.617313,-0.573166,-0.031427,0.332523,-4.145917,3.989801,-0.178414
5,152.631905,5,0.250000,1.008804,1.026797,0.791368,-0.120736,-0.120410,-0.531968,0.995584,0.067524,-0.064529,-0.009407,0.409334,-0.374413,-0.036498,0.316426,-4.658301,4.368709,-0.151604
5,152.631905,6,0.300000,1.002767,1.020777,0.764769,-0.196772,-0.198484,-0.446717,0.994185,0.077676,-0.073876,-0.010286,0.175900,-0.156544,-0.040807,0.294971,-4.470743,4.124429,-0.129763
5,152.631905,7,0.350000,0.992929,1.010853,0.742433,-0.277883,-0.282020,-0.403529,0.993526,0.082081,-0.077731,-0.011280,-0.047880,0.049405,-0.044496,0.276286,-3.876885,3.511870,-0.111815
5,152.631905,8,0.400000,0.979035,0.996752,0.722257,-0.357856,-0.364571,-0.395466,0.993705,0.080992,-0.076399,-0.012376,-0.241641,0.225079,-0.047674,0.264284,-3.060739,2.709907,-0.097188
5,152.631905,9,0.450000,0.961142,0.978523,0.702484,-0.433149,-0.442424,-0.408685,0.994575,0.075147,-0.070634,-0.013566,-0.394270,0.361012,-0.050437,0.259322,-2.156888,1.847244,-0.085593
5,152.631905,10,0.500000,0.939484,0.956402,0.682049,-0.501600,-0.513288,-0.429176,0.995847,0.065550,-0.061423,-0.014837,-0.501424,0.454129,-0.052870,0.259806,-1.262943,1.014408,-0.076851
5,152.631905,11,0.550000,0.914404,0.930738,0.660591,-0.561395,-0.575224,-0.446318,0.997202,0.053308,-0.049838,-0.016176,-0.563660,0.505855,-0.055054,0.263452,-0.438593,0.264609,-0.070787
5,152.631905,12,0.600000,0.886335,0.901976,0.638275,-0.610729,-0.626307,-0.454141,0.998382,0.039522,-0.036919,-0.017574,-0.584532,0.520263,-0.057066,0.268158,0.271362,-0.364812,-0.067114
5,152.631905,13,0.650000,0.855798,0.870661,0.615568,-0.648026,-0.664852,-0.450957,0.999222,0.025209,-0.023615,-0.019020,-0.569837,0.503289,-0.058974,0.272414,0.840857,-0.854672,-0.065420
5,152.631905,14,0.700000,0.823397,0.837418,0.593020,-0.672318,-0.689813,-0.438191,0.999669,0.011246,-0.010733,-0.020509,-0.526668,0.461830,-0.060834,0.275393,1.258806,-1.199873,-0.065194
5,152.631905,15,0.750000,0.789781,0.802928,0.571110,-0.683497,-0.701055,-0.418950,0.999755,-0.001663,0.001096,-0.022037,-0.462661,0.403053,-0.062687,0.276859,1.535847,-1.413531,-0.065904
5,152.631905,16,0.800000,0.755606,0.767875,0.550163,-0.682336,-0.699375,-0.396751,0.999572,-0.013005,0.011421,-0.023605,-0.384910,0.333477,-0.064560,0.276988,1.682018,-1.509070,-0.066996
5,152.631905,17,0.850000,0.721489,0.732906,0.530325,-0.670309,-0.686316,-0.374617,0.999231,-0.022443,0.019959,-0.025215,-0.299992,0.258967,-0.066464,0.276164,1.713189,-1.504463,-0.067982
5,152.631905,18,0.900000,0.687974,0.698590,0.511594,-0.649332,-0.663893,-0.354625,0.998841,-0.029806,0.026578,-0.026870,-0.213680,0.184500,-0.068397,0.274832,1.648601,-1.419835,-0.068481
5,152.631905,19,0.950000,0.655507,0.665396,0.493863,-0.621494,-0.634317,-0.337800,0.998487,-0.035062,0.031277,-0.028572,-0.130771,0.114063,-0.070343,0.273388,1.508884,-1.275588,-0.068250
5,152.631905,20,1.000000,0.624433,0.633680,0.476973,-0.588858,-0.599773,-0.324262,0.998222,-0.038299,0.034156,-0.030326,-0.055022,0.050633,-0.072283,0.272116,1.314526,-1.091029,-0.067186
5,152.631905,21,1.050000,0.594990,0.603691,0.460760,-0.553325,-0.562286,-0.313497,0.998068,-0.039696,0.035392,-0.032131,0.010843,-0.003768,-0.074193,0.271170,1.088197,-0.886174,-0.065333
5,152.631905,22,1.100000,0.567324,0.575577,0.445085,-0.516567,-0.523638,-0.304670,0.998021,-0.039494,0.035215,-0.033988,0.065243,-0.048107,-0.076050,0.270582,0.847151,-0.675721,-0.062827
5,152.631905,23,1.150000,0.541495,0.549395,0.429852,-0.480000,-0.485337,-0.296899,0.998059,-0.037974,0.033885,-0.035895,0.107461,-0.082081,-0.077836,0.270300,0.606149,-0.471559,-0.059876
5,152.631905,24,1.200000,0.517495,0.525128,0.415007,-0.444779,-0.448612,-0.289436,0.998153,-0.035432,0.031666,-0.037850,0.137526,-0.105977,-0.079538,0.270229,0.377205,-0.282741,-0.056728
5,152.631905,25,1.250000,0.495256,0.502698,0.400535,-0.411803,-0.414416,-0.281771,0.998272,-0.032163,0.028820,-0.039849,0.156067,-0.120529,-0.081150,0.270264,0.169503,-0.115625,-0.053626
5,152.631905,26,1.300000,0.474666,0.481977,0.386446,-0.381721,-0.383427,-0.273649,0.998389,-0.028446,0.025591,-0.041890,0.164171,-0.126791,-0.082675,0.270313,-0.010530,0.025863,-0.050781
5,152.631905,27,1.350000,0.455580,0.462805,0.372764,-0.354949,-0.356067,-0.265034,0.998485,-0.024533,0.022196,-0.043967,0.163246,-0.126013,-0.084118,0.270315,-0.159035,0.139907,-0.048344
5,152.631905,28,1.400000,0.437833,0.445002,0.359512,-0.331681,-0.332519,-0.256048,0.998547,-0.020643,0.018819,-0.046080,0.154892,-0.119539,-0.085492,0.270236,-0.274437,0.226423,-0.046383
5,152.631905,29,1.450000,0.421249,0.428376,0.346710,-0.311921,-0.312756,-0.246891,0.998571,-0.016954,0.015612,-0.048224,0.140782,-0.108720,-0.086811,0.270074,-0.357092,0.286677,-0.044881
5,152.631905,30,1.500000,0.405652,0.412738,0.334365,-0.295509,-0.296574,-0.237785,0.998556,-0.013605,0.012691,-0.050400,0.122570,-0.094850,-0.088086,0.269844,-0.408897,0.322910,-0.043728
5,152.631905,31,1.550000,0.390877,0.397910,0.322476,-0.282159,-0.283636,-0.228921,0.998507,-0.010692,0.010139,-0.052605,0.101808,-0.079114,-0.089329,0.269571,-0.432888,0.337995,-0.042738
5,152.631905,32,1.600000,0.376769,0.383728,0.311030,-0.271490,-0.273509,-0.220431,0.998429,-0.008277,0.008006,-0.054839,0.079895,-0.062560,-0.090544,0.269285,-0.432845,0.335129,-0.041657
5,152.631905,33,1.650000,0.363195,0.370052,0.300008,-0.263065,-0.265705,-0.212387,0.998328,-0.006387,0.006316,-0.057102,0.058038,-0.046078,-0.091728,0.269010,-0.412938,0.317588,-0.040186
5,152.631905,34,1.700000,0.350041,0.356767,0.289389,-0.256419,-0.259711,-0.204800,0.998209,-0.005019,0.005069,-0.059393,0.037230,-0.030400,-0.092870,0.268764,-0.377414,0.288533,-0.038001
5,152.631905,35,1.750000,0.337220,0.343782,0.279149,-0.251086,-0.255024,-0.197639,0.998076,-0.004147,0.004243,-0.061711,0.018253,-0.016105,-0.093951,0.268556,-0.330349,0.250887,-0.034774
5,152.631905,36,1.800000,0.324666,0.331030,0.269267,-0.246619,-0.251168,-0.190847,0.997932,-0.003726,0.003803,-0.064055,0.001678,-0.003626,-0.094939,0.268388,-0.275474,0.207261,-0.030192
5,152.631905,37,1.850000,0.312335,0.318472,0.259725,-0.242609,-0.247714,-0.184360,0.997778,-0.003699,0.003701,-0.066424,-0.012109,0.006731,-0.095797,0.268255,-0.216065,0.159948,-0.023970
5,152.631905,38,1.900000,0.300205,0.306086,0.250507,-0.238696,-0.244292,-0.178120,0.997614,-0.003999,0.003880,-0.068812,-0.022888,0.014773,-0.096479,0.268148,-0.154915,0.110968,-0.015860
5,152.631905,39,1.950000,0.288270,0.293872,0.241601,-0.234578,-0.240595,-0.172081,0.997441,-0.004553,0.004279,-0.071218,-0.030579,0.020405,-0.096929,0.268057,-0.094369,0.062137,-0.005663
5,152.631905,40,2.000000,0.276541,0.281842,0.232997,-0.230019,-0.236388,-0.166218,0.997260,-0.005290,0.004831,-0.073634,-0.035223,0.023624,-0.097090,0.267973,-0.036401,0.015170,0.006776
5,152.631905,41,2.050000,0.265040,0.270022,0.224686,-0.224851,-0.231506,-0.160522,0.997070,-0.006136,0.005472,-0.076053,-0.036956,0.024513,-0.096898,0.267889,0.017280,-0.028244,0.021559
5,152.631905,42,2.100000,0.253798,0.258447,0.216660,-0.218975,-0.225848,-0.154999,0.996873,-0.007024,0.006138,-0.078466,-0.036002,0.023236,-0.096285,0.267798,0.065137,-0.066398,0.038742
5,152.631905,43,2.150000,0.242849,0.247155,0.208910,-0.212359,-0.219381,-0.149663,0.996671,-0.007891,0.006771,-0.080864,-0.032660,0.020048,-0.095184,0.267700,0.105748,-0.097585,0.058326
5,152.631905,44,2.200000,0.232231,0.236186,0.201427,-0.205036,-0.212126,-0.144529,0.996465,-0.008680,0.007318,-0.083234,-0.027300,0.015287,-0.093526,0.267595,0.137799,-0.120185,0.080261
5,152.631905,45,2.250000,0.221979,0.225579,0.194200,-0.197093,-0.204158,-0.139611,0.996259,-0.009345,0.007735,-0.085562,-0.020356,0.009374,-0.091244,0.267485,0.160145,-0.132823,0.104433
5,152.631905,46,2.300000,0.212124,0.215372,0.187220,-0.188666,-0.195590,-0.134913,0.996054,-0.009850,0.007991,-0.087833,-0.012316,0.002804,-0.088276,0.267375,0.171913,-0.134559,0.130657
5,152.631905,47,2.350000,0.202691,0.205592,0.180474,-0.179928,-0.186569,-0.130433,0.995855,-0.010168,0.008066,-0.090029,-0.003711,-0.003883,-0.084562,0.267269,0.172658,-0.125102,0.158667
5,152.631905,48,2.400000,0.193695,0.196264,0.173952,-0.171071,-0.177265,-0.126157,0.995662,-0.010286,0.007956,-0.092132,0.004909,-0.010126,-0.080052,0.267169,0.162513,-0.104993,0.188107
5,152.631905,49,2.450000,0.185141,0.187400,0.167645,-0.162294,-0.167856,-0.122068,0.995479,-0.010203,0.007672,-0.094123,0.013004,-0.015391,-0.074705,0.267077,0.142331,-0.075730,0.218517
5,152.631905,50,2.500000,0.177027,0.179007,0.161541,-0.153790,-0.158524,-0.118141,0.995307,-0.009930,0.007239,-0.095981,0.020077,-0.019214,-0.068494,0.266994,0.113769,-0.039808,0.249332
5,152.631905,51,2.550000,0.169337,0.171081,0.155634,-0.145722,-0.149437,-0.114357,0.995150,-0.009489,0.006696,-0.097684,0.025716,-0.021257,-0.061407,0.266919,0.079307,-0.000655,0.279878
5,152.631905,52,2.600000,0.162051,0.163609,0.149916,-0.138219,-0.140749,-0.110696,0.995008,-0.008911,0.006090,-0.099210,0.029631,-0.021349,-0.053451,0.266849,0.042191,0.037517,0.309388
5,152.631905,53,2.650000,0.155140,0.156572,0.144381,-0.131356,-0.132583,-0.107147,0.994884,-0.008235,0.005473,-0.100540,0.031698,-0.019534,-0.044657,0.266782,0.006277,0.069975,0.337017
5,152.631905,54,2.700000,0.148572,0.149943,0.139024,-0.125158,-0.125031,-0.103703,0.994780,-0.007502,0.004899,-0.101651,0.031978,-0.016089,-0.035077,0.266716,-0.024245,0.091837,0.361882
5,152.631905,55,2.750000,0.142314,0.143691,0.133839,-0.119591,-0.118151,-0.100364,0.994698,-0.006752,0.004411,-0.102524,0.030745,-0.011539,-0.024791,0.266650,-0.045298,0.098628,0.383106
5,152.631905,56,2.800000,0.136335,0.137784,0.128821,-0.114574,-0.111964,-0.097133,0.994640,-0.006020,0.004041,-0.103142,0.028469,-0.006637,-0.013901,0.266583,-0.053568,0.087034,0.399885
5,152.631905,57,2.850000,0.130606,0.132186,0.123964,-0.109993,-0.106464,-0.094013,0.994609,-0.005330,0.003800,-0.103489,0.025787,-0.002300,-0.002535,0.266516,-0.047432,0.055968,0.411550
5,152.631905,58,2.900000,0.125106,0.126862,0.119263,-0.105718,-0.101619,-0.091007,0.994606,-0.004695,0.003676,-0.103554,0.023415,0.000496,0.009163,0.266450,-0.028583,0.008376,0.417619
5,152.631905,59,2.950000,0.119821,0.121781,0.114713,-0.101630,-0.097386,-0.088116,0.994632,-0.004111,0.003629,-0.103329,0.021986,0.000923,0.021034,0.266386,-0.005122,-0.045498,0.417837
5,152.631905,60,3.000000,0.114739,0.116912,0.110307,-0.097650,-0.093722,-0.085338,0.994688,-0.003560,0.003597,-0.102808,0.021729,-0.001335,0.032911,0.266325,0.007345,-0.086859,0.412169
5,152.631905,61,3.050000,0.109857,0.112226,0.106040,-0.093760,-0.090594,-0.082668,0.994775,-0.003020,0.003511,-0.101991,0.022098,-0.005650,0.044627,0.266268,-0.007711,-0.094961,0.400726
5,152.631905,62,3.100000,0.105169,0.107696,0.101907,-0.090012,-0.087984,-0.080100,0.994890,-0.002481,0.003317,-0.100883,0.021722,-0.010361,0.056017,0.266212,-0.069274,-0.046666,0.383641
5,152.631905,63,3.150000,0.100668,0.103297,0.097902,-0.086511,-0.085880,-0.077633,0.995032,-0.001962,0.003008,-0.099490,0.018280,-0.012648,0.066922,0.266154,-0.111680,-0.003314,0.360976
5,152.631905,64,3.200000,0.096342,0.099003,0.094020,-0.083367,-0.084251,-0.075267,0.995199,-0.001534,0.002652,-0.097826,0.012728,-0.012767,0.077183,0.266097,-0.074481,-0.025320,0.332687
5,152.631905,65,3.250000,0.092174,0.094791,0.090257,-0.080619,-0.083002,-0.073003,0.995387,-0.001243,0.002306,-0.095906,0.009042,-0.013996,0.086639,0.266046,-0.047906,-0.026447,0.299190
5,152.631905,66,3.300000,0.088143,0.090641,0.086607,-0.078240,-0.082000,-0.070832,0.995593,-0.001047,0.001938,-0.093750,0.006693,-0.015289,0.095144,0.265998,-0.105800,0.065609,0.261820
5,152.631905,67,3.350000,0.084231,0.086541,0.083065,-0.076242,-0.081152,-0.068749,0.995814,-0.000912,0.001545,-0.091382,0.001458,-0.011984,0.102586,0.265945,-0.039549,0.041055,0.222124
5,152.631905,68,3.400000,0.080419,0.082483,0.079628,-0.074645,-0.080397,-0.066761,0.996046,-0.000899,0.001245,-0.088827,-0.000473,-0.009926,0.108899,0.265902,0.071784,-0.037662,0.181167
5,152.631905,69,3.450000,0.076687,0.078463,0.076290,-0.073345,-0.079624,-0.064852,0.996284,-0.000929,0.001002,-0.086115,0.003157,-0.011811,0.114049,0.265864,0.108715,-0.062234,0.140832
5,152.631905,70,3.500000,0.073020,0.074482,0.073047,-0.072283,-0.078798,-0.063013,0.996526,-0.000873,0.000703,-0.083274,0.008644,-0.014909,0.118052,0.265821,-0.015605,0.052828,0.103103
5,152.631905,71,3.550000,0.069405,0.070542,0.069896,-0.071521,-0.077999,-0.061254,0.996768,-0.000687,0.000316,-0.080332,0.007931,-0.012229,0.120983,0.265769,-0.170406,0.185743,0.069777
5,152.631905,72,3.600000,0.065829,0.066642,0.066834,-0.071157,-0.077350,-0.059589,0.997006,-0.000513,-0.000002,-0.077317,-0.000534,-0.002905,0.122966,0.265723,-0.196453,0.184337,0.041872
5,152.631905,73,3.650000,0.062272,0.062775,0.063854,-0.071120,-0.076847,-0.058010,0.997239,-0.000532,-0.000072,-0.074252,-0.010343,0.006309,0.124156,0.265691,-0.204487,0.155738,0.019498
5,152.631905,74,3.700000,0.058716,0.058932,0.060954,-0.071151,-0.076320,-0.056491,0.997465,-0.000778,0.000106,-0.071156,-0.020597,0.014047,0.124711,0.265665,-0.256237,0.179996,0.003264
5,152.631905,75,3.750000,0.055158,0.055116,0.058129,-0.070993,-0.075564,-0.055020,0.997681,-0.001266,0.000496,-0.068046,-0.033475,0.022950,0.124803,0.265643,-0.134664,0.081019,-0.006307
5,152.631905,76,3.800000,0.051608,0.051338,0.055378,-0.070421,-0.074355,-0.053589,0.997887,-0.002061,0.001129,-0.064933,-0.040317,0.026842,0.124624,0.265618,-0.038464,0.016622,-0.008902
5,152.631905,77,3.850000,0.048087,0.047620,0.052699,-0.069182,-0.072404,-0.052210,0.998081,-0.003019,0.001870,-0.061824,-0.042367,0.027482,0.124371,0.265582,0.070864,-0.072417,-0.004179
5,152.631905,78,3.900000,0.044628,0.044000,0.050088,-0.067162,-0.069553,-0.050903,0.998263,-0.004028,0.002631,-0.058720,-0.038954,0.023661,0.124252,0.265535,0.191189,-0.134154,0.005945
5,152.631905,79,3.950000,0.041270,0.040522,0.047543,-0.064346,-0.065751,-0.049695,0.998434,-0.004957,0.003291,-0.055619,-0.029506,0.016770,0.124421,0.265478,0.197443,-0.066037,0.019878
5,152.631905,80,4.000000,0.038053,0.037235,0.045058,-0.060844,-0.061064,-0.048603,0.998597,-0.005660,0.003766,-0.052513,-0.019713,0.013329,0.124986,0.265433,0.327992,-0.168234,0.036264
5,152.631905,81,4.050000,0.035011,0.034182,0.042628,-0.056855,-0.055702,-0.047606,0.998752,-0.006123,0.004142,-0.049392,-0.003376,0.004824,0.126017,0.265379,0.407720,-0.261253,0.052486
5,152.631905,82,4.100000,0.032168,0.031396,0.040248,-0.052491,-0.049892,-0.046717,0.998902,-0.006188,0.004286,-0.046246,0.016987,-0.008255,0.127509,0.265341,0.455454,-0.330614,0.065312
5,152.631905,83,4.150000,0.029543,0.028902,0.037912,-0.048002,-0.044012,-0.045901,0.999047,-0.005760,0.004080,-0.043062,0.039799,-0.024704,0.129366,0.265323,0.419650,-0.304006,0.071611
5,152.631905,84,4.200000,0.027143,0.026701,0.035617,-0.043752,-0.038530,-0.045110,0.999189,-0.004779,0.003439,-0.039831,0.060903,-0.039709,0.131401,0.265330,0.102054,0.010868,0.069614
5,152.631905,85,4.250000,0.024956,0.024775,0.033362,-0.040189,-0.033972,-0.044292,0.999324,-0.003286,0.002402,-0.036549,0.066204,-0.038861,0.133380,0.265350,-0.016685,0.128497,0.053616
5,152.631905,86,4.300000,0.022946,0.023076,0.031147,-0.037711,-0.030831,-0.043420,0.999446,-0.001660,0.001382,-0.033217,0.065566,-0.032101,0.134904,0.265332,-0.199340,0.263928,0.027367
5,152.631905,87,4.350000,0.021061,0.021535,0.028976,-0.036300,-0.029246,-0.042568,0.999554,-0.000043,0.000531,-0.029847,0.055763,-0.018569,0.135682,0.265292,-0.389098,0.344455,-0.010647
5,152.631905,88,4.400000,0.019246,0.020072,0.026848,-0.035777,-0.029219,-0.041788,0.999649,0.001338,0.000025,-0.026457,0.036404,-0.001059,0.135379,0.265227,-0.550471,0.318532,-0.062862
5,152.631905,89,4.450000,0.017457,0.018611,0.024758,-0.035787,-0.030534,-0.041129,0.999731,0.002247,-0.000030,-0.023074,0.008886,0.015054,0.133592,0.265152,-0.636837,0.073929,-0.130357
5,152.631905,90,4.500000,0.015667,0.017085,0.022702,-0.035868,-0.032739,-0.040612,0.999802,0.002478,0.000334,-0.019734,-0.023032,0.018796,0.129887,0.265091,-0.587838,0.098306,-0.197708
5,152.631905,91,4.550000,0.013874,0.015448,0.020671,-0.035588,-0.035178,-0.040209,0.999862,0.001912,0.000807,-0.016486,-0.052517,0.023597,0.124267,0.265044,-0.412268,0.165219,-0.270825
5,152.631905,92,4.600000,0.012095,0.013689,0.018661,-0.034827,-0.037068,-0.039891,0.999909,0.000612,0.001412,-0.013378,-0.073241,0.031611,0.116569,0.265014,-0.122272,0.220556,-0.348534
5,152.631905,93,4.650000,0.010353,0.011835,0.016666,-0.033449,-0.037687,-0.039627,0.999942,-0.001204,0.002225,-0.010461,-0.079495,0.042314,0.106662,0.264995,0.197948,0.120558,-0.430954
5,152.631905,94,4.700000,0.008681,0.009951,0.014685,-0.031252,-0.036528,-0.039402,0.999959,-0.003174,0.003307,-0.007791,-0.069769,0.048021,0.094412,0.264989,0.308503,-0.325321,-0.520909
5,152.631905,95,4.750000,0.007118,0.008125,0.012715,-0.027982,-0.033438,-0.039202,0.999963,-0.004901,0.004529,-0.005429,-0.054516,0.031505,0.079606,0.265007,0.439831,-0.327043,-0.538024
5,152.631905,96,4.800000,0.005719,0.006453,0.010755,-0.023511,-0.028652,-0.038991,0.999960,-0.006251,0.005333,-0.003436,-0.032619,0.014988,0.064313,0.265015,0.522056,-0.309392,-0.553856
5,152.631905,97,4.850000,0.004544,0.005020,0.008805,-0.018255,-0.022534,-0.038788,0.999957,-0.007057,0.005721,-0.001827,-0.006553,-0.000561,0.048569,0.265042,0.440935,-0.217402,-0.568932
5,152.631905,98,4.900000,0.003631,0.003893,0.006866,-0.012627,-0.015618,-0.038550,0.999957,-0.007213,0.005716,-0.000611,0.015495,-0.011444,0.032398,0.265061,0.121349,-0.018753,-0.584415
5,152.631905,99,4.950000,0.002999,0.003113,0.004938,-0.007012,-0.008540,-0.038281,0.999962,-0.006822,0.005435,0.000198,0.021576,-0.012362,0.015786,0.285601,-0.411982,0.232662,-0.602232
5,152.631905,100,5.000000,0.002649,0.002686,0.003024,-0.001264,-0.001323,0.000030,0.999967,-0.006280,0.005129,0.000592,0.000985,-0.000716,-0.001332,0,0,0,0
6,153.224500,0,0.000000,1.015715,1.033877,0.886678,-0.003784,-0.000575,-0.073608,0.999950,0.001413,-0.001685,-0.009724,0.000000,0.000000,0.000000,0.080000,10.876733,-10.229745,-0.031726
6,153.224500,1,0.050000,1.015525,1.033849,0.882997,-0.004287,-0.000989,-0.415962,0.999950,0.001413,-0.001685,-0.009724,0.543837,-0.511487,-0.000902,0.080000,4.410846,-4.079950,-0.022725
6,153.224500,2,0.100000,1.015311,1.033799,0.862199,-0.004791,-0.001402,-0.758315,0.999735,0.014881,-0.014601,-0.009740,0.764361,-0.715503,-0.001548,0.274356,-0.059460,0.147464,-0.009410
6,153.224500,3,0.150000,1.015071,1.033729,0.824284,-0.019771,-0.016375,-0.741190,0.998847,0.033800,-0.032658,-0.009763,0.761346,-0.708175,-0.001815,0.329094,-2.813754,2.703791,0.003283
6,153.224500,4,0.200000,1.014083,1.032910,0.787224,-0.059933,-0.057136,-0.624949,0.997288,0.052622,-0.050509,-0.009781,0.620610,-0.573038,-0.001722,0.332401,-4.226347,3.983574,0.013223
6,153.224500,5,0.250000,1.011086,1.030053,0.755977,-0.122581,-0.121137,-0.506442,0.995526,0.067942,-0.064932,-0.009792,0.409255,-0.373900,-0.001346,0.316096,-4.675215,4.364561,0.019567
6,153.224500,6,0.300000,1.004957,1.023997,0.730654,-0.199037,-0.199578,-0.421919,0.994128,0.078031,-0.074328,-0.009796,0.175475,-0.155693,-0.000790,0.294419,-4.471570,4.144665,0.022271
6,153.224500,7,0.350000,0.995005,1.014018,0.709559,-0.280445,-0.283373,-0.379862,0.993479,0.082354,-0.078238,-0.009793,-0.048108,0.051535,-0.000157,0.275729,-3.863373,3.558084,0.021750
6,153.224500,8,0.400000,0.980983,0.999849,0.690565,-0.360645,-0.366144,-0.372930,0.993677,0.081172,-0.076945,-0.009785,-0.241276,0.229440,0.000461,0.263742,-3.036407,2.778171,0.018541
6,153.224500,9,0.450000,0.962951,0.981542,0.671919,-0.436108,-0.444198,-0.387238,0.994574,0.075231,-0.071185,-0.009771,-0.393101,0.368344,0.000988,0.258810,-2.127139,1.930311,0.013178
6,153.224500,10,0.500000,0.941145,0.959332,0.652557,-0.504677,-0.515253,-0.408743,0.995879,0.065539,-0.061927,-0.009753,-0.499471,0.464845,0.001363,0.259339,-1.223884,1.095721,0.006129
6,153.224500,11,0.550000,0.915912,0.933569,0.632120,-0.564527,-0.577365,-0.426796,0.997272,0.053207,-0.050227,-0.009729,-0.560690,0.519605,0.001537,0.263049,-0.394384,0.334694,-0.002150
6,153.224500,12,0.600000,0.887685,0.904701,0.610780,-0.613831,-0.628585,-0.435384,0.998488,0.039346,-0.037131,-0.009702,-0.580439,0.536307,0.001476,0.267825,0.317380,-0.314368,-0.011234
6,153.224500,13,0.650000,0.856994,0.873272,0.589011,-0.650986,-0.667197,-0.432816,0.999363,0.024980,-0.023599,-0.009674,-0.564600,0.520556,0.001157,0.272139,0.886617,-0.830493,-0.020743
6,153.224500,14,0.700000,0.824444,0.839912,0.567370,-0.675001,-0.692129,-0.420545,0.999838,0.010998,-0.010456,-0.009652,-0.520292,0.479007,0.000567,0.275155,1.303940,-1.206536,-0.030359
6,153.224500,15,0.750000,0.790694,0.805305,0.546343,-0.685763,-0.703232,-0.401733,0.999950,-0.001892,0.001642,-0.009640,-0.455105,0.418669,-0.000296,0.276633,1.571904,-1.445967,-0.039846
6,153.224500,16,0.800000,0.756406,0.770144,0.526256,-0.684061,-0.701310,-0.379957,0.999792,-0.013167,0.012217,-0.009648,-0.376506,0.346376,-0.001428,0.276744,1.705189,-1.562634,-0.049072
6,153.224500,17,0.850000,0.722203,0.735078,0.507258,-0.671412,-0.687938,-0.358298,0.999480,-0.022492,0.020963,-0.009682,-0.291227,0.268264,-0.002823,0.275891,1.720823,-1.572617,-0.057992
6,153.224500,18,0.900000,0.688633,0.700682,0.489343,-0.649780,-0.665174,-0.338856,0.999126,-0.029704,0.027734,-0.009750,-0.205157,0.189665,-0.004472,0.274531,1.638978,-1.494638,-0.066641
6,153.224500,19,0.950000,0.656144,0.667423,0.472401,-0.621311,-0.635273,-0.322644,0.998817,-0.034785,0.032517,-0.009860,-0.123176,0.114968,-0.006366,0.273073,1.480823,-1.348148,-0.075113
6,153.224500,20,1.000000,0.625078,0.635659,0.456268,-0.588116,-0.600458,-0.309747,0.998606,-0.037837,0.035412,-0.010019,-0.049107,0.047590,-0.008501,0.271806,1.275354,-1.159261,-0.083526
6,153.224500,21,1.050000,0.595672,0.605636,0.440781,-0.552135,-0.562778,-0.299607,0.998514,-0.039059,0.036605,-0.010232,0.014676,-0.010357,-0.010875,0.270879,1.042174,-0.945733,-0.091998
6,153.224500,22,1.100000,0.568065,0.577497,0.425801,-0.515065,-0.524026,-0.291355,0.998535,-0.038705,0.036332,-0.010507,0.066780,-0.057650,-0.013490,0.270317,0.798424,-0.723052,-0.100622
6,153.224500,23,1.150000,0.542312,0.551296,0.411233,-0.478337,-0.485715,-0.284089,0.998646,-0.037065,0.034862,-0.010849,0.106672,-0.093837,-0.016350,0.270063,0.558376,-0.504096,-0.109449
6,153.224500,24,1.200000,0.518395,0.527010,0.397029,-0.443112,-0.449070,-0.277063,0.998815,-0.034441,0.032475,-0.011263,0.134532,-0.119108,-0.019461,0.270015,0.333284,-0.299031,-0.118481
6,153.224500,25,1.250000,0.496240,0.504557,0.383175,-0.410286,-0.415033,-0.269776,0.999012,-0.031131,0.029446,-0.011755,0.151109,-0.134159,-0.022829,0.270065,0.131447,-0.115376,-0.127670
6,153.224500,26,1.300000,0.475725,0.483805,0.369687,-0.380497,-0.384272,-0.261993,0.999209,-0.027413,0.026033,-0.012332,0.157565,-0.140058,-0.026458,0.270121,-0.041581,0.041801,-0.136917
6,153.224500,27,1.350000,0.456701,0.464592,0.356587,-0.354135,-0.357189,-0.253699,0.999386,-0.023537,0.022467,-0.013000,0.155345,-0.138127,-0.030350,0.270122,-0.182692,0.169614,-0.146084
6,153.224500,28,1.400000,0.438994,0.446732,0.343902,-0.331366,-0.333948,-0.245032,0.999531,-0.019717,0.018947,-0.013764,0.146051,-0.129825,-0.034502,0.270039,-0.290845,0.267036,-0.154995
6,153.224500,29,1.450000,0.422426,0.430035,0.331650,-0.312153,-0.314498,-0.236208,0.999641,-0.016129,0.015636,-0.014631,0.131339,-0.116664,-0.038908,0.269871,-0.366682,0.334561,-0.163450
6,153.224500,30,1.500000,0.406818,0.414310,0.319840,-0.296295,-0.298612,-0.227451,0.999715,-0.012904,0.012656,-0.015607,0.112833,-0.100130,-0.043554,0.269637,-0.412138,0.373874,-0.171230
6,153.224500,31,1.550000,0.392003,0.399379,0.308467,-0.283458,-0.285926,-0.218950,0.999758,-0.010137,0.010095,-0.016699,0.092060,-0.081623,-0.048421,0.269364,-0.430076,0.387546,-0.178099
6,153.224500,32,1.600000,0.377830,0.385083,0.297520,-0.273220,-0.275983,-0.210833,0.999776,-0.007882,0.008005,-0.017912,0.070406,-0.062415,-0.053484,0.269082,-0.423980,0.378774,-0.183815
6,153.224500,33,1.650000,0.364169,0.371284,0.286978,-0.265104,-0.268273,-0.203158,0.999775,-0.006161,0.006403,-0.019250,0.049081,-0.043619,-0.058708,0.268817,-0.397707,0.351177,-0.188128
6,153.224500,34,1.700000,0.350914,0.357870,0.276820,-0.258612,-0.262263,-0.195928,0.999759,-0.004965,0.005280,-0.020719,0.029098,-0.026170,-0.064056,0.268585,-0.355297,0.308642,-0.190786
6,153.224500,35,1.750000,0.337983,0.344757,0.267024,-0.253259,-0.257434,-0.189101,0.999731,-0.004259,0.004603,-0.022320,0.011270,-0.010808,-0.069479,0.268393,-0.300852,0.255212,-0.191538
6,153.224500,36,1.800000,0.325320,0.331885,0.257569,-0.248591,-0.253303,-0.182616,0.999693,-0.003992,0.004319,-0.024057,-0.003801,0.001923,-0.074923,0.268241,-0.238446,0.195007,-0.190139
6,153.224500,37,1.850000,0.312891,0.319220,0.248438,-0.244206,-0.249442,-0.176408,0.999646,-0.004094,0.004362,-0.025929,-0.015718,0.011684,-0.080328,0.268121,-0.172060,0.132132,-0.186353
6,153.224500,38,1.900000,0.300681,0.306748,0.239618,-0.239771,-0.245490,-0.170422,0.999589,-0.004488,0.004656,-0.027936,-0.024286,0.018338,-0.085625,0.268024,-0.105512,0.070572,-0.179964
6,153.224500,39,1.950000,0.288692,0.294474,0.231097,-0.235027,-0.241166,-0.164623,0.999522,-0.005092,0.005121,-0.030075,-0.029502,0.021946,-0.090740,0.267938,-0.042361,0.014048,-0.170785
6,153.224500,40,2.000000,0.276941,0.282415,0.222866,-0.229796,-0.236269,-0.158993,0.999444,-0.005824,0.005680,-0.032341,-0.031544,0.022750,-0.095595,0.267854,0.014209,-0.034165,-0.158666
6,153.224500,41,2.050000,0.265451,0.270602,0.214916,-0.223977,-0.230676,-0.153532,0.999355,-0.006607,0.006260,-0.034729,-0.030751,0.021156,-0.100105,0.267766,0.061540,-0.071437,-0.143510
6,153.224500,42,2.100000,0.254252,0.259068,0.207239,-0.217545,-0.224344,-0.148251,0.999256,-0.007373,0.006799,-0.037228,-0.027594,0.017701,-0.104184,0.267672,0.097652,-0.095994,-0.125287
6,153.224500,43,2.150000,0.243375,0.247851,0.199827,-0.210538,-0.217291,-0.143163,0.999148,-0.008063,0.007247,-0.039829,-0.022641,0.013011,-0.107745,0.267571,0.121395,-0.107090,-0.104042
6,153.224500,44,2.200000,0.232848,0.236986,0.192669,-0.203043,-0.209593,-0.138278,0.999030,-0.008636,0.007573,-0.042519,-0.016518,0.007749,-0.110703,0.267466,0.132567,-0.105138,-0.079911
6,153.224500,45,2.250000,0.222696,0.226507,0.185755,-0.195185,-0.201365,-0.133602,0.998903,-0.009061,0.007760,-0.045282,-0.009857,0.002561,-0.112974,0.267361,0.131981,-0.091746,-0.053129
6,153.224500,46,2.300000,0.212936,0.216438,0.179075,-0.187102,-0.192751,-0.129130,0.998768,-0.009326,0.007810,-0.048102,-0.003247,-0.001984,-0.114484,0.267259,0.121463,-0.069684,-0.024034
6,153.224500,47,2.350000,0.203581,0.206801,0.172618,-0.178937,-0.183903,-0.124851,0.998626,-0.009432,0.007738,-0.050959,0.002817,-0.005454,-0.115168,0.267163,0.103783,-0.042751,0.006936
6,153.224500,48,2.400000,0.194635,0.197606,0.166375,-0.170816,-0.174974,-0.120752,0.998477,-0.009391,0.007571,-0.053834,0.007983,-0.007604,-0.114970,0.267074,0.082498,-0.015553,0.039251
6,153.224500,49,2.450000,0.186094,0.188857,0.160338,-0.162839,-0.166102,-0.116815,0.998321,-0.009223,0.007343,-0.056703,0.012074,-0.008416,-0.113855,0.266990,0.061686,0.006848,0.072308
6,153.224500,50,2.500000,0.177952,0.180552,0.154497,-0.155073,-0.157409,-0.113026,0.998160,-0.008955,0.007090,-0.059545,0.015122,-0.008126,-0.111799,0.266912,0.045514,0.019462,0.105471
6,153.224500,51,2.550000,0.170198,0.172682,0.148846,-0.147550,-0.148990,-0.109373,0.997995,-0.008609,0.006839,-0.062335,0.017363,-0.007217,-0.108801,0.266838,0.037598,0.018122,0.138106
6,153.224500,52,2.600000,0.162821,0.165232,0.143377,-0.140274,-0.140920,-0.105848,0.997826,-0.008206,0.006609,-0.065051,0.019214,-0.006383,-0.104876,0.266766,0.040093,0.000585,0.169634
6,153.224500,53,2.650000,0.155807,0.158186,0.138085,-0.133231,-0.133255,-0.102447,0.997657,-0.007754,0.006397,-0.067669,0.021193,-0.006430,-0.100054,0.266696,0.052050,-0.031605,0.199573
6,153.224500,54,2.700000,0.149145,0.151523,0.132962,-0.126409,-0.126041,-0.099165,0.997490,-0.007252,0.006181,-0.070166,0.023771,-0.008091,-0.094381,0.266628,0.066279,-0.069717,0.227561
6,153.224500,55,2.750000,0.142825,0.145221,0.128004,-0.119818,-0.119326,-0.095999,0.997327,-0.006688,0.005920,-0.072522,0.027056,-0.011662,-0.087913,0.266563,0.068132,-0.096376,0.253350
6,153.224500,56,2.800000,0.136834,0.139255,0.123204,-0.113510,-0.113164,-0.092943,0.997171,-0.006048,0.005566,-0.074715,0.030424,-0.016571,-0.080711,0.266502,0.041853,-0.091866,0.276727
6,153.224500,57,2.850000,0.131159,0.133597,0.118557,-0.107586,-0.107622,-0.089988,0.997025,-0.005332,0.005084,-0.076729,0.032465,-0.021257,-0.072846,0.266445,-0.031178,-0.033443,0.297377
6,153.224500,58,2.900000,0.125779,0.128216,0.114058,-0.102180,-0.102761,-0.087125,0.996890,-0.004572,0.004482,-0.078546,0.030848,-0.023019,-0.064393,0.266389,-0.085603,0.018029,0.314783
6,153.224500,59,2.950000,0.120670,0.123078,0.109701,-0.097418,-0.098611,-0.084352,0.996768,-0.003856,0.003840,-0.080151,0.026511,-0.022193,-0.055445,0.266329,-0.061095,0.002504,0.328144
6,153.224500,60,3.000000,0.115799,0.118147,0.105484,-0.093337,-0.095123,-0.081679,0.996660,-0.003245,0.003229,-0.081533,0.023410,-0.022124,-0.046118,0.266269,-0.046944,0.005762,0.337050
6,153.224500,61,3.050000,0.111133,0.113391,0.101400,-0.089902,-0.092193,-0.079109,0.996569,-0.002711,0.002626,-0.082682,0.021024,-0.021877,-0.036537,0.266210,-0.116149,0.100172,0.342073
6,153.224500,62,3.100000,0.106637,0.108781,0.097444,-0.087101,-0.089743,-0.076641,0.996495,-0.002235,0.002035,-0.083592,0.015186,-0.016897,-0.026814,0.266149,-0.060464,0.077228,0.343960
6,153.224500,63,3.150000,0.102282,0.104294,0.093612,-0.084918,-0.087716,-0.074281,0.996441,-0.001893,0.001581,-0.084260,0.012146,-0.013051,-0.017037,0.266094,0.042051,-0.001278,0.342790
6,153.224500,64,3.200000,0.098036,0.099908,0.089898,-0.083208,-0.085988,-0.072020,0.996406,-0.001619,0.001229,-0.084685,0.014240,-0.013123,-0.007293,0.266047,0.073512,-0.028071,0.339680
6,153.224500,65,3.250000,0.093876,0.095609,0.086297,-0.081866,-0.084502,-0.069845,0.996391,-0.001292,0.000872,-0.084866,0.017912,-0.014530,0.002362,0.265998,-0.052449,0.082458,0.335975
6,153.224500,66,3.300000,0.089783,0.091384,0.082805,-0.080902,-0.083307,-0.067758,0.996397,-0.000876,0.000472,-0.084807,0.015291,-0.010406,0.011912,0.265941,-0.206951,0.210479,0.332707
6,153.224500,67,3.350000,0.085738,0.087218,0.079417,-0.080366,-0.082486,-0.065776,0.996422,-0.000517,0.000181,-0.084510,0.004948,0.000125,0.021369,0.265885,-0.233165,0.205118,0.329779
6,153.224500,68,3.400000,0.081719,0.083094,0.076128,-0.080145,-0.081993,-0.063897,0.996468,-0.000394,0.000174,-0.083978,-0.006710,0.010385,0.030743,0.265845,-0.241902,0.172078,0.326182
6,153.224500,69,3.450000,0.077712,0.078994,0.072933,-0.079942,-0.081621,-0.062091,0.996532,-0.000539,0.000447,-0.083212,-0.018818,0.018981,0.040015,0.265814,-0.293564,0.189637,0.321873
6,153.224500,70,3.500000,0.073715,0.074913,0.069829,-0.079460,-0.081129,-0.060344,0.996614,-0.000968,0.000959,-0.082215,-0.033525,0.028434,0.049164,0.265787,-0.169957,0.080989,0.317043
6,153.224500,71,3.550000,0.069742,0.070857,0.066812,-0.078440,-0.080257,-0.058648,0.996712,-0.001744,0.001738,-0.080990,-0.042076,0.032421,0.058176,0.265763,-0.066517,0.001654,0.311987
6,153.224500,72,3.600000,0.065820,0.066844,0.063879,-0.076596,-0.078685,-0.057000,0.996824,-0.002724,0.002634,-0.079540,-0.045473,0.032411,0.067044,0.265730,0.057695,-0.107950,0.307947
6,153.224500,73,3.650000,0.061990,0.062910,0.061029,-0.073799,-0.076219,-0.055422,0.996950,-0.003788,0.003536,-0.077868,-0.042671,0.026898,0.075797,0.265685,0.200652,-0.194652,0.304292
6,153.224500,74,3.700000,0.058300,0.059099,0.058258,-0.070040,-0.072774,-0.053939,0.997089,-0.004793,0.004297,-0.075978,-0.032715,0.017042,0.084446,0.265630,0.235641,-0.153154,0.301177
6,153.224500,75,3.750000,0.054798,0.055460,0.055561,-0.065466,-0.068393,-0.052572,0.997241,-0.005567,0.004794,-0.073871,-0.020988,0.009280,0.093007,0.265580,0.395499,-0.277811,0.299264
6,153.224500,76,3.800000,0.051525,0.052041,0.052933,-0.060360,-0.063281,-0.051310,0.997406,-0.006062,0.005077,-0.071551,-0.001246,-0.004685,0.101514,0.265528,0.500461,-0.386341,0.297696
6,153.224500,77,3.850000,0.048507,0.048877,0.050367,-0.054953,-0.057693,-0.050153,0.997584,-0.006088,0.004978,-0.069018,0.023795,-0.024007,0.109976,0.265493,0.564378,-0.461098,0.295076
6,153.224500,78,3.900000,0.045759,0.045992,0.047860,-0.049657,-0.052058,-0.049060,0.997777,-0.005522,0.004355,-0.066275,0.052114,-0.046962,0.118363,0.265482,0.526796,-0.422577,0.289501
6,153.224500,79,3.950000,0.043276,0.043389,0.045407,-0.045025,-0.046924,-0.047974,0.997979,-0.004287,0.003113,-0.063321,0.078665,-0.067857,0.126592,0.265492,0.181229,-0.070962,0.279845
6,153.224500,80,4.000000,0.041025,0.041043,0.043008,-0.041703,-0.042911,-0.046851,0.998185,-0.002422,0.001309,-0.060161,0.088053,-0.071027,0.134547,0.265494,0.004304,0.112767,0.260518
6,153.224500,81,4.050000,0.038940,0.038897,0.040665,-0.040275,-0.040611,-0.045702,0.998385,-0.000327,-0.000587,-0.056801,0.088630,-0.064939,0.141952,0.265460,-0.257851,0.336163,0.234655
6,153.224500,82,4.100000,0.036926,0.036867,0.038380,-0.040833,-0.040256,-0.044610,0.998577,0.001790,-0.002333,-0.053256,0.076088,-0.047654,0.148622,0.265393,-0.531753,0.513957,0.200252
6,153.224500,83,4.150000,0.034885,0.034854,0.036150,-0.043217,-0.041892,-0.043650,0.998759,0.003618,-0.003631,-0.049543,0.049769,-0.021527,0.154314,0.265310,-0.764360,0.581890,0.153974
6,153.224500,84,4.200000,0.032724,0.032759,0.033967,-0.046956,-0.045266,-0.042861,0.998935,0.004820,-0.004244,-0.045687,0.011677,0.007859,0.158690,0.265242,-0.891178,0.409601,0.093562
6,153.224500,85,4.250000,0.030376,0.030496,0.031824,-0.051337,-0.049805,-0.042212,0.999108,0.005104,-0.004080,-0.041721,-0.032929,0.028410,0.161350,0.265222,-0.834789,0.467023,0.032909
6,153.224500,86,4.300000,0.027809,0.028006,0.029714,-0.055550,-0.054646,-0.041602,0.999275,0.004294,-0.003356,-0.037691,-0.074843,0.051559,0.162285,0.265242,-0.607813,0.517097,-0.035200
6,153.224500,87,4.350000,0.025032,0.025273,0.027633,-0.059004,-0.058738,-0.040943,0.999429,0.002459,-0.002015,-0.033637,-0.105551,0.076953,0.161285,0.265288,-0.221805,0.456417,-0.110347
6,153.224500,88,4.400000,0.022082,0.022337,0.025586,-0.061064,-0.061086,-0.040178,0.999562,-0.000121,-0.000014,-0.029607,-0.117112,0.099128,0.158148,0.265320,0.224870,0.177190,-0.194087
6,153.224500,89,4.450000,0.019028,0.019282,0.023577,-0.061074,-0.060967,-0.039344,0.999663,-0.002974,0.002551,-0.025655,-0.106464,0.107285,0.152631,0.265289,0.455141,-0.464084,-0.290214
6,153.224500,90,4.500000,0.015975,0.016234,0.021610,-0.058494,-0.058109,-0.038583,0.999732,-0.005557,0.005311,-0.021842,-0.084328,0.083464,0.144382,0.265180,0.691074,-0.654357,-0.319393
6,153.224500,91,4.550000,0.013050,0.013328,0.019681,-0.053159,-0.052767,-0.038066,0.999777,-0.007599,0.007463,-0.018233,-0.050232,0.050284,0.135303,0.265057,0.858940,-0.791447,-0.353407
6,153.224500,92,4.600000,0.010392,0.010690,0.017778,-0.045698,-0.045442,-0.037831,0.999812,-0.008807,0.008769,-0.014852,-0.007543,0.010453,0.125258,0.264971,0.834526,-0.786759,-0.392745
6,153.224500,93,4.650000,0.008107,0.008418,0.015886,-0.036966,-0.036929,-0.037796,0.999850,-0.008964,0.009060,-0.011721,0.034134,-0.028920,0.114094,0.264970,0.530245,-0.574808,-0.438233
6,153.224500,94,4.700000,0.006259,0.006572,0.013996,-0.027973,-0.028238,-0.037769,0.999893,-0.008093,0.008353,-0.008871,0.060771,-0.057513,0.101638,0.265046,-0.034428,-0.202976,-0.491312
6,153.224500,95,4.750000,0.004860,0.005160,0.012108,-0.019703,-0.020367,-0.037576,0.999934,-0.006566,0.006922,-0.006331,0.059272,-0.067427,0.087672,0.265115,-0.102346,-0.012977,-0.531023
6,153.224500,96,4.800000,0.003875,0.004141,0.010229,-0.012866,-0.013964,-0.037212,0.999965,-0.005079,0.005242,-0.004138,0.054379,-0.067879,0.072578,0.265128,-0.200343,0.220455,-0.574694
6,153.224500,97,4.850000,0.003232,0.003443,0.008369,-0.007698,-0.008997,-0.036786,0.999984,-0.003717,0.003548,-0.002322,0.044549,-0.056706,0.056243,0.265089,-0.280139,0.409640,-0.621511
6,153.224500,98,4.900000,0.002847,0.002993,0.006529,-0.004206,-0.005356,-0.036407,0.999994,-0.002602,0.002133,-0.000915,0.030663,-0.036129,0.038576,0.265003,-0.319196,0.460691,-0.671507
6,153.224500,99,4.950000,0.002637,0.002725,0.004709,-0.002109,-0.002804,-0.036173,0.999998,-0.001834,0.001232,0.000050,0.014756,-0.013050,0.019489,0.284408,-0.295231,0.262915,-0.725803
6,153.224500,100,5.000000,0.002531,0.002585,0.002900,-0.000812,-0.000872,0.000004,0.999998,-0.001465,0.000907,0.000537,0.000004,0.000107,-0.001142,0,0,0,0
7,154.068087,0,0.000000,1.017883,1.036666,0.844465,-0.004356,-0.003267,-0.079712,0.999928,0.001338,-0.001217,-0.011860,0.000000,0.000000,0.000000,0.080000,10.798092,-10.256823,0.655376
7,154.068087,1,0.050000,1.017665,1.036503,0.840479,-0.004722,-0.003659,-0.422065,0.999928,0.001338,-0.001217,-0.011860,0.539905,-0.512841,0.018629,0.087881,4.327749,-4.132418,0.599409
7,154.068087,2,0.100000,1.017429,1.036320,0.819376,-0.005123,-0.004090,-0.749824,0.999727,0.014679,-0.014195,-0.011393,0.756655,-0.719080,0.035667,0.284898,-0.112722,0.058243,0.548740
7,154.068087,3,0.150000,1.017173,1.036115,0.781885,-0.020274,-0.019405,-0.713175,0.998863,0.033362,-0.032385,-0.010494,0.751992,-0.715144,0.051265,0.328406,-2.821164,2.629988,0.503604
7,154.068087,4,0.200000,1.016159,1.035145,0.746226,-0.060046,-0.059524,-0.598146,0.997334,0.051894,-0.050466,-0.009198,0.612325,-0.582182,0.065579,0.331879,-4.194039,3.961857,0.462030
7,154.068087,5,0.250000,1.013157,1.032169,0.716319,-0.122500,-0.122570,-0.480496,0.995597,0.066929,-0.065193,-0.007544,0.404072,-0.382565,0.078712,0.315812,-4.601130,4.396037,0.422431
7,154.068087,6,0.300000,1.007032,1.026040,0.692294,-0.199009,-0.199935,-0.396370,0.994214,0.076779,-0.074916,-0.005566,0.175158,-0.161556,0.090720,0.294241,-4.362047,4.226484,0.384056
7,154.068087,7,0.350000,0.997081,1.016043,0.672476,-0.280645,-0.282669,-0.354520,0.993568,0.080938,-0.079128,-0.003293,-0.042388,0.050371,0.101637,0.275553,-3.726370,3.680485,0.346692
7,154.068087,8,0.400000,0.983049,1.001910,0.654749,-0.361153,-0.364474,-0.347812,0.993757,0.079688,-0.078079,-0.000750,-0.228900,0.234232,0.111491,0.263493,-2.880990,2.926830,0.310392
7,154.068087,9,0.450000,0.964992,0.983686,0.637359,-0.436933,-0.441699,-0.362508,0.994635,0.073785,-0.072475,0.002039,-0.373941,0.379605,0.120314,0.258457,-1.962276,2.088236,0.275252
7,154.068087,10,0.500000,0.943145,0.961601,0.619233,-0.505793,-0.512093,-0.384624,0.995914,0.064244,-0.063271,0.005053,-0.473788,0.482309,0.128138,0.258891,-1.067343,1.252499,0.241299
7,154.068087,11,0.550000,0.917855,0.935997,0.600002,-0.565902,-0.573748,-0.403493,0.997274,0.052176,-0.051520,0.008268,-0.529501,0.542630,0.134997,0.262531,-0.259260,0.478128,0.208460
7,154.068087,12,0.600000,0.889560,0.907309,0.579828,-0.615441,-0.624756,-0.413053,0.998450,0.038681,-0.038270,0.011657,-0.545244,0.563824,0.140922,0.267270,0.419912,-0.194364,0.176615
7,154.068087,13,0.650000,0.858788,0.876071,0.559175,-0.652819,-0.663429,-0.411540,0.999278,0.024767,-0.024487,0.015195,-0.527264,0.551190,0.145942,0.271582,0.947709,-0.740986,0.145634
7,154.068087,14,0.700000,0.826147,0.842900,0.538598,-0.677052,-0.688697,-0.400330,0.999698,0.011294,-0.011005,0.018856,-0.482931,0.511220,0.150082,0.274628,1.317170,-1.150890,0.115413
7,154.068087,15,0.750000,0.792295,0.808465,0.518581,-0.688026,-0.700393,-0.382513,0.999743,-0.001057,0.001501,0.022615,-0.419985,0.450925,0.153363,0.276157,1.541569,-1.430778,0.085882
7,154.068087,16,0.800000,0.757893,0.773446,0.499456,-0.686516,-0.699277,-0.361614,0.999502,-0.011802,0.012536,0.026448,-0.345531,0.376941,0.155804,0.276338,1.634984,-1.588261,0.056990
7,154.068087,17,0.850000,0.723567,0.738482,0.481375,-0.674011,-0.686864,-0.340681,0.999090,-0.020635,0.021771,0.030336,-0.266010,0.295485,0.157424,0.275551,1.616800,-1.636157,0.028679
7,154.068087,18,0.900000,0.689867,0.704138,0.464341,-0.652452,-0.665151,-0.321820,0.998615,-0.027416,0.029029,0.034258,-0.186936,0.212088,0.158239,0.274245,1.508987,-1.590358,0.000860
7,154.068087,19,0.950000,0.657244,0.670881,0.448250,-0.623961,-0.636332,-0.306077,0.998165,-0.032148,0.034271,0.038198,-0.112760,0.131448,0.158263,0.272821,1.333904,-1.468092,-0.026589
7,154.068087,20,1.000000,0.626046,0.639064,0.432946,-0.590637,-0.602585,-0.293584,0.997793,-0.034951,0.037570,0.042137,-0.046855,0.057366,0.157507,0.271568,1.120777,-1.294399,-0.053782
7,154.068087,21,1.050000,0.596514,0.608935,0.418267,-0.554413,-0.565916,-0.283829,0.997523,-0.036032,0.039089,0.046060,0.008841,-0.007634,0.155979,0.270638,0.889120,-1.086383,-0.080865
7,154.068087,22,1.100000,0.568794,0.580639,0.404076,-0.516993,-0.528083,-0.275980,0.997351,-0.035650,0.039049,0.049948,0.053343,-0.061901,0.153680,0.270065,0.655434,-0.859698,-0.107961
7,154.068087,23,1.150000,0.542944,0.554235,0.390277,-0.479819,-0.490568,-0.269155,0.997258,-0.034093,0.037709,0.053782,0.086475,-0.104575,0.150611,0.269797,0.432901,-0.628154,-0.135136
7,154.068087,24,1.200000,0.518953,0.529707,0.376819,-0.444074,-0.454567,-0.262613,0.997215,-0.031654,0.035346,0.057544,0.108718,-0.135488,0.146770,0.269739,0.231361,-0.403490,-0.162374
7,154.068087,25,1.250000,0.496749,0.506978,0.363688,-0.410681,-0.421000,-0.255846,0.997193,-0.028618,0.032240,0.061213,0.121041,-0.155057,0.142155,0.269785,0.057508,-0.195280,-0.189567
7,154.068087,26,1.300000,0.476215,0.485928,0.350896,-0.380307,-0.390513,-0.248602,0.997169,-0.025248,0.028661,0.064769,0.124753,-0.164168,0.136766,0.269845,-0.084778,-0.010910,-0.216515
7,154.068087,27,1.350000,0.457200,0.466403,0.338466,-0.353378,-0.363495,-0.240847,0.997125,-0.021774,0.024856,0.068191,0.121366,-0.164066,0.130612,0.269857,-0.194025,0.144362,-0.242937
7,154.068087,28,1.400000,0.439531,0.448228,0.326423,-0.330091,-0.340101,-0.232702,0.997052,-0.018388,0.021044,0.071460,0.112478,-0.156246,0.123707,0.269790,-0.270737,0.267331,-0.268494
7,154.068087,29,1.450000,0.423027,0.431223,0.314788,-0.310438,-0.320279,-0.224371,0.996949,-0.015239,0.017407,0.074555,0.099675,-0.142352,0.116075,0.269641,-0.316981,0.356713,-0.292820
7,154.068087,30,1.500000,0.407505,0.415209,0.303570,-0.294243,-0.303811,-0.216071,0.996818,-0.012439,0.014089,0.077458,0.084453,-0.124077,0.107751,0.269425,-0.336007,0.413006,-0.315543
7,154.068087,31,1.550000,0.392793,0.400018,0.292766,-0.281190,-0.290348,-0.207988,0.996669,-0.010056,0.011193,0.080151,0.068160,-0.103081,0.098782,0.269169,-0.331916,0.438302,-0.336315
7,154.068087,32,1.600000,0.378733,0.385501,0.282367,-0.270872,-0.279462,-0.200252,0.996509,-0.008124,0.008786,0.082618,0.051951,-0.080911,0.089223,0.268902,-0.309366,0.436064,-0.354833
7,154.068087,33,1.650000,0.365189,0.371528,0.272354,-0.262820,-0.270677,-0.192927,0.996348,-0.006643,0.006896,0.084846,0.036756,-0.058932,0.079137,0.268648,-0.273303,0.410842,-0.370849
7,154.068087,34,1.700000,0.352048,0.357994,0.262708,-0.256545,-0.263509,-0.186022,0.996193,-0.005589,0.005519,0.086820,0.023268,-0.038279,0.068595,0.268423,-0.228703,0.367948,-0.384183
7,154.068087,35,1.750000,0.339221,0.344819,0.253407,-0.251561,-0.257498,-0.179503,0.996051,-0.004916,0.004626,0.088530,0.011933,-0.019821,0.057675,0.268235,-0.180322,0.313076,-0.394718
7,154.068087,36,1.800000,0.326643,0.331944,0.244432,-0.247416,-0.252226,-0.173316,0.995926,-0.004569,0.004166,0.089968,0.002960,-0.004141,0.046455,0.268083,-0.132452,0.251907,-0.402400
7,154.068087,37,1.850000,0.314272,0.319332,0.235766,-0.243705,-0.247336,-0.167404,0.995821,-0.004481,0.004075,0.091124,-0.003655,0.008459,0.035017,0.267961,-0.088689,0.189702,-0.407231
7,154.068087,38,1.900000,0.302087,0.306965,0.227396,-0.240083,-0.242539,-0.161716,0.995740,-0.004588,0.004281,0.091996,-0.008101,0.017939,0.023442,0.267861,-0.051729,0.130940,-0.409262
7,154.068087,39,1.950000,0.290083,0.294839,0.219310,-0.236273,-0.237617,-0.156216,0.995683,-0.004828,0.004711,0.092578,-0.010704,0.024479,0.011809,0.267773,-0.023206,0.079006,-0.408587
7,154.068087,40,2.000000,0.278269,0.282958,0.211499,-0.232064,-0.232416,-0.150886,0.995651,-0.005150,0.005297,0.092870,-0.011875,0.028425,0.000195,0.267689,-0.003598,0.035965,-0.405341
7,154.068087,41,2.050000,0.266666,0.271337,0.203955,-0.227309,-0.226845,-0.145719,0.995645,-0.005511,0.005977,0.092873,-0.012055,0.030223,-0.011327,0.267606,0.007797,0.002438,-0.399694
7,154.068087,42,2.100000,0.255301,0.259995,0.196669,-0.221917,-0.220856,-0.140717,0.995665,-0.005883,0.006700,0.092588,-0.011652,0.030350,-0.022688,0.267521,0.012804,-0.022427,-0.391856
7,154.068087,43,2.150000,0.244205,0.248952,0.189633,-0.215847,-0.214438,-0.135887,0.995710,-0.006247,0.007425,0.092021,-0.010986,0.029239,-0.033826,0.267432,0.014227,-0.040866,-0.382068
7,154.068087,44,2.200000,0.233412,0.238230,0.182839,-0.209093,-0.207600,-0.131235,0.995780,-0.006594,0.008123,0.091177,-0.010237,0.027210,-0.044687,0.267342,0.015578,-0.056254,-0.370597
7,154.068087,45,2.250000,0.222958,0.227850,0.176277,-0.201680,-0.200364,-0.126765,0.995874,-0.006920,0.008769,0.090062,-0.009412,0.024414,-0.055221,0.267250,0.020635,-0.072653,-0.357724
7,154.068087,46,2.300000,0.212874,0.217832,0.169939,-0.193653,-0.192761,-0.122481,0.995990,-0.007222,0.009346,0.088685,-0.008329,0.020801,-0.065389,0.267159,0.032787,-0.094072,-0.343716
7,154.068087,47,2.350000,0.203191,0.208194,0.163815,-0.185075,-0.184824,-0.118381,0.996127,-0.007490,0.009834,0.087054,-0.006638,0.016118,-0.075159,0.267067,0.054077,-0.123351,-0.328809
7,154.068087,48,2.400000,0.193937,0.198952,0.157896,-0.176031,-0.176597,-0.114464,0.996283,-0.007709,0.010207,0.085181,-0.003888,0.009970,-0.084505,0.266975,0.083507,-0.160187,-0.313190
7,154.068087,49,2.450000,0.185136,0.190123,0.152172,-0.166625,-0.168143,-0.110727,0.996458,-0.007849,0.010431,0.083075,0.000319,0.001973,-0.093407,0.266885,0.113827,-0.197558,-0.296985
7,154.068087,50,2.500000,0.176805,0.181716,0.146636,-0.156996,-0.159555,-0.107163,0.996649,-0.007869,0.010462,0.080748,0.006018,-0.007906,-0.101849,0.266800,0.130187,-0.219940,-0.280284
7,154.068087,51,2.550000,0.168955,0.173738,0.141278,-0.147321,-0.150970,-0.103760,0.996854,-0.007730,0.010257,0.078210,0.012496,-0.018926,-0.109816,0.266722,0.116372,-0.209124,-0.263203
7,154.068087,52,2.600000,0.161589,0.166189,0.136090,-0.137817,-0.142566,-0.100493,0.997072,-0.007410,0.009789,0.075473,0.018236,-0.029435,-0.117298,0.266656,0.053013,-0.142974,-0.245985
7,154.068087,53,2.650000,0.154698,0.159061,0.131065,-0.128730,-0.134539,-0.097334,0.997299,-0.006928,0.009068,0.072550,0.020756,-0.036665,-0.124290,0.266603,0.004435,-0.081583,-0.229057
7,154.068087,54,2.700000,0.148261,0.152334,0.126198,-0.120297,-0.127067,-0.094252,0.997531,-0.006372,0.008169,0.069452,0.020804,-0.040842,-0.130800,0.266552,0.030765,-0.083500,-0.213029
7,154.068087,55,2.750000,0.142247,0.145981,0.121486,-0.112689,-0.120231,-0.091243,0.997764,-0.005809,0.007166,0.066192,0.022140,-0.045120,-0.136856,0.266496,0.043519,-0.062804,-0.198143
7,154.068087,56,2.800000,0.136612,0.139969,0.116924,-0.106011,-0.114042,-0.088316,0.997995,-0.005207,0.006057,0.062781,0.024082,-0.048375,-0.142488,0.266443,-0.030406,0.051946,-0.183841
7,154.068087,57,2.850000,0.131312,0.134267,0.112508,-0.100368,-0.108539,-0.085466,0.998222,-0.004552,0.004870,0.059228,0.022300,-0.045908,-0.147714,0.266389,0.016021,0.052929,-0.169372
7,154.068087,58,2.900000,0.126293,0.128840,0.108235,-0.095838,-0.103771,-0.082697,0.998441,-0.003945,0.003740,0.055544,0.022843,-0.043387,-0.152528,0.266327,0.106110,0.002324,-0.154376
7,154.068087,59,2.950000,0.121501,0.123651,0.104100,-0.092371,-0.099681,-0.080028,0.998652,-0.003329,0.002674,0.051738,0.027898,-0.043403,-0.156916,0.266267,0.123120,0.004434,-0.137748
7,154.068087,60,3.000000,0.116883,0.118667,0.100098,-0.089907,-0.096266,-0.077458,0.998851,-0.002587,0.001613,0.047822,0.033795,-0.043347,-0.160831,0.266209,-0.020058,0.142041,-0.118296
7,154.068087,61,3.050000,0.112387,0.113854,0.096225,-0.088440,-0.093642,-0.074987,0.999038,-0.001698,0.000561,0.043807,0.032528,-0.036451,-0.164194,0.266141,-0.196958,0.295486,-0.095048
7,154.068087,62,3.100000,0.107965,0.109172,0.092476,-0.087961,-0.091946,-0.072637,0.999211,-0.000848,-0.000321,0.039707,0.022453,-0.021880,-0.166896,0.266064,-0.251349,0.316074,-0.067847
7,154.068087,63,3.150000,0.103567,0.104575,0.088844,-0.088310,-0.091124,-0.070426,0.999368,-0.000264,-0.000849,0.035538,0.009747,-0.006218,-0.168824,0.266001,-0.290971,0.308908,-0.037466
7,154.068087,64,3.200000,0.099152,0.100019,0.085323,-0.089155,-0.090894,-0.068332,0.999509,-0.000011,-0.000996,0.031320,-0.004842,0.009165,-0.169889,0.265953,-0.372896,0.348441,-0.004165
7,154.068087,65,3.250000,0.094694,0.095474,0.081906,-0.090136,-0.090914,-0.066327,0.999633,-0.000135,-0.000771,0.027074,-0.023427,0.026618,-0.170007,0.265916,-0.276667,0.255000,0.031858
7,154.068087,66,3.300000,0.090187,0.090928,0.078590,-0.090899,-0.090802,-0.064390,0.999739,-0.000735,-0.000123,0.022825,-0.037089,0.039519,-0.169102,0.265900,-0.192938,0.180969,0.070651
7,154.068087,67,3.350000,0.085642,0.086388,0.075371,-0.091037,-0.090081,-0.062483,0.999825,-0.001684,0.000841,0.018597,-0.046482,0.048806,-0.167094,0.265883,-0.076989,0.062150,0.112806
7,154.068087,68,3.400000,0.081090,0.081884,0.072246,-0.090239,-0.088407,-0.060610,0.999890,-0.002872,0.002032,0.014420,-0.050022,0.052208,-0.163887,0.265858,0.071897,-0.050706,0.157137
7,154.068087,69,3.450000,0.076578,0.077464,0.069216,-0.088279,-0.085551,-0.058792,0.999933,-0.004150,0.003307,0.010322,-0.046103,0.049984,-0.159421,0.265816,0.128482,-0.052763,0.203260
7,154.068087,70,3.500000,0.072164,0.073186,0.066276,-0.085066,-0.081432,-0.057069,0.999955,-0.005328,0.004528,0.006335,-0.039376,0.047624,-0.153643,0.265763,0.324573,-0.235530,0.251400
7,154.068087,71,3.550000,0.067911,0.069115,0.063423,-0.080642,-0.076159,-0.055464,0.999961,-0.006337,0.005692,0.002492,-0.022870,0.036078,-0.146497,0.265695,0.480874,-0.413290,0.300735
7,154.068087,72,3.600000,0.063879,0.065307,0.060650,-0.075056,-0.069909,-0.054008,0.999954,-0.006932,0.006569,-0.001173,0.001374,0.015540,-0.137949,0.265627,0.608888,-0.565574,0.349634
7,154.068087,73,3.650000,0.060126,0.061811,0.057949,-0.068585,-0.063097,-0.052695,0.999941,-0.006920,0.006934,-0.004624,0.031900,-0.012746,-0.128011,0.265581,0.641619,-0.606329,0.396153
7,154.068087,74,3.700000,0.056697,0.058656,0.055314,-0.061734,-0.056322,-0.051473,0.999929,-0.006146,0.006589,-0.007827,0.063919,-0.043217,-0.116750,0.265572,0.362892,-0.326925,0.439308
7,154.068087,75,3.750000,0.053610,0.055840,0.052741,-0.055206,-0.050328,-0.050253,0.999917,-0.004576,0.005479,-0.010750,0.081872,-0.059847,-0.104263,0.265596,0.236087,-0.196419,0.473759
7,154.068087,76,3.800000,0.050850,0.053324,0.050228,-0.049768,-0.045885,-0.048958,0.999900,-0.002560,0.003949,-0.013360,0.093440,-0.069992,-0.090796,0.265602,0.000410,0.000586,0.503389
7,154.068087,77,3.850000,0.048362,0.051029,0.047780,-0.045851,-0.043419,-0.047625,0.999875,-0.000256,0.002162,-0.015635,0.093219,-0.070284,-0.076488,0.265579,-0.274471,0.180851,0.526210
7,154.068087,78,3.900000,0.046069,0.048859,0.045399,-0.043721,-0.043200,-0.046316,0.999844,0.002042,0.000368,-0.017551,0.079292,-0.061512,-0.061530,0.265515,-0.539255,0.284525,0.538447
7,154.068087,79,3.950000,0.043883,0.046698,0.043083,-0.043394,-0.045215,-0.045125,0.999809,0.003997,-0.001201,-0.019093,0.052185,-0.047471,-0.046225,0.265425,-0.730648,0.186388,0.536577
7,154.068087,80,4.000000,0.041713,0.044438,0.040827,-0.044649,-0.049120,-0.044114,0.999778,0.005280,-0.002408,-0.020252,0.015570,-0.038243,-0.030973,0.265346,-0.769121,0.358003,0.532170
7,154.068087,81,4.050000,0.039481,0.041982,0.038621,-0.047120,-0.054260,-0.043266,0.999757,0.005651,-0.003368,-0.021030,-0.022931,-0.020361,-0.015847,0.265293,-0.665552,0.561279,0.515479
7,154.068087,82,4.100000,0.037125,0.039269,0.036458,-0.050545,-0.059742,-0.042525,0.999750,0.005069,-0.003862,-0.021431,-0.056221,0.007716,-0.001194,0.265282,-0.430822,0.683023,0.484991
7,154.068087,83,4.150000,0.034598,0.036282,0.034332,-0.054446,-0.064640,-0.041801,0.999756,0.003668,-0.003639,-0.021465,-0.077762,0.041870,0.012592,0.265309,-0.160510,0.589543,0.438038
7,154.068087,84,4.200000,0.031875,0.033050,0.032242,-0.058098,-0.068167,-0.041015,0.999771,0.001746,-0.002552,-0.021153,-0.085808,0.071310,0.025043,0.265347,-0.067081,0.078597,0.368894
7,154.068087,85,4.250000,0.028970,0.029641,0.030191,-0.060642,-0.069829,-0.040142,0.999789,-0.000363,-0.000725,-0.020530,-0.089229,0.075158,0.035528,0.265363,0.158939,-0.092831,0.354194
7,154.068087,86,4.300000,0.025938,0.026150,0.028184,-0.061347,-0.069458,-0.039229,0.999803,-0.002555,0.001199,-0.019644,-0.081384,0.070396,0.045596,0.265331,0.397530,-0.309896,0.323418
7,154.068087,87,4.350000,0.022871,0.022677,0.026222,-0.060119,-0.066970,-0.038384,0.999814,-0.004553,0.003002,-0.018506,-0.061629,0.054761,0.054789,0.265254,0.528655,-0.431828,0.277305
7,154.068087,88,4.400000,0.019865,0.019328,0.024303,-0.057088,-0.062552,-0.037702,0.999825,-0.006064,0.004405,-0.017138,-0.035310,0.033041,0.062671,0.265161,0.425437,-0.381819,0.216837
7,154.068087,89,4.450000,0.017011,0.016201,0.022418,-0.052660,-0.056672,-0.037218,0.999841,-0.006926,0.005256,-0.015573,-0.014117,0.013866,0.068835,0.265101,0.076998,-0.185925,0.141836
7,154.068087,90,4.500000,0.014378,0.013367,0.020557,-0.047395,-0.049953,-0.036864,0.999862,-0.007264,0.005620,-0.013853,-0.010303,0.004533,0.072867,0.265092,0.212513,-0.169971,0.073816
7,154.068087,91,4.550000,0.012008,0.010870,0.018714,-0.041779,-0.042898,-0.036536,0.999883,-0.007510,0.005750,-0.012031,0.000310,-0.003994,0.074965,0.265055,0.280385,-0.089596,-0.004058
7,154.068087,92,4.600000,0.009919,0.008725,0.016887,-0.036046,-0.035594,-0.036281,0.999904,-0.007493,0.005664,-0.010156,0.014340,-0.008473,0.074849,0.265040,0.300347,-0.012452,-0.090251
7,154.068087,93,4.650000,0.008117,0.006945,0.015073,-0.030412,-0.028297,-0.036054,0.999925,-0.007126,0.005463,-0.008286,0.029382,-0.009055,0.072284,0.265040,0.266095,-0.013504,-0.183685
7,154.068087,94,4.700000,0.006596,0.005530,0.013270,-0.024992,-0.021347,-0.035819,0.999945,-0.006383,0.005243,-0.006481,0.042712,-0.009649,0.067063,0.265050,0.193504,-0.200252,-0.284062
7,154.068087,95,4.750000,0.005346,0.004463,0.011479,-0.019805,-0.015114,-0.035553,0.999962,-0.005308,0.005006,-0.004809,0.052411,-0.019553,0.058989,0.265073,0.024481,-0.147811,-0.331091
7,154.068087,96,4.800000,0.004356,0.003707,0.009702,-0.014866,-0.009927,-0.035231,0.999976,-0.003993,0.004518,-0.003338,0.053679,-0.026826,0.049577,0.265085,-0.193926,-0.050587,-0.376681
7,154.068087,97,4.850000,0.003613,0.003211,0.007940,-0.010417,-0.006021,-0.034868,0.999987,-0.002648,0.003848,-0.002102,0.044033,-0.029255,0.038870,0.265055,-0.374357,0.064440,-0.418392
7,154.068087,98,4.900000,0.003092,0.002910,0.006197,-0.006634,-0.003430,-0.034548,0.999993,-0.001545,0.003117,-0.001132,0.025359,-0.025968,0.026978,0.264983,-0.409427,0.199626,-0.453897
7,154.068087,99,4.950000,0.002760,0.002738,0.004469,-0.003573,-0.001917,-0.034351,0.999996,-0.000909,0.002468,-0.000459,0.004914,-0.015960,0.014076,0.283426,-0.103746,0.317361,-0.480759
7,154.068087,100,5.000000,0.002582,0.002642,0.002752,-0.000982,-0.000964,0.000005,0.999998,-0.000786,0.002069,-0.000107,-0.000265,-0.000090,0.000410,0,0,0,0
8,155.559387,0,0.000000,1.020539,1.039413,0.800884,-0.003113,-0.001211,-0.084412,0.999914,0.001165,-0.001610,-0.012984,0.000000,0.000000,0.000000,0.080000,11.039192,-10.473864,0.735582
8,155.559387,1,0.050000,1.020384,1.039352,0.796664,-0.003594,-0.001550,-0.426765,0.999914,0.001165,-0.001610,-0.012984,0.551960,-0.523693,0.020909,0.105531,4.403139,-4.210894,0.651907
8,155.559387,2,0.100000,1.020204,1.039275,0.775325,-0.004230,-0.001997,-0.721839,0.999702,0.014789,-0.014878,-0.012452,0.772532,-0.733800,0.039439,0.285010,-0.176841,0.108392,0.579177
8,155.559387,3,0.150000,1.019992,1.039175,0.739233,-0.020125,-0.017409,-0.685007,0.998801,0.033842,-0.033461,-0.011446,0.764788,-0.727224,0.055902,0.329352,-2.930376,2.741285,0.519404
8,155.559387,4,0.200000,1.018986,1.038304,0.704983,-0.061365,-0.058173,-0.568359,0.997214,0.052665,-0.051868,-0.010022,0.619812,-0.588537,0.070666,0.332398,-4.299592,4.090416,0.468779
8,155.559387,5,0.250000,1.015918,1.035396,0.676565,-0.125692,-0.122189,-0.450033,0.995424,0.067863,-0.066773,-0.008230,0.406411,-0.382354,0.083991,0.315607,-4.686751,4.522749,0.423811
8,155.559387,6,0.300000,1.009633,1.029286,0.654063,-0.204040,-0.200510,-0.366671,0.994014,0.077750,-0.076507,-0.006109,0.173292,-0.154921,0.096037,0.293477,-4.420107,4.336596,0.382210
8,155.559387,7,0.350000,0.999431,1.019261,0.635730,-0.287218,-0.284007,-0.326628,0.993376,0.081848,-0.080568,-0.003692,-0.047148,0.062540,0.106901,0.274513,-3.756933,3.764689,0.342896
8,155.559387,8,0.400000,0.985070,1.005060,0.619398,-0.368898,-0.366369,-0.322181,0.993603,0.080467,-0.079229,-0.001004,-0.235249,0.250583,0.116648,0.262457,-2.889054,2.980662,0.305629
8,155.559387,9,0.450000,0.966626,0.986742,0.603289,-0.445500,-0.444010,-0.339045,0.994535,0.074395,-0.073230,0.001931,-0.380811,0.398575,0.125336,0.257614,-1.955918,2.111714,0.270605
8,155.559387,10,0.500000,0.944351,0.964541,0.586337,-0.514852,-0.514739,-0.362880,0.995867,0.064672,-0.063566,0.005091,-0.480502,0.502349,0.133027,0.258312,-1.048078,1.242530,0.238130
8,155.559387,11,0.550000,0.918608,0.938804,0.568193,-0.575099,-0.576665,-0.382892,0.997269,0.052425,-0.051327,0.008450,-0.535443,0.562050,0.139796,0.262200,-0.232171,0.437492,0.208396
8,155.559387,12,0.600000,0.889853,0.909971,0.549048,-0.624377,-0.627858,-0.393064,0.998468,0.038770,-0.037603,0.011983,-0.550033,0.581084,0.145720,0.267114,0.450146,-0.260339,0.181390
8,155.559387,13,0.650000,0.858634,0.878578,0.529395,-0.661062,-0.666601,-0.391795,0.999298,0.024724,-0.023400,0.015663,-0.530739,0.565025,0.150876,0.271507,0.977166,-0.825094,0.156880
8,155.559387,14,0.700000,0.825581,0.845248,0.509805,-0.684186,-0.691814,-0.380669,0.999702,0.011153,-0.009583,0.019467,-0.485116,0.520731,0.155335,0.274550,1.342911,-1.244801,0.134451
8,155.559387,15,0.750000,0.791372,0.810657,0.490772,-0.693707,-0.703342,-0.362964,0.999721,-0.001261,0.003151,0.023375,-0.421041,0.455631,0.159157,0.276016,1.561405,-1.526217,0.113611
8,155.559387,16,0.800000,0.756686,0.775490,0.472624,-0.690516,-0.701978,-0.342335,0.999451,-0.012037,0.014296,0.027368,-0.345723,0.376777,0.162386,0.276107,1.647743,-1.677331,0.093781
8,155.559387,17,0.850000,0.722161,0.740392,0.455507,-0.676242,-0.689275,-0.321884,0.999011,-0.020873,0.023521,0.031433,-0.265657,0.290780,0.165052,0.275234,1.622228,-1.711947,0.074386
8,155.559387,18,0.900000,0.688349,0.705928,0.439413,-0.652958,-0.667265,-0.303699,0.998515,-0.027638,0.030659,0.035557,-0.186367,0.203519,0.167166,0.273866,1.507629,-1.647431,0.054910
8,155.559387,19,0.950000,0.655701,0.672564,0.424228,-0.622903,-0.638168,-0.288768,0.998049,-0.032342,0.035688,0.039731,-0.112277,0.119965,0.168727,0.272416,1.326982,-1.502843,0.034928
8,155.559387,20,1.000000,0.624555,0.640656,0.409790,-0.588263,-0.604170,-0.277134,0.997666,-0.035111,0.038705,0.043944,-0.046696,0.044104,0.169720,0.271170,1.109473,-1.305868,0.014177
8,155.559387,21,1.050000,0.595142,0.610448,0.395933,-0.551030,-0.567281,-0.268210,0.997386,-0.036160,0.039902,0.048183,0.008493,-0.021491,0.170123,0.270275,0.875041,-1.075789,-0.007504
8,155.559387,22,1.100000,0.567591,0.582084,0.382522,-0.512936,-0.529255,-0.261104,0.997201,-0.035752,0.039530,0.052435,0.052384,-0.075225,0.169909,0.269748,0.640539,-0.830293,-0.030126
8,155.559387,23,1.150000,0.541944,0.555621,0.369467,-0.475426,-0.491566,-0.254909,0.997088,-0.034179,0.037875,0.056686,0.084896,-0.116402,0.169053,0.269526,0.419394,-0.584880,-0.053547
8,155.559387,24,1.200000,0.518173,0.531043,0.356722,-0.439662,-0.455403,-0.248885,0.997016,-0.031737,0.035238,0.060918,0.106613,-0.145101,0.167531,0.269505,0.221531,-0.352452,-0.077487
8,155.559387,25,1.250000,0.496190,0.508272,0.344277,-0.406523,-0.421676,-0.242547,0.996954,-0.028711,0.031916,0.065114,0.118612,-0.162046,0.165328,0.269574,0.053488,-0.143066,-0.101545
8,155.559387,26,1.300000,0.475863,0.487189,0.332150,-0.376622,-0.391023,-0.235675,0.996878,-0.025358,0.028188,0.069254,0.122303,-0.168455,0.162442,0.269644,-0.081327,0.036178,-0.125243
8,155.559387,27,1.350000,0.457032,0.467637,0.320366,-0.350313,-0.363827,-0.228271,0.996772,-0.021904,0.024304,0.073322,0.119275,-0.165892,0.158882,0.269656,-0.182262,0.181091,-0.148065
8,155.559387,28,1.400000,0.439517,0.449446,0.308953,-0.327722,-0.340242,-0.220477,0.996626,-0.018530,0.020475,0.077298,0.111162,-0.156119,0.154673,0.269584,-0.250971,0.290218,-0.169505
8,155.559387,29,1.450000,0.423131,0.432434,0.297929,-0.308778,-0.320223,-0.212509,0.996439,-0.015380,0.016871,0.081165,0.099530,-0.140955,0.149855,0.269430,-0.290897,0.364511,-0.189119
8,155.559387,30,1.500000,0.407692,0.416423,0.287304,-0.293248,-0.303564,-0.204585,0.996217,-0.012551,0.013620,0.084909,0.085787,-0.122164,0.144480,0.269214,-0.306721,0.406904,-0.206559
8,155.559387,31,1.550000,0.393029,0.401245,0.277074,-0.280782,-0.289944,-0.196883,0.995965,-0.010105,0.010804,0.088516,0.071121,-0.101348,0.138608,0.268962,-0.303793,0.421791,-0.221602
8,155.559387,32,1.600000,0.378990,0.386747,0.267230,-0.270953,-0.278965,-0.189523,0.995693,-0.008073,0.008473,0.091972,0.056464,-0.079884,0.132309,0.268702,-0.287590,0.414471,-0.234163
8,155.559387,33,1.650000,0.365443,0.372799,0.257754,-0.263296,-0.270190,-0.182564,0.995408,-0.006456,0.006641,0.095269,0.042486,-0.058877,0.125653,0.268456,-0.263210,0.390571,-0.244296
8,155.559387,34,1.700000,0.352278,0.359290,0.248626,-0.257335,-0.263172,-0.176009,0.995119,-0.005237,0.005297,0.098398,0.029606,-0.039146,0.118709,0.268237,-0.234952,0.355520,-0.252173
8,155.559387,35,1.750000,0.339411,0.346131,0.239825,-0.252610,-0.257477,-0.169828,0.994831,-0.004389,0.004412,0.101352,0.018035,-0.021237,0.111541,0.268053,-0.206001,0.314068,-0.258069
8,155.559387,36,1.800000,0.326781,0.333257,0.231334,-0.248694,-0.252698,-0.163972,0.994549,-0.003874,0.003942,0.104126,0.007825,-0.005457,0.104206,0.267903,-0.178219,0.269902,-0.262333
8,155.559387,37,1.850000,0.314346,0.320622,0.223135,-0.245205,-0.248468,-0.158385,0.994275,-0.003655,0.003836,0.106716,-0.001065,0.008069,0.096749,0.267783,-0.152077,0.225362,-0.265358
8,155.559387,38,1.900000,0.302086,0.308199,0.215216,-0.241808,-0.244458,-0.153017,0.994014,-0.003694,0.004043,0.109120,-0.008698,0.019333,0.089206,0.267687,-0.126706,0.181272,-0.267555
8,155.559387,39,1.950000,0.289995,0.295976,0.207565,-0.238224,-0.240381,-0.147831,0.993765,-0.003953,0.004508,0.111336,-0.015099,0.028368,0.081601,0.267607,-0.100126,0.136966,-0.269328
8,155.559387,40,2.000000,0.278084,0.283957,0.200174,-0.234220,-0.235989,-0.142798,0.993531,-0.004398,0.005179,0.113361,-0.020193,0.035169,0.073946,0.267537,-0.069686,0.090551,-0.271056
8,155.559387,41,2.050000,0.266373,0.272157,0.193034,-0.229616,-0.231078,-0.137906,0.993312,-0.004990,0.006003,0.115197,-0.023776,0.039640,0.066241,0.267470,-0.032747,0.039504,-0.273065
8,155.559387,42,2.100000,0.254892,0.260604,0.186139,-0.224278,-0.225483,-0.133152,0.993110,-0.005685,0.006927,0.116840,-0.025513,0.041555,0.058479,0.267401,0.012296,-0.018274,-0.275622
8,155.559387,43,2.150000,0.243678,0.249329,0.179481,-0.218123,-0.219090,-0.128545,0.992927,-0.006429,0.007893,0.118290,-0.024990,0.040585,0.050645,0.267325,0.064229,-0.082480,-0.278933
8,155.559387,44,2.200000,0.232772,0.238375,0.173054,-0.211117,-0.211845,-0.124102,0.992764,-0.007160,0.008834,0.119546,-0.021857,0.036413,0.042716,0.267239,0.115696,-0.146712,-0.283148
8,155.559387,45,2.250000,0.222216,0.227783,0.166849,-0.203283,-0.203765,-0.119843,0.992623,-0.007801,0.009680,0.120604,-0.016131,0.029042,0.034668,0.267143,0.151716,-0.196425,-0.288397
8,155.559387,46,2.300000,0.212052,0.217594,0.160856,-0.194706,-0.194948,-0.115786,0.992507,-0.008281,0.010359,0.121462,-0.008583,0.019200,0.026470,0.267041,0.155780,-0.214289,-0.294844
8,155.559387,47,2.350000,0.202317,0.207847,0.155067,-0.185532,-0.185574,-0.111940,0.992420,-0.008545,0.010815,0.122117,-0.000814,0.008476,0.018089,0.266941,0.108014,-0.178383,-0.302746
8,155.559387,48,2.400000,0.193040,0.198568,0.149470,-0.175953,-0.175884,-0.108293,0.992362,-0.008587,0.011027,0.122565,0.004581,-0.000443,0.009484,0.266852,0.071986,-0.147797,-0.312467
8,155.559387,49,2.450000,0.184243,0.189774,0.144055,-0.166178,-0.166127,-0.104817,0.992334,-0.008469,0.011032,0.122799,0.008181,-0.007831,0.000602,0.266773,0.107724,-0.179273,-0.324386
8,155.559387,50,2.500000,0.175934,0.181468,0.138815,-0.156389,-0.156485,-0.101484,0.992336,-0.008242,0.010863,0.122813,0.013567,-0.016795,-0.008618,0.266695,0.127281,-0.186000,-0.338471
8,155.559387,51,2.550000,0.168114,0.173644,0.133740,-0.146741,-0.147089,-0.098288,0.992370,-0.007856,0.010486,0.122599,0.019925,-0.026099,-0.018239,0.266628,0.057105,-0.096374,-0.354026
8,155.559387,52,2.600000,0.160777,0.166289,0.128826,-0.137416,-0.138120,-0.095201,0.992436,-0.007286,0.009896,0.122146,0.022763,-0.030932,-0.028302,0.266578,0.102963,-0.116409,-0.370073
8,155.559387,53,2.650000,0.153906,0.159383,0.124066,-0.128598,-0.129787,-0.092188,0.992534,-0.006634,0.009193,0.121444,0.027878,-0.036777,-0.038822,0.266521,0.189226,-0.181929,-0.385676
8,155.559387,54,2.700000,0.147476,0.152894,0.119457,-0.120387,-0.122186,-0.089258,0.992663,-0.005840,0.008359,0.120480,0.037285,-0.045914,-0.049784,0.266467,0.199610,-0.189280,-0.399402
8,155.559387,55,2.750000,0.141457,0.146784,0.114994,-0.112893,-0.115471,-0.086403,0.992826,-0.004786,0.007324,0.119244,0.047178,-0.055449,-0.061137,0.266424,0.046025,-0.056081,-0.409870
8,155.559387,56,2.800000,0.135812,0.141011,0.110674,-0.106281,-0.109920,-0.083601,0.993022,-0.003461,0.006081,0.117724,0.049351,-0.058362,-0.072788,0.266381,-0.147319,0.100565,-0.415758
8,155.559387,57,2.850000,0.130498,0.135515,0.106493,-0.100725,-0.105822,-0.080851,0.993246,-0.002076,0.004771,0.115914,0.041824,-0.053470,-0.084605,0.266321,-0.225234,0.137062,-0.416091
8,155.559387,58,2.900000,0.125462,0.130224,0.102451,-0.096288,-0.103243,-0.078191,0.993496,-0.000892,0.003560,0.113810,0.030391,-0.046751,-0.096433,0.266248,-0.294248,0.161816,-0.410684
8,155.559387,59,2.950000,0.120648,0.125062,0.098541,-0.092900,-0.101970,-0.075652,0.993771,-0.000013,0.002483,0.111413,0.015507,-0.038772,-0.108106,0.266175,-0.410445,0.249330,-0.399269
8,155.559387,60,3.000000,0.116003,0.119963,0.094759,-0.090468,-0.101684,-0.073241,0.994070,0.000474,0.001563,0.108726,-0.005174,-0.026369,-0.119455,0.266104,-0.352470,0.219613,-0.381637
8,155.559387,61,3.050000,0.111479,0.114879,0.091097,-0.088886,-0.101981,-0.070958,0.994392,0.000412,0.000895,0.105757,-0.022917,-0.015365,-0.130303,0.266050,-0.306496,0.222975,-0.357156
8,155.559387,62,3.100000,0.107035,0.109780,0.087549,-0.087966,-0.102292,-0.068773,0.994731,-0.000120,0.000454,0.102517,-0.038318,-0.004103,-0.140455,0.266006,-0.223015,0.188639,-0.325232
8,155.559387,63,3.150000,0.102637,0.104665,0.084110,-0.087533,-0.102128,-0.066670,0.995084,-0.001064,0.000253,0.099024,-0.049491,0.005533,-0.149700,0.265971,-0.095923,0.160052,-0.287085
8,155.559387,64,3.200000,0.098260,0.099559,0.080777,-0.087388,-0.101061,-0.064632,0.995446,-0.002310,0.000265,0.095299,-0.054255,0.013817,-0.157860,0.265937,-0.045702,0.233611,-0.243372
8,155.559387,65,3.250000,0.093891,0.094506,0.077545,-0.087346,-0.098771,-0.062661,0.995810,-0.003694,0.000470,0.091370,-0.056458,0.025823,-0.164778,0.265896,0.162794,0.109361,-0.194233
8,155.559387,66,3.300000,0.089523,0.089567,0.074412,-0.087217,-0.095106,-0.060775,0.996171,-0.005160,0.000969,0.087265,-0.048157,0.031644,-0.170299,0.265855,0.355180,-0.034933,-0.140492
8,155.559387,67,3.350000,0.085163,0.084812,0.071373,-0.086710,-0.089962,-0.058979,0.996526,-0.006433,0.001630,0.083020,-0.030193,0.030208,-0.174292,0.265804,0.542077,-0.190015,-0.084435
8,155.559387,68,3.400000,0.080827,0.080314,0.068424,-0.085637,-0.083518,-0.057292,0.996871,-0.007255,0.002292,0.078673,-0.002889,0.020907,-0.176692,0.265751,0.650364,-0.277604,-0.028536
8,155.559387,69,3.450000,0.076545,0.076138,0.065560,-0.083950,-0.076222,-0.055717,0.997207,-0.007378,0.002775,0.074265,0.029769,0.007047,-0.177504,0.265708,0.453064,-0.092090,0.026008
8,155.559387,70,3.500000,0.072348,0.072327,0.062774,-0.081767,-0.068779,-0.054227,0.997532,-0.006661,0.002973,0.069836,0.052470,0.002242,-0.176764,0.265688,0.398119,-0.094358,0.074301
8,155.559387,71,3.550000,0.068259,0.068888,0.060063,-0.079306,-0.062036,-0.052766,0.997838,-0.005369,0.003091,0.065423,0.072391,-0.002828,-0.174652,0.265673,0.216469,-0.046344,0.121826
8,155.559387,72,3.600000,0.064294,0.065786,0.057424,-0.076616,-0.056565,-0.051315,0.998123,-0.003572,0.003116,0.061060,0.083195,-0.005625,-0.171189,0.265659,-0.030130,-0.013580,0.167423
8,155.559387,73,3.650000,0.060463,0.062958,0.054859,-0.073771,-0.052870,-0.049876,0.998381,-0.001501,0.003087,0.056782,0.081652,-0.006845,-0.166430,0.265629,-0.297717,-0.032426,0.207832
8,155.559387,74,3.700000,0.056775,0.060314,0.052365,-0.070823,-0.051223,-0.048482,0.998610,0.000534,0.003026,0.052621,0.066723,-0.008982,-0.160523,0.265577,-0.521837,-0.208152,0.239172
8,155.559387,75,3.750000,0.053233,0.057753,0.049941,-0.067824,-0.051591,-0.047181,0.998811,0.002199,0.002891,0.048608,0.040577,-0.019796,-0.153725,0.265509,-0.614037,-0.059303,0.271619
8,155.559387,76,3.800000,0.049842,0.055174,0.047582,-0.064879,-0.053612,-0.046012,0.998989,0.003225,0.002455,0.044765,0.009759,-0.022998,-0.146004,0.265452,-0.576618,0.177871,0.293538
8,155.559387,77,3.850000,0.046598,0.052493,0.045281,-0.062326,-0.056672,-0.044950,0.999146,0.003486,0.001903,0.041116,-0.019199,-0.014158,-0.137660,0.265420,-0.403150,0.382588,0.302122
8,155.559387,78,3.900000,0.043482,0.049659,0.043033,-0.060316,-0.060019,-0.043947,0.999284,0.003014,0.001542,0.037677,-0.039431,0.005071,-0.129072,0.265413,-0.173661,0.399301,0.293954
8,155.559387,79,3.950000,0.040466,0.046659,0.040836,-0.058690,-0.062923,-0.042953,0.999403,0.002019,0.001641,0.034454,-0.048089,0.025229,-0.120717,0.265411,-0.095569,-0.003396,0.263029
8,155.559387,80,4.000000,0.037532,0.043512,0.038688,-0.057010,-0.064851,-0.041958,0.999503,0.000791,0.002236,0.031441,-0.052752,0.025280,-0.113240,0.265385,0.127720,-0.089825,0.285640
8,155.559387,81,4.050000,0.034681,0.040270,0.036590,-0.054789,-0.065559,-0.041010,0.999586,-0.000553,0.002828,0.028615,-0.046257,0.021015,-0.105121,0.265361,0.348150,-0.243877,0.291439
8,155.559387,82,4.100000,0.031942,0.036992,0.034540,-0.052026,-0.064936,-0.040108,0.999655,-0.001732,0.003319,0.025991,-0.028766,0.009006,-0.096837,0.265321,0.435715,-0.320411,0.281654
8,155.559387,83,4.150000,0.029341,0.033745,0.032535,-0.048810,-0.063150,-0.039287,0.999713,-0.002464,0.003521,0.023573,-0.006947,-0.006909,-0.088831,0.265278,0.265143,-0.243748,0.257806
8,155.559387,84,4.200000,0.026900,0.030588,0.030570,-0.045408,-0.060648,-0.038550,0.999763,-0.002642,0.003339,0.021353,0.006287,-0.019073,-0.081503,0.265249,-0.165310,-0.037751,0.220185
8,155.559387,85,4.250000,0.024630,0.027555,0.028643,-0.042184,-0.057983,-0.037867,0.999806,-0.002481,0.002860,0.019317,-0.002037,-0.020980,-0.075244,0.265240,-0.111739,-0.017921,0.190573
8,155.559387,86,4.300000,0.022520,0.024656,0.026749,-0.039422,-0.055492,-0.037195,0.999842,-0.002527,0.002330,0.017438,-0.007684,-0.021870,-0.069827,0.265219,-0.100506,0.073946,0.152713
8,155.559387,87,4.350000,0.020549,0.021881,0.024890,-0.037177,-0.052970,-0.036559,0.999872,-0.002714,0.001776,0.015694,-0.012767,-0.018152,-0.065487,0.265196,-0.085982,0.165589,0.108768
8,155.559387,88,4.400000,0.018690,0.019233,0.023062,-0.035475,-0.050277,-0.035966,0.999896,-0.003029,0.001312,0.014059,-0.017112,-0.009841,-0.062395,0.265166,-0.054237,0.181531,0.060648
8,155.559387,89,4.450000,0.016917,0.016719,0.021263,-0.034228,-0.047285,-0.035429,0.999915,-0.003455,0.001056,0.012501,-0.019847,-0.000724,-0.060671,0.265131,0.021994,0.008937,0.009695
8,155.559387,90,4.500000,0.015205,0.014355,0.019492,-0.033234,-0.043879,-0.034958,0.999931,-0.003953,0.001026,0.010984,-0.018749,-0.000231,-0.060395,0.265103,0.068572,0.068951,0.017391
8,155.559387,91,4.550000,0.013544,0.012161,0.017744,-0.032269,-0.039987,-0.034544,0.999945,-0.004423,0.001009,0.009475,-0.015321,0.003259,-0.059901,0.265070,0.080691,0.164125,0.032909
8,155.559387,92,4.600000,0.011930,0.010161,0.016017,-0.031319,-0.035636,-0.034195,0.999956,-0.004808,0.001081,0.007978,-0.011279,0.011500,-0.058966,0.265033,0.082678,0.255841,0.058920
8,155.559387,93,4.650000,0.010364,0.008380,0.014307,-0.030296,-0.030908,-0.033916,0.999965,-0.005094,0.001359,0.006503,-0.007119,0.024317,-0.057291,0.264993,0.126753,0.311174,0.096562
8,155.559387,94,4.700000,0.008849,0.006834,0.012611,-0.028995,-0.025900,-0.033716,0.999971,-0.005278,0.001958,0.005068,-0.000729,0.039892,-0.054546,0.264953,0.394006,0.250425,0.145641
8,155.559387,95,4.750000,0.007400,0.005539,0.010926,-0.027100,-0.020711,-0.033594,0.999975,-0.005304,0.002948,0.003699,0.019054,0.052414,-0.050406,0.264943,0.262686,-0.017748,0.220936
8,155.559387,96,4.800000,0.006045,0.004504,0.009246,-0.024227,-0.015496,-0.033495,0.999976,-0.004836,0.004253,0.002430,0.032289,0.051491,-0.044126,0.264967,0.056975,-0.327544,0.293949
8,155.559387,97,4.850000,0.004833,0.003729,0.007571,-0.020064,-0.010740,-0.033355,0.999976,-0.004037,0.005537,0.001317,0.035224,0.035059,-0.035771,0.265001,-0.162013,-0.521205,0.364031
8,155.559387,98,4.900000,0.003830,0.003192,0.005903,-0.014635,-0.006772,-0.033158,0.999974,-0.003162,0.006411,0.000415,0.027171,0.008951,-0.025423,0.265025,-0.289599,-0.443945,0.433516
8,155.559387,99,4.950000,0.003098,0.002853,0.004245,-0.008343,-0.003665,-0.032921,0.999975,-0.002487,0.006633,-0.000226,0.012699,-0.013272,-0.013101,0.282688,-0.253009,0.246260,0.507880
8,155.559387,100,5.000000,0.002681,0.002670,0.002599,-0.001397,-0.001063,0.000022,0.999978,-0.002172,0.006301,-0.000555,0.000042,-0.000966,0.001335,0,0,0,0
9,153.603533,0,0.000000,1.022915,1.042188,0.754488,-0.004059,-0.002575,-0.091980,0.999917,0.001253,-0.001481,-0.012708,0.000000,0.000000,0.000000,0.080000,11.532671,-10.154052,0.492750
9,153.603533,1,0.050000,1.022713,1.042059,0.749889,-0.004502,-0.002940,-0.434333,0.999917,0.001253,-0.001481,-0.012708,0.576634,-0.507703,0.014006,0.126155,4.208969,-4.460304,0.564509
9,153.603533,2,0.100000,1.022487,1.041912,0.728172,-0.005201,-0.003517,-0.691215,0.999701,0.015503,-0.014353,-0.012350,0.787352,-0.730411,0.030052,0.284632,-0.479245,-0.013373,0.524605
9,153.603533,3,0.150000,1.022227,1.041736,0.693611,-0.020530,-0.019668,-0.655089,0.998782,0.034932,-0.032851,-0.011596,0.764223,-0.730182,0.044964,0.329778,-3.153627,2.708918,0.450476
9,153.603533,4,0.200000,1.021201,1.040753,0.660857,-0.061100,-0.061816,-0.537698,0.997180,0.053747,-0.051326,-0.010479,0.607787,-0.593432,0.057769,0.332334,-4.415082,4.073146,0.383011
9,153.603533,5,0.250000,1.018146,1.037662,0.633972,-0.124790,-0.127122,-0.419563,0.995391,0.068653,-0.066342,-0.009055,0.388334,-0.388442,0.068656,0.314997,-4.709674,4.513112,0.328962
9,153.603533,6,0.300000,1.011906,1.031306,0.612994,-0.202557,-0.206147,-0.337368,0.994001,0.078108,-0.076207,-0.007368,0.153863,-0.161775,0.078006,0.292683,-4.379938,4.331395,0.286343
9,153.603533,7,0.350000,1.001779,1.020999,0.596125,-0.285294,-0.289700,-0.298771,0.993389,0.081751,-0.080406,-0.005452,-0.064655,0.055251,0.086145,0.273781,-3.681879,3.760336,0.252545
9,153.603533,8,0.400000,0.987514,1.006514,0.581187,-0.366739,-0.371603,-0.295601,0.993639,0.079980,-0.079201,-0.003330,-0.248930,0.243056,0.093324,0.261871,-2.802210,2.974829,0.225513
9,153.603533,9,0.450000,0.969177,0.987934,0.566407,-0.443324,-0.448426,-0.313443,0.994586,0.073628,-0.073326,-0.001019,-0.389901,0.390916,0.099734,0.257152,-1.874159,2.103970,0.203705
9,153.603533,10,0.500000,0.947011,0.965512,0.550735,-0.512854,-0.518100,-0.338020,0.995925,0.063754,-0.063773,0.001466,-0.485089,0.494639,0.105524,0.257908,-0.982450,1.233796,0.185979
9,153.603533,11,0.550000,0.921368,0.939607,0.533834,-0.573434,-0.578840,-0.358680,0.997330,0.051482,-0.051636,0.004108,-0.536192,0.554386,0.110811,0.261792,-0.188312,0.429898,0.171375
9,153.603533,12,0.600000,0.892696,0.910665,0.515900,-0.623161,-0.628830,-0.369535,0.998535,0.037906,-0.038004,0.006891,-0.547939,0.573626,0.115682,0.266668,0.470960,-0.264104,0.159064
9,153.603533,13,0.650000,0.861538,0.879224,0.497423,-0.660383,-0.666472,-0.369051,0.999378,0.024014,-0.023883,0.009799,-0.526910,0.558015,0.120203,0.271020,0.976882,-0.822410,0.148302
9,153.603533,14,0.700000,0.828519,0.845900,0.478970,-0.684105,-0.690797,-0.358813,0.999810,0.010639,-0.010141,0.012821,-0.480611,0.514491,0.124419,0.274041,1.325623,-1.233622,0.138427
9,153.603533,15,0.750000,0.794314,0.811360,0.461030,-0.694257,-0.701725,-0.342050,0.999868,-0.001570,0.002532,0.015943,-0.416759,0.450540,0.128353,0.275514,1.531829,-1.506036,0.128902
9,153.603533,16,0.800000,0.759601,0.776274,0.443927,-0.691700,-0.700082,-0.322348,0.999650,-0.012158,0.013631,0.019158,-0.342363,0.373208,0.132017,0.275639,1.611068,-1.648877,0.119259
9,153.603533,17,0.850000,0.725016,0.741270,0.427810,-0.678027,-0.687408,-0.302746,0.999270,-0.020846,0.022832,0.022458,-0.263679,0.289049,0.135407,0.274818,1.583631,-1.677210,0.109148
9,153.603533,18,0.900000,0.691115,0.706900,0.412672,-0.655281,-0.665684,-0.285297,0.998838,-0.027516,0.029974,0.025839,-0.185983,0.203833,0.138510,0.273507,1.471937,-1.609516,0.098347
9,153.603533,19,0.950000,0.658351,0.673615,0.398408,-0.625673,-0.637058,-0.270980,0.998438,-0.032187,0.035038,0.029296,-0.113458,0.122380,0.141305,0.272104,1.298409,-1.465649,0.086769
9,153.603533,20,1.000000,0.627067,0.641763,0.384859,-0.591368,-0.603636,-0.259865,0.998121,-0.034985,0.038123,0.032824,-0.049194,0.048489,0.143772,0.270891,1.091595,-1.273804,0.074468
9,153.603533,21,1.050000,0.597499,0.611581,0.371865,-0.554344,-0.567346,-0.251400,0.997906,-0.036115,0.039418,0.036416,0.005122,-0.015470,0.145888,0.270009,0.870344,-1.053026,0.061590
9,153.603533,22,1.100000,0.569781,0.583213,0.359295,-0.516322,-0.529871,-0.244742,0.997786,-0.035829,0.039168,0.040064,0.048725,-0.068093,0.147639,0.269480,0.650170,-0.820145,0.048378
9,153.603533,23,1.150000,0.543965,0.556720,0.347058,-0.478749,-0.492624,-0.239017,0.997740,-0.034400,0.037650,0.043760,0.081615,-0.108827,0.149014,0.269247,0.442940,-0.589238,0.035146
9,153.603533,24,1.200000,0.520028,0.532089,0.335107,-0.442790,-0.456754,-0.233505,0.997736,-0.032105,0.035152,0.047493,0.104377,-0.137827,0.150013,0.269214,0.256889,-0.371377,0.022253
9,153.603533,25,1.250000,0.497888,0.509251,0.323432,-0.409340,-0.423150,-0.227720,0.997747,-0.029205,0.031958,0.051253,0.118006,-0.155802,0.150646,0.269277,0.096887,-0.174606,0.010068
9,153.603533,26,1.300000,0.477421,0.488094,0.312046,-0.379032,-0.392455,-0.221428,0.997746,-0.025941,0.028333,0.055029,0.123741,-0.163857,0.150932,0.269352,-0.035092,-0.004113,-0.001070
9,153.603533,27,1.350000,0.458470,0.468471,0.300975,-0.352255,-0.365079,-0.214601,0.997714,-0.022522,0.024513,0.058811,0.122925,-0.163354,0.150902,0.269378,-0.139378,0.137443,-0.010886
9,153.603533,28,1.400000,0.440857,0.450217,0.290245,-0.329176,-0.341222,-0.207358,0.997641,-0.019123,0.020704,0.062590,0.116892,-0.155778,0.150592,0.269329,-0.217931,0.249509,-0.019204
9,153.603533,29,1.450000,0.424398,0.433156,0.279877,-0.309766,-0.320898,-0.199893,0.997523,-0.015886,0.017073,0.066359,0.106886,-0.142635,0.150046,0.269199,-0.273671,0.333134,-0.025963
9,153.603533,30,1.500000,0.408910,0.417111,0.269882,-0.293836,-0.303970,-0.192418,0.997361,-0.012919,0.013753,0.070111,0.094014,-0.125369,0.149308,0.269004,-0.309837,0.390443,-0.031231
9,153.603533,31,1.550000,0.394218,0.401912,0.260261,-0.281073,-0.290171,-0.185118,0.997158,-0.010304,0.010840,0.073841,0.079233,-0.105314,0.148420,0.268765,-0.329452,0.424102,-0.035202
9,153.603533,32,1.600000,0.380164,0.387404,0.251005,-0.271071,-0.279147,-0.178128,0.996921,-0.008094,0.008399,0.077545,0.063353,-0.083663,0.147420,0.268510,-0.334884,0.436817,-0.038184
9,153.603533,33,1.650000,0.366611,0.373446,0.242099,-0.263368,-0.270475,-0.171523,0.996655,-0.006322,0.006466,0.081222,0.047077,-0.061468,0.146334,0.268261,-0.327579,0.430889,-0.040575
9,153.603533,34,1.700000,0.353442,0.359923,0.233523,-0.257475,-0.263693,-0.165324,0.996367,-0.005000,0.005053,0.084870,0.031040,-0.039662,0.145181,0.268038,-0.307991,0.407906,-0.042837
9,153.603533,35,1.750000,0.340569,0.346738,0.225257,-0.252898,-0.258322,-0.159508,0.996060,-0.004124,0.004149,0.088486,0.015859,-0.019095,0.143964,0.267851,-0.275777,0.368667,-0.045460
9,153.603533,36,1.800000,0.327924,0.333822,0.217281,-0.249160,-0.253882,-0.154022,0.995739,-0.003672,0.003724,0.092071,0.002174,-0.000575,0.142671,0.267705,-0.230314,0.313447,-0.048933
9,153.603533,37,1.850000,0.315466,0.321128,0.209580,-0.245819,-0.249916,-0.148799,0.995404,-0.003604,0.003728,0.095622,-0.009338,0.015109,0.141280,0.267596,-0.171621,0.242741,-0.053717
9,153.603533,38,1.900000,0.303175,0.308632,0.202140,-0.242483,-0.246008,-0.143777,0.995058,-0.003859,0.004094,0.099136,-0.018000,0.027196,0.139754,0.267518,-0.102114,0.159019,-0.060239
9,153.603533,39,1.950000,0.291051,0.296332,0.194951,-0.238826,-0.241801,-0.138906,0.994701,-0.004360,0.004739,0.102612,-0.023250,0.035051,0.138041,0.267457,-0.029988,0.070294,-0.068894
9,153.603533,40,2.000000,0.279109,0.284242,0.188006,-0.234599,-0.237024,-0.134156,0.994333,-0.005011,0.005566,0.106043,-0.024933,0.038444,0.136083,0.267400,0.029166,-0.007792,-0.080074
9,153.603533,41,2.050000,0.267379,0.272390,0.181298,-0.229644,-0.231504,-0.129527,0.993958,-0.005714,0.006473,0.109423,-0.023674,0.037926,0.133807,0.267336,0.058280,-0.057093,-0.094210
9,153.603533,42,2.100000,0.255897,0.260815,0.174822,-0.223893,-0.225179,-0.125033,0.993576,-0.006385,0.007370,0.112746,-0.020952,0.034951,0.131129,0.267260,0.036837,-0.054781,-0.111806
9,153.603533,43,2.150000,0.244703,0.249556,0.168570,-0.217357,-0.218078,-0.120701,0.993191,-0.006979,0.008200,0.116001,-0.019284,0.032108,0.127951,0.267174,0.027524,-0.058527,-0.133403
9,153.603533,44,2.200000,0.233835,0.238652,0.162535,-0.210100,-0.210277,-0.116549,0.992804,-0.007525,0.008963,0.119175,-0.018064,0.029088,0.124159,0.267088,0.090102,-0.123623,-0.159437
9,153.603533,45,2.250000,0.223330,0.228138,0.156708,-0.202185,-0.201830,-0.112576,0.992419,-0.008032,0.009655,0.122255,-0.013696,0.022821,0.119627,0.267001,0.136974,-0.163116,-0.189891
9,153.603533,46,2.300000,0.213220,0.218047,0.151079,-0.193681,-0.192780,-0.108786,0.992041,-0.008413,0.010203,0.125221,-0.006951,0.014603,0.114230,0.266908,0.093949,-0.106031,-0.224166
9,153.603533,47,2.350000,0.203536,0.208408,0.145640,-0.184716,-0.183267,-0.105185,0.991674,-0.008602,0.010567,0.128052,-0.002317,0.009272,0.107858,0.266822,0.165188,-0.157691,-0.261335
9,153.603533,48,2.400000,0.194301,0.199245,0.140380,-0.175449,-0.173500,-0.101754,0.991322,-0.008660,0.010813,0.130724,0.005905,0.001378,0.100429,0.266736,0.275549,-0.253473,-0.300254
9,153.603533,49,2.450000,0.185528,0.190570,0.135293,-0.165978,-0.163622,-0.098487,0.990991,-0.008491,0.010888,0.133211,0.019677,-0.011274,0.091895,0.266651,0.308370,-0.291218,-0.339479
9,153.603533,50,2.500000,0.177229,0.182388,0.130368,-0.156439,-0.153880,-0.095376,0.990690,-0.007941,0.010694,0.135484,0.035135,-0.025766,0.082245,0.266580,0.173630,-0.189299,-0.377721
9,153.603533,51,2.550000,0.169407,0.174694,0.125599,-0.147041,-0.144681,-0.092385,0.990423,-0.006962,0.010191,0.137517,0.043897,-0.035121,0.071509,0.266531,-0.007805,-0.062446,-0.413630
9,153.603533,52,2.600000,0.162055,0.167460,0.120980,-0.138022,-0.136492,-0.089459,0.990191,-0.005736,0.009485,0.139282,0.043602,-0.038124,0.059751,0.266487,-0.083117,-0.049451,-0.445826
9,153.603533,53,2.650000,0.155154,0.160636,0.116507,-0.129541,-0.129582,-0.086586,0.989996,-0.004510,0.008701,0.140756,0.039532,-0.040498,0.047079,0.266432,-0.159360,-0.038371,-0.473588
9,153.603533,54,2.700000,0.148677,0.154157,0.112178,-0.121667,-0.123968,-0.083787,0.989842,-0.003378,0.007843,0.141917,0.031637,-0.042346,0.033617,0.266375,-0.293701,0.046979,-0.496390
9,153.603533,55,2.750000,0.142594,0.147958,0.107989,-0.114481,-0.119571,-0.081072,0.989732,-0.002439,0.006911,0.142746,0.017006,-0.039957,0.019508,0.266320,-0.265954,0.028848,-0.513745
9,153.603533,56,2.800000,0.136870,0.141980,0.103935,-0.108078,-0.116217,-0.078440,0.989670,-0.001872,0.005984,0.143228,0.003737,-0.038502,0.004904,0.266261,-0.259952,0.058504,-0.524405
9,153.603533,57,2.850000,0.131466,0.136169,0.100013,-0.102503,-0.113545,-0.075903,0.989658,-0.001641,0.005045,0.143350,-0.009253,-0.035576,-0.010002,0.266206,-0.223723,0.063504,-0.527422
9,153.603533,58,2.900000,0.126341,0.130492,0.096218,-0.097812,-0.111231,-0.073456,0.989697,-0.001744,0.004131,0.143106,-0.020453,-0.032397,-0.024993,0.266154,-0.147276,0.085111,-0.523469
9,153.603533,59,2.950000,0.121450,0.124930,0.092545,-0.094028,-0.108947,-0.071098,0.989788,-0.002136,0.003255,0.142491,-0.027847,-0.028122,-0.039873,0.266103,-0.146662,0.216791,-0.512651
9,153.603533,60,3.000000,0.116749,0.119483,0.088990,-0.091153,-0.106406,-0.068829,0.989930,-0.002728,0.002458,0.141508,-0.035223,-0.017240,-0.054445,0.266050,0.017562,0.155410,-0.494518
9,153.603533,61,3.050000,0.112191,0.114163,0.085549,-0.089135,-0.103402,-0.066657,0.990120,-0.003542,0.001903,0.140163,-0.034380,-0.009397,-0.068501,0.265997,0.178419,0.073703,-0.468945
9,153.603533,62,3.100000,0.107734,0.108992,0.082216,-0.087768,-0.099683,-0.064585,0.990356,-0.004364,0.001544,0.138470,-0.025484,-0.005623,-0.081831,0.265946,0.350793,-0.026583,-0.437965
9,153.603533,63,3.150000,0.103346,0.104008,0.078987,-0.086858,-0.095216,-0.062614,0.990634,-0.004978,0.001307,0.136445,-0.007962,-0.006873,-0.094280,0.265897,0.463765,-0.074392,-0.403958
9,153.603533,64,3.200000,0.099003,0.099247,0.075856,-0.086251,-0.090183,-0.060738,0.990952,-0.005155,0.001098,0.134111,0.015202,-0.010564,-0.105762,0.265853,0.289839,0.129458,-0.368138
9,153.603533,65,3.250000,0.094690,0.094738,0.072819,-0.085860,-0.085008,-0.058946,0.991306,-0.004746,0.000874,0.131491,0.029652,-0.004152,-0.116226,0.265811,0.272010,0.122363,-0.335177
9,153.603533,66,3.300000,0.090397,0.090488,0.069872,-0.085622,-0.080263,-0.057226,0.991687,-0.004000,0.000855,0.128610,0.043234,0.001836,-0.125754,0.265779,0.140397,0.144978,-0.298277
9,153.603533,67,3.350000,0.086116,0.086475,0.067010,-0.085294,-0.076250,-0.055559,0.992090,-0.002937,0.001027,0.125491,0.050262,0.008878,-0.134232,0.265750,-0.048227,0.132462,-0.258002
9,153.603533,68,3.400000,0.081852,0.082662,0.064233,-0.084654,-0.073256,-0.053939,0.992508,-0.001722,0.001395,0.122159,0.047896,0.015245,-0.141566,0.265719,-0.256458,0.053455,-0.216970
9,153.603533,69,3.450000,0.077619,0.078999,0.061536,-0.083499,-0.071406,-0.052372,0.992935,-0.000585,0.001913,0.118643,0.035155,0.017661,-0.147733,0.265683,-0.426882,-0.189994,-0.178881
9,153.603533,70,3.500000,0.073444,0.075429,0.058917,-0.081698,-0.070612,-0.050870,0.993366,0.000229,0.002454,0.114973,0.013910,0.007964,-0.152818,0.265643,-0.477479,-0.108512,-0.134338
9,153.603533,71,3.550000,0.069359,0.071898,0.056374,-0.079274,-0.070558,-0.049444,0.993797,0.000542,0.002692,0.111176,-0.009918,0.002458,-0.156636,0.265598,-0.419456,0.074357,-0.096523
9,153.603533,72,3.600000,0.065395,0.068371,0.053901,-0.076583,-0.070793,-0.048103,0.994225,0.000278,0.002728,0.107284,-0.030876,0.006234,-0.159380,0.265566,-0.240859,0.246285,-0.069004
9,153.603533,73,3.650000,0.061566,0.064831,0.051496,-0.073886,-0.070777,-0.046823,0.994644,-0.000517,0.002801,0.103324,-0.042881,0.018735,-0.161341,0.265546,-0.009570,0.253513,-0.055638
9,153.603533,74,3.700000,0.057872,0.061292,0.049155,-0.071198,-0.069987,-0.045579,0.995050,-0.001643,0.003154,0.099314,-0.043245,0.031674,-0.162923,0.265527,0.079123,-0.141469,-0.062972
9,153.603533,75,3.750000,0.054312,0.057793,0.046876,-0.068272,-0.068071,-0.044375,0.995441,-0.002810,0.003828,0.095263,-0.039093,0.024868,-0.164713,0.265486,0.324221,-0.214756,-0.016339
9,153.603533,76,3.800000,0.050899,0.054389,0.044657,-0.064789,-0.064962,-0.043255,0.995819,-0.003858,0.004342,0.091165,-0.022726,0.014374,-0.165177,0.265445,0.560393,-0.351223,0.012205
9,153.603533,77,3.850000,0.047659,0.051141,0.042495,-0.060883,-0.060796,-0.042223,0.996183,-0.004474,0.004632,0.087053,0.005383,-0.003045,-0.164830,0.265404,0.648980,-0.409766,0.023111
9,153.603533,78,3.900000,0.044615,0.048101,0.040383,-0.056730,-0.056018,-0.041275,0.996534,-0.004353,0.004550,0.082947,0.037813,-0.023567,-0.164173,0.265377,0.454547,-0.318080,0.017443
9,153.603533,79,3.950000,0.041778,0.045300,0.038320,-0.052629,-0.051384,-0.040375,0.996872,-0.003380,0.004023,0.078854,0.060394,-0.039706,-0.163677,0.265369,-0.033153,-0.096029,-0.004584
9,153.603533,80,4.000000,0.039147,0.042731,0.036301,-0.048950,-0.047760,-0.039478,0.997194,-0.001814,0.003139,0.074772,0.058490,-0.044883,-0.163808,0.265359,-0.072998,-0.048365,-0.021191
9,153.603533,81,4.050000,0.036699,0.040343,0.034327,-0.046007,-0.045752,-0.038586,0.997496,-0.000284,0.002122,0.070685,0.054561,-0.047665,-0.164410,0.265335,-0.181761,0.091021,-0.047978
9,153.603533,82,4.100000,0.034399,0.038056,0.032398,-0.043947,-0.045326,-0.037729,0.997780,0.001152,0.001028,0.066582,0.045175,-0.043454,-0.165774,0.265303,-0.301849,0.237846,-0.082553
9,153.603533,83,4.150000,0.032202,0.035789,0.030511,-0.042864,-0.046388,-0.036930,0.998046,0.002347,0.000024,0.062443,0.029809,-0.031846,-0.168120,0.265261,-0.409122,0.306674,-0.122594
9,153.603533,84,4.200000,0.030059,0.033470,0.028665,-0.042696,-0.048687,-0.036211,0.998297,0.003140,-0.000714,0.058246,0.009150,-0.016702,-0.171605,0.265221,-0.458900,0.172794,-0.166307
9,153.603533,85,4.250000,0.027924,0.031036,0.026854,-0.043217,-0.051807,-0.035572,0.998537,0.003396,-0.001104,0.053962,-0.013904,-0.008122,-0.176332,0.265195,-0.503738,0.247177,-0.151628
9,153.603533,86,4.300000,0.025763,0.028445,0.025076,-0.044119,-0.055196,-0.034983,0.998766,0.003064,-0.001311,0.049558,-0.039145,0.004330,-0.180642,0.265181,-0.534745,0.332418,-0.128317
9,153.603533,87,4.350000,0.023557,0.025685,0.023326,-0.045256,-0.058266,-0.034417,0.998982,0.002088,-0.001237,0.045046,-0.065852,0.021219,-0.184290,0.265181,-0.477630,0.386883,-0.092425
9,153.603533,88,4.400000,0.021294,0.022772,0.021606,-0.046377,-0.060369,-0.033846,0.999181,0.000425,-0.000772,0.040442,-0.089586,0.041024,-0.186917,0.265188,-0.248804,0.371298,-0.040733
9,153.603533,89,4.450000,0.018975,0.019754,0.019913,-0.047118,-0.060817,-0.033259,0.999358,-0.001851,0.000164,0.035771,-0.101735,0.060224,-0.188075,0.265180,0.302555,0.234344,0.029722
9,153.603533,90,4.500000,0.016619,0.016713,0.018250,-0.047022,-0.058994,-0.032688,0.999506,-0.004447,0.001569,0.031070,-0.086177,0.072667,-0.187230,0.265126,0.510647,-0.088246,0.137310
9,153.603533,91,4.550000,0.014268,0.013763,0.016616,-0.045617,-0.054581,-0.032237,0.999624,-0.006664,0.003297,0.026386,-0.060128,0.068867,-0.183327,0.265055,0.642153,-0.437783,0.256084
9,153.603533,92,4.600000,0.011987,0.011034,0.015004,-0.042554,-0.047956,-0.031949,0.999716,-0.008227,0.004948,0.021798,-0.027542,0.047397,-0.176048,0.264990,0.677574,-0.665002,0.385593
9,153.603533,93,4.650000,0.009860,0.008636,0.013407,-0.037875,-0.039778,-0.031817,0.999790,-0.008963,0.006081,0.017392,0.006654,0.014330,-0.165087,0.264965,0.639303,-0.623989,0.525805
9,153.603533,94,4.700000,0.007966,0.006647,0.011816,-0.032061,-0.030880,-0.031755,0.999853,-0.008828,0.006405,0.013261,0.038709,-0.016911,-0.150141,0.264992,0.562990,0.022953,0.678553
9,153.603533,95,4.750000,0.006363,0.005103,0.010228,-0.025891,-0.022134,-0.031646,0.999906,-0.007879,0.005962,0.009505,0.066762,-0.015984,-0.130854,0.265020,0.288266,-0.020766,0.761295
9,153.603533,96,4.800000,0.005068,0.003997,0.008646,-0.020112,-0.014345,-0.031464,0.999946,-0.006226,0.005553,0.006227,0.081096,-0.017353,-0.109214,0.265067,-0.091931,-0.057346,0.846139
9,153.603533,97,4.850000,0.004063,0.003279,0.007073,-0.014699,-0.008200,-0.031167,0.999972,-0.004211,0.005115,0.003489,0.076427,-0.020557,-0.085163,0.265078,-0.455630,-0.069526,0.931662
9,153.603533,98,4.900000,0.003328,0.002869,0.005514,-0.009692,-0.004048,-0.030826,0.999986,-0.002309,0.004598,0.001352,0.053579,-0.024280,-0.058681,0.265033,-0.640400,0.050690,1.019191
9,153.603533,99,4.950000,0.002843,0.002667,0.003973,-0.005182,-0.001775,-0.030550,0.999992,-0.000976,0.003990,-0.000120,0.021505,-0.021865,-0.029711,0.281381,-0.433537,0.428958,1.113194
9,153.603533,100,5.000000,0.002584,0.002578,0.002445,-0.001024,-0.000759,0.000008,0.999994,-0.000441,0.003442,-0.000864,-0.000196,-0.000441,0.001931,0,0,0,0
10,161.330889,0,0.000000,1.025057,1.044642,0.708214,-0.003901,-0.002626,-0.089722,0.999911,0.001300,-0.001225,-0.013219,0.000000,0.000000,0.000000,0.080000,11.115983,-10.335970,0.139977
10,161.330889,1,0.050000,1.024862,1.044510,0.703728,-0.004268,-0.003007,-0.432074,0.999911,0.001300,-0.001225,-0.013219,0.555799,-0.516799,0.003979,0.143312,4.530098,-4.335018,0.061403
10,161.330889,2,0.100000,1.024649,1.044360,0.682124,-0.004928,-0.003688,-0.657184,0.999699,0.015020,-0.014325,-0.013117,0.782382,-0.733465,0.005724,0.282867,-0.084582,0.019137,0.022699
10,161.330889,3,0.150000,1.024402,1.044176,0.649265,-0.020137,-0.019223,-0.624307,0.998785,0.034319,-0.032903,-0.012964,0.778312,-0.732339,0.006369,0.328222,-2.925869,2.753527,0.007468
10,161.330889,4,0.200000,1.023395,1.043214,0.618049,-0.060627,-0.060373,-0.509736,0.997161,0.053492,-0.051428,-0.012789,0.632196,-0.594474,0.006582,0.332074,-4.365437,4.103591,0.002820
10,161.330889,5,0.250000,1.020364,1.040196,0.592563,-0.124541,-0.125167,-0.392056,0.995319,0.069037,-0.066443,-0.012604,0.414073,-0.389137,0.006662,0.315232,-4.798226,4.518742,0.003881
10,161.330889,6,0.300000,1.014137,1.033937,0.572960,-0.202768,-0.204415,-0.309511,0.993860,0.079199,-0.076261,-0.012421,0.174260,-0.163095,0.006772,0.292821,-4.562151,4.308598,0.007036
10,161.330889,7,0.350000,1.003999,1.023717,0.557484,-0.286034,-0.288753,-0.270861,0.993188,0.083463,-0.080379,-0.012243,-0.053806,0.052380,0.006972,0.273577,-3.916996,3.710702,0.010806
10,161.330889,8,0.400000,0.989697,1.009279,0.543941,-0.367958,-0.371748,-0.268342,0.993406,0.082129,-0.079076,-0.012069,-0.249670,0.237901,0.007279,0.261340,-3.055335,2.903786,0.014922
10,161.330889,9,0.450000,0.971299,0.990692,0.530524,-0.444953,-0.449796,-0.287460,0.994354,0.075983,-0.073105,-0.011893,-0.402502,0.383021,0.007703,0.256445,-2.116927,2.019519,0.019629
10,161.330889,10,0.500000,0.949051,0.968202,0.516151,-0.514854,-0.520731,-0.313622,0.995725,0.066071,-0.063472,-0.011708,-0.508460,0.483879,0.008261,0.257196,-1.193831,1.144705,0.025279
10,161.330889,11,0.550000,0.923309,0.942165,0.500470,-0.575795,-0.582691,-0.335829,0.997182,0.053534,-0.051284,-0.011508,-0.568304,0.540955,0.008980,0.261196,-0.353877,0.344995,0.032044
10,161.330889,12,0.600000,0.894519,0.913031,0.483679,-0.625862,-0.633763,-0.347950,0.998446,0.039503,-0.037639,-0.011287,-0.586182,0.558011,0.009891,0.266236,0.359610,-0.337024,0.039881
10,161.330889,13,0.650000,0.863226,0.881343,0.466281,-0.663359,-0.672236,-0.348356,0.999349,0.025014,-0.023550,-0.011038,-0.568411,0.540940,0.011024,0.270741,0.922962,-0.877454,0.048572
10,161.330889,14,0.700000,0.830058,0.847731,0.448863,-0.687236,-0.697042,-0.338667,0.999833,0.010954,-0.009884,-0.010757,-0.522489,0.496829,0.012405,0.273863,1.328112,-1.267330,0.057802
10,161.330889,15,0.750000,0.795696,0.812879,0.431930,-0.697379,-0.708042,-0.322233,0.999940,-0.001975,0.002671,-0.010438,-0.456317,0.433217,0.014048,0.275377,1.586592,-1.517703,0.067260
10,161.330889,16,0.800000,0.760827,0.777477,0.415818,-0.694633,-0.706056,-0.302787,0.999768,-0.013267,0.013619,-0.010077,-0.377219,0.357088,0.015960,0.275488,1.711413,-1.640156,0.076679
10,161.330889,17,0.850000,0.726095,0.742174,0.400679,-0.680604,-0.692663,-0.283493,0.999441,-0.022598,0.022643,-0.009667,-0.291864,0.274852,0.018139,0.274617,1.720907,-1.651551,0.085893
10,161.330889,18,0.900000,0.692065,0.707541,0.386504,-0.657365,-0.669914,-0.266485,0.999075,-0.029812,0.029590,-0.009203,-0.206008,0.192074,0.020581,0.273241,1.635969,-1.571418,0.094863
10,161.330889,19,0.950000,0.659197,0.674045,0.373180,-0.627170,-0.640047,-0.252769,0.998759,-0.034897,0.034449,-0.008680,-0.124360,0.113342,0.023277,0.271779,1.477873,-1.419858,0.103668
10,161.330889,20,1.000000,0.627838,0.642043,0.360542,-0.592232,-0.605265,-0.242395,0.998549,-0.037958,0.037326,-0.008090,-0.050566,0.042239,0.026224,0.270527,1.274271,-1.224262,0.112464
10,161.330889,21,1.050000,0.598227,0.611779,0.348422,-0.554580,-0.567591,-0.234759,0.998466,-0.039187,0.038415,-0.007429,0.013105,-0.019024,0.029421,0.269633,1.043760,-1.002634,0.121447
10,161.330889,22,1.100000,0.570498,0.583400,0.336684,-0.515985,-0.528802,-0.228946,0.998502,-0.038835,0.037967,-0.006688,0.065314,-0.069141,0.032873,0.269120,0.802260,-0.770482,0.130816
10,161.330889,23,1.150000,0.544699,0.556960,0.325237,-0.477939,-0.490405,-0.224015,0.998633,-0.037185,0.036262,-0.005862,0.105514,-0.107584,0.036591,0.268925,0.562847,-0.540560,0.140732
10,161.330889,24,1.200000,0.520802,0.532440,0.314036,-0.441654,-0.453630,-0.219193,0.998827,-0.034533,0.033594,-0.004945,0.133805,-0.134465,0.040592,0.268939,0.335840,-0.322885,0.151289
10,161.330889,25,1.250000,0.498719,0.509758,0.303076,-0.408061,-0.419439,-0.213969,0.999048,-0.031174,0.030255,-0.003927,0.150805,-0.150404,0.044892,0.269050,0.129076,-0.124940,0.162500
10,161.330889,26,1.300000,0.478316,0.488786,0.292378,-0.377820,-0.388523,-0.208109,0.999269,-0.027388,0.026518,-0.002803,0.157515,-0.156394,0.049511,0.269161,-0.051714,0.047978,0.174285
10,161.330889,27,1.350000,0.459425,0.469360,0.281972,-0.351327,-0.361314,-0.201611,0.999468,-0.023431,0.022633,-0.001563,0.155223,-0.153699,0.054465,0.269206,-0.202481,0.192309,0.186473
10,161.330889,28,1.400000,0.441859,0.451294,0.271892,-0.328735,-0.338000,-0.194639,0.999632,-0.019527,0.018819,-0.000200,0.145416,-0.143762,0.059765,0.269155,-0.320450,0.305756,0.198815
10,161.330889,29,1.450000,0.425422,0.434394,0.262160,-0.309979,-0.318545,-0.187436,0.999757,-0.015865,0.015254,0.001295,0.129720,-0.128145,0.065417,0.269008,-0.403806,0.386844,0.210994
10,161.330889,30,1.500000,0.409923,0.418467,0.252788,-0.294805,-0.302722,-0.180256,0.999843,-0.012594,0.012081,0.002932,0.109848,-0.108481,0.071414,0.268786,-0.451569,0.434660,0.222652
10,161.330889,31,1.550000,0.395183,0.403331,0.243775,-0.282816,-0.290152,-0.173307,0.999896,-0.009818,0.009400,0.004718,0.087563,-0.086450,0.077743,0.268523,-0.463746,0.448877,0.233405
10,161.330889,32,1.600000,0.381042,0.388823,0.235110,-0.273515,-0.280344,-0.166727,0.999923,-0.007601,0.007268,0.006662,0.064631,-0.063748,0.084377,0.268253,-0.441880,0.430247,0.242856
10,161.330889,33,1.650000,0.367366,0.374806,0.226773,-0.266344,-0.272745,-0.160571,0.999928,-0.005959,0.005702,0.008771,0.042741,-0.042028,0.091280,0.268008,-0.390461,0.382107,0.250601
10,161.330889,34,1.700000,0.354049,0.361169,0.218745,-0.260737,-0.266780,-0.154827,0.999916,-0.004869,0.004674,0.011053,0.023364,-0.022775,0.098404,0.267806,-0.320043,0.313748,0.256206
10,161.330889,35,1.750000,0.341012,0.347830,0.211004,-0.256155,-0.261900,-0.149435,0.999891,-0.004267,0.004123,0.013513,0.007447,-0.007000,0.105686,0.267652,-0.248708,0.242383,0.259181
10,161.330889,36,1.800000,0.328204,0.334735,0.203532,-0.252125,-0.257616,-0.144318,0.999853,-0.004067,0.003962,0.016155,-0.004960,0.005149,0.113053,0.267537,-0.196159,0.188045,0.258930
10,161.330889,37,1.850000,0.315598,0.321854,0.196316,-0.248265,-0.253523,-0.139411,0.999803,-0.004182,0.004100,0.018981,-0.014791,0.014530,0.120413,0.267447,-0.185754,0.175825,0.254722
10,161.330889,38,1.900000,0.303185,0.309178,0.189345,-0.244283,-0.249304,-0.134672,0.999738,-0.004546,0.004469,0.021990,-0.024145,0.023253,0.127654,0.267368,-0.158007,0.150832,0.245747
10,161.330889,39,1.950000,0.290971,0.296713,0.182612,-0.239958,-0.244705,-0.130087,0.999657,-0.005148,0.005051,0.025181,-0.032158,0.030678,0.134639,0.267304,-0.055811,0.060186,0.231284
10,161.330889,40,2.000000,0.278973,0.284477,0.176107,-0.235088,-0.239484,-0.125632,0.999558,-0.005954,0.005815,0.028545,-0.035105,0.033523,0.141213,0.267254,0.031976,-0.007924,0.211054
10,161.330889,41,2.050000,0.267218,0.272503,0.169826,-0.229503,-0.233429,-0.121285,0.999440,-0.006835,0.006649,0.032074,-0.033686,0.032939,0.147212,0.267194,0.030101,0.018620,0.185339
10,161.330889,42,2.100000,0.255743,0.260832,0.163762,-0.223144,-0.226458,-0.117071,0.999303,-0.007679,0.007470,0.035752,-0.032365,0.033681,0.152480,0.267117,0.140783,-0.063529,0.154776
10,161.330889,43,2.150000,0.244586,0.249509,0.157908,-0.216031,-0.218602,-0.113024,0.999147,-0.008489,0.008311,0.039561,-0.025521,0.030318,0.156880,0.267042,0.288686,-0.189575,0.120280
10,161.330889,44,2.200000,0.233785,0.238579,0.152257,-0.208150,-0.209888,-0.109141,0.998972,-0.009123,0.009077,0.043478,-0.011267,0.020687,0.160299,0.266954,0.357619,-0.258177,0.083043
10,161.330889,45,2.250000,0.223377,0.228084,0.146800,-0.199577,-0.200487,-0.105446,0.998782,-0.009391,0.009617,0.047479,0.006488,0.007710,0.162659,0.266854,0.257016,-0.187971,0.044063
10,161.330889,46,2.300000,0.213398,0.218060,0.141527,-0.190524,-0.190766,-0.101950,0.998580,-0.009199,0.009856,0.051536,0.019292,-0.001649,0.163912,0.266762,0.105045,-0.092131,0.004395
10,161.330889,47,2.350000,0.203872,0.208522,0.136430,-0.181268,-0.181188,-0.098627,0.998365,-0.008675,0.009877,0.055623,0.024554,-0.006135,0.164037,0.266687,0.051488,-0.107416,-0.034831
10,161.330889,48,2.400000,0.194809,0.199462,0.131499,-0.172005,-0.172091,-0.095434,0.998135,-0.008013,0.009794,0.059712,0.027167,-0.011353,0.163047,0.266617,-0.011963,-0.121267,-0.073161
10,161.330889,49,2.450000,0.186208,0.190858,0.126727,-0.162825,-0.163616,-0.092357,0.997892,-0.007278,0.009583,0.063776,0.026639,-0.017249,0.160967,0.266551,-0.143450,-0.056978,-0.110471
10,161.330889,50,2.500000,0.178067,0.182677,0.122109,-0.153842,-0.155843,-0.089386,0.997636,-0.006547,0.009225,0.067788,0.019572,-0.019935,0.157827,0.266496,-0.124143,-0.090663,-0.146695
10,161.330889,51,2.550000,0.170375,0.174885,0.117640,-0.145196,-0.148779,-0.086502,0.997368,-0.005989,0.008787,0.071722,0.013484,-0.024351,0.153657,0.266435,-0.136526,-0.070684,-0.180849
10,161.330889,52,2.600000,0.163115,0.167446,0.113315,-0.136972,-0.142263,-0.083715,0.997092,-0.005575,0.008226,0.075554,0.006800,-0.027806,0.148517,0.266380,-0.127184,-0.068997,-0.212230
10,161.330889,53,2.650000,0.156267,0.160333,0.109129,-0.129295,-0.136166,-0.081016,0.996811,-0.005322,0.007567,0.079258,0.000597,-0.031218,0.142484,0.266326,-0.083890,-0.044172,-0.241567
10,161.330889,54,2.700000,0.149802,0.153524,0.105078,-0.122271,-0.130341,-0.078405,0.996528,-0.005219,0.006809,0.082812,-0.003429,-0.033423,0.135618,0.266274,-0.119843,0.097408,-0.268809
10,161.330889,55,2.750000,0.143688,0.147007,0.101158,-0.116006,-0.124656,-0.075878,0.996247,-0.005212,0.005987,0.086195,-0.009249,-0.028570,0.127977,0.266227,0.006442,0.053643,-0.293074
10,161.330889,56,2.800000,0.137888,0.140775,0.097364,-0.110568,-0.119027,-0.073428,0.995969,-0.005361,0.005272,0.089387,-0.008788,-0.025933,0.119646,0.266169,0.132448,-0.004371,-0.313431
10,161.330889,57,2.850000,0.132360,0.134823,0.093693,-0.105864,-0.113299,-0.071078,0.995699,-0.005507,0.004623,0.092370,-0.002048,-0.026192,0.110737,0.266115,0.276455,-0.077310,-0.331194
10,161.330889,58,2.900000,0.127066,0.129158,0.090139,-0.101829,-0.107474,-0.068824,0.995442,-0.005484,0.003981,0.095130,0.011885,-0.030066,0.101323,0.266066,0.370341,-0.096986,-0.347946
10,161.330889,59,2.950000,0.121975,0.123785,0.086697,-0.098438,-0.101721,-0.066654,0.995202,-0.005107,0.003275,0.097655,0.030518,-0.034869,0.091433,0.266026,0.187904,0.133161,-0.364075
10,161.330889,60,3.000000,0.117053,0.118698,0.083365,-0.095718,-0.096398,-0.064550,0.994982,-0.004255,0.002494,0.099931,0.040034,-0.028105,0.081084,0.265984,0.169354,0.150887,-0.383300
10,161.330889,61,3.050000,0.112267,0.113879,0.080137,-0.093692,-0.091982,-0.062512,0.994783,-0.003184,0.001903,0.101948,0.048588,-0.020438,0.070189,0.265938,0.044922,0.195333,-0.397340
10,161.330889,62,3.100000,0.107583,0.109279,0.077012,-0.092147,-0.088672,-0.060547,0.994606,-0.001920,0.001524,0.103693,0.050889,-0.010542,0.058895,0.265889,-0.131231,0.200241,-0.405667
10,161.330889,63,3.150000,0.102975,0.104846,0.073984,-0.090850,-0.086635,-0.058665,0.994455,-0.000625,0.001397,0.105156,0.044351,-0.000416,0.047364,0.265838,-0.324967,0.133378,-0.409866
10,161.330889,64,3.200000,0.098433,0.100514,0.071051,-0.089547,-0.085879,-0.056876,0.994329,0.000480,0.001504,0.106331,0.028103,0.006333,0.035713,0.265787,-0.482257,-0.103674,-0.412928
10,161.330889,65,3.250000,0.093955,0.096220,0.068207,-0.088025,-0.086191,-0.055180,0.994233,0.001163,0.001736,0.107218,0.003982,0.001187,0.023976,0.265748,-0.523669,-0.022338,-0.405403
10,161.330889,66,3.300000,0.089554,0.091911,0.065448,-0.086203,-0.087147,-0.053559,0.994169,0.001260,0.001775,0.107814,-0.022203,0.000074,0.012453,0.265709,-0.463334,0.158552,-0.400692
10,161.330889,67,3.350000,0.085244,0.087553,0.062770,-0.084333,-0.088191,-0.052010,0.994136,0.000709,0.001717,0.108124,-0.045369,0.007991,0.001063,0.265683,-0.285349,0.329073,-0.401920
10,161.330889,68,3.400000,0.081027,0.083144,0.060170,-0.082578,-0.088702,-0.050508,0.994133,-0.000440,0.001793,0.108153,-0.059637,0.024443,-0.010361,0.265669,-0.050345,0.335139,-0.412077
10,161.330889,69,3.450000,0.076898,0.078709,0.057644,-0.080871,-0.088081,-0.049032,0.994158,-0.001989,0.002239,0.107898,-0.062145,0.041223,-0.022075,0.265655,0.053954,-0.065150,-0.436865
10,161.330889,70,3.500000,0.072855,0.074305,0.055193,-0.078893,-0.085897,-0.047586,0.994210,-0.003646,0.003095,0.107350,-0.059413,0.038018,-0.034492,0.265626,0.328988,-0.155533,-0.401884
10,161.330889,71,3.550000,0.068910,0.070010,0.052814,-0.076251,-0.082004,-0.046209,0.994292,-0.005227,0.003877,0.106494,-0.042913,0.030319,-0.045916,0.265574,0.602611,-0.317429,-0.380001
10,161.330889,72,3.600000,0.065098,0.065909,0.050503,-0.073007,-0.076486,-0.044947,0.994404,-0.006379,0.004510,0.105353,-0.012730,0.014522,-0.056717,0.265513,0.734597,-0.410823,-0.371277
10,161.330889,73,3.650000,0.061447,0.062085,0.048256,-0.069257,-0.069780,-0.043815,0.994549,-0.006740,0.004829,0.103942,0.024031,-0.005992,-0.067270,0.265467,0.584155,-0.362756,-0.375479
10,161.330889,74,3.700000,0.057984,0.058596,0.046065,-0.065224,-0.062695,-0.042778,0.994727,-0.006136,0.004731,0.102267,0.053224,-0.024191,-0.077943,0.265452,0.132628,-0.188173,-0.393271
10,161.330889,75,3.750000,0.054723,0.055461,0.043926,-0.061214,-0.056219,-0.041760,0.994934,-0.004759,0.004253,0.100326,0.059783,-0.033757,-0.089122,0.265454,0.112287,-0.182079,-0.403919
10,161.330889,76,3.800000,0.051663,0.052650,0.041838,-0.057523,-0.051144,-0.040718,0.995164,-0.003197,0.003553,0.098106,0.065284,-0.043063,-0.100603,0.265443,0.007837,-0.070033,-0.423825
10,161.330889,77,3.850000,0.048786,0.050093,0.039802,-0.054355,-0.047674,-0.039680,0.995415,-0.001476,0.002634,0.095600,0.065511,-0.046814,-0.112650,0.265426,-0.119964,0.063403,-0.452089
10,161.330889,78,3.900000,0.046069,0.047710,0.037818,-0.051917,-0.045982,-0.038660,0.995684,0.000259,0.001621,0.092794,0.059313,-0.043924,-0.125501,0.265394,-0.248173,0.136537,-0.487458
10,161.330889,79,3.950000,0.043473,0.045410,0.035885,-0.050306,-0.046087,-0.037693,0.995970,0.001832,0.000666,0.089667,0.046695,-0.037380,-0.139357,0.265348,-0.334575,0.027860,-0.528961
10,161.330889,80,4.000000,0.040957,0.043106,0.034001,-0.049493,-0.047821,-0.036811,0.996274,0.003076,-0.000153,0.086194,0.029768,-0.036234,-0.154392,0.265303,-0.434366,0.148385,-0.515305
10,161.330889,81,4.050000,0.038483,0.040715,0.032160,-0.049383,-0.050845,-0.036018,0.996596,0.003896,-0.000980,0.082345,0.007838,-0.028989,-0.169039,0.265258,-0.543927,0.300661,-0.496466
10,161.330889,82,4.100000,0.036014,0.038173,0.030359,-0.050027,-0.054739,-0.035316,0.996933,0.004155,-0.001669,0.078130,-0.019545,-0.014006,-0.183151,0.265224,-0.590295,0.439625,-0.468099
10,161.330889,83,4.150000,0.033512,0.035436,0.028593,-0.051343,-0.058936,-0.034680,0.997282,0.003703,-0.002038,0.073562,-0.049157,0.008111,-0.196457,0.265214,-0.485373,0.518334,-0.426270
10,161.330889,84,4.200000,0.030945,0.032489,0.026859,-0.053071,-0.062711,-0.034060,0.997635,0.002472,-0.001908,0.068661,-0.073365,0.034394,-0.208574,0.265229,-0.062075,0.472720,-0.367101
10,161.330889,85,4.250000,0.028292,0.029353,0.025156,-0.054774,-0.065262,-0.033405,0.997984,0.000593,-0.001163,0.063457,-0.076196,0.058611,-0.219008,0.265247,0.050874,0.213951,-0.271134
10,161.330889,86,4.300000,0.025553,0.026090,0.023486,-0.055877,-0.065917,-0.032708,0.998316,-0.001394,0.000182,0.057991,-0.073165,0.069942,-0.226715,0.265240,0.153270,-0.121845,-0.163235
10,161.330889,87,4.350000,0.022759,0.022794,0.021851,-0.055778,-0.064539,-0.032025,0.998623,-0.003323,0.001813,0.052329,-0.064900,0.064479,-0.231355,0.265201,0.255335,-0.394924,-0.042432
10,161.330889,88,4.400000,0.019970,0.019568,0.020249,-0.054170,-0.061187,-0.031426,0.998898,-0.005038,0.003319,0.046550,-0.051567,0.045303,-0.232561,0.265137,0.377751,-0.455435,0.092971
10,161.330889,89,4.450000,0.017262,0.016508,0.018678,-0.051145,-0.056094,-0.030967,0.999140,-0.006397,0.004361,0.040740,-0.032280,0.022986,-0.229919,0.265072,0.516543,0.061407,0.246705
10,161.330889,90,4.500000,0.014704,0.013704,0.017130,-0.047123,-0.049644,-0.030653,0.999349,-0.007252,0.004865,0.034996,-0.006252,0.026338,-0.222906,0.265038,0.470399,-0.112437,0.338521
10,161.330889,91,4.550000,0.012348,0.011221,0.015597,-0.042600,-0.042363,-0.030416,0.999524,-0.007458,0.005477,0.029423,0.017491,0.020769,-0.213284,0.265011,0.299682,-0.266104,0.442292
10,161.330889,92,4.600000,0.010218,0.009103,0.014076,-0.037441,-0.034888,-0.030239,0.999667,-0.007066,0.005969,0.024087,0.032643,0.007322,-0.200712,0.265010,0.080840,-0.373249,0.557179
10,161.330889,93,4.650000,0.008346,0.007359,0.012564,-0.031751,-0.027814,-0.030063,0.999780,-0.006284,0.006137,0.019064,0.036741,-0.011589,-0.184874,0.265027,-0.065183,-0.315937,0.683907
10,161.330889,94,4.700000,0.006759,0.005968,0.011061,-0.025847,-0.021532,-0.029849,0.999864,-0.005388,0.005835,0.014439,0.033400,-0.027643,-0.165434,0.265042,0.072919,0.032769,0.825620
10,161.330889,95,4.750000,0.005466,0.004892,0.009569,-0.020196,-0.016161,-0.029592,0.999923,-0.004568,0.005134,0.010303,0.036873,-0.026214,-0.141966,0.265042,-0.051228,0.029015,0.880347
10,161.330889,96,4.800000,0.004456,0.004083,0.008089,-0.015203,-0.011625,-0.029320,0.999961,-0.003657,0.004472,0.006752,0.034170,-0.024962,-0.116943,0.265029,-0.186056,0.038332,0.940713
10,161.330889,97,4.850000,0.003696,0.003502,0.006623,-0.010837,-0.008006,-0.029059,0.999981,-0.002812,0.003843,0.003827,0.024756,-0.023197,-0.090203,0.264991,-0.259489,0.059503,1.005287
10,161.330889,98,4.900000,0.003154,0.003102,0.005170,-0.007076,-0.005231,-0.028857,0.999991,-0.002200,0.003259,0.001571,0.011702,-0.020307,-0.061628,0.264942,-0.213799,0.119819,1.073954
10,161.330889,99,4.950000,0.002801,0.002840,0.003727,-0.003882,-0.003068,-0.028738,0.999994,-0.001911,0.002748,0.000031,0.000965,-0.014344,-0.031102,0.280399,-0.019597,0.284213,1.148180
10,161.330889,100,5.000000,0.002607,0.002687,0.002290,-0.001028,-0.001083,0.000008,0.999995,-0.001889,0.002388,-0.000746,-0.000032,-0.000134,0.001535,0,0,0,0
11,153.761295,0,0.000000,1.027658,1.047002,0.659632,-0.003304,-0.003178,-0.091553,0.999896,0.001086,-0.001549,-0.014322,0.000000,0.000000,0.000000,0.080000,11.177199,-10.132135,-0.991599
11,153.761295,1,0.050000,1.027493,1.046843,0.655054,-0.003767,-0.003493,-0.433906,0.999896,0.001086,-0.001549,-0.014322,0.558860,-0.506607,-0.028186,0.161564,4.491055,-4.007901,-0.902405
11,153.761295,2,0.100000,1.027304,1.046668,0.633359,-0.004703,-0.004129,-0.625216,0.999673,0.014873,-0.014410,-0.015016,0.782871,-0.707600,-0.053836,0.282826,-0.040273,0.160320,-0.818259
11,153.761295,3,0.150000,1.027069,1.046462,0.602098,-0.020027,-0.019477,-0.592413,0.998758,0.034180,-0.032357,-0.016336,0.779411,-0.701183,-0.077095,0.327280,-2.825203,2.679667,-0.741946
11,153.761295,4,0.200000,1.026068,1.045488,0.572477,-0.059876,-0.060216,-0.479524,0.997149,0.053399,-0.050100,-0.018224,0.636100,-0.569480,-0.098185,0.330906,-4.275232,3.935669,-0.672559
11,153.761295,5,0.250000,1.023074,1.042477,0.548501,-0.122294,-0.124356,-0.363805,0.995312,0.069104,-0.064440,-0.020630,0.420216,-0.375067,-0.117302,0.314635,-4.759161,4.284859,-0.608533
11,153.761295,6,0.300000,1.016959,1.036259,0.530311,-0.198696,-0.202956,-0.282051,0.993819,0.079547,-0.073779,-0.023518,0.180588,-0.162695,-0.134599,0.292746,-4.592103,4.031732,-0.548613
11,153.761295,7,0.350000,1.007025,1.026112,0.516208,-0.280225,-0.286790,-0.243193,0.993057,0.084184,-0.077658,-0.026852,-0.049848,0.037969,-0.150193,0.273753,-4.018256,3.413612,-0.491930
11,153.761295,8,0.400000,0.993013,1.011772,0.504049,-0.360707,-0.369438,-0.240042,0.993126,0.083263,-0.076365,-0.030597,-0.250544,0.208934,-0.164176,0.261468,-3.219094,2.608084,-0.437912
11,153.761295,9,0.450000,0.974978,0.993300,0.492046,-0.436618,-0.447254,-0.258702,0.993879,0.077513,-0.070641,-0.034715,-0.410197,0.340899,-0.176624,0.256311,-2.326670,1.744678,-0.386147
11,153.761295,10,0.500000,0.953147,0.970937,0.479111,-0.505822,-0.518058,-0.284994,0.995025,0.067922,-0.061467,-0.039164,-0.524246,0.430883,-0.187600,0.256721,-1.428076,0.907031,-0.336269
11,153.761295,11,0.550000,0.927856,0.945035,0.464862,-0.566504,-0.580029,-0.308064,0.996239,0.055582,-0.049909,-0.043897,-0.592582,0.479967,-0.197158,0.260426,-0.589172,0.157193,-0.287976
11,153.761295,12,0.600000,0.899531,0.916033,0.449458,-0.616815,-0.631326,-0.321676,0.997252,0.041588,-0.037023,-0.048871,-0.618449,0.492260,-0.205344,0.265292,0.146014,-0.466095,-0.241034
11,153.761295,13,0.650000,0.868690,0.884467,0.433375,-0.655089,-0.670299,-0.323941,0.997892,0.026955,-0.023776,-0.054040,-0.607312,0.473775,-0.212195,0.269765,0.750656,-0.942736,-0.195296
11,153.761295,14,0.700000,0.835936,0.850952,0.417178,-0.680250,-0.695890,-0.316167,0.998097,0.012568,-0.010991,-0.059363,-0.565964,0.431529,-0.217746,0.272977,1.211544,-1.267312,-0.150699
11,153.761295,15,0.750000,0.801923,0.816157,0.401369,-0.692096,-0.707913,-0.301436,0.997897,-0.000854,0.000685,-0.064805,-0.501820,0.372841,-0.222030,0.274655,1.533608,-1.453744,-0.107234
11,153.761295,16,0.800000,0.767318,0.780762,0.386297,-0.691345,-0.707092,-0.283317,0.997383,-0.012771,0.010793,-0.070334,-0.421998,0.304382,-0.225078,0.274954,1.722834,-1.516396,-0.064883
11,153.761295,17,0.850000,0.732751,0.745407,0.372132,-0.679468,-0.694894,-0.264928,0.996671,-0.022816,0.019051,-0.075922,-0.333256,0.232167,-0.226922,0.274252,1.790810,-1.474496,-0.023570
11,153.761295,18,0.900000,0.698778,0.710662,0.358885,-0.658422,-0.673264,-0.248450,0.995872,-0.030785,0.025337,-0.081544,-0.241717,0.161312,-0.227592,0.272999,1.752659,-1.349553,0.016880
11,153.761295,19,0.950000,0.665857,0.676999,0.346463,-0.630371,-0.644355,-0.235003,0.995077,-0.036617,0.029670,-0.087178,-0.152690,0.095923,-0.227113,0.271605,1.633803,-1.170687,0.056676
11,153.761295,20,1.000000,0.634338,0.644782,0.334712,-0.597460,-0.610303,-0.224764,0.994345,-0.040374,0.032180,-0.092800,-0.070173,0.038704,-0.225502,0.270369,1.452812,-0.959106,0.096131
11,153.761295,21,1.050000,0.604465,0.614266,0.323474,-0.561667,-0.573093,-0.217251,0.993702,-0.042209,0.033077,-0.098386,0.002799,-0.008650,-0.222769,0.269450,1.228138,-0.733753,0.135561
11,153.761295,22,1.100000,0.576382,0.585612,0.312612,-0.524721,-0.534483,-0.211640,0.993149,-0.042344,0.032619,-0.103912,0.064132,-0.045362,-0.218916,0.268890,0.977514,-0.510781,0.175218
11,153.761295,23,1.150000,0.550146,0.558888,0.302030,-0.488077,-0.495977,-0.207040,0.992669,-0.041048,0.031094,-0.109350,0.112631,-0.071434,-0.213935,0.268644,0.717558,-0.303413,0.215226
11,153.761295,24,1.200000,0.525742,0.534089,0.291678,-0.452900,-0.458818,-0.202690,0.992235,-0.038613,0.028793,-0.114671,0.147929,-0.087519,-0.207818,0.268617,0.463451,-0.122048,0.255540
11,153.761295,25,1.250000,0.503097,0.511148,0.281543,-0.420071,-0.423986,-0.198060,0.991823,-0.035344,0.025997,-0.119846,0.170411,-0.094788,-0.200554,0.268700,0.228598,0.025549,0.295922
11,153.761295,26,1.300000,0.482093,0.489948,0.271640,-0.390196,-0.392201,-0.192883,0.991410,-0.031532,0.022958,-0.124842,0.181120,-0.094808,-0.192142,0.268800,0.024156,0.134179,0.335956
11,153.761295,27,1.350000,0.462583,0.470338,0.261996,-0.363616,-0.363932,-0.187119,0.990983,-0.027448,0.019891,-0.129631,0.181636,-0.089419,-0.182593,0.268853,-0.141695,0.201477,0.375079
11,153.761295,28,1.400000,0.444403,0.452142,0.252640,-0.340445,-0.339415,-0.180887,0.990537,-0.023328,0.016962,-0.134180,0.173932,-0.080604,-0.171932,0.268826,-0.265252,0.229122,0.412629
11,153.761295,29,1.450000,0.427380,0.435171,0.243596,-0.320601,-0.318674,-0.174389,0.990075,-0.019364,0.014282,-0.138462,0.160143,-0.070283,-0.160203,0.268717,-0.350422,0.225889,0.447893
11,153.761295,30,1.500000,0.411350,0.419237,0.234876,-0.303859,-0.301561,-0.167841,0.989606,-0.015700,0.011910,-0.142448,0.142195,-0.059962,-0.147471,0.268544,-0.410243,0.209330,0.480142
11,153.761295,31,1.550000,0.396157,0.404159,0.226484,-0.289913,-0.287795,-0.161423,0.989141,-0.012440,0.009862,-0.146113,0.121347,-0.050292,-0.133824,0.268332,-0.461162,0.200399,0.508629
11,153.761295,32,1.600000,0.381662,0.389770,0.218413,-0.278412,-0.276999,-0.155263,0.988691,-0.009656,0.008133,-0.149435,0.098034,-0.040888,-0.119366,0.268103,-0.525370,0.225372,0.532562
11,153.761295,33,1.650000,0.367741,0.375920,0.210650,-0.268994,-0.268726,-0.149434,0.988269,-0.007409,0.006728,-0.152394,0.071580,-0.030063,-0.104228,0.267874,-0.544640,0.230629,0.551116
11,153.761295,34,1.700000,0.354291,0.362483,0.203178,-0.261277,-0.262479,-0.143971,0.987885,-0.005773,0.005693,-0.154975,0.044229,-0.018815,-0.088563,0.267659,-0.464932,0.163526,0.563555
11,153.761295,35,1.750000,0.341228,0.349359,0.195980,-0.254815,-0.257700,-0.138870,0.987548,-0.004766,0.005044,-0.157165,0.020919,-0.010787,-0.072544,0.267488,-0.377738,0.112112,0.569643
11,153.761295,36,1.800000,0.328487,0.336475,0.189036,-0.249138,-0.253822,-0.134069,0.987265,-0.004301,0.004687,-0.158957,0.002003,-0.005239,-0.056352,0.267360,-0.360205,0.150094,0.569856
11,153.761295,37,1.850000,0.316030,0.323783,0.182333,-0.243880,-0.250355,-0.129499,0.987041,-0.004279,0.004543,-0.160348,-0.016019,0.002261,-0.040154,0.267252,-0.214008,0.076296,0.565054
11,153.761295,38,1.900000,0.303836,0.311266,0.175858,-0.238762,-0.246895,-0.125127,0.986877,-0.004670,0.004659,-0.161337,-0.026716,0.006100,-0.024093,0.267188,-0.019183,-0.045540,0.556254
11,153.761295,39,1.950000,0.291898,0.298921,0.169601,-0.233466,-0.243079,-0.120877,0.986776,-0.005307,0.004915,-0.161929,-0.027669,0.003848,-0.008281,0.267146,0.106804,-0.113250,0.544951
11,153.761295,40,2.000000,0.280224,0.286767,0.163558,-0.227817,-0.238684,-0.116713,0.986738,-0.005975,0.005120,-0.162130,-0.022328,-0.001806,0.007209,0.267093,0.072338,-0.043560,0.532551
11,153.761295,41,2.050000,0.268834,0.274833,0.157722,-0.221861,-0.233673,-0.112658,0.986764,-0.006532,0.005167,-0.161949,-0.018711,-0.003990,0.022346,0.267010,-0.008699,0.051845,0.520331
11,153.761295,42,2.100000,0.257741,0.263149,0.152089,-0.215772,-0.228126,-0.108764,0.986852,-0.007007,0.005148,-0.161395,-0.019142,-0.001414,0.037137,0.266924,0.005871,0.034547,0.509120
11,153.761295,43,2.150000,0.246952,0.251743,0.146651,-0.209631,-0.222111,-0.105035,0.986998,-0.007480,0.005197,-0.160476,-0.018847,0.000286,0.051608,0.266856,0.002227,0.013650,0.498704
11,153.761295,44,2.200000,0.236470,0.240637,0.141399,-0.203375,-0.215638,-0.101440,0.987200,-0.007938,0.005290,-0.159200,-0.018736,0.000932,0.065784,0.266787,-0.079095,0.064938,0.488641
11,153.761295,45,2.250000,0.226302,0.229855,0.136327,-0.196966,-0.208728,-0.097980,0.987457,-0.008388,0.005400,-0.157574,-0.022693,0.004132,0.079673,0.266718,-0.020763,0.012401,0.478331
11,153.761295,46,2.300000,0.216453,0.219419,0.131428,-0.190393,-0.201386,-0.094656,0.987763,-0.008921,0.005608,-0.155604,-0.023744,0.004684,0.093269,0.266658,-0.006276,0.005786,0.467758
11,153.761295,47,2.350000,0.206934,0.209350,0.126695,-0.183551,-0.193546,-0.091455,0.988117,-0.009476,0.005837,-0.153298,-0.024074,0.004889,0.106565,0.266593,0.019820,-0.024658,0.457088
11,153.761295,48,2.400000,0.197756,0.199672,0.122122,-0.176422,-0.185184,-0.088386,0.988516,-0.010036,0.006075,-0.150663,-0.023103,0.003559,0.119558,0.266527,0.070742,-0.036052,0.444954
11,153.761295,49,2.450000,0.188935,0.190413,0.117703,-0.169001,-0.176294,-0.085454,0.988955,-0.010575,0.006280,-0.147705,-0.019582,0.001651,0.132206,0.266457,0.035838,0.067132,0.430967
11,153.761295,50,2.500000,0.180485,0.181598,0.113430,-0.161330,-0.166888,-0.082665,0.989432,-0.011033,0.006428,-0.144433,-0.017798,0.004909,0.144456,0.266394,0.157111,-0.013059,0.415893
11,153.761295,51,2.550000,0.172419,0.173254,0.109297,-0.153482,-0.157034,-0.080004,0.989942,-0.011432,0.006654,-0.140857,-0.009970,0.004159,0.156277,0.266319,0.271136,-0.104871,0.400269
11,153.761295,52,2.600000,0.164745,0.165402,0.105297,-0.145397,-0.146796,-0.077493,0.990481,-0.011638,0.006836,-0.136988,0.003563,-0.001144,0.167655,0.266245,0.401615,-0.206287,0.383176
11,153.761295,53,2.650000,0.157475,0.158062,0.101422,-0.137147,-0.136353,-0.075126,0.991047,-0.011525,0.006845,-0.132836,0.023651,-0.011435,0.178546,0.266178,0.485254,-0.246928,0.363523
11,153.761295,54,2.700000,0.150617,0.151245,0.097666,-0.128951,-0.125989,-0.072880,0.991639,-0.010946,0.006534,-0.128411,0.047991,-0.023622,0.188880,0.266133,0.299295,-0.027329,0.341555
11,153.761295,55,2.750000,0.144170,0.144945,0.094022,-0.121178,-0.116117,-0.070701,0.992250,-0.009801,0.005846,-0.123729,0.063125,-0.024644,0.198588,0.266129,0.280877,-0.005016,0.314172
11,153.761295,56,2.800000,0.138111,0.139140,0.090487,-0.114265,-0.107244,-0.068498,0.992870,-0.008283,0.005088,-0.118804,0.077355,-0.024419,0.207518,0.266109,0.151177,0.056206,0.289101
11,153.761295,57,2.850000,0.132398,0.133777,0.087062,-0.108316,-0.099735,-0.066296,0.993490,-0.006408,0.004295,-0.113656,0.085106,-0.021000,0.215736,0.266091,-0.037773,0.089229,0.267064
11,153.761295,58,2.900000,0.126982,0.128791,0.083747,-0.103393,-0.093941,-0.064095,0.994102,-0.004331,0.003566,-0.108302,0.083389,-0.015841,0.223327,0.266054,-0.255787,0.058417,0.246150
11,153.761295,59,2.950000,0.121812,0.124094,0.080542,-0.099437,-0.090079,-0.061932,0.994700,-0.002282,0.002971,-0.102756,0.070734,-0.012214,0.230324,0.265993,-0.450508,-0.140228,0.222659
11,153.761295,60,3.000000,0.116840,0.119590,0.077446,-0.096295,-0.088144,-0.059866,0.995278,-0.000537,0.002499,-0.097031,0.048315,-0.018607,0.236653,0.265912,-0.539831,-0.026059,0.204807
11,153.761295,61,3.050000,0.112026,0.115182,0.074453,-0.093795,-0.087856,-0.057943,0.995836,0.000635,0.001922,-0.091143,0.021491,-0.019476,0.242474,0.265836,-0.527290,0.177134,0.178496
11,153.761295,62,3.100000,0.107336,0.110790,0.071555,-0.091968,-0.088651,-0.056158,0.996370,0.001137,0.001384,-0.085107,-0.004694,-0.010421,0.247548,0.265775,-0.397307,0.363215,0.140378
11,153.761295,63,3.150000,0.102737,0.106357,0.068747,-0.090706,-0.089883,-0.054485,0.996878,0.001007,0.001127,-0.078939,-0.024462,0.007695,0.251538,0.265737,-0.211899,0.383474,0.088022
11,153.761295,64,3.200000,0.098202,0.101863,0.066023,-0.089678,-0.090958,-0.052882,0.997355,0.000419,0.001361,-0.072668,-0.035130,0.026635,0.254040,0.265716,-0.158843,0.000224,0.016986
11,153.761295,65,3.250000,0.093718,0.097315,0.063379,-0.088372,-0.091467,-0.051317,0.997795,-0.000400,0.002086,-0.066331,-0.043329,0.026308,0.254523,0.265694,0.067565,-0.072057,0.002745
11,153.761295,66,3.300000,0.089300,0.092742,0.060813,-0.086298,-0.091210,-0.049795,0.998195,-0.001424,0.002817,-0.059978,-0.040205,0.022287,0.254601,0.265680,0.315291,-0.222858,-0.026278
11,153.761295,67,3.350000,0.084985,0.088181,0.058324,-0.083447,-0.089978,-0.048305,0.998553,-0.002375,0.003442,-0.053622,-0.024656,0.010755,0.253854,0.265657,0.448706,-0.310069,-0.068752
11,153.761295,68,3.400000,0.080812,0.083682,0.055908,-0.079940,-0.087826,-0.046865,0.998870,-0.002955,0.003759,-0.047282,-0.002324,-0.004986,0.251900,0.265621,0.329733,-0.259068,-0.123211
11,153.761295,69,3.450000,0.076815,0.079291,0.053565,-0.076109,-0.085097,-0.045496,0.999148,-0.002995,0.003655,-0.040990,0.014210,-0.017961,0.248398,0.265578,-0.064896,-0.083619,-0.189865
11,153.761295,70,3.500000,0.073010,0.075036,0.051290,-0.072395,-0.082301,-0.044207,0.999386,-0.002636,0.003211,-0.034785,0.011135,-0.022008,0.243001,0.265536,-0.014321,-0.080861,-0.248710
11,153.761295,71,3.550000,0.069390,0.070921,0.049080,-0.069150,-0.079821,-0.042991,0.999581,-0.002357,0.002667,-0.028713,0.010622,-0.025949,0.235931,0.265509,-0.039368,0.013396,-0.317927
11,153.761295,72,3.600000,0.065933,0.066930,0.046930,-0.066461,-0.077579,-0.041821,0.999735,-0.002094,0.002025,-0.022816,0.008885,-0.025184,0.226894,0.265480,-0.078853,0.113867,-0.397046
11,153.761295,73,3.650000,0.062610,0.063051,0.044839,-0.064424,-0.075566,-0.040700,0.999850,-0.001875,0.001402,-0.017144,0.005160,-0.019414,0.215609,0.265451,-0.115033,0.141960,-0.485486
11,153.761295,74,3.700000,0.059388,0.059273,0.042804,-0.063014,-0.073746,-0.039630,0.999929,-0.001747,0.000925,-0.011753,-0.000433,-0.012274,0.201809,0.265424,-0.112478,-0.019159,-0.583043
11,153.761295,75,3.750000,0.056238,0.055585,0.040823,-0.062084,-0.072040,-0.038608,0.999976,-0.001757,0.000627,-0.006708,-0.005963,-0.013235,0.185236,0.265401,-0.132553,0.045533,-0.629501
11,153.761295,76,3.800000,0.053134,0.051983,0.038892,-0.061456,-0.070317,-0.037628,0.999996,-0.001905,0.000305,-0.002076,-0.012498,-0.011000,0.167343,0.265377,-0.175828,0.144920,-0.675298
11,153.761295,77,3.850000,0.050061,0.048468,0.037011,-0.061152,-0.068445,-0.036693,0.999995,-0.002217,0.000039,0.002108,-0.021219,-0.003834,0.148147,0.265355,-0.180601,0.242468,-0.716543
11,153.761295,78,3.900000,0.047003,0.045045,0.035176,-0.061118,-0.066267,-0.035799,0.999979,-0.002747,-0.000050,0.005812,-0.030228,0.008170,0.127780,0.265335,-0.069595,0.297181,-0.749267
11,153.761295,79,3.950000,0.043947,0.041732,0.033386,-0.061183,-0.063568,-0.034947,0.999953,-0.003504,0.000159,0.009006,-0.033747,0.022883,0.106482,0.265310,0.316563,0.248898,-0.768785
11,153.761295,80,4.000000,0.040888,0.038554,0.031639,-0.061058,-0.060123,-0.034144,0.999922,-0.004352,0.000733,0.011666,-0.018011,0.035191,0.084630,0.265268,0.346256,0.012585,-0.753963
11,153.761295,81,4.050000,0.037835,0.035547,0.029932,-0.060388,-0.055839,-0.033426,0.999892,-0.004811,0.001616,0.013778,-0.000812,0.035763,0.063199,0.265242,0.317731,-0.269473,-0.727792
11,153.761295,82,4.100000,0.034816,0.032755,0.028261,-0.058866,-0.051092,-0.032762,0.999867,-0.004841,0.002518,0.015353,0.014989,0.022287,0.042512,0.265216,0.256291,-0.462480,-0.687564
11,153.761295,83,4.150000,0.031873,0.030201,0.026622,-0.056466,-0.046299,-0.032150,0.999851,-0.004472,0.003086,0.016412,0.027768,-0.000813,0.022968,0.265195,0.212373,-0.427810,-0.629660
11,153.761295,84,4.200000,0.029049,0.027886,0.025015,-0.053508,-0.041857,-0.031577,0.999844,-0.003776,0.003079,0.016984,0.038387,-0.022179,0.005070,0.265184,0.208005,0.197147,-0.548196
11,153.761295,85,4.250000,0.026374,0.025793,0.023436,-0.050547,-0.038097,-0.031019,0.999846,-0.002807,0.002542,0.017110,0.048792,-0.012314,-0.010512,0.265191,0.074689,0.122177,-0.519794
11,153.761295,86,4.300000,0.023846,0.023888,0.021885,-0.048098,-0.035298,-0.030438,0.999854,-0.001583,0.002254,0.016845,0.052521,-0.006225,-0.025287,0.265180,-0.171318,0.068500,-0.469454
11,153.761295,87,4.350000,0.021442,0.022123,0.020363,-0.045911,-0.033707,-0.029871,0.999866,-0.000269,0.002119,0.016210,0.043949,-0.002850,-0.038631,0.265155,-0.435206,0.034729,-0.395373
11,153.761295,88,4.400000,0.019146,0.020438,0.018870,-0.043834,-0.033409,-0.029347,0.999881,0.000829,0.002066,0.015242,0.022185,-0.001178,-0.049870,0.265113,-0.549238,0.082685,-0.293789
11,153.761295,89,4.450000,0.016954,0.018767,0.017402,-0.041794,-0.034192,-0.028902,0.999899,0.001381,0.002046,0.013994,-0.005279,0.002914,-0.058221,0.265066,-0.324778,0.340989,-0.162282
11,153.761295,90,4.500000,0.014865,0.017058,0.015957,-0.039767,-0.035520,-0.028546,0.999918,0.001246,0.002119,0.012539,-0.021512,0.019975,-0.062833,0.265038,-0.321766,0.179900,-0.104353
11,153.761295,91,4.550000,0.012876,0.015282,0.014530,-0.037672,-0.036717,-0.028241,0.999936,0.000698,0.002613,0.010970,-0.037552,0.029021,-0.065800,0.265002,-0.305865,-0.004229,-0.029574
11,153.761295,92,4.600000,0.010993,0.013446,0.013118,-0.035099,-0.037374,-0.028004,0.999951,-0.000253,0.003330,0.009328,-0.052773,0.028904,-0.066640,0.264972,-0.221245,-0.170641,0.058123
11,153.761295,93,4.650000,0.009238,0.011577,0.011718,-0.031834,-0.037095,-0.027826,0.999961,-0.001584,0.004039,0.007667,-0.063762,0.020505,-0.064988,0.264953,-0.026778,-0.246540,0.156089
11,153.761295,94,4.700000,0.007646,0.009723,0.010326,-0.027882,-0.035510,-0.027690,0.999966,-0.003189,0.004537,0.006048,-0.065051,0.008335,-0.060551,0.264951,0.299695,-0.143260,0.263698
11,153.761295,95,4.750000,0.006252,0.007947,0.008942,-0.023449,-0.032354,-0.027570,0.999967,-0.004823,0.004731,0.004541,-0.050047,0.001322,-0.053056,0.264963,0.413361,-0.139111,0.299570
11,153.761295,96,4.800000,0.005079,0.006329,0.007563,-0.018828,-0.027600,-0.027442,0.999965,-0.006081,0.004752,0.003220,-0.029376,-0.005533,-0.044541,0.264975,0.480508,-0.086251,0.335883
11,153.761295,97,4.850000,0.004138,0.004949,0.006191,-0.014184,-0.021618,-0.027306,0.999964,-0.006820,0.004604,0.002111,-0.005360,-0.009796,-0.034993,0.264994,0.441190,-0.020185,0.370459
11,153.761295,98,4.900000,0.003429,0.003869,0.004826,-0.009679,-0.014915,-0.027142,0.999966,-0.006957,0.004353,0.001238,0.016687,-0.010798,-0.024463,0.265014,0.172547,0.050835,0.401212
11,153.761295,99,4.950000,0.002945,0.003123,0.003469,-0.005414,-0.008081,-0.026942,0.999970,-0.006543,0.004080,0.000627,0.025304,-0.008272,-0.013059,0.279465,-0.487622,0.156957,0.426318
11,153.761295,100,5.000000,0.002674,0.002719,0.002122,-0.001196,-0.001306,0.000025,0.999975,-0.005911,0.003871,0.000299,0.000919,-0.000436,-0.000941,0,0,0,0
12,156.093073,0,0.000000,1.030092,1.049483,0.612323,-0.003525,-0.002693,-0.105957,0.999849,0.001457,-0.001396,-0.017276,0.000000,0.000000,0.000000,0.096934,11.180654,-10.163157,-0.864633
12,156.093073,1,0.050000,1.029916,1.049349,0.607025,-0.004035,-0.003208,-0.416951,0.999849,0.001457,-0.001396,-0.017276,0.559033,-0.508158,-0.024577,0.170271,4.640095,-3.964947,-0.803748
12,156.093073,2,0.100000,1.029714,1.049188,0.586177,-0.004931,-0.004111,-0.592136,0.999622,0.015210,-0.014336,-0.017886,0.790563,-0.706927,-0.047423,0.281980,0.051526,0.227080,-0.730160
12,156.093073,3,0.150000,1.029468,1.048983,0.556571,-0.020181,-0.019722,-0.560907,0.998695,0.034655,-0.032326,-0.019050,0.791867,-0.696995,-0.068178,0.326931,-2.818150,2.715051,-0.653740
12,156.093073,4,0.200000,1.028459,1.047997,0.528525,-0.060072,-0.060884,-0.448699,0.997065,0.054130,-0.050029,-0.020709,0.649156,-0.563292,-0.086760,0.330665,-4.335380,3.926069,-0.581578
12,156.093073,5,0.250000,1.025455,1.044952,0.506090,-0.122535,-0.125713,-0.333511,0.995205,0.070112,-0.064274,-0.022817,0.430533,-0.369126,-0.103291,0.314281,-4.862705,4.241644,-0.515794
12,156.093073,6,0.300000,1.019328,1.038667,0.489415,-0.198853,-0.205225,-0.252539,0.993695,0.080771,-0.073515,-0.025339,0.185950,-0.158731,-0.117952,0.292239,-4.713750,3.972448,-0.456119
12,156.093073,7,0.350000,1.009386,1.028405,0.476788,-0.280137,-0.290081,-0.214768,0.992930,0.085504,-0.077336,-0.028248,-0.050448,0.039059,-0.130918,0.273126,-4.134634,3.354274,-0.401589
12,156.093073,8,0.400000,0.995379,1.013901,0.466049,-0.360258,-0.373755,-0.212924,0.993014,0.084532,-0.076050,-0.031511,-0.256985,0.207023,-0.142333,0.260789,-3.311334,2.560739,-0.351373
12,156.093073,9,0.450000,0.977366,0.995214,0.455403,-0.435774,-0.452518,-0.232969,0.993799,0.078583,-0.070405,-0.035094,-0.421434,0.336448,-0.152320,0.255654,-2.382020,1.716952,-0.305006
12,156.093073,10,0.500000,0.955577,0.972588,0.443755,-0.504635,-0.524125,-0.260575,0.994988,0.068669,-0.061371,-0.038956,-0.538590,0.424732,-0.160990,0.256145,-1.440806,0.902836,-0.262326
12,156.093073,11,0.550000,0.930345,0.946381,0.430726,-0.565103,-0.586676,-0.284779,0.996253,0.055924,-0.049997,-0.043051,-0.608035,0.473164,-0.168446,0.259955,-0.560426,0.177183,-0.223258
12,156.093073,12,0.600000,0.902090,0.917048,0.416487,-0.615377,-0.638245,-0.299298,0.997319,0.041492,-0.037315,-0.047336,-0.633031,0.485911,-0.174792,0.264920,0.209011,-0.423635,-0.187641
12,156.093073,13,0.650000,0.871321,0.885135,0.401522,-0.653819,-0.677114,-0.302262,0.998014,0.026441,-0.024264,-0.051769,-0.619357,0.468928,-0.180126,0.269460,0.835969,-0.881059,-0.155114
12,156.093073,14,0.700000,0.838631,0.851280,0.386409,-0.679353,-0.702196,-0.295046,0.998276,0.011702,-0.011641,-0.056318,-0.574353,0.429109,-0.184535,0.272701,1.312694,-1.197950,-0.125148
12,156.093073,15,0.750000,0.804663,0.816170,0.371657,-0.691756,-0.713332,-0.280819,0.998139,-0.001974,-0.000069,-0.060955,-0.505713,0.373234,-0.188092,0.274382,1.636477,-1.381269,-0.096990
12,156.093073,16,0.800000,0.770075,0.780503,0.357616,-0.691704,-0.711325,-0.263208,0.997693,-0.014023,0.010004,-0.065659,-0.421225,0.307781,-0.190849,0.274661,1.814518,-1.445595,-0.069789
12,156.093073,17,0.850000,0.735490,0.744937,0.344455,-0.680614,-0.697762,-0.245378,0.997059,-0.024069,0.018304,-0.070415,-0.328270,0.238552,-0.192833,0.273929,1.861296,-1.410384,-0.042704
12,156.093073,18,0.900000,0.701459,0.710049,0.332187,-0.660379,-0.674721,-0.229530,0.996350,-0.031918,0.024710,-0.075210,-0.233459,0.170435,-0.194047,0.272653,1.796207,-1.297650,-0.015000
12,156.093073,19,0.950000,0.668440,0.676313,0.320710,-0.633093,-0.644484,-0.216762,0.995656,-0.037531,0.029238,-0.080032,-0.142394,0.107272,-0.194473,0.271250,1.641482,-1.130097,0.013863
12,156.093073,20,1.000000,0.636786,0.644089,0.309872,-0.600829,-0.609294,-0.207222,0.995033,-0.041002,0.032010,-0.084868,-0.059528,0.051818,-0.194079,0.270021,1.430037,-0.936445,0.044128
12,156.093073,21,1.050000,0.606744,0.613624,0.299511,-0.565495,-0.571209,-0.200390,0.994506,-0.042528,0.033226,-0.089700,0.012355,0.005434,-0.192825,0.269123,1.185563,-0.737105,0.075827
12,156.093073,22,1.100000,0.578469,0.585064,0.289491,-0.528757,-0.532023,-0.195417,0.994070,-0.042368,0.033128,-0.094509,0.071673,-0.031511,-0.190670,0.268586,0.929582,-0.549077,0.108717
12,156.093073,23,1.150000,0.552032,0.558462,0.279720,-0.492014,-0.493241,-0.191413,0.993709,-0.040819,0.031973,-0.099272,0.117924,-0.059484,-0.187579,0.268356,0.679229,-0.383993,0.142307
12,156.093073,24,1.200000,0.527431,0.533800,0.270150,-0.456408,-0.456081,-0.187630,0.993395,-0.038186,0.030011,-0.103964,0.151462,-0.079523,-0.183534,0.268335,0.443533,-0.244541,0.175888
12,156.093073,25,1.250000,0.504610,0.510996,0.260768,-0.422833,-0.421481,-0.183557,0.993102,-0.034768,0.027467,-0.108557,0.173085,-0.092805,-0.178535,0.268422,0.221371,-0.122472,0.208584
12,156.093073,26,1.300000,0.483469,0.489922,0.251590,-0.391963,-0.390119,-0.178932,0.992810,-0.030845,0.024537,-0.113026,0.183525,-0.100101,-0.172606,0.268533,0.006691,-0.003826,0.239384
12,156.093073,27,1.350000,0.463871,0.470416,0.242644,-0.364267,-0.362421,-0.173693,0.992502,-0.026678,0.021400,-0.117342,0.183204,-0.101495,-0.165801,0.268610,-0.214312,0.132951,0.267159
12,156.093073,28,1.400000,0.445657,0.452295,0.233959,-0.340022,-0.338578,-0.167931,0.992170,-0.022518,0.018234,-0.121484,0.171849,-0.096000,-0.158207,0.268616,-0.377479,0.231676,0.290706
12,156.093073,29,1.450000,0.428656,0.435366,0.225563,-0.319303,-0.318554,-0.161829,0.991811,-0.018619,0.015241,-0.125430,0.152399,-0.085448,-0.149944,0.268519,-0.424883,0.238272,0.308871
12,156.093073,30,1.500000,0.412691,0.419439,0.217471,-0.301947,-0.302090,-0.155648,0.991428,-0.015165,0.012575,-0.129164,0.130669,-0.074402,-0.141165,0.268331,-0.444949,0.240370,0.321025
12,156.093073,31,1.550000,0.397594,0.404334,0.209689,-0.287610,-0.288763,-0.149624,0.991031,-0.012211,0.010255,-0.132674,0.108023,-0.063083,-0.132040,0.268113,-0.512712,0.313457,0.327377
12,156.093073,32,1.600000,0.383213,0.389896,0.202208,-0.275910,-0.278097,-0.143871,0.990632,-0.009777,0.008293,-0.135953,0.082071,-0.047952,-0.122734,0.267885,-0.430120,0.259577,0.328653
12,156.093073,33,1.650000,0.369418,0.375991,0.195014,-0.266439,-0.269606,-0.138451,0.990238,-0.007933,0.006797,-0.138996,0.060342,-0.035355,-0.113392,0.267664,-0.278435,0.143927,0.325835
12,156.093073,34,1.700000,0.356096,0.362511,0.188091,-0.258674,-0.262755,-0.133385,0.989856,-0.006581,0.005689,-0.141806,0.046268,-0.028419,-0.104131,0.267489,-0.175466,0.071471,0.320630
12,156.093073,35,1.750000,0.343162,0.349373,0.181422,-0.252170,-0.257101,-0.128609,0.989494,-0.005552,0.004805,-0.144384,0.037382,-0.025028,-0.095017,0.267352,-0.213947,0.129190,0.314905
12,156.093073,36,1.800000,0.330553,0.336518,0.174992,-0.246669,-0.252348,-0.124066,0.989156,-0.004729,0.004038,-0.146735,0.026594,-0.018703,-0.086066,0.267216,-0.283818,0.209129,0.310463
12,156.093073,37,1.850000,0.318220,0.323901,0.168788,-0.242030,-0.248305,-0.119759,0.988843,-0.004148,0.003467,-0.148863,0.012342,-0.008334,-0.077241,0.267086,-0.248957,0.174376,0.308472
12,156.093073,38,1.900000,0.306119,0.311485,0.162801,-0.238027,-0.244758,-0.115685,0.988556,-0.003881,0.003207,-0.150773,-0.000130,0.000349,-0.068473,0.266994,-0.228027,0.133709,0.308883
12,156.093073,39,1.950000,0.294217,0.299248,0.157016,-0.234313,-0.241442,-0.111776,0.988296,-0.003888,0.003210,-0.152465,-0.011530,0.007035,-0.059693,0.266922,-0.283077,0.163762,0.311421
12,156.093073,40,2.000000,0.282502,0.287175,0.151428,-0.230591,-0.238127,-0.108000,0.988066,-0.004151,0.003422,-0.153939,-0.025668,0.015249,-0.050841,0.266853,-0.199329,0.089562,0.315543
12,156.093073,41,2.050000,0.270972,0.275269,0.146028,-0.226618,-0.234593,-0.104357,0.987865,-0.004731,0.003892,-0.155194,-0.035605,0.019777,-0.041872,0.266821,-0.161749,0.059626,0.321080
12,156.093073,42,2.100000,0.259641,0.263539,0.140810,-0.222093,-0.230572,-0.100781,0.987695,-0.005538,0.004514,-0.156227,-0.043661,0.022814,-0.032745,0.266785,-0.114567,0.005446,0.328248
12,156.093073,43,2.150000,0.248536,0.252011,0.135771,-0.216833,-0.225864,-0.097286,0.987558,-0.006530,0.005243,-0.157034,-0.049361,0.023141,-0.023415,0.266748,-0.044301,-0.029872,0.335630
12,156.093073,44,2.200000,0.237695,0.240718,0.130906,-0.210705,-0.220306,-0.093878,0.987454,-0.007661,0.006004,-0.157609,-0.051556,0.021691,-0.013874,0.266703,-0.059943,0.049540,0.342823
12,156.093073,45,2.250000,0.227160,0.229702,0.126212,-0.203656,-0.213768,-0.090577,0.987385,-0.008851,0.006740,-0.157948,-0.054541,0.024195,-0.004130,0.266646,0.080813,-0.052116,0.350661
12,156.093073,46,2.300000,0.216977,0.219014,0.121684,-0.195703,-0.206189,-0.087411,0.987351,-0.010102,0.007552,-0.158046,-0.050497,0.021598,0.005838,0.266581,0.214465,-0.163629,0.359520
12,156.093073,47,2.350000,0.207192,0.208704,0.117313,-0.186765,-0.197520,-0.084400,0.987357,-0.011262,0.008286,-0.157897,-0.039779,0.013406,0.016057,0.266493,0.368624,-0.282033,0.368770
12,156.093073,48,2.400000,0.197853,0.198829,0.113093,-0.176934,-0.187836,-0.081587,0.987405,-0.012188,0.008778,-0.157496,-0.021356,-0.000720,0.026539,0.266390,0.483641,-0.336268,0.377640
12,156.093073,49,2.450000,0.189007,0.189437,0.109014,-0.166489,-0.177327,-0.078994,0.987503,-0.012712,0.008853,-0.156836,0.002827,-0.017555,0.037273,0.266290,0.339114,-0.125284,0.386773
12,156.093073,50,2.500000,0.180682,0.180570,0.105064,-0.155900,-0.166315,-0.076601,0.987654,-0.012703,0.008420,-0.155911,0.019808,-0.023816,0.048267,0.266236,0.369321,-0.102714,0.393351
12,156.093073,51,2.550000,0.172887,0.172255,0.101234,-0.145747,-0.155239,-0.074300,0.987852,-0.012296,0.007770,-0.154716,0.038317,-0.028915,0.059448,0.266181,0.288609,-0.033466,0.404416
12,156.093073,52,2.600000,0.165600,0.164493,0.097519,-0.136305,-0.144449,-0.072081,0.988097,-0.011450,0.006926,-0.153246,0.052813,-0.030502,0.070943,0.266151,0.145801,0.015795,0.420527
12,156.093073,53,2.650000,0.158785,0.157270,0.093915,-0.127829,-0.134343,-0.069885,0.988387,-0.010250,0.005991,-0.151493,0.060185,-0.029570,0.082897,0.266132,-0.033754,0.008038,0.439166
12,156.093073,54,2.700000,0.152393,0.150553,0.090421,-0.120462,-0.125252,-0.067687,0.988717,-0.008862,0.005053,-0.149446,0.058591,-0.028979,0.095380,0.266112,-0.201632,-0.164130,0.455676
12,156.093073,55,2.750000,0.146370,0.144290,0.087036,-0.114232,-0.117360,-0.065490,0.989086,-0.007510,0.004139,-0.147089,0.048614,-0.036973,0.108332,0.266080,-0.277291,-0.026158,0.476906
12,156.093073,56,2.800000,0.140658,0.138423,0.083762,-0.109109,-0.110639,-0.063322,0.989493,-0.006433,0.003066,-0.144407,0.034901,-0.038081,0.121888,0.266032,-0.260722,0.193357,0.487775
12,156.093073,57,2.850000,0.135203,0.132891,0.080596,-0.105204,-0.104803,-0.061221,0.989936,-0.005698,0.002018,-0.141388,0.022041,-0.028252,0.135753,0.265970,-0.141832,0.392491,0.483874
12,156.093073,58,2.900000,0.129943,0.127650,0.077535,-0.102443,-0.099528,-0.059220,0.990414,-0.005245,0.001260,-0.138025,0.015095,-0.008514,0.149507,0.265907,0.011558,0.428521,0.461999
12,156.093073,59,2.950000,0.124821,0.122674,0.074574,-0.100500,-0.094583,-0.057329,0.990925,-0.004896,0.001017,-0.134321,0.015722,0.012998,0.162639,0.265858,0.008105,0.068353,0.417333
12,156.093073,60,3.000000,0.119796,0.117945,0.071707,-0.098861,-0.089940,-0.055523,0.991465,-0.004459,0.001306,-0.130293,0.016047,0.016513,0.174502,0.265825,0.155338,0.023791,0.424999
12,156.093073,61,3.050000,0.114853,0.113448,0.068931,-0.097014,-0.085756,-0.053776,0.992025,-0.004002,0.001683,-0.125969,0.023704,0.017809,0.186582,0.265797,0.318398,-0.106843,0.413775
12,156.093073,62,3.100000,0.110002,0.109160,0.066242,-0.094874,-0.082056,-0.052078,0.992603,-0.003350,0.002068,-0.121343,0.039498,0.012634,0.198344,0.265780,0.368424,-0.181134,0.385477
12,156.093073,63,3.150000,0.105258,0.105057,0.063638,-0.092453,-0.079030,-0.050408,0.993194,-0.002321,0.002278,-0.116423,0.057824,0.003875,0.209301,0.265760,0.176522,-0.124744,0.342429
12,156.093073,64,3.200000,0.100636,0.101106,0.061118,-0.089960,-0.077023,-0.048771,0.993792,-0.000862,0.002219,-0.111228,0.066619,-0.001903,0.219034,0.265715,-0.275732,0.049304,0.284862
12,156.093073,65,3.250000,0.096138,0.097255,0.058679,-0.087696,-0.076422,-0.047211,0.994386,0.000800,0.001991,-0.105788,0.052849,0.001116,0.227131,0.265631,-0.269884,0.042630,0.231991
12,156.093073,66,3.300000,0.091753,0.093433,0.056319,-0.085832,-0.077412,-0.045806,0.994969,0.002128,0.001874,-0.100142,0.039345,0.003703,0.233725,0.265580,-0.328667,0.109760,0.163652
12,156.093073,67,3.350000,0.087461,0.089563,0.054028,-0.084207,-0.079679,-0.044499,0.995534,0.003127,0.001855,-0.094328,0.022879,0.009540,0.238377,0.265532,-0.386157,0.166268,0.080066
12,156.093073,68,3.400000,0.083251,0.085579,0.051804,-0.082681,-0.082913,-0.043285,0.996077,0.003730,0.002020,-0.088394,0.003484,0.018060,0.240653,0.265497,-0.425379,0.137733,-0.018638
12,156.093073,69,3.450000,0.079117,0.081433,0.049639,-0.081026,-0.086742,-0.042142,0.996589,0.003869,0.002440,-0.082399,-0.017949,0.024979,0.240123,0.265477,-0.412141,-0.088203,-0.132550
12,156.093073,70,3.500000,0.075065,0.077096,0.047532,-0.078949,-0.090730,-0.041038,0.997066,0.003487,0.003076,-0.076411,-0.038784,0.020405,0.236356,0.265471,-0.405701,-0.094550,-0.201671
12,156.093073,71,3.550000,0.071118,0.072560,0.045480,-0.076196,-0.094380,-0.039947,0.997501,0.002578,0.003638,-0.070513,-0.059252,0.015330,0.230623,0.265482,-0.396516,-0.070284,-0.276185
12,156.093073,72,3.600000,0.067308,0.067841,0.043483,-0.072807,-0.097160,-0.038834,0.997892,0.001148,0.004109,-0.064755,-0.079212,0.011297,0.222773,0.265501,-0.327747,-0.038067,-0.351824
12,156.093073,73,3.650000,0.063668,0.062983,0.041541,-0.068848,-0.098549,-0.037683,0.998236,-0.000787,0.004513,-0.059188,-0.095695,0.008724,0.212772,0.265519,-0.130513,-0.026572,-0.423780
12,156.093073,74,3.700000,0.060225,0.058055,0.039657,-0.064372,-0.098039,-0.036502,0.998531,-0.003138,0.004876,-0.053866,-0.102291,0.006623,0.200726,0.265510,0.345871,-0.087504,-0.485826
12,156.093073,75,3.750000,0.057007,0.053153,0.037832,-0.059417,-0.095216,-0.035350,0.998777,-0.005658,0.005195,-0.048843,-0.085048,0.001468,0.186917,0.265435,0.464782,-0.302164,-0.514629
12,156.093073,76,3.800000,0.054036,0.048392,0.036064,-0.054044,-0.089910,-0.034362,0.998980,-0.007756,0.005362,-0.044164,-0.061819,-0.014243,0.172289,0.265350,0.520923,-0.520821,-0.530841
12,156.093073,77,3.850000,0.051334,0.043897,0.034346,-0.048443,-0.082528,-0.033561,0.999149,-0.009292,0.005108,-0.039850,-0.035680,-0.040689,0.157200,0.265283,0.532757,-0.619353,-0.530993
12,156.093073,78,3.900000,0.048912,0.039771,0.032668,-0.043065,-0.073606,-0.032907,0.999294,-0.010204,0.004164,-0.035909,-0.008799,-0.071869,0.142106,0.265252,0.550748,-0.477053,-0.511390
12,156.093073,79,3.950000,0.046758,0.036090,0.031023,-0.038617,-0.063736,-0.032320,0.999419,-0.010473,0.002412,-0.032339,0.019126,-0.095769,0.127570,0.265243,0.598933,0.252448,-0.465956
12,156.093073,80,4.000000,0.044828,0.032903,0.029407,-0.035916,-0.053530,-0.031743,0.999525,-0.010065,0.000037,-0.029128,0.049536,-0.083054,0.114326,0.265210,0.506718,0.274541,-0.469783
12,156.093073,81,4.050000,0.043032,0.030227,0.027820,-0.035592,-0.043650,-0.031212,0.999614,-0.008887,-0.002045,-0.026250,0.075232,-0.069112,0.100972,0.265221,0.262273,0.315722,-0.447467
12,156.093073,82,4.100000,0.041252,0.028044,0.026259,-0.037371,-0.034870,-0.030645,0.999687,-0.007058,-0.003799,-0.023707,0.088611,-0.053038,0.088253,0.265247,-0.042563,0.360100,-0.397266
12,156.093073,83,4.150000,0.039384,0.026301,0.024727,-0.040938,-0.027850,-0.030010,0.999744,-0.004883,-0.005162,-0.021484,0.086660,-0.034736,0.076961,0.265255,-0.233475,0.464281,-0.316289
12,156.093073,84,4.200000,0.037337,0.024908,0.023226,-0.045904,-0.022945,-0.029347,0.999787,-0.002746,-0.006067,-0.019545,0.075088,-0.011269,0.067971,0.265225,-0.110486,0.760069,-0.203585
12,156.093073,85,4.250000,0.035042,0.023761,0.021759,-0.051810,-0.020133,-0.028733,0.999820,-0.000885,-0.006381,-0.017833,0.069593,0.026928,0.062184,0.265183,-0.228570,0.634663,-0.164663
12,156.093073,86,4.300000,0.032451,0.022755,0.020322,-0.058060,-0.019152,-0.028195,0.999851,0.000857,-0.005737,-0.016269,0.058101,0.058825,0.057503,0.265188,-0.372011,0.501843,-0.112129
12,156.093073,87,4.350000,0.029548,0.021797,0.018913,-0.063708,-0.019902,-0.027639,0.999878,0.002325,-0.004292,-0.014822,0.039372,0.084044,0.054316,0.265184,-0.485189,0.383423,-0.052589
12,156.093073,88,4.400000,0.026363,0.020802,0.017531,-0.067957,-0.022123,-0.027081,0.999901,0.003334,-0.002209,-0.013455,0.014939,0.103297,0.052821,0.265166,-0.497478,0.301033,0.009255
12,156.093073,89,4.450000,0.022965,0.019696,0.016177,-0.070170,-0.025368,-0.026549,0.999919,0.003740,0.000364,-0.012125,-0.010142,0.118378,0.053084,0.265143,-0.300680,0.175448,0.072731
12,156.093073,90,4.500000,0.019456,0.018427,0.014849,-0.069857,-0.029044,-0.026058,0.999930,0.003522,0.003321,-0.010787,-0.025415,0.127130,0.055152,0.265133,-0.247852,-0.233737,0.053965
12,156.093073,91,4.550000,0.015963,0.016975,0.013546,-0.066633,-0.032538,-0.025593,0.999930,0.002926,0.006501,-0.009394,-0.038073,0.115390,0.056686,0.265055,-0.210372,-0.663984,0.022859
12,156.093073,92,4.600000,0.012632,0.015348,0.012267,-0.060278,-0.035470,-0.025300,0.999922,0.002011,0.009391,-0.007963,-0.048840,0.082109,0.057335,0.264932,-0.209830,-1.040778,-0.022780
12,156.093073,93,4.650000,0.009618,0.013575,0.011002,-0.051080,-0.037516,-0.025275,0.999913,0.000819,0.011450,-0.006514,-0.059510,0.029964,0.056688,0.264807,-0.303789,-1.243905,-0.081440
12,156.093073,94,4.700000,0.007064,0.011699,0.009738,-0.039856,-0.038393,-0.025521,0.999912,-0.000647,0.012208,-0.005079,-0.074764,-0.032359,0.054373,0.264731,-0.608148,-1.139880,-0.148160
12,156.093073,95,4.750000,0.005071,0.009779,0.008462,-0.027884,-0.037820,-0.025925,0.999925,-0.002504,0.011409,-0.003697,-0.105105,-0.089508,0.050162,0.264708,-0.087526,-0.839680,-0.234703
12,156.093073,96,4.800000,0.003677,0.007888,0.007166,-0.016691,-0.035407,-0.026360,0.999942,-0.005125,0.009184,-0.002407,-0.109311,-0.131692,0.043490,0.264907,0.499923,-0.242920,-0.310145
12,156.093073,97,4.850000,0.002842,0.006118,0.005848,-0.007668,-0.030400,-0.026400,0.999951,-0.007855,0.005904,-0.001278,-0.084097,-0.144018,0.034674,0.265132,0.965819,0.523915,-0.371734
12,156.093073,98,4.900000,0.002459,0.004598,0.004528,-0.001861,-0.022694,-0.026010,0.999948,-0.009957,0.002314,-0.000370,-0.035617,-0.117933,0.024108,0.265282,0.931370,1.166557,-0.423579
12,156.093073,99,4.950000,0.002366,0.003463,0.003227,0.000416,-0.012913,-0.025350,0.999941,-0.010847,-0.000628,0.000264,0.011060,-0.059638,0.012068,0.278644,-0.182444,1.202556,-0.478335
12,156.093073,100,5.000000,0.002387,0.002818,0.001960,-0.000235,-0.001719,0.000036,0.999942,-0.010570,-0.002116,0.000582,0.001965,0.000495,-0.001529,0,0,0,0
13,152.368806,0,0.000000,1.032607,1.051672,0.563991,-0.003555,-0.003902,-0.092834,0.999769,0.001340,-0.001552,-0.021397,0.000000,0.000000,0.000000,0.107787,11.010550,-10.240735,-0.755622
13,152.368806,1,0.050000,1.032429,1.051477,0.559349,-0.004186,-0.004424,-0.383731,0.999769,0.001340,-0.001552,-0.021397,0.550527,-0.512037,-0.021478,0.169722,4.849311,-3.811678,-0.760247
13,152.368806,2,0.100000,1.032220,1.051255,0.540163,-0.005179,-0.005245,-0.559934,0.999542,0.014824,-0.014641,-0.021925,0.792576,-0.703069,-0.043088,0.280808,0.174873,0.309988,-0.688840
13,152.368806,3,0.150000,1.031961,1.050993,0.512166,-0.020737,-0.020322,-0.530871,0.998617,0.034248,-0.032616,-0.022964,0.800170,-0.688866,-0.062668,0.326266,-2.794265,2.721414,-0.601870
13,152.368806,4,0.200000,1.030924,1.049977,0.485623,-0.061046,-0.060745,-0.419878,0.996986,0.053861,-0.050202,-0.024458,0.658818,-0.554698,-0.079776,0.330304,-4.366005,3.893549,-0.521983
13,152.368806,5,0.250000,1.027872,1.046940,0.464629,-0.123888,-0.124935,-0.305336,0.995121,0.070027,-0.064308,-0.026360,0.438838,-0.362016,-0.094613,0.314014,-4.911491,4.194235,-0.453193
13,152.368806,6,0.300000,1.021677,1.040693,0.449362,-0.200461,-0.204009,-0.224841,0.993605,0.080849,-0.073431,-0.028639,0.191964,-0.153880,-0.107495,0.291941,-4.758758,3.923984,-0.394810
13,152.368806,7,0.350000,1.011654,1.030493,0.438120,-0.281855,-0.288595,-0.187607,0.992835,0.085703,-0.077171,-0.031267,-0.046602,0.041536,-0.118717,0.272759,-4.165948,3.313679,-0.345334
13,152.368806,8,0.400000,0.997561,1.016063,0.428740,-0.361964,-0.372116,-0.186433,0.992917,0.084807,-0.075849,-0.034215,-0.254712,0.207430,-0.128533,0.260359,-3.327934,2.534154,-0.303300
13,152.368806,9,0.450000,0.979463,0.997457,0.419418,-0.437384,-0.450813,-0.207270,0.993702,0.078903,-0.070207,-0.037447,-0.420097,0.335380,-0.137155,0.255177,-2.380527,1.701028,-0.267419
13,152.368806,10,0.500000,0.957594,0.974916,0.409054,-0.506111,-0.522430,-0.235763,0.994895,0.069014,-0.061206,-0.040926,-0.537378,0.422619,-0.144756,0.255641,-1.427936,0.899689,-0.236420
13,152.368806,11,0.550000,0.932289,0.948795,0.397266,-0.566441,-0.585069,-0.260910,0.996169,0.056294,-0.049887,-0.044613,-0.606453,0.470555,-0.151476,0.259442,-0.543851,0.187138,-0.209056
13,152.368806,12,0.600000,0.903966,0.919541,0.384221,-0.616606,-0.636816,-0.276399,0.997249,0.041896,-0.037271,-0.048470,-0.630940,0.483399,-0.157418,0.264406,0.222473,-0.402023,-0.184121
13,152.368806,13,0.650000,0.873136,0.887701,0.370401,-0.654994,-0.675962,-0.280338,0.997965,0.026893,-0.024285,-0.052465,-0.616928,0.467067,-0.162652,0.268957,0.841870,-0.851220,-0.160516
13,152.368806,14,0.700000,0.840386,0.853903,0.356384,-0.680542,-0.701428,-0.274077,0.998255,0.012210,-0.011712,-0.056573,-0.571952,0.428314,-0.167215,0.272222,1.301681,-1.158306,-0.137321
13,152.368806,15,0.750000,0.806359,0.818831,0.342680,-0.693025,-0.713049,-0.260750,0.998151,-0.001408,-0.000162,-0.060772,-0.504150,0.374028,-0.171118,0.273937,1.612024,-1.339038,-0.113900
13,152.368806,16,0.800000,0.771708,0.783179,0.329643,-0.693103,-0.711613,-0.243962,0.997742,-0.013418,0.009930,-0.065049,-0.421119,0.310351,-0.174355,0.274265,1.784152,-1.410720,-0.089825
13,152.368806,17,0.850000,0.737053,0.747598,0.317444,-0.682153,-0.698669,-0.226847,0.997146,-0.023459,0.018295,-0.069391,-0.329858,0.242601,-0.176909,0.273590,1.835593,-1.394829,-0.064925
13,152.368806,18,0.900000,0.702945,0.712665,0.306102,-0.662017,-0.676253,-0.211595,0.996473,-0.031340,0.024810,-0.073788,-0.236450,0.175074,-0.178754,0.272362,1.786007,-1.312814,-0.039284
13,152.368806,19,0.950000,0.669844,0.678852,0.295522,-0.634746,-0.646597,-0.199333,0.995812,-0.037017,0.029467,-0.078229,-0.145962,0.111038,-0.179871,0.270984,1.651695,-1.180469,-0.013207
13,152.368806,20,1.000000,0.638107,0.646522,0.285556,-0.602389,-0.611915,-0.190258,0.995223,-0.040565,0.032349,-0.082700,-0.062619,0.053011,-0.180246,0.269751,1.452065,-1.011196,0.012763
13,152.368806,21,1.050000,0.607988,0.615926,0.276043,-0.566873,-0.574254,-0.183908,0.994732,-0.042159,0.033614,-0.087187,0.010347,0.002879,-0.179883,0.268834,1.194470,-0.806305,0.037958
13,152.368806,22,1.100000,0.579644,0.587214,0.266847,-0.529920,-0.535416,-0.179461,0.994338,-0.042046,0.033474,-0.091671,0.070090,-0.037507,-0.178804,0.268287,0.879174,-0.558400,0.061530
13,152.368806,23,1.150000,0.553148,0.560443,0.257874,-0.493017,-0.496923,-0.176004,0.994021,-0.040539,0.032192,-0.096134,0.113794,-0.065902,-0.177056,0.268078,0.583905,-0.335871,0.082479
13,152.368806,24,1.200000,0.528497,0.535597,0.249074,-0.457376,-0.459986,-0.172725,0.993749,-0.038011,0.030101,-0.100557,0.142547,-0.083460,-0.174711,0.268085,0.379431,-0.203363,0.099706
13,152.368806,25,1.250000,0.505628,0.512597,0.240438,-0.423880,-0.425486,-0.169105,0.993490,-0.034810,0.027503,-0.104924,0.160965,-0.094574,-0.171877,0.268165,0.189920,-0.081921,0.112467
13,152.368806,26,1.300000,0.484434,0.491323,0.231983,-0.393114,-0.394004,-0.164958,0.993225,-0.031178,0.024582,-0.109219,0.169844,-0.099720,-0.168680,0.268266,-0.048137,0.098636,0.120729
13,152.368806,27,1.350000,0.464779,0.471623,0.223735,-0.365473,-0.365904,-0.160236,0.992937,-0.027336,0.021510,-0.113432,0.166799,-0.095875,-0.165248,0.268357,-0.127966,0.137996,0.124895
13,152.368806,28,1.400000,0.446505,0.453328,0.215723,-0.341163,-0.341351,-0.154982,0.992614,-0.023556,0.018544,-0.117555,0.159799,-0.090022,-0.161698,0.268329,-0.123694,0.098773,0.125522
13,152.368806,29,1.450000,0.429447,0.436260,0.207974,-0.320118,-0.320280,-0.149470,0.992256,-0.019929,0.015744,-0.121587,0.153062,-0.086064,-0.158130,0.268230,-0.146562,0.085944,0.123939
13,152.368806,30,1.500000,0.413441,0.420246,0.200500,-0.302191,-0.302537,-0.143889,0.991868,-0.016456,0.013065,-0.125525,0.145217,-0.082685,-0.154607,0.268106,-0.284955,0.188674,0.121788
13,152.368806,31,1.550000,0.398332,0.405119,0.193306,-0.287272,-0.287957,-0.138335,0.991453,-0.013165,0.010495,-0.129370,0.130484,-0.074103,-0.151146,0.267958,-0.428548,0.302365,0.120782
13,152.368806,32,1.600000,0.383968,0.390721,0.186389,-0.275254,-0.276351,-0.132898,0.991013,-0.010210,0.008187,-0.133124,0.108632,-0.059734,-0.147713,0.267754,-0.444496,0.292096,0.122042
13,152.368806,33,1.650000,0.370205,0.376904,0.179744,-0.265861,-0.267398,-0.127726,0.990550,-0.007747,0.006308,-0.136789,0.086072,-0.045738,-0.144244,0.267527,-0.455149,0.267263,0.125499
13,152.368806,34,1.700000,0.356912,0.363534,0.173358,-0.258620,-0.260649,-0.122905,0.990071,-0.005795,0.004853,-0.140364,0.063064,-0.032846,-0.140676,0.267314,-0.525736,0.306514,0.130931
13,152.368806,35,1.750000,0.343981,0.350502,0.167213,-0.253058,-0.255643,-0.118436,0.989583,-0.004366,0.003798,-0.143848,0.036602,-0.017857,-0.136955,0.267118,-0.445668,0.237037,0.137876
13,152.368806,36,1.800000,0.331328,0.337719,0.161291,-0.248718,-0.251909,-0.114305,0.989090,-0.003538,0.003210,-0.147237,0.014226,-0.006195,-0.133036,0.266979,-0.403552,0.206896,0.146240
13,152.368806,37,1.850000,0.318892,0.325124,0.155576,-0.245064,-0.248916,-0.110422,0.988596,-0.003220,0.002992,-0.150526,-0.005983,0.004078,-0.128879,0.266876,-0.346323,0.149275,0.156454
13,152.368806,38,1.900000,0.306639,0.312678,0.150055,-0.241661,-0.246215,-0.106727,0.988105,-0.003362,0.003105,-0.153711,-0.023279,0.011571,-0.124432,0.266809,-0.263145,0.107449,0.167318
13,152.368806,39,1.950000,0.294556,0.300367,0.144718,-0.238119,-0.243404,-0.103157,0.987619,-0.003902,0.003470,-0.156783,-0.036382,0.017053,-0.119676,0.266770,-0.264182,0.177314,0.178671
13,152.368806,40,2.000000,0.282650,0.288197,0.139560,-0.234128,-0.240133,-0.099665,0.987140,-0.004744,0.004022,-0.159735,-0.049513,0.026084,-0.114597,0.266728,-0.109203,0.064464,0.191664
13,152.368806,41,2.050000,0.270944,0.276191,0.134577,-0.229458,-0.236142,-0.096262,0.986669,-0.005873,0.004850,-0.162561,-0.054860,0.029523,-0.109149,0.266718,0.036784,-0.061659,0.206841
13,152.368806,42,2.100000,0.259471,0.264383,0.129764,-0.223788,-0.231196,-0.092897,0.986209,-0.007120,0.005785,-0.165250,-0.052898,0.026667,-0.103270,0.266691,0.204042,-0.197783,0.223967
13,152.368806,43,2.150000,0.248282,0.252824,0.125119,-0.216990,-0.225205,-0.089608,0.985765,-0.008329,0.006642,-0.167792,-0.042592,0.016985,-0.096903,0.266642,0.336321,-0.272813,0.242721
13,152.368806,44,2.200000,0.237432,0.241563,0.120639,-0.209144,-0.218198,-0.086439,0.985343,-0.009323,0.007219,-0.170176,-0.025713,0.003501,-0.090004,0.266564,0.216170,-0.084599,0.264297
13,152.368806,45,2.250000,0.226975,0.230654,0.116317,-0.200554,-0.210341,-0.083439,0.984951,-0.009958,0.007394,-0.172389,-0.014893,-0.000641,-0.082492,0.266472,0.276467,-0.083235,0.286395
13,152.368806,46,2.300000,0.216947,0.220136,0.112145,-0.191672,-0.201920,-0.080624,0.984590,-0.010342,0.007422,-0.174417,-0.001072,-0.004756,-0.074351,0.266394,0.227363,-0.035307,0.315865
13,152.368806,47,2.350000,0.207363,0.210040,0.108114,-0.182683,-0.193150,-0.077962,0.984264,-0.010403,0.007290,-0.176245,0.010283,-0.006518,-0.065372,0.266320,0.116942,-0.005988,0.353445
13,152.368806,48,2.400000,0.198229,0.200383,0.104216,-0.173796,-0.184317,-0.075436,0.983979,-0.010191,0.007068,-0.177854,0.016114,-0.006843,-0.055326,0.266260,-0.031355,-0.032412,0.396441
13,152.368806,49,2.450000,0.189540,0.191167,0.100444,-0.165151,-0.175668,-0.073014,0.983737,-0.009835,0.006814,-0.179216,0.014532,-0.008498,-0.044057,0.266214,-0.170016,-0.223375,0.439702
13,152.368806,50,2.500000,0.181282,0.182384,0.096793,-0.156804,-0.167333,-0.070667,0.983544,-0.009523,0.006529,-0.180300,0.006017,-0.019691,-0.031559,0.266175,-0.217231,-0.107684,0.489152
13,152.368806,51,2.550000,0.173442,0.174017,0.093260,-0.148781,-0.159260,-0.068382,0.983406,-0.009469,0.006010,-0.181072,-0.004868,-0.025082,-0.017655,0.266139,-0.167000,0.085309,0.529100
13,152.368806,52,2.600000,0.166003,0.166054,0.089841,-0.141266,-0.151154,-0.066155,0.983328,-0.009705,0.005411,-0.181499,-0.013235,-0.020813,-0.002615,0.266093,-0.014186,0.259264,0.554633
13,152.368806,53,2.650000,0.158939,0.158496,0.086533,-0.134286,-0.142717,-0.064013,0.983316,-0.010125,0.004959,-0.181557,-0.013946,-0.007849,0.013150,0.266031,0.167171,0.278454,0.562461
13,152.368806,54,2.700000,0.152225,0.151361,0.083332,-0.127670,-0.133794,-0.061987,0.983373,-0.010502,0.004832,-0.181230,-0.005584,0.006067,0.029138,0.265965,0.180555,-0.084314,0.548028
13,152.368806,55,2.750000,0.145842,0.144671,0.080233,-0.121115,-0.124484,-0.060092,0.983502,-0.010608,0.005015,-0.180514,0.003437,0.001845,0.044715,0.265920,0.332386,-0.117330,0.586365
13,152.368806,56,2.800000,0.139786,0.138447,0.077228,-0.114371,-0.115101,-0.058283,0.983704,-0.010510,0.005056,-0.179416,0.020053,-0.004016,0.061382,0.265875,0.500976,-0.228292,0.606563
13,152.368806,57,2.850000,0.134067,0.132692,0.074314,-0.107617,-0.105814,-0.056556,0.983984,-0.010027,0.004884,-0.177907,0.045111,-0.015384,0.078624,0.265849,0.557020,-0.272914,0.610643
13,152.368806,58,2.900000,0.128687,0.127401,0.071486,-0.101129,-0.096955,-0.054865,0.984344,-0.008976,0.004324,-0.175974,0.073008,-0.028895,0.095981,0.265852,0.372501,-0.176156,0.601209
13,152.368806,59,2.950000,0.123630,0.122553,0.068743,-0.095382,-0.089005,-0.053144,0.984781,-0.007296,0.003314,-0.173613,0.091739,-0.037436,0.113070,0.265866,-0.074111,0.049116,0.578311
13,152.368806,60,3.000000,0.118861,0.118103,0.066086,-0.090922,-0.082496,-0.051363,0.985285,-0.005190,0.002014,-0.170829,0.088194,-0.034587,0.129508,0.265846,-0.072214,0.101891,0.559960
13,152.368806,61,3.050000,0.114315,0.113978,0.063518,-0.088095,-0.077800,-0.049586,0.985843,-0.003159,0.000803,-0.167637,0.084753,-0.029059,0.145425,0.265797,-0.148488,0.226343,0.523822
13,152.368806,62,3.100000,0.109910,0.110088,0.061038,-0.086795,-0.074867,-0.047880,0.986451,-0.001189,-0.000257,-0.164051,0.077489,-0.017274,0.160315,0.265734,-0.239206,0.336335,0.469453
13,152.368806,63,3.150000,0.105570,0.106345,0.058644,-0.086852,-0.073671,-0.046282,0.987101,0.000650,-0.000996,-0.160095,0.065634,0.000014,0.173659,0.265662,-0.330952,0.355506,0.396038
13,152.368806,64,3.200000,0.101228,0.102661,0.056330,-0.087923,-0.074145,-0.044816,0.987784,0.002265,-0.001262,-0.155806,0.049086,0.018222,0.184916,0.265591,-0.390727,0.167617,0.302477
13,152.368806,65,3.250000,0.096832,0.098954,0.054089,-0.089496,-0.076153,-0.043487,0.988491,0.003543,-0.001013,-0.151235,0.029422,0.026947,0.193514,0.265531,-0.473415,0.181826,0.247710
13,152.368806,66,3.300000,0.092357,0.095146,0.051915,-0.091007,-0.079446,-0.042276,0.989209,0.004367,-0.000476,-0.146448,0.005553,0.036255,0.200555,0.265485,-0.556830,0.200787,0.181166
13,152.368806,67,3.350000,0.087806,0.091174,0.049801,-0.092099,-0.083625,-0.041156,0.989930,0.004634,0.000379,-0.141483,-0.022564,0.046336,0.205704,0.265462,-0.579342,0.200580,0.106572
13,152.368806,68,3.400000,0.083202,0.086993,0.047744,-0.092375,-0.088188,-0.040080,0.990646,0.004242,0.001581,-0.136384,-0.051893,0.056189,0.208734,0.265472,-0.466373,0.151826,0.028407
13,152.368806,69,3.450000,0.078583,0.082583,0.045740,-0.091404,-0.092532,-0.038986,0.991345,0.003156,0.003128,-0.131205,-0.075657,0.063369,0.209541,0.265505,-0.060049,0.004373,-0.046854
13,152.368806,70,3.500000,0.074013,0.077957,0.043790,-0.088762,-0.096013,-0.037830,0.992017,0.001505,0.004930,-0.125999,-0.079163,0.062986,0.208209,0.265531,0.013527,-0.317215,-0.094543
13,152.368806,71,3.550000,0.069575,0.073156,0.041899,-0.084139,-0.098092,-0.036632,0.992651,-0.000234,0.006733,-0.120821,-0.078984,0.046500,0.205522,0.265494,0.057646,-0.646158,-0.132602
13,152.368806,72,3.600000,0.065368,0.068251,0.040067,-0.077539,-0.098664,-0.035521,0.993248,-0.002019,0.008127,-0.115706,-0.076465,0.013576,0.201753,0.265442,0.103540,-0.854561,-0.156274
13,152.368806,73,3.650000,0.061491,0.063318,0.038291,-0.069373,-0.097617,-0.034530,0.993811,-0.003837,0.008695,-0.110679,-0.071392,-0.029737,0.197311,0.265403,0.209697,-0.815291,-0.161397
13,152.368806,74,3.700000,0.058022,0.058437,0.036565,-0.060462,-0.094815,-0.033633,0.994342,-0.005650,0.008173,-0.105757,-0.060684,-0.071037,0.192723,0.265385,0.397241,-0.169283,-0.142025
13,152.368806,75,3.750000,0.054999,0.053697,0.034883,-0.051887,-0.090142,-0.032776,0.994844,-0.007307,0.006594,-0.100943,-0.040303,-0.079945,0.188686,0.265367,0.478279,-0.188787,-0.172605
13,152.368806,76,3.800000,0.052405,0.049190,0.033244,-0.044714,-0.083652,-0.031950,0.995312,-0.008480,0.004742,-0.096227,-0.015816,-0.089672,0.183780,0.265326,0.397343,-0.123833,-0.177369
13,152.368806,77,3.850000,0.050169,0.045007,0.031647,-0.039273,-0.075806,-0.031200,0.995748,-0.009067,0.002588,-0.091632,0.004676,-0.095974,0.178738,0.265307,0.244292,-0.008771,-0.154182
13,152.368806,78,3.900000,0.048205,0.041217,0.030087,-0.035925,-0.067167,-0.030479,0.996152,-0.009159,0.000229,-0.087160,0.017542,-0.096381,0.174356,0.265295,0.187838,0.193019,-0.099897
13,152.368806,79,3.950000,0.046409,0.037858,0.028563,-0.034917,-0.058222,-0.029774,0.996524,-0.008931,-0.002170,-0.082795,0.027572,-0.086614,0.171516,0.265258,0.421508,0.594021,-0.012637
13,152.368806,80,4.000000,0.044663,0.034947,0.027074,-0.036315,-0.049302,-0.029139,0.996869,-0.008433,-0.004346,-0.078500,0.049211,-0.056734,0.171157,0.265168,0.378071,0.572549,0.004326
13,152.368806,81,4.050000,0.042847,0.032482,0.025617,-0.039920,-0.040711,-0.028675,0.997198,-0.007336,-0.005821,-0.074217,0.068483,-0.027787,0.171280,0.265154,0.246978,0.549275,0.039752
13,152.368806,82,4.100000,0.040851,0.030447,0.024183,-0.045086,-0.033102,-0.028236,0.997514,-0.005705,-0.006609,-0.069931,0.081012,0.000122,0.172410,0.265168,0.074580,0.538818,0.087628
13,152.368806,83,4.150000,0.038597,0.028791,0.022772,-0.051168,-0.027059,-0.027759,0.997815,-0.003713,-0.006723,-0.065617,0.084741,0.027593,0.174901,0.265192,-0.064323,0.563847,0.142974
13,152.368806,84,4.200000,0.036039,0.027439,0.021384,-0.057518,-0.022987,-0.027220,0.998103,-0.001583,-0.006157,-0.061242,0.081341,0.056348,0.178965,0.265213,-0.055701,0.575406,0.203915
13,152.368806,85,4.250000,0.033163,0.026289,0.020023,-0.063459,-0.021064,-0.026625,0.998376,0.000505,-0.004869,-0.056765,0.078174,0.085671,0.184761,0.265239,-0.274652,0.389845,0.183930
13,152.368806,86,4.300000,0.029990,0.025236,0.018691,-0.068263,-0.021288,-0.025965,0.998632,0.002555,-0.002844,-0.052142,0.063840,0.105711,0.189989,0.265251,-0.536988,0.227043,0.150035
13,152.368806,87,4.350000,0.026577,0.024172,0.017393,-0.071183,-0.023649,-0.025274,0.998867,0.004273,-0.000300,-0.047387,0.036229,0.117524,0.194254,0.265212,-0.681910,-0.009770,0.100792
13,152.368806,88,4.400000,0.023018,0.022989,0.016129,-0.071677,-0.027827,-0.024659,0.999078,0.005316,0.002571,-0.042522,0.001267,0.117302,0.197119,0.265137,-0.795828,-0.337955,0.036502
13,152.368806,89,4.450000,0.019434,0.021598,0.014897,-0.069376,-0.033150,-0.024199,0.999263,0.005484,0.005473,-0.037583,-0.039402,0.100414,0.198156,0.265025,-1.048069,-0.621113,-0.042955
13,152.368806,90,4.500000,0.015965,0.019940,0.013687,-0.064210,-0.038731,-0.023970,0.999425,0.004622,0.007992,-0.032613,-0.092561,0.069062,0.196935,0.264887,-0.464271,-0.859381,-0.157262
13,152.368806,91,4.550000,0.012754,0.018004,0.012488,-0.056522,-0.043518,-0.024023,0.999567,0.002404,0.009770,-0.027666,-0.116290,0.025401,0.192465,0.264866,0.184228,-0.863890,-0.281859
13,152.368806,92,4.600000,0.009928,0.015828,0.011287,-0.047007,-0.046141,-0.024130,0.999685,-0.000437,0.010473,-0.022826,-0.107265,-0.018643,0.184453,0.264912,0.721701,-0.624132,-0.415062
13,152.368806,93,4.650000,0.007578,0.013521,0.010080,-0.036725,-0.045947,-0.024160,0.999779,-0.003080,0.010070,-0.018187,-0.071049,-0.050600,0.172655,0.265003,0.768573,-0.280925,-0.555442
13,152.368806,94,4.700000,0.005742,0.011223,0.008872,-0.026788,-0.043104,-0.024023,0.999853,-0.004835,0.008851,-0.013850,-0.032289,-0.065112,0.156867,0.265063,-0.246902,-0.248425,-0.706278
13,152.368806,95,4.750000,0.004402,0.009068,0.007671,-0.018034,-0.038479,-0.023765,0.999909,-0.005630,0.007254,-0.009914,-0.044246,-0.077725,0.136791,0.264958,-0.056664,-0.062224,-0.802424
13,152.368806,96,4.800000,0.003501,0.007144,0.006483,-0.010862,-0.033025,-0.023685,0.999942,-0.006731,0.005341,-0.006475,-0.046676,-0.081066,0.113983,0.264995,0.339782,0.138810,-0.893992
13,152.368806,97,4.850000,0.002958,0.005493,0.005299,-0.005578,-0.026453,-0.023526,0.999957,-0.007895,0.003341,-0.003606,-0.029336,-0.074328,0.088571,0.265049,0.569196,0.392383,-0.980200
13,152.368806,98,4.900000,0.002679,0.004170,0.004122,-0.002270,-0.018715,-0.023266,0.999961,-0.008628,0.001503,-0.001375,-0.000627,-0.054807,0.060710,0.265072,0.456716,0.561324,-1.063400
13,152.368806,99,4.950000,0.002565,0.003235,0.002959,-0.000783,-0.010246,-0.022966,0.999963,-0.008643,0.000146,0.000155,0.022335,-0.026742,0.030483,0.277325,-0.416673,0.540673,-1.150230
13,152.368806,100,5.000000,0.002526,0.002722,0.001811,-0.000634,-0.001369,0.000022,0.999967,-0.008085,-0.000516,0.000923,0.001533,0.000317,-0.002212,0,0,0,0
14,152.172578,0,0.000000,1.035019,1.053661,0.516064,-0.003746,-0.004021,-0.101501,0.999683,0.001362,-0.001620,-0.025099,0.000000,0.000000,0.000000,0.130699,11.752439,-9.769846,-0.723537
14,152.172578,1,0.050000,1.034832,1.053460,0.510989,-0.004547,-0.004660,-0.349968,0.999683,0.001362,-0.001620,-0.025099,0.587622,-0.488492,-0.020566,0.167710,4.612764,-4.037349,-0.569107
14,152.172578,2,0.100000,1.034605,1.053227,0.493490,-0.005574,-0.005481,-0.529896,0.999448,0.015740,-0.014194,-0.025601,0.817879,-0.690818,-0.036743,0.281093,-0.205079,0.044855,-0.485662
14,152.172578,3,0.150000,1.034326,1.052953,0.466995,-0.020763,-0.021480,-0.500321,0.998499,0.035733,-0.031953,-0.026491,0.806662,-0.689716,-0.050548,0.326642,-3.092434,2.553794,-0.433328
14,152.172578,4,0.200000,1.033288,1.051879,0.441979,-0.060506,-0.063620,-0.388709,0.996842,0.055434,-0.049641,-0.027715,0.650717,-0.563574,-0.062865,0.330200,-4.536075,3.816246,-0.393544
14,152.172578,5,0.250000,1.030262,1.048698,0.422544,-0.122903,-0.129517,-0.274498,0.994966,0.071321,-0.064035,-0.029248,0.422568,-0.374314,-0.074051,0.313439,-4.968061,4.189155,-0.359489
14,152.172578,6,0.300000,1.024117,1.042222,0.408819,-0.199287,-0.209721,-0.195222,0.993459,0.081669,-0.073515,-0.031078,0.173113,-0.166044,-0.084270,0.291142,-4.731748,3.972508,-0.328102
14,152.172578,7,0.350000,1.014153,1.031736,0.399058,-0.280777,-0.294745,-0.159589,0.992714,0.085992,-0.077600,-0.033191,-0.064005,0.032028,-0.093596,0.271948,-4.086898,3.397776,-0.298073
14,152.172578,8,0.400000,1.000114,1.016999,0.391078,-0.361243,-0.378133,-0.159995,0.992832,0.084612,-0.076551,-0.035569,-0.268236,0.202144,-0.102068,0.259649,-3.223919,2.636305,-0.269091
14,152.172578,9,0.450000,0.982052,0.998092,0.383079,-0.437225,-0.456299,-0.182184,0.993657,0.078326,-0.071076,-0.038187,-0.428649,0.334998,-0.109717,0.254598,-2.279637,1.811718,-0.241297
14,152.172578,10,0.500000,0.960191,0.975277,0.373969,-0.506642,-0.527129,-0.211755,0.994892,0.068186,-0.062124,-0.041014,-0.541236,0.427369,-0.116576,0.255169,-1.341105,1.004002,-0.214948
14,152.172578,11,0.550000,0.934858,0.948921,0.363382,-0.567697,-0.588832,-0.237762,0.996206,0.055335,-0.050733,-0.044019,-0.606400,0.479964,-0.122686,0.259038,-0.473795,0.270666,-0.190124
14,152.172578,12,0.600000,0.906474,0.919479,0.351494,-0.618522,-0.639577,-0.253970,0.997328,0.040908,-0.037935,-0.047170,-0.627855,0.496320,-0.128090,0.264047,0.279793,-0.353039,-0.166755
14,152.172578,13,0.650000,0.875548,0.887501,0.338795,-0.657409,-0.677726,-0.258538,0.998085,0.025955,-0.024684,-0.050442,-0.611453,0.481721,-0.132830,0.268630,0.893877,-0.848063,-0.144712
14,152.172578,14,0.700000,0.842677,0.853614,0.325868,-0.683223,-0.702261,-0.252851,0.998416,0.011386,-0.011804,-0.053810,-0.564331,0.442400,-0.136943,0.271916,1.352398,-1.204196,-0.123918
14,152.172578,15,0.750000,0.808516,0.818501,0.313226,-0.695709,-0.713070,-0.240074,0.998357,-0.002065,0.000036,-0.057259,-0.494412,0.385123,-0.140466,0.273629,1.653926,-1.421304,-0.104478
14,152.172578,16,0.800000,0.773731,0.782848,0.301222,-0.695553,-0.710983,-0.223859,0.998002,-0.013852,0.010348,-0.060777,-0.409662,0.316694,-0.143435,0.273925,1.794746,-1.497335,-0.086648
14,152.172578,17,0.850000,0.738953,0.747299,0.290029,-0.684222,-0.697596,-0.207393,0.997470,-0.023626,0.018820,-0.064353,-0.318201,0.244057,-0.145898,0.273201,1.771797,-1.429158,-0.070900
14,152.172578,18,0.900000,0.704742,0.712419,0.279659,-0.663688,-0.674976,-0.192888,0.996876,-0.031236,0.025331,-0.067982,-0.228260,0.174361,-0.147914,0.271942,1.665097,-1.294558,-0.057880
14,152.172578,19,0.950000,0.671557,0.678670,0.270015,-0.636116,-0.645348,-0.181420,0.996303,-0.036720,0.029947,-0.071658,-0.144026,0.110914,-0.149559,0.270598,1.552119,-1.171310,-0.048335
14,152.172578,20,1.000000,0.639752,0.646403,0.260944,-0.603576,-0.610833,-0.173063,0.995803,-0.040220,0.032830,-0.075376,-0.065791,0.053166,-0.150933,0.269426,1.377732,-1.002875,-0.042708
14,152.172578,21,1.050000,0.609573,0.615861,0.252291,-0.567928,-0.573336,-0.167316,0.995399,-0.041881,0.034126,-0.079132,0.003401,0.003399,-0.152147,0.268547,1.092070,-0.734526,-0.040707
14,152.172578,22,1.100000,0.581176,0.587194,0.243925,-0.530846,-0.534558,-0.163411,0.995092,-0.041920,0.034044,-0.082924,0.058024,-0.033346,-0.153304,0.268040,0.915403,-0.580220,-0.041652
14,152.172578,23,1.150000,0.554634,0.560466,0.235754,-0.493764,-0.495950,-0.160436,0.994854,-0.040675,0.032933,-0.086751,0.103600,-0.062695,-0.154488,0.267801,0.787855,-0.491183,-0.044856
14,152.172578,24,1.200000,0.529946,0.535669,0.227733,-0.457768,-0.458647,-0.157725,0.994664,-0.038361,0.030992,-0.090614,0.142625,-0.087862,-0.155763,0.267740,0.612939,-0.373616,-0.048989
14,152.172578,25,1.250000,0.507057,0.512736,0.219846,-0.423752,-0.423594,-0.154822,0.994500,-0.035134,0.028334,-0.094512,0.172753,-0.107386,-0.157155,0.267823,0.315426,-0.146232,-0.052501
14,152.172578,26,1.300000,0.485870,0.491557,0.212105,-0.392508,-0.391592,-0.151374,0.994336,-0.031203,0.025117,-0.098445,0.187883,-0.115728,-0.158648,0.268007,0.015143,0.081706,-0.053827
14,152.172578,27,1.350000,0.466244,0.471977,0.204537,-0.364668,-0.363249,-0.147157,0.994142,-0.026917,0.021654,-0.102414,0.187944,-0.112773,-0.160178,0.268153,-0.148918,0.171721,-0.052086
14,152.172578,28,1.400000,0.448011,0.453815,0.197179,-0.340550,-0.338875,-0.142262,0.993896,-0.022620,0.018262,-0.106419,0.179812,-0.105330,-0.161658,0.268163,-0.294034,0.230203,-0.047690
14,152.172578,29,1.450000,0.430984,0.436871,0.190066,-0.320133,-0.318476,-0.137003,0.993594,-0.018506,0.015074,-0.110456,0.164464,-0.094923,-0.163014,0.268081,-0.481464,0.335555,-0.041239
14,152.172578,30,1.500000,0.414977,0.420947,0.183216,-0.303232,-0.301872,-0.131621,0.993237,-0.014744,0.012187,-0.114521,0.139804,-0.079163,-0.164186,0.267928,-0.499114,0.316514,-0.033586
14,152.172578,31,1.550000,0.399815,0.405853,0.176634,-0.289545,-0.288725,-0.126321,0.992826,-0.011549,0.009760,-0.118609,0.114355,-0.064208,-0.165141,0.267700,-0.534756,0.321502,-0.025193
14,152.172578,32,1.600000,0.385338,0.391417,0.170318,-0.278579,-0.278504,-0.121308,0.992371,-0.008941,0.007779,-0.122716,0.087215,-0.048850,-0.165857,0.267466,-0.535488,0.286615,-0.015882
14,152.172578,33,1.650000,0.371409,0.377492,0.164253,-0.269845,-0.270660,-0.116638,0.991880,-0.006960,0.006263,-0.126835,0.060133,-0.035068,-0.166308,0.267245,-0.491896,0.257215,-0.007006
14,152.172578,34,1.700000,0.357917,0.363959,0.158421,-0.262822,-0.264613,-0.112326,0.991358,-0.005606,0.005174,-0.130961,0.035317,-0.022587,-0.166507,0.267059,-0.515629,0.331397,0.001252
14,152.172578,35,1.750000,0.344776,0.350728,0.152805,-0.257023,-0.259787,-0.108330,0.990812,-0.004826,0.004475,-0.135088,0.009393,-0.006240,-0.166472,0.266900,-0.369842,0.218171,0.010196
14,152.172578,36,1.800000,0.331925,0.337739,0.147388,-0.251996,-0.255658,-0.104614,0.990243,-0.004633,0.004268,-0.139211,-0.009139,0.004609,-0.166182,0.266804,-0.222692,0.086977,0.020608
14,152.172578,37,1.850000,0.319325,0.324956,0.142158,-0.247182,-0.251711,-0.101072,0.989654,-0.004861,0.004395,-0.143323,-0.020244,0.009016,-0.165596,0.266748,-0.044600,-0.057496,0.032655
14,152.172578,38,1.900000,0.306966,0.312370,0.137104,-0.242197,-0.247581,-0.097637,0.989049,-0.005348,0.004670,-0.147417,-0.022418,0.006268,-0.164668,0.266717,0.107987,-0.143507,0.046552
14,152.172578,39,1.950000,0.294856,0.299991,0.132222,-0.236855,-0.243036,-0.094266,0.988430,-0.005898,0.004886,-0.151486,-0.016979,-0.000767,-0.163345,0.266684,0.017007,0.032219,0.064188
14,152.172578,40,2.000000,0.283013,0.287840,0.127509,-0.231202,-0.238009,-0.090966,0.987800,-0.006340,0.004907,-0.155519,-0.016134,0.000949,-0.161520,0.266604,0.111000,0.022793,0.084033
14,152.172578,41,2.050000,0.271453,0.275939,0.122961,-0.225442,-0.232579,-0.087818,0.987162,-0.006755,0.004968,-0.159504,-0.010578,0.002188,-0.159132,0.266556,0.094855,0.059474,0.113341
14,152.172578,42,2.100000,0.260181,0.264310,0.118570,-0.219537,-0.226778,-0.084766,0.986517,-0.007027,0.005037,-0.163429,-0.005822,0.005225,-0.155910,0.266491,0.014089,0.077795,0.153381
14,152.172578,43,2.150000,0.249204,0.252971,0.114331,-0.213499,-0.220749,-0.081838,0.985871,-0.007169,0.005162,-0.167274,-0.005086,0.009149,-0.151550,0.266424,-0.110450,0.039684,0.201706
14,152.172578,44,2.200000,0.238529,0.241934,0.110239,-0.207294,-0.214627,-0.079037,0.985228,-0.007275,0.005382,-0.171009,-0.010556,0.011163,-0.145817,0.266366,-0.232180,-0.165767,0.253047
14,152.172578,45,2.250000,0.228165,0.231203,0.106288,-0.200836,-0.208464,-0.076347,0.984595,-0.007507,0.005675,-0.174600,-0.022104,0.002933,-0.138624,0.266322,-0.267427,-0.071234,0.312706
14,152.172578,46,2.300000,0.218123,0.220779,0.102470,-0.194031,-0.202150,-0.073745,0.983979,-0.008058,0.005818,-0.178008,-0.035459,-0.000513,-0.129735,0.266287,-0.203224,0.093397,0.364523
14,152.172578,47,2.350000,0.208421,0.210672,0.098783,-0.186971,-0.195352,-0.071219,0.983389,-0.008951,0.005937,-0.181193,-0.045623,0.004332,-0.119374,0.266254,-0.036078,0.235308,0.403325
14,152.172578,48,2.400000,0.199073,0.200904,0.095222,-0.179614,-0.187732,-0.068769,0.982832,-0.010071,0.006223,-0.184121,-0.047407,0.016304,-0.107910,0.266209,0.157573,0.223409,0.425988
14,152.172578,49,2.450000,0.190092,0.191518,0.091784,-0.171755,-0.179103,-0.066427,0.982317,-0.011178,0.006815,-0.186769,-0.039462,0.027669,-0.095801,0.266142,0.179518,-0.165655,0.428499
14,152.172578,50,2.500000,0.181504,0.182563,0.088462,-0.163099,-0.169534,-0.064241,0.981850,-0.012034,0.007652,-0.189122,-0.030386,0.019529,-0.083621,0.266067,0.337341,-0.220830,0.486070
14,152.172578,51,2.550000,0.173349,0.174086,0.085250,-0.153452,-0.159317,-0.062224,0.981439,-0.012703,0.008250,-0.191174,-0.013457,0.008584,-0.069805,0.265985,0.523128,-0.352133,0.528322
14,152.172578,52,2.600000,0.165677,0.166120,0.082139,-0.143084,-0.148588,-0.060386,0.981098,-0.013007,0.008502,-0.192886,0.012723,-0.008987,-0.054787,0.265906,0.607831,-0.412704,0.557749
14,152.172578,53,2.650000,0.158522,0.158691,0.079120,-0.132398,-0.137636,-0.058705,0.980839,-0.012750,0.008203,-0.194229,0.043095,-0.029649,-0.038933,0.265864,0.463770,-0.324720,0.577468
14,152.172578,54,2.700000,0.151903,0.151809,0.076185,-0.122037,-0.126891,-0.057089,0.980668,-0.011845,0.007254,-0.195183,0.066240,-0.045948,-0.022519,0.265874,0.065152,-0.098062,0.587583
14,152.172578,55,2.750000,0.145801,0.145464,0.073330,-0.112755,-0.116847,-0.055420,0.980584,-0.010449,0.005798,-0.195733,0.069459,-0.050908,-0.005817,0.265906,0.113564,-0.032332,0.605235
14,152.172578,56,2.800000,0.140163,0.139622,0.070559,-0.105142,-0.107874,-0.053642,0.980579,-0.008996,0.004208,-0.195872,0.075125,-0.052540,0.011386,0.265885,0.077734,0.112139,0.606514
14,152.172578,57,2.850000,0.134906,0.134228,0.067877,-0.099343,-0.099998,-0.051858,0.980655,-0.007411,0.002555,-0.195589,0.079035,-0.046900,0.028626,0.265861,0.015831,0.252056,0.590629
14,152.172578,58,2.900000,0.129939,0.129228,0.065284,-0.095448,-0.093334,-0.050083,0.980809,-0.005701,0.001024,-0.194883,0.079877,-0.034212,0.045415,0.265823,-0.065576,0.312650,0.556105
14,152.172578,59,2.950000,0.125166,0.124562,0.062780,-0.093365,-0.088026,-0.048350,0.981040,-0.003907,-0.000197,-0.193766,0.076658,-0.018442,0.061222,0.265773,-0.138674,0.177001,0.500922
14,152.172578,60,3.000000,0.120498,0.120160,0.060363,-0.092811,-0.084215,-0.046694,0.981341,-0.002117,-0.001015,-0.192261,0.069767,-0.009413,0.075460,0.265716,-0.259124,0.249501,0.482666
14,152.172578,61,3.050000,0.115858,0.115949,0.058028,-0.093391,-0.081979,-0.045132,0.981704,-0.000453,-0.001577,-0.190407,0.056837,0.003261,0.089180,0.265649,-0.399210,0.327484,0.449796
14,152.172578,62,3.100000,0.111188,0.111851,0.055771,-0.094830,-0.081246,-0.043692,0.982126,0.000954,-0.001767,-0.188216,0.036866,0.019828,0.101965,0.265581,-0.496582,0.383570,0.404765
14,152.172578,63,3.150000,0.106446,0.107788,0.053587,-0.096713,-0.081841,-0.042379,0.982602,0.001948,-0.001456,-0.185709,0.011960,0.039149,0.113471,0.265530,-0.473888,0.383229,0.350753
14,152.172578,64,3.200000,0.101611,0.103696,0.051468,-0.098476,-0.083458,-0.041162,0.983125,0.002420,-0.000555,-0.182919,-0.011903,0.058362,0.123441,0.265512,-0.167957,0.270421,0.293263
14,152.172578,65,3.250000,0.096687,0.099523,0.049410,-0.099448,-0.085697,-0.039979,0.983685,0.002392,0.000926,-0.179880,-0.020574,0.071827,0.131777,0.265531,-0.195777,-0.035703,0.256875
14,152.172578,66,3.300000,0.091715,0.095238,0.047411,-0.098976,-0.088175,-0.038762,0.984270,0.002212,0.002777,-0.176634,-0.030722,0.069939,0.139078,0.265508,-0.247880,-0.368281,0.224937
14,152.172578,67,3.350000,0.086766,0.090830,0.045472,-0.096672,-0.090799,-0.037593,0.984874,0.001775,0.004626,-0.173204,-0.043485,0.051363,0.145472,0.265472,-0.275155,-0.609374,0.202642
14,152.172578,68,3.400000,0.081932,0.086290,0.043593,-0.092495,-0.093306,-0.036503,0.985491,0.000944,0.006072,-0.169614,-0.057527,0.020654,0.151232,0.265439,-0.200921,-0.638530,0.194457
14,152.172578,69,3.450000,0.077308,0.081624,0.041768,-0.086769,-0.095232,-0.035485,0.986123,-0.000363,0.006822,-0.165877,-0.067691,-0.011602,0.156759,0.265429,0.007918,-0.095295,0.206475
14,152.172578,70,3.500000,0.072969,0.076863,0.039993,-0.080096,-0.095993,-0.034496,0.986765,-0.002053,0.006818,-0.161999,-0.067226,-0.016770,0.162628,0.265446,0.161448,-0.236013,0.165113
14,152.172578,71,3.550000,0.068964,0.072063,0.038269,-0.073155,-0.095086,-0.033479,0.987414,-0.003752,0.006684,-0.157973,-0.059051,-0.028985,0.167321,0.265414,0.172347,-0.286109,0.146946
14,152.172578,72,3.600000,0.065306,0.067309,0.036595,-0.066084,-0.092483,-0.032529,0.988064,-0.005296,0.006218,-0.153829,-0.050249,-0.043666,0.171498,0.265386,0.128980,-0.276531,0.155160
14,152.172578,73,3.650000,0.062002,0.062685,0.034968,-0.059245,-0.088279,-0.031639,0.988713,-0.006679,0.005355,-0.149577,-0.043516,-0.057819,0.175909,0.265366,0.192236,-0.167253,0.193142
14,152.172578,74,3.700000,0.059040,0.058271,0.033386,-0.053059,-0.082577,-0.030793,0.989360,-0.007947,0.004118,-0.145212,-0.033518,-0.066473,0.181399,0.265339,0.548443,0.157065,0.263019
14,152.172578,75,3.750000,0.056387,0.054142,0.031847,-0.047922,-0.075438,-0.030004,0.990007,-0.008998,0.002632,-0.140707,-0.005638,-0.058850,0.188875,0.265275,0.623389,0.084384,0.263409
14,152.172578,76,3.800000,0.053991,0.050370,0.030346,-0.044118,-0.067049,-0.029341,0.990662,-0.009332,0.001237,-0.136017,0.025953,-0.054671,0.196362,0.265240,0.586049,0.057894,0.285310
14,152.172578,77,3.850000,0.051785,0.047018,0.028879,-0.041667,-0.058132,-0.028742,0.991324,-0.008869,-0.000159,-0.131140,0.055663,-0.051583,0.204472,0.265235,0.474324,0.097932,0.324337
14,152.172578,78,3.900000,0.049702,0.044111,0.027442,-0.040679,-0.049475,-0.028144,0.991992,-0.007660,-0.001575,-0.126059,0.079779,-0.046255,0.213691,0.265245,0.353609,0.225895,0.376562
14,152.172578,79,3.950000,0.047668,0.041637,0.026035,-0.041265,-0.041815,-0.027509,0.992662,-0.005835,-0.002932,-0.120746,0.097835,-0.034313,0.224395,0.265249,0.330047,0.381493,0.440901
14,152.172578,80,4.000000,0.045605,0.039546,0.024660,-0.043433,-0.035777,-0.026849,0.993332,-0.003527,-0.004046,-0.115163,0.114629,-0.014405,0.236927,0.265242,0.025853,0.363161,0.431561
14,152.172578,81,4.050000,0.043433,0.037758,0.023317,-0.046982,-0.031877,-0.026188,0.994001,-0.000746,-0.004713,-0.109264,0.116052,0.004784,0.249194,0.265235,-0.369979,0.378325,0.415245
14,152.172578,82,4.100000,0.041084,0.036164,0.022008,-0.051504,-0.030643,-0.025535,0.994661,0.002121,-0.004906,-0.103055,0.097507,0.024798,0.260998,0.265191,-0.679333,0.327620,0.389295
14,152.172578,83,4.150000,0.038509,0.034632,0.020731,-0.056512,-0.032219,-0.024968,0.995307,0.004578,-0.004555,-0.096550,0.063295,0.042144,0.272063,0.265133,-0.968769,0.208040,0.351938
14,152.172578,84,4.200000,0.035683,0.033021,0.019483,-0.061398,-0.036261,-0.024523,0.995937,0.006223,-0.003690,-0.089766,0.014421,0.053200,0.282067,0.265080,-1.380755,0.139901,0.300858
14,152.172578,85,4.250000,0.032613,0.031208,0.018257,-0.065554,-0.042021,-0.024185,0.996547,0.006676,-0.002441,-0.082731,-0.055186,0.060349,0.290619,0.265045,-0.874902,0.073269,0.214899
14,152.172578,86,4.300000,0.029335,0.029107,0.017047,-0.068485,-0.048353,-0.023911,0.997132,0.005408,-0.000872,-0.075482,-0.099597,0.063404,0.296727,0.265098,-0.220928,0.115431,0.116192
14,152.172578,87,4.350000,0.025911,0.026689,0.015852,-0.069739,-0.053583,-0.023518,0.997675,0.003038,0.000856,-0.068076,-0.111357,0.068054,0.300030,0.265160,0.432666,0.124496,0.003612
14,152.172578,88,4.400000,0.022424,0.024010,0.014676,-0.069104,-0.056617,-0.022992,0.998159,0.000383,0.002720,-0.060583,-0.090498,0.073011,0.300132,0.265181,0.628670,0.114484,-0.127850
14,152.172578,89,4.450000,0.018969,0.021179,0.013526,-0.066460,-0.057154,-0.022424,0.998578,-0.001744,0.004676,-0.053085,-0.059897,0.077704,0.296498,0.265144,-0.248040,-0.249399,-0.285408
14,152.172578,90,4.500000,0.015646,0.018321,0.012405,-0.061783,-0.055688,-0.021941,0.998929,-0.003102,0.006708,-0.045678,-0.073173,0.064560,0.288386,0.265052,0.046288,-0.458988,-0.407133
14,152.172578,91,4.550000,0.012557,0.015537,0.011308,-0.055066,-0.052947,-0.021657,0.999213,-0.004807,0.008426,-0.038468,-0.071565,0.040810,0.276813,0.264975,0.515370,-0.638641,-0.545013
14,152.172578,92,4.600000,0.009804,0.012889,0.010225,-0.046622,-0.048551,-0.021555,0.999436,-0.006497,0.009547,-0.031542,-0.046225,0.008126,0.261321,0.264901,0.799540,-0.677360,-0.697174
14,152.172578,93,4.650000,0.007472,0.010462,0.009147,-0.037059,-0.042476,-0.021629,0.999610,-0.007583,0.009829,-0.025003,-0.006329,-0.026200,0.241504,0.264883,0.740531,-0.624306,-0.861727
14,152.172578,94,4.700000,0.005620,0.008338,0.008066,-0.027234,-0.035281,-0.021755,0.999748,-0.007698,0.009224,-0.018960,0.030938,-0.057473,0.217010,0.264937,-0.075102,-0.539905,-1.039777
14,152.172578,95,4.750000,0.004258,0.006574,0.006978,-0.018042,-0.027900,-0.021773,0.999854,-0.006902,0.007814,-0.013532,0.027656,-0.084214,0.187455,0.265000,-0.023158,-0.250403,-1.136571
14,152.172578,96,4.800000,0.003356,0.005179,0.005890,-0.010282,-0.021231,-0.021638,0.999925,-0.006202,0.005732,-0.008837,0.027097,-0.096537,0.155148,0.265070,0.017964,0.145561,-1.235612
14,152.172578,97,4.850000,0.002842,0.004118,0.004808,-0.004601,-0.015192,-0.021339,0.999967,-0.005524,0.003337,-0.004948,0.028564,-0.089100,0.120026,0.265093,0.036637,0.528478,-1.335112
14,152.172578,98,4.900000,0.002612,0.003358,0.003741,-0.001298,-0.009785,-0.020966,0.999986,-0.004811,0.001123,-0.001937,0.030801,-0.062546,0.082076,0.265048,-0.088781,0.735844,-1.436349
14,152.172578,99,4.950000,0.002547,0.002869,0.002692,-0.000186,-0.005065,-0.020660,0.999992,-0.004042,-0.000433,0.000121,0.026557,-0.025658,0.041248,0.276038,-0.520906,0.522253,-1.544278
14,152.172578,100,5.000000,0.002537,0.002615,0.001659,-0.000629,-0.000933,0.000006,0.999993,-0.003378,-0.001070,0.001155,0.000552,0.000497,-0.002647,0,0,0,0
15,155.032445,0,0.000000,1.037090,1.055490,0.468912,-0.004101,-0.004177,-0.100708,0.999584,0.001286,-0.001311,-0.028780,0.000000,0.000000,0.000000,0.147715,11.490227,-9.983035,-0.315920
15,155.032445,1,0.050000,1.036885,1.055281,0.463877,-0.004838,-0.004860,-0.317664,0.999584,0.001286,-0.001311,-0.028780,0.574511,-0.499152,-0.008980,0.166686,4.652224,-3.954127,-0.286111
15,155.032445,2,0.100000,1.036643,1.055038,0.447994,-0.005670,-0.005630,-0.499488,0.999362,0.015281,-0.014195,-0.028996,0.806952,-0.697054,-0.017113,0.280355,-0.081366,0.136211,-0.250303
15,155.032445,3,0.150000,1.036360,1.054756,0.423019,-0.020861,-0.021060,-0.471263,0.998439,0.034931,-0.032178,-0.029393,0.802431,-0.690767,-0.024227,0.325964,-2.928660,2.610109,-0.212245
15,155.032445,4,0.200000,1.035317,1.053703,0.399456,-0.060887,-0.062023,-0.360849,0.996815,0.054453,-0.049971,-0.029945,0.655363,-0.561000,-0.030260,0.329673,-4.397232,3.855487,-0.177595
15,155.032445,5,0.250000,1.032272,1.050602,0.381414,-0.123699,-0.126472,-0.247512,0.994968,0.070386,-0.064386,-0.030637,0.434857,-0.368978,-0.035308,0.313239,-4.877985,4.221527,-0.148007
15,155.032445,6,0.300000,1.026087,1.044279,0.369038,-0.200521,-0.205431,-0.168497,0.993481,0.080969,-0.073827,-0.031461,0.190464,-0.158484,-0.039515,0.291112,-4.688710,4.000933,-0.123360
15,155.032445,7,0.350000,1.016061,1.034007,0.360613,-0.282349,-0.289658,-0.132845,0.992752,0.085646,-0.077832,-0.032411,-0.044209,0.041277,-0.043022,0.271876,-4.076045,3.419212,-0.102926
15,155.032445,8,0.400000,1.001944,1.019524,0.353971,-0.362948,-0.372734,-0.133357,0.992890,0.084666,-0.076679,-0.033477,-0.247944,0.212309,-0.045948,0.259412,-3.226736,2.644470,-0.085930
15,155.032445,9,0.450000,0.983796,1.000887,0.347303,-0.438820,-0.451035,-0.156001,0.993750,0.078775,-0.071102,-0.034642,-0.408911,0.344965,-0.048390,0.254187,-2.283229,1.803125,-0.071843
15,155.032445,10,0.500000,0.961855,0.978336,0.339503,-0.507909,-0.522414,-0.186385,0.995037,0.068994,-0.062077,-0.035888,-0.522439,0.435872,-0.050432,0.254645,-1.347001,0.986415,-0.060522
15,155.032445,11,0.550000,0.936460,0.952215,0.330184,-0.568500,-0.585060,-0.213444,0.996424,0.056459,-0.050671,-0.037196,-0.588955,0.486193,-0.052152,0.258461,-0.501211,0.267741,-0.052132
15,155.032445,12,0.600000,0.908035,0.922962,0.319512,-0.618842,-0.637109,-0.230822,0.997640,0.042298,-0.037931,-0.038548,-0.613053,0.500746,-0.053634,0.263440,0.188706,-0.294872,-0.047146
15,155.032445,13,0.650000,0.877093,0.891106,0.307970,-0.657355,-0.676856,-0.236620,0.998515,0.027536,-0.024790,-0.039930,-0.602598,0.487250,-0.054974,0.267981,0.755209,-0.738594,-0.046235
15,155.032445,14,0.700000,0.844225,0.857264,0.296139,-0.683014,-0.703163,-0.232222,0.998989,0.013012,-0.011985,-0.041333,-0.563821,0.451578,-0.056289,0.271303,1.242159,-1.114022,-0.050106
15,155.032445,15,0.750000,0.810075,0.822106,0.284528,-0.695585,-0.715727,-0.220623,0.999085,-0.000586,-0.000106,-0.042753,-0.500749,0.397081,-0.057713,0.273180,1.573786,-1.349741,-0.059066
15,155.032445,16,0.800000,0.775295,0.786319,0.273497,-0.695667,-0.715130,-0.205234,0.998889,-0.012667,0.010345,-0.044196,-0.421190,0.330691,-0.059392,0.273625,1.689728,-1.385405,-0.072599
15,155.032445,17,0.850000,0.740512,0.750563,0.263236,-0.684628,-0.702770,-0.189292,0.998514,-0.022833,0.019048,-0.045671,-0.335958,0.262370,-0.061455,0.272979,1.806898,-1.435808,-0.089721
15,155.032445,18,0.900000,0.706281,0.715424,0.253771,-0.664344,-0.680599,-0.175170,0.998069,-0.030947,0.025944,-0.047192,-0.245001,0.191363,-0.064006,0.271820,1.869528,-1.460041,-0.109390
15,155.032445,19,0.950000,0.673063,0.681394,0.245013,-0.636805,-0.650736,-0.163940,0.997649,-0.036875,0.030958,-0.048777,-0.151060,0.118956,-0.067115,0.270438,1.790363,-1.376046,-0.129914
15,155.032445,20,1.000000,0.641223,0.648857,0.236815,-0.604068,-0.615400,-0.155951,0.997322,-0.040549,0.034047,-0.050443,-0.061239,0.050539,-0.070808,0.269134,1.515329,-1.122937,-0.149433
15,155.032445,21,1.050000,0.611020,0.618087,0.229018,-0.568183,-0.576801,-0.150849,0.997125,-0.042072,0.035312,-0.052207,0.014664,-0.005444,-0.075055,0.268183,1.176271,-0.822846,-0.166092
15,155.032445,22,1.100000,0.582611,0.589247,0.221475,-0.531027,-0.536963,-0.147711,0.997045,-0.041780,0.035078,-0.054085,0.073462,-0.046628,-0.079777,0.267675,0.924072,-0.626946,-0.178771
15,155.032445,23,1.150000,0.556059,0.562399,0.214090,-0.494114,-0.497546,-0.145468,0.997050,-0.040082,0.033733,-0.056089,0.119524,-0.078197,-0.084858,0.267480,0.654369,-0.441896,-0.187750
15,155.032445,24,1.200000,0.531354,0.537522,0.206817,-0.458567,-0.459830,-0.143354,0.997109,-0.037283,0.031531,-0.058227,0.151991,-0.100677,-0.090195,0.267506,0.318234,-0.200403,-0.193619
15,155.032445,25,1.250000,0.508425,0.514530,0.199649,-0.425267,-0.424816,-0.140834,0.997185,-0.033712,0.028716,-0.060500,0.167558,-0.111218,-0.095698,0.267674,0.138088,-0.082200,-0.197333
15,155.032445,26,1.300000,0.487162,0.493290,0.192607,-0.394856,-0.393211,-0.137585,0.997246,-0.029771,0.025609,-0.062911,0.174058,-0.115936,-0.101307,0.267797,-0.063471,0.053017,-0.199565
15,155.032445,27,1.350000,0.467419,0.473629,0.185728,-0.367669,-0.365362,-0.133693,0.997274,-0.025679,0.022369,-0.065461,0.170439,-0.113954,-0.106980,0.267887,-0.225040,0.136275,-0.200431
15,155.032445,28,1.400000,0.449036,0.455361,0.179043,-0.343868,-0.341407,-0.129256,0.997255,-0.021675,0.019180,-0.068149,0.158724,-0.107833,-0.112677,0.267888,-0.330383,0.209086,-0.201660
15,155.032445,29,1.450000,0.431842,0.438291,0.172580,-0.323425,-0.321257,-0.124499,0.997186,-0.017955,0.016159,-0.070975,0.141744,-0.098057,-0.118409,0.267803,-0.485618,0.367522,-0.203814
15,155.032445,30,1.500000,0.415671,0.422228,0.166355,-0.306178,-0.304636,-0.119645,0.997065,-0.014643,0.013410,-0.073939,0.117023,-0.080318,-0.124203,0.267664,-0.451276,0.321438,-0.205894
15,155.032445,31,1.550000,0.400362,0.406996,0.160373,-0.291850,-0.291144,-0.114862,0.996894,-0.011916,0.011146,-0.077044,0.094080,-0.064798,-0.130055,0.267451,-0.393050,0.239575,-0.207382
15,155.032445,32,1.600000,0.385770,0.392439,0.154630,-0.279934,-0.280228,-0.110346,0.996680,-0.009733,0.009311,-0.080292,0.074108,-0.053283,-0.135950,0.267249,-0.279523,0.127401,-0.208280
15,155.032445,33,1.650000,0.371773,0.378427,0.149113,-0.269974,-0.271366,-0.106120,0.996430,-0.008025,0.007802,-0.083683,0.059857,-0.047296,-0.141870,0.267078,-0.166199,0.057759,-0.208373
15,155.032445,34,1.700000,0.358274,0.364859,0.143807,-0.261621,-0.264103,-0.102155,0.996146,-0.006660,0.006470,-0.087218,0.051292,-0.044730,-0.147793,0.266943,-0.271829,0.236194,-0.205545
15,155.032445,35,1.750000,0.345193,0.351654,0.138699,-0.254674,-0.258101,-0.098402,0.995831,-0.005504,0.005219,-0.090899,0.037450,-0.033208,-0.153636,0.266796,-0.173054,0.221255,-0.200881
15,155.032445,36,1.800000,0.332459,0.338749,0.133779,-0.249044,-0.253154,-0.094891,0.995483,-0.004667,0.004286,-0.094723,0.028603,-0.022364,-0.159346,0.266686,-0.169837,0.245869,-0.186590
15,155.032445,37,1.850000,0.320007,0.326091,0.129034,-0.244393,-0.248966,-0.091567,0.995104,-0.004025,0.003643,-0.098689,0.019976,-0.010243,-0.164649,0.266585,-0.221866,0.248615,-0.160751
15,155.032445,38,1.900000,0.307787,0.313643,0.124456,-0.240421,-0.245366,-0.088421,0.994692,-0.003569,0.003323,-0.102785,0.008819,0.002063,-0.169219,0.266495,-0.313937,0.193130,-0.125240
15,155.032445,39,1.950000,0.295766,0.301375,0.120035,-0.236797,-0.242199,-0.085436,0.994249,-0.003358,0.003336,-0.106993,-0.006865,0.011663,-0.172779,0.266423,-0.404355,-0.031237,-0.085016
15,155.032445,40,2.000000,0.283927,0.289265,0.115763,-0.233170,-0.239257,-0.082582,0.993776,-0.003512,0.003630,-0.111287,-0.027006,0.010146,-0.175195,0.266383,-0.412298,0.040613,-0.034998
15,155.032445,41,2.050000,0.272268,0.277302,0.111634,-0.229225,-0.236212,-0.079807,0.993275,-0.004170,0.003942,-0.115637,-0.047553,0.012356,-0.176190,0.266356,-0.323870,0.179653,0.008491
15,155.032445,42,2.100000,0.260807,0.265491,0.107644,-0.224887,-0.232575,-0.077088,0.992749,-0.005333,0.004368,-0.120007,-0.063664,0.021657,-0.175949,0.266351,-0.137298,0.295904,0.040374
15,155.032445,43,2.150000,0.249563,0.253862,0.103789,-0.219978,-0.227870,-0.074392,0.992199,-0.006867,0.005072,-0.124368,-0.070384,0.036877,-0.174801,0.266355,0.070325,0.260975,0.058033
15,155.032445,44,2.200000,0.238564,0.242469,0.100070,-0.214171,-0.221770,-0.071713,0.991628,-0.008520,0.006176,-0.128700,-0.066624,0.050393,-0.173151,0.266341,0.101237,-0.147580,0.058245
15,155.032445,45,2.250000,0.227855,0.231380,0.096484,-0.207048,-0.214220,-0.069097,0.991037,-0.010037,0.007603,-0.132992,-0.061230,0.043451,-0.171496,0.266291,0.264583,-0.222456,0.116475
15,155.032445,46,2.300000,0.217503,0.220669,0.093029,-0.198300,-0.205407,-0.066622,0.990433,-0.011442,0.008840,-0.137238,-0.047719,0.032727,-0.168185,0.266209,0.462126,-0.376078,0.163059
15,155.032445,47,2.350000,0.207588,0.210399,0.089698,-0.188120,-0.195430,-0.064349,0.989825,-0.012548,0.009766,-0.141400,-0.024403,0.014228,-0.163550,0.266103,0.567303,-0.461531,0.201165
15,155.032445,48,2.400000,0.198182,0.200628,0.086481,-0.176845,-0.184550,-0.062314,0.989227,-0.013141,0.010152,-0.145445,0.004050,-0.008697,-0.157832,0.266002,0.454557,-0.399878,0.234665
15,155.032445,49,2.450000,0.189339,0.191400,0.083365,-0.165067,-0.173198,-0.060489,0.988649,-0.013113,0.009871,-0.149345,0.026726,-0.028715,-0.151162,0.265944,0.096308,-0.198328,0.264121
15,155.032445,50,2.500000,0.181086,0.182740,0.080341,-0.153526,-0.161881,-0.058765,0.988093,-0.012597,0.009012,-0.153077,0.031376,-0.038785,-0.143654,0.265941,0.188216,-0.153334,0.306400
15,155.032445,51,2.550000,0.173410,0.174646,0.077402,-0.142857,-0.150980,-0.057018,0.987555,-0.012002,0.007888,-0.156619,0.040576,-0.046623,-0.134945,0.265907,0.197963,-0.026124,0.336946
15,155.032445,52,2.600000,0.166267,0.167097,0.074551,-0.133334,-0.140523,-0.055300,0.987041,-0.011210,0.006538,-0.159944,0.050235,-0.048137,-0.125367,0.265886,0.180074,0.104332,0.355156
15,155.032445,53,2.650000,0.159600,0.160071,0.071786,-0.125213,-0.130657,-0.053584,0.986555,-0.010183,0.005114,-0.163031,0.059010,-0.043159,-0.115272,0.265866,0.136022,0.166583,0.359569
15,155.032445,54,2.700000,0.153340,0.153538,0.069107,-0.118611,-0.121586,-0.051868,0.986100,-0.008918,0.003779,-0.165870,0.065622,-0.035088,-0.105052,0.265842,0.088755,0.045193,0.347927
15,155.032445,55,2.750000,0.147409,0.147459,0.066514,-0.113485,-0.113545,-0.050160,0.985677,-0.007456,0.002619,-0.168457,0.069920,-0.033090,-0.095162,0.265815,-0.020159,0.142690,0.377031
15,155.032445,56,2.800000,0.141735,0.141781,0.064006,-0.109707,-0.106744,-0.048471,0.985287,-0.005878,0.001491,-0.170800,0.068793,-0.026208,-0.084445,0.265780,-0.163010,0.255579,0.394777
15,155.032445,57,2.850000,0.136249,0.136444,0.061582,-0.107272,-0.101294,-0.046821,0.984934,-0.004299,0.000540,-0.172878,0.060558,-0.013650,-0.073224,0.265732,-0.280544,0.355975,0.402476
15,155.032445,58,2.900000,0.130886,0.131380,0.059241,-0.106018,-0.097218,-0.045244,0.984621,-0.002868,-0.000066,-0.174680,0.046493,0.003981,-0.061783,0.265675,-0.296803,0.407329,0.401815
15,155.032445,59,2.950000,0.125585,0.126519,0.056979,-0.105589,-0.094429,-0.043760,0.984353,-0.001706,-0.000176,-0.176200,0.031662,0.024238,-0.050362,0.265626,-0.047702,0.350269,0.396713
15,155.032445,60,3.000000,0.120305,0.121797,0.054791,-0.105464,-0.092747,-0.042363,0.984131,-0.000819,0.000279,-0.177440,0.029323,0.041691,-0.039085,0.265603,-0.145736,0.099367,0.410598
15,155.032445,61,3.050000,0.115032,0.117160,0.052673,-0.105050,-0.092002,-0.041006,0.983957,0.000087,0.001174,-0.178403,0.022098,0.046616,-0.027414,0.265569,-0.281101,-0.181891,0.426153
15,155.032445,62,3.100000,0.109780,0.112560,0.050623,-0.103929,-0.092292,-0.039713,0.983832,0.000837,0.002222,-0.179078,0.008092,0.037498,-0.015301,0.265523,-0.395349,-0.385134,0.446948
15,155.032445,63,3.150000,0.104583,0.107945,0.048637,-0.101927,-0.093493,-0.038509,0.983761,0.001203,0.003109,-0.179454,-0.011654,0.018237,-0.002597,0.265479,-0.399687,-0.398111,0.475802
15,155.032445,64,3.200000,0.099487,0.103271,0.046711,-0.099132,-0.095206,-0.037392,0.983748,0.000998,0.003610,-0.179516,-0.031636,-0.001668,0.010928,0.265456,-0.248983,0.135785,0.517479
15,155.032445,65,3.250000,0.094530,0.098510,0.044842,-0.095817,-0.096809,-0.036321,0.983798,0.000214,0.003710,-0.179244,-0.044085,0.005109,0.025637,0.265469,-0.126436,-0.033846,0.498250
15,155.032445,66,3.300000,0.089739,0.093670,0.043026,-0.092266,-0.097669,-0.035225,0.983911,-0.000845,0.004033,-0.178609,-0.050412,0.003373,0.039800,0.265458,-0.128862,-0.125687,0.494566
15,155.032445,67,3.350000,0.085126,0.088786,0.041265,-0.088216,-0.097560,-0.034153,0.984086,-0.002066,0.004342,-0.177625,-0.056860,-0.002987,0.053857,0.265443,-0.163513,-0.171388,0.509943
15,155.032445,68,3.400000,0.080715,0.083908,0.039557,-0.083654,-0.096319,-0.033115,0.984321,-0.003472,0.004524,-0.176294,-0.065029,-0.011673,0.068352,0.265428,-0.065868,-0.130756,0.547704
15,155.032445,69,3.450000,0.076533,0.079092,0.037901,-0.078675,-0.093743,-0.032114,0.984615,-0.005116,0.004529,-0.174603,-0.068292,-0.018379,0.083921,0.265409,0.353952,0.113115,0.610011
15,155.032445,70,3.500000,0.072599,0.074405,0.036296,-0.073413,-0.089569,-0.031162,0.984971,-0.006868,0.004386,-0.172526,-0.050536,-0.012941,0.101260,0.265363,0.521768,-0.044870,0.597070
15,155.032445,71,3.550000,0.068928,0.069927,0.034737,-0.068003,-0.083664,-0.030314,0.985397,-0.008157,0.004302,-0.170024,-0.024398,-0.015379,0.118232,0.265308,0.589226,-0.147975,0.602639
15,155.032445,72,3.600000,0.065528,0.065744,0.033222,-0.062474,-0.076484,-0.029586,0.985891,-0.008811,0.004051,-0.167105,0.005132,-0.022887,0.135361,0.265274,0.586788,-0.171011,0.624409
15,155.032445,73,3.650000,0.062404,0.061919,0.031742,-0.057104,-0.068615,-0.028931,0.986455,-0.008766,0.003496,-0.163763,0.034589,-0.031411,0.153110,0.265265,0.571958,-0.087763,0.660298
15,155.032445,74,3.700000,0.059549,0.058489,0.030296,-0.052306,-0.060681,-0.028288,0.987084,-0.008028,0.002613,-0.159982,0.063370,-0.035598,0.171879,0.265274,0.641928,0.045938,0.711164
15,155.032445,75,3.750000,0.056934,0.055455,0.028881,-0.048510,-0.053306,-0.027609,0.987775,-0.006596,0.001515,-0.155736,0.095698,-0.032888,0.192093,0.265292,0.407449,0.032225,0.693763
15,155.032445,76,3.800000,0.054508,0.052789,0.027501,-0.046030,-0.047137,-0.026873,0.988526,-0.004353,0.000362,-0.150989,0.116310,-0.030579,0.211813,0.265317,0.039538,0.081770,0.676910
15,155.032445,77,3.850000,0.052207,0.050432,0.026157,-0.045032,-0.042962,-0.026064,0.989320,-0.001592,-0.000809,-0.145749,0.118533,-0.025556,0.231054,0.265307,-0.294219,0.088821,0.658496
15,155.032445,78,3.900000,0.049955,0.048284,0.024854,-0.045591,-0.041298,-0.025258,0.990145,0.001242,-0.001864,-0.140028,0.104046,-0.020075,0.249772,0.265255,-0.663585,0.039148,0.636176
15,155.032445,79,3.950000,0.047676,0.046219,0.023591,-0.047575,-0.042250,-0.024549,0.990992,0.003735,-0.002733,-0.133838,0.071057,-0.017131,0.267855,0.265173,-1.207207,0.047745,0.606180
15,155.032445,80,4.000000,0.045297,0.044107,0.022364,-0.050726,-0.045526,-0.024009,0.991857,0.005420,-0.003420,-0.127196,0.010871,-0.014022,0.285085,0.265073,-0.877141,0.077433,0.544572
15,155.032445,81,4.050000,0.042761,0.041831,0.021163,-0.054733,-0.050376,-0.023673,0.992736,0.005620,-0.003841,-0.120124,-0.032834,-0.010033,0.300565,0.265059,-0.422091,0.260041,0.470370
15,155.032445,82,4.100000,0.040024,0.039312,0.019980,-0.059139,-0.055401,-0.023368,0.993613,0.004746,-0.004033,-0.112666,-0.053824,0.002595,0.313935,0.265084,0.048113,0.474281,0.381773
15,155.032445,83,4.150000,0.037067,0.036542,0.018811,-0.063598,-0.059585,-0.023009,0.994473,0.003385,-0.003854,-0.104870,-0.051450,0.025668,0.324786,0.265119,0.148277,0.621871,0.276130
15,155.032445,84,4.200000,0.033887,0.033563,0.017661,-0.067711,-0.062493,-0.022573,0.995297,0.002142,-0.003109,-0.096794,-0.044352,0.056127,0.332635,0.265141,-0.694117,0.462045,0.146130
15,155.032445,85,4.250000,0.030502,0.030438,0.016532,-0.070953,-0.064291,-0.022084,0.996073,0.001148,-0.001623,-0.088515,-0.079767,0.078669,0.336789,0.265172,-0.342368,0.331115,0.054710
15,155.032445,86,4.300000,0.026954,0.027223,0.015428,-0.072640,-0.065273,-0.021528,0.996784,-0.000678,0.000503,-0.080126,-0.097890,0.094206,0.338344,0.265224,0.225038,0.009617,-0.052061
15,155.032445,87,4.350000,0.023322,0.023960,0.014352,-0.072094,-0.064648,-0.020874,0.997418,-0.002924,0.003052,-0.071692,-0.087848,0.093429,0.336864,0.265193,0.630294,-0.273366,-0.177059
15,155.032445,88,4.400000,0.019717,0.020727,0.013308,-0.068898,-0.061998,-0.020294,0.997968,-0.004921,0.005564,-0.063290,-0.057528,0.078638,0.331831,0.265087,0.694783,-0.501984,-0.321779
15,155.032445,89,4.450000,0.016272,0.017627,0.012293,-0.063140,-0.057522,-0.019946,0.998437,-0.006186,0.007658,-0.055010,-0.023779,0.052814,0.322685,0.264972,0.005611,-0.705657,-0.489629
15,155.032445,90,4.500000,0.013115,0.014751,0.011296,-0.055303,-0.051874,-0.019851,0.998834,-0.006645,0.009058,-0.046958,-0.024145,0.017240,0.308767,0.264930,0.179840,-0.685243,-0.588383
15,155.032445,91,4.550000,0.010350,0.012158,0.010303,-0.046119,-0.045779,-0.019864,0.999158,-0.007157,0.009568,-0.039244,-0.015356,-0.017305,0.292043,0.264887,0.337281,-0.518889,-0.703190
15,155.032445,92,4.600000,0.008044,0.009869,0.009310,-0.036465,-0.039132,-0.019972,0.999419,-0.007488,0.009203,-0.031941,0.001700,-0.043419,0.272055,0.264899,0.455343,-0.279228,-0.832263
15,155.032445,93,4.650000,0.006221,0.007912,0.008312,-0.027206,-0.032078,-0.020055,0.999623,-0.007417,0.008167,-0.025136,0.024916,-0.057363,0.248398,0.264954,0.395847,-0.082261,-0.975484
15,155.032445,94,4.700000,0.004861,0.006308,0.007309,-0.019012,-0.025004,-0.020019,0.999775,-0.006780,0.006764,-0.018922,0.045249,-0.061241,0.220670,0.265024,-0.018936,-0.162564,-1.135709
15,155.032445,95,4.750000,0.003910,0.005058,0.006308,-0.012248,-0.018476,-0.019823,0.999880,-0.005640,0.005249,-0.013404,0.044815,-0.068991,0.188388,0.265070,-0.052430,0.065555,-1.196493
15,155.032445,96,4.800000,0.003298,0.004134,0.005317,-0.007021,-0.013008,-0.019511,0.999946,-0.004518,0.003536,-0.008691,0.042687,-0.065393,0.154378,0.265083,-0.113195,0.313300,-1.264045
15,155.032445,97,4.850000,0.002947,0.003484,0.004341,-0.003511,-0.008602,-0.019149,0.999981,-0.003452,0.001910,-0.004828,0.037410,-0.049477,0.118448,0.265040,-0.166980,0.468434,-1.337175
15,155.032445,98,4.900000,0.002771,0.003054,0.003384,-0.001620,-0.005223,-0.018850,0.999995,-0.002517,0.000678,-0.001864,0.029284,-0.025888,0.080440,0.264955,-0.225004,0.431099,-1.416163
15,155.032445,99,4.950000,0.002690,0.002793,0.002441,-0.000949,-0.002754,-0.018700,0.999998,-0.001785,0.000035,0.000148,0.018112,-0.004243,0.040186,0.274971,-0.363578,0.093393,-1.502999
15,155.032445,100,5.000000,0.002643,0.002655,0.001506,-0.000914,-0.000937,0.000002,0.999998,-0.001332,-0.000069,0.001153,-0.000060,0.000454,-0.002537,0,0,0,0
16,157.206362,0,0.000000,1.039353,1.057320,0.421578,-0.003504,-0.003963,-0.099243,0.999487,0.001260,-0.001539,-0.031972,0.000000,0.000000,0.000000,0.164823,11.216067,-9.888169,0.674933
16,157.206362,1,0.050000,1.039178,1.057122,0.416616,-0.004468,-0.004702,-0.284518,0.999487,0.001260,-0.001539,-0.031972,0.560803,-0.494408,0.019185,0.166863,4.596538,-3.979024,0.619197
16,157.206362,2,0.100000,1.038954,1.056887,0.402390,-0.005443,-0.005449,-0.466015,0.999291,0.014874,-0.014340,-0.031481,0.790990,-0.692951,0.036785,0.278899,0.010098,0.041226,0.578871
16,157.206362,3,0.150000,1.038682,1.056614,0.379089,-0.020729,-0.020336,-0.440476,0.998432,0.034064,-0.032276,-0.030526,0.792463,-0.689786,0.053239,0.324341,-2.815904,2.491838,0.547643
16,157.206362,4,0.200000,1.037646,1.055597,0.357066,-0.060689,-0.060009,-0.332991,0.996896,0.053257,-0.050126,-0.029135,0.653061,-0.563593,0.068806,0.328764,-4.270872,3.749035,0.519642
16,157.206362,5,0.250000,1.034611,1.052597,0.340416,-0.123425,-0.122877,-0.221182,0.995138,0.069020,-0.064725,-0.027345,0.440989,-0.374436,0.083577,0.312950,-4.736779,4.159860,0.491612
16,157.206362,6,0.300000,1.028440,1.046453,0.329357,-0.200269,-0.200436,-0.142523,0.993722,0.079591,-0.074478,-0.025196,0.205338,-0.165044,0.097551,0.291210,-4.550158,4.020006,0.462078
16,157.206362,7,0.350000,1.018427,1.036431,0.322231,-0.282256,-0.283717,-0.106560,0.993043,0.084405,-0.078899,-0.022718,-0.021559,0.036717,0.110685,0.272096,-3.984802,3.566749,0.430267
16,157.206362,8,0.400000,1.004314,1.022245,0.316903,-0.363147,-0.366379,-0.106633,0.993220,0.083672,-0.078209,-0.019935,-0.220953,0.214964,0.122915,0.259465,-3.173773,2.903804,0.395487
16,157.206362,9,0.450000,0.986157,1.003926,0.311571,-0.439397,-0.444742,-0.129248,0.994129,0.078050,-0.073016,-0.016865,-0.380645,0.359123,0.134157,0.253847,-2.203225,2.090927,0.356935
16,157.206362,10,0.500000,0.964187,0.981689,0.305109,-0.508879,-0.516534,-0.160402,0.995493,0.068490,-0.064186,-0.013524,-0.492635,0.461731,0.144302,0.253989,-1.250337,1.285965,0.314060
16,157.206362,11,0.550000,0.938743,0.955863,0.297089,-0.569858,-0.579855,-0.188840,0.996978,0.056145,-0.052767,-0.009931,-0.557680,0.523332,0.153229,0.257676,-0.455021,0.618034,0.267004
16,157.206362,12,0.600000,0.910250,0.926870,0.287647,-0.620596,-0.632776,-0.207828,0.998299,0.042165,-0.039793,-0.006111,-0.583474,0.550990,0.160819,0.262593,0.337639,-0.072219,0.216396
16,157.206362,13,0.650000,0.879220,0.895231,0.277255,-0.659482,-0.673478,-0.215313,0.999278,0.027522,-0.026116,-0.002097,-0.569955,0.543818,0.166970,0.267373,1.028238,-0.702527,0.163102
16,157.206362,14,0.700000,0.846246,0.861557,0.266490,-0.685383,-0.700658,-0.212104,0.999831,0.013200,-0.012613,0.002076,-0.521990,0.505080,0.171606,0.270976,1.500701,-1.162202,0.108829
16,157.206362,15,0.750000,0.811977,0.826524,0.255884,-0.698012,-0.713930,-0.201131,0.999980,0.000072,-0.000072,0.006366,-0.450244,0.443570,0.174700,0.272899,1.683465,-1.371537,0.055605
16,157.206362,16,0.800000,0.777076,0.790828,0.245828,-0.698084,-0.714003,-0.186262,0.999819,-0.011253,0.010944,0.010732,-0.369012,0.372008,0.176280,0.273240,1.699622,-1.440900,0.005554
16,157.206362,17,0.850000,0.742172,0.755128,0.236515,-0.687133,-0.702498,-0.171011,0.999471,-0.020526,0.020191,0.015133,-0.286519,0.297495,0.176438,0.272580,1.699665,-1.516058,-0.039900
16,157.206362,18,0.900000,0.707815,0.720003,0.227964,-0.667073,-0.681478,-0.157570,0.999044,-0.027707,0.027605,0.019533,-0.203528,0.219773,0.175304,0.271442,1.586078,-1.505139,-0.080806
16,157.206362,19,0.950000,0.674462,0.685929,0.220086,-0.639891,-0.653107,-0.146938,0.998628,-0.032776,0.033115,0.023898,-0.125686,0.143162,0.173007,0.270116,1.328151,-1.354440,-0.117690
16,157.206362,20,1.000000,0.642467,0.653273,0.212739,-0.607592,-0.619571,-0.139395,0.998283,-0.035855,0.036755,0.028204,-0.060219,0.074615,0.169662,0.268925,1.159734,-1.252530,-0.151644
16,157.206362,21,1.050000,0.612088,0.622295,0.205769,-0.572053,-0.582887,-0.134512,0.998029,-0.037254,0.038726,0.032426,-0.002713,0.011601,0.165351,0.268034,0.917919,-1.070530,-0.183522
16,157.206362,22,1.100000,0.583485,0.593151,0.199044,-0.534884,-0.544730,-0.131520,0.997872,-0.037171,0.039167,0.036543,0.043111,-0.041943,0.160135,0.267479,0.676875,-0.890409,-0.213723
16,157.206362,23,1.150000,0.556741,0.565914,0.192468,-0.497511,-0.506567,-0.129577,0.997798,-0.035900,0.038309,0.040534,0.077209,-0.086201,0.154060,0.267228,0.465155,-0.683763,-0.244311
16,157.206362,24,1.200000,0.531865,0.540586,0.185989,-0.461120,-0.469577,-0.127939,0.997782,-0.033739,0.036374,0.044380,0.100971,-0.119938,0.147115,0.267203,0.187576,-0.367093,-0.276116
16,157.206362,25,1.250000,0.508809,0.517107,0.179592,-0.426684,-0.434664,-0.126053,0.997799,-0.030953,0.033618,0.048059,0.111019,-0.137729,0.139267,0.267355,0.091995,-0.241089,-0.308299
16,157.206362,26,1.300000,0.487475,0.495374,0.173289,-0.394941,-0.402482,-0.123519,0.997817,-0.027901,0.030423,0.051545,0.116347,-0.149197,0.130503,0.267463,0.022531,-0.147736,-0.340415
16,157.206362,27,1.350000,0.467728,0.475250,0.167113,-0.366294,-0.373350,-0.120405,0.997827,-0.024706,0.026942,0.054815,0.118213,-0.156007,0.120827,0.267547,0.016422,-0.092691,-0.372581
16,157.206362,28,1.400000,0.449413,0.456582,0.161093,-0.340997,-0.347458,-0.116771,0.997823,-0.021462,0.023286,0.057845,0.119749,-0.160100,0.110237,0.267580,0.022539,-0.012509,-0.404695
16,157.206362,29,1.450000,0.432363,0.439209,0.155254,-0.319200,-0.324900,-0.112747,0.997805,-0.018179,0.019525,0.060610,0.121546,-0.160224,0.098733,0.267574,-0.175353,0.291198,-0.434746
16,157.206362,30,1.500000,0.416403,0.422964,0.149617,-0.300985,-0.305751,-0.108444,0.997773,-0.014855,0.015757,0.063086,0.113379,-0.145209,0.086376,0.267545,-0.155004,0.375336,-0.463778
16,157.206362,31,1.550000,0.401354,0.407677,0.144195,-0.286335,-0.290079,-0.103956,0.997723,-0.011764,0.012345,0.065249,0.106104,-0.126070,0.073193,0.267384,-0.213036,0.473690,-0.483775
16,157.206362,32,1.600000,0.387037,0.393173,0.138997,-0.274897,-0.277658,-0.099587,0.997664,-0.008889,0.009395,0.067078,0.095803,-0.102091,0.059442,0.267188,-0.310741,0.524961,-0.492535
16,157.206362,33,1.650000,0.373293,0.379290,0.134018,-0.266212,-0.268258,-0.095461,0.997602,-0.006315,0.007023,0.068560,0.080496,-0.075627,0.045442,0.266963,-0.435536,0.495542,-0.491610
16,157.206362,34,1.700000,0.359982,0.365877,0.129245,-0.259713,-0.261553,-0.091672,0.997546,-0.004169,0.005282,0.069691,0.058850,-0.050711,0.031468,0.266742,-0.549658,0.278712,-0.485744
16,157.206362,35,1.750000,0.346996,0.352799,0.124661,-0.254795,-0.257081,-0.088251,0.997502,-0.002609,0.004123,0.070473,0.031427,-0.036705,0.017661,0.266569,-0.576934,0.342718,-0.470090
16,157.206362,36,1.800000,0.334257,0.339945,0.120248,-0.250916,-0.254224,-0.085129,0.997476,-0.001759,0.003264,0.070913,0.002605,-0.019548,0.004299,0.266419,-0.509349,0.465733,-0.461209
16,157.206362,37,1.850000,0.321711,0.327234,0.115992,-0.247826,-0.252264,-0.082275,0.997470,-0.001659,0.002781,0.071021,-0.022859,0.003739,-0.008811,0.266312,-0.343115,0.562926,-0.464067
16,157.206362,38,1.900000,0.309320,0.314621,0.111878,-0.245206,-0.250437,-0.079615,0.997484,-0.002236,0.002834,0.070802,-0.040014,0.031893,-0.022002,0.266265,-0.150450,0.508384,-0.480720
16,157.206362,39,1.950000,0.297059,0.302099,0.107897,-0.242575,-0.248040,-0.077045,0.997517,-0.003292,0.003557,0.070255,-0.047509,0.057346,-0.035666,0.266277,-0.124143,0.078153,-0.513611
16,157.206362,40,2.000000,0.284931,0.289697,0.104045,-0.239304,-0.244555,-0.074463,0.997569,-0.004581,0.004901,0.069365,-0.053639,0.061317,-0.050265,0.266326,0.045175,-0.026282,-0.487191
16,157.206362,41,2.050000,0.272965,0.277469,0.100322,-0.234795,-0.239712,-0.071811,0.997639,-0.006031,0.006331,0.068110,-0.051263,0.060106,-0.064114,0.266328,0.253212,-0.214590,-0.470950
16,157.206362,42,2.100000,0.261226,0.265484,0.096731,-0.228970,-0.233352,-0.069186,0.997728,-0.007422,0.007733,0.066510,-0.038456,0.049501,-0.077500,0.266307,0.376384,-0.342815,-0.461477
16,157.206362,43,2.150000,0.249777,0.253816,0.093272,-0.221847,-0.225540,-0.066638,0.997837,-0.008478,0.008889,0.064575,-0.019492,0.032473,-0.090618,0.266242,0.289240,-0.334145,-0.454737
16,157.206362,44,2.200000,0.238685,0.242539,0.089940,-0.213640,-0.216632,-0.064246,0.997969,-0.009037,0.009649,0.062312,-0.004918,0.015833,-0.103543,0.266153,-0.037951,-0.193929,-0.449999
16,157.206362,45,2.250000,0.228003,0.231707,0.086728,-0.204703,-0.207149,-0.062043,0.998122,-0.009210,0.010013,0.059726,-0.006753,0.006156,-0.116334,0.266077,0.086329,-0.210791,-0.430276
16,157.206362,46,2.300000,0.217768,0.221350,0.083626,-0.195396,-0.197501,-0.059990,0.998288,-0.009416,0.010129,0.056823,-0.002410,-0.004354,-0.128565,0.266018,0.131840,-0.136858,-0.419326
16,157.206362,47,2.350000,0.207998,0.211475,0.080626,-0.185961,-0.187672,-0.058053,0.998466,-0.009503,0.009987,0.053616,0.004161,-0.011185,-0.140484,0.265964,0.154038,-0.051462,-0.417200
16,157.206362,48,2.400000,0.198700,0.202091,0.077724,-0.176640,-0.177798,-0.056215,0.998652,-0.009419,0.009680,0.050110,0.011803,-0.013780,-0.152343,0.265918,0.154768,-0.024456,-0.424515
16,157.206362,49,2.450000,0.189868,0.193201,0.074913,-0.167584,-0.168056,-0.054454,0.998842,-0.009144,0.009315,0.046307,0.019462,-0.015071,-0.164409,0.265878,0.156153,-0.170295,-0.442691
16,157.206362,50,2.500000,0.181489,0.184799,0.072190,-0.158839,-0.158638,-0.052756,0.999032,-0.008679,0.008923,0.042200,0.027176,-0.023707,-0.176993,0.265832,0.097185,-0.087340,-0.414542
16,157.206362,51,2.550000,0.173547,0.176867,0.069552,-0.150422,-0.149731,-0.051126,0.999219,-0.008014,0.008321,0.037778,0.031876,-0.028257,-0.188776,0.265805,-0.001255,0.022869,-0.391874
16,157.206362,52,2.600000,0.166026,0.169380,0.066996,-0.142534,-0.141538,-0.049526,0.999398,-0.007230,0.007608,0.033061,0.031611,-0.027342,-0.199915,0.265783,-0.082788,0.134679,-0.373004
16,157.206362,53,2.650000,0.158899,0.162303,0.064520,-0.135285,-0.134177,-0.047944,0.999561,-0.006456,0.006915,0.028065,0.027264,-0.020848,-0.210517,0.265759,-0.073813,0.213442,-0.355950
16,157.206362,54,2.700000,0.152135,0.155594,0.062123,-0.128661,-0.127634,-0.046386,0.999703,-0.005796,0.006379,0.022803,0.023407,-0.010394,-0.220635,0.265727,0.188905,0.199579,-0.336520
16,157.206362,55,2.750000,0.145702,0.149213,0.059803,-0.122515,-0.121788,-0.044872,0.999818,-0.005241,0.006100,0.017286,0.032765,-0.000611,-0.230201,0.265687,0.095265,0.003085,-0.290762
16,157.206362,56,2.800000,0.139576,0.143123,0.057560,-0.116602,-0.116528,-0.043422,0.999905,-0.004456,0.006069,0.011527,0.037523,-0.000743,-0.238465,0.265650,-0.046193,-0.223841,-0.236479
16,157.206362,57,2.850000,0.133746,0.137297,0.055389,-0.110683,-0.112075,-0.042033,0.999960,-0.003554,0.006034,0.005560,0.035206,-0.012274,-0.245187,0.265616,-0.184132,-0.375568,-0.171269
16,157.206362,58,2.900000,0.128212,0.131693,0.053287,-0.104766,-0.108546,-0.040700,0.999980,-0.002709,0.005711,-0.000574,0.025886,-0.031380,-0.250056,0.265587,-0.234378,-0.340900,-0.093999
16,157.206362,59,2.950000,0.122973,0.126266,0.051252,-0.099147,-0.105884,-0.039411,0.999962,-0.002098,0.004909,-0.006826,0.013869,-0.048671,-0.252727,0.265566,-0.151216,0.237564,-0.001421
16,157.206362,60,3.000000,0.118016,0.120972,0.049282,-0.094305,-0.103853,-0.038150,0.999905,-0.001791,0.003676,-0.013143,0.005841,-0.036926,-0.252768,0.265540,-0.111041,0.113895,0.032583
16,157.206362,61,3.050000,0.113301,0.115779,0.047374,-0.090667,-0.102139,-0.036925,0.999805,-0.001680,0.002740,-0.019460,-0.000065,-0.031287,-0.251842,0.265507,-0.193648,0.061395,0.084264
16,157.206362,62,3.100000,0.108767,0.110672,0.045528,-0.087941,-0.100540,-0.035756,0.999665,-0.001714,0.001947,-0.025753,-0.010047,-0.028217,-0.249447,0.265477,-0.303998,0.044278,0.156234
16,157.206362,63,3.150000,0.104370,0.105645,0.043740,-0.085984,-0.098904,-0.034638,0.999486,-0.001996,0.001238,-0.031985,-0.025514,-0.025908,-0.245006,0.265451,-0.275011,0.102574,0.250928
16,157.206362,64,3.200000,0.100071,0.100700,0.042008,-0.084705,-0.096982,-0.033567,0.999270,-0.002661,0.000599,-0.038104,-0.039505,-0.020542,-0.237873,0.265426,0.088223,0.354508,0.369859
16,157.206362,65,3.250000,0.095836,0.095851,0.040330,-0.084017,-0.094390,-0.032544,0.999023,-0.003671,0.000107,-0.044044,-0.035279,-0.002460,-0.227360,0.265392,0.220879,0.195751,0.413473
16,157.206362,66,3.300000,0.091635,0.091131,0.038702,-0.083753,-0.090789,-0.031592,0.998753,-0.004556,0.000064,-0.049721,-0.024257,0.007632,-0.215607,0.265372,0.283403,0.074917,0.475380
16,157.206362,67,3.350000,0.087447,0.086592,0.037123,-0.083467,-0.086320,-0.030683,0.998467,-0.005152,0.000260,-0.055105,-0.010024,0.011577,-0.202095,0.265353,0.304266,0.016287,0.553184
16,157.206362,68,3.400000,0.083274,0.082276,0.035589,-0.082933,-0.081278,-0.029813,0.998175,-0.005388,0.000537,-0.060150,0.005278,0.012468,-0.186371,0.265336,0.337022,0.048844,0.644848
16,157.206362,69,3.450000,0.079127,0.078212,0.034098,-0.082088,-0.076025,-0.028980,0.997884,-0.005240,0.000815,-0.064802,0.022217,0.014873,-0.168041,0.265319,0.474415,0.121612,0.751542
16,157.206362,70,3.500000,0.075023,0.074411,0.032649,-0.080956,-0.070939,-0.028177,0.997605,-0.004665,0.001128,-0.068996,0.046033,0.020812,-0.146679,0.265307,0.323660,0.041007,0.790885
16,157.206362,71,3.550000,0.070975,0.070864,0.031240,-0.079534,-0.066443,-0.027390,0.997350,-0.003485,0.001550,-0.072657,0.062332,0.022606,-0.124198,0.265302,0.049370,0.018481,0.832129
16,157.206362,72,3.600000,0.066998,0.067542,0.029871,-0.077766,-0.063138,-0.026604,0.997122,-0.001894,0.001990,-0.075758,0.064907,0.023236,-0.100545,0.265286,-0.190560,-0.048444,0.873586
16,157.206362,73,3.650000,0.063110,0.064385,0.028541,-0.075675,-0.061430,-0.025842,0.996929,-0.000237,0.002441,-0.078268,0.055468,0.020566,-0.075714,0.265257,-0.474290,-0.171174,0.913085
16,157.206362,74,3.700000,0.059326,0.061313,0.027248,-0.073266,-0.061385,-0.025130,0.996777,0.001181,0.002845,-0.080158,0.031812,0.011848,-0.049760,0.265218,-0.948371,-0.232306,0.946471
16,157.206362,75,3.750000,0.055663,0.058244,0.025992,-0.070573,-0.062765,-0.024495,0.996675,0.001994,0.003078,-0.081400,-0.015584,0.000173,-0.022856,0.265177,-0.573671,-0.262690,0.948452
16,157.206362,76,3.800000,0.052134,0.055106,0.024767,-0.067719,-0.064963,-0.023939,0.996629,0.001604,0.003115,-0.081968,-0.044267,-0.012948,0.004103,0.265173,-0.097046,-0.122102,0.937309
16,157.206362,77,3.850000,0.048748,0.051858,0.023570,-0.064799,-0.066783,-0.023390,0.996639,0.000475,0.002883,-0.081863,-0.049118,-0.019060,0.030746,0.265180,0.374451,0.076326,0.910838
16,157.206362,78,3.900000,0.045508,0.048518,0.022401,-0.062016,-0.067480,-0.022825,0.996703,-0.000786,0.002508,-0.081094,-0.030373,-0.015301,0.056636,0.265176,0.457573,0.240157,0.866575
16,157.206362,79,3.950000,0.042408,0.045144,0.021260,-0.059498,-0.066910,-0.022264,0.996817,-0.001570,0.002190,-0.079680,-0.007461,-0.003359,0.081268,0.265157,-0.423013,0.131306,0.797156
16,157.206362,80,4.000000,0.039433,0.041799,0.020146,-0.057231,-0.065544,-0.021740,0.996977,-0.001758,0.002124,-0.077654,-0.028602,0.003184,0.103927,0.265144,-0.141265,0.088866,0.763618
16,157.206362,81,4.050000,0.036571,0.038522,0.019059,-0.055017,-0.063985,-0.021240,0.997173,-0.002460,0.002264,-0.075062,-0.035677,0.007514,0.125633,0.265129,0.323374,-0.096708,0.711289
16,157.206362,82,4.100000,0.033820,0.035322,0.017997,-0.052620,-0.061743,-0.020771,0.997401,-0.003328,0.002526,-0.071928,-0.019545,0.002509,0.145851,0.265095,0.588501,-0.185129,0.636577
16,157.206362,83,4.150000,0.031189,0.032235,0.016959,-0.049911,-0.058663,-0.020372,0.997655,-0.003801,0.002635,-0.068290,0.009867,-0.006856,0.163945,0.265064,0.493883,-0.189144,0.538114
16,157.206362,84,4.200000,0.028694,0.029302,0.015940,-0.047075,-0.055116,-0.020034,0.997928,-0.003556,0.002463,-0.064201,0.034603,-0.016252,0.179241,0.265054,-0.360301,-0.169641,0.412177
16,157.206362,85,4.250000,0.026340,0.026546,0.014938,-0.044438,-0.051788,-0.019712,0.998209,-0.002708,0.002018,-0.059729,0.016699,-0.024499,0.190957,0.265074,-0.314789,0.002937,0.349554
16,157.206362,86,4.300000,0.024118,0.023957,0.013953,-0.042302,-0.049252,-0.019345,0.998485,-0.002318,0.001395,-0.054962,0.001137,-0.024231,0.200893,0.265063,-0.181709,0.179194,0.262276
16,157.206362,87,4.350000,0.022003,0.021494,0.012986,-0.040810,-0.047055,-0.018995,0.998749,-0.002316,0.000800,-0.049945,-0.007764,-0.015262,0.208348,0.265042,0.006128,0.309374,0.149713
16,157.206362,88,4.400000,0.019962,0.019142,0.012036,-0.039912,-0.044824,-0.018682,0.998995,-0.002525,0.000440,-0.044742,-0.007337,0.000145,0.212603,0.265017,0.072497,0.332559,0.010540
16,157.206362,89,4.450000,0.017967,0.016900,0.011102,-0.039369,-0.042368,-0.018416,0.999219,-0.002705,0.000466,-0.039431,-0.003713,0.016714,0.212903,0.264996,-0.189554,0.050694,-0.158834
16,157.206362,90,4.500000,0.015998,0.014782,0.010181,-0.038808,-0.039733,-0.018191,0.999414,-0.002779,0.000901,-0.034113,-0.013326,0.019219,0.208388,0.264984,-0.067739,0.076297,-0.242534
16,157.206362,91,4.550000,0.014058,0.012795,0.009271,-0.037831,-0.037037,-0.017988,0.999576,-0.003091,0.001407,-0.028907,-0.016865,0.022928,0.201494,0.264963,0.015295,0.144423,-0.346588
16,157.206362,92,4.600000,0.012166,0.010943,0.008372,-0.036363,-0.034045,-0.017827,0.999707,-0.003489,0.002008,-0.023873,-0.016275,0.030020,0.191643,0.264941,0.080833,0.164691,-0.468823
16,157.206362,93,4.650000,0.010348,0.009241,0.007481,-0.034311,-0.030669,-0.017712,0.999807,-0.003868,0.002785,-0.019085,-0.012452,0.038136,0.178316,0.264920,0.109079,0.050520,-0.607620
16,157.206362,94,4.700000,0.008633,0.007708,0.006595,-0.031507,-0.026927,-0.017642,0.999877,-0.004148,0.003761,-0.014631,-0.007256,0.040578,0.161045,0.264909,0.026133,-0.312126,-0.762371
16,157.206362,95,4.750000,0.007057,0.006361,0.005713,-0.027758,-0.022911,-0.017600,0.999923,-0.004300,0.004795,-0.010608,-0.006197,0.024927,0.139375,0.264922,0.063307,-0.309233,-0.835519
16,157.206362,96,4.800000,0.005669,0.005216,0.004833,-0.023009,-0.018743,-0.017545,0.999950,-0.004431,0.005434,-0.007126,-0.003164,0.009433,0.115626,0.264930,0.082791,-0.278006,-0.910919
16,157.206362,97,4.850000,0.004519,0.004279,0.003956,-0.017646,-0.014433,-0.017482,0.999965,-0.004493,0.005684,-0.004236,0.000934,-0.004481,0.089733,0.264945,0.079137,-0.203125,-0.986046
16,157.206362,98,4.900000,0.003637,0.003557,0.003082,-0.012050,-0.010048,-0.017395,0.999973,-0.004457,0.005582,-0.001993,0.004906,-0.014634,0.061705,0.264959,0.030864,-0.037072,-1.059354
16,157.206362,99,4.950000,0.003034,0.003055,0.002212,-0.006564,-0.005685,-0.017280,0.999977,-0.004327,0.005222,-0.000449,0.006484,-0.016476,0.031593,0.274239,-0.121170,0.316322,-1.130219
16,157.206362,100,5.000000,0.002706,0.002770,0.001348,-0.001258,-0.001292,0.000023,0.999980,-0.004161,0.004814,0.000342,0.000445,-0.000652,-0.000533,0,0,0,0
17,162.349211,0,0.000000,1.041505,1.059199,0.376971,-0.004108,-0.004261,-0.095947,0.999434,0.001356,-0.001555,-0.033590,0.000000,0.000000,0.000000,0.179817,11.404211,-10.160391,1.014748
17,162.349211,1,0.050000,1.041299,1.058986,0.372174,-0.005174,-0.005129,-0.253456,0.999434,0.001356,-0.001555,-0.033590,0.570211,-0.508020,0.028844,0.164952,4.620611,-4.110169,0.913052
17,162.349211,2,0.100000,1.041040,1.058730,0.359501,-0.006151,-0.005925,-0.438492,0.999236,0.015173,-0.014725,-0.032858,0.801797,-0.712904,0.054797,0.278969,-0.110764,0.065804,0.831957
17,162.349211,3,0.150000,1.040733,1.058433,0.337577,-0.021868,-0.021090,-0.412844,0.998355,0.034584,-0.033201,-0.031453,0.797742,-0.707946,0.078445,0.325220,-3.003905,2.607913,0.764840
17,162.349211,4,0.200000,1.039639,1.057379,0.316934,-0.063104,-0.061420,-0.303854,0.996783,0.053854,-0.051548,-0.029435,0.649654,-0.575176,0.100185,0.329236,-4.416450,3.900549,0.704933
17,162.349211,5,0.250000,1.036484,1.054308,0.301742,-0.127692,-0.125028,-0.191435,0.995004,0.069474,-0.066478,-0.026869,0.431018,-0.377678,0.120223,0.312536,-4.824442,4.341130,0.646185
17,162.349211,6,0.300000,1.030100,1.048056,0.292170,-0.206419,-0.202977,-0.113866,0.993602,0.079734,-0.076363,-0.023815,0.191520,-0.158655,0.138591,0.290224,-4.632906,4.275487,0.585757
17,162.349211,7,0.350000,1.019779,1.037908,0.286477,-0.290018,-0.286180,-0.080017,0.992974,0.084130,-0.080692,-0.020323,-0.039291,0.056127,0.155240,0.270910,-3.903541,3.722154,0.522997
17,162.349211,8,0.400000,1.005278,1.023599,0.282476,-0.372128,-0.368355,-0.082466,0.993240,0.082869,-0.079605,-0.016430,-0.234799,0.242003,0.170107,0.258224,-2.906253,2.902219,0.458621
17,162.349211,9,0.450000,0.986671,1.005181,0.278353,-0.449049,-0.445823,-0.107401,0.994234,0.076796,-0.073848,-0.012172,-0.381674,0.385598,0.183143,0.253070,-1.890029,2.033394,0.394688
17,162.349211,10,0.500000,0.964219,0.982890,0.272983,-0.518743,-0.516546,-0.139892,0.995632,0.067082,-0.064493,-0.007583,-0.478856,0.484615,0.194362,0.253748,-1.031638,1.280064,0.333621
17,162.349211,11,0.550000,0.938282,0.957062,0.265988,-0.579567,-0.578855,-0.168626,0.997097,0.054932,-0.052657,-0.002704,-0.534012,0.545086,0.203845,0.257613,-0.291847,0.600722,0.277785
17,162.349211,12,0.600000,0.909303,0.928120,0.257557,-0.629804,-0.630979,-0.187589,0.998367,0.041381,-0.039306,0.002422,-0.552821,0.570991,0.211741,0.262539,0.415666,-0.095414,0.228699
17,162.349211,13,0.650000,0.877813,0.896571,0.248177,-0.667864,-0.671244,-0.195073,0.999276,0.027335,-0.025301,0.007753,-0.536627,0.561778,0.218241,0.267213,0.948042,-0.675368,0.186233
17,162.349211,14,0.700000,0.844420,0.863009,0.238424,-0.692676,-0.698471,-0.192106,0.999752,0.013679,-0.011518,0.013247,-0.493878,0.523565,0.223535,0.270626,1.244173,-1.055982,0.149586
17,162.349211,15,0.750000,0.809786,0.828085,0.228818,-0.704036,-0.712331,-0.181767,0.999821,0.001097,0.001328,0.018867,-0.436111,0.466576,0.227787,0.272423,1.520082,-1.405515,0.117234
17,162.349211,16,0.800000,0.774584,0.792468,0.219730,-0.702676,-0.713413,-0.167784,0.999566,-0.010015,0.012776,0.024585,-0.364140,0.392530,0.231119,0.272937,1.607920,-1.584173,0.087809
17,162.349211,17,0.850000,0.739451,0.756798,0.211341,-0.690015,-0.702977,-0.153112,0.999101,-0.019279,0.022417,0.030375,-0.287187,0.310127,0.233615,0.272347,1.584497,-1.670353,0.060345
17,162.349211,18,0.900000,0.704950,0.721649,0.203685,-0.668014,-0.682860,-0.140148,0.998539,-0.026555,0.030056,0.036219,-0.210712,0.224063,0.235330,0.271171,1.487463,-1.637464,0.032195
17,162.349211,19,0.950000,0.671549,0.687506,0.196678,-0.638839,-0.655135,-0.130096,0.997971,-0.031840,0.035613,0.042101,-0.138340,0.140308,0.236245,0.269815,1.242894,-1.416088,0.002044
17,162.349211,20,1.000000,0.639607,0.654749,0.190173,-0.604662,-0.621883,-0.123218,0.997457,-0.035228,0.039155,0.048005,-0.077453,0.068264,0.236303,0.268616,1.113934,-1.315393,-0.029685
17,162.349211,21,1.050000,0.609374,0.623655,0.184012,-0.567490,-0.585055,-0.119041,0.997018,-0.037009,0.040971,0.053913,-0.022369,0.001799,0.235460,0.267727,0.963080,-1.188899,-0.062878
17,162.349211,22,1.100000,0.581000,0.594402,0.178060,-0.528963,-0.546277,-0.116773,0.996661,-0.037327,0.041203,0.059802,0.025769,-0.057846,0.233672,0.267155,0.843425,-1.055775,-0.097974
17,162.349211,23,1.150000,0.554551,0.567088,0.172221,-0.490539,-0.507029,-0.115600,0.996377,-0.036357,0.040017,0.065650,0.068454,-0.110406,0.230888,0.266879,0.718264,-0.866177,-0.135078
17,162.349211,24,1.200000,0.530024,0.541737,0.166441,-0.453487,-0.468625,-0.114769,0.996149,-0.034239,0.037589,0.071432,0.105334,-0.153115,0.227048,0.266861,0.383277,-0.434528,-0.172256
17,162.349211,25,1.250000,0.507350,0.518306,0.160703,-0.418896,-0.432261,-0.113638,0.995951,-0.031128,0.034157,0.077116,0.125817,-0.173934,0.222152,0.267107,0.268303,-0.213002,-0.210511
17,162.349211,26,1.300000,0.486405,0.496693,0.155021,-0.387616,-0.398985,-0.111609,0.995739,-0.027470,0.030241,0.082673,0.140699,-0.183523,0.216168,0.267298,0.086694,0.024668,-0.241563
17,162.349211,27,1.350000,0.467025,0.476743,0.149441,-0.360054,-0.369431,-0.108765,0.995496,-0.023424,0.026111,0.088071,0.146539,-0.181135,0.209302,0.267465,-0.119021,0.209770,-0.262941
17,162.349211,28,1.400000,0.449022,0.458272,0.144002,-0.336348,-0.344053,-0.105179,0.995209,-0.019241,0.022047,0.093287,0.142027,-0.169483,0.201828,0.267529,-0.334680,0.304035,-0.275887
17,162.349211,29,1.450000,0.432204,0.441069,0.138743,-0.316386,-0.323042,-0.101103,0.994872,-0.015200,0.018258,0.098309,0.126591,-0.153193,0.193986,0.267471,-0.523462,0.198085,-0.284874
17,162.349211,30,1.500000,0.416385,0.424917,0.133688,-0.299871,-0.306283,-0.096845,0.994490,-0.011586,0.014833,0.103132,0.101546,-0.142357,0.185888,0.267310,-0.612142,0.358170,-0.285020
17,162.349211,31,1.550000,0.401392,0.409603,0.128846,-0.286450,-0.293361,-0.092677,0.994072,-0.008625,0.011609,0.107755,0.071943,-0.123732,0.177787,0.267116,-0.598069,0.565445,-0.292909
17,162.349211,32,1.600000,0.387069,0.394935,0.124212,-0.275953,-0.283641,-0.088725,0.993629,-0.006453,0.008766,0.112177,0.042875,-0.094974,0.169461,0.266879,-0.476615,0.736075,-0.313156
17,162.349211,33,1.650000,0.373271,0.380753,0.119776,-0.268059,-0.276332,-0.085122,0.993169,-0.005084,0.006554,0.116391,0.019655,-0.057895,0.160559,0.266638,-0.317088,0.743655,-0.347260
17,162.349211,34,1.700000,0.359868,0.366936,0.115520,-0.262215,-0.270592,-0.081916,0.992704,-0.004401,0.005194,0.120381,0.004153,-0.020592,0.150689,0.266445,-0.309430,0.361273,-0.397107
17,162.349211,35,1.750000,0.346758,0.353407,0.111424,-0.257650,-0.265663,-0.079045,0.992247,-0.004216,0.004712,0.124122,-0.011201,-0.002505,0.139401,0.266353,-0.145701,0.285127,-0.387212
17,162.349211,36,1.800000,0.333875,0.340124,0.107472,-0.253553,-0.260959,-0.076338,0.991807,-0.004470,0.004630,0.127580,-0.018472,0.011692,0.128395,0.266291,0.062123,0.110423,-0.387707
17,162.349211,37,1.850000,0.321198,0.327076,0.103655,-0.249587,-0.256004,-0.073747,0.991389,-0.004951,0.004875,0.130764,-0.015423,0.017123,0.117374,0.266272,0.191860,-0.021428,-0.395627
17,162.349211,38,1.900000,0.308718,0.314275,0.099968,-0.245459,-0.250535,-0.071199,0.990997,-0.005374,0.005264,0.133672,-0.005907,0.015983,0.106129,0.266254,0.116868,-0.034940,-0.407672
17,162.349211,39,1.950000,0.296445,0.301749,0.096408,-0.241023,-0.244589,-0.068693,0.990636,-0.005560,0.005654,0.136300,-0.000128,0.014212,0.094541,0.266208,-0.195043,0.066722,-0.423851
17,162.349211,40,2.000000,0.284394,0.289519,0.092973,-0.236248,-0.238398,-0.066276,0.990309,-0.005598,0.006019,0.138639,-0.009931,0.017548,0.082493,0.266140,-0.055701,0.002683,-0.427685
17,162.349211,41,2.050000,0.272582,0.277599,0.089659,-0.231137,-0.232111,-0.063990,0.990017,-0.005893,0.006431,0.140680,-0.012771,0.017651,0.070336,0.266116,0.006969,0.030812,-0.442846
17,162.349211,42,2.100000,0.261025,0.265994,0.086460,-0.225680,-0.225469,-0.061758,0.989763,-0.006260,0.006833,0.142420,-0.012469,0.019158,0.057748,0.266077,0.049242,0.070607,-0.469492
17,162.349211,43,2.150000,0.249741,0.254720,0.083372,-0.219894,-0.218405,-0.059608,0.989551,-0.006626,0.007271,0.143848,-0.010049,0.022661,0.044403,0.266038,0.074397,0.052952,-0.508022
17,162.349211,44,2.200000,0.238746,0.243800,0.080391,-0.213743,-0.210914,-0.057541,0.989385,-0.006948,0.007803,0.144944,-0.006368,0.025291,0.029963,0.266003,0.105315,-0.136161,-0.559532
17,162.349211,45,2.250000,0.228059,0.233254,0.077514,-0.207129,-0.203026,-0.055551,0.989270,-0.007192,0.008411,0.145682,-0.001131,0.018476,0.014058,0.265965,0.079895,-0.095620,-0.566754
17,162.349211,46,2.300000,0.217703,0.223103,0.074737,-0.199965,-0.194811,-0.053643,0.989214,-0.007284,0.008866,0.146027,0.002854,0.013694,-0.002051,0.265915,0.012987,-0.024179,-0.581607
17,162.349211,47,2.350000,0.207704,0.213362,0.072055,-0.192374,-0.186440,-0.051837,0.989219,-0.007264,0.009215,0.145973,0.003505,0.012485,-0.018583,0.265872,-0.039672,0.054613,-0.601990
17,162.349211,48,2.400000,0.198086,0.204040,0.069463,-0.184442,-0.178039,-0.050118,0.989284,-0.007227,0.009533,0.145510,0.001530,0.015213,-0.035695,0.265837,-0.004969,0.108610,-0.625316
17,162.349211,49,2.450000,0.188864,0.195138,0.066957,-0.176192,-0.169634,-0.048468,0.989410,-0.007253,0.009909,0.144624,0.001302,0.020642,-0.053469,0.265806,0.280827,0.079215,-0.646638
17,162.349211,50,2.500000,0.180054,0.186657,0.064533,-0.167573,-0.161159,-0.046883,0.989598,-0.007309,0.010414,0.143298,0.015385,0.024600,-0.071850,0.265767,0.210798,-0.126535,-0.641040
17,162.349211,51,2.550000,0.171675,0.178599,0.062189,-0.158459,-0.152570,-0.045381,0.989850,-0.007035,0.011065,0.141511,0.025992,0.018231,-0.090071,0.265712,0.094059,-0.367079,-0.626184
17,162.349211,52,2.600000,0.163752,0.170970,0.059920,-0.148661,-0.144177,-0.043991,0.990165,-0.006481,0.011592,0.139271,0.030758,-0.000212,-0.107870,0.265650,-0.028224,-0.534418,-0.599862
17,162.349211,53,2.650000,0.156319,0.163761,0.057721,-0.138256,-0.136274,-0.042720,0.990542,-0.005750,0.011676,0.136592,0.029346,-0.027058,-0.124921,0.265603,-0.081314,-0.513474,-0.561486
17,162.349211,54,2.700000,0.149407,0.156948,0.055585,-0.127651,-0.129102,-0.041529,0.990975,-0.004968,0.011088,0.133493,0.025152,-0.052871,-0.140881,0.265589,-0.024199,0.057969,-0.508134
17,162.349211,55,2.750000,0.143024,0.150493,0.053508,-0.117494,-0.122804,-0.040343,0.991456,-0.004207,0.009845,0.130001,0.023659,-0.050107,-0.155324,0.265623,-0.029699,-0.059695,-0.512740
17,162.349211,56,2.800000,0.137149,0.144352,0.051491,-0.108430,-0.117441,-0.039061,0.991967,-0.003496,0.008664,0.126150,0.021879,-0.053231,-0.169899,0.265594,-0.156498,-0.100488,-0.497157
17,162.349211,57,2.850000,0.131728,0.138480,0.049538,-0.100410,-0.112955,-0.037806,0.992506,-0.002822,0.007397,0.121935,0.013711,-0.058397,-0.184030,0.265574,-0.312499,-0.100111,-0.458726
17,162.349211,58,2.900000,0.126707,0.132833,0.047648,-0.093526,-0.109313,-0.036563,0.993068,-0.002338,0.005977,0.117369,-0.002322,-0.063498,-0.197070,0.265558,-0.333415,-0.014245,-0.394734
17,162.349211,59,2.950000,0.122031,0.127367,0.045820,-0.087958,-0.106339,-0.035329,0.993642,-0.002239,0.004382,0.112479,-0.019468,-0.064193,-0.208290,0.265540,-0.024001,0.280399,-0.303140
17,162.349211,60,3.000000,0.117633,0.122050,0.044053,-0.083923,-0.103666,-0.034112,0.994219,-0.002565,0.002721,0.107309,-0.021175,-0.050019,-0.216906,0.265500,0.060164,0.180519,-0.282261
17,162.349211,61,3.050000,0.113437,0.116867,0.042347,-0.081533,-0.100872,-0.032958,0.994787,-0.002972,0.001407,0.101921,-0.018579,-0.040819,-0.224930,0.265459,0.099427,0.119732,-0.237442
17,162.349211,62,3.100000,0.109360,0.111823,0.040700,-0.080455,-0.097825,-0.031879,0.995344,-0.003337,0.000328,0.096329,-0.013956,-0.034674,-0.231679,0.265422,0.120287,0.117194,-0.170955
17,162.349211,63,3.150000,0.105338,0.106932,0.039106,-0.080450,-0.094528,-0.030867,0.995884,-0.003603,-0.000588,0.090565,-0.008247,-0.028691,-0.236538,0.265387,0.173053,0.198803,-0.084591
17,162.349211,64,3.200000,0.101315,0.102206,0.037562,-0.081345,-0.091053,-0.029923,0.996401,-0.003740,-0.001342,0.084677,0.000148,-0.018677,-0.238943,0.265346,0.347928,0.311623,0.023354
17,162.349211,65,3.250000,0.097248,0.097653,0.036066,-0.082971,-0.087503,-0.029057,0.996888,-0.003689,-0.001829,0.078726,0.017376,-0.003097,-0.238279,0.265305,0.253283,0.258630,0.071629
17,162.349211,66,3.300000,0.093099,0.093278,0.034613,-0.085048,-0.084031,-0.028267,0.997340,-0.003238,-0.001894,0.072787,0.030012,0.009677,-0.236243,0.265293,0.055073,0.241643,0.130371
17,162.349211,67,3.350000,0.088847,0.089076,0.033200,-0.087135,-0.080993,-0.027497,0.997756,-0.002497,-0.001617,0.066896,0.032852,0.021490,-0.232537,0.265286,-0.104670,0.161033,0.198304
17,162.349211,68,3.400000,0.084490,0.085026,0.031825,-0.088885,-0.078652,-0.026735,0.998130,-0.001704,-0.001041,0.061095,0.027808,0.029252,-0.226900,0.265285,-0.319425,0.012573,0.273389
17,162.349211,69,3.450000,0.080046,0.081094,0.030488,-0.090008,-0.077044,-0.025970,0.998462,-0.001048,-0.000278,0.055431,0.012089,0.029641,-0.219129,0.265285,-0.748822,-0.081640,0.350581
17,162.349211,70,3.500000,0.075545,0.077242,0.029190,-0.090338,-0.076030,-0.025202,0.998751,-0.000786,0.000473,0.049960,-0.025106,0.025458,-0.209164,0.265276,-0.368454,-0.143768,0.402282
17,162.349211,71,3.550000,0.071029,0.073440,0.027930,-0.089912,-0.075236,-0.024450,0.998997,-0.001447,0.001073,0.044737,-0.043326,0.018469,-0.197729,0.265260,0.071303,-0.014367,0.444584
17,162.349211,72,3.600000,0.066533,0.069678,0.026707,-0.088923,-0.073768,-0.023732,0.999203,-0.002555,0.001479,0.039798,-0.039622,0.018076,-0.185092,0.265238,0.491510,0.176827,0.474074
17,162.349211,73,3.650000,0.062087,0.065990,0.025521,-0.087571,-0.071202,-0.023060,0.999373,-0.003570,0.001879,0.035175,-0.014920,0.027196,-0.171617,0.265223,0.535106,0.321093,0.488787
17,162.349211,74,3.700000,0.057708,0.062430,0.024368,-0.085850,-0.067633,-0.022422,0.999512,-0.003975,0.002530,0.030885,0.012012,0.043348,-0.157723,0.265224,-0.356670,0.163995,0.482413
17,162.349211,75,3.750000,0.053416,0.059048,0.023246,-0.083486,-0.063654,-0.021789,0.999624,-0.003718,0.003607,0.026938,-0.005562,0.051475,-0.144011,0.265219,-0.064665,0.042200,0.515085
17,162.349211,76,3.800000,0.049241,0.055866,0.022157,-0.080043,-0.059907,-0.021169,0.999708,-0.003904,0.004876,0.023335,-0.008514,0.053616,-0.129370,0.265193,0.407166,-0.215875,0.530553
17,162.349211,77,3.850000,0.045239,0.052870,0.021099,-0.075345,-0.055962,-0.020610,0.999770,-0.004164,0.006198,0.020097,0.012108,0.042864,-0.114289,0.265145,0.683895,-0.374657,0.524363
17,162.349211,78,3.900000,0.041472,0.050072,0.020068,-0.069342,-0.051751,-0.020156,0.999817,-0.003901,0.007264,0.017234,0.046489,0.024079,-0.099384,0.265109,0.593723,-0.458618,0.494779
17,162.349211,79,3.950000,0.038005,0.047485,0.019060,-0.062277,-0.047799,-0.019779,0.999857,-0.002767,0.007876,0.014739,0.076266,0.000972,-0.085320,0.265093,-0.279964,-0.528051,0.437988
17,162.349211,80,4.000000,0.034891,0.045095,0.018071,-0.054585,-0.044968,-0.019435,0.999889,-0.000878,0.007922,0.012592,0.062271,-0.025677,-0.072870,0.265063,-0.290489,-0.434281,0.443319
17,162.349211,81,4.050000,0.032162,0.042846,0.017100,-0.046819,-0.044008,-0.019139,0.999915,0.000672,0.007299,0.010758,0.047675,-0.047563,-0.060269,0.265068,-0.247194,-0.273244,0.422563
17,162.349211,82,4.100000,0.029821,0.040646,0.016143,-0.039647,-0.044591,-0.018825,0.999937,0.001866,0.006123,0.009242,0.035207,-0.061335,-0.048258,0.265087,-0.151647,-0.087692,0.375301
17,162.349211,83,4.150000,0.027838,0.038416,0.015201,-0.033619,-0.046367,-0.018464,0.999953,0.002753,0.004601,0.008027,0.027512,-0.065784,-0.037590,0.265104,-0.160845,0.049092,0.300622
17,162.349211,84,4.200000,0.026158,0.036098,0.014278,-0.029080,-0.049034,-0.018058,0.999965,0.003449,0.002964,0.007080,0.019376,-0.063368,-0.029045,0.265102,-0.490962,-0.084164,0.195378
17,162.349211,85,4.250000,0.024704,0.033646,0.013375,-0.026146,-0.052400,-0.017649,0.999971,0.003943,0.001386,0.006347,-0.005242,-0.067598,-0.023492,0.265082,-0.458585,0.111275,0.175543
17,162.349211,86,4.300000,0.023396,0.031026,0.012493,-0.024761,-0.056262,-0.017274,0.999976,0.003822,-0.000303,0.005753,-0.028232,-0.062030,-0.018502,0.265082,-0.494114,0.382224,0.135460
17,162.349211,87,4.350000,0.022158,0.028213,0.011629,-0.025036,-0.060015,-0.016897,0.999979,0.003125,-0.001856,0.005284,-0.052981,-0.042899,-0.014651,0.265061,-0.509706,0.622357,0.077475
17,162.349211,88,4.400000,0.020906,0.025212,0.010784,-0.026842,-0.063093,-0.016555,0.999982,0.001807,-0.002934,0.004912,-0.078490,-0.011751,-0.012449,0.265030,-0.482764,0.640937,0.004983
17,162.349211,89,4.450000,0.019564,0.022058,0.009957,-0.029713,-0.064880,-0.016270,0.999984,-0.000153,-0.003237,0.004595,-0.102634,0.020333,-0.012308,0.265014,-0.315369,0.277231,-0.082688
17,162.349211,90,4.500000,0.018079,0.018814,0.009143,-0.032890,-0.064745,-0.016014,0.999983,-0.002720,-0.002740,0.004279,-0.118393,0.034242,-0.014658,0.265034,0.147757,0.207883,-0.084933
17,162.349211,91,4.550000,0.016434,0.015576,0.008342,-0.035591,-0.062086,-0.015724,0.999974,-0.005683,-0.001898,0.003902,-0.110986,0.044702,-0.017072,0.264984,0.630033,0.169667,-0.082701
17,162.349211,92,4.600000,0.014655,0.012472,0.007556,-0.037476,-0.056516,-0.015548,0.999958,-0.008461,-0.000794,0.003463,-0.079455,0.053257,-0.019423,0.264891,1.020232,0.147095,-0.072698
17,162.349211,93,4.650000,0.012781,0.009646,0.006779,-0.038283,-0.048219,-0.015579,0.999941,-0.010451,0.000527,0.002965,-0.028404,0.060671,-0.021489,0.264803,1.186631,0.140754,-0.055729
17,162.349211,94,4.700000,0.010867,0.007235,0.006000,-0.037797,-0.037968,-0.015811,0.999933,-0.011166,0.002036,0.002412,0.030977,0.067732,-0.023073,0.264775,0.988989,0.222658,-0.036388
17,162.349211,95,4.750000,0.008977,0.005337,0.005209,-0.035827,-0.027013,-0.016114,0.999937,-0.010397,0.003724,0.001815,0.080485,0.078837,-0.024108,0.264816,0.671902,-0.123713,0.047447
17,162.349211,96,4.800000,0.007185,0.003986,0.004404,-0.032193,-0.016810,-0.016334,0.999948,-0.008391,0.005693,0.001184,0.114153,0.072578,-0.022759,0.264959,0.125494,-0.471864,0.120725
17,162.349211,97,4.850000,0.005576,0.003146,0.003587,-0.026616,-0.008570,-0.016270,0.999956,-0.005542,0.007506,0.000584,0.120490,0.048886,-0.019328,0.265096,-0.508381,-0.716391,0.182971
17,162.349211,98,4.900000,0.004245,0.002717,0.002773,-0.019251,-0.003124,-0.015937,0.999959,-0.002535,0.008727,0.000071,0.095107,0.012978,-0.014127,0.265158,-1.001358,-0.618175,0.239493
17,162.349211,99,4.950000,0.003282,0.002561,0.001977,-0.010681,-0.000634,-0.015485,0.999959,-0.000160,0.009050,-0.000303,0.045046,-0.017981,-0.007319,0.273291,-0.908073,0.328780,0.302762
17,162.349211,100,5.000000,0.002748,0.002529,0.001202,-0.001521,-0.000475,0.000026,0.999962,0.000964,0.008600,-0.000496,-0.000363,-0.001555,0.001287,0,0,0,0
18,155.472632,0,0.000000,1.043528,1.060948,0.331413,-0.004143,-0.004913,-0.096069,0.999431,0.001226,-0.001393,-0.033693,0.000000,0.000000,0.000000,0.196804,11.811954,-9.960342,0.809114
18,155.472632,1,0.050000,1.043321,1.060702,0.326610,-0.005188,-0.005772,-0.222119,0.999431,0.001226,-0.001393,-0.033693,0.590598,-0.498017,0.022999,0.162843,4.365041,-4.146340,0.813284
18,155.472632,2,0.100000,1.043062,1.060413,0.315504,-0.006053,-0.006483,-0.411059,0.999228,0.015559,-0.014332,-0.033107,0.809284,-0.704819,0.046116,0.279836,-0.378843,-0.065386,0.743662
18,155.472632,3,0.150000,1.042759,1.060089,0.294951,-0.021429,-0.022105,-0.383809,0.998339,0.035163,-0.032615,-0.031928,0.791576,-0.706672,0.067254,0.325292,-3.050824,2.439131,0.650881
18,155.472632,4,0.200000,1.041688,1.058984,0.275761,-0.062011,-0.063144,-0.274687,0.996768,0.054282,-0.050925,-0.030214,0.640838,-0.582695,0.085756,0.328361,-4.332341,3.765733,0.561975
18,155.472632,5,0.250000,1.038587,1.055827,0.262026,-0.125738,-0.127074,-0.163848,0.994986,0.069685,-0.066031,-0.028046,0.426118,-0.392322,0.101729,0.311790,-4.750294,4.322451,0.483942
18,155.472632,6,0.300000,1.032300,1.049473,0.253834,-0.203864,-0.205003,-0.087601,0.993560,0.079833,-0.076257,-0.025492,0.190118,-0.174555,0.115485,0.289969,-4.544029,4.290017,0.417816
18,155.472632,7,0.350000,1.022107,1.039223,0.249454,-0.287419,-0.288100,-0.054211,0.992897,0.084222,-0.080943,-0.022609,-0.036319,0.040780,0.127362,0.270720,-3.846862,3.759821,0.363203
18,155.472632,8,0.400000,1.007736,1.024818,0.246743,-0.369910,-0.370112,-0.057060,0.993122,0.083085,-0.080177,-0.019435,-0.228859,0.228595,0.137686,0.258006,-2.971191,3.006990,0.318826
18,155.472632,9,0.450000,0.989241,1.006312,0.243890,-0.447542,-0.447471,-0.082511,0.994084,0.077235,-0.074674,-0.016000,-0.378613,0.377749,0.146748,0.252685,-2.109315,2.225351,0.283419
18,155.472632,10,0.500000,0.966864,0.983939,0.239765,-0.518170,-0.518207,-0.115876,0.995483,0.067696,-0.065412,-0.012329,-0.486182,0.486908,0.154804,0.253061,-1.148464,1.335222,0.255309
18,155.472632,11,0.550000,0.940955,0.958029,0.233971,-0.579983,-0.580614,-0.146050,0.996995,0.055485,-0.053398,-0.008446,-0.546466,0.550812,0.162061,0.256959,-0.335454,0.546184,0.232957
18,155.472632,12,0.600000,0.911956,0.928998,0.226668,-0.631095,-0.632831,-0.166343,0.998326,0.041756,-0.039770,-0.004372,-0.566627,0.574761,0.168683,0.262085,0.346055,-0.165107,0.215143
18,155.472632,13,0.650000,0.880401,0.897356,0.218351,-0.669812,-0.673126,-0.174728,0.999296,0.027503,-0.025534,-0.000125,-0.553003,0.562878,0.174798,0.266849,0.889983,-0.729897,0.198858
18,155.472632,14,0.700000,0.846911,0.863700,0.209615,-0.695034,-0.700286,-0.172455,0.999832,0.013576,-0.011588,0.004275,-0.512238,0.522714,0.180451,0.270324,1.193786,-1.048218,0.182251
18,155.472632,15,0.750000,0.812159,0.828686,0.200992,-0.706576,-0.713926,-0.162674,0.999960,0.000663,0.001361,0.008813,-0.456129,0.466795,0.185631,0.272134,1.504107,-1.408040,0.165226
18,155.472632,16,0.800000,0.776830,0.792989,0.192858,-0.705198,-0.714582,-0.149225,0.999767,-0.010834,0.012925,0.013475,-0.384212,0.393180,0.190328,0.272693,1.679610,-1.652144,0.147383
18,155.472632,17,0.850000,0.741570,0.757260,0.185397,-0.692295,-0.703466,-0.135025,0.999366,-0.020506,0.022672,0.018248,-0.303072,0.307797,0.194517,0.272136,1.776995,-1.796756,0.127735
18,155.472632,18,0.900000,0.706955,0.722087,0.178646,-0.669835,-0.682394,-0.122511,0.998877,-0.028106,0.030322,0.023120,-0.216494,0.215722,0.198148,0.270918,1.769124,-1.794477,0.105680
18,155.472632,19,0.950000,0.673464,0.687967,0.172520,-0.640096,-0.653520,-0.113026,0.998406,-0.033486,0.035721,0.028079,-0.129660,0.124370,0.201152,0.269463,1.472587,-1.474482,0.082795
18,155.472632,20,1.000000,0.641459,0.655291,0.166869,-0.605442,-0.619154,-0.106914,0.998022,-0.036629,0.038902,0.033111,-0.056980,0.049656,0.203505,0.268185,1.330715,-1.296177,0.057834
18,155.472632,21,1.050000,0.611187,0.624334,0.161523,-0.568082,-0.581564,-0.103611,0.997739,-0.037893,0.040279,0.038198,0.009172,-0.015592,0.205149,0.267303,1.074356,-1.043203,0.038932
18,155.472632,22,1.100000,0.582783,0.595255,0.156343,-0.529728,-0.542611,-0.102134,0.997554,-0.037442,0.040093,0.043320,0.063011,-0.067681,0.206256,0.266814,0.760344,-0.795549,0.028338
18,155.472632,23,1.150000,0.556296,0.568125,0.151236,-0.491808,-0.503984,-0.101508,0.997442,-0.035590,0.038666,0.048463,0.101558,-0.106965,0.207061,0.266668,0.415400,-0.602442,0.024558
18,155.472632,24,1.200000,0.531706,0.542926,0.146161,-0.455421,-0.467072,-0.100905,0.997364,-0.032728,0.036305,0.053623,0.123169,-0.136289,0.207759,0.266740,0.086420,-0.583858,0.022787
18,155.472632,25,1.250000,0.508935,0.519572,0.141115,-0.421382,-0.432901,-0.099802,0.997286,-0.029284,0.033241,0.058801,0.128564,-0.164511,0.208407,0.266873,-0.145754,-0.284489,0.027409
18,155.472632,26,1.300000,0.487866,0.497927,0.136125,-0.390317,-0.402103,-0.098033,0.997184,-0.025663,0.029480,0.064009,0.122578,-0.177719,0.209186,0.267077,-0.273520,0.070554,0.021788
18,155.472632,27,1.350000,0.468350,0.477822,0.131224,-0.362863,-0.374922,-0.095457,0.997030,-0.022168,0.025380,0.069246,0.110313,-0.173218,0.209805,0.267218,-0.285233,0.391080,0.001712
18,155.472632,28,1.400000,0.450207,0.459076,0.126451,-0.339339,-0.351308,-0.092233,0.996811,-0.018985,0.021369,0.074499,0.097430,-0.152786,0.209854,0.267238,-0.243416,0.544375,-0.033610
18,155.472632,29,1.450000,0.433240,0.441510,0.121839,-0.319656,-0.331001,-0.088656,0.996524,-0.016160,0.017842,0.079747,0.086476,-0.124791,0.208899,0.267136,-0.332862,0.296258,-0.085285
18,155.472632,30,1.500000,0.417257,0.424960,0.117406,-0.303340,-0.313660,-0.085033,0.996178,-0.013664,0.014989,0.084962,0.070822,-0.109292,0.206474,0.266965,-0.245101,0.333944,-0.077547
18,155.472632,31,1.550000,0.402090,0.409277,0.113155,-0.289723,-0.298943,-0.081560,0.995786,-0.011590,0.012488,0.090113,0.059424,-0.092040,0.204270,0.266810,-0.095649,0.252592,-0.080365
18,155.472632,32,1.600000,0.387604,0.394330,0.109077,-0.278467,-0.286426,-0.078255,0.995355,-0.009839,0.010390,0.095205,0.055355,-0.078950,0.201986,0.266656,-0.005825,0.189515,-0.090589
18,155.472632,33,1.650000,0.373680,0.380009,0.105164,-0.269178,-0.275776,-0.075149,0.994893,-0.008221,0.008607,0.100235,0.055669,-0.069050,0.199411,0.266531,-0.104121,0.218285,-0.105059
18,155.472632,34,1.700000,0.360222,0.366220,0.101407,-0.261539,-0.266850,-0.072213,0.994404,-0.006621,0.007069,0.105195,0.050985,-0.057714,0.196425,0.266410,-0.426491,0.337502,-0.124169
18,155.472632,35,1.750000,0.347145,0.352878,0.097796,-0.255290,-0.259620,-0.069453,0.993893,-0.005167,0.005801,0.110077,0.030091,-0.040459,0.192895,0.266264,-0.289805,0.272988,-0.131953
18,155.472632,36,1.800000,0.334380,0.339896,0.094323,-0.250165,-0.253927,-0.066931,0.993359,-0.004280,0.004904,0.114869,0.015897,-0.026590,0.189144,0.266161,-0.221248,0.291047,-0.152433
18,155.472632,37,1.850000,0.321872,0.327200,0.090977,-0.245848,-0.249181,-0.064582,0.992810,-0.003785,0.004309,0.119566,0.005026,-0.011923,0.184812,0.266076,-0.166164,0.312877,-0.186056
18,155.472632,38,1.900000,0.309579,0.314741,0.087748,-0.242078,-0.244969,-0.062382,0.992248,-0.003605,0.004046,0.124153,-0.003199,0.003756,0.179523,0.266013,-0.121710,0.272092,-0.233403
18,155.472632,39,1.950000,0.297476,0.302493,0.084629,-0.238564,-0.240950,-0.060293,0.991680,-0.003678,0.004145,0.128605,-0.009310,0.017339,0.172889,0.265980,-0.065409,0.056856,-0.295712
18,155.472632,40,2.000000,0.285547,0.290445,0.081614,-0.234980,-0.236832,-0.058269,0.991113,-0.003946,0.004561,0.132889,-0.012694,0.020121,0.164483,0.265984,-0.060477,0.069053,-0.316055
18,155.472632,41,2.050000,0.273798,0.278604,0.078700,-0.231044,-0.232382,-0.056241,0.990554,-0.004309,0.005033,0.136963,-0.015844,0.023494,0.155499,0.265956,-0.096521,0.113632,-0.346776
18,155.472632,42,2.100000,0.262246,0.266984,0.075888,-0.226714,-0.227498,-0.054274,0.990009,-0.004762,0.005578,0.140812,-0.020809,0.029082,0.145642,0.265927,-0.118054,0.169042,-0.385834
18,155.472632,43,2.150000,0.250910,0.255610,0.073175,-0.221936,-0.222081,-0.052368,0.989483,-0.005359,0.006241,0.144415,-0.026872,0.037419,0.134675,0.265906,-0.051856,0.205075,-0.430522
18,155.472632,44,2.200000,0.239814,0.244505,0.070556,-0.216616,-0.215971,-0.050516,0.988981,-0.006138,0.007088,0.147745,-0.029656,0.047536,0.122438,0.265895,0.266803,0.163362,-0.475583
18,155.472632,45,2.250000,0.228983,0.233707,0.068031,-0.210606,-0.208962,-0.048704,0.988510,-0.007025,0.008173,0.150769,-0.016537,0.055566,0.108919,0.265884,0.234279,-0.052514,-0.495574
18,155.472632,46,2.300000,0.218453,0.223259,0.065595,-0.203693,-0.200910,-0.046941,0.988081,-0.007621,0.009503,0.153454,-0.005053,0.052872,0.094833,0.265848,0.159185,-0.311281,-0.508178
18,155.472632,47,2.350000,0.208268,0.213213,0.063248,-0.195600,-0.192060,-0.045276,0.987700,-0.007926,0.010807,0.155787,0.002716,0.037290,0.080388,0.265786,0.075097,-0.503657,-0.511636
18,155.472632,48,2.400000,0.198488,0.203610,0.060984,-0.186308,-0.182696,-0.043757,0.987375,-0.007982,0.011754,0.157763,0.006358,0.012115,0.065845,0.265708,0.049240,-0.512056,-0.506149
18,155.472632,49,2.450000,0.189173,0.194476,0.058797,-0.176126,-0.173115,-0.042405,0.987111,-0.007854,0.012092,0.159384,0.008789,-0.013472,0.051458,0.265642,0.118256,0.029091,-0.489418
18,155.472632,50,2.500000,0.180366,0.185820,0.056676,-0.165614,-0.163591,-0.041180,0.986911,-0.007568,0.011804,0.160654,0.014728,-0.012000,0.037546,0.265642,0.110671,-0.114792,-0.533835
18,155.472632,51,2.550000,0.172086,0.177640,0.054617,-0.155348,-0.154377,-0.039945,0.986766,-0.007145,0.011575,0.161578,0.020279,-0.017719,0.022372,0.265600,-0.018176,-0.186606,-0.560053
18,155.472632,52,2.600000,0.164318,0.169921,0.052620,-0.145249,-0.145602,-0.038774,0.986684,-0.006567,0.011223,0.162127,0.019385,-0.027032,0.006453,0.265570,-0.182085,-0.219590,-0.565590
18,155.472632,53,2.650000,0.157056,0.162641,0.050681,-0.135404,-0.137439,-0.037644,0.986668,-0.005977,0.010636,0.162285,0.010288,-0.038007,-0.009624,0.265550,-0.221618,-0.163879,-0.547689
18,155.472632,54,2.700000,0.150286,0.155769,0.048799,-0.126036,-0.129941,-0.036532,0.986719,-0.005572,0.009739,0.162051,-0.000807,-0.046204,-0.025192,0.265539,0.056555,0.110197,-0.503911
18,155.472632,55,2.750000,0.143984,0.149272,0.046973,-0.117473,-0.122982,-0.035417,0.986831,-0.005411,0.008592,0.161436,0.001976,-0.040694,-0.039515,0.265537,0.102397,0.002679,-0.531300
18,155.472632,56,2.800000,0.138110,0.143123,0.045202,-0.109993,-0.116367,-0.034283,0.986998,-0.005206,0.007591,0.160466,0.007035,-0.040563,-0.054617,0.265507,0.109156,-0.063181,-0.534250
18,155.472632,57,2.850000,0.132610,0.137305,0.043488,-0.103447,-0.110116,-0.033187,0.987225,-0.004880,0.006611,0.159122,0.012409,-0.043736,-0.069803,0.265486,0.100695,-0.066790,-0.514612
18,155.472632,58,2.900000,0.127438,0.131799,0.041828,-0.097793,-0.104344,-0.032113,0.987509,-0.004412,0.005573,0.157402,0.017328,-0.047109,-0.084431,0.265470,0.125760,0.019902,-0.473546
18,155.472632,59,2.950000,0.122548,0.126582,0.040223,-0.093065,-0.099198,-0.031052,0.987847,-0.003810,0.004469,0.155320,0.023465,-0.046169,-0.097891,0.265452,0.275200,0.146061,-0.408371
18,155.472632,60,3.000000,0.117895,0.121622,0.038670,-0.089307,-0.094816,-0.030009,0.988230,-0.003062,0.003410,0.152904,0.037053,-0.038953,-0.109499,0.265425,0.162399,0.114326,-0.398839
18,155.472632,61,3.050000,0.113430,0.116881,0.037170,-0.086454,-0.091328,-0.029001,0.988651,-0.002007,0.002581,0.150197,0.045011,-0.033391,-0.120836,0.265397,-0.041184,0.120466,-0.373814
18,155.472632,62,3.100000,0.109107,0.112315,0.035720,-0.084243,-0.088996,-0.028036,0.989103,-0.000777,0.001919,0.147209,0.042799,-0.027574,-0.131461,0.265362,-0.199848,0.068273,-0.333716
18,155.472632,63,3.150000,0.104895,0.107865,0.034318,-0.082490,-0.087963,-0.027130,0.989583,0.000376,0.001392,0.143956,0.032669,-0.024374,-0.140947,0.265328,-0.412350,-0.042593,-0.279682
18,155.472632,64,3.200000,0.100770,0.103467,0.032961,-0.081083,-0.088132,-0.026283,0.990084,0.001267,0.000908,0.140466,0.011921,-0.026678,-0.148897,0.265304,-0.843540,-0.088785,-0.216535
18,155.472632,65,3.250000,0.096716,0.099060,0.031647,-0.080025,-0.089240,-0.025482,0.990600,0.001653,0.000294,0.136779,-0.030407,-0.031185,-0.155052,0.265284,-0.478644,-0.088349,-0.172537
18,155.472632,66,3.300000,0.092715,0.094598,0.030373,-0.079517,-0.090809,-0.024719,0.991124,0.001005,-0.000576,0.132937,-0.054522,-0.035424,-0.159956,0.265279,-0.070899,0.128399,-0.131855
18,155.472632,67,3.350000,0.088739,0.090058,0.029137,-0.079947,-0.091863,-0.023963,0.991647,-0.000226,-0.001631,0.128970,-0.058282,-0.028673,-0.163704,0.265249,0.321907,0.411690,-0.098922
18,155.472632,68,3.400000,0.084742,0.085464,0.027939,-0.081564,-0.091850,-0.023264,0.992164,-0.001571,-0.002531,0.124909,-0.042365,-0.007726,-0.166516,0.265203,0.365570,0.631507,-0.075616
18,155.472632,69,3.450000,0.080664,0.080872,0.026776,-0.084223,-0.090629,-0.022655,0.992672,-0.002588,-0.002861,0.120775,-0.024135,0.024117,-0.168665,0.265177,-0.483150,0.513745,-0.067499
18,155.472632,70,3.500000,0.076452,0.076340,0.025643,-0.087319,-0.088446,-0.022101,0.993173,-0.003247,-0.002346,0.116585,-0.048138,0.049959,-0.170584,0.265226,-0.114930,0.393280,-0.014253
18,155.472632,71,3.550000,0.072086,0.071918,0.024538,-0.089980,-0.085546,-0.021457,0.993658,-0.004578,-0.001260,0.112341,-0.053562,0.069935,-0.170989,0.265245,0.430583,0.139528,0.027483
18,155.472632,72,3.600000,0.067587,0.067641,0.023465,-0.091715,-0.081216,-0.020786,0.994123,-0.006100,0.000307,0.108083,-0.031579,0.077258,-0.170208,0.265233,0.793815,-0.033601,0.051755
18,155.472632,73,3.650000,0.063002,0.063580,0.022426,-0.092063,-0.075227,-0.020151,0.994566,-0.007094,0.002116,0.103840,0.008611,0.075782,-0.168737,0.265204,0.802890,-0.174094,0.055358
18,155.472632,74,3.700000,0.058399,0.059819,0.021418,-0.090719,-0.068081,-0.019587,0.994991,-0.007086,0.003993,0.099629,0.049241,0.067023,-0.167163,0.265184,0.025877,-0.350360,0.033866
18,155.472632,75,3.750000,0.053863,0.056415,0.020439,-0.087511,-0.060765,-0.019070,0.995399,-0.006045,0.005753,0.095453,0.050960,0.049192,-0.166200,0.265174,0.080738,-0.401264,0.075343
18,155.472632,76,3.800000,0.049487,0.053376,0.019485,-0.082453,-0.054317,-0.018576,0.995786,-0.004918,0.007074,0.091302,0.055307,0.028808,-0.164059,0.265134,0.129459,-0.375364,0.090931
18,155.472632,77,3.850000,0.045364,0.050661,0.018556,-0.075977,-0.048874,-0.018160,0.996153,-0.003636,0.007897,0.087203,0.061960,0.009695,-0.161474,0.265110,0.192420,-0.314580,0.079471
18,155.472632,78,3.900000,0.041566,0.048217,0.017648,-0.068565,-0.044642,-0.017790,0.996499,-0.002146,0.008258,0.083168,0.071640,-0.006414,-0.159215,0.265102,0.129899,-0.290372,0.039603
18,155.472632,79,3.950000,0.038137,0.045985,0.016759,-0.060660,-0.041868,-0.017432,0.996826,-0.000380,0.008239,0.079187,0.078096,-0.021365,-0.158090,0.265096,-0.264335,-0.521094,-0.032453
18,155.472632,80,4.000000,0.035104,0.043891,0.015887,-0.052626,-0.040856,-0.017079,0.997134,0.001576,0.007860,0.075230,0.064751,-0.047889,-0.159012,0.265053,-0.307862,-0.398080,-0.022283
18,155.472632,81,4.050000,0.032473,0.041849,0.015033,-0.044816,-0.041817,-0.016804,0.997430,0.003249,0.006794,0.071251,0.049069,-0.068183,-0.159645,0.265057,-0.443755,-0.148667,-0.036121
18,155.472632,82,4.100000,0.030232,0.039758,0.014193,-0.037936,-0.044523,-0.016513,0.997712,0.004566,0.005194,0.067256,0.026468,-0.075914,-0.160672,0.265065,-0.576955,0.132697,-0.071804
18,155.472632,83,4.150000,0.028335,0.037532,0.013368,-0.032548,-0.048653,-0.016199,0.997979,0.005333,0.003363,0.063235,-0.002842,-0.069441,-0.162713,0.265063,-0.684668,0.256592,-0.125768
18,155.472632,84,4.200000,0.026708,0.035099,0.012558,-0.028922,-0.053669,-0.015880,0.998232,0.005358,0.001648,0.059166,-0.037505,-0.056593,-0.166288,0.265055,-0.689750,0.058059,-0.198019
18,155.472632,85,4.250000,0.025262,0.032415,0.011764,-0.026995,-0.058825,-0.015569,0.998476,0.004499,0.000202,0.055010,-0.072349,-0.053454,-0.171917,0.265068,-0.458791,0.214172,-0.186286
18,155.472632,86,4.300000,0.023912,0.029474,0.010985,-0.026554,-0.063224,-0.015223,0.998709,0.002766,-0.001212,0.050712,-0.095637,-0.042273,-0.177212,0.265092,-0.203605,0.395249,-0.169083
18,155.472632,87,4.350000,0.022584,0.026313,0.010224,-0.027605,-0.065997,-0.014821,0.998926,0.000437,-0.002377,0.046281,-0.106102,-0.021867,-0.182018,0.265082,0.081471,0.499262,-0.141383
18,155.472632,88,4.400000,0.021204,0.023013,0.009483,-0.029916,-0.066533,-0.014433,0.999122,-0.002176,-0.003043,0.041728,-0.102180,0.003829,-0.186037,0.265037,0.392047,0.524002,-0.102087
18,155.472632,89,4.450000,0.019708,0.019686,0.008761,-0.032990,-0.064523,-0.014138,0.999297,-0.004719,-0.003064,0.037073,-0.082550,0.030750,-0.188938,0.264965,0.547885,0.591326,-0.051282
18,155.472632,90,4.500000,0.018059,0.016460,0.008054,-0.036167,-0.060008,-0.013994,0.999451,-0.006795,-0.002395,0.032342,-0.054935,0.060908,-0.190396,0.264884,0.696463,0.225989,0.078602
18,155.472632,91,4.550000,0.016251,0.013460,0.007355,-0.038731,-0.053421,-0.014019,0.999586,-0.008205,-0.000950,0.027571,-0.019672,0.072605,-0.188162,0.264862,0.643760,-0.137142,0.216359
18,155.472632,92,4.600000,0.014314,0.010789,0.006654,-0.039884,-0.045401,-0.014100,0.999700,-0.008742,0.000812,0.022853,0.013034,0.065888,-0.182012,0.264887,0.417733,-0.408282,0.361488
18,155.472632,93,4.650000,0.012320,0.008519,0.005949,-0.039283,-0.036809,-0.014144,0.999794,-0.008458,0.002427,0.018290,0.034376,0.045384,-0.171737,0.264943,0.132555,-0.364434,0.514790
18,155.472632,94,4.700000,0.010356,0.006678,0.005242,-0.037054,-0.028468,-0.014085,0.999867,-0.007630,0.003540,0.013985,0.041300,0.026938,-0.157104,0.264972,0.207560,0.454267,0.681622
18,155.472632,95,4.750000,0.008503,0.005255,0.004537,-0.033685,-0.020933,-0.013965,0.999919,-0.006620,0.004198,0.010049,0.051838,0.049405,-0.137729,0.264867,0.078088,0.163185,0.786020
18,155.472632,96,4.800000,0.006819,0.004208,0.003839,-0.029632,-0.014397,-0.014031,0.999949,-0.005351,0.005423,0.006593,0.056001,0.057294,-0.115387,0.264904,-0.072713,-0.265037,0.887374
18,155.472632,97,4.850000,0.005337,0.003488,0.003137,-0.024346,-0.009112,-0.014025,0.999962,-0.003977,0.006849,0.003693,0.052616,0.043797,-0.090164,0.264964,-0.250085,-0.576879,0.984629
18,155.472632,98,4.900000,0.004120,0.003033,0.002436,-0.017639,-0.005185,-0.013912,0.999964,-0.002681,0.007940,0.001425,0.040262,0.014773,-0.062176,0.265017,-0.376309,-0.552056,1.080409
18,155.472632,99,4.950000,0.003238,0.002774,0.001741,-0.009849,-0.002543,-0.013708,0.999964,-0.001687,0.008307,-0.000138,0.021481,-0.012925,-0.031466,0.272326,-0.429308,0.230566,1.181688
18,155.472632,100,5.000000,0.002745,0.002646,0.001055,-0.001471,-0.000843,0.000026,0.999967,-0.001157,0.007982,-0.000928,0.000000,-0.001423,0.002124,0,0,0,0
19,152.728426,0,0.000000,1.045542,1.062719,0.288726,-0.003899,-0.003944,-0.087402,0.999435,0.001309,-0.001437,-0.033549,0.000000,0.000000,0.000000,0.208110,11.085852,-10.086750,0.429536
19,152.728426,1,0.050000,1.045348,1.062522,0.284356,-0.005039,-0.004915,-0.192516,0.999435,0.001309,-0.001437,-0.033549,0.554293,-0.504337,0.012209,0.163844,4.639934,-3.957496,0.302003
19,152.728426,2,0.100000,1.045096,1.062276,0.274731,-0.005938,-0.005680,-0.379602,0.999234,0.014732,-0.014501,-0.033235,0.786523,-0.701955,0.020794,0.277051,0.117239,0.089512,0.233381
19,152.728426,3,0.150000,1.044799,1.061992,0.255750,-0.021308,-0.020290,-0.357484,0.998360,0.033778,-0.032686,-0.032677,0.792939,-0.696859,0.027428,0.322973,-2.712287,2.539961,0.199722
19,152.728426,4,0.200000,1.043733,1.060977,0.237876,-0.061664,-0.059351,-0.252528,0.996796,0.052958,-0.050732,-0.031922,0.658050,-0.569036,0.033105,0.327805,-4.269271,3.860577,0.183697
19,152.728426,5,0.250000,1.040650,1.058010,0.225250,-0.125113,-0.121475,-0.142511,0.994994,0.068845,-0.065466,-0.031009,0.445301,-0.375180,0.038326,0.312401,-4.719714,4.226412,0.176188
19,152.728426,6,0.300000,1.034394,1.051936,0.218124,-0.202951,-0.198383,-0.064935,0.993538,0.079559,-0.075202,-0.029969,0.209861,-0.163212,0.043334,0.290303,-4.564324,4.064045,0.172702
19,152.728426,7,0.350000,1.024247,1.042017,0.214878,-0.285849,-0.280949,-0.030723,0.992823,0.084566,-0.079498,-0.028822,-0.018086,0.040336,0.048243,0.270993,-3.994963,3.522982,0.171493
19,152.728426,8,0.400000,1.009954,1.027969,0.213341,-0.367512,-0.362918,-0.032906,0.992975,0.084050,-0.078585,-0.027575,-0.217908,0.216452,0.053118,0.258179,-3.183557,2.806404,0.170400
19,152.728426,9,0.450000,0.991579,1.009824,0.211696,-0.444345,-0.440651,-0.057957,0.993865,0.078683,-0.073171,-0.026229,-0.377523,0.356332,0.057961,0.252522,-2.363396,2.118882,0.168710
19,152.728426,10,0.500000,0.969362,0.987791,0.208798,-0.514290,-0.511995,-0.091621,0.995212,0.069425,-0.064178,-0.024777,-0.496476,0.461446,0.062757,0.252510,-1.392622,1.256142,0.167257
19,152.728426,11,0.550000,0.943647,0.962191,0.204217,-0.575632,-0.575125,-0.122870,0.996709,0.057249,-0.052491,-0.023207,-0.567206,0.523071,0.067511,0.256154,-0.494058,0.440217,0.166438
19,152.728426,12,0.600000,0.914866,0.933435,0.198074,-0.626528,-0.628104,-0.144734,0.998059,0.043323,-0.039218,-0.021517,-0.593249,0.543628,0.072242,0.261275,0.325821,-0.294343,0.165611
19,152.728426,13,0.650000,0.883539,0.902030,0.190837,-0.665307,-0.669128,-0.154695,0.999070,0.028736,-0.025407,-0.019703,-0.578449,0.527285,0.076949,0.266179,0.993116,-0.861265,0.164070
19,152.728426,14,0.700000,0.850274,0.868573,0.183102,-0.690890,-0.696938,-0.153721,0.999665,0.014496,-0.012006,-0.017766,-0.530333,0.482532,0.081613,0.269785,1.292045,-1.061042,0.163032
19,152.728426,15,0.750000,0.815729,0.833727,0.175416,-0.703139,-0.711204,-0.144973,0.999876,0.001432,0.000260,-0.015709,-0.467225,0.427837,0.086247,0.271565,1.643921,-1.331251,0.160948
19,152.728426,16,0.800000,0.780572,0.798166,0.168167,-0.702901,-0.712649,-0.132578,0.999796,-0.010077,0.011133,-0.013533,-0.386430,0.359745,0.090822,0.272171,1.770838,-1.443946,0.165752
19,152.728426,17,0.850000,0.745427,0.762534,0.161539,-0.691543,-0.702644,-0.119285,0.999539,-0.019587,0.020277,-0.011245,-0.299128,0.286216,0.095534,0.271654,1.728214,-1.473957,0.179536
19,152.728426,18,0.900000,0.710850,0.727402,0.155574,-0.670930,-0.683175,-0.107521,0.999218,-0.026932,0.027558,-0.008845,-0.213755,0.211434,0.100637,0.270542,1.547139,-1.470523,0.200552
19,152.728426,19,0.950000,0.677304,0.693243,0.150198,-0.643099,-0.656455,-0.098504,0.998919,-0.032154,0.032954,-0.006326,-0.137205,0.137091,0.106337,0.269263,1.291100,-1.566608,0.223456
19,152.728426,20,1.000000,0.645149,0.660420,0.145273,-0.610068,-0.624630,-0.092483,0.998698,-0.035471,0.036484,-0.003668,-0.073204,0.058207,0.112689,0.268098,1.053073,-1.316588,0.251530
19,152.728426,21,1.050000,0.614645,0.629189,0.140649,-0.573759,-0.589588,-0.089075,0.998583,-0.037190,0.038044,-0.000839,-0.020799,-0.007935,0.119839,0.267224,0.854836,-0.953455,0.267588
19,152.728426,22,1.100000,0.585957,0.599709,0.136195,-0.536128,-0.552864,-0.087517,0.998570,-0.037596,0.037957,0.002180,0.021979,-0.055703,0.127445,0.266726,0.724088,-0.575764,0.267338
19,152.728426,23,1.150000,0.559151,0.572066,0.131819,-0.498766,-0.515696,-0.086901,0.998630,-0.036923,0.036688,0.005393,0.058453,-0.084385,0.135044,0.266529,0.614915,-0.325440,0.250275
19,152.728426,24,1.200000,0.534213,0.546281,0.127474,-0.462796,-0.479102,-0.086503,0.998734,-0.035328,0.034713,0.008788,0.089631,-0.100357,0.142158,0.266508,0.358047,-0.447646,0.215598
19,152.728426,25,1.250000,0.511073,0.522326,0.123149,-0.428882,-0.443974,-0.085890,0.998857,-0.032944,0.032352,0.012349,0.108075,-0.122256,0.148286,0.266547,0.273632,-0.269659,0.238598
19,152.728426,26,1.300000,0.489629,0.500127,0.118855,-0.397382,-0.411094,-0.084889,0.998984,-0.030087,0.029454,0.016065,0.122445,-0.135130,0.155068,0.266676,0.256404,-0.205329,0.249611
19,152.728426,27,1.350000,0.469760,0.479573,0.114610,-0.368797,-0.380940,-0.083296,0.999095,-0.026860,0.026245,0.019948,0.136060,-0.144676,0.162163,0.266777,0.194636,-0.127175,0.252150
19,152.728426,28,1.400000,0.451320,0.460526,0.110445,-0.343418,-0.353908,-0.081159,0.999180,-0.023283,0.022807,0.024006,0.146682,-0.150198,0.169331,0.266874,-0.034082,0.030505,0.249678
19,152.728426,29,1.450000,0.434149,0.442830,0.106387,-0.321446,-0.330372,-0.078497,0.999227,-0.019432,0.019242,0.028239,0.145943,-0.147730,0.176428,0.266957,-0.463936,0.261690,0.241934
19,152.728426,30,1.500000,0.418076,0.426312,0.102463,-0.302978,-0.310637,-0.075372,0.999221,-0.015596,0.015740,0.032647,0.123736,-0.133668,0.183304,0.266959,-0.414185,0.291349,0.244748
19,152.728426,31,1.550000,0.402928,0.410780,0.098694,-0.287931,-0.294721,-0.071988,0.999152,-0.012324,0.012573,0.037229,0.103956,-0.118240,0.190261,0.266793,-0.410481,0.385474,0.234116
19,152.728426,32,1.600000,0.388531,0.396044,0.095095,-0.275972,-0.282091,-0.068733,0.999025,-0.009557,0.009775,0.041984,0.084286,-0.098216,0.196916,0.266608,-0.399361,0.465021,0.209656
19,152.728426,33,1.650000,0.374732,0.381939,0.091658,-0.266726,-0.272258,-0.065698,0.998845,-0.007301,0.007457,0.046905,0.065052,-0.074335,0.202875,0.266408,-0.379783,0.464824,0.170826
19,152.728426,34,1.700000,0.361396,0.368326,0.088373,-0.259714,-0.264718,-0.062958,0.998617,-0.005551,0.005714,0.051971,0.046635,-0.050593,0.207731,0.266222,-0.331676,0.274560,0.116346
19,152.728426,35,1.750000,0.348410,0.355091,0.085225,-0.254373,-0.258959,-0.060517,0.998346,-0.004291,0.004540,0.057157,0.030450,-0.036497,0.211038,0.266090,-0.320956,0.296611,0.102807
19,152.728426,36,1.800000,0.335692,0.342143,0.082199,-0.250147,-0.254481,-0.058297,0.998037,-0.003455,0.003695,0.062424,0.014695,-0.021422,0.213960,0.265978,-0.341570,0.339779,0.077522
19,152.728426,37,1.850000,0.323184,0.329419,0.079284,-0.246727,-0.250857,-0.056270,0.997692,-0.003035,0.003202,0.067762,-0.002210,-0.004314,0.216164,0.265889,-0.341018,0.386310,0.042228
19,152.728426,38,1.900000,0.310848,0.316876,0.076471,-0.243783,-0.247661,-0.054402,0.997311,-0.003066,0.003107,0.073153,-0.019225,0.014983,0.217364,0.265831,-0.248429,0.409872,-0.000601
19,152.728426,39,1.950000,0.298659,0.304493,0.073751,-0.240953,-0.244427,-0.052642,0.996896,-0.003556,0.003462,0.078571,-0.031770,0.035318,0.217347,0.265813,0.099949,0.354939,-0.045775
19,152.728426,40,2.000000,0.286611,0.292271,0.071119,-0.237830,-0.240669,-0.050920,0.996448,-0.004398,0.004299,0.083986,-0.027064,0.052803,0.216046,0.265845,0.102455,0.125345,-0.067568
19,152.728426,41,2.050000,0.274720,0.280238,0.068573,-0.233975,-0.235999,-0.049152,0.995970,-0.005160,0.005582,0.089364,-0.022374,0.058848,0.214125,0.265867,0.065958,-0.151945,-0.083699
19,152.728426,42,2.100000,0.263021,0.268438,0.066115,-0.228955,-0.230447,-0.047363,0.995465,-0.005818,0.007024,0.094690,-0.019555,0.051069,0.211746,0.265871,0.019941,-0.367491,-0.092972
19,152.728426,43,2.150000,0.251573,0.256916,0.063747,-0.222612,-0.224089,-0.045592,0.994937,-0.006389,0.008280,0.099954,-0.018968,0.032538,0.209104,0.265842,0.027716,-0.402586,-0.096575
19,152.728426,44,2.200000,0.240443,0.245711,0.061467,-0.215130,-0.217016,-0.043899,0.994391,-0.006898,0.009075,0.105152,-0.017840,0.012258,0.206359,0.265786,0.123801,0.110811,-0.093181
19,152.728426,45,2.250000,0.229686,0.234860,0.059273,-0.206961,-0.209324,-0.042330,0.993829,-0.007327,0.009368,0.110283,-0.011746,0.017659,0.203710,0.265726,0.137336,-0.056011,-0.155030
19,152.728426,46,2.300000,0.219338,0.224394,0.057156,-0.198593,-0.201141,-0.040885,0.993248,-0.007620,0.009812,0.115342,-0.005016,0.014767,0.199303,0.265692,0.029997,-0.152344,-0.202420
19,152.728426,47,2.350000,0.209408,0.214337,0.055112,-0.189868,-0.192580,-0.039514,0.992656,-0.007738,0.010202,0.120288,-0.003628,0.007112,0.193550,0.265650,-0.115684,-0.210923,-0.233364
19,152.728426,48,2.400000,0.199915,0.204708,0.053136,-0.180820,-0.183815,-0.038232,0.992060,-0.007800,0.010405,0.125089,-0.009464,-0.003461,0.186916,0.265610,-0.143300,-0.179672,-0.245637
19,152.728426,49,2.450000,0.190874,0.195517,0.051224,-0.171626,-0.174922,-0.037028,0.991464,-0.007975,0.010326,0.129727,-0.016605,-0.012511,0.179934,0.265577,0.139553,0.074226,-0.237084
19,152.728426,50,2.500000,0.182293,0.186771,0.049373,-0.162574,-0.165827,-0.035886,0.990870,-0.008300,0.009997,0.134192,-0.009542,-0.008914,0.173195,0.265553,0.186691,-0.047064,-0.304042
19,152.728426,51,2.550000,0.174164,0.178480,0.047579,-0.153926,-0.156419,-0.034787,0.990280,-0.008463,0.009780,0.138485,-0.000149,-0.011330,0.164553,0.265515,0.196799,-0.128607,-0.350593
19,152.728426,52,2.600000,0.166468,0.170659,0.045839,-0.145554,-0.146846,-0.033756,0.989705,-0.008387,0.009534,0.142560,0.009762,-0.017761,0.154587,0.265484,0.191372,-0.149778,-0.378591
19,152.728426,53,2.650000,0.159190,0.163317,0.044152,-0.137452,-0.137348,-0.032778,0.989152,-0.008045,0.009162,0.146386,0.019435,-0.025192,0.143826,0.265463,0.217250,-0.081509,-0.389027
19,152.728426,54,2.700000,0.152317,0.156449,0.042513,-0.129699,-0.128205,-0.031826,0.988629,-0.007439,0.008639,0.149942,0.030435,-0.029162,0.132768,0.265454,0.364571,0.027059,-0.378625
19,152.728426,55,2.750000,0.145832,0.150039,0.040921,-0.122399,-0.119701,-0.030872,0.988137,-0.006549,0.008057,0.153221,0.048810,-0.027656,0.122006,0.265449,0.248651,-0.020936,-0.425838
19,152.728426,56,2.800000,0.139713,0.144054,0.039378,-0.115559,-0.112125,-0.029906,0.987678,-0.005213,0.007581,0.156229,0.061371,-0.028476,0.109901,0.265440,0.041352,-0.033053,-0.458683
19,152.728426,57,2.850000,0.133935,0.138448,0.037883,-0.108999,-0.105899,-0.028933,0.987257,-0.003565,0.007131,0.158934,0.063557,-0.029873,0.096863,0.265426,-0.126751,-0.101461,-0.476866
19,152.728426,58,2.900000,0.128485,0.133153,0.036436,-0.102634,-0.101325,-0.027965,0.986879,-0.001861,0.006655,0.161315,0.057330,-0.034712,0.083309,0.265401,-0.357843,-0.222039,-0.480732
19,152.728426,59,2.950000,0.123353,0.128086,0.035038,-0.096473,-0.098464,-0.027028,0.986548,-0.000292,0.006034,0.163362,0.039547,-0.045633,0.069644,0.265372,-0.820132,-0.268046,-0.474832
19,152.728426,60,3.000000,0.118529,0.123163,0.033686,-0.090670,-0.097212,-0.026133,0.986268,0.000880,0.005070,0.165074,-0.001339,-0.058931,0.056147,0.265344,-0.504514,-0.251143,-0.487792
19,152.728426,61,3.050000,0.113996,0.118303,0.032380,-0.085613,-0.097242,-0.025281,0.986042,0.001097,0.003611,0.166457,-0.026439,-0.071491,0.042282,0.265340,-0.160337,0.008192,-0.502990
19,152.728426,62,3.100000,0.109715,0.113440,0.031116,-0.081934,-0.097715,-0.024425,0.985870,0.000747,0.001737,0.167499,-0.034341,-0.071124,0.027984,0.265322,0.167738,0.352235,-0.523797
19,152.728426,63,3.150000,0.105618,0.108555,0.029894,-0.080129,-0.098153,-0.023592,0.985755,0.000199,-0.000160,0.168189,-0.025879,-0.053548,0.013096,0.265273,0.161555,0.639824,-0.549541
19,152.728426,64,3.200000,0.101612,0.103647,0.028715,-0.080251,-0.098372,-0.022846,0.985699,-0.000213,-0.001589,0.168511,-0.017774,-0.021570,-0.002525,0.265212,-0.710274,0.584007,-0.582792
19,152.728426,65,3.250000,0.097599,0.098728,0.027572,-0.081824,-0.098429,-0.022215,0.985708,-0.000560,-0.002195,0.168448,-0.053290,0.007632,-0.019090,0.265209,-0.341326,0.514507,-0.561508
19,152.728426,66,3.300000,0.093508,0.093807,0.026462,-0.084042,-0.098249,-0.021593,0.985787,-0.001905,-0.002232,0.167974,-0.070351,0.033396,-0.035051,0.265217,0.220716,0.322950,-0.541330
19,152.728426,67,3.350000,0.089306,0.088895,0.025382,-0.086518,-0.096773,-0.020960,0.985930,-0.003777,-0.001706,0.167105,-0.059271,0.049637,-0.050438,0.265215,0.627520,0.204156,-0.527907
19,152.728426,68,3.400000,0.084980,0.084056,0.024334,-0.088790,-0.093396,-0.020339,0.986135,-0.005443,-0.000735,0.165854,-0.027800,0.059958,-0.065444,0.265195,0.708476,0.089382,-0.525000
19,152.728426,69,3.450000,0.080541,0.079386,0.023317,-0.090388,-0.088244,-0.019766,0.986401,-0.006375,0.000619,0.164231,0.007773,0.064496,-0.080367,0.265184,0.024227,-0.103388,-0.537634
19,152.728426,70,3.500000,0.076021,0.074974,0.022329,-0.090816,-0.081967,-0.019224,0.986728,-0.006450,0.002229,0.162238,0.009181,0.059303,-0.095649,0.265204,0.171885,-0.210432,-0.479591
19,152.728426,71,3.550000,0.071481,0.070876,0.021368,-0.089684,-0.075361,-0.018651,0.987110,-0.006469,0.003714,0.159868,0.017991,0.048748,-0.109281,0.265179,0.292066,-0.244641,-0.442105
19,152.728426,72,3.600000,0.066996,0.067107,0.020435,-0.087100,-0.068506,-0.018133,0.987541,-0.006230,0.004971,0.157161,0.032796,0.036442,-0.121848,0.265156,0.408781,-0.250962,-0.428346
19,152.728426,73,3.650000,0.062641,0.063682,0.019528,-0.083241,-0.061697,-0.017667,0.988015,-0.005579,0.005980,0.154142,0.053404,0.023742,-0.134023,0.265143,0.385440,-0.298516,-0.441220
19,152.728426,74,3.700000,0.058479,0.060597,0.018645,-0.078283,-0.055379,-0.017227,0.988529,-0.004371,0.006754,0.150820,0.072797,0.008544,-0.146565,0.265140,0.016832,-0.600520,-0.485937
19,152.728426,75,3.750000,0.054565,0.057828,0.017784,-0.072374,-0.050136,-0.016791,0.989079,-0.002629,0.007223,0.147183,0.073686,-0.021886,-0.160377,0.265118,-0.019530,-0.538324,-0.450676
19,152.728426,76,3.800000,0.050946,0.055322,0.016944,-0.065739,-0.046538,-0.016389,0.989669,-0.000755,0.006943,0.143204,0.072576,-0.049251,-0.173188,0.265112,-0.177571,-0.318133,-0.444233
19,152.728426,77,3.850000,0.047660,0.052995,0.016125,-0.059098,-0.044828,-0.015988,0.990287,0.001186,0.005981,0.138906,0.063374,-0.065635,-0.185815,0.265107,-0.353633,-0.036152,-0.465391
19,152.728426,78,3.900000,0.044705,0.050753,0.015325,-0.053121,-0.045166,-0.015586,0.990927,0.002956,0.004581,0.134292,0.045229,-0.067889,-0.199043,0.265088,-0.519947,0.117711,-0.510887
19,152.728426,79,3.950000,0.042049,0.048495,0.014546,-0.048275,-0.047437,-0.015211,0.991585,0.004281,0.003066,0.129349,0.018719,-0.062345,-0.213565,0.265054,-0.600068,-0.029577,-0.580851
19,152.728426,80,4.000000,0.039635,0.046123,0.013785,-0.044747,-0.051215,-0.014898,0.992263,0.004930,0.001604,0.124045,-0.011790,-0.063976,-0.230076,0.265028,-0.465561,0.183137,-0.573356
19,152.728426,81,4.050000,0.037398,0.043562,0.013041,-0.042584,-0.055822,-0.014632,0.992963,0.004827,0.000008,0.118328,-0.035626,-0.054716,-0.246373,0.265028,-0.330165,0.412742,-0.566375
19,152.728426,82,4.100000,0.035268,0.040771,0.012309,-0.042015,-0.060526,-0.014362,0.993676,0.004104,-0.001425,0.112203,-0.052646,-0.033746,-0.262472,0.265030,-0.181902,0.542008,-0.552957
19,152.728426,83,4.150000,0.033168,0.037745,0.011591,-0.042954,-0.064686,-0.014084,0.994394,0.002900,-0.002384,0.105675,-0.062078,-0.006121,-0.278190,0.265033,-0.018166,0.548860,-0.529785
19,152.728426,84,4.200000,0.031020,0.034511,0.010887,-0.044980,-0.067764,-0.013796,0.995107,0.001390,-0.002680,0.098753,-0.063050,0.021977,-0.293249,0.265037,0.042458,0.609082,-0.495293
19,152.728426,85,4.250000,0.028771,0.031122,0.010197,-0.047464,-0.069382,-0.013495,0.995807,-0.000213,-0.002279,0.091451,-0.060683,0.053133,-0.307327,0.265037,0.168084,0.238847,-0.379556
19,152.728426,86,4.300000,0.026398,0.027653,0.009522,-0.049711,-0.069378,-0.013191,0.996481,-0.001828,-0.001097,0.083794,-0.051659,0.065783,-0.318116,0.265035,0.161661,-0.137582,-0.250241
19,152.728426,87,4.350000,0.023912,0.024184,0.008863,-0.050934,-0.067680,-0.012890,0.997113,-0.003244,0.000419,0.075862,-0.042782,0.059528,-0.325229,0.265020,0.044619,-0.424045,-0.104657
19,152.728426,88,4.400000,0.021365,0.020800,0.008218,-0.050765,-0.064474,-0.012623,0.997691,-0.004426,0.001796,0.067748,-0.039816,0.038854,-0.328204,0.264999,-0.076529,-0.395846,0.060721
19,152.728426,89,4.450000,0.018827,0.017577,0.007587,-0.049301,-0.060020,-0.012406,0.998206,-0.005500,0.002661,0.059557,-0.043159,0.019557,-0.326478,0.264981,0.204306,0.412706,0.253389
19,152.728426,90,4.500000,0.016362,0.014576,0.006967,-0.047016,-0.054476,-0.012237,0.998651,-0.006628,0.003040,0.051409,-0.032701,0.040727,-0.319275,0.264935,0.307021,0.131315,0.400193
19,152.728426,91,4.550000,0.014011,0.011852,0.006355,-0.044371,-0.047829,-0.012169,0.999020,-0.007520,0.003962,0.043432,-0.016856,0.047689,-0.307900,0.264898,0.408413,-0.277001,0.562508
19,152.728426,92,4.600000,0.011793,0.009461,0.005746,-0.040809,-0.040289,-0.012188,0.999316,-0.008023,0.005076,0.035733,0.004122,0.034036,-0.291911,0.264877,0.444149,-0.572245,0.739179
19,152.728426,93,4.650000,0.009752,0.007446,0.005137,-0.036114,-0.032245,-0.012265,0.999547,-0.007988,0.005872,0.028433,0.026706,0.005378,-0.270900,0.264896,0.417666,-0.552106,0.930440
19,152.728426,94,4.700000,0.007947,0.005834,0.004524,-0.030578,-0.024248,-0.012313,0.999720,-0.007364,0.005971,0.021658,0.047645,-0.022502,-0.244453,0.264952,0.302501,0.191349,1.139500
19,152.728426,95,4.750000,0.006418,0.004621,0.003908,-0.024877,-0.016897,-0.012248,0.999845,-0.006197,0.005389,0.015545,0.062561,-0.013376,-0.212063,0.264972,0.094389,0.117828,1.256185
19,152.728426,96,4.800000,0.005174,0.003777,0.003296,-0.019684,-0.010734,-0.012126,0.999924,-0.004657,0.005046,0.010237,0.067173,-0.007988,-0.176356,0.264996,-0.186657,0.013441,1.378518
19,152.728426,97,4.850000,0.004190,0.003240,0.002689,-0.014779,-0.006114,-0.011938,0.999967,-0.002998,0.004843,0.005821,0.057786,-0.007766,-0.137172,0.264990,-0.433251,-0.082804,1.504657
19,152.728426,98,4.900000,0.003451,0.002934,0.002092,-0.010043,-0.003144,-0.011748,0.999985,-0.001568,0.004647,0.002386,0.036083,-0.012207,-0.094403,0.264949,-0.502376,-0.059365,1.635293
19,152.728426,99,4.950000,0.002949,0.002777,0.001505,-0.005487,-0.001594,-0.011625,0.999990,-0.000677,0.004340,0.000022,0.010921,-0.015304,-0.047920,0.271163,-0.223883,0.295558,1.773862
19,152.728426,100,5.000000,0.002674,0.002697,0.000924,-0.001128,-0.000914,0.000010,0.999991,-0.000409,0.003957,-0.001177,-0.000301,-0.000546,0.002501,0,0,0,0
20,158.405647,0,0.000000,1.047479,1.064363,0.247936,-0.003635,-0.004597,-0.088318,0.999410,0.001231,-0.001367,-0.034285,0.000000,0.000000,0.000000,0.223857,11.693669,-9.606289,-1.249835
20,158.405647,1,0.050000,1.047297,1.064133,0.243520,-0.004803,-0.005578,-0.164271,0.999410,0.001231,-0.001367,-0.034285,0.584683,-0.480314,-0.035526,0.162252,4.796424,-3.978727,-1.155310
20,158.405647,2,0.100000,1.047057,1.063854,0.235307,-0.005649,-0.006289,-0.354307,0.999166,0.015426,-0.013865,-0.035161,0.823857,-0.680039,-0.068365,0.276284,0.013514,0.010083,-1.038708
20,158.405647,3,0.150000,1.046774,1.063540,0.217591,-0.020380,-0.021562,-0.333610,0.998195,0.035419,-0.031538,-0.036832,0.822768,-0.681673,-0.097890,0.323383,-2.949077,2.479447,-0.937463
20,158.405647,4,0.200000,1.045755,1.062462,0.200911,-0.059648,-0.062516,-0.227946,0.996481,0.055380,-0.049203,-0.039216,0.672782,-0.560757,-0.124537,0.328359,-4.596043,3.843332,-0.847993
20,158.405647,5,0.250000,1.042773,1.059336,0.189514,-0.121916,-0.127283,-0.117048,0.994494,0.071727,-0.063644,-0.042257,0.440329,-0.371770,-0.148641,0.312600,-5.064737,4.152755,-0.765056
20,158.405647,6,0.300000,1.036677,1.052972,0.183661,-0.198704,-0.206755,-0.039305,0.992846,0.082509,-0.073077,-0.045913,0.184995,-0.166616,-0.170388,0.289791,-4.846735,3.859160,-0.686473
20,158.405647,7,0.350000,1.026742,1.042634,0.181696,-0.280643,-0.291077,-0.006194,0.991937,0.087218,-0.077072,-0.050147,-0.058419,0.025145,-0.189901,0.270021,-4.159540,3.185643,-0.612065
20,158.405647,8,0.400000,1.012710,1.028080,0.181386,-0.361473,-0.373733,-0.010203,0.991862,0.086166,-0.075960,-0.054913,-0.266215,0.184849,-0.207298,0.257263,-3.240561,2.366673,-0.542094
20,158.405647,9,0.450000,0.994636,1.009393,0.180876,-0.437769,-0.451192,-0.036862,0.992456,0.080208,-0.070561,-0.060158,-0.426788,0.305277,-0.222707,0.251992,-2.431967,1.718327,-0.475003
20,158.405647,10,0.500000,0.972748,0.986834,0.179033,-0.507630,-0.521524,-0.071362,0.993414,0.070464,-0.061892,-0.065818,-0.545806,0.394800,-0.236209,0.252273,-1.414703,0.897329,-0.412010
20,158.405647,11,0.550000,0.947366,0.960758,0.175465,-0.569411,-0.583122,-0.102909,0.994440,0.057915,-0.050765,-0.071822,-0.613002,0.444560,-0.247920,0.256026,-0.547312,0.201961,-0.344477
20,158.405647,12,0.600000,0.918896,0.931602,0.170319,-0.621225,-0.634277,-0.124911,0.995249,0.043779,-0.038245,-0.078104,-0.636185,0.460425,-0.257712,0.261037,0.161526,-0.388788,-0.269396
20,158.405647,13,0.650000,0.887834,0.899888,0.164074,-0.661330,-0.673513,-0.135276,0.995670,0.029089,-0.025260,-0.084602,-0.623606,0.447208,-0.265369,0.265710,0.692258,-0.886922,-0.187726
20,158.405647,14,0.700000,0.854768,0.866212,0.157310,-0.688503,-0.699913,-0.135181,0.995639,0.014677,-0.012613,-0.091258,-0.584489,0.409143,-0.270705,0.269176,1.071037,-1.403462,-0.104482
20,158.405647,15,0.750000,0.820343,0.831216,0.150551,-0.702358,-0.713333,-0.127580,0.995184,0.001147,-0.000996,-0.098012,-0.526733,0.344974,-0.273675,0.271208,1.366446,-1.485323,-0.016823
20,158.405647,16,0.800000,0.785225,0.795550,0.144172,-0.703467,-0.714382,-0.115846,0.994391,-0.011104,0.008884,-0.104809,-0.454828,0.276179,-0.274153,0.271763,1.589502,-1.364304,0.057262
20,158.405647,17,0.850000,0.750051,0.759831,0.138380,-0.693404,-0.704205,-0.103284,0.993374,-0.021746,0.016863,-0.111587,-0.372479,0.212696,-0.272526,0.271329,1.763094,-1.143255,0.113073
20,158.405647,18,0.900000,0.715381,0.724620,0.133216,-0.674131,-0.684388,-0.092083,0.992241,-0.030515,0.023035,-0.118304,-0.282125,0.159386,-0.269312,0.270338,1.842799,-0.972238,0.150289
20,158.405647,19,0.950000,0.681675,0.690401,0.128611,-0.647632,-0.656800,-0.083420,0.991083,-0.037195,0.027616,-0.124937,-0.188356,0.113658,-0.265040,0.269132,1.674761,-1.115146,0.168465
20,158.405647,20,1.000000,0.649293,0.657561,0.124440,-0.615719,-0.623494,-0.077666,0.989964,-0.041689,0.030773,-0.131475,-0.103474,0.059795,-0.260251,0.267973,1.590133,-0.915855,0.242441
20,158.405647,21,1.050000,0.618507,0.626386,0.120557,-0.580044,-0.586549,-0.074584,0.988930,-0.044252,0.032320,-0.137895,-0.023377,0.015024,-0.253360,0.267031,1.506065,-0.803020,0.302881
20,158.405647,22,1.100000,0.589505,0.597059,0.116828,-0.542398,-0.547675,-0.073552,0.987998,-0.044982,0.032492,-0.144154,0.052070,-0.024902,-0.244751,0.266394,1.327433,-0.660569,0.353707
20,158.405647,23,1.150000,0.562385,0.569675,0.113150,-0.504327,-0.508448,-0.073768,0.987176,-0.043984,0.031413,-0.150210,0.118211,-0.058414,-0.234697,0.266090,0.949249,-0.430717,0.398885
20,158.405647,24,1.200000,0.537169,0.544253,0.109462,-0.467255,-0.470307,-0.074388,0.986448,-0.041469,0.029269,-0.156028,0.165153,-0.081003,-0.223358,0.266128,0.350993,-0.125208,0.438569
20,158.405647,25,1.250000,0.513806,0.520737,0.105742,-0.432419,-0.434488,-0.074599,0.985781,-0.037875,0.026395,-0.161569,0.182016,-0.088663,-0.210892,0.266416,0.221384,-0.025302,0.488540
20,158.405647,26,1.300000,0.492185,0.499013,0.102013,-0.400707,-0.401856,-0.073839,0.985134,-0.033885,0.023274,-0.166798,0.192375,-0.091385,-0.197006,0.266577,0.045015,0.124088,0.524494
20,158.405647,27,1.350000,0.472150,0.478920,0.098321,-0.372490,-0.372730,-0.072346,0.984503,-0.029642,0.020054,-0.171680,0.193943,-0.086619,-0.182097,0.266726,-0.115350,0.247473,0.546115
20,158.405647,28,1.400000,0.453525,0.460284,0.094703,-0.347959,-0.347302,-0.070174,0.983884,-0.025331,0.016954,-0.176190,0.187577,-0.075586,-0.166574,0.266799,-0.253333,0.282640,0.552786
20,158.405647,29,1.450000,0.436127,0.442919,0.091195,-0.327066,-0.325626,-0.067520,0.983280,-0.021121,0.014163,-0.180315,0.174432,-0.062639,-0.150861,0.266779,-0.345374,0.121847,0.542996
20,158.405647,30,1.500000,0.419774,0.426637,0.087819,-0.309543,-0.307630,-0.064624,0.982697,-0.017168,0.011757,-0.184049,0.156805,-0.057546,-0.135427,0.266673,-0.453262,0.167991,0.572859
20,158.405647,31,1.550000,0.404297,0.411256,0.084587,-0.295011,-0.293104,-0.061713,0.982144,-0.013620,0.009563,-0.187395,0.133846,-0.049952,-0.119143,0.266539,-0.563738,0.233000,0.589473
20,158.405647,32,1.600000,0.389546,0.396601,0.081502,-0.283219,-0.281668,-0.058896,0.981632,-0.010596,0.007669,-0.190333,0.105433,-0.038907,-0.102388,0.266366,-0.627125,0.301368,0.594353
20,158.405647,33,1.650000,0.375385,0.382517,0.078557,-0.273803,-0.272846,-0.056295,0.981174,-0.008213,0.006185,-0.192854,0.073926,-0.024249,-0.085494,0.266178,-0.576847,0.347649,0.589698
20,158.405647,34,1.700000,0.361695,0.368875,0.075742,-0.266258,-0.266077,-0.053976,0.980776,-0.006530,0.005217,-0.194957,0.045005,-0.007106,-0.068732,0.266013,-0.253498,0.317044,0.580566
20,158.405647,35,1.750000,0.348382,0.355571,0.073043,-0.259963,-0.260769,-0.051929,0.980447,-0.005470,0.004812,-0.196647,0.032311,0.008629,-0.052229,0.265921,-0.260523,0.115011,0.593138
20,158.405647,36,1.800000,0.335384,0.342532,0.070447,-0.254257,-0.256419,-0.050035,0.980193,-0.004642,0.004857,-0.197932,0.019302,0.014315,-0.035370,0.265842,-0.296304,-0.125356,0.610673
20,158.405647,37,1.850000,0.322671,0.329712,0.067945,-0.248664,-0.252885,-0.048280,0.980018,-0.004103,0.005109,-0.198802,0.004506,0.008022,-0.018011,0.265781,-0.326714,-0.301980,0.634591
20,158.405647,38,1.900000,0.310238,0.317067,0.065531,-0.242933,-0.249927,-0.046635,0.979928,-0.003955,0.005281,-0.199245,-0.011824,-0.007081,0.000027,0.265740,-0.283334,-0.303504,0.663567
20,158.405647,39,1.950000,0.298091,0.304571,0.063199,-0.237064,-0.247149,-0.045066,0.979927,-0.004280,0.005166,-0.199242,-0.025990,-0.022256,0.018888,0.265724,-0.129819,0.233716,0.698586
20,158.405647,40,2.000000,0.286238,0.292213,0.060946,-0.231243,-0.244035,-0.043529,0.980021,-0.005025,0.004752,-0.198773,-0.032465,-0.010589,0.038745,0.265716,-0.043050,0.085835,0.667738
20,158.405647,41,2.050000,0.274676,0.280012,0.058770,-0.225676,-0.240118,-0.042008,0.980210,-0.005868,0.004659,-0.197819,-0.034602,-0.006345,0.057726,0.265714,-0.090637,0.007453,0.650423
20,158.405647,42,2.100000,0.263392,0.268006,0.056669,-0.220039,-0.235364,-0.040501,0.980490,-0.006741,0.004683,-0.196399,-0.039120,-0.006048,0.076214,0.265695,-0.184039,-0.037824,0.648391
20,158.405647,43,2.150000,0.252390,0.256238,0.054644,-0.214218,-0.229766,-0.039040,0.980856,-0.007720,0.004740,-0.194525,-0.048305,-0.008052,0.094644,0.265677,-0.164767,-0.003341,0.662964
20,158.405647,44,2.200000,0.241679,0.244749,0.052692,-0.208165,-0.223222,-0.037626,0.981304,-0.008933,0.004796,-0.192196,-0.056514,-0.008393,0.113488,0.265668,0.161770,0.239743,0.695131
20,158.405647,45,2.250000,0.231271,0.233588,0.050811,-0.201845,-0.215503,-0.036248,0.981833,-0.010346,0.004887,-0.189402,-0.048389,0.003351,0.133247,0.265646,0.250221,0.097221,0.648362
20,158.405647,46,2.300000,0.221179,0.222813,0.048999,-0.195197,-0.206420,-0.034940,0.982445,-0.011501,0.005233,-0.186125,-0.035895,0.007967,0.151677,0.265606,0.285999,-0.004904,0.618654
20,158.405647,47,2.350000,0.211419,0.212492,0.047252,-0.188034,-0.196262,-0.033734,0.983132,-0.012326,0.005639,-0.182396,-0.021641,0.007516,0.169262,0.265558,0.299602,-0.047273,0.604136
20,158.405647,48,2.400000,0.202017,0.202679,0.045565,-0.180370,-0.185355,-0.032640,0.983887,-0.012800,0.005974,-0.178234,-0.006709,0.005013,0.186434,0.265510,0.343160,-0.001723,0.603613
20,158.405647,49,2.450000,0.192999,0.193411,0.043933,-0.172346,-0.174018,-0.031651,0.984704,-0.012914,0.006187,-0.173647,0.010413,0.004879,0.203592,0.265465,0.508687,0.083054,0.620223
20,158.405647,50,2.500000,0.184382,0.184710,0.042350,-0.164151,-0.162571,-0.030750,0.985578,-0.012605,0.006328,-0.168636,0.035810,0.009112,0.221221,0.265422,0.409868,0.012747,0.575881
20,158.405647,51,2.550000,0.176174,0.176582,0.040813,-0.155931,-0.151407,-0.029924,0.986505,-0.011649,0.006471,-0.163191,0.056227,0.010050,0.237590,0.265411,0.211654,-0.015499,0.542920
20,158.405647,52,2.600000,0.168377,0.169011,0.039317,-0.147787,-0.141149,-0.029097,0.987470,-0.010183,0.006558,-0.157340,0.066719,0.009783,0.253023,0.265415,0.045835,-0.099256,0.521127
20,158.405647,53,2.650000,0.160988,0.161954,0.037862,-0.139846,-0.132278,-0.028231,0.988460,-0.008456,0.006602,-0.151104,0.068917,0.005460,0.267836,0.265414,-0.190404,-0.241230,0.508944
20,158.405647,54,2.700000,0.153996,0.155340,0.036450,-0.132175,-0.125043,-0.027337,0.989461,-0.006688,0.006533,-0.144495,0.059341,-0.005901,0.282302,0.265405,-0.664370,-0.319160,0.500348
20,158.405647,55,2.750000,0.147387,0.149088,0.035083,-0.124871,-0.119466,-0.026433,0.990466,-0.005195,0.006220,-0.137517,0.026186,-0.021223,0.296524,0.265394,-0.366717,-0.348366,0.464553
20,158.405647,56,2.800000,0.141143,0.143115,0.033762,-0.118114,-0.115249,-0.025527,0.991465,-0.004573,0.005642,-0.130172,0.008089,-0.038346,0.309729,0.265346,-0.040024,-0.157028,0.415380
20,158.405647,57,2.850000,0.135238,0.137352,0.032485,-0.112031,-0.111515,-0.024698,0.992449,-0.004454,0.004701,-0.122488,0.006538,-0.046103,0.321536,0.265321,0.274209,0.117504,0.350389
20,158.405647,58,2.900000,0.129636,0.131776,0.031250,-0.106911,-0.107737,-0.023904,0.993407,-0.004395,0.003573,-0.114502,0.020811,-0.040148,0.331496,0.265308,0.250527,0.356204,0.272251
20,158.405647,59,2.950000,0.124291,0.126390,0.030055,-0.102929,-0.103849,-0.023125,0.994327,-0.003963,0.002552,-0.106263,0.033843,-0.022076,0.339235,0.265298,-0.654379,0.290692,0.180988
20,158.405647,60,3.000000,0.119144,0.121197,0.028899,-0.100022,-0.100243,-0.022355,0.995197,-0.003159,0.001947,-0.097827,0.001408,-0.007105,0.344379,0.265265,-0.350725,0.252468,0.139138
20,158.405647,61,3.050000,0.114143,0.116185,0.027781,-0.097814,-0.097342,-0.021638,0.996002,-0.003124,0.001794,-0.089255,-0.016036,0.005536,0.348334,0.265237,0.130178,0.099977,0.089555
20,158.405647,62,3.100000,0.109252,0.111318,0.026699,-0.095785,-0.094442,-0.020971,0.996740,-0.003495,0.001995,-0.080578,-0.009600,0.010323,0.350880,0.265227,0.456835,0.030411,0.029253
20,158.405647,63,3.150000,0.104463,0.106596,0.025651,-0.093555,-0.091178,-0.020325,0.997407,-0.003696,0.002302,-0.071832,0.013104,0.011716,0.351711,0.265227,0.472278,-0.016993,-0.042327
20,158.405647,64,3.200000,0.099785,0.102037,0.024635,-0.091039,-0.087719,-0.019683,0.998001,-0.003328,0.002603,-0.063061,0.036562,0.011041,0.350508,0.265221,-0.259440,-0.119655,-0.127960
20,158.405647,65,3.250000,0.095233,0.097651,0.023650,-0.088281,-0.084618,-0.019050,0.998517,-0.002375,0.002850,-0.054317,0.023443,0.005545,0.346871,0.265181,-0.147078,-0.120318,-0.140909
20,158.405647,66,3.300000,0.090819,0.093420,0.022698,-0.085359,-0.082440,-0.018487,0.998951,-0.001758,0.002977,-0.045659,0.016016,-0.000162,0.342865,0.265168,-0.040266,-0.063089,-0.173744
20,158.405647,67,3.350000,0.086551,0.089298,0.021774,-0.082360,-0.080849,-0.017946,0.999306,-0.001333,0.002970,-0.037096,0.014005,-0.003109,0.337927,0.265158,0.090535,0.001917,-0.228588
20,158.405647,68,3.400000,0.082433,0.085256,0.020876,-0.079397,-0.079649,-0.017423,0.999585,-0.000960,0.002890,-0.028654,0.018572,-0.002833,0.331429,0.265151,0.107080,0.003099,-0.307536
20,158.405647,69,3.450000,0.078464,0.081273,0.020005,-0.076533,-0.078788,-0.016912,0.999788,-0.000474,0.002814,-0.020372,0.023961,-0.002444,0.322688,0.265137,-0.201736,-0.273187,-0.415314
20,158.405647,70,3.500000,0.074637,0.077334,0.019159,-0.073761,-0.078378,-0.016426,0.999920,0.000146,0.002744,-0.012308,0.013904,-0.015810,0.310883,0.265111,-0.166025,-0.212522,-0.440791
20,158.405647,71,3.550000,0.070949,0.073415,0.018338,-0.071068,-0.078554,-0.015987,0.999987,0.000510,0.002344,-0.004537,0.005790,-0.026272,0.298353,0.265103,-0.231763,-0.031109,-0.494057
20,158.405647,72,3.600000,0.067395,0.069487,0.017539,-0.068770,-0.079066,-0.015561,0.999994,0.000669,0.001682,0.002921,-0.005501,-0.027762,0.284310,0.265092,-0.300753,0.182938,-0.575175
20,158.405647,73,3.650000,0.063957,0.065534,0.016761,-0.067116,-0.079718,-0.015153,0.999949,0.000546,0.000983,0.010028,-0.020239,-0.018675,0.267961,0.265085,-0.356647,0.249883,-0.682722
20,158.405647,74,3.700000,0.060601,0.061548,0.016003,-0.066146,-0.080244,-0.014755,0.999860,0.000051,0.000507,0.016727,-0.037882,-0.006386,0.248554,0.265087,-0.335187,0.006039,-0.819003
20,158.405647,75,3.750000,0.057294,0.057536,0.015265,-0.065647,-0.080285,-0.014353,0.999736,-0.000890,0.000332,0.022940,-0.054581,-0.006442,0.225275,0.265099,-0.113973,0.116893,-0.884645
20,158.405647,76,3.800000,0.054012,0.053522,0.014548,-0.065341,-0.079404,-0.013929,0.999589,-0.002249,0.000144,0.028570,-0.060224,-0.001064,0.200129,0.265097,0.097521,0.244249,-0.958696
20,158.405647,77,3.850000,0.050745,0.049551,0.013851,-0.065263,-0.077193,-0.013514,0.999429,-0.003752,0.000086,0.033571,-0.055340,0.010691,0.172878,0.265079,0.303176,0.282341,-1.034660
20,158.405647,78,3.900000,0.047481,0.045692,0.013176,-0.065302,-0.073509,-0.013142,0.999269,-0.005143,0.000323,0.037889,-0.040251,0.024445,0.143468,0.265050,0.493521,0.217751,-1.108477
20,158.405647,79,3.950000,0.044216,0.042016,0.012518,-0.065177,-0.068451,-0.012834,0.999120,-0.006171,0.000914,0.041470,-0.015709,0.035114,0.111960,0.265018,0.532566,0.233424,-1.176487
20,158.405647,80,4.000000,0.040957,0.038594,0.011877,-0.064531,-0.062362,-0.012599,0.998997,-0.006597,0.001792,0.044262,0.010771,0.046718,0.078519,0.265001,0.559053,-0.143739,-1.165562
20,158.405647,81,4.050000,0.037731,0.035476,0.011247,-0.063061,-0.055816,-0.012402,0.998907,-0.006376,0.002984,0.046214,0.038584,0.039563,0.045388,0.264985,0.356185,-0.481180,-1.141891
20,158.405647,82,4.100000,0.034578,0.032685,0.010627,-0.060425,-0.049430,-0.012238,0.998856,-0.005455,0.004023,0.047339,0.056325,0.015571,0.012931,0.264986,-0.010238,-0.665042,-1.106837
20,158.405647,83,4.150000,0.031557,0.030213,0.010015,-0.056735,-0.043895,-0.012067,0.998846,-0.004066,0.004481,0.047654,0.055806,-0.017654,-0.018531,0.265000,-0.298221,-0.515992,-1.054857
20,158.405647,84,4.200000,0.028720,0.028019,0.009411,-0.052532,-0.039700,-0.011863,0.998874,-0.002653,0.004104,0.047186,0.040882,-0.043493,-0.048515,0.265013,-0.127484,0.417879,-0.968387
20,158.405647,85,4.250000,0.026093,0.026034,0.008818,-0.048631,-0.036908,-0.011623,0.998937,-0.001586,0.003063,0.045973,0.034428,-0.022674,-0.076041,0.265026,-0.099479,0.268937,-0.910995
20,158.405647,86,4.300000,0.023662,0.024188,0.008237,-0.045699,-0.035215,-0.011345,0.999025,-0.000706,0.002534,0.044073,0.029388,-0.009327,-0.101936,0.265005,-0.059599,-0.011939,-0.815074
20,158.405647,87,4.350000,0.021377,0.022427,0.007670,-0.043245,-0.034413,-0.011102,0.999135,0.000032,0.002331,0.041525,0.026372,-0.010037,-0.125104,0.264986,-0.159972,-0.169929,-0.680237
20,158.405647,88,4.400000,0.019214,0.020707,0.007115,-0.040958,-0.034350,-0.010893,0.999260,0.000694,0.002108,0.038398,0.018326,-0.018659,-0.144439,0.264972,-0.364353,-0.015534,-0.505938
20,158.405647,89,4.450000,0.017167,0.018989,0.006570,-0.038865,-0.034951,-0.010709,0.999393,0.001162,0.001662,0.034788,0.000006,-0.019536,-0.158820,0.264950,-0.357001,0.646378,-0.281244
20,158.405647,90,4.500000,0.015223,0.017242,0.006035,-0.037195,-0.036033,-0.010566,0.999524,0.001172,0.001178,0.030819,-0.017962,0.012783,-0.166815,0.264911,-0.336079,0.414477,-0.126673
20,158.405647,91,4.550000,0.013363,0.015440,0.005506,-0.036004,-0.037147,-0.010492,0.999643,0.000709,0.001489,0.026652,-0.034685,0.033620,-0.170415,0.264881,-0.342856,0.118982,0.051208
20,158.405647,92,4.600000,0.011563,0.013583,0.004982,-0.034526,-0.037804,-0.010474,0.999747,-0.000187,0.002309,0.022395,-0.051610,0.039794,-0.168960,0.264862,-0.302541,-0.167870,0.246435
20,158.405647,93,4.650000,0.009837,0.011692,0.004458,-0.032265,-0.037570,-0.010494,0.999828,-0.001509,0.003274,0.018174,-0.066482,0.031731,-0.161955,0.264858,-0.108760,-0.301473,0.455086
20,158.405647,94,4.700000,0.008224,0.009814,0.003933,-0.029081,-0.036032,-0.010530,0.999887,-0.003198,0.004031,0.014130,-0.071725,0.017066,-0.149019,0.264869,0.379622,-0.051263,0.676109
20,158.405647,95,4.750000,0.006770,0.008012,0.003407,-0.025172,-0.032839,-0.010558,0.999923,-0.005012,0.004420,0.010411,-0.052647,0.014909,-0.129801,0.264889,0.517091,-0.103319,0.759449
20,158.405647,96,4.800000,0.005511,0.006370,0.002879,-0.020887,-0.027877,-0.010567,0.999943,-0.006346,0.004763,0.007170,-0.026719,0.010002,-0.108214,0.264917,0.551190,-0.112056,0.840140
20,158.405647,97,4.850000,0.004467,0.004977,0.002351,-0.016259,-0.021617,-0.010542,0.999953,-0.007029,0.004991,0.004466,0.000881,0.004509,-0.084333,0.264954,0.439770,-0.093720,0.915413
20,158.405647,98,4.900000,0.003654,0.003896,0.001823,-0.011393,-0.014698,-0.010459,0.999960,-0.007018,0.005089,0.002357,0.022884,-0.000180,-0.058313,0.264984,0.122356,-0.055899,0.983429
20,158.405647,99,4.950000,0.003084,0.003161,0.001301,-0.006415,-0.007799,-0.010321,0.999966,-0.006453,0.005075,0.000897,0.029002,-0.003025,-0.030359,0.270496,-0.563168,0.047791,1.043169
20,158.405647,100,5.000000,0.002763,0.002771,0.000785,-0.001336,-0.001330,0.000029,0.999971,-0.005732,0.004995,0.000134,0.000840,-0.000669,-0.000708,0,0,0,0
21,150.743361,0,0.000000,1.049369,1.066187,0.208469,-0.004040,-0.003679,-0.083923,0.999297,0.001324,-0.001349,-0.037435,0.000000,0.000000,0.000000,0.236253,12.038433,-10.083061,-0.924906
21,150.743361,1,0.050000,1.049167,1.066003,0.204273,-0.005263,-0.004793,-0.136921,0.999297,0.001324,-0.001349,-0.037435,0.601922,-0.504153,-0.026290,0.159979,4.877375,-3.806463,-0.806819
21,150.743361,2,0.100000,1.048903,1.065763,0.197426,-0.006091,-0.005547,-0.331165,0.999043,0.015888,-0.014504,-0.038081,0.845287,-0.695077,-0.049224,0.278474,-0.018468,0.225876,-0.715922
21,150.743361,3,0.150000,1.048599,1.065486,0.180868,-0.021660,-0.021348,-0.306450,0.998034,0.036342,-0.032637,-0.039265,0.843065,-0.685362,-0.069574,0.324732,-2.987787,2.564779,-0.640153
21,150.743361,4,0.200000,1.047516,1.064418,0.165546,-0.062552,-0.063430,-0.198464,0.996272,0.056740,-0.050483,-0.040921,0.691866,-0.559349,-0.087770,0.328151,-4.687394,3.913952,-0.573175
21,150.743361,5,0.250000,1.044388,1.061247,0.155623,-0.126502,-0.129623,-0.088287,0.994246,0.073493,-0.064982,-0.043016,0.455634,-0.365956,-0.104062,0.311806,-5.120216,4.200746,-0.514429
21,150.743361,6,0.300000,1.038063,1.054766,0.151208,-0.204765,-0.210779,-0.012482,0.992593,0.084584,-0.074369,-0.045530,0.198178,-0.157718,-0.118684,0.288575,-4.923860,3.956855,-0.453854
21,150.743361,7,0.350000,1.027825,1.044227,0.150584,-0.287777,-0.296894,0.017859,0.991722,0.089541,-0.078255,-0.048439,-0.048726,0.039232,-0.131585,0.268831,-4.328517,3.351757,-0.387387
21,150.743361,8,0.400000,1.013436,1.029382,0.151477,-0.369367,-0.381535,0.011113,0.991742,0.088637,-0.076929,-0.051709,-0.264956,0.207063,-0.142596,0.256168,-3.526209,2.524626,-0.315307
21,150.743361,9,0.450000,0.994968,1.010305,0.152033,-0.446100,-0.461163,-0.018070,0.992501,0.082607,-0.071133,-0.055293,-0.440146,0.334728,-0.151559,0.250973,-2.624972,1.482747,-0.242111
21,150.743361,10,0.500000,0.972663,0.987247,0.151129,-0.515970,-0.533716,-0.054852,0.993694,0.072410,-0.061900,-0.059139,-0.569469,0.411397,-0.158441,0.251697,-1.661555,0.770407,-0.164355
21,150.743361,11,0.550000,0.946864,0.960561,0.148387,-0.577302,-0.597380,-0.087705,0.994966,0.059107,-0.050543,-0.063201,-0.650073,0.453342,-0.163113,0.255813,-0.707113,0.229338,-0.101092
21,150.743361,12,0.600000,0.917999,0.930692,0.144001,-0.628488,-0.650073,-0.110207,0.996038,0.043850,-0.037991,-0.067396,-0.682622,0.468833,-0.165986,0.261090,0.197449,-0.186566,-0.058087
21,150.743361,13,0.650000,0.886575,0.898189,0.138491,-0.667937,-0.689832,-0.120463,0.996730,0.027794,-0.024978,-0.071648,-0.669796,0.463805,-0.167637,0.265991,0.960733,-0.586356,-0.035995
21,150.743361,14,0.700000,0.853178,0.863697,0.132468,-0.694426,-0.715361,-0.119762,0.996969,0.012037,-0.012102,-0.075904,-0.618809,0.438748,-0.168660,0.269625,1.396217,-1.207939,-0.034647
21,150.743361,15,0.750000,0.818456,0.827929,0.126480,-0.707388,-0.726427,-0.111247,0.996780,-0.002503,0.000058,-0.080148,-0.546190,0.382312,-0.169645,0.271646,1.813632,-1.384775,0.021647
21,150.743361,16,0.800000,0.783087,0.791608,0.120917,-0.707128,-0.723922,-0.098705,0.996258,-0.015345,0.010667,-0.084386,-0.453047,0.316590,-0.169030,0.272053,2.122659,-1.542472,0.064249
21,150.743361,17,0.850000,0.747731,0.755412,0.115982,-0.695115,-0.709425,-0.085755,0.995539,-0.026004,0.019441,-0.088588,-0.344883,0.242373,-0.167204,0.271358,2.227813,-1.569796,0.097875
21,150.743361,18,0.900000,0.712975,0.719940,0.111694,-0.673347,-0.685138,-0.074800,0.994763,-0.034130,0.026127,-0.092733,-0.231954,0.166072,-0.164421,0.269980,2.029765,-1.418523,0.127200
21,150.743361,19,0.950000,0.679308,0.685683,0.107954,-0.644194,-0.653612,-0.067183,0.994042,-0.039619,0.030653,-0.096809,-0.129430,0.096593,-0.160806,0.268460,1.525867,-1.118940,0.152817
21,150.743361,20,1.000000,0.647098,0.653003,0.104595,-0.610084,-0.617404,-0.063031,0.993434,-0.042724,0.033207,-0.100800,-0.052547,0.041436,-0.156462,0.267273,1.414047,-0.966629,0.190673
21,150.743361,21,1.050000,0.616594,0.622133,0.101444,-0.573165,-0.578703,-0.061479,0.992940,-0.044054,0.034201,-0.104686,0.018402,-0.006584,-0.151042,0.266488,1.193720,-0.724082,0.216766
21,150.743361,22,1.100000,0.587935,0.593198,0.098370,-0.535095,-0.539062,-0.061554,0.992564,-0.043744,0.033823,-0.108443,0.078050,-0.042893,-0.144881,0.266060,0.942097,-0.479610,0.231191
21,150.743361,23,1.150000,0.561181,0.566244,0.095292,-0.497338,-0.499892,-0.062362,0.992284,-0.042045,0.032389,-0.112056,0.124919,-0.067303,-0.138309,0.265949,0.678862,-0.307258,0.233514
21,150.743361,24,1.200000,0.536314,0.541250,0.092174,-0.461041,-0.462372,-0.063139,0.992070,-0.039246,0.030223,-0.115516,0.158509,-0.083321,-0.131672,0.266040,0.439817,-0.325484,0.222094
21,150.743361,25,1.250000,0.513262,0.518131,0.089017,-0.427030,-0.427448,-0.063390,0.991893,-0.035655,0.027569,-0.118818,0.180083,-0.100388,-0.125359,0.266201,0.174797,-0.141892,0.252490
21,150.743361,26,1.300000,0.491910,0.496759,0.085847,-0.395892,-0.395809,-0.062928,0.991732,-0.031573,0.024433,-0.121959,0.188345,-0.108339,-0.118182,0.266421,-0.091790,0.049279,0.271412
21,150.743361,27,1.350000,0.472116,0.476968,0.082701,-0.368183,-0.367852,-0.061628,0.991568,-0.027305,0.021079,-0.124916,0.183270,-0.106720,-0.110467,0.266593,-0.303822,0.228477,0.279931
21,150.743361,28,1.400000,0.453706,0.458576,0.079620,-0.344178,-0.343719,-0.059612,0.991386,-0.023153,0.017785,-0.127676,0.167632,-0.096064,-0.102510,0.266657,-0.390224,0.367893,0.279711
21,150.743361,29,1.450000,0.436498,0.441390,0.076639,-0.323844,-0.323292,-0.057144,0.991184,-0.019351,0.014810,-0.130233,0.147747,-0.078322,-0.094559,0.266600,-0.188291,0.412006,0.275266
21,150.743361,30,1.500000,0.420305,0.425225,0.073782,-0.306862,-0.306257,-0.054525,0.990965,-0.015979,0.012342,-0.132592,0.138051,-0.058252,-0.086735,0.266455,-0.297537,0.266901,0.292454
21,150.743361,31,1.550000,0.404962,0.409912,0.071056,-0.292701,-0.292245,-0.051992,0.990741,-0.012779,0.010407,-0.134759,0.122982,-0.045361,-0.078422,0.266321,-0.417407,0.068172,0.314667
21,150.743361,32,1.600000,0.390327,0.395300,0.068456,-0.280832,-0.281140,-0.049572,0.990521,-0.009906,0.008844,-0.136718,0.101977,-0.042319,-0.069478,0.266168,-0.511691,-0.084188,0.343140
21,150.743361,33,1.650000,0.376286,0.381243,0.065977,-0.270862,-0.272659,-0.047342,0.990313,-0.007541,0.007430,-0.138449,0.076281,-0.046797,-0.059724,0.266014,-0.510748,-0.080075,0.376431
21,150.743361,34,1.700000,0.362743,0.367610,0.063610,-0.262584,-0.266315,-0.045333,0.990126,-0.005825,0.005996,-0.139933,0.050637,-0.050974,-0.049024,0.265877,-0.378630,0.445373,0.415553
21,150.743361,35,1.750000,0.349613,0.354294,0.061344,-0.255935,-0.261462,-0.043537,0.989967,-0.004758,0.004550,-0.141146,0.031611,-0.028799,-0.037212,0.265755,-0.295684,0.276644,0.389035
21,150.743361,36,1.800000,0.336817,0.341221,0.059167,-0.250841,-0.257458,-0.041940,0.989842,-0.004081,0.003721,-0.142067,0.016786,-0.015012,-0.026154,0.265676,-0.343195,0.173746,0.377045
21,150.743361,37,1.850000,0.324275,0.328348,0.057070,-0.246646,-0.254003,-0.040477,0.989751,-0.003721,0.003287,-0.142714,-0.000388,-0.006341,-0.015437,0.265611,-0.432200,0.101160,0.381627
21,150.743361,38,1.900000,0.311942,0.315648,0.055046,-0.242922,-0.250842,-0.039128,0.989697,-0.003755,0.003130,-0.143096,-0.022002,-0.001283,-0.004589,0.265564,-0.405064,0.105166,0.404116
21,150.743361,39,1.950000,0.299796,0.303106,0.053090,-0.239347,-0.247627,-0.037866,0.989678,-0.004304,0.003177,-0.143207,-0.042256,0.003979,0.006898,0.265556,-0.067063,0.314465,0.445362
21,150.743361,40,2.000000,0.287829,0.290725,0.051196,-0.235648,-0.243885,-0.036624,0.989698,-0.005335,0.003427,-0.143034,-0.045610,0.019692,0.019557,0.265594,0.037431,0.138869,0.409203
21,150.743361,41,2.050000,0.276046,0.278531,0.049365,-0.231560,-0.239173,-0.035322,0.989759,-0.006391,0.004080,-0.142548,-0.043753,0.026601,0.031188,0.265615,0.086778,0.010976,0.392551
21,150.743361,42,2.100000,0.264468,0.266572,0.047599,-0.226691,-0.233522,-0.034000,0.989859,-0.007376,0.004900,-0.141776,-0.039445,0.027098,0.042347,0.265613,0.115937,-0.051566,0.393896
21,150.743361,43,2.150000,0.253134,0.254896,0.045899,-0.220891,-0.227023,-0.032701,0.989997,-0.008251,0.005718,-0.140728,-0.033692,0.024456,0.053543,0.265594,0.179820,-0.021994,0.412267
21,150.743361,44,2.200000,0.242089,0.243545,0.044264,-0.214181,-0.219780,-0.031460,0.990174,-0.008991,0.006453,-0.139403,-0.024751,0.023288,0.065262,0.265564,0.371804,0.050739,0.451024
21,150.743361,45,2.250000,0.231380,0.232556,0.042691,-0.206664,-0.211908,-0.030295,0.990390,-0.009512,0.007130,-0.137789,-0.006218,0.025764,0.078082,0.265527,0.305547,-0.026209,0.432573
21,150.743361,46,2.300000,0.221047,0.221960,0.041176,-0.198431,-0.203610,-0.029218,0.990651,-0.009563,0.007808,-0.135860,0.008983,0.024435,0.090377,0.265476,0.141744,-0.053081,0.429749
21,150.743361,47,2.350000,0.211126,0.211780,0.039715,-0.189548,-0.195338,-0.028245,0.990953,-0.009240,0.008404,-0.133629,0.015986,0.021812,0.102593,0.265436,0.012674,-0.131792,0.442032
21,150.743361,48,2.400000,0.201648,0.202013,0.038303,-0.180147,-0.187440,-0.027349,0.991291,-0.008750,0.008915,-0.131095,0.016535,0.015284,0.115158,0.265407,-0.184997,-0.270338,0.467126
21,150.743361,49,2.450000,0.192641,0.192641,0.036936,-0.170332,-0.180063,-0.026508,0.991664,-0.008264,0.009264,-0.128248,0.007218,0.001840,0.128435,0.265390,-0.619114,-0.351247,0.498191
21,150.743361,50,2.500000,0.184124,0.183638,0.035610,-0.160260,-0.173175,-0.025696,0.992072,-0.008049,0.009313,-0.125065,-0.023746,-0.015687,0.142596,0.265415,-0.281920,-0.394725,0.503129
21,150.743361,51,2.550000,0.176111,0.174979,0.034325,-0.150188,-0.166470,-0.024837,0.992510,-0.008654,0.009027,-0.121519,-0.037757,-0.035552,0.156898,0.265384,0.089146,-0.236350,0.493801
21,150.743361,52,2.600000,0.168602,0.166655,0.033084,-0.140348,-0.159106,-0.024038,0.992978,-0.009664,0.008294,-0.117609,-0.033088,-0.047594,0.170934,0.265340,0.452394,-0.001200,0.468193
21,150.743361,53,2.650000,0.161584,0.158700,0.031882,-0.131137,-0.150634,-0.023326,0.993473,-0.010589,0.007251,-0.113346,-0.010160,-0.047869,0.184242,0.265284,0.477139,0.207768,0.429662
21,150.743361,54,2.700000,0.155028,0.151168,0.030715,-0.122881,-0.141105,-0.022722,0.993989,-0.010944,0.006139,-0.108754,0.014032,-0.037552,0.196455,0.265261,-0.389030,0.137079,0.378906
21,150.743361,55,2.750000,0.148884,0.144113,0.029579,-0.115716,-0.131074,-0.022153,0.994521,-0.010667,0.005222,-0.103863,-0.005140,-0.030593,0.207225,0.265337,-0.070601,0.121297,0.377247
21,150.743361,56,2.800000,0.143098,0.137559,0.028472,-0.109524,-0.121182,-0.021426,0.995048,-0.010847,0.004530,-0.098701,-0.008429,-0.024569,0.217948,0.265276,0.409313,-0.004781,0.364641
21,150.743361,57,2.850000,0.137622,0.131500,0.027400,-0.104044,-0.111017,-0.020810,0.995571,-0.011092,0.003998,-0.093270,0.012240,-0.024878,0.228313,0.265217,0.724039,-0.040870,0.338504
21,150.743361,58,2.900000,0.132419,0.125949,0.026360,-0.099118,-0.100535,-0.020304,0.996093,-0.010823,0.003414,-0.087580,0.048657,-0.026815,0.237935,0.265214,0.721645,-0.042216,0.299449
21,150.743361,59,2.950000,0.127464,0.120923,0.025345,-0.094846,-0.090240,-0.019794,0.996611,-0.009649,0.002704,-0.081650,0.084981,-0.028486,0.246447,0.265266,-0.034184,-0.082156,0.245377
21,150.743361,60,3.000000,0.122721,0.116411,0.024355,-0.091425,-0.081009,-0.019159,0.997115,-0.007573,0.001880,-0.075507,0.083539,-0.031799,0.253421,0.265319,0.039983,-0.006892,0.262273
21,150.743361,61,3.050000,0.118150,0.112360,0.023397,-0.089021,-0.073727,-0.018387,0.997588,-0.005539,0.000978,-0.069186,0.085844,-0.031341,0.260877,0.265309,0.096691,0.115658,0.254892
21,150.743361,62,3.100000,0.113699,0.108674,0.022478,-0.087686,-0.068364,-0.017605,0.998028,-0.003446,0.000084,-0.062677,0.090988,-0.024708,0.268122,0.265296,0.165884,0.234966,0.220772
21,150.743361,63,3.150000,0.109315,0.105256,0.021597,-0.087392,-0.064990,-0.016828,0.998431,-0.001214,-0.000652,-0.055983,0.099534,-0.012034,0.274397,0.265283,0.108444,0.280718,0.157521
21,150.743361,64,3.200000,0.104945,0.102006,0.020756,-0.087965,-0.063764,-0.016065,0.998791,0.001249,-0.001084,-0.049131,0.105082,0.003039,0.278875,0.265254,-0.287278,0.040282,0.060322
21,150.743361,65,3.250000,0.100547,0.098818,0.019953,-0.089089,-0.064938,-0.015357,0.999103,0.003869,-0.001146,-0.042163,0.090686,0.006165,0.280589,0.265160,-0.351207,0.121633,0.039632
21,150.743361,66,3.300000,0.096092,0.095571,0.019185,-0.090373,-0.068687,-0.014836,0.999363,0.006133,-0.001114,-0.035151,0.073060,0.013212,0.281716,0.265083,-0.515688,0.287214,-0.016113
21,150.743361,67,3.350000,0.091574,0.092137,0.018443,-0.091678,-0.074666,-0.014480,0.999573,0.007962,-0.000892,-0.028108,0.047134,0.028354,0.281258,0.265002,-0.677808,0.451375,-0.107647
21,150.743361,68,3.400000,0.086990,0.088404,0.017719,-0.092772,-0.082452,-0.014298,0.999736,0.009153,-0.000272,-0.021072,0.012941,0.051426,0.278198,0.264961,-0.820044,0.438327,-0.234423
21,150.743361,69,3.450000,0.082351,0.084281,0.017004,-0.093228,-0.091426,-0.014212,0.999855,0.009501,0.000943,-0.014107,-0.028604,0.073479,0.271534,0.264979,-0.876482,0.087307,-0.399247
21,150.743361,70,3.500000,0.077690,0.079710,0.016294,-0.092435,-0.100762,-0.014099,0.999931,0.008818,0.002725,-0.007301,-0.073186,0.077550,0.260186,0.265051,-0.714615,0.059320,-0.503023
21,150.743361,71,3.550000,0.073068,0.074672,0.015589,-0.089823,-0.109438,-0.013847,0.999964,0.007021,0.004619,-0.000775,-0.109682,0.079793,0.245888,0.265184,-0.515500,0.009332,-0.624466
21,150.743361,72,3.600000,0.068577,0.069200,0.014896,-0.085292,-0.116337,-0.013334,0.999955,0.004308,0.006573,0.005399,-0.136202,0.079236,0.228138,0.265305,-0.261694,-0.145623,-0.755318
21,150.743361,73,3.650000,0.064312,0.063383,0.014230,-0.078810,-0.120535,-0.012590,0.999901,0.000930,0.008511,0.011133,-0.149973,0.070776,0.206668,0.265362,0.045399,-0.391235,-0.888784
21,150.743361,74,3.700000,0.060372,0.057356,0.013600,-0.070436,-0.121356,-0.011751,0.999810,-0.002794,0.010233,0.016332,-0.148258,0.050038,0.181405,0.265322,0.273585,-0.515510,-1.017847
21,150.743361,75,3.750000,0.056850,0.051288,0.013013,-0.060427,-0.118447,-0.011024,0.999695,-0.006474,0.011436,0.020900,-0.134923,0.023241,0.152473,0.265219,0.555556,-0.959650,-1.065806
21,150.743361,76,3.800000,0.053829,0.045366,0.012461,-0.049330,-0.111855,-0.010546,0.999574,-0.009814,0.011971,0.024746,-0.107280,-0.025522,0.122177,0.265047,0.638655,-1.261864,-1.095940
21,150.743361,77,3.850000,0.051362,0.039773,0.011934,-0.037823,-0.101934,-0.010454,0.999471,-0.012443,0.011296,0.027837,-0.075229,-0.089113,0.091026,0.264954,0.555625,-1.300105,-1.108808
21,150.743361,78,3.900000,0.049471,0.034676,0.011411,-0.027083,-0.089421,-0.010575,0.999403,-0.014235,0.009046,0.030160,-0.047140,-0.154378,0.059508,0.265004,0.496570,-0.899012,-1.099723
21,150.743361,79,3.950000,0.048117,0.030205,0.010883,-0.018632,-0.075190,-0.010607,0.999367,-0.015282,0.005174,0.031712,-0.021962,-0.199435,0.028249,0.265113,0.796287,0.374105,-1.051680
21,150.743361,80,4.000000,0.047185,0.026446,0.010352,-0.014030,-0.060033,-0.010412,0.999349,-0.015669,0.000185,0.032497,0.018066,-0.180753,-0.001645,0.265047,0.845533,0.620201,-1.026382
21,150.743361,81,4.050000,0.046484,0.023444,0.009832,-0.014349,-0.044655,-0.010325,0.999348,-0.015071,-0.004317,0.032526,0.060331,-0.149744,-0.030819,0.264981,0.795261,0.731045,-0.955692
21,150.743361,82,4.100000,0.045766,0.021211,0.009315,-0.019064,-0.030012,-0.010362,0.999371,-0.013438,-0.008021,0.031819,0.099919,-0.113262,-0.057984,0.264965,0.529205,0.817316,-0.837480
21,150.743361,83,4.150000,0.044813,0.019711,0.008797,-0.027350,-0.017083,-0.010425,0.999420,-0.010840,-0.010790,0.030428,0.126130,-0.072617,-0.081790,0.265017,0.135428,1.024453,-0.669323
21,150.743361,84,4.200000,0.043446,0.018857,0.008276,-0.038259,-0.006771,-0.010382,0.999488,-0.007611,-0.012531,0.028438,0.132676,-0.021785,-0.100815,0.265059,-0.028507,1.593439,-0.441911
21,150.743361,85,4.250000,0.041533,0.018518,0.007757,-0.050766,0.000347,-0.010243,0.999569,-0.004249,-0.013000,0.025964,0.131167,0.057379,-0.113376,0.265036,-0.147279,1.187670,-0.280399
21,150.743361,86,4.300000,0.038994,0.018535,0.007245,-0.063630,0.004185,-0.010119,0.999665,-0.000972,-0.011493,0.023167,0.124050,0.116198,-0.121346,0.265188,-0.307619,0.710809,-0.098521
21,150.743361,87,4.350000,0.035813,0.018745,0.006739,-0.074936,0.004877,-0.009662,0.999758,0.002096,-0.008520,0.020167,0.109205,0.151167,-0.124147,0.265322,-0.490501,0.272445,0.090863
21,150.743361,88,4.400000,0.032066,0.018989,0.006256,-0.083265,0.002649,-0.008901,0.999832,0.004776,-0.004680,0.017095,0.085392,0.164275,-0.121564,0.265348,-0.627007,0.003012,0.277814
21,150.743361,89,4.450000,0.027903,0.019121,0.005811,-0.087783,-0.002122,-0.008061,0.999877,0.006854,-0.000523,0.014086,0.054799,0.164032,-0.113667,0.265255,-0.507728,0.133091,0.455734
21,150.743361,90,4.500000,0.023514,0.019015,0.005408,-0.088202,-0.008862,-0.007394,0.999897,0.008167,0.003616,0.011273,0.030120,0.170450,-0.100713,0.265184,-0.649973,-0.284937,0.478516
21,150.743361,91,4.550000,0.019103,0.018572,0.005038,-0.084560,-0.016843,-0.006891,0.999891,0.008863,0.007906,0.008788,-0.001727,0.156088,-0.087111,0.264976,-0.827392,-0.791439,0.482784
21,150.743361,92,4.600000,0.014875,0.017730,0.004693,-0.076726,-0.025472,-0.006834,0.999870,0.008768,0.011827,0.006645,-0.042580,0.116522,-0.073388,0.264661,-1.032915,-1.292189,0.469195
21,150.743361,93,4.650000,0.011039,0.016456,0.004352,-0.065078,-0.033989,-0.007434,0.999850,0.007663,0.014748,0.004849,-0.093901,0.052031,-0.060052,0.264320,-1.174066,-1.653253,0.440940
21,150.743361,94,4.700000,0.007785,0.014757,0.003980,-0.050605,-0.041420,-0.008722,0.999851,0.005287,0.016049,0.003392,-0.152486,-0.030418,-0.047518,0.264105,-1.298419,-1.673051,0.405872
21,150.743361,95,4.750000,0.005255,0.012686,0.003544,-0.034892,-0.046537,-0.010418,0.999880,0.001459,0.015282,0.002261,-0.217462,-0.113796,-0.035981,0.264093,-0.350493,-1.384876,0.322750
21,150.743361,96,4.800000,0.003510,0.010359,0.003023,-0.019943,-0.047931,-0.012087,0.999914,-0.003984,0.012426,0.001441,-0.235142,-0.182742,-0.026807,0.264609,0.815966,-0.603100,0.261833
21,150.743361,97,4.850000,0.002513,0.007962,0.002419,-0.007772,-0.044009,-0.012738,0.999920,-0.009863,0.007846,0.000862,-0.194530,-0.212658,-0.019365,0.265246,1.845430,0.581048,0.229485
21,150.743361,98,4.900000,0.002125,0.005762,0.001782,-0.000073,-0.034313,-0.012197,0.999888,-0.014725,0.002521,0.000468,-0.102414,-0.183463,-0.012842,0.265775,1.917665,1.683962,0.219708
21,150.743361,99,4.950000,0.002121,0.004046,0.001172,0.002402,-0.019819,-0.010741,0.999848,-0.017284,-0.002071,0.000221,-0.006621,-0.099215,-0.006597,0.270881,0.199881,1.998776,0.210107
21,150.743361,100,5.000000,0.002241,0.003055,0.000635,0.000321,-0.002482,0.000086,0.999837,-0.017448,-0.004554,0.000099,0.003349,0.000726,-0.000624,0,0,0,0
22,159.366146,0,0.000000,1.051168,1.067910,0.171463,-0.003839,-0.004387,-0.083679,0.999084,0.001338,-0.001433,-0.042741,0.000000,0.000000,0.000000,0.250101,12.302106,-9.797042,-0.973233
22,159.366146,1,0.050000,1.050976,1.067691,0.167279,-0.005219,-0.005568,-0.111033,0.999084,0.001338,-0.001433,-0.042741,0.615105,-0.489852,-0.027664,0.158924,4.994041,-3.839635,-0.863399
22,159.366146,2,0.100000,1.050715,1.067412,0.161728,-0.006095,-0.006319,-0.307231,0.998823,0.016176,-0.014322,-0.043418,0.864293,-0.682480,-0.052206,0.277333,-0.052109,0.206799,-0.751769
22,159.366146,3,0.150000,1.050410,1.067097,0.146366,-0.021510,-0.022275,-0.284631,0.997794,0.037021,-0.032268,-0.044671,0.860335,-0.673852,-0.073574,0.324741,-3.194456,2.591818,-0.644133
22,159.366146,4,0.200000,1.049335,1.065983,0.132135,-0.062224,-0.064971,-0.176659,0.995999,0.057768,-0.049952,-0.046419,0.698731,-0.546664,-0.091884,0.328653,-4.858417,3.582334,-0.544348
22,159.366146,5,0.250000,1.046223,1.062734,0.123302,-0.126048,-0.132184,-0.065641,0.993953,0.074628,-0.064226,-0.048612,0.453904,-0.369983,-0.107357,0.311241,-5.400881,3.997535,-0.445314
22,159.366146,6,0.300000,1.039921,1.056125,0.120020,-0.203818,-0.214091,0.009057,0.992272,0.085620,-0.073763,-0.051235,0.182352,-0.171956,-0.120014,0.288442,-5.165531,3.919999,-0.363357
22,159.366146,7,0.350000,1.029730,1.045420,0.120472,-0.286696,-0.300815,0.039065,0.991387,0.090142,-0.078003,-0.054243,-0.076707,0.023213,-0.130343,0.268524,-4.412506,3.500148,-0.303912
22,159.366146,8,0.400000,1.015395,1.030380,0.122426,-0.368467,-0.385485,0.031700,0.991421,0.088526,-0.077029,-0.057570,-0.297218,0.198600,-0.138981,0.255610,-3.403581,2.783854,-0.268660
22,159.366146,9,0.450000,0.996972,1.011105,0.124011,-0.445591,-0.464376,0.001516,0.992215,0.081709,-0.071368,-0.061145,-0.466349,0.339361,-0.146618,0.250358,-2.457862,1.653265,-0.257968
22,159.366146,10,0.500000,0.974692,0.987887,0.124087,-0.515884,-0.535504,-0.036273,0.993439,0.070914,-0.061931,-0.064914,-0.587354,0.424619,-0.153951,0.251206,-1.371653,0.865294,-0.194526
22,159.366146,11,0.550000,0.948898,0.961111,0.122273,-0.577409,-0.597309,-0.069824,0.994718,0.057244,-0.050151,-0.068882,-0.653456,0.471315,-0.159480,0.255543,-0.317459,0.066701,-0.146985
22,159.366146,12,0.600000,0.920028,0.931246,0.118782,-0.628356,-0.647932,-0.092579,0.995759,0.041996,-0.037069,-0.072977,-0.666476,0.478605,-0.163658,0.261074,0.544286,-0.577310,-0.110208
22,159.366146,13,0.650000,0.888610,0.898849,0.114153,-0.667010,-0.685752,-0.102642,0.996386,0.026424,-0.023761,-0.077150,-0.636289,0.453879,-0.166791,0.265976,1.064732,-0.979691,-0.078986
22,159.366146,14,0.700000,0.855259,0.864562,0.109021,-0.692341,-0.709883,-0.101838,0.996555,0.011547,-0.011116,-0.081366,-0.580180,0.408923,-0.169036,0.269240,1.203931,-1.145073,-0.052293
22,159.366146,15,0.750000,0.820642,0.829068,0.103929,-0.704324,-0.720455,-0.094002,0.996327,-0.002029,0.000301,-0.085606,-0.517360,0.355391,-0.170522,0.270765,1.632892,-1.355543,-0.014069
22,159.366146,16,0.800000,0.785426,0.793045,0.099229,-0.703849,-0.718454,-0.083090,0.995801,-0.014154,0.010251,-0.089856,-0.433415,0.290962,-0.170922,0.271293,1.839369,-1.373170,0.011737
22,159.366146,17,0.850000,0.750234,0.757122,0.095074,-0.692315,-0.705218,-0.071503,0.995096,-0.024332,0.018405,-0.094094,-0.339559,0.225115,-0.170588,0.270716,1.897206,-1.289856,0.025586
22,159.366146,18,0.900000,0.715618,0.721861,0.091499,-0.671655,-0.682678,-0.061609,0.994324,-0.032326,0.024699,-0.098313,-0.243241,0.162820,-0.169861,0.269581,1.837843,-1.195028,0.027440
22,159.366146,19,0.950000,0.682035,0.687727,0.088418,-0.643961,-0.653009,-0.054538,0.993574,-0.038076,0.029206,-0.102513,-0.150300,0.104637,-0.169081,0.268310,1.705498,-1.220984,0.016039
22,159.366146,20,1.000000,0.649837,0.655077,0.085692,-0.611246,-0.618390,-0.050455,0.992901,-0.041664,0.032029,-0.106700,-0.064353,0.044552,-0.168625,0.267177,1.462583,-0.992500,0.046938
22,159.366146,21,1.050000,0.619275,0.624157,0.083169,-0.575378,-0.580836,-0.048916,0.992338,-0.043277,0.033130,-0.110880,0.009061,-0.004661,-0.167291,0.266343,1.149467,-0.718524,0.067181
22,159.366146,22,1.100000,0.590506,0.595116,0.080723,-0.538213,-0.542097,-0.049118,0.991879,-0.043203,0.032808,-0.115032,0.066505,-0.040645,-0.165381,0.265903,0.836347,-0.432401,0.078104
22,159.366146,23,1.150000,0.563595,0.568011,0.078267,-0.501270,-0.503611,-0.050102,0.991499,-0.041806,0.031430,-0.119142,0.108067,-0.062682,-0.163161,0.265789,0.608324,-0.174161,0.081524
22,159.366146,24,1.200000,0.538532,0.542830,0.075762,-0.465690,-0.466493,-0.051093,0.991162,-0.039442,0.029384,-0.123204,0.138095,-0.072059,-0.160844,0.265860,0.642003,-0.009266,0.081999
22,159.366146,25,1.250000,0.515247,0.519506,0.073207,-0.432227,-0.431564,-0.051642,0.990840,-0.036359,0.027014,-0.127218,0.169755,-0.073366,-0.158513,0.265944,0.352801,-0.038979,0.105452
22,159.366146,26,1.300000,0.493636,0.497927,0.070625,-0.401307,-0.399464,-0.051674,0.990521,-0.032494,0.024512,-0.131190,0.186954,-0.076336,-0.155516,0.266130,0.050952,-0.131467,0.135065
22,159.366146,27,1.350000,0.473571,0.477954,0.068042,-0.373173,-0.370908,-0.050973,0.990190,-0.028210,0.021882,-0.135091,0.189051,-0.084012,-0.151677,0.266291,-0.215205,-0.193483,0.171358
22,159.366146,28,1.400000,0.454912,0.459409,0.065493,-0.348045,-0.346275,-0.049598,0.989836,-0.023896,0.019056,-0.138887,0.177807,-0.094775,-0.146806,0.266386,-0.365688,-0.119386,0.212148
22,159.366146,29,1.450000,0.437510,0.442095,0.063013,-0.326161,-0.325549,-0.047712,0.989459,-0.019895,0.016006,-0.142545,0.158995,-0.101735,-0.140776,0.266395,-0.357335,0.454896,0.257897
22,159.366146,30,1.500000,0.421202,0.425818,0.060627,-0.307737,-0.308378,-0.045532,0.989060,-0.016380,0.012852,-0.146038,0.140584,-0.079840,-0.133445,0.266342,-0.368364,0.321046,0.237180
22,159.366146,31,1.550000,0.405815,0.410399,0.058351,-0.292838,-0.294248,-0.043235,0.988642,-0.013238,0.010310,-0.149348,0.121762,-0.064499,-0.126703,0.266187,-0.491179,0.242520,0.230411
22,159.366146,32,1.600000,0.391173,0.395686,0.056189,-0.280840,-0.282863,-0.041074,0.988215,-0.010502,0.008219,-0.152488,0.096893,-0.052959,-0.120154,0.266028,-0.634383,0.185905,0.239376
22,159.366146,33,1.650000,0.377131,0.381543,0.054135,-0.271259,-0.273872,-0.039104,0.987785,-0.008335,0.006510,-0.155461,0.064932,-0.044105,-0.113350,0.265857,-0.640802,0.197997,0.265109
22,159.366146,34,1.700000,0.363568,0.367850,0.052180,-0.263652,-0.266761,-0.037387,0.987360,-0.006921,0.005145,-0.158261,0.032702,-0.034485,-0.105814,0.265700,-0.316785,0.408163,0.308223
22,159.366146,35,1.750000,0.350385,0.354512,0.050311,-0.257575,-0.260838,-0.035922,0.986947,-0.006264,0.004146,-0.160870,0.016725,-0.014208,-0.097053,0.265609,-0.208406,0.230812,0.272955
22,159.366146,36,1.800000,0.337507,0.341470,0.048515,-0.252558,-0.255412,-0.034609,0.986558,-0.005919,0.003713,-0.163264,0.006252,-0.002729,-0.089294,0.265556,-0.149067,0.104886,0.257250
22,159.366146,37,1.850000,0.324879,0.328699,0.046784,-0.248005,-0.250265,-0.033387,0.986192,-0.005784,0.003607,-0.165466,-0.001211,0.002494,-0.081982,0.265525,-0.102663,0.047476,0.260114
22,159.366146,38,1.900000,0.312478,0.316186,0.045115,-0.243566,-0.245242,-0.032220,0.985850,-0.005811,0.003661,-0.167487,-0.006336,0.004872,-0.074588,0.265505,-0.015196,0.084257,0.281136
22,159.366146,39,1.950000,0.300300,0.303924,0.043504,-0.239060,-0.240212,-0.031090,0.985535,-0.005953,0.003797,-0.169325,-0.007082,0.009103,-0.066597,0.265496,0.204255,0.165701,0.324336
22,159.366146,40,2.000000,0.288347,0.291913,0.041949,-0.234389,-0.235075,-0.029981,0.985250,-0.006096,0.004041,-0.170966,0.003154,0.017405,-0.057378,0.265507,0.165588,0.099560,0.313112
22,159.366146,41,2.050000,0.276628,0.280159,0.040450,-0.229449,-0.229849,-0.028854,0.985002,-0.005949,0.004448,-0.172383,0.011471,0.022377,-0.048478,0.265480,0.021765,0.087116,0.321331
22,159.366146,42,2.100000,0.265155,0.268667,0.039008,-0.224132,-0.224840,-0.027779,0.984791,-0.005576,0.004942,-0.173581,0.012600,0.026711,-0.039344,0.265437,-0.095052,0.021689,0.348682
22,159.366146,43,2.150000,0.253949,0.257425,0.037619,-0.218396,-0.220286,-0.026783,0.984618,-0.005155,0.005540,-0.174555,0.007888,0.027777,-0.029433,0.265405,-0.288311,-0.110748,0.392594
22,159.366146,44,2.200000,0.243029,0.246411,0.036279,-0.212150,-0.216247,-0.025849,0.984487,-0.004843,0.006185,-0.175284,-0.006497,0.022231,-0.018274,0.265377,-0.724597,-0.197910,0.445718
22,159.366146,45,2.250000,0.232421,0.235598,0.034987,-0.205330,-0.212626,-0.024970,0.984402,-0.004909,0.006759,-0.175735,-0.042711,0.012340,-0.005604,0.265366,-0.394041,-0.265116,0.474810
22,159.366146,46,2.300000,0.222155,0.224967,0.033739,-0.197943,-0.209045,-0.024119,0.984369,-0.005906,0.007249,-0.175867,-0.062411,-0.000907,0.007892,0.265414,-0.023348,-0.155892,0.489699
22,159.366146,47,2.350000,0.212258,0.214515,0.032533,-0.189907,-0.204582,-0.023197,0.984394,-0.007445,0.007503,-0.175661,-0.063578,-0.008720,0.021811,0.265425,0.348603,0.016388,0.488881
22,159.366146,48,2.400000,0.202762,0.204286,0.031373,-0.181362,-0.198673,-0.022279,0.984478,-0.009044,0.007571,-0.175111,-0.046140,-0.007953,0.035708,0.265386,0.388503,0.162651,0.476825
22,159.366146,49,2.450000,0.193694,0.194352,0.030259,-0.172479,-0.191225,-0.021459,0.984624,-0.010207,0.007585,-0.174221,-0.026704,0.000117,0.049261,0.265332,-0.462449,0.042272,0.455623
22,159.366146,50,2.500000,0.185070,0.184791,0.029186,-0.163391,-0.182648,-0.020763,0.984831,-0.010855,0.007717,-0.173003,-0.049827,0.002180,0.062212,0.265378,-0.138846,-0.007859,0.486035
22,159.366146,51,2.550000,0.176901,0.175658,0.028148,-0.154076,-0.173453,-0.019997,0.985084,-0.012060,0.008003,-0.171462,-0.056774,0.001670,0.076028,0.265334,0.354599,-0.173842,0.505191
22,159.366146,52,2.600000,0.169197,0.166986,0.027148,-0.144296,-0.163126,-0.019343,0.985390,-0.013436,0.008311,-0.169579,-0.039049,-0.007186,0.090388,0.265230,0.697448,-0.247588,0.511509
22,159.366146,53,2.650000,0.161982,0.158829,0.026181,-0.134013,-0.151505,-0.018922,0.985759,-0.014410,0.008330,-0.167341,-0.004152,-0.019700,0.104927,0.265138,0.742807,-0.273996,0.507469
22,159.366146,54,2.700000,0.155282,0.151254,0.025235,-0.123582,-0.138925,-0.018697,0.986197,-0.014572,0.007899,-0.164747,0.033066,-0.033416,0.119352,0.265119,0.051770,-0.318226,0.492085
22,159.366146,55,2.750000,0.149102,0.144308,0.024300,-0.113575,-0.126091,-0.018505,0.986702,-0.013871,0.006983,-0.161797,0.035806,-0.049177,0.133339,0.265233,0.196871,-0.225333,0.550403
22,159.366146,56,2.800000,0.143424,0.138003,0.023375,-0.104603,-0.113756,-0.018070,0.987256,-0.013163,0.005671,-0.158496,0.045899,-0.060263,0.148984,0.265230,0.332758,-0.080943,0.584206
22,159.366146,57,2.850000,0.138194,0.132316,0.022471,-0.097053,-0.101873,-0.017604,0.987861,-0.012248,0.004051,-0.154805,0.062877,-0.064051,0.165590,0.265239,0.481903,0.070633,0.590812
22,159.366146,58,2.900000,0.133341,0.127222,0.021591,-0.091260,-0.090603,-0.017085,0.988517,-0.010926,0.002276,-0.150700,0.087375,-0.060124,0.182383,0.265261,0.494950,0.165222,0.567676
22,159.366146,59,2.950000,0.128778,0.122692,0.020737,-0.087432,-0.080329,-0.016484,0.989217,-0.008983,0.000511,-0.146179,0.112539,-0.051258,0.198519,0.265305,0.149000,-0.005008,0.509845
22,159.366146,60,3.000000,0.124406,0.118675,0.019912,-0.085645,-0.071671,-0.015758,0.989952,-0.006385,-0.001123,-0.141258,0.120375,-0.050660,0.213012,0.265340,0.103611,0.164545,0.526526
22,159.366146,61,3.050000,0.120124,0.115092,0.019124,-0.085851,-0.065303,-0.014929,0.990702,-0.003590,-0.002768,-0.135972,0.125965,-0.041460,0.227978,0.265317,-0.068338,0.419386,0.504441
22,159.366146,62,3.100000,0.115832,0.111827,0.018378,-0.088067,-0.061438,-0.014122,0.991464,-0.000627,-0.004203,-0.130310,0.122907,-0.019401,0.242316,0.265253,-0.271533,0.674909,0.442020
22,159.366146,63,3.150000,0.111428,0.108755,0.017672,-0.092080,-0.060289,-0.013431,0.992230,0.002331,-0.005080,-0.124288,0.109508,0.015475,0.254881,0.265163,-0.497263,0.753767,0.338577
22,159.366146,64,3.200000,0.106824,0.105740,0.017000,-0.097315,-0.061940,-0.012919,0.992994,0.005063,-0.005051,-0.117947,0.084496,0.054223,0.264505,0.265078,-0.685574,0.488995,0.189909
22,159.366146,65,3.250000,0.101958,0.102643,0.016354,-0.102825,-0.066291,-0.012584,0.993745,0.007287,-0.003988,-0.111361,0.049673,0.079521,0.269903,0.265016,-0.699390,0.525251,0.093379
22,159.366146,66,3.300000,0.096817,0.099329,0.015725,-0.107511,-0.072962,-0.012381,0.994470,0.008715,-0.002199,-0.104633,0.013889,0.106292,0.272557,0.265019,-0.697244,0.496241,-0.030676
22,159.366146,67,3.350000,0.091442,0.095681,0.015106,-0.110553,-0.081243,-0.012185,0.995159,0.009323,0.000347,-0.097831,-0.022073,0.131248,0.271685,0.265069,-0.650367,0.315892,-0.174104
22,159.366146,68,3.400000,0.085914,0.091618,0.014497,-0.111109,-0.090385,-0.011902,0.995799,0.009097,0.003603,-0.091038,-0.055945,0.146815,0.266736,0.265138,-0.545197,-0.005089,-0.329659
22,159.366146,69,3.450000,0.080359,0.087099,0.013902,-0.108399,-0.099603,-0.011500,0.996376,0.008062,0.007325,-0.084357,-0.084691,0.145994,0.257366,0.265184,-0.491153,-0.258668,-0.489199
22,159.366146,70,3.500000,0.074939,0.082119,0.013327,-0.101899,-0.108099,-0.011036,0.996880,0.006307,0.011088,-0.077899,-0.110674,0.132233,0.243461,0.265192,-0.327633,-0.884370,-0.574268
22,159.366146,71,3.550000,0.069844,0.076714,0.012775,-0.091525,-0.115123,-0.010598,0.997307,0.003874,0.014560,-0.071777,-0.128278,0.086992,0.227137,0.265119,-0.286377,-1.412438,-0.646159
22,159.366146,72,3.600000,0.065267,0.070958,0.012245,-0.077540,-0.119943,-0.010360,0.997672,0.000914,0.016937,-0.066058,-0.143347,0.015264,0.208770,0.265055,-0.297810,-1.710662,-0.703963
22,159.366146,73,3.650000,0.061390,0.064961,0.011727,-0.061012,-0.121937,-0.010300,0.997993,-0.002547,0.017549,-0.060788,-0.158358,-0.071404,0.188760,0.265111,-0.155552,-1.580054,-0.743422
22,159.366146,74,3.700000,0.058340,0.058864,0.011212,-0.043663,-0.120488,-0.010163,0.998281,-0.006524,0.016020,-0.056004,-0.165624,-0.151542,0.167629,0.265294,0.461999,-0.549354,-0.749230
22,159.366146,75,3.750000,0.056157,0.052839,0.010704,-0.027590,-0.114971,-0.009671,0.998525,-0.010802,0.012497,-0.051728,-0.141560,-0.180063,0.146332,0.265407,0.897032,-0.454707,-0.782078
22,159.366146,76,3.800000,0.054777,0.047091,0.010220,-0.014775,-0.105004,-0.008945,0.998709,-0.014523,0.008224,-0.047981,-0.095708,-0.203584,0.124102,0.265324,1.194663,-0.319142,-0.769801
22,159.366146,77,3.850000,0.054038,0.041841,0.009773,-0.006019,-0.091139,-0.008378,0.998844,-0.017131,0.003301,-0.044788,-0.035016,-0.219992,0.102221,0.265210,1.201053,-0.038520,-0.708013
22,159.366146,78,3.900000,0.053737,0.037284,0.009354,-0.002027,-0.074477,-0.008048,0.998943,-0.018243,-0.002109,-0.042137,0.025890,-0.222054,0.082096,0.265126,0.982681,0.493859,-0.593311
22,159.366146,79,3.950000,0.053636,0.033560,0.008952,-0.003341,-0.056495,-0.007904,0.999012,-0.017834,-0.007645,-0.039984,0.075715,-0.197281,0.065231,0.265025,0.891161,1.456037,-0.415369
22,159.366146,80,4.000000,0.053469,0.030735,0.008557,-0.010138,-0.038707,-0.007988,0.999058,-0.016152,-0.012618,-0.038252,0.120762,-0.124291,0.053424,0.264766,0.744322,1.441913,-0.296238
22,159.366146,81,4.050000,0.052962,0.028800,0.008157,-0.021894,-0.022410,-0.008592,0.999108,-0.013272,-0.015816,-0.036829,0.158230,-0.051951,0.045004,0.264745,0.449579,1.302742,-0.148340
22,159.366146,82,4.100000,0.051867,0.027679,0.007728,-0.036909,-0.008837,-0.009241,0.999172,-0.009385,-0.017245,-0.035624,0.180798,0.013457,0.040787,0.264885,0.070352,1.102845,0.016432
22,159.366146,83,4.150000,0.050022,0.027237,0.007266,-0.053485,0.000966,-0.009591,0.999246,-0.004874,-0.017060,-0.034530,0.184294,0.068879,0.041254,0.265092,-0.269288,0.970718,0.188544
22,159.366146,84,4.200000,0.047348,0.027286,0.006786,-0.070057,0.006326,-0.009489,0.999321,-0.000229,-0.015493,-0.033429,0.170722,0.117703,0.046614,0.265262,-0.324715,1.171703,0.361145
22,159.366146,85,4.250000,0.043845,0.027602,0.006312,-0.085260,0.007059,-0.008999,0.999392,0.004117,-0.012695,-0.032199,0.154278,0.176590,0.056879,0.265390,-0.622176,0.822562,0.386243
22,159.366146,86,4.300000,0.039582,0.027955,0.005862,-0.097860,0.003417,-0.008211,0.999460,0.008095,-0.008412,-0.030710,0.122788,0.218051,0.067858,0.265537,-0.980546,0.414400,0.395345
22,159.366146,87,4.350000,0.034689,0.028126,0.005451,-0.106373,-0.004286,-0.007111,0.999512,0.011316,-0.003072,-0.028944,0.073199,0.239088,0.079095,0.265521,-1.356853,-0.091536,0.385666
22,159.366146,88,4.400000,0.029370,0.027912,0.005096,-0.109715,-0.015322,-0.006041,0.999546,0.013312,0.002827,-0.026894,0.004639,0.234731,0.090058,0.265315,-1.614882,-0.612758,0.354612
22,159.366146,89,4.450000,0.023884,0.027145,0.004794,-0.107290,-0.028472,-0.005398,0.999568,0.013592,0.008659,-0.024565,-0.076907,0.204109,0.100138,0.264986,-1.828158,-1.092516,0.305395
22,159.366146,90,4.500000,0.018520,0.025722,0.004524,-0.099123,-0.042014,-0.005438,0.999594,0.011817,0.013773,-0.021976,-0.169091,0.149190,0.108818,0.264618,-0.977127,-1.539198,0.187156
22,159.366146,91,4.550000,0.013564,0.023621,0.004252,-0.085885,-0.053887,-0.006228,0.999633,0.007711,0.017561,-0.019154,-0.218563,0.071532,0.114138,0.264502,0.129494,-1.696909,0.059018
22,159.366146,92,4.600000,0.009270,0.020927,0.003940,-0.068832,-0.061768,-0.007270,0.999677,0.002333,0.019431,-0.016192,-0.212399,-0.014260,0.115816,0.264541,1.203530,-1.477565,-0.076692
22,159.366146,93,4.650000,0.005828,0.017838,0.003577,-0.049837,-0.064361,-0.008254,0.999725,-0.002925,0.019154,-0.013195,-0.152159,-0.089072,0.113636,0.264726,1.464459,-1.103968,-0.217424
22,159.366146,94,4.700000,0.003336,0.014620,0.003164,-0.031024,-0.061742,-0.008888,0.999780,-0.006703,0.016986,-0.010275,-0.078552,-0.144926,0.107456,0.264892,0.062487,-1.025984,-0.367947
22,159.366146,95,4.750000,0.001785,0.011533,0.002720,-0.014296,-0.055338,-0.009175,0.999844,-0.008658,0.013402,-0.007531,-0.074837,-0.196546,0.096997,0.264816,0.421678,-0.677319,-0.504127
22,159.366146,96,4.800000,0.001070,0.008766,0.002261,-0.001090,-0.046947,-0.009525,0.999896,-0.010533,0.008524,-0.005039,-0.053030,-0.230687,0.082667,0.265118,0.722442,0.130332,-0.620274
22,159.366146,97,4.850000,0.001016,0.006419,0.001785,0.007331,-0.036649,-0.009246,0.999921,-0.011869,0.002785,-0.002901,-0.016184,-0.224337,0.065036,0.265407,0.823452,1.165444,-0.710408
22,159.366146,98,4.900000,0.001382,0.004587,0.001322,0.010102,-0.024990,-0.008398,0.999920,-0.012285,-0.002802,-0.001207,0.025543,-0.166105,0.044843,0.265519,0.422405,1.880902,-0.781642
22,159.366146,99,4.950000,0.001887,0.003337,0.000903,0.007362,-0.012906,-0.007352,0.999908,-0.011655,-0.006941,-0.000033,0.046946,-0.072016,0.022625,0.268958,-0.894214,1.475331,-0.855189
22,159.366146,100,5.000000,0.002255,0.002692,0.000535,0.000448,-0.001297,0.000035,0.999907,-0.010485,-0.008735,0.000561,0.002297,0.001790,-0.001683,0,0,0,0
23,161.888643,0,0.000000,1.052829,1.069436,0.133741,-0.004341,-0.004883,-0.077515,0.998902,0.001322,-0.001309,-0.046803,0.000000,0.000000,0.000000,0.260734,12.003858,-9.952829,-0.855615
23,161.888643,1,0.050000,1.052612,1.069192,0.129866,-0.005664,-0.006099,-0.085177,0.998902,0.001322,-0.001309,-0.046803,0.600193,-0.497641,-0.024321,0.158075,4.894126,-3.785048,-0.766857
23,161.888643,2,0.100000,1.052329,1.068887,0.125607,-0.006465,-0.006836,-0.282948,0.998648,0.015726,-0.014435,-0.047398,0.844440,-0.687448,-0.046118,0.276759,0.014000,0.411882,-0.677067
23,161.888643,3,0.150000,1.052006,1.068545,0.111459,-0.022006,-0.022232,-0.261398,0.997643,0.035997,-0.032569,-0.048497,0.843937,-0.668332,-0.065364,0.324222,-2.977423,2.860804,-0.601993
23,161.888643,4,0.200000,1.050906,1.067434,0.098389,-0.063119,-0.063459,-0.154318,0.995898,0.056268,-0.050184,-0.050024,0.693408,-0.527385,-0.082475,0.328016,-4.665873,3.725318,-0.553576
23,161.888643,5,0.250000,1.047750,1.064261,0.090674,-0.127256,-0.128487,-0.044286,0.993920,0.072958,-0.064050,-0.051937,0.458463,-0.343290,-0.098210,0.310698,-5.146017,4.041378,-0.458734
23,161.888643,6,0.300000,1.041387,1.057836,0.088459,-0.204872,-0.208105,0.029735,0.992302,0.084053,-0.072989,-0.054263,0.199883,-0.142929,-0.111250,0.288017,-4.854694,3.696824,-0.386451
23,161.888643,7,0.350000,1.031143,1.047431,0.089946,-0.286997,-0.292851,0.059380,0.991448,0.089019,-0.076570,-0.056957,-0.043455,0.041068,-0.122234,0.268337,-4.169110,3.049214,-0.330714
23,161.888643,8,0.400000,1.016793,1.032788,0.092915,-0.367484,-0.376231,0.052099,0.991443,0.088234,-0.075218,-0.059979,-0.251720,0.193730,-0.131635,0.255893,-3.408923,2.335004,-0.285036
23,161.888643,9,0.450000,0.998419,1.013977,0.095520,-0.443177,-0.454863,0.022735,0.992129,0.082529,-0.069745,-0.063285,-0.421199,0.311738,-0.139737,0.250747,-2.750750,1.666456,-0.247082
23,161.888643,10,0.500000,0.976260,0.991234,0.096657,-0.512290,-0.526805,-0.014262,0.993229,0.072812,-0.061053,-0.066836,-0.557083,0.397294,-0.146760,0.250950,-1.635635,0.853810,-0.199735
23,161.888643,11,0.550000,0.950646,0.964893,0.095944,-0.573174,-0.590229,-0.048431,0.994452,0.059858,-0.049982,-0.070596,-0.636652,0.443088,-0.152437,0.254818,-0.661821,0.204502,-0.166915
23,161.888643,12,0.600000,0.921987,0.935382,0.093522,-0.624073,-0.643078,-0.072785,0.995495,0.044994,-0.037607,-0.074504,-0.667179,0.456996,-0.157182,0.260037,0.176168,-0.319194,-0.148139
23,161.888643,13,0.650000,0.890783,0.903228,0.089883,-0.663358,-0.683518,-0.085047,0.996171,0.029382,-0.024809,-0.078513,-0.655645,0.445016,-0.161393,0.264925,0.856457,-0.767771,-0.143296
23,161.888643,14,0.700000,0.857616,0.869052,0.085630,-0.689871,-0.710327,-0.086397,0.996408,0.014025,-0.012318,-0.082595,-0.610096,0.410644,-0.165466,0.268570,1.384596,-1.249040,-0.153348
23,161.888643,15,0.750000,0.823122,0.833536,0.081311,-0.703233,-0.723215,-0.079892,0.996230,-0.000274,-0.000771,-0.086745,-0.538288,0.352023,-0.169825,0.270687,1.697961,-1.376996,-0.122558
23,161.888643,16,0.800000,0.787960,0.797375,0.077316,-0.703979,-0.722875,-0.069120,0.995727,-0.012912,0.009161,-0.090975,-0.451121,0.286642,-0.173308,0.271181,1.823937,-1.357200,-0.103723
23,161.888643,17,0.850000,0.752761,0.761231,0.073860,-0.693638,-0.710799,-0.057685,0.995024,-0.023527,0.017265,-0.095269,-0.358039,0.221750,-0.176257,0.270609,1.827313,-1.227171,-0.095269
23,161.888643,18,0.900000,0.718079,0.725691,0.070976,-0.674174,-0.688985,-0.047911,0.994233,-0.031979,0.023528,-0.099623,-0.265190,0.162786,-0.178965,0.269493,1.804453,-1.042739,-0.095027
23,161.888643,19,0.950000,0.684371,0.691242,0.068580,-0.647645,-0.659589,-0.040923,0.993439,-0.038269,0.028091,-0.104041,-0.173861,0.112450,-0.181666,0.268248,1.941051,-0.883022,-0.097835
23,161.888643,20,1.000000,0.651989,0.658263,0.066534,-0.615964,-0.624721,-0.036906,0.992698,-0.042421,0.031161,-0.108536,-0.076034,0.069498,-0.184447,0.267093,1.667609,-0.864538,-0.076829
23,161.888643,21,1.050000,0.621190,0.627027,0.064689,-0.580808,-0.586409,-0.035531,0.992049,-0.044263,0.032896,-0.113126,0.007833,0.026803,-0.186631,0.266189,1.307976,-0.870212,-0.048452
23,161.888643,22,1.100000,0.592150,0.597706,0.062912,-0.543697,-0.546786,-0.036086,0.991497,-0.044146,0.033332,-0.117790,0.073422,-0.016763,-0.188008,0.265660,0.928132,-0.824171,-0.012386
23,161.888643,23,1.150000,0.564965,0.570367,0.061108,-0.506064,-0.507583,-0.037634,0.991025,-0.042531,0.032492,-0.122491,0.119709,-0.058495,-0.188360,0.265477,0.626298,-0.635808,0.028857
23,161.888643,24,1.200000,0.539662,0.544988,0.059226,-0.469280,-0.470053,-0.039328,0.990607,-0.039897,0.030476,-0.127191,0.150606,-0.091141,-0.187540,0.265540,0.462928,0.048251,0.075607
23,161.888643,25,1.250000,0.516198,0.521485,0.057260,-0.434598,-0.434996,-0.040566,0.990210,-0.036599,0.027552,-0.131856,0.173103,-0.089801,-0.185390,0.265774,0.273926,0.017937,0.057165
23,161.888643,26,1.300000,0.494468,0.499735,0.055231,-0.402992,-0.402898,-0.040957,0.989796,-0.032737,0.024588,-0.136480,0.186168,-0.090122,-0.183766,0.265948,-0.029811,0.031539,0.053845
23,161.888643,27,1.350000,0.474318,0.479590,0.053184,-0.374619,-0.374287,-0.040611,0.989354,-0.028550,0.021572,-0.141064,0.184049,-0.089843,-0.182235,0.266130,-0.344732,0.052776,0.066805
23,161.888643,28,1.400000,0.455587,0.460876,0.051153,-0.349613,-0.349446,-0.039540,0.988867,-0.024412,0.018570,-0.145603,0.166191,-0.088477,-0.180336,0.266237,-0.504964,0.126108,0.096282
23,161.888643,29,1.450000,0.438107,0.443404,0.049176,-0.328000,-0.328308,-0.037937,0.988333,-0.020709,0.015668,-0.150081,0.140337,-0.083309,-0.177599,0.266223,-0.309953,0.380492,0.142129
23,161.888643,30,1.500000,0.421707,0.426988,0.047279,-0.309667,-0.310445,-0.036096,0.987754,-0.017623,0.012991,-0.154479,0.124278,-0.065231,-0.173559,0.266112,-0.300618,0.234804,0.108411
23,161.888643,31,1.550000,0.406223,0.411466,0.045474,-0.294338,-0.295267,-0.034269,0.987144,-0.014862,0.010823,-0.158774,0.108817,-0.054309,-0.170478,0.265987,-0.315993,0.133726,0.093187
23,161.888643,32,1.600000,0.391506,0.396703,0.043761,-0.281488,-0.282506,-0.032534,0.986509,-0.012439,0.008988,-0.162988,0.092666,-0.048327,-0.167829,0.265866,-0.317101,0.096518,0.095254
23,161.888643,33,1.650000,0.377432,0.382577,0.042134,-0.270761,-0.271866,-0.030921,0.985852,-0.010388,0.007366,-0.167131,0.076503,-0.044091,-0.165121,0.265749,-0.250537,0.150798,0.114262
23,161.888643,34,1.700000,0.363894,0.368984,0.040588,-0.261905,-0.262998,-0.029452,0.985180,-0.008717,0.005917,-0.171201,0.063700,-0.037031,-0.161874,0.265644,-0.028934,0.249378,0.154639
23,161.888643,35,1.750000,0.350799,0.355834,0.039116,-0.254702,-0.255546,-0.028128,0.984497,-0.007330,0.004697,-0.175188,0.062026,-0.024953,-0.157478,0.265575,-0.048381,0.202869,0.140749
23,161.888643,36,1.800000,0.338064,0.343057,0.037709,-0.248891,-0.249257,-0.026898,0.983812,-0.005931,0.003782,-0.179065,0.059458,-0.015180,-0.153477,0.265503,-0.167054,0.215444,0.147581
23,161.888643,37,1.850000,0.325619,0.330594,0.036364,-0.244188,-0.244185,-0.025773,0.983127,-0.004551,0.003119,-0.182841,0.051017,-0.004755,-0.149282,0.265418,-0.257721,0.177975,0.175398
23,161.888643,38,1.900000,0.313410,0.318385,0.035076,-0.240355,-0.240347,-0.024789,0.982443,-0.003331,0.002752,-0.186512,0.038104,0.003855,-0.144297,0.265342,-0.428808,0.071676,0.221919
23,161.888643,39,1.950000,0.301392,0.306368,0.033836,-0.237087,-0.237636,-0.023934,0.981766,-0.002387,0.002657,-0.190058,0.016685,0.007230,-0.137989,0.265268,-0.850631,0.004113,0.279820
23,161.888643,40,2.000000,0.289538,0.294486,0.032639,-0.234078,-0.235830,-0.023210,0.981105,-0.001952,0.002747,-0.193445,-0.025809,0.007349,-0.130035,0.265176,-0.515564,-0.055201,0.315227
23,161.888643,41,2.050000,0.277834,0.282694,0.031479,-0.231060,-0.234471,-0.022654,0.980469,-0.002558,0.003046,-0.196632,-0.051551,0.004716,-0.121075,0.265258,-0.142122,0.041453,0.336560
23,161.888643,42,2.100000,0.266281,0.270971,0.030346,-0.227631,-0.232595,-0.021951,0.979865,-0.003808,0.003407,-0.199595,-0.058636,0.007025,-0.111508,0.265343,0.230581,0.188774,0.342872
23,161.888643,43,2.150000,0.254899,0.259341,0.029249,-0.223603,-0.229596,-0.021101,0.979298,-0.005219,0.003861,-0.202321,-0.047077,0.016712,-0.101762,0.265396,0.265685,0.306087,0.339864
23,161.888643,44,2.200000,0.243719,0.247861,0.028194,-0.218849,-0.225340,-0.020168,0.978771,-0.006297,0.004495,-0.204810,-0.033728,0.032198,-0.092102,0.265381,-0.601537,0.159793,0.331172
23,161.888643,45,2.250000,0.232777,0.236594,0.027185,-0.213256,-0.220187,-0.019281,0.978287,-0.006967,0.005441,-0.207064,-0.063692,0.040306,-0.082688,0.265343,-0.313111,0.084790,0.377395
23,161.888643,46,2.300000,0.222114,0.225585,0.026221,-0.206607,-0.214596,-0.018482,0.977839,-0.008328,0.006742,-0.209084,-0.079221,0.044745,-0.071961,0.265398,0.151233,-0.124842,0.413219
23,161.888643,47,2.350000,0.211784,0.214855,0.025297,-0.198415,-0.207977,-0.017617,0.977435,-0.010043,0.008235,-0.210838,-0.071537,0.038720,-0.060215,0.265376,0.478484,-0.254846,0.437905
23,161.888643,48,2.400000,0.201863,0.204456,0.024416,-0.188422,-0.200036,-0.016846,0.977088,-0.011599,0.009543,-0.212304,-0.047525,0.026141,-0.047768,0.265288,0.529133,-0.341072,0.455779
23,161.888643,49,2.450000,0.192442,0.194454,0.023574,-0.176841,-0.190891,-0.016294,0.976813,-0.012632,0.010420,-0.213466,-0.021021,0.009173,-0.034813,0.265197,-0.134124,-0.441589,0.467274
23,161.888643,50,2.500000,0.183600,0.184910,0.022759,-0.164194,-0.180956,-0.015951,0.976618,-0.013106,0.010746,-0.214314,-0.027715,-0.012878,-0.021531,0.265229,0.056153,-0.399329,0.557011
23,161.888643,51,2.550000,0.175390,0.175862,0.021962,-0.151127,-0.170645,-0.015569,0.976496,-0.013857,0.010573,-0.214828,-0.024918,-0.032822,-0.005698,0.265192,0.265377,-0.311979,0.624400
23,161.888643,52,2.600000,0.167834,0.167330,0.021183,-0.138062,-0.159585,-0.015272,0.976465,-0.014643,0.009903,-0.214949,-0.011656,-0.048416,0.012051,0.265150,0.510071,-0.213400,0.666910
23,161.888643,53,2.650000,0.160930,0.159351,0.020420,-0.125475,-0.147634,-0.015060,0.976537,-0.015185,0.008788,-0.214634,0.013870,-0.059091,0.031007,0.265110,0.632160,-0.157342,0.682335
23,161.888643,54,2.700000,0.154657,0.151969,0.019667,-0.113848,-0.134925,-0.014917,0.976720,-0.015157,0.007283,-0.213857,0.045547,-0.066942,0.050403,0.265113,0.397665,-0.341867,0.666151
23,161.888643,55,2.750000,0.148964,0.145223,0.018921,-0.103681,-0.121919,-0.014744,0.977016,-0.014393,0.005424,-0.212609,0.065559,-0.083948,0.069338,0.265196,0.454691,-0.159245,0.726784
23,161.888643,56,2.800000,0.143780,0.139127,0.018184,-0.095470,-0.109239,-0.014373,0.977415,-0.013229,0.003050,-0.210893,0.088514,-0.091738,0.089996,0.265235,0.379998,0.129546,0.749858
23,161.888643,57,2.850000,0.139007,0.133665,0.017465,-0.089801,-0.097169,-0.013879,0.977918,-0.011543,0.000371,-0.208669,0.107827,-0.084958,0.111311,0.265266,0.255011,0.447199,0.733459
23,161.888643,58,2.900000,0.134517,0.128806,0.016771,-0.087078,-0.086155,-0.013275,0.978521,-0.009349,-0.002236,-0.205922,0.120937,-0.062143,0.132159,0.265266,0.073245,0.620131,0.676124
23,161.888643,59,2.950000,0.130163,0.124499,0.016107,-0.087336,-0.076716,-0.012632,0.979215,-0.006717,-0.004348,-0.202665,0.124911,-0.030530,0.151378,0.265244,-0.118740,0.480394,0.572434
23,161.888643,60,3.000000,0.125796,0.120663,0.015476,-0.090181,-0.069388,-0.012003,0.979988,-0.003831,-0.005703,-0.198938,0.119149,-0.005792,0.167649,0.265214,-0.188451,0.662273,0.517713
23,161.888643,61,3.050000,0.121287,0.117193,0.014876,-0.094922,-0.064586,-0.011412,0.980819,-0.000964,-0.006421,-0.194811,0.109763,0.028079,0.182365,0.265162,-0.284578,0.784513,0.430973
23,161.888643,62,3.100000,0.116541,0.113964,0.014305,-0.100923,-0.062429,-0.010912,0.981701,0.001835,-0.006263,-0.190319,0.095340,0.068065,0.194615,0.265129,-0.380385,0.755178,0.319251
23,161.888643,63,3.150000,0.111495,0.110843,0.013759,-0.107303,-0.063028,-0.010475,0.982617,0.004468,-0.005055,-0.185522,0.075818,0.106528,0.203690,0.265121,-0.460140,0.573934,0.188568
23,161.888643,64,3.200000,0.106129,0.107691,0.013236,-0.112994,-0.066418,-0.010055,0.983549,0.006799,-0.002812,-0.180493,0.051988,0.135811,0.209050,0.265121,-0.623167,0.432306,0.046091
23,161.888643,65,3.250000,0.100480,0.104370,0.012733,-0.116915,-0.072486,-0.009643,0.984473,0.008675,0.000257,-0.175323,0.019752,0.157838,0.210360,0.265105,-0.692216,-0.127101,-0.029994
23,161.888643,66,3.300000,0.094634,0.100746,0.012251,-0.118159,-0.080915,-0.009281,0.985368,0.009854,0.004010,-0.170108,-0.016119,0.151641,0.209507,0.265049,-0.880875,-0.654902,-0.100998
23,161.888643,67,3.350000,0.088726,0.096700,0.011787,-0.115926,-0.091117,-0.009060,0.986227,0.010123,0.007762,-0.164904,-0.061369,0.118768,0.206636,0.264950,-1.083002,-1.042531,-0.164971
23,161.888643,68,3.400000,0.082930,0.092144,0.011334,-0.110052,-0.102169,-0.009072,0.987053,0.009139,0.010891,-0.159765,-0.116450,0.066160,0.201947,0.264904,-1.057046,-1.107366,-0.217510
23,161.888643,69,3.450000,0.077427,0.087036,0.010880,-0.100938,-0.112727,-0.009207,0.987850,0.006585,0.012942,-0.154732,-0.169809,0.009899,0.195764,0.265010,-0.453714,-0.379601,-0.244631
23,161.888643,70,3.500000,0.072380,0.081400,0.010420,-0.089390,-0.121077,-0.009154,0.988611,0.002493,0.013811,-0.149837,-0.192569,-0.010343,0.188811,0.265267,0.077436,-0.664558,-0.307989
23,161.888643,71,3.550000,0.067911,0.075346,0.009962,-0.076342,-0.125531,-0.008612,0.989311,-0.002240,0.014265,-0.145102,-0.188623,-0.044950,0.180056,0.265287,0.534190,-0.909090,-0.333109
23,161.888643,72,3.600000,0.064094,0.069069,0.009531,-0.062157,-0.125387,-0.008046,0.989948,-0.007004,0.013847,-0.140575,-0.161606,-0.091694,0.170588,0.265236,0.772864,-0.967411,-0.312380
23,161.888643,73,3.650000,0.060986,0.062800,0.009129,-0.047724,-0.120488,-0.007605,0.990532,-0.011267,0.012175,-0.136279,-0.122369,-0.141111,0.161709,0.265194,0.852388,-0.684458,-0.240134
23,161.888643,74,3.700000,0.058600,0.056775,0.008749,-0.034371,-0.111156,-0.007275,0.991072,-0.014728,0.009143,-0.132195,-0.078884,-0.176084,0.154883,0.265183,1.095306,0.157917,-0.105367
23,161.888643,75,3.750000,0.056881,0.051218,0.008385,-0.023559,-0.098007,-0.006990,0.991576,-0.017229,0.005098,-0.128272,-0.023084,-0.168652,0.151888,0.265076,1.273043,0.178335,-0.028194
23,161.888643,76,3.800000,0.055703,0.046317,0.008036,-0.016426,-0.081877,-0.006926,0.992059,-0.018322,0.001057,-0.124429,0.041541,-0.159869,0.151086,0.264971,1.223838,0.238398,0.080856
23,161.888643,77,3.850000,0.054882,0.042223,0.007689,-0.013160,-0.064168,-0.007068,0.992536,-0.017785,-0.002968,-0.120608,0.103649,-0.147711,0.153385,0.264968,0.991883,0.363218,0.211470
23,161.888643,78,3.900000,0.054224,0.039015,0.007336,-0.013947,-0.046493,-0.007206,0.993017,-0.015670,-0.006878,-0.116727,0.154103,-0.128946,0.159396,0.265032,0.682704,0.635072,0.354783
23,161.888643,79,3.950000,0.053526,0.036690,0.006976,-0.018855,-0.030431,-0.007193,0.993500,-0.012247,-0.010466,-0.112690,0.189019,-0.096260,0.169480,0.265075,0.540539,1.261920,0.504789
23,161.888643,80,4.000000,0.052584,0.035169,0.006616,-0.027709,-0.017327,-0.007068,0.993987,-0.007868,-0.013337,-0.108399,0.216665,-0.031949,0.183829,0.265013,0.059320,1.295762,0.516197
23,161.888643,81,4.050000,0.051198,0.034303,0.006263,-0.039884,-0.008232,-0.007038,0.994492,-0.002632,-0.014682,-0.103750,0.219854,0.034351,0.198501,0.265061,-0.560792,1.183726,0.522380
23,161.888643,82,4.100000,0.049204,0.033891,0.005911,-0.053950,-0.004167,-0.006902,0.995006,0.002850,-0.014384,-0.098734,0.191555,0.095194,0.213350,0.265085,-1.225167,0.863039,0.522079
23,161.888643,83,4.150000,0.046507,0.033683,0.005566,-0.068278,-0.005557,-0.006714,0.995525,0.007773,-0.012504,-0.093348,0.129526,0.139897,0.228190,0.265065,-1.740195,0.474483,0.512510
23,161.888643,84,4.200000,0.043093,0.033405,0.005230,-0.081211,-0.012009,-0.006567,0.996048,0.011252,-0.009369,-0.087599,0.041305,0.164742,0.242758,0.265005,-2.167271,0.154640,0.494327
23,161.888643,85,4.250000,0.039032,0.032804,0.004901,-0.091338,-0.022203,-0.006528,0.996579,0.012584,-0.005425,-0.081496,-0.068576,0.172855,0.256809,0.264942,-1.459722,-0.130058,0.412187
23,161.888643,86,4.300000,0.034465,0.031694,0.004575,-0.097649,-0.034075,-0.006578,0.997116,0.011192,-0.001060,-0.075050,-0.143247,0.165684,0.268525,0.265058,-0.390843,-0.331843,0.322298
23,161.888643,87,4.350000,0.029583,0.029990,0.004246,-0.099511,-0.044953,-0.006353,0.997627,0.007925,0.003264,-0.068311,-0.164478,0.147632,0.277686,0.265207,0.710146,-0.371628,0.217982
23,161.888643,88,4.400000,0.024607,0.027743,0.003929,-0.096844,-0.052938,-0.005802,0.998083,0.004098,0.007172,-0.061340,-0.130526,0.127317,0.283882,0.265276,1.019447,-0.423732,0.091451
23,161.888643,89,4.450000,0.019765,0.025096,0.003638,-0.090059,-0.057389,-0.005117,0.998473,0.001087,0.010519,-0.054219,-0.080926,0.104724,0.286482,0.265169,-0.316620,-0.872993,-0.069360
23,161.888643,90,4.500000,0.015262,0.022226,0.003383,-0.079801,-0.059014,-0.004673,0.998805,-0.000716,0.013235,-0.047042,-0.097895,0.060195,0.284510,0.264824,0.118058,-1.120373,-0.245057
23,161.888643,91,4.550000,0.011272,0.019276,0.003149,-0.066803,-0.058924,-0.004931,0.999089,-0.002995,0.014858,-0.039905,-0.092642,0.003119,0.277545,0.264688,0.524782,-0.995393,-0.432262
23,161.888643,92,4.600000,0.007932,0.016329,0.002902,-0.052133,-0.056571,-0.005494,0.999331,-0.005203,0.015048,-0.032938,-0.066436,-0.047627,0.265258,0.264677,0.792047,-0.607993,-0.623013
23,161.888643,93,4.650000,0.005325,0.013501,0.002628,-0.037223,-0.051960,-0.006100,0.999534,-0.006802,0.013947,-0.026279,-0.026354,-0.078695,0.247549,0.264790,0.629487,-0.338025,-0.816369
23,161.888643,94,4.700000,0.003464,0.010903,0.002323,-0.023376,-0.045651,-0.006484,0.999698,-0.007426,0.012040,-0.020070,0.005859,-0.095844,0.224344,0.264904,-0.392873,-0.840247,-1.022116
23,161.888643,95,4.750000,0.002295,0.008620,0.001999,-0.011421,-0.038605,-0.006617,0.999822,-0.007260,0.009683,-0.014447,-0.012968,-0.137806,0.195291,0.264848,-0.071299,-0.549432,-1.156004
23,161.888643,96,4.800000,0.001724,0.006690,0.001668,-0.001821,-0.031622,-0.006802,0.999906,-0.007586,0.006279,-0.009537,-0.015512,-0.165374,0.162432,0.265036,0.254097,0.052144,-1.282667
23,161.888643,97,4.850000,0.001633,0.005109,0.001328,0.004413,-0.024235,-0.006589,0.999951,-0.007988,0.002179,-0.005443,-0.001788,-0.162863,0.125972,0.265200,0.460985,0.831498,-1.398187
23,161.888643,98,4.900000,0.001854,0.003897,0.000998,0.006596,-0.016401,-0.006046,0.999963,-0.008048,-0.001867,-0.002261,0.022040,-0.121296,0.086229,0.265241,0.247656,1.380339,-1.505930
23,161.888643,99,4.950000,0.002184,0.003077,0.000696,0.004780,-0.008491,-0.005425,0.999960,-0.007508,-0.004883,-0.000080,0.034820,-0.052207,0.043424,0.267850,-0.668566,1.072550,-1.619729
23,161.888643,100,5.000000,0.002423,0.002653,0.000425,-0.000063,-0.001043,0.000014,0.999958,-0.006643,-0.006180,0.001020,0.001478,0.001478,-0.002617,0,0,0,0
24,157.757278,0,0.000000,1.054668,1.070891,0.098938,-0.003811,-0.005283,-0.077698,0.998684,0.001268,-0.001521,-0.051249,0.000000,0.000000,0.000000,0.274021,11.967975,-9.327543,-0.535153
24,157.757278,1,0.050000,1.054477,1.070627,0.095053,-0.005419,-0.006489,-0.060756,0.998684,0.001268,-0.001521,-0.051249,0.598399,-0.466377,-0.015212,0.159613,4.979191,-3.783617,-0.446407
24,157.757278,2,0.100000,1.054206,1.070302,0.092015,-0.006355,-0.007192,-0.255678,0.998448,0.015608,-0.013929,-0.051612,0.847089,-0.655903,-0.027900,0.274522,0.157339,-0.009990,-0.373554
24,157.757278,3,0.150000,1.053888,1.069943,0.079232,-0.021314,-0.022306,-0.238249,0.997495,0.035903,-0.031372,-0.052250,0.854261,-0.657300,-0.038519,0.321504,-2.962137,2.352129,-0.315143
24,157.757278,4,0.200000,1.052823,1.068828,0.067319,-0.060811,-0.062999,-0.136079,0.995801,0.056357,-0.048827,-0.053112,0.705194,-0.540942,-0.047476,0.327138,-4.838260,3.648989,-0.269744
24,157.757278,5,0.250000,1.049782,1.065678,0.060515,-0.123348,-0.127854,-0.027505,0.993838,0.073235,-0.063147,-0.054181,0.462306,-0.359763,-0.055144,0.311775,-5.215599,3.942489,-0.218687
24,157.757278,6,0.300000,1.043615,1.059285,0.059140,-0.200399,-0.207948,0.048559,0.992241,0.084312,-0.072603,-0.055474,0.200773,-0.163607,-0.061360,0.288515,-4.963336,3.767880,-0.184451
24,157.757278,7,0.350000,1.033595,1.048887,0.061568,-0.282377,-0.293038,0.079117,0.991414,0.089175,-0.076809,-0.056976,-0.047775,0.024320,-0.066603,0.268661,-4.291499,3.270990,-0.165950
24,157.757278,8,0.400000,1.019476,1.034236,0.065524,-0.363205,-0.376655,0.072354,0.991470,0.088153,-0.075990,-0.058664,-0.262288,0.187990,-0.071320,0.255729,-3.389953,2.545369,-0.163041
24,157.757278,9,0.450000,1.001316,1.015403,0.069141,-0.439462,-0.455214,0.042598,0.992267,0.082060,-0.070786,-0.060513,-0.431277,0.315969,-0.075954,0.250196,-2.383380,1.594863,-0.176634
24,157.757278,10,0.500000,0.979343,0.992642,0.071271,-0.509150,-0.526698,0.004541,0.993505,0.071967,-0.062134,-0.062507,-0.549535,0.396955,-0.080975,0.250625,-1.436151,0.891175,-0.150474
24,157.757278,11,0.550000,0.953885,0.966307,0.071498,-0.570626,-0.589462,-0.030229,0.994839,0.059056,-0.051262,-0.064648,-0.620123,0.443202,-0.085252,0.254497,-0.601272,0.297157,-0.137564
24,157.757278,12,0.600000,0.925354,0.936834,0.069987,-0.622295,-0.641716,-0.055204,0.996002,0.044450,-0.039104,-0.066897,-0.648752,0.460067,-0.089163,0.259561,0.122523,-0.171993,-0.136502
24,157.757278,13,0.650000,0.894239,0.904748,0.067227,-0.662595,-0.681762,-0.068404,0.996824,0.029147,-0.026459,-0.069226,-0.641069,0.453662,-0.093043,0.264317,0.783744,-0.533592,-0.145190
24,157.757278,14,0.700000,0.861109,0.870660,0.063807,-0.690391,-0.708411,-0.070946,0.997235,0.014015,-0.013974,-0.071624,-0.600280,0.429246,-0.097170,0.267965,1.534462,-0.841051,-0.158340
24,157.757278,15,0.750000,0.826590,0.835240,0.060259,-0.705217,-0.721289,-0.065603,0.997249,-0.000148,-0.002163,-0.074093,-0.521974,0.389408,-0.101670,0.270265,1.785376,-1.196727,-0.148613
24,157.757278,16,0.800000,0.791329,0.799175,0.056979,-0.707365,-0.720981,-0.055617,0.996944,-0.012433,0.008511,-0.076647,-0.431203,0.331585,-0.105895,0.270922,1.847307,-1.479609,-0.131817
24,157.757278,17,0.850000,0.755961,0.763126,0.054198,-0.697895,-0.709198,-0.044639,0.996441,-0.022565,0.017567,-0.079290,-0.337505,0.259338,-0.109641,0.270459,1.782008,-1.618523,-0.107588
24,157.757278,18,0.900000,0.721066,0.727666,0.051966,-0.678569,-0.688070,-0.035108,0.995860,-0.030505,0.024633,-0.082014,-0.247325,0.179816,-0.112700,0.269346,1.690485,-1.532627,-0.078703
24,157.757278,19,0.950000,0.687137,0.693263,0.050211,-0.651602,-0.659781,-0.028353,0.995296,-0.036362,0.029530,-0.084802,-0.162032,0.104243,-0.114937,0.268035,1.645393,-0.882710,-0.044901
24,157.757278,20,1.000000,0.654557,0.660274,0.048793,-0.619364,-0.626339,-0.024670,0.994813,-0.040257,0.032362,-0.087636,-0.079308,0.060814,-0.116213,0.266864,1.494379,-0.887416,-0.075770
24,157.757278,21,1.050000,0.623589,0.628957,0.047560,-0.584056,-0.589559,-0.023614,0.994422,-0.042190,0.033931,-0.090523,-0.004320,0.016793,-0.118367,0.266028,1.158656,-0.803729,-0.090905
24,157.757278,22,1.100000,0.594386,0.599479,0.046379,-0.547048,-0.551248,-0.024357,0.994131,-0.042359,0.034233,-0.093479,0.053688,-0.023374,-0.120951,0.265523,0.755929,-0.682189,-0.089157
24,157.757278,23,1.150000,0.567034,0.571916,0.045161,-0.509686,-0.512983,-0.026065,0.993919,-0.041183,0.033399,-0.096506,0.091377,-0.057730,-0.123485,0.265358,0.466183,-0.491822,-0.070363
24,157.757278,24,1.200000,0.541550,0.546267,0.043858,-0.473155,-0.475922,-0.027924,0.993755,-0.039155,0.031616,-0.099590,0.114416,-0.082749,-0.125485,0.265409,0.504674,-0.114909,-0.034567
24,157.757278,25,1.250000,0.517892,0.522471,0.042462,-0.438437,-0.440769,-0.029416,0.993609,-0.036617,0.029153,-0.102716,0.139255,-0.089040,-0.126468,0.265519,0.346172,-0.139235,-0.077110
24,157.757278,26,1.300000,0.495970,0.500433,0.040991,-0.406253,-0.407934,-0.030369,0.993463,-0.033478,0.026467,-0.105876,0.156136,-0.096670,-0.128659,0.265671,0.161446,-0.126468,-0.100141
24,157.757278,27,1.350000,0.475657,0.480036,0.039473,-0.376893,-0.377966,-0.030678,0.993302,-0.029941,0.023545,-0.109092,0.163737,-0.103756,-0.131506,0.265841,0.000766,-0.062430,-0.105187
24,157.757278,28,1.400000,0.456813,0.461138,0.037939,-0.350650,-0.351213,-0.030307,0.993110,-0.026235,0.020423,-0.112374,0.163257,-0.107694,-0.134496,0.265977,-0.074002,0.077715,-0.092865
24,157.757278,29,1.450000,0.439280,0.443577,0.036423,-0.327766,-0.327808,-0.029346,0.992876,-0.022552,0.017202,-0.115724,0.159007,-0.104642,-0.137135,0.266042,0.030157,0.246560,-0.058881
24,157.757278,30,1.500000,0.422892,0.427187,0.034956,-0.308365,-0.307706,-0.027968,0.992597,-0.018967,0.014067,-0.119136,0.159971,-0.093142,-0.138809,0.266025,-0.079584,0.256590,-0.078775
24,157.757278,31,1.550000,0.407474,0.411802,0.033558,-0.292382,-0.290808,-0.026379,0.992276,-0.015323,0.011213,-0.122590,0.155501,-0.081155,-0.141048,0.265978,-0.263626,0.314479,-0.077549
24,157.757278,32,1.600000,0.392855,0.397261,0.032239,-0.279570,-0.277184,-0.024681,0.991910,-0.011754,0.008669,-0.126100,0.141885,-0.066263,-0.143253,0.265875,-0.397059,0.312662,-0.054977
24,157.757278,33,1.650000,0.378876,0.383402,0.031005,-0.269643,-0.266780,-0.023030,0.991501,-0.008475,0.006537,-0.129661,0.121672,-0.051401,-0.144815,0.265714,-0.592265,0.232972,-0.013329
24,157.757278,34,1.700000,0.365394,0.370063,0.029853,-0.262184,-0.259345,-0.021580,0.991053,-0.005649,0.004837,-0.133258,0.091776,-0.040422,-0.145194,0.265525,-1.024838,0.183411,0.040084
24,157.757278,35,1.750000,0.352285,0.357096,0.028774,-0.256729,-0.254473,-0.020422,0.990578,-0.003528,0.003510,-0.136860,0.040311,-0.031757,-0.144055,0.265297,-0.693856,0.133661,0.071206
24,157.757278,36,1.800000,0.339448,0.344372,0.027753,-0.252838,-0.251512,-0.019656,0.990084,-0.002650,0.002572,-0.140427,0.005445,-0.025294,-0.142031,0.265202,-0.316832,0.229283,0.088001
24,157.757278,37,1.850000,0.326806,0.331796,0.026770,-0.249971,-0.249289,-0.019054,0.989581,-0.002614,0.001918,-0.143940,-0.010533,-0.013859,-0.139529,0.265193,0.064024,0.370854,0.089718
24,157.757278,38,1.900000,0.314308,0.319332,0.025817,-0.247738,-0.247020,-0.018466,0.989073,-0.002931,0.001604,-0.147390,-0.007405,0.004739,-0.136979,0.265231,0.107862,0.482856,0.082628
24,157.757278,39,1.950000,0.301921,0.306981,0.024894,-0.245755,-0.244404,-0.017809,0.988562,-0.003102,0.001738,-0.150776,-0.001987,0.028920,-0.134630,0.265231,-0.756348,0.335219,0.071138
24,157.757278,40,2.000000,0.289633,0.294761,0.024004,-0.243608,-0.241649,-0.017153,0.988047,-0.003048,0.002450,-0.154105,-0.039657,0.045692,-0.132608,0.265114,-0.480759,0.260051,0.115975
24,157.757278,41,2.050000,0.277453,0.282678,0.023146,-0.240770,-0.239063,-0.016716,0.987524,-0.003859,0.003721,-0.157380,-0.063465,0.058894,-0.129312,0.265219,-0.033439,0.039871,0.151001
24,157.757278,42,2.100000,0.265414,0.270725,0.022310,-0.236563,-0.235895,-0.016098,0.986996,-0.005207,0.005412,-0.160571,-0.064848,0.061199,-0.125020,0.265325,0.275750,-0.110599,0.175745
24,157.757278,43,2.150000,0.253586,0.258930,0.021505,-0.230492,-0.231699,-0.015311,0.986470,-0.006578,0.007166,-0.163654,-0.050770,0.055976,-0.120024,0.265349,0.311789,-0.224989,0.195273
24,157.757278,44,2.200000,0.242062,0.247345,0.020740,-0.222487,-0.226474,-0.014517,0.985954,-0.007622,0.008735,-0.166613,-0.034926,0.044958,-0.114474,0.265305,-0.360156,-0.360142,0.210759
24,157.757278,45,2.250000,0.230937,0.236022,0.020014,-0.212776,-0.220520,-0.013844,0.985456,-0.008321,0.009967,-0.169435,-0.052738,0.027103,-0.108483,0.265253,-0.174670,-0.359967,0.306921
24,157.757278,46,2.300000,0.220298,0.224996,0.019322,-0.201742,-0.214123,-0.013300,0.984974,-0.009532,0.010835,-0.172099,-0.061360,0.009322,-0.099759,0.265253,0.045181,-0.329073,0.382531
24,157.757278,47,2.350000,0.210211,0.214290,0.018657,-0.189646,-0.206731,-0.012795,0.984523,-0.011030,0.011305,-0.174540,-0.059066,-0.006900,-0.088885,0.265228,0.316487,-0.295274,0.435310
24,157.757278,48,2.400000,0.200729,0.203953,0.018017,-0.176822,-0.198002,-0.012377,0.984118,-0.012539,0.011368,-0.176709,-0.043265,-0.021464,-0.076512,0.265175,0.481479,-0.305436,0.463461
24,157.757278,49,2.450000,0.191888,0.194053,0.017398,-0.163658,-0.187855,-0.012094,0.983770,-0.013720,0.011007,-0.178572,-0.019253,-0.036610,-0.063338,0.265118,0.304639,-0.550222,0.462980
24,157.757278,50,2.500000,0.183705,0.184660,0.016793,-0.150619,-0.176532,-0.011939,0.983489,-0.014375,0.010171,-0.180111,-0.004109,-0.064075,-0.050178,0.265117,0.430753,-0.418015,0.542307
24,157.757278,51,2.550000,0.176174,0.175834,0.016196,-0.138255,-0.164449,-0.011786,0.983275,-0.014777,0.008596,-0.181321,0.017307,-0.084968,-0.034763,0.265112,0.442389,-0.168548,0.587097
24,157.757278,52,2.600000,0.169261,0.167611,0.015607,-0.127325,-0.151713,-0.011626,0.983140,-0.014744,0.006416,-0.182147,0.039314,-0.093418,-0.018075,0.265124,0.412599,0.129628,0.595593
24,157.757278,53,2.650000,0.162895,0.160026,0.015026,-0.118494,-0.138627,-0.011410,0.983084,-0.014206,0.003934,-0.182563,0.059880,-0.086964,-0.001146,0.265130,0.324849,0.309351,0.566269
24,157.757278,54,2.700000,0.156970,0.153094,0.014455,-0.112149,-0.125618,-0.011141,0.983105,-0.013131,0.001523,-0.182565,0.076118,-0.071499,0.014950,0.265135,0.214880,0.205832,0.493402
24,157.757278,55,2.750000,0.151363,0.146813,0.013898,-0.108324,-0.113215,-0.010823,0.983197,-0.011586,-0.000577,-0.182177,0.086903,-0.061164,0.028975,0.265150,0.207985,0.450480,0.471514
24,157.757278,56,2.800000,0.145947,0.141153,0.013357,-0.106808,-0.101925,-0.010437,0.983350,-0.009729,-0.002467,-0.181445,0.097370,-0.038545,0.042378,0.265132,0.155331,0.658594,0.419300
24,157.757278,57,2.850000,0.140606,0.136056,0.012835,-0.107457,-0.092091,-0.010051,0.983560,-0.007513,-0.003846,-0.180387,0.105198,-0.005458,0.054296,0.265121,0.074272,0.737906,0.343378
24,157.757278,58,2.900000,0.135234,0.131452,0.012333,-0.109841,-0.084154,-0.009656,0.983819,-0.004956,-0.004445,-0.179040,0.108923,0.031654,0.064057,0.265128,-0.026143,0.683023,0.249004
24,157.757278,59,2.950000,0.129741,0.127244,0.011850,-0.113264,-0.078585,-0.009221,0.984118,-0.002142,-0.004146,-0.177455,0.107539,0.066070,0.071134,0.265147,-0.247670,0.675917,0.142275
24,157.757278,60,3.000000,0.124078,0.123315,0.011389,-0.116897,-0.075792,-0.008728,0.984440,0.000789,-0.002993,-0.175696,0.094977,0.100156,0.075179,0.265149,-0.412221,0.247828,0.100232
24,157.757278,61,3.050000,0.118233,0.119525,0.010952,-0.119927,-0.076038,-0.008220,0.984768,0.003561,-0.000947,-0.173836,0.074080,0.112818,0.078028,0.265127,-0.729945,-0.168565,0.060037
24,157.757278,62,3.100000,0.112237,0.115723,0.010541,-0.121451,-0.079320,-0.007757,0.985095,0.005873,0.001501,-0.171902,0.037249,0.104610,0.079734,0.265036,-1.080885,-0.483772,0.022585
24,157.757278,63,3.150000,0.106165,0.111757,0.010154,-0.120990,-0.085253,-0.007487,0.985423,0.007243,0.003906,-0.169923,-0.017112,0.080534,0.080376,0.264922,-1.207319,-0.532492,-0.008754
24,157.757278,64,3.200000,0.100115,0.107495,0.009779,-0.118421,-0.092907,-0.007456,0.985756,0.007171,0.005948,-0.167926,-0.077724,0.053857,0.080127,0.264891,-0.743249,0.143863,-0.021037
24,157.757278,65,3.250000,0.094194,0.102849,0.009406,-0.113850,-0.100823,-0.007502,0.986093,0.005494,0.007587,-0.165929,-0.115050,0.060814,0.079529,0.265049,-0.326447,-0.254934,-0.076404
24,157.757278,66,3.300000,0.088502,0.097808,0.009031,-0.107400,-0.107377,-0.007257,0.986420,0.002925,0.009553,-0.163937,-0.131556,0.047720,0.077358,0.265083,0.025922,-0.655955,-0.099769
24,157.757278,67,3.350000,0.083132,0.092439,0.008668,-0.098620,-0.111747,-0.006960,0.986728,-0.000105,0.011263,-0.161993,-0.130400,0.014536,0.074522,0.265060,0.198763,-0.910569,-0.081908
24,157.757278,68,3.400000,0.078201,0.086852,0.008320,-0.087693,-0.113436,-0.006733,0.987018,-0.003242,0.012150,-0.160117,-0.120503,-0.031362,0.072193,0.265028,0.274091,-0.848230,-0.015307
24,157.757278,69,3.450000,0.073816,0.081180,0.007984,-0.075413,-0.112205,-0.006596,0.987300,-0.006319,0.011864,-0.158296,-0.106712,-0.074103,0.071758,0.265040,0.585888,-0.226296,0.112242
24,157.757278,70,3.500000,0.070045,0.075570,0.007654,-0.062933,-0.107924,-0.006458,0.987583,-0.009225,0.010468,-0.156480,-0.077216,-0.085709,0.074949,0.265064,0.897522,-0.393404,0.181880
24,157.757278,71,3.550000,0.066899,0.070174,0.007331,-0.051366,-0.100589,-0.006290,0.987875,-0.011447,0.008672,-0.154589,-0.032096,-0.105598,0.080119,0.265014,1.006277,-0.450381,0.284678
24,157.757278,72,3.600000,0.064330,0.065144,0.007017,-0.041221,-0.090805,-0.006226,0.988192,-0.012630,0.006211,-0.152572,0.018539,-0.128215,0.088211,0.265025,0.954874,-0.359401,0.411818
24,157.757278,73,3.650000,0.062269,0.060604,0.006705,-0.033305,-0.079484,-0.006133,0.988547,-0.012647,0.003000,-0.150354,0.066712,-0.146123,0.099916,0.265087,0.829792,-0.035614,0.554864
24,157.757278,74,3.700000,0.060604,0.056630,0.006399,-0.028527,-0.067652,-0.005898,0.988943,-0.011540,-0.000830,-0.147842,0.108755,-0.147651,0.115688,0.265138,0.849755,0.717516,0.707739
24,157.757278,75,3.750000,0.059178,0.053247,0.006104,-0.027657,-0.056324,-0.005533,0.989385,-0.009400,-0.004849,-0.144935,0.151891,-0.111298,0.135805,0.265086,0.483842,0.930993,0.726082
24,157.757278,76,3.800000,0.057795,0.050431,0.005827,-0.031030,-0.046504,-0.005243,0.989882,-0.006062,-0.008120,-0.141529,0.176657,-0.063965,0.156444,0.265041,-0.097204,1.028341,0.743787
24,157.757278,77,3.850000,0.056243,0.048106,0.005565,-0.038079,-0.039485,-0.005028,0.990431,-0.001949,-0.010305,-0.137609,0.172177,-0.011499,0.177586,0.264966,-0.790614,0.904437,0.759998
24,157.757278,78,3.900000,0.054339,0.046131,0.005313,-0.047831,-0.036200,-0.004958,0.991028,0.002229,-0.011173,-0.133164,0.132724,0.034883,0.199189,0.264880,-1.384866,0.672436,0.772272
24,157.757278,79,3.950000,0.051948,0.044322,0.005066,-0.058985,-0.036907,-0.005066,0.991676,0.005578,-0.010761,-0.128188,0.063217,0.069508,0.221140,0.264811,-1.920802,0.465383,0.781270
24,157.757278,80,4.000000,0.048999,0.042476,0.004812,-0.070153,-0.040980,-0.005319,0.992376,0.007308,-0.009271,-0.122676,-0.033407,0.093308,0.243348,0.264791,-1.337619,0.266183,0.731038
24,157.757278,81,4.050000,0.045491,0.040427,0.004546,-0.080055,-0.046977,-0.005602,0.993129,0.006709,-0.006898,-0.116627,-0.101150,0.106309,0.264127,0.264916,-0.383662,0.131995,0.675614
24,157.757278,82,4.100000,0.041488,0.038078,0.004266,-0.087545,-0.052726,-0.005607,0.993906,0.004462,-0.004008,-0.110066,-0.121398,0.111894,0.283331,0.265077,0.652207,0.151338,0.606553
24,157.757278,83,4.150000,0.037111,0.035442,0.003986,-0.091938,-0.056647,-0.005260,0.994677,0.001725,-0.000925,-0.103022,-0.089991,0.118156,0.300572,0.265171,0.944048,0.121273,0.515466
24,157.757278,84,4.200000,0.032514,0.032610,0.003723,-0.093016,-0.058238,-0.004706,0.995423,-0.000215,0.002232,-0.095541,-0.044137,0.123193,0.315224,0.265166,-0.384531,-0.346126,0.389618
24,157.757278,85,4.250000,0.027863,0.029698,0.003488,-0.090814,-0.058237,-0.004162,0.996132,-0.001002,0.005404,-0.087692,-0.064837,0.105359,0.326299,0.265083,0.049753,-0.638207,0.246620
24,157.757278,86,4.300000,0.023323,0.026786,0.003280,-0.085442,-0.057723,-0.003798,0.996794,-0.002341,0.008178,-0.079557,-0.063654,0.072645,0.333309,0.264978,0.449043,-0.627741,0.086552
24,157.757278,87,4.350000,0.019050,0.023900,0.003090,-0.077259,-0.056071,-0.003670,0.997401,-0.003715,0.010134,-0.071239,-0.042121,0.040453,0.335769,0.264871,0.713567,-0.411284,-0.084966
24,157.757278,88,4.400000,0.015187,0.021096,0.002906,-0.067084,-0.053145,-0.003782,0.997948,-0.004608,0.011249,-0.062858,-0.006958,0.019352,0.333354,0.264822,0.544380,-0.329236,-0.268884
24,157.757278,89,4.450000,0.011833,0.018439,0.002717,-0.055789,-0.049328,-0.004016,0.998431,-0.004657,0.011780,-0.054539,0.020016,0.002802,0.325711,0.264811,-0.515479,-0.989485,-0.475981
24,157.757278,90,4.500000,0.009044,0.015973,0.002516,-0.044004,-0.045398,-0.004283,0.998844,-0.004058,0.011861,-0.046414,-0.005792,-0.046424,0.312182,0.264745,-0.273781,-0.818008,-0.622371
24,157.757278,91,4.550000,0.006844,0.013703,0.002302,-0.032203,-0.041964,-0.004669,0.999188,-0.004163,0.010739,-0.038611,-0.018931,-0.087393,0.294491,0.264815,0.036099,-0.391514,-0.769745
24,157.757278,92,4.600000,0.005233,0.011604,0.002069,-0.021521,-0.038290,-0.004900,0.999464,-0.004641,0.008605,-0.031240,-0.016150,-0.107181,0.272611,0.264940,0.337957,0.197835,-0.912086
24,157.757278,93,4.650000,0.004157,0.009690,0.001824,-0.012940,-0.034002,-0.004865,0.999671,-0.005070,0.005971,-0.024411,0.001857,-0.097456,0.246685,0.265045,0.314699,0.623974,-1.050652
24,157.757278,94,4.700000,0.003510,0.007990,0.001580,-0.006959,-0.029170,-0.004600,0.999815,-0.005046,0.003565,-0.018234,0.018504,-0.066240,0.216821,0.265057,-0.379877,0.320849,-1.197258
24,157.757278,95,4.750000,0.003162,0.006531,0.001350,-0.003369,-0.024281,-0.004292,0.999906,-0.004594,0.001929,-0.012807,0.000056,-0.050045,0.182789,0.264962,-0.153853,0.385383,-1.231164
24,157.757278,96,4.800000,0.002994,0.005317,0.001136,-0.001419,-0.019797,-0.004145,0.999955,-0.004600,0.000699,-0.008232,-0.007290,-0.030776,0.147794,0.264910,0.076602,0.392211,-1.265300
24,157.757278,97,4.850000,0.002923,0.004327,0.000929,-0.000696,-0.015290,-0.004093,0.999978,-0.004786,-0.000052,-0.004534,-0.003287,-0.011206,0.111828,0.264873,0.216136,0.325861,-1.300352
24,157.757278,98,4.900000,0.002888,0.003563,0.000724,-0.000726,-0.010595,-0.004109,0.999987,-0.004870,-0.000319,-0.001737,0.007567,0.005073,0.074866,0.264865,0.157323,0.136711,-1.338294
24,157.757278,99,4.950000,0.002852,0.003033,0.000518,-0.001030,-0.005817,-0.004142,0.999989,-0.004681,-0.000183,0.000134,0.015419,0.011930,0.036826,0.267123,-0.294911,-0.226425,-1.382569
24,157.757278,100,5.000000,0.002800,0.002742,0.000311,-0.001212,-0.001187,0.000009,0.999990,-0.004295,0.000120,0.001054,0.000657,0.000630,-0.002473,0,0,0,0
25,154.664478,0,0.000000,1.056193,1.072411,0.066722,-0.004684,-0.004993,-0.068542,0.998475,0.001361,-0.001277,-0.055171,0.000000,0.000000,0.000000,0.280929,11.649007,-9.193195,-0.660568
25,154.664478,1,0.050000,1.055959,1.072161,0.063295,-0.006090,-0.006335,-0.038807,0.998475,0.001361,-0.001277,-0.055171,0.582450,-0.459660,-0.018776,0.159783,4.884793,-3.669959,-0.591575
25,154.664478,2,0.100000,1.055655,1.071844,0.061354,-0.006889,-0.007097,-0.233415,0.998243,0.015265,-0.013552,-0.055627,0.826362,-0.643573,-0.035592,0.273468,0.165607,0.103841,-0.525959
25,154.664478,3,0.150000,1.055310,1.071489,0.049684,-0.021451,-0.021767,-0.217914,0.997318,0.034992,-0.030738,-0.056461,0.833773,-0.639497,-0.050542,0.320444,-2.781165,2.349305,-0.473108
25,154.664478,4,0.200000,1.054238,1.070401,0.038788,-0.060179,-0.061126,-0.117574,0.995681,0.054898,-0.047799,-0.057620,0.693489,-0.523631,-0.063990,0.325805,-4.335604,3.313626,-0.440126
25,154.664478,5,0.250000,1.051229,1.067345,0.032909,-0.121424,-0.123761,-0.011124,0.993776,0.071465,-0.061729,-0.059089,0.475437,-0.359634,-0.076500,0.310297,-4.939460,3.710996,-0.373008
25,154.664478,6,0.300000,1.045158,1.061157,0.032353,-0.196778,-0.201189,0.062750,0.992147,0.082855,-0.071222,-0.060891,0.227420,-0.175464,-0.087103,0.289064,-4.890556,3.614448,-0.324786
25,154.664478,7,0.350000,1.035319,1.051097,0.035490,-0.277831,-0.284555,0.094773,0.991203,0.088381,-0.075738,-0.063009,-0.017688,0.004506,-0.096335,0.269796,-4.390253,3.210942,-0.293586
25,154.664478,8,0.400000,1.021427,1.036870,0.040229,-0.358410,-0.367324,0.090357,0.991095,0.088132,-0.075385,-0.065419,-0.237184,0.165118,-0.104680,0.256552,-3.551940,2.619772,-0.276876
25,154.664478,9,0.450000,1.003507,1.018503,0.044747,-0.434881,-0.445634,0.062173,0.991729,0.082720,-0.070673,-0.068094,-0.414125,0.297049,-0.112550,0.250307,-2.351209,1.895008,-0.269130
25,154.664478,10,0.500000,0.981763,0.996222,0.047856,-0.505080,-0.517226,0.024231,0.992834,0.073151,-0.062365,-0.070996,-0.530417,0.393568,-0.120200,0.250155,-1.476355,1.018144,-0.242872
25,154.664478,11,0.550000,0.956509,0.970360,0.049067,-0.567259,-0.580412,-0.011580,0.994064,0.060863,-0.051428,-0.074076,-0.602439,0.446895,-0.127104,0.253750,-0.700094,0.174278,-0.212027
25,154.664478,12,0.600000,0.928146,0.941340,0.048488,-0.619542,-0.633692,-0.038140,0.995140,0.046874,-0.039006,-0.077316,-0.635288,0.458515,-0.133130,0.258819,-0.027622,-0.517722,-0.174989
25,154.664478,13,0.650000,0.897168,0.909655,0.046581,-0.660225,-0.675516,-0.052910,0.995878,0.032079,-0.026210,-0.080694,-0.634353,0.435839,-0.138104,0.263696,0.590312,-0.942479,-0.134399
25,154.664478,14,0.700000,0.864157,0.875879,0.043936,-0.688246,-0.704651,-0.056760,0.996203,0.017252,-0.013966,-0.084182,-0.602553,0.392040,-0.141925,0.267425,1.189039,-0.736592,-0.090655
25,154.664478,15,0.750000,0.829745,0.840647,0.041098,-0.703464,-0.720509,-0.052517,0.996134,0.003119,-0.002872,-0.087744,-0.540989,0.358456,-0.144501,0.269538,1.591827,-1.098674,-0.113466
25,154.664478,16,0.800000,0.794572,0.804621,0.038472,-0.706593,-0.723359,-0.043890,0.995747,-0.009555,0.007252,-0.091340,-0.459432,0.306489,-0.147727,0.270535,1.702297,-1.282589,-0.122078
25,154.664478,17,0.850000,0.759242,0.768453,0.036277,-0.698483,-0.714489,-0.033543,0.995143,-0.020317,0.015894,-0.094998,-0.372599,0.244935,-0.151197,0.270276,1.631827,-1.341816,-0.115337
25,154.664478,18,0.900000,0.724318,0.732729,0.034600,-0.680719,-0.695761,-0.024198,0.994429,-0.029063,0.022794,-0.098729,-0.289602,0.179982,-0.154475,0.269329,1.560357,-1.253648,-0.093398
25,154.664478,19,0.950000,0.690282,0.697941,0.033390,-0.655246,-0.669177,-0.017301,0.993691,-0.035905,0.027870,-0.102531,-0.210529,0.118998,-0.157130,0.268154,1.720253,-0.918175,-0.056423
25,154.664478,20,1.000000,0.657520,0.664482,0.032525,-0.624086,-0.636580,-0.013272,0.992990,-0.040938,0.031224,-0.106392,-0.123807,0.074344,-0.158734,0.267005,1.600907,-0.933125,-0.098564
25,154.664478,21,1.050000,0.626315,0.632653,0.031862,-0.589118,-0.599665,-0.011939,0.992369,-0.043937,0.033235,-0.110310,-0.043313,0.028434,-0.161535,0.266044,1.384636,-0.872885,-0.121755
25,154.664478,22,1.100000,0.596859,0.602670,0.031265,-0.551843,-0.560314,-0.012756,0.991844,-0.045067,0.033883,-0.114312,0.026093,-0.014945,-0.164996,0.265390,1.138304,-0.736137,-0.127473
25,154.664478,23,1.150000,0.569267,0.574654,0.030627,-0.513747,-0.520184,-0.014917,0.991405,-0.044603,0.033251,-0.118407,0.082914,-0.051915,-0.168620,0.265085,0.939838,-0.508942,-0.116255
25,154.664478,24,1.200000,0.543580,0.548645,0.029881,-0.476196,-0.480635,-0.017558,0.991030,-0.042841,0.031531,-0.122596,0.129574,-0.077893,-0.171924,0.265061,0.897265,-0.246608,-0.083462
25,154.664478,25,1.250000,0.519770,0.524613,0.029003,-0.440364,-0.442750,-0.019983,0.990687,-0.040004,0.029019,-0.126872,0.173929,-0.091069,-0.174297,0.265183,0.631610,-0.141601,-0.103804
25,154.664478,26,1.300000,0.497752,0.502476,0.028004,-0.407143,-0.407442,-0.021802,0.990353,-0.036111,0.026037,-0.131221,0.204907,-0.099299,-0.177247,0.265453,0.290213,0.009343,-0.102073
25,154.664478,27,1.350000,0.477395,0.482104,0.026914,-0.377133,-0.375640,-0.022671,0.989995,-0.031478,0.022746,-0.135650,0.218750,-0.100210,-0.180148,0.265759,0.005617,0.095296,-0.078075
25,154.664478,28,1.400000,0.458538,0.463322,0.025780,-0.350765,-0.348004,-0.022508,0.989586,-0.026506,0.019381,-0.140150,0.218345,-0.096941,-0.182368,0.265965,-0.329263,0.094773,-0.034262
25,154.664478,29,1.450000,0.441000,0.445921,0.024655,-0.328213,-0.324842,-0.021543,0.989110,-0.021531,0.016097,-0.144699,0.201211,-0.093714,-0.183342,0.266054,-0.887255,0.113633,0.021524
25,154.664478,30,1.500000,0.424589,0.429679,0.023578,-0.309454,-0.306152,-0.020062,0.988568,-0.016968,0.012953,-0.149260,0.156196,-0.089432,-0.182730,0.266027,-0.668038,0.120531,0.054015
25,154.664478,31,1.550000,0.409116,0.414372,0.022575,-0.294343,-0.291530,-0.018369,0.987961,-0.013500,0.010082,-0.153785,0.122174,-0.084489,-0.181194,0.265810,-0.381340,0.257897,0.070100
25,154.664478,32,1.600000,0.394399,0.399795,0.021656,-0.282493,-0.279925,-0.016907,0.987310,-0.010853,0.007464,-0.158260,0.102526,-0.072434,-0.179202,0.265631,-0.068460,0.434051,0.068920
25,154.664478,33,1.650000,0.380275,0.385799,0.020811,-0.273553,-0.270545,-0.015668,0.986627,-0.008642,0.005222,-0.162680,0.098611,-0.051429,-0.177243,0.265504,-0.073052,0.580380,0.057557
25,154.664478,34,1.700000,0.366597,0.372272,0.020027,-0.267105,-0.262996,-0.014595,0.985921,-0.006442,0.003514,-0.167052,0.094612,-0.023073,-0.175607,0.265392,-0.974191,0.471659,0.041658
25,154.664478,35,1.750000,0.353242,0.359122,0.019298,-0.262642,-0.257330,-0.013682,0.985192,-0.004222,0.002522,-0.171382,0.045749,-0.000121,-0.174423,0.265161,-0.738945,0.437323,0.081710
25,154.664478,36,1.800000,0.340110,0.346255,0.018614,-0.259491,-0.253669,-0.013167,0.984440,-0.003107,0.002304,-0.175679,0.008801,0.021443,-0.172100,0.265070,-0.322987,0.246706,0.110690
25,154.664478,37,1.850000,0.327135,0.333572,0.017955,-0.256729,-0.251064,-0.012810,0.983674,-0.002806,0.002780,-0.179916,-0.007208,0.033720,-0.168954,0.265095,-0.035514,0.115012,0.128492
25,154.664478,38,1.900000,0.314299,0.321019,0.017315,-0.253548,-0.248846,-0.012410,0.982902,-0.002843,0.003630,-0.184071,-0.008768,0.039517,-0.165301,0.265141,-0.010625,0.010834,0.141132
25,154.664478,39,1.950000,0.301621,0.308576,0.016694,-0.249531,-0.246757,-0.011930,0.982128,-0.002892,0.004629,-0.188133,-0.009051,0.040114,-0.161290,0.265147,-0.685137,-0.122682,0.150802
25,154.664478,40,2.000000,0.289145,0.296239,0.016098,-0.244532,-0.244824,-0.011445,0.981356,-0.002944,0.005645,-0.192093,-0.043063,0.034035,-0.157003,0.265057,-0.500770,-0.132226,0.241927
25,154.664478,41,2.050000,0.276918,0.283997,0.015525,-0.238538,-0.243052,-0.011139,0.980586,-0.003859,0.006675,-0.195940,-0.067898,0.027681,-0.150127,0.265126,-0.268365,-0.131898,0.312254
25,154.664478,42,2.100000,0.264991,0.271845,0.014968,-0.231368,-0.240621,-0.010724,0.979831,-0.005413,0.007672,-0.199610,-0.081159,0.021473,-0.141251,0.265194,0.028019,-0.145139,0.359609
25,154.664478,43,2.150000,0.253423,0.259814,0.014432,-0.222923,-0.236916,-0.010210,0.979102,-0.007321,0.008584,-0.203055,-0.079643,0.014651,-0.131029,0.265235,0.230145,-0.213928,0.382703
25,154.664478,44,2.200000,0.242277,0.247968,0.013922,-0.213207,-0.231587,-0.009658,0.978412,-0.009224,0.009323,-0.206247,-0.068063,0.004350,-0.120151,0.265226,0.100860,-0.523615,0.378318
25,154.664478,45,2.250000,0.231616,0.236389,0.013439,-0.202378,-0.224610,-0.009167,0.977770,-0.010894,0.009752,-0.209169,-0.063000,-0.021520,-0.109397,0.265194,0.282513,-0.460456,0.454733
25,154.664478,46,2.300000,0.221497,0.225158,0.012981,-0.190774,-0.216151,-0.008777,0.977181,-0.012573,0.009526,-0.211821,-0.048963,-0.044281,-0.096472,0.265167,0.368539,-0.282204,0.497669
25,154.664478,47,2.350000,0.211959,0.214351,0.012542,-0.179017,-0.206066,-0.008472,0.976661,-0.014027,0.008673,-0.214152,-0.030699,-0.058212,-0.082326,0.265130,0.425250,-0.048482,0.505979
25,154.664478,48,2.400000,0.203008,0.204047,0.012118,-0.167749,-0.194437,-0.008256,0.976219,-0.015106,0.007387,-0.216134,-0.009618,-0.060540,-0.067943,0.265088,0.427462,0.080913,0.478887
25,154.664478,49,2.450000,0.194620,0.194325,0.011705,-0.157463,-0.181526,-0.008129,0.975857,-0.015680,0.005936,-0.217767,0.011599,-0.056470,-0.054331,0.265053,0.401233,-0.053918,0.411428
25,154.664478,50,2.500000,0.186747,0.185249,0.011299,-0.148425,-0.167774,-0.008066,0.975572,-0.015713,0.004474,-0.219072,0.031544,-0.059190,-0.042637,0.265042,0.466594,0.178648,0.398271
25,154.664478,51,2.550000,0.179326,0.176860,0.010895,-0.140762,-0.153688,-0.008009,0.975356,-0.015272,0.002841,-0.220091,0.054778,-0.050308,-0.031316,0.265022,0.477684,0.396421,0.359311
25,154.664478,52,2.600000,0.172288,0.169176,0.010495,-0.134743,-0.139681,-0.007964,0.975206,-0.014216,0.001301,-0.220839,0.078603,-0.030552,-0.021103,0.265019,0.441467,0.510424,0.302491
25,154.664478,53,2.650000,0.165551,0.162192,0.010097,-0.130416,-0.126355,-0.007888,0.975116,-0.012469,0.000114,-0.221345,0.100651,-0.005094,-0.012504,0.265043,0.358762,0.514360,0.234095
25,154.664478,54,2.700000,0.159030,0.155874,0.009702,-0.127598,-0.114445,-0.007721,0.975075,-0.010043,-0.000571,-0.221648,0.118587,0.020576,-0.005850,0.265086,0.123777,0.585604,0.160604
25,154.664478,55,2.750000,0.152650,0.150152,0.009316,-0.125959,-0.104706,-0.007420,0.975068,-0.007038,-0.000728,-0.221793,0.124781,0.049830,-0.001285,0.265125,-0.087046,0.249909,0.158743
25,154.664478,56,2.800000,0.146352,0.144917,0.008945,-0.125123,-0.097808,-0.006998,0.975078,-0.003720,-0.000205,-0.221829,0.120431,0.062319,0.003227,0.265142,-0.483666,-0.071694,0.163556
25,154.664478,57,2.850000,0.140096,0.140026,0.008596,-0.124509,-0.094201,-0.006507,0.975102,-0.000439,0.000646,-0.221754,0.096240,0.058749,0.007876,0.265097,-0.935785,-0.300805,0.172982
25,154.664478,58,2.900000,0.133871,0.135316,0.008270,-0.123795,-0.093922,-0.006087,0.975142,0.002233,0.001545,-0.221564,0.049433,0.043738,0.012793,0.265000,-1.173116,-0.282576,0.186022
25,154.664478,59,2.950000,0.127681,0.130620,0.007966,-0.122802,-0.096395,-0.005854,0.975207,0.003681,0.002337,-0.221251,-0.009244,0.029633,0.018081,0.264921,-0.815097,0.434810,0.211002
25,154.664478,60,3.000000,0.121541,0.125800,0.007673,-0.121365,-0.100424,-0.005778,0.975306,0.003620,0.003109,-0.220807,-0.050019,0.051367,0.024078,0.264968,-0.488696,0.054940,0.183607
25,154.664478,61,3.050000,0.115472,0.120779,0.007384,-0.119174,-0.104563,-0.005618,0.975438,0.002686,0.004635,-0.220211,-0.074501,0.054069,0.029297,0.264992,-0.228778,-0.345274,0.178801
25,154.664478,62,3.100000,0.109514,0.115551,0.007103,-0.115317,-0.108137,-0.005421,0.975595,0.001171,0.006362,-0.219483,-0.086000,0.036722,0.034380,0.264992,-0.133991,-0.622299,0.206017
25,154.664478,63,3.150000,0.103748,0.110144,0.006832,-0.109478,-0.110628,-0.005236,0.975777,-0.000720,0.007728,-0.218630,-0.092747,0.005495,0.040236,0.264982,-0.106752,-0.607999,0.273254
25,154.664478,64,3.200000,0.098274,0.104613,0.006571,-0.101923,-0.111596,-0.005088,0.975991,-0.002945,0.008370,-0.217629,-0.098093,-0.025047,0.048003,0.264993,0.199772,-0.058635,0.392804
25,154.664478,65,3.250000,0.093178,0.099033,0.006316,-0.093276,-0.110563,-0.004938,0.976246,-0.005464,0.008296,-0.216435,-0.088059,-0.028157,0.059168,0.265022,0.553361,-0.314664,0.446785
25,154.664478,66,3.300000,0.088514,0.093505,0.006069,-0.084166,-0.107090,-0.004754,0.976557,-0.007754,0.008093,-0.214968,-0.060328,-0.044088,0.071868,0.264974,0.729240,-0.466586,0.529183
25,154.664478,67,3.350000,0.084306,0.088150,0.005831,-0.074774,-0.101366,-0.004685,0.976937,-0.009449,0.007355,-0.213192,-0.023746,-0.067582,0.086910,0.264948,0.773707,-0.472787,0.633878
25,154.664478,68,3.400000,0.080567,0.083082,0.005597,-0.065746,-0.093847,-0.004680,0.977403,-0.010373,0.005852,-0.211048,0.015163,-0.091300,0.104927,0.264961,0.770859,-0.242559,0.754041
25,154.664478,69,3.450000,0.077280,0.078390,0.005363,-0.057985,-0.085109,-0.004650,0.977968,-0.010469,0.003568,-0.208462,0.054069,-0.103367,0.126361,0.264997,0.930968,0.428998,0.884782
25,154.664478,70,3.500000,0.074380,0.074134,0.005131,-0.052419,-0.075791,-0.004535,0.978641,-0.009674,0.000792,-0.205348,0.101113,-0.081658,0.151510,0.265012,0.705503,0.586146,0.884862
25,154.664478,71,3.550000,0.071759,0.070345,0.004904,-0.049708,-0.066658,-0.004364,0.979433,-0.007616,-0.001688,-0.201621,0.136858,-0.051769,0.176662,0.265031,0.222132,0.668083,0.893398
25,154.664478,72,3.600000,0.069274,0.067012,0.004686,-0.049824,-0.059001,-0.004125,0.980331,-0.004534,-0.003612,-0.197276,0.148312,-0.017448,0.202057,0.265026,-0.429290,0.565750,0.909861
25,154.664478,73,3.650000,0.066783,0.064062,0.004480,-0.052422,-0.053939,-0.003869,0.981323,-0.001003,-0.004748,-0.192305,0.126981,0.011977,0.227919,0.264979,-1.038519,0.379706,0.928462
25,154.664478,74,3.700000,0.064162,0.061365,0.004286,-0.056806,-0.052077,-0.003691,0.982403,0.002143,-0.005059,-0.186695,0.074951,0.032061,0.254311,0.264899,-1.632082,0.224332,0.943582
25,154.664478,75,3.750000,0.061321,0.058761,0.004102,-0.062075,-0.053215,-0.003667,0.983568,0.004101,-0.004635,-0.180434,-0.006962,0.044001,0.281132,0.264820,-1.132678,0.069352,0.892841
25,154.664478,76,3.800000,0.058218,0.056100,0.003918,-0.067272,-0.056351,-0.003796,0.984817,0.004095,-0.003550,-0.173513,-0.064065,0.047394,0.306510,0.264848,-0.269053,-0.031324,0.825817
25,154.664478,77,3.850000,0.054854,0.053283,0.003728,-0.071399,-0.059703,-0.003867,0.986126,0.002696,-0.002137,-0.165962,-0.078069,0.045083,0.329984,0.264926,0.663868,0.042813,0.738213
25,154.664478,78,3.900000,0.051284,0.050297,0.003535,-0.073906,-0.061964,-0.003774,0.987467,0.000941,-0.000724,-0.157822,-0.045441,0.046246,0.350967,0.264984,0.844972,0.118022,0.628723
25,154.664478,79,3.950000,0.047589,0.047199,0.003346,-0.074753,-0.062764,-0.003564,0.988814,-0.000005,0.000589,-0.149152,-0.003808,0.051541,0.368838,0.264978,-0.552583,-0.238170,0.495147
25,154.664478,80,4.000000,0.043851,0.044061,0.003168,-0.074181,-0.062846,-0.003365,0.990146,0.000099,0.001877,-0.140028,-0.032159,0.039580,0.382913,0.264932,-0.176516,-0.389548,0.357599
25,154.664478,81,4.050000,0.040142,0.040919,0.003000,-0.072371,-0.063200,-0.003253,0.991438,-0.000541,0.002968,-0.130542,-0.041560,0.019635,0.393078,0.264936,0.220371,-0.235173,0.208559
25,154.664478,82,4.100000,0.036524,0.037759,0.002837,-0.069414,-0.063054,-0.003140,0.992670,-0.001477,0.003596,-0.120790,-0.030834,0.007256,0.399006,0.264923,0.539164,0.026616,0.060058
25,154.664478,83,4.150000,0.033053,0.034606,0.002680,-0.065736,-0.062042,-0.003056,0.993824,-0.002185,0.003883,-0.110880,-0.003986,0.008120,0.400713,0.264908,0.421429,0.114302,-0.087843
25,154.664478,84,4.200000,0.029766,0.031504,0.002527,-0.061712,-0.060334,-0.003006,0.994884,-0.002222,0.004118,-0.100919,0.016962,0.013775,0.398216,0.264897,-0.597960,-0.558580,-0.247512
25,154.664478,85,4.250000,0.026681,0.028487,0.002377,-0.057472,-0.058573,-0.002978,0.995838,-0.001724,0.004440,-0.091013,-0.013144,-0.013898,0.391180,0.264890,-0.357483,-0.426066,-0.341957
25,154.664478,86,4.300000,0.023807,0.025559,0.002228,-0.052981,-0.057284,-0.002964,0.996682,-0.002040,0.004140,-0.081268,-0.030812,-0.035396,0.381460,0.264893,-0.049869,-0.081033,-0.441052
25,154.664478,87,4.350000,0.021158,0.022694,0.002080,-0.048770,-0.055620,-0.002942,0.997413,-0.002840,0.003340,-0.071755,-0.032793,-0.039894,0.368924,0.264901,0.264241,0.389139,-0.543236
25,154.664478,88,4.400000,0.018719,0.019913,0.001933,-0.045301,-0.053076,-0.002903,0.998032,-0.003698,0.002430,-0.062547,-0.019022,-0.020896,0.353482,0.264904,0.276456,0.670726,-0.652907
25,154.664478,89,4.450000,0.016454,0.017260,0.001788,-0.042695,-0.049604,-0.002859,0.998545,-0.004184,0.001971,-0.053722,-0.004919,0.012385,0.334924,0.264902,-0.364164,0.214598,-0.783402
25,154.664478,90,4.500000,0.014320,0.014779,0.001645,-0.040543,-0.045609,-0.002821,0.998959,-0.004273,0.002322,-0.045361,-0.023285,0.023052,0.312656,0.264897,-0.079832,0.132615,-0.815759
25,154.664478,91,4.550000,0.012292,0.012499,0.001504,-0.038077,-0.041524,-0.002793,0.999279,-0.004810,0.002957,-0.037553,-0.027550,0.029407,0.289468,0.264867,0.213519,0.012049,-0.862654
25,154.664478,92,4.600000,0.010389,0.010423,0.001364,-0.035000,-0.036918,-0.002830,0.999518,-0.005449,0.003753,-0.030322,-0.017197,0.029706,0.264948,0.264845,0.412224,-0.126390,-0.923418
25,154.664478,93,4.650000,0.008639,0.008577,0.001223,-0.031159,-0.031687,-0.002919,0.999692,-0.005832,0.004544,-0.023703,0.003116,0.023214,0.238700,0.264849,0.401796,-0.295395,-0.998214
25,154.664478,94,4.700000,0.007081,0.006993,0.001077,-0.026568,-0.026074,-0.003012,0.999813,-0.005713,0.005157,-0.017741,0.022995,0.008473,0.210326,0.264883,-0.017074,-0.528555,-1.088842
25,154.664478,95,4.750000,0.005752,0.005689,0.000926,-0.021410,-0.020560,-0.003046,0.999894,-0.005107,0.005389,-0.012488,0.022074,-0.017772,0.179376,0.264926,-0.001036,-0.306882,-1.143783
25,154.664478,96,4.800000,0.004682,0.004661,0.000774,-0.016061,-0.015616,-0.002997,0.999945,-0.004537,0.004960,-0.008004,0.022143,-0.032965,0.146864,0.264956,-0.003624,-0.039138,-1.206382
25,154.664478,97,4.850000,0.003879,0.003880,0.000624,-0.011158,-0.011203,-0.002882,0.999974,-0.003971,0.004148,-0.004332,0.022146,-0.034799,0.112573,0.264957,-0.037169,0.207992,-1.276233
25,154.664478,98,4.900000,0.003321,0.003320,0.000480,-0.007070,-0.007323,-0.002753,0.999988,-0.003410,0.003287,-0.001517,0.020436,-0.024305,0.076297,0.264915,-0.126900,0.328961,-1.353504
25,154.664478,99,4.950000,0.002967,0.002954,0.000342,-0.003840,-0.003983,-0.002692,0.999992,-0.002894,0.002685,0.000391,0.014161,-0.007797,0.037824,0.266338,-0.280548,0.154971,-1.438883
25,154.664478,100,5.000000,0.002775,0.002755,0.000208,-0.001192,-0.001127,0.000011,0.999993,-0.002537,0.002493,0.001336,0.000145,-0.000029,-0.003076,0,0,0,0
26,151.538134,0,0.000000,1.057588,1.073665,0.034740,-0.004074,-0.005527,-0.068176,0.998267,0.001137,-0.001190,-0.058829,0.000000,0.000000,0.000000,0.292514,11.948691,-9.357758,-0.682413
26,151.538134,1,0.050000,1.057385,1.073388,0.031331,-0.005434,-0.006681,-0.016986,0.998267,0.001137,-0.001190,-0.058829,0.597435,-0.467888,-0.019397,0.157784,5.000451,-3.718707,-0.615234
26,151.538134,2,0.100000,1.057113,1.073054,0.030482,-0.006167,-0.007303,-0.215296,0.998028,0.015356,-0.013743,-0.059298,0.847113,-0.654263,-0.036885,0.273679,0.078756,0.147896,-0.545645
26,151.538134,3,0.150000,1.056804,1.072689,0.019717,-0.020993,-0.022012,-0.199413,0.997066,0.035522,-0.031297,-0.060156,0.850135,-0.648054,-0.052395,0.321637,-2.953001,2.515703,-0.485236
26,151.538134,4,0.200000,1.055755,1.071589,0.009746,-0.060712,-0.061961,-0.096958,0.995369,0.055760,-0.048666,-0.061351,0.701196,-0.523959,-0.066188,0.326738,-4.310209,3.684641,-0.436937
26,151.538134,5,0.250000,1.052719,1.068491,0.004898,-0.123472,-0.125513,0.010984,0.993413,0.072468,-0.062672,-0.062860,0.484369,-0.341489,-0.078607,0.310193,-4.966270,3.886338,-0.377246
26,151.538134,6,0.300000,1.046546,1.062215,0.005447,-0.200233,-0.203695,0.084370,0.991766,0.084075,-0.071764,-0.064665,0.235037,-0.148617,-0.089330,0.288243,-4.950238,3.518540,-0.320151
26,151.538134,7,0.350000,1.036534,1.052030,0.009666,-0.282019,-0.287757,0.114608,0.990835,0.089820,-0.075639,-0.066769,-0.012979,0.026513,-0.098431,0.268735,-4.477281,2.871705,-0.261887
26,151.538134,8,0.400000,1.022433,1.037642,0.015396,-0.362582,-0.371310,0.108042,0.990746,0.089728,-0.074739,-0.069172,-0.236744,0.170147,-0.105875,0.255749,-3.663801,2.196219,-0.203013
26,151.538134,9,0.450000,1.004304,1.019077,0.020799,-0.438601,-0.450618,0.078233,0.991382,0.084354,-0.069876,-0.071852,-0.419250,0.280909,-0.111645,0.249932,-2.603868,1.962429,-0.143406
26,151.538134,10,0.500000,0.982374,0.996546,0.024710,-0.508336,-0.523382,0.039463,0.992474,0.074657,-0.061920,-0.074753,-0.548253,0.380807,-0.115722,0.249793,-1.575753,1.061620,-0.154658
26,151.538134,11,0.550000,0.956957,0.970377,0.026683,-0.570354,-0.587649,0.002839,0.993728,0.061935,-0.051224,-0.077751,-0.625369,0.436296,-0.120118,0.253475,-0.758422,0.303577,-0.155015
26,151.538134,12,0.600000,0.928439,0.940994,0.026825,-0.622662,-0.641690,-0.024327,0.994836,0.047392,-0.038976,-0.080846,-0.661301,0.454326,-0.124524,0.258626,-0.106247,-0.316094,-0.142598
26,151.538134,13,0.650000,0.897306,0.908910,0.025609,-0.663473,-0.683833,-0.039496,0.995606,0.031978,-0.026187,-0.084032,-0.664466,0.441646,-0.128577,0.263546,0.509426,-0.739370,-0.117391
26,151.538134,14,0.700000,0.864133,0.874718,0.023634,-0.691545,-0.712762,-0.043614,0.995953,0.016448,-0.013693,-0.087296,-0.636840,0.407920,-0.131914,0.267369,1.284978,-0.842753,-0.079842
26,151.538134,15,0.750000,0.829555,0.839080,0.021453,-0.706471,-0.727800,-0.039441,0.995883,0.001527,-0.002092,-0.090614,-0.570548,0.368971,-0.134183,0.269774,1.689416,-1.208518,-0.123879
26,151.538134,16,0.800000,0.794232,0.802690,0.019481,-0.708690,-0.729130,-0.030366,0.995471,-0.011834,0.008391,-0.093956,-0.484199,0.311450,-0.137705,0.270661,1.891050,-1.407602,-0.151014
26,151.538134,17,0.850000,0.758797,0.766234,0.017963,-0.699202,-0.718111,-0.019854,0.994830,-0.023179,0.017237,-0.097363,-0.388019,0.243601,-0.141997,0.270280,1.953184,-1.442183,-0.162538
26,151.538134,18,0.900000,0.723837,0.730328,0.016970,-0.679778,-0.696709,-0.010670,0.994083,-0.032295,0.024156,-0.100862,-0.289047,0.173583,-0.146617,0.269161,1.966376,-1.312383,-0.158832
26,151.538134,19,0.950000,0.689848,0.695493,0.016437,-0.652592,-0.667133,-0.004345,0.993333,-0.039127,0.029079,-0.104467,-0.189762,0.109572,-0.151132,0.267792,2.047738,-1.084022,-0.134740
26,151.538134,20,1.000000,0.657219,0.662136,0.016220,-0.619889,-0.631598,-0.001291,0.992651,-0.043663,0.032147,-0.108187,-0.086747,0.056459,-0.154962,0.266505,1.831286,-0.960745,-0.163792
26,151.538134,21,1.050000,0.626224,0.630556,0.016155,-0.583729,-0.592250,-0.001165,0.992081,-0.045787,0.033613,-0.112023,0.005150,0.008932,-0.159618,0.265529,1.475327,-0.751430,-0.170195
26,151.538134,22,1.100000,0.597038,0.600944,0.016097,-0.545890,-0.551281,-0.003117,0.991624,-0.045768,0.033637,-0.115995,0.078970,-0.028671,-0.164455,0.264999,1.124907,-0.579280,-0.153315
26,151.538134,23,1.150000,0.569743,0.573379,0.015941,-0.507942,-0.510567,-0.006045,0.991251,-0.044031,0.032509,-0.120105,0.135037,-0.058127,-0.168813,0.264853,0.685290,-0.477795,-0.115321
26,151.538134,24,1.200000,0.544346,0.547851,0.015639,-0.471144,-0.471583,-0.009015,0.990925,-0.040996,0.030477,-0.124332,0.168929,-0.082882,-0.172091,0.264992,-0.005337,-0.351513,-0.064152
26,151.538134,25,1.250000,0.520789,0.524272,0.015188,-0.436501,-0.435432,-0.011351,0.990606,-0.037199,0.027722,-0.128636,0.168121,-0.101561,-0.173915,0.265342,0.061293,-0.239868,-0.035828
26,151.538134,26,1.300000,0.498964,0.502500,0.014621,-0.404811,-0.402723,-0.012592,0.990252,-0.033482,0.024503,-0.132962,0.170515,-0.114664,-0.174933,0.265478,0.191104,-0.008461,-0.023923
26,151.538134,27,1.350000,0.478723,0.482364,0.013991,-0.376576,-0.373326,-0.013158,0.989861,-0.029748,0.020951,-0.137298,0.179309,-0.116219,-0.175613,0.265593,0.352998,0.253139,-0.029148
26,151.538134,28,1.400000,0.459895,0.463698,0.013333,-0.352158,-0.347190,-0.013121,0.989429,-0.025801,0.017329,-0.141648,0.196184,-0.104758,-0.176442,0.265681,0.209668,0.479598,-0.043855
26,151.538134,29,1.450000,0.442287,0.446338,0.012677,-0.331691,-0.324485,-0.012569,0.988951,-0.021395,0.013928,-0.146027,0.205966,-0.082091,-0.177688,0.265780,-0.817863,0.448782,-0.061796
26,151.538134,30,1.500000,0.425702,0.430114,0.012049,-0.315056,-0.305660,-0.011526,0.988416,-0.016664,0.011052,-0.150444,0.164519,-0.061041,-0.179445,0.265826,-0.705885,0.487863,-0.023377
26,151.538134,31,1.550000,0.409949,0.414831,0.011472,-0.301833,-0.291080,-0.010149,0.987807,-0.012878,0.008850,-0.154895,0.128809,-0.037769,-0.180109,0.265615,-0.397919,0.356766,0.003230
26,151.538134,32,1.600000,0.394858,0.400277,0.010965,-0.291271,-0.279915,-0.009010,0.987144,-0.009883,0.007360,-0.159356,0.108655,-0.020811,-0.180018,0.265428,-0.200553,0.271772,0.017706
26,151.538134,33,1.650000,0.380294,0.386281,0.010514,-0.282581,-0.271477,-0.008126,0.986444,-0.007317,0.006369,-0.163812,0.098485,-0.007964,-0.179514,0.265309,-0.246336,0.204104,0.026279
26,151.538134,34,1.700000,0.366165,0.372708,0.010108,-0.275229,-0.265410,-0.007405,0.985715,-0.004949,0.005736,-0.168251,0.086114,0.001570,-0.178767,0.265206,-0.974210,0.097606,0.031548
26,151.538134,35,1.750000,0.352404,0.359437,0.009738,-0.268857,-0.261566,-0.006840,0.984961,-0.002846,0.005391,-0.172666,0.037415,0.005866,-0.177871,0.265014,-0.834316,0.103672,0.117445
26,151.538134,36,1.800000,0.338961,0.346359,0.009396,-0.263164,-0.259728,-0.006609,0.984185,-0.001924,0.005361,-0.177050,-0.004262,0.010797,-0.174532,0.264942,-0.629053,0.100801,0.180829
26,151.538134,37,1.850000,0.325803,0.333372,0.009065,-0.257652,-0.258802,-0.006508,0.983402,-0.002004,0.005637,-0.181342,-0.035643,0.015865,-0.169392,0.264945,-0.344619,0.068651,0.219639
26,151.538134,38,1.900000,0.312920,0.320432,0.008740,-0.251856,-0.257871,-0.006403,0.982621,-0.002832,0.006180,-0.185501,-0.052772,0.019527,-0.163149,0.265001,-0.140109,-0.031621,0.233091
26,151.538134,39,1.950000,0.300327,0.307539,0.008420,-0.245380,-0.256265,-0.006205,0.981848,-0.004063,0.006893,-0.189500,-0.059656,0.018273,-0.156524,0.265056,-0.254122,-0.382186,0.218753
26,151.538134,40,2.000000,0.288058,0.294725,0.008110,-0.237981,-0.253631,-0.005923,0.981089,-0.005468,0.007608,-0.193332,-0.072254,-0.000482,-0.150306,0.265070,-0.046435,-0.369117,0.284988
26,151.538134,41,2.050000,0.276159,0.282044,0.007813,-0.229615,-0.249808,-0.005639,0.980344,-0.007271,0.007925,-0.197003,-0.074578,-0.018526,-0.142205,0.265120,0.086682,-0.249186,0.317647
26,151.538134,42,2.100000,0.264678,0.269554,0.007531,-0.220580,-0.244342,-0.005290,0.979626,-0.009218,0.007812,-0.200469,-0.070344,-0.030583,-0.133176,0.265139,0.206989,-0.075138,0.316266
26,151.538134,43,2.150000,0.253649,0.257336,0.007267,-0.211251,-0.237012,-0.004935,0.978941,-0.011120,0.007385,-0.203708,-0.060149,-0.033984,-0.124186,0.265131,0.283452,-0.000488,0.280795
26,151.538134,44,2.200000,0.243087,0.245486,0.007020,-0.201927,-0.227800,-0.004626,0.978292,-0.012788,0.006825,-0.206725,-0.046137,-0.033725,-0.116205,0.265102,0.335133,-0.180448,0.206920
26,151.538134,45,2.250000,0.232990,0.234096,0.006789,-0.192776,-0.216901,-0.004403,0.977677,-0.014110,0.006201,-0.209548,-0.029529,-0.042544,-0.110323,0.265071,0.478500,0.017576,0.189412
26,151.538134,46,2.300000,0.223352,0.223251,0.006569,-0.183921,-0.204634,-0.004265,0.977091,-0.015072,0.005277,-0.212224,-0.005782,-0.041542,-0.104939,0.265023,0.571132,0.215327,0.149105
26,151.538134,47,2.350000,0.214156,0.213019,0.006356,-0.175720,-0.191277,-0.004231,0.976533,-0.015448,0.004254,-0.214770,0.022609,-0.030752,-0.100701,0.264978,0.610397,0.328342,0.095176
26,151.538134,48,2.400000,0.205370,0.203455,0.006144,-0.168387,-0.177370,-0.004284,0.976001,-0.015071,0.003343,-0.217218,0.053011,-0.014422,-0.097995,0.264953,0.588809,0.351413,0.035133
26,151.538134,49,2.450000,0.196950,0.194587,0.005930,-0.161974,-0.163647,-0.004364,0.975486,-0.013864,0.002666,-0.219607,0.082398,0.002952,-0.096997,0.264959,0.395341,0.459797,-0.023571
26,151.538134,50,2.500000,0.188852,0.186404,0.005712,-0.156434,-0.150950,-0.004395,0.974977,-0.011845,0.002252,-0.221978,0.102176,0.025638,-0.097667,0.264985,0.202559,0.176406,-0.003558
26,151.538134,51,2.550000,0.181030,0.178857,0.005492,-0.151699,-0.140106,-0.004324,0.974458,-0.009218,0.002281,-0.224370,0.112399,0.034080,-0.097768,0.265023,-0.202568,-0.086657,0.029508
26,151.538134,52,2.600000,0.173445,0.171852,0.005276,-0.147487,-0.131792,-0.004128,0.973926,-0.006294,0.002458,-0.226765,0.102397,0.029330,-0.096929,0.265035,-0.684150,-0.259154,0.072142
26,151.538134,53,2.650000,0.166071,0.165262,0.005069,-0.143736,-0.126322,-0.003867,0.973385,-0.003640,0.002576,-0.229134,0.068297,0.015996,-0.094879,0.265007,-0.965467,-0.193776,0.120498
26,151.538134,54,2.700000,0.158884,0.158946,0.004876,-0.140456,-0.123423,-0.003632,0.972842,-0.001893,0.002566,-0.231448,0.020082,0.006061,-0.091453,0.264964,-0.658390,0.557165,0.179581
26,151.538134,55,2.750000,0.151861,0.152775,0.004694,-0.137577,-0.122199,-0.003469,0.972311,-0.001375,0.002593,-0.233673,-0.012817,0.033850,-0.086349,0.264961,-0.384931,0.202537,0.183821
26,151.538134,56,2.800000,0.144982,0.146665,0.004521,-0.134787,-0.121481,-0.003308,0.971801,-0.001495,0.003487,-0.235772,-0.031952,0.044018,-0.081124,0.264967,-0.198824,-0.179091,0.207544
26,151.538134,57,2.850000,0.138243,0.140591,0.004355,-0.131116,-0.120863,-0.003144,0.971315,-0.002019,0.004742,-0.237741,-0.041758,0.035162,-0.075224,0.264959,-0.184344,-0.449691,0.260196
26,151.538134,58,2.900000,0.131687,0.134548,0.004198,-0.126125,-0.120045,-0.003004,0.970859,-0.002832,0.005840,-0.239564,-0.050875,0.012797,-0.067828,0.264946,-0.230023,-0.444710,0.349717
26,151.538134,59,2.950000,0.125381,0.128545,0.004048,-0.119895,-0.118719,-0.002906,0.970445,-0.004001,0.006451,-0.241203,-0.062343,-0.009308,-0.057888,0.264946,0.023472,0.078859,0.487924
26,151.538134,60,3.000000,0.119386,0.122609,0.003903,-0.112805,-0.116436,-0.002822,0.970089,-0.005579,0.006595,-0.242596,-0.061190,-0.005228,-0.044019,0.264961,0.351073,-0.214101,0.557241
26,151.538134,61,3.050000,0.113746,0.116788,0.003762,-0.105199,-0.112696,-0.002727,0.969813,-0.007101,0.006833,-0.243652,-0.043645,-0.015831,-0.028179,0.264925,0.514141,-0.409629,0.652851
26,151.538134,62,3.100000,0.108486,0.111153,0.003625,-0.096999,-0.107572,-0.002720,0.969635,-0.008261,0.006710,-0.244325,-0.017955,-0.036265,-0.009622,0.264904,0.568170,-0.465301,0.770458
26,151.538134,63,3.150000,0.103636,0.105774,0.003489,-0.088635,-0.101322,-0.002768,0.969578,-0.008919,0.005939,-0.244547,0.010440,-0.059524,0.012278,0.264910,0.602016,-0.287346,0.904245
26,151.538134,64,3.200000,0.099204,0.100708,0.003351,-0.080845,-0.094262,-0.002807,0.969663,-0.009028,0.004435,-0.244238,0.040569,-0.073886,0.037981,0.264936,0.825079,0.335007,1.049881
26,151.538134,65,3.250000,0.095162,0.095995,0.003211,-0.074462,-0.086734,-0.002784,0.969910,-0.008492,0.002405,-0.243304,0.081929,-0.057077,0.067823,0.264968,0.678602,0.456885,1.067876
26,151.538134,66,3.300000,0.091439,0.091658,0.003071,-0.070146,-0.079226,-0.002679,0.970339,-0.006848,0.000537,-0.241651,0.116006,-0.034022,0.098177,0.264999,0.253847,0.529951,1.100513
26,151.538134,67,3.350000,0.087931,0.087697,0.002937,-0.068010,-0.072831,-0.002487,0.970945,-0.004238,-0.000973,-0.239264,0.128825,-0.007092,0.129459,0.265007,-0.369137,0.442311,1.146524
26,151.538134,68,3.400000,0.084531,0.084056,0.002813,-0.067942,-0.068564,-0.002252,0.971723,-0.001157,-0.001902,-0.236115,0.110403,0.015656,0.162048,0.264967,-0.981856,0.284747,1.196077
26,151.538134,69,3.450000,0.081134,0.080627,0.002700,-0.069487,-0.067020,-0.002077,0.972671,0.001610,-0.002168,-0.232171,0.061214,0.030572,0.196046,0.264892,-1.597955,0.156311,1.236562
26,151.538134,70,3.500000,0.077659,0.077276,0.002597,-0.071923,-0.068062,-0.002043,0.973795,0.003265,-0.001788,-0.227396,-0.018911,0.038843,0.231195,0.264819,-1.121970,0.013128,1.198077
26,151.538134,71,3.550000,0.074063,0.073873,0.002494,-0.074359,-0.070782,-0.002150,0.975096,0.003015,-0.000754,-0.221761,-0.075350,0.039334,0.265250,0.264841,-0.253514,-0.105748,1.123989
26,151.538134,72,3.600000,0.070345,0.070334,0.002387,-0.075736,-0.073503,-0.002213,0.976549,0.001392,0.000603,-0.215288,-0.088422,0.033288,0.297199,0.264907,0.716144,-0.070125,1.014574
26,151.538134,73,3.650000,0.066559,0.066659,0.002276,-0.075453,-0.074963,-0.002148,0.978122,-0.000583,0.001881,-0.208024,-0.052990,0.028784,0.326038,0.264954,0.952300,-0.031370,0.878114
26,151.538134,74,3.700000,0.062786,0.062911,0.002169,-0.073528,-0.074787,-0.001995,0.979782,-0.001714,0.002865,-0.200042,-0.005731,0.026560,0.350998,0.264942,-0.407879,-0.392591,0.723384
26,151.538134,75,3.750000,0.059110,0.059171,0.002069,-0.070437,-0.073701,-0.001873,0.981497,-0.001697,0.003559,-0.191438,-0.026479,0.006854,0.371560,0.264898,-0.048949,-0.504065,0.572336
26,151.538134,76,3.800000,0.055588,0.055486,0.001975,-0.066691,-0.072736,-0.001836,0.983231,-0.002280,0.003870,-0.182311,-0.029023,-0.018722,0.387829,0.264908,0.315660,-0.297817,0.407322
26,151.538134,77,3.850000,0.052253,0.051850,0.001884,-0.062550,-0.071229,-0.001785,0.984952,-0.003041,0.003564,-0.172766,-0.012965,-0.034040,0.399407,0.264908,0.611196,0.014513,0.247231
26,151.538134,78,3.900000,0.049126,0.048288,0.001794,-0.058590,-0.068894,-0.001736,0.986629,-0.003472,0.002812,-0.162919,0.018111,-0.033511,0.406434,0.264897,0.453443,0.192881,0.098166
26,151.538134,79,3.950000,0.046196,0.044843,0.001708,-0.055314,-0.065982,-0.001706,0.988237,-0.003133,0.001947,-0.152884,0.041300,-0.023588,0.409224,0.264886,-0.568298,-0.443199,-0.045745
26,151.538134,80,4.000000,0.043430,0.041544,0.001622,-0.052957,-0.063237,-0.001689,0.989753,-0.002183,0.001238,-0.142767,0.013252,-0.045106,0.407924,0.264909,-0.339346,-0.275853,-0.109903
26,151.538134,81,4.050000,0.040783,0.038383,0.001538,-0.051449,-0.061291,-0.001624,0.991159,-0.002003,0.000097,-0.132664,-0.003017,-0.058694,0.404800,0.264909,-0.037539,0.109381,-0.173368
26,151.538134,82,4.100000,0.038210,0.035318,0.001457,-0.051094,-0.059355,-0.001555,0.992450,-0.002271,-0.001327,-0.122624,-0.003993,-0.053271,0.399872,0.264892,0.243803,0.589878,-0.232293
26,151.538134,83,4.150000,0.035656,0.032350,0.001379,-0.052113,-0.056984,-0.001522,0.993623,-0.002547,-0.002614,-0.112694,0.009006,-0.023838,0.393269,0.264865,0.206880,0.886704,-0.291193
26,151.538134,84,4.200000,0.033050,0.029501,0.001303,-0.054379,-0.054213,-0.001544,0.994682,-0.002416,-0.003206,-0.102918,0.019706,0.020632,0.384992,0.264861,-0.489566,0.459000,-0.366084
26,151.538134,85,4.250000,0.030331,0.026790,0.001226,-0.057263,-0.051532,-0.001577,0.995629,-0.001904,-0.002720,-0.093340,-0.005074,0.043870,0.374586,0.264903,-0.264939,0.401300,-0.344655
26,151.538134,86,4.300000,0.027468,0.024214,0.001147,-0.059746,-0.049423,-0.001527,0.996461,-0.001953,-0.001599,-0.084015,-0.018945,0.063862,0.364790,0.264917,-0.012972,0.271470,-0.345760
26,151.538134,87,4.350000,0.024480,0.021743,0.001070,-0.061149,-0.047382,-0.001446,0.997186,-0.002305,0.000050,-0.074928,-0.020477,0.077174,0.354962,0.264924,0.169948,0.080637,-0.371893
26,151.538134,88,4.400000,0.021423,0.019374,0.000998,-0.060930,-0.045130,-0.001352,0.997809,-0.002671,0.002032,-0.066081,-0.013020,0.080930,0.344391,0.264918,0.175648,-0.186189,-0.425648
26,151.538134,89,4.450000,0.018376,0.017117,0.000930,-0.058768,-0.042647,-0.001274,0.998334,-0.002844,0.004096,-0.057492,-0.005295,0.071450,0.332292,0.264897,-0.193906,-0.558634,-0.510795
26,151.538134,90,4.500000,0.015438,0.014985,0.000867,-0.054596,-0.040093,-0.001249,0.998767,-0.002839,0.005910,-0.049201,-0.015891,0.043452,0.317773,0.264859,-0.098619,-0.506205,-0.578100
26,151.538134,91,4.550000,0.012708,0.012980,0.000804,-0.048668,-0.037596,-0.001311,0.999118,-0.003136,0.007037,-0.041266,-0.021346,0.017950,0.301340,0.264833,0.007924,-0.417829,-0.672306
26,151.538134,92,4.600000,0.010275,0.011100,0.000739,-0.041646,-0.034808,-0.001437,0.999396,-0.003597,0.007530,-0.033736,-0.021155,-0.003186,0.282230,0.264829,0.098999,-0.313960,-0.793289
26,151.538134,93,4.650000,0.008193,0.009360,0.000667,-0.034145,-0.031531,-0.001581,0.999608,-0.004075,0.007494,-0.026680,-0.016171,-0.019111,0.259681,0.264846,0.129866,-0.249233,-0.940014
26,151.538134,94,4.700000,0.006485,0.007783,0.000588,-0.026690,-0.027732,-0.001697,0.999762,-0.004443,0.007053,-0.020185,-0.009490,-0.031732,0.232962,0.264874,0.073129,-0.356323,-1.110645
26,151.538134,95,4.750000,0.005151,0.006397,0.000503,-0.019684,-0.023513,-0.001757,0.999866,-0.004655,0.006291,-0.014357,-0.005553,-0.049632,0.201392,0.264910,0.132170,-0.164527,-1.208782
26,151.538134,96,4.800000,0.004167,0.005221,0.000415,-0.013447,-0.019035,-0.001743,0.999932,-0.004780,0.005076,-0.009316,0.001435,-0.057900,0.167033,0.264957,0.145675,0.114632,-1.316770
26,151.538134,97,4.850000,0.003494,0.004269,0.000328,-0.008423,-0.014391,-0.001630,0.999969,-0.004737,0.003648,-0.005134,0.009086,-0.052160,0.129604,0.264970,0.097082,0.384232,-1.432616
26,151.538134,98,4.900000,0.003073,0.003550,0.000247,-0.004820,-0.009761,-0.001479,0.999985,-0.004504,0.002358,-0.001888,0.014197,-0.032903,0.088882,0.264927,-0.027381,0.473535,-1.555805
26,151.538134,99,4.950000,0.002832,0.003062,0.000173,-0.002498,-0.005346,-0.001399,0.999990,-0.004146,0.001545,0.000337,0.012939,-0.009179,0.044659,0.265642,-0.251782,0.185204,-1.687304
26,151.538134,100,5.000000,0.002707,0.002794,0.000103,-0.000979,-0.001266,0.000012,0.999991,-0.003820,0.001320,0.001454,0.000365,0.000103,-0.003302,0,0,0,0
27,153.099773,0,0.000000,1.058638,1.074547,0.015039,-0.005558,-0.006977,0.006134,0.997995,0.001897,-0.001855,-0.063233,0.000000,0.000000,0.000000,0.259419,12.185133,-9.001137,-0.640974
27,153.099773,1,0.050000,1.058360,1.074199,0.015345,-0.007452,-0.008683,-0.003967,0.997995,0.001897,-0.001855,-0.063233,0.609257,-0.450057,-0.018219,0.158670,4.926711,-3.690772,-0.578761
27,153.099773,2,0.100000,1.057987,1.073764,0.015147,-0.008610,-0.009727,-0.200638,0.997738,0.016384,-0.014044,-0.063669,0.855281,-0.635017,-0.034671,0.273923,0.011443,-0.102836,-0.484439
27,153.099773,3,0.150000,1.057557,1.073278,0.005115,-0.023884,-0.025404,-0.184347,0.996756,0.036706,-0.031219,-0.064471,0.855018,-0.641284,-0.048441,0.320393,-3.040539,2.151119,-0.384400
27,153.099773,4,0.200000,1.056363,1.072008,-0.004102,-0.063618,-0.066432,-0.084282,0.995036,0.056996,-0.048516,-0.065576,0.701812,-0.535300,-0.059367,0.325538,-4.519032,3.796971,-0.285120
27,153.099773,5,0.250000,1.053182,1.068686,-0.008316,-0.126329,-0.130975,0.021311,0.993047,0.073631,-0.062882,-0.066948,0.474654,-0.347033,-0.067471,0.310298,-5.030954,3.956220,-0.262169
27,153.099773,6,0.300000,1.046865,1.062137,-0.007251,-0.203759,-0.210169,0.094663,0.991406,0.084931,-0.072160,-0.068508,0.222218,-0.150437,-0.074923,0.287588,-4.993163,3.658228,-0.234737
27,153.099773,7,0.350000,1.036677,1.051629,-0.002518,-0.286157,-0.294589,0.123504,0.990511,0.090314,-0.076108,-0.070282,-0.027868,0.031843,-0.081596,0.268090,-4.561136,3.072807,-0.199794
27,153.099773,8,0.400000,1.022370,1.036900,0.003658,-0.367312,-0.378102,0.115616,0.990488,0.089835,-0.075086,-0.072283,-0.255826,0.185569,-0.087275,0.255158,-3.769691,2.393568,-0.155680
27,153.099773,9,0.450000,1.004004,1.017995,0.009438,-0.443733,-0.457061,0.084677,0.991220,0.083996,-0.069831,-0.074505,-0.443696,0.306095,-0.091700,0.249390,-2.551264,1.849994,-0.102216
27,153.099773,10,0.500000,0.981817,0.995141,0.013672,-0.513447,-0.529159,0.044990,0.992423,0.073724,-0.061221,-0.076902,-0.570194,0.400139,-0.094605,0.249610,-1.535945,0.944849,-0.134399
27,153.099773,11,0.550000,0.956145,0.968683,0.015922,-0.574857,-0.592447,0.008241,0.993751,0.060482,-0.050015,-0.079372,-0.645555,0.449428,-0.098426,0.253583,-0.637109,0.170181,-0.152855
27,153.099773,12,0.600000,0.927402,0.939061,0.016334,-0.626046,-0.645168,-0.018445,0.994898,0.045450,-0.037412,-0.081929,-0.675731,0.460349,-0.102771,0.258911,0.144004,-0.427927,-0.158428
27,153.099773,13,0.650000,0.896100,0.906803,0.015412,-0.665309,-0.685590,-0.032804,0.995675,0.029676,-0.024456,-0.084576,-0.666736,0.441588,-0.107274,0.263878,0.848328,-0.814070,-0.151496
27,153.099773,14,0.700000,0.862834,0.872523,0.013771,-0.691560,-0.712446,-0.036086,0.996010,0.014076,-0.011972,-0.087309,-0.622522,0.403599,-0.111580,0.267573,1.557521,-1.029506,-0.126997
27,153.099773,15,0.750000,0.828256,0.836901,0.011967,-0.704595,-0.725304,-0.031419,0.995931,-0.000511,-0.000524,-0.090116,-0.542936,0.354760,-0.115190,0.269736,1.883461,-1.263027,-0.158004
27,153.099773,16,0.800000,0.793027,0.800636,0.010396,-0.705071,-0.724749,-0.022408,0.995534,-0.013226,0.009529,-0.092983,-0.447212,0.293982,-0.119681,0.270309,1.969214,-1.318313,-0.168180
27,153.099773,17,0.850000,0.757773,0.764398,0.009276,-0.694343,-0.712454,-0.012602,0.994945,-0.023700,0.017844,-0.095943,-0.347416,0.230098,-0.124462,0.269746,1.952863,-1.320323,-0.156471
27,153.099773,18,0.900000,0.723056,0.728776,0.008646,-0.674334,-0.690606,-0.004451,0.994279,-0.031843,0.024325,-0.099014,-0.248686,0.165723,-0.128909,0.268644,1.749145,-1.316181,-0.124701
27,153.099773,19,0.950000,0.689339,0.694245,0.008423,-0.647132,-0.661501,0.000941,0.993628,-0.037691,0.028957,-0.102196,-0.160418,0.101130,-0.132454,0.267396,1.201342,-1.222362,-0.080731
27,153.099773,20,1.000000,0.656983,0.661170,0.008470,-0.614823,-0.627342,0.003381,0.993049,-0.041513,0.031753,-0.105463,-0.099843,0.040819,-0.134749,0.266347,1.323943,-1.091532,-0.061068
27,153.099773,21,1.050000,0.626241,0.629803,0.008639,-0.579398,-0.589979,0.003421,0.992548,-0.043991,0.032890,-0.108771,-0.033437,-0.013247,-0.136484,0.265571,1.440176,-0.804316,-0.059004
27,153.099773,22,1.100000,0.597272,0.600304,0.008810,-0.542582,-0.550551,0.001753,0.992145,-0.044968,0.032502,-0.112115,0.038503,-0.053290,-0.138162,0.265013,1.535213,-0.458159,-0.074178
27,153.099773,23,1.150000,0.570142,0.572777,0.008898,-0.505983,-0.510337,-0.001005,0.991837,-0.044275,0.030917,-0.115512,0.114984,-0.076400,-0.140270,0.264726,1.286569,-0.124896,-0.097521
27,153.099773,24,1.200000,0.544843,0.547260,0.008848,-0.470903,-0.470783,-0.004131,0.991606,-0.041752,0.028534,-0.118993,0.178906,-0.083257,-0.143042,0.264788,0.125055,-0.032475,-0.121695
27,153.099773,25,1.250000,0.521298,0.523721,0.008641,-0.438282,-0.433511,-0.006791,0.991409,-0.037666,0.025789,-0.122578,0.184707,-0.085852,-0.146501,0.265259,0.074182,0.136764,-0.088031
27,153.099773,26,1.300000,0.499384,0.502045,0.008301,-0.408628,-0.399930,-0.008118,0.991169,-0.033445,0.022956,-0.126244,0.187939,-0.080040,-0.149003,0.265437,0.208139,0.129197,-0.065056
27,153.099773,27,1.350000,0.478953,0.482049,0.007895,-0.382108,-0.370190,-0.008685,0.990882,-0.029125,0.020255,-0.129975,0.197893,-0.074643,-0.150853,0.265517,0.231727,0.156929,-0.053160
27,153.099773,28,1.400000,0.459847,0.463539,0.007461,-0.358649,-0.344398,-0.008726,0.990553,-0.024542,0.017652,-0.133755,0.209052,-0.067930,-0.152364,0.265603,0.021586,0.189836,-0.046204
27,153.099773,29,1.450000,0.441915,0.446319,0.007025,-0.338219,-0.322807,-0.008267,0.990180,-0.019659,0.015177,-0.137576,0.209739,-0.059647,-0.153677,0.265679,-0.856849,0.170088,-0.041801
27,153.099773,30,1.500000,0.425004,0.430179,0.006612,-0.320770,-0.305707,-0.007376,0.989755,-0.014730,0.012904,-0.141427,0.166548,-0.052366,-0.154865,0.265693,-0.857681,0.246062,0.042856
27,153.099773,31,1.550000,0.408965,0.414893,0.006243,-0.306152,-0.293157,-0.006230,0.989269,-0.010844,0.010962,-0.145291,0.123356,-0.041042,-0.153647,0.265501,-0.774060,0.289782,0.103574
27,153.099773,32,1.600000,0.393658,0.400236,0.005931,-0.293939,-0.284175,-0.005296,0.988743,-0.007984,0.009457,-0.149112,0.084414,-0.027272,-0.150703,0.265310,-0.591045,0.283449,0.137842
27,153.099773,33,1.650000,0.378961,0.386027,0.005667,-0.283582,-0.277803,-0.004631,0.988195,-0.006034,0.008438,-0.152850,0.054706,-0.013582,-0.146785,0.265162,-0.466160,0.190944,0.144704
27,153.099773,34,1.700000,0.364782,0.372137,0.005435,-0.274487,-0.273214,-0.004196,0.987638,-0.004766,0.007871,-0.156484,0.031322,-0.004340,-0.142672,0.265063,-0.637692,-0.167215,0.121808
27,153.099773,35,1.750000,0.351057,0.358476,0.005225,-0.266123,-0.269802,-0.003922,0.987077,-0.004037,0.007624,-0.160012,-0.000586,-0.012870,-0.139209,0.264974,-0.467065,-0.177421,0.177110
27,153.099773,36,1.800000,0.337751,0.344986,0.005029,-0.258103,-0.267088,-0.003803,0.986517,-0.004130,0.007295,-0.163445,-0.024007,-0.021738,-0.134175,0.264964,-0.342282,-0.095289,0.196221
27,153.099773,37,1.850000,0.324846,0.331632,0.004839,-0.250378,-0.264260,-0.003699,0.985964,-0.004835,0.006843,-0.166746,-0.041232,-0.026380,-0.128598,0.264979,-0.204915,0.032549,0.179093
27,153.099773,38,1.900000,0.312327,0.318419,0.004654,-0.242965,-0.260701,-0.003566,0.985422,-0.005984,0.006349,-0.169905,-0.051607,-0.024552,-0.123507,0.265006,-0.090505,0.058466,0.126283
27,153.099773,39,1.950000,0.300179,0.305384,0.004476,-0.235826,-0.255973,-0.003389,0.984888,-0.007379,0.005945,-0.172934,-0.056247,-0.021386,-0.119917,0.265029,0.014298,-0.168159,0.034128
27,153.099773,40,2.000000,0.288388,0.292585,0.004306,-0.228826,-0.249848,-0.003184,0.984357,-0.008874,0.005640,-0.175874,-0.055629,-0.029538,-0.118947,0.265052,0.222665,-0.013451,-0.002404
27,153.099773,41,2.050000,0.276946,0.280092,0.004147,-0.221844,-0.242247,-0.002955,0.983820,-0.010389,0.005131,-0.178786,-0.044629,-0.029960,-0.119016,0.265060,0.394600,0.149032,-0.061701
27,153.099773,42,2.100000,0.265854,0.267980,0.003999,-0.215065,-0.233113,-0.002734,0.983275,-0.011636,0.004563,-0.181698,-0.025035,-0.022307,-0.120769,0.265043,0.518794,0.239871,-0.133314
27,153.099773,43,2.150000,0.255101,0.256324,0.003863,-0.208586,-0.222695,-0.002566,0.982717,-0.012367,0.004093,-0.184657,0.000803,-0.010198,-0.124559,0.265016,0.579662,0.256084,-0.208348
27,153.099773,44,2.200000,0.244671,0.245190,0.003734,-0.202397,-0.211509,-0.002463,0.982138,-0.012407,0.003800,-0.187713,0.029738,0.002602,-0.130481,0.264990,0.460168,0.372338,-0.278071
27,153.099773,45,2.250000,0.234552,0.234614,0.003611,-0.196448,-0.200250,-0.002405,0.981529,-0.011677,0.003684,-0.190919,0.052759,0.021072,-0.138385,0.264965,0.327474,0.110378,-0.263994
27,153.099773,46,2.300000,0.224729,0.224602,0.003491,-0.190712,-0.189693,-0.002377,0.980875,-0.010294,0.003909,-0.194325,0.069243,0.026314,-0.145889,0.264965,-0.036450,-0.124986,-0.231601
27,153.099773,47,2.350000,0.215194,0.215117,0.003372,-0.184987,-0.180529,-0.002321,0.980174,-0.008483,0.004180,-0.197914,0.067567,0.019681,-0.152472,0.264957,-0.493442,-0.269870,-0.184984
27,153.099773,48,2.400000,0.205944,0.206091,0.003256,-0.179319,-0.173182,-0.002247,0.979423,-0.006745,0.004295,-0.201660,0.043008,0.005796,-0.157730,0.264946,-0.764155,-0.182689,-0.129816
27,153.099773,49,2.450000,0.196978,0.197432,0.003144,-0.173856,-0.167549,-0.002170,0.978626,-0.005680,0.004194,-0.205526,0.004835,-0.003596,-0.161420,0.264943,-0.456842,0.581948,-0.063296
27,153.099773,50,2.500000,0.188285,0.189054,0.003035,-0.168683,-0.162940,-0.002085,0.977790,-0.005597,0.004058,-0.209473,-0.018029,0.025472,-0.163219,0.264957,-0.191251,0.239522,-0.051141
27,153.099773,51,2.550000,0.179851,0.180907,0.002931,-0.163638,-0.158404,-0.001971,0.976922,-0.005921,0.004752,-0.213463,-0.027434,0.037560,-0.164673,0.264972,-0.039058,-0.131317,-0.019251
27,153.099773,52,2.600000,0.171669,0.172987,0.002832,-0.157842,-0.153723,-0.001839,0.976025,-0.006410,0.005792,-0.217485,-0.029152,0.031166,-0.165220,0.264965,-0.072184,-0.396607,0.042170
27,153.099773,53,2.650000,0.163777,0.165301,0.002740,-0.150926,-0.148819,-0.001737,0.975109,-0.006976,0.006684,-0.221515,-0.032566,0.011518,-0.164022,0.264952,-0.168151,-0.394330,0.141149
27,153.099773,54,2.700000,0.156231,0.157860,0.002654,-0.143014,-0.143598,-0.001677,0.974185,-0.007733,0.007117,-0.225508,-0.040901,-0.007996,-0.160010,0.264950,0.041690,0.118551,0.289279
27,153.099773,55,2.750000,0.149080,0.150680,0.002570,-0.134500,-0.137780,-0.001637,0.973268,-0.008803,0.007121,-0.229395,-0.038866,-0.001820,-0.151787,0.264943,0.337839,-0.187792,0.369667
27,153.099773,56,2.800000,0.142355,0.143791,0.002488,-0.125717,-0.130976,-0.001628,0.972381,-0.009786,0.007267,-0.233079,-0.021984,-0.010985,-0.141279,0.264902,0.471354,-0.398296,0.478105
27,153.099773,57,2.850000,0.136070,0.137242,0.002406,-0.116547,-0.123302,-0.001715,0.971549,-0.010410,0.007093,-0.236505,0.001525,-0.030782,-0.127689,0.264884,0.507394,-0.470601,0.611895
27,153.099773,58,2.900000,0.130242,0.131077,0.002321,-0.107371,-0.115026,-0.001845,0.970794,-0.010577,0.006303,-0.239597,0.026745,-0.054320,-0.110296,0.264896,0.540415,-0.309414,0.766256
27,153.099773,59,2.950000,0.124874,0.125326,0.002228,-0.098881,-0.106433,-0.001945,0.970144,-0.010271,0.004795,-0.242263,0.053539,-0.069902,-0.088516,0.264928,0.780994,0.299805,0.937674
27,153.099773,60,3.000000,0.119930,0.120004,0.002131,-0.091875,-0.097796,-0.001964,0.969626,-0.009406,0.002753,-0.244397,0.092354,-0.055092,-0.061863,0.264960,0.664852,0.420120,0.988506
27,153.099773,61,3.050000,0.115336,0.115114,0.002033,-0.086999,-0.089506,-0.001892,0.969269,-0.007508,0.000839,-0.245889,0.125467,-0.034303,-0.033765,0.265006,0.256757,0.509875,1.063137
27,153.099773,62,3.100000,0.110986,0.110639,0.001938,-0.084389,-0.082565,-0.001697,0.969080,-0.004680,-0.000770,-0.246702,0.138261,-0.008970,-0.003546,0.265027,-0.369931,0.454058,1.160074
27,153.099773,63,3.150000,0.106767,0.106511,0.001853,-0.083988,-0.077927,-0.001428,0.969068,-0.001385,-0.001841,-0.246782,0.119763,0.013714,0.029429,0.264988,-1.008597,0.335264,1.266482
27,153.099773,64,3.200000,0.102567,0.102614,0.001782,-0.085403,-0.076164,-0.001214,0.969250,0.001599,-0.002246,-0.246063,0.069318,0.030611,0.065428,0.264900,-1.664140,0.240597,1.364072
27,153.099773,65,3.250000,0.098297,0.098806,0.001721,-0.087925,-0.077142,-0.001166,0.969648,0.003464,-0.001933,-0.244472,-0.013965,0.042813,0.104202,0.264807,-1.228393,0.115351,1.375955
27,153.099773,66,3.300000,0.093901,0.094949,0.001663,-0.090595,-0.079973,-0.001299,0.970284,0.003382,-0.000819,-0.241942,-0.075554,0.048526,0.143313,0.264822,-0.376283,-0.013777,1.338249
27,153.099773,67,3.350000,0.089371,0.090951,0.001598,-0.092177,-0.082996,-0.001401,0.971150,0.001840,0.000803,-0.238461,-0.094632,0.047426,0.181352,0.264896,0.605969,-0.013109,1.251620
27,153.099773,68,3.400000,0.084762,0.086801,0.001528,-0.091842,-0.084937,-0.001356,0.972221,-0.000172,0.002510,-0.234051,-0.064660,0.046119,0.216929,0.264960,0.877640,-0.022124,1.129149
27,153.099773,69,3.450000,0.080170,0.082554,0.001460,-0.089408,-0.085350,-0.001197,0.973471,-0.001460,0.004010,-0.228770,-0.021158,0.044481,0.249025,0.264950,-0.448012,-0.425329,0.986676
27,153.099773,70,3.500000,0.075700,0.078286,0.001400,-0.085250,-0.084855,-0.001066,0.974870,-0.001695,0.005223,-0.222705,-0.043979,0.023014,0.277071,0.264888,-0.077546,-0.565752,0.846476
27,153.099773,71,3.550000,0.071437,0.074044,0.001347,-0.079885,-0.084375,-0.001061,0.976384,-0.002603,0.006040,-0.215942,-0.048098,-0.005736,0.301131,0.264894,0.326803,-0.404949,0.679518
27,153.099773,72,3.600000,0.067443,0.069825,0.001294,-0.073548,-0.083161,-0.001060,0.977979,-0.003762,0.006179,-0.208578,-0.031692,-0.026533,0.320446,0.264897,0.687180,-0.141100,0.508575
27,153.099773,73,3.650000,0.063765,0.065667,0.001241,-0.066849,-0.080816,-0.001060,0.979619,-0.004626,0.005725,-0.200729,0.002989,-0.033974,0.334902,0.264894,0.598832,0.003960,0.346262
27,153.099773,74,3.700000,0.060423,0.061626,0.001188,-0.060435,-0.077498,-0.001070,0.981270,-0.004675,0.004917,-0.192517,0.033363,-0.033737,0.344745,0.264890,-0.378414,-0.635821,0.193451
27,153.099773,75,3.750000,0.057401,0.057751,0.001135,-0.054819,-0.073926,-0.001077,0.982900,-0.003976,0.003969,-0.184053,0.014883,-0.065092,0.350244,0.264917,-0.152270,-0.445339,0.125382
27,153.099773,76,3.800000,0.054660,0.054055,0.001081,-0.050273,-0.070808,-0.001021,0.984481,-0.003875,0.002336,-0.175435,0.008135,-0.087161,0.353808,0.264938,0.132855,-0.033496,0.057562
27,153.099773,77,3.850000,0.052147,0.050514,0.001030,-0.047350,-0.067466,-0.000914,0.985997,-0.004036,0.000189,-0.166712,0.015948,-0.088727,0.355444,0.264932,0.369497,0.494448,-0.000270
27,153.099773,78,3.900000,0.049779,0.047141,0.000984,-0.046506,-0.063592,-0.000816,0.987439,-0.004011,-0.002029,-0.157935,0.035620,-0.063789,0.355436,0.264892,0.279514,0.844423,-0.046761
27,153.099773,79,3.950000,0.047454,0.043961,0.000943,-0.047850,-0.059392,-0.000794,0.988802,-0.003402,-0.003708,-0.149146,0.050456,-0.021088,0.354107,0.264850,-0.449682,0.446953,-0.093298
27,153.099773,80,4.000000,0.045061,0.040992,0.000903,-0.050949,-0.055550,-0.000856,0.990085,-0.002266,-0.004387,-0.140380,0.028255,0.001938,0.351455,0.264859,-0.275674,0.444982,-0.030035
27,153.099773,81,4.050000,0.042514,0.038214,0.000861,-0.054898,-0.052745,-0.000900,0.991282,-0.001598,-0.004418,-0.131673,0.014446,0.024564,0.350601,0.264857,-0.066509,0.402493,0.017161
27,153.099773,82,4.100000,0.039769,0.035577,0.000816,-0.058988,-0.050620,-0.000946,0.992401,-0.001198,-0.003843,-0.122979,0.010794,0.044881,0.351089,0.264871,0.070752,0.290270,0.045635
27,153.099773,83,4.150000,0.036820,0.033046,0.000768,-0.062585,-0.048991,-0.000960,0.993446,-0.000826,-0.002752,-0.114264,0.013733,0.059538,0.352386,0.264894,0.040825,0.106021,0.051383
27,153.099773,84,4.200000,0.033690,0.030597,0.000720,-0.065175,-0.047877,-0.000924,0.994417,-0.000339,-0.001305,-0.105509,0.014978,0.065023,0.353847,0.264915,-0.371087,-0.200642,0.027929
27,153.099773,85,4.250000,0.030432,0.028203,0.000674,-0.066413,-0.047411,-0.000842,0.995313,0.000193,0.000275,-0.096708,-0.004449,0.055192,0.354641,0.264922,-0.318633,-0.119724,0.020080
27,153.099773,86,4.300000,0.027111,0.025832,0.000632,-0.066163,-0.047626,-0.000746,0.996130,0.000219,0.001657,-0.087880,-0.021124,0.049146,0.355211,0.264913,-0.230893,-0.052257,-0.021711
27,153.099773,87,4.350000,0.023803,0.023451,0.000595,-0.064562,-0.047983,-0.000669,0.996868,-0.000185,0.002925,-0.079029,-0.033331,0.046248,0.354594,0.264906,-0.127251,-0.022105,-0.101273
27,153.099773,88,4.400000,0.020575,0.021052,0.000561,-0.061687,-0.048029,-0.000610,0.997525,-0.000898,0.004145,-0.070187,-0.040316,0.044695,0.351716,0.264897,-0.051157,-0.083031,-0.221247
27,153.099773,89,4.450000,0.017490,0.018650,0.000531,-0.057568,-0.047435,-0.000579,0.998097,-0.001789,0.005338,-0.061410,-0.043470,0.040005,0.345427,0.264878,-0.034131,-0.360174,-0.382815
27,153.099773,90,4.500000,0.014612,0.016278,0.000502,-0.052234,-0.046006,-0.000595,0.998581,-0.002766,0.006418,-0.052785,-0.045701,0.021426,0.334545,0.264842,0.119997,-0.367231,-0.492053
27,153.099773,91,4.550000,0.012000,0.013978,0.000472,-0.045804,-0.043629,-0.000695,0.998981,-0.003824,0.007036,-0.044426,-0.039974,0.002485,0.320559,0.264827,0.244572,-0.287185,-0.632219
27,153.099773,92,4.600000,0.009710,0.011797,0.000437,-0.038742,-0.040188,-0.000837,0.999300,-0.004763,0.007173,-0.036412,-0.027775,-0.012361,0.302588,0.264833,0.308032,-0.169915,-0.800948
27,153.099773,93,4.650000,0.007773,0.009787,0.000396,-0.031541,-0.035775,-0.000978,0.999545,-0.005414,0.006926,-0.028845,-0.012232,-0.021176,0.279822,0.264856,0.276743,-0.136262,-0.995870
27,153.099773,94,4.700000,0.006196,0.007999,0.000347,-0.024597,-0.030663,-0.001078,0.999724,-0.005687,0.006443,-0.021848,0.001830,-0.028119,0.251514,0.264885,0.109098,-0.352436,-1.214964
27,153.099773,95,4.750000,0.004966,0.006465,0.000293,-0.018156,-0.025224,-0.001123,0.999847,-0.005616,0.005775,-0.015557,0.007554,-0.045723,0.216979,0.264918,0.123106,-0.160298,-1.315361
27,153.099773,96,4.800000,0.004058,0.005204,0.000237,-0.012405,-0.019803,-0.001098,0.999923,-0.005413,0.004659,-0.010128,0.014085,-0.053676,0.179591,0.264962,0.099686,0.105485,-1.425220
27,153.099773,97,4.850000,0.003438,0.004214,0.000182,-0.007779,-0.014537,-0.000977,0.999966,-0.005054,0.003338,-0.005633,0.019436,-0.048305,0.139079,0.264971,0.028686,0.356652,-1.542412
27,153.099773,98,4.900000,0.003049,0.003487,0.000133,-0.004475,-0.009596,-0.000826,0.999985,-0.004563,0.002146,-0.002152,0.021125,-0.030370,0.095237,0.264924,-0.107343,0.441333,-1.666312
27,153.099773,99,4.950000,0.002825,0.003007,0.000091,-0.002360,-0.005124,-0.000750,0.999991,-0.004031,0.001396,0.000231,0.015867,-0.008227,0.047872,0.265291,-0.309475,0.166491,-1.797872
27,153.099773,100,5.000000,0.002707,0.002751,0.000054,-0.000989,-0.001163,0.000011,0.999992,-0.003633,0.001195,0.001428,0.000409,0.000126,-0.003231,0,0,0,0
28,152.009982,0,0.000000,1.058653,1.074563,0.015003,-0.007004,-0.008804,0.000913,0.997995,0.001897,-0.001855,-0.063233,0.000000,0.000000,0.000000,0.262324,8.743159,-11.718583,-0.400934
28,152.009982,1,0.050000,1.058303,1.074122,0.015048,-0.008919,-0.010530,-0.003810,0.997995,0.001897,-0.001855,-0.063233,0.437158,-0.585929,-0.011396,0.167900,8.852852,-2.267347,-0.508702
28,152.009982,2,0.100000,1.057857,1.073596,0.014858,-0.010145,-0.011634,-0.183389,0.997763,0.011876,-0.017162,-0.063514,0.879547,-0.699486,-0.025856,0.258489,1.265193,1.358004,-0.390913
28,152.009982,3,0.150000,1.057350,1.073014,0.005688,-0.027260,-0.021935,-0.195622,0.996767,0.032703,-0.035984,-0.063964,0.942120,-0.632448,-0.036968,0.322818,-3.249453,3.137316,-0.273467
28,152.009982,4,0.200000,1.055987,1.071917,-0.004093,-0.072645,-0.058157,-0.091138,0.994968,0.055180,-0.053199,-0.064529,0.778760,-0.476904,-0.044741,0.330404,-5.081896,4.080769,-0.176992
28,152.009982,5,0.250000,1.052355,1.069010,-0.008650,-0.141776,-0.121141,0.023032,0.992928,0.073822,-0.066239,-0.065247,0.523856,-0.274188,-0.049772,0.311858,-5.671095,3.969942,-0.186863
28,152.009982,6,0.300000,1.045266,1.062952,-0.007498,-0.223306,-0.200812,0.098684,0.991317,0.086451,-0.073800,-0.066114,0.239783,-0.076681,-0.055083,0.287251,-5.453403,3.486842,-0.193355
28,152.009982,7,0.350000,1.034100,1.052912,-0.002564,-0.307221,-0.286797,0.126384,0.990545,0.092367,-0.075976,-0.067201,-0.033047,0.097160,-0.060579,0.266742,-4.750005,2.821228,-0.190452
28,152.009982,8,0.400000,1.018739,1.038572,0.003755,-0.387702,-0.372143,0.115720,0.990700,0.091826,-0.073374,-0.068539,-0.270324,0.238297,-0.065993,0.253918,-3.727110,2.122236,-0.175379
28,152.009982,9,0.450000,0.999354,1.019965,0.009541,-0.461983,-0.452967,0.082447,0.991603,0.085657,-0.066855,-0.070119,-0.456083,0.345086,-0.070978,0.248856,-2.446539,1.440767,-0.142714
28,152.009982,10,0.500000,0.976255,0.997317,0.013664,-0.528621,-0.526932,0.041909,0.992929,0.075066,-0.057343,-0.071895,-0.577480,0.418353,-0.075035,0.249808,-1.400557,0.662799,-0.166428
28,152.009982,11,0.550000,0.949824,0.970970,0.015759,-0.586293,-0.592079,0.005761,0.994318,0.061581,-0.045772,-0.073788,-0.646317,0.453138,-0.079765,0.254135,-0.528938,0.042911,-0.170312
28,152.009982,12,0.600000,0.920509,0.941366,0.016047,-0.633407,-0.646533,-0.019659,0.995489,0.046433,-0.033186,-0.075798,-0.671392,0.457240,-0.084606,0.259435,0.241268,-0.498682,-0.153617
28,152.009982,13,0.650000,0.888839,0.909039,0.015064,-0.668533,-0.688531,-0.032855,0.996279,0.030654,-0.020432,-0.077914,-0.657860,0.434461,-0.088973,0.264264,0.775761,-0.977521,-0.118432
28,152.009982,14,0.700000,0.855412,0.874613,0.013422,-0.690794,-0.716864,-0.035304,0.996636,0.015157,-0.008259,-0.080117,-0.617605,0.387807,-0.092339,0.267740,0.881894,-1.290781,-0.072923
28,152.009982,15,0.750000,0.820873,0.838770,0.011656,-0.700160,-0.731188,-0.030284,0.996597,0.000565,0.002675,-0.082384,-0.572151,0.325432,-0.094412,0.269519,1.547562,-1.481404,-0.054514
28,152.009982,16,0.800000,0.785865,0.802210,0.010142,-0.697546,-0.731970,-0.021683,0.996251,-0.013024,0.011961,-0.084682,-0.493607,0.253412,-0.095962,0.270332,2.090286,-1.429590,-0.057154
28,152.009982,17,0.850000,0.750987,0.765612,0.009058,-0.684511,-0.719992,-0.011881,0.995713,-0.024808,0.019284,-0.086998,-0.388170,0.183730,-0.097586,0.269890,2.497016,-1.232609,-0.079817
28,152.009982,18,0.900000,0.716762,0.729612,0.008464,-0.663160,-0.696977,-0.003572,0.995111,-0.034116,0.024640,-0.089349,-0.262639,0.123537,-0.099855,0.268682,2.462273,-0.972210,-0.111649
28,152.009982,19,0.950000,0.683604,0.694763,0.008285,-0.635726,-0.665385,0.001724,0.994558,-0.040434,0.028214,-0.091774,-0.139057,0.075922,-0.103029,0.267212,1.423875,-0.883668,-0.143373
28,152.009982,20,1.000000,0.651818,0.661494,0.008372,-0.604283,-0.628148,0.003656,0.994117,-0.043790,0.030316,-0.094313,-0.067566,0.032282,-0.107104,0.266097,1.403621,-0.663562,-0.116851
28,152.009982,21,1.050000,0.621603,0.630087,0.008554,-0.570510,-0.588063,0.003132,0.993761,-0.045474,0.031161,-0.096959,0.002746,-0.000621,-0.110425,0.265407,1.495737,-0.585457,-0.099961
28,152.009982,22,1.100000,0.593078,0.600683,0.008711,-0.535737,-0.546611,0.001139,0.993493,-0.045493,0.031013,-0.099703,0.077530,-0.029905,-0.113267,0.264938,1.423209,-0.449109,-0.092150
28,152.009982,23,1.150000,0.566291,0.573353,0.008768,-0.501053,-0.505296,-0.001709,0.993316,-0.043730,0.029948,-0.102542,0.148562,-0.052694,-0.115886,0.264749,1.079511,-0.293443,-0.086470
28,152.009982,24,1.200000,0.541238,0.548088,0.008683,-0.467487,-0.465714,-0.004687,0.993209,-0.040262,0.028131,-0.105472,0.202306,-0.068020,-0.118344,0.264866,0.042160,-0.184991,-0.080242
28,152.009982,25,1.250000,0.517864,0.524802,0.008448,-0.435912,-0.429397,-0.007060,0.993129,-0.035500,0.025789,-0.108482,0.204108,-0.078178,-0.120625,0.265301,-0.140783,0.014959,0.008003
28,152.009982,26,1.300000,0.496068,0.503332,0.008095,-0.406961,-0.397503,-0.008154,0.993015,-0.030722,0.023187,-0.111537,0.196711,-0.078364,-0.120397,0.265501,-0.246538,0.165986,0.073350
28,152.009982,27,1.350000,0.475720,0.483457,0.007688,-0.380950,-0.370048,-0.008441,0.992857,-0.026126,0.020601,-0.114578,0.184026,-0.070964,-0.118312,0.265613,-0.251212,0.248935,0.112847
28,152.009982,28,1.400000,0.456673,0.464955,0.007265,-0.357884,-0.346851,-0.008155,0.992658,-0.021822,0.018234,-0.117561,0.171147,-0.059343,-0.115105,0.265629,-0.303631,0.227354,0.125080
28,152.009982,29,1.450000,0.438779,0.447612,0.006858,-0.337553,-0.327649,-0.007545,0.992426,-0.017802,0.016196,-0.120462,0.155706,-0.048723,-0.111549,0.265592,-0.635602,-0.078006,0.107097
28,152.009982,30,1.500000,0.421901,0.431230,0.006480,-0.319633,-0.312190,-0.006779,0.992167,-0.014130,0.014468,-0.123269,0.123720,-0.053283,-0.108505,0.265508,-0.605786,-0.056544,0.165259
28,152.009982,31,1.550000,0.405919,0.415620,0.006142,-0.303804,-0.300157,-0.005999,0.991887,-0.011265,0.012727,-0.125985,0.093211,-0.056619,-0.103808,0.265387,-0.590513,0.035544,0.183952
28,152.009982,32,1.600000,0.390729,0.400613,0.005842,-0.290001,-0.290751,-0.005326,0.991597,-0.009165,0.011000,-0.128572,0.063462,-0.055209,-0.098579,0.265275,-0.531112,0.157192,0.162553
28,152.009982,33,1.650000,0.376229,0.386075,0.005575,-0.278127,-0.283212,-0.004778,0.991304,-0.007796,0.009405,-0.131020,0.036700,-0.047587,-0.093958,0.265174,-0.464767,0.166461,0.101373
28,152.009982,34,1.700000,0.362323,0.371914,0.005336,-0.267968,-0.276832,-0.004362,0.991011,-0.007064,0.008087,-0.133347,0.013292,-0.039395,-0.091077,0.265091,-0.381577,-0.082706,-0.003326
28,152.009982,35,1.750000,0.348924,0.358073,0.005118,-0.259174,-0.271017,-0.004065,0.990715,-0.006885,0.007050,-0.135599,-0.005923,-0.043576,-0.091171,0.265041,-0.170116,0.044627,-0.057076
28,152.009982,36,1.800000,0.335966,0.344522,0.004915,-0.251401,-0.265260,-0.003844,0.990409,-0.007195,0.005975,-0.137848,-0.014579,-0.041324,-0.092794,0.265031,0.032988,0.180645,-0.138086
28,152.009982,37,1.850000,0.323396,0.331259,0.004723,-0.244619,-0.259073,-0.003632,0.990090,-0.007713,0.004986,-0.140136,-0.013075,-0.032241,-0.096719,0.265030,0.208514,0.252201,-0.234711
28,152.009982,38,1.900000,0.311165,0.318305,0.004541,-0.238712,-0.252263,-0.003418,0.989749,-0.008161,0.004215,-0.142521,-0.002768,-0.019583,-0.103390,0.265032,0.332783,0.259785,-0.336435
28,152.009982,39,1.950000,0.299229,0.305692,0.004370,-0.233476,-0.244924,-0.003200,0.989379,-0.008310,0.003719,-0.145075,0.013794,-0.006583,-0.112953,0.265033,0.282021,0.378656,-0.432810
28,152.009982,40,2.000000,0.287555,0.293446,0.004210,-0.228681,-0.237383,-0.002980,0.988969,-0.008003,0.003483,-0.147868,0.027867,0.012291,-0.125256,0.265007,0.216362,0.130673,-0.443657
28,152.009982,41,2.050000,0.276121,0.281577,0.004061,-0.224139,-0.230120,-0.002801,0.988505,-0.007280,0.003658,-0.150969,0.038744,0.018692,-0.137867,0.264999,-0.089253,-0.086792,-0.433419
28,152.009982,42,2.100000,0.264914,0.270071,0.003921,-0.219511,-0.223599,-0.002628,0.987983,-0.006264,0.003949,-0.154382,0.034379,0.014150,-0.150186,0.264962,-0.496973,-0.215948,-0.406537
28,152.009982,43,2.150000,0.253939,0.258891,0.003790,-0.214733,-0.218123,-0.002511,0.987400,-0.005375,0.004142,-0.158096,0.009611,0.003156,-0.161742,0.264923,-0.727537,-0.121214,-0.370439
28,152.009982,44,2.200000,0.243202,0.247985,0.003664,-0.209886,-0.213558,-0.002458,0.986754,-0.005142,0.004160,-0.162089,-0.026747,-0.002963,-0.172272,0.264921,-0.387997,0.640658,-0.324492
28,152.009982,45,2.250000,0.232708,0.237307,0.003541,-0.205040,-0.209241,-0.002406,0.986043,-0.005832,0.004174,-0.166334,-0.046166,0.029244,-0.181495,0.264972,-0.097407,0.293701,-0.333812
28,152.009982,46,2.300000,0.222456,0.226845,0.003421,-0.200049,-0.204279,-0.002267,0.985268,-0.006867,0.005060,-0.170805,-0.050835,0.044247,-0.190984,0.265027,0.052491,-0.083358,-0.323231
28,152.009982,47,2.350000,0.212453,0.216631,0.003308,-0.194004,-0.198485,-0.002048,0.984425,-0.007955,0.006334,-0.175508,-0.047890,0.040448,-0.200172,0.265036,0.002349,-0.359250,-0.282659
28,152.009982,48,2.400000,0.202753,0.206707,0.003205,-0.186513,-0.191890,-0.001843,0.983518,-0.008987,0.007500,-0.180433,-0.047465,0.022849,-0.208206,0.265019,-0.114576,-0.374086,-0.204262
28,152.009982,49,2.450000,0.193428,0.197112,0.003113,-0.177682,-0.184542,-0.001701,0.982549,-0.010090,0.008229,-0.185546,-0.053013,0.004520,-0.214012,0.265008,0.078943,0.115328,-0.076862
28,152.009982,50,2.500000,0.184544,0.187885,0.003028,-0.167908,-0.176309,-0.001611,0.981527,-0.011415,0.008531,-0.190790,-0.049029,0.010717,-0.216197,0.264990,0.368307,-0.214904,-0.016058
28,152.009982,51,2.550000,0.176148,0.179070,0.002948,-0.157552,-0.166910,-0.001588,0.980465,-0.012613,0.008966,-0.196085,-0.030526,0.000374,-0.216653,0.264931,0.493949,-0.450044,0.075247
28,152.009982,52,2.600000,0.168270,0.170724,0.002868,-0.146499,-0.156501,-0.001710,0.979378,-0.013408,0.009057,-0.201385,-0.005825,-0.021877,-0.214514,0.264889,0.531565,-0.546499,0.195924
28,152.009982,53,2.650000,0.160946,0.162899,0.002783,-0.135148,-0.145407,-0.001933,0.978287,-0.013709,0.008478,-0.206626,0.020575,-0.049155,-0.208945,0.264883,0.581421,-0.406970,0.342384
28,152.009982,54,2.700000,0.154188,0.155629,0.002686,-0.124232,-0.133969,-0.002164,0.977211,-0.013504,0.007098,-0.211721,0.049256,-0.069666,-0.199213,0.264906,0.855043,0.187242,0.512542
28,152.009982,55,2.750000,0.147977,0.148930,0.002578,-0.114621,-0.122496,-0.002325,0.976171,-0.012705,0.005068,-0.216570,0.091481,-0.060677,-0.184644,0.264930,0.782769,0.307709,0.572199
28,152.009982,56,2.800000,0.142245,0.142805,0.002462,-0.107067,-0.111404,-0.002397,0.975194,-0.010824,0.003034,-0.221065,0.130195,-0.045932,-0.168380,0.264994,0.403549,0.417678,0.669434
28,152.009982,57,2.850000,0.136892,0.137235,0.002342,-0.101815,-0.101703,-0.002292,0.974288,-0.007916,0.001149,-0.225164,0.150079,-0.025880,-0.149351,0.265055,-0.216580,0.399547,0.804462
28,152.009982,58,2.900000,0.131801,0.132150,0.002227,-0.098966,-0.094385,-0.002011,0.973464,-0.004411,-0.000356,-0.228798,0.139103,-0.006754,-0.126485,0.265060,-0.875713,0.328707,0.963322
28,152.009982,59,2.950000,0.126853,0.127431,0.002127,-0.098316,-0.090090,-0.001678,0.972745,-0.001063,-0.001330,-0.231871,0.095285,0.009014,-0.099103,0.264989,-1.574991,0.282728,1.123606
28,152.009982,60,3.000000,0.121937,0.122926,0.002043,-0.099344,-0.088773,-0.001459,0.972168,0.001310,-0.001666,-0.234277,0.016569,0.022792,-0.067165,0.264875,-1.199825,0.199353,1.202220
28,152.009982,61,3.050000,0.116970,0.118488,0.001970,-0.101234,-0.089639,-0.001455,0.971773,0.001849,-0.001207,-0.235908,-0.043364,0.032717,-0.032992,0.264833,-0.404497,0.096206,1.228217
28,152.009982,62,3.100000,0.111908,0.114006,0.001897,-0.102812,-0.091123,-0.001528,0.971580,0.000989,-0.000155,-0.236709,-0.063548,0.037582,0.001920,0.264874,0.531529,0.110151,1.201539
28,152.009982,63,3.150000,0.106768,0.109450,0.001821,-0.103189,-0.092030,-0.001522,0.971592,-0.000332,0.001134,-0.236661,-0.036974,0.043085,0.036073,0.264943,0.767813,0.108728,1.138686
28,152.009982,64,3.200000,0.101608,0.104848,0.001745,-0.102031,-0.091977,-0.001389,0.971802,-0.000974,0.002400,-0.235784,0.001358,0.048471,0.068440,0.264957,-0.597578,-0.283711,1.061000
28,152.009982,65,3.250000,0.096507,0.100249,0.001675,-0.099517,-0.091603,-0.001234,0.972201,-0.000651,0.003571,-0.234122,-0.028647,0.034289,0.098598,0.264880,-0.286726,-0.413135,0.989175
28,152.009982,66,3.300000,0.091531,0.095669,0.001614,-0.095961,-0.091803,-0.001228,0.972771,-0.001138,0.004574,-0.231722,-0.043112,0.013525,0.126715,0.264891,0.095497,-0.271646,0.880421
28,152.009982,67,3.350000,0.086733,0.091079,0.001552,-0.091338,-0.091757,-0.001211,0.973496,-0.002093,0.005156,-0.228635,-0.038402,-0.000265,0.151741,0.264906,0.472835,-0.049974,0.757943
28,152.009982,68,3.400000,0.082166,0.086491,0.001492,-0.085943,-0.090914,-0.001175,0.974354,-0.003010,0.005377,-0.224935,-0.014759,-0.002985,0.173285,0.264910,0.427422,0.042690,0.637489
28,152.009982,69,3.450000,0.077869,0.081945,0.001433,-0.080139,-0.089223,-0.001137,0.975319,-0.003363,0.005400,-0.220710,0.006632,-0.000947,0.191406,0.264898,-0.502986,-0.647634,0.523865
28,152.009982,70,3.500000,0.073862,0.077484,0.001376,-0.074243,-0.087174,-0.001124,0.976364,-0.003181,0.005357,-0.216041,-0.018511,-0.033281,0.206296,0.264886,-0.238563,-0.509121,0.489583
28,152.009982,71,3.550000,0.070150,0.073126,0.001320,-0.068438,-0.085263,-0.001133,0.977468,-0.003784,0.004661,-0.210998,-0.030178,-0.058882,0.220212,0.264912,0.134265,-0.173452,0.438676
28,152.009982,72,3.600000,0.066728,0.068862,0.001263,-0.063185,-0.082598,-0.001091,0.978618,-0.004807,0.003402,-0.205604,-0.022973,-0.067807,0.232682,0.264923,0.490206,0.274914,0.385295
28,152.009982,73,3.650000,0.063569,0.064733,0.001209,-0.058949,-0.078669,-0.001027,0.979798,-0.005697,0.001889,-0.199898,0.002136,-0.054264,0.243634,0.264908,0.521146,0.565029,0.338628
28,152.009982,74,3.700000,0.060621,0.060799,0.001157,-0.056016,-0.073562,-0.000991,0.981000,-0.005905,0.000584,-0.193918,0.028695,-0.025993,0.253259,0.264885,-0.124254,0.146153,0.295799
28,152.009982,75,3.750000,0.057820,0.057121,0.001108,-0.054331,-0.067991,-0.000998,0.982212,-0.005323,-0.000156,-0.187700,0.022732,-0.018409,0.261667,0.264894,0.068173,0.162242,0.368226
28,152.009982,76,3.800000,0.055104,0.053721,0.001058,-0.053501,-0.062832,-0.000981,0.983422,-0.004852,-0.000680,-0.181268,0.026324,-0.010071,0.272134,0.264886,0.261931,0.155513,0.424393
28,152.009982,77,3.850000,0.052429,0.050580,0.001009,-0.053294,-0.058030,-0.000975,0.984635,-0.004255,-0.001013,-0.174572,0.039524,-0.002024,0.284197,0.264884,0.344869,0.099845,0.465972
28,152.009982,78,3.900000,0.049764,0.047678,0.000960,-0.053544,-0.053746,-0.000967,0.985854,-0.003298,-0.001205,-0.167571,0.056790,0.003395,0.297442,0.264892,0.217906,-0.002391,0.492123
28,152.009982,79,3.950000,0.047087,0.044991,0.000912,-0.054167,-0.050358,-0.000939,0.987076,-0.001893,-0.001335,-0.160234,0.067647,0.003916,0.311430,0.264902,-0.332498,-0.189453,0.497120
28,152.009982,80,4.000000,0.044379,0.042473,0.000865,-0.055163,-0.048314,-0.000886,0.988296,-0.000219,-0.001495,-0.152542,0.050975,-0.004757,0.325561,0.264898,-0.433753,0.049910,0.523316
28,152.009982,81,4.050000,0.041620,0.040057,0.000820,-0.056579,-0.047879,-0.000835,0.989504,0.001010,-0.001805,-0.144491,0.029347,-0.001631,0.340436,0.264876,-0.432527,0.236378,0.518196
28,152.009982,82,4.100000,0.038791,0.037663,0.000779,-0.058474,-0.048604,-0.000829,0.990697,0.001715,-0.001960,-0.136063,0.007741,0.010567,0.355166,0.264865,-0.354081,0.348643,0.479187
28,152.009982,83,4.150000,0.035868,0.035233,0.000737,-0.060608,-0.050009,-0.000846,0.991866,0.001925,-0.001739,-0.127261,-0.010105,0.028103,0.368786,0.264871,-0.296206,0.307341,0.403254
28,152.009982,84,4.200000,0.032837,0.032733,0.000695,-0.062541,-0.051665,-0.000850,0.992998,0.001748,-0.001028,-0.118110,-0.025309,0.043329,0.380249,0.264890,-0.282381,0.039372,0.286339
28,152.009982,85,4.250000,0.029710,0.030150,0.000652,-0.063745,-0.053249,-0.000818,0.994078,0.001238,0.000106,-0.108664,-0.040053,0.044932,0.388388,0.264905,-0.149323,0.003745,0.218155
28,152.009982,86,4.300000,0.026523,0.027487,0.000612,-0.063774,-0.054468,-0.000754,0.995086,0.000366,0.001319,-0.099006,-0.048182,0.044529,0.394589,0.264914,-0.026764,0.021104,0.111225
28,152.009982,87,4.350000,0.023334,0.024764,0.000574,-0.062522,-0.054953,-0.000674,0.996012,-0.000710,0.002542,-0.089183,-0.050187,0.044863,0.397750,0.264914,0.061908,0.042191,-0.035432
28,152.009982,88,4.400000,0.020208,0.022016,0.000540,-0.059975,-0.054481,-0.000599,0.996844,-0.001834,0.003778,-0.079273,-0.047768,0.046215,0.396743,0.264906,0.088444,-0.052967,-0.222367
28,152.009982,89,4.450000,0.017209,0.019292,0.000510,-0.056137,-0.052981,-0.000550,0.997573,-0.002895,0.005042,-0.069379,-0.044042,0.042847,0.390422,0.264885,0.010810,-0.424605,-0.449877
28,152.009982,90,4.500000,0.014403,0.016643,0.000483,-0.051005,-0.050491,-0.000556,0.998193,-0.003870,0.006215,-0.059637,-0.044136,0.020964,0.377635,0.264846,0.141500,-0.402793,-0.577318
28,152.009982,91,4.550000,0.011852,0.014118,0.000455,-0.044693,-0.047065,-0.000652,0.998704,-0.004881,0.006841,-0.050206,-0.037362,0.000192,0.361225,0.264830,0.256421,-0.298467,-0.733248
28,152.009982,92,4.600000,0.009618,0.011765,0.000422,-0.037752,-0.042621,-0.000796,0.999111,-0.005752,0.006936,-0.041179,-0.024543,-0.015244,0.340382,0.264834,0.327002,-0.158423,-0.915268
28,152.009982,93,4.650000,0.007730,0.009634,0.000382,-0.030722,-0.037264,-0.000943,0.999424,-0.006321,0.006629,-0.032670,-0.007996,-0.023482,0.314366,0.264854,0.311193,-0.094154,-1.121616
28,152.009982,94,4.700000,0.006194,0.007771,0.000335,-0.024021,-0.031279,-0.001055,0.999653,-0.006488,0.006099,-0.024809,0.007843,-0.028285,0.282485,0.264883,0.184264,-0.280082,-1.351601
28,152.009982,95,4.750000,0.004993,0.006207,0.000283,-0.017882,-0.025065,-0.001108,0.999808,-0.006266,0.005433,-0.017746,0.017360,-0.042205,0.244066,0.264923,0.199866,-0.101073,-1.464718
28,152.009982,96,4.800000,0.004099,0.004954,0.000227,-0.012443,-0.019012,-0.001077,0.999906,-0.005818,0.004408,-0.011641,0.027744,-0.047098,0.202432,0.264967,0.151868,0.118697,-1.590724
28,152.009982,97,4.850000,0.003477,0.004003,0.000173,-0.008052,-0.013354,-0.000949,0.999960,-0.005116,0.003252,-0.006577,0.035699,-0.040950,0.157216,0.264980,0.030247,0.306908,-1.728422
28,152.009982,98,4.900000,0.003074,0.003335,0.000126,-0.004827,-0.008354,-0.000782,0.999985,-0.004217,0.002243,-0.002644,0.037456,-0.025391,0.108086,0.264943,-0.191935,0.361983,-1.877149
28,152.009982,99,4.950000,0.002833,0.002918,0.000087,-0.002616,-0.004222,-0.000670,0.999993,-0.003276,0.001617,0.000059,0.027963,-0.007139,0.054729,0.265243,-0.554709,0.143432,-2.037012
28,152.009982,100,5.000000,0.002702,0.002707,0.000053,-0.001028,-0.001004,0.000008,0.999995,-0.002575,0.001443,0.001426,0.000243,0.000091,-0.003173,0,0,0,0
