timestamp,solve_num,x,y,z,vx,vy,vz,qw,qx,qy,qz,wx,wy,wz
56121.971656,0,1.004698,0.999287,2.983516,-0.011551,-0.009720,0.000487,0.999994,0.002293,-0.002422,0.000007,0.000680,-0.000040,0.000000
56122.021642,0,1.004671,0.999321,2.980742,-0.011963,-0.010468,-0.116882,0.999981,0.004914,-0.003840,-0.000001,0.305978,-0.163625,-0.002134
56122.071644,0,1.004655,0.999354,2.961987,-0.020676,-0.024567,-0.478027,0.999787,0.017070,-0.011561,-0.000034,0.895572,-0.667043,0.006920
56122.121636,0,1.004569,0.999234,2.927078,-0.058350,-0.073303,-0.822266,0.998871,0.037712,-0.028889,0.000190,0.907026,-0.814851,0.018152
56122.171635,0,1.004067,0.998575,2.877411,-0.124573,-0.154053,-1.124023,0.997234,0.058004,-0.046467,0.000551,0.923388,-0.742856,0.015928
56122.221635,0,1.002783,0.996924,2.806542,-0.210938,-0.266113,-1.406250,0.995056,0.078047,-0.061413,0.000782,0.896117,-0.638681,-0.001020
56122.271642,0,1.000053,0.993421,2.718809,-0.296875,-0.383789,-1.592773,0.993408,0.090960,-0.069763,0.000483,0.318523,-0.230302,-0.069813
56122.321639,0,0.993948,0.985442,2.634630,-0.360107,-0.484619,-1.425781,0.992838,0.096354,-0.070609,-0.001817,0.086107,-0.026027,-0.140854
56122.371638,0,0.983559,0.971489,2.560830,-0.413086,-0.578125,-1.226562,0.992696,0.098676,-0.069195,-0.005366,0.099743,-0.156262,-0.151353
56122.421644,0,0.971004,0.954321,2.488887,-0.464844,-0.659668,-1.215820,0.992780,0.097822,-0.068890,-0.008543,-0.088903,-0.077313,-0.074722
56122.471632,0,0.955350,0.932863,2.410568,-0.505371,-0.721191,-1.264648,0.993778,0.090773,-0.063859,-0.009411,-0.449968,0.178078,0.026708
56122.521641,0,0.938092,0.909112,2.334295,-0.523438,-0.747559,-1.269531,0.995599,0.076739,-0.053226,-0.007851,-0.709040,0.269981,0.096402
56122.571626,0,0.916466,0.879256,2.250493,-0.552734,-0.772461,-1.293945,0.996914,0.063099,-0.046379,-0.005477,-0.662680,0.227438,0.109424
56122.621634,0,0.895225,0.849977,2.175757,-0.558105,-0.761719,-1.250000,0.998138,0.047995,-0.037556,-0.002555,-0.740129,0.244892,0.125241
56122.671636,0,0.869767,0.815145,2.097159,-0.566406,-0.749512,-1.218750,0.999006,0.033195,-0.029758,0.000154,-0.682315,0.166897,0.092448
56122.721681,0,0.844861,0.781435,2.024316,-0.572754,-0.729004,-1.192383,0.999486,0.020288,-0.024755,0.001852,-0.516236,0.014735,0.048712
56122.771632,0,0.819957,0.748386,1.956469,-0.572266,-0.696777,-1.158203,0.999720,0.009677,-0.021417,0.002693,-0.479693,0.086244,0.035145
56122.821667,0,0.794211,0.715118,1.891568,-0.573730,-0.667480,-1.117188,0.999832,0.001088,-0.017928,0.003595,-0.482147,0.157625,0.037088
56122.871634,0,0.766633,0.680583,1.826074,-0.568848,-0.631836,-1.061523,0.999864,-0.006195,-0.014730,0.004056,-0.391336,0.125650,-0.004534
56122.921628,0,0.738560,0.646647,1.762779,-0.565918,-0.602051,-1.041992,0.999854,-0.011872,-0.011776,0.003479,-0.326158,0.198531,-0.033799
56122.971632,0,0.710263,0.613699,1.701558,-0.558105,-0.571777,-1.015625,0.999835,-0.016123,-0.007992,0.002527,-0.246528,0.190486,-0.035213
56123.021633,0,0.681623,0.581586,1.642135,-0.548340,-0.542969,-0.989258,0.999804,-0.019271,-0.004267,0.001513,-0.185987,0.202076,-0.038384
56123.071635,0,0.652102,0.549714,1.583356,-0.532715,-0.511719,-0.952637,0.999755,-0.022136,0.000366,0.000425,-0.174260,0.280889,-0.037225
56123.121628,0,0.621907,0.518329,1.525972,-0.517578,-0.484131,-0.917480,0.999690,-0.024405,0.004934,-0.000542,-0.153943,0.192941,-0.030407
56123.171645,0,0.595859,0.492011,1.476608,-0.488770,-0.445312,-0.886719,0.999576,-0.027328,0.009916,-0.001321,-0.115355,0.202213,-0.024271
56123.221631,0,0.566919,0.463711,1.422828,-0.466797,-0.413574,-0.866699,0.999482,-0.029068,0.013713,-0.001929,-0.056519,0.088494,-0.016550
56123.271642,0,0.539950,0.438068,1.372416,-0.444092,-0.383301,-0.846680,0.999403,-0.030058,0.016858,-0.002292,-0.027663,0.110378,-0.006954
56123.321618,0,0.517074,0.416813,1.329628,-0.410889,-0.345703,-0.787109,0.999328,-0.030772,0.019746,-0.002430,0.006579,0.033424,0.000000
56123.371621,0,0.493245,0.395264,1.285250,-0.385742,-0.315918,-0.756836,0.999303,-0.030564,0.021305,-0.002390,0.020249,0.053587,0.006008
56123.421627,0,0.470362,0.375082,1.242038,-0.366211,-0.291260,-0.739746,0.999344,-0.029378,0.021062,-0.002190,0.049394,-0.013865,0.009639
56123.471626,0,0.448466,0.356259,1.199879,-0.347900,-0.268799,-0.719727,0.999406,-0.027663,0.020485,-0.001906,0.069609,-0.014786,0.012783
56123.521632,0,0.425422,0.337078,1.155631,-0.332764,-0.249878,-0.684570,0.999473,-0.025698,0.019776,-0.001578,0.059791,-0.016337,0.012783
56123.571698,0,0.408164,0.322952,1.122305,-0.308838,-0.225708,-0.629395,0.999527,-0.024028,0.019160,-0.001293,0.095993,-0.099061,0.010866
56123.621628,0,0.389618,0.308209,1.085813,-0.295166,-0.209595,-0.625488,0.999619,-0.021590,0.017147,-0.000996,0.096061,-0.062109,0.010619
56123.671624,0,0.371688,0.294394,1.049530,-0.282471,-0.196167,-0.612793,0.999702,-0.018819,0.015513,-0.000754,0.104174,-0.047519,0.008906
56123.721625,0,0.355272,0.281874,1.015741,-0.269775,-0.184570,-0.582031,0.999776,-0.015907,0.013926,-0.000561,0.098379,-0.047724,0.007457
56123.771630,0,0.339351,0.270033,0.982985,-0.259766,-0.176025,-0.558594,0.999836,-0.013227,0.012349,-0.000400,0.081676,-0.036406,0.006392
56123.821627,0,0.324165,0.258896,0.951559,-0.250244,-0.169067,-0.536621,0.999877,-0.010987,0.011218,-0.000287,0.065075,-0.024561,0.004261
56123.871622,0,0.309390,0.248225,0.920954,-0.241089,-0.163330,-0.516602,0.999905,-0.009168,0.010252,-0.000219,0.053996,-0.032145,0.002131
56123.921625,0,0.297971,0.239862,0.896752,-0.234253,-0.159424,-0.506348,0.999921,-0.008036,0.009671,-0.000177,0.038452,-0.022158,0.002128
56123.971625,0,0.284614,0.230206,0.868232,-0.225952,-0.155029,-0.493652,0.999936,-0.006855,0.008969,-0.000138,0.027083,-0.013840,0.001065
56124.021623,0,0.271832,0.220948,0.840682,-0.217651,-0.150879,-0.477539,0.999944,-0.006069,0.008718,-0.000129,0.015297,0.000367,0.000000
56124.071629,0,0.259615,0.212052,0.814129,-0.209106,-0.146973,-0.461182,0.999946,-0.005594,0.008700,-0.000133,0.004968,0.001213,0.000000
56124.121618,0,0.247957,0.203489,0.788555,-0.200317,-0.142700,-0.444336,0.999948,-0.005482,0.008613,-0.000133,-0.009945,-0.007678,0.000000
56124.171624,0,0.236842,0.195251,0.763893,-0.191895,-0.138062,-0.430176,0.999949,-0.005589,0.008354,-0.000145,-0.008117,-0.006894,-0.001065
56124.221622,0,0.226247,0.187338,0.739982,-0.183350,-0.133057,-0.418457,0.999949,-0.005801,0.008243,-0.000175,-0.013286,-0.002780,-0.001068
56124.271621,0,0.216159,0.179757,0.716754,-0.174927,-0.127563,-0.407227,0.999949,-0.006032,0.008067,-0.000204,-0.012689,-0.001742,-0.001067
56124.321588,0,0.206565,0.172516,0.694273,-0.166626,-0.121948,-0.393799,0.999949,-0.006216,0.007895,-0.000228,-0.007840,-0.002442,0.000047
56124.371619,0,0.197450,0.165618,0.672546,-0.158569,-0.116089,-0.381104,0.999950,-0.006323,0.007679,-0.000227,-0.003841,-0.012681,0.000000
56124.421620,0,0.188793,0.159065,0.651489,-0.151001,-0.110352,-0.369629,0.999955,-0.006210,0.007201,-0.000225,0.012366,-0.020589,0.000000
56124.471619,0,0.180564,0.152841,0.631123,-0.144043,-0.104980,-0.357178,0.999961,-0.005856,0.006620,-0.000214,0.015996,-0.025311,0.001065
56124.521607,0,0.172725,0.146924,0.611446,-0.137817,-0.100037,-0.344971,0.999967,-0.005445,0.006028,-0.000179,0.013593,-0.016925,0.002128
56124.571621,0,0.165242,0.141288,0.592384,-0.131958,-0.095459,-0.334229,0.999972,-0.005090,0.005490,-0.000140,0.012084,-0.029401,0.001065
56124.621616,0,0.158083,0.135912,0.573920,-0.126221,-0.090820,-0.322021,0.999977,-0.004714,0.004959,-0.000112,0.023112,-0.017308,0.001065
56124.671618,0,0.151214,0.130771,0.555987,-0.121521,-0.087280,-0.313477,0.999981,-0.004151,0.004573,-0.000086,0.027151,-0.018578,0.001065
56124.721612,0,0.144615,0.125830,0.538540,-0.117126,-0.084290,-0.305664,0.999985,-0.003586,0.004163,-0.000061,0.015613,-0.012357,0.001065
56124.771614,0,0.138491,0.121247,0.522274,-0.112793,-0.081421,-0.294434,0.999988,-0.003103,0.003683,-0.000052,0.016013,-0.020862,0.001112
56124.821605,0,0.132362,0.116632,0.505966,-0.109436,-0.079346,-0.283691,0.999992,-0.002650,0.003133,-0.000039,0.018766,-0.020811,0.001064
56124.871618,0,0.126407,0.112129,0.490159,-0.106018,-0.077271,-0.273438,0.999993,-0.002223,0.002849,-0.000013,0.017070,-0.000733,0.001065
56124.921619,0,0.120625,0.107726,0.474754,-0.103027,-0.075989,-0.267090,0.999994,-0.001834,0.002825,-0.000006,0.013363,-0.002006,0.000000
56124.971615,0,0.115003,0.103394,0.459779,-0.099365,-0.074463,-0.256348,0.999995,-0.001517,0.002715,-0.000007,0.008343,-0.012528,0.000000
56125.021622,0,0.109571,0.099144,0.445307,-0.096680,-0.073608,-0.250244,0.999996,-0.001447,0.002602,-0.000007,0.001340,-0.004008,0.000000
56125.071619,0,0.104278,0.094944,0.431180,-0.094055,-0.072754,-0.243408,0.999996,-0.001433,0.002576,-0.000007,0.003611,-0.001301,0.000212
56125.121615,0,0.099138,0.090802,0.417604,-0.091370,-0.071838,-0.233398,0.999995,-0.001480,0.002638,-0.000005,-0.004802,0.002878,0.000000
56125.171612,0,0.094153,0.086722,0.404545,-0.088623,-0.070740,-0.225586,0.999995,-0.001650,0.002731,-0.000005,-0.006975,0.001975,0.000000
56125.221615,0,0.089325,0.082711,0.391840,-0.085388,-0.069092,-0.219238,0.999994,-0.001978,0.002804,-0.000004,-0.017240,-0.000193,0.000000
56125.271614,0,0.084657,0.078788,0.379445,-0.082581,-0.067322,-0.214966,0.999993,-0.002288,0.002847,-0.000003,-0.010678,0.004917,0.000000
56125.321617,0,0.080144,0.074963,0.367383,-0.079651,-0.065369,-0.208862,0.999992,-0.002553,0.002934,-0.000002,-0.014300,0.002220,0.000000
56125.371607,0,0.075793,0.071251,0.355788,-0.076599,-0.063110,-0.200073,0.999991,-0.002788,0.003066,-0.000002,-0.001022,0.001312,0.000000
56125.421668,0,0.071607,0.067661,0.344605,-0.073547,-0.060822,-0.194214,0.999991,-0.002903,0.003129,-0.000002,-0.000609,-0.001474,0.000000
56125.471611,0,0.067586,0.064196,0.333674,-0.070496,-0.058441,-0.190552,0.999991,-0.003017,0.003074,-0.000017,-0.004389,-0.002322,-0.000854
56125.521609,0,0.063725,0.060860,0.323022,-0.067688,-0.055908,-0.185669,0.999991,-0.003168,0.002889,-0.000024,-0.010440,-0.005083,0.000000
56125.571615,0,0.060013,0.057660,0.312724,-0.065063,-0.053253,-0.178467,0.999991,-0.003268,0.002646,-0.000026,0.003015,-0.011658,-0.000002
56125.621607,0,0.056435,0.054600,0.302808,-0.062744,-0.050751,-0.172607,0.999992,-0.003097,0.002425,-0.000026,0.013959,-0.004020,0.000000
56125.671610,0,0.052976,0.051666,0.293104,-0.060608,-0.048553,-0.169678,0.999993,-0.002844,0.002262,-0.000026,0.007316,-0.008671,0.000000
56125.721608,0,0.049628,0.048844,0.283604,-0.058716,-0.046570,-0.166016,0.999994,-0.002618,0.002047,-0.000026,0.009374,-0.007414,0.000000
56125.771613,0,0.046378,0.046119,0.274326,-0.057037,-0.044861,-0.162231,0.999995,-0.002406,0.001839,-0.000026,0.004730,-0.005054,0.000000
56125.821609,0,0.043214,0.043482,0.265318,-0.055542,-0.043396,-0.157471,0.999996,-0.002139,0.001646,-0.000026,0.013320,-0.005731,0.000000
56125.871606,0,0.040125,0.040915,0.256494,-0.054230,-0.042267,-0.154785,0.999997,-0.001840,0.001526,-0.000026,0.009698,-0.003045,0.000680
56125.921603,0,0.037106,0.038404,0.247846,-0.053040,-0.041443,-0.151611,0.999998,-0.001519,0.001398,-0.000014,0.010763,-0.004419,0.001072
56125.971607,0,0.034148,0.035931,0.239455,-0.051971,-0.040894,-0.146240,0.999998,-0.001251,0.001307,-0.000007,0.010780,-0.005152,0.000680
56126.021603,0,0.031246,0.033481,0.231359,-0.050934,-0.040588,-0.141602,0.999999,-0.001122,0.001313,-0.000001,0.000090,0.002429,0.000000
56126.071606,0,0.028347,0.031021,0.223212,-0.049866,-0.040222,-0.141357,0.999998,-0.001090,0.001364,-0.000002,0.007960,-0.006004,0.000000
56126.121608,0,0.025615,0.028635,0.215454,-0.048706,-0.039978,-0.138428,0.999999,-0.000966,0.001224,-0.000002,0.004427,-0.008676,0.000000
56126.171606,0,0.022877,0.026229,0.207716,-0.047668,-0.039703,-0.135376,0.999999,-0.000995,0.001210,-0.000001,-0.003927,0.004785,0.000000
56126.221608,0,0.020188,0.023835,0.200097,-0.046692,-0.039429,-0.133911,0.999998,-0.001146,0.001337,-0.000001,-0.001377,0.000496,0.000000
56126.271605,0,0.017505,0.021432,0.192483,-0.045807,-0.039093,-0.131592,0.999998,-0.001338,0.001436,-0.000001,-0.006238,-0.000487,0.000000
56126.321610,0,0.014931,0.019087,0.185200,-0.044617,-0.038391,-0.128906,0.999997,-0.001653,0.001648,-0.000001,-0.014206,0.012425,0.000000
56126.371607,0,0.012428,0.016789,0.178023,-0.043091,-0.037292,-0.127075,0.999996,-0.002038,0.001990,-0.000001,-0.013678,0.011513,0.000000
56126.421594,0,0.010013,0.014557,0.171014,-0.041077,-0.035736,-0.123413,0.999994,-0.002549,0.002397,-0.000004,-0.025617,0.020078,-0.001079
56126.471611,0,0.007706,0.012416,0.164135,-0.038788,-0.033630,-0.121643,0.999991,-0.003127,0.002766,-0.000030,-0.020300,0.009954,-0.000386
56126.521609,0,0.005524,0.010395,0.157332,-0.036194,-0.031021,-0.120728,0.999988,-0.003678,0.003125,-0.000031,-0.023231,0.017726,0.000000
56126.571605,0,0.003483,0.008520,0.150624,-0.033264,-0.027908,-0.118896,0.999985,-0.004220,0.003531,-0.000054,-0.022993,0.016985,-0.000616
56126.621607,0,0.001602,0.006814,0.143983,-0.029938,-0.024292,-0.118225,0.999981,-0.004760,0.003926,-0.000055,-0.020998,0.015979,0.000000
56126.671602,0,0.000044,0.005418,0.137971,-0.025803,-0.019821,-0.116089,0.999978,-0.005141,0.004181,-0.000071,-0.012016,0.007410,-0.000001
56126.721605,0,-0.001484,0.004101,0.131292,-0.022110,-0.015617,-0.117432,0.999977,-0.005270,0.004178,-0.000071,-0.004088,-0.000313,0.000000
56126.771594,0,-0.002815,0.003004,0.124719,-0.018707,-0.011559,-0.117188,0.999978,-0.005298,0.004087,-0.000081,-0.006000,0.000698,-0.000201
56126.821607,0,-0.004029,0.002079,0.117859,-0.015305,-0.007420,-0.115540,0.999979,-0.005158,0.003895,-0.000082,0.007380,-0.008480,0.000000
56126.871601,0,-0.005117,0.001350,0.110736,-0.012459,-0.003691,-0.115051,0.999981,-0.004973,0.003709,-0.000082,0.000901,0.000023,0.000000
56126.921609,0,-0.005899,0.000895,0.104857,-0.009521,-0.000266,-0.110291,0.999982,-0.004795,0.003585,-0.000082,0.008663,-0.006392,0.000000
56127.021601,-1,-0.007154,0.000445,0.102650,-0.004604,0.005749,0.067078,0.999990,-0.003941,0.002180,-0.000078,0.050655,-0.120741,0.000000
56127.071585,-1,-0.007667,0.000381,0.102787,-0.004299,0.007748,-0.007069,0.999996,-0.002876,-0.000090,-0.000059,0.037531,-0.064052,0.001065
56127.121602,-1,-0.008205,0.000424,0.099902,-0.005989,0.008636,-0.055450,0.999997,-0.002002,-0.001220,-0.000044,0.032572,-0.027134,0.000000
56127.171600,-1,-0.008846,0.000496,0.097228,-0.008362,0.008713,-0.038177,0.999998,-0.001286,-0.001576,-0.000035,0.025481,-0.002288,-0.000001
56127.221599,-1,-0.009606,0.000561,0.095692,-0.010750,0.008194,-0.018784,0.999999,-0.000749,-0.001385,-0.000034,0.017215,0.017556,0.000000
56127.271588,-1,-0.010462,0.000640,0.094623,-0.012688,0.007263,-0.014404,1.000000,-0.000413,-0.000783,-0.000034,0.009323,0.030560,0.000000
56127.321601,-1,-0.011262,0.000558,0.093702,-0.013748,0.006210,-0.015594,1.000000,-0.000285,-0.000083,-0.000029,0.001884,0.035145,0.000002
56127.371601,-1,-0.012210,0.000492,0.092701,-0.014229,0.004986,-0.014290,1.000000,-0.000300,0.000814,-0.000030,-0.004259,0.036168,0.000000
56127.421596,-1,-0.013159,0.000379,0.091895,-0.013557,0.003901,-0.010078,0.999998,-0.000466,0.001697,-0.000030,-0.009511,0.032520,0.000000
56127.471604,-1,-0.014036,0.000220,0.091309,-0.011978,0.003130,-0.006737,0.999997,-0.000740,0.002447,-0.000030,-0.013865,0.024237,0.000000
56127.521603,-1,-0.014824,0.000036,0.090845,-0.009933,0.002678,-0.005157,0.999995,-0.001086,0.002981,-0.000029,-0.014956,0.016337,0.000000
56127.571606,-1,-0.015487,-0.000159,0.090472,-0.007416,0.002581,-0.003906,0.999994,-0.001448,0.003298,-0.000028,-0.013848,0.005927,0.000000
56127.621598,-1,-0.016044,-0.000334,0.090168,-0.004871,0.002953,-0.002775,0.999993,-0.001782,0.003362,-0.000027,-0.011505,-0.002142,0.000000
56127.671597,-1,-0.016438,-0.000497,0.089958,-0.002357,0.003456,-0.001679,0.999993,-0.002041,0.003237,-0.000026,-0.008509,-0.009630,0.000000
56127.721603,-1,-0.016725,-0.000615,0.089805,-0.000109,0.004257,-0.000852,0.999993,-0.002224,0.002951,-0.000025,-0.004336,-0.013848,0.000000
56127.771596,-1,-0.016907,-0.000685,0.089701,0.001793,0.005184,-0.000299,0.999994,-0.002315,0.002562,-0.000024,-0.001027,-0.017095,0.000000
56127.821593,-1,-0.017002,-0.000693,0.089632,0.003252,0.006222,0.000143,0.999995,-0.002309,0.002129,-0.000023,0.004308,-0.017044,0.000000
56127.871589,-1,-0.017037,-0.000656,0.089594,0.004253,0.007191,0.000410,0.999996,-0.002197,0.001698,-0.000022,0.006392,-0.015928,0.000000
56127.921597,-1,-0.017054,-0.000607,0.089579,0.004715,0.007828,0.000639,0.999997,-0.002026,0.001316,-0.000022,0.007457,-0.012741,0.000000
56127.971600,-1,-0.017027,-0.000480,0.089583,0.004955,0.008446,0.000737,0.999998,-0.001831,0.001022,-0.000021,0.009604,-0.009792,-0.000543
56128.021595,-1,-0.017006,-0.000348,0.089600,0.004890,0.008820,0.000859,0.999998,-0.001605,0.000799,-0.000023,0.008522,-0.006366,-0.000049
56128.071591,-1,-0.016996,-0.000210,0.089625,0.004665,0.008957,0.000826,0.999999,-0.001391,0.000680,-0.000028,0.008565,-0.003198,0.000000
56128.121593,-1,-0.016999,-0.000074,0.089657,0.004353,0.008873,0.000770,0.999999,-0.001193,0.000639,-0.000028,0.006392,-0.000001,0.000000
56128.171598,-1,-0.017018,0.000051,0.089696,0.004036,0.008606,0.000801,0.999999,-0.001041,0.000671,-0.000028,0.004210,0.002744,0.000000
56128.221590,-1,-0.017019,0.000203,0.089742,0.003910,0.008385,0.000804,0.999999,-0.000938,0.000759,-0.000028,0.002082,0.004261,0.000000
56128.271591,-1,-0.017058,0.000284,0.089790,0.003641,0.007706,0.000810,0.999999,-0.000902,0.000875,-0.000029,0.001065,0.005326,0.000000
56128.321591,-1,-0.017098,0.000339,0.089833,0.003771,0.007416,0.000637,0.999999,-0.000909,0.001002,-0.000029,-0.002137,0.005326,0.000000
56128.371579,-1,-0.017132,0.000369,0.089875,0.003769,0.006756,0.000647,0.999999,-0.000964,0.001120,-0.000029,-0.002795,0.004225,0.000000
56128.421588,-1,-0.017180,0.000335,0.089912,0.003971,0.006317,0.000639,0.999999,-0.001049,0.001210,-0.000029,-0.004263,0.003245,0.000000
56128.471580,-1,-0.017156,0.000372,0.089952,0.004322,0.006069,0.000469,0.999998,-0.001169,0.001279,-0.000029,-0.003268,0.001051,0.000000
56128.521588,-1,-0.017139,0.000358,0.089988,0.004841,0.006126,0.000506,0.999998,-0.001273,0.001300,-0.000029,-0.003581,0.000001,0.000000
56128.571592,-1,-0.017101,0.000340,0.090022,0.005096,0.005905,0.000480,0.999998,-0.001365,0.001278,-0.000028,-0.003196,-0.001017,0.000000
56128.621588,-1,-0.017042,0.000325,0.090049,0.005581,0.006153,0.000349,0.999998,-0.001438,0.001228,-0.000028,-0.002133,-0.002106,0.000000
56128.671587,-1,-0.016968,0.000316,0.090079,0.005722,0.006088,0.000388,0.999998,-0.001491,0.001157,-0.000028,-0.001059,-0.003196,0.000000
56128.721587,-1,-0.016923,0.000273,0.090104,0.005852,0.006195,0.000343,0.999998,-0.001518,0.001078,-0.000028,-0.001929,-0.002084,0.000000
56128.771585,-1,-0.016793,0.000324,0.090131,0.006111,0.006580,0.000309,0.999998,-0.001534,0.001011,-0.000028,0.000000,-0.002178,0.000000
56128.821588,-1,-0.016735,0.000307,0.090154,0.005951,0.006535,0.000331,0.999998,-0.001517,0.000940,-0.000028,0.001065,-0.002133,0.000000
56128.871587,-1,-0.016601,0.000384,0.090180,0.006107,0.006947,0.000252,0.999999,-0.001484,0.000886,-0.000028,0.003002,-0.002131,0.000000
56128.921596,-1,-0.016509,0.000425,0.090200,0.006046,0.007092,0.000253,0.999999,-0.001412,0.000840,-0.000028,0.003196,-0.001931,0.000000
56128.971582,-1,-0.016419,0.000477,0.090223,0.005955,0.007179,0.000283,0.999999,-0.001339,0.000806,-0.000028,0.003196,-0.001065,0.000000
56129.021654,-1,-0.016349,0.000514,0.090246,0.005783,0.007114,0.000309,0.999999,-0.001276,0.000796,-0.000028,0.002132,-0.000002,0.000000
56129.071587,-1,-0.016337,0.000484,0.090265,0.005466,0.006775,0.000313,0.999999,-0.001232,0.000799,-0.000028,0.001014,0.001063,0.000000
56129.121592,-1,-0.016277,0.000517,0.090283,0.005337,0.006649,0.000293,0.999999,-0.001196,0.000832,-0.000028,0.001065,0.001068,0.000000
56129.171588,-1,-0.016210,0.000561,0.090300,0.005245,0.006489,0.000299,0.999999,-0.001174,0.000865,-0.000028,0.000201,0.001018,0.000000
56129.221592,-1,-0.016171,0.000555,0.090318,0.005196,0.006310,0.000299,0.999999,-0.001170,0.000906,-0.000028,0.000000,0.002057,0.000000
56129.271629,-1,-0.016120,0.000558,0.090334,0.005192,0.006126,0.000296,0.999999,-0.001179,0.000945,-0.000028,-0.001065,0.002132,0.000449
56129.321586,-1,-0.016056,0.000573,0.090349,0.005272,0.006039,0.000292,0.999999,-0.001213,0.000979,-0.000024,-0.001041,0.001065,0.000000
56129.371583,-1,-0.016004,0.000555,0.090364,0.005257,0.005806,0.000289,0.999999,-0.001260,0.001005,-0.000024,-0.002127,0.002057,0.000000
56129.421589,-1,-0.015956,0.000524,0.090381,0.005299,0.005684,0.000291,0.999999,-0.001314,0.001029,-0.000024,-0.002744,0.001065,0.000000
56129.471641,-1,-0.015873,0.000522,0.090402,0.005451,0.005730,0.000309,0.999999,-0.001373,0.001037,-0.000024,-0.001014,0.000000,0.000000
56129.521616,-1,-0.015810,0.000494,0.090424,0.005547,0.005768,0.000322,0.999998,-0.001402,0.001021,-0.000024,-0.001936,-0.000992,0.000000
56129.571585,-1,-0.015726,0.000485,0.090449,0.005680,0.005890,0.000349,0.999998,-0.001430,0.001001,-0.000024,-0.001066,-0.002134,0.000000
56129.621590,-1,-0.015636,0.000483,0.090474,0.005775,0.006027,0.000374,0.999999,-0.001438,0.000961,-0.000023,0.000000,-0.002131,0.000000
56129.671587,-1,-0.015545,0.000488,0.090498,0.005821,0.006161,0.000259,0.999999,-0.001433,0.000917,-0.000023,0.001065,-0.001041,0.000000
56129.721586,-1,-0.015453,0.000500,0.090519,0.005814,0.006275,0.000288,0.999999,-0.001409,0.000880,-0.000023,0.001680,-0.001091,0.000000
56129.771585,-1,-0.015365,0.000516,0.090542,0.005760,0.006351,0.000314,0.999999,-0.001370,0.000842,-0.000023,0.001067,-0.001065,0.000000
56129.821580,-1,-0.015281,0.000536,0.090564,0.005657,0.006378,0.000260,0.999999,-0.001335,0.000816,-0.000023,0.001067,0.000006,0.000000
56129.871580,-1,-0.015189,0.000574,0.090584,0.005573,0.006424,0.000257,0.999999,-0.001298,0.000808,-0.000023,0.002134,0.000000,0.000000
56129.921578,-1,-0.015122,0.000588,0.090604,0.005440,0.006367,0.000278,0.999999,-0.001256,0.000803,-0.000023,0.002083,0.000000,0.000000
56129.971575,-1,-0.015064,0.000598,0.090624,0.005306,0.006264,0.000294,0.999999,-0.001224,0.000816,-0.000023,-0.000003,0.001065,0.000000
56130.021533,-1,-0.015013,0.000599,0.090643,0.005196,0.006134,0.000302,0.999999,-0.001212,0.000844,-0.000023,0.000000,0.002095,0.000000
56130.071575,-1,-0.014968,0.000592,0.090659,0.005116,0.005997,0.000299,0.999999,-0.001216,0.000882,-0.000024,-0.001064,0.001062,0.000000
56130.121576,-1,-0.014924,0.000578,0.090674,0.005074,0.005856,0.000291,0.999999,-0.001243,0.000921,-0.000024,-0.001017,0.001066,0.000000
56130.171617,-1,-0.014880,0.000557,0.090689,0.005085,0.005768,0.000288,0.999999,-0.001273,0.000955,-0.000024,-0.001068,0.001065,0.000000
56130.221574,-1,-0.014834,0.000534,0.090705,0.005135,0.005714,0.000288,0.999999,-0.001308,0.000982,-0.000024,-0.001278,0.001065,0.000000
56130.271574,-1,-0.014783,0.000509,0.090722,0.005215,0.005703,0.000292,0.999999,-0.001344,0.000998,-0.000024,-0.002167,0.000855,0.000000
56130.321574,-1,-0.014726,0.000485,0.090741,0.005272,0.005699,0.000299,0.999999,-0.001378,0.001002,-0.000023,-0.002171,0.000000,0.000000
56130.371574,-1,-0.014663,0.000465,0.090761,0.005379,0.005775,0.000311,0.999999,-0.001411,0.000998,-0.000023,-0.001065,-0.001067,0.000000
56130.421577,-1,-0.014593,0.000451,0.090782,0.005470,0.005878,0.000323,0.999999,-0.001425,0.000974,-0.000023,-0.000002,-0.001266,0.000000
56130.471565,-1,-0.014520,0.000443,0.090803,0.005531,0.005993,0.000335,0.999999,-0.001425,0.000945,-0.000023,0.000000,-0.001929,0.000000
56130.521573,-1,-0.014415,0.000484,0.090823,0.005539,0.006088,0.000339,0.999999,-0.001415,0.000910,-0.000023,0.000002,-0.001065,0.000000
56130.571576,-1,-0.014341,0.000489,0.090842,0.005661,0.006371,0.000339,0.999999,-0.001394,0.000878,-0.000023,0.000616,-0.000361,0.000000
56130.621562,-1,-0.014270,0.000497,0.090859,0.005615,0.006435,0.000334,0.999999,-0.001366,0.000858,-0.000023,0.001068,-0.001065,0.000000
56130.671571,-1,-0.014203,0.000507,0.090876,0.005543,0.006462,0.000328,0.999999,-0.001334,0.000846,-0.000023,0.001066,-0.001072,0.000000
56130.721567,-1,-0.014142,0.000517,0.090893,0.005314,0.006260,0.000320,0.999999,-0.001308,0.000841,-0.000023,0.001065,0.000000,0.000000
56130.771575,-1,-0.014088,0.000524,0.090910,0.005363,0.006416,0.000318,0.999999,-0.001287,0.000850,-0.000023,0.000854,0.000853,0.000000
56130.821572,-1,-0.014040,0.000527,0.090927,0.005283,0.006355,0.000317,0.999999,-0.001270,0.000865,-0.000023,-0.000040,0.000443,0.000000
56130.871573,-1,-0.013995,0.000525,0.090946,0.005093,0.006084,0.000323,0.999999,-0.001270,0.000889,-0.000023,0.000000,0.001065,0.000000
56130.921568,-1,-0.013952,0.000517,0.090966,0.005058,0.005981,0.000329,0.999999,-0.001270,0.000917,-0.000023,-0.000449,0.001065,0.000000
56130.971570,-1,-0.013908,0.000503,0.090985,0.005207,0.006100,0.000336,0.999999,-0.001294,0.000942,-0.000023,0.000003,-0.000047,0.000000
56131.021568,-1,-0.013862,0.000484,0.091004,0.005245,0.006050,0.000339,0.999999,-0.001316,0.000961,-0.000023,-0.001065,-0.000006,0.000000
56131.071571,-1,-0.013811,0.000464,0.091024,0.005169,0.005833,0.000339,0.999999,-0.001346,0.000970,-0.000023,-0.001695,0.000000,0.000000
56131.121567,-1,-0.013764,0.000436,0.091043,0.005306,0.005955,0.000339,0.999999,-0.001370,0.000970,-0.000023,-0.001065,0.000000,0.000000
56131.171568,-1,-0.013725,0.000395,0.091061,0.005241,0.005833,0.000334,0.999999,-0.001407,0.000970,-0.000023,-0.001268,0.000000,0.000000
56131.221570,-1,-0.013633,0.000411,0.091083,0.005432,0.006069,0.000340,0.999999,-0.001428,0.000961,-0.000023,-0.001065,-0.000002,0.000000
56131.271569,-1,-0.013569,0.000397,0.091102,0.005451,0.006130,0.000340,0.999999,-0.001442,0.000942,-0.000023,-0.001064,0.000024,0.000000
56131.321627,-1,-0.013521,0.000370,0.091120,0.005375,0.006104,0.000336,0.999999,-0.001439,0.000909,-0.000023,0.002166,-0.001919,0.000000
56131.371632,-1,-0.013449,0.000377,0.091140,0.005398,0.006241,0.000339,0.999999,-0.001420,0.000882,-0.000023,0.001063,-0.000655,0.000000
56131.421568,-1,-0.013376,0.000391,0.091159,0.005394,0.006355,0.000340,0.999999,-0.001397,0.000857,-0.000023,0.001929,-0.001065,0.000000
56131.471559,-1,-0.013307,0.000409,0.091177,0.005356,0.006428,0.000336,0.999999,-0.001353,0.000835,-0.000023,0.002131,-0.001065,0.000000
56131.521562,-1,-0.013242,0.000427,0.091195,0.005283,0.006447,0.000329,0.999999,-0.001311,0.000819,-0.000023,0.001267,-0.001116,0.000000
56131.571568,-1,-0.013184,0.000444,0.091211,0.005188,0.006413,0.000323,0.999999,-0.001275,0.000814,-0.000023,0.001068,0.000000,0.000000
56131.621563,-1,-0.013098,0.000505,0.091228,0.005077,0.006336,0.000312,0.999999,-0.001256,0.000815,-0.000023,0.000002,0.000864,0.000000
56131.671554,-1,-0.013060,0.000505,0.091243,0.004971,0.006229,0.000304,0.999999,-0.001245,0.000841,-0.000023,0.000000,0.001065,0.000000
56131.721568,-1,-0.013021,0.000505,0.091260,0.005039,0.006321,0.000304,0.999999,-0.001241,0.000868,-0.000023,0.000000,0.001065,0.000000
56131.771569,-1,-0.012985,0.000499,0.091278,0.004997,0.006218,0.000306,0.999999,-0.001249,0.000894,-0.000023,-0.000212,0.001065,0.000000
56131.821567,-1,-0.012951,0.000487,0.091297,0.004990,0.006130,0.000316,0.999999,-0.001271,0.000927,-0.000023,-0.002131,0.001013,0.000000
56131.871562,-1,-0.012911,0.000477,0.091320,0.004871,0.005882,0.000330,0.999999,-0.001298,0.000949,-0.000023,-0.001065,0.001065,0.000000
56131.921549,-1,-0.012878,0.000453,0.091345,0.004910,0.005840,0.000352,0.999999,-0.001329,0.000969,-0.000023,-0.001012,0.000073,0.000000
56131.971573,-1,-0.012837,0.000437,0.091369,0.004978,0.005852,0.000366,0.999999,-0.001356,0.000975,-0.000023,-0.001065,0.000000,0.000000
56132.021561,-1,-0.012789,0.000422,0.091388,0.005062,0.005890,0.000258,0.999999,-0.001377,0.000975,-0.000023,-0.001065,0.000000,0.000000
56132.071561,-1,-0.012736,0.000412,0.091408,0.005138,0.005951,0.000279,0.999999,-0.001390,0.000961,-0.000023,0.000051,-0.000867,0.000000
56132.121551,-1,-0.012679,0.000407,0.091429,0.005196,0.006027,0.000299,0.999999,-0.001397,0.000935,-0.000023,-0.000002,-0.001065,0.000000
56132.171566,-1,-0.012672,0.000346,0.091447,0.005169,0.006020,0.000312,0.999999,-0.001397,0.000917,-0.000023,0.000000,-0.001457,0.000000
56132.221565,-1,-0.012613,0.000351,0.091465,0.005169,0.006100,0.000317,0.999999,-0.001380,0.000890,-0.000023,-0.000036,-0.001065,0.000000
56132.271553,-1,-0.012554,0.000361,0.091482,0.005146,0.006161,0.000304,0.999999,-0.001360,0.000864,-0.000023,0.001065,-0.000073,0.000000
56132.321561,-1,-0.012499,0.000373,0.091496,0.005093,0.006191,0.000218,0.999999,-0.001333,0.000849,-0.000023,0.001065,-0.000864,0.000000
56132.371551,-1,-0.012448,0.000385,0.091512,0.005024,0.006195,0.000232,0.999999,-0.001312,0.000843,-0.000023,0.001109,0.000000,0.000000
56132.421561,-1,-0.012403,0.000395,0.091531,0.004944,0.006172,0.000252,0.999999,-0.001290,0.000843,-0.000023,-0.000040,0.000000,0.000000
56132.471560,-1,-0.012364,0.000402,0.091552,0.004864,0.006123,0.000277,0.999999,-0.001279,0.000854,-0.000023,0.000680,0.001116,0.000000
56132.521560,-1,-0.012328,0.000405,0.091575,0.004803,0.006058,0.000303,0.999999,-0.001270,0.000878,-0.000023,0.000000,0.001016,0.000000
56132.571520,-1,-0.012296,0.000403,0.091596,0.004768,0.005981,0.000318,0.999999,-0.001265,0.000899,-0.000023,0.000000,0.000073,0.000000
56132.621558,-1,-0.012264,0.000394,0.091614,0.004757,0.005898,0.000266,0.999999,-0.001270,0.000920,-0.000023,-0.000853,0.000201,0.000000
56132.671550,-1,-0.012232,0.000380,0.091631,0.004772,0.005821,0.000271,0.999999,-0.001284,0.000940,-0.000023,-0.000001,-0.000006,0.000000
56132.721559,-1,-0.012197,0.000362,0.091647,0.004807,0.005764,0.000273,0.999999,-0.001297,0.000947,-0.000023,-0.000993,0.000000,0.000000
56132.771560,-1,-0.012158,0.000341,0.091662,0.004852,0.005726,0.000274,0.999999,-0.001321,0.000951,-0.000023,-0.002134,-0.000038,0.000000
56132.821555,-1,-0.012117,0.000321,0.091677,0.004910,0.005726,0.000273,0.999999,-0.001348,0.000952,-0.000023,-0.001064,0.000000,0.000000
56132.871547,-1,-0.012059,0.000322,0.091691,0.004967,0.005753,0.000271,0.999999,-0.001370,0.000944,-0.000023,-0.001070,-0.000864,0.000000
56132.921546,-1,-0.012010,0.000307,0.091705,0.005054,0.005875,0.000269,0.999999,-0.001385,0.000930,-0.000023,0.000000,-0.001064,0.000000
56132.971558,-1,-0.011973,0.000280,0.091720,0.004951,0.005791,0.000265,0.999999,-0.001395,0.000915,-0.000023,-0.001116,-0.001064,0.000000
56133.021556,-1,-0.011913,0.000286,0.091738,0.004986,0.005928,0.000272,0.999999,-0.001411,0.000907,-0.000023,0.000000,-0.001079,0.000000
56133.071563,-1,-0.011864,0.000287,0.091756,0.004921,0.005955,0.000279,0.999999,-0.001411,0.000896,-0.000023,-0.000630,0.000037,0.000000
56133.121553,-1,-0.011828,0.000282,0.091773,0.004871,0.006039,0.000283,0.999999,-0.001404,0.000888,-0.000023,0.001065,0.000006,0.000000
56133.171545,-1,-0.011783,0.000297,0.091793,0.004875,0.006180,0.000295,0.999999,-0.001387,0.000888,-0.000023,0.001925,0.000000,0.000000
56133.221552,-1,-0.011740,0.000318,0.091812,0.004871,0.006287,0.000306,0.999999,-0.001358,0.000888,-0.000023,0.001450,-0.000864,-0.000890
56133.271549,-1,-0.011702,0.000342,0.091830,0.004845,0.006348,0.000309,0.999999,-0.001319,0.000882,-0.000028,0.001041,0.000000,0.000000
56133.321546,-1,-0.011666,0.000367,0.091846,0.004814,0.006363,0.000283,0.999999,-0.001281,0.000882,-0.000028,0.001267,0.000000,0.000000
56133.371560,-1,-0.011634,0.000389,0.091859,0.004776,0.006325,0.000273,0.999999,-0.001242,0.000889,-0.000028,0.001065,0.000000,0.000000
56133.421551,-1,-0.011604,0.000407,0.091872,0.004749,0.006248,0.000262,0.999999,-0.001222,0.000897,-0.000028,0.000616,0.001112,0.000000
56133.471559,-1,-0.011574,0.000419,0.091887,0.004738,0.006145,0.000262,0.999999,-0.001206,0.000911,-0.000028,0.000214,-0.000051,0.000000
56133.521554,-1,-0.011543,0.000424,0.091905,0.004742,0.006027,0.000273,0.999999,-0.001200,0.000921,-0.000028,0.000000,0.001116,0.000000
56133.571545,-1,-0.011511,0.000421,0.091925,0.004765,0.005905,0.000292,0.999999,-0.001213,0.000934,-0.000028,-0.000994,-0.000005,0.000000
56133.621548,-1,-0.011475,0.000412,0.091947,0.004791,0.005791,0.000310,0.999999,-0.001237,0.000942,-0.000028,-0.001065,-0.000051,0.000000
56133.671554,-1,-0.011436,0.000398,0.091968,0.004833,0.005714,0.000320,0.999999,-0.001272,0.000945,-0.000028,-0.001067,0.000449,0.000000
56133.721550,-1,-0.011392,0.000383,0.091986,0.004898,0.005692,0.000320,0.999999,-0.001306,0.000950,-0.000028,-0.001065,0.000000,0.000000
56133.771534,-1,-0.011342,0.000369,0.092000,0.004967,0.005707,0.000246,0.999999,-0.001339,0.000938,-0.000028,0.000002,-0.001064,0.000000
56133.821553,-1,-0.011289,0.000358,0.092015,0.005013,0.005756,0.000251,0.999999,-0.001361,0.000918,-0.000028,0.000040,-0.001065,0.000000
56133.871541,-1,-0.011235,0.000351,0.092031,0.005035,0.005829,0.000260,0.999999,-0.001368,0.000891,-0.000028,0.000000,-0.001065,0.000000
56133.921521,-1,-0.011180,0.000350,0.092048,0.005024,0.005909,0.000268,0.999999,-0.001368,0.000865,-0.000028,0.000000,-0.001065,0.000000
56133.971560,-1,-0.011128,0.000355,0.092064,0.004982,0.005993,0.000270,0.999999,-0.001352,0.000838,-0.000028,0.001065,-0.001065,0.000000
56134.021547,-1,-0.011069,0.000383,0.092078,0.004906,0.006050,0.000269,0.999999,-0.001331,0.000823,-0.000028,0.001065,-0.000001,0.000000
56134.071549,-1,-0.011038,0.000376,0.092095,0.004818,0.006084,0.000272,0.999999,-0.001310,0.000816,-0.000028,0.001064,0.000000,0.000000
56134.121545,-1,-0.010990,0.000408,0.092111,0.004726,0.006092,0.000279,0.999999,-0.001279,0.000816,-0.000028,0.001050,0.001106,0.000000
56134.171549,-1,-0.010959,0.000419,0.092128,0.004684,0.006134,0.000284,0.999999,-0.001250,0.000830,-0.000028,0.001051,0.001063,0.000000
56134.221604,-1,-0.010933,0.000427,0.092147,0.004570,0.006004,0.000296,0.999999,-0.001230,0.000850,-0.000028,0.001065,0.001065,0.000000
56134.271536,-1,-0.010910,0.000431,0.092165,0.004528,0.005924,0.000300,0.999999,-0.001220,0.000872,-0.000028,-0.000049,0.001114,0.000000
56134.321544,-1,-0.010887,0.000428,0.092181,0.004559,0.005901,0.000295,0.999999,-0.001220,0.000898,-0.000028,-0.000449,0.001065,0.000000
56134.371546,-1,-0.010863,0.000419,0.092195,0.004574,0.005814,0.000255,0.999999,-0.001231,0.000918,-0.000028,-0.001064,0.001065,0.000000
56134.421553,-1,-0.010837,0.000405,0.092209,0.004612,0.005741,0.000253,0.999999,-0.001250,0.000933,-0.000028,-0.001065,0.000001,0.000000
56134.471547,-1,-0.010807,0.000389,0.092225,0.004662,0.005695,0.000260,0.999999,-0.001271,0.000932,-0.000028,-0.001065,0.000000,0.000000
56134.521549,-1,-0.010772,0.000371,0.092243,0.004719,0.005680,0.000270,0.999999,-0.001295,0.000932,-0.000028,-0.001117,0.000000,0.000000
56134.571549,-1,-0.010733,0.000354,0.092261,0.004784,0.005688,0.000282,0.999999,-0.001320,0.000924,-0.000028,-0.001065,0.000036,0.000000
56134.621535,-1,-0.010690,0.000339,0.092279,0.004826,0.005714,0.000291,0.999999,-0.001339,0.000907,-0.000028,-0.001016,0.000036,0.000000
56134.671539,-1,-0.010644,0.000329,0.092297,0.004864,0.005783,0.000298,0.999999,-0.001353,0.000893,-0.000028,-0.000002,-0.001063,0.000000
56134.721600,-1,-0.010597,0.000324,0.092314,0.004875,0.005863,0.000301,0.999999,-0.001353,0.000867,-0.000021,-0.001068,-0.000854,0.000000
56134.771540,-1,-0.010552,0.000326,0.092329,0.004856,0.005955,0.000295,0.999999,-0.001350,0.000847,-0.000021,-0.000036,-0.001065,0.000000
56134.821532,-1,-0.010510,0.000333,0.092342,0.004810,0.006035,0.000286,0.999999,-0.001332,0.000826,-0.000021,0.001065,-0.001065,0.000000
56134.871539,-1,-0.010471,0.000345,0.092356,0.004742,0.006092,0.000276,0.999999,-0.001310,0.000815,-0.000021,0.001717,-0.000071,0.000000
56134.921532,-1,-0.010439,0.000360,0.092369,0.004642,0.006107,0.000269,0.999999,-0.001279,0.000814,-0.000021,0.001041,0.000000,0.000000
56134.971556,-1,-0.010413,0.000374,0.092386,0.004562,0.006107,0.000272,0.999999,-0.001257,0.000823,-0.000021,0.001067,-0.000001,0.000000
56135.021539,-1,-0.010391,0.000388,0.092403,0.004482,0.006065,0.000279,0.999999,-0.001230,0.000846,-0.000021,0.001065,0.000073,0.000000
56135.071540,-1,-0.010373,0.000397,0.092420,0.004444,0.006008,0.000286,0.999999,-0.001211,0.000865,-0.000021,0.000616,0.001065,0.000000
56135.121533,-1,-0.010355,0.000402,0.092437,0.004429,0.005932,0.000291,0.999999,-0.001201,0.000885,-0.000021,-0.000024,0.001064,0.000000
56135.171529,-1,-0.010337,0.000401,0.092454,0.004436,0.005844,0.000293,0.999999,-0.001207,0.000905,-0.000021,0.000041,0.001064,0.000000
56135.221595,-1,-0.010318,0.000395,0.092471,0.004475,0.005768,0.000294,0.999999,-0.001221,0.000925,-0.000021,0.000003,0.001064,0.000000
56135.271534,-1,-0.010294,0.000385,0.092487,0.004528,0.005711,0.000293,0.999999,-0.001240,0.000937,-0.000021,-0.001065,-0.000047,0.000000
56135.321535,-1,-0.010266,0.000373,0.092502,0.004597,0.005684,0.000290,0.999999,-0.001264,0.000937,-0.000021,-0.000666,0.000000,0.000000
56135.371540,-1,-0.010233,0.000362,0.092515,0.004673,0.005684,0.000282,0.999999,-0.001288,0.000937,-0.000021,-0.000386,-0.000680,0.000000
56135.421543,-1,-0.010198,0.000349,0.092528,0.004696,0.005653,0.000267,0.999999,-0.001307,0.000922,-0.000021,-0.001065,-0.001030,0.000000
56135.471537,-1,-0.010164,0.000333,0.092541,0.004681,0.005623,0.000256,0.999999,-0.001334,0.000910,-0.000021,-0.001065,0.000014,0.000000
56135.521536,-1,-0.010080,0.000385,0.092556,0.004765,0.005772,0.000257,0.999999,-0.001344,0.000888,-0.000021,-0.000002,-0.000616,0.000000
56135.571533,-1,-0.010063,0.000349,0.092572,0.004742,0.005821,0.000262,0.999999,-0.001344,0.000866,-0.000021,0.000000,0.000040,0.000000
56135.621533,-1,-0.010014,0.000366,0.092591,0.004753,0.005951,0.000276,0.999999,-0.001338,0.000848,-0.000021,0.001063,-0.000073,0.000000
56135.671552,-1,-0.009973,0.000384,0.092609,0.004681,0.005985,0.000285,0.999999,-0.001312,0.000827,-0.000021,0.001065,-0.000386,0.000000
56135.721535,-1,-0.009934,0.000403,0.092629,0.004658,0.006077,0.000299,0.999999,-0.001291,0.000824,-0.000021,0.001101,0.000000,0.000000
56135.771539,-1,-0.009898,0.000425,0.092646,0.004620,0.006134,0.000302,0.999999,-0.001259,0.000819,-0.000021,0.001068,0.000000,0.000000
56135.821536,-1,-0.009868,0.000446,0.092661,0.004566,0.006138,0.000272,0.999999,-0.001222,0.000819,-0.000021,0.001064,0.000000,0.000000
56135.871542,-1,-0.009843,0.000464,0.092674,0.004505,0.006092,0.000265,0.999999,-0.001187,0.000821,-0.000021,0.001065,0.001079,0.000000
56135.921534,-1,-0.009822,0.000476,0.092686,0.004448,0.006004,0.000255,0.999999,-0.001164,0.000833,-0.000021,0.000213,0.001063,0.000000
56135.971535,-1,-0.009805,0.000480,0.092698,0.004402,0.005886,0.000248,0.999999,-0.001155,0.000853,-0.000021,0.000000,0.001065,0.000000
56136.021547,-1,-0.009789,0.000476,0.092712,0.004383,0.005760,0.000246,0.999999,-0.001158,0.000873,-0.000021,-0.001079,0.001065,0.000000
56136.071536,-1,-0.009773,0.000465,0.092726,0.004391,0.005646,0.000250,0.999999,-0.001176,0.000895,-0.000021,-0.001063,0.000002,0.000000
56136.121537,-1,-0.009754,0.000449,0.092742,0.004421,0.005558,0.000258,0.999999,-0.001208,0.000908,-0.000021,-0.001065,0.001116,0.000000
56136.171530,-1,-0.009732,0.000429,0.092761,0.004467,0.005508,0.000273,0.999999,-0.001241,0.000916,-0.000021,-0.001065,0.001101,0.000000
56136.221535,-1,-0.009706,0.000409,0.092782,0.004524,0.005489,0.000290,0.999999,-0.001268,0.000921,-0.000021,-0.001065,-0.000864,0.000000
56136.271585,-1,-0.009675,0.000389,0.092801,0.004578,0.005501,0.000301,0.999999,-0.001290,0.000910,-0.000021,-0.001104,-0.001015,0.000000
56136.321528,-1,-0.009641,0.000371,0.092818,0.004620,0.005543,0.000301,0.999999,-0.001309,0.000892,-0.000021,-0.001089,0.000036,0.000000
56136.371533,-1,-0.009607,0.000360,0.092832,0.004547,0.005478,0.000226,0.999999,-0.001322,0.000871,-0.000021,0.000042,0.000040,0.000000
56136.421532,-1,-0.009573,0.000344,0.092843,0.004581,0.005604,0.000112,0.999999,-0.001339,0.000864,-0.000021,0.000014,0.000052,0.000000
56136.471532,-1,-0.009536,0.000348,0.092853,0.004501,0.005608,0.000132,0.999999,-0.001346,0.000859,-0.000021,0.000000,-0.001063,0.000000
56136.521528,-1,-0.009504,0.000350,0.092866,0.004505,0.005745,0.000140,0.999999,-0.001346,0.000852,-0.000021,0.000864,0.000000,0.000000
56136.571533,-1,-0.009474,0.000361,0.092874,0.004498,0.005871,0.000000,0.999999,-0.001330,0.000848,-0.000021,0.001065,0.000004,0.000000
56136.621540,-1,-0.009455,0.000363,0.092883,0.004433,0.005913,0.000038,0.999999,-0.001295,0.000840,-0.000021,0.001278,0.000041,0.000000
56136.671533,-1,-0.009424,0.000393,0.092891,0.004360,0.005920,0.000071,0.999999,-0.001256,0.000840,-0.000021,0.001065,0.000000,0.000000
56136.721528,-1,-0.009379,0.000447,0.092895,0.004486,0.006172,-0.000103,0.999999,-0.001234,0.000849,-0.000021,0.001103,0.001065,0.000000
56136.771525,-1,-0.009386,0.000434,0.092900,0.004318,0.005970,-0.000062,0.999999,-0.001200,0.000857,-0.000021,0.002134,0.000868,0.000000
56136.821529,-1,-0.009381,0.000437,0.092908,0.004242,0.005844,0.000000,0.999999,-0.001176,0.000873,-0.000021,0.001064,-0.000040,0.000000
56136.871514,-1,-0.009375,0.000439,0.092917,0.004242,0.005772,0.000000,0.999999,-0.001172,0.000900,-0.000021,-0.000864,0.001065,0.000000
56136.921585,-1,-0.009366,0.000437,0.092923,0.004276,0.005711,-0.000155,0.999999,-0.001188,0.000924,-0.000021,-0.001063,0.000013,0.000000
56136.971530,-1,-0.009356,0.000430,0.092927,0.004330,0.005657,-0.000122,0.999999,-0.001208,0.000948,-0.000021,-0.000386,0.000073,0.000000
56137.021523,-1,-0.009342,0.000421,0.092932,0.004391,0.005608,-0.000074,0.999999,-0.001229,0.000956,-0.000021,-0.001016,0.000000,0.000000
56137.071533,-1,-0.009324,0.000410,0.092937,0.004471,0.005596,-0.000076,0.999999,-0.001249,0.000956,-0.000021,-0.000386,-0.000992,0.000000
56137.121516,-1,-0.009301,0.000400,0.092936,0.004539,0.005604,-0.000181,0.999999,-0.001270,0.000948,-0.000021,-0.001065,-0.001112,0.000000
56137.171529,-1,-0.009276,0.000392,0.092935,0.004589,0.005638,-0.000147,0.999999,-0.001285,0.000929,-0.000021,0.000051,-0.000616,0.000000
56137.221523,-1,-0.009249,0.000388,0.092935,0.004620,0.005688,-0.000117,0.999999,-0.001284,0.000909,-0.000021,0.000000,0.000040,0.000000
56137.271524,-1,-0.009222,0.000388,0.092935,0.004620,0.005741,-0.000095,0.999999,-0.001279,0.000888,-0.000021,0.001014,-0.001065,0.000000
56137.321522,-1,-0.009197,0.000392,0.092932,0.004593,0.005783,-0.000087,0.999999,-0.001265,0.000871,-0.000021,-0.000003,0.000051,0.000000
56137.371524,-1,-0.009177,0.000397,0.092926,0.004547,0.005806,-0.000089,0.999999,-0.001254,0.000865,-0.000021,0.000050,-0.000002,0.000000
56137.421519,-1,-0.009160,0.000404,0.092919,0.004486,0.005814,-0.000098,0.999999,-0.001238,0.000865,-0.000021,0.001089,0.000000,0.000000
56137.471528,-1,-0.009118,0.000450,0.092911,0.004551,0.005974,-0.000107,0.999999,-0.001219,0.000870,-0.000021,0.000853,0.001067,0.000000
56137.521521,-1,-0.009112,0.000452,0.092904,0.004356,0.005753,-0.000108,0.999999,-0.001211,0.000888,-0.000021,0.000000,0.001065,0.000000
56137.571582,-1,-0.009108,0.000452,0.092901,0.004326,0.005711,-0.000096,0.999999,-0.001205,0.000913,-0.000021,0.000000,0.002118,0.000000
56137.621523,-1,-0.009105,0.000449,0.092902,0.004322,0.005661,-0.000073,0.999999,-0.001206,0.000936,-0.000021,-0.001068,0.001065,0.000000
56137.671531,-1,-0.009101,0.000441,0.092905,0.004478,0.005795,-0.000035,0.999999,-0.001215,0.000956,-0.000021,-0.001112,0.001065,0.000000
56137.721521,-1,-0.009095,0.000432,0.092911,0.004520,0.005764,0.000000,0.999999,-0.001231,0.000975,-0.000021,0.000047,-0.000003,0.000000
56137.771522,-1,-0.009085,0.000422,0.092915,0.004452,0.005573,0.000000,0.999999,-0.001242,0.000982,-0.000021,-0.000449,0.000000,0.000000
56137.821512,-1,-0.009070,0.000412,0.092915,0.004646,0.005741,-0.000144,0.999999,-0.001258,0.000982,-0.000021,-0.001079,0.000000,0.000000
56137.871517,-1,-0.009050,0.000404,0.092915,0.004589,0.005592,-0.000109,0.999999,-0.001274,0.000981,-0.000021,-0.000385,-0.001068,0.000000
56137.921517,-1,-0.009026,0.000400,0.092916,0.004654,0.005634,-0.000082,0.999999,-0.001282,0.000963,-0.000021,0.000014,-0.001079,0.000000
56137.971517,-1,-0.008998,0.000399,0.092918,0.004833,0.005867,-0.000062,0.999999,-0.001282,0.000942,-0.000021,0.000000,-0.001101,0.000000
56138.021518,-1,-0.008968,0.000402,0.092919,0.004856,0.005920,-0.000035,0.999999,-0.001275,0.000918,-0.000021,0.000450,0.000051,0.000000
56138.071515,-1,-0.008939,0.000408,0.092917,0.004715,0.005779,-0.000026,0.999999,-0.001263,0.000899,-0.000021,0.001079,0.000024,0.000000
56138.121516,-1,-0.008911,0.000415,0.092914,0.004822,0.005978,-0.000032,0.999999,-0.001246,0.000885,-0.000021,0.000616,-0.001023,0.000000
56138.171523,-1,-0.008886,0.000422,0.092910,0.004780,0.005978,-0.000042,0.999999,-0.001226,0.000875,-0.000021,0.001065,0.000036,0.000000
56138.221514,-1,-0.008865,0.000427,0.092905,0.004726,0.005951,-0.000055,0.999999,-0.001209,0.000875,-0.000021,-0.000003,0.000000,0.000000
56138.271517,-1,-0.008849,0.000429,0.092900,0.004665,0.005909,-0.000066,0.999999,-0.001201,0.000875,-0.000021,-0.000047,0.000000,0.000000
56138.321516,-1,-0.008837,0.000426,0.092895,0.004612,0.005848,-0.000072,0.999999,-0.001201,0.000891,-0.000021,0.000000,0.001089,0.000000
56138.371516,-1,-0.008829,0.000418,0.092891,0.004574,0.005779,-0.000070,0.999999,-0.001201,0.000910,-0.000021,0.000000,0.001065,0.000000
56138.421518,-1,-0.008822,0.000404,0.092891,0.004559,0.005707,-0.000056,0.999999,-0.001210,0.000930,-0.000021,-0.000616,0.001072,0.000000
56138.471517,-1,-0.008814,0.000384,0.092893,0.004570,0.005646,-0.000016,0.999999,-0.001225,0.000949,-0.000021,-0.000035,0.001064,0.000000
56138.521575,-1,-0.008850,0.000306,0.092899,0.004402,0.005348,0.000000,0.999999,-0.001245,0.000961,-0.000021,-0.001065,-0.000051,0.000000
56138.571517,-1,-0.008838,0.000282,0.092905,0.004448,0.005333,0.000000,0.999999,-0.001271,0.000971,-0.000021,-0.001065,0.000000,0.000000
56138.621517,-1,-0.008822,0.000257,0.092909,0.004505,0.005348,-0.000078,0.999999,-0.001298,0.000971,-0.000021,-0.001065,0.000000,0.000000
56138.671512,-1,-0.008801,0.000234,0.092909,0.004566,0.005386,-0.000116,0.999999,-0.001319,0.000969,-0.000021,-0.001065,-0.000851,0.000000
56138.721511,-1,-0.008780,0.000217,0.092913,0.004562,0.005398,-0.000075,0.999999,-0.001336,0.000954,-0.000021,-0.001065,0.000024,0.000000
56138.771511,-1,-0.008753,0.000204,0.092919,0.004597,0.005486,-0.000016,0.999999,-0.001363,0.000954,-0.000021,0.000003,0.000000,0.000000
56138.821513,-1,-0.008714,0.000210,0.092922,0.004673,0.005650,0.000000,0.999999,-0.001371,0.000947,-0.000021,0.000036,-0.001101,0.000000
56138.871513,-1,-0.008702,0.000190,0.092922,0.004612,0.005676,-0.000167,0.999999,-0.001364,0.000926,-0.000021,0.000000,-0.000001,0.000000
56138.921516,-1,-0.008675,0.000195,0.092920,0.004578,0.005749,-0.000154,0.999999,-0.001355,0.000917,-0.000021,0.001065,0.000036,0.000000
56138.971515,-1,-0.008636,0.000225,0.092919,0.004620,0.005917,-0.000123,0.999999,-0.001324,0.000903,-0.000021,0.002129,-0.001065,0.000000
56139.021502,-1,-0.008631,0.000219,0.092922,0.004532,0.005909,-0.000088,0.999999,-0.001277,0.000883,-0.000021,0.000580,0.000037,0.000000
56139.071511,-1,-0.008604,0.000247,0.092924,0.004463,0.005913,-0.000058,0.999999,-0.001260,0.000892,-0.000021,0.001065,0.000002,0.000000
56139.121510,-1,-0.008604,0.000244,0.092926,0.004391,0.005867,-0.000041,0.999999,-0.001227,0.000898,-0.000021,0.000619,0.000049,0.000000
56139.171497,-1,-0.008586,0.000267,0.092925,0.004398,0.005871,-0.000074,0.999999,-0.001214,0.000916,-0.000021,-0.000040,0.000214,0.000000
56139.221509,-1,-0.008591,0.000255,0.092921,0.004299,0.005695,-0.000087,0.999999,-0.001211,0.000937,-0.000021,0.000000,0.001065,0.000000
56139.271501,-1,-0.008585,0.000252,0.092915,0.004345,0.005661,-0.000093,0.999999,-0.001222,0.000963,-0.000021,-0.001065,0.001065,0.000000
56139.321592,-1,-0.008565,0.000259,0.092906,0.004436,0.005672,-0.000105,0.999999,-0.001239,0.000982,-0.000021,-0.000049,0.000680,0.000000
56139.371511,-1,-0.008560,0.000238,0.092899,0.004444,0.005558,-0.000110,0.999999,-0.001255,0.000990,-0.000021,-0.001064,0.000000,0.000000
56139.421501,-1,-0.008530,0.000239,0.092894,0.004570,0.005615,-0.000103,0.999999,-0.001275,0.000990,-0.000021,-0.001101,0.000000,0.000000
56139.471517,-1,-0.008517,0.000214,0.092894,0.004585,0.005547,-0.000081,0.999999,-0.001286,0.000971,-0.000021,0.000000,-0.001065,0.000000
56139.521510,-1,-0.008495,0.000199,0.092897,0.004635,0.005573,-0.000044,0.999999,-0.001300,0.000955,-0.000021,-0.001065,-0.001063,0.000000
56139.571514,-1,-0.008467,0.000190,0.092902,0.004681,0.005642,0.000000,0.999999,-0.001319,0.000936,-0.000021,0.000051,-0.000386,0.000000
56139.621510,-1,-0.008439,0.000186,0.092908,0.004696,0.005718,0.000000,0.999999,-0.001320,0.000917,-0.000021,0.000000,-0.000073,0.000000
56139.671509,-1,-0.008412,0.000186,0.092911,0.004684,0.005795,-0.000021,0.999999,-0.001320,0.000899,-0.000021,0.000000,0.000014,0.000000
56139.721508,-1,-0.008388,0.000191,0.092911,0.004646,0.005867,-0.000059,0.999999,-0.001309,0.000890,-0.000021,0.001070,-0.000212,0.000000
56139.771510,-1,-0.008368,0.000201,0.092912,0.004593,0.005920,-0.000033,0.999999,-0.001284,0.000880,-0.000021,0.001065,0.000000,0.000000
56139.821503,-1,-0.008353,0.000212,0.092910,0.004524,0.005936,-0.000109,0.999999,-0.001258,0.000880,-0.000021,-0.000040,0.000000,0.000000
56139.871505,-1,-0.008343,0.000223,0.092906,0.004448,0.005928,-0.000147,0.999999,-0.001237,0.000881,-0.000024,0.001065,0.001079,-0.000000
56139.921506,-1,-0.008339,0.000232,0.092905,0.004379,0.005890,-0.000119,0.999999,-0.001217,0.000897,-0.000024,0.001064,0.001063,0.000000
56139.971508,-1,-0.008323,0.000256,0.092908,0.004333,0.005829,-0.000081,0.999999,-0.001200,0.000918,-0.000024,-0.000051,0.001079,0.000000
56140.021502,-1,-0.008325,0.000256,0.092915,0.004307,0.005753,-0.000018,0.999999,-0.001194,0.000945,-0.000024,0.000003,0.001065,0.000000
56140.071474,-1,-0.008326,0.000251,0.092921,0.004314,0.005665,0.000000,0.999999,-0.001198,0.000965,-0.000024,-0.001014,0.001066,0.000000
56140.121502,-1,-0.008325,0.000241,0.092924,0.004345,0.005589,-0.000078,0.999999,-0.001209,0.000980,-0.000024,-0.001065,0.001067,0.000000
56140.171503,-1,-0.008322,0.000227,0.092924,0.004395,0.005531,-0.000092,0.999999,-0.001231,0.000998,-0.000024,-0.001065,-0.000024,0.000000
56140.221502,-1,-0.008314,0.000212,0.092923,0.004509,0.005569,-0.000075,0.999999,-0.001257,0.000998,-0.000024,0.000051,0.000000,0.000000
56140.271505,-1,-0.008301,0.000196,0.092921,0.004581,0.005566,-0.000069,0.999999,-0.001276,0.000998,-0.000024,0.000024,0.000000,0.000000
56140.321504,-1,-0.008282,0.000182,0.092917,0.004654,0.005589,-0.000071,0.999999,-0.001295,0.000986,-0.000024,0.000006,-0.001063,0.000000
56140.371503,-1,-0.008271,0.000156,0.092912,0.004604,0.005508,-0.000073,0.999999,-0.001304,0.000965,-0.000024,-0.001112,-0.001065,0.000000
56140.421504,-1,-0.008248,0.000146,0.092908,0.004612,0.005547,-0.000073,0.999999,-0.001327,0.000952,-0.000024,-0.000001,-0.001065,0.000000
56140.471501,-1,-0.008207,0.000162,0.092904,0.004684,0.005711,-0.000069,0.999999,-0.001333,0.000933,-0.000024,0.000000,0.000051,0.000000
56140.521502,-1,-0.008195,0.000150,0.092903,0.004612,0.005722,-0.000057,0.999999,-0.001327,0.000915,-0.000024,0.000073,-0.000073,0.000000
56140.571502,-1,-0.008155,0.000182,0.092902,0.004662,0.005913,-0.000036,0.999999,-0.001319,0.000909,-0.000024,0.002178,-0.001072,0.000000
56140.621497,-1,-0.008134,0.000199,0.092903,0.004639,0.006004,-0.000015,0.999999,-0.001281,0.000891,-0.000024,0.002057,-0.001063,0.000000
56140.671498,-1,-0.008116,0.000219,0.092903,0.004589,0.006046,0.000000,0.999999,-0.001240,0.000880,-0.000024,0.002155,0.000001,0.000000
56140.721499,-1,-0.008104,0.000238,0.092903,0.004524,0.006039,0.000000,0.999999,-0.001201,0.000880,-0.000024,0.001683,0.000000,0.000000
56140.771503,-1,-0.008097,0.000255,0.092903,0.004459,0.005993,0.000000,0.999999,-0.001172,0.000888,-0.000024,0.001065,0.000000,0.000000
56140.821502,-1,-0.008095,0.000267,0.092901,0.004402,0.005917,0.000000,0.999999,-0.001150,0.000902,-0.000024,0.000854,0.001063,0.000000
56140.871495,-1,-0.008094,0.000274,0.092899,0.004368,0.005817,0.000000,0.999999,-0.001147,0.000928,-0.000024,0.000000,0.001065,0.000000
56140.921499,-1,-0.008095,0.000274,0.092896,0.004364,0.005714,-0.000008,0.999999,-0.001151,0.000950,-0.000024,-0.000852,0.001065,0.000000
56140.971505,-1,-0.008093,0.000269,0.092893,0.004364,0.005592,-0.000015,0.999999,-0.001165,0.000971,-0.000024,-0.000213,0.001101,0.000000
56141.021502,-1,-0.008090,0.000259,0.092892,0.004417,0.005531,-0.000003,0.999999,-0.001196,0.000994,-0.000024,-0.001065,0.001063,0.000000
56141.071501,-1,-0.008081,0.000248,0.092894,0.004494,0.005505,0.000000,0.999999,-0.001222,0.001003,-0.000024,-0.001515,0.000002,0.000000
56141.121499,-1,-0.008037,0.000276,0.092896,0.004711,0.005688,0.000000,0.999999,-0.001250,0.001003,-0.000024,-0.002168,0.000000,0.000000
56141.171493,-1,-0.008017,0.000267,0.092900,0.004658,0.005547,0.000000,0.999999,-0.001267,0.000987,-0.000024,-0.001090,-0.001065,0.000000
56141.221494,-1,-0.007993,0.000261,0.092903,0.004711,0.005596,0.000000,0.999999,-0.001275,0.000961,-0.000024,0.000000,-0.001065,0.000864
56141.271538,-1,-0.007966,0.000260,0.092901,0.004734,0.005657,-0.000098,0.999999,-0.001275,0.000934,-0.000019,0.000000,-0.001065,0.000000
56141.321494,-1,-0.007940,0.000265,0.092899,0.004868,0.005901,-0.000084,0.999999,-0.001275,0.000912,-0.000019,0.000000,-0.002132,0.000000
56141.371504,-1,-0.007943,0.000242,0.092902,0.004654,0.005741,-0.000054,0.999999,-0.001261,0.000894,-0.000019,-0.000006,0.000047,0.000000
56141.421498,-1,-0.007926,0.000249,0.092907,0.004608,0.005795,0.000000,0.999999,-0.001261,0.000894,-0.000019,0.000000,0.000000,0.000000
56141.471494,-1,-0.007907,0.000269,0.092909,0.004562,0.005844,-0.000076,0.999999,-0.001248,0.000894,-0.000019,0.001065,0.000000,0.000000
56141.521494,-1,-0.007888,0.000292,0.092910,0.004555,0.005917,-0.000053,0.999999,-0.001230,0.000900,-0.000019,0.001745,0.000000,0.000000
56141.571463,-1,-0.007872,0.000315,0.092910,0.004536,0.005936,-0.000031,0.999999,-0.001194,0.000900,-0.000019,0.001091,0.000000,0.000000
56141.621494,-1,-0.007858,0.000337,0.092909,0.004509,0.005913,-0.000024,0.999999,-0.001162,0.000900,-0.000019,0.001065,0.000000,0.000000
56141.671495,-1,-0.007816,0.000394,0.092905,0.004604,0.006027,-0.000034,0.999999,-0.001135,0.000900,-0.000019,0.001065,0.000000,0.000000
56141.721491,-1,-0.007809,0.000405,0.092899,0.004566,0.005932,-0.000060,0.999999,-0.001123,0.000909,-0.000019,0.000002,-0.000014,0.000000
56141.771489,-1,-0.007804,0.000411,0.092893,0.004539,0.005833,-0.000069,0.999999,-0.001117,0.000920,-0.000019,0.000003,0.000865,0.000000
56141.821491,-1,-0.007799,0.000409,0.092890,0.004536,0.005726,-0.000067,0.999999,-0.001128,0.000942,-0.000019,0.000036,-0.000014,0.000000
56141.871485,-1,-0.007794,0.000402,0.092890,0.004555,0.005630,-0.000048,0.999999,-0.001148,0.000956,-0.000019,0.000003,0.000000,0.000000
56141.921492,-1,-0.007786,0.000389,0.092893,0.004585,0.005562,-0.000003,0.999999,-0.001165,0.000962,-0.000019,0.000024,0.000000,0.000000
56141.971489,-1,-0.007776,0.000374,0.092899,0.004623,0.005516,0.000000,0.999999,-0.001189,0.000962,-0.000019,-0.001065,0.000000,0.000000
56142.021488,-1,-0.007763,0.000358,0.092903,0.004669,0.005497,-0.000009,0.999999,-0.001215,0.000962,-0.000019,-0.000386,0.000000,0.000000
56142.071493,-1,-0.007770,0.000315,0.092904,0.004559,0.005322,-0.000078,0.999999,-0.001237,0.000954,-0.000019,-0.000854,-0.000200,0.000000
56142.121487,-1,-0.007758,0.000293,0.092906,0.004555,0.005310,-0.000042,0.999999,-0.001262,0.000949,-0.000019,-0.001066,-0.000080,0.000000
56142.171493,-1,-0.007737,0.000285,0.092911,0.004574,0.005383,0.000000,0.999999,-0.001290,0.000949,-0.000019,-0.000002,0.000000,0.000000
56142.221490,-1,-0.007715,0.000283,0.092914,0.004620,0.005508,0.000000,0.999999,-0.001299,0.000942,-0.000019,-0.001068,0.000014,0.000000
56142.271491,-1,-0.007660,0.000326,0.092914,0.004795,0.005829,-0.000018,0.999999,-0.001299,0.000930,-0.000019,0.001101,-0.001101,0.000000
56142.321497,-1,-0.007669,0.000300,0.092911,0.004589,0.005684,-0.000068,0.999999,-0.001264,0.000903,-0.000019,0.001065,-0.001065,0.000000
56142.371489,-1,-0.007621,0.000354,0.092907,0.004570,0.005775,-0.000069,0.999999,-0.001237,0.000892,-0.000019,0.001065,0.000052,0.000000
56142.421487,-1,-0.007606,0.000374,0.092903,0.004532,0.005829,-0.000073,0.999999,-0.001211,0.000892,-0.000019,0.001065,0.000000,0.000000
56142.471493,-1,-0.007596,0.000394,0.092897,0.004478,0.005844,-0.000080,0.999999,-0.001178,0.000892,-0.000019,0.001065,0.000000,0.000000
56142.521489,-1,-0.007622,0.000374,0.092892,0.004414,0.005814,-0.000081,0.999999,-0.001152,0.000894,-0.000019,0.001090,0.001116,0.000000
56142.571488,-1,-0.007624,0.000388,0.092890,0.004353,0.005756,-0.000071,0.999999,-0.001131,0.000913,-0.000019,0.000213,0.001065,0.000000
56142.621485,-1,-0.007599,0.000435,0.092891,0.004314,0.005672,-0.000037,0.999999,-0.001115,0.000940,-0.000019,0.001017,0.001065,0.000000
56142.671481,-1,-0.007606,0.000438,0.092896,0.004436,0.005745,0.000000,0.999999,-0.001113,0.000961,-0.000019,0.000000,0.001064,0.000000
56142.721474,-1,-0.007614,0.000433,0.092901,0.004311,0.005459,0.000000,0.999999,-0.001113,0.000987,-0.000019,0.000000,0.000854,0.000000
56142.771477,-1,-0.007619,0.000421,0.092904,0.004326,0.005360,0.000000,0.999999,-0.001132,0.001004,-0.000019,-0.000991,0.001065,0.000000
56142.821484,-1,-0.007652,0.000365,0.092905,0.004395,0.005264,0.000000,0.999999,-0.001165,0.001019,-0.000019,-0.001065,0.001106,0.000000
56142.871490,-1,-0.007664,0.000330,0.092903,0.004402,0.005150,-0.000019,0.999999,-0.001195,0.001030,-0.000019,-0.001067,0.000200,0.000000
56142.921486,-1,-0.007657,0.000307,0.092899,0.004494,0.005138,-0.000028,0.999999,-0.001232,0.001034,-0.000019,-0.001067,0.000000,0.000000
56142.971438,-1,-0.007644,0.000286,0.092894,0.004585,0.005169,-0.000046,0.999999,-0.001265,0.001026,-0.000019,-0.001065,-0.000681,0.000000
56143.021471,-1,-0.007627,0.000268,0.092890,0.004650,0.005222,-0.000055,0.999999,-0.001286,0.001005,-0.000019,-0.000616,-0.000448,0.000000
56143.071429,-1,-0.007606,0.000254,0.092888,0.004704,0.005306,-0.000042,0.999999,-0.001299,0.000984,-0.000019,-0.000002,-0.001065,0.000000
56143.121457,-1,-0.007585,0.000245,0.092889,0.004723,0.005402,-0.000015,0.999999,-0.001304,0.000957,-0.000019,-0.000001,-0.001065,0.000000
56143.171464,-1,-0.007548,0.000262,0.092891,0.004757,0.005573,0.000000,0.999999,-0.001294,0.000936,-0.000025,0.000052,-0.001065,0.000047
56143.221485,-1,-0.007533,0.000264,0.092895,0.004669,0.005573,0.000000,0.999999,-0.001275,0.000914,-0.000026,-0.000013,0.000047,0.000000
56143.271445,-1,-0.007535,0.000254,0.092900,0.004532,0.005569,0.000000,0.999999,-0.001252,0.000914,-0.000026,0.000001,0.000000,0.000000
56143.321483,-1,-0.007517,0.000277,0.092903,0.004501,0.005657,-0.000051,0.999999,-0.001231,0.000914,-0.000026,-0.000036,0.000000,0.000000
56143.371475,-1,-0.007526,0.000272,0.092904,0.004372,0.005585,-0.000094,0.999999,-0.001204,0.000921,-0.000026,-0.000040,0.001112,0.000000
56143.421481,-1,-0.007514,0.000299,0.092907,0.004314,0.005554,-0.000068,0.999999,-0.001186,0.000943,-0.000026,0.001065,-0.000051,0.000000
56143.471491,-1,-0.007521,0.000302,0.092912,0.004353,0.005596,-0.000001,0.999999,-0.001171,0.000964,-0.000026,0.000001,0.001103,0.000000
56143.521479,-1,-0.007527,0.000302,0.092918,0.004360,0.005566,0.000000,0.999999,-0.001163,0.000984,-0.000026,0.000002,0.000678,0.000000
56143.571480,-1,-0.007532,0.000297,0.092920,0.004387,0.005505,-0.000085,0.999999,-0.001163,0.001003,-0.000026,0.000000,-0.000014,0.000000
56143.621423,-1,-0.007536,0.000285,0.092920,0.004436,0.005421,-0.000139,0.999999,-0.001165,0.001012,-0.000026,-0.000383,0.000049,0.000000
56143.671474,-1,-0.007535,0.000268,0.092924,0.004494,0.005348,-0.000096,0.999999,-0.001182,0.001018,-0.000026,-0.001016,0.000000,0.000000
56143.721482,-1,-0.007546,0.000229,0.092929,0.004452,0.005196,-0.000060,0.999999,-0.001215,0.001025,-0.000026,-0.002129,0.000000,0.000000
56143.771474,-1,-0.007491,0.000263,0.092932,0.004627,0.005283,-0.000083,0.999999,-0.001257,0.001034,-0.000026,-0.001065,0.000000,0.000000
56143.821469,-1,-0.007482,0.000233,0.092931,0.004772,0.005405,-0.000178,0.999999,-0.001287,0.001023,-0.000026,-0.001450,0.000000,0.000000
56143.871424,-1,-0.007454,0.000223,0.092932,0.004898,0.005535,-0.000139,0.999999,-0.001305,0.001004,-0.000026,-0.000852,-0.001943,0.000000
56143.921480,-1,-0.007430,0.000210,0.092935,0.004940,0.005611,-0.000108,0.999999,-0.001308,0.000978,-0.000026,0.000000,-0.001513,0.000000
56143.971423,-1,-0.007405,0.000202,0.092937,0.004967,0.005718,-0.000118,0.999999,-0.001308,0.000943,-0.000026,0.000449,-0.001268,0.000000
56144.021440,-1,-0.007382,0.000198,0.092936,0.004940,0.005798,-0.000147,0.999999,-0.001292,0.000915,-0.000026,0.001063,-0.000201,0.000000
56144.071484,-1,-0.007365,0.000198,0.092936,0.004757,0.005672,-0.000121,0.999999,-0.001277,0.000899,-0.000026,0.000385,-0.000616,0.000000
56144.121475,-1,-0.007346,0.000200,0.092935,0.004799,0.005878,-0.000096,0.999999,-0.001252,0.000888,-0.000026,0.001065,0.000000,0.000000
56144.171480,-1,-0.007336,0.000201,0.092933,0.004715,0.005882,-0.000133,0.999999,-0.001236,0.000888,-0.000026,0.001090,0.000000,0.000000
56144.221475,-1,-0.007332,0.000201,0.092928,0.004639,0.005867,-0.000122,0.999999,-0.001223,0.000901,-0.000026,0.001063,0.001116,0.000000
56144.271479,-1,-0.007331,0.000198,0.092924,0.004578,0.005833,-0.000112,0.999999,-0.001213,0.000922,-0.000026,0.000001,0.001065,0.000000
56144.321471,-1,-0.007333,0.000190,0.092921,0.004547,0.005787,-0.000102,0.999999,-0.001213,0.000949,-0.000026,0.000000,0.001065,0.000000
56144.371477,-1,-0.007341,0.000171,0.092916,0.004482,0.005653,-0.000097,0.999999,-0.001213,0.000970,-0.000026,0.000000,0.001065,0.000000
56144.421474,-1,-0.007343,0.000153,0.092911,0.004478,0.005569,-0.000095,0.999999,-0.001237,0.000990,-0.000026,-0.001065,0.001070,0.000000
56144.471463,-1,-0.007334,0.000141,0.092906,0.004559,0.005585,-0.000092,0.999999,-0.001264,0.001010,-0.000026,-0.001065,0.001106,0.000000
56144.521470,-1,-0.007349,0.000095,0.092905,0.004482,0.005409,-0.000078,0.999999,-0.001296,0.001025,-0.000026,-0.001452,0.000199,0.000000
56144.571440,-1,-0.007318,0.000099,0.092905,0.004539,0.005428,-0.000063,0.999999,-0.001323,0.001025,-0.000019,-0.001138,0.000000,0.001112
56144.621445,-1,-0.007300,0.000082,0.092909,0.004604,0.005459,-0.000014,0.999999,-0.001335,0.001011,-0.000019,-0.000210,-0.001065,0.000000
56144.671471,-1,-0.007293,0.000053,0.092914,0.004704,0.005589,0.000000,0.999999,-0.001353,0.000997,-0.000019,0.000000,-0.000413,0.000000
56144.721422,-1,-0.007249,0.000070,0.092916,0.004860,0.005833,0.000000,0.999999,-0.001358,0.000973,-0.000019,0.000004,-0.001113,0.000000
56144.771473,-1,-0.007220,0.000075,0.092915,0.004768,0.005787,-0.000068,0.999999,-0.001345,0.000941,-0.000019,0.001063,-0.001013,0.000000
56144.821462,-1,-0.007219,0.000053,0.092912,0.004734,0.005852,-0.000151,0.999999,-0.001322,0.000911,-0.000019,0.001064,-0.001013,0.000000
56144.871429,-1,-0.007195,0.000066,0.092912,0.004715,0.005978,-0.000117,0.999999,-0.001300,0.000897,-0.000019,0.001063,0.000006,0.000000
56144.921429,-1,-0.007146,0.000122,0.092914,0.004665,0.006039,-0.000080,0.999999,-0.001267,0.000884,-0.000019,0.001065,0.000000,0.000000
56144.971492,-1,-0.007163,0.000098,0.092921,0.004608,0.006050,-0.000043,0.999999,-0.001234,0.000878,-0.000019,0.001065,0.000000,0.000000
56145.021472,-1,-0.007170,0.000092,0.092923,0.004471,0.005955,-0.000146,0.999999,-0.001205,0.000878,-0.000019,0.001067,0.000000,0.000000
56145.071467,-1,-0.007170,0.000101,0.092924,0.004375,0.005882,-0.000117,0.999999,-0.001185,0.000893,-0.000019,0.001063,-0.000051,0.000000
56145.121466,-1,-0.007174,0.000105,0.092925,0.004311,0.005795,-0.000087,0.999999,-0.001175,0.000920,-0.000019,0.000000,0.001066,0.000000
56145.171462,-1,-0.007181,0.000103,0.092927,0.004272,0.005699,-0.000065,0.999999,-0.001175,0.000947,-0.000019,0.000000,0.001028,0.000000
56145.221465,-1,-0.007189,0.000095,0.092925,0.004261,0.005604,-0.000090,0.999999,-0.001189,0.000975,-0.000019,-0.000673,0.001065,0.000000
56145.271473,-1,-0.007197,0.000082,0.092921,0.004280,0.005524,-0.000136,0.999999,-0.001211,0.000996,-0.000019,-0.001065,0.001090,0.000000
56145.321468,-1,-0.007202,0.000066,0.092917,0.004318,0.005474,-0.000123,0.999999,-0.001237,0.001014,-0.000019,-0.001067,0.001112,0.000000
56145.371460,-1,-0.007205,0.000048,0.092915,0.004375,0.005455,-0.000104,0.999999,-0.001265,0.001020,-0.000019,-0.001065,0.000000,0.000000
56145.421466,-1,-0.007203,0.000032,0.092916,0.004444,0.005470,-0.000081,0.999999,-0.001287,0.001026,-0.000019,-0.001116,0.000000,0.000000
56145.471465,-1,-0.007196,0.000019,0.092917,0.004513,0.005512,-0.000059,0.999999,-0.001302,0.001019,-0.000019,-0.001067,-0.001106,0.000000
56145.521465,-1,-0.007186,0.000009,0.092918,0.004566,0.005573,-0.000027,0.999999,-0.001316,0.001002,-0.000019,-0.000384,-0.001065,0.000000
56145.571465,-1,-0.007173,0.000005,0.092918,0.004601,0.005650,-0.000008,0.999999,-0.001321,0.000984,-0.000019,0.000000,-0.000616,0.000000
56145.621460,-1,-0.007161,0.000006,0.092916,0.004608,0.005730,-0.000082,0.999999,-0.001313,0.000966,-0.000019,-0.000001,-0.000048,0.000000
56145.671462,-1,-0.007149,0.000012,0.092912,0.004597,0.005795,-0.000077,0.999999,-0.001301,0.000953,-0.000019,0.001112,-0.001089,0.000000
56145.721470,-1,-0.007140,0.000021,0.092910,0.004566,0.005840,-0.000072,0.999999,-0.001276,0.000935,-0.000019,0.001065,-0.000201,0.000000
56145.771462,-1,-0.007135,0.000030,0.092907,0.004509,0.005852,-0.000068,0.999999,-0.001249,0.000931,-0.000019,0.001065,0.000000,0.000000
56145.821456,-1,-0.007135,0.000038,0.092904,0.004444,0.005829,-0.000067,0.999999,-0.001228,0.000931,-0.000019,0.001064,0.000000,0.000000
56145.871460,-1,-0.007125,0.000062,0.092900,0.004375,0.005783,-0.000065,0.999999,-0.001209,0.000940,-0.000019,0.001015,0.000073,0.000000
56145.921457,-1,-0.007134,0.000063,0.092899,0.004356,0.005756,-0.000051,0.999999,-0.001196,0.000961,-0.000019,0.000002,0.001065,0.000000
56145.971464,-1,-0.007148,0.000057,0.092900,0.004272,0.005615,-0.000018,0.999999,-0.001205,0.000986,-0.000019,0.000003,0.001065,0.000000
56146.021459,-1,-0.007162,0.000047,0.092903,0.004330,0.005627,0.000000,0.999999,-0.001221,0.001019,-0.000019,-0.000866,0.001065,0.000000
56146.071462,-1,-0.007175,0.000035,0.092905,0.004311,0.005524,0.000000,0.999999,-0.001238,0.001040,-0.000019,-0.001079,0.001063,0.000000
56146.121462,-1,-0.007186,0.000021,0.092908,0.004421,0.005577,0.000000,0.999999,-0.001260,0.001059,-0.000019,-0.000994,0.000615,0.000000
56146.171420,-1,-0.007193,0.000008,0.092908,0.004467,0.005569,0.000000,0.999999,-0.001279,0.001064,-0.000019,0.000036,0.000000,0.000000
56146.221460,-1,-0.007195,-0.000004,0.092905,0.004547,0.005604,0.000000,0.999999,-0.001294,0.001064,-0.000019,-0.000002,0.000000,0.000000
56146.271424,-1,-0.007192,-0.000011,0.092899,0.004631,0.005653,-0.000008,0.999999,-0.001304,0.001064,-0.000019,-0.000449,0.000000,0.000000
56146.321413,-1,-0.007184,-0.000015,0.092893,0.004662,0.005657,-0.000045,0.999999,-0.001310,0.001047,-0.000019,0.000000,-0.001066,0.000000
56146.371416,-1,-0.007171,-0.000012,0.092888,0.004768,0.005791,-0.000057,0.999999,-0.001310,0.001026,-0.000019,0.000000,-0.001065,0.000000
56146.421460,-1,-0.007157,-0.000004,0.092886,0.004803,0.005878,-0.000049,0.999999,-0.001308,0.001006,-0.000019,0.001090,-0.001065,0.000000
56146.471461,-1,-0.007141,0.000011,0.092887,0.004814,0.005947,-0.000025,0.999999,-0.001291,0.000987,-0.000019,0.001064,-0.001089,0.000000
56146.521424,-1,-0.007127,0.000030,0.092892,0.004803,0.006027,0.000000,0.999999,-0.001269,0.000968,-0.000019,0.001929,0.000036,0.000000
56146.571458,-1,-0.007116,0.000051,0.092898,0.004776,0.006054,0.000000,0.999999,-0.001239,0.000960,-0.000019,0.001065,-0.000001,0.000000
56146.621458,-1,-0.007108,0.000073,0.092904,0.004704,0.006042,0.000002,0.999999,-0.001212,0.000953,-0.000019,0.001065,0.000000,0.000000
56146.671461,-1,-0.007104,0.000094,0.092905,0.004646,0.006016,-0.000150,0.999999,-0.001185,0.000954,-0.000019,0.001065,0.001112,0.000000
56146.721460,-1,-0.007105,0.000111,0.092906,0.004597,0.005955,-0.000114,0.999999,-0.001165,0.000972,-0.000019,0.000201,-0.000051,0.000000
56146.771458,-1,-0.007108,0.000123,0.092912,0.004566,0.005875,-0.000070,0.999999,-0.001157,0.000988,-0.000019,0.000002,0.001071,0.000000
56146.821469,-1,-0.007112,0.000130,0.092920,0.004562,0.005783,0.000000,0.999999,-0.001157,0.001008,-0.000019,0.000000,0.000866,0.000000
56146.871457,-1,-0.007115,0.000130,0.092925,0.004578,0.005692,-0.000097,0.999999,-0.001166,0.001027,-0.000019,-0.001065,0.001063,0.000000
56146.921454,-1,-0.007116,0.000125,0.092928,0.004616,0.005615,-0.000118,0.999999,-0.001186,0.001045,-0.000019,-0.000386,-0.000047,0.000000
56146.971454,-1,-0.007113,0.000117,0.092931,0.004669,0.005562,-0.000082,0.999999,-0.001205,0.001045,-0.000019,-0.001065,0.000000,0.000000
56147.021458,-1,-0.007074,0.000145,0.092932,0.004734,0.005531,-0.000090,0.999999,-0.001228,0.001045,-0.000019,-0.001065,0.000000,0.000000
56147.071461,-1,-0.007061,0.000134,0.092930,0.004803,0.005531,-0.000163,0.999999,-0.001250,0.001035,-0.000019,-0.001064,0.000014,0.000000
56147.121455,-1,-0.007043,0.000125,0.092928,0.004852,0.005558,-0.000134,0.999999,-0.001270,0.001020,-0.000019,-0.001064,-0.001070,0.000000
56147.171455,-1,-0.007023,0.000119,0.092928,0.005028,0.005779,-0.000112,0.999999,-0.001274,0.000993,-0.000019,0.000000,-0.001065,0.000000
56147.221451,-1,-0.007001,0.000117,0.092927,0.005032,0.005829,-0.000093,0.999999,-0.001274,0.000971,-0.000019,0.000000,-0.000673,0.000000
56147.271450,-1,-0.006981,0.000119,0.092924,0.005013,0.005890,-0.000084,0.999999,-0.001274,0.000949,-0.000019,0.000000,-0.000992,0.000000
56147.321455,-1,-0.006962,0.000127,0.092921,0.004967,0.005947,-0.000080,0.999999,-0.001263,0.000934,-0.000019,0.000864,-0.001116,0.000000
56147.371460,-1,-0.006947,0.000137,0.092917,0.004910,0.005989,-0.000078,0.999999,-0.001243,0.000921,-0.000019,0.001064,0.000047,0.000000
56147.421455,-1,-0.006937,0.000150,0.092913,0.004692,0.005836,-0.000077,0.999999,-0.001222,0.000922,-0.000019,0.001065,0.000000,0.000000
56147.471444,-1,-0.006931,0.000163,0.092909,0.004765,0.006004,-0.000079,0.999999,-0.001195,0.000922,-0.000019,0.001016,0.001068,0.000000
56147.521449,-1,-0.006931,0.000173,0.092903,0.004555,0.005787,-0.000083,0.999999,-0.001183,0.000942,-0.000019,-0.000040,0.001089,0.000000
56147.571452,-1,-0.006933,0.000180,0.092899,0.004646,0.005909,-0.000081,0.999999,-0.001175,0.000962,-0.000019,0.000001,0.001063,0.000000
56147.621397,-1,-0.006936,0.000183,0.092898,0.004631,0.005848,-0.000071,0.999999,-0.001168,0.000983,-0.000019,0.000000,0.001064,0.000000
56147.671450,-1,-0.006938,0.000181,0.092899,0.004654,0.005806,-0.000052,0.999999,-0.001175,0.001004,-0.000019,-0.001068,0.000073,0.000000
56147.721464,-1,-0.006941,0.000172,0.092901,0.004650,0.005703,-0.000014,0.999999,-0.001201,0.001030,-0.000019,-0.001932,0.001065,0.000000
56147.771448,-1,-0.006938,0.000162,0.092904,0.004726,0.005669,0.000000,0.999999,-0.001220,0.001039,-0.000019,-0.001065,0.000001,0.000000
56147.821450,-1,-0.006930,0.000152,0.092907,0.004799,0.005669,0.000000,0.999999,-0.001240,0.001039,-0.000019,-0.000994,0.000000,0.000000
56147.871439,-1,-0.006917,0.000142,0.092906,0.004864,0.005688,0.000000,0.999999,-0.001260,0.001037,-0.000019,0.000040,0.000000,0.000000
56147.921429,-1,-0.006898,0.000135,0.092904,0.004948,0.005737,-0.000031,0.999999,-0.001269,0.001015,-0.000019,0.000000,-0.001063,0.000000
56147.971464,-1,-0.006925,0.000076,0.092902,0.004780,0.005520,-0.000028,0.999999,-0.001276,0.000992,-0.000019,0.000000,-0.001065,0.000000
56148.021403,-1,-0.006901,0.000076,0.092900,0.004799,0.005585,-0.000032,0.999999,-0.001276,0.000966,-0.000019,0.000000,-0.000073,0.000000
56148.071451,-1,-0.006878,0.000081,0.092896,0.004795,0.005642,-0.000040,0.999999,-0.001276,0.000946,-0.000019,0.000000,-0.001065,0.000000
56148.121447,-1,-0.006858,0.000091,0.092892,0.004765,0.005707,-0.000048,0.999999,-0.001265,0.000926,-0.000019,-0.000036,-0.001065,0.000000
56148.171449,-1,-0.006840,0.000105,0.092891,0.004704,0.005753,-0.000039,0.999999,-0.001245,0.000916,-0.000019,-0.000051,-0.000002,0.000000
56148.221450,-1,-0.006830,0.000117,0.092892,0.004616,0.005760,-0.000008,0.999999,-0.001225,0.000916,-0.000019,-0.000047,0.000000,0.000000
56148.271447,-1,-0.006824,0.000131,0.092895,0.004543,0.005768,0.000000,0.999999,-0.001208,0.000922,-0.000019,0.001101,0.001090,0.000000
56148.321440,-1,-0.006823,0.000143,0.092898,0.004478,0.005753,0.000000,0.999999,-0.001190,0.000942,-0.000019,0.001063,0.001065,0.000000
56148.371448,-1,-0.006783,0.000206,0.092901,0.004478,0.005768,0.000000,0.999999,-0.001180,0.000964,-0.000019,0.000001,0.001065,0.000000
56148.421447,-1,-0.006809,0.000184,0.092902,0.004425,0.005672,0.000000,0.999999,-0.001171,0.000983,-0.000019,-0.000001,0.001072,0.000000
56148.471406,-1,-0.006818,0.000177,0.092901,0.004341,0.005493,-0.000070,0.999999,-0.001179,0.001009,-0.000019,-0.001064,0.001065,0.000000
56148.521438,-1,-0.006816,0.000178,0.092898,0.004433,0.005512,-0.000082,0.999999,-0.001198,0.001029,-0.000019,-0.001065,0.001016,0.000000
56148.571451,-1,-0.006832,0.000150,0.092898,0.004486,0.005474,-0.000067,0.999999,-0.001220,0.001038,-0.000019,-0.001175,-0.000001,0.000000
56148.621434,-1,-0.006818,0.000155,0.092900,0.004536,0.005444,-0.000028,0.999999,-0.001231,0.001038,-0.000019,-0.001063,0.000000,0.000000
56148.671441,-1,-0.006770,0.000191,0.092903,0.004623,0.005474,0.000000,0.999999,-0.001245,0.001026,-0.000019,-0.000384,-0.001063,0.000000
56148.721443,-1,-0.006754,0.000186,0.092905,0.004848,0.005695,0.000000,0.999999,-0.001251,0.001007,-0.000019,0.000052,-0.001065,0.000000
56148.771412,-1,-0.006735,0.000185,0.092907,0.004887,0.005745,0.000000,0.999999,-0.001247,0.000975,-0.000019,0.000449,-0.001065,0.000000
56148.821394,-1,-0.006716,0.000187,0.092906,0.004765,0.005619,0.000000,0.999999,-0.001237,0.000948,-0.000019,0.001068,-0.001065,0.000000
56148.871440,-1,-0.006699,0.000190,0.092902,0.004868,0.005814,-0.000082,0.999999,-0.001225,0.000928,-0.000019,-0.000006,-0.001065,0.000000
56148.921444,-1,-0.006684,0.000193,0.092900,0.004822,0.005821,-0.000074,0.999999,-0.001216,0.000916,-0.000019,0.000049,0.000036,0.000000
56148.971441,-1,-0.006674,0.000195,0.092900,0.004761,0.005810,-0.000057,0.999999,-0.001201,0.000909,-0.000019,0.000383,0.000000,0.000000
56149.021434,-1,-0.006668,0.000194,0.092903,0.004688,0.005783,-0.000014,0.999999,-0.001196,0.000909,-0.000019,-0.000001,0.000000,-0.000212
56149.071444,-1,-0.006668,0.000190,0.092906,0.004620,0.005741,0.000000,0.999999,-0.001191,0.000924,-0.000022,0.000075,0.001067,0.000000
56149.121439,-1,-0.006671,0.000182,0.092909,0.004566,0.005688,0.000000,0.999999,-0.001190,0.000942,-0.000022,0.000000,0.001063,0.000000
56149.171382,-1,-0.006677,0.000170,0.092908,0.004536,0.005634,-0.000072,0.999999,-0.001200,0.000967,-0.000022,-0.000002,0.001065,0.000000
56149.221391,-1,-0.006681,0.000154,0.092908,0.004532,0.005600,-0.000057,0.999999,-0.001219,0.000988,-0.000022,-0.001107,0.001065,0.000000
56149.271440,-1,-0.006684,0.000138,0.092907,0.004559,0.005581,-0.000036,0.999999,-0.001238,0.001007,-0.000022,-0.001116,0.001065,0.000000
56149.321402,-1,-0.006684,0.000122,0.092907,0.004604,0.005589,-0.000018,0.999999,-0.001254,0.001014,-0.000022,-0.000051,-0.000041,0.000000
56149.371469,-1,-0.006679,0.000107,0.092906,0.004662,0.005615,-0.000005,0.999999,-0.001268,0.001014,-0.000022,-0.001101,0.000000,0.000000
56149.421394,-1,-0.006670,0.000096,0.092905,0.004730,0.005661,-0.000002,0.999999,-0.001282,0.001004,-0.000022,-0.001015,-0.001072,0.000000
56149.471425,-1,-0.006655,0.000089,0.092901,0.004791,0.005733,-0.000012,0.999999,-0.001282,0.000986,-0.000022,0.000000,-0.001065,0.000000
56149.521405,-1,-0.006686,0.000031,0.092898,0.004822,0.005806,-0.000025,0.999999,-0.001287,0.000971,-0.000022,0.000449,-0.001065,0.000000
56149.571444,-1,-0.006647,0.000060,0.092895,0.004646,0.005657,-0.000030,0.999999,-0.001278,0.000951,-0.000022,0.000000,-0.001112,0.000000
56149.621422,-1,-0.006632,0.000065,0.092893,0.004601,0.005676,-0.000024,0.999999,-0.001273,0.000940,-0.000022,0.000000,0.000000,0.000000
56149.671443,-1,-0.006625,0.000068,0.092893,0.004589,0.005737,-0.000008,0.999999,-0.001273,0.000934,-0.000022,0.001079,0.000000,0.000000
56149.721433,-1,-0.006623,0.000067,0.092895,0.004444,0.005646,0.000000,0.999999,-0.001248,0.000928,-0.000022,0.001079,0.000000,0.000000
56149.771437,-1,-0.006615,0.000081,0.092899,0.004391,0.005646,0.000000,0.999999,-0.001228,0.000924,-0.000022,0.000000,0.000000,0.000000
56149.821421,-1,-0.006608,0.000096,0.092903,0.004372,0.005680,0.000000,0.999999,-0.001219,0.000933,-0.000022,0.000000,0.001064,0.000000
56149.871443,-1,-0.006607,0.000105,0.092905,0.004372,0.005703,0.000000,0.999999,-0.001213,0.000950,-0.000022,0.000000,-0.000024,0.000000
56149.921434,-1,-0.006604,0.000117,0.092905,0.004391,0.005718,-0.000073,0.999999,-0.001204,0.000960,-0.000022,0.000002,0.000000,0.000000
56149.971434,-1,-0.006600,0.000125,0.092903,0.004414,0.005703,-0.000064,0.999999,-0.001194,0.000965,-0.000022,0.000860,-0.000001,0.000000
56150.021435,-1,-0.006595,0.000128,0.092901,0.004440,0.005661,-0.000052,0.999999,-0.001188,0.000969,-0.000022,0.000000,-0.000037,0.000000
56150.071477,-1,-0.006590,0.000127,0.092900,0.004456,0.005604,-0.000040,0.999999,-0.001188,0.000970,-0.000022,0.000000,0.000000,0.000000
56150.121435,-1,-0.006579,0.000118,0.092897,0.004494,0.005520,-0.000036,0.999999,-0.001188,0.000970,-0.000022,-0.001116,0.000000,0.000000
56150.171425,-1,-0.006568,0.000104,0.092894,0.004520,0.005463,-0.000041,0.999999,-0.001204,0.000962,-0.000022,-0.001079,0.000036,0.000000
56150.221432,-1,-0.006555,0.000084,0.092892,0.004536,0.005402,-0.000040,0.999999,-0.001230,0.000956,-0.000022,-0.001065,-0.000001,0.000000
56150.271423,-1,-0.006542,0.000062,0.092890,0.004543,0.005367,-0.000032,0.999999,-0.001254,0.000950,-0.000022,0.000051,0.000042,0.000000
56150.321429,-1,-0.006530,0.000038,0.092890,0.004539,0.005356,-0.000019,0.999999,-0.001278,0.000944,-0.000022,-0.001065,0.000048,0.000000
56150.371437,-1,-0.006520,0.000015,0.092891,0.004520,0.005367,0.000000,0.999999,-0.001298,0.000937,-0.000022,-0.001065,-0.000001,0.000000
56150.421392,-1,-0.006512,-0.000006,0.092895,0.004490,0.005402,0.000000,0.999999,-0.001311,0.000930,-0.000022,0.000036,0.000001,0.000000
56150.471434,-1,-0.006508,-0.000024,0.092899,0.004444,0.005451,0.000000,0.999999,-0.001317,0.000925,-0.000021,0.000052,0.000000,0.000000
56150.521379,-1,-0.006508,-0.000038,0.092902,0.004379,0.005524,0.000000,0.999999,-0.001317,0.000925,-0.000021,0.000000,0.000000,0.000000
56150.571428,-1,-0.006513,-0.000049,0.092901,0.004333,0.005569,-0.000103,0.999999,-0.001310,0.000931,-0.000022,-0.000005,0.000855,0.000000
56150.621430,-1,-0.006521,-0.000056,0.092902,0.004272,0.005634,-0.000072,0.999999,-0.001301,0.000941,-0.000022,0.000449,0.000681,0.000000
56150.671434,-1,-0.006531,-0.000059,0.092907,0.004227,0.005638,-0.000030,0.999999,-0.001290,0.000958,-0.000022,0.000001,-0.000047,0.000000
56150.721419,-1,-0.006521,-0.000037,0.092912,0.004257,0.005714,0.000000,0.999999,-0.001289,0.000984,-0.000022,0.000000,0.001071,0.000000
56150.771433,-1,-0.006531,-0.000040,0.092917,0.004257,0.005707,0.000000,0.999999,-0.001281,0.001004,-0.000022,0.000000,0.001065,0.000000
56150.821432,-1,-0.006544,-0.000052,0.092919,0.004208,0.005596,-0.000140,0.999999,-0.001282,0.001015,-0.000022,0.000000,-0.000036,0.000000
56150.871459,-1,-0.006546,-0.000053,0.092920,0.004318,0.005688,-0.000107,0.999999,-0.001295,0.001028,-0.000022,-0.000383,-0.000001,0.000000
56150.921427,-1,-0.006545,-0.000056,0.092923,0.004368,0.005692,-0.000073,0.999999,-0.001306,0.001028,-0.000022,-0.001064,0.000000,0.000000
56150.971374,-1,-0.006537,-0.000053,0.092925,0.004471,0.005768,-0.000072,0.999999,-0.001306,0.001025,-0.000022,0.000000,-0.000680,0.000000
56151.021430,-1,-0.006524,-0.000047,0.092923,0.004562,0.005840,-0.000158,0.999999,-0.001298,0.000999,-0.000022,-0.000004,-0.001065,0.000000
56151.071435,-1,-0.006507,-0.000037,0.092922,0.004665,0.005959,-0.000130,0.999999,-0.001287,0.000972,-0.000022,-0.000006,-0.001065,0.000000
56151.121466,-1,-0.006493,-0.000029,0.092923,0.004688,0.005989,-0.000100,0.999999,-0.001268,0.000946,-0.000022,-0.000014,-0.001065,0.000000
56151.171433,-1,-0.006472,-0.000016,0.092925,0.004677,0.005993,-0.000073,0.999999,-0.001242,0.000920,-0.000022,0.001065,-0.001108,0.000000
56151.221426,-1,-0.006457,-0.000008,0.092926,0.004639,0.005966,-0.000051,0.999999,-0.001232,0.000901,-0.000022,0.000052,-0.000993,0.000000
56151.271439,-1,-0.006445,-0.000003,0.092924,0.004581,0.005924,-0.000040,0.999999,-0.001217,0.000891,-0.000022,0.001064,-0.001023,0.000000
56151.321407,-1,-0.006438,-0.000003,0.092920,0.004494,0.005844,-0.000089,0.999999,-0.001209,0.000891,-0.000022,0.000000,0.000000,0.000000
56151.371429,-1,-0.006436,-0.000008,0.092913,0.004433,0.005783,-0.000094,0.999999,-0.001209,0.000897,-0.000022,0.000000,0.001101,0.000000
56151.421432,-1,-0.006438,-0.000016,0.092906,0.004368,0.005703,-0.000103,0.999999,-0.001216,0.000910,-0.000022,0.000014,0.001065,0.000000
56151.471447,-1,-0.006442,-0.000030,0.092900,0.004314,0.005627,-0.000103,0.999999,-0.001232,0.000931,-0.000022,-0.001089,0.001065,0.000000
56151.521431,-1,-0.006448,-0.000048,0.092898,0.004299,0.005585,-0.000090,0.999999,-0.001253,0.000952,-0.000022,-0.001063,0.001064,0.000000
56151.571448,-1,-0.006453,-0.000066,0.092900,0.004311,0.005569,-0.000066,0.999999,-0.001280,0.000973,-0.000016,-0.001065,-0.000003,0.000000
56151.621435,-1,-0.006456,-0.000084,0.092904,0.004341,0.005585,-0.000009,0.999999,-0.001300,0.000983,-0.000016,-0.001065,0.000049,0.000000
56151.671392,-1,-0.006425,-0.000063,0.092911,0.004383,0.005611,0.000000,0.999999,-0.001325,0.000989,-0.000016,-0.001064,0.000000,0.000000
56151.721427,-1,-0.006450,-0.000115,0.092915,0.004433,0.005665,-0.000033,0.999999,-0.001333,0.000985,-0.000016,-0.000383,-0.000864,0.000000
56151.771421,-1,-0.006412,-0.000082,0.092916,0.004475,0.005741,-0.000084,0.999999,-0.001337,0.000970,-0.000016,0.000038,-0.001064,0.000000
56151.821443,-1,-0.006405,-0.000083,0.092917,0.004501,0.005825,-0.000061,0.999999,-0.001337,0.000958,-0.000016,0.000000,-0.000073,0.000000
56151.871426,-1,-0.006424,-0.000118,0.092919,0.004505,0.005909,-0.000030,0.999999,-0.001327,0.000944,-0.000016,-0.000047,-0.000001,0.000000
56151.921385,-1,-0.006377,-0.000056,0.092918,0.004490,0.005981,-0.000013,0.999999,-0.001308,0.000932,-0.000016,0.000682,0.000000,0.000000
56151.971413,-1,-0.006382,-0.000056,0.092915,0.004574,0.006184,-0.000027,0.999999,-0.001289,0.000924,-0.000016,-0.000047,0.000000,0.000000
56152.021422,-1,-0.006380,-0.000042,0.092910,0.004539,0.006210,-0.000081,0.999999,-0.001270,0.000924,-0.000016,0.000867,0.000000,0.000000
56152.071384,-1,-0.006381,-0.000028,0.092904,0.004368,0.006031,-0.000087,0.999999,-0.001250,0.000931,-0.000016,0.000198,0.000000,0.000000
56152.121419,-1,-0.006383,-0.000016,0.092900,0.004482,0.006199,-0.000087,0.999999,-0.001233,0.000940,-0.000016,0.001063,0.000000,0.000000
56152.171417,-1,-0.006386,-0.000007,0.092899,0.004475,0.006157,-0.000073,0.999999,-0.001225,0.000956,-0.000016,-0.000006,0.001101,0.000000
56152.221413,-1,-0.006388,-0.000002,0.092902,0.004482,0.006100,-0.000038,0.999999,-0.001220,0.000965,-0.000016,0.000003,-0.000004,0.000000
56152.271414,-1,-0.006388,-0.000003,0.092907,0.004501,0.006039,0.000000,0.999999,-0.001224,0.000972,-0.000016,-0.000449,-0.000005,0.000000
56152.321419,-1,-0.006385,-0.000007,0.092911,0.004536,0.005978,0.000000,0.999999,-0.001231,0.000972,-0.000016,-0.000680,0.000000,0.000000
56152.371412,-1,-0.006378,-0.000015,0.092912,0.004578,0.005928,-0.000070,0.999999,-0.001250,0.000972,-0.000016,-0.001065,0.000000,0.000000
56152.421371,-1,-0.006367,-0.000024,0.092911,0.004627,0.005901,-0.000051,0.999999,-0.001271,0.000972,-0.000016,-0.001065,0.000000,0.000000
56152.471424,-1,-0.006352,-0.000033,0.092909,0.004677,0.005901,-0.000044,0.999999,-0.001292,0.000955,-0.000022,-0.001064,-0.000682,0.000000
56152.521416,-1,-0.006333,-0.000040,0.092906,0.004711,0.005924,-0.000044,0.999999,-0.001303,0.000936,-0.000022,0.000040,-0.001066,0.000000
56152.571408,-1,-0.006314,-0.000044,0.092903,0.004719,0.005962,-0.000044,0.999999,-0.001308,0.000913,-0.000021,-0.001068,-0.001016,0.000000
56152.621412,-1,-0.006295,-0.000045,0.092901,0.004707,0.006016,-0.000044,0.999999,-0.001308,0.000895,-0.000021,0.000000,0.000003,0.000000
56152.671429,-1,-0.006281,-0.000042,0.092899,0.004669,0.006062,-0.000037,0.999999,-0.001302,0.000882,-0.000021,0.000449,-0.001069,0.000000
56152.721425,-1,-0.006267,-0.000036,0.092899,0.004601,0.006088,-0.000017,0.999999,-0.001286,0.000867,-0.000021,0.001063,-0.000852,0.000000
56152.771437,-1,-0.006258,-0.000030,0.092901,0.004532,0.006111,0.000000,0.999999,-0.001270,0.000865,-0.000021,-0.000003,0.000000,0.000000
56152.821432,-1,-0.006254,-0.000023,0.092903,0.004459,0.006111,0.000000,0.999999,-0.001259,0.000865,-0.000021,0.000051,0.000000,0.000000
56152.871440,-1,-0.006255,-0.000017,0.092904,0.004387,0.006096,0.000000,0.999999,-0.001244,0.000877,-0.000021,0.001063,0.001068,0.000000
56152.921418,-1,-0.006302,-0.000074,0.092904,0.004135,0.005791,0.000000,0.999999,-0.001239,0.000893,-0.000022,-0.000004,0.001063,0.000000
56152.971411,-1,-0.006310,-0.000075,0.092902,0.004101,0.005749,0.000000,0.999999,-0.001240,0.000923,-0.000022,0.000041,0.001026,0.000000
56153.021422,-1,-0.006318,-0.000078,0.092900,0.004105,0.005718,0.000000,0.999999,-0.001247,0.000946,-0.000022,0.000038,0.001065,0.000000
56153.071443,-1,-0.006324,-0.000084,0.092896,0.004131,0.005695,0.000000,0.999999,-0.001255,0.000964,-0.000022,-0.000992,0.000073,0.000000
56153.121405,-1,-0.006327,-0.000091,0.092894,0.004177,0.005684,-0.000004,0.999999,-0.001263,0.000975,-0.000022,-0.001101,0.000001,0.000000
56153.171401,-1,-0.006327,-0.000097,0.092892,0.004238,0.005688,-0.000000,0.999999,-0.001279,0.000975,-0.000022,0.000036,0.000000,0.000000
56153.221399,-1,-0.006322,-0.000102,0.092893,0.004295,0.005707,0.000000,0.999999,-0.001288,0.000974,-0.000022,0.000000,-0.000855,0.000000
56153.271445,-1,-0.006300,-0.000085,0.092894,0.004349,0.005741,0.000000,0.999999,-0.001295,0.000958,-0.000022,0.000000,-0.000616,0.000000
56153.321413,-1,-0.006303,-0.000103,0.092896,0.004379,0.005779,0.000000,0.999999,-0.001291,0.000938,-0.000022,-0.000042,0.000003,0.000000
56153.371414,-1,-0.006278,-0.000080,0.092898,0.004387,0.005814,0.000000,0.999999,-0.001284,0.000918,-0.000021,-0.000037,0.000024,0.000000
56153.421405,-1,-0.006268,-0.000075,0.092899,0.004368,0.005836,0.000000,0.999999,-0.001276,0.000904,-0.000021,0.000002,-0.000680,0.000000
56153.471424,-1,-0.006261,-0.000071,0.092900,0.004311,0.005814,0.000000,0.999999,-0.001264,0.000894,-0.000021,0.000002,0.000000,0.000000
56153.521465,-1,-0.006267,-0.000079,0.092898,0.004227,0.005760,0.000000,0.999999,-0.001264,0.000894,-0.000021,0.000449,0.000000,0.000000
56153.571434,-1,-0.006259,-0.000065,0.092894,0.004215,0.005798,-0.000081,0.999999,-0.001265,0.000908,-0.000021,-0.000072,0.000073,0.000000
56153.621413,-1,-0.006272,-0.000077,0.092891,0.004120,0.005695,-0.000073,0.999999,-0.001276,0.000924,-0.000022,-0.000071,0.000451,0.000000
56153.671396,-1,-0.006263,-0.000059,0.092892,0.004189,0.005810,-0.000039,0.999999,-0.001292,0.000947,-0.000022,-0.000001,0.000682,0.000000
56153.721408,-1,-0.006267,-0.000059,0.092897,0.004131,0.005730,0.000000,0.999999,-0.001289,0.000954,-0.000022,0.000992,0.000000,0.000000
56153.771413,-1,-0.006279,-0.000070,0.092903,0.004158,0.005745,0.000000,0.999999,-0.001278,0.000954,-0.000022,-0.000051,0.000000,0.000000
56153.821411,-1,-0.006264,-0.000048,0.092908,0.004269,0.005863,0.000000,0.999999,-0.001282,0.000963,-0.000022,0.000025,0.000000,0.000000
56153.871415,-1,-0.006263,-0.000048,0.092910,0.004230,0.005768,0.000000,0.999999,-0.001269,0.000954,-0.000015,-0.000006,-0.000002,0.000001
56153.921409,-1,-0.006265,-0.000057,0.092910,0.004330,0.005859,-0.000083,0.999999,-0.001261,0.000944,-0.000015,0.000001,-0.000681,0.000000
56153.971354,-1,-0.006249,-0.000043,0.092908,0.004303,0.005783,-0.000069,0.999999,-0.001261,0.000935,-0.000015,0.000000,0.000000,0.000000
56154.021403,-1,-0.006253,-0.000060,0.092906,0.004246,0.005669,-0.000056,0.999999,-0.001268,0.000935,-0.000015,0.000001,0.000000,0.000000
56154.071409,-1,-0.006250,-0.000069,0.092903,0.004238,0.005650,-0.000053,0.999999,-0.001279,0.000935,-0.000015,-0.001068,0.000000,0.000000
56154.121409,-1,-0.006243,-0.000067,0.092901,0.004246,0.005672,-0.000047,0.999999,-0.001297,0.000935,-0.000015,-0.000002,0.000000,0.000000
56154.171418,-1,-0.006241,-0.000073,0.092898,0.004234,0.005680,-0.000050,0.999999,-0.001297,0.000935,-0.000015,0.000000,0.000000,0.000000
56154.221402,-1,-0.006201,-0.000025,0.092892,0.004292,0.005802,-0.000056,0.999999,-0.001304,0.000935,-0.000015,0.000014,0.000000,0.000000
56154.271408,-1,-0.006230,-0.000064,0.092890,0.004204,0.005730,-0.000055,0.999999,-0.001297,0.000935,-0.000015,0.000071,0.000000,0.000000
56154.321363,-1,-0.006239,-0.000069,0.092889,0.004204,0.005787,-0.000038,0.999999,-0.001303,0.000935,-0.000015,0.000043,0.000000,0.000000
56154.371352,-1,-0.006254,-0.000077,0.092891,0.004162,0.005798,0.000000,0.999999,-0.001289,0.000944,-0.000015,-0.000051,0.000000,0.000000
56154.421406,-1,-0.006251,-0.000058,0.092895,0.004181,0.005856,0.000000,0.999999,-0.001274,0.000951,-0.000015,-0.000051,0.000000,0.000000
56154.471411,-1,-0.006262,-0.000055,0.092900,0.004192,0.005882,0.000000,0.999999,-0.001274,0.000968,-0.000015,0.000000,0.001065,0.000000
56154.521402,-1,-0.006272,-0.000052,0.092902,0.004169,0.005836,0.000000,0.999999,-0.001269,0.000977,-0.000015,0.001116,0.000001,0.000000
56154.571406,-1,-0.006282,-0.000051,0.092902,0.004208,0.005840,0.000000,0.999999,-0.001268,0.000985,-0.000015,0.000000,0.000001,0.000000
56154.621366,-1,-0.006288,-0.000052,0.092897,0.004307,0.005890,-0.000080,0.999999,-0.001268,0.000991,-0.000015,0.000864,0.000000,0.000000
56154.671399,-1,-0.006292,-0.000056,0.092894,0.004341,0.005867,-0.000078,0.999999,-0.001261,0.000991,-0.000020,0.000000,0.000000,0.000037
56154.721392,-1,-0.006293,-0.000064,0.092892,0.004379,0.005829,-0.000069,0.999999,-0.001261,0.000985,-0.000020,0.000000,0.000000,0.000000
56154.771385,-1,-0.006292,-0.000075,0.092893,0.004414,0.005787,-0.000046,0.999999,-0.001270,0.000980,-0.000020,0.000006,-0.000001,0.000000
56154.821408,-1,-0.006290,-0.000089,0.092897,0.004436,0.005753,0.000000,0.999999,-0.001285,0.000974,-0.000020,-0.000615,0.000000,0.000000
56154.871402,-1,-0.006289,-0.000103,0.092903,0.004444,0.005741,0.000000,0.999999,-0.001298,0.000967,-0.000020,0.000047,0.000036,0.000000
56154.921401,-1,-0.006288,-0.000118,0.092909,0.004436,0.005741,0.000000,0.999999,-0.001307,0.000961,-0.000024,-0.000002,0.000000,-0.001068
56154.971402,-1,-0.006290,-0.000131,0.092912,0.004421,0.005760,0.000000,0.999999,-0.001322,0.000955,-0.000024,-0.001090,0.000000,0.000000
56155.021399,-1,-0.006293,-0.000140,0.092912,0.004383,0.005779,-0.000153,0.999999,-0.001322,0.000955,-0.000024,-0.000992,0.000000,0.000000
56155.071422,-1,-0.006300,-0.000147,0.092911,0.004345,0.005825,-0.000127,0.999999,-0.001327,0.000950,-0.000024,0.000000,0.000000,0.000000
56155.121467,-1,-0.006311,-0.000151,0.092914,0.004307,0.005875,-0.000090,0.999999,-0.001327,0.000959,-0.000024,0.000000,0.001068,0.000000
56155.171415,-1,-0.006325,-0.000151,0.092919,0.004280,0.005932,-0.000047,0.999999,-0.001327,0.000973,-0.000024,0.001106,0.000385,0.000000
56155.221404,-1,-0.006340,-0.000147,0.092924,0.004269,0.005981,0.000000,0.999999,-0.001312,0.000985,-0.000024,0.000201,0.000682,0.000000
56155.271406,-1,-0.006355,-0.000140,0.092927,0.004272,0.006016,-0.000008,0.999999,-0.001296,0.000998,-0.000024,-0.000024,0.001072,0.000000
56155.321410,-1,-0.006365,-0.000127,0.092926,0.004299,0.006027,-0.000124,0.999999,-0.001286,0.001013,-0.000024,0.000992,-0.000014,0.000000
56155.371395,-1,-0.006380,-0.000125,0.092925,0.004314,0.005997,-0.000101,0.999999,-0.001274,0.001022,-0.000024,0.000000,-0.000036,0.000000
56155.421402,-1,-0.006389,-0.000119,0.092925,0.004372,0.005989,-0.000082,0.999999,-0.001269,0.001030,-0.000024,0.000000,0.000000,0.000000
56155.471415,-1,-0.006392,-0.000115,0.092924,0.004440,0.005974,-0.000069,0.999999,-0.001269,0.001035,-0.000024,0.000000,0.000000,0.000000
56155.521351,-1,-0.006359,-0.000071,0.092920,0.004650,0.006142,-0.000084,0.999999,-0.001275,0.001027,-0.000024,0.000000,-0.001101,0.000000
56155.571423,-1,-0.006352,-0.000070,0.092914,0.004570,0.005939,-0.000085,0.999999,-0.001282,0.001017,-0.000024,-0.000384,-0.001063,0.000000
56155.621357,-1,-0.006342,-0.000068,0.092908,0.004768,0.006126,-0.000091,0.999999,-0.001282,0.001006,-0.000024,-0.000992,-0.001068,0.000000
56155.671401,-1,-0.006330,-0.000066,0.092903,0.004654,0.005951,-0.000092,0.999999,-0.001288,0.000984,-0.000024,0.000000,-0.001108,0.000000
56155.721400,-1,-0.006318,-0.000062,0.092899,0.004799,0.006149,-0.000088,0.999999,-0.001294,0.000963,-0.000024,-0.000864,-0.001063,0.000000
56155.771352,-1,-0.006308,-0.000057,0.092899,0.004642,0.005989,-0.000071,0.999999,-0.001293,0.000952,-0.000024,0.000000,-0.000073,0.000000
56155.821398,-1,-0.006301,-0.000049,0.092902,0.004608,0.006008,-0.000034,0.999999,-0.001280,0.000944,-0.000024,0.001101,0.000000,0.000000
56155.871417,-1,-0.006298,-0.000043,0.092906,0.004688,0.006184,0.000000,0.999999,-0.001272,0.000940,-0.000024,0.000614,0.000000,0.000000
56155.921405,-1,-0.006299,-0.000035,0.092912,0.004635,0.006180,0.000000,0.999999,-0.001265,0.000940,-0.000024,-0.000024,0.000000,0.000000
56155.971390,-1,-0.006348,-0.000087,0.092915,0.004387,0.005909,-0.000074,0.999999,-0.001260,0.000955,-0.000024,-0.000047,0.000616,0.000000
56156.021393,-1,-0.006356,-0.000084,0.092915,0.004353,0.005875,-0.000079,0.999999,-0.001258,0.000974,-0.000024,0.000000,-0.000024,0.000000
56156.071387,-1,-0.006363,-0.000082,0.092914,0.004345,0.005859,-0.000067,0.999999,-0.001258,0.000986,-0.000024,0.000000,-0.000001,0.000000
56156.121388,-1,-0.006370,-0.000082,0.092913,0.004353,0.005833,-0.000051,0.999999,-0.001258,0.000999,-0.000024,0.000000,0.000212,0.000000
56156.171394,-1,-0.006376,-0.000084,0.092911,0.004375,0.005806,-0.000044,0.999999,-0.001259,0.001008,-0.000024,-0.000680,0.000992,0.000000
56156.221395,-1,-0.006378,-0.000087,0.092907,0.004414,0.005787,-0.000050,0.999999,-0.001270,0.001013,-0.000024,-0.001052,0.000000,0.000000
56156.271396,-1,-0.006377,-0.000090,0.092903,0.004459,0.005775,-0.000058,0.999999,-0.001271,0.001013,-0.000024,0.000000,0.000000,0.000000
56156.321397,-1,-0.006371,-0.000093,0.092898,0.004509,0.005772,-0.000065,0.999999,-0.001278,0.001007,-0.000024,0.000000,-0.001072,0.000000
56156.371394,-1,-0.006362,-0.000096,0.092894,0.004555,0.005779,-0.000067,0.999999,-0.001285,0.000993,-0.000024,-0.001067,0.000003,0.000000
56156.421385,-1,-0.006337,-0.000077,0.092893,0.004581,0.005795,-0.000055,0.999999,-0.001287,0.000979,-0.000024,0.000000,-0.000001,0.000000
56156.471393,-1,-0.006326,-0.000076,0.092895,0.004593,0.005814,-0.000012,0.999999,-0.001281,0.000963,-0.000024,0.000003,-0.001063,0.000000
56156.521389,-1,-0.006329,-0.000093,0.092900,0.004581,0.005821,0.000000,0.999999,-0.001276,0.000945,-0.000024,-0.000025,-0.000615,0.000000
56156.571394,-1,-0.006320,-0.000093,0.092904,0.004543,0.005817,0.000000,0.999999,-0.001276,0.000938,-0.000024,0.000000,0.000000,0.001106
56156.621397,-1,-0.006315,-0.000092,0.092907,0.004501,0.005798,0.000000,0.999999,-0.001276,0.000932,-0.000019,0.000237,-0.000001,0.000000
56156.671414,-1,-0.006298,-0.000075,0.092907,0.004452,0.005787,-0.000061,0.999999,-0.001273,0.000932,-0.000019,0.000000,0.001068,0.000000
56156.721403,-1,-0.006298,-0.000079,0.092905,0.004410,0.005764,-0.000128,0.999999,-0.001273,0.000940,-0.000019,0.000000,0.001101,0.000000
56156.771400,-1,-0.006316,-0.000107,0.092906,0.004383,0.005733,-0.000100,0.999999,-0.001273,0.000956,-0.000019,-0.001090,0.000386,0.000000
56156.821396,-1,-0.006304,-0.000098,0.092909,0.004372,0.005707,-0.000063,0.999999,-0.001287,0.000973,-0.000019,0.000041,-0.000014,0.000000
56156.871396,-1,-0.006307,-0.000111,0.092916,0.004356,0.005665,0.000000,0.999999,-0.001300,0.000985,-0.000019,-0.001065,0.000002,0.000000
56156.921403,-1,-0.006309,-0.000126,0.092923,0.004436,0.005741,0.000000,0.999999,-0.001318,0.000993,-0.000019,-0.000386,0.001106,0.000000
56156.971396,-1,-0.006307,-0.000139,0.092926,0.004482,0.005768,-0.000068,0.999999,-0.001336,0.001000,-0.000019,0.000006,0.000000,0.000000
56157.021392,-1,-0.006301,-0.000150,0.092927,0.004536,0.005814,-0.000039,0.999999,-0.001348,0.001002,-0.000019,0.000000,0.000000,0.000000
56157.071389,-1,-0.006291,-0.000158,0.092926,0.004593,0.005871,-0.000081,0.999999,-0.001354,0.000990,-0.000019,0.000000,0.000014,0.000000
56157.121391,-1,-0.006277,-0.000161,0.092922,0.004585,0.005867,-0.000079,0.999999,-0.001354,0.000974,-0.000019,0.000000,-0.000213,0.000000
56157.171357,-1,-0.006261,-0.000161,0.092916,0.004654,0.005997,-0.000084,0.999999,-0.001353,0.000958,-0.000019,0.001116,-0.001090,0.000000
56157.221385,-1,-0.006241,-0.000156,0.092908,0.004642,0.006039,-0.000089,0.999999,-0.001338,0.000932,-0.000019,0.001067,-0.001066,0.000000
56157.271339,-1,-0.006226,-0.000151,0.092904,0.004623,0.006077,-0.000090,0.999999,-0.001322,0.000914,-0.000019,0.001065,-0.001064,0.000000
56157.321388,-1,-0.006215,-0.000146,0.092902,0.004589,0.006104,-0.000081,0.999999,-0.001314,0.000909,-0.000019,0.000000,0.000000,0.000000
56157.371389,-1,-0.006207,-0.000141,0.092903,0.004444,0.005978,-0.000059,0.999999,-0.001303,0.000909,-0.000019,0.000000,0.000000,0.000000
56157.421379,-1,-0.006201,-0.000138,0.092904,0.004456,0.006050,-0.000023,0.999999,-0.001303,0.000918,-0.000019,-0.001067,0.000001,0.000000
56157.471390,-1,-0.006198,-0.000135,0.092906,0.004429,0.006058,0.000000,0.999999,-0.001307,0.000928,-0.000019,0.000000,0.001112,0.000000
56157.521382,-1,-0.006190,-0.000124,0.092907,0.004406,0.006046,0.000000,0.999999,-0.001307,0.000945,-0.000019,0.000000,0.000201,0.000000
56157.571389,-1,-0.006195,-0.000133,0.092907,0.004379,0.006001,0.000000,0.999999,-0.001299,0.000946,-0.000019,0.000000,0.001068,0.000000
56157.621384,-1,-0.006192,-0.000134,0.092904,0.004398,0.006001,0.000000,0.999999,-0.001307,0.000961,-0.000019,-0.000001,-0.000005,0.000000
56157.671384,-1,-0.006188,-0.000136,0.092899,0.004429,0.006004,-0.000010,0.999999,-0.001311,0.000961,-0.000019,-0.000001,0.000000,0.000000
56157.721386,-1,-0.006179,-0.000138,0.092894,0.004475,0.006020,-0.000036,0.999999,-0.001317,0.000966,-0.000019,0.000992,-0.000680,0.000000
56157.771386,-1,-0.006139,-0.000098,0.092889,0.004627,0.006191,-0.000044,0.999999,-0.001310,0.000950,-0.000019,0.000000,-0.001067,0.000000
56157.821388,-1,-0.006127,-0.000100,0.092888,0.004642,0.006191,-0.000034,0.999999,-0.001310,0.000932,-0.000019,0.000000,-0.000201,0.000000
56157.871427,-1,-0.006114,-0.000102,0.092889,0.004639,0.006187,-0.000009,0.999999,-0.001310,0.000924,-0.000019,0.000000,-0.000001,0.000000
56157.921377,-1,-0.006103,-0.000105,0.092892,0.004623,0.006176,0.000000,0.999999,-0.001310,0.000918,-0.000019,0.000000,0.000000,0.000000
56157.971387,-1,-0.006093,-0.000110,0.092896,0.004593,0.006168,0.000000,0.999999,-0.001310,0.000908,-0.000019,0.000000,-0.000992,0.000000
56158.021383,-1,-0.006086,-0.000115,0.092899,0.004551,0.006165,0.000000,0.999999,-0.001320,0.000902,-0.000018,-0.000207,0.000000,0.000000
56158.071377,-1,-0.006084,-0.000120,0.092901,0.004498,0.006172,0.000000,0.999999,-0.001320,0.000898,-0.000018,0.000449,-0.000002,0.000000
56158.121370,-1,-0.006086,-0.000124,0.092901,0.004440,0.006172,0.000000,0.999999,-0.001313,0.000902,-0.000018,0.000000,0.001101,0.000000
56158.171352,-1,-0.006092,-0.000128,0.092897,0.004391,0.006165,-0.000018,0.999999,-0.001313,0.000919,-0.000019,0.000000,0.000386,0.000000
56158.221382,-1,-0.006100,-0.000134,0.092893,0.004360,0.006153,-0.000032,0.999999,-0.001313,0.000932,-0.000019,0.000000,-0.000001,0.000000
56158.271389,-1,-0.006152,-0.000202,0.092890,0.004345,0.006142,-0.000037,0.999999,-0.001313,0.000946,-0.000019,0.000000,0.001112,0.000000
56158.321384,-1,-0.006142,-0.000182,0.092889,0.004189,0.005898,-0.000020,0.999999,-0.001325,0.000968,-0.000019,0.000006,0.001065,0.000000
56158.371388,-1,-0.006154,-0.000199,0.092891,0.004185,0.005852,0.000000,0.999999,-0.001338,0.000984,-0.000019,-0.000001,-0.000005,0.000000
56158.421385,-1,-0.006132,-0.000171,0.092895,0.004368,0.006069,0.000000,0.999999,-0.001364,0.000994,-0.000019,-0.001066,0.000451,0.000000
56158.471383,-1,-0.006131,-0.000175,0.092902,0.004421,0.006104,0.000000,0.999999,-0.001381,0.001001,-0.000019,-0.000201,0.000000,0.000000
56158.521391,-1,-0.006146,-0.000205,0.092906,0.004356,0.005981,-0.000059,0.999999,-0.001387,0.001000,-0.000019,0.000006,-0.001106,0.000000
56158.571400,-1,-0.006118,-0.000176,0.092907,0.004520,0.006199,-0.000071,0.999999,-0.001386,0.000982,-0.000019,0.000000,-0.001079,0.000000
56158.621362,-1,-0.006104,-0.000166,0.092909,0.004566,0.006279,-0.000039,0.999999,-0.001376,0.000956,-0.000019,0.001065,-0.001065,0.000000
56158.671385,-1,-0.006081,-0.000143,0.092910,0.004627,0.006405,-0.000009,0.999999,-0.001361,0.000934,-0.000018,-0.000006,-0.001065,0.000000
56158.721384,-1,-0.006109,-0.000187,0.092911,0.004425,0.006161,0.000000,0.999999,-0.001345,0.000914,-0.000018,0.000804,-0.000673,0.000000
56158.771393,-1,-0.006079,-0.000148,0.092911,0.004433,0.006233,0.000000,0.999999,-0.001326,0.000900,-0.000018,0.002155,-0.001063,0.000000
56158.821378,-1,-0.006079,-0.000148,0.092910,0.004410,0.006252,0.000000,0.999999,-0.001285,0.000875,-0.000018,0.001062,-0.000682,0.000000
56158.871388,-1,-0.006057,-0.000114,0.092906,0.004353,0.006226,-0.000002,0.999999,-0.001256,0.000866,-0.000018,0.001065,0.000000,0.000000
56158.921380,-1,-0.006067,-0.000124,0.092901,0.004280,0.006149,-0.000032,0.999999,-0.001229,0.000860,-0.000019,-0.000024,0.000000,0.000000
56158.971379,-1,-0.006055,-0.000101,0.092895,0.004200,0.006050,-0.000061,0.999999,-0.001223,0.000871,-0.000019,0.000000,-0.000024,0.000000
56159.021377,-1,-0.006063,-0.000106,0.092890,0.004181,0.006004,-0.000066,0.999999,-0.001223,0.000888,-0.000019,-0.000449,0.000854,0.000000
56159.071373,-1,-0.006087,-0.000138,0.092888,0.004032,0.005745,-0.000061,0.999999,-0.001250,0.000913,-0.000019,-0.002131,0.001451,0.000000
56159.121388,-1,-0.006086,-0.000138,0.092888,0.004101,0.005787,-0.000031,0.999999,-0.001298,0.000957,-0.000019,-0.001681,0.001068,0.000000
56159.171365,-1,-0.006097,-0.000159,0.092893,0.004116,0.005745,0.000000,0.999999,-0.001332,0.000982,-0.000019,-0.002129,0.001023,0.000000
56159.221376,-1,-0.006117,-0.000197,0.092900,0.004108,0.005665,0.000000,0.999999,-0.001366,0.001002,-0.000019,-0.002137,0.000073,0.000000
56159.271386,-1,-0.006119,-0.000215,0.092908,0.004208,0.005741,0.000016,0.999999,-0.001401,0.001012,-0.000019,-0.001065,0.000000,0.000000
56159.321383,-1,-0.006116,-0.000229,0.092911,0.004311,0.005844,-0.000114,0.999998,-0.001419,0.001007,-0.000019,-0.000680,-0.001016,0.000000
56159.371382,-1,-0.006108,-0.000237,0.092913,0.004395,0.005959,-0.000087,0.999998,-0.001426,0.000989,-0.000018,0.000000,-0.001065,0.000000
56159.421366,-1,-0.006096,-0.000238,0.092916,0.004448,0.006073,-0.000060,0.999999,-0.001421,0.000962,-0.000018,0.001065,-0.001065,0.000000
56159.471390,-1,-0.006083,-0.000234,0.092916,0.004475,0.006168,-0.000029,0.999999,-0.001399,0.000932,-0.000018,0.001012,-0.001012,0.000000
56159.521374,-1,-0.006070,-0.000225,0.092916,0.004463,0.006233,-0.000014,0.999999,-0.001377,0.000908,-0.000018,0.001065,-0.001065,0.000000
56159.571392,-1,-0.006059,-0.000214,0.092913,0.004421,0.006268,-0.000126,0.999999,-0.001344,0.000882,-0.000018,0.001067,0.000047,0.000000
56159.621364,-1,-0.006053,-0.000203,0.092910,0.004349,0.006264,-0.000112,0.999999,-0.001314,0.000868,-0.000018,-0.000040,0.000000,0.000000
56159.671376,-1,-0.006052,-0.000195,0.092910,0.004265,0.006226,-0.000089,0.999999,-0.001293,0.000866,-0.000018,0.001065,0.000039,0.000000
56159.721375,-1,-0.006057,-0.000191,0.092913,0.004173,0.006161,-0.000061,0.999999,-0.001276,0.000876,-0.000018,-0.000014,-0.000040,0.000000
56159.771377,-1,-0.006069,-0.000192,0.092917,0.004093,0.006081,-0.000006,0.999999,-0.001272,0.000896,-0.000018,0.000001,0.001065,0.000000
56159.821372,-1,-0.006083,-0.000199,0.092920,0.004044,0.005993,-0.000076,0.999999,-0.001274,0.000922,-0.000019,-0.001063,0.001065,0.000000
56159.871374,-1,-0.006100,-0.000211,0.092919,0.004025,0.005913,-0.000163,0.999999,-0.001294,0.000955,-0.000019,-0.001065,0.001065,0.000000
56159.921370,-1,-0.006116,-0.000228,0.092922,0.004040,0.005859,-0.000121,0.999999,-0.001312,0.000977,-0.000019,-0.001065,0.001064,0.000000
56159.971377,-1,-0.006130,-0.000246,0.092927,0.004086,0.005833,-0.000077,0.999999,-0.001339,0.001003,-0.000019,-0.001065,-0.000014,0.000000
56160.021367,-1,-0.006140,-0.000264,0.092931,0.004150,0.005836,-0.000031,0.999999,-0.001365,0.001011,-0.000019,-0.001065,0.000000,0.000000
56160.071372,-1,-0.006130,-0.000259,0.092931,0.004230,0.005878,-0.000175,0.999999,-0.001392,0.001015,-0.000019,0.000024,0.000000,0.000000
56160.121435,-1,-0.006130,-0.000270,0.092931,0.004311,0.005939,-0.000138,0.999999,-0.001402,0.001006,-0.000019,-0.000002,-0.001112,0.000000
56160.171367,-1,-0.006125,-0.000276,0.092933,0.004372,0.006016,-0.000102,0.999999,-0.001402,0.000981,-0.000018,0.000000,-0.001065,0.000000
56160.221366,-1,-0.006117,-0.000277,0.092934,0.004444,0.006149,-0.000077,0.999999,-0.001400,0.000959,-0.000018,0.001079,-0.001065,0.000000
56160.271369,-1,-0.006109,-0.000273,0.092933,0.004456,0.006222,-0.000066,0.999999,-0.001389,0.000938,-0.000018,0.000615,-0.001063,0.000000
56160.321375,-1,-0.006101,-0.000265,0.092929,0.004444,0.006283,-0.000072,0.999999,-0.001378,0.000922,-0.000018,0.001068,-0.001067,0.000000
56160.371376,-1,-0.006096,-0.000255,0.092923,0.004410,0.006321,-0.000081,0.999999,-0.001353,0.000906,-0.000018,0.001065,-0.000614,0.000000
56160.421373,-1,-0.006094,-0.000245,0.092915,0.004356,0.006329,-0.000091,0.999999,-0.001333,0.000902,-0.000018,0.001065,0.000000,0.000000
56160.471373,-1,-0.006107,-0.000252,0.092908,0.004223,0.006203,-0.000101,0.999999,-0.001318,0.000902,-0.000018,-0.000006,0.000000,0.000000
56160.521365,-1,-0.006114,-0.000246,0.092900,0.004154,0.006142,-0.000105,0.999999,-0.001314,0.000921,-0.000018,-0.001052,0.001065,0.000000
56160.571372,-1,-0.006112,-0.000227,0.092896,0.004192,0.006203,-0.000097,0.999999,-0.001324,0.000942,-0.000018,0.000025,0.001063,0.000000
56160.621370,-1,-0.006132,-0.000240,0.092898,0.004108,0.006058,-0.000070,0.999999,-0.001318,0.000961,-0.000019,0.000000,0.001065,0.000000
56160.671368,-1,-0.006143,-0.000245,0.092903,0.004112,0.006008,-0.000006,0.999999,-0.001327,0.000981,-0.000019,-0.000992,0.000013,0.000000
56160.721371,-1,-0.006148,-0.000246,0.092911,0.004166,0.006012,0.000000,0.999999,-0.001351,0.000998,-0.000019,0.000051,0.000002,0.000000
56160.771370,-1,-0.006149,-0.000247,0.092918,0.004257,0.006069,0.000000,0.999999,-0.001370,0.001006,-0.000019,0.000051,0.000000,0.000000
56160.821368,-1,-0.006132,-0.000224,0.092919,0.004349,0.006138,-0.000157,0.999999,-0.001378,0.001002,-0.000019,0.000000,-0.000199,0.000000
56160.871370,-1,-0.006124,-0.000219,0.092922,0.004417,0.006203,-0.000112,0.999999,-0.001378,0.000982,-0.000018,0.000992,-0.001016,0.000000
56160.921367,-1,-0.006128,-0.000229,0.092928,0.004456,0.006256,-0.000068,0.999999,-0.001361,0.000961,-0.000018,0.000616,-0.001065,0.000000
56160.971376,-1,-0.006117,-0.000217,0.092933,0.004463,0.006290,-0.000034,0.999999,-0.001346,0.000934,-0.000018,0.000451,0.000047,0.000000
56161.021364,-1,-0.006095,-0.000184,0.092936,0.004440,0.006298,-0.000068,0.999999,-0.001323,0.000914,-0.000018,0.000994,0.000047,0.000000
56161.071357,-1,-0.006103,-0.000192,0.092937,0.004395,0.006279,-0.000054,0.999999,-0.001308,0.000904,-0.000018,0.001116,0.000000,0.000000
56161.121367,-1,-0.006087,-0.000163,0.092933,0.004333,0.006245,-0.000179,0.999999,-0.001293,0.000901,-0.000018,-0.000040,0.000027,0.000000
56161.171363,-1,-0.006091,-0.000157,0.092930,0.004265,0.006187,-0.000151,0.999999,-0.001283,0.000905,-0.000018,-0.000014,0.001014,0.000000
56161.221357,-1,-0.006099,-0.000156,0.092929,0.004204,0.006119,-0.000123,0.999999,-0.001279,0.000923,-0.000018,-0.000049,0.001016,0.000000
56161.271436,-1,-0.006110,-0.000159,0.092930,0.004215,0.006111,-0.000097,0.999999,-0.001280,0.000943,-0.000019,-0.001072,-0.000003,0.000000
56161.321366,-1,-0.006123,-0.000168,0.092930,0.004116,0.005924,-0.000074,0.999999,-0.001298,0.000964,-0.000025,-0.002155,0.001065,0.000052
56161.371349,-1,-0.006136,-0.000181,0.092929,0.004139,0.005894,-0.000064,0.999999,-0.001336,0.000987,-0.000025,0.000049,0.001112,0.000000
56161.421379,-1,-0.006146,-0.000194,0.092926,0.004185,0.005898,-0.000082,0.999999,-0.001358,0.001008,-0.000025,-0.002134,0.001107,0.000000
56161.471345,-1,-0.006152,-0.000205,0.092920,0.004257,0.005932,-0.000108,0.999999,-0.001382,0.001019,-0.000025,-0.001065,0.001052,0.000000
56161.521370,-1,-0.006153,-0.000213,0.092915,0.004383,0.006058,-0.000105,0.999999,-0.001397,0.001022,-0.000025,0.000001,-0.001112,0.000000
56161.571355,-1,-0.006148,-0.000217,0.092911,0.004456,0.006126,-0.000098,0.999999,-0.001397,0.001006,-0.000025,0.000000,-0.001016,0.000000
56161.621365,-1,-0.006141,-0.000216,0.092908,0.004505,0.006203,-0.000087,0.999999,-0.001397,0.000987,-0.000025,0.000000,-0.000187,0.000000
56161.671356,-1,-0.006131,-0.000208,0.092907,0.004536,0.006279,-0.000073,0.999999,-0.001388,0.000969,-0.000025,0.001065,-0.001067,0.000000
56161.721391,-1,-0.006121,-0.000196,0.092908,0.004536,0.006344,-0.000054,0.999999,-0.001368,0.000942,-0.000025,0.001065,-0.001065,0.000000
56161.771364,-1,-0.006113,-0.000181,0.092908,0.004501,0.006371,-0.000025,0.999999,-0.001347,0.000924,-0.000025,0.001065,0.000047,0.000000
56161.821361,-1,-0.006108,-0.000164,0.092909,0.004456,0.006390,-0.000002,0.999999,-0.001326,0.000916,-0.000025,0.001065,0.000000,0.000000
56161.871346,-1,-0.006107,-0.000147,0.092909,0.004402,0.006382,0.000000,0.999999,-0.001305,0.000912,-0.000025,0.001063,0.000025,0.000000
56161.921373,-1,-0.006111,-0.000133,0.092907,0.004337,0.006348,0.000000,0.999999,-0.001284,0.000919,-0.000025,0.000682,0.000072,0.000000
56161.971387,-1,-0.006119,-0.000122,0.092903,0.004284,0.006287,-0.000013,0.999999,-0.001269,0.000930,-0.000025,0.001017,0.000213,0.000000
56162.021357,-1,-0.006131,-0.000117,0.092899,0.004238,0.006199,-0.000033,0.999999,-0.001265,0.000952,-0.000025,0.000000,0.000035,0.000000
56162.071399,-1,-0.006143,-0.000117,0.092893,0.004227,0.006119,-0.000053,0.999999,-0.001269,0.000975,-0.000025,-0.001079,0.001065,0.000000
56162.121398,-1,-0.006155,-0.000122,0.092889,0.004250,0.006054,-0.000061,0.999999,-0.001287,0.000994,-0.000025,-0.001065,0.001072,0.000000
56162.171367,-1,-0.006164,-0.000130,0.092887,0.004292,0.006004,-0.000047,0.999999,-0.001307,0.001010,-0.000025,-0.001065,-0.000040,0.000000
56162.221359,-1,-0.006169,-0.000141,0.092890,0.004349,0.005978,-0.000008,0.999999,-0.001327,0.001016,-0.000025,-0.001065,0.000001,0.000000
56162.271342,-1,-0.006139,-0.000110,0.092894,0.004414,0.005974,0.000000,0.999999,-0.001345,0.001016,-0.000025,0.000047,0.000000,0.000000
56162.321352,-1,-0.006165,-0.000162,0.092902,0.004478,0.005993,0.000000,0.999999,-0.001359,0.001008,-0.000025,-0.000993,-0.000864,0.000000
56162.371370,-1,-0.006127,-0.000128,0.092907,0.004524,0.006031,0.000012,0.999999,-0.001375,0.000990,-0.000025,0.000041,-0.001066,0.000000
56162.421353,-1,-0.006118,-0.000132,0.092910,0.004681,0.006268,-0.000055,0.999999,-0.001381,0.000970,-0.000025,-0.000002,-0.001064,0.000000
56162.471363,-1,-0.006108,-0.000131,0.092911,0.004688,0.006332,-0.000027,0.999999,-0.001381,0.000952,-0.000025,0.000000,0.000040,0.000000
56162.521345,-1,-0.006100,-0.000126,0.092911,0.004673,0.006393,-0.000010,0.999999,-0.001370,0.000942,-0.000025,0.001106,-0.001068,0.000000
56162.571359,-1,-0.006094,-0.000118,0.092910,0.004639,0.006435,-0.000004,0.999999,-0.001351,0.000928,-0.000025,0.000853,-0.001068,0.000000
56162.621344,-1,-0.006092,-0.000109,0.092908,0.004589,0.006462,-0.000007,0.999999,-0.001334,0.000924,-0.000021,0.000386,0.000000,0.000000
56162.671356,-1,-0.006094,-0.000100,0.092905,0.004532,0.006462,-0.000015,0.999999,-0.001318,0.000924,-0.000021,-0.000051,0.000000,0.000000
56162.721372,-1,-0.006145,-0.000155,0.092901,0.004269,0.006157,-0.000033,0.999999,-0.001305,0.000933,-0.000021,0.000001,0.001016,0.000000
56162.771356,-1,-0.006155,-0.000150,0.092897,0.004230,0.006126,-0.000045,0.999999,-0.001300,0.000952,-0.000021,0.000002,0.001065,0.000000
56162.821338,-1,-0.006167,-0.000148,0.092893,0.004215,0.006088,-0.000048,0.999999,-0.001300,0.000975,-0.000017,0.000000,0.000866,0.000001
56162.871355,-1,-0.006179,-0.000150,0.092891,0.004223,0.006050,-0.000042,0.999999,-0.001308,0.000998,-0.000017,0.000000,0.001065,0.000000
56162.921349,-1,-0.006189,-0.000154,0.092891,0.004257,0.006020,-0.000022,0.999999,-0.001315,0.001013,-0.000017,-0.000002,-0.000006,0.000000
56162.971370,-1,-0.006196,-0.000159,0.092894,0.004311,0.005997,0.000000,0.999999,-0.001325,0.001021,-0.000017,-0.000864,0.000000,0.000000
56163.021363,-1,-0.006199,-0.000165,0.092898,0.004364,0.005981,0.000000,0.999999,-0.001336,0.001021,-0.000017,-0.001072,0.000000,0.000000
56163.071371,-1,-0.006197,-0.000170,0.092902,0.004433,0.005997,0.000000,0.999999,-0.001356,0.001021,-0.000017,-0.000386,0.000000,0.000000
56163.121351,-1,-0.006189,-0.000172,0.092903,0.004494,0.006023,0.000000,0.999999,-0.001370,0.001010,-0.000017,0.000006,0.000051,0.000000
56163.171403,-1,-0.006177,-0.000170,0.092901,0.004555,0.006081,0.000000,0.999999,-0.001378,0.000995,-0.000017,-0.000002,-0.001108,0.000000
56163.221402,-1,-0.006162,-0.000164,0.092899,0.004593,0.006149,0.000000,0.999999,-0.001378,0.000969,-0.000017,0.000000,-0.000616,0.000000
56163.271358,-1,-0.006146,-0.000153,0.092896,0.004604,0.006214,-0.000010,0.999999,-0.001370,0.000949,-0.000017,0.000049,-0.001065,0.000000
56163.321354,-1,-0.006131,-0.000140,0.092892,0.004589,0.006264,-0.000022,0.999999,-0.001350,0.000927,-0.000017,-0.000014,-0.001016,0.000000
56163.371372,-1,-0.006102,-0.000103,0.092890,0.004601,0.006359,-0.000021,0.999999,-0.001334,0.000912,-0.000017,0.001119,-0.000214,0.000000
56163.421395,-1,-0.006097,-0.000095,0.092890,0.004486,0.006275,-0.000002,0.999999,-0.001299,0.000894,-0.000017,0.000002,-0.000002,0.000000
56163.471406,-1,-0.006088,-0.000076,0.092892,0.004345,0.006145,0.000000,0.999999,-0.001284,0.000894,-0.000017,0.000386,0.000992,0.000000
56163.521372,-1,-0.006067,-0.000037,0.092895,0.004311,0.006134,0.000000,0.999999,-0.001282,0.000913,-0.000017,0.000000,0.001065,0.000000
56163.571397,-1,-0.006091,-0.000064,0.092898,0.004234,0.006027,0.000000,0.999999,-0.001293,0.000940,-0.000017,-0.001072,0.001065,0.000000
56163.621348,-1,-0.006107,-0.000079,0.092899,0.004219,0.005985,0.000000,0.999999,-0.001302,0.000955,-0.000017,0.000000,0.000000,0.000000
56163.671396,-1,-0.006096,-0.000060,0.092897,0.004311,0.006073,0.000000,0.999999,-0.001309,0.000971,-0.000017,-0.001016,0.000682,0.000000
56163.721384,-1,-0.006059,-0.000008,0.092895,0.004463,0.006226,0.000000,0.999999,-0.001313,0.000977,-0.000017,0.000000,0.000000,0.000000
56163.771406,-1,-0.006093,-0.000056,0.092893,0.004456,0.006165,-0.000006,0.999999,-0.001313,0.000977,-0.000017,0.000000,0.000000,0.000000
56163.821346,-1,-0.006085,-0.000050,0.092890,0.004189,0.005753,-0.000017,0.999999,-0.001324,0.000977,-0.000017,-0.001065,0.000000,0.000000
56163.871362,-1,-0.006103,-0.000081,0.092887,0.004162,0.005695,-0.000026,0.999999,-0.001337,0.000978,-0.000017,-0.003234,0.002165,0.000000
56163.921373,-1,-0.006095,-0.000078,0.092886,0.004208,0.005730,-0.000013,0.999999,-0.001375,0.000996,-0.000017,-0.001090,0.000038,0.000000
56163.971372,-1,-0.006082,-0.000072,0.092889,0.004307,0.005863,0.000000,0.999999,-0.001396,0.000994,-0.000017,-0.000214,0.000000,0.000000
56164.021382,-1,-0.006052,-0.000039,0.092893,0.004448,0.006084,0.000000,0.999999,-0.001393,0.000978,-0.000017,0.002080,-0.002177,0.000000
56164.071412,-1,-0.006035,-0.000021,0.092898,0.004391,0.006054,0.000000,0.999999,-0.001360,0.000946,-0.000017,0.002106,-0.002177,0.000000
56164.121358,-1,-0.006015,0.000006,0.092902,0.004368,0.006084,0.000006,0.999999,-0.001335,0.000921,-0.000017,0.001065,-0.001065,0.000000
56164.171335,-1,-0.006001,0.000029,0.092903,0.004318,0.006081,-0.000093,0.999999,-0.001314,0.000907,-0.000017,0.001064,0.000051,0.000000
56164.221366,-1,-0.005966,0.000086,0.092903,0.004345,0.006191,-0.000072,0.999999,-0.001294,0.000902,-0.000017,0.001744,0.000000,0.000000
56164.271350,-1,-0.005989,0.000064,0.092905,0.004204,0.006039,-0.000035,0.999999,-0.001261,0.000896,-0.000017,-0.000014,0.000000,0.000000
56164.321342,-1,-0.005988,0.000081,0.092909,0.004154,0.005997,0.000000,0.999999,-0.001253,0.000907,-0.000017,-0.000014,0.000680,0.000000
56164.371340,-1,-0.005989,0.000096,0.092912,0.004112,0.005932,0.000000,0.999999,-0.001247,0.000919,-0.000017,0.001063,0.000049,0.000000
56164.421356,-1,-0.005974,0.000132,0.092912,0.004124,0.005913,0.000000,0.999999,-0.001242,0.000932,-0.000017,0.000000,0.001101,0.000000
56164.471351,-1,-0.006001,0.000101,0.092910,0.004059,0.005745,-0.000091,0.999999,-0.001242,0.000952,-0.000017,-0.000864,0.001065,0.000000
56164.521344,-1,-0.005981,0.000131,0.092905,0.004276,0.005951,-0.000088,0.999999,-0.001267,0.000973,-0.000017,-0.001065,0.001064,0.000000
56164.571348,-1,-0.006006,0.000092,0.092901,0.004185,0.005726,-0.000082,0.999999,-0.001287,0.000986,-0.000017,-0.001064,0.000860,0.000000
56164.621344,-1,-0.006011,0.000073,0.092900,0.004219,0.005672,-0.000070,0.999999,-0.001302,0.000989,-0.000017,-0.001112,0.000000,0.000000
56164.671365,-1,-0.005986,0.000088,0.092899,0.004402,0.005856,-0.000055,0.999999,-0.001334,0.000989,-0.000017,-0.000616,0.000000,0.000000
56164.721342,-1,-0.005973,0.000086,0.092900,0.004486,0.005943,-0.000026,0.999999,-0.001345,0.000974,-0.000017,0.000000,-0.001064,0.000000
56164.771384,-1,-0.005974,0.000069,0.092903,0.004436,0.005894,0.000000,0.999999,-0.001345,0.000955,-0.000017,0.000000,-0.000001,0.000000
56164.821335,-1,-0.005992,0.000029,0.092905,0.004318,0.005775,0.000000,0.999999,-0.001348,0.000943,-0.000017,-0.001079,-0.000680,0.000000
56164.871346,-1,-0.005990,0.000024,0.092905,0.004326,0.005863,0.000000,0.999999,-0.001359,0.000937,-0.000017,-0.000001,0.000000,0.000000
56164.921337,-1,-0.005990,0.000023,0.092904,0.004314,0.005951,0.000000,0.999999,-0.001356,0.000931,-0.000017,0.001090,0.000000,0.000000
56164.971353,-1,-0.005994,0.000025,0.092900,0.004284,0.006016,0.000000,0.999999,-0.001340,0.000931,-0.000017,-0.000047,0.000000,0.000000
56165.021335,-1,-0.006003,0.000030,0.092894,0.004242,0.006058,-0.000026,0.999999,-0.001323,0.000931,-0.000017,0.001065,0.000000,0.000000
56165.071371,-1,-0.006015,0.000034,0.092887,0.004204,0.006073,-0.000060,0.999999,-0.001304,0.000940,-0.000017,0.001063,0.000213,0.000000
56165.121346,-1,-0.006031,0.000038,0.092882,0.004173,0.006062,-0.000066,0.999999,-0.001284,0.000956,-0.000017,0.000073,0.001064,0.000000
56165.171345,-1,-0.006049,0.000038,0.092881,0.004158,0.006023,-0.000045,0.999999,-0.001272,0.000973,-0.000017,0.000682,-0.000051,0.000000
56165.221338,-1,-0.006066,0.000035,0.092887,0.004162,0.005962,0.000000,0.999999,-0.001262,0.000986,-0.000017,0.000000,0.001107,0.000000
56165.271367,-1,-0.006052,0.000068,0.092896,0.004185,0.005894,0.000000,0.999999,-0.001262,0.001005,-0.000017,0.000000,0.001016,0.000000
56165.321351,-1,-0.006065,0.000054,0.092907,0.004230,0.005825,0.000036,0.999999,-0.001281,0.001015,-0.000017,-0.000201,0.000001,0.000000
56165.371349,-1,-0.006075,0.000036,0.092912,0.004288,0.005775,-0.000127,0.999999,-0.001299,0.001021,-0.000017,-0.001065,-0.000048,0.000000
56165.421343,-1,-0.006110,-0.000026,0.092919,0.004353,0.005749,-0.000078,0.999999,-0.001320,0.001019,-0.000017,-0.001065,-0.001040,0.000000
56165.471322,-1,-0.006111,-0.000048,0.092926,0.004414,0.005749,-0.000012,0.999999,-0.001342,0.001015,-0.000017,-0.001064,-0.001068,0.000000
56165.521335,-1,-0.006108,-0.000067,0.092931,0.004456,0.005764,-0.000073,0.999999,-0.001367,0.001000,-0.000017,0.000036,-0.001065,0.000000
56165.571333,-1,-0.006104,-0.000085,0.092932,0.004486,0.005817,-0.000151,0.999999,-0.001385,0.000986,-0.000017,-0.000425,0.000036,0.000000
56165.621330,-1,-0.006099,-0.000097,0.092933,0.004505,0.005898,-0.000114,0.999999,-0.001402,0.000974,-0.000017,0.000000,0.000001,0.000000
56165.671356,-1,-0.006095,-0.000103,0.092935,0.004501,0.005997,-0.000083,0.999999,-0.001407,0.000962,-0.000017,0.000000,-0.001101,0.000000
56165.721333,-1,-0.006093,-0.000103,0.092936,0.004478,0.006096,-0.000064,0.999999,-0.001395,0.000947,-0.000017,0.000616,0.000051,0.000000
56165.771352,-1,-0.006064,-0.000056,0.092934,0.004436,0.006180,-0.000108,0.999999,-0.001375,0.000940,-0.000017,0.002057,0.000014,0.000000
56165.821336,-1,-0.006069,-0.000046,0.092928,0.004383,0.006229,-0.000131,0.999999,-0.001341,0.000940,-0.000017,0.001065,0.000000,0.000000
56165.871339,-1,-0.006079,-0.000035,0.092923,0.004322,0.006245,-0.000125,0.999999,-0.001315,0.000940,-0.000017,0.001101,0.000000,0.000000
56165.921399,-1,-0.006094,-0.000025,0.092918,0.004265,0.006233,-0.000116,0.999999,-0.001295,0.000959,-0.000017,0.001071,0.000448,0.000000
56165.971353,-1,-0.006114,-0.000017,0.092915,0.004227,0.006195,-0.000104,0.999999,-0.001275,0.000983,-0.000017,0.000051,0.000386,0.000000
56166.021340,-1,-0.006134,-0.000013,0.092914,0.004211,0.006134,-0.000089,0.999999,-0.001266,0.001005,-0.000017,0.000000,0.001065,0.000000
56166.071331,-1,-0.006155,-0.000014,0.092913,0.004227,0.006062,-0.000073,0.999999,-0.001260,0.001031,-0.000017,0.000000,0.001016,0.000000
56166.121336,-1,-0.006174,-0.000020,0.092913,0.004269,0.005993,-0.000058,0.999999,-0.001270,0.001052,-0.000017,-0.000864,0.001065,0.000000
56166.171343,-1,-0.006189,-0.000031,0.092913,0.004475,0.006126,-0.000040,0.999999,-0.001287,0.001064,-0.000017,-0.001065,-0.000036,0.000000
56166.221293,-1,-0.006199,-0.000042,0.092912,0.004551,0.006084,-0.000023,0.999999,-0.001307,0.001069,-0.000017,-0.001065,0.000868,0.000000
56166.271368,-1,-0.006205,-0.000057,0.092911,0.004635,0.006069,-0.000015,0.999999,-0.001328,0.001069,-0.000017,-0.001065,-0.001068,0.000000
56166.321339,-1,-0.006204,-0.000070,0.092909,0.004715,0.006088,-0.000013,0.999999,-0.001348,0.001051,-0.000017,-0.001063,-0.001065,0.000000
56166.371334,-1,-0.006226,-0.000113,0.092907,0.004589,0.005886,-0.000011,0.999999,-0.001375,0.001039,-0.000017,-0.002128,-0.000003,0.000000
56166.421339,-1,-0.006219,-0.000119,0.092905,0.004612,0.005932,-0.000009,0.999998,-0.001398,0.001035,-0.000017,-0.001070,-0.001090,0.000000
56166.471337,-1,-0.006216,-0.000125,0.092903,0.004627,0.006008,-0.000014,0.999998,-0.001407,0.001016,-0.000017,0.000000,-0.000616,0.000000
56166.521401,-1,-0.006176,-0.000076,0.092900,0.004818,0.006355,-0.000017,0.999998,-0.001415,0.001008,-0.000017,0.000049,-0.000001,0.000000
56166.571351,-1,-0.006166,-0.000059,0.092898,0.004837,0.006489,-0.000017,0.999999,-0.001382,0.000980,-0.000017,0.002058,-0.001012,0.000000
56166.621328,-1,-0.006192,-0.000084,0.092898,0.004608,0.006287,-0.000000,0.999999,-0.001346,0.000965,-0.000017,0.002129,-0.001065,0.000000
56166.671330,-1,-0.006190,-0.000062,0.092901,0.004555,0.006325,0.000000,0.999999,-0.001302,0.000949,-0.000017,0.001064,-0.000383,0.000000
56166.721291,-1,-0.006209,-0.000059,0.092904,0.004482,0.006317,0.000000,0.999999,-0.001267,0.000944,-0.000017,0.002134,0.000000,0.000000
56166.771363,-1,-0.006203,-0.000021,0.092907,0.004406,0.006268,0.000000,0.999999,-0.001234,0.000954,-0.000017,0.001065,-0.000014,0.000000
56166.821357,-1,-0.006233,-0.000026,0.092907,0.004341,0.006184,0.000000,0.999999,-0.001215,0.000972,-0.000017,0.000386,0.000678,0.000000
56166.871337,-1,-0.006250,-0.000017,0.092905,0.004299,0.006081,0.000000,0.999999,-0.001205,0.000994,-0.000017,0.000000,0.001065,0.000000
56166.921325,-1,-0.006252,0.000004,0.092901,0.004272,0.005936,0.000000,0.999999,-0.001210,0.001027,-0.000017,-0.001064,0.001067,0.000000
56166.971322,-1,-0.006269,-0.000001,0.092894,0.004360,0.005917,-0.000024,0.999999,-0.001232,0.001054,-0.000017,-0.001745,0.001065,0.000000
56167.021318,-1,-0.006282,-0.000009,0.092888,0.004425,0.005859,-0.000049,0.999999,-0.001263,0.001075,-0.000017,-0.001065,0.000213,0.000000
56167.071323,-1,-0.006289,-0.000020,0.092885,0.004509,0.005829,-0.000053,0.999999,-0.001290,0.001083,-0.000017,-0.001065,0.000992,0.000000
56167.121391,-1,-0.006291,-0.000030,0.092884,0.004604,0.005833,-0.000032,0.999999,-0.001312,0.001088,-0.000017,-0.000993,-0.000992,0.000000
56167.171326,-1,-0.006286,-0.000038,0.092887,0.004692,0.005859,0.000000,0.999999,-0.001328,0.001071,-0.000017,-0.001066,-0.001064,0.000000
56167.221327,-1,-0.006273,-0.000040,0.092894,0.004761,0.005909,0.000000,0.999999,-0.001344,0.001044,-0.000017,0.000014,-0.001065,0.000000
56167.271329,-1,-0.006263,-0.000044,0.092902,0.004787,0.005959,0.000005,0.999999,-0.001349,0.001017,-0.000017,0.000000,0.000040,0.000000
56167.321318,-1,-0.006250,-0.000039,0.092908,0.004795,0.006035,0.000000,0.999999,-0.001346,0.000996,-0.000017,0.001014,-0.001065,0.000000
56167.371315,-1,-0.006239,-0.000029,0.092909,0.004776,0.006100,-0.000095,0.999999,-0.001331,0.000977,-0.000017,-0.000047,-0.001079,0.000000
56167.421319,-1,-0.006230,-0.000016,0.092912,0.004730,0.006149,-0.000063,0.999999,-0.001314,0.000958,-0.000022,-0.000040,0.000040,-0.000002
56167.471314,-1,-0.006226,-0.000001,0.092918,0.004669,0.006176,-0.000003,0.999999,-0.001294,0.000957,-0.000022,0.001065,-0.001106,0.000000
56167.521373,-1,-0.006227,0.000013,0.092921,0.004597,0.006172,-0.000032,0.999999,-0.001268,0.000956,-0.000022,0.000187,0.001063,0.000000
56167.571339,-1,-0.006234,0.000025,0.092922,0.004532,0.006138,-0.000086,0.999999,-0.001254,0.000972,-0.000022,0.001079,-0.000006,0.000000
56167.621322,-1,-0.006258,0.000014,0.092922,0.004383,0.005955,-0.000065,0.999999,-0.001243,0.000993,-0.000022,0.000000,0.001065,0.000000
56167.671323,-1,-0.006270,0.000018,0.092921,0.004379,0.005913,-0.000157,0.999999,-0.001251,0.001028,-0.000022,-0.001065,0.001051,0.000000
56167.721331,-1,-0.006271,0.000033,0.092917,0.004459,0.005951,-0.000137,0.999999,-0.001269,0.001059,-0.000022,-0.001014,0.001068,0.000000
56167.771318,-1,-0.006289,0.000020,0.092917,0.004433,0.005821,-0.000108,0.999999,-0.001279,0.001077,-0.000022,-0.001063,0.000201,0.000000
56167.821313,-1,-0.006297,0.000014,0.092919,0.004475,0.005779,-0.000076,0.999999,-0.001293,0.001084,-0.000022,-0.001064,0.000071,0.000000
56167.871333,-1,-0.006298,0.000011,0.092923,0.004574,0.005817,-0.000034,0.999999,-0.001314,0.001093,-0.000022,-0.001065,0.000003,0.000000
56167.921344,-1,-0.006293,0.000010,0.092925,0.004654,0.005836,0.000000,0.999999,-0.001326,0.001086,-0.000022,-0.000002,-0.001065,0.000000
56167.971327,-1,-0.006283,0.000013,0.092924,0.004742,0.005905,-0.000158,0.999999,-0.001326,0.001067,-0.000022,-0.000680,-0.001064,0.000000
56168.021319,-1,-0.006256,0.000037,0.092920,0.004803,0.005974,-0.000148,0.999999,-0.001330,0.001040,-0.000022,0.000000,-0.001065,0.000000
56168.071313,-1,-0.006256,0.000029,0.092919,0.004826,0.006031,-0.000123,0.999999,-0.001316,0.001009,-0.000022,0.002055,-0.001060,0.000000
56168.121313,-1,-0.006228,0.000060,0.092920,0.004810,0.006065,-0.000093,0.999999,-0.001292,0.000981,-0.000022,0.001065,-0.000201,0.000000
56168.171329,-1,-0.006218,0.000072,0.092923,0.004765,0.006073,-0.000063,0.999999,-0.001271,0.000963,-0.000022,0.001065,0.000006,0.000000
56168.221322,-1,-0.006212,0.000084,0.092926,0.004696,0.006054,-0.000019,0.999999,-0.001250,0.000957,-0.000022,0.000201,0.000000,0.000000
56168.271309,-1,-0.006210,0.000095,0.092926,0.004627,0.006016,-0.000154,0.999999,-0.001239,0.000957,-0.000022,0.000864,0.000000,0.000000
56168.321326,-1,-0.006217,0.000098,0.092924,0.004509,0.005898,-0.000132,0.999999,-0.001231,0.000978,-0.000022,-0.000992,0.001065,0.000000
56168.371315,-1,-0.006225,0.000100,0.092922,0.004536,0.005924,-0.000111,0.999999,-0.001246,0.001005,-0.000022,0.000005,0.001065,0.000000
56168.421319,-1,-0.006233,0.000099,0.092921,0.004536,0.005894,-0.000092,0.999999,-0.001255,0.001030,-0.000022,-0.000001,-0.000024,0.000000
56168.471320,-1,-0.006241,0.000096,0.092920,0.004559,0.005871,-0.000077,0.999999,-0.001262,0.001044,-0.000022,-0.000001,0.001101,0.000000
56168.521319,-1,-0.006246,0.000093,0.092919,0.004601,0.005859,-0.000064,0.999999,-0.001275,0.001059,-0.000022,-0.000851,-0.000051,0.000000
56168.571324,-1,-0.006246,0.000090,0.092918,0.004646,0.005856,-0.000047,0.999999,-0.001286,0.001060,-0.000022,0.000014,0.000000,0.000000
56168.621323,-1,-0.006243,0.000089,0.092916,0.004707,0.005875,-0.000072,0.999999,-0.001292,0.001060,-0.000022,-0.000002,-0.000049,0.000000
56168.671315,-1,-0.006236,0.000091,0.092911,0.004761,0.005909,-0.000075,0.999999,-0.001297,0.001048,-0.000022,0.000000,-0.001072,0.000000
56168.721369,-1,-0.006226,0.000096,0.092906,0.004795,0.005955,-0.000078,0.999999,-0.001297,0.001033,-0.000022,0.000000,0.000014,0.000000
56168.771333,-1,-0.006216,0.000106,0.092902,0.004810,0.006001,-0.000077,0.999999,-0.001289,0.001015,-0.000022,-0.000014,-0.000681,0.000000
56168.821315,-1,-0.006206,0.000119,0.092900,0.004776,0.006004,-0.000068,0.999999,-0.001280,0.000995,-0.000022,0.000213,-0.001065,0.000000
56168.871316,-1,-0.006198,0.000134,0.092900,0.004753,0.006039,-0.000046,0.999999,-0.001266,0.000985,-0.000022,0.001063,-0.000680,0.000000
56168.921306,-1,-0.006193,0.000149,0.092902,0.004711,0.006050,-0.000011,0.999999,-0.001246,0.000978,-0.000022,0.000854,0.000000,0.000000
56168.971317,-1,-0.006193,0.000164,0.092905,0.004662,0.006039,0.000000,0.999999,-0.001232,0.000978,-0.000022,0.001071,0.000000,0.000000
56169.021312,-1,-0.006198,0.000176,0.092906,0.004608,0.006001,0.000000,0.999999,-0.001214,0.000987,-0.000022,0.001064,-0.000014,0.000000
56169.071322,-1,-0.006205,0.000185,0.092906,0.004555,0.005928,0.000000,0.999999,-0.001202,0.001002,-0.000022,-0.000014,0.001072,0.000000
56169.121319,-1,-0.006216,0.000187,0.092903,0.004536,0.005859,-0.000098,0.999999,-0.001202,0.001026,-0.000022,0.000000,-0.000024,0.000000
56169.171312,-1,-0.006226,0.000186,0.092899,0.004543,0.005798,-0.000124,0.999999,-0.001209,0.001043,-0.000022,-0.001112,0.000452,0.000000
56169.221314,-1,-0.006235,0.000182,0.092899,0.004570,0.005749,-0.000097,0.999999,-0.001227,0.001060,-0.000022,-0.000201,0.000681,0.000000
56169.271316,-1,-0.006241,0.000175,0.092904,0.004616,0.005718,-0.000054,0.999999,-0.001242,0.001069,-0.000022,-0.000043,0.000000,0.000000
56169.321319,-1,-0.006243,0.000169,0.092912,0.004677,0.005711,0.000000,0.999999,-0.001259,0.001074,-0.000022,-0.001063,0.000000,0.000000
56169.371314,-1,-0.006241,0.000163,0.092919,0.004738,0.005722,0.000000,0.999999,-0.001278,0.001074,-0.000022,0.000040,-0.001068,0.000000
56169.421309,-1,-0.006235,0.000160,0.092922,0.004795,0.005756,-0.000152,0.999999,-0.001285,0.001058,-0.000022,-0.000002,-0.001063,0.000000
56169.471313,-1,-0.006225,0.000161,0.092925,0.004833,0.005802,-0.000107,0.999999,-0.001285,0.001039,-0.000022,0.000000,-0.001065,0.000000
56169.521312,-1,-0.006215,0.000165,0.092928,0.004841,0.005848,-0.000073,0.999999,-0.001277,0.001015,-0.000022,0.000002,0.000024,0.000000
56169.571317,-1,-0.006204,0.000176,0.092930,0.004826,0.005878,-0.000041,0.999999,-0.001266,0.000999,-0.000022,0.000864,-0.000052,0.000000
56169.621311,-1,-0.006200,0.000182,0.092929,0.004765,0.005875,-0.000116,0.999999,-0.001257,0.000990,-0.000021,0.000449,0.000000,0.001068
56169.671308,-1,-0.006165,0.000230,0.092924,0.004726,0.005886,-0.000165,0.999999,-0.001251,0.000990,-0.000018,0.000864,0.000000,0.000000
56169.721313,-1,-0.006166,0.000239,0.092921,0.004677,0.005882,-0.000143,0.999999,-0.001234,0.000990,-0.000018,0.000201,0.000000,0.000000
56169.771311,-1,-0.006204,0.000207,0.092921,0.004627,0.005863,-0.000117,0.999999,-0.001226,0.001005,-0.000018,0.000449,0.001063,0.000000
56169.821317,-1,-0.006227,0.000192,0.092923,0.004536,0.005756,-0.000090,0.999999,-0.001218,0.001019,-0.000018,0.001067,-0.000014,0.000000
56169.871308,-1,-0.006237,0.000192,0.092926,0.004520,0.005707,-0.000060,0.999999,-0.001211,0.001036,-0.000013,0.000000,0.000616,0.000000
56169.921310,-1,-0.006247,0.000189,0.092927,0.004528,0.005657,-0.000070,0.999999,-0.001216,0.001056,-0.000013,0.000000,-0.000047,0.000000
56169.971319,-1,-0.006256,0.000182,0.092925,0.004555,0.005611,-0.000062,0.999999,-0.001225,0.001067,-0.000013,-0.001063,0.001079,0.000000
56170.021297,-1,-0.006250,0.000188,0.092921,0.004635,0.005627,-0.000063,0.999999,-0.001245,0.001082,-0.000013,0.000040,-0.000001,0.000000
56170.071375,-1,-0.006250,0.000182,0.092916,0.004669,0.005596,-0.000069,0.999999,-0.001255,0.001082,-0.000013,-0.000213,0.000000,0.000000
56170.121325,-1,-0.006248,0.000175,0.092909,0.004711,0.005592,-0.000080,0.999999,-0.001270,0.001077,-0.000013,-0.001016,0.000000,0.000000
56170.171296,-1,-0.006255,0.000156,0.092903,0.004673,0.005516,-0.000084,0.999999,-0.001280,0.001067,-0.000013,0.000001,-0.000994,0.000000
56170.221307,-1,-0.006239,0.000166,0.092900,0.004734,0.005600,-0.000077,0.999999,-0.001289,0.001059,-0.000013,0.000006,0.000000,0.000000
56170.271301,-1,-0.006235,0.000165,0.092899,0.004745,0.005653,-0.000062,0.999999,-0.001299,0.001051,-0.000013,0.000006,0.000000,0.000000
56170.321311,-1,-0.006240,0.000159,0.092901,0.004704,0.005669,-0.000024,0.999999,-0.001295,0.001038,-0.000013,0.001063,0.000047,0.000000
56170.371308,-1,-0.006220,0.000189,0.092903,0.004791,0.005852,0.000000,0.999999,-0.001287,0.001033,-0.000013,0.001101,0.000037,0.000000
56170.421310,-1,-0.006232,0.000188,0.092906,0.004696,0.005821,0.000000,0.999999,-0.001254,0.001019,-0.000013,-0.000047,-0.000001,0.000000
56170.471290,-1,-0.006231,0.000208,0.092908,0.004650,0.005833,0.000000,0.999999,-0.001225,0.001016,-0.000013,0.001018,-0.001014,0.000000
56170.521306,-1,-0.006237,0.000225,0.092908,0.004623,0.005852,0.000000,0.999999,-0.001206,0.001017,-0.000013,0.000616,0.001065,0.000000
56170.571308,-1,-0.006224,0.000266,0.092905,0.004555,0.005779,-0.000035,0.999999,-0.001179,0.001027,-0.000016,-0.000049,0.001079,0.000004
56170.621312,-1,-0.006235,0.000279,0.092902,0.004505,0.005692,-0.000035,0.999999,-0.001161,0.001039,-0.000018,-0.000024,0.001067,0.000000
56170.671307,-1,-0.006265,0.000266,0.092899,0.004505,0.005619,-0.000036,0.999999,-0.001156,0.001056,-0.000018,0.000614,0.000864,0.000000
56170.721292,-1,-0.006234,0.000320,0.092897,0.004593,0.005623,-0.000034,0.999999,-0.001155,0.001075,-0.000018,-0.000868,0.000854,0.000000
56170.771313,-1,-0.006288,0.000263,0.092896,0.004539,0.005436,-0.000020,0.999999,-0.001168,0.001091,-0.000018,-0.001065,0.000201,0.000000
56170.821307,-1,-0.006253,0.000304,0.092896,0.004662,0.005455,-0.000002,0.999999,-0.001200,0.001108,-0.000018,-0.001449,0.001065,0.000000
56170.871311,-1,-0.006285,0.000256,0.092897,0.004738,0.005432,0.000000,0.999999,-0.001229,0.001115,-0.000018,-0.000569,0.000000,0.000000
56170.921303,-1,-0.006297,0.000228,0.092900,0.004742,0.005348,0.000000,0.999999,-0.001249,0.001108,-0.000017,-0.001060,0.000000,0.000000
56170.971298,-1,-0.006275,0.000237,0.092902,0.004810,0.005386,0.000000,0.999999,-0.001274,0.001100,-0.000017,0.000001,-0.001065,0.000000
56171.021309,-1,-0.006264,0.000230,0.092903,0.004887,0.005474,0.000000,0.999999,-0.001283,0.001080,-0.000017,0.000000,-0.001064,0.000000
56171.071293,-1,-0.006252,0.000228,0.092901,0.004982,0.005627,-0.000085,0.999999,-0.001283,0.001054,-0.000017,0.000000,-0.001065,0.000000
56171.121302,-1,-0.006241,0.000232,0.092897,0.004932,0.005653,-0.000137,0.999999,-0.001283,0.001033,-0.000017,0.001106,-0.001065,0.000000
56171.171302,-1,-0.006233,0.000241,0.092897,0.004959,0.005791,-0.000111,0.999999,-0.001264,0.001015,-0.000017,0.001066,-0.001106,0.000000
56171.221308,-1,-0.006228,0.000253,0.092901,0.004902,0.005836,-0.000072,0.999999,-0.001232,0.001004,-0.000017,0.001065,-0.000680,0.000000
56171.271318,-1,-0.006229,0.000268,0.092909,0.004826,0.005848,0.000000,0.999999,-0.001199,0.000997,-0.000017,0.001065,0.000000,0.000000
56171.321311,-1,-0.006237,0.000281,0.092918,0.004738,0.005829,-0.000032,0.999999,-0.001173,0.000997,-0.000017,0.001065,0.000000,0.000000
56171.371307,-1,-0.006251,0.000292,0.092922,0.004650,0.005779,-0.000123,0.999999,-0.001153,0.001018,-0.000017,0.001065,0.001065,0.000000
56171.421305,-1,-0.006271,0.000300,0.092926,0.004570,0.005680,-0.000078,0.999999,-0.001139,0.001046,-0.000018,-0.000014,0.002057,0.000000
56171.471300,-1,-0.006293,0.000302,0.092930,0.004551,0.005604,-0.000034,0.999999,-0.001145,0.001089,-0.000018,-0.001063,0.001451,0.000000
56171.521296,-1,-0.006315,0.000300,0.092931,0.004570,0.005539,-0.000154,0.999999,-0.001158,0.001124,-0.000018,0.000047,0.001064,0.000000
56171.571298,-1,-0.006335,0.000295,0.092929,0.004623,0.005493,-0.000151,0.999999,-0.001171,0.001146,-0.000018,-0.000993,0.001064,0.000000
56171.621300,-1,-0.006351,0.000289,0.092929,0.004700,0.005463,-0.000120,0.999999,-0.001191,0.001164,-0.000018,-0.001063,-0.000040,0.000000
56171.671301,-1,-0.006362,0.000283,0.092931,0.004791,0.005463,-0.000088,0.999999,-0.001210,0.001170,-0.000018,-0.000201,-0.000001,0.000000
56171.721298,-1,-0.006367,0.000278,0.092932,0.004883,0.005474,-0.000067,0.999999,-0.001215,0.001160,-0.000018,-0.001023,-0.000866,0.000000
56171.771283,-1,-0.006368,0.000275,0.092930,0.004963,0.005505,-0.000055,0.999999,-0.001224,0.001142,-0.000018,0.000014,-0.001065,0.000000
56171.821291,-1,-0.006331,0.000314,0.092925,0.005013,0.005547,-0.000180,0.999999,-0.001227,0.001121,-0.000019,0.000027,-0.001063,-0.001112
56171.871285,-1,-0.006360,0.000282,0.092920,0.005039,0.005596,-0.000160,0.999999,-0.001217,0.001101,-0.000024,-0.000051,-0.001064,0.000000
56171.921287,-1,-0.006356,0.000290,0.092919,0.005039,0.005634,-0.000132,0.999999,-0.001208,0.001079,-0.000024,0.000866,-0.000681,0.000000
56171.971332,-1,-0.006320,0.000339,0.092920,0.005013,0.005657,-0.000099,0.999999,-0.001191,0.001066,-0.000024,0.001064,-0.000864,0.000000
56172.021295,-1,-0.006355,0.000314,0.092924,0.004971,0.005661,-0.000066,0.999999,-0.001170,0.001058,-0.000024,0.000073,0.000000,0.000000
56172.071301,-1,-0.006326,0.000363,0.092927,0.005062,0.005802,-0.000026,0.999999,-0.001157,0.001055,-0.000024,0.001112,0.000000,0.000000
56172.121288,-1,-0.006337,0.000371,0.092928,0.005009,0.005764,-0.000063,0.999999,-0.001139,0.001063,-0.000024,0.000615,0.000449,0.000000
56172.171303,-1,-0.006350,0.000377,0.092925,0.004974,0.005714,-0.000152,0.999999,-0.001135,0.001084,-0.000024,0.001101,0.000678,0.000000
56172.221285,-1,-0.006365,0.000378,0.092921,0.004959,0.005653,-0.000154,0.999999,-0.001132,0.001107,-0.000024,0.000000,-0.000036,0.000000
56172.271330,-1,-0.006380,0.000374,0.092918,0.004967,0.005585,-0.000132,0.999999,-0.001140,0.001126,-0.000024,-0.000615,0.000176,0.000000
56172.321309,-1,-0.006393,0.000367,0.092918,0.005001,0.005531,-0.000105,0.999999,-0.001158,0.001148,-0.000024,0.000040,-0.000036,0.000000
56172.371309,-1,-0.006402,0.000357,0.092920,0.005054,0.005497,-0.000078,0.999999,-0.001169,0.001155,-0.000024,0.000006,-0.000014,0.000000
56172.421334,-1,-0.006408,0.000346,0.092922,0.005119,0.005482,-0.000050,0.999999,-0.001186,0.001160,-0.000024,-0.000994,0.000000,0.000000
56172.471311,-1,-0.006408,0.000336,0.092923,0.005196,0.005489,-0.000020,0.999999,-0.001204,0.001160,-0.000024,-0.001063,0.000000,0.000000
56172.521283,-1,-0.006403,0.000328,0.092921,0.005264,0.005520,-0.000035,0.999999,-0.001218,0.001148,-0.000024,0.000024,-0.001101,0.000000
56172.571303,-1,-0.006394,0.000323,0.092915,0.005314,0.005562,-0.000170,0.999999,-0.001218,0.001122,-0.000024,0.000000,0.000003,0.000000
56172.621295,-1,-0.006420,0.000286,0.092910,0.005127,0.005394,-0.000149,0.999999,-0.001223,0.001103,-0.000024,0.000000,0.000024,0.000000
56172.671315,-1,-0.006408,0.000291,0.092908,0.005131,0.005447,-0.000125,0.999999,-0.001231,0.001103,-0.000024,0.000006,-0.000680,0.000000
56172.721293,-1,-0.006373,0.000327,0.092909,0.005234,0.005634,-0.000096,0.999999,-0.001226,0.001088,-0.000024,0.001072,-0.000615,0.000000
56172.771308,-1,-0.006386,0.000319,0.092915,0.005096,0.005569,-0.000046,0.999999,-0.001217,0.001087,-0.000024,0.000614,0.000000,0.000000
56172.821302,-1,-0.006351,0.000368,0.092921,0.005226,0.005791,0.000000,0.999999,-0.001198,0.001082,-0.000024,0.001065,-0.000001,0.000449
56172.871315,-1,-0.006350,0.000387,0.092924,0.005180,0.005802,-0.000127,0.999999,-0.001163,0.001073,-0.000020,0.001066,0.000006,0.000000
56172.921281,-1,-0.006383,0.000371,0.092925,0.004936,0.005573,-0.000103,0.999999,-0.001135,0.001073,-0.000014,0.001065,0.000000,0.000000
56172.971285,-1,-0.006356,0.000425,0.092924,0.005100,0.005756,-0.000087,0.999999,-0.001119,0.001092,-0.000014,0.001065,-0.000006,0.000000
56173.021292,-1,-0.006363,0.000439,0.092922,0.005100,0.005726,-0.000076,0.999999,-0.001095,0.001100,-0.000014,0.001065,-0.000024,0.000000
56173.071315,-1,-0.006373,0.000446,0.092920,0.005066,0.005619,-0.000070,0.999999,-0.001079,0.001109,-0.000014,-0.000003,-0.000040,0.000000
56173.121295,-1,-0.006389,0.000441,0.092916,0.005024,0.005470,-0.000069,0.999999,-0.001086,0.001132,-0.000014,-0.001063,0.001065,0.000000
56173.171292,-1,-0.006394,0.000439,0.092910,0.005051,0.005379,-0.000073,0.999999,-0.001108,0.001152,-0.000014,-0.001072,0.001064,0.000000
56173.221287,-1,-0.006398,0.000430,0.092905,0.005096,0.005314,-0.000078,0.999999,-0.001125,0.001158,-0.000014,-0.000992,0.000000,0.000000
56173.271296,-1,-0.006390,0.000427,0.092900,0.005199,0.005322,-0.000078,0.999999,-0.001151,0.001163,-0.000014,-0.001928,0.000000,0.000000
56173.321296,-1,-0.006416,0.000385,0.092900,0.005119,0.005154,-0.000063,0.999999,-0.001177,0.001163,-0.000014,-0.002176,0.000000,0.000000
56173.371295,-1,-0.006370,0.000414,0.092901,0.005222,0.005222,-0.000020,0.999999,-0.001206,0.001153,-0.000014,-0.000201,-0.001101,0.000000
56173.421276,-1,-0.006355,0.000410,0.092906,0.005299,0.005299,0.000000,0.999999,-0.001214,0.001128,-0.000014,0.000000,-0.001932,0.000000
56173.471311,-1,-0.006337,0.000410,0.092909,0.005333,0.005379,0.000000,0.999999,-0.001214,0.001100,-0.000014,0.000212,-0.001065,0.000000
56173.521285,-1,-0.006320,0.000415,0.092910,0.005329,0.005444,-0.000078,0.999999,-0.001197,0.001076,-0.000014,0.001065,-0.001065,0.000000
56173.571306,-1,-0.006306,0.000422,0.092911,0.005451,0.005650,-0.000058,0.999999,-0.001177,0.001049,-0.000014,0.001065,-0.001065,0.000000
56173.621290,-1,-0.006296,0.000429,0.092912,0.005383,0.005657,-0.000030,0.999999,-0.001151,0.001031,-0.000014,0.001065,-0.000072,0.000000
56173.671285,-1,-0.006293,0.000435,0.092911,0.005295,0.005638,-0.000019,0.999999,-0.001133,0.001031,-0.000014,0.001016,0.000000,0.000000
56173.721292,-1,-0.006295,0.000438,0.092908,0.005207,0.005592,-0.000024,0.999999,-0.001121,0.001039,-0.000014,0.000002,0.000052,0.000000
56173.771286,-1,-0.006303,0.000437,0.092905,0.005131,0.005531,-0.000033,0.999999,-0.001115,0.001058,-0.000014,0.000000,0.001072,0.000000
56173.821288,-1,-0.006364,0.000377,0.092902,0.005081,0.005455,-0.000039,0.999999,-0.001110,0.001080,-0.000014,0.000000,0.001028,0.000000
56173.871294,-1,-0.006326,0.000419,0.092898,0.005062,0.005379,-0.000041,0.999999,-0.001118,0.001107,-0.000014,0.000000,0.001064,0.000000
56173.921289,-1,-0.006337,0.000402,0.092897,0.005074,0.005314,-0.000033,0.999999,-0.001131,0.001127,-0.000014,-0.000994,0.001071,0.000000
56173.971278,-1,-0.006345,0.000384,0.092896,0.005108,0.005276,-0.000017,0.999999,-0.001153,0.001147,-0.000014,-0.001070,0.001066,0.000000
56174.021285,-1,-0.006349,0.000364,0.092898,0.005165,0.005260,0.000000,0.999999,-0.001180,0.001152,-0.000014,-0.001065,0.000000,0.000000
56174.071300,-1,-0.006349,0.000345,0.092899,0.005230,0.005276,0.000000,0.999999,-0.001200,0.001153,-0.000014,-0.001065,0.000000,0.000000
56174.121275,-1,-0.006342,0.000329,0.092900,0.005306,0.005318,0.000000,0.999999,-0.001217,0.001148,-0.000014,-0.001079,-0.001072,0.000000
56174.171291,-1,-0.006331,0.000318,0.092899,0.005367,0.005383,0.000000,0.999999,-0.001230,0.001130,-0.000014,0.000036,-0.000073,0.000000
56174.221285,-1,-0.006350,0.000278,0.092898,0.005192,0.005219,0.000000,0.999999,-0.001235,0.001114,-0.000014,-0.000002,-0.001065,0.000000
56174.271309,-1,-0.006335,0.000275,0.092897,0.005211,0.005299,0.000000,0.999999,-0.001231,0.001085,-0.000014,0.000385,-0.001016,0.000000
56174.321285,-1,-0.006318,0.000280,0.092895,0.005203,0.005379,0.000000,0.999999,-0.001217,0.001063,-0.000014,0.000854,-0.001065,0.000000
56174.371292,-1,-0.006318,0.000272,0.092893,0.005169,0.005440,0.000000,0.999999,-0.001197,0.001045,-0.000014,0.001016,0.000003,0.000000
56174.421285,-1,-0.006291,0.000300,0.092892,0.005116,0.005478,0.000000,0.999999,-0.001169,0.001032,-0.000014,0.000026,-0.000002,0.000000
56174.471310,-1,-0.006296,0.000298,0.092894,0.005013,0.005444,0.000000,0.999999,-0.001147,0.001027,-0.000014,0.001065,0.000000,0.000000
56174.521297,-1,-0.006296,0.000307,0.092897,0.004883,0.005363,0.000000,0.999999,-0.001136,0.001041,-0.000014,0.000000,0.001017,0.000000
56174.571317,-1,-0.006300,0.000311,0.092899,0.004852,0.005356,0.000000,0.999999,-0.001136,0.001060,-0.000014,0.000000,0.001277,0.000000
56174.621283,-1,-0.006301,0.000321,0.092898,0.004787,0.005283,0.000000,0.999999,-0.001141,0.001087,-0.000014,0.000000,0.001101,0.000000
56174.671295,-1,-0.006308,0.000324,0.092897,0.004795,0.005272,0.000000,0.999999,-0.001141,0.001107,-0.000014,0.000000,0.001065,0.000000
56174.721279,-1,-0.006311,0.000326,0.092896,0.004860,0.005283,0.000000,0.999999,-0.001141,0.001127,-0.000014,0.000000,0.001065,0.000000
56174.771290,-1,-0.006310,0.000328,0.092893,0.004936,0.005291,0.000000,0.999999,-0.001148,0.001140,-0.000014,0.000000,-0.000002,0.000000
56174.821273,-1,-0.006306,0.000329,0.092891,0.005016,0.005299,0.000000,0.999999,-0.001148,0.001140,-0.000019,-0.000864,-0.000212,0.000000
56174.871286,-1,-0.006297,0.000329,0.092889,0.005085,0.005302,-0.000002,0.999999,-0.001153,0.001127,-0.000019,0.000000,-0.001079,0.000000
56174.921288,-1,-0.006285,0.000330,0.092888,0.005131,0.005310,0.000000,0.999999,-0.001153,0.001106,-0.000019,0.000000,-0.001065,0.000000
56174.971296,-1,-0.006272,0.000331,0.092889,0.005146,0.005318,0.000000,0.999999,-0.001153,0.001086,-0.000019,0.000000,-0.001063,0.000000
56175.021282,-1,-0.006260,0.000334,0.092890,0.005138,0.005325,0.000000,0.999999,-0.001146,0.001067,-0.000019,0.000002,-0.001063,0.000000
56175.071292,-1,-0.006250,0.000337,0.092892,0.005089,0.005306,0.000000,0.999999,-0.001138,0.001049,-0.000019,0.000002,-0.000383,0.000000
56175.121275,-1,-0.006243,0.000339,0.092894,0.005039,0.005287,0.000000,0.999999,-0.001133,0.001045,-0.000019,0.000000,0.000000,0.000000
56175.171295,-1,-0.006241,0.000339,0.092895,0.004978,0.005264,0.000000,0.999999,-0.001133,0.001045,-0.000019,0.000000,0.000000,0.000000
56175.221291,-1,-0.006244,0.000336,0.092893,0.004917,0.005230,0.000000,0.999999,-0.001129,0.001054,-0.000019,-0.000037,0.000452,0.000000
56175.271288,-1,-0.006250,0.000329,0.092890,0.004868,0.005184,0.000000,0.999999,-0.001129,0.001075,-0.000019,-0.000615,0.000666,0.000000
56175.321279,-1,-0.006259,0.000320,0.092886,0.004845,0.005146,0.000000,0.999999,-0.001140,0.001092,-0.000019,0.000014,0.001116,0.000000
56175.371281,-1,-0.006268,0.000308,0.092883,0.004845,0.005119,-0.000002,0.999999,-0.001149,0.001106,-0.000019,-0.000001,0.001101,0.000000
56175.421273,-1,-0.006276,0.000295,0.092884,0.004856,0.005104,0.000000,0.999999,-0.001156,0.001116,-0.000019,-0.000449,0.000864,0.000000
56175.471285,-1,-0.006283,0.000282,0.092887,0.004887,0.005104,0.000000,0.999999,-0.001169,0.001126,-0.000019,-0.001063,0.001079,0.000000
56175.521277,-1,-0.006286,0.000271,0.092893,0.004929,0.005123,0.000000,0.999999,-0.001185,0.001132,-0.000019,0.000024,0.000000,0.000000
56175.571283,-1,-0.006285,0.000263,0.092898,0.004982,0.005157,0.000005,0.999999,-0.001192,0.001132,-0.000019,-0.000002,0.000000,0.000000
56175.621278,-1,-0.006264,0.000275,0.092902,0.005020,0.005196,0.000017,0.999999,-0.001197,0.001126,-0.000019,0.000000,-0.000864,0.000000
56175.671277,-1,-0.006256,0.000274,0.092902,0.005062,0.005260,0.000000,0.999999,-0.001197,0.001111,-0.000019,0.000000,-0.001064,0.000000
56175.721280,-1,-0.006247,0.000279,0.092900,0.005138,0.005386,-0.000004,0.999999,-0.001193,0.001092,-0.000018,0.001063,0.000040,0.000000
56175.771281,-1,-0.006237,0.000288,0.092898,0.005081,0.005383,-0.000006,0.999999,-0.001173,0.001076,-0.000018,0.001065,-0.000682,0.000000
56175.821277,-1,-0.006229,0.000300,0.092897,0.005051,0.005405,-0.000000,0.999999,-0.001152,0.001063,-0.000019,0.001065,-0.001112,0.000000
56175.871275,-1,-0.006224,0.000313,0.092897,0.005013,0.005417,0.000000,0.999999,-0.001134,0.001056,-0.000019,0.001064,0.000000,0.000000
56175.921272,-1,-0.006222,0.000325,0.092896,0.004967,0.005405,0.000000,0.999999,-0.001114,0.001050,-0.000019,0.001065,-0.000003,0.000000
56175.971265,-1,-0.006224,0.000336,0.092895,0.004974,0.005428,0.000000,0.999999,-0.001097,0.001059,-0.000019,-0.000051,0.000002,0.000000
56176.021277,-1,-0.006229,0.000343,0.092895,0.004932,0.005375,0.000000,0.999999,-0.001086,0.001068,-0.000019,0.000002,0.001090,0.000000
56176.071283,-1,-0.006234,0.000348,0.092895,0.004910,0.005306,0.000000,0.999999,-0.001086,0.001088,-0.000019,0.000000,0.001065,0.000000
56176.121273,-1,-0.006244,0.000343,0.092895,0.004894,0.005222,0.000000,0.999999,-0.001086,0.001107,-0.000019,-0.000212,-0.000003,0.000000
56176.171269,-1,-0.006251,0.000335,0.092895,0.004917,0.005161,0.000000,0.999999,-0.001100,0.001118,-0.000019,-0.001089,0.000050,0.000000
56176.221272,-1,-0.006255,0.000324,0.092895,0.004951,0.005116,0.000000,0.999999,-0.001117,0.001126,-0.000019,-0.001063,0.000000,0.000000
56176.271334,-1,-0.006256,0.000311,0.092896,0.005001,0.005089,0.000000,0.999999,-0.001139,0.001133,-0.000019,-0.001064,0.000000,0.000000
56176.321275,-1,-0.006253,0.000298,0.092895,0.005058,0.005089,0.000000,0.999999,-0.001163,0.001133,-0.000019,0.000006,0.000000,0.000000
56176.371273,-1,-0.006246,0.000286,0.092893,0.005108,0.005116,0.000000,0.999999,-0.001176,0.001125,-0.000019,-0.000050,-0.001116,0.000000
56176.421277,-1,-0.006236,0.000277,0.092891,0.005146,0.005157,0.000000,0.999999,-0.001184,0.001102,-0.000018,-0.001063,0.000006,0.000000
56176.471278,-1,-0.006225,0.000272,0.092889,0.005157,0.005211,0.000000,0.999999,-0.001188,0.001087,-0.000018,0.000000,-0.001106,0.000000
56176.521280,-1,-0.006214,0.000271,0.092888,0.005154,0.005268,0.000000,0.999999,-0.001182,0.001069,-0.000015,-0.000047,-0.000852,0.000617
56176.571271,-1,-0.006205,0.000274,0.092888,0.005127,0.005318,0.000000,0.999999,-0.001174,0.001057,-0.000012,0.000002,-0.000002,0.000000
56176.621267,-1,-0.006199,0.000279,0.092890,0.005070,0.005341,0.000000,0.999999,-0.001162,0.001049,-0.000012,0.001079,-0.000449,0.000000
56176.671263,-1,-0.006197,0.000285,0.092894,0.005016,0.005356,0.000000,0.999999,-0.001144,0.001043,-0.000012,0.001072,0.000000,0.000000
56176.721267,-1,-0.006199,0.000290,0.092898,0.004963,0.005348,0.000000,0.999999,-0.001127,0.001050,-0.000012,-0.000051,0.000002,0.000000
56176.771269,-1,-0.006205,0.000294,0.092900,0.004917,0.005325,0.000000,0.999999,-0.001118,0.001063,-0.000012,0.000001,0.001064,0.000000
56176.821261,-1,-0.006180,0.000328,0.092901,0.004864,0.005253,0.000000,0.999999,-0.001114,0.001092,-0.000012,-0.001090,0.001681,0.000000
56176.871392,-1,-0.006184,0.000327,0.092901,0.004852,0.005203,0.000000,0.999999,-0.001124,0.001108,-0.000012,0.000000,0.001063,0.000000
56176.921261,-1,-0.006188,0.000324,0.092900,0.004791,0.005089,0.000000,0.999999,-0.001136,0.001123,-0.000012,-0.001107,0.001930,0.000000
56176.971272,-1,-0.006226,0.000281,0.092897,0.004860,0.005108,0.000000,0.999999,-0.001167,0.001150,-0.000012,-0.001065,0.001065,0.000000
56177.021268,-1,-0.006217,0.000284,0.092894,0.004951,0.005146,0.000000,0.999999,-0.001190,0.001164,-0.000012,-0.001016,0.001040,0.000000
56177.071363,-1,-0.006234,0.000258,0.092890,0.004940,0.005096,0.000000,0.999999,-0.001197,0.001167,-0.000012,-0.001016,0.000000,0.000000
56177.121264,-1,-0.006208,0.000271,0.092886,0.005051,0.005180,-0.000006,0.999999,-0.001209,0.001149,-0.000012,0.000000,-0.001065,0.000000
56177.171273,-1,-0.006187,0.000279,0.092885,0.005093,0.005219,0.000000,0.999999,-0.001197,0.001114,-0.000012,0.001064,-0.001064,0.000000
56177.221332,-1,-0.006170,0.000287,0.092886,0.005177,0.005322,0.000000,0.999999,-0.001183,0.001088,-0.000012,0.001063,-0.001059,0.000000
56177.271268,-1,-0.006172,0.000275,0.092889,0.004974,0.005138,0.000000,0.999999,-0.001165,0.001063,-0.000012,0.001065,0.000051,0.000000
56177.321272,-1,-0.006154,0.000284,0.092895,0.004978,0.005177,0.000000,0.999999,-0.001161,0.001061,-0.000012,-0.000384,0.000000,0.000000
56177.371304,-1,-0.006119,0.000315,0.092898,0.005009,0.005241,0.000000,0.999999,-0.001165,0.001053,-0.000012,0.000000,-0.001065,0.000000
56177.421284,-1,-0.006080,0.000352,0.092900,0.004959,0.005253,0.000000,0.999999,-0.001158,0.001047,-0.000012,0.000000,0.000000,0.000000
56177.471270,-1,-0.006104,0.000326,0.092898,0.004917,0.005257,-0.000091,0.999999,-0.001147,0.001042,-0.000012,0.000680,0.000000,0.000000
56177.521309,-1,-0.006116,0.000317,0.092897,0.004787,0.005165,-0.000074,0.999999,-0.001139,0.001049,-0.000012,0.001072,0.000000,0.000000
56177.571298,-1,-0.006118,0.000318,0.092901,0.004726,0.005119,-0.000035,0.999999,-0.001127,0.001055,-0.000017,0.000000,0.000616,0.000000
56177.621271,-1,-0.006106,0.000336,0.092906,0.004704,0.005089,0.000000,0.999999,-0.001122,0.001079,-0.000017,0.000000,0.001017,0.000000
56177.671319,-1,-0.006126,0.000317,0.092912,0.004669,0.005024,0.000000,0.999999,-0.001122,0.001092,-0.000017,0.000000,0.001065,0.000000
56177.721261,-1,-0.006116,0.000325,0.092915,0.004753,0.005058,-0.000145,0.999999,-0.001136,0.001115,-0.000017,-0.000001,0.001063,0.000000
56177.771301,-1,-0.006118,0.000317,0.092916,0.004768,0.005013,-0.000107,0.999999,-0.001149,0.001124,-0.000017,0.000024,0.000864,0.000000
56177.821253,-1,-0.006117,0.000308,0.092919,0.004814,0.005001,-0.000071,0.999999,-0.001166,0.001129,-0.000017,-0.000866,0.000864,0.000000
56177.871248,-1,-0.006112,0.000301,0.092923,0.004875,0.005024,-0.000025,0.999999,-0.001188,0.001135,-0.000017,0.000014,0.000000,0.000000
56177.921256,-1,-0.006102,0.000297,0.092924,0.004951,0.005077,-0.000134,0.999999,-0.001196,0.001129,-0.000017,0.000000,-0.001064,0.000000
56177.971381,-1,-0.006090,0.000296,0.092923,0.004997,0.005131,-0.000113,0.999999,-0.001203,0.001113,-0.000017,0.000000,-0.001089,0.000000
56178.021266,-1,-0.006092,0.000283,0.092923,0.004929,0.005074,-0.000097,0.999999,-0.001203,0.001096,-0.000017,0.000000,-0.000001,0.000000
56178.071277,-1,-0.006056,0.000310,0.092921,0.005020,0.005226,-0.000081,0.999999,-0.001199,0.001077,-0.000017,0.001513,-0.002057,0.000000
56178.121271,-1,-0.006040,0.000323,0.092919,0.004955,0.005226,-0.000073,0.999999,-0.001165,0.001042,-0.000017,0.001065,-0.001065,0.000000
56178.171257,-1,-0.006026,0.000337,0.092915,0.004971,0.005318,-0.000073,0.999999,-0.001139,0.001021,-0.000017,0.001065,-0.001065,0.000000
56178.221260,-1,-0.006017,0.000352,0.092909,0.004852,0.005264,-0.000083,0.999999,-0.001112,0.001006,-0.000017,0.001065,0.000000,0.000000
56178.271292,-1,-0.006014,0.000365,0.092901,0.004772,0.005241,-0.000093,0.999999,-0.001090,0.001002,-0.000017,0.001117,0.000000,0.000000
56178.321250,-1,-0.006017,0.000374,0.092895,0.004749,0.005253,-0.000094,0.999999,-0.001072,0.001012,-0.000017,0.001116,0.000001,0.000000
56178.371263,-1,-0.006027,0.000380,0.092893,0.004681,0.005188,-0.000082,0.999999,-0.001058,0.001024,-0.000017,0.000199,0.001068,0.000000
56178.421265,-1,-0.006040,0.000379,0.092896,0.004570,0.005043,-0.000044,0.999999,-0.001055,0.001049,-0.000017,0.000000,0.001065,0.000000
56178.471260,-1,-0.006056,0.000372,0.092901,0.004547,0.004955,0.000000,0.999999,-0.001057,0.001076,-0.000017,-0.001064,0.001065,0.000000
56178.521254,-1,-0.006072,0.000360,0.092905,0.004555,0.004875,0.000000,0.999999,-0.001077,0.001102,-0.000017,-0.001065,0.001065,0.000000
56178.621259,-1,-0.006097,0.000323,0.092816,0.004719,0.004852,-0.004219,0.999999,-0.001125,0.001139,-0.000017,-0.001065,0.000864,0.000000
56178.671271,-1,-0.006102,0.000303,0.091915,0.004810,0.004864,-0.022827,0.999999,-0.001157,0.001148,-0.000017,-0.001065,0.000000,0.000000
56178.721254,-1,-0.006102,0.000284,0.090647,0.004913,0.004910,-0.024704,0.999999,-0.001176,0.001146,-0.000017,-0.001066,-0.001067,0.000000
56178.771255,-1,-0.006096,0.000269,0.089688,0.004997,0.004971,-0.017212,0.999999,-0.001188,0.001125,-0.000017,-0.000201,-0.001065,0.000000
56178.821257,-1,-0.006085,0.000258,0.088981,0.005051,0.005039,-0.012772,0.999999,-0.001191,0.001093,-0.000017,0.000000,-0.000616,0.000000
56178.871257,-1,-0.006073,0.000251,0.088344,0.005077,0.005116,-0.011711,0.999999,-0.001196,0.001068,-0.000017,0.000000,-0.001065,0.000000
56178.921303,-1,-0.006074,0.000237,0.087768,0.004978,0.005100,-0.010582,0.999999,-0.001186,0.001041,-0.000017,-0.000006,-0.001065,0.000000
56178.971259,-1,-0.006067,0.000237,0.087246,0.004906,0.005127,-0.008751,0.999999,-0.001181,0.001028,-0.000017,0.000680,-0.001063,0.000000
56179.021253,-1,-0.006048,0.000256,0.086784,0.004890,0.005219,-0.007080,0.999999,-0.001169,0.001022,-0.000017,0.001064,0.000000,0.000000
56179.071266,-1,-0.006055,0.000254,0.086424,0.004765,0.005173,-0.005753,0.999999,-0.001153,0.001027,-0.000017,-0.000014,0.000384,0.000000
56179.121249,-1,-0.006057,0.000261,0.086108,0.004723,0.005188,-0.004681,0.999999,-0.001142,0.001037,-0.000017,0.001064,0.000001,0.000000
56179.171256,-1,-0.006058,0.000268,0.085845,0.004700,0.005188,-0.003761,0.999999,-0.001124,0.001047,-0.000017,0.001063,0.001116,0.000000
56179.221249,-1,-0.006060,0.000274,0.085627,0.004734,0.005211,-0.003067,0.999999,-0.001113,0.001064,-0.000017,-0.000052,0.001063,0.000000
56179.271249,-1,-0.006060,0.000278,0.085449,0.004776,0.005203,-0.002455,0.999999,-0.001111,0.001077,-0.000017,0.000623,0.000001,0.000000
56179.321250,-1,-0.006058,0.000277,0.085309,0.004822,0.005173,-0.001827,0.999999,-0.001106,0.001077,-0.000017,0.000000,0.000000,0.000000
56179.371250,-1,-0.006052,0.000272,0.085199,0.004864,0.005123,-0.001403,0.999999,-0.001106,0.001077,-0.000017,0.000000,0.000000,0.000000
56179.421251,-1,-0.006045,0.000260,0.085113,0.004910,0.005066,-0.001057,0.999999,-0.001115,0.001076,-0.000017,-0.000073,-0.001079,0.000000
56179.471249,-1,-0.006033,0.000246,0.085046,0.004948,0.005024,-0.000847,0.999999,-0.001130,0.001058,-0.000017,-0.000043,0.000051,0.000000
56179.521238,-1,-0.006019,0.000229,0.085000,0.004967,0.005001,-0.000542,0.999999,-0.001150,0.001047,-0.000017,-0.000863,-0.001112,0.000000
56179.571265,-1,-0.006005,0.000211,0.084968,0.004971,0.004997,-0.000333,0.999999,-0.001167,0.001031,-0.000017,-0.000001,-0.000201,0.000000
56179.621251,-1,-0.005991,0.000194,0.084944,0.004955,0.005009,-0.000322,0.999999,-0.001175,0.001015,-0.000017,-0.000864,0.000014,0.000000
56179.671251,-1,-0.005964,0.000197,0.084927,0.004917,0.005039,-0.000279,0.999999,-0.001188,0.001004,-0.000017,-0.001090,0.000000,0.000000
56179.721249,-1,-0.005956,0.000184,0.084919,0.004868,0.005081,-0.000115,0.999999,-0.001195,0.000996,-0.000017,0.000000,-0.001068,0.000000
56179.771251,-1,-0.005952,0.000176,0.084914,0.004799,0.005131,-0.000111,0.999999,-0.001195,0.000989,-0.000017,0.001116,0.000000,0.000000
56179.821246,-1,-0.005953,0.000170,0.084910,0.004723,0.005173,-0.000100,0.999999,-0.001189,0.000989,-0.000017,0.000000,0.000680,0.000000
56179.871249,-1,-0.005959,0.000167,0.084908,0.004650,0.005207,-0.000087,0.999999,-0.001181,0.001003,-0.000017,0.001106,0.000201,0.000000
56179.921246,-1,-0.005970,0.000165,0.084909,0.004658,0.005287,-0.000067,0.999999,-0.001164,0.001019,-0.000017,0.001065,0.000682,0.000000
56179.971245,-1,-0.005982,0.000163,0.084911,0.004623,0.005287,-0.000025,0.999999,-0.001151,0.001041,-0.000017,-0.000001,-0.000024,0.000000
56180.021244,-1,-0.005994,0.000159,0.084914,0.004620,0.005272,0.000000,0.999999,-0.001139,0.001052,-0.000017,0.000000,0.001068,0.000000
56180.071251,-1,-0.006006,0.000153,0.084916,0.004627,0.005238,0.000000,0.999999,-0.001131,0.001063,-0.000017,0.000000,0.001090,0.000000
56180.121249,-1,-0.006016,0.000144,0.084915,0.004658,0.005196,-0.000069,0.999999,-0.001131,0.001081,-0.000013,0.000000,-0.000040,0.000000
56180.171247,-1,-0.006022,0.000131,0.084911,0.004700,0.005157,-0.000067,0.999999,-0.001140,0.001082,-0.000013,-0.000680,0.000864,0.000000
56180.221245,-1,-0.006025,0.000116,0.084907,0.004757,0.005135,-0.000069,0.999999,-0.001155,0.001088,-0.000013,-0.001079,0.000000,0.000000
56180.271247,-1,-0.006022,0.000101,0.084903,0.004822,0.005131,-0.000070,0.999999,-0.001174,0.001088,-0.000013,-0.001065,0.000000,0.000000
56180.321239,-1,-0.006015,0.000087,0.084899,0.004871,0.005138,-0.000068,0.999999,-0.001189,0.001075,-0.000013,-0.000001,-0.001079,0.000000
56180.371246,-1,-0.006004,0.000074,0.084898,0.004917,0.005177,-0.000055,0.999999,-0.001200,0.001057,-0.000013,-0.001101,-0.001064,0.000000
56180.421250,-1,-0.005992,0.000066,0.084900,0.004940,0.005230,-0.000018,0.999999,-0.001217,0.001038,-0.000013,0.000004,-0.001065,0.000000
56180.471244,-1,-0.005979,0.000062,0.084903,0.004936,0.005302,0.000000,0.999999,-0.001217,0.001014,-0.000013,0.000000,0.000014,0.000000
56180.521245,-1,-0.005966,0.000066,0.084905,0.004910,0.005379,0.000000,0.999999,-0.001209,0.000998,-0.000013,0.000073,-0.000051,0.000000
56180.571255,-1,-0.005961,0.000070,0.084906,0.004848,0.005432,0.000000,0.999999,-0.001196,0.000988,-0.000013,0.000993,0.000000,0.000000
56180.621278,-1,-0.005958,0.000079,0.084905,0.004791,0.005478,0.000000,0.999999,-0.001178,0.000983,-0.000013,0.001063,-0.000001,0.000000
56180.671247,-1,-0.005959,0.000090,0.084903,0.004726,0.005501,0.000000,0.999999,-0.001157,0.000988,-0.000013,0.001065,0.000383,0.000000
56180.721243,-1,-0.005933,0.000138,0.084900,0.004669,0.005497,-0.000008,0.999999,-0.001135,0.000999,-0.000013,0.001064,0.000052,0.000000
56180.771239,-1,-0.005975,0.000109,0.084896,0.004581,0.005413,-0.000018,0.999999,-0.001124,0.001021,-0.000013,0.000000,0.001065,0.000000
56180.821239,-1,-0.005997,0.000101,0.084892,0.004482,0.005276,-0.000032,0.999999,-0.001118,0.001042,-0.000013,0.000001,0.001114,0.000000
56180.871260,-1,-0.006009,0.000101,0.084889,0.004482,0.005215,-0.000034,0.999999,-0.001129,0.001073,-0.000013,0.000006,0.000386,0.000000
56180.921238,-1,-0.005977,0.000145,0.084888,0.004608,0.005276,-0.000019,0.999999,-0.001144,0.001095,-0.000013,-0.001065,0.001065,0.000000
56180.971244,-1,-0.006001,0.000119,0.084890,0.004620,0.005196,0.000000,0.999999,-0.001152,0.001103,-0.000013,0.000000,-0.001068,0.000000
56181.021247,-1,-0.006001,0.000117,0.084892,0.004768,0.005276,0.000000,0.999999,-0.001158,0.001095,-0.000013,-0.001064,0.000000,0.000000
56181.071242,-1,-0.005994,0.000116,0.084895,0.004852,0.005314,0.000000,0.999999,-0.001168,0.001085,-0.000013,-0.000680,-0.000073,0.000000
56181.121239,-1,-0.005984,0.000117,0.084896,0.004917,0.005352,0.000000,0.999999,-0.001175,0.001067,-0.000013,0.000000,-0.001065,0.000000
56181.171290,-1,-0.005972,0.000121,0.084896,0.004894,0.005329,0.000000,0.999999,-0.001175,0.001045,-0.000013,0.001068,-0.001065,0.000000
56181.221244,-1,-0.005961,0.000126,0.084894,0.004951,0.005413,0.000000,0.999999,-0.001167,0.001025,-0.000013,0.001090,-0.001063,0.000000
56181.271240,-1,-0.005951,0.000131,0.084891,0.004925,0.005424,0.000000,0.999999,-0.001157,0.001007,-0.000013,0.001063,-0.001063,0.000000
56181.321240,-1,-0.005945,0.000136,0.084888,0.004879,0.005417,0.000000,0.999999,-0.001141,0.000994,-0.000013,-0.000014,-0.000199,0.000000
56181.371240,-1,-0.005943,0.000139,0.084887,0.004814,0.005390,0.000000,0.999999,-0.001133,0.000992,-0.000013,0.000000,0.000000,0.000000
56181.421240,-1,-0.005946,0.000138,0.084887,0.004730,0.005337,0.000000,0.999999,-0.001126,0.000992,-0.000013,0.000000,0.001106,0.000000
56181.471239,-1,-0.005954,0.000134,0.084888,0.004673,0.005287,0.000000,0.999999,-0.001126,0.001012,-0.000013,0.000000,0.001065,0.000000
56181.521235,-1,-0.005965,0.000125,0.084890,0.004639,0.005230,0.000000,0.999999,-0.001126,0.001032,-0.000013,-0.000049,0.001063,0.000000
56181.571238,-1,-0.005977,0.000112,0.084891,0.004627,0.005177,0.000000,0.999999,-0.001137,0.001050,-0.000013,-0.001101,0.001072,0.000000
56181.621234,-1,-0.005988,0.000095,0.084893,0.004635,0.005138,0.000000,0.999999,-0.001157,0.001069,-0.000013,-0.001065,0.001065,0.000000
56181.671235,-1,-0.005997,0.000077,0.084894,0.004669,0.005123,0.000000,0.999999,-0.001183,0.001088,-0.000013,-0.001065,0.001014,0.000000
56181.721234,-1,-0.006002,0.000059,0.084894,0.004723,0.005135,0.000000,0.999999,-0.001205,0.001091,-0.000013,-0.001065,0.001068,0.000000
56181.771233,-1,-0.005970,0.000080,0.084893,0.004768,0.005150,0.000000,0.999999,-0.001225,0.001095,-0.000013,-0.001065,0.000000,0.000000
56181.821239,-1,-0.005966,0.000067,0.084890,0.004837,0.005215,0.000000,0.999999,-0.001243,0.001090,-0.000013,0.000047,0.000000,0.000000
56181.871236,-1,-0.005989,0.000025,0.084888,0.004894,0.005306,0.000000,0.999999,-0.001251,0.001077,-0.000013,0.000000,-0.001072,0.000000
56181.921234,-1,-0.005981,0.000022,0.084886,0.004921,0.005390,0.000000,0.999999,-0.001251,0.001058,-0.000013,0.000000,-0.001065,0.000000
56181.971236,-1,-0.005937,0.000063,0.084885,0.004932,0.005478,0.000000,0.999999,-0.001241,0.001038,-0.000013,0.001116,-0.001064,0.000000
56182.021233,-1,-0.005961,0.000035,0.084886,0.004921,0.005547,0.000000,0.999999,-0.001217,0.001019,-0.000013,-0.000051,-0.001079,0.000000
56182.071236,-1,-0.005920,0.000083,0.084888,0.005035,0.005760,0.000000,0.999999,-0.001193,0.001002,-0.000013,0.001065,-0.001016,0.000000
56182.121236,-1,-0.005917,0.000095,0.084891,0.004826,0.005596,0.000000,0.999999,-0.001160,0.000994,-0.000013,0.001060,-0.000617,0.000000
56182.171231,-1,-0.005919,0.000106,0.084893,0.004906,0.005737,0.000000,0.999999,-0.001141,0.000993,-0.000013,0.001065,0.000680,0.000000
56182.221238,-1,-0.005925,0.000112,0.084895,0.004692,0.005512,0.000000,0.999999,-0.001121,0.001006,-0.000013,0.000201,0.001064,0.000000
56182.271224,-1,-0.005935,0.000114,0.084896,0.004642,0.005440,0.000000,0.999999,-0.001116,0.001024,-0.000013,0.000868,0.001065,0.000000
56182.321233,-1,-0.005946,0.000109,0.084895,0.004772,0.005527,0.000000,0.999999,-0.001122,0.001045,-0.000013,-0.000614,0.001065,0.000000
56182.371234,-1,-0.006004,0.000046,0.084892,0.004776,0.005455,0.000000,0.999999,-0.001133,0.001062,-0.000013,-0.000866,0.001112,0.000000
56182.421238,-1,-0.006013,0.000033,0.084889,0.004585,0.005165,0.000000,0.999999,-0.001150,0.001079,-0.000013,-0.001112,0.001066,0.000000
56182.471238,-1,-0.006020,0.000017,0.084887,0.004631,0.005135,0.000000,0.999999,-0.001175,0.001092,-0.000013,-0.001065,-0.000047,0.000000
56182.521237,-1,-0.006022,0.000001,0.084885,0.004692,0.005135,0.000000,0.999999,-0.001201,0.001095,-0.000013,-0.000386,-0.000041,0.000000
56182.571247,-1,-0.006019,-0.000014,0.084885,0.004757,0.005150,0.000000,0.999999,-0.001225,0.001097,-0.000013,-0.000001,-0.000992,0.000000
56182.621232,-1,-0.006012,-0.000026,0.084888,0.004826,0.005203,0.000000,0.999999,-0.001237,0.001086,-0.000013,-0.001090,-0.001063,0.000000
56182.671232,-1,-0.006001,-0.000034,0.084894,0.004879,0.005272,0.000000,0.999999,-0.001247,0.001066,-0.000013,-0.000384,-0.000386,0.000000
56182.721230,-1,-0.005988,-0.000037,0.084900,0.004910,0.005356,0.000018,0.999999,-0.001252,0.001044,-0.000013,0.000000,-0.001065,0.000000
56182.771277,-1,-0.005974,-0.000034,0.084903,0.004910,0.005432,-0.000028,0.999999,-0.001242,0.001017,-0.000013,0.001014,-0.001065,0.000000
56182.821219,-1,-0.005962,-0.000028,0.084905,0.004883,0.005493,0.000000,0.999999,-0.001225,0.000997,-0.000013,0.001065,-0.001065,0.000000
56182.871305,-1,-0.005952,-0.000019,0.084907,0.004833,0.005527,0.000000,0.999999,-0.001198,0.000978,-0.000013,0.001065,-0.000201,0.000000
56182.921231,-1,-0.005948,-0.000011,0.084906,0.004761,0.005531,0.000000,0.999999,-0.001172,0.000969,-0.000013,-0.000014,-0.000003,0.000000
56182.971232,-1,-0.005948,-0.000005,0.084904,0.004681,0.005505,0.000000,0.999999,-0.001155,0.000971,-0.000013,0.000002,0.001064,0.000000
56183.021226,-1,-0.005937,0.000016,0.084900,0.004654,0.005505,-0.000004,0.999999,-0.001146,0.000989,-0.000013,0.000049,0.000616,0.000000
56183.071236,-1,-0.005945,0.000014,0.084896,0.004608,0.005444,-0.000024,0.999999,-0.001140,0.001009,-0.000013,0.000000,0.001065,0.000000
56183.121229,-1,-0.005955,0.000007,0.084891,0.004536,0.005314,-0.000042,0.999999,-0.001148,0.001030,-0.000013,-0.000205,0.001065,0.000000
56183.171225,-1,-0.005964,-0.000004,0.084888,0.004601,0.005329,-0.000040,0.999999,-0.001161,0.001051,-0.000013,-0.001063,0.000865,0.000000
56183.221229,-1,-0.005970,-0.000018,0.084889,0.004631,0.005295,-0.000015,0.999999,-0.001181,0.001066,-0.000013,-0.001065,0.000199,0.000000
56183.271228,-1,-0.005974,-0.000032,0.084894,0.004681,0.005283,0.000000,0.999999,-0.001201,0.001075,-0.000013,-0.001065,-0.000001,0.000000
56183.321229,-1,-0.005972,-0.000046,0.084900,0.004742,0.005295,0.000000,0.999999,-0.001220,0.001075,-0.000013,-0.000073,0.000000,0.000000
56183.371229,-1,-0.005966,-0.000058,0.084907,0.004799,0.005329,0.000008,0.999999,-0.001232,0.001059,-0.000013,0.000014,-0.000001,0.000000
56183.421228,-1,-0.005957,-0.000066,0.084909,0.004841,0.005383,-0.000063,0.999999,-0.001240,0.001044,-0.000013,0.000000,-0.001063,0.000000
56183.471235,-1,-0.005946,-0.000070,0.084910,0.004856,0.005440,-0.000051,0.999999,-0.001240,0.001022,-0.000013,0.000000,-0.000681,0.000000
56183.521224,-1,-0.005936,-0.000070,0.084909,0.004848,0.005501,-0.000035,0.999999,-0.001233,0.001006,-0.000013,-0.000001,-0.001112,0.000000
56183.571235,-1,-0.005930,-0.000070,0.084907,0.004780,0.005497,-0.000025,0.999999,-0.001225,0.000990,-0.000013,0.000002,-0.000617,0.000000
56183.621229,-1,-0.005923,-0.000063,0.084906,0.004730,0.005524,-0.000018,0.999999,-0.001217,0.000986,-0.000013,0.000000,0.000449,0.000000
56183.671230,-1,-0.005930,-0.000069,0.084904,0.004623,0.005478,-0.000019,0.999999,-0.001210,0.000991,-0.000013,0.001065,0.000000,0.000000
56183.721215,-1,-0.005922,-0.000053,0.084901,0.004620,0.005524,-0.000023,0.999999,-0.001200,0.000993,-0.000013,0.000000,0.001072,0.000000
56183.771222,-1,-0.005935,-0.000061,0.084897,0.004539,0.005463,-0.000034,0.999999,-0.001196,0.001008,-0.000013,-0.000006,0.001079,0.000000
56183.821229,-1,-0.005937,-0.000057,0.084894,0.004562,0.005486,-0.000042,0.999999,-0.001194,0.001026,-0.000013,0.000000,0.001116,0.000000
56183.871218,-1,-0.005939,-0.000054,0.084891,0.004597,0.005501,-0.000042,0.999999,-0.001194,0.001035,-0.000013,0.000000,0.001112,0.000000
56183.921273,-1,-0.005938,-0.000052,0.084889,0.004635,0.005508,-0.000035,0.999999,-0.001194,0.001042,-0.000013,0.000000,0.000000,0.000000
56183.971222,-1,-0.005935,-0.000051,0.084888,0.004673,0.005512,-0.000025,0.999999,-0.001194,0.001042,-0.000013,0.000000,0.000000,0.000000
56184.021213,-1,-0.005916,-0.000031,0.084887,0.004704,0.005508,-0.000013,0.999999,-0.001191,0.001036,-0.000013,0.000199,-0.000449,0.000000
56184.071212,-1,-0.005925,-0.000049,0.084889,0.004719,0.005497,0.000000,0.999999,-0.001187,0.001023,-0.000013,0.000449,-0.001063,0.000000
56184.121212,-1,-0.005904,-0.000032,0.084892,0.004715,0.005474,0.000000,0.999999,-0.001182,0.001009,-0.000013,0.000000,0.000005,0.000000
56184.171238,-1,-0.005900,-0.000035,0.084897,0.004696,0.005447,0.000000,0.999999,-0.001182,0.001003,-0.000013,-0.000049,0.000025,0.000000
56184.221221,-1,-0.005914,-0.000058,0.084900,0.004654,0.005413,0.000000,0.999999,-0.001191,0.001003,-0.000013,-0.000384,0.000000,0.000000
56184.271222,-1,-0.005914,-0.000063,0.084900,0.004627,0.005409,-0.000017,0.999999,-0.001195,0.001003,-0.000013,0.000000,0.000000,0.000000
56184.321225,-1,-0.005902,-0.000050,0.084896,0.004597,0.005405,-0.000131,0.999999,-0.001203,0.001009,-0.000013,0.000014,-0.000051,0.000000
56184.371229,-1,-0.005906,-0.000054,0.084896,0.004578,0.005417,-0.000103,0.999999,-0.001208,0.001015,-0.000013,0.000025,0.000003,0.000000
56184.421229,-1,-0.005911,-0.000056,0.084902,0.004566,0.005436,-0.000059,0.999999,-0.001208,0.001017,-0.000013,0.000000,0.000617,0.000000
56184.471223,-1,-0.005931,-0.000075,0.084911,0.004566,0.005451,0.000000,0.999999,-0.001208,0.001023,-0.000013,0.000000,0.000392,0.000000
56184.521325,-1,-0.005919,-0.000056,0.084917,0.004631,0.005527,0.000000,0.999999,-0.001203,0.001029,-0.000013,-0.000014,0.000075,0.000000
56184.571240,-1,-0.005920,-0.000056,0.084921,0.004601,0.005466,-0.000014,0.999999,-0.001197,0.001031,-0.000013,0.000002,-0.000878,0.000000
56184.621226,-1,-0.005919,-0.000056,0.084923,0.004669,0.005524,-0.000080,0.999999,-0.001197,0.001026,-0.000013,0.000000,0.000000,0.000000
56184.671223,-1,-0.005916,-0.000058,0.084920,0.004684,0.005512,-0.000187,0.999999,-0.001197,0.001026,-0.000013,0.000000,0.000000,0.000000
56184.721220,-1,-0.005913,-0.000062,0.084919,0.004692,0.005497,-0.000152,0.999999,-0.001192,0.001020,-0.000013,-0.000037,0.000000,0.000000
56184.771208,-1,-0.005911,-0.000068,0.084922,0.004692,0.005466,-0.000109,0.999999,-0.001192,0.001013,-0.000013,0.000000,0.000000,0.000000
56184.821225,-1,-0.005909,-0.000079,0.084927,0.004681,0.005432,-0.000070,0.999999,-0.001198,0.001010,-0.000013,0.000051,-0.000199,0.000000
56184.871237,-1,-0.005909,-0.000091,0.084930,0.004662,0.005409,-0.000051,0.999999,-0.001205,0.001007,-0.000013,0.000040,0.000000,0.000000
56184.921225,-1,-0.005912,-0.000105,0.084930,0.004639,0.005394,-0.000139,0.999999,-0.001218,0.001007,-0.000013,0.000001,0.000000,0.000000
56184.971218,-1,-0.005916,-0.000118,0.084928,0.004601,0.005379,-0.000111,0.999999,-0.001231,0.001014,-0.000013,-0.000680,0.000000,0.000000
56185.021216,-1,-0.005922,-0.000131,0.084928,0.004593,0.005405,-0.000091,0.999999,-0.001245,0.001022,-0.000013,-0.001068,0.000000,0.000000
56185.071210,-1,-0.005927,-0.000140,0.084927,0.004601,0.005455,-0.000077,0.999999,-0.001257,0.001030,-0.000013,-0.001064,0.000000,0.000000
56185.121221,-1,-0.005930,-0.000146,0.084924,0.004620,0.005516,-0.000071,0.999999,-0.001264,0.001036,-0.000013,-0.000630,0.000000,0.000000
56185.171244,-1,-0.005931,-0.000147,0.084920,0.004646,0.005585,-0.000074,0.999999,-0.001267,0.001036,-0.000013,0.000680,0.000000,0.000000
56185.221220,-1,-0.005898,-0.000105,0.084914,0.004669,0.005642,-0.000088,0.999999,-0.001256,0.001036,-0.000013,0.001064,-0.000680,0.000000
56185.271214,-1,-0.005926,-0.000136,0.084907,0.004696,0.005692,-0.000093,0.999999,-0.001239,0.001025,-0.000013,-0.000003,-0.001017,0.000000
56185.321225,-1,-0.005921,-0.000127,0.084903,0.004711,0.005730,-0.000091,0.999999,-0.001227,0.001017,-0.000013,-0.000024,-0.001015,0.000000
56185.371202,-1,-0.005883,-0.000079,0.084900,0.004715,0.005741,-0.000079,0.999999,-0.001213,0.001006,-0.000013,0.001112,0.000024,0.000000
56185.421209,-1,-0.005910,-0.000109,0.084902,0.004704,0.005737,-0.000052,0.999999,-0.001196,0.000998,-0.000019,0.001064,0.000036,0.000000
56185.471204,-1,-0.005907,-0.000102,0.084907,0.004669,0.005695,0.000000,0.999999,-0.001184,0.000993,-0.000019,0.000001,-0.000003,0.000000
56185.521218,-1,-0.005875,-0.000060,0.084911,0.004639,0.005653,0.000000,0.999999,-0.001179,0.000993,-0.000019,0.000003,0.000000,0.000000
56185.571226,-1,-0.005878,-0.000060,0.084912,0.004604,0.005604,-0.000106,0.999999,-0.001179,0.000998,-0.000019,0.000000,0.000384,0.000000
56185.621213,-1,-0.005879,-0.000060,0.084910,0.004749,0.005749,-0.000114,0.999999,-0.001179,0.001008,-0.000019,0.000000,-0.000001,0.000000
56185.671218,-1,-0.005890,-0.000075,0.084912,0.004707,0.005661,-0.000087,0.999999,-0.001194,0.001020,-0.000019,-0.001079,0.000680,0.000000
56185.721213,-1,-0.005895,-0.000088,0.084915,0.004723,0.005627,-0.000052,0.999999,-0.001215,0.001038,-0.000019,-0.001065,0.001064,0.000000
56185.771200,-1,-0.005899,-0.000102,0.084920,0.004749,0.005619,0.000000,0.999999,-0.001236,0.001043,-0.000019,-0.001065,0.001068,0.000000
56185.821213,-1,-0.005900,-0.000116,0.084923,0.004787,0.005630,0.000000,0.999999,-0.001256,0.001046,-0.000019,-0.000616,0.000000,0.000000
56185.871216,-1,-0.005897,-0.000128,0.084920,0.004833,0.005669,-0.000146,0.999999,-0.001266,0.001042,-0.000019,-0.000050,-0.001079,0.000000
56185.921214,-1,-0.005892,-0.000136,0.084919,0.004856,0.005707,-0.000118,0.999999,-0.001275,0.001032,-0.000019,-0.000992,0.000036,0.000000
56185.971237,-1,-0.005885,-0.000141,0.084921,0.004879,0.005772,-0.000089,0.999999,-0.001280,0.001023,-0.000019,0.000000,-0.000451,0.000000
56186.021216,-1,-0.005877,-0.000140,0.084924,0.004887,0.005844,-0.000062,0.999999,-0.001279,0.001006,-0.000019,0.000992,-0.001101,0.000000
56186.071259,-1,-0.005871,-0.000135,0.084925,0.004871,0.005909,-0.000029,0.999999,-0.001262,0.000989,-0.000019,0.001016,0.000003,0.000000
56186.121218,-1,-0.005867,-0.000127,0.084924,0.004837,0.005951,-0.000025,0.999999,-0.001244,0.000981,-0.000019,0.000386,-0.000001,0.000000
56186.171214,-1,-0.005867,-0.000117,0.084920,0.004787,0.005970,-0.000099,0.999999,-0.001220,0.000973,-0.000019,-0.000024,-0.000001,0.000000
56186.221220,-1,-0.005871,-0.000108,0.084916,0.004726,0.005962,-0.000094,0.999999,-0.001198,0.000973,-0.000019,0.000073,0.000000,0.000000
56186.271201,-1,-0.005879,-0.000101,0.084912,0.004669,0.005928,-0.000091,0.999999,-0.001186,0.000982,-0.000019,0.000002,0.000213,0.000000
56186.321221,-1,-0.005891,-0.000098,0.084909,0.004631,0.005878,-0.000083,0.999999,-0.001178,0.000999,-0.000019,0.000000,0.001068,0.000000
56186.371218,-1,-0.005905,-0.000098,0.084908,0.004608,0.005817,-0.000071,0.999999,-0.001178,0.001020,-0.000019,0.000000,0.001101,0.000000
56186.421215,-1,-0.005949,-0.000143,0.084908,0.004421,0.005516,-0.000053,0.999999,-0.001179,0.001039,-0.000019,-0.000864,0.001101,0.000000
56186.471215,-1,-0.005930,-0.000116,0.084907,0.004627,0.005669,-0.000035,0.999999,-0.001206,0.001065,-0.000019,-0.000001,0.001112,0.000000
56186.521216,-1,-0.005970,-0.000168,0.084909,0.004498,0.005417,-0.000005,0.999999,-0.001230,0.001073,-0.000018,-0.001065,0.000000,0.000992
56186.571216,-1,-0.005974,-0.000183,0.084909,0.004585,0.005436,0.000000,0.999999,-0.001270,0.001091,-0.000013,-0.001041,-0.000006,0.000000
56186.621216,-1,-0.005973,-0.000197,0.084906,0.004665,0.005466,0.000000,0.999999,-0.001294,0.001097,-0.000013,-0.000451,-0.000212,0.000000
56186.671213,-1,-0.005960,-0.000202,0.084903,0.004745,0.005527,-0.000009,0.999999,-0.001315,0.001084,-0.000013,0.000006,-0.001063,0.000000
56186.721276,-1,-0.005922,-0.000176,0.084899,0.004787,0.005577,-0.000025,0.999999,-0.001328,0.001063,-0.000013,-0.001112,-0.002177,0.000000
56186.771198,-1,-0.005908,-0.000177,0.084895,0.004856,0.005711,-0.000031,0.999999,-0.001332,0.001037,-0.000013,0.000000,-0.001965,0.000000
56186.821216,-1,-0.005924,-0.000210,0.084894,0.004887,0.005833,-0.000023,0.999999,-0.001319,0.001009,-0.000013,0.000073,-0.001065,0.000000
56186.871209,-1,-0.005909,-0.000199,0.084894,0.004879,0.005928,-0.000009,0.999999,-0.001299,0.000982,-0.000013,0.001065,-0.001065,0.000000
56186.921211,-1,-0.005865,-0.000145,0.084893,0.004990,0.006165,0.000000,0.999999,-0.001265,0.000961,-0.000013,0.001051,-0.000854,0.000000
56186.971211,-1,-0.005856,-0.000129,0.084894,0.004780,0.006004,0.000000,0.999999,-0.001231,0.000946,-0.000013,0.001067,0.000006,0.000000
56187.021206,-1,-0.005853,-0.000115,0.084896,0.004696,0.005981,0.000000,0.999999,-0.001204,0.000942,-0.000013,0.001065,0.000006,0.000000
56187.071208,-1,-0.005856,-0.000105,0.084897,0.004612,0.005924,0.000000,0.999999,-0.001184,0.000951,-0.000013,0.001112,0.000682,0.000000
56187.121210,-1,-0.005864,-0.000100,0.084898,0.004688,0.006023,0.000000,0.999999,-0.001171,0.000971,-0.000013,-0.000014,0.001066,0.000000
56187.171233,-1,-0.005921,-0.000159,0.084898,0.004436,0.005684,0.000000,0.999999,-0.001171,0.000987,-0.000013,0.000000,0.002055,0.000000
56187.221211,-1,-0.005933,-0.000166,0.084897,0.004410,0.005585,0.000000,0.999999,-0.001176,0.001018,-0.000013,-0.001065,0.001065,0.000000
56187.271194,-1,-0.005946,-0.000180,0.084895,0.004417,0.005501,0.000000,0.999999,-0.001198,0.001040,-0.000013,-0.001064,0.001064,0.000000
56187.321209,-1,-0.005956,-0.000198,0.084891,0.004448,0.005440,0.000000,0.999999,-0.001230,0.001060,-0.000013,-0.001065,0.001064,0.000000
56187.371204,-1,-0.005964,-0.000218,0.084888,0.004501,0.005413,-0.000002,0.999999,-0.001261,0.001070,-0.000013,-0.001067,0.000384,0.000000
56187.421205,-1,-0.005967,-0.000239,0.084887,0.004570,0.005417,0.000000,0.999999,-0.001288,0.001075,-0.000013,-0.001065,0.000000,0.000000
56187.471209,-1,-0.005965,-0.000258,0.084887,0.004639,0.005459,0.000000,0.999999,-0.001314,0.001068,-0.000013,-0.001065,0.000036,0.000000
56187.521204,-1,-0.005960,-0.000272,0.084888,0.004692,0.005527,0.000000,0.999999,-0.001333,0.001054,-0.000013,0.000024,-0.000682,0.000000
56187.571208,-1,-0.005952,-0.000281,0.084891,0.004730,0.005611,0.000000,0.999999,-0.001335,0.001038,-0.000013,-0.000207,-0.001112,0.000000
56187.621202,-1,-0.005943,-0.000284,0.084896,0.004742,0.005707,0.000000,0.999999,-0.001338,0.001017,-0.000013,0.001017,-0.001065,0.000000
56187.671217,-1,-0.005935,-0.000282,0.084900,0.004730,0.005795,0.000000,0.999999,-0.001320,0.000998,-0.000013,-0.000036,-0.000048,0.000000
56187.721191,-1,-0.005929,-0.000274,0.084903,0.004696,0.005863,0.000004,0.999999,-0.001301,0.000985,-0.000013,0.001065,-0.001112,0.000000
56187.771192,-1,-0.005912,-0.000246,0.084903,0.004642,0.005905,0.000000,0.999999,-0.001275,0.000974,-0.000013,0.001065,-0.000383,0.000000
56187.821204,-1,-0.005914,-0.000234,0.084901,0.004578,0.005917,0.000000,0.999999,-0.001248,0.000969,-0.000013,0.001065,0.000000,0.000000
56187.871196,-1,-0.005922,-0.000224,0.084896,0.004501,0.005894,-0.000016,0.999999,-0.001221,0.000969,-0.000013,0.000854,0.000864,0.000000
56187.921204,-1,-0.005951,-0.000236,0.084891,0.004433,0.005844,-0.000040,0.999999,-0.001204,0.000983,-0.000013,-0.000047,0.001067,0.000000
56187.971205,-1,-0.005962,-0.000230,0.084887,0.004322,0.005692,-0.000047,0.999999,-0.001203,0.001009,-0.000013,0.000000,0.001065,0.000000
56188.021198,-1,-0.005970,-0.000219,0.084885,0.004349,0.005676,-0.000043,0.999999,-0.001203,0.001040,-0.000013,-0.001101,0.001068,0.000000
56188.071209,-1,-0.005989,-0.000228,0.084885,0.004360,0.005604,-0.000013,0.999999,-0.001217,0.001061,-0.000013,-0.001063,0.001066,0.000000
56188.121194,-1,-0.006006,-0.000240,0.084890,0.004406,0.005562,0.000000,0.999999,-0.001239,0.001088,-0.000013,-0.001116,-0.000051,0.000000
56188.171192,-1,-0.006034,-0.000275,0.084897,0.004475,0.005539,0.000000,0.999999,-0.001257,0.001101,-0.000013,-0.001064,0.000001,0.000000
56188.221203,-1,-0.006026,-0.000271,0.084903,0.004559,0.005539,0.000010,0.999999,-0.001279,0.001101,-0.000013,-0.001090,0.000000,0.000000
56188.271202,-1,-0.006044,-0.000305,0.084907,0.004642,0.005566,-0.000072,0.999999,-0.001305,0.001100,-0.000013,0.000040,-0.001067,0.000000
56188.321199,-1,-0.006025,-0.000297,0.084907,0.004761,0.005669,-0.000094,0.999999,-0.001322,0.001082,-0.000013,-0.000002,-0.001065,0.000000
56188.371208,-1,-0.006019,-0.000305,0.084910,0.004818,0.005737,-0.000062,0.999999,-0.001330,0.001062,-0.000013,0.000000,-0.001065,0.000000
56188.421203,-1,-0.006010,-0.000307,0.084915,0.004837,0.005810,-0.000000,0.999999,-0.001330,0.001040,-0.000013,-0.000449,-0.001064,0.000000
56188.471201,-1,-0.006001,-0.000303,0.084919,0.004791,0.005840,0.000000,0.999999,-0.001334,0.001021,-0.000013,0.001112,0.000006,0.000000
56188.521199,-1,-0.005993,-0.000293,0.084920,0.004833,0.005993,0.000000,0.999999,-0.001317,0.001004,-0.000013,0.001065,-0.000001,0.000000
56188.571216,-1,-0.005988,-0.000278,0.084917,0.004795,0.006058,-0.000154,0.999999,-0.001290,0.000992,-0.000013,0.001065,-0.001112,0.000000
56188.621190,-1,-0.005986,-0.000261,0.084914,0.004738,0.006092,-0.000132,0.999999,-0.001263,0.000982,-0.000013,0.001065,0.000000,0.000000
56188.671196,-1,-0.005990,-0.000243,0.084914,0.004665,0.006092,-0.000106,0.999999,-0.001232,0.000979,-0.000013,0.001065,0.000000,0.000000
56188.721203,-1,-0.005999,-0.000226,0.084916,0.004585,0.006050,-0.000075,0.999999,-0.001207,0.000988,-0.000013,0.001016,0.000680,0.000000
56188.771198,-1,-0.006012,-0.000213,0.084921,0.004532,0.005997,-0.000026,0.999999,-0.001192,0.001013,-0.000013,-0.000051,0.000201,0.000000
56188.821200,-1,-0.006028,-0.000204,0.084925,0.004501,0.005928,0.000000,0.999999,-0.001186,0.001034,-0.000013,0.000002,0.001065,0.000000
56188.871199,-1,-0.006044,-0.000200,0.084925,0.004501,0.005852,-0.000159,0.999999,-0.001186,0.001061,-0.000013,0.000000,0.000386,0.000000
56188.921184,-1,-0.006059,-0.000201,0.084924,0.004528,0.005772,-0.000177,0.999999,-0.001198,0.001084,-0.000013,0.000047,0.000035,0.000000
56188.971197,-1,-0.006071,-0.000207,0.084927,0.004581,0.005711,-0.000127,0.999999,-0.001217,0.001098,-0.000013,0.000036,0.000212,0.000000
56189.021206,-1,-0.006079,-0.000216,0.084934,0.004654,0.005672,-0.000076,0.999999,-0.001238,0.001106,-0.000013,-0.001065,0.000000,0.000000
56189.071206,-1,-0.006081,-0.000225,0.084939,0.004734,0.005661,-0.000101,0.999999,-0.001259,0.001106,-0.000013,-0.001065,0.000000,0.000000
56189.121186,-1,-0.006094,-0.000252,0.084942,0.004711,0.005554,-0.000186,0.999999,-0.001280,0.001096,-0.000013,-0.001065,0.000024,0.000000
56189.171194,-1,-0.006086,-0.000257,0.084944,0.004799,0.005623,-0.000139,0.999999,-0.001316,0.001096,-0.000013,-0.001065,0.000000,0.000000
56189.221207,-1,-0.006062,-0.000243,0.084944,0.004906,0.005756,-0.000108,0.999999,-0.001337,0.001079,-0.000013,-0.000001,-0.000073,0.000000
56189.271203,-1,-0.006043,-0.000232,0.084942,0.004913,0.005821,-0.000095,0.999999,-0.001337,0.001050,-0.000013,0.000000,-0.000400,0.000000
56189.321207,-1,-0.006029,-0.000220,0.084938,0.004898,0.005890,-0.000115,0.999999,-0.001330,0.001029,-0.000013,0.001068,-0.000673,0.000000
56189.371196,-1,-0.006013,-0.000201,0.084931,0.004955,0.006062,-0.000120,0.999999,-0.001309,0.001008,-0.000013,0.001065,0.000006,0.000000
56189.421203,-1,-0.005999,-0.000176,0.084923,0.004910,0.006123,-0.000125,0.999999,-0.001275,0.000990,-0.000013,0.001065,-0.000682,0.000000
56189.471307,-1,-0.005989,-0.000150,0.084916,0.004833,0.006126,-0.000126,0.999999,-0.001242,0.000977,-0.000013,0.001279,0.000000,0.000000
56189.521206,-1,-0.005953,-0.000084,0.084909,0.004932,0.006325,-0.000123,0.999999,-0.001207,0.000971,-0.000013,0.002057,0.000000,0.000000
56189.571198,-1,-0.005987,-0.000103,0.084907,0.004658,0.006027,-0.000103,0.999999,-0.001161,0.000967,-0.000013,0.000388,0.000000,0.000000
56189.621252,-1,-0.005995,-0.000086,0.084908,0.004562,0.005920,-0.000079,0.999999,-0.001150,0.000988,-0.000013,0.001065,0.001070,0.000000
56189.671191,-1,-0.005984,-0.000046,0.084912,0.004612,0.005939,-0.000037,0.999999,-0.001155,0.001023,-0.000013,-0.001064,0.002057,0.000000
56189.721195,-1,-0.006022,-0.000071,0.084917,0.004482,0.005703,0.000000,0.999999,-0.001161,0.001057,-0.000013,-0.001116,0.001065,0.000000
56189.771190,-1,-0.006036,-0.000071,0.084919,0.004528,0.005665,-0.000107,0.999999,-0.001187,0.001090,-0.000013,-0.000681,0.001065,0.000000
56189.821198,-1,-0.006047,-0.000073,0.084921,0.004566,0.005611,-0.000076,0.999999,-0.001205,0.001109,-0.000013,-0.000001,-0.000014,0.000000
56189.871199,-1,-0.006028,-0.000044,0.084923,0.004787,0.005768,-0.000049,0.999999,-0.001229,0.001120,-0.000013,-0.001065,0.000002,0.000000
56189.921213,-1,-0.006029,-0.000044,0.084923,0.004894,0.005810,-0.000085,0.999999,-0.001236,0.001115,-0.000013,0.000000,-0.001072,0.000000
56189.971199,-1,-0.006028,-0.000047,0.084919,0.004959,0.005833,-0.000130,0.999999,-0.001240,0.001095,-0.000013,0.000000,-0.001066,0.000000
56190.021203,-1,-0.006026,-0.000047,0.084916,0.005001,0.005859,-0.000114,0.999999,-0.001240,0.001074,-0.000013,0.000000,-0.001072,0.000000
56190.071194,-1,-0.006023,-0.000043,0.084915,0.005013,0.005898,-0.000096,0.999999,-0.001240,0.001054,-0.000013,0.000000,-0.001117,0.000000
56190.121201,-1,-0.006070,-0.000092,0.084915,0.004776,0.005672,-0.000079,0.999999,-0.001231,0.001041,-0.000013,0.000000,-0.001101,0.000000
56190.171205,-1,-0.006072,-0.000084,0.084916,0.004742,0.005692,-0.000062,0.999999,-0.001224,0.001031,-0.000013,0.000212,0.000000,0.000000
56190.221212,-1,-0.006076,-0.000072,0.084916,0.004704,0.005714,-0.000036,0.999999,-0.001218,0.001031,-0.000013,0.001090,0.000000,0.000000
56190.271182,-1,-0.006085,-0.000060,0.084914,0.004658,0.005722,-0.000028,0.999999,-0.001201,0.001033,-0.000013,-0.000014,0.001064,0.000000
56190.321207,-1,-0.006097,-0.000049,0.084911,0.004616,0.005711,-0.000033,0.999999,-0.001185,0.001047,-0.000013,-0.000006,0.000616,0.000000
56190.371192,-1,-0.006111,-0.000039,0.084907,0.004585,0.005669,-0.000044,0.999999,-0.001179,0.001065,-0.000013,0.000000,0.000001,0.000000
56190.421190,-1,-0.006126,-0.000034,0.084903,0.004585,0.005627,-0.000056,0.999999,-0.001174,0.001078,-0.000013,-0.000014,0.001079,0.000000
56190.471260,-1,-0.006141,-0.000031,0.084899,0.004604,0.005577,-0.000062,0.999999,-0.001174,0.001097,-0.000013,0.000000,0.001016,0.000000
56190.521256,-1,-0.006132,-0.000011,0.084896,0.004620,0.005516,-0.000061,0.999999,-0.001179,0.001110,-0.000013,-0.001065,0.000201,0.000000
56190.571255,-1,-0.006145,-0.000020,0.084895,0.004715,0.005520,-0.000044,0.999999,-0.001199,0.001131,-0.000013,-0.001065,0.001065,0.000000
56190.621236,-1,-0.006164,-0.000044,0.084896,0.004696,0.005386,-0.000010,0.999999,-0.001218,0.001137,-0.000013,-0.001065,0.000000,0.000000
56190.671266,-1,-0.006162,-0.000050,0.084898,0.004776,0.005386,0.000000,0.999999,-0.001244,0.001142,-0.000013,-0.001107,0.000000,0.000000
56190.721604,-1,-0.006158,-0.000056,0.084900,0.004826,0.005386,0.000000,0.999999,-0.001262,0.001138,-0.000013,-0.001065,-0.000072,0.000000
56190.771220,-1,-0.006144,-0.000056,0.084902,0.004906,0.005444,0.000000,0.999999,-0.001279,0.001115,-0.000013,0.000000,0.000023,0.000000
56190.821246,-1,-0.006105,-0.000027,0.084904,0.004951,0.005505,0.000000,0.999999,-0.001285,0.001093,-0.000013,0.000000,-0.001064,0.000000
56190.871215,-1,-0.006067,0.000003,0.084905,0.005016,0.005638,-0.000060,0.999999,-0.001285,0.001065,-0.000013,0.000680,-0.001065,0.000000
56190.921190,-1,-0.006071,-0.000008,0.084902,0.004978,0.005672,-0.000149,0.999999,-0.001266,0.001042,-0.000013,0.000681,-0.001065,0.000000
56190.971312,-1,-0.006058,0.000006,0.084903,0.004948,0.005707,-0.000117,0.999999,-0.001246,0.001025,-0.000013,0.000001,-0.000001,0.000000
56191.021208,-1,-0.006014,0.000062,0.084909,0.004906,0.005749,-0.000063,0.999999,-0.001227,0.001017,-0.000013,0.000073,-0.001063,0.000000
56191.071217,-1,-0.006005,0.000081,0.084919,0.005005,0.005939,0.000000,0.999999,-0.001209,0.001014,-0.000013,0.000866,0.000000,0.000000
56191.121236,-1,-0.005997,0.000106,0.084925,0.004784,0.005756,-0.000124,0.999999,-0.001182,0.001011,-0.000013,0.001065,0.000000,0.000000
56191.171223,-1,-0.006054,0.000059,0.084930,0.004665,0.005661,-0.000173,0.999999,-0.001171,0.001021,-0.000013,0.001065,0.000992,0.000000
56191.221190,-1,-0.006061,0.000069,0.084933,0.004578,0.005573,-0.000124,0.999999,-0.001157,0.001033,-0.000015,0.000992,0.001066,-0.000617
56191.271227,-1,-0.006072,0.000076,0.084938,0.004539,0.005501,-0.000078,0.999999,-0.001151,0.001061,-0.000020,0.000000,0.001113,0.000000
56191.321254,-1,-0.006027,0.000142,0.084941,0.004539,0.005409,-0.000030,0.999999,-0.001151,0.001092,-0.000020,0.000000,0.000450,0.000000
56191.371183,-1,-0.006050,0.000123,0.084942,0.004711,0.005505,-0.000128,0.999999,-0.001168,0.001116,-0.000020,-0.000035,0.001089,0.000000
56191.421208,-1,-0.006061,0.000114,0.084938,0.004776,0.005474,-0.000181,0.999999,-0.001192,0.001133,-0.000020,-0.001065,0.001065,0.000000
56191.471204,-1,-0.006101,0.000064,0.084936,0.004704,0.005299,-0.000150,0.999999,-0.001219,0.001143,-0.000020,-0.001065,0.000002,0.000000
56191.521183,-1,-0.006070,0.000089,0.084933,0.004787,0.005318,-0.000128,0.999999,-0.001240,0.001143,-0.000020,-0.001065,0.000000,0.000000
56191.571218,-1,-0.006101,0.000041,0.084931,0.004871,0.005360,-0.000115,0.999999,-0.001261,0.001137,-0.000020,-0.001090,-0.001067,0.000000
56191.621213,-1,-0.006050,0.000090,0.084927,0.005096,0.005596,-0.000110,0.999999,-0.001270,0.001130,-0.000020,-0.000214,-0.001116,0.000000
56191.671206,-1,-0.006093,0.000027,0.084923,0.004879,0.005363,-0.000102,0.999999,-0.001282,0.001114,-0.000020,-0.000449,0.000040,0.000000
56191.721251,-1,-0.006079,0.000032,0.084919,0.004936,0.005474,-0.000095,0.999999,-0.001290,0.001095,-0.000020,0.000449,-0.001064,0.000000
56191.771209,-1,-0.006068,0.000039,0.084915,0.004948,0.005562,-0.000088,0.999999,-0.001277,0.001074,-0.000020,0.001090,-0.000201,0.000000
56191.821181,-1,-0.006059,0.000050,0.084913,0.004936,0.005638,-0.000080,0.999999,-0.001259,0.001058,-0.000020,0.001065,0.000014,0.000000
56191.871225,-1,-0.006053,0.000064,0.084911,0.004902,0.005688,-0.000070,0.999999,-0.001236,0.001047,-0.000020,0.001065,0.000000,0.000000
56191.921181,-1,-0.006051,0.000078,0.084909,0.004852,0.005711,-0.000062,0.999999,-0.001210,0.001040,-0.000020,0.001065,0.000000,0.000000
56191.971204,-1,-0.006055,0.000092,0.084907,0.004795,0.005699,-0.000060,0.999999,-0.001183,0.001040,-0.000020,0.001065,0.000000,0.000000
56192.021192,-1,-0.006064,0.000102,0.084901,0.004730,0.005653,-0.000068,0.999999,-0.001164,0.001052,-0.000020,0.001064,0.000616,0.000000
56192.071204,-1,-0.006078,0.000107,0.084896,0.004677,0.005589,-0.000075,0.999999,-0.001152,0.001070,-0.000020,0.000002,0.001065,0.000000
56192.121153,-1,-0.006095,0.000106,0.084893,0.004650,0.005508,-0.000070,0.999999,-0.001147,0.001092,-0.000020,0.000203,0.001065,0.000000
56192.171198,-1,-0.006113,0.000099,0.084893,0.004650,0.005421,-0.000051,0.999999,-0.001148,0.001114,-0.000020,-0.001101,0.001067,0.000000
56192.221205,-1,-0.006131,0.000085,0.084896,0.004673,0.005337,-0.000007,0.999999,-0.001167,0.001134,-0.000020,-0.001065,0.000993,0.000000
56192.271199,-1,-0.006147,0.000065,0.084901,0.004719,0.005276,0.000000,0.999999,-0.001190,0.001150,-0.000020,-0.001066,0.000864,0.000000
56192.321225,-1,-0.006159,0.000044,0.084907,0.004784,0.005245,0.000000,0.999999,-0.001217,0.001158,-0.000020,-0.001114,0.000449,0.000000
56192.371200,-1,-0.006167,0.000022,0.084909,0.004860,0.005253,0.000000,0.999999,-0.001244,0.001163,-0.000020,-0.001064,0.000000,0.000000
56192.421182,-1,-0.006169,0.000002,0.084909,0.004925,0.005280,-0.000098,0.999999,-0.001275,0.001158,-0.000020,-0.000617,-0.000002,0.000000
56192.471179,-1,-0.006168,-0.000014,0.084909,0.004990,0.005348,-0.000078,0.999999,-0.001295,0.001145,-0.000020,-0.000073,-0.001112,0.000000
56192.521189,-1,-0.006164,-0.000023,0.084910,0.005035,0.005444,-0.000052,0.999999,-0.001295,0.001127,-0.000020,0.000000,-0.001063,0.000000
56192.571193,-1,-0.006160,-0.000027,0.084912,0.005058,0.005543,-0.000018,0.999999,-0.001295,0.001105,-0.000020,0.000000,-0.001065,0.000000
56192.621192,-1,-0.006156,-0.000024,0.084912,0.005051,0.005642,0.000000,0.999999,-0.001284,0.001087,-0.000020,0.001101,-0.001066,0.000000
56192.671198,-1,-0.006120,0.000023,0.084910,0.005020,0.005722,0.000000,0.999999,-0.001263,0.001072,-0.000020,0.001927,-0.001079,0.000000
56192.721195,-1,-0.006123,0.000036,0.084908,0.004971,0.005772,-0.000008,0.999999,-0.001229,0.001063,-0.000020,0.001929,-0.001101,0.000000
56192.771200,-1,-0.006130,0.000050,0.084904,0.004910,0.005783,-0.000022,0.999999,-0.001195,0.001059,-0.000020,0.001065,0.000000,0.000000
56192.821182,-1,-0.006142,0.000062,0.084899,0.004848,0.005760,-0.000042,0.999999,-0.001168,0.001066,-0.000020,0.001065,0.001068,0.000000
56192.871204,-1,-0.006159,0.000072,0.084894,0.004951,0.005871,-0.000056,0.999999,-0.001148,0.001085,-0.000020,0.000002,0.001063,0.000000
56192.921180,-1,-0.006177,0.000078,0.084890,0.004929,0.005802,-0.000057,0.999999,-0.001140,0.001105,-0.000013,0.000000,0.001112,0.000000
56192.971184,-1,-0.006195,0.000078,0.084890,0.004932,0.005730,-0.000036,0.999999,-0.001140,0.001131,-0.000013,0.000000,0.001117,0.000000
56193.021172,-1,-0.006245,0.000037,0.084893,0.004810,0.005482,0.000000,0.999999,-0.001150,0.001154,-0.000013,-0.001101,0.000452,0.000000
56193.071191,-1,-0.006275,0.000009,0.084898,0.004776,0.005352,0.000000,0.999999,-0.001165,0.001166,-0.000013,-0.001275,0.001101,0.000000
56193.121182,-1,-0.006285,-0.000001,0.084903,0.004856,0.005329,0.000000,0.999999,-0.001198,0.001184,-0.000013,-0.001065,0.000449,0.000000
56193.171187,-1,-0.006289,-0.000011,0.084907,0.004955,0.005341,0.000000,0.999999,-0.001225,0.001190,-0.000013,-0.001065,-0.001106,0.000000
56193.221184,-1,-0.006287,-0.000020,0.084908,0.005047,0.005375,-0.000080,0.999999,-0.001244,0.001180,-0.000013,-0.000073,-0.000852,0.000000
56193.271193,-1,-0.006281,-0.000025,0.084909,0.005123,0.005432,-0.000057,0.999999,-0.001257,0.001163,-0.000013,-0.000001,-0.000854,0.000000
56193.321180,-1,-0.006268,-0.000023,0.084911,0.005116,0.005436,-0.000015,0.999999,-0.001257,0.001136,-0.000013,0.000000,-0.001065,0.000000
56193.371184,-1,-0.006243,-0.000005,0.084912,0.005230,0.005604,0.000000,0.999999,-0.001256,0.001114,-0.000013,0.001090,-0.001065,0.000000
56193.421177,-1,-0.006249,-0.000015,0.084913,0.005093,0.005520,0.000000,0.999999,-0.001237,0.001093,-0.000013,0.000680,-0.001116,0.000000
56193.471202,-1,-0.006230,0.000008,0.084911,0.005104,0.005604,0.000000,0.999999,-0.001230,0.001083,-0.000013,0.000203,-0.000003,0.000000
56193.521173,-1,-0.006234,0.000009,0.084908,0.005005,0.005566,-0.000043,0.999999,-0.001220,0.001081,-0.000013,0.001065,0.000000,0.000000
56193.571178,-1,-0.006233,0.000019,0.084904,0.004951,0.005562,-0.000054,0.999999,-0.001204,0.001087,-0.000013,0.001065,-0.000036,0.000000
56193.621179,-1,-0.006238,0.000025,0.084899,0.004913,0.005543,-0.000061,0.999999,-0.001199,0.001095,-0.000013,0.000000,0.001065,0.000000
56193.671185,-1,-0.006238,0.000035,0.084895,0.004902,0.005527,-0.000062,0.999999,-0.001191,0.001117,-0.000013,-0.000051,-0.000047,0.000000
56193.721181,-1,-0.006243,0.000037,0.084894,0.004902,0.005486,-0.000045,0.999999,-0.001177,0.001125,-0.000013,-0.000014,0.000000,0.000000
56193.771191,-1,-0.006230,0.000052,0.084895,0.004993,0.005516,-0.000014,0.999999,-0.001177,0.001131,-0.000013,0.000000,0.000000,0.000000
56193.821187,-1,-0.006245,0.000031,0.084898,0.004951,0.005383,0.000000,0.999999,-0.001177,0.001131,-0.000013,-0.000212,0.000000,0.000000
56193.871174,-1,-0.006242,0.000021,0.084900,0.004974,0.005322,0.000000,0.999999,-0.001196,0.001138,-0.000013,-0.000682,0.000002,0.000000
56193.921175,-1,-0.006236,0.000009,0.084901,0.005062,0.005341,0.000000,0.999999,-0.001224,0.001138,-0.000013,-0.000591,0.000000,0.000000
56193.971179,-1,-0.006225,-0.000002,0.084900,0.005146,0.005375,0.000000,0.999999,-0.001244,0.001138,-0.000013,-0.001065,-0.000864,0.000000
56194.021174,-1,-0.006210,-0.000013,0.084897,0.005211,0.005424,0.000000,0.999999,-0.001259,0.001121,-0.000013,-0.000002,-0.001065,0.000000
56194.071172,-1,-0.006193,-0.000020,0.084893,0.005249,0.005482,0.000000,0.999999,-0.001265,0.001099,-0.000013,0.000000,-0.001072,0.000000
56194.121190,-1,-0.006175,-0.000024,0.084890,0.005257,0.005543,-0.000005,0.999999,-0.001265,0.001073,-0.000013,0.000000,-0.001065,0.000000
56194.171234,-1,-0.006158,-0.000023,0.084887,0.005226,0.005604,-0.000020,0.999999,-0.001260,0.001052,-0.000013,0.001064,-0.001072,0.000000
56194.221174,-1,-0.006129,-0.000001,0.084884,0.005161,0.005638,-0.000020,0.999999,-0.001243,0.001036,-0.000013,-0.000036,-0.000383,0.000000
56194.271164,-1,-0.006120,0.000005,0.084885,0.005154,0.005730,0.000000,0.999999,-0.001231,0.001033,-0.000013,0.001106,0.000000,0.000000
56194.321187,-1,-0.006116,0.000012,0.084890,0.005077,0.005737,0.000000,0.999999,-0.001212,0.001029,-0.000013,0.001064,0.000212,0.000000
56194.371180,-1,-0.006117,0.000018,0.084896,0.005001,0.005726,0.000000,0.999999,-0.001196,0.001041,-0.000013,-0.000024,0.001064,0.000000
56194.421189,-1,-0.006123,0.000021,0.084902,0.004940,0.005692,0.000012,0.999999,-0.001188,0.001058,-0.000013,0.000449,0.000616,0.000000
56194.471160,-1,-0.006131,0.000022,0.084906,0.004898,0.005646,-0.000050,0.999999,-0.001178,0.001075,-0.000013,0.000000,0.000386,0.000000
56194.521184,-1,-0.006140,0.000019,0.084907,0.004879,0.005585,-0.000096,0.999999,-0.001173,0.001095,-0.000013,0.000000,-0.000040,0.000000
56194.571162,-1,-0.006149,0.000010,0.084910,0.004887,0.005520,-0.000065,0.999999,-0.001184,0.001115,-0.000013,-0.001117,-0.000047,0.000000
56194.621182,-1,-0.006155,-0.000002,0.084915,0.004917,0.005474,-0.000006,0.999999,-0.001202,0.001127,-0.000013,-0.001064,0.001106,0.000000
56194.671191,-1,-0.006158,-0.000017,0.084920,0.004967,0.005451,0.000000,0.999999,-0.001221,0.001141,-0.000013,-0.001016,-0.000014,0.000000
56194.721189,-1,-0.006157,-0.000032,0.084923,0.005032,0.005444,-0.000084,0.999999,-0.001235,0.001135,-0.000013,0.000014,-0.000614,0.000000
56194.771175,-1,-0.006151,-0.000045,0.084923,0.005081,0.005455,-0.000105,0.999999,-0.001247,0.001123,-0.000013,-0.000680,0.000001,0.000000
56194.821194,-1,-0.006143,-0.000057,0.084924,0.005116,0.005486,-0.000079,0.999999,-0.001256,0.001102,-0.000013,-0.001116,0.000040,0.000000
56194.871172,-1,-0.006134,-0.000066,0.084926,0.005123,0.005531,-0.000055,0.999999,-0.001262,0.001081,-0.000013,0.000000,0.000051,0.000000
56194.921194,-1,-0.006125,-0.000071,0.084925,0.005100,0.005569,-0.000066,0.999999,-0.001262,0.001068,-0.000013,0.000000,-0.001116,0.000000
56194.971169,-1,-0.006119,-0.000072,0.084921,0.005070,0.005630,-0.000086,0.999999,-0.001262,0.001057,-0.000013,0.000000,-0.000071,0.000000
56195.021172,-1,-0.006116,-0.000067,0.084915,0.005028,0.005688,-0.000088,0.999999,-0.001253,0.001050,-0.000013,0.000050,0.000001,0.000000
56195.071160,-1,-0.006082,-0.000021,0.084911,0.004963,0.005722,-0.000087,0.999999,-0.001239,0.001050,-0.000013,0.001112,0.000000,0.000000
56195.121177,-1,-0.006087,-0.000012,0.084907,0.005070,0.005924,-0.000084,0.999999,-0.001219,0.001058,-0.000013,0.001064,0.000001,0.000000
56195.171153,-1,-0.006095,-0.000001,0.084905,0.005032,0.005932,-0.000075,0.999999,-0.001199,0.001066,-0.000013,0.001065,0.000449,0.000000
56195.221190,-1,-0.006105,0.000008,0.084905,0.004852,0.005737,-0.000052,0.999999,-0.001183,0.001082,-0.000013,-0.000001,0.001063,0.000000
56195.271169,-1,-0.006115,0.000014,0.084908,0.005005,0.005878,-0.000016,0.999999,-0.001177,0.001100,-0.000013,0.000000,-0.000047,0.000000
56195.321183,-1,-0.006117,0.000024,0.084911,0.005028,0.005833,0.000000,0.999999,-0.001171,0.001111,-0.000013,0.000000,0.000000,0.000000
56195.371167,-1,-0.006180,-0.000041,0.084914,0.004791,0.005493,0.000000,0.999999,-0.001176,0.001126,-0.000013,-0.001065,0.001065,0.000000
56195.421196,-1,-0.006183,-0.000045,0.084912,0.004860,0.005466,-0.000097,0.999999,-0.001203,0.001148,-0.000013,-0.001065,-0.000040,0.000000
56195.471179,-1,-0.006181,-0.000051,0.084910,0.004944,0.005466,-0.000085,0.999999,-0.001229,0.001157,-0.000013,-0.000616,0.000001,0.000000
56195.521176,-1,-0.006173,-0.000055,0.084908,0.005039,0.005489,-0.000075,0.999999,-0.001250,0.001153,-0.000013,-0.001065,-0.000615,0.000000
56195.571156,-1,-0.006159,-0.000058,0.084906,0.005119,0.005539,-0.000066,0.999999,-0.001261,0.001133,-0.000013,0.000042,0.000040,0.000000
56195.621174,-1,-0.006141,-0.000056,0.084906,0.005177,0.005596,-0.000045,0.999999,-0.001264,0.001110,-0.000013,0.000000,-0.002118,0.000000
56195.671166,-1,-0.006123,-0.000050,0.084906,0.005196,0.005661,-0.000025,0.999999,-0.001264,0.001078,-0.000013,0.001116,-0.001065,0.000000
56195.721170,-1,-0.006104,-0.000039,0.084905,0.005184,0.005718,-0.000017,0.999999,-0.001248,0.001048,-0.000013,0.001063,-0.001065,0.000000
56195.771158,-1,-0.006088,-0.000026,0.084904,0.005142,0.005749,-0.000009,0.999999,-0.001221,0.001025,-0.000013,0.001065,-0.001065,0.000000
56195.821168,-1,-0.006075,-0.000013,0.084902,0.005074,0.005756,-0.000007,0.999999,-0.001201,0.001010,-0.000013,-0.000003,-0.000002,0.000000
56195.871161,-1,-0.006069,-0.000001,0.084901,0.004990,0.005737,-0.000005,0.999999,-0.001182,0.001007,-0.000013,0.001163,0.000005,0.000000
56195.921169,-1,-0.006068,0.000008,0.084900,0.004898,0.005688,0.000000,0.999999,-0.001164,0.001007,-0.000013,-0.000040,0.001063,0.000000
56195.971163,-1,-0.006073,0.000013,0.084900,0.004814,0.005619,0.000000,0.999999,-0.001153,0.001027,-0.000013,0.000000,0.001065,0.000000
56196.021165,-1,-0.006082,0.000012,0.084900,0.004757,0.005543,0.000000,0.999999,-0.001153,0.001048,-0.000013,0.000000,0.001065,0.000000
56196.071155,-1,-0.006092,0.000006,0.084899,0.004726,0.005459,0.000000,0.999999,-0.001159,0.001075,-0.000013,0.000047,0.001065,0.000000
56196.121153,-1,-0.006103,-0.000005,0.084897,0.004730,0.005390,0.000000,0.999999,-0.001173,0.001098,-0.000013,-0.000001,0.000451,0.000000
56196.171154,-1,-0.006095,-0.000001,0.084894,0.004757,0.005337,-0.000002,0.999999,-0.001192,0.001110,-0.000013,-0.001065,0.001063,0.000000
56196.221155,-1,-0.006101,-0.000017,0.084892,0.004803,0.005310,-0.000006,0.999999,-0.001211,0.001119,-0.000013,-0.001065,0.001106,0.000000
56196.271168,-1,-0.006102,-0.000034,0.084891,0.004860,0.005310,0.000000,0.999999,-0.001234,0.001125,-0.000013,-0.002056,0.000000,0.000000
56196.321164,-1,-0.006099,-0.000049,0.084892,0.004929,0.005337,0.000000,0.999999,-0.001258,0.001125,-0.000013,-0.000201,-0.001112,0.000000
56196.371152,-1,-0.006091,-0.000061,0.084896,0.005039,0.005451,0.000000,0.999999,-0.001272,0.001109,-0.000013,-0.000002,-0.001065,0.000000
56196.421210,-1,-0.006081,-0.000069,0.084901,0.005054,0.005489,0.000000,0.999999,-0.001286,0.001095,-0.000013,-0.001063,0.000036,0.000000
56196.471175,-1,-0.006072,-0.000075,0.084904,0.005024,0.005520,0.000000,0.999999,-0.001297,0.001082,-0.000013,0.000052,-0.000049,0.000000
56196.521184,-1,-0.006056,-0.000066,0.084906,0.004993,0.005585,0.000000,0.999999,-0.001299,0.001073,-0.000013,0.000000,-0.000992,0.000000
56196.571163,-1,-0.006047,-0.000058,0.084904,0.004967,0.005672,-0.000083,0.999999,-0.001274,0.001049,-0.000013,0.001067,-0.000616,0.000000
56196.621161,-1,-0.006047,-0.000050,0.084904,0.004890,0.005707,-0.000064,0.999999,-0.001248,0.001030,-0.000013,0.002144,0.000047,0.000000
56196.671157,-1,-0.006046,-0.000034,0.084907,0.004856,0.005772,-0.000023,0.999999,-0.001222,0.001023,-0.000013,0.001089,0.000680,0.000000
56196.721165,-1,-0.006046,-0.000011,0.084910,0.004829,0.005833,0.000000,0.999999,-0.001202,0.001037,-0.000013,0.001965,0.000864,0.000000
56196.771155,-1,-0.006050,0.000013,0.084913,0.004803,0.005848,0.000000,0.999999,-0.001171,0.001047,-0.000013,0.001065,0.000852,0.000000
56196.821160,-1,-0.006056,0.000034,0.084913,0.004780,0.005825,-0.000085,0.999999,-0.001144,0.001057,-0.000013,0.001475,-0.000051,0.000000
56196.871165,-1,-0.006063,0.000052,0.084911,0.004768,0.005764,-0.000109,0.999999,-0.001120,0.001068,-0.000013,0.001065,0.000001,0.000000
56196.921154,-1,-0.006070,0.000065,0.084912,0.004768,0.005680,-0.000084,0.999999,-0.001106,0.001078,-0.000013,-0.000014,0.001101,0.000000
56196.971157,-1,-0.006077,0.000071,0.084915,0.004784,0.005577,-0.000051,0.999999,-0.001106,0.001089,-0.000013,0.000000,-0.000006,0.000000
56197.021216,-1,-0.006081,0.000070,0.084917,0.004810,0.005470,-0.000008,0.999999,-0.001107,0.001093,-0.000013,-0.001072,0.000855,0.000000
56197.071225,-1,-0.006081,0.000062,0.084917,0.004848,0.005371,-0.000083,0.999999,-0.001133,0.001099,-0.000013,0.000047,0.000000,0.000000
56197.121198,-1,-0.006078,0.000050,0.084915,0.004902,0.005299,-0.000138,0.999999,-0.001160,0.001099,-0.000013,-0.000198,0.000000,0.000000
56197.171159,-1,-0.006069,0.000034,0.084915,0.004955,0.005257,-0.000108,0.999999,-0.001189,0.001099,-0.000013,-0.001067,-0.000864,0.000000
56197.221149,-1,-0.006056,0.000018,0.084919,0.005009,0.005253,-0.000073,0.999999,-0.001223,0.001088,-0.000013,-0.001065,-0.000201,0.000000
56197.271155,-1,-0.006040,0.000004,0.084923,0.005047,0.005283,-0.000024,0.999999,-0.001244,0.001069,-0.000013,-0.001066,-0.001065,0.000000
56197.321157,-1,-0.006007,0.000012,0.084925,0.005062,0.005341,0.000000,0.999999,-0.001259,0.001042,-0.000013,0.000000,0.000000,0.000000
56197.371148,-1,-0.005990,0.000005,0.084926,0.005047,0.005409,0.000000,0.999999,-0.001265,0.001018,-0.000013,0.000000,0.000036,0.000000
56197.421148,-1,-0.005974,0.000003,0.084924,0.005005,0.005482,-0.000117,0.999999,-0.001258,0.001001,-0.000013,0.000001,-0.000214,0.000000
56197.471156,-1,-0.005962,0.000005,0.084919,0.004944,0.005543,-0.000113,0.999999,-0.001246,0.000992,-0.000013,-0.000003,-0.001116,0.000000
56197.521149,-1,-0.005954,0.000010,0.084915,0.004868,0.005585,-0.000104,0.999999,-0.001229,0.000986,-0.000013,-0.000040,0.000000,0.000000
56197.571158,-1,-0.005952,0.000016,0.084913,0.004787,0.005608,-0.000093,0.999999,-0.001210,0.000986,-0.000013,0.001065,0.000049,0.000000
56197.621149,-1,-0.005967,0.000008,0.084910,0.004684,0.005558,-0.000082,0.999999,-0.001192,0.001000,-0.000013,0.001063,0.001064,0.000000
56197.671157,-1,-0.005963,0.000024,0.084909,0.004639,0.005539,-0.000069,0.999999,-0.001183,0.001030,-0.000013,-0.000075,0.000839,0.000000
56197.721153,-1,-0.005983,0.000010,0.084911,0.004539,0.005413,-0.000036,0.999999,-0.001187,0.001049,-0.000013,0.000000,0.001065,0.000000
56197.771154,-1,-0.005994,0.000003,0.084912,0.004539,0.005371,-0.000011,0.999999,-0.001196,0.001081,-0.000013,-0.001065,0.001017,0.000000
56197.821149,-1,-0.005999,-0.000001,0.084910,0.004608,0.005386,-0.000008,0.999999,-0.001209,0.001097,-0.000013,-0.000864,0.000992,0.000000
56197.871156,-1,-0.006001,-0.000007,0.084907,0.004700,0.005421,-0.000019,0.999999,-0.001231,0.001113,-0.000013,0.000014,0.000000,0.000000
56197.921149,-1,-0.005997,-0.000012,0.084902,0.004803,0.005466,-0.000040,0.999999,-0.001241,0.001117,-0.000013,-0.000049,-0.000680,0.000000
56197.971149,-1,-0.005988,-0.000014,0.084897,0.004890,0.005520,-0.000057,0.999999,-0.001247,0.001097,-0.000013,0.000000,-0.000450,0.000000
56198.021146,-1,-0.005975,-0.000014,0.084892,0.004951,0.005566,-0.000063,0.999999,-0.001247,0.001075,-0.000013,0.000000,-0.001065,0.000000
56198.071172,-1,-0.005960,-0.000012,0.084889,0.004971,0.005592,-0.000065,0.999999,-0.001237,0.001048,-0.000013,-0.000001,-0.001065,0.000000
56198.121157,-1,-0.005944,-0.000009,0.084886,0.004974,0.005615,-0.000059,0.999999,-0.001228,0.001026,-0.000013,0.000002,-0.001039,0.000000
56198.171145,-1,-0.005930,-0.000007,0.084888,0.004940,0.005608,-0.000021,0.999999,-0.001221,0.001005,-0.000013,0.000000,0.000024,0.000000
56198.221138,-1,-0.005920,-0.000006,0.084893,0.004890,0.005596,0.000000,0.999999,-0.001212,0.000996,-0.000013,0.000000,0.000000,0.000000
56198.271154,-1,-0.005913,-0.000007,0.084900,0.004833,0.005577,0.000000,0.999999,-0.001212,0.000996,-0.000013,0.000000,0.000000,0.000000
56198.321148,-1,-0.005911,-0.000011,0.084903,0.004768,0.005550,-0.000077,0.999999,-0.001207,0.000996,-0.000013,0.000000,0.000000,0.000000
56198.371149,-1,-0.005914,-0.000019,0.084905,0.004696,0.005508,-0.000041,0.999999,-0.001207,0.001001,-0.000013,0.000000,0.001065,0.000000
56198.421144,-1,-0.005921,-0.000030,0.084907,0.004639,0.005463,-0.000010,0.999999,-0.001207,0.001020,-0.000013,0.000000,0.000198,0.000000
56198.471146,-1,-0.005916,-0.000027,0.084908,0.004597,0.005413,0.000000,0.999999,-0.001218,0.001042,-0.000013,-0.001116,0.001016,0.000000
56198.521146,-1,-0.005944,-0.000065,0.084908,0.004581,0.005383,0.000000,0.999999,-0.001236,0.001062,-0.000016,-0.001065,0.000386,-0.000071
56198.571155,-1,-0.005939,-0.000064,0.084907,0.004631,0.005417,0.000000,0.999999,-0.001258,0.001082,-0.000019,-0.001065,-0.000036,0.000000
56198.621151,-1,-0.005950,-0.000084,0.084904,0.004608,0.005367,0.000000,0.999999,-0.001278,0.001098,-0.000019,-0.001065,-0.000001,0.000000
56198.671161,-1,-0.005956,-0.000102,0.084900,0.004723,0.005482,-0.000013,0.999999,-0.001298,0.001107,-0.000019,-0.001064,0.000000,0.000000
56198.721148,-1,-0.005959,-0.000115,0.084895,0.004787,0.005547,-0.000033,0.999999,-0.001311,0.001107,-0.000019,-0.000002,0.000000,0.000000
56198.771171,-1,-0.005979,-0.000153,0.084890,0.004848,0.005611,-0.000046,0.999999,-0.001318,0.001106,-0.000019,0.000000,-0.001101,0.000000
56198.821152,-1,-0.005949,-0.000125,0.084888,0.004616,0.005363,-0.000035,0.999999,-0.001316,0.001078,-0.000019,0.002194,-0.001715,0.000000
56198.871148,-1,-0.005919,-0.000101,0.084892,0.004810,0.005634,0.000000,0.999999,-0.001335,0.001084,-0.000019,-0.001029,-0.000024,0.000000
56198.921197,-1,-0.005946,-0.000140,0.084897,0.004745,0.005596,0.000019,0.999999,-0.001339,0.001084,-0.000019,0.000000,-0.000864,0.000000
56198.971192,-1,-0.005925,-0.000121,0.084899,0.004795,0.005711,0.000000,0.999999,-0.001326,0.001061,-0.000019,0.001687,-0.001065,0.000000
56199.021142,-1,-0.005909,-0.000105,0.084901,0.004826,0.005817,0.000000,0.999999,-0.001302,0.001034,-0.000019,0.001064,-0.001065,0.000000
56199.071149,-1,-0.005874,-0.000060,0.084901,0.004906,0.005985,0.000000,0.999999,-0.001269,0.001009,-0.000019,0.002144,-0.001450,0.000000
56199.121164,-1,-0.005873,-0.000055,0.084901,0.004826,0.005947,0.000000,0.999999,-0.001225,0.000984,-0.000019,0.002131,-0.001065,0.000000
56199.171151,-1,-0.005811,0.000031,0.084899,0.004963,0.006172,0.000000,0.999999,-0.001180,0.000967,-0.000019,0.001682,-0.001112,0.000000
56199.221154,-1,-0.005803,0.000053,0.084896,0.004711,0.005898,0.000000,0.999999,-0.001143,0.000954,-0.000019,0.000386,-0.000003,0.000000
56199.271171,-1,-0.005849,0.000010,0.084895,0.004574,0.005749,0.000000,0.999999,-0.001134,0.000959,-0.000019,0.000000,0.001065,0.000000
56199.321160,-1,-0.005838,0.000038,0.084893,0.004467,0.005600,0.000000,0.999999,-0.001134,0.000982,-0.000019,0.000000,0.001066,0.000000
56199.371151,-1,-0.005843,0.000042,0.084890,0.004486,0.005569,0.000000,0.999999,-0.001136,0.001009,-0.000019,-0.001090,0.001065,0.000000
56199.421174,-1,-0.005848,0.000042,0.084888,0.004444,0.005428,-0.000004,0.999999,-0.001157,0.001038,-0.000019,-0.001065,0.001065,0.000000
56199.471138,-1,-0.005865,0.000022,0.084886,0.004444,0.005337,-0.000003,0.999999,-0.001186,0.001061,-0.000019,-0.002057,0.001090,0.000000
56199.521146,-1,-0.005871,0.000009,0.084885,0.004440,0.005260,0.000000,0.999999,-0.001217,0.001079,-0.000019,-0.000616,0.000002,0.000000
56199.571305,-1,-0.005888,-0.000020,0.084887,0.004452,0.005207,0.000000,0.999999,-0.001232,0.001079,-0.000019,-0.001745,0.000000,0.000000
56199.621152,-1,-0.005874,-0.000016,0.084889,0.004585,0.005314,0.000000,0.999999,-0.001263,0.001083,-0.000019,-0.001065,0.000000,0.000000
56199.671165,-1,-0.005837,0.000010,0.084892,0.004654,0.005367,0.000000,0.999999,-0.001283,0.001077,-0.000017,-0.000681,-0.000864,0.000890
56199.721137,-1,-0.005826,0.000005,0.084897,0.004848,0.005608,0.000000,0.999999,-0.001290,0.001058,-0.000014,0.000000,-0.001064,0.000000
56199.771157,-1,-0.005816,0.000003,0.084900,0.004875,0.005680,0.000000,0.999999,-0.001290,0.001038,-0.000014,0.000000,-0.001079,0.000000
56199.821144,-1,-0.005804,0.000008,0.084900,0.004887,0.005768,0.000000,0.999999,-0.001290,0.001018,-0.000014,0.000000,-0.001063,0.000000
56199.871157,-1,-0.005840,-0.000038,0.084900,0.004677,0.005604,0.000000,0.999999,-0.001274,0.001004,-0.000014,0.000073,-0.001072,0.000000
56199.921189,-1,-0.005833,-0.000027,0.084898,0.004642,0.005653,0.000000,0.999999,-0.001257,0.000993,-0.000014,0.001065,-0.001090,0.000000
56199.971150,-1,-0.005813,0.000008,0.084896,0.004581,0.005692,0.000000,0.999999,-0.001230,0.000982,-0.000014,0.002177,-0.001116,0.000000
56200.021146,-1,-0.005828,0.000008,0.084893,0.004517,0.005695,-0.000001,0.999999,-0.001204,0.000976,-0.000014,0.001065,0.000212,0.000000
56200.071123,-1,-0.005818,0.000046,0.084891,0.004440,0.005665,-0.000001,0.999999,-0.001178,0.000990,-0.000014,0.001065,0.001065,0.000000
56200.121121,-1,-0.005845,0.000038,0.084891,0.004368,0.005577,0.000000,0.999999,-0.001163,0.001010,-0.000014,-0.000051,0.001065,0.000000
56200.171124,-1,-0.005842,0.000063,0.084892,0.004414,0.005585,0.000000,0.999999,-0.001163,0.001032,-0.000014,0.000000,0.000994,0.000000
56200.221089,-1,-0.005821,0.000103,0.084893,0.004410,0.005497,0.000000,0.999999,-0.001156,0.001049,-0.000014,0.000000,0.000615,0.000000
56200.271132,-1,-0.005832,0.000098,0.084895,0.004436,0.005424,0.000000,0.999999,-0.001156,0.001059,-0.000014,-0.000049,0.001065,0.000000
56200.321138,-1,-0.005839,0.000088,0.084896,0.004631,0.005535,0.000000,0.999999,-0.001172,0.001070,-0.000014,-0.001068,0.000002,0.000000
56200.371123,-1,-0.005843,0.000073,0.084897,0.004551,0.005310,0.000000,0.999999,-0.001193,0.001073,-0.000014,-0.001119,-0.000002,0.000000
56200.421131,-1,-0.005842,0.000055,0.084897,0.004620,0.005291,0.000000,0.999999,-0.001223,0.001073,-0.000014,-0.001065,-0.000449,0.000000
56200.521135,-1,-0.005830,0.000020,0.084699,0.004749,0.005333,-0.008240,0.999998,-0.001280,0.001188,-0.000014,-0.002131,0.012562,0.000000
56200.571130,-1,-0.005813,0.000005,0.083582,0.005047,0.005417,-0.024887,0.999998,-0.001310,0.001379,-0.000014,-0.000201,0.005275,0.000000
56200.621138,-1,-0.005784,-0.000001,0.082564,0.005379,0.005493,-0.024246,0.999998,-0.001317,0.001432,-0.000015,-0.000001,0.002182,0.000000
56200.671144,-1,-0.005727,-0.000005,0.081625,0.005962,0.005775,-0.017273,0.999998,-0.001317,0.001421,-0.000014,0.000000,-0.002131,0.000000
56200.721131,-1,-0.005649,-0.000002,0.080925,0.006351,0.005890,-0.012970,0.999998,-0.001317,0.001352,-0.000014,0.000000,-0.004276,0.000000
56200.771127,-1,-0.005554,0.000007,0.080288,0.006638,0.005993,-0.011772,0.999998,-0.001304,0.001239,-0.000014,0.000198,-0.005113,0.000000
56200.821148,-1,-0.005450,0.000021,0.079689,0.006790,0.006077,-0.010651,0.999999,-0.001281,0.001112,-0.000014,-0.000051,-0.005326,0.000000
56200.871132,-1,-0.005323,0.000042,0.079088,0.006783,0.006130,-0.008263,0.999999,-0.001256,0.000961,-0.000014,0.001529,-0.004246,0.000000
56200.921135,-1,-0.005223,0.000061,0.078682,0.006653,0.006149,-0.006668,0.999999,-0.001223,0.000860,-0.000014,0.001065,-0.003194,0.000000
56200.971129,-1,-0.005134,0.000079,0.078339,0.006428,0.006134,-0.005535,0.999999,-0.001197,0.000782,-0.000014,0.001065,-0.002079,0.000000
56201.021130,-1,-0.005060,0.000094,0.078048,0.006138,0.006084,-0.004616,0.999999,-0.001170,0.000744,-0.000014,0.001065,-0.001018,0.000000
56201.071133,-1,-0.005041,0.000065,0.077836,0.005608,0.005768,-0.003584,0.999999,-0.001151,0.000737,-0.000014,0.001107,0.000006,0.000000
56201.121131,-1,-0.004997,0.000073,0.077637,0.005280,0.005646,-0.002798,0.999999,-0.001144,0.000776,-0.000014,0.000000,0.001451,0.000000
56201.171129,-1,-0.004979,0.000062,0.077479,0.005001,0.005520,-0.002327,0.999999,-0.001157,0.000829,-0.000014,-0.001089,0.003194,0.000000
56201.221130,-1,-0.004964,0.000055,0.077343,0.004818,0.005444,-0.001885,0.999999,-0.001178,0.000892,-0.000014,0.000001,0.001031,0.000000
56201.271094,-1,-0.004959,0.000043,0.077238,0.004692,0.005383,-0.001434,0.999999,-0.001199,0.000954,-0.000014,0.000049,0.002132,0.000000
56201.321128,-1,-0.004952,0.000035,0.077157,0.004662,0.005386,-0.001049,0.999999,-0.001220,0.001006,-0.000014,0.000040,0.001062,0.000000
56201.371127,-1,-0.004959,0.000013,0.077095,0.004650,0.005375,-0.000850,0.999999,-0.001242,0.001049,-0.000014,-0.001264,0.001267,0.000000
56201.421133,-1,-0.004932,0.000028,0.077041,0.004807,0.005543,-0.000643,0.999999,-0.001260,0.001074,-0.000014,-0.001063,0.000994,0.000000
56201.471121,-1,-0.004919,0.000030,0.077005,0.004761,0.005463,-0.000470,0.999999,-0.001273,0.001086,-0.000014,-0.001116,0.001068,0.000000
56201.521121,-1,-0.004939,-0.000013,0.076971,0.004864,0.005558,-0.000499,0.999999,-0.001280,0.001091,-0.000014,0.000000,0.000000,0.000000
56201.571127,-1,-0.004890,0.000027,0.076947,0.004955,0.005661,-0.000318,0.999999,-0.001280,0.001069,-0.000014,0.000000,-0.001065,0.000000
56201.621128,-1,-0.004870,0.000035,0.076932,0.005013,0.005749,-0.000203,0.999999,-0.001263,0.001036,-0.000014,0.001278,-0.001679,0.000000
56201.671124,-1,-0.004848,0.000047,0.076922,0.005173,0.005981,-0.000199,0.999999,-0.001235,0.001001,-0.000014,0.001277,-0.001064,0.000000
56201.721125,-1,-0.004828,0.000061,0.076918,0.004993,0.005833,-0.000168,0.999999,-0.001203,0.000969,-0.000014,0.001065,-0.001065,0.000000
56201.771138,-1,-0.004814,0.000074,0.076919,0.004936,0.005821,-0.000135,0.999999,-0.001188,0.000952,-0.000014,0.000681,-0.001016,0.000000
56201.821129,-1,-0.004802,0.000087,0.076924,0.005005,0.005970,-0.000096,0.999999,-0.001162,0.000944,-0.000014,0.000073,0.000024,0.000000
56201.871130,-1,-0.004795,0.000099,0.076929,0.004772,0.005753,-0.000043,0.999999,-0.001149,0.000944,-0.000014,0.000866,0.000000,0.000000
56201.921131,-1,-0.004794,0.000107,0.076932,0.004826,0.005863,-0.000147,0.999999,-0.001136,0.000945,-0.000014,0.001052,0.000992,0.000000
56201.971132,-1,-0.004800,0.000111,0.076931,0.004738,0.005783,-0.000154,0.999999,-0.001134,0.000971,-0.000014,0.000000,0.001065,0.000000
56202.021126,-1,-0.004810,0.000109,0.076930,0.004528,0.005531,-0.000123,0.999999,-0.001142,0.000998,-0.000014,0.000001,0.001065,0.000000
56202.071127,-1,-0.004824,0.000102,0.076928,0.004642,0.005638,-0.000109,0.999999,-0.001151,0.001025,-0.000014,-0.000001,0.001065,0.000000
56202.121127,-1,-0.004838,0.000093,0.076925,0.004490,0.005417,-0.000098,0.999999,-0.001167,0.001051,-0.000014,-0.001107,0.001065,0.000000
56202.171137,-1,-0.004852,0.000083,0.076921,0.004658,0.005562,-0.000097,0.999999,-0.001187,0.001072,-0.000014,-0.000002,0.001016,0.000000
56202.221136,-1,-0.004864,0.000072,0.076916,0.004700,0.005558,-0.000095,0.999999,-0.001199,0.001082,-0.000014,-0.000449,0.000001,0.000000
56202.271135,-1,-0.004872,0.000064,0.076911,0.004749,0.005573,-0.000092,0.999999,-0.001209,0.001083,-0.000014,-0.001106,0.001068,0.000000
56202.321158,-1,-0.004877,0.000057,0.076908,0.004810,0.005604,-0.000086,0.999999,-0.001223,0.001080,-0.000014,-0.001015,-0.000071,0.000000
56202.371127,-1,-0.004877,0.000055,0.076906,0.004868,0.005650,-0.000075,0.999999,-0.001226,0.001076,-0.000014,-0.000992,-0.001079,0.000000
56202.421094,-1,-0.004875,0.000057,0.076906,0.004906,0.005707,-0.000060,0.999999,-0.001229,0.001060,-0.000014,0.001106,-0.000616,0.000000
56202.471128,-1,-0.004871,0.000063,0.076907,0.004929,0.005760,-0.000027,0.999999,-0.001215,0.001042,-0.000014,0.000200,0.000040,0.000000
56202.521123,-1,-0.004867,0.000072,0.076910,0.004929,0.005802,0.000000,0.999999,-0.001205,0.001027,-0.000014,0.000682,-0.000867,0.000000
56202.571129,-1,-0.004865,0.000084,0.076911,0.004906,0.005825,0.000000,0.999999,-0.001187,0.001015,-0.000014,0.001066,-0.000680,0.000000
56202.621132,-1,-0.004897,0.000058,0.076911,0.004673,0.005600,0.000000,0.999999,-0.001169,0.001009,-0.000014,-0.000003,0.000000,0.000000
56202.671131,-1,-0.004879,0.000097,0.076906,0.004719,0.005692,-0.000160,0.999999,-0.001167,0.001013,-0.000014,0.001106,0.001072,0.000000
56202.721120,-1,-0.004929,0.000055,0.076904,0.004501,0.005463,-0.000138,0.999999,-0.001164,0.001026,-0.000014,0.000000,0.001064,0.000000
56202.771122,-1,-0.004928,0.000077,0.076906,0.004524,0.005470,-0.000097,0.999999,-0.001164,0.001053,-0.000014,-0.001101,0.002169,0.000000
56202.821120,-1,-0.004938,0.000081,0.076911,0.004532,0.005440,-0.000051,0.999999,-0.001177,0.001078,-0.000014,-0.000071,0.000854,0.000000
56202.871123,-1,-0.004955,0.000074,0.076919,0.004513,0.005367,0.000000,0.999999,-0.001185,0.001095,-0.000014,0.000037,-0.000024,0.000000
56202.921122,-1,-0.004963,0.000074,0.076926,0.004532,0.005333,-0.000079,0.999999,-0.001192,0.001102,-0.000014,0.000024,0.000002,0.000000
56202.971125,-1,-0.004947,0.000098,0.076928,0.004730,0.005497,-0.000069,0.999999,-0.001193,0.001101,-0.000014,0.000992,-0.001072,0.000000
56203.021124,-1,-0.004946,0.000100,0.076929,0.004784,0.005505,-0.000044,0.999999,-0.001177,0.001081,-0.000014,0.000000,-0.001101,0.000000
56203.071122,-1,-0.004941,0.000105,0.076926,0.004829,0.005520,-0.000079,0.999999,-0.001170,0.001055,-0.000014,0.000992,0.000047,0.000000
56203.121120,-1,-0.004937,0.000108,0.076921,0.004845,0.005512,-0.000100,0.999999,-0.001160,0.001034,-0.000014,0.000383,0.000036,0.000000
56203.171122,-1,-0.004934,0.000108,0.076916,0.004799,0.005451,-0.000099,0.999999,-0.001157,0.001027,-0.000014,0.000000,0.000000,0.000000
56203.221116,-1,-0.004933,0.000107,0.076911,0.004765,0.005413,-0.000097,0.999999,-0.001168,0.001027,-0.000014,0.000040,0.000000,0.000000
56203.271121,-1,-0.004945,0.000090,0.076906,0.004673,0.005318,-0.000095,0.999999,-0.001170,0.001027,-0.000014,0.000000,0.000000,0.000000
56203.321118,-1,-0.004935,0.000099,0.076901,0.004734,0.005386,-0.000092,0.999999,-0.001177,0.001032,-0.000014,-0.000002,0.000000,0.000000
56203.371117,-1,-0.004939,0.000091,0.076899,0.004677,0.005329,-0.000080,0.999999,-0.001178,0.001032,-0.000014,-0.001090,0.001106,0.000000
56203.421117,-1,-0.004937,0.000089,0.076899,0.004677,0.005329,-0.000063,0.999999,-0.001198,0.001048,-0.000014,-0.000616,-0.000003,0.000000
56203.471132,-1,-0.004934,0.000090,0.076901,0.004620,0.005268,-0.000018,0.999999,-0.001202,0.001049,-0.000014,-0.001116,0.000000,0.000000
56203.521121,-1,-0.004932,0.000088,0.076903,0.004730,0.005405,0.000000,0.999999,-0.001218,0.001057,-0.000014,0.000024,-0.000006,0.000000
56203.571118,-1,-0.004924,0.000093,0.076906,0.004749,0.005440,0.000000,0.999999,-0.001223,0.001056,-0.000014,0.000000,0.000000,0.000000
56203.621117,-1,-0.004912,0.000103,0.076905,0.004860,0.005585,-0.000090,0.999999,-0.001215,0.001047,-0.000014,0.000201,-0.000452,0.000000
56203.671116,-1,-0.004872,0.000147,0.076904,0.005005,0.005772,-0.000074,0.999999,-0.001196,0.001028,-0.000014,0.000854,-0.001103,0.000000
56203.721116,-1,-0.004857,0.000163,0.076905,0.004967,0.005756,-0.000050,0.999999,-0.001175,0.001006,-0.000014,0.001065,-0.001068,0.000000
56203.771114,-1,-0.004862,0.000159,0.076908,0.004826,0.005627,-0.000005,0.999999,-0.001154,0.000985,-0.000014,-0.000040,-0.000002,0.000000
56203.821116,-1,-0.004849,0.000176,0.076910,0.004772,0.005589,0.000000,0.999999,-0.001139,0.000976,-0.000014,0.001113,0.000036,0.000000
56203.871114,-1,-0.004844,0.000185,0.076910,0.004707,0.005531,-0.000052,0.999999,-0.001130,0.000976,-0.000014,0.001106,0.000000,0.000000
56203.921127,-1,-0.004808,0.000231,0.076907,0.004833,0.005692,-0.000112,0.999999,-0.001123,0.000976,-0.000014,0.000449,0.000000,0.000000
56203.971116,-1,-0.004807,0.000240,0.076905,0.004772,0.005630,-0.000093,0.999999,-0.001101,0.000976,-0.000014,0.000992,0.000000,0.000000
56204.021118,-1,-0.004812,0.000242,0.076905,0.004719,0.005562,-0.000074,0.999999,-0.001090,0.000977,-0.000014,0.001112,0.001068,0.000000
56204.071115,-1,-0.004823,0.000236,0.076907,0.004669,0.005470,-0.000046,0.999999,-0.001088,0.000997,-0.000014,-0.000992,0.001072,0.000000
56204.121113,-1,-0.004837,0.000223,0.076909,0.004639,0.005383,-0.000008,0.999999,-0.001106,0.001019,-0.000014,-0.001016,0.000198,0.000000
56204.171112,-1,-0.004853,0.000206,0.076911,0.004627,0.005314,0.000000,0.999999,-0.001127,0.001044,-0.000014,-0.001065,0.001065,0.000000
56204.221116,-1,-0.004898,0.000151,0.076911,0.004433,0.005035,-0.000066,0.999999,-0.001154,0.001064,-0.000014,-0.001929,0.001929,0.000000
56204.271104,-1,-0.004882,0.000163,0.076908,0.004646,0.005222,-0.000062,0.999999,-0.001191,0.001088,-0.000014,-0.001065,0.001107,0.000000
56204.321117,-1,-0.004892,0.000143,0.076905,0.004696,0.005238,-0.000059,0.999999,-0.001217,0.001095,-0.000014,-0.001065,0.000864,0.000000
56204.371106,-1,-0.004898,0.000125,0.076902,0.004749,0.005268,-0.000057,0.999999,-0.001237,0.001100,-0.000014,-0.001065,0.000000,0.000000
56204.421114,-1,-0.004897,0.000114,0.076899,0.004826,0.005356,-0.000050,0.999999,-0.001254,0.001092,-0.000014,0.000040,0.000001,0.000000
56204.471115,-1,-0.004919,0.000078,0.076899,0.004719,0.005260,-0.000029,0.999999,-0.001254,0.001074,-0.000014,0.000000,0.000024,0.000000
56204.521113,-1,-0.004875,0.000120,0.076898,0.004734,0.005333,-0.000009,0.999999,-0.001254,0.001061,-0.000014,0.000000,-0.000681,0.000000
56204.571115,-1,-0.004913,0.000074,0.076899,0.004757,0.005436,0.000000,0.999999,-0.001247,0.001047,-0.000014,-0.000036,-0.001068,0.000000
56204.621113,-1,-0.004875,0.000121,0.076900,0.004791,0.005554,0.000000,0.999999,-0.001235,0.001039,-0.000014,0.001065,-0.001116,0.000000
56204.671112,-1,-0.004903,0.000098,0.076900,0.004795,0.005638,0.000000,0.999999,-0.001210,0.001021,-0.000014,0.002176,-0.000385,0.000000
56204.721109,-1,-0.004868,0.000151,0.076900,0.004768,0.005684,0.000000,0.999999,-0.001181,0.001013,-0.000014,0.001065,-0.000001,0.000000
56204.771112,-1,-0.004870,0.000166,0.076899,0.004726,0.005688,0.000000,0.999999,-0.001148,0.001007,-0.000014,0.001065,-0.000001,0.000000
56204.821113,-1,-0.004878,0.000180,0.076896,0.004669,0.005653,0.000000,0.999999,-0.001122,0.001007,-0.000014,0.001065,0.000000,0.000000
56204.871114,-1,-0.004890,0.000189,0.076891,0.004765,0.005760,-0.000011,0.999999,-0.001105,0.001020,-0.000014,-0.000006,0.001066,0.000000
56204.921104,-1,-0.004905,0.000193,0.076887,0.004723,0.005672,-0.000030,0.999999,-0.001092,0.001036,-0.000014,0.000000,0.001065,0.000000
56204.971101,-1,-0.004923,0.000191,0.076884,0.004700,0.005573,-0.000033,0.999999,-0.001092,0.001062,-0.000014,0.000000,0.000591,0.000000
56205.021111,-1,-0.004941,0.000181,0.076884,0.004704,0.005466,-0.000013,0.999999,-0.001104,0.001079,-0.000014,-0.001065,0.001065,0.000000
56205.071109,-1,-0.004958,0.000165,0.076887,0.004578,0.005211,0.000000,0.999999,-0.001124,0.001100,-0.000014,-0.001065,0.001064,0.000000
56205.121110,-1,-0.004971,0.000145,0.076893,0.004780,0.005322,0.000000,0.999999,-0.001161,0.001119,-0.000014,-0.002155,0.001064,0.000000
56205.171110,-1,-0.004980,0.000123,0.076900,0.004852,0.005302,0.000000,0.999999,-0.001188,0.001124,-0.000014,-0.001275,0.000000,0.000000
56205.221112,-1,-0.004984,0.000101,0.076905,0.004929,0.005314,0.000024,0.999999,-0.001216,0.001124,-0.000014,-0.001063,0.000000,0.000000
56205.271111,-1,-0.004982,0.000081,0.076905,0.004997,0.005356,-0.000128,0.999999,-0.001241,0.001112,-0.000014,0.000040,-0.001106,0.000000
56205.321111,-1,-0.004978,0.000066,0.076905,0.005051,0.005421,-0.000099,0.999999,-0.001253,0.001092,-0.000014,0.000000,-0.001072,0.000000
56205.371111,-1,-0.004971,0.000055,0.076909,0.005077,0.005505,-0.000065,0.999999,-0.001265,0.001066,-0.000014,-0.000630,-0.001065,0.000000
56205.421109,-1,-0.004965,0.000051,0.076915,0.005074,0.005600,-0.000004,0.999999,-0.001260,0.001044,-0.000014,0.001063,-0.001065,0.000000
56205.471120,-1,-0.004961,0.000052,0.076919,0.005043,0.005657,0.000000,0.999999,-0.001248,0.001032,-0.000014,0.001063,-0.001063,0.000000
56205.521117,-1,-0.004960,0.000057,0.076921,0.005001,0.005726,-0.000063,0.999999,-0.001225,0.001021,-0.000014,0.001031,0.000014,0.000000
56205.571131,-1,-0.004963,0.000064,0.076921,0.004944,0.005772,-0.000067,0.999999,-0.001205,0.001017,-0.000014,0.001065,-0.000075,0.000000
56205.621109,-1,-0.005004,0.000035,0.076919,0.004658,0.005535,-0.000060,0.999999,-0.001177,0.001023,-0.000014,0.000043,-0.000051,0.000000
56205.671109,-1,-0.005017,0.000041,0.076915,0.004604,0.005516,-0.000063,0.999999,-0.001157,0.001038,-0.000014,-0.000047,0.000994,0.000000
56205.721100,-1,-0.005032,0.000043,0.076911,0.004570,0.005474,-0.000068,0.999999,-0.001146,0.001061,-0.000014,0.000002,0.001065,0.000000
56205.771105,-1,-0.005049,0.000042,0.076905,0.004559,0.005417,-0.000074,0.999999,-0.001146,0.001080,-0.000014,0.000000,0.001065,0.000000
56205.821108,-1,-0.005065,0.000035,0.076900,0.004574,0.005352,-0.000079,0.999999,-0.001146,0.001101,-0.000014,0.000000,0.001065,0.000000
56205.871107,-1,-0.005079,0.000023,0.076896,0.004616,0.005287,-0.000077,0.999999,-0.001156,0.001118,-0.000014,-0.001112,0.000386,0.000000
56205.921105,-1,-0.005105,-0.000011,0.076896,0.004673,0.005234,-0.000062,0.999999,-0.001175,0.001131,-0.000014,-0.001064,-0.000014,0.000000
56205.971107,-1,-0.005094,-0.000011,0.076899,0.004749,0.005215,-0.000012,0.999999,-0.001202,0.001131,-0.000014,-0.001065,0.000000,0.000000
56206.021131,-1,-0.005094,-0.000025,0.076902,0.004803,0.005207,0.000000,0.999999,-0.001223,0.001131,-0.000014,-0.001016,0.000000,0.000000
56206.071118,-1,-0.005106,-0.000061,0.076905,0.004879,0.005238,0.000000,0.999999,-0.001245,0.001124,-0.000014,-0.001065,-0.001090,0.000000
56206.121131,-1,-0.005082,-0.000056,0.076907,0.004940,0.005299,0.000000,0.999999,-0.001263,0.001104,-0.000014,0.000004,-0.001065,0.000000
56206.171100,-1,-0.005084,-0.000079,0.076907,0.004887,0.005280,-0.000003,0.999999,-0.001269,0.001079,-0.000014,-0.001063,0.000001,0.000000
56206.221122,-1,-0.005075,-0.000085,0.076904,0.004910,0.005383,-0.000066,0.999999,-0.001281,0.001069,-0.000014,0.000000,0.000000,0.000000
56206.271171,-1,-0.005064,-0.000081,0.076901,0.004936,0.005520,-0.000061,0.999999,-0.001289,0.001064,-0.000014,0.000000,0.000000,0.000000
56206.321129,-1,-0.005041,-0.000054,0.076899,0.004978,0.005695,-0.000050,0.999999,-0.001282,0.001053,-0.000014,0.001745,-0.001063,0.000000
56206.371130,-1,-0.005047,-0.000051,0.076899,0.004879,0.005718,-0.000033,0.999999,-0.001250,0.001040,-0.000014,0.001114,-0.000212,0.000000
56206.421122,-1,-0.005044,-0.000027,0.076899,0.004852,0.005806,-0.000011,0.999999,-0.001217,0.001034,-0.000014,0.001065,0.000000,0.000000
56206.471170,-1,-0.005045,-0.000002,0.076900,0.004810,0.005848,0.000000,0.999999,-0.001181,0.001034,-0.000014,0.002128,0.000000,0.000000
56206.521162,-1,-0.005051,0.000024,0.076901,0.004753,0.005840,0.000000,0.999999,-0.001141,0.001034,-0.000014,0.001955,0.000449,0.000000
56206.571115,-1,-0.005059,0.000050,0.076900,0.004669,0.005749,0.000000,0.999999,-0.001109,0.001048,-0.000014,0.001065,0.001067,0.000000
56206.621138,-1,-0.005062,0.000082,0.076898,0.004692,0.005733,0.000000,0.999999,-0.001087,0.001069,-0.000014,0.001117,-0.000003,0.000000
56206.671094,-1,-0.005095,0.000075,0.076895,0.004562,0.005497,0.000000,0.999999,-0.001073,0.001086,-0.000014,-0.000212,0.002057,0.000000
56206.721149,-1,-0.005111,0.000079,0.076893,0.004555,0.005367,0.000000,0.999999,-0.001087,0.001117,-0.000014,-0.001079,0.001065,0.000000
56206.771111,-1,-0.005113,0.000094,0.076892,0.004665,0.005360,0.000000,0.999999,-0.001114,0.001143,-0.000014,0.000036,0.000616,0.000000
56206.821119,-1,-0.005137,0.000074,0.076891,0.004662,0.005219,0.000000,0.999999,-0.001127,0.001153,-0.000014,-0.000992,0.000001,0.000000
56206.871105,-1,-0.005129,0.000083,0.076892,0.004837,0.005291,0.000000,0.999999,-0.001160,0.001159,-0.000014,0.000040,0.000003,0.000000
56206.921112,-1,-0.005129,0.000076,0.076895,0.004902,0.005268,0.000000,0.999999,-0.001175,0.001147,-0.000014,-0.000213,0.000001,0.000000
56206.971110,-1,-0.005124,0.000072,0.076898,0.004990,0.005314,0.000000,0.999999,-0.001188,0.001131,-0.000014,-0.001101,-0.001108,0.000000
56207.021120,-1,-0.005078,0.000112,0.076900,0.005047,0.005367,0.000000,0.999999,-0.001194,0.001106,-0.000014,0.000000,0.000047,0.000000
56207.071106,-1,-0.005075,0.000108,0.076900,0.005054,0.005405,0.000000,0.999999,-0.001199,0.001085,-0.000014,0.000000,0.000051,0.000000
56207.121115,-1,-0.005067,0.000114,0.076898,0.005058,0.005470,0.000000,0.999999,-0.001197,0.001066,-0.000014,0.001090,-0.000386,0.000000
56207.171109,-1,-0.005095,0.000087,0.076894,0.005032,0.005527,0.000000,0.999999,-0.001183,0.001057,-0.000014,-0.000036,0.000000,0.000000
56207.221127,-1,-0.005053,0.000142,0.076890,0.005169,0.005753,0.000000,0.999999,-0.001169,0.001050,-0.000014,0.001079,0.000000,0.000000
56207.271188,-1,-0.005061,0.000150,0.076887,0.005074,0.005718,-0.000001,0.999999,-0.001149,0.001044,-0.000014,0.001107,0.000000,0.000000
56207.321157,-1,-0.005067,0.000163,0.076887,0.004860,0.005543,0.000000,0.999999,-0.001133,0.001053,-0.000014,0.001067,0.000000,0.000000
56207.371114,-1,-0.005077,0.000173,0.076890,0.004822,0.005520,0.000000,0.999999,-0.001122,0.001076,-0.000014,-0.000040,0.000854,0.000000
56207.421116,-1,-0.005090,0.000181,0.076894,0.004959,0.005646,0.000000,0.999999,-0.001115,0.001096,-0.000014,0.000001,0.001065,0.000000
56207.471102,-1,-0.005102,0.000185,0.076898,0.004803,0.005424,0.000000,0.999999,-0.001110,0.001117,-0.000014,-0.000014,0.001016,0.000000
56207.521114,-1,-0.005113,0.000185,0.076901,0.004990,0.005531,0.000000,0.999999,-0.001118,0.001134,-0.000014,0.000014,-0.000047,0.000000
56207.571145,-1,-0.005121,0.000180,0.076902,0.005035,0.005482,0.000000,0.999999,-0.001126,0.001145,-0.000014,-0.000001,0.000000,0.000000
56207.621115,-1,-0.005125,0.000172,0.076899,0.005093,0.005436,-0.000105,0.999999,-0.001138,0.001149,-0.000014,0.000014,-0.000039,0.000000
56207.671103,-1,-0.005125,0.000163,0.076896,0.005161,0.005417,-0.000091,0.999999,-0.001154,0.001148,-0.000014,-0.000867,-0.001068,0.000000
56207.721110,-1,-0.005120,0.000153,0.076897,0.005222,0.005413,-0.000069,0.999999,-0.001173,0.001133,-0.000014,-0.000853,-0.001014,0.000000
56207.771106,-1,-0.005162,0.000093,0.076903,0.005024,0.005177,-0.000011,0.999999,-0.001183,0.001121,-0.000014,0.000014,-0.000994,0.000000
56207.821144,-1,-0.005154,0.000087,0.076910,0.005051,0.005211,0.000000,0.999999,-0.001192,0.001107,-0.000014,-0.000051,-0.001116,0.000000
56207.871156,-1,-0.005144,0.000085,0.076917,0.005062,0.005268,0.000000,0.999999,-0.001203,0.001092,-0.000014,-0.000855,0.000003,0.000000
56207.921111,-1,-0.005135,0.000088,0.076920,0.005058,0.005341,-0.000080,0.999999,-0.001208,0.001079,-0.000014,0.001068,-0.000001,0.000000
56207.971107,-1,-0.005129,0.000096,0.076920,0.005032,0.005405,-0.000138,0.999999,-0.001195,0.001070,-0.000014,-0.000003,-0.000212,0.000000
56208.021097,-1,-0.005109,0.000126,0.076921,0.004971,0.005451,-0.000095,0.999999,-0.001171,0.001064,-0.000014,0.001065,0.000000,0.000000
56208.071093,-1,-0.005111,0.000138,0.076923,0.004917,0.005463,-0.000069,0.999999,-0.001148,0.001064,-0.000014,0.000994,0.000000,0.000000
56208.121085,-1,-0.005134,0.000133,0.076923,0.004860,0.005455,-0.000052,0.999999,-0.001130,0.001064,-0.000014,0.001072,0.000680,0.000000
56208.171100,-1,-0.005145,0.000143,0.076920,0.004807,0.005424,-0.000053,0.999999,-0.001113,0.001081,-0.000014,-0.000051,0.001112,0.000000
56208.221122,-1,-0.005139,0.000165,0.076917,0.004776,0.005386,-0.000062,0.999999,-0.001103,0.001095,-0.000014,0.000001,0.001072,0.000000
56208.271153,-1,-0.005173,0.000150,0.076911,0.004749,0.005310,-0.000072,0.999999,-0.001103,0.001123,-0.000014,0.000000,0.001065,0.000000
56208.321120,-1,-0.005188,0.000148,0.076902,0.004768,0.005241,-0.000089,0.999999,-0.001103,0.001149,-0.000014,0.000000,0.000201,0.000000
56208.371118,-1,-0.005201,0.000139,0.076893,0.004814,0.005177,-0.000104,0.999999,-0.001116,0.001168,-0.000014,-0.001116,-0.000001,0.000000
56208.421116,-1,-0.005210,0.000127,0.076889,0.004883,0.005127,-0.000098,0.999999,-0.001138,0.001177,-0.000014,-0.001119,0.000000,0.000000
56208.471097,-1,-0.005214,0.000112,0.076890,0.004963,0.005100,-0.000072,0.999999,-0.001160,0.001182,-0.000014,-0.000867,0.000000,0.000000
56208.521091,-1,-0.005194,0.000112,0.076897,0.005116,0.005154,0.000000,0.999999,-0.001189,0.001170,-0.000014,0.000040,-0.000201,0.000000
56208.571094,-1,-0.005187,0.000098,0.076905,0.005180,0.005180,0.000000,0.999999,-0.001208,0.001151,-0.000014,0.000051,-0.001065,0.000000
56208.621090,-1,-0.005176,0.000087,0.076912,0.005222,0.005234,0.000003,0.999999,-0.001218,0.001131,-0.000014,-0.000212,-0.001065,0.000000
56208.671091,-1,-0.005164,0.000080,0.076915,0.005241,0.005302,-0.000155,0.999999,-0.001225,0.001105,-0.000014,0.000000,-0.000013,0.000000
56208.721090,-1,-0.005152,0.000079,0.076916,0.005234,0.005379,-0.000136,0.999999,-0.001225,0.001087,-0.000014,0.000000,-0.000682,0.000000
56208.771092,-1,-0.005142,0.000082,0.076920,0.005203,0.005447,-0.000093,0.999999,-0.001214,0.001072,-0.000014,0.001116,-0.001014,0.000000
56208.821092,-1,-0.005135,0.000089,0.076926,0.005154,0.005501,-0.000040,0.999999,-0.001193,0.001061,-0.000014,0.000993,-0.000003,0.000000
56208.871096,-1,-0.005133,0.000098,0.076932,0.005093,0.005527,-0.000106,0.999999,-0.001168,0.001059,-0.000014,0.001065,-0.000392,0.000000
56208.921089,-1,-0.005135,0.000108,0.076933,0.005020,0.005527,-0.000149,0.999999,-0.001148,0.001057,-0.000014,0.001065,0.001112,0.000000
56208.971089,-1,-0.005143,0.000116,0.076935,0.004955,0.005505,-0.000111,0.999999,-0.001127,0.001072,-0.000014,0.001065,0.000073,0.000000
56209.021089,-1,-0.005154,0.000121,0.076938,0.004910,0.005455,-0.000078,0.999999,-0.001109,0.001087,-0.000014,0.000073,0.000673,0.000000
56209.071092,-1,-0.005167,0.000121,0.076939,0.004883,0.005390,-0.000119,0.999999,-0.001107,0.001111,-0.000008,0.000000,-0.000047,0.000000
56209.121089,-1,-0.005180,0.000117,0.076937,0.004883,0.005314,-0.000191,0.999999,-0.001107,0.001133,-0.000008,0.000000,0.001016,0.000000
56209.171085,-1,-0.005192,0.000107,0.076935,0.004910,0.005241,-0.000157,0.999999,-0.001116,0.001150,-0.000008,-0.001112,-0.000003,0.000000
56209.221091,-1,-0.005200,0.000092,0.076936,0.004955,0.005184,-0.000122,0.999999,-0.001137,0.001158,-0.000008,-0.001065,0.000000,0.000000
56209.271087,-1,-0.005205,0.000075,0.076937,0.005016,0.005154,-0.000093,0.999999,-0.001164,0.001164,-0.000008,-0.000616,0.000000,0.000000
56209.321089,-1,-0.005204,0.000056,0.076937,0.005085,0.005150,-0.000076,0.999999,-0.001191,0.001164,-0.000008,0.000024,0.000000,0.000000
56209.371091,-1,-0.005199,0.000040,0.076934,0.005150,0.005173,-0.000104,0.999999,-0.001211,0.001151,-0.000008,0.000047,0.000014,0.000000
56209.421091,-1,-0.005155,0.000062,0.076927,0.005203,0.005219,-0.000152,0.999999,-0.001221,0.001132,-0.000008,-0.000864,-0.000854,0.000000
56209.471098,-1,-0.005195,-0.000002,0.076924,0.005104,0.005150,-0.000134,0.999999,-0.001234,0.001114,-0.000008,-0.001064,0.000024,0.000000
56209.521088,-1,-0.005168,0.000009,0.076921,0.005100,0.005215,-0.000114,0.999999,-0.001246,0.001107,-0.000008,-0.001068,0.000003,0.000000
56209.571092,-1,-0.005172,-0.000008,0.076920,0.005104,0.005314,-0.000095,0.999999,-0.001256,0.001106,-0.000008,0.000000,-0.000049,0.000000
56209.621097,-1,-0.005145,0.000015,0.076918,0.005123,0.005451,-0.000082,0.999999,-0.001259,0.001100,-0.000008,0.000000,0.000000,0.000000
56209.671087,-1,-0.005135,0.000031,0.076916,0.005127,0.005581,-0.000074,0.999999,-0.001238,0.001092,-0.000008,0.001065,-0.000680,0.000000
56209.721085,-1,-0.005127,0.000052,0.076913,0.005165,0.005730,-0.000068,0.999999,-0.001206,0.001080,-0.000008,0.002171,-0.000383,0.000000
56209.771041,-1,-0.005123,0.000077,0.076910,0.005100,0.005753,-0.000064,0.999999,-0.001164,0.001069,-0.000008,0.002129,0.000040,0.000000
56209.821033,-1,-0.005099,0.000131,0.076908,0.005173,0.005890,-0.000060,0.999999,-0.001123,0.001069,-0.000008,0.001062,0.000680,0.000000
56209.871036,-1,-0.005123,0.000134,0.076906,0.004974,0.005692,-0.000052,0.999999,-0.001088,0.001077,-0.000008,0.001018,0.000000,-0.000864
56209.921087,-1,-0.005108,0.000180,0.076903,0.005066,0.005760,-0.000050,0.999999,-0.001068,0.001094,-0.000016,0.000002,0.001065,0.000000
56209.971035,-1,-0.005123,0.000186,0.076901,0.004982,0.005585,-0.000041,0.999999,-0.001060,0.001115,-0.000016,0.000000,0.001065,0.000000
56210.021038,-1,-0.005161,0.000162,0.076900,0.004860,0.005348,-0.000023,0.999999,-0.001069,0.001141,-0.000016,-0.001745,0.001065,0.000000
56210.071045,-1,-0.005163,0.000170,0.076899,0.004906,0.005268,-0.000015,0.999999,-0.001091,0.001165,-0.000016,-0.001063,-0.000024,0.000000
56210.121038,-1,-0.005171,0.000162,0.076898,0.004948,0.005188,-0.000009,0.999999,-0.001109,0.001173,-0.000016,-0.001063,0.000000,0.000000
56210.171046,-1,-0.005168,0.000160,0.076897,0.005001,0.005150,-0.000001,0.999999,-0.001130,0.001173,-0.000016,-0.000386,0.000000,0.000000
56210.221058,-1,-0.005139,0.000179,0.076895,0.005199,0.005272,0.000000,0.999999,-0.001151,0.001169,-0.000016,0.000001,-0.001072,0.000000
56210.271047,-1,-0.005131,0.000172,0.076895,0.005253,0.005276,0.000000,0.999999,-0.001165,0.001152,-0.000016,-0.001107,-0.000449,0.000000
56210.321061,-1,-0.005144,0.000143,0.076896,0.005177,0.005192,0.000000,0.999999,-0.001179,0.001134,-0.000016,-0.001068,-0.001065,0.000000
56210.371089,-1,-0.005130,0.000145,0.076897,0.005234,0.005283,0.000000,0.999999,-0.001192,0.001114,-0.000016,-0.000215,-0.001065,0.000000
56210.421129,-1,-0.005117,0.000151,0.076898,0.005257,0.005379,0.000000,0.999999,-0.001191,0.001095,-0.000016,0.001112,-0.001065,0.000000
56210.471044,-1,-0.005105,0.000162,0.076898,0.005245,0.005455,0.000000,0.999999,-0.001175,0.001076,-0.000016,0.001065,-0.001065,0.000000
56210.521055,-1,-0.005097,0.000176,0.076897,0.005199,0.005505,0.000000,0.999999,-0.001149,0.001060,-0.000016,0.001065,-0.000002,0.000000
56210.571144,-1,-0.005094,0.000192,0.076894,0.005135,0.005520,0.000000,0.999999,-0.001120,0.001054,-0.000016,0.002128,0.000000,0.000000
56210.621063,-1,-0.005096,0.000206,0.076890,0.005051,0.005497,0.000000,0.999999,-0.001094,0.001050,-0.000016,0.001065,0.000000,0.000000
56210.671033,-1,-0.005105,0.000217,0.076888,0.004971,0.005444,-0.000002,0.999999,-0.001068,0.001061,-0.000016,-0.000003,0.000864,0.000000
56210.721121,-1,-0.005119,0.000224,0.076887,0.004902,0.005363,0.000000,0.999999,-0.001059,0.001086,-0.000016,0.000000,0.001065,0.000000
56210.771029,-1,-0.005136,0.000224,0.076887,0.004860,0.005268,0.000000,0.999999,-0.001053,0.001108,-0.000016,0.000003,0.001064,0.000000
56210.821050,-1,-0.005155,0.000218,0.076888,0.004845,0.005169,0.000000,0.999999,-0.001060,0.001135,-0.000016,-0.000384,0.001065,0.000000
56210.871037,-1,-0.005173,0.000206,0.076890,0.004860,0.005081,0.000000,0.999999,-0.001079,0.001162,-0.000016,-0.001065,0.001065,0.000000
56210.921029,-1,-0.005155,0.000222,0.076891,0.005070,0.005161,0.000000,0.999999,-0.001112,0.001186,-0.000016,-0.001068,0.001064,0.000000
56210.971034,-1,-0.005165,0.000204,0.076893,0.005150,0.005142,0.000000,0.999999,-0.001133,0.001194,-0.000016,-0.001114,0.001068,0.000000
56211.021038,-1,-0.005168,0.000185,0.076895,0.005241,0.005146,0.000000,0.999999,-0.001160,0.001199,-0.000016,-0.001089,0.000000,0.000000
56211.071043,-1,-0.005166,0.000168,0.076897,0.005325,0.005184,0.000000,0.999999,-0.001187,0.001185,-0.000016,-0.001065,-0.000213,0.000000
56211.121027,-1,-0.005159,0.000155,0.076896,0.005394,0.005245,0.000000,0.999999,-0.001207,0.001168,-0.000016,0.000003,-0.001063,0.000000
56211.171035,-1,-0.005149,0.000147,0.076894,0.005436,0.005325,0.000000,0.999999,-0.001213,0.001147,-0.000016,-0.000199,-0.000994,0.000000
56211.221035,-1,-0.005138,0.000145,0.076890,0.005451,0.005413,0.000000,0.999999,-0.001203,0.001113,-0.000016,-0.000014,-0.001065,0.000000
56211.271036,-1,-0.005128,0.000148,0.076886,0.005432,0.005486,0.000000,0.999999,-0.001190,0.001090,-0.000016,0.001112,-0.000035,0.000000
56211.321035,-1,-0.005149,0.000126,0.076885,0.005207,0.005356,0.000000,0.999999,-0.001171,0.001074,-0.000016,0.001065,-0.001089,0.000000
56211.371033,-1,-0.005153,0.000125,0.076886,0.005123,0.005360,0.000000,0.999999,-0.001160,0.001075,-0.000016,0.000000,0.001064,0.000000
56211.421038,-1,-0.005127,0.000162,0.076888,0.005219,0.005527,0.000000,0.999999,-0.001153,0.001091,-0.000016,-0.000047,0.001067,0.000000
56211.471097,-1,-0.005150,0.000149,0.076891,0.005051,0.005386,0.000000,0.999999,-0.001144,0.001106,-0.000016,0.000001,0.001063,0.000000
56211.521037,-1,-0.005153,0.000156,0.076895,0.005009,0.005348,0.000000,0.999999,-0.001133,0.001121,-0.000015,0.000049,-0.000040,0.001068
56211.571048,-1,-0.005180,0.000135,0.076898,0.005157,0.005466,0.000000,0.999999,-0.001126,0.001130,-0.000012,0.000000,0.000680,0.000000
56211.621037,-1,-0.005162,0.000156,0.076899,0.005024,0.005260,0.000000,0.999999,-0.001126,0.001145,-0.000012,0.000000,0.001063,0.000000
56211.671044,-1,-0.005160,0.000153,0.076898,0.005100,0.005253,0.000000,0.999999,-0.001129,0.001155,-0.000012,-0.001101,0.000001,0.000000
56211.721042,-1,-0.005154,0.000147,0.076895,0.005177,0.005238,-0.000005,0.999999,-0.001142,0.001155,-0.000012,-0.000200,0.000000,0.000000
56211.771040,-1,-0.005143,0.000137,0.076893,0.005249,0.005226,-0.000013,0.999999,-0.001150,0.001147,-0.000012,-0.000002,-0.001064,0.000000
56211.821035,-1,-0.005128,0.000127,0.076890,0.005302,0.005222,-0.000014,0.999999,-0.001163,0.001127,-0.000012,-0.001090,-0.001065,0.000000
56211.871040,-1,-0.005127,0.000103,0.076890,0.005207,0.005100,-0.000002,0.999999,-0.001168,0.001110,-0.000012,-0.001023,-0.001065,0.000000
56211.921035,-1,-0.005109,0.000093,0.076892,0.005154,0.005062,0.000000,0.999999,-0.001183,0.001091,-0.000012,-0.000002,-0.002133,0.000000
56211.971042,-1,-0.005081,0.000097,0.076896,0.005165,0.005127,0.000000,0.999999,-0.001184,0.001072,-0.000012,-0.000617,-0.000199,0.000000
56212.021034,-1,-0.005085,0.000075,0.076901,0.005096,0.005142,0.000000,0.999999,-0.001189,0.001058,-0.000012,-0.000992,0.000000,0.000000
56212.071044,-1,-0.005059,0.000090,0.076905,0.005127,0.005280,0.000000,0.999999,-0.001199,0.001058,-0.000012,0.000000,0.000000,0.000000
56212.121038,-1,-0.005054,0.000092,0.076904,0.005089,0.005348,-0.000097,0.999999,-0.001187,0.001053,-0.000012,0.001112,0.000014,0.000000
56212.171049,-1,-0.005053,0.000096,0.076905,0.005039,0.005390,-0.000074,0.999999,-0.001164,0.001053,-0.000012,0.000994,0.000000,0.000000
56212.221046,-1,-0.005056,0.000101,0.076908,0.004990,0.005405,-0.000040,0.999999,-0.001138,0.001053,-0.000012,-0.000014,0.000680,0.000000
56212.271045,-1,-0.005062,0.000105,0.076911,0.004940,0.005386,0.000000,0.999999,-0.001122,0.001062,-0.000012,0.000002,0.001067,0.000000
56212.321043,-1,-0.005070,0.000107,0.076914,0.004906,0.005348,0.000000,0.999999,-0.001113,0.001080,-0.000012,0.000000,0.001065,0.000000
56212.371066,-1,-0.005076,0.000105,0.076915,0.004826,0.005234,-0.000036,0.999999,-0.001106,0.001094,-0.000012,0.000000,0.001065,0.000000
56212.421114,-1,-0.005085,0.000099,0.076913,0.004890,0.005238,-0.000025,0.999999,-0.001115,0.001114,-0.000012,0.000040,-0.000003,0.000000
56212.471134,-1,-0.005091,0.000089,0.076910,0.004921,0.005196,-0.000032,0.999999,-0.001125,0.001124,-0.000012,-0.000001,0.000000,0.000000
56212.521038,-1,-0.005093,0.000077,0.076906,0.004967,0.005161,-0.000045,0.999999,-0.001137,0.001130,-0.000012,-0.001063,0.000000,0.000000
56212.571079,-1,-0.005092,0.000064,0.076901,0.005024,0.005150,-0.000055,0.999999,-0.001157,0.001132,-0.000012,-0.001064,0.000000,0.000000
56212.621128,-1,-0.005101,0.000036,0.076897,0.004978,0.005051,-0.000061,0.999999,-0.001175,0.001131,-0.000012,-0.002180,-0.000901,0.000000
56212.671055,-1,-0.005086,0.000029,0.076895,0.005024,0.005077,-0.000052,0.999999,-0.001205,0.001127,-0.000012,-0.001066,0.000000,0.000000
56212.721044,-1,-0.005057,0.000036,0.076895,0.005142,0.005207,-0.000028,0.999999,-0.001223,0.001114,-0.000012,-0.001106,-0.001065,0.000000
56212.771055,-1,-0.005040,0.000034,0.076897,0.005146,0.005260,0.000000,0.999999,-0.001230,0.001094,-0.000012,0.000000,-0.001065,0.000000
56212.821037,-1,-0.005031,0.000027,0.076901,0.005108,0.005302,0.000000,0.999999,-0.001230,0.001067,-0.000012,0.000000,-0.000854,0.000000
56212.871048,-1,-0.005006,0.000044,0.076902,0.005123,0.005424,0.000000,0.999999,-0.001219,0.001050,-0.000012,0.001065,0.000003,0.000000
56212.921041,-1,-0.004969,0.000083,0.076900,0.005051,0.005482,0.000000,0.999999,-0.001176,0.001017,-0.000012,0.001067,-0.001065,0.000000
56212.971046,-1,-0.004971,0.000088,0.076896,0.004974,0.005505,0.000000,0.999999,-0.001138,0.001001,-0.000012,0.001025,-0.000616,0.000000
56213.021037,-1,-0.004945,0.000128,0.076891,0.004887,0.005493,-0.000011,0.999999,-0.001108,0.000998,-0.000012,0.002137,0.000000,0.000000
56213.071040,-1,-0.004943,0.000146,0.076887,0.004887,0.005543,-0.000029,0.999999,-0.001088,0.001005,-0.000012,0.001064,0.001065,0.000000
56213.121039,-1,-0.004946,0.000163,0.076884,0.004784,0.005451,-0.000034,0.999999,-0.001069,0.001024,-0.000012,0.001015,0.001063,0.000000
56213.171041,-1,-0.004952,0.000175,0.076883,0.004803,0.005444,-0.000015,0.999999,-0.001059,0.001046,-0.000012,0.000001,0.001065,0.000000
56213.221038,-1,-0.004960,0.000181,0.076886,0.004787,0.005360,0.000000,0.999999,-0.001059,0.001067,-0.000012,0.001068,0.000682,0.000000
56213.271043,-1,-0.004969,0.000179,0.076891,0.004787,0.005260,0.000000,0.999999,-0.001056,0.001083,-0.000012,-0.001079,0.001063,0.000000
56213.321041,-1,-0.004976,0.000171,0.076896,0.004807,0.005165,0.000000,0.999999,-0.001068,0.001096,-0.000012,-0.001063,0.000200,0.000000
56213.371046,-1,-0.004982,0.000157,0.076901,0.004837,0.005085,0.000004,0.999999,-0.001095,0.001106,-0.000012,-0.001017,-0.000024,0.000000
56213.421042,-1,-0.004985,0.000140,0.076903,0.004864,0.005013,0.000000,0.999999,-0.001125,0.001113,-0.000012,-0.002177,0.000212,0.000000
56213.471039,-1,-0.004983,0.000121,0.076902,0.004925,0.005005,-0.000065,0.999999,-0.001165,0.001119,-0.000012,-0.001137,0.000000,0.000000
56213.521038,-1,-0.004976,0.000103,0.076901,0.004997,0.005035,-0.000045,0.999999,-0.001192,0.001119,-0.000012,-0.001065,0.000000,0.000000
56213.571034,-1,-0.004964,0.000089,0.076901,0.005066,0.005096,-0.000030,0.999999,-0.001215,0.001103,-0.000012,-0.001064,0.000036,0.000000
56213.621038,-1,-0.004948,0.000080,0.076901,0.005116,0.005180,-0.000009,0.999999,-0.001230,0.001081,-0.000012,0.000047,-0.001065,0.000000
56213.671130,-1,-0.004934,0.000077,0.076901,0.005123,0.005249,0.000000,0.999999,-0.001230,0.001060,-0.000012,0.000000,-0.001065,0.000000
56213.721099,-1,-0.004916,0.000079,0.076900,0.005123,0.005348,0.000000,0.999999,-0.001226,0.001038,-0.000012,0.001067,-0.001065,0.000000
56213.771069,-1,-0.004899,0.000087,0.076898,0.005096,0.005436,-0.000002,0.999999,-0.001206,0.001017,-0.000012,0.001065,-0.000994,0.000000
56213.821045,-1,-0.004885,0.000099,0.076894,0.005043,0.005497,-0.000017,0.999999,-0.001179,0.000998,-0.000012,0.001065,-0.000614,0.000000
56213.871134,-1,-0.004876,0.000112,0.076891,0.004971,0.005524,-0.000028,0.999999,-0.001147,0.000988,-0.000012,0.001068,-0.000002,0.000000
56213.921144,-1,-0.004872,0.000125,0.076888,0.004887,0.005512,-0.000026,0.999999,-0.001114,0.000982,-0.000012,0.001065,-0.000002,0.000000
56213.971054,-1,-0.004874,0.000135,0.076888,0.004791,0.005459,-0.000013,0.999999,-0.001087,0.000986,-0.000012,0.000386,0.001067,0.000000
56214.021050,-1,-0.004883,0.000140,0.076888,0.004707,0.005386,0.000000,0.999999,-0.001078,0.001006,-0.000012,-0.000024,0.001112,0.000000
56214.071108,-1,-0.004895,0.000140,0.076891,0.004654,0.005299,0.000000,0.999999,-0.001078,0.001033,-0.000012,0.000000,0.001072,0.000000
56214.121037,-1,-0.004909,0.000133,0.076895,0.004627,0.005211,0.000000,0.999999,-0.001083,0.001063,-0.000012,-0.001063,0.001457,0.000000
56214.171041,-1,-0.004891,0.000157,0.076898,0.004635,0.005112,0.000000,0.999999,-0.001104,0.001094,-0.000012,0.000047,0.001065,0.000000
56214.221037,-1,-0.004903,0.000140,0.076900,0.004829,0.005230,0.000000,0.999999,-0.001127,0.001111,-0.000012,-0.001065,0.000049,0.000000
56214.271039,-1,-0.004910,0.000123,0.076898,0.004745,0.005051,-0.000054,0.999999,-0.001158,0.001121,-0.000012,-0.001061,0.001112,0.000000
56214.321042,-1,-0.004911,0.000107,0.076897,0.004822,0.005070,-0.000035,0.999999,-0.001178,0.001125,-0.000012,-0.001065,0.000000,0.000000
56214.371039,-1,-0.004907,0.000094,0.076897,0.004902,0.005116,-0.000012,0.999999,-0.001199,0.001118,-0.000012,-0.001090,-0.000680,0.000000
56214.421036,-1,-0.004898,0.000086,0.076899,0.005116,0.005352,0.000000,0.999999,-0.001213,0.001097,-0.000012,0.000000,-0.001063,0.000000
56214.471039,-1,-0.004887,0.000083,0.076901,0.005154,0.005440,0.000000,0.999999,-0.001218,0.001071,-0.000012,0.000000,-0.001065,0.000000
56214.521037,-1,-0.004876,0.000088,0.076901,0.005157,0.005531,0.000000,0.999999,-0.001203,0.001044,-0.000012,0.000616,-0.001065,0.000000
56214.571028,-1,-0.004866,0.000097,0.076899,0.005131,0.005604,0.000000,0.999999,-0.001183,0.001023,-0.000012,0.001065,-0.001063,0.000000
56214.621031,-1,-0.004860,0.000109,0.076896,0.005081,0.005650,0.000000,0.999999,-0.001156,0.001008,-0.000012,0.001065,0.000024,0.000000
56214.671028,-1,-0.004858,0.000124,0.076893,0.005013,0.005665,-0.000005,0.999999,-0.001129,0.001000,-0.000012,0.001065,0.000000,0.000000
56214.721032,-1,-0.004862,0.000138,0.076889,0.004932,0.005650,-0.000018,0.999999,-0.001097,0.001000,-0.000012,0.001065,0.000000,0.000000
56214.771055,-1,-0.004871,0.000150,0.076886,0.004856,0.005604,-0.000022,0.999999,-0.001076,0.001010,-0.000012,0.001064,-0.000014,0.000000
56214.821037,-1,-0.004910,0.000130,0.076886,0.004627,0.005356,-0.000008,0.999999,-0.001063,0.001032,-0.000012,0.000200,0.000854,0.000000
56214.871047,-1,-0.004932,0.000127,0.076888,0.004543,0.005222,0.000000,0.999999,-0.001063,0.001054,-0.000012,0.000000,0.000198,0.000000
56214.921040,-1,-0.004926,0.000153,0.076893,0.004650,0.005280,0.000000,0.999999,-0.001083,0.001091,-0.000012,0.000003,0.001066,0.000000
56214.971030,-1,-0.004936,0.000157,0.076899,0.004742,0.005299,0.000000,0.999999,-0.001098,0.001117,-0.000012,0.000006,0.000073,0.000000
56215.021042,-1,-0.004980,0.000118,0.076903,0.004604,0.005062,0.000003,0.999999,-0.001113,0.001131,-0.000012,-0.001064,0.001113,0.000000
56215.071043,-1,-0.004983,0.000119,0.076904,0.004665,0.005062,-0.000053,0.999999,-0.001134,0.001146,-0.000012,-0.001065,0.000002,0.000000
56215.121068,-1,-0.004987,0.000115,0.076902,0.004742,0.005070,-0.000122,0.999999,-0.001151,0.001153,-0.000012,-0.001106,0.000000,0.000000
56215.171065,-1,-0.004989,0.000111,0.076904,0.004826,0.005112,-0.000089,0.999999,-0.001170,0.001150,-0.000012,-0.001069,-0.001101,0.000000
56215.221062,-1,-0.004949,0.000151,0.076908,0.005112,0.005394,-0.000059,0.999999,-0.001177,0.001136,-0.000012,0.000000,-0.001744,0.000000
56215.271048,-1,-0.004937,0.000163,0.076914,0.005192,0.005505,0.000000,0.999999,-0.001164,0.001096,-0.000012,0.001065,-0.002129,-0.000449
56215.321042,-1,-0.004962,0.000140,0.076920,0.005009,0.005356,0.000000,0.999999,-0.001135,0.001060,-0.000016,0.000001,-0.000214,0.000000
56215.371034,-1,-0.004947,0.000163,0.076922,0.005009,0.005409,-0.000093,0.999999,-0.001121,0.001047,-0.000016,0.001101,-0.001101,0.000000
56215.421042,-1,-0.004956,0.000166,0.076921,0.004860,0.005310,-0.000092,0.999999,-0.001099,0.001031,-0.000016,0.000212,0.000000,0.000000
56215.471039,-1,-0.004951,0.000187,0.076919,0.004818,0.005310,-0.000078,0.999999,-0.001078,0.001025,-0.000016,-0.000040,0.000000,0.000000
56215.521039,-1,-0.004953,0.000205,0.076916,0.004749,0.005280,-0.000074,0.999999,-0.001068,0.001031,-0.000016,0.000992,0.001065,0.000000
56215.571038,-1,-0.004947,0.000233,0.076912,0.004780,0.005318,-0.000072,0.999999,-0.001052,0.001046,-0.000016,-0.000040,-0.000047,0.000000
56215.621166,-1,-0.004955,0.000245,0.076908,0.004669,0.005177,-0.000072,0.999999,-0.001040,0.001057,-0.000016,0.000002,0.000992,0.000000
56215.671036,-1,-0.004977,0.000237,0.076906,0.004639,0.005081,-0.000066,0.999999,-0.001031,0.001073,-0.000016,0.000000,0.001276,0.000000
56215.721040,-1,-0.004987,0.000236,0.076905,0.004677,0.005028,-0.000050,0.999999,-0.001041,0.001093,-0.000016,-0.001079,0.001090,0.000000
56215.771055,-1,-0.004993,0.000233,0.076905,0.004711,0.004982,-0.000028,0.999999,-0.001056,0.001108,-0.000016,-0.001066,0.001116,0.000000
56215.821060,-1,-0.005000,0.000224,0.076906,0.004765,0.004940,-0.000004,0.999999,-0.001083,0.001117,-0.000016,0.000040,0.001068,0.000000
56215.871044,-1,-0.005003,0.000214,0.076905,0.004829,0.004929,0.000000,0.999999,-0.001101,0.001123,-0.000016,-0.000214,0.000000,0.000000
56215.921034,-1,-0.004999,0.000202,0.076902,0.004906,0.004921,-0.000006,0.999999,-0.001119,0.001120,-0.000016,0.000003,-0.001063,0.000000
56215.971049,-1,-0.004992,0.000192,0.076898,0.004959,0.004944,-0.000020,0.999999,-0.001132,0.001101,-0.000016,-0.000002,0.000047,0.000000
56216.021046,-1,-0.004982,0.000186,0.076895,0.004997,0.004982,-0.000023,0.999999,-0.001139,0.001087,-0.000016,0.000000,-0.001101,0.000000
56216.071048,-1,-0.004971,0.000183,0.076894,0.005005,0.005032,-0.000015,0.999999,-0.001145,0.001059,-0.000016,0.000006,-0.000198,0.000000
56216.121045,-1,-0.004960,0.000185,0.076894,0.004990,0.005093,-0.000000,0.999999,-0.001145,0.001044,-0.000016,0.000000,-0.001066,0.000000
56216.171078,-1,-0.004953,0.000191,0.076895,0.004951,0.005154,0.000000,0.999999,-0.001137,0.001030,-0.000016,0.000201,-0.000002,0.000000
56216.221034,-1,-0.004948,0.000200,0.076896,0.004898,0.005184,0.000000,0.999999,-0.001121,0.001022,-0.000016,0.001065,0.000001,0.000000
56216.271040,-1,-0.004948,0.000212,0.076898,0.004837,0.005215,0.000000,0.999999,-0.001096,0.001022,-0.000016,0.000443,0.000000,0.000000
56216.321101,-1,-0.004952,0.000226,0.076897,0.004768,0.005222,0.000000,0.999999,-0.001074,0.001022,-0.000016,-0.000051,0.001112,0.000000
56216.371055,-1,-0.004961,0.000239,0.076894,0.004704,0.005203,-0.000003,0.999999,-0.001055,0.001038,-0.000016,-0.000006,0.001065,0.000000
56216.421037,-1,-0.004973,0.000250,0.076891,0.004658,0.005161,-0.000012,0.999999,-0.001044,0.001058,-0.000016,0.000049,0.001065,0.000000
56216.471032,-1,-0.004988,0.000257,0.076889,0.004635,0.005100,-0.000012,0.999999,-0.001036,0.001080,-0.000016,0.000000,0.001475,0.000000
56216.521053,-1,-0.005003,0.000259,0.076890,0.004642,0.005032,0.000000,0.999999,-0.001032,0.001105,-0.000016,0.000000,0.001063,0.000000
56216.571057,-1,-0.004999,0.000272,0.076891,0.004673,0.004955,0.000000,0.999999,-0.001032,0.001123,-0.000016,-0.000449,-0.000014,0.000000
56216.621036,-1,-0.005009,0.000264,0.076894,0.004719,0.004883,0.000000,0.999999,-0.001045,0.001129,-0.000016,-0.001064,-0.000006,0.000000
56216.671056,-1,-0.005032,0.000235,0.076898,0.004776,0.004829,0.000000,0.999999,-0.001067,0.001131,-0.000016,-0.001465,0.000623,0.000000
56216.721051,-1,-0.005018,0.000238,0.076900,0.004898,0.004860,0.000000,0.999999,-0.001092,0.001135,-0.000016,-0.001065,0.000000,0.000000
56216.771070,-1,-0.005015,0.000224,0.076900,0.004963,0.004864,0.000000,0.999999,-0.001111,0.001124,-0.000016,-0.001065,-0.001106,0.000000
56216.821039,-1,-0.005008,0.000212,0.076898,0.004955,0.004833,0.000000,0.999999,-0.001125,0.001106,-0.000016,-0.000385,-0.001063,0.000000
56216.871032,-1,-0.005000,0.000203,0.076896,0.005035,0.004929,0.000000,0.999999,-0.001132,0.001086,-0.000016,-0.000384,-0.001079,0.000000
56216.921033,-1,-0.004991,0.000197,0.076895,0.005035,0.004982,0.000000,0.999999,-0.001135,0.001065,-0.000016,0.000000,-0.001113,0.000000
56216.971050,-1,-0.004984,0.000196,0.076893,0.005009,0.005035,0.000000,0.999999,-0.001133,0.001042,-0.000016,0.001064,-0.000052,0.000000
56217.021117,-1,-0.004981,0.000198,0.076893,0.004963,0.005081,0.000000,0.999999,-0.001117,0.001033,-0.000016,-0.000040,0.000000,0.000000
56217.071044,-1,-0.004981,0.000202,0.076894,0.004902,0.005112,0.000000,0.999999,-0.001100,0.001027,-0.000016,-0.000036,-0.000001,0.000000
56217.121064,-1,-0.004987,0.000207,0.076896,0.004829,0.005119,0.000000,0.999999,-0.001087,0.001028,-0.000016,0.000864,0.001090,0.000000
56217.171042,-1,-0.005013,0.000194,0.076898,0.004662,0.004997,0.000000,0.999999,-0.001072,0.001046,-0.000016,-0.000048,0.002057,0.000000
56217.221030,-1,-0.005015,0.000209,0.076900,0.004665,0.005013,0.000000,0.999999,-0.001071,0.001073,-0.000016,-0.000680,0.002168,0.000000
56217.271059,-1,-0.005041,0.000197,0.076901,0.004585,0.004917,0.000000,0.999999,-0.001085,0.001108,-0.000016,0.000051,0.001091,0.000000
56217.321050,-1,-0.005040,0.000213,0.076900,0.004700,0.004997,0.000000,0.999999,-0.001092,0.001141,-0.000016,0.000047,-0.000047,0.000000
56217.371044,-1,-0.005050,0.000214,0.076897,0.004757,0.005005,0.000000,0.999999,-0.001093,0.001151,-0.000016,0.000000,-0.000036,0.000000
56217.421107,-1,-0.005071,0.000201,0.076891,0.004749,0.004932,0.000000,0.999999,-0.001086,0.001152,-0.000012,-0.000036,0.000000,0.000000
56217.471117,-1,-0.005073,0.000202,0.076885,0.004845,0.004963,-0.000032,0.999999,-0.001095,0.001152,-0.000012,0.000051,0.000000,0.000000
56217.521117,-1,-0.005071,0.000204,0.076879,0.004932,0.005005,-0.000053,0.999999,-0.001101,0.001143,-0.000012,0.000015,-0.000992,0.000000
56217.571049,-1,-0.005067,0.000209,0.076877,0.004990,0.005043,-0.000045,0.999999,-0.001101,0.001125,-0.000012,0.000000,-0.000853,0.000000
56217.621039,-1,-0.005046,0.000232,0.076880,0.005070,0.005123,0.000000,0.999999,-0.001091,0.001101,-0.000012,0.000000,-0.001016,0.000000
56217.671038,-1,-0.005042,0.000239,0.076887,0.005009,0.005077,0.000000,0.999999,-0.001081,0.001084,-0.000012,0.001067,-0.000073,0.000000
56217.721026,-1,-0.005041,0.000245,0.076896,0.005039,0.005127,0.000004,0.999999,-0.001069,0.001076,-0.000012,-0.000047,-0.000002,0.000000
56217.771039,-1,-0.005044,0.000249,0.076904,0.005001,0.005108,-0.000006,0.999999,-0.001063,0.001076,-0.000012,-0.000047,0.000000,0.000000
56217.821104,-1,-0.005047,0.000253,0.076907,0.004963,0.005077,-0.000071,0.999999,-0.001055,0.001078,-0.000012,-0.000036,0.001030,0.000000
56217.871037,-1,-0.005059,0.000249,0.076911,0.004917,0.005020,-0.000018,0.999999,-0.001056,0.001094,-0.000012,0.000000,-0.000040,0.000000
56217.921039,-1,-0.005070,0.000243,0.076915,0.004898,0.004967,0.000000,0.999999,-0.001056,0.001107,-0.000012,0.000000,0.001112,0.000000
56217.971047,-1,-0.005082,0.000233,0.076916,0.004841,0.004860,-0.000070,0.999999,-0.001068,0.001127,-0.000012,-0.001072,0.001063,0.000000
56218.021045,-1,-0.005089,0.000223,0.076915,0.004917,0.004879,-0.000081,0.999999,-0.001089,0.001144,-0.000012,-0.000201,-0.000014,0.000000
56218.071041,-1,-0.005068,0.000237,0.076912,0.005081,0.004993,-0.000072,0.999999,-0.001103,0.001149,-0.000012,0.000006,0.000000,0.000000
56218.121136,-1,-0.005103,0.000193,0.076911,0.004929,0.004799,-0.000058,0.999999,-0.001118,0.001149,-0.000012,-0.001065,0.000049,0.000000
56218.171045,-1,-0.005077,0.000206,0.076910,0.005093,0.004936,-0.000045,0.999999,-0.001137,0.001156,-0.000012,-0.001072,0.000000,0.000000
56218.221042,-1,-0.005072,0.000197,0.076907,0.005146,0.004971,-0.000038,0.999999,-0.001154,0.001155,-0.000012,-0.000616,-0.001068,0.000000
56218.271043,-1,-0.005049,0.000202,0.076903,0.005276,0.005123,-0.000042,0.999999,-0.001156,0.001129,-0.000012,0.000000,-0.001065,0.000000
56218.321039,-1,-0.005074,0.000168,0.076900,0.005089,0.004990,-0.000048,0.999999,-0.001156,0.001113,-0.000012,0.000000,-0.000864,0.000000
56218.371043,-1,-0.005035,0.000201,0.076894,0.005245,0.005215,-0.000061,0.999999,-0.001156,0.001100,-0.000012,0.000449,-0.001072,0.000000
56218.421036,-1,-0.005044,0.000192,0.076890,0.005112,0.005161,-0.000064,0.999999,-0.001126,0.001074,-0.000012,0.001280,-0.000073,0.000000
56218.471039,-1,-0.005034,0.000208,0.076887,0.005070,0.005192,-0.000057,0.999999,-0.001103,0.001063,-0.000012,0.002177,-0.001106,0.000000
56218.521038,-1,-0.005028,0.000223,0.076889,0.005013,0.005192,-0.000022,0.999999,-0.001080,0.001056,-0.000012,0.001079,0.000000,0.000000
56218.571027,-1,-0.005034,0.000230,0.076893,0.004940,0.005161,0.000000,0.999999,-0.001059,0.001050,-0.000012,0.000001,0.000000,0.000000
56218.621037,-1,-0.005038,0.000242,0.076898,0.004925,0.005169,0.000000,0.999999,-0.001050,0.001069,-0.000012,0.001116,0.000994,0.000000
56218.671039,-1,-0.005044,0.000251,0.076903,0.004917,0.005146,0.000000,0.999999,-0.001039,0.001088,-0.000012,-0.000051,0.001064,0.000000
56218.721033,-1,-0.005067,0.000238,0.076906,0.005074,0.005257,0.000000,0.999999,-0.001032,0.001098,-0.000012,0.000002,-0.000051,0.000000
56218.771048,-1,-0.005027,0.000288,0.076906,0.005077,0.005188,0.000000,0.999999,-0.001024,0.001109,-0.000012,0.000002,0.000681,0.000000
56218.821024,-1,-0.005035,0.000279,0.076903,0.004936,0.004944,0.000000,0.999999,-0.001027,0.001118,-0.000012,-0.001101,0.001106,0.000000
56218.871028,-1,-0.005042,0.000265,0.076900,0.005119,0.005028,-0.000012,0.999999,-0.001047,0.001130,-0.000012,-0.001065,0.000199,0.000000
56218.921037,-1,-0.005045,0.000247,0.076896,0.005157,0.004971,-0.000025,0.999999,-0.001074,0.001136,-0.000012,-0.001023,0.000384,0.000000
56218.971042,-1,-0.005046,0.000226,0.076893,0.005203,0.004940,-0.000029,0.999999,-0.001101,0.001137,-0.000012,-0.001065,0.000000,0.000000
56219.021027,-1,-0.005041,0.000204,0.076890,0.005257,0.004940,-0.000034,0.999999,-0.001127,0.001137,-0.000012,-0.001065,0.000000,0.000000
56219.071049,-1,-0.005069,0.000153,0.076887,0.005135,0.004795,-0.000040,0.999999,-0.001149,0.001128,-0.000012,-0.001065,-0.000001,0.000000
56219.121091,-1,-0.005024,0.000171,0.076885,0.005333,0.005013,-0.000038,0.999999,-0.001170,0.001118,-0.000012,-0.000993,-0.001068,0.000000
56219.171060,-1,-0.005011,0.000159,0.076885,0.005203,0.004936,-0.000012,0.999999,-0.001185,0.001098,-0.000012,0.000000,-0.001064,0.000000
56219.221033,-1,-0.004997,0.000152,0.076888,0.005203,0.005028,0.000000,0.999999,-0.001184,0.001072,-0.000012,0.000864,-0.001065,0.000000
56219.271037,-1,-0.005035,0.000100,0.076894,0.005112,0.005058,0.000000,0.999999,-0.001166,0.001051,-0.000012,0.000205,-0.000616,0.000000
56219.321038,-1,-0.005027,0.000104,0.076898,0.005043,0.005104,0.000000,0.999999,-0.001145,0.001037,-0.000012,0.000386,-0.000001,0.000000
56219.371037,-1,-0.005024,0.000109,0.076901,0.004974,0.005142,0.000000,0.999999,-0.001125,0.001037,-0.000017,0.001016,0.000000,0.000000
56219.421036,-1,-0.005025,0.000115,0.076901,0.004906,0.005154,-0.000087,0.999999,-0.001099,0.001038,-0.000017,-0.000049,0.001064,0.000000
56219.471039,-1,-0.005031,0.000119,0.076902,0.004845,0.005135,-0.000064,0.999999,-0.001087,0.001055,-0.000017,0.000212,0.000201,0.000000
56219.521037,-1,-0.005038,0.000121,0.076907,0.004807,0.005100,-0.000009,0.999999,-0.001079,0.001074,-0.000017,0.001112,-0.000051,0.000000
56219.571033,-1,-0.005047,0.000119,0.076912,0.004787,0.005047,0.000000,0.999999,-0.001069,0.001088,-0.000017,0.000000,-0.000014,0.000000
56219.621039,-1,-0.005056,0.000112,0.076914,0.004791,0.004986,-0.000047,0.999999,-0.001069,0.001103,-0.000017,0.000000,0.000051,0.000000
56219.671037,-1,-0.005063,0.000100,0.076913,0.004814,0.004921,-0.000137,0.999999,-0.001078,0.001112,-0.000017,-0.000682,0.001101,0.000000
56219.721037,-1,-0.005066,0.000084,0.076916,0.004852,0.004868,-0.000099,0.999999,-0.001094,0.001121,-0.000017,-0.001064,0.000680,0.000000
56219.771032,-1,-0.005066,0.000065,0.076922,0.004906,0.004837,-0.000052,0.999999,-0.001120,0.001128,-0.000017,0.000006,0.000000,0.000000
56219.821040,-1,-0.005046,0.000064,0.076927,0.004955,0.004829,0.000000,0.999999,-0.001137,0.001120,-0.000017,-0.001071,-0.000449,0.000000
56219.871040,-1,-0.005054,0.000027,0.076930,0.004993,0.004848,-0.000102,0.999999,-0.001156,0.001108,-0.000017,-0.000681,-0.001063,0.000000
56219.921030,-1,-0.005029,0.000029,0.076929,0.005016,0.004890,-0.000131,0.999999,-0.001171,0.001091,-0.000017,-0.000853,-0.000001,0.000000
56219.971041,-1,-0.005036,0.000003,0.076930,0.005020,0.004936,-0.000105,0.999999,-0.001180,0.001078,-0.000017,-0.000071,-0.000002,0.000000
56220.021043,-1,-0.005029,-0.000006,0.076932,0.005001,0.005005,-0.000079,0.999999,-0.001183,0.001066,-0.000017,0.000000,-0.001112,0.000000
56220.071044,-1,-0.005007,0.000008,0.076931,0.004974,0.005085,-0.000073,0.999999,-0.001183,0.001053,-0.000017,0.001090,0.000005,0.000000
56220.121039,-1,-0.005020,-0.000006,0.076927,0.004929,0.005157,-0.000091,0.999999,-0.001165,0.001045,-0.000017,-0.000014,-0.000003,0.000000
56220.171041,-1,-0.005004,0.000017,0.076923,0.004875,0.005207,-0.000090,0.999999,-0.001148,0.001046,-0.000017,0.000867,0.000000,0.000000
56220.221045,-1,-0.005010,0.000024,0.076917,0.004818,0.005241,-0.000095,0.999999,-0.001132,0.001053,-0.000017,0.001065,-0.000051,0.000000
56220.271045,-1,-0.005020,0.000031,0.076911,0.004803,0.005268,-0.000096,0.999999,-0.001108,0.001063,-0.000017,0.000002,0.001089,0.000000
56220.321041,-1,-0.005046,0.000021,0.076907,0.004639,0.005108,-0.000090,0.999999,-0.001100,0.001085,-0.000017,0.000000,0.002080,0.000000
56220.371043,-1,-0.005054,0.000028,0.076905,0.004631,0.005070,-0.000078,0.999999,-0.001100,0.001118,-0.000017,-0.001116,0.001065,0.000000
56220.421037,-1,-0.005051,0.000044,0.076904,0.004795,0.005180,-0.000068,0.999999,-0.001106,0.001137,-0.000017,0.000000,0.000000,0.000000
56220.471043,-1,-0.005070,0.000031,0.076903,0.004726,0.005028,-0.000050,0.999999,-0.001106,0.001144,-0.000017,0.001056,0.000000,0.000000
56220.521048,-1,-0.005076,0.000026,0.076903,0.004818,0.005032,-0.000027,0.999999,-0.001109,0.001145,-0.000017,-0.001065,0.001067,0.000000
56220.571045,-1,-0.005073,0.000022,0.076903,0.004929,0.005058,-0.000008,0.999999,-0.001136,0.001152,-0.000017,0.000047,0.000000,0.000000
56220.621038,-1,-0.005064,0.000020,0.076902,0.005032,0.005096,-0.000004,0.999999,-0.001143,0.001146,-0.000017,0.000000,-0.001065,0.000000
56220.671043,-1,-0.005051,0.000018,0.076900,0.005108,0.005135,-0.000006,0.999999,-0.001143,0.001115,-0.000017,-0.000212,-0.000854,0.000000
56220.721060,-1,-0.005036,0.000019,0.076897,0.005150,0.005177,-0.000012,0.999999,-0.001149,0.001087,-0.000017,0.001106,-0.001067,0.000000
56220.771052,-1,-0.005019,0.000022,0.076895,0.005150,0.005207,-0.000015,0.999999,-0.001138,0.001061,-0.000017,-0.000041,-0.001065,0.000000
56220.821053,-1,-0.005005,0.000026,0.076894,0.005116,0.005226,-0.000012,0.999999,-0.001129,0.001034,-0.000017,0.000050,-0.000073,0.000000
56220.871048,-1,-0.004995,0.000030,0.076893,0.005054,0.005226,-0.000002,0.999999,-0.001119,0.001023,-0.000017,0.000851,0.000000,0.000000
56220.921047,-1,-0.004991,0.000033,0.076894,0.004974,0.005211,0.000000,0.999999,-0.001102,0.001012,-0.000017,-0.000014,0.000000,0.000000
56220.971065,-1,-0.004992,0.000034,0.076897,0.004883,0.005173,0.000000,0.999999,-0.001096,0.001017,-0.000017,0.000212,-0.000051,0.000864
56221.021036,-1,-0.004998,0.000031,0.076900,0.004807,0.005123,0.000000,0.999999,-0.001088,0.001030,-0.000012,0.000000,0.001069,0.000000
56221.071090,-1,-0.005009,0.000023,0.076902,0.004745,0.005062,0.000000,0.999999,-0.001088,0.001054,-0.000012,0.000000,0.001065,0.000000
56221.121039,-1,-0.005005,0.000028,0.076900,0.004707,0.004978,-0.000120,0.999999,-0.001098,0.001082,-0.000012,-0.000002,0.001065,0.000000
56221.171029,-1,-0.005020,0.000008,0.076901,0.004704,0.004921,-0.000088,0.999999,-0.001115,0.001104,-0.000012,-0.001071,0.002118,0.000000
56221.221038,-1,-0.005031,-0.000012,0.076908,0.004734,0.004894,-0.000028,0.999999,-0.001140,0.001128,-0.000012,-0.001277,0.001064,0.000000
56221.271022,-1,-0.005039,-0.000032,0.076916,0.004845,0.004963,0.000000,0.999999,-0.001165,0.001141,-0.000012,-0.001064,0.000071,0.000000
56221.321026,-1,-0.005043,-0.000051,0.076924,0.004913,0.004993,-0.000006,0.999999,-0.001185,0.001143,-0.000012,-0.001065,0.000000,0.000000
56221.371031,-1,-0.005042,-0.000066,0.076926,0.004921,0.004997,-0.000192,0.999999,-0.001202,0.001135,-0.000012,-0.000680,0.000040,0.000000
56221.421037,-1,-0.005037,-0.000076,0.076930,0.005028,0.005135,-0.000139,0.999999,-0.001211,0.001119,-0.000012,0.000000,0.000024,0.000000
56221.471024,-1,-0.005031,-0.000081,0.076936,0.005058,0.005215,-0.000089,0.999999,-0.001209,0.001105,-0.000012,0.001067,-0.001116,0.000000
56221.521035,-1,-0.005024,-0.000080,0.076941,0.005066,0.005291,-0.000059,0.999999,-0.001192,0.001085,-0.000012,-0.000047,-0.001113,0.000000
56221.571035,-1,-0.005019,-0.000076,0.076942,0.005047,0.005344,-0.000124,0.999999,-0.001179,0.001067,-0.000012,0.001107,-0.001014,0.000000
56221.621039,-1,-0.005029,-0.000083,0.076942,0.004921,0.005283,-0.000098,0.999999,-0.001161,0.001056,-0.000012,0.001089,0.000004,0.000000
56221.671034,-1,-0.005021,-0.000066,0.076939,0.004898,0.005325,-0.000100,0.999999,-0.001146,0.001054,-0.000012,0.001015,0.000864,0.000000
56221.721032,-1,-0.005038,-0.000075,0.076934,0.004799,0.005257,-0.000136,0.999999,-0.001141,0.001073,-0.000012,0.000000,0.001065,0.000000
56221.771034,-1,-0.005044,-0.000070,0.076927,0.004810,0.005283,-0.000134,0.999999,-0.001146,0.001099,-0.000012,0.000000,0.000854,0.000000
56221.821035,-1,-0.005048,-0.000065,0.076921,0.004807,0.005268,-0.000133,0.999999,-0.001146,0.001113,-0.000012,0.000000,-0.000006,0.000000
56221.871109,-1,-0.005038,-0.000045,0.076914,0.004879,0.005322,-0.000130,0.999999,-0.001138,0.001118,-0.000012,-0.000051,0.000000,0.000000
56221.921063,-1,-0.005054,-0.000057,0.076910,0.004803,0.005196,-0.000114,0.999999,-0.001132,0.001113,-0.000012,-0.000001,0.000000,0.000000
56221.971035,-1,-0.005040,-0.000039,0.076910,0.004929,0.005283,-0.000094,0.999999,-0.001141,0.001123,-0.000012,0.000014,0.000001,0.000000
56222.021036,-1,-0.005038,-0.000039,0.076912,0.004986,0.005291,-0.000067,0.999999,-0.001132,0.001113,-0.000012,-0.000024,0.000051,0.000000
56222.071038,-1,-0.005033,-0.000039,0.076914,0.004959,0.005215,-0.000022,0.999999,-0.001132,0.001105,-0.000012,0.000000,0.000000,0.000000
56222.121066,-1,-0.005031,-0.000045,0.076916,0.004993,0.005207,-0.000056,0.999999,-0.001138,0.001105,-0.000012,-0.000383,-0.000864,0.000000
56222.171030,-1,-0.005027,-0.000052,0.076914,0.005016,0.005203,-0.000088,0.999999,-0.001146,0.001092,-0.000012,0.000014,-0.000072,0.000000
56222.221088,-1,-0.005024,-0.000059,0.076913,0.005020,0.005203,-0.000072,0.999999,-0.001146,0.001084,-0.000012,-0.000212,-0.000002,0.000000
56222.271113,-1,-0.005023,-0.000068,0.076913,0.005001,0.005207,-0.000052,0.999999,-0.001152,0.001078,-0.000012,0.000000,0.000000,0.000000
56222.321082,-1,-0.005026,-0.000076,0.076914,0.004971,0.005215,-0.000027,0.999999,-0.001157,0.001078,-0.000012,0.000000,0.000000,0.000000
56222.371025,-1,-0.005033,-0.000083,0.076912,0.004929,0.005226,-0.000085,0.999999,-0.001157,0.001075,-0.000012,-0.001106,0.000008,0.000000
56222.421041,-1,-0.005044,-0.000088,0.076908,0.004875,0.005249,-0.000092,0.999999,-0.001162,0.001080,-0.000012,0.000000,0.001014,0.000000
56222.471030,-1,-0.005029,-0.000055,0.076905,0.004787,0.005238,-0.000079,0.999999,-0.001157,0.001100,-0.000012,0.000000,0.001065,0.000000
56222.521026,-1,-0.005049,-0.000055,0.076905,0.004936,0.005436,-0.000065,0.999999,-0.001163,0.001122,-0.000012,0.000000,0.001071,0.000000
56222.571035,-1,-0.005068,-0.000053,0.076906,0.004791,0.005306,-0.000030,0.999999,-0.001153,0.001142,-0.000012,0.000001,0.001072,0.000000
56222.621040,-1,-0.005083,-0.000051,0.076908,0.004814,0.005322,-0.000002,0.999999,-0.001145,0.001154,-0.000012,-0.000006,0.001079,0.000000
56222.671031,-1,-0.005100,-0.000048,0.076910,0.004848,0.005314,0.000000,0.999999,-0.001136,0.001165,-0.000012,0.000002,0.001064,0.000000
56222.721026,-1,-0.005113,-0.000046,0.076911,0.004906,0.005310,-0.000007,0.999999,-0.001136,0.001179,-0.000012,0.000000,-0.000051,0.000000
56222.771028,-1,-0.005122,-0.000045,0.076908,0.004974,0.005306,-0.000017,0.999999,-0.001136,0.001179,-0.000012,0.000000,0.000000,0.000000
56222.821033,-1,-0.005126,-0.000044,0.076903,0.005207,0.005466,-0.000040,0.999999,-0.001136,0.001174,-0.000012,0.000000,-0.000852,0.000000
56222.871031,-1,-0.005125,-0.000044,0.076894,0.005272,0.005455,-0.000069,0.999999,-0.001141,0.001162,-0.000012,0.000000,-0.000865,0.000000
56222.921017,-1,-0.005121,-0.000043,0.076890,0.005318,0.005463,-0.000073,0.999999,-0.001142,0.001144,-0.000012,-0.000864,-0.001065,0.000000
56222.971031,-1,-0.005115,-0.000040,0.076888,0.005344,0.005482,-0.000062,0.999999,-0.001146,0.001127,-0.000012,0.000000,0.000003,0.000000
56223.021037,-1,-0.005110,-0.000037,0.076890,0.005341,0.005486,-0.000028,0.999999,-0.001146,0.001115,-0.000012,0.000000,0.000036,0.000000
56223.071103,-1,-0.005106,-0.000030,0.076896,0.005333,0.005516,0.000000,0.999999,-0.001146,0.001105,-0.000012,0.000449,-0.000001,0.000000
56223.121093,-1,-0.005103,-0.000022,0.076902,0.005306,0.005535,0.000000,0.999999,-0.001133,0.001094,-0.000012,0.001079,-0.001101,0.000000
56223.171042,-1,-0.005104,-0.000013,0.076908,0.005264,0.005539,0.000000,0.999999,-0.001119,0.001091,-0.000012,0.000073,0.000000,0.000000
56223.221034,-1,-0.005109,-0.000004,0.076908,0.005215,0.005527,-0.000100,0.999999,-0.001111,0.001091,-0.000012,0.000000,0.000000,0.000000
56223.271086,-1,-0.005119,0.000003,0.076910,0.005165,0.005505,-0.000073,0.999999,-0.001105,0.001107,-0.000012,0.000000,0.001066,0.000000
56223.321027,-1,-0.005132,0.000008,0.076914,0.005131,0.005470,-0.000030,0.999999,-0.001100,0.001126,-0.000012,0.000000,0.000854,0.000000
56223.371045,-1,-0.005147,0.000009,0.076917,0.005119,0.005428,0.000000,0.999999,-0.001100,0.001145,-0.000012,0.000000,0.000386,0.000000
56223.421051,-1,-0.005164,0.000004,0.076918,0.005093,0.005341,-0.000062,0.999999,-0.001100,0.001165,-0.000012,0.000000,0.001065,0.000000
56223.471074,-1,-0.005208,-0.000035,0.076915,0.004925,0.005085,-0.000146,0.999999,-0.001128,0.001191,-0.000012,-0.001017,0.001065,0.000000
56223.521030,-1,-0.005193,-0.000020,0.076913,0.005116,0.005196,-0.000125,0.999999,-0.001157,0.001218,-0.000012,-0.001091,0.001065,0.000000
56223.571040,-1,-0.005239,-0.000073,0.076914,0.005268,0.005272,-0.000100,0.999999,-0.001177,0.001224,-0.000012,-0.001065,0.000000,0.000000
56223.621031,-1,-0.005220,-0.000065,0.076916,0.005180,0.005123,-0.000066,0.999999,-0.001192,0.001213,-0.000012,-0.001064,-0.000001,0.000000
56223.671031,-1,-0.005213,-0.000071,0.076919,0.005295,0.005211,-0.000022,0.999999,-0.001211,0.001206,-0.000012,-0.001079,-0.001063,0.000000
56223.721030,-1,-0.005166,-0.000036,0.076920,0.005383,0.005302,-0.000012,0.999999,-0.001215,0.001185,-0.000012,0.000000,-0.001065,0.000000
56223.771033,-1,-0.005152,-0.000032,0.076916,0.005428,0.005394,-0.000184,0.999999,-0.001212,0.001151,-0.000012,0.001101,-0.001041,0.000000
56223.821031,-1,-0.005175,-0.000061,0.076916,0.005436,0.005470,-0.000152,0.999999,-0.001193,0.001124,-0.000012,0.001065,-0.001065,0.000000
56223.871025,-1,-0.005127,-0.000013,0.076916,0.005405,0.005520,-0.000116,0.999999,-0.001168,0.001098,-0.000012,0.002176,-0.001065,0.000000
56223.921028,-1,-0.005120,-0.000000,0.076920,0.005512,0.005699,-0.000082,0.999999,-0.001136,0.001079,-0.000012,0.001065,-0.000616,0.000000
56223.971031,-1,-0.005118,0.000012,0.076924,0.005432,0.005684,-0.000038,0.999999,-0.001113,0.001078,-0.000012,0.000616,0.000000,0.000000
56224.021117,-1,-0.005122,0.000022,0.076926,0.005344,0.005642,-0.000117,0.999999,-0.001099,0.001078,-0.000012,0.000867,0.000000,0.000000
56224.070992,-1,-0.005133,0.000028,0.076924,0.005253,0.005581,-0.000114,0.999999,-0.001087,0.001097,-0.000012,0.000000,0.001065,0.000000
56224.121043,-1,-0.005150,0.000030,0.076923,0.005184,0.005505,-0.000098,0.999999,-0.001079,0.001119,-0.000012,0.000000,0.002132,0.000000
56224.171032,-1,-0.005169,0.000026,0.076922,0.005150,0.005417,-0.000083,0.999999,-0.001079,0.001150,-0.000012,0.000000,0.001065,0.000000
56224.221027,-1,-0.005190,0.000016,0.076919,0.005142,0.005325,-0.000076,0.999999,-0.001089,0.001175,-0.000012,-0.000386,0.000682,0.000000
56224.270996,-1,-0.005209,-0.000000,0.076916,0.005161,0.005249,-0.000072,0.999999,-0.001108,0.001200,-0.000012,-0.001065,0.000073,0.000000
56224.321035,-1,-0.005226,-0.000020,0.076912,0.005211,0.005196,-0.000071,0.999999,-0.001130,0.001221,-0.000012,-0.002056,-0.000040,0.000000
56224.371025,-1,-0.005238,-0.000042,0.076910,0.005283,0.005173,-0.000068,0.999999,-0.001161,0.001238,-0.000012,-0.001065,-0.000036,0.000000
56224.421025,-1,-0.005245,-0.000064,0.076907,0.005375,0.005188,-0.000063,0.999999,-0.001187,0.001238,-0.000012,-0.000863,0.000000,0.000000
56224.471032,-1,-0.005245,-0.000084,0.076905,0.005470,0.005226,-0.000057,0.999999,-0.001214,0.001231,-0.000012,-0.001065,-0.001063,0.000000
56224.521018,-1,-0.005273,-0.000134,0.076903,0.005325,0.005066,-0.000044,0.999999,-0.001232,0.001211,-0.000012,0.000040,-0.001065,0.000000
56224.571025,-1,-0.005283,-0.000164,0.076903,0.005375,0.005150,-0.000025,0.999999,-0.001243,0.001184,-0.000012,0.000000,-0.000073,0.000000
56224.621016,-1,-0.005271,-0.000168,0.076904,0.005402,0.005257,-0.000005,0.999999,-0.001246,0.001162,-0.000012,0.000000,-0.001065,0.000000
56224.671020,-1,-0.005243,-0.000147,0.076904,0.005398,0.005363,0.000000,0.999999,-0.001235,0.001136,-0.000012,0.001117,-0.000616,0.000000
56224.721051,-1,-0.005251,-0.000155,0.076904,0.005367,0.005432,0.000000,0.999999,-0.001215,0.001121,-0.000012,0.000201,-0.001065,0.000000
56224.771025,-1,-0.005246,-0.000143,0.076903,0.005314,0.005497,0.000000,0.999999,-0.001188,0.001107,-0.000012,0.001067,0.000048,0.000000
56224.821045,-1,-0.005227,-0.000111,0.076902,0.005249,0.005535,0.000000,0.999999,-0.001156,0.001105,-0.000012,0.001067,0.000000,0.000000
56224.871028,-1,-0.005249,-0.000111,0.076901,0.005177,0.005535,0.000000,0.999999,-0.001129,0.001105,-0.000012,0.001065,0.000000,0.000000
56224.921071,-1,-0.005240,-0.000080,0.076897,0.005100,0.005508,-0.000009,0.999999,-0.001103,0.001118,-0.000012,0.000616,0.000854,0.000000
56224.971015,-1,-0.005273,-0.000085,0.076892,0.005043,0.005447,-0.000031,0.999999,-0.001082,0.001137,-0.000012,-0.000014,0.001065,0.000000
56225.021036,-1,-0.005272,-0.000062,0.076888,0.005013,0.005367,-0.000041,0.999999,-0.001076,0.001169,-0.000012,0.000000,0.001028,0.000000
56225.071019,-1,-0.005290,-0.000061,0.076888,0.005051,0.005314,-0.000024,0.999999,-0.001079,0.001197,-0.000012,-0.001064,0.001062,0.000000
56225.121071,-1,-0.005321,-0.000082,0.076891,0.004932,0.005081,0.000000,0.999999,-0.001099,0.001227,-0.000012,-0.001065,0.001065,0.000000
56225.171046,-1,-0.005322,-0.000078,0.076896,0.005043,0.005077,0.000000,0.999999,-0.001132,0.001259,-0.000012,-0.002134,0.001041,0.000000
56225.221072,-1,-0.005326,-0.000083,0.076902,0.005211,0.005138,0.000000,0.999999,-0.001168,0.001275,-0.000012,-0.001065,-0.000003,0.000000
56225.271025,-1,-0.005342,-0.000106,0.076907,0.005253,0.005096,-0.000017,0.999998,-0.001194,0.001278,-0.000012,-0.001065,0.000000,0.000000
56225.321038,-1,-0.005321,-0.000097,0.076906,0.005436,0.005222,-0.000145,0.999998,-0.001217,0.001266,-0.000012,-0.000001,-0.001119,0.000000
56225.371010,-1,-0.005323,-0.000110,0.076910,0.005466,0.005241,-0.000101,0.999998,-0.001225,0.001242,-0.000012,-0.000002,-0.001079,0.000000
56225.421014,-1,-0.005307,-0.000105,0.076917,0.005554,0.005360,-0.000045,0.999999,-0.001225,0.001208,-0.000012,0.000212,-0.001745,0.000000
56225.471036,-1,-0.005289,-0.000093,0.076926,0.005589,0.005459,0.000000,0.999999,-0.001210,0.001173,-0.000012,0.001079,-0.002167,0.000000
56225.521032,-1,-0.005274,-0.000078,0.076930,0.005577,0.005531,-0.000120,0.999999,-0.001178,0.001139,-0.000012,0.001065,-0.001065,0.000000
56225.571029,-1,-0.005260,-0.000057,0.076932,0.005497,0.005550,-0.000175,0.999999,-0.001139,0.001106,-0.000012,0.002106,-0.001065,0.000000
56225.621014,-1,-0.005238,-0.000024,0.076936,0.005405,0.005535,-0.000122,0.999999,-0.001111,0.001098,-0.000012,0.001065,0.000000,0.000000
56225.671019,-1,-0.005240,-0.000010,0.076942,0.005367,0.005547,-0.000089,0.999999,-0.001084,0.001098,-0.000012,0.000386,0.000449,0.000000
56225.721016,-1,-0.005249,0.000000,0.076944,0.005203,0.005413,-0.000162,0.999999,-0.001066,0.001114,-0.000012,-0.000003,0.001064,0.000000
56225.771016,-1,-0.005264,0.000004,0.076945,0.005127,0.005314,-0.000123,0.999999,-0.001064,0.001141,-0.000012,0.000000,0.001065,0.000000
56225.821013,-1,-0.005282,0.000001,0.076944,0.005146,0.005268,-0.000161,0.999999,-0.001064,0.001174,-0.000012,0.000000,0.001065,0.000000
56225.871017,-1,-0.005302,-0.000010,0.076941,0.005135,0.005161,-0.000139,0.999999,-0.001079,0.001207,-0.000012,-0.001065,0.001065,0.000000
56225.921004,-1,-0.005320,-0.000027,0.076936,0.005157,0.005070,-0.000128,0.999999,-0.001101,0.001233,-0.000012,-0.001065,0.000201,0.000000
56225.971018,-1,-0.005335,-0.000049,0.076931,0.005207,0.005013,-0.000123,0.999999,-0.001135,0.001255,-0.000012,-0.001065,0.001065,0.000000
56226.021014,-1,-0.005346,-0.000072,0.076925,0.005287,0.004990,-0.000120,0.999999,-0.001168,0.001269,-0.000012,-0.001059,0.000002,0.000000
56226.071004,-1,-0.005351,-0.000096,0.076920,0.005379,0.005005,-0.000114,0.999998,-0.001200,0.001274,-0.000012,-0.001065,0.000000,0.000000
56226.121120,-1,-0.005351,-0.000112,0.076917,0.005459,0.005043,-0.000108,0.999998,-0.001221,0.001265,-0.000012,-0.001065,0.000001,0.000000
56226.171071,-1,-0.005345,-0.000130,0.076913,0.005531,0.005104,-0.000097,0.999998,-0.001242,0.001245,-0.000012,-0.001065,-0.000616,0.000000
56226.221028,-1,-0.005335,-0.000141,0.076912,0.005589,0.005203,-0.000083,0.999998,-0.001248,0.001223,-0.000012,-0.000087,-0.001065,0.000000
56226.271089,-1,-0.005324,-0.000146,0.076912,0.005619,0.005310,-0.000067,0.999999,-0.001251,0.001194,-0.000012,0.000000,-0.001026,0.000000
56226.321039,-1,-0.005313,-0.000144,0.076912,0.005611,0.005417,-0.000041,0.999999,-0.001236,0.001171,-0.000012,0.000048,-0.001065,0.000000
56226.371005,-1,-0.005304,-0.000134,0.076914,0.005554,0.005501,-0.000009,0.999999,-0.001209,0.001146,-0.000012,0.001065,0.000047,0.000000
56226.421022,-1,-0.005301,-0.000122,0.076913,0.005493,0.005550,0.000000,0.999999,-0.001182,0.001139,-0.000012,0.001065,0.000000,0.000000
56226.471010,-1,-0.005303,-0.000110,0.076911,0.005424,0.005562,-0.000069,0.999999,-0.001156,0.001143,-0.000012,0.001065,0.000852,0.000000
56226.521000,-1,-0.005309,-0.000100,0.076906,0.005363,0.005547,-0.000087,0.999999,-0.001134,0.001155,-0.000012,0.001065,0.000386,0.000000
56226.571033,-1,-0.005314,-0.000091,0.076904,0.005325,0.005508,-0.000081,0.999999,-0.001122,0.001169,-0.000012,0.000992,0.000386,0.000000
56226.621080,-1,-0.005328,-0.000091,0.076903,0.005287,0.005436,-0.000067,0.999999,-0.001111,0.001188,-0.000012,0.000000,0.001065,0.000000
56226.671021,-1,-0.005339,-0.000093,0.076904,0.005295,0.005367,-0.000040,0.999999,-0.001111,0.001214,-0.000006,-0.000680,0.000616,0.000000
56226.721078,-1,-0.005348,-0.000099,0.076905,0.005329,0.005306,-0.000011,0.999999,-0.001126,0.001233,-0.000006,-0.000852,0.000201,0.000000
56226.771016,-1,-0.005353,-0.000110,0.076907,0.005383,0.005260,0.000000,0.999999,-0.001144,0.001243,-0.000006,0.000003,0.000002,0.000000
56226.821033,-1,-0.005354,-0.000121,0.076908,0.005451,0.005234,0.000000,0.999999,-0.001163,0.001247,-0.000006,-0.001065,-0.000007,0.000000
56226.871041,-1,-0.005321,-0.000105,0.076907,0.005459,0.005165,-0.000034,0.999999,-0.001190,0.001249,-0.000006,-0.001091,0.001030,0.000000
56226.921018,-1,-0.005330,-0.000134,0.076904,0.005489,0.005150,-0.000082,0.999998,-0.001219,0.001249,-0.000006,-0.001106,-0.001743,0.000000
56226.970998,-1,-0.005293,-0.000122,0.076903,0.005627,0.005280,-0.000068,0.999998,-0.001245,0.001234,-0.000006,-0.001012,-0.001068,0.000000
56227.021031,-1,-0.005316,-0.000167,0.076906,0.005596,0.005280,-0.000024,0.999998,-0.001251,0.001209,-0.000006,0.000000,-0.001065,0.000000
56227.071021,-1,-0.005277,-0.000145,0.076908,0.005714,0.005466,0.000000,0.999999,-0.001256,0.001182,-0.000006,-0.000002,-0.001065,0.000000
56227.121026,-1,-0.005252,-0.000132,0.076909,0.005741,0.005600,0.000000,0.999999,-0.001241,0.001151,-0.000006,0.001065,-0.001067,0.000000
56227.171024,-1,-0.005229,-0.000114,0.076907,0.005726,0.005699,0.000000,0.999999,-0.001217,0.001128,-0.000006,0.002166,-0.001065,0.000000
56227.221067,-1,-0.005210,-0.000092,0.076904,0.005611,0.005703,0.000000,0.999999,-0.001176,0.001107,-0.000006,0.001018,-0.000866,0.000000
56227.271014,-1,-0.005196,-0.000066,0.076900,0.005596,0.005783,-0.000015,0.999999,-0.001139,0.001095,-0.000006,0.002131,-0.001072,0.000000
56227.321074,-1,-0.005190,-0.000044,0.076896,0.005489,0.005745,-0.000032,0.999999,-0.001100,0.001088,-0.000006,0.001068,-0.000890,0.000000
56227.371061,-1,-0.005155,0.000011,0.076893,0.005333,0.005623,-0.000033,0.999999,-0.001071,0.001096,-0.000006,0.000001,0.002132,0.000000
56227.421010,-1,-0.005226,-0.000041,0.076893,0.005169,0.005455,-0.000020,0.999999,-0.001064,0.001127,-0.000006,0.000000,0.001066,-0.000992
56227.471015,-1,-0.005230,-0.000026,0.076895,0.005150,0.005394,0.000000,0.999999,-0.001064,0.001154,-0.000012,0.000000,0.001065,0.000000
56227.521013,-1,-0.005245,-0.000027,0.076896,0.005119,0.005276,0.000000,0.999999,-0.001064,0.001182,-0.000012,-0.000212,0.001064,0.000000
56227.571019,-1,-0.005261,-0.000036,0.076897,0.005112,0.005154,0.000000,0.999999,-0.001076,0.001212,-0.000012,-0.001089,0.001065,0.000000
56227.621052,-1,-0.005275,-0.000051,0.076898,0.005142,0.005066,0.000000,0.999999,-0.001108,0.001234,-0.000012,-0.001051,0.001065,0.000000
56227.671014,-1,-0.005286,-0.000070,0.076898,0.005199,0.005013,0.000000,0.999999,-0.001140,0.001253,-0.000012,-0.001025,0.001064,0.000000
56227.721010,-1,-0.005293,-0.000090,0.076898,0.005280,0.005001,0.000000,0.999999,-0.001178,0.001266,-0.000012,-0.001059,-0.000014,0.000000
56227.771012,-1,-0.005294,-0.000109,0.076896,0.005367,0.005024,0.000000,0.999998,-0.001205,0.001266,-0.000012,-0.001065,-0.001116,0.000000
56227.821090,-1,-0.005290,-0.000124,0.076894,0.005447,0.005085,0.000000,0.999998,-0.001229,0.001249,-0.000012,-0.000452,-0.001065,0.000000
56227.871009,-1,-0.005265,-0.000117,0.076891,0.005508,0.005165,0.000000,0.999998,-0.001237,0.001223,-0.000012,0.000000,-0.000839,0.000000
56227.921009,-1,-0.005256,-0.000122,0.076891,0.005535,0.005257,0.000000,0.999999,-0.001237,0.001198,-0.000012,0.000000,-0.000203,0.000000
56227.971013,-1,-0.005246,-0.000119,0.076893,0.005531,0.005360,0.000000,0.999999,-0.001234,0.001176,-0.000012,0.001063,-0.001065,0.000000
56228.021011,-1,-0.005256,-0.000127,0.076896,0.005501,0.005447,0.000000,0.999999,-0.001213,0.001155,-0.000012,0.002055,-0.001116,0.000000
56228.070999,-1,-0.005235,-0.000096,0.076898,0.005508,0.005569,0.000000,0.999999,-0.001181,0.001143,-0.000012,0.001065,-0.000071,0.000000
56228.121048,-1,-0.005236,-0.000080,0.076900,0.005402,0.005569,0.000000,0.999999,-0.001159,0.001140,-0.000012,0.001101,0.001101,0.000000
56228.171041,-1,-0.005242,-0.000061,0.076900,0.005348,0.005585,0.000000,0.999999,-0.001129,0.001149,-0.000012,0.000205,0.001079,0.000000
56228.220998,-1,-0.005252,-0.000044,0.076898,0.005306,0.005573,0.000000,0.999999,-0.001107,0.001168,-0.000012,0.001065,0.001065,0.000000
56228.271010,-1,-0.005264,-0.000028,0.076894,0.005280,0.005531,0.000000,0.999999,-0.001087,0.001187,-0.000012,-0.000047,0.000854,0.000000
56228.321013,-1,-0.005276,-0.000017,0.076890,0.005268,0.005459,0.000000,0.999999,-0.001077,0.001208,-0.000012,0.000000,0.001016,0.000000
56228.371021,-1,-0.005288,-0.000011,0.076887,0.005287,0.005383,-0.000002,0.999999,-0.001072,0.001223,-0.000012,0.000000,-0.000024,0.000000
56228.421005,-1,-0.005296,-0.000010,0.076886,0.005325,0.005306,0.000000,0.999999,-0.001082,0.001234,-0.000012,0.000001,0.000000,0.000000
56228.470999,-1,-0.005302,-0.000014,0.076887,0.005379,0.005238,0.000000,0.999999,-0.001094,0.001242,-0.000012,-0.001071,0.000000,0.000000
56228.521006,-1,-0.005303,-0.000021,0.076892,0.005447,0.005196,0.000000,0.999999,-0.001118,0.001249,-0.000012,-0.001065,0.000000,0.000000
56228.571015,-1,-0.005298,-0.000029,0.076896,0.005512,0.005169,0.000000,0.999999,-0.001140,0.001248,-0.000012,-0.001064,-0.001112,0.000000
56228.620993,-1,-0.005290,-0.000036,0.076900,0.005581,0.005188,0.000000,0.999999,-0.001165,0.001233,-0.000012,0.000024,-0.001016,0.000000
56228.671009,-1,-0.005277,-0.000039,0.076902,0.005630,0.005230,0.000001,0.999999,-0.001176,0.001215,-0.000012,0.000000,0.000003,0.000000
56228.720961,-1,-0.005263,-0.000039,0.076901,0.005661,0.005287,0.000000,0.999999,-0.001183,0.001194,-0.000012,0.000000,-0.001065,0.000000
56228.771043,-1,-0.005248,-0.000034,0.076898,0.005657,0.005348,-0.000006,0.999999,-0.001183,0.001173,-0.000012,0.000680,-0.001113,0.000000
56228.820998,-1,-0.005235,-0.000025,0.076895,0.005619,0.005398,-0.000018,0.999999,-0.001166,0.001147,-0.000012,0.001072,0.000036,0.000000
56228.871005,-1,-0.005227,-0.000013,0.076893,0.005566,0.005432,-0.000016,0.999999,-0.001148,0.001137,-0.000012,0.001065,-0.000002,0.000000
56228.921005,-1,-0.005222,-0.000000,0.076893,0.005501,0.005447,-0.000001,0.999999,-0.001130,0.001137,-0.000012,0.001065,0.000000,0.000000
56228.971010,-1,-0.005223,0.000013,0.076894,0.005424,0.005444,0.000000,0.999999,-0.001115,0.001137,-0.000012,0.000213,0.000680,0.000000
56229.021005,-1,-0.005230,0.000024,0.076897,0.005356,0.005417,0.000000,0.999999,-0.001102,0.001154,-0.000012,0.001112,0.001063,0.000000
56229.070999,-1,-0.005241,0.000031,0.076900,0.005306,0.005367,0.000000,0.999999,-0.001087,0.001174,-0.000012,0.001017,0.001065,0.000000
56229.121007,-1,-0.005254,0.000035,0.076904,0.005283,0.005306,0.000000,0.999999,-0.001082,0.001200,-0.000012,0.000000,-0.000047,0.000000
56229.170998,-1,-0.005267,0.000033,0.076904,0.005283,0.005238,0.000000,0.999999,-0.001082,0.001222,-0.000012,0.000000,0.001016,0.000000
56229.221018,-1,-0.005242,0.000063,0.076903,0.005299,0.005154,0.000000,0.999999,-0.001092,0.001242,-0.000012,0.000001,0.000854,0.000000
56229.271042,-1,-0.005252,0.000052,0.076900,0.005520,0.005268,0.000000,0.999999,-0.001110,0.001257,-0.000012,-0.001065,-0.000001,0.000000
56229.321052,-1,-0.005257,0.000039,0.076898,0.005421,0.005077,0.000000,0.999999,-0.001132,0.001264,-0.000012,-0.001292,0.000000,0.000000
56229.371019,-1,-0.005257,0.000025,0.076896,0.005497,0.005081,0.000000,0.999999,-0.001157,0.001264,-0.000012,-0.001063,0.000000,0.000000
56229.421021,-1,-0.005282,-0.000014,0.076895,0.005550,0.005093,0.000000,0.999999,-0.001176,0.001256,-0.000012,-0.001090,-0.000213,0.000000
56229.471081,-1,-0.005294,-0.000044,0.076896,0.005497,0.005035,0.000000,0.999998,-0.001204,0.001247,-0.000012,-0.001065,0.000000,0.000000
56229.521067,-1,-0.005272,-0.000038,0.076896,0.005619,0.005177,0.000000,0.999998,-0.001218,0.001241,-0.000012,-0.001065,0.000000,0.000000
56229.571022,-1,-0.005219,0.000001,0.076895,0.005680,0.005291,0.000000,0.999998,-0.001224,0.001227,-0.000012,0.000000,-0.001066,0.000000
56229.621064,-1,-0.005203,0.000010,0.076894,0.005703,0.005405,0.000000,0.999999,-0.001219,0.001201,-0.000012,0.001067,-0.001065,0.000000
56229.671006,-1,-0.005190,0.000026,0.076892,0.005688,0.005505,0.000000,0.999999,-0.001192,0.001174,-0.000012,0.001065,-0.001065,0.000000
56229.721037,-1,-0.005180,0.000047,0.076888,0.005817,0.005733,0.000000,0.999999,-0.001160,0.001156,-0.000012,0.001745,0.000051,0.000000
56229.771055,-1,-0.005232,0.000014,0.076886,0.005497,0.005512,-0.000005,0.999999,-0.001129,0.001147,-0.000012,0.001065,0.000000,0.000000
56229.821022,-1,-0.005232,0.000037,0.076885,0.005421,0.005512,0.000000,0.999999,-0.001097,0.001148,-0.000012,-0.000036,0.001064,0.000000
56229.871079,-1,-0.005238,0.000058,0.076887,0.005356,0.005482,0.000000,0.999999,-0.001077,0.001167,-0.000012,0.001065,-0.000051,0.000000
56229.921014,-1,-0.005247,0.000076,0.076890,0.005310,0.005421,0.000000,0.999999,-0.001058,0.001187,-0.000012,0.001065,0.001065,0.000000
56229.971009,-1,-0.005258,0.000089,0.076895,0.005287,0.005341,0.000000,0.999999,-0.001043,0.001208,-0.000012,0.000002,0.001065,0.000000
56230.021013,-1,-0.005269,0.000096,0.076899,0.005287,0.005245,0.000000,0.999999,-0.001043,0.001230,-0.000012,0.000000,0.001065,0.000000
56230.071051,-1,-0.005279,0.000096,0.076899,0.005322,0.005146,-0.000101,0.999999,-0.001053,0.001257,-0.000012,-0.000073,-0.000003,0.000000
56230.121004,-1,-0.005285,0.000090,0.076899,0.005379,0.005066,-0.000080,0.999999,-0.001073,0.001271,-0.000012,-0.001065,0.000000,0.000000
56230.171009,-1,-0.005286,0.000080,0.076901,0.005455,0.005009,-0.000053,0.999999,-0.001096,0.001271,-0.000012,-0.001065,0.000000,0.000000
56230.221078,-1,-0.005282,0.000068,0.076904,0.005531,0.004982,-0.000009,0.999999,-0.001122,0.001268,-0.000012,-0.001065,-0.000199,0.000000
56230.271094,-1,-0.005272,0.000056,0.076906,0.005600,0.004986,0.000000,0.999999,-0.001142,0.001251,-0.000012,-0.001064,-0.001065,0.000000
56230.321040,-1,-0.005260,0.000046,0.076908,0.005646,0.005013,0.000000,0.999999,-0.001161,0.001230,-0.000012,0.000003,-0.001065,0.000000
56230.371035,-1,-0.005245,0.000041,0.076908,0.005657,0.005054,0.000000,0.999999,-0.001172,0.001205,-0.000012,-0.000002,-0.001071,0.000000
56230.421020,-1,-0.005233,0.000038,0.076905,0.005630,0.005104,0.000000,0.999999,-0.001179,0.001191,-0.000012,0.000000,-0.001116,0.000000
56230.470994,-1,-0.005222,0.000041,0.076901,0.005608,0.005180,0.000000,0.999999,-0.001179,0.001175,-0.000012,0.000000,0.000051,0.000000
56230.521025,-1,-0.005214,0.000049,0.076896,0.005569,0.005257,-0.000026,0.999999,-0.001169,0.001166,-0.000012,0.001107,0.000000,0.000000
56230.571023,-1,-0.005209,0.000061,0.076890,0.005516,0.005314,-0.000049,0.999999,-0.001147,0.001161,-0.000012,0.001114,0.000025,0.000000
56230.953810,-1,-0.005211,0.000079,0.076886,0.005440,0.005333,-0.000056,0.999999,-0.001115,0.001168,-0.000012,0.001065,0.001072,0.000000
56230.953914,-1,-0.005211,0.000079,0.076886,0.005428,0.005337,-0.000055,0.999999,-0.001115,0.001168,-0.000012,0.001065,-0.000003,0.000000
56230.971072,-1,-0.005242,0.000118,0.076911,0.005486,0.005013,0.000000,0.999999,-0.001091,0.001257,-0.000012,-0.001065,0.000630,0.000000
56231.021066,-1,-0.005239,0.000106,0.076910,0.005550,0.004990,-0.000103,0.999999,-0.001117,0.001261,-0.000012,-0.001065,0.000000,0.000000
56231.071007,-1,-0.005232,0.000095,0.076905,0.005619,0.004997,-0.000160,0.999999,-0.001137,0.001251,-0.000012,-0.001065,-0.000052,0.000000
56231.120988,-1,-0.005222,0.000086,0.076906,0.005672,0.005028,-0.000124,0.999999,-0.001154,0.001236,-0.000012,-0.001065,-0.000865,0.000000
56231.171000,-1,-0.005209,0.000079,0.076912,0.005703,0.005081,-0.000075,0.999999,-0.001168,0.001217,-0.000012,-0.000001,-0.001063,0.000000
56231.220968,-1,-0.005196,0.000078,0.076921,0.005711,0.005146,0.000000,0.999999,-0.001168,0.001196,-0.000012,0.000000,-0.001103,0.000000
56231.271051,-1,-0.005183,0.000081,0.076927,0.005692,0.005215,-0.000096,0.999999,-0.001163,0.001176,-0.000012,0.001063,-0.001090,0.000000
56231.321017,-1,-0.005174,0.000089,0.076930,0.005646,0.005272,-0.000099,0.999999,-0.001144,0.001158,-0.000012,0.001063,-0.000992,0.000000
56231.370994,-1,-0.005169,0.000099,0.076933,0.005577,0.005302,-0.000069,0.999999,-0.001117,0.001151,-0.000012,0.001065,0.000000,0.000000
56231.421025,-1,-0.005170,0.000110,0.076932,0.005501,0.005302,-0.000111,0.999999,-0.001097,0.001146,-0.000012,0.001066,0.000000,0.000000
56231.470987,-1,-0.005176,0.000119,0.076931,0.005428,0.005276,-0.000095,0.999999,-0.001072,0.001156,-0.000012,-0.000014,0.001090,0.000000
56231.521003,-1,-0.005187,0.000124,0.076928,0.005367,0.005222,-0.000087,0.999999,-0.001061,0.001174,-0.000012,0.000049,0.001064,0.000000
56231.570982,-1,-0.005200,0.000125,0.076923,0.005333,0.005154,-0.000086,0.999999,-0.001053,0.001197,-0.000012,0.000000,0.000866,0.000000
56231.621040,-1,-0.005174,0.000157,0.076917,0.005302,0.005054,-0.000091,0.999999,-0.001057,0.001224,-0.000009,-0.001079,0.002118,0.000000
56231.671014,-1,-0.005189,0.000146,0.076911,0.005329,0.004990,-0.000096,0.999999,-0.001077,0.001248,-0.000009,-0.001065,0.001065,0.000000
56231.721005,-1,-0.005198,0.000133,0.076906,0.005386,0.004955,-0.000095,0.999999,-0.001100,0.001264,-0.000009,-0.000443,0.001106,0.000000
56231.771033,-1,-0.005240,0.000083,0.076903,0.005463,0.004944,-0.000086,0.999999,-0.001124,0.001274,-0.000009,-0.001065,0.000000,0.000000
56231.820994,-1,-0.005202,0.000106,0.076901,0.005547,0.004963,-0.000072,0.999999,-0.001145,0.001274,-0.000009,-0.001065,0.000000,0.000000
56231.871055,-1,-0.005195,0.000095,0.076902,0.005802,0.005165,-0.000052,0.999999,-0.001163,0.001263,-0.000009,-0.001065,-0.000867,0.000000
56231.921008,-1,-0.005183,0.000088,0.076905,0.005863,0.005226,-0.000009,0.999999,-0.001169,0.001237,-0.000009,0.000000,-0.001065,0.000000
56231.971026,-1,-0.005169,0.000086,0.076907,0.005726,0.005142,0.000000,0.999999,-0.001169,0.001210,-0.000009,0.000000,-0.001065,0.000000
56232.020998,-1,-0.005154,0.000090,0.076906,0.005901,0.005379,-0.000080,0.999999,-0.001169,0.001184,-0.000009,0.001068,-0.001065,0.000000
56232.071011,-1,-0.005141,0.000100,0.076903,0.005699,0.005291,-0.000073,0.999999,-0.001147,0.001162,-0.000009,0.001091,-0.001108,0.000000
56232.120994,-1,-0.005131,0.000114,0.076901,0.005817,0.005497,-0.000066,0.999999,-0.001120,0.001143,-0.000009,0.001065,-0.000212,0.000000
56232.171057,-1,-0.005126,0.000130,0.076901,0.005569,0.005356,-0.000040,0.999999,-0.001093,0.001136,-0.000009,0.001065,0.000000,0.000000
56232.221033,-1,-0.005126,0.000146,0.076902,0.005669,0.005501,-0.000020,0.999999,-0.001067,0.001136,-0.000009,0.001016,0.001106,0.000000
56232.271049,-1,-0.005130,0.000159,0.076902,0.005428,0.005302,-0.000004,0.999999,-0.001047,0.001151,-0.000009,0.001065,0.001063,0.000000
56232.321006,-1,-0.005137,0.000169,0.076902,0.005543,0.005386,0.000000,0.999999,-0.001035,0.001170,-0.000009,-0.000006,0.001065,0.000000
56232.371029,-1,-0.005146,0.000173,0.076902,0.005520,0.005314,0.000000,0.999999,-0.001035,0.001192,-0.000009,0.000000,0.001064,0.000000
56232.420988,-1,-0.005182,0.000145,0.076900,0.005322,0.005039,0.000000,0.999999,-0.001041,0.001219,-0.000009,-0.001064,0.001065,0.000000
56232.471011,-1,-0.005169,0.000157,0.076897,0.005451,0.005058,-0.000000,0.999999,-0.001063,0.001246,-0.000009,-0.002177,0.001065,0.000000
56232.520996,-1,-0.005191,0.000129,0.076893,0.005386,0.004898,-0.000019,0.999999,-0.001089,0.001260,-0.000009,-0.001769,0.000449,0.000000
56232.571034,-1,-0.005157,0.000147,0.076890,0.005665,0.005074,-0.000022,0.999999,-0.001122,0.001268,-0.000009,-0.000201,0.000000,0.000000
56232.621025,-1,-0.005182,0.000106,0.076890,0.005554,0.004913,-0.000003,0.999999,-0.001133,0.001250,-0.000009,-0.000213,-0.001065,0.000000
56232.671018,-1,-0.005133,0.000132,0.076891,0.005646,0.004974,0.000000,0.999999,-0.001153,0.001237,-0.000009,0.000001,-0.001112,0.000000
56232.720975,-1,-0.005115,0.000129,0.076895,0.005714,0.005062,0.000000,0.999999,-0.001166,0.001218,-0.000009,-0.000212,-0.001065,0.000000
56232.771030,-1,-0.005096,0.000130,0.076899,0.005753,0.005150,0.000000,0.999999,-0.001167,0.001190,-0.000009,0.001072,-0.001091,0.000000
56232.820987,-1,-0.005077,0.000136,0.076902,0.005924,0.005383,0.000000,0.999999,-0.001151,0.001164,-0.000009,0.001065,-0.001515,0.000000
56232.871041,-1,-0.005061,0.000145,0.076904,0.005882,0.005432,0.000000,0.999999,-0.001129,0.001138,-0.000009,0.001065,-0.001064,0.000000
56232.920995,-1,-0.005050,0.000155,0.076903,0.005814,0.005455,-0.000060,0.999999,-0.001108,0.001125,-0.000009,0.001063,-0.000680,0.000000
56232.971025,-1,-0.005045,0.000166,0.076900,0.005726,0.005447,-0.000054,0.999999,-0.001082,0.001118,-0.000009,0.000201,0.000000,0.000000
56233.021012,-1,-0.005046,0.000173,0.076897,0.005634,0.005409,-0.000051,0.999999,-0.001064,0.001118,-0.000009,0.000214,0.000000,0.000000
56233.071008,-1,-0.005053,0.000177,0.076897,0.005543,0.005348,-0.000033,0.999999,-0.001053,0.001138,-0.000009,0.001106,-0.000003,0.000000
56233.121009,-1,-0.005065,0.000176,0.076898,0.005478,0.005276,-0.000004,0.999999,-0.001049,0.001161,-0.000009,0.000000,0.001065,0.000000
56233.171011,-1,-0.005079,0.000169,0.076900,0.005436,0.005192,0.000000,0.999999,-0.001045,0.001182,-0.000009,0.000000,0.001065,0.000000
56233.221040,-1,-0.005095,0.000157,0.076902,0.005428,0.005112,0.000000,0.999999,-0.001056,0.001211,-0.000009,-0.000866,0.000187,0.000000
56233.271010,-1,-0.005108,0.000140,0.076904,0.005451,0.005047,0.000000,0.999999,-0.001075,0.001232,-0.000009,-0.001063,-0.000024,0.000000
56233.321009,-1,-0.005119,0.000120,0.076904,0.005497,0.005009,0.000000,0.999999,-0.001102,0.001256,-0.000009,-0.001065,0.000386,0.000000
56233.371000,-1,-0.005126,0.000100,0.076902,0.005569,0.005005,0.000000,0.999999,-0.001131,0.001263,-0.000009,-0.000673,0.000001,0.000000
56233.421009,-1,-0.005126,0.000081,0.076899,0.005646,0.005028,0.000000,0.999999,-0.001157,0.001255,-0.000009,-0.001065,0.000047,0.000000
56233.470989,-1,-0.005160,0.000031,0.076895,0.005474,0.004856,-0.000006,0.999999,-0.001177,0.001245,-0.000009,-0.001065,-0.000002,0.000000
56233.520989,-1,-0.005171,0.000006,0.076891,0.005466,0.004875,-0.000020,0.999999,-0.001200,0.001245,-0.000009,-0.001065,0.000000,0.000000
56233.570989,-1,-0.005159,0.000004,0.076887,0.005482,0.004955,-0.000037,0.999998,-0.001218,0.001242,-0.000009,0.000052,-0.001063,0.000000
56233.621033,-1,-0.005146,0.000009,0.076884,0.005516,0.005077,-0.000033,0.999999,-0.001213,0.001220,-0.000009,-0.000047,-0.001065,0.000000
56233.670994,-1,-0.005135,0.000020,0.076886,0.005524,0.005188,-0.000002,0.999999,-0.001201,0.001209,-0.000009,0.001769,-0.001101,0.000000
56233.720989,-1,-0.005127,0.000034,0.076891,0.005486,0.005245,0.000000,0.999999,-0.001168,0.001184,-0.000009,0.001065,0.000001,0.000000
56233.770984,-1,-0.005115,0.000058,0.076898,0.005474,0.005322,0.000000,0.999999,-0.001141,0.001177,-0.000009,0.002177,-0.001067,0.000000
56233.821030,-1,-0.005113,0.000077,0.076904,0.005383,0.005302,0.000000,0.999999,-0.001103,0.001165,-0.000009,0.001065,0.000000,0.000000
56233.870999,-1,-0.005098,0.000114,0.076906,0.005421,0.005383,-0.000160,0.999999,-0.001076,0.001165,-0.000009,0.001065,0.000000,0.000000
56233.920981,-1,-0.005120,0.000117,0.076908,0.005272,0.005253,-0.000116,0.999999,-0.001050,0.001176,-0.000009,-0.000047,0.001065,0.000000
56233.971010,-1,-0.005112,0.000150,0.076913,0.005352,0.005306,-0.000077,0.999999,-0.001038,0.001191,-0.000009,0.001465,0.000000,0.000000
56234.020981,-1,-0.005137,0.000147,0.076920,0.005226,0.005123,-0.000002,0.999999,-0.001015,0.001199,-0.000009,-0.000006,0.001090,0.000000
56234.071055,-1,-0.005138,0.000163,0.076927,0.005306,0.005104,-0.000097,0.999999,-0.001016,0.001226,-0.000009,-0.001112,0.001065,0.000000
56234.121040,-1,-0.005167,0.000144,0.076929,0.005238,0.004929,-0.000129,0.999999,-0.001024,0.001238,-0.000009,-0.000449,0.001101,0.000000
56234.170983,-1,-0.005178,0.000135,0.076933,0.005306,0.004875,-0.000089,0.999999,-0.001053,0.001261,-0.000009,-0.001065,0.001107,0.000000
56234.220989,-1,-0.005185,0.000122,0.076936,0.005386,0.004841,-0.000071,0.999999,-0.001080,0.001276,-0.000009,-0.001065,0.000072,0.000000
56234.270969,-1,-0.005188,0.000106,0.076936,0.005470,0.004829,-0.000188,0.999999,-0.001106,0.001278,-0.000009,-0.001065,0.000000,0.000000
56234.320996,-1,-0.005168,0.000109,0.076933,0.005550,0.004845,-0.000214,0.999999,-0.001133,0.001271,-0.000009,-0.001065,-0.000449,0.000000
56234.370994,-1,-0.005180,0.000079,0.076933,0.005611,0.004887,-0.000169,0.999999,-0.001153,0.001255,-0.000009,0.000051,-0.001072,0.000000
56234.420997,-1,-0.005154,0.000088,0.076936,0.005646,0.004948,-0.000120,0.999999,-0.001157,0.001228,-0.000009,0.000043,-0.001065,0.000000
56234.470982,-1,-0.005164,0.000068,0.076941,0.005642,0.005016,-0.000096,0.999999,-0.001159,0.001203,-0.000009,0.000000,0.000006,0.000000
56234.521036,-1,-0.005158,0.000070,0.076941,0.005611,0.005085,-0.000126,0.999999,-0.001150,0.001184,-0.000009,0.000000,0.000006,0.000000
56234.570997,-1,-0.005138,0.000092,0.076940,0.005558,0.005138,-0.000103,0.999999,-0.001133,0.001177,-0.000009,0.000678,0.000000,0.000000
56234.620973,-1,-0.005140,0.000100,0.076938,0.005547,0.005215,-0.000089,0.999999,-0.001113,0.001172,-0.000009,0.000863,0.000000,0.000000
56234.670980,-1,-0.005149,0.000108,0.076934,0.005474,0.005219,-0.000109,0.999999,-0.001092,0.001180,-0.000009,0.000001,0.000994,0.000000
56234.721123,-1,-0.005161,0.000115,0.076926,0.005424,0.005203,-0.000128,0.999999,-0.001078,0.001200,-0.000009,0.000212,0.001114,0.000000
56234.771041,-1,-0.005174,0.000122,0.076919,0.005337,0.005112,-0.000126,0.999999,-0.001068,0.001228,-0.000009,0.001116,0.000201,0.000000
56234.820969,-1,-0.005183,0.000130,0.076913,0.005352,0.005074,-0.000120,0.999999,-0.001066,0.001257,-0.000009,-0.000203,0.000201,0.000000
56234.870991,-1,-0.005197,0.000128,0.076911,0.005371,0.005020,-0.000102,0.999999,-0.001067,0.001275,-0.000009,0.000000,-0.000047,0.000000
56234.921032,-1,-0.005210,0.000122,0.076911,0.005333,0.004906,-0.000078,0.999999,-0.001083,0.001291,-0.000009,-0.000443,0.001065,0.000000
56234.971025,-1,-0.005184,0.000146,0.076912,0.005672,0.005131,-0.000057,0.999999,-0.001099,0.001299,-0.000009,0.000000,0.000000,0.000000
56235.020978,-1,-0.005222,0.000107,0.076915,0.005539,0.004936,-0.000014,0.999999,-0.001099,0.001285,-0.000009,0.000000,0.000014,0.000000
56235.070982,-1,-0.005212,0.000108,0.076915,0.005638,0.004978,0.000000,0.999999,-0.001125,0.001285,-0.000009,0.000036,0.000000,0.000000
56235.120988,-1,-0.005210,0.000100,0.076913,0.005661,0.004986,-0.000004,0.999999,-0.001132,0.001265,-0.000009,0.000000,-0.001065,0.000000
56235.170984,-1,-0.005172,0.000127,0.076907,0.005825,0.005154,-0.000073,0.999999,-0.001140,0.001248,-0.000009,0.000000,-0.001065,0.000000
56235.221061,-1,-0.005150,0.000143,0.076901,0.005917,0.005280,-0.000081,0.999999,-0.001129,0.001222,-0.000009,0.001065,-0.001028,0.000000
56235.270986,-1,-0.005184,0.000113,0.076898,0.005627,0.005070,-0.000076,0.999999,-0.001115,0.001207,-0.000009,0.000000,-0.000002,0.000000
56235.320992,-1,-0.005177,0.000123,0.076898,0.005623,0.005119,-0.000059,0.999999,-0.001101,0.001199,-0.000009,0.000993,0.000040,0.000000
56235.370984,-1,-0.005193,0.000117,0.076902,0.005589,0.005135,-0.000012,0.999999,-0.001080,0.001188,-0.000009,0.001071,-0.000001,0.000000
56235.421004,-1,-0.005178,0.000141,0.076907,0.005531,0.005123,0.000000,0.999999,-0.001057,0.001182,-0.000009,-0.000006,0.000000,0.000000
56235.470986,-1,-0.005200,0.000132,0.076912,0.005363,0.004986,0.000000,0.999999,-0.001047,0.001189,-0.000009,0.000000,0.001065,0.000000
56235.520981,-1,-0.005199,0.000146,0.076913,0.005421,0.005028,-0.000160,0.999999,-0.001047,0.001216,-0.000009,0.000000,0.001065,0.000000
56235.570984,-1,-0.005232,0.000126,0.076913,0.005310,0.004887,-0.000136,0.999999,-0.001053,0.001249,-0.000009,-0.001114,0.001919,0.000000
56235.620985,-1,-0.005234,0.000131,0.076915,0.005363,0.004875,-0.000099,0.999999,-0.001078,0.001290,-0.000009,-0.001112,0.000854,0.000000
56235.670980,-1,-0.005247,0.000121,0.076921,0.005455,0.004887,-0.000056,0.999999,-0.001088,0.001306,-0.000009,-0.001063,0.001065,0.000000
56235.720996,-1,-0.005269,0.000099,0.076927,0.005463,0.004829,0.000000,0.999999,-0.001110,0.001320,-0.000009,-0.001065,-0.000003,0.000000
56235.770991,-1,-0.005272,0.000090,0.076929,0.005569,0.004871,-0.000163,0.999998,-0.001129,0.001324,-0.000009,-0.001101,0.000000,0.000000
56235.820971,-1,-0.005270,0.000084,0.076929,0.005676,0.004925,-0.000133,0.999998,-0.001139,0.001316,-0.000009,-0.001023,-0.000201,0.000000
56235.870982,-1,-0.005263,0.000081,0.076930,0.005760,0.004990,-0.000102,0.999999,-0.001145,0.001296,-0.000009,0.000000,-0.001065,0.000000
56235.920977,-1,-0.005251,0.000083,0.076930,0.005806,0.005051,-0.000141,0.999999,-0.001145,0.001269,-0.000009,0.000864,-0.001065,0.000000
56235.970985,-1,-0.005225,0.000100,0.076926,0.005817,0.005100,-0.000190,0.999999,-0.001129,0.001242,-0.000009,0.000854,-0.001065,0.000000
56236.020962,-1,-0.005226,0.000096,0.076927,0.005707,0.005043,-0.000147,0.999999,-0.001114,0.001216,-0.000009,0.000002,0.000024,0.000000
56236.070987,-1,-0.005207,0.000114,0.076930,0.005722,0.005112,-0.000107,0.999999,-0.001111,0.001214,-0.000009,0.000615,-0.000207,0.000000
56236.120970,-1,-0.005204,0.000120,0.076933,0.005665,0.005108,-0.000072,0.999999,-0.001099,0.001211,-0.000009,0.000002,0.000000,0.000000
56236.170978,-1,-0.005200,0.000130,0.076934,0.005646,0.005131,-0.000144,0.999999,-0.001090,0.001217,-0.000009,0.000866,-0.000006,0.000000
56236.220974,-1,-0.005209,0.000129,0.076934,0.005569,0.005070,-0.000114,0.999999,-0.001072,0.001217,-0.000009,0.000000,0.000000,0.000000
56236.270978,-1,-0.005212,0.000133,0.076932,0.005524,0.005024,-0.000094,0.999999,-0.001072,0.001239,-0.000009,0.000000,0.001065,0.000000
56236.320983,-1,-0.005222,0.000129,0.076928,0.005539,0.005009,-0.000130,0.999999,-0.001072,0.001257,-0.000009,0.000000,0.001063,0.000000
56236.370970,-1,-0.005232,0.000123,0.076922,0.005562,0.004986,-0.000124,0.999999,-0.001073,0.001272,-0.000009,-0.001106,0.000201,0.000000
56236.420985,-1,-0.005241,0.000115,0.076917,0.005596,0.004971,-0.000117,0.999999,-0.001086,0.001281,-0.000009,0.000036,0.000002,0.000000
56236.470978,-1,-0.005248,0.000106,0.076915,0.005634,0.004967,-0.000102,0.999999,-0.001092,0.001281,-0.000009,0.000000,0.000000,0.000000
56236.520975,-1,-0.005252,0.000098,0.076914,0.005672,0.004967,-0.000083,0.999999,-0.001098,0.001281,-0.000009,0.000006,0.000000,0.000000
56236.570972,-1,-0.005254,0.000091,0.076915,0.005707,0.004978,-0.000064,0.999999,-0.001104,0.001276,-0.000009,-0.000001,-0.000002,0.000000
56236.620968,-1,-0.005252,0.000089,0.076915,0.005733,0.005001,-0.000035,0.999999,-0.001110,0.001272,-0.000009,-0.000001,-0.001023,0.000000
56236.670971,-1,-0.005215,0.000119,0.076915,0.005737,0.005024,-0.000015,0.999999,-0.001110,0.001269,-0.000009,0.000000,0.000000,0.000000
56236.720964,-1,-0.005214,0.000121,0.076912,0.005749,0.005062,-0.000095,0.999999,-0.001110,0.001260,-0.000009,0.000000,-0.000001,0.000000
56236.770976,-1,-0.005253,0.000092,0.076909,0.005745,0.005104,-0.000089,0.999999,-0.001102,0.001252,-0.000009,-0.000036,-0.000001,0.000000
56236.820987,-1,-0.005215,0.000134,0.076906,0.005913,0.005291,-0.000081,0.999999,-0.001093,0.001247,-0.000009,-0.000036,0.000001,0.000000
56236.870975,-1,-0.005219,0.000144,0.076906,0.005703,0.005150,-0.000064,0.999999,-0.001073,0.001241,-0.000009,-0.000051,0.000001,0.000000
56236.920967,-1,-0.005226,0.000153,0.076907,0.005848,0.005299,-0.000036,0.999999,-0.001064,0.001241,-0.000009,0.001090,0.000000,0.000000
56236.970971,-1,-0.005237,0.000161,0.076910,0.005615,0.005108,0.000000,0.999999,-0.001049,0.001248,-0.000009,0.000073,0.000449,0.000000
56237.020961,-1,-0.005250,0.000166,0.076911,0.005779,0.005230,0.000000,0.999999,-0.001043,0.001267,-0.000009,0.000199,0.000682,0.000000
56237.071017,-1,-0.005263,0.000168,0.076911,0.005783,0.005184,0.000000,0.999999,-0.001042,0.001285,-0.000009,0.000000,0.001065,0.000000
56237.120963,-1,-0.005274,0.000166,0.076907,0.005798,0.005119,0.000000,0.999999,-0.001042,0.001304,-0.000009,0.000000,0.000616,0.000000
56237.170977,-1,-0.005286,0.000156,0.076902,0.005833,0.005054,-0.000020,0.999999,-0.001055,0.001315,-0.000009,-0.000386,-0.000047,0.000000
56237.220965,-1,-0.005292,0.000144,0.076895,0.005894,0.005013,-0.000049,0.999999,-0.001075,0.001326,-0.000009,-0.001065,0.000000,0.000000
56237.270979,-1,-0.005294,0.000130,0.076890,0.005966,0.004990,-0.000062,0.999999,-0.001094,0.001326,-0.000009,-0.001065,0.000000,0.000000
56237.320955,-1,-0.005288,0.000115,0.076887,0.006039,0.004986,-0.000060,0.999999,-0.001114,0.001320,-0.000009,-0.001064,-0.001015,0.000000
56237.370976,-1,-0.005281,0.000100,0.076888,0.006100,0.005009,-0.000031,0.999998,-0.001141,0.001310,-0.000009,-0.001065,-0.000002,0.000000
56237.421011,-1,-0.005268,0.000088,0.076892,0.006149,0.005062,0.000000,0.999999,-0.001157,0.001286,-0.000009,0.000051,-0.001016,0.000000
56237.470967,-1,-0.005254,0.000081,0.076899,0.006172,0.005135,0.000000,0.999999,-0.001162,0.001265,-0.000009,0.000000,-0.001065,0.000000
56237.520957,-1,-0.005240,0.000079,0.076906,0.006168,0.005207,0.000000,0.999999,-0.001154,0.001239,-0.000009,-0.000051,-0.001065,0.000000
56237.570963,-1,-0.005229,0.000082,0.076909,0.006130,0.005268,-0.000048,0.999999,-0.001146,0.001221,-0.000009,0.000449,-0.000851,0.000000
56237.621012,-1,-0.005281,0.000034,0.076912,0.005810,0.005074,-0.000004,0.999999,-0.001133,0.001210,-0.000009,0.001066,0.000006,0.000000
56237.670997,-1,-0.005278,0.000040,0.076914,0.005749,0.005108,0.000000,0.999999,-0.001115,0.001217,-0.000009,0.001065,0.000002,0.000000
56237.720969,-1,-0.005280,0.000046,0.076915,0.005699,0.005119,0.000000,0.999999,-0.001097,0.001225,-0.000009,-0.000024,0.001089,0.000000
56237.770966,-1,-0.005284,0.000050,0.076913,0.005661,0.005108,-0.000049,0.999999,-0.001089,0.001244,-0.000009,0.001106,-0.000040,0.000000
56237.820964,-1,-0.005290,0.000052,0.076909,0.005638,0.005077,-0.000058,0.999999,-0.001078,0.001256,-0.000009,0.000680,0.001065,0.000000
56237.870968,-1,-0.005296,0.000049,0.076904,0.005638,0.005032,-0.000066,0.999999,-0.001073,0.001275,-0.000009,0.000000,0.000001,0.000000
56237.920963,-1,-0.005281,0.000060,0.076900,0.005711,0.005028,-0.000065,0.999999,-0.001073,0.001284,-0.000009,-0.001106,0.000680,0.000000
56237.970968,-1,-0.005284,0.000050,0.076898,0.005684,0.004929,-0.000056,0.999999,-0.001092,0.001298,-0.000009,-0.001064,0.000614,0.000000
56238.020956,-1,-0.005282,0.000037,0.076899,0.005741,0.004906,-0.000022,0.999999,-0.001111,0.001302,-0.000009,-0.001065,0.000000,0.000000
56238.070966,-1,-0.005276,0.000024,0.076902,0.005798,0.004906,0.000000,0.999999,-0.001129,0.001302,-0.000009,-0.001066,0.000000,0.000000
56238.120968,-1,-0.005266,0.000012,0.076904,0.005917,0.004990,0.000000,0.999999,-0.001144,0.001292,-0.000009,-0.001063,-0.000992,0.000000
56238.170958,-1,-0.005253,0.000003,0.076906,0.005959,0.005028,0.000000,0.999999,-0.001153,0.001275,-0.000009,-0.001101,-0.001064,0.000000
56238.220929,-1,-0.005238,-0.000003,0.076906,0.005970,0.005081,0.000000,0.999999,-0.001159,0.001249,-0.000009,0.000000,0.000024,0.000000
56238.270965,-1,-0.005224,-0.000004,0.076904,0.005962,0.005135,-0.000067,0.999999,-0.001154,0.001234,-0.000009,0.000072,-0.001101,0.000000
56238.320961,-1,-0.005212,-0.000004,0.076901,0.005932,0.005177,-0.000063,0.999999,-0.001143,0.001217,-0.000009,0.000386,-0.001065,0.000000
56238.370963,-1,-0.005203,-0.000001,0.076901,0.005878,0.005203,-0.000046,0.999999,-0.001129,0.001203,-0.000009,0.000866,-0.000852,0.000000
56238.420962,-1,-0.005200,0.000001,0.076901,0.005772,0.005177,-0.000017,0.999999,-0.001115,0.001199,-0.000009,-0.000041,0.000000,0.000000
56238.470974,-1,-0.005202,0.000002,0.076904,0.005680,0.005154,0.000000,0.999999,-0.001113,0.001214,-0.000009,0.000000,0.001138,0.000000
56238.520960,-1,-0.005212,-0.000001,0.076905,0.005592,0.005112,0.000000,0.999999,-0.001112,0.001234,-0.000009,0.000087,0.001065,0.000000
56238.570993,-1,-0.005230,-0.000010,0.076906,0.005508,0.005047,0.000000,0.999999,-0.001110,0.001254,-0.000009,0.000000,0.001101,0.000000
56238.620955,-1,-0.005227,-0.000002,0.076904,0.005581,0.005096,-0.000031,0.999999,-0.001114,0.001287,-0.000009,-0.001063,0.000818,0.000000
56238.670967,-1,-0.005234,-0.000005,0.076901,0.005608,0.005089,-0.000050,0.999999,-0.001121,0.001300,-0.000009,0.000000,0.000854,0.000000
56238.721005,-1,-0.005241,-0.000010,0.076898,0.005638,0.005074,-0.000047,0.999999,-0.001122,0.001314,-0.000009,-0.001079,0.000386,0.000000
56238.770934,-1,-0.005257,-0.000026,0.076897,0.005600,0.004997,-0.000034,0.999998,-0.001131,0.001317,-0.000009,-0.000449,0.000000,0.000000
56238.820959,-1,-0.005258,-0.000032,0.076897,0.005669,0.005016,-0.000014,0.999998,-0.001146,0.001318,-0.000009,-0.001064,0.000410,0.000000
56238.870960,-1,-0.005250,-0.000032,0.076898,0.005787,0.005093,0.000000,0.999998,-0.001161,0.001322,-0.000009,0.000005,-0.000212,0.000000
56238.920958,-1,-0.005219,-0.000012,0.076900,0.005936,0.005219,0.000000,0.999998,-0.001163,0.001299,-0.000009,0.000000,-0.001065,0.000000
56238.970971,-1,-0.005203,-0.000005,0.076901,0.005939,0.005230,0.000000,0.999999,-0.001154,0.001272,-0.000009,0.001101,-0.001065,0.000000
56239.020948,-1,-0.005202,-0.000012,0.076900,0.005966,0.005276,0.000000,0.999999,-0.001136,0.001241,-0.000009,0.001065,-0.001040,0.000000
56239.070967,-1,-0.005164,0.000015,0.076898,0.006012,0.005348,0.000000,0.999999,-0.001108,0.001210,-0.000009,0.001916,-0.002137,0.000000
56239.120957,-1,-0.005110,0.000060,0.076896,0.005959,0.005325,0.000000,0.999999,-0.001086,0.001186,-0.000009,0.001065,-0.001072,0.000000
56239.170957,-1,-0.005099,0.000065,0.076895,0.005882,0.005276,0.000000,0.999999,-0.001071,0.001175,-0.000009,-0.000014,0.000000,0.000000
56239.220963,-1,-0.005094,0.000067,0.076894,0.005795,0.005211,0.000000,0.999999,-0.001066,0.001175,-0.000009,0.000000,0.000000,0.000000
56239.270963,-1,-0.005094,0.000063,0.076893,0.005711,0.005138,0.000000,0.999999,-0.001066,0.001186,-0.000009,0.000000,-0.000047,0.000000
56239.321009,-1,-0.005100,0.000054,0.076892,0.005638,0.005070,0.000000,0.999999,-0.001078,0.001207,-0.000009,-0.000048,0.001065,0.000000
56239.370970,-1,-0.005108,0.000042,0.076891,0.005592,0.005020,0.000000,0.999999,-0.001092,0.001226,-0.000009,-0.001079,0.001065,0.000000
56239.420955,-1,-0.005115,0.000030,0.076892,0.005749,0.005138,0.000000,0.999999,-0.001114,0.001254,-0.000009,-0.001065,0.001065,0.000000
56239.470951,-1,-0.005126,0.000012,0.076894,0.005753,0.005123,0.000000,0.999999,-0.001133,0.001274,-0.000009,-0.001065,0.001065,0.000000
56239.520957,-1,-0.005131,-0.000001,0.076896,0.005802,0.005150,0.000000,0.999998,-0.001158,0.001297,-0.000009,-0.001066,-0.000024,0.000000
56239.570967,-1,-0.005167,-0.000044,0.076897,0.005695,0.005047,0.000000,0.999998,-0.001176,0.001302,-0.000009,-0.000852,0.000002,0.000000
56239.620956,-1,-0.005185,-0.000069,0.076897,0.005669,0.005024,0.000000,0.999998,-0.001185,0.001297,-0.000009,0.000006,0.000037,0.000000
56239.670961,-1,-0.005176,-0.000070,0.076896,0.005741,0.005108,0.000000,0.999998,-0.001185,0.001287,-0.000009,0.000000,0.000047,0.000000
56239.720944,-1,-0.005163,-0.000065,0.076894,0.005795,0.005203,0.000000,0.999998,-0.001185,0.001275,-0.000009,0.000000,-0.001112,0.000000
56239.770971,-1,-0.005149,-0.000053,0.076891,0.005829,0.005295,0.000000,0.999999,-0.001173,0.001250,-0.000009,0.001065,-0.001065,0.000000
56239.820961,-1,-0.005135,-0.000036,0.076886,0.005829,0.005367,-0.000007,0.999999,-0.001152,0.001228,-0.000009,0.001751,-0.001065,0.000000
56239.870963,-1,-0.005122,-0.000016,0.076882,0.005802,0.005413,-0.000020,0.999999,-0.001119,0.001204,-0.000009,0.001065,-0.000994,0.000000
56239.920952,-1,-0.005113,0.000006,0.076882,0.005749,0.005421,-0.000006,0.999999,-0.001084,0.001186,-0.000009,0.001065,0.000000,0.000000
56239.970960,-1,-0.005109,0.000026,0.076885,0.005676,0.005394,0.000000,0.999999,-0.001057,0.001182,-0.000009,0.001065,0.000000,0.000000
56240.020955,-1,-0.005111,0.000043,0.076891,0.005600,0.005337,0.000000,0.999999,-0.001037,0.001190,-0.000009,0.001065,0.000680,0.000000
56240.070955,-1,-0.005117,0.000056,0.076896,0.005535,0.005257,0.000000,0.999999,-0.001022,0.001203,-0.000009,-0.000014,0.001064,0.000000
56240.120964,-1,-0.005126,0.000063,0.076901,0.005493,0.005161,0.000015,0.999999,-0.001022,0.001224,-0.000009,0.000000,0.001065,0.000000
56240.170950,-1,-0.005135,0.000063,0.076902,0.005478,0.005058,-0.000111,0.999999,-0.001022,0.001244,-0.000009,0.000000,0.001066,0.000000
56240.220959,-1,-0.005145,0.000055,0.076902,0.005489,0.004959,-0.000087,0.999999,-0.001039,0.001264,-0.000009,-0.001065,0.001063,0.000000
56240.270961,-1,-0.005151,0.000042,0.076906,0.005497,0.004856,-0.000047,0.999999,-0.001060,0.001279,-0.000009,-0.002169,0.001063,0.000000
56240.320953,-1,-0.005155,0.000026,0.076911,0.005558,0.004814,0.000000,0.999999,-0.001096,0.001294,-0.000009,-0.001929,-0.000006,0.000000
56240.370950,-1,-0.005153,0.000008,0.076917,0.005630,0.004810,0.000000,0.999999,-0.001131,0.001300,-0.000009,-0.001273,0.000001,0.000000
56240.420953,-1,-0.005128,0.000010,0.076919,0.005711,0.004845,-0.000092,0.999998,-0.001161,0.001296,-0.000009,-0.001065,-0.000852,0.000000
56240.470953,-1,-0.005117,-0.000004,0.076919,0.005840,0.004959,-0.000159,0.999998,-0.001181,0.001278,-0.000009,0.000051,-0.001065,0.000000
56240.520951,-1,-0.005102,-0.000013,0.076921,0.005882,0.005039,-0.000118,0.999999,-0.001187,0.001251,-0.000009,0.000000,-0.001065,0.000000
56240.570955,-1,-0.005085,-0.000017,0.076926,0.005894,0.005119,-0.000077,0.999999,-0.001181,0.001221,-0.000012,0.000003,-0.000858,0.000004
56240.620951,-1,-0.005070,-0.000016,0.076931,0.005875,0.005188,-0.000022,0.999999,-0.001171,0.001198,-0.000014,0.001079,-0.001065,0.000000
56240.670957,-1,-0.005057,-0.000012,0.076934,0.005829,0.005238,-0.000078,0.999999,-0.001151,0.001178,-0.000014,0.000854,0.000014,0.000000
56240.721014,-1,-0.005048,-0.000007,0.076935,0.005764,0.005268,-0.000057,0.999999,-0.001128,0.001165,-0.000014,0.000204,-0.000002,0.000000
56240.770962,-1,-0.005045,-0.000003,0.076933,0.005684,0.005264,-0.000102,0.999999,-0.001108,0.001165,-0.000014,-0.000047,0.000000,0.000000
56240.820945,-1,-0.005047,0.000000,0.076927,0.005592,0.005238,-0.000179,0.999999,-0.001094,0.001165,-0.000014,0.001116,0.000680,0.000000
56240.870953,-1,-0.005056,-0.000000,0.076923,0.005508,0.005192,-0.000157,0.999999,-0.001082,0.001182,-0.000014,-0.000048,0.001066,0.000000
56240.920960,-1,-0.005069,-0.000005,0.076923,0.005447,0.005135,-0.000126,0.999999,-0.001081,0.001209,-0.000014,0.000000,0.001065,0.000000
56240.970978,-1,-0.005086,-0.000015,0.076924,0.005417,0.005070,-0.000095,0.999999,-0.001084,0.001241,-0.000014,-0.001063,0.001065,0.000000
56241.020946,-1,-0.005102,-0.000029,0.076926,0.005421,0.005020,-0.000069,0.999999,-0.001103,0.001268,-0.000014,-0.000073,0.001065,0.000000
56241.070951,-1,-0.005114,-0.000043,0.076927,0.005455,0.004986,-0.000040,0.999999,-0.001124,0.001291,-0.000014,0.000051,0.001065,0.000000
56241.120947,-1,-0.005128,-0.000062,0.076926,0.005501,0.004971,-0.000028,0.999998,-0.001142,0.001304,-0.000014,-0.000073,-0.000006,0.000000
56241.170944,-1,-0.005135,-0.000079,0.076922,0.005573,0.004986,-0.000037,0.999998,-0.001161,0.001310,-0.000014,-0.000073,0.000000,0.000000
56241.220948,-1,-0.005138,-0.000093,0.076916,0.005653,0.005028,-0.000061,0.999998,-0.001175,0.001308,-0.000014,-0.000214,-0.001072,0.000000
56241.270962,-1,-0.005149,-0.000117,0.076909,0.005623,0.004990,-0.000077,0.999998,-0.001185,0.001293,-0.000014,-0.000864,0.000051,0.000000
56241.320946,-1,-0.005148,-0.000128,0.076902,0.005646,0.005035,-0.000086,0.999998,-0.001200,0.001285,-0.000014,-0.001065,0.000000,0.000000
56241.370939,-1,-0.005139,-0.000127,0.076897,0.005676,0.005116,-0.000085,0.999998,-0.001211,0.001278,-0.000014,0.001068,-0.002136,0.000000
56241.420947,-1,-0.005130,-0.000122,0.076896,0.005726,0.005234,-0.000073,0.999998,-0.001201,0.001261,-0.000014,0.000000,-0.000864,0.000000
56241.470994,-1,-0.005119,-0.000111,0.076898,0.005760,0.005344,-0.000041,0.999999,-0.001187,0.001246,-0.000014,0.001065,-0.001064,0.000000
56241.520980,-1,-0.005110,-0.000095,0.076902,0.005764,0.005421,0.000000,0.999999,-0.001166,0.001225,-0.000014,0.001114,-0.000385,0.000000
56241.570949,-1,-0.005085,-0.000061,0.076907,0.005741,0.005463,0.000000,0.999999,-0.001135,0.001214,-0.000014,0.001065,-0.000001,0.000000
56241.620941,-1,-0.005100,-0.000059,0.076910,0.005692,0.005466,-0.000090,0.999999,-0.001106,0.001204,-0.000014,0.001024,-0.000002,0.000000
56241.670948,-1,-0.005102,-0.000043,0.076912,0.005623,0.005432,-0.000083,0.999999,-0.001083,0.001200,-0.000014,0.001117,0.000000,0.000000
56241.720948,-1,-0.005090,-0.000014,0.076915,0.005558,0.005371,-0.000045,0.999999,-0.001062,0.001211,-0.000014,0.001112,0.001064,0.000000
56241.770935,-1,-0.005101,-0.000007,0.076920,0.005505,0.005287,0.000000,0.999999,-0.001054,0.001231,-0.000014,0.000864,0.001064,0.000000
56241.820941,-1,-0.005114,-0.000006,0.076923,0.005478,0.005188,0.000000,0.999999,-0.001047,0.001251,-0.000014,0.000000,0.001065,0.000000
56241.870957,-1,-0.005148,-0.000030,0.076922,0.005474,0.005093,-0.000199,0.999999,-0.001065,0.001278,-0.000014,-0.000450,0.001065,0.000000
56241.920944,-1,-0.005141,-0.000023,0.076920,0.005566,0.005077,-0.000180,0.999999,-0.001087,0.001298,-0.000014,-0.000386,-0.000040,0.000000
56241.970933,-1,-0.005151,-0.000037,0.076923,0.005547,0.004971,-0.000129,0.999999,-0.001106,0.001306,-0.000014,-0.001065,-0.000040,0.000000
56242.020946,-1,-0.005156,-0.000053,0.076930,0.005669,0.005005,-0.000079,0.999999,-0.001134,0.001308,-0.000014,-0.001041,0.000000,0.000000
56242.070940,-1,-0.005158,-0.000068,0.076937,0.005730,0.005013,-0.000007,0.999998,-0.001155,0.001308,-0.000014,-0.001065,0.000000,0.000000
56242.120942,-1,-0.005155,-0.000082,0.076941,0.005791,0.005043,-0.000187,0.999998,-0.001173,0.001297,-0.000014,-0.000073,-0.001116,0.000000
56242.170941,-1,-0.005149,-0.000092,0.076943,0.005829,0.005096,-0.000144,0.999998,-0.001183,0.001278,-0.000007,-0.000001,-0.001116,0.000000
56242.220937,-1,-0.005142,-0.000098,0.076947,0.005848,0.005161,-0.000102,0.999999,-0.001188,0.001258,-0.000007,0.000000,-0.000201,0.000000
56242.270945,-1,-0.005138,-0.000102,0.076949,0.005791,0.005192,-0.000103,0.999999,-0.001188,0.001242,-0.000007,0.000000,0.000001,0.000000
56242.320950,-1,-0.005131,-0.000095,0.076945,0.005768,0.005260,-0.000288,0.999999,-0.001188,0.001242,-0.000007,0.000000,0.000000,0.000000
56242.370996,-1,-0.005145,-0.000102,0.076944,0.005646,0.005238,-0.000233,0.999999,-0.001172,0.001242,-0.000007,-0.000036,0.000000,0.000000
56242.420944,-1,-0.005127,-0.000074,0.076944,0.005692,0.005356,-0.000183,0.999999,-0.001162,0.001242,-0.000007,0.001065,0.000000,0.000000
56242.470954,-1,-0.005133,-0.000064,0.076947,0.005619,0.005341,-0.000132,0.999999,-0.001142,0.001248,-0.000007,0.000614,0.000681,0.000000
56242.520932,-1,-0.005150,-0.000064,0.076950,0.005558,0.005299,-0.000098,0.999999,-0.001129,0.001265,-0.000007,-0.000001,0.001066,0.000000
56242.570949,-1,-0.005153,-0.000053,0.076948,0.005604,0.005322,-0.000221,0.999999,-0.001120,0.001281,-0.000007,0.000002,0.000000,0.000000
56242.620935,-1,-0.005155,-0.000043,0.076945,0.005650,0.005318,-0.000200,0.999999,-0.001112,0.001287,-0.000007,0.000049,0.000000,0.000000
56242.670946,-1,-0.005155,-0.000037,0.076942,0.005695,0.005291,-0.000167,0.999999,-0.001103,0.001287,-0.000007,0.001106,-0.000049,0.000000
56242.720939,-1,-0.005134,-0.000019,0.076940,0.005726,0.005238,-0.000140,0.999999,-0.001094,0.001281,-0.000007,0.000868,0.000000,0.000000
56242.770946,-1,-0.005150,-0.000041,0.076939,0.005745,0.005169,-0.000116,0.999999,-0.001089,0.001273,-0.000007,-0.001101,0.000000,0.000000
56242.820946,-1,-0.005148,-0.000051,0.076937,0.005749,0.005100,-0.000100,0.999999,-0.001103,0.001265,-0.000007,-0.001065,0.000000,0.000000
56242.870944,-1,-0.005147,-0.000065,0.076933,0.005741,0.005047,-0.000096,0.999999,-0.001122,0.001265,-0.000007,0.000051,-0.000878,0.000000
56242.920944,-1,-0.005129,-0.000064,0.076927,0.005722,0.005013,-0.000099,0.999999,-0.001141,0.001260,-0.000007,-0.000666,0.000000,0.000000
56242.970941,-1,-0.005132,-0.000081,0.076919,0.005699,0.005005,-0.000109,0.999999,-0.001161,0.001260,-0.000007,-0.000681,0.000000,0.000000
56243.020927,-1,-0.005138,-0.000098,0.076911,0.005745,0.005077,-0.000115,0.999999,-0.001174,0.001265,-0.000007,-0.000864,0.000000,0.000000
56243.070953,-1,-0.005144,-0.000112,0.076905,0.005657,0.005051,-0.000114,0.999998,-0.001183,0.001265,-0.000007,-0.001116,0.000000,0.000000
56243.120947,-1,-0.005153,-0.000123,0.076902,0.005703,0.005154,-0.000100,0.999998,-0.001192,0.001272,-0.000007,-0.000200,-0.000040,0.000000
56243.170997,-1,-0.005162,-0.000130,0.076904,0.005695,0.005215,-0.000074,0.999998,-0.001196,0.001280,-0.000007,0.000000,-0.000051,0.000000
56243.220950,-1,-0.005171,-0.000132,0.076908,0.005699,0.005276,-0.000025,0.999998,-0.001189,0.001287,-0.000007,0.001065,0.000000,0.000000
56243.270934,-1,-0.005179,-0.000131,0.076913,0.005707,0.005322,0.000000,0.999998,-0.001171,0.001287,-0.000007,-0.000024,0.000000,0.000000
56243.320941,-1,-0.005186,-0.000127,0.076918,0.005714,0.005352,0.000000,0.999998,-0.001160,0.001287,-0.000007,0.001116,0.000000,0.000000
56243.370925,-1,-0.005192,-0.000123,0.076917,0.005726,0.005363,-0.000117,0.999999,-0.001145,0.001287,-0.000007,0.000200,0.000000,0.000000
56243.420944,-1,-0.005199,-0.000119,0.076917,0.005733,0.005363,-0.000094,0.999999,-0.001137,0.001287,-0.000007,0.000002,0.001068,0.000000
56243.470945,-1,-0.005209,-0.000121,0.076918,0.005699,0.005299,-0.000071,0.999999,-0.001132,0.001295,-0.000007,-0.001090,0.001063,0.000000
56243.520938,-1,-0.005208,-0.000116,0.076919,0.005737,0.005287,-0.000040,0.999998,-0.001143,0.001308,-0.000007,0.000000,0.000000,0.000000
56243.570951,-1,-0.005226,-0.000133,0.076919,0.005692,0.005196,-0.000092,0.999998,-0.001152,0.001317,-0.000007,-0.001065,0.000073,0.000000
56243.620942,-1,-0.005205,-0.000117,0.076916,0.005821,0.005268,-0.000088,0.999998,-0.001168,0.001327,-0.000007,-0.001064,0.000000,0.000000
56243.670939,-1,-0.005193,-0.000114,0.076914,0.005890,0.005302,-0.000079,0.999998,-0.001175,0.001313,-0.000007,0.000000,-0.001106,0.000000
56243.720949,-1,-0.005142,-0.000074,0.076911,0.005951,0.005352,-0.000072,0.999998,-0.001175,0.001293,-0.000007,0.000000,-0.001072,0.000000
56243.770941,-1,-0.005127,-0.000067,0.076908,0.005985,0.005390,-0.000066,0.999999,-0.001166,0.001267,-0.000007,0.001112,-0.001065,0.000000
56243.820954,-1,-0.005153,-0.000096,0.076907,0.005985,0.005413,-0.000054,0.999999,-0.001152,0.001246,-0.000007,0.000072,-0.001113,0.000000
56243.870944,-1,-0.005102,-0.000053,0.076907,0.005955,0.005417,-0.000033,0.999999,-0.001140,0.001228,-0.000007,-0.000024,-0.000864,0.000000
56243.920943,-1,-0.005094,-0.000048,0.076907,0.005901,0.005402,-0.000011,0.999999,-0.001131,0.001219,-0.000007,0.000212,0.000000,0.000000
56243.970948,-1,-0.005090,-0.000044,0.076908,0.005825,0.005360,0.000000,0.999999,-0.001124,0.001216,-0.000007,0.001068,0.000000,0.000000
56244.020946,-1,-0.005094,-0.000046,0.076908,0.005756,0.005310,0.000000,0.999999,-0.001119,0.001225,-0.000007,0.000000,0.000210,0.000000
56244.071026,-1,-0.005101,-0.000052,0.076906,0.005707,0.005257,0.000000,0.999999,-0.001119,0.001242,-0.000007,0.000000,0.001063,0.000000
56244.120935,-1,-0.005110,-0.000062,0.076903,0.005848,0.005356,-0.000003,0.999999,-0.001127,0.001263,-0.000007,-0.001064,0.001065,0.000000
56244.170941,-1,-0.005120,-0.000076,0.076899,0.005844,0.005318,-0.000020,0.999999,-0.001144,0.001282,-0.000007,0.000047,0.001112,0.000000
56244.220944,-1,-0.005128,-0.000093,0.076895,0.005867,0.005295,-0.000030,0.999998,-0.001166,0.001303,-0.000007,-0.001065,0.001079,0.000000
56244.270940,-1,-0.005134,-0.000109,0.076893,0.005905,0.005295,-0.000026,0.999998,-0.001185,0.001309,-0.000007,-0.001065,0.000992,0.000000
56244.320943,-1,-0.005137,-0.000126,0.076893,0.005959,0.005318,-0.000007,0.999998,-0.001206,0.001315,-0.000007,-0.001065,0.000000,0.000000
56244.371015,-1,-0.005135,-0.000139,0.076895,0.006020,0.005367,0.000000,0.999998,-0.001221,0.001315,-0.000007,0.000024,0.000000,0.000000
56244.420940,-1,-0.005128,-0.000148,0.076898,0.006081,0.005432,0.000000,0.999998,-0.001229,0.001304,-0.000007,0.000000,-0.001065,0.000000
56244.470933,-1,-0.005118,-0.000153,0.076900,0.006126,0.005505,0.000000,0.999998,-0.001229,0.001284,-0.000007,0.000000,-0.001065,0.000000
56244.520935,-1,-0.005105,-0.000153,0.076900,0.006142,0.005577,0.000000,0.999998,-0.001219,0.001259,-0.000007,-0.000051,0.000040,0.000000
56244.570952,-1,-0.005086,-0.000143,0.076899,0.006161,0.005653,0.000000,0.999999,-0.001206,0.001234,-0.000007,0.000682,-0.000616,0.000000
56244.620932,-1,-0.005082,-0.000143,0.076896,0.006096,0.005657,0.000000,0.999999,-0.001188,0.001223,-0.000007,0.000993,-0.000002,0.000000
56244.670930,-1,-0.005074,-0.000136,0.076893,0.006050,0.005672,0.000000,0.999999,-0.001170,0.001216,-0.000007,0.000681,-0.000992,0.000000
56244.720937,-1,-0.005070,-0.000130,0.076892,0.005997,0.005665,0.000000,0.999999,-0.001155,0.001212,-0.000007,0.001014,0.000000,0.000000
56244.770946,-1,-0.005103,-0.000158,0.076892,0.005703,0.005421,0.000000,0.999999,-0.001146,0.001216,-0.000007,0.000001,0.001529,0.000000
56244.820935,-1,-0.005077,-0.000128,0.076894,0.005814,0.005531,0.000000,0.999999,-0.001154,0.001239,-0.000007,0.000000,0.001068,0.000000
56244.870943,-1,-0.005111,-0.000157,0.076897,0.005608,0.005333,0.000000,0.999999,-0.001162,0.001266,-0.000007,-0.000852,0.001065,0.000000
56244.920931,-1,-0.005118,-0.000161,0.076899,0.005619,0.005322,0.000000,0.999998,-0.001175,0.001292,-0.000007,-0.001065,0.001065,0.000000
56244.970944,-1,-0.005091,-0.000135,0.076897,0.005833,0.005489,-0.000067,0.999998,-0.001194,0.001311,-0.000007,-0.000385,0.000001,0.000000
56245.020933,-1,-0.005120,-0.000164,0.076896,0.005711,0.005348,-0.000051,0.999998,-0.001198,0.001317,-0.000007,-0.001101,-0.000042,0.000000
56245.070944,-1,-0.005114,-0.000162,0.076896,0.005795,0.005398,-0.000028,0.999998,-0.001211,0.001317,-0.000007,-0.000200,0.000000,0.000000
56245.120931,-1,-0.005100,-0.000155,0.076897,0.005871,0.005463,0.000000,0.999998,-0.001207,0.001297,-0.000007,0.001079,-0.001745,0.000000
56245.170983,-1,-0.005098,-0.000157,0.076900,0.005814,0.005409,0.000000,0.999998,-0.001193,0.001269,-0.000007,0.000000,-0.000450,0.000000
56245.220935,-1,-0.005097,-0.000160,0.076903,0.005756,0.005371,0.000000,0.999999,-0.001180,0.001247,-0.000007,0.000000,-0.001065,0.000000
56245.270948,-1,-0.005084,-0.000151,0.076906,0.005733,0.005371,0.000000,0.999999,-0.001172,0.001232,-0.000007,0.000000,-0.000002,0.000000
56245.320940,-1,-0.005074,-0.000143,0.076906,0.005730,0.005398,0.000000,0.999999,-0.001170,0.001223,-0.000007,0.001063,-0.000212,0.000000
56245.370940,-1,-0.005065,-0.000135,0.076904,0.005737,0.005436,0.000000,0.999999,-0.001162,0.001219,-0.000007,0.000000,0.000680,0.000000
56245.420925,-1,-0.005059,-0.000127,0.076899,0.005737,0.005455,-0.000083,0.999999,-0.001157,0.001226,-0.000007,-0.000051,0.000000,0.000000
56245.470938,-1,-0.005056,-0.000122,0.076895,0.005730,0.005447,-0.000081,0.999999,-0.001147,0.001226,-0.000007,0.000000,0.000000,0.000000
56245.520975,-1,-0.005054,-0.000121,0.076894,0.005714,0.005413,-0.000070,0.999999,-0.001140,0.001227,-0.000007,0.000000,-0.000026,0.000000
56245.570946,-1,-0.005052,-0.000124,0.076895,0.005703,0.005363,-0.000040,0.999999,-0.001140,0.001231,-0.000007,0.000000,-0.000043,0.000000
56245.620930,-1,-0.005051,-0.000133,0.076898,0.005695,0.005302,0.000000,0.999999,-0.001140,0.001234,-0.000007,0.000000,0.000000,0.000000
56245.670929,-1,-0.005049,-0.000147,0.076902,0.005688,0.005234,0.000000,0.999999,-0.001152,0.001235,-0.000007,-0.001071,0.000200,0.000000
56245.720933,-1,-0.005046,-0.000166,0.076904,0.005692,0.005184,0.000000,0.999999,-0.001173,0.001239,-0.000007,-0.000214,0.000000,0.000000
56245.770928,-1,-0.005041,-0.000187,0.076905,0.005703,0.005150,0.000000,0.999999,-0.001189,0.001239,-0.000007,-0.001103,0.000000,0.000000
56245.820929,-1,-0.005034,-0.000210,0.076903,0.005714,0.005142,0.000000,0.999998,-0.001215,0.001239,-0.000007,-0.001016,-0.000449,0.000000
56245.870927,-1,-0.005007,-0.000212,0.076898,0.005726,0.005161,-0.000090,0.999998,-0.001235,0.001232,-0.000007,-0.000854,-0.000992,0.000000
56245.920930,-1,-0.005015,-0.000250,0.076896,0.005726,0.005203,-0.000081,0.999998,-0.001247,0.001218,-0.000007,-0.000616,0.000005,0.000000
56245.970934,-1,-0.004988,-0.000247,0.076897,0.005707,0.005260,-0.000057,0.999998,-0.001252,0.001204,-0.000007,-0.001116,0.000006,0.000000
56246.020928,-1,-0.004999,-0.000276,0.076903,0.005676,0.005329,0.000000,0.999998,-0.001258,0.001199,-0.000007,0.000000,0.000000,0.000000
56246.070932,-1,-0.004994,-0.000281,0.076909,0.005623,0.005394,0.000000,0.999998,-0.001258,0.001190,-0.000007,0.000212,0.000000,0.000000
56246.120924,-1,-0.004975,-0.000264,0.076914,0.005573,0.005470,0.000000,0.999999,-0.001253,0.001190,-0.000007,0.001101,0.000992,0.000000
56246.170927,-1,-0.004995,-0.000278,0.076915,0.005531,0.005527,-0.000100,0.999999,-0.001234,0.001196,-0.000007,0.001089,0.000000,0.000000
56246.220928,-1,-0.004981,-0.000254,0.076917,0.005493,0.005562,-0.000071,0.999999,-0.001212,0.001205,-0.000007,0.001070,0.000002,0.000000
56246.270928,-1,-0.004986,-0.000247,0.076920,0.005466,0.005573,-0.000029,0.999999,-0.001197,0.001210,-0.000007,0.001079,-0.000047,0.000000
56246.320929,-1,-0.004993,-0.000242,0.076923,0.005451,0.005566,0.000000,0.999999,-0.001179,0.001220,-0.000007,-0.000006,0.001070,0.000000
56246.370974,-1,-0.004998,-0.000239,0.076924,0.005459,0.005539,0.000000,0.999999,-0.001171,0.001233,-0.000007,0.000000,0.001015,0.000000
56246.420929,-1,-0.005019,-0.000256,0.076921,0.005424,0.005440,-0.000074,0.999999,-0.001163,0.001240,-0.000007,0.000000,0.000680,0.000000
56246.470936,-1,-0.005007,-0.000247,0.076916,0.005516,0.005447,-0.000076,0.999999,-0.001185,0.001263,-0.000007,0.000006,0.000201,0.000000
56246.520932,-1,-0.005014,-0.000264,0.076911,0.005459,0.005302,-0.000080,0.999998,-0.001204,0.001274,-0.000007,-0.001065,-0.000047,0.000000
56246.570989,-1,-0.004991,-0.000257,0.076906,0.005630,0.005402,-0.000079,0.999998,-0.001232,0.001276,-0.000007,0.000003,0.000000,0.000000
56246.620924,-1,-0.004975,-0.000263,0.076901,0.005737,0.005463,-0.000080,0.999998,-0.001242,0.001257,-0.000007,0.000001,-0.001065,0.000000
56246.670938,-1,-0.004955,-0.000266,0.076898,0.005810,0.005520,-0.000073,0.999998,-0.001242,0.001222,-0.000007,0.000000,-0.001067,0.000000
56246.720927,-1,-0.004933,-0.000266,0.076899,0.005836,0.005566,-0.000053,0.999999,-0.001236,0.001189,-0.000007,0.000000,-0.001066,0.000000
56246.770968,-1,-0.004912,-0.000266,0.076902,0.005829,0.005600,-0.000007,0.999999,-0.001230,0.001162,-0.000007,0.000002,-0.001717,0.000000
56246.820926,-1,-0.004895,-0.000267,0.076906,0.005741,0.005585,0.000000,0.999999,-0.001219,0.001135,-0.000007,0.000002,-0.000002,0.000000
56246.870931,-1,-0.004881,-0.000267,0.076910,0.005653,0.005569,0.000000,0.999999,-0.001219,0.001127,-0.000007,0.000000,0.000000,0.000000
56246.920922,-1,-0.004876,-0.000272,0.076910,0.005524,0.005516,-0.000143,0.999999,-0.001219,0.001135,-0.000007,0.000000,0.001065,0.000000
56246.970933,-1,-0.004885,-0.000289,0.076909,0.005405,0.005451,-0.000130,0.999999,-0.001227,0.001155,-0.000007,-0.001101,0.001113,0.000000
56247.020973,-1,-0.004879,-0.000289,0.076912,0.005371,0.005459,-0.000091,0.999999,-0.001241,0.001179,-0.000007,0.000000,0.001066,0.000000
56247.070937,-1,-0.004880,-0.000296,0.076919,0.005383,0.005497,-0.000034,0.999999,-0.001249,0.001198,-0.000007,-0.000001,-0.000051,0.000000
56247.120923,-1,-0.004876,-0.000298,0.076926,0.005428,0.005554,0.000000,0.999998,-0.001254,0.001207,-0.000007,0.000025,0.000000,0.000000
56247.170960,-1,-0.004871,-0.000298,0.076930,0.005474,0.005608,-0.000136,0.999998,-0.001249,0.001207,-0.000007,-0.000005,0.000000,0.000000
56247.220923,-1,-0.004862,-0.000296,0.076930,0.005516,0.005646,-0.000166,0.999999,-0.001244,0.001203,-0.000007,0.000383,-0.001063,0.000000
56247.270932,-1,-0.004851,-0.000293,0.076931,0.005543,0.005669,-0.000129,0.999999,-0.001233,0.001189,-0.000007,0.000073,-0.000616,0.000000
56247.320924,-1,-0.004839,-0.000292,0.076933,0.005554,0.005669,-0.000094,0.999999,-0.001222,0.001171,-0.000007,0.000002,0.000036,0.000000
56247.370883,-1,-0.004828,-0.000291,0.076934,0.005543,0.005653,-0.000076,0.999999,-0.001222,0.001163,-0.000007,0.000000,-0.000213,0.000000
56247.420926,-1,-0.004817,-0.000294,0.076933,0.005516,0.005630,-0.000083,0.999999,-0.001218,0.001154,-0.000007,0.000000,-0.001106,0.000000
56247.470935,-1,-0.004793,-0.000280,0.076929,0.005535,0.005665,-0.000094,0.999999,-0.001218,0.001149,-0.000007,0.000000,0.000000,0.000000
56247.520921,-1,-0.004789,-0.000287,0.076922,0.005474,0.005619,-0.000197,0.999999,-0.001224,0.001143,-0.000007,0.000001,-0.000001,0.000000
56247.570975,-1,-0.004789,-0.000297,0.076917,0.005356,0.005535,-0.000174,0.999999,-0.001233,0.001150,-0.000007,-0.001106,0.000002,0.000000
56247.620922,-1,-0.004793,-0.000307,0.076917,0.005375,0.005596,-0.000137,0.999999,-0.001245,0.001163,-0.000007,-0.000383,0.000052,0.000000
56247.670971,-1,-0.004799,-0.000316,0.076922,0.005283,0.005543,-0.000089,0.999999,-0.001256,0.001178,-0.000007,-0.000002,0.001063,0.000000
56247.720919,-1,-0.004806,-0.000323,0.076928,0.005325,0.005623,-0.000034,0.999998,-0.001265,0.001194,-0.000018,0.000000,-0.000024,-0.000001
56247.770926,-1,-0.004812,-0.000327,0.076933,0.005337,0.005661,-0.000091,0.999998,-0.001265,0.001203,-0.000018,0.000000,0.000864,0.000000
56247.820920,-1,-0.004816,-0.000328,0.076933,0.005363,0.005707,-0.000182,0.999998,-0.001268,0.001209,-0.000018,-0.000002,0.000000,0.000000
56247.870939,-1,-0.004815,-0.000322,0.076933,0.005398,0.005760,-0.000140,0.999998,-0.001262,0.001209,-0.000018,-0.000006,0.000000,0.000000
56247.920922,-1,-0.004815,-0.000319,0.076934,0.005428,0.005791,-0.000107,0.999998,-0.001255,0.001209,-0.000018,0.000002,0.000000,0.000000
56247.970941,-1,-0.004809,-0.000310,0.076934,0.005470,0.005821,-0.000087,0.999999,-0.001244,0.001196,-0.000018,0.000002,-0.000212,0.000000
56248.020923,-1,-0.004800,-0.000300,0.076932,0.005493,0.005840,-0.000078,0.999999,-0.001236,0.001180,-0.000018,0.000000,-0.000450,0.000000
56248.070956,-1,-0.004790,-0.000290,0.076927,0.005501,0.005844,-0.000081,0.999999,-0.001227,0.001165,-0.000018,0.001101,-0.001063,0.000000
56248.120911,-1,-0.004781,-0.000282,0.076920,0.005489,0.005836,-0.000090,0.999999,-0.001217,0.001152,-0.000018,0.000199,0.000047,0.000000
56248.170918,-1,-0.004774,-0.000275,0.076913,0.005463,0.005814,-0.000100,0.999999,-0.001211,0.001146,-0.000018,0.001064,-0.000003,0.000000
56248.220923,-1,-0.004769,-0.000271,0.076906,0.005424,0.005775,-0.000104,0.999999,-0.001200,0.001138,-0.000018,-0.000014,0.000000,0.000000
56248.270915,-1,-0.004767,-0.000272,0.076902,0.005375,0.005722,-0.000096,0.999999,-0.001195,0.001134,-0.000018,0.000003,-0.000003,0.000000
56248.320920,-1,-0.004734,-0.000238,0.076900,0.005322,0.005657,-0.000082,0.999999,-0.001201,0.001141,-0.000018,0.000005,-0.000001,0.000000
56248.370932,-1,-0.004740,-0.000248,0.076902,0.005272,0.005604,-0.000057,0.999999,-0.001204,0.001149,-0.000018,-0.001101,0.000001,0.000000
56248.420919,-1,-0.004786,-0.000300,0.076906,0.005241,0.005558,-0.000005,0.999999,-0.001222,0.001164,-0.000018,-0.001065,0.001101,0.000000
56248.470959,-1,-0.004796,-0.000315,0.076912,0.005230,0.005535,0.000000,0.999999,-0.001243,0.001182,-0.000018,-0.000854,0.001089,0.000000
56248.520922,-1,-0.004805,-0.000329,0.076916,0.005241,0.005539,0.000000,0.999998,-0.001260,0.001197,-0.000018,-0.000035,-0.000024,0.000000
56248.570922,-1,-0.004775,-0.000303,0.076917,0.005260,0.005554,-0.000007,0.999998,-0.001279,0.001205,-0.000018,-0.000001,0.000000,0.000000
56248.620925,-1,-0.004816,-0.000352,0.076914,0.005302,0.005600,-0.000139,0.999998,-0.001286,0.001205,-0.000018,0.000000,0.000000,0.000000
56248.670917,-1,-0.004779,-0.000319,0.076912,0.005352,0.005665,-0.000113,0.999998,-0.001293,0.001205,-0.000018,0.000000,0.000000,0.000000
56248.720921,-1,-0.004811,-0.000359,0.076914,0.005402,0.005733,-0.000088,0.999998,-0.001293,0.001193,-0.000018,0.000000,0.000014,0.000000
56248.770920,-1,-0.004766,-0.000315,0.076915,0.005440,0.005814,-0.000064,0.999998,-0.001293,0.001178,-0.000018,0.000000,-0.001101,0.000000
56248.820921,-1,-0.004793,-0.000344,0.076918,0.005455,0.005882,-0.000026,0.999999,-0.001276,0.001156,-0.000018,0.000051,0.000001,0.000000
56248.870917,-1,-0.004783,-0.000330,0.076919,0.005447,0.005936,-0.000001,0.999999,-0.001259,0.001141,-0.000018,0.001107,-0.001101,0.000000
56248.920919,-1,-0.004738,-0.000274,0.076918,0.005589,0.006145,0.000000,0.999999,-0.001238,0.001125,-0.000018,0.001521,-0.001065,0.000000
56248.970940,-1,-0.004733,-0.000257,0.076915,0.005539,0.006145,-0.000009,0.999999,-0.001206,0.001110,-0.000018,0.001065,-0.000001,0.000000
56249.020920,-1,-0.004735,-0.000244,0.076910,0.005413,0.006054,-0.000032,0.999999,-0.001189,0.001107,-0.000018,0.000200,0.001116,0.000992
56249.070909,-1,-0.004771,-0.000268,0.076904,0.005154,0.005791,-0.000058,0.999999,-0.001188,0.001126,-0.000013,0.001068,0.001066,0.000000
56249.120919,-1,-0.004778,-0.000259,0.076899,0.005154,0.005779,-0.000068,0.999999,-0.001191,0.001158,-0.000013,-0.000853,0.001017,0.000000
56249.170927,-1,-0.004784,-0.000251,0.076895,0.005180,0.005772,-0.000067,0.999999,-0.001201,0.001182,-0.000013,0.000024,-0.000034,0.000000
56249.220912,-1,-0.004789,-0.000245,0.076895,0.005222,0.005768,-0.000048,0.999999,-0.001201,0.001191,-0.000008,-0.000864,0.000000,0.000000
56249.270933,-1,-0.004791,-0.000239,0.076898,0.005272,0.005764,-0.000005,0.999999,-0.001207,0.001197,-0.000008,0.000000,0.000000,0.000000
56249.320919,-1,-0.004790,-0.000234,0.076902,0.005325,0.005760,0.000000,0.999999,-0.001213,0.001197,-0.000008,0.000000,-0.000212,0.000000
56249.370940,-1,-0.004750,-0.000189,0.076905,0.005367,0.005760,0.000000,0.999999,-0.001207,0.001182,-0.000008,0.000000,-0.001063,0.000000
56249.420918,-1,-0.004744,-0.000184,0.076907,0.005390,0.005749,0.000000,0.999999,-0.001200,0.001163,-0.000008,0.000199,-0.001065,0.000000
56249.470933,-1,-0.004738,-0.000180,0.076905,0.005390,0.005730,-0.000040,0.999999,-0.001199,0.001146,-0.000008,0.000000,-0.001023,0.000000
56249.520916,-1,-0.004732,-0.000176,0.076901,0.005531,0.005871,-0.000070,0.999999,-0.001195,0.001135,-0.000008,0.000002,0.000001,0.000000
56249.570932,-1,-0.004730,-0.000177,0.076899,0.005493,0.005833,-0.000064,0.999999,-0.001203,0.001128,-0.000008,0.000004,0.000000,0.000000
56249.620920,-1,-0.004731,-0.000179,0.076900,0.005451,0.005814,-0.000039,0.999999,-0.001203,0.001128,-0.000008,-0.000049,0.000000,0.000000
56249.670926,-1,-0.004736,-0.000182,0.076901,0.005402,0.005798,-0.000009,0.999999,-0.001209,0.001128,-0.000008,0.000000,0.000449,0.000000
56249.720928,-1,-0.004745,-0.000185,0.076903,0.005356,0.005795,0.000000,0.999999,-0.001217,0.001143,-0.000008,0.000000,0.001106,0.000000
56249.770918,-1,-0.004756,-0.000186,0.076905,0.005329,0.005806,0.000000,0.999999,-0.001223,0.001164,-0.000008,0.000000,0.001065,0.000000
56249.820921,-1,-0.004769,-0.000185,0.076906,0.005310,0.005814,0.000000,0.999999,-0.001229,0.001180,-0.000008,0.000000,-0.000014,0.000000
56249.870939,-1,-0.004781,-0.000183,0.076904,0.005322,0.005840,0.000000,0.999999,-0.001229,0.001189,-0.000008,0.000000,0.000000,0.000000
56249.920918,-1,-0.004792,-0.000177,0.076901,0.005344,0.005871,0.000000,0.999999,-0.001223,0.001197,-0.000008,0.000000,0.000000,0.000000
56249.970915,-1,-0.004800,-0.000170,0.076896,0.005383,0.005886,-0.000005,0.999999,-0.001217,0.001203,-0.000008,0.000000,0.000000,0.000000
56250.020925,-1,-0.004806,-0.000161,0.076891,0.005424,0.005901,-0.000031,0.999999,-0.001205,0.001198,-0.000008,-0.000014,-0.000071,0.000000
56250.070971,-1,-0.004809,-0.000153,0.076888,0.005455,0.005894,-0.000037,0.999999,-0.001197,0.001191,-0.000008,0.000000,-0.000071,0.000000
56250.120914,-1,-0.004810,-0.000147,0.076888,0.005474,0.005875,-0.000014,0.999999,-0.001190,0.001184,-0.000008,0.000000,-0.000002,0.000000
56250.170938,-1,-0.004865,-0.000200,0.076893,0.005241,0.005600,0.000000,0.999999,-0.001186,0.001178,-0.000008,0.000000,0.000036,0.000000
56250.220917,-1,-0.004868,-0.000200,0.076899,0.005230,0.005550,0.000000,0.999999,-0.001192,0.001185,-0.000008,0.000003,0.000002,0.000000
56250.270919,-1,-0.004871,-0.000201,0.076905,0.005241,0.005527,0.000000,0.999999,-0.001202,0.001184,-0.000008,0.000000,0.000000,0.000000
56250.320884,-1,-0.004874,-0.000203,0.076908,0.005245,0.005520,-0.000062,0.999999,-0.001209,0.001184,-0.000008,-0.001101,0.000000,0.000000
56250.370957,-1,-0.004878,-0.000206,0.076909,0.005245,0.005520,-0.000024,0.999999,-0.001216,0.001184,-0.000008,0.000000,0.000000,0.000000
56250.420909,-1,-0.004882,-0.000206,0.076910,0.005234,0.005516,-0.000005,0.999999,-0.001224,0.001191,-0.000008,-0.001079,-0.000051,0.000000
56250.470914,-1,-0.004888,-0.000207,0.076909,0.005241,0.005539,0.000000,0.999999,-0.001232,0.001198,-0.000008,-0.001106,0.000001,0.000000
56250.520956,-1,-0.004873,-0.000186,0.076908,0.005268,0.005585,0.000000,0.999999,-0.001241,0.001203,-0.000008,0.000000,0.000002,0.000000
56250.570923,-1,-0.004874,-0.000179,0.076904,0.005295,0.005642,-0.000011,0.999999,-0.001241,0.001197,-0.000008,0.000000,0.000000,0.000000
56250.620915,-1,-0.004874,-0.000168,0.076899,0.005314,0.005692,-0.000034,0.999999,-0.001230,0.001189,-0.000008,0.001101,0.000000,0.000000
56250.670913,-1,-0.004874,-0.000154,0.076895,0.005379,0.005783,-0.000047,0.999999,-0.001210,0.001181,-0.000008,0.001016,-0.000680,0.000000
56250.720913,-1,-0.004875,-0.000139,0.076892,0.005363,0.005791,-0.000041,0.999999,-0.001191,0.001174,-0.000008,0.001065,0.000000,0.000000
56250.770905,-1,-0.004878,-0.000125,0.076893,0.005280,0.005718,-0.000017,0.999999,-0.001173,0.001168,-0.000008,0.000002,0.000000,0.000000
56250.820918,-1,-0.004883,-0.000111,0.076896,0.005314,0.005749,0.000000,0.999999,-0.001165,0.001173,-0.000008,0.001090,-0.000048,0.000000
56250.870911,-1,-0.004891,-0.000101,0.076900,0.005291,0.005703,0.000000,0.999999,-0.001152,0.001176,-0.000008,-0.000042,0.001067,0.000000
56250.920918,-1,-0.004899,-0.000095,0.076905,0.005219,0.005581,0.000000,0.999999,-0.001150,0.001188,-0.000008,0.000000,-0.000041,0.000000
56250.970918,-1,-0.004907,-0.000094,0.076907,0.005222,0.005512,-0.000007,0.999999,-0.001150,0.001199,-0.000008,0.000000,-0.000036,0.000000
56251.020907,-1,-0.004911,-0.000095,0.076905,0.005238,0.005436,-0.000083,0.999999,-0.001157,0.001208,-0.000008,-0.001065,-0.000051,0.000000
56251.070918,-1,-0.004916,-0.000104,0.076904,0.005329,0.005440,-0.000068,0.999999,-0.001184,0.001219,-0.000008,-0.001065,0.000214,0.000000
56251.120904,-1,-0.004920,-0.000118,0.076905,0.005375,0.005405,-0.000042,0.999999,-0.001216,0.001229,-0.000008,-0.001059,0.000864,0.000000
56251.170942,-1,-0.004916,-0.000130,0.076907,0.005447,0.005413,-0.000005,0.999998,-0.001238,0.001235,-0.000008,-0.001065,0.000000,0.000000
56251.220967,-1,-0.004911,-0.000136,0.076908,0.005436,0.005371,0.000000,0.999998,-0.001254,0.001230,-0.000008,-0.001065,-0.000614,0.000000
56251.271015,-1,-0.004911,-0.000136,0.076908,0.005436,0.005371,0.000000,0.999998,-0.001254,0.001230,-0.000008,-0.001065,-0.000614,0.000000
56251.320967,-1,-0.004911,-0.000136,0.076908,0.005436,0.005371,0.000000,0.999998,-0.001254,0.001230,-0.000008,-0.001065,-0.000614,0.000000
56251.370961,-1,-0.004911,-0.000136,0.076908,0.005436,0.005371,0.000000,0.999998,-0.001254,0.001230,-0.000008,-0.001065,-0.000614,0.000000
56251.420994,-1,-0.004911,-0.000136,0.076908,0.005436,0.005371,0.000000,0.999998,-0.001254,0.001230,-0.000008,-0.001065,-0.000614,0.000000
56251.470959,-1,-0.004911,-0.000136,0.076908,0.005436,0.005371,0.000000,0.999998,-0.001254,0.001230,-0.000008,-0.001065,-0.000614,0.000000
56251.520964,-1,-0.004911,-0.000136,0.076908,0.005436,0.005371,0.000000,0.999998,-0.001254,0.001230,-0.000008,-0.001065,-0.000614,0.000000
56251.570974,-1,-0.004911,-0.000136,0.076908,0.005436,0.005371,0.000000,0.999998,-0.001254,0.001230,-0.000008,-0.001065,-0.000614,0.000000
56251.620960,-1,-0.004911,-0.000136,0.076908,0.005436,0.005371,0.000000,0.999998,-0.001254,0.001230,-0.000008,-0.001065,-0.000614,0.000000
56251.670943,-1,-0.004911,-0.000136,0.076908,0.005436,0.005371,0.000000,0.999998,-0.001254,0.001230,-0.000008,-0.001065,-0.000614,0.000000
56251.720998,-1,-0.004911,-0.000136,0.076908,0.005436,0.005371,0.000000,0.999998,-0.001254,0.001230,-0.000008,-0.001065,-0.000614,0.000000
56251.771033,-1,-0.004911,-0.000136,0.076908,0.005436,0.005371,0.000000,0.999998,-0.001254,0.001230,-0.000008,-0.001065,-0.000614,0.000000
56251.820928,-1,-0.004911,-0.000136,0.076908,0.005436,0.005371,0.000000,0.999998,-0.001254,0.001230,-0.000008,-0.001065,-0.000614,0.000000
