timestamp,solve_num,x,y,z,vx,vy,vz,qw,qx,qy,qz,wx,wy,wz,fz,mx,my,mz,acc_x,acc_y,acc_z
56121.971694,0,1.004844,0.999090,2.983279,-0.011253,-0.009598,0.000642,0.999995,0.002173,-0.002395,0.000007,0.000992,-0.001929,0.000000,0.080000,9.884675,-9.869454,0.000065,-0.014193,-0.012879,-6.847099
56122.021677,0,1.004282,0.998610,2.983311,-0.011963,-0.010242,-0.341713,0.999995,0.002198,-0.002443,0.000007,0.495226,-0.495402,0.000002,0.080000,5.134015,-5.153779,0.000050,-0.014478,-0.013025,-6.847101
56122.071675,0,1.003684,0.998098,2.966225,-0.012687,-0.010893,-0.684068,0.999784,0.014576,-0.014826,0.000010,0.751926,-0.753091,0.000003,0.080000,1.311982,-1.315238,0.001322,-0.087837,-0.086361,-6.849599
56122.121669,0,1.003049,0.997554,2.932022,-0.017079,-0.015211,-1.026548,0.998877,0.033359,-0.033637,0.000014,0.817526,-0.818853,0.000041,0.080000,-1.731028,1.764631,0.001922,-0.199104,-0.197464,-6.860336
56122.171667,0,1.002195,0.996793,2.880694,-0.027034,-0.025084,-1.369564,0.997090,0.053752,-0.054062,0.000020,0.730975,-0.730620,0.000095,0.080000,-4.124108,4.188233,0.001223,-0.319431,-0.317609,-6.881479
56122.221667,0,1.000844,0.995539,2.812216,-0.043006,-0.040965,-1.713638,0.994788,0.071949,-0.072250,0.000028,0.524773,-0.521206,0.000130,0.258082,-5.446715,5.433444,-0.000631,-1.373988,-1.368340,-0.450161
56122.271670,0,0.998693,0.993491,2.726534,-0.111705,-0.109382,-1.736146,0.992733,0.084986,-0.085198,0.000042,0.252439,-0.249531,0.000112,0.330613,-5.555506,5.527031,-0.000186,-2.071235,-2.066254,2.080277
56122.321672,0,0.993108,0.988022,2.639727,-0.215267,-0.212694,-1.632133,0.991626,0.091247,-0.091387,0.000052,-0.025335,0.026822,0.000107,0.304175,-4.954845,4.928675,0.000086,-2.041743,-2.038833,1.079977
56122.371665,0,0.982345,0.977387,2.558120,-0.317354,-0.314636,-1.578134,0.991745,0.090619,-0.090723,0.000058,-0.273077,0.273255,0.000109,0.285767,-3.899146,3.896721,-0.000419,-1.904446,-1.902496,0.425925
56122.421674,0,0.966477,0.961655,2.479214,-0.412576,-0.409761,-1.556837,0.992937,0.083844,-0.083944,0.000061,-0.468036,0.468090,0.000098,0.277507,-2.660750,2.668028,-0.000644,-1.713272,-1.711431,0.178670
56122.471665,0,0.945848,0.941167,2.401372,-0.498240,-0.495332,-1.547904,0.994764,0.072215,-0.072316,0.000062,-0.601075,0.601490,0.000079,0.277518,-1.407982,1.416606,-0.000633,-1.478710,-1.476832,0.253732
56122.521676,0,0.920936,0.916400,2.323977,-0.572175,-0.569174,-1.535217,0.996711,0.057253,-0.057345,0.000063,-0.671476,0.672319,0.000061,0.282202,-0.258187,0.265001,-0.000542,-1.194721,-1.192942,0.504665
56122.571649,0,0.892328,0.887942,2.247216,-0.631911,-0.628821,-1.509984,0.998355,0.040508,-0.040582,0.000064,-0.684387,0.685567,0.000046,0.288132,0.710337,-0.706220,-0.000445,-0.864674,-0.863210,0.791391
56122.621673,0,0.860732,0.856501,2.171717,-0.675145,-0.671982,-1.470415,0.999450,0.023419,-0.023466,0.000065,-0.648871,0.650255,0.000033,0.292964,1.453489,-1.452044,-0.000364,-0.508915,-0.507967,1.016654
56122.671668,0,0.826975,0.822902,2.098196,-0.700591,-0.697380,-1.419582,0.999948,0.007203,-0.007217,0.000066,-0.576197,0.577652,0.000023,0.295603,1.956414,-1.957270,-0.000300,-0.158017,-0.157724,1.136000
56122.721706,0,0.791945,0.788033,2.027217,-0.708492,-0.705266,-1.362782,0.999948,-0.007201,0.007221,0.000067,-0.478377,0.479788,0.000014,0.295970,2.227661,-2.230339,-0.000249,0.158285,0.157866,1.149559
56122.771657,0,0.756521,0.752769,1.959078,-0.700577,-0.697373,-1.305304,0.999632,-0.019157,0.019211,0.000067,-0.366994,0.368271,0.000007,0.294604,2.292770,-2.296771,-0.000206,0.419054,0.417938,1.085187
56122.821693,0,0.721492,0.717901,1.893812,-0.679625,-0.676476,-1.251045,0.999195,-0.028327,0.028412,0.000067,-0.252356,0.253432,0.000001,0.292294,2.187964,-2.192810,-0.000169,0.614613,0.612870,0.980836
56122.871664,0,0.687511,0.684077,1.831260,-0.648894,-0.645832,-1.202003,0.998796,-0.034630,0.034740,0.000067,-0.142958,0.143791,-0.000003,0.289781,1.954576,-1.959823,-0.000138,0.744765,0.742498,0.870981
56122.921656,0,0.655066,0.651785,1.771160,-0.611656,-0.608707,-1.158454,0.998535,-0.038199,0.038330,0.000067,-0.045229,0.045800,-0.000007,0.287589,1.634576,-1.639831,-0.000113,0.815292,0.812620,0.779054
56122.971663,0,0.624483,0.621350,1.713237,-0.570891,-0.568077,-1.119501,0.998446,-0.039329,0.039473,0.000066,0.036500,-0.036191,-0.000011,0.285965,1.267284,-1.272217,-0.000094,0.834793,0.831840,0.715513
56123.021665,0,0.595938,0.592946,1.657262,-0.529151,-0.526484,-1.083725,0.998517,-0.038417,0.038570,0.000065,0.099864,-0.099802,-0.000013,0.284918,0.887162,-0.891514,-0.000082,0.812760,0.809650,0.679955
56123.071666,0,0.569481,0.566622,1.603076,-0.488513,-0.486002,-1.049728,0.998703,-0.035924,0.036079,0.000065,0.144222,-0.144378,-0.000016,0.284304,0.522500,-0.526090,-0.000074,0.758765,0.755614,0.665195
56123.121661,0,0.545055,0.542322,1.550590,-0.450575,-0.448221,-1.016468,0.998950,-0.032323,0.032474,0.000064,0.170347,-0.170682,-0.000018,0.283924,0.194829,-0.197551,-0.000070,0.682206,0.679120,0.661560
56123.171677,0,0.522526,0.519911,1.499766,-0.416465,-0.414265,-0.983390,0.999208,-0.028068,0.028211,0.000063,0.180088,-0.180560,-0.000020,0.283594,-0.081117,0.079299,-0.000068,0.592117,0.589187,0.660231
56123.221663,0,0.501703,0.499197,1.450597,-0.386859,-0.384806,-0.950378,0.999441,-0.023568,0.023700,0.000062,0.176032,-0.176595,-0.000022,0.283192,-0.296988,0.296048,-0.000067,0.496853,0.494149,0.655143
56123.271675,0,0.482360,0.479957,1.403078,-0.362016,-0.360099,-0.917621,0.999630,-0.019169,0.019288,0.000061,0.161183,-0.161793,-0.000023,0.282663,-0.450081,0.449942,-0.000067,0.403670,0.401242,0.643515
56123.321644,0,0.464259,0.461952,1.357197,-0.341833,-0.340036,-0.885445,0.999769,-0.015141,0.015244,0.000061,0.138679,-0.139296,-0.000025,0.282015,-0.542389,0.542937,-0.000066,0.318360,0.316235,0.625352
56123.371648,0,0.447168,0.444950,1.312925,-0.325915,-0.324225,-0.854178,0.999863,-0.011674,0.011763,0.000060,0.111559,-0.112149,-0.000027,0.281291,-0.579533,0.580632,-0.000065,0.245044,0.243228,0.602450
56123.421661,0,0.430872,0.428739,1.270216,-0.313663,-0.312063,-0.824055,0.999920,-0.008885,0.008959,0.000059,0.082582,-0.083118,-0.000029,0.280546,-0.569673,0.571173,-0.000062,0.186163,0.184644,0.577296
56123.471659,0,0.415189,0.413136,1.229013,-0.304354,-0.302831,-0.795190,0.999953,-0.006821,0.006882,0.000058,0.054099,-0.054559,-0.000031,0.279832,-0.522475,0.524226,-0.000059,0.142633,0.141385,0.552192
56123.521663,0,0.399971,0.397994,1.189253,-0.297223,-0.295762,-0.767581,0.999970,-0.005468,0.005518,0.000058,0.027975,-0.028348,-0.000033,0.279180,-0.448190,0.450049,-0.000055,0.114101,0.113088,0.528736
56123.571732,0,0.385110,0.383206,1.150874,-0.291518,-0.290107,-0.741144,0.999977,-0.004769,0.004809,0.000057,0.005565,-0.005846,-0.000034,0.278602,-0.356879,0.358720,-0.000051,0.099243,0.098421,0.507658
56123.621660,0,0.370534,0.368701,1.113817,-0.286556,-0.285186,-0.715761,0.999978,-0.004630,0.004663,0.000056,-0.012279,0.012090,-0.000036,0.278095,-0.257807,0.259523,-0.000046,0.096052,0.095375,0.488932
56123.671656,0,0.356206,0.354442,1.078029,-0.281753,-0.280418,-0.691315,0.999975,-0.004937,0.004965,0.000055,-0.025169,0.025066,-0.000037,0.277643,-0.159005,0.160515,-0.000042,0.102111,0.101533,0.472049
56123.721659,0,0.342119,0.340421,1.043463,-0.276647,-0.275341,-0.667712,0.999969,-0.005566,0.005592,0.000054,-0.033119,0.033092,-0.000038,0.277225,-0.066995,0.068239,-0.000038,0.114823,0.114302,0.456307
56123.771660,0,0.328286,0.326654,1.010078,-0.270906,-0.269626,-0.644897,0.999959,-0.006394,0.006419,0.000053,-0.036469,0.036504,-0.000039,0.276824,0.013342,-0.012397,-0.000035,0.131617,0.131114,0.441069
56123.821662,0,0.314741,0.313172,0.977833,-0.264325,-0.263070,-0.622843,0.999946,-0.007306,0.007332,0.000052,-0.035802,0.035884,-0.000040,0.276429,0.078767,-0.078133,-0.000032,0.150110,0.149594,0.425909
56123.871649,0,0.301525,0.300019,0.946691,-0.256820,-0.255590,-0.601548,0.999933,-0.008201,0.008229,0.000051,-0.031863,0.031978,-0.000041,0.276032,0.127581,-0.127251,-0.000029,0.168232,0.167678,0.410660
56123.921655,0,0.288684,0.287239,0.916613,-0.248408,-0.247207,-0.581015,0.999919,-0.008997,0.009028,0.000050,-0.025484,0.025615,-0.000042,0.275635,0.159457,-0.159406,-0.000026,0.184306,0.183697,0.395383
56123.971658,0,0.276263,0.274879,0.887563,-0.239193,-0.238022,-0.561246,0.999907,-0.009634,0.009668,0.000049,-0.017511,0.017645,-0.000043,0.275240,0.175204,-0.175395,-0.000023,0.197092,0.196421,0.380282
56124.021654,0,0.264304,0.262978,0.859500,-0.229338,-0.228201,-0.542232,0.999898,-0.010072,0.010109,0.000048,-0.008751,0.008875,-0.000043,0.274853,0.176515,-0.176903,-0.000021,0.205792,0.205055,0.365610
56124.071655,0,0.252837,0.251568,0.832389,-0.219049,-0.217948,-0.523951,0.999894,-0.010291,0.010331,0.000047,0.000075,0.000030,-0.000044,0.274480,0.165703,-0.166238,-0.000018,0.210021,0.209223,0.351587
56124.121650,0,0.241884,0.240671,0.806191,-0.208548,-0.207487,-0.506372,0.999894,-0.010289,0.010332,0.000046,0.008360,-0.008282,-0.000044,0.274122,0.145446,-0.146076,-0.000016,0.209763,0.208912,0.338350
56124.171655,0,0.231457,0.230296,0.780873,-0.198060,-0.197041,-0.489454,0.999898,-0.010080,0.010125,0.000045,0.015632,-0.015585,-0.000045,0.273782,0.118560,-0.119235,-0.000013,0.205306,0.204416,0.325936
56124.221653,0,0.221554,0.220444,0.756400,-0.187794,-0.186820,-0.473157,0.999906,-0.009689,0.009735,0.000044,0.021560,-0.021547,-0.000045,0.273459,0.087797,-0.088472,-0.000010,0.197175,0.196261,0.314289
56124.271652,0,0.212164,0.211103,0.732742,-0.177936,-0.177007,-0.457443,0.999916,-0.009150,0.009197,0.000043,0.025950,-0.025971,-0.000045,0.273151,0.055691,-0.056324,-0.000008,0.186058,0.185137,0.303293
56124.321625,0,0.203268,0.202253,0.709870,-0.168633,-0.167750,-0.442278,0.999927,-0.008502,0.008548,0.000041,0.028734,-0.028787,-0.000046,0.272855,0.024436,-0.024997,-0.000005,0.172739,0.171828,0.292805
56124.371652,0,0.194836,0.193865,0.687756,-0.159996,-0.159159,-0.427638,0.999939,-0.007783,0.007828,0.000040,0.029956,-0.030037,-0.000046,0.272569,-0.004183,0.003720,-0.000002,0.158033,0.157146,0.282691
56124.421650,0,0.186836,0.185907,0.666374,-0.152094,-0.151302,-0.413504,0.999950,-0.007035,0.007077,0.000039,0.029747,-0.029851,-0.000046,0.272291,-0.028836,0.028487,0.000000,0.142730,0.141883,0.272844
56124.471655,0,0.179231,0.178342,0.645699,-0.144958,-0.144208,-0.399861,0.999960,-0.006291,0.006331,0.000038,0.028305,-0.028427,-0.000046,0.272020,-0.048646,0.048418,0.000002,0.127555,0.126758,0.263198
56124.521647,0,0.171984,0.171132,0.625706,-0.138580,-0.137870,-0.386702,0.999969,-0.005583,0.005620,0.000037,0.025873,-0.026006,-0.000046,0.271755,-0.063165,0.063059,0.000005,0.113128,0.112391,0.253727
56124.571655,0,0.165055,0.164238,0.606371,-0.132923,-0.132250,-0.374015,0.999975,-0.004936,0.004970,0.000036,0.022714,-0.022853,-0.000046,0.271496,-0.072331,0.072342,0.000007,0.099948,0.099277,0.244438
56124.621647,0,0.158408,0.157626,0.587670,-0.127926,-0.127286,-0.361793,0.999981,-0.004369,0.004399,0.000034,0.019098,-0.019236,-0.000046,0.271245,-0.076403,0.076519,0.000008,0.088378,0.087776,0.235356
56124.671651,0,0.152012,0.151262,0.569580,-0.123507,-0.122897,-0.350025,0.999985,-0.003891,0.003918,0.000033,0.015278,-0.015410,-0.000045,0.271002,-0.075892,0.076097,0.000010,0.078646,0.078113,0.226512
56124.721641,0,0.145837,0.145117,0.552079,-0.119575,-0.118992,-0.338700,0.999988,-0.003509,0.003533,0.000032,0.011483,-0.011605,-0.000045,0.270768,-0.071487,0.071763,0.000012,0.070852,0.070384,0.217934
56124.771642,0,0.139858,0.139167,0.535144,-0.116032,-0.115473,-0.327803,0.999990,-0.003222,0.003243,0.000031,0.007909,-0.008017,-0.000045,0.270542,-0.063982,0.064309,0.000013,0.064979,0.064572,0.209640
56124.821628,0,0.134056,0.133393,0.518754,-0.112783,-0.112244,-0.317321,0.999991,-0.003024,0.003042,0.000030,0.004710,-0.004802,-0.000044,0.270324,-0.054213,0.054571,0.000014,0.060914,0.060561,0.201635
56124.871658,0,0.128417,0.127781,0.502888,-0.109738,-0.109216,-0.307239,0.999992,-0.002907,0.002922,0.000029,0.001999,-0.002073,-0.000044,0.270115,-0.042999,0.043367,0.000015,0.058465,0.058159,0.193910
56124.921651,0,0.122930,0.122320,0.487526,-0.106814,-0.106308,-0.297544,0.999992,-0.002857,0.002870,0.000028,-0.000151,0.000095,-0.000043,0.269913,-0.031100,0.031459,0.000016,0.057386,0.057116,0.186451
56124.971645,0,0.117590,0.117005,0.472649,-0.103945,-0.103452,-0.288221,0.999992,-0.002860,0.002873,0.000027,-0.001706,0.001668,-0.000043,0.269718,-0.019180,0.019515,0.000017,0.057392,0.057150,0.179237
56125.021656,0,0.112392,0.111832,0.458238,-0.101075,-0.100595,-0.279259,0.999992,-0.002903,0.002914,0.000026,-0.002665,0.002644,-0.000043,0.269530,-0.007793,0.008088,0.000018,0.058184,0.057962,0.172248
56125.071648,0,0.107339,0.106803,0.444275,-0.098166,-0.097697,-0.270647,0.999991,-0.002970,0.002980,0.000025,-0.003055,0.003048,-0.000042,0.269347,0.002631,-0.002387,0.000019,0.059464,0.059252,0.165466
56125.121648,0,0.102430,0.101918,0.430742,-0.095193,-0.094734,-0.262374,0.999991,-0.003046,0.003057,0.000023,-0.002923,0.002929,-0.000041,0.269170,0.011780,-0.011595,0.000020,0.060944,0.060736,0.158878
56125.171645,0,0.097671,0.097181,0.417624,-0.092146,-0.091697,-0.254430,0.999990,-0.003119,0.003130,0.000022,-0.002334,0.002349,-0.000041,0.268997,0.019450,-0.019328,0.000020,0.062364,0.062153,0.152477
56125.221648,0,0.093063,0.092596,0.404902,-0.089028,-0.088590,-0.246806,0.999990,-0.003178,0.003189,0.000021,-0.001362,0.001383,-0.000040,0.268830,0.025525,-0.025469,0.000021,0.063494,0.063276,0.146258
56125.271648,0,0.088612,0.088167,0.392562,-0.085853,-0.085426,-0.239493,0.999990,-0.003212,0.003223,0.000020,-0.000085,0.000109,-0.000040,0.268667,0.029961,-0.029970,0.000022,0.064144,0.063915,0.140221
56125.321643,0,0.084319,0.083896,0.380587,-0.082646,-0.082230,-0.232482,0.999990,-0.003214,0.003226,0.000019,0.001413,-0.001389,-0.000039,0.268509,0.032759,-0.032828,0.000023,0.064160,0.063920,0.134366
56125.371630,0,0.080187,0.079784,0.368963,-0.079438,-0.079034,-0.225764,0.999990,-0.003178,0.003191,0.000018,0.003051,-0.003030,-0.000038,0.268356,0.033946,-0.034068,0.000024,0.063434,0.063182,0.128693
56125.421701,0,0.076215,0.075832,0.357675,-0.076266,-0.075875,-0.219329,0.999990,-0.003102,0.003115,0.000017,0.004748,-0.004734,-0.000038,0.268207,0.033555,-0.033721,0.000025,0.061893,0.061631,0.123199
56125.471645,0,0.072402,0.072039,0.346708,-0.073171,-0.072793,-0.213169,0.999991,-0.002983,0.002997,0.000017,0.006426,-0.006420,-0.000037,0.268062,0.031613,-0.031812,0.000026,0.059510,0.059241,0.117878
56125.521640,0,0.068743,0.068399,0.336050,-0.070196,-0.069831,-0.207275,0.999992,-0.002823,0.002837,0.000016,0.008006,-0.008011,-0.000036,0.267922,0.028137,-0.028357,0.000027,0.056294,0.056022,0.112724
56125.571649,0,0.065233,0.064907,0.325686,-0.067381,-0.067030,-0.201639,0.999993,-0.002623,0.002636,0.000015,0.009413,-0.009428,-0.000036,0.267786,0.023135,-0.023359,0.000028,0.052293,0.052024,0.107725
56125.621636,0,0.061864,0.061556,0.315604,-0.064767,-0.064429,-0.196253,0.999994,-0.002387,0.002401,0.000014,0.010570,-0.010596,-0.000035,0.267654,0.016612,-0.016826,0.000029,0.047594,0.047332,0.102868
56125.671644,0,0.058626,0.058334,0.305792,-0.062387,-0.062062,-0.191109,0.999995,-0.002123,0.002136,0.000013,0.011400,-0.011438,-0.000034,0.267525,0.008593,-0.008780,0.000030,0.042322,0.042073,0.098137
56125.721638,0,0.055507,0.055231,0.296236,-0.060271,-0.059959,-0.186203,0.999997,-0.001838,0.001850,0.000012,0.011830,-0.011877,-0.000033,0.267399,-0.000857,0.000713,0.000031,0.036639,0.036408,0.093520
56125.771645,0,0.052493,0.052233,0.286926,-0.058439,-0.058138,-0.181527,0.999998,-0.001542,0.001553,0.000011,0.011787,-0.011841,-0.000032,0.267276,-0.011606,0.011520,0.000032,0.030743,0.030535,0.089004
56125.821639,0,0.049571,0.049326,0.277850,-0.056902,-0.056612,-0.177076,0.999998,-0.001248,0.001257,0.000010,0.011207,-0.011265,-0.000031,0.267155,-0.023421,0.023406,0.000034,0.024872,0.024690,0.084579
56125.871634,0,0.046726,0.046496,0.268996,-0.055658,-0.055377,-0.172847,0.999999,-0.000967,0.000975,0.000010,0.010036,-0.010095,-0.000030,0.267038,-0.035943,0.036009,0.000035,0.019290,0.019137,0.080242
56125.921633,0,0.043943,0.043727,0.260353,-0.054694,-0.054420,-0.168835,0.999999,-0.000717,0.000723,0.000009,0.008239,-0.008294,-0.000029,0.266922,-0.048660,0.048815,0.000036,0.014292,0.014168,0.075994
56125.971638,0,0.041209,0.041006,0.251912,-0.053979,-0.053712,-0.165036,1.000000,-0.000511,0.000515,0.000008,0.005806,-0.005854,-0.000028,0.266810,-0.060897,0.061143,0.000038,0.010188,0.010091,0.071839
56126.021634,0,0.038510,0.038320,0.243660,-0.053470,-0.053207,-0.161444,1.000000,-0.000365,0.000369,0.000007,0.002761,-0.002797,-0.000027,0.266700,-0.071809,0.072142,0.000039,0.007293,0.007220,0.067785
56126.071638,0,0.035836,0.035660,0.235588,-0.053105,-0.052846,-0.158054,1.000000,-0.000296,0.000299,0.000007,-0.000830,0.000811,-0.000026,0.266594,-0.080403,0.080811,0.000040,0.005909,0.005854,0.063839
56126.121641,0,0.033181,0.033018,0.227685,-0.052809,-0.052554,-0.154862,1.000000,-0.000317,0.000319,0.000006,-0.004850,0.004851,-0.000025,0.266490,-0.085572,0.086037,0.000041,0.006307,0.006261,0.060002
56126.171638,0,0.030540,0.030390,0.219942,-0.052494,-0.052240,-0.151862,1.000000,-0.000438,0.000441,0.000005,-0.009128,0.009153,-0.000024,0.266389,-0.086163,0.086659,0.000043,0.008697,0.008651,0.056264
56126.221641,0,0.027916,0.027778,0.212349,-0.052059,-0.051808,-0.149049,1.000000,-0.000667,0.000670,0.000005,-0.013437,0.013486,-0.000023,0.266291,-0.081069,0.081561,0.000044,0.013208,0.013150,0.052602
56126.271638,0,0.025313,0.025188,0.204896,-0.051399,-0.051150,-0.146419,0.999999,-0.001003,0.001007,0.000004,-0.017490,0.017564,-0.000021,0.266193,-0.069347,0.069795,0.000045,0.019851,0.019768,0.048978
56126.321644,0,0.022743,0.022630,0.197575,-0.050406,-0.050162,-0.143970,0.999998,-0.001440,0.001446,0.000004,-0.020957,0.021054,-0.000020,0.266097,-0.050372,0.050730,0.000046,0.028499,0.028380,0.045344
56126.371648,0,0.020223,0.020122,0.190377,-0.048981,-0.048743,-0.141703,0.999996,-0.001964,0.001972,0.000003,-0.023476,0.023590,-0.000019,0.265999,-0.024016,0.024240,0.000048,0.038859,0.038693,0.041655
56126.421618,0,0.017773,0.017685,0.183292,-0.047038,-0.046808,-0.139620,0.999993,-0.002551,0.002562,0.000003,-0.024677,0.024802,-0.000017,0.265900,0.009150,-0.009105,0.000049,0.050460,0.050238,0.037879
56126.471647,0,0.015422,0.015344,0.176311,-0.044515,-0.044297,-0.137726,0.999990,-0.003168,0.003182,0.000002,-0.024219,0.024347,-0.000016,0.265799,0.047637,-0.047805,0.000050,0.062649,0.062365,0.034025
56126.521640,0,0.013196,0.013130,0.169424,-0.041383,-0.041178,-0.136025,0.999986,-0.003773,0.003791,0.000002,-0.021837,0.021957,-0.000015,0.265699,0.088809,-0.089209,0.000052,0.074604,0.074257,0.030153
56126.571637,0,0.011127,0.011071,0.162623,-0.037653,-0.037465,-0.134517,0.999981,-0.004319,0.004340,0.000002,-0.017397,0.017496,-0.000013,0.265602,0.128650,-0.129278,0.000053,0.085376,0.084970,0.026384
56126.621638,0,0.009244,0.009197,0.155897,-0.033384,-0.033217,-0.133198,0.999977,-0.004754,0.004777,0.000001,-0.010964,0.011033,-0.000012,0.265512,0.161552,-0.162374,0.000054,0.093949,0.093495,0.022882
56126.671635,0,0.007575,0.007537,0.149237,-0.028687,-0.028542,-0.132054,0.999975,-0.005028,0.005053,0.000001,-0.002887,0.002914,-0.000010,0.265432,0.180121,-0.181061,0.000056,0.099343,0.098855,0.019814
56126.721637,0,0.006140,0.006109,0.142635,-0.023719,-0.023599,-0.131063,0.999974,-0.005100,0.005126,0.000001,0.006119,-0.006139,-0.000009,0.265364,0.175010,-0.175945,0.000057,0.100749,0.100249,0.017269
56126.771617,0,0.004954,0.004929,0.136081,-0.018682,-0.018587,-0.130200,0.999975,-0.004947,0.004972,0.000000,0.014870,-0.014936,-0.000007,0.265305,0.134799,-0.135545,0.000059,0.097711,0.097220,0.015157
56126.821639,0,0.004020,0.004000,0.129571,-0.013796,-0.013726,-0.129442,0.999979,-0.004575,0.004599,0.000000,0.021610,-0.021714,-0.000005,0.265246,0.045855,-0.046152,0.000060,0.090353,0.089895,0.013095
56126.871626,0,0.003331,0.003314,0.123099,-0.009279,-0.009231,-0.128787,0.999984,-0.004035,0.004056,0.000000,0.023902,-0.024021,-0.000004,0.265196,-0.108221,0.108727,0.000062,0.079673,0.079266,0.011424
56126.921641,0,0.002867,0.002852,0.116660,-0.005295,-0.005268,-0.128216,0.999988,-0.003438,0.003455,0.000000,0.018491,-0.018585,-0.000002,0.334130,-0.364619,0.366465,0.000064,0.085521,0.085081,2.564595
56127.021633,-1,-0.006607,0.000570,0.100353,0.000000,0.000000,0.000000,1.000000,0.000000,0.000000,0.000000,0.000000,0.000000,0.000000,0.264870,0.000000,0.000000,0.000000,0.000000,0.000000,0.000000
56127.071610,-1,-0.006607,0.000570,0.100353,0.000000,0.000000,0.000000,1.000000,0.000000,0.000000,0.000000,0.000000,0.000000,0.000000,0.264870,0.000000,0.000000,0.000000,0.000000,0.000000,0.000000
56127.121635,-1,-0.006607,0.000570,0.100353,0.000000,0.000000,0.000000,1.000000,0.000000,0.000000,0.000000,0.000000,0.000000,0.000000,0.264870,0.000000,0.000000,0.000000,0.000000,0.000000,0.000000
56127.171633,-1,-0.006607,0.000570,0.100353,0.000000,0.000000,0.000000,1.000000,0.000000,0.000000,0.000000,0.000000,0.000000,0.000000,0.264870,0.000000,0.000000,0.000000,0.000000,0.000000,0.000000
56127.221632,-1,-0.006607,0.000570,0.100353,0.000000,0.000000,0.000000,1.000000,0.000000,0.000000,0.000000,0.000000,0.000000,0.000000,0.264870,0.000000,0.000000,0.000000,0.000000,0.000000,0.000000
56127.271612,-1,-0.006607,0.000570,0.100353,0.000000,0.000000,0.000000,1.000000,0.000000,0.000000,0.000000,0.000000,0.000000,0.000000,0.264870,0.000000,0.000000,0.000000,0.000000,0.000000,0.000000
56127.321629,-1,-0.006607,0.000570,0.100353,0.000000,0.000000,0.000000,1.000000,0.000000,0.000000,0.000000,0.000000,0.000000,0.000000,0.264870,0.000000,0.000000,0.000000,0.000000,0.000000,0.000000
56127.371635,-1,-0.006607,0.000570,0.100353,0.000000,0.000000,0.000000,1.000000,0.000000,0.000000,0.000000,0.000000,0.000000,0.000000,0.264870,0.000000,0.000000,0.000000,0.000000,0.000000,0.000000
56127.421626,-1,-0.006607,0.000570,0.100353,0.000000,0.000000,0.000000,1.000000,0.000000,0.000000,0.000000,0.000000,0.000000,0.000000,0.264870,0.000000,0.000000,0.000000,0.000000,0.000000,0.000000
56127.471636,-1,-0.006607,0.000570,0.100353,0.000000,0.000000,0.000000,1.000000,0.000000,0.000000,0.000000,0.000000,0.000000,0.000000,0.264870,0.000000,0.000000,0.000000,0.000000,0.000000,0.000000
56127.521635,-1,-0.006607,0.000570,0.100353,0.000000,0.000000,0.000000,1.000000,0.000000,0.000000,0.000000,0.000000,0.000000,0.000000,0.264870,0.000000,0.000000,0.000000,0.000000,0.000000,0.000000
56127.571640,-1,-0.006607,0.000570,0.100353,0.000000,0.000000,0.000000,1.000000,0.000000,0.000000,0.000000,0.000000,0.000000,0.000000,0.264870,0.000000,0.000000,0.000000,0.000000,0.000000,0.000000
56127.621634,-1,-0.006607,0.000570,0.100353,0.000000,0.000000,0.000000,1.000000,0.000000,0.000000,0.000000,0.000000,0.000000,0.000000,0.264870,0.000000,0.000000,0.000000,0.000000,0.000000,0.000000
56127.671631,-1,-0.006607,0.000570,0.100353,0.000000,0.000000,0.000000,1.000000,0.000000,0.000000,0.000000,0.000000,0.000000,0.000000,0.264870,0.000000,0.000000,0.000000,0.000000,0.000000,0.000000
56127.721636,-1,-0.006607,0.000570,0.100353,0.000000,0.000000,0.000000,1.000000,0.000000,0.000000,0.000000,0.000000,0.000000,0.000000,0.264870,0.000000,0.000000,0.000000,0.000000,0.000000,0.000000
56127.771630,-1,-0.006607,0.000570,0.100353,0.000000,0.000000,0.000000,1.000000,0.000000,0.000000,0.000000,0.000000,0.000000,0.000000,0.264870,0.000000,0.000000,0.000000,0.000000,0.000000,0.000000
56127.821628,-1,-0.006607,0.000570,0.100353,0.000000,0.000000,0.000000,1.000000,0.000000,0.000000,0.000000,0.000000,0.000000,0.000000,0.264870,0.000000,0.000000,0.000000,0.000000,0.000000,0.000000
56127.871627,-1,-0.006607,0.000570,0.100353,0.000000,0.000000,0.000000,1.000000,0.000000,0.000000,0.000000,0.000000,0.000000,0.000000,0.264870,0.000000,0.000000,0.000000,0.000000,0.000000,0.000000
56127.921626,-1,-0.006607,0.000570,0.100353,0.000000,0.000000,0.000000,1.000000,0.000000,0.000000,0.000000,0.000000,0.000000,0.000000,0.264870,0.000000,0.000000,0.000000,0.000000,0.000000,0.000000
56127.971634,-1,-0.006607,0.000570,0.100353,0.000000,0.000000,0.000000,1.000000,0.000000,0.000000,0.000000,0.000000,0.000000,0.000000,0.264870,0.000000,0.000000,0.000000,0.000000,0.000000,0.000000
56128.021634,-1,-0.006607,0.000570,0.100353,0.000000,0.000000,0.000000,1.000000,0.000000,0.000000,0.000000,0.000000,0.000000,0.000000,0.264870,0.000000,0.000000,0.000000,0.000000,0.000000,0.000000
56128.071625,-1,-0.006607,0.000570,0.100353,0.000000,0.000000,0.000000,1.000000,0.000000,0.000000,0.000000,0.000000,0.000000,0.000000,0.264870,0.000000,0.000000,0.000000,0.000000,0.000000,0.000000
56128.121631,-1,-0.006607,0.000570,0.100353,0.000000,0.000000,0.000000,1.000000,0.000000,0.000000,0.000000,0.000000,0.000000,0.000000,0.264870,0.000000,0.000000,0.000000,0.000000,0.000000,0.000000
56128.171633,-1,-0.006607,0.000570,0.100353,0.000000,0.000000,0.000000,1.000000,0.000000,0.000000,0.000000,0.000000,0.000000,0.000000,0.264870,0.000000,0.000000,0.000000,0.000000,0.000000,0.000000
56128.221622,-1,-0.006607,0.000570,0.100353,0.000000,0.000000,0.000000,1.000000,0.000000,0.000000,0.000000,0.000000,0.000000,0.000000,0.264870,0.000000,0.000000,0.000000,0.000000,0.000000,0.000000
56128.271622,-1,-0.006607,0.000570,0.100353,0.000000,0.000000,0.000000,1.000000,0.000000,0.000000,0.000000,0.000000,0.000000,0.000000,0.264870,0.000000,0.000000,0.000000,0.000000,0.000000,0.000000
56128.321626,-1,-0.006607,0.000570,0.100353,0.000000,0.000000,0.000000,1.000000,0.000000,0.000000,0.000000,0.000000,0.000000,0.000000,0.264870,0.000000,0.000000,0.000000,0.000000,0.000000,0.000000
56128.371603,-1,-0.006607,0.000570,0.100353,0.000000,0.000000,0.000000,1.000000,0.000000,0.000000,0.000000,0.000000,0.000000,0.000000,0.264870,0.000000,0.000000,0.000000,0.000000,0.000000,0.000000
56128.421617,-1,-0.006607,0.000570,0.100353,0.000000,0.000000,0.000000,1.000000,0.000000,0.000000,0.000000,0.000000,0.000000,0.000000,0.264870,0.000000,0.000000,0.000000,0.000000,0.000000,0.000000
56128.471602,-1,-0.006607,0.000570,0.100353,0.000000,0.000000,0.000000,1.000000,0.000000,0.000000,0.000000,0.000000,0.000000,0.000000,0.264870,0.000000,0.000000,0.000000,0.000000,0.000000,0.000000
56128.521623,-1,-0.006607,0.000570,0.100353,0.000000,0.000000,0.000000,1.000000,0.000000,0.000000,0.000000,0.000000,0.000000,0.000000,0.264870,0.000000,0.000000,0.000000,0.000000,0.000000,0.000000
56128.571623,-1,-0.006607,0.000570,0.100353,0.000000,0.000000,0.000000,1.000000,0.000000,0.000000,0.000000,0.000000,0.000000,0.000000,0.264870,0.000000,0.000000,0.000000,0.000000,0.000000,0.000000
56128.621620,-1,-0.006607,0.000570,0.100353,0.000000,0.000000,0.000000,1.000000,0.000000,0.000000,0.000000,0.000000,0.000000,0.000000,0.264870,0.000000,0.000000,0.000000,0.000000,0.000000,0.000000
56128.671622,-1,-0.006607,0.000570,0.100353,0.000000,0.000000,0.000000,1.000000,0.000000,0.000000,0.000000,0.000000,0.000000,0.000000,0.264870,0.000000,0.000000,0.000000,0.000000,0.000000,0.000000
56128.721617,-1,-0.006607,0.000570,0.100353,0.000000,0.000000,0.000000,1.000000,0.000000,0.000000,0.000000,0.000000,0.000000,0.000000,0.264870,0.000000,0.000000,0.000000,0.000000,0.000000,0.000000
56128.771616,-1,-0.006607,0.000570,0.100353,0.000000,0.000000,0.000000,1.000000,0.000000,0.000000,0.000000,0.000000,0.000000,0.000000,0.264870,0.000000,0.000000,0.000000,0.000000,0.000000,0.000000
56128.821623,-1,-0.006607,0.000570,0.100353,0.000000,0.000000,0.000000,1.000000,0.000000,0.000000,0.000000,0.000000,0.000000,0.000000,0.264870,0.000000,0.000000,0.000000,0.000000,0.000000,0.000000
56128.871621,-1,-0.006607,0.000570,0.100353,0.000000,0.000000,0.000000,1.000000,0.000000,0.000000,0.000000,0.000000,0.000000,0.000000,0.264870,0.000000,0.000000,0.000000,0.000000,0.000000,0.000000
56128.921630,-1,-0.006607,0.000570,0.100353,0.000000,0.000000,0.000000,1.000000,0.000000,0.000000,0.000000,0.000000,0.000000,0.000000,0.264870,0.000000,0.000000,0.000000,0.000000,0.000000,0.000000
56128.971615,-1,-0.006607,0.000570,0.100353,0.000000,0.000000,0.000000,1.000000,0.000000,0.000000,0.000000,0.000000,0.000000,0.000000,0.264870,0.000000,0.000000,0.000000,0.000000,0.000000,0.000000
56129.021689,-1,-0.006607,0.000570,0.100353,0.000000,0.000000,0.000000,1.000000,0.000000,0.000000,0.000000,0.000000,0.000000,0.000000,0.264870,0.000000,0.000000,0.000000,0.000000,0.000000,0.000000
56129.071621,-1,-0.006607,0.000570,0.100353,0.000000,0.000000,0.000000,1.000000,0.000000,0.000000,0.000000,0.000000,0.000000,0.000000,0.264870,0.000000,0.000000,0.000000,0.000000,0.000000,0.000000
56129.121625,-1,-0.006607,0.000570,0.100353,0.000000,0.000000,0.000000,1.000000,0.000000,0.000000,0.000000,0.000000,0.000000,0.000000,0.264870,0.000000,0.000000,0.000000,0.000000,0.000000,0.000000
56129.171618,-1,-0.006607,0.000570,0.100353,0.000000,0.000000,0.000000,1.000000,0.000000,0.000000,0.000000,0.000000,0.000000,0.000000,0.264870,0.000000,0.000000,0.000000,0.000000,0.000000,0.000000
56129.221627,-1,-0.006607,0.000570,0.100353,0.000000,0.000000,0.000000,1.000000,0.000000,0.000000,0.000000,0.000000,0.000000,0.000000,0.264870,0.000000,0.000000,0.000000,0.000000,0.000000,0.000000
56129.271667,-1,-0.006607,0.000570,0.100353,0.000000,0.000000,0.000000,1.000000,0.000000,0.000000,0.000000,0.000000,0.000000,0.000000,0.264870,0.000000,0.000000,0.000000,0.000000,0.000000,0.000000
56129.321622,-1,-0.006607,0.000570,0.100353,0.000000,0.000000,0.000000,1.000000,0.000000,0.000000,0.000000,0.000000,0.000000,0.000000,0.264870,0.000000,0.000000,0.000000,0.000000,0.000000,0.000000
56129.371624,-1,-0.006607,0.000570,0.100353,0.000000,0.000000,0.000000,1.000000,0.000000,0.000000,0.000000,0.000000,0.000000,0.000000,0.264870,0.000000,0.000000,0.000000,0.000000,0.000000,0.000000
56129.421624,-1,-0.006607,0.000570,0.100353,0.000000,0.000000,0.000000,1.000000,0.000000,0.000000,0.000000,0.000000,0.000000,0.000000,0.264870,0.000000,0.000000,0.000000,0.000000,0.000000,0.000000
56129.471668,-1,-0.006607,0.000570,0.100353,0.000000,0.000000,0.000000,1.000000,0.000000,0.000000,0.000000,0.000000,0.000000,0.000000,0.264870,0.000000,0.000000,0.000000,0.000000,0.000000,0.000000
56129.521654,-1,-0.006607,0.000570,0.100353,0.000000,0.000000,0.000000,1.000000,0.000000,0.000000,0.000000,0.000000,0.000000,0.000000,0.264870,0.000000,0.000000,0.000000,0.000000,0.000000,0.000000
56129.571617,-1,-0.006607,0.000570,0.100353,0.000000,0.000000,0.000000,1.000000,0.000000,0.000000,0.000000,0.000000,0.000000,0.000000,0.264870,0.000000,0.000000,0.000000,0.000000,0.000000,0.000000
56129.621614,-1,-0.006607,0.000570,0.100353,0.000000,0.000000,0.000000,1.000000,0.000000,0.000000,0.000000,0.000000,0.000000,0.000000,0.264870,0.000000,0.000000,0.000000,0.000000,0.000000,0.000000
56129.671621,-1,-0.006607,0.000570,0.100353,0.000000,0.000000,0.000000,1.000000,0.000000,0.000000,0.000000,0.000000,0.000000,0.000000,0.264870,0.000000,0.000000,0.000000,0.000000,0.000000,0.000000
56129.721617,-1,-0.006607,0.000570,0.100353,0.000000,0.000000,0.000000,1.000000,0.000000,0.000000,0.000000,0.000000,0.000000,0.000000,0.264870,0.000000,0.000000,0.000000,0.000000,0.000000,0.000000
56129.771614,-1,-0.006607,0.000570,0.100353,0.000000,0.000000,0.000000,1.000000,0.000000,0.000000,0.000000,0.000000,0.000000,0.000000,0.264870,0.000000,0.000000,0.000000,0.000000,0.000000,0.000000
56129.821612,-1,-0.006607,0.000570,0.100353,0.000000,0.000000,0.000000,1.000000,0.000000,0.000000,0.000000,0.000000,0.000000,0.000000,0.264870,0.000000,0.000000,0.000000,0.000000,0.000000,0.000000
56129.871612,-1,-0.006607,0.000570,0.100353,0.000000,0.000000,0.000000,1.000000,0.000000,0.000000,0.000000,0.000000,0.000000,0.000000,0.264870,0.000000,0.000000,0.000000,0.000000,0.000000,0.000000
56129.921610,-1,-0.006607,0.000570,0.100353,0.000000,0.000000,0.000000,1.000000,0.000000,0.000000,0.000000,0.000000,0.000000,0.000000,0.264870,0.000000,0.000000,0.000000,0.000000,0.000000,0.000000
56129.971603,-1,-0.006607,0.000570,0.100353,0.000000,0.000000,0.000000,1.000000,0.000000,0.000000,0.000000,0.000000,0.000000,0.000000,0.264870,0.000000,0.000000,0.000000,0.000000,0.000000,0.000000
56130.021565,-1,-0.006607,0.000570,0.100353,0.000000,0.000000,0.000000,1.000000,0.000000,0.000000,0.000000,0.000000,0.000000,0.000000,0.264870,0.000000,0.000000,0.000000,0.000000,0.000000,0.000000
56130.071609,-1,-0.006607,0.000570,0.100353,0.000000,0.000000,0.000000,1.000000,0.000000,0.000000,0.000000,0.000000,0.000000,0.000000,0.264870,0.000000,0.000000,0.000000,0.000000,0.000000,0.000000
56130.121605,-1,-0.006607,0.000570,0.100353,0.000000,0.000000,0.000000,1.000000,0.000000,0.000000,0.000000,0.000000,0.000000,0.000000,0.264870,0.000000,0.000000,0.000000,0.000000,0.000000,0.000000
56130.171647,-1,-0.006607,0.000570,0.100353,0.000000,0.000000,0.000000,1.000000,0.000000,0.000000,0.000000,0.000000,0.000000,0.000000,0.264870,0.000000,0.000000,0.000000,0.000000,0.000000,0.000000
56130.221605,-1,-0.006607,0.000570,0.100353,0.000000,0.000000,0.000000,1.000000,0.000000,0.000000,0.000000,0.000000,0.000000,0.000000,0.264870,0.000000,0.000000,0.000000,0.000000,0.000000,0.000000
56130.271608,-1,-0.006607,0.000570,0.100353,0.000000,0.000000,0.000000,1.000000,0.000000,0.000000,0.000000,0.000000,0.000000,0.000000,0.264870,0.000000,0.000000,0.000000,0.000000,0.000000,0.000000
56130.321607,-1,-0.006607,0.000570,0.100353,0.000000,0.000000,0.000000,1.000000,0.000000,0.000000,0.000000,0.000000,0.000000,0.000000,0.264870,0.000000,0.000000,0.000000,0.000000,0.000000,0.000000
56130.371607,-1,-0.006607,0.000570,0.100353,0.000000,0.000000,0.000000,1.000000,0.000000,0.000000,0.000000,0.000000,0.000000,0.000000,0.264870,0.000000,0.000000,0.000000,0.000000,0.000000,0.000000
56130.421608,-1,-0.006607,0.000570,0.100353,0.000000,0.000000,0.000000,1.000000,0.000000,0.000000,0.000000,0.000000,0.000000,0.000000,0.264870,0.000000,0.000000,0.000000,0.000000,0.000000,0.000000
56130.471587,-1,-0.006607,0.000570,0.100353,0.000000,0.000000,0.000000,1.000000,0.000000,0.000000,0.000000,0.000000,0.000000,0.000000,0.264870,0.000000,0.000000,0.000000,0.000000,0.000000,0.000000
56130.521606,-1,-0.006607,0.000570,0.100353,0.000000,0.000000,0.000000,1.000000,0.000000,0.000000,0.000000,0.000000,0.000000,0.000000,0.264870,0.000000,0.000000,0.000000,0.000000,0.000000,0.000000
56130.571606,-1,-0.006607,0.000570,0.100353,0.000000,0.000000,0.000000,1.000000,0.000000,0.000000,0.000000,0.000000,0.000000,0.000000,0.264870,0.000000,0.000000,0.000000,0.000000,0.000000,0.000000
56130.621586,-1,-0.006607,0.000570,0.100353,0.000000,0.000000,0.000000,1.000000,0.000000,0.000000,0.000000,0.000000,0.000000,0.000000,0.264870,0.000000,0.000000,0.000000,0.000000,0.000000,0.000000
56130.671604,-1,-0.006607,0.000570,0.100353,0.000000,0.000000,0.000000,1.000000,0.000000,0.000000,0.000000,0.000000,0.000000,0.000000,0.264870,0.000000,0.000000,0.000000,0.000000,0.000000,0.000000
56130.721595,-1,-0.006607,0.000570,0.100353,0.000000,0.000000,0.000000,1.000000,0.000000,0.000000,0.000000,0.000000,0.000000,0.000000,0.264870,0.000000,0.000000,0.000000,0.000000,0.000000,0.000000
56130.771608,-1,-0.006607,0.000570,0.100353,0.000000,0.000000,0.000000,1.000000,0.000000,0.000000,0.000000,0.000000,0.000000,0.000000,0.264870,0.000000,0.000000,0.000000,0.000000,0.000000,0.000000
56130.821606,-1,-0.006607,0.000570,0.100353,0.000000,0.000000,0.000000,1.000000,0.000000,0.000000,0.000000,0.000000,0.000000,0.000000,0.264870,0.000000,0.000000,0.000000,0.000000,0.000000,0.000000
56130.871616,-1,-0.006607,0.000570,0.100353,0.000000,0.000000,0.000000,1.000000,0.000000,0.000000,0.000000,0.000000,0.000000,0.000000,0.264870,0.000000,0.000000,0.000000,0.000000,0.000000,0.000000
56130.921600,-1,-0.006607,0.000570,0.100353,0.000000,0.000000,0.000000,1.000000,0.000000,0.000000,0.000000,0.000000,0.000000,0.000000,0.264870,0.000000,0.000000,0.000000,0.000000,0.000000,0.000000
56130.971603,-1,-0.006607,0.000570,0.100353,0.000000,0.000000,0.000000,1.000000,0.000000,0.000000,0.000000,0.000000,0.000000,0.000000,0.264870,0.000000,0.000000,0.000000,0.000000,0.000000,0.000000
56131.021599,-1,-0.006607,0.000570,0.100353,0.000000,0.000000,0.000000,1.000000,0.000000,0.000000,0.000000,0.000000,0.000000,0.000000,0.264870,0.000000,0.000000,0.000000,0.000000,0.000000,0.000000
56131.071603,-1,-0.006607,0.000570,0.100353,0.000000,0.000000,0.000000,1.000000,0.000000,0.000000,0.000000,0.000000,0.000000,0.000000,0.264870,0.000000,0.000000,0.000000,0.000000,0.000000,0.000000
56131.121595,-1,-0.006607,0.000570,0.100353,0.000000,0.000000,0.000000,1.000000,0.000000,0.000000,0.000000,0.000000,0.000000,0.000000,0.264870,0.000000,0.000000,0.000000,0.000000,0.000000,0.000000
56131.171594,-1,-0.006607,0.000570,0.100353,0.000000,0.000000,0.000000,1.000000,0.000000,0.000000,0.000000,0.000000,0.000000,0.000000,0.264870,0.000000,0.000000,0.000000,0.000000,0.000000,0.000000
56131.221604,-1,-0.006607,0.000570,0.100353,0.000000,0.000000,0.000000,1.000000,0.000000,0.000000,0.000000,0.000000,0.000000,0.000000,0.264870,0.000000,0.000000,0.000000,0.000000,0.000000,0.000000
56131.271601,-1,-0.006607,0.000570,0.100353,0.000000,0.000000,0.000000,1.000000,0.000000,0.000000,0.000000,0.000000,0.000000,0.000000,0.264870,0.000000,0.000000,0.000000,0.000000,0.000000,0.000000
56131.321661,-1,-0.006607,0.000570,0.100353,0.000000,0.000000,0.000000,1.000000,0.000000,0.000000,0.000000,0.000000,0.000000,0.000000,0.264870,0.000000,0.000000,0.000000,0.000000,0.000000,0.000000
56131.371665,-1,-0.006607,0.000570,0.100353,0.000000,0.000000,0.000000,1.000000,0.000000,0.000000,0.000000,0.000000,0.000000,0.000000,0.264870,0.000000,0.000000,0.000000,0.000000,0.000000,0.000000
56131.421596,-1,-0.006607,0.000570,0.100353,0.000000,0.000000,0.000000,1.000000,0.000000,0.000000,0.000000,0.000000,0.000000,0.000000,0.264870,0.000000,0.000000,0.000000,0.000000,0.000000,0.000000
56131.471583,-1,-0.006607,0.000570,0.100353,0.000000,0.000000,0.000000,1.000000,0.000000,0.000000,0.000000,0.000000,0.000000,0.000000,0.264870,0.000000,0.000000,0.000000,0.000000,0.000000,0.000000
56131.521595,-1,-0.006607,0.000570,0.100353,0.000000,0.000000,0.000000,1.000000,0.000000,0.000000,0.000000,0.000000,0.000000,0.000000,0.264870,0.000000,0.000000,0.000000,0.000000,0.000000,0.000000
56131.571602,-1,-0.006607,0.000570,0.100353,0.000000,0.000000,0.000000,1.000000,0.000000,0.000000,0.000000,0.000000,0.000000,0.000000,0.264870,0.000000,0.000000,0.000000,0.000000,0.000000,0.000000
56131.621593,-1,-0.006607,0.000570,0.100353,0.000000,0.000000,0.000000,1.000000,0.000000,0.000000,0.000000,0.000000,0.000000,0.000000,0.264870,0.000000,0.000000,0.000000,0.000000,0.000000,0.000000
56131.671578,-1,-0.006607,0.000570,0.100353,0.000000,0.000000,0.000000,1.000000,0.000000,0.000000,0.000000,0.000000,0.000000,0.000000,0.264870,0.000000,0.000000,0.000000,0.000000,0.000000,0.000000
56131.721602,-1,-0.006607,0.000570,0.100353,0.000000,0.000000,0.000000,1.000000,0.000000,0.000000,0.000000,0.000000,0.000000,0.000000,0.264870,0.000000,0.000000,0.000000,0.000000,0.000000,0.000000
56131.771600,-1,-0.006607,0.000570,0.100353,0.000000,0.000000,0.000000,1.000000,0.000000,0.000000,0.000000,0.000000,0.000000,0.000000,0.264870,0.000000,0.000000,0.000000,0.000000,0.000000,0.000000
56131.821601,-1,-0.006607,0.000570,0.100353,0.000000,0.000000,0.000000,1.000000,0.000000,0.000000,0.000000,0.000000,0.000000,0.000000,0.264870,0.000000,0.000000,0.000000,0.000000,0.000000,0.000000
56131.871593,-1,-0.006607,0.000570,0.100353,0.000000,0.000000,0.000000,1.000000,0.000000,0.000000,0.000000,0.000000,0.000000,0.000000,0.264870,0.000000,0.000000,0.000000,0.000000,0.000000,0.000000
56131.921573,-1,-0.006607,0.000570,0.100353,0.000000,0.000000,0.000000,1.000000,0.000000,0.000000,0.000000,0.000000,0.000000,0.000000,0.264870,0.000000,0.000000,0.000000,0.000000,0.000000,0.000000
56131.971609,-1,-0.006607,0.000570,0.100353,0.000000,0.000000,0.000000,1.000000,0.000000,0.000000,0.000000,0.000000,0.000000,0.000000,0.264870,0.000000,0.000000,0.000000,0.000000,0.000000,0.000000
56132.021594,-1,-0.006607,0.000570,0.100353,0.000000,0.000000,0.000000,1.000000,0.000000,0.000000,0.000000,0.000000,0.000000,0.000000,0.264870,0.000000,0.000000,0.000000,0.000000,0.000000,0.000000
56132.071589,-1,-0.006607,0.000570,0.100353,0.000000,0.000000,0.000000,1.000000,0.000000,0.000000,0.000000,0.000000,0.000000,0.000000,0.264870,0.000000,0.000000,0.000000,0.000000,0.000000,0.000000
56132.121577,-1,-0.006607,0.000570,0.100353,0.000000,0.000000,0.000000,1.000000,0.000000,0.000000,0.000000,0.000000,0.000000,0.000000,0.264870,0.000000,0.000000,0.000000,0.000000,0.000000,0.000000
56132.171599,-1,-0.006607,0.000570,0.100353,0.000000,0.000000,0.000000,1.000000,0.000000,0.000000,0.000000,0.000000,0.000000,0.000000,0.264870,0.000000,0.000000,0.000000,0.000000,0.000000,0.000000
56132.221596,-1,-0.006607,0.000570,0.100353,0.000000,0.000000,0.000000,1.000000,0.000000,0.000000,0.000000,0.000000,0.000000,0.000000,0.264870,0.000000,0.000000,0.000000,0.000000,0.000000,0.000000
56132.271579,-1,-0.006607,0.000570,0.100353,0.000000,0.000000,0.000000,1.000000,0.000000,0.000000,0.000000,0.000000,0.000000,0.000000,0.264870,0.000000,0.000000,0.000000,0.000000,0.000000,0.000000
56132.321596,-1,-0.006607,0.000570,0.100353,0.000000,0.000000,0.000000,1.000000,0.000000,0.000000,0.000000,0.000000,0.000000,0.000000,0.264870,0.000000,0.000000,0.000000,0.000000,0.000000,0.000000
56132.371582,-1,-0.006607,0.000570,0.100353,0.000000,0.000000,0.000000,1.000000,0.000000,0.000000,0.000000,0.000000,0.000000,0.000000,0.264870,0.000000,0.000000,0.000000,0.000000,0.000000,0.000000
56132.421591,-1,-0.006607,0.000570,0.100353,0.000000,0.000000,0.000000,1.000000,0.000000,0.000000,0.000000,0.000000,0.000000,0.000000,0.264870,0.000000,0.000000,0.000000,0.000000,0.000000,0.000000
56132.471592,-1,-0.006607,0.000570,0.100353,0.000000,0.000000,0.000000,1.000000,0.000000,0.000000,0.000000,0.000000,0.000000,0.000000,0.264870,0.000000,0.000000,0.000000,0.000000,0.000000,0.000000
56132.521594,-1,-0.006607,0.000570,0.100353,0.000000,0.000000,0.000000,1.000000,0.000000,0.000000,0.000000,0.000000,0.000000,0.000000,0.264870,0.000000,0.000000,0.000000,0.000000,0.000000,0.000000
56132.571555,-1,-0.006607,0.000570,0.100353,0.000000,0.000000,0.000000,1.000000,0.000000,0.000000,0.000000,0.000000,0.000000,0.000000,0.264870,0.000000,0.000000,0.000000,0.000000,0.000000,0.000000
56132.621588,-1,-0.006607,0.000570,0.100353,0.000000,0.000000,0.000000,1.000000,0.000000,0.000000,0.000000,0.000000,0.000000,0.000000,0.264870,0.000000,0.000000,0.000000,0.000000,0.000000,0.000000
56132.671574,-1,-0.006607,0.000570,0.100353,0.000000,0.000000,0.000000,1.000000,0.000000,0.000000,0.000000,0.000000,0.000000,0.000000,0.264870,0.000000,0.000000,0.000000,0.000000,0.000000,0.000000
56132.721590,-1,-0.006607,0.000570,0.100353,0.000000,0.000000,0.000000,1.000000,0.000000,0.000000,0.000000,0.000000,0.000000,0.000000,0.264870,0.000000,0.000000,0.000000,0.000000,0.000000,0.000000
56132.771593,-1,-0.006607,0.000570,0.100353,0.000000,0.000000,0.000000,1.000000,0.000000,0.000000,0.000000,0.000000,0.000000,0.000000,0.264870,0.000000,0.000000,0.000000,0.000000,0.000000,0.000000
56132.821589,-1,-0.006607,0.000570,0.100353,0.000000,0.000000,0.000000,1.000000,0.000000,0.000000,0.000000,0.000000,0.000000,0.000000,0.264870,0.000000,0.000000,0.000000,0.000000,0.000000,0.000000
56132.871569,-1,-0.006607,0.000570,0.100353,0.000000,0.000000,0.000000,1.000000,0.000000,0.000000,0.000000,0.000000,0.000000,0.000000,0.264870,0.000000,0.000000,0.000000,0.000000,0.000000,0.000000
56132.921570,-1,-0.006607,0.000570,0.100353,0.000000,0.000000,0.000000,1.000000,0.000000,0.000000,0.000000,0.000000,0.000000,0.000000,0.264870,0.000000,0.000000,0.000000,0.000000,0.000000,0.000000
56132.971592,-1,-0.006607,0.000570,0.100353,0.000000,0.000000,0.000000,1.000000,0.000000,0.000000,0.000000,0.000000,0.000000,0.000000,0.264870,0.000000,0.000000,0.000000,0.000000,0.000000,0.000000
56133.021589,-1,-0.006607,0.000570,0.100353,0.000000,0.000000,0.000000,1.000000,0.000000,0.000000,0.000000,0.000000,0.000000,0.000000,0.264870,0.000000,0.000000,0.000000,0.000000,0.000000,0.000000
56133.071595,-1,-0.006607,0.000570,0.100353,0.000000,0.000000,0.000000,1.000000,0.000000,0.000000,0.000000,0.000000,0.000000,0.000000,0.264870,0.000000,0.000000,0.000000,0.000000,0.000000,0.000000
56133.121584,-1,-0.006607,0.000570,0.100353,0.000000,0.000000,0.000000,1.000000,0.000000,0.000000,0.000000,0.000000,0.000000,0.000000,0.264870,0.000000,0.000000,0.000000,0.000000,0.000000,0.000000
56133.171569,-1,-0.006607,0.000570,0.100353,0.000000,0.000000,0.000000,1.000000,0.000000,0.000000,0.000000,0.000000,0.000000,0.000000,0.264870,0.000000,0.000000,0.000000,0.000000,0.000000,0.000000
56133.221583,-1,-0.006607,0.000570,0.100353,0.000000,0.000000,0.000000,1.000000,0.000000,0.000000,0.000000,0.000000,0.000000,0.000000,0.264870,0.000000,0.000000,0.000000,0.000000,0.000000,0.000000
56133.271573,-1,-0.006607,0.000570,0.100353,0.000000,0.000000,0.000000,1.000000,0.000000,0.000000,0.000000,0.000000,0.000000,0.000000,0.264870,0.000000,0.000000,0.000000,0.000000,0.000000,0.000000
56133.321599,-1,-0.006607,0.000570,0.100353,0.000000,0.000000,0.000000,1.000000,0.000000,0.000000,0.000000,0.000000,0.000000,0.000000,0.264870,0.000000,0.000000,0.000000,0.000000,0.000000,0.000000
56133.371589,-1,-0.006607,0.000570,0.100353,0.000000,0.000000,0.000000,1.000000,0.000000,0.000000,0.000000,0.000000,0.000000,0.000000,0.264870,0.000000,0.000000,0.000000,0.000000,0.000000,0.000000
56133.421580,-1,-0.006607,0.000570,0.100353,0.000000,0.000000,0.000000,1.000000,0.000000,0.000000,0.000000,0.000000,0.000000,0.000000,0.264870,0.000000,0.000000,0.000000,0.000000,0.000000,0.000000
56133.471589,-1,-0.006607,0.000570,0.100353,0.000000,0.000000,0.000000,1.000000,0.000000,0.000000,0.000000,0.000000,0.000000,0.000000,0.264870,0.000000,0.000000,0.000000,0.000000,0.000000,0.000000
56133.521591,-1,-0.006607,0.000570,0.100353,0.000000,0.000000,0.000000,1.000000,0.000000,0.000000,0.000000,0.000000,0.000000,0.000000,0.264870,0.000000,0.000000,0.000000,0.000000,0.000000,0.000000
56133.571569,-1,-0.006607,0.000570,0.100353,0.000000,0.000000,0.000000,1.000000,0.000000,0.000000,0.000000,0.000000,0.000000,0.000000,0.264870,0.000000,0.000000,0.000000,0.000000,0.000000,0.000000
56133.621580,-1,-0.006607,0.000570,0.100353,0.000000,0.000000,0.000000,1.000000,0.000000,0.000000,0.000000,0.000000,0.000000,0.000000,0.264870,0.000000,0.000000,0.000000,0.000000,0.000000,0.000000
56133.671583,-1,-0.006607,0.000570,0.100353,0.000000,0.000000,0.000000,1.000000,0.000000,0.000000,0.000000,0.000000,0.000000,0.000000,0.264870,0.000000,0.000000,0.000000,0.000000,0.000000,0.000000
56133.721583,-1,-0.006607,0.000570,0.100353,0.000000,0.000000,0.000000,1.000000,0.000000,0.000000,0.000000,0.000000,0.000000,0.000000,0.264870,0.000000,0.000000,0.000000,0.000000,0.000000,0.000000
56133.771558,-1,-0.006607,0.000570,0.100353,0.000000,0.000000,0.000000,1.000000,0.000000,0.000000,0.000000,0.000000,0.000000,0.000000,0.264870,0.000000,0.000000,0.000000,0.000000,0.000000,0.000000
56133.821581,-1,-0.006607,0.000570,0.100353,0.000000,0.000000,0.000000,1.000000,0.000000,0.000000,0.000000,0.000000,0.000000,0.000000,0.264870,0.000000,0.000000,0.000000,0.000000,0.000000,0.000000
56133.871579,-1,-0.006607,0.000570,0.100353,0.000000,0.000000,0.000000,1.000000,0.000000,0.000000,0.000000,0.000000,0.000000,0.000000,0.264870,0.000000,0.000000,0.000000,0.000000,0.000000,0.000000
56133.921553,-1,-0.006607,0.000570,0.100353,0.000000,0.000000,0.000000,1.000000,0.000000,0.000000,0.000000,0.000000,0.000000,0.000000,0.264870,0.000000,0.000000,0.000000,0.000000,0.000000,0.000000
56133.971593,-1,-0.006607,0.000570,0.100353,0.000000,0.000000,0.000000,1.000000,0.000000,0.000000,0.000000,0.000000,0.000000,0.000000,0.264870,0.000000,0.000000,0.000000,0.000000,0.000000,0.000000
56134.021578,-1,-0.006607,0.000570,0.100353,0.000000,0.000000,0.000000,1.000000,0.000000,0.000000,0.000000,0.000000,0.000000,0.000000,0.264870,0.000000,0.000000,0.000000,0.000000,0.000000,0.000000
56134.071579,-1,-0.006607,0.000570,0.100353,0.000000,0.000000,0.000000,1.000000,0.000000,0.000000,0.000000,0.000000,0.000000,0.000000,0.264870,0.000000,0.000000,0.000000,0.000000,0.000000,0.000000
56134.121575,-1,-0.006607,0.000570,0.100353,0.000000,0.000000,0.000000,1.000000,0.000000,0.000000,0.000000,0.000000,0.000000,0.000000,0.264870,0.000000,0.000000,0.000000,0.000000,0.000000,0.000000
56134.171581,-1,-0.006607,0.000570,0.100353,0.000000,0.000000,0.000000,1.000000,0.000000,0.000000,0.000000,0.000000,0.000000,0.000000,0.264870,0.000000,0.000000,0.000000,0.000000,0.000000,0.000000
56134.221634,-1,-0.006607,0.000570,0.100353,0.000000,0.000000,0.000000,1.000000,0.000000,0.000000,0.000000,0.000000,0.000000,0.000000,0.264870,0.000000,0.000000,0.000000,0.000000,0.000000,0.000000
56134.271562,-1,-0.006607,0.000570,0.100353,0.000000,0.000000,0.000000,1.000000,0.000000,0.000000,0.000000,0.000000,0.000000,0.000000,0.264870,0.000000,0.000000,0.000000,0.000000,0.000000,0.000000
56134.321578,-1,-0.006607,0.000570,0.100353,0.000000,0.000000,0.000000,1.000000,0.000000,0.000000,0.000000,0.000000,0.000000,0.000000,0.264870,0.000000,0.000000,0.000000,0.000000,0.000000,0.000000
56134.371579,-1,-0.006607,0.000570,0.100353,0.000000,0.000000,0.000000,1.000000,0.000000,0.000000,0.000000,0.000000,0.000000,0.000000,0.264870,0.000000,0.000000,0.000000,0.000000,0.000000,0.000000
56134.421582,-1,-0.006607,0.000570,0.100353,0.000000,0.000000,0.000000,1.000000,0.000000,0.000000,0.000000,0.000000,0.000000,0.000000,0.264870,0.000000,0.000000,0.000000,0.000000,0.000000,0.000000
56134.471579,-1,-0.006607,0.000570,0.100353,0.000000,0.000000,0.000000,1.000000,0.000000,0.000000,0.000000,0.000000,0.000000,0.000000,0.264870,0.000000,0.000000,0.000000,0.000000,0.000000,0.000000
56134.521583,-1,-0.006607,0.000570,0.100353,0.000000,0.000000,0.000000,1.000000,0.000000,0.000000,0.000000,0.000000,0.000000,0.000000,0.264870,0.000000,0.000000,0.000000,0.000000,0.000000,0.000000
56134.571587,-1,-0.006607,0.000570,0.100353,0.000000,0.000000,0.000000,1.000000,0.000000,0.000000,0.000000,0.000000,0.000000,0.000000,0.264870,0.000000,0.000000,0.000000,0.000000,0.000000,0.000000
56134.621561,-1,-0.006607,0.000570,0.100353,0.000000,0.000000,0.000000,1.000000,0.000000,0.000000,0.000000,0.000000,0.000000,0.000000,0.264870,0.000000,0.000000,0.000000,0.000000,0.000000,0.000000
56134.671571,-1,-0.006607,0.000570,0.100353,0.000000,0.000000,0.000000,1.000000,0.000000,0.000000,0.000000,0.000000,0.000000,0.000000,0.264870,0.000000,0.000000,0.000000,0.000000,0.000000,0.000000
56134.721624,-1,-0.006607,0.000570,0.100353,0.000000,0.000000,0.000000,1.000000,0.000000,0.000000,0.000000,0.000000,0.000000,0.000000,0.264870,0.000000,0.000000,0.000000,0.000000,0.000000,0.000000
56134.771572,-1,-0.006607,0.000570,0.100353,0.000000,0.000000,0.000000,1.000000,0.000000,0.000000,0.000000,0.000000,0.000000,0.000000,0.264870,0.000000,0.000000,0.000000,0.000000,0.000000,0.000000
56134.821557,-1,-0.006607,0.000570,0.100353,0.000000,0.000000,0.000000,1.000000,0.000000,0.000000,0.000000,0.000000,0.000000,0.000000,0.264870,0.000000,0.000000,0.000000,0.000000,0.000000,0.000000
56134.871563,-1,-0.006607,0.000570,0.100353,0.000000,0.000000,0.000000,1.000000,0.000000,0.000000,0.000000,0.000000,0.000000,0.000000,0.264870,0.000000,0.000000,0.000000,0.000000,0.000000,0.000000
56134.921556,-1,-0.006607,0.000570,0.100353,0.000000,0.000000,0.000000,1.000000,0.000000,0.000000,0.000000,0.000000,0.000000,0.000000,0.264870,0.000000,0.000000,0.000000,0.000000,0.000000,0.000000
56134.971587,-1,-0.006607,0.000570,0.100353,0.000000,0.000000,0.000000,1.000000,0.000000,0.000000,0.000000,0.000000,0.000000,0.000000,0.264870,0.000000,0.000000,0.000000,0.000000,0.000000,0.000000
56135.021571,-1,-0.006607,0.000570,0.100353,0.000000,0.000000,0.000000,1.000000,0.000000,0.000000,0.000000,0.000000,0.000000,0.000000,0.264870,0.000000,0.000000,0.000000,0.000000,0.000000,0.000000
56135.071575,-1,-0.006607,0.000570,0.100353,0.000000,0.000000,0.000000,1.000000,0.000000,0.000000,0.000000,0.000000,0.000000,0.000000,0.264870,0.000000,0.000000,0.000000,0.000000,0.000000,0.000000
56135.121556,-1,-0.006607,0.000570,0.100353,0.000000,0.000000,0.000000,1.000000,0.000000,0.000000,0.000000,0.000000,0.000000,0.000000,0.264870,0.000000,0.000000,0.000000,0.000000,0.000000,0.000000
56135.171553,-1,-0.006607,0.000570,0.100353,0.000000,0.000000,0.000000,1.000000,0.000000,0.000000,0.000000,0.000000,0.000000,0.000000,0.264870,0.000000,0.000000,0.000000,0.000000,0.000000,0.000000
56135.221626,-1,-0.006607,0.000570,0.100353,0.000000,0.000000,0.000000,1.000000,0.000000,0.000000,0.000000,0.000000,0.000000,0.000000,0.264870,0.000000,0.000000,0.000000,0.000000,0.000000,0.000000
56135.271565,-1,-0.006607,0.000570,0.100353,0.000000,0.000000,0.000000,1.000000,0.000000,0.000000,0.000000,0.000000,0.000000,0.000000,0.264870,0.000000,0.000000,0.000000,0.000000,0.000000,0.000000
56135.321568,-1,-0.006607,0.000570,0.100353,0.000000,0.000000,0.000000,1.000000,0.000000,0.000000,0.000000,0.000000,0.000000,0.000000,0.264870,0.000000,0.000000,0.000000,0.000000,0.000000,0.000000
56135.371582,-1,-0.006607,0.000570,0.100353,0.000000,0.000000,0.000000,1.000000,0.000000,0.000000,0.000000,0.000000,0.000000,0.000000,0.264870,0.000000,0.000000,0.000000,0.000000,0.000000,0.000000
56135.421572,-1,-0.006607,0.000570,0.100353,0.000000,0.000000,0.000000,1.000000,0.000000,0.000000,0.000000,0.000000,0.000000,0.000000,0.264870,0.000000,0.000000,0.000000,0.000000,0.000000,0.000000
56135.471568,-1,-0.006607,0.000570,0.100353,0.000000,0.000000,0.000000,1.000000,0.000000,0.000000,0.000000,0.000000,0.000000,0.000000,0.264870,0.000000,0.000000,0.000000,0.000000,0.000000,0.000000
56135.521567,-1,-0.006607,0.000570,0.100353,0.000000,0.000000,0.000000,1.000000,0.000000,0.000000,0.000000,0.000000,0.000000,0.000000,0.264870,0.000000,0.000000,0.000000,0.000000,0.000000,0.000000
56135.571567,-1,-0.006607,0.000570,0.100353,0.000000,0.000000,0.000000,1.000000,0.000000,0.000000,0.000000,0.000000,0.000000,0.000000,0.264870,0.000000,0.000000,0.000000,0.000000,0.000000,0.000000
56135.621559,-1,-0.006607,0.000570,0.100353,0.000000,0.000000,0.000000,1.000000,0.000000,0.000000,0.000000,0.000000,0.000000,0.000000,0.264870,0.000000,0.000000,0.000000,0.000000,0.000000,0.000000
56135.671590,-1,-0.006607,0.000570,0.100353,0.000000,0.000000,0.000000,1.000000,0.000000,0.000000,0.000000,0.000000,0.000000,0.000000,0.264870,0.000000,0.000000,0.000000,0.000000,0.000000,0.000000
56135.721568,-1,-0.006607,0.000570,0.100353,0.000000,0.000000,0.000000,1.000000,0.000000,0.000000,0.000000,0.000000,0.000000,0.000000,0.264870,0.000000,0.000000,0.000000,0.000000,0.000000,0.000000
56135.771574,-1,-0.006607,0.000570,0.100353,0.000000,0.000000,0.000000,1.000000,0.000000,0.000000,0.000000,0.000000,0.000000,0.000000,0.264870,0.000000,0.000000,0.000000,0.000000,0.000000,0.000000
56135.821567,-1,-0.006607,0.000570,0.100353,0.000000,0.000000,0.000000,1.000000,0.000000,0.000000,0.000000,0.000000,0.000000,0.000000,0.264870,0.000000,0.000000,0.000000,0.000000,0.000000,0.000000
56135.871582,-1,-0.006607,0.000570,0.100353,0.000000,0.000000,0.000000,1.000000,0.000000,0.000000,0.000000,0.000000,0.000000,0.000000,0.264870,0.000000,0.000000,0.000000,0.000000,0.000000,0.000000
56135.921568,-1,-0.006607,0.000570,0.100353,0.000000,0.000000,0.000000,1.000000,0.000000,0.000000,0.000000,0.000000,0.000000,0.000000,0.264870,0.000000,0.000000,0.000000,0.000000,0.000000,0.000000
56135.971568,-1,-0.006607,0.000570,0.100353,0.000000,0.000000,0.000000,1.000000,0.000000,0.000000,0.000000,0.000000,0.000000,0.000000,0.264870,0.000000,0.000000,0.000000,0.000000,0.000000,0.000000
56136.021579,-1,-0.006607,0.000570,0.100353,0.000000,0.000000,0.000000,1.000000,0.000000,0.000000,0.000000,0.000000,0.000000,0.000000,0.264870,0.000000,0.000000,0.000000,0.000000,0.000000,0.000000
56136.071570,-1,-0.006607,0.000570,0.100353,0.000000,0.000000,0.000000,1.000000,0.000000,0.000000,0.000000,0.000000,0.000000,0.000000,0.264870,0.000000,0.000000,0.000000,0.000000,0.000000,0.000000
56136.121569,-1,-0.006607,0.000570,0.100353,0.000000,0.000000,0.000000,1.000000,0.000000,0.000000,0.000000,0.000000,0.000000,0.000000,0.264870,0.000000,0.000000,0.000000,0.000000,0.000000,0.000000
56136.171556,-1,-0.006607,0.000570,0.100353,0.000000,0.000000,0.000000,1.000000,0.000000,0.000000,0.000000,0.000000,0.000000,0.000000,0.264870,0.000000,0.000000,0.000000,0.000000,0.000000,0.000000
56136.221563,-1,-0.006607,0.000570,0.100353,0.000000,0.000000,0.000000,1.000000,0.000000,0.000000,0.000000,0.000000,0.000000,0.000000,0.264870,0.000000,0.000000,0.000000,0.000000,0.000000,0.000000
56136.271619,-1,-0.006607,0.000570,0.100353,0.000000,0.000000,0.000000,1.000000,0.000000,0.000000,0.000000,0.000000,0.000000,0.000000,0.264870,0.000000,0.000000,0.000000,0.000000,0.000000,0.000000
56136.321560,-1,-0.006607,0.000570,0.100353,0.000000,0.000000,0.000000,1.000000,0.000000,0.000000,0.000000,0.000000,0.000000,0.000000,0.264870,0.000000,0.000000,0.000000,0.000000,0.000000,0.000000
56136.371566,-1,-0.006607,0.000570,0.100353,0.000000,0.000000,0.000000,1.000000,0.000000,0.000000,0.000000,0.000000,0.000000,0.000000,0.264870,0.000000,0.000000,0.000000,0.000000,0.000000,0.000000
56136.421563,-1,-0.006607,0.000570,0.100353,0.000000,0.000000,0.000000,1.000000,0.000000,0.000000,0.000000,0.000000,0.000000,0.000000,0.264870,0.000000,0.000000,0.000000,0.000000,0.000000,0.000000
56136.471564,-1,-0.006607,0.000570,0.100353,0.000000,0.000000,0.000000,1.000000,0.000000,0.000000,0.000000,0.000000,0.000000,0.000000,0.264870,0.000000,0.000000,0.000000,0.000000,0.000000,0.000000
56136.521560,-1,-0.006607,0.000570,0.100353,0.000000,0.000000,0.000000,1.000000,0.000000,0.000000,0.000000,0.000000,0.000000,0.000000,0.264870,0.000000,0.000000,0.000000,0.000000,0.000000,0.000000
56136.571568,-1,-0.006607,0.000570,0.100353,0.000000,0.000000,0.000000,1.000000,0.000000,0.000000,0.000000,0.000000,0.000000,0.000000,0.264870,0.000000,0.000000,0.000000,0.000000,0.000000,0.000000
56136.621574,-1,-0.006607,0.000570,0.100353,0.000000,0.000000,0.000000,1.000000,0.000000,0.000000,0.000000,0.000000,0.000000,0.000000,0.264870,0.000000,0.000000,0.000000,0.000000,0.000000,0.000000
56136.671566,-1,-0.006607,0.000570,0.100353,0.000000,0.000000,0.000000,1.000000,0.000000,0.000000,0.000000,0.000000,0.000000,0.000000,0.264870,0.000000,0.000000,0.000000,0.000000,0.000000,0.000000
56136.721556,-1,-0.006607,0.000570,0.100353,0.000000,0.000000,0.000000,1.000000,0.000000,0.000000,0.000000,0.000000,0.000000,0.000000,0.264870,0.000000,0.000000,0.000000,0.000000,0.000000,0.000000
56136.771558,-1,-0.006607,0.000570,0.100353,0.000000,0.000000,0.000000,1.000000,0.000000,0.000000,0.000000,0.000000,0.000000,0.000000,0.264870,0.000000,0.000000,0.000000,0.000000,0.000000,0.000000
56136.821559,-1,-0.006607,0.000570,0.100353,0.000000,0.000000,0.000000,1.000000,0.000000,0.000000,0.000000,0.000000,0.000000,0.000000,0.264870,0.000000,0.000000,0.000000,0.000000,0.000000,0.000000
56136.871544,-1,-0.006607,0.000570,0.100353,0.000000,0.000000,0.000000,1.000000,0.000000,0.000000,0.000000,0.000000,0.000000,0.000000,0.264870,0.000000,0.000000,0.000000,0.000000,0.000000,0.000000
56136.921620,-1,-0.006607,0.000570,0.100353,0.000000,0.000000,0.000000,1.000000,0.000000,0.000000,0.000000,0.000000,0.000000,0.000000,0.264870,0.000000,0.000000,0.000000,0.000000,0.000000,0.000000
56136.971563,-1,-0.006607,0.000570,0.100353,0.000000,0.000000,0.000000,1.000000,0.000000,0.000000,0.000000,0.000000,0.000000,0.000000,0.264870,0.000000,0.000000,0.000000,0.000000,0.000000,0.000000
56137.021557,-1,-0.006607,0.000570,0.100353,0.000000,0.000000,0.000000,1.000000,0.000000,0.000000,0.000000,0.000000,0.000000,0.000000,0.264870,0.000000,0.000000,0.000000,0.000000,0.000000,0.000000
56137.071567,-1,-0.006607,0.000570,0.100353,0.000000,0.000000,0.000000,1.000000,0.000000,0.000000,0.000000,0.000000,0.000000,0.000000,0.264870,0.000000,0.000000,0.000000,0.000000,0.000000,0.000000
56137.121541,-1,-0.006607,0.000570,0.100353,0.000000,0.000000,0.000000,1.000000,0.000000,0.000000,0.000000,0.000000,0.000000,0.000000,0.264870,0.000000,0.000000,0.000000,0.000000,0.000000,0.000000
56137.171566,-1,-0.006607,0.000570,0.100353,0.000000,0.000000,0.000000,1.000000,0.000000,0.000000,0.000000,0.000000,0.000000,0.000000,0.264870,0.000000,0.000000,0.000000,0.000000,0.000000,0.000000
56137.221554,-1,-0.006607,0.000570,0.100353,0.000000,0.000000,0.000000,1.000000,0.000000,0.000000,0.000000,0.000000,0.000000,0.000000,0.264870,0.000000,0.000000,0.000000,0.000000,0.000000,0.000000
56137.271555,-1,-0.006607,0.000570,0.100353,0.000000,0.000000,0.000000,1.000000,0.000000,0.000000,0.000000,0.000000,0.000000,0.000000,0.264870,0.000000,0.000000,0.000000,0.000000,0.000000,0.000000
56137.321556,-1,-0.006607,0.000570,0.100353,0.000000,0.000000,0.000000,1.000000,0.000000,0.000000,0.000000,0.000000,0.000000,0.000000,0.264870,0.000000,0.000000,0.000000,0.000000,0.000000,0.000000
56137.371555,-1,-0.006607,0.000570,0.100353,0.000000,0.000000,0.000000,1.000000,0.000000,0.000000,0.000000,0.000000,0.000000,0.000000,0.264870,0.000000,0.000000,0.000000,0.000000,0.000000,0.000000
56137.421547,-1,-0.006607,0.000570,0.100353,0.000000,0.000000,0.000000,1.000000,0.000000,0.000000,0.000000,0.000000,0.000000,0.000000,0.264870,0.000000,0.000000,0.000000,0.000000,0.000000,0.000000
56137.471557,-1,-0.006607,0.000570,0.100353,0.000000,0.000000,0.000000,1.000000,0.000000,0.000000,0.000000,0.000000,0.000000,0.000000,0.264870,0.000000,0.000000,0.000000,0.000000,0.000000,0.000000
56137.521554,-1,-0.006607,0.000570,0.100353,0.000000,0.000000,0.000000,1.000000,0.000000,0.000000,0.000000,0.000000,0.000000,0.000000,0.264870,0.000000,0.000000,0.000000,0.000000,0.000000,0.000000
56137.571605,-1,-0.006607,0.000570,0.100353,0.000000,0.000000,0.000000,1.000000,0.000000,0.000000,0.000000,0.000000,0.000000,0.000000,0.264870,0.000000,0.000000,0.000000,0.000000,0.000000,0.000000
56137.621555,-1,-0.006607,0.000570,0.100353,0.000000,0.000000,0.000000,1.000000,0.000000,0.000000,0.000000,0.000000,0.000000,0.000000,0.264870,0.000000,0.000000,0.000000,0.000000,0.000000,0.000000
56137.671563,-1,-0.006607,0.000570,0.100353,0.000000,0.000000,0.000000,1.000000,0.000000,0.000000,0.000000,0.000000,0.000000,0.000000,0.264870,0.000000,0.000000,0.000000,0.000000,0.000000,0.000000
56137.721554,-1,-0.006607,0.000570,0.100353,0.000000,0.000000,0.000000,1.000000,0.000000,0.000000,0.000000,0.000000,0.000000,0.000000,0.264870,0.000000,0.000000,0.000000,0.000000,0.000000,0.000000
56137.771555,-1,-0.006607,0.000570,0.100353,0.000000,0.000000,0.000000,1.000000,0.000000,0.000000,0.000000,0.000000,0.000000,0.000000,0.264870,0.000000,0.000000,0.000000,0.000000,0.000000,0.000000
56137.821536,-1,-0.006607,0.000570,0.100353,0.000000,0.000000,0.000000,1.000000,0.000000,0.000000,0.000000,0.000000,0.000000,0.000000,0.264870,0.000000,0.000000,0.000000,0.000000,0.000000,0.000000
56137.871549,-1,-0.006607,0.000570,0.100353,0.000000,0.000000,0.000000,1.000000,0.000000,0.000000,0.000000,0.000000,0.000000,0.000000,0.264870,0.000000,0.000000,0.000000,0.000000,0.000000,0.000000
56137.921547,-1,-0.006607,0.000570,0.100353,0.000000,0.000000,0.000000,1.000000,0.000000,0.000000,0.000000,0.000000,0.000000,0.000000,0.264870,0.000000,0.000000,0.000000,0.000000,0.000000,0.000000
56137.971554,-1,-0.006607,0.000570,0.100353,0.000000,0.000000,0.000000,1.000000,0.000000,0.000000,0.000000,0.000000,0.000000,0.000000,0.264870,0.000000,0.000000,0.000000,0.000000,0.000000,0.000000
56138.021553,-1,-0.006607,0.000570,0.100353,0.000000,0.000000,0.000000,1.000000,0.000000,0.000000,0.000000,0.000000,0.000000,0.000000,0.264870,0.000000,0.000000,0.000000,0.000000,0.000000,0.000000
56138.071542,-1,-0.006607,0.000570,0.100353,0.000000,0.000000,0.000000,1.000000,0.000000,0.000000,0.000000,0.000000,0.000000,0.000000,0.264870,0.000000,0.000000,0.000000,0.000000,0.000000,0.000000
56138.121549,-1,-0.006607,0.000570,0.100353,0.000000,0.000000,0.000000,1.000000,0.000000,0.000000,0.000000,0.000000,0.000000,0.000000,0.264870,0.000000,0.000000,0.000000,0.000000,0.000000,0.000000
56138.171554,-1,-0.006607,0.000570,0.100353,0.000000,0.000000,0.000000,1.000000,0.000000,0.000000,0.000000,0.000000,0.000000,0.000000,0.264870,0.000000,0.000000,0.000000,0.000000,0.000000,0.000000
56138.221547,-1,-0.006607,0.000570,0.100353,0.000000,0.000000,0.000000,1.000000,0.000000,0.000000,0.000000,0.000000,0.000000,0.000000,0.264870,0.000000,0.000000,0.000000,0.000000,0.000000,0.000000
56138.271545,-1,-0.006607,0.000570,0.100353,0.000000,0.000000,0.000000,1.000000,0.000000,0.000000,0.000000,0.000000,0.000000,0.000000,0.264870,0.000000,0.000000,0.000000,0.000000,0.000000,0.000000
56138.321549,-1,-0.006607,0.000570,0.100353,0.000000,0.000000,0.000000,1.000000,0.000000,0.000000,0.000000,0.000000,0.000000,0.000000,0.264870,0.000000,0.000000,0.000000,0.000000,0.000000,0.000000
56138.371559,-1,-0.006607,0.000570,0.100353,0.000000,0.000000,0.000000,1.000000,0.000000,0.000000,0.000000,0.000000,0.000000,0.000000,0.264870,0.000000,0.000000,0.000000,0.000000,0.000000,0.000000
56138.421547,-1,-0.006607,0.000570,0.100353,0.000000,0.000000,0.000000,1.000000,0.000000,0.000000,0.000000,0.000000,0.000000,0.000000,0.264870,0.000000,0.000000,0.000000,0.000000,0.000000,0.000000
56138.471548,-1,-0.006607,0.000570,0.100353,0.000000,0.000000,0.000000,1.000000,0.000000,0.000000,0.000000,0.000000,0.000000,0.000000,0.264870,0.000000,0.000000,0.000000,0.000000,0.000000,0.000000
56138.521606,-1,-0.006607,0.000570,0.100353,0.000000,0.000000,0.000000,1.000000,0.000000,0.000000,0.000000,0.000000,0.000000,0.000000,0.264870,0.000000,0.000000,0.000000,0.000000,0.000000,0.000000
56138.571542,-1,-0.006607,0.000570,0.100353,0.000000,0.000000,0.000000,1.000000,0.000000,0.000000,0.000000,0.000000,0.000000,0.000000,0.264870,0.000000,0.000000,0.000000,0.000000,0.000000,0.000000
56138.621550,-1,-0.006607,0.000570,0.100353,0.000000,0.000000,0.000000,1.000000,0.000000,0.000000,0.000000,0.000000,0.000000,0.000000,0.264870,0.000000,0.000000,0.000000,0.000000,0.000000,0.000000
56138.671545,-1,-0.006607,0.000570,0.100353,0.000000,0.000000,0.000000,1.000000,0.000000,0.000000,0.000000,0.000000,0.000000,0.000000,0.264870,0.000000,0.000000,0.000000,0.000000,0.000000,0.000000
56138.721543,-1,-0.006607,0.000570,0.100353,0.000000,0.000000,0.000000,1.000000,0.000000,0.000000,0.000000,0.000000,0.000000,0.000000,0.264870,0.000000,0.000000,0.000000,0.000000,0.000000,0.000000
56138.771541,-1,-0.006607,0.000570,0.100353,0.000000,0.000000,0.000000,1.000000,0.000000,0.000000,0.000000,0.000000,0.000000,0.000000,0.264870,0.000000,0.000000,0.000000,0.000000,0.000000,0.000000
56138.821545,-1,-0.006607,0.000570,0.100353,0.000000,0.000000,0.000000,1.000000,0.000000,0.000000,0.000000,0.000000,0.000000,0.000000,0.264870,0.000000,0.000000,0.000000,0.000000,0.000000,0.000000
56138.871545,-1,-0.006607,0.000570,0.100353,0.000000,0.000000,0.000000,1.000000,0.000000,0.000000,0.000000,0.000000,0.000000,0.000000,0.264870,0.000000,0.000000,0.000000,0.000000,0.000000,0.000000
56138.921548,-1,-0.006607,0.000570,0.100353,0.000000,0.000000,0.000000,1.000000,0.000000,0.000000,0.000000,0.000000,0.000000,0.000000,0.264870,0.000000,0.000000,0.000000,0.000000,0.000000,0.000000
56138.971548,-1,-0.006607,0.000570,0.100353,0.000000,0.000000,0.000000,1.000000,0.000000,0.000000,0.000000,0.000000,0.000000,0.000000,0.264870,0.000000,0.000000,0.000000,0.000000,0.000000,0.000000
56139.021524,-1,-0.006607,0.000570,0.100353,0.000000,0.000000,0.000000,1.000000,0.000000,0.000000,0.000000,0.000000,0.000000,0.000000,0.264870,0.000000,0.000000,0.000000,0.000000,0.000000,0.000000
56139.071545,-1,-0.006607,0.000570,0.100353,0.000000,0.000000,0.000000,1.000000,0.000000,0.000000,0.000000,0.000000,0.000000,0.000000,0.264870,0.000000,0.000000,0.000000,0.000000,0.000000,0.000000
56139.121544,-1,-0.006607,0.000570,0.100353,0.000000,0.000000,0.000000,1.000000,0.000000,0.000000,0.000000,0.000000,0.000000,0.000000,0.264870,0.000000,0.000000,0.000000,0.000000,0.000000,0.000000
56139.171531,-1,-0.006607,0.000570,0.100353,0.000000,0.000000,0.000000,1.000000,0.000000,0.000000,0.000000,0.000000,0.000000,0.000000,0.264870,0.000000,0.000000,0.000000,0.000000,0.000000,0.000000
56139.221540,-1,-0.006607,0.000570,0.100353,0.000000,0.000000,0.000000,1.000000,0.000000,0.000000,0.000000,0.000000,0.000000,0.000000,0.264870,0.000000,0.000000,0.000000,0.000000,0.000000,0.000000
56139.271522,-1,-0.006607,0.000570,0.100353,0.000000,0.000000,0.000000,1.000000,0.000000,0.000000,0.000000,0.000000,0.000000,0.000000,0.264870,0.000000,0.000000,0.000000,0.000000,0.000000,0.000000
56139.321625,-1,-0.006607,0.000570,0.100353,0.000000,0.000000,0.000000,1.000000,0.000000,0.000000,0.000000,0.000000,0.000000,0.000000,0.264870,0.000000,0.000000,0.000000,0.000000,0.000000,0.000000
56139.371541,-1,-0.006607,0.000570,0.100353,0.000000,0.000000,0.000000,1.000000,0.000000,0.000000,0.000000,0.000000,0.000000,0.000000,0.264870,0.000000,0.000000,0.000000,0.000000,0.000000,0.000000
56139.421522,-1,-0.006607,0.000570,0.100353,0.000000,0.000000,0.000000,1.000000,0.000000,0.000000,0.000000,0.000000,0.000000,0.000000,0.264870,0.000000,0.000000,0.000000,0.000000,0.000000,0.000000
56139.471548,-1,-0.006607,0.000570,0.100353,0.000000,0.000000,0.000000,1.000000,0.000000,0.000000,0.000000,0.000000,0.000000,0.000000,0.264870,0.000000,0.000000,0.000000,0.000000,0.000000,0.000000
56139.521543,-1,-0.006607,0.000570,0.100353,0.000000,0.000000,0.000000,1.000000,0.000000,0.000000,0.000000,0.000000,0.000000,0.000000,0.264870,0.000000,0.000000,0.000000,0.000000,0.000000,0.000000
56139.571548,-1,-0.006607,0.000570,0.100353,0.000000,0.000000,0.000000,1.000000,0.000000,0.000000,0.000000,0.000000,0.000000,0.000000,0.264870,0.000000,0.000000,0.000000,0.000000,0.000000,0.000000
56139.621542,-1,-0.006607,0.000570,0.100353,0.000000,0.000000,0.000000,1.000000,0.000000,0.000000,0.000000,0.000000,0.000000,0.000000,0.264870,0.000000,0.000000,0.000000,0.000000,0.000000,0.000000
56139.671540,-1,-0.006607,0.000570,0.100353,0.000000,0.000000,0.000000,1.000000,0.000000,0.000000,0.000000,0.000000,0.000000,0.000000,0.264870,0.000000,0.000000,0.000000,0.000000,0.000000,0.000000
56139.721539,-1,-0.006607,0.000570,0.100353,0.000000,0.000000,0.000000,1.000000,0.000000,0.000000,0.000000,0.000000,0.000000,0.000000,0.264870,0.000000,0.000000,0.000000,0.000000,0.000000,0.000000
56139.771544,-1,-0.006607,0.000570,0.100353,0.000000,0.000000,0.000000,1.000000,0.000000,0.000000,0.000000,0.000000,0.000000,0.000000,0.264870,0.000000,0.000000,0.000000,0.000000,0.000000,0.000000
56139.821541,-1,-0.006607,0.000570,0.100353,0.000000,0.000000,0.000000,1.000000,0.000000,0.000000,0.000000,0.000000,0.000000,0.000000,0.264870,0.000000,0.000000,0.000000,0.000000,0.000000,0.000000
56139.871534,-1,-0.006607,0.000570,0.100353,0.000000,0.000000,0.000000,1.000000,0.000000,0.000000,0.000000,0.000000,0.000000,0.000000,0.264870,0.000000,0.000000,0.000000,0.000000,0.000000,0.000000
56139.921537,-1,-0.006607,0.000570,0.100353,0.000000,0.000000,0.000000,1.000000,0.000000,0.000000,0.000000,0.000000,0.000000,0.000000,0.264870,0.000000,0.000000,0.000000,0.000000,0.000000,0.000000
56139.971540,-1,-0.006607,0.000570,0.100353,0.000000,0.000000,0.000000,1.000000,0.000000,0.000000,0.000000,0.000000,0.000000,0.000000,0.264870,0.000000,0.000000,0.000000,0.000000,0.000000,0.000000
56140.021535,-1,-0.006607,0.000570,0.100353,0.000000,0.000000,0.000000,1.000000,0.000000,0.000000,0.000000,0.000000,0.000000,0.000000,0.264870,0.000000,0.000000,0.000000,0.000000,0.000000,0.000000
56140.071508,-1,-0.006607,0.000570,0.100353,0.000000,0.000000,0.000000,1.000000,0.000000,0.000000,0.000000,0.000000,0.000000,0.000000,0.264870,0.000000,0.000000,0.000000,0.000000,0.000000,0.000000
56140.121535,-1,-0.006607,0.000570,0.100353,0.000000,0.000000,0.000000,1.000000,0.000000,0.000000,0.000000,0.000000,0.000000,0.000000,0.264870,0.000000,0.000000,0.000000,0.000000,0.000000,0.000000
56140.171532,-1,-0.006607,0.000570,0.100353,0.000000,0.000000,0.000000,1.000000,0.000000,0.000000,0.000000,0.000000,0.000000,0.000000,0.264870,0.000000,0.000000,0.000000,0.000000,0.000000,0.000000
56140.221534,-1,-0.006607,0.000570,0.100353,0.000000,0.000000,0.000000,1.000000,0.000000,0.000000,0.000000,0.000000,0.000000,0.000000,0.264870,0.000000,0.000000,0.000000,0.000000,0.000000,0.000000
56140.271536,-1,-0.006607,0.000570,0.100353,0.000000,0.000000,0.000000,1.000000,0.000000,0.000000,0.000000,0.000000,0.000000,0.000000,0.264870,0.000000,0.000000,0.000000,0.000000,0.000000,0.000000
56140.321538,-1,-0.006607,0.000570,0.100353,0.000000,0.000000,0.000000,1.000000,0.000000,0.000000,0.000000,0.000000,0.000000,0.000000,0.264870,0.000000,0.000000,0.000000,0.000000,0.000000,0.000000
56140.371535,-1,-0.006607,0.000570,0.100353,0.000000,0.000000,0.000000,1.000000,0.000000,0.000000,0.000000,0.000000,0.000000,0.000000,0.264870,0.000000,0.000000,0.000000,0.000000,0.000000,0.000000
56140.421533,-1,-0.006607,0.000570,0.100353,0.000000,0.000000,0.000000,1.000000,0.000000,0.000000,0.000000,0.000000,0.000000,0.000000,0.264870,0.000000,0.000000,0.000000,0.000000,0.000000,0.000000
56140.471533,-1,-0.006607,0.000570,0.100353,0.000000,0.000000,0.000000,1.000000,0.000000,0.000000,0.000000,0.000000,0.000000,0.000000,0.264870,0.000000,0.000000,0.000000,0.000000,0.000000,0.000000
56140.521536,-1,-0.006607,0.000570,0.100353,0.000000,0.000000,0.000000,1.000000,0.000000,0.000000,0.000000,0.000000,0.000000,0.000000,0.264870,0.000000,0.000000,0.000000,0.000000,0.000000,0.000000
56140.571534,-1,-0.006607,0.000570,0.100353,0.000000,0.000000,0.000000,1.000000,0.000000,0.000000,0.000000,0.000000,0.000000,0.000000,0.264870,0.000000,0.000000,0.000000,0.000000,0.000000,0.000000
56140.621529,-1,-0.006607,0.000570,0.100353,0.000000,0.000000,0.000000,1.000000,0.000000,0.000000,0.000000,0.000000,0.000000,0.000000,0.264870,0.000000,0.000000,0.000000,0.000000,0.000000,0.000000
56140.671530,-1,-0.006607,0.000570,0.100353,0.000000,0.000000,0.000000,1.000000,0.000000,0.000000,0.000000,0.000000,0.000000,0.000000,0.264870,0.000000,0.000000,0.000000,0.000000,0.000000,0.000000
56140.721531,-1,-0.006607,0.000570,0.100353,0.000000,0.000000,0.000000,1.000000,0.000000,0.000000,0.000000,0.000000,0.000000,0.000000,0.264870,0.000000,0.000000,0.000000,0.000000,0.000000,0.000000
56140.771535,-1,-0.006607,0.000570,0.100353,0.000000,0.000000,0.000000,1.000000,0.000000,0.000000,0.000000,0.000000,0.000000,0.000000,0.264870,0.000000,0.000000,0.000000,0.000000,0.000000,0.000000
56140.821533,-1,-0.006607,0.000570,0.100353,0.000000,0.000000,0.000000,1.000000,0.000000,0.000000,0.000000,0.000000,0.000000,0.000000,0.264870,0.000000,0.000000,0.000000,0.000000,0.000000,0.000000
56140.871527,-1,-0.006607,0.000570,0.100353,0.000000,0.000000,0.000000,1.000000,0.000000,0.000000,0.000000,0.000000,0.000000,0.000000,0.264870,0.000000,0.000000,0.000000,0.000000,0.000000,0.000000
56140.921525,-1,-0.006607,0.000570,0.100353,0.000000,0.000000,0.000000,1.000000,0.000000,0.000000,0.000000,0.000000,0.000000,0.000000,0.264870,0.000000,0.000000,0.000000,0.000000,0.000000,0.000000
56140.971538,-1,-0.006607,0.000570,0.100353,0.000000,0.000000,0.000000,1.000000,0.000000,0.000000,0.000000,0.000000,0.000000,0.000000,0.264870,0.000000,0.000000,0.000000,0.000000,0.000000,0.000000
56141.021536,-1,-0.006607,0.000570,0.100353,0.000000,0.000000,0.000000,1.000000,0.000000,0.000000,0.000000,0.000000,0.000000,0.000000,0.264870,0.000000,0.000000,0.000000,0.000000,0.000000,0.000000
56141.071529,-1,-0.006607,0.000570,0.100353,0.000000,0.000000,0.000000,1.000000,0.000000,0.000000,0.000000,0.000000,0.000000,0.000000,0.264870,0.000000,0.000000,0.000000,0.000000,0.000000,0.000000
56141.121531,-1,-0.006607,0.000570,0.100353,0.000000,0.000000,0.000000,1.000000,0.000000,0.000000,0.000000,0.000000,0.000000,0.000000,0.264870,0.000000,0.000000,0.000000,0.000000,0.000000,0.000000
56141.171528,-1,-0.006607,0.000570,0.100353,0.000000,0.000000,0.000000,1.000000,0.000000,0.000000,0.000000,0.000000,0.000000,0.000000,0.264870,0.000000,0.000000,0.000000,0.000000,0.000000,0.000000
56141.221527,-1,-0.006607,0.000570,0.100353,0.000000,0.000000,0.000000,1.000000,0.000000,0.000000,0.000000,0.000000,0.000000,0.000000,0.264870,0.000000,0.000000,0.000000,0.000000,0.000000,0.000000
56141.271571,-1,-0.006607,0.000570,0.100353,0.000000,0.000000,0.000000,1.000000,0.000000,0.000000,0.000000,0.000000,0.000000,0.000000,0.264870,0.000000,0.000000,0.000000,0.000000,0.000000,0.000000
56141.321534,-1,-0.006607,0.000570,0.100353,0.000000,0.000000,0.000000,1.000000,0.000000,0.000000,0.000000,0.000000,0.000000,0.000000,0.264870,0.000000,0.000000,0.000000,0.000000,0.000000,0.000000
56141.371537,-1,-0.006607,0.000570,0.100353,0.000000,0.000000,0.000000,1.000000,0.000000,0.000000,0.000000,0.000000,0.000000,0.000000,0.264870,0.000000,0.000000,0.000000,0.000000,0.000000,0.000000
56141.421529,-1,-0.006607,0.000570,0.100353,0.000000,0.000000,0.000000,1.000000,0.000000,0.000000,0.000000,0.000000,0.000000,0.000000,0.264870,0.000000,0.000000,0.000000,0.000000,0.000000,0.000000
56141.471527,-1,-0.006607,0.000570,0.100353,0.000000,0.000000,0.000000,1.000000,0.000000,0.000000,0.000000,0.000000,0.000000,0.000000,0.264870,0.000000,0.000000,0.000000,0.000000,0.000000,0.000000
56141.521527,-1,-0.006607,0.000570,0.100353,0.000000,0.000000,0.000000,1.000000,0.000000,0.000000,0.000000,0.000000,0.000000,0.000000,0.264870,0.000000,0.000000,0.000000,0.000000,0.000000,0.000000
56141.571497,-1,-0.006607,0.000570,0.100353,0.000000,0.000000,0.000000,1.000000,0.000000,0.000000,0.000000,0.000000,0.000000,0.000000,0.264870,0.000000,0.000000,0.000000,0.000000,0.000000,0.000000
56141.621523,-1,-0.006607,0.000570,0.100353,0.000000,0.000000,0.000000,1.000000,0.000000,0.000000,0.000000,0.000000,0.000000,0.000000,0.264870,0.000000,0.000000,0.000000,0.000000,0.000000,0.000000
56141.671528,-1,-0.006607,0.000570,0.100353,0.000000,0.000000,0.000000,1.000000,0.000000,0.000000,0.000000,0.000000,0.000000,0.000000,0.264870,0.000000,0.000000,0.000000,0.000000,0.000000,0.000000
56141.721523,-1,-0.006607,0.000570,0.100353,0.000000,0.000000,0.000000,1.000000,0.000000,0.000000,0.000000,0.000000,0.000000,0.000000,0.264870,0.000000,0.000000,0.000000,0.000000,0.000000,0.000000
56141.771522,-1,-0.006607,0.000570,0.100353,0.000000,0.000000,0.000000,1.000000,0.000000,0.000000,0.000000,0.000000,0.000000,0.000000,0.264870,0.000000,0.000000,0.000000,0.000000,0.000000,0.000000
56141.821522,-1,-0.006607,0.000570,0.100353,0.000000,0.000000,0.000000,1.000000,0.000000,0.000000,0.000000,0.000000,0.000000,0.000000,0.264870,0.000000,0.000000,0.000000,0.000000,0.000000,0.000000
56141.871510,-1,-0.006607,0.000570,0.100353,0.000000,0.000000,0.000000,1.000000,0.000000,0.000000,0.000000,0.000000,0.000000,0.000000,0.264870,0.000000,0.000000,0.000000,0.000000,0.000000,0.000000
56141.921525,-1,-0.006607,0.000570,0.100353,0.000000,0.000000,0.000000,1.000000,0.000000,0.000000,0.000000,0.000000,0.000000,0.000000,0.264870,0.000000,0.000000,0.000000,0.000000,0.000000,0.000000
56141.971518,-1,-0.006607,0.000570,0.100353,0.000000,0.000000,0.000000,1.000000,0.000000,0.000000,0.000000,0.000000,0.000000,0.000000,0.264870,0.000000,0.000000,0.000000,0.000000,0.000000,0.000000
56142.021514,-1,-0.006607,0.000570,0.100353,0.000000,0.000000,0.000000,1.000000,0.000000,0.000000,0.000000,0.000000,0.000000,0.000000,0.264870,0.000000,0.000000,0.000000,0.000000,0.000000,0.000000
56142.071524,-1,-0.006607,0.000570,0.100353,0.000000,0.000000,0.000000,1.000000,0.000000,0.000000,0.000000,0.000000,0.000000,0.000000,0.264870,0.000000,0.000000,0.000000,0.000000,0.000000,0.000000
56142.121517,-1,-0.006607,0.000570,0.100353,0.000000,0.000000,0.000000,1.000000,0.000000,0.000000,0.000000,0.000000,0.000000,0.000000,0.264870,0.000000,0.000000,0.000000,0.000000,0.000000,0.000000
56142.171527,-1,-0.006607,0.000570,0.100353,0.000000,0.000000,0.000000,1.000000,0.000000,0.000000,0.000000,0.000000,0.000000,0.000000,0.264870,0.000000,0.000000,0.000000,0.000000,0.000000,0.000000
56142.221525,-1,-0.006607,0.000570,0.100353,0.000000,0.000000,0.000000,1.000000,0.000000,0.000000,0.000000,0.000000,0.000000,0.000000,0.264870,0.000000,0.000000,0.000000,0.000000,0.000000,0.000000
56142.271520,-1,-0.006607,0.000570,0.100353,0.000000,0.000000,0.000000,1.000000,0.000000,0.000000,0.000000,0.000000,0.000000,0.000000,0.264870,0.000000,0.000000,0.000000,0.000000,0.000000,0.000000
56142.321532,-1,-0.006607,0.000570,0.100353,0.000000,0.000000,0.000000,1.000000,0.000000,0.000000,0.000000,0.000000,0.000000,0.000000,0.264870,0.000000,0.000000,0.000000,0.000000,0.000000,0.000000
56142.371520,-1,-0.006607,0.000570,0.100353,0.000000,0.000000,0.000000,1.000000,0.000000,0.000000,0.000000,0.000000,0.000000,0.000000,0.264870,0.000000,0.000000,0.000000,0.000000,0.000000,0.000000
56142.421518,-1,-0.006607,0.000570,0.100353,0.000000,0.000000,0.000000,1.000000,0.000000,0.000000,0.000000,0.000000,0.000000,0.000000,0.264870,0.000000,0.000000,0.000000,0.000000,0.000000,0.000000
56142.471517,-1,-0.006607,0.000570,0.100353,0.000000,0.000000,0.000000,1.000000,0.000000,0.000000,0.000000,0.000000,0.000000,0.000000,0.264870,0.000000,0.000000,0.000000,0.000000,0.000000,0.000000
56142.521518,-1,-0.006607,0.000570,0.100353,0.000000,0.000000,0.000000,1.000000,0.000000,0.000000,0.000000,0.000000,0.000000,0.000000,0.264870,0.000000,0.000000,0.000000,0.000000,0.000000,0.000000
56142.571521,-1,-0.006607,0.000570,0.100353,0.000000,0.000000,0.000000,1.000000,0.000000,0.000000,0.000000,0.000000,0.000000,0.000000,0.264870,0.000000,0.000000,0.000000,0.000000,0.000000,0.000000
56142.621518,-1,-0.006607,0.000570,0.100353,0.000000,0.000000,0.000000,1.000000,0.000000,0.000000,0.000000,0.000000,0.000000,0.000000,0.264870,0.000000,0.000000,0.000000,0.000000,0.000000,0.000000
56142.671513,-1,-0.006607,0.000570,0.100353,0.000000,0.000000,0.000000,1.000000,0.000000,0.000000,0.000000,0.000000,0.000000,0.000000,0.264870,0.000000,0.000000,0.000000,0.000000,0.000000,0.000000
56142.721499,-1,-0.006607,0.000570,0.100353,0.000000,0.000000,0.000000,1.000000,0.000000,0.000000,0.000000,0.000000,0.000000,0.000000,0.264870,0.000000,0.000000,0.000000,0.000000,0.000000,0.000000
56142.771503,-1,-0.006607,0.000570,0.100353,0.000000,0.000000,0.000000,1.000000,0.000000,0.000000,0.000000,0.000000,0.000000,0.000000,0.264870,0.000000,0.000000,0.000000,0.000000,0.000000,0.000000
56142.821526,-1,-0.006607,0.000570,0.100353,0.000000,0.000000,0.000000,1.000000,0.000000,0.000000,0.000000,0.000000,0.000000,0.000000,0.264870,0.000000,0.000000,0.000000,0.000000,0.000000,0.000000
56142.871522,-1,-0.006607,0.000570,0.100353,0.000000,0.000000,0.000000,1.000000,0.000000,0.000000,0.000000,0.000000,0.000000,0.000000,0.264870,0.000000,0.000000,0.000000,0.000000,0.000000,0.000000
56142.921517,-1,-0.006607,0.000570,0.100353,0.000000,0.000000,0.000000,1.000000,0.000000,0.000000,0.000000,0.000000,0.000000,0.000000,0.264870,0.000000,0.000000,0.000000,0.000000,0.000000,0.000000
56142.971472,-1,-0.006607,0.000570,0.100353,0.000000,0.000000,0.000000,1.000000,0.000000,0.000000,0.000000,0.000000,0.000000,0.000000,0.264870,0.000000,0.000000,0.000000,0.000000,0.000000,0.000000
56143.021494,-1,-0.006607,0.000570,0.100353,0.000000,0.000000,0.000000,1.000000,0.000000,0.000000,0.000000,0.000000,0.000000,0.000000,0.264870,0.000000,0.000000,0.000000,0.000000,0.000000,0.000000
56143.071458,-1,-0.006607,0.000570,0.100353,0.000000,0.000000,0.000000,1.000000,0.000000,0.000000,0.000000,0.000000,0.000000,0.000000,0.264870,0.000000,0.000000,0.000000,0.000000,0.000000,0.000000
56143.121489,-1,-0.006607,0.000570,0.100353,0.000000,0.000000,0.000000,1.000000,0.000000,0.000000,0.000000,0.000000,0.000000,0.000000,0.264870,0.000000,0.000000,0.000000,0.000000,0.000000,0.000000
56143.171488,-1,-0.006607,0.000570,0.100353,0.000000,0.000000,0.000000,1.000000,0.000000,0.000000,0.000000,0.000000,0.000000,0.000000,0.264870,0.000000,0.000000,0.000000,0.000000,0.000000,0.000000
56143.221518,-1,-0.006607,0.000570,0.100353,0.000000,0.000000,0.000000,1.000000,0.000000,0.000000,0.000000,0.000000,0.000000,0.000000,0.264870,0.000000,0.000000,0.000000,0.000000,0.000000,0.000000
56143.271473,-1,-0.006607,0.000570,0.100353,0.000000,0.000000,0.000000,1.000000,0.000000,0.000000,0.000000,0.000000,0.000000,0.000000,0.264870,0.000000,0.000000,0.000000,0.000000,0.000000,0.000000
56143.321518,-1,-0.006607,0.000570,0.100353,0.000000,0.000000,0.000000,1.000000,0.000000,0.000000,0.000000,0.000000,0.000000,0.000000,0.264870,0.000000,0.000000,0.000000,0.000000,0.000000,0.000000
56143.371507,-1,-0.006607,0.000570,0.100353,0.000000,0.000000,0.000000,1.000000,0.000000,0.000000,0.000000,0.000000,0.000000,0.000000,0.264870,0.000000,0.000000,0.000000,0.000000,0.000000,0.000000
56143.421511,-1,-0.006607,0.000570,0.100353,0.000000,0.000000,0.000000,1.000000,0.000000,0.000000,0.000000,0.000000,0.000000,0.000000,0.264870,0.000000,0.000000,0.000000,0.000000,0.000000,0.000000
56143.471525,-1,-0.006607,0.000570,0.100353,0.000000,0.000000,0.000000,1.000000,0.000000,0.000000,0.000000,0.000000,0.000000,0.000000,0.264870,0.000000,0.000000,0.000000,0.000000,0.000000,0.000000
56143.521514,-1,-0.006607,0.000570,0.100353,0.000000,0.000000,0.000000,1.000000,0.000000,0.000000,0.000000,0.000000,0.000000,0.000000,0.264870,0.000000,0.000000,0.000000,0.000000,0.000000,0.000000
56143.571510,-1,-0.006607,0.000570,0.100353,0.000000,0.000000,0.000000,1.000000,0.000000,0.000000,0.000000,0.000000,0.000000,0.000000,0.264870,0.000000,0.000000,0.000000,0.000000,0.000000,0.000000
56143.621456,-1,-0.006607,0.000570,0.100353,0.000000,0.000000,0.000000,1.000000,0.000000,0.000000,0.000000,0.000000,0.000000,0.000000,0.264870,0.000000,0.000000,0.000000,0.000000,0.000000,0.000000
56143.671500,-1,-0.006607,0.000570,0.100353,0.000000,0.000000,0.000000,1.000000,0.000000,0.000000,0.000000,0.000000,0.000000,0.000000,0.264870,0.000000,0.000000,0.000000,0.000000,0.000000,0.000000
56143.721517,-1,-0.006607,0.000570,0.100353,0.000000,0.000000,0.000000,1.000000,0.000000,0.000000,0.000000,0.000000,0.000000,0.000000,0.264870,0.000000,0.000000,0.000000,0.000000,0.000000,0.000000
56143.771498,-1,-0.006607,0.000570,0.100353,0.000000,0.000000,0.000000,1.000000,0.000000,0.000000,0.000000,0.000000,0.000000,0.000000,0.264870,0.000000,0.000000,0.000000,0.000000,0.000000,0.000000
56143.821500,-1,-0.006607,0.000570,0.100353,0.000000,0.000000,0.000000,1.000000,0.000000,0.000000,0.000000,0.000000,0.000000,0.000000,0.264870,0.000000,0.000000,0.000000,0.000000,0.000000,0.000000
56143.871448,-1,-0.006607,0.000570,0.100353,0.000000,0.000000,0.000000,1.000000,0.000000,0.000000,0.000000,0.000000,0.000000,0.000000,0.264870,0.000000,0.000000,0.000000,0.000000,0.000000,0.000000
56143.921514,-1,-0.006607,0.000570,0.100353,0.000000,0.000000,0.000000,1.000000,0.000000,0.000000,0.000000,0.000000,0.000000,0.000000,0.264870,0.000000,0.000000,0.000000,0.000000,0.000000,0.000000
56143.971455,-1,-0.006607,0.000570,0.100353,0.000000,0.000000,0.000000,1.000000,0.000000,0.000000,0.000000,0.000000,0.000000,0.000000,0.264870,0.000000,0.000000,0.000000,0.000000,0.000000,0.000000
56144.021465,-1,-0.006607,0.000570,0.100353,0.000000,0.000000,0.000000,1.000000,0.000000,0.000000,0.000000,0.000000,0.000000,0.000000,0.264870,0.000000,0.000000,0.000000,0.000000,0.000000,0.000000
56144.071516,-1,-0.006607,0.000570,0.100353,0.000000,0.000000,0.000000,1.000000,0.000000,0.000000,0.000000,0.000000,0.000000,0.000000,0.264870,0.000000,0.000000,0.000000,0.000000,0.000000,0.000000
56144.121509,-1,-0.006607,0.000570,0.100353,0.000000,0.000000,0.000000,1.000000,0.000000,0.000000,0.000000,0.000000,0.000000,0.000000,0.264870,0.000000,0.000000,0.000000,0.000000,0.000000,0.000000
56144.171513,-1,-0.006607,0.000570,0.100353,0.000000,0.000000,0.000000,1.000000,0.000000,0.000000,0.000000,0.000000,0.000000,0.000000,0.264870,0.000000,0.000000,0.000000,0.000000,0.000000,0.000000
56144.221507,-1,-0.006607,0.000570,0.100353,0.000000,0.000000,0.000000,1.000000,0.000000,0.000000,0.000000,0.000000,0.000000,0.000000,0.264870,0.000000,0.000000,0.000000,0.000000,0.000000,0.000000
56144.271513,-1,-0.006607,0.000570,0.100353,0.000000,0.000000,0.000000,1.000000,0.000000,0.000000,0.000000,0.000000,0.000000,0.000000,0.264870,0.000000,0.000000,0.000000,0.000000,0.000000,0.000000
56144.321512,-1,-0.006607,0.000570,0.100353,0.000000,0.000000,0.000000,1.000000,0.000000,0.000000,0.000000,0.000000,0.000000,0.000000,0.264870,0.000000,0.000000,0.000000,0.000000,0.000000,0.000000
56144.371513,-1,-0.006607,0.000570,0.100353,0.000000,0.000000,0.000000,1.000000,0.000000,0.000000,0.000000,0.000000,0.000000,0.000000,0.264870,0.000000,0.000000,0.000000,0.000000,0.000000,0.000000
56144.421505,-1,-0.006607,0.000570,0.100353,0.000000,0.000000,0.000000,1.000000,0.000000,0.000000,0.000000,0.000000,0.000000,0.000000,0.264870,0.000000,0.000000,0.000000,0.000000,0.000000,0.000000
56144.471487,-1,-0.006607,0.000570,0.100353,0.000000,0.000000,0.000000,1.000000,0.000000,0.000000,0.000000,0.000000,0.000000,0.000000,0.264870,0.000000,0.000000,0.000000,0.000000,0.000000,0.000000
56144.521501,-1,-0.006607,0.000570,0.100353,0.000000,0.000000,0.000000,1.000000,0.000000,0.000000,0.000000,0.000000,0.000000,0.000000,0.264870,0.000000,0.000000,0.000000,0.000000,0.000000,0.000000
56144.571476,-1,-0.006607,0.000570,0.100353,0.000000,0.000000,0.000000,1.000000,0.000000,0.000000,0.000000,0.000000,0.000000,0.000000,0.264870,0.000000,0.000000,0.000000,0.000000,0.000000,0.000000
56144.621477,-1,-0.006607,0.000570,0.100353,0.000000,0.000000,0.000000,1.000000,0.000000,0.000000,0.000000,0.000000,0.000000,0.000000,0.264870,0.000000,0.000000,0.000000,0.000000,0.000000,0.000000
56144.671501,-1,-0.006607,0.000570,0.100353,0.000000,0.000000,0.000000,1.000000,0.000000,0.000000,0.000000,0.000000,0.000000,0.000000,0.264870,0.000000,0.000000,0.000000,0.000000,0.000000,0.000000
56144.721457,-1,-0.006607,0.000570,0.100353,0.000000,0.000000,0.000000,1.000000,0.000000,0.000000,0.000000,0.000000,0.000000,0.000000,0.264870,0.000000,0.000000,0.000000,0.000000,0.000000,0.000000
56144.771505,-1,-0.006607,0.000570,0.100353,0.000000,0.000000,0.000000,1.000000,0.000000,0.000000,0.000000,0.000000,0.000000,0.000000,0.264870,0.000000,0.000000,0.000000,0.000000,0.000000,0.000000
56144.821493,-1,-0.006607,0.000570,0.100353,0.000000,0.000000,0.000000,1.000000,0.000000,0.000000,0.000000,0.000000,0.000000,0.000000,0.264870,0.000000,0.000000,0.000000,0.000000,0.000000,0.000000
56144.871465,-1,-0.006607,0.000570,0.100353,0.000000,0.000000,0.000000,1.000000,0.000000,0.000000,0.000000,0.000000,0.000000,0.000000,0.264870,0.000000,0.000000,0.000000,0.000000,0.000000,0.000000
56144.921454,-1,-0.006607,0.000570,0.100353,0.000000,0.000000,0.000000,1.000000,0.000000,0.000000,0.000000,0.000000,0.000000,0.000000,0.264870,0.000000,0.000000,0.000000,0.000000,0.000000,0.000000
56144.971531,-1,-0.006607,0.000570,0.100353,0.000000,0.000000,0.000000,1.000000,0.000000,0.000000,0.000000,0.000000,0.000000,0.000000,0.264870,0.000000,0.000000,0.000000,0.000000,0.000000,0.000000
56145.021505,-1,-0.006607,0.000570,0.100353,0.000000,0.000000,0.000000,1.000000,0.000000,0.000000,0.000000,0.000000,0.000000,0.000000,0.264870,0.000000,0.000000,0.000000,0.000000,0.000000,0.000000
56145.071499,-1,-0.006607,0.000570,0.100353,0.000000,0.000000,0.000000,1.000000,0.000000,0.000000,0.000000,0.000000,0.000000,0.000000,0.264870,0.000000,0.000000,0.000000,0.000000,0.000000,0.000000
56145.121500,-1,-0.006607,0.000570,0.100353,0.000000,0.000000,0.000000,1.000000,0.000000,0.000000,0.000000,0.000000,0.000000,0.000000,0.264870,0.000000,0.000000,0.000000,0.000000,0.000000,0.000000
56145.171493,-1,-0.006607,0.000570,0.100353,0.000000,0.000000,0.000000,1.000000,0.000000,0.000000,0.000000,0.000000,0.000000,0.000000,0.264870,0.000000,0.000000,0.000000,0.000000,0.000000,0.000000
56145.221499,-1,-0.006607,0.000570,0.100353,0.000000,0.000000,0.000000,1.000000,0.000000,0.000000,0.000000,0.000000,0.000000,0.000000,0.264870,0.000000,0.000000,0.000000,0.000000,0.000000,0.000000
56145.271508,-1,-0.006607,0.000570,0.100353,0.000000,0.000000,0.000000,1.000000,0.000000,0.000000,0.000000,0.000000,0.000000,0.000000,0.264870,0.000000,0.000000,0.000000,0.000000,0.000000,0.000000
56145.321504,-1,-0.006607,0.000570,0.100353,0.000000,0.000000,0.000000,1.000000,0.000000,0.000000,0.000000,0.000000,0.000000,0.000000,0.264870,0.000000,0.000000,0.000000,0.000000,0.000000,0.000000
56145.371482,-1,-0.006607,0.000570,0.100353,0.000000,0.000000,0.000000,1.000000,0.000000,0.000000,0.000000,0.000000,0.000000,0.000000,0.264870,0.000000,0.000000,0.000000,0.000000,0.000000,0.000000
56145.421497,-1,-0.006607,0.000570,0.100353,0.000000,0.000000,0.000000,1.000000,0.000000,0.000000,0.000000,0.000000,0.000000,0.000000,0.264870,0.000000,0.000000,0.000000,0.000000,0.000000,0.000000
56145.471499,-1,-0.006607,0.000570,0.100353,0.000000,0.000000,0.000000,1.000000,0.000000,0.000000,0.000000,0.000000,0.000000,0.000000,0.264870,0.000000,0.000000,0.000000,0.000000,0.000000,0.000000
56145.521498,-1,-0.006607,0.000570,0.100353,0.000000,0.000000,0.000000,1.000000,0.000000,0.000000,0.000000,0.000000,0.000000,0.000000,0.264870,0.000000,0.000000,0.000000,0.000000,0.000000,0.000000
56145.571498,-1,-0.006607,0.000570,0.100353,0.000000,0.000000,0.000000,1.000000,0.000000,0.000000,0.000000,0.000000,0.000000,0.000000,0.264870,0.000000,0.000000,0.000000,0.000000,0.000000,0.000000
56145.621495,-1,-0.006607,0.000570,0.100353,0.000000,0.000000,0.000000,1.000000,0.000000,0.000000,0.000000,0.000000,0.000000,0.000000,0.264870,0.000000,0.000000,0.000000,0.000000,0.000000,0.000000
56145.671496,-1,-0.006607,0.000570,0.100353,0.000000,0.000000,0.000000,1.000000,0.000000,0.000000,0.000000,0.000000,0.000000,0.000000,0.264870,0.000000,0.000000,0.000000,0.000000,0.000000,0.000000
56145.721495,-1,-0.006607,0.000570,0.100353,0.000000,0.000000,0.000000,1.000000,0.000000,0.000000,0.000000,0.000000,0.000000,0.000000,0.264870,0.000000,0.000000,0.000000,0.000000,0.000000,0.000000
56145.771495,-1,-0.006607,0.000570,0.100353,0.000000,0.000000,0.000000,1.000000,0.000000,0.000000,0.000000,0.000000,0.000000,0.000000,0.264870,0.000000,0.000000,0.000000,0.000000,0.000000,0.000000
56145.821486,-1,-0.006607,0.000570,0.100353,0.000000,0.000000,0.000000,1.000000,0.000000,0.000000,0.000000,0.000000,0.000000,0.000000,0.264870,0.000000,0.000000,0.000000,0.000000,0.000000,0.000000
56145.871492,-1,-0.006607,0.000570,0.100353,0.000000,0.000000,0.000000,1.000000,0.000000,0.000000,0.000000,0.000000,0.000000,0.000000,0.264870,0.000000,0.000000,0.000000,0.000000,0.000000,0.000000
56145.921488,-1,-0.006607,0.000570,0.100353,0.000000,0.000000,0.000000,1.000000,0.000000,0.000000,0.000000,0.000000,0.000000,0.000000,0.264870,0.000000,0.000000,0.000000,0.000000,0.000000,0.000000
56145.971498,-1,-0.006607,0.000570,0.100353,0.000000,0.000000,0.000000,1.000000,0.000000,0.000000,0.000000,0.000000,0.000000,0.000000,0.264870,0.000000,0.000000,0.000000,0.000000,0.000000,0.000000
56146.021492,-1,-0.006607,0.000570,0.100353,0.000000,0.000000,0.000000,1.000000,0.000000,0.000000,0.000000,0.000000,0.000000,0.000000,0.264870,0.000000,0.000000,0.000000,0.000000,0.000000,0.000000
56146.071495,-1,-0.006607,0.000570,0.100353,0.000000,0.000000,0.000000,1.000000,0.000000,0.000000,0.000000,0.000000,0.000000,0.000000,0.264870,0.000000,0.000000,0.000000,0.000000,0.000000,0.000000
56146.121498,-1,-0.006607,0.000570,0.100353,0.000000,0.000000,0.000000,1.000000,0.000000,0.000000,0.000000,0.000000,0.000000,0.000000,0.264870,0.000000,0.000000,0.000000,0.000000,0.000000,0.000000
56146.171459,-1,-0.006607,0.000570,0.100353,0.000000,0.000000,0.000000,1.000000,0.000000,0.000000,0.000000,0.000000,0.000000,0.000000,0.264870,0.000000,0.000000,0.000000,0.000000,0.000000,0.000000
56146.221499,-1,-0.006607,0.000570,0.100353,0.000000,0.000000,0.000000,1.000000,0.000000,0.000000,0.000000,0.000000,0.000000,0.000000,0.264870,0.000000,0.000000,0.000000,0.000000,0.000000,0.000000
56146.271460,-1,-0.006607,0.000570,0.100353,0.000000,0.000000,0.000000,1.000000,0.000000,0.000000,0.000000,0.000000,0.000000,0.000000,0.264870,0.000000,0.000000,0.000000,0.000000,0.000000,0.000000
56146.321450,-1,-0.006607,0.000570,0.100353,0.000000,0.000000,0.000000,1.000000,0.000000,0.000000,0.000000,0.000000,0.000000,0.000000,0.264870,0.000000,0.000000,0.000000,0.000000,0.000000,0.000000
56146.371453,-1,-0.006607,0.000570,0.100353,0.000000,0.000000,0.000000,1.000000,0.000000,0.000000,0.000000,0.000000,0.000000,0.000000,0.264870,0.000000,0.000000,0.000000,0.000000,0.000000,0.000000
56146.421488,-1,-0.006607,0.000570,0.100353,0.000000,0.000000,0.000000,1.000000,0.000000,0.000000,0.000000,0.000000,0.000000,0.000000,0.264870,0.000000,0.000000,0.000000,0.000000,0.000000,0.000000
56146.471494,-1,-0.006607,0.000570,0.100353,0.000000,0.000000,0.000000,1.000000,0.000000,0.000000,0.000000,0.000000,0.000000,0.000000,0.264870,0.000000,0.000000,0.000000,0.000000,0.000000,0.000000
56146.521453,-1,-0.006607,0.000570,0.100353,0.000000,0.000000,0.000000,1.000000,0.000000,0.000000,0.000000,0.000000,0.000000,0.000000,0.264870,0.000000,0.000000,0.000000,0.000000,0.000000,0.000000
56146.571490,-1,-0.006607,0.000570,0.100353,0.000000,0.000000,0.000000,1.000000,0.000000,0.000000,0.000000,0.000000,0.000000,0.000000,0.264870,0.000000,0.000000,0.000000,0.000000,0.000000,0.000000
56146.621491,-1,-0.006607,0.000570,0.100353,0.000000,0.000000,0.000000,1.000000,0.000000,0.000000,0.000000,0.000000,0.000000,0.000000,0.264870,0.000000,0.000000,0.000000,0.000000,0.000000,0.000000
56146.671494,-1,-0.006607,0.000570,0.100353,0.000000,0.000000,0.000000,1.000000,0.000000,0.000000,0.000000,0.000000,0.000000,0.000000,0.264870,0.000000,0.000000,0.000000,0.000000,0.000000,0.000000
56146.721494,-1,-0.006607,0.000570,0.100353,0.000000,0.000000,0.000000,1.000000,0.000000,0.000000,0.000000,0.000000,0.000000,0.000000,0.264870,0.000000,0.000000,0.000000,0.000000,0.000000,0.000000
56146.771491,-1,-0.006607,0.000570,0.100353,0.000000,0.000000,0.000000,1.000000,0.000000,0.000000,0.000000,0.000000,0.000000,0.000000,0.264870,0.000000,0.000000,0.000000,0.000000,0.000000,0.000000
56146.821494,-1,-0.006607,0.000570,0.100353,0.000000,0.000000,0.000000,1.000000,0.000000,0.000000,0.000000,0.000000,0.000000,0.000000,0.264870,0.000000,0.000000,0.000000,0.000000,0.000000,0.000000
56146.871488,-1,-0.006607,0.000570,0.100353,0.000000,0.000000,0.000000,1.000000,0.000000,0.000000,0.000000,0.000000,0.000000,0.000000,0.264870,0.000000,0.000000,0.000000,0.000000,0.000000,0.000000
56146.921485,-1,-0.006607,0.000570,0.100353,0.000000,0.000000,0.000000,1.000000,0.000000,0.000000,0.000000,0.000000,0.000000,0.000000,0.264870,0.000000,0.000000,0.000000,0.000000,0.000000,0.000000
56146.971484,-1,-0.006607,0.000570,0.100353,0.000000,0.000000,0.000000,1.000000,0.000000,0.000000,0.000000,0.000000,0.000000,0.000000,0.264870,0.000000,0.000000,0.000000,0.000000,0.000000,0.000000
56147.021492,-1,-0.006607,0.000570,0.100353,0.000000,0.000000,0.000000,1.000000,0.000000,0.000000,0.000000,0.000000,0.000000,0.000000,0.264870,0.000000,0.000000,0.000000,0.000000,0.000000,0.000000
56147.071496,-1,-0.006607,0.000570,0.100353,0.000000,0.000000,0.000000,1.000000,0.000000,0.000000,0.000000,0.000000,0.000000,0.000000,0.264870,0.000000,0.000000,0.000000,0.000000,0.000000,0.000000
56147.121491,-1,-0.006607,0.000570,0.100353,0.000000,0.000000,0.000000,1.000000,0.000000,0.000000,0.000000,0.000000,0.000000,0.000000,0.264870,0.000000,0.000000,0.000000,0.000000,0.000000,0.000000
56147.171491,-1,-0.006607,0.000570,0.100353,0.000000,0.000000,0.000000,1.000000,0.000000,0.000000,0.000000,0.000000,0.000000,0.000000,0.264870,0.000000,0.000000,0.000000,0.000000,0.000000,0.000000
56147.221482,-1,-0.006607,0.000570,0.100353,0.000000,0.000000,0.000000,1.000000,0.000000,0.000000,0.000000,0.000000,0.000000,0.000000,0.264870,0.000000,0.000000,0.000000,0.000000,0.000000,0.000000
56147.271482,-1,-0.006607,0.000570,0.100353,0.000000,0.000000,0.000000,1.000000,0.000000,0.000000,0.000000,0.000000,0.000000,0.000000,0.264870,0.000000,0.000000,0.000000,0.000000,0.000000,0.000000
56147.321490,-1,-0.006607,0.000570,0.100353,0.000000,0.000000,0.000000,1.000000,0.000000,0.000000,0.000000,0.000000,0.000000,0.000000,0.264870,0.000000,0.000000,0.000000,0.000000,0.000000,0.000000
56147.371490,-1,-0.006607,0.000570,0.100353,0.000000,0.000000,0.000000,1.000000,0.000000,0.000000,0.000000,0.000000,0.000000,0.000000,0.264870,0.000000,0.000000,0.000000,0.000000,0.000000,0.000000
56147.421487,-1,-0.006607,0.000570,0.100353,0.000000,0.000000,0.000000,1.000000,0.000000,0.000000,0.000000,0.000000,0.000000,0.000000,0.264870,0.000000,0.000000,0.000000,0.000000,0.000000,0.000000
56147.471463,-1,-0.006607,0.000570,0.100353,0.000000,0.000000,0.000000,1.000000,0.000000,0.000000,0.000000,0.000000,0.000000,0.000000,0.264870,0.000000,0.000000,0.000000,0.000000,0.000000,0.000000
56147.521483,-1,-0.006607,0.000570,0.100353,0.000000,0.000000,0.000000,1.000000,0.000000,0.000000,0.000000,0.000000,0.000000,0.000000,0.264870,0.000000,0.000000,0.000000,0.000000,0.000000,0.000000
56147.571487,-1,-0.006607,0.000570,0.100353,0.000000,0.000000,0.000000,1.000000,0.000000,0.000000,0.000000,0.000000,0.000000,0.000000,0.264870,0.000000,0.000000,0.000000,0.000000,0.000000,0.000000
56147.621432,-1,-0.006607,0.000570,0.100353,0.000000,0.000000,0.000000,1.000000,0.000000,0.000000,0.000000,0.000000,0.000000,0.000000,0.264870,0.000000,0.000000,0.000000,0.000000,0.000000,0.000000
56147.671484,-1,-0.006607,0.000570,0.100353,0.000000,0.000000,0.000000,1.000000,0.000000,0.000000,0.000000,0.000000,0.000000,0.000000,0.264870,0.000000,0.000000,0.000000,0.000000,0.000000,0.000000
56147.721493,-1,-0.006607,0.000570,0.100353,0.000000,0.000000,0.000000,1.000000,0.000000,0.000000,0.000000,0.000000,0.000000,0.000000,0.264870,0.000000,0.000000,0.000000,0.000000,0.000000,0.000000
56147.771481,-1,-0.006607,0.000570,0.100353,0.000000,0.000000,0.000000,1.000000,0.000000,0.000000,0.000000,0.000000,0.000000,0.000000,0.264870,0.000000,0.000000,0.000000,0.000000,0.000000,0.000000
56147.821479,-1,-0.006607,0.000570,0.100353,0.000000,0.000000,0.000000,1.000000,0.000000,0.000000,0.000000,0.000000,0.000000,0.000000,0.264870,0.000000,0.000000,0.000000,0.000000,0.000000,0.000000
56147.871464,-1,-0.006607,0.000570,0.100353,0.000000,0.000000,0.000000,1.000000,0.000000,0.000000,0.000000,0.000000,0.000000,0.000000,0.264870,0.000000,0.000000,0.000000,0.000000,0.000000,0.000000
56147.921464,-1,-0.006607,0.000570,0.100353,0.000000,0.000000,0.000000,1.000000,0.000000,0.000000,0.000000,0.000000,0.000000,0.000000,0.264870,0.000000,0.000000,0.000000,0.000000,0.000000,0.000000
56147.971498,-1,-0.006607,0.000570,0.100353,0.000000,0.000000,0.000000,1.000000,0.000000,0.000000,0.000000,0.000000,0.000000,0.000000,0.264870,0.000000,0.000000,0.000000,0.000000,0.000000,0.000000
56148.021436,-1,-0.006607,0.000570,0.100353,0.000000,0.000000,0.000000,1.000000,0.000000,0.000000,0.000000,0.000000,0.000000,0.000000,0.264870,0.000000,0.000000,0.000000,0.000000,0.000000,0.000000
56148.071479,-1,-0.006607,0.000570,0.100353,0.000000,0.000000,0.000000,1.000000,0.000000,0.000000,0.000000,0.000000,0.000000,0.000000,0.264870,0.000000,0.000000,0.000000,0.000000,0.000000,0.000000
56148.121482,-1,-0.006607,0.000570,0.100353,0.000000,0.000000,0.000000,1.000000,0.000000,0.000000,0.000000,0.000000,0.000000,0.000000,0.264870,0.000000,0.000000,0.000000,0.000000,0.000000,0.000000
56148.171483,-1,-0.006607,0.000570,0.100353,0.000000,0.000000,0.000000,1.000000,0.000000,0.000000,0.000000,0.000000,0.000000,0.000000,0.264870,0.000000,0.000000,0.000000,0.000000,0.000000,0.000000
56148.221484,-1,-0.006607,0.000570,0.100353,0.000000,0.000000,0.000000,1.000000,0.000000,0.000000,0.000000,0.000000,0.000000,0.000000,0.264870,0.000000,0.000000,0.000000,0.000000,0.000000,0.000000
56148.271482,-1,-0.006607,0.000570,0.100353,0.000000,0.000000,0.000000,1.000000,0.000000,0.000000,0.000000,0.000000,0.000000,0.000000,0.264870,0.000000,0.000000,0.000000,0.000000,0.000000,0.000000
56148.321470,-1,-0.006607,0.000570,0.100353,0.000000,0.000000,0.000000,1.000000,0.000000,0.000000,0.000000,0.000000,0.000000,0.000000,0.264870,0.000000,0.000000,0.000000,0.000000,0.000000,0.000000
56148.371479,-1,-0.006607,0.000570,0.100353,0.000000,0.000000,0.000000,1.000000,0.000000,0.000000,0.000000,0.000000,0.000000,0.000000,0.264870,0.000000,0.000000,0.000000,0.000000,0.000000,0.000000
56148.421478,-1,-0.006607,0.000570,0.100353,0.000000,0.000000,0.000000,1.000000,0.000000,0.000000,0.000000,0.000000,0.000000,0.000000,0.264870,0.000000,0.000000,0.000000,0.000000,0.000000,0.000000
56148.471444,-1,-0.006607,0.000570,0.100353,0.000000,0.000000,0.000000,1.000000,0.000000,0.000000,0.000000,0.000000,0.000000,0.000000,0.264870,0.000000,0.000000,0.000000,0.000000,0.000000,0.000000
56148.521464,-1,-0.006607,0.000570,0.100353,0.000000,0.000000,0.000000,1.000000,0.000000,0.000000,0.000000,0.000000,0.000000,0.000000,0.264870,0.000000,0.000000,0.000000,0.000000,0.000000,0.000000
56148.571486,-1,-0.006607,0.000570,0.100353,0.000000,0.000000,0.000000,1.000000,0.000000,0.000000,0.000000,0.000000,0.000000,0.000000,0.264870,0.000000,0.000000,0.000000,0.000000,0.000000,0.000000
56148.621459,-1,-0.006607,0.000570,0.100353,0.000000,0.000000,0.000000,1.000000,0.000000,0.000000,0.000000,0.000000,0.000000,0.000000,0.264870,0.000000,0.000000,0.000000,0.000000,0.000000,0.000000
56148.671474,-1,-0.006607,0.000570,0.100353,0.000000,0.000000,0.000000,1.000000,0.000000,0.000000,0.000000,0.000000,0.000000,0.000000,0.264870,0.000000,0.000000,0.000000,0.000000,0.000000,0.000000
56148.721478,-1,-0.006607,0.000570,0.100353,0.000000,0.000000,0.000000,1.000000,0.000000,0.000000,0.000000,0.000000,0.000000,0.000000,0.264870,0.000000,0.000000,0.000000,0.000000,0.000000,0.000000
56148.771442,-1,-0.006607,0.000570,0.100353,0.000000,0.000000,0.000000,1.000000,0.000000,0.000000,0.000000,0.000000,0.000000,0.000000,0.264870,0.000000,0.000000,0.000000,0.000000,0.000000,0.000000
56148.821428,-1,-0.006607,0.000570,0.100353,0.000000,0.000000,0.000000,1.000000,0.000000,0.000000,0.000000,0.000000,0.000000,0.000000,0.264870,0.000000,0.000000,0.000000,0.000000,0.000000,0.000000
56148.871466,-1,-0.006607,0.000570,0.100353,0.000000,0.000000,0.000000,1.000000,0.000000,0.000000,0.000000,0.000000,0.000000,0.000000,0.264870,0.000000,0.000000,0.000000,0.000000,0.000000,0.000000
56148.921479,-1,-0.006607,0.000570,0.100353,0.000000,0.000000,0.000000,1.000000,0.000000,0.000000,0.000000,0.000000,0.000000,0.000000,0.264870,0.000000,0.000000,0.000000,0.000000,0.000000,0.000000
56148.971476,-1,-0.006607,0.000570,0.100353,0.000000,0.000000,0.000000,1.000000,0.000000,0.000000,0.000000,0.000000,0.000000,0.000000,0.264870,0.000000,0.000000,0.000000,0.000000,0.000000,0.000000
56149.021463,-1,-0.006607,0.000570,0.100353,0.000000,0.000000,0.000000,1.000000,0.000000,0.000000,0.000000,0.000000,0.000000,0.000000,0.264870,0.000000,0.000000,0.000000,0.000000,0.000000,0.000000
56149.071480,-1,-0.006607,0.000570,0.100353,0.000000,0.000000,0.000000,1.000000,0.000000,0.000000,0.000000,0.000000,0.000000,0.000000,0.264870,0.000000,0.000000,0.000000,0.000000,0.000000,0.000000
56149.121472,-1,-0.006607,0.000570,0.100353,0.000000,0.000000,0.000000,1.000000,0.000000,0.000000,0.000000,0.000000,0.000000,0.000000,0.264870,0.000000,0.000000,0.000000,0.000000,0.000000,0.000000
56149.171415,-1,-0.006607,0.000570,0.100353,0.000000,0.000000,0.000000,1.000000,0.000000,0.000000,0.000000,0.000000,0.000000,0.000000,0.264870,0.000000,0.000000,0.000000,0.000000,0.000000,0.000000
56149.221419,-1,-0.006607,0.000570,0.100353,0.000000,0.000000,0.000000,1.000000,0.000000,0.000000,0.000000,0.000000,0.000000,0.000000,0.264870,0.000000,0.000000,0.000000,0.000000,0.000000,0.000000
56149.271470,-1,-0.006607,0.000570,0.100353,0.000000,0.000000,0.000000,1.000000,0.000000,0.000000,0.000000,0.000000,0.000000,0.000000,0.264870,0.000000,0.000000,0.000000,0.000000,0.000000,0.000000
56149.321436,-1,-0.006607,0.000570,0.100353,0.000000,0.000000,0.000000,1.000000,0.000000,0.000000,0.000000,0.000000,0.000000,0.000000,0.264870,0.000000,0.000000,0.000000,0.000000,0.000000,0.000000
56149.371502,-1,-0.006607,0.000570,0.100353,0.000000,0.000000,0.000000,1.000000,0.000000,0.000000,0.000000,0.000000,0.000000,0.000000,0.264870,0.000000,0.000000,0.000000,0.000000,0.000000,0.000000
56149.421426,-1,-0.006607,0.000570,0.100353,0.000000,0.000000,0.000000,1.000000,0.000000,0.000000,0.000000,0.000000,0.000000,0.000000,0.264870,0.000000,0.000000,0.000000,0.000000,0.000000,0.000000
56149.471451,-1,-0.006607,0.000570,0.100353,0.000000,0.000000,0.000000,1.000000,0.000000,0.000000,0.000000,0.000000,0.000000,0.000000,0.264870,0.000000,0.000000,0.000000,0.000000,0.000000,0.000000
56149.521438,-1,-0.006607,0.000570,0.100353,0.000000,0.000000,0.000000,1.000000,0.000000,0.000000,0.000000,0.000000,0.000000,0.000000,0.264870,0.000000,0.000000,0.000000,0.000000,0.000000,0.000000
56149.571476,-1,-0.006607,0.000570,0.100353,0.000000,0.000000,0.000000,1.000000,0.000000,0.000000,0.000000,0.000000,0.000000,0.000000,0.264870,0.000000,0.000000,0.000000,0.000000,0.000000,0.000000
56149.621455,-1,-0.006607,0.000570,0.100353,0.000000,0.000000,0.000000,1.000000,0.000000,0.000000,0.000000,0.000000,0.000000,0.000000,0.264870,0.000000,0.000000,0.000000,0.000000,0.000000,0.000000
56149.671474,-1,-0.006607,0.000570,0.100353,0.000000,0.000000,0.000000,1.000000,0.000000,0.000000,0.000000,0.000000,0.000000,0.000000,0.264870,0.000000,0.000000,0.000000,0.000000,0.000000,0.000000
56149.721466,-1,-0.006607,0.000570,0.100353,0.000000,0.000000,0.000000,1.000000,0.000000,0.000000,0.000000,0.000000,0.000000,0.000000,0.264870,0.000000,0.000000,0.000000,0.000000,0.000000,0.000000
56149.771471,-1,-0.006607,0.000570,0.100353,0.000000,0.000000,0.000000,1.000000,0.000000,0.000000,0.000000,0.000000,0.000000,0.000000,0.264870,0.000000,0.000000,0.000000,0.000000,0.000000,0.000000
56149.821449,-1,-0.006607,0.000570,0.100353,0.000000,0.000000,0.000000,1.000000,0.000000,0.000000,0.000000,0.000000,0.000000,0.000000,0.264870,0.000000,0.000000,0.000000,0.000000,0.000000,0.000000
56149.871479,-1,-0.006607,0.000570,0.100353,0.000000,0.000000,0.000000,1.000000,0.000000,0.000000,0.000000,0.000000,0.000000,0.000000,0.264870,0.000000,0.000000,0.000000,0.000000,0.000000,0.000000
56149.921459,-1,-0.006607,0.000570,0.100353,0.000000,0.000000,0.000000,1.000000,0.000000,0.000000,0.000000,0.000000,0.000000,0.000000,0.264870,0.000000,0.000000,0.000000,0.000000,0.000000,0.000000
56149.971463,-1,-0.006607,0.000570,0.100353,0.000000,0.000000,0.000000,1.000000,0.000000,0.000000,0.000000,0.000000,0.000000,0.000000,0.264870,0.000000,0.000000,0.000000,0.000000,0.000000,0.000000
56150.021468,-1,-0.006607,0.000570,0.100353,0.000000,0.000000,0.000000,1.000000,0.000000,0.000000,0.000000,0.000000,0.000000,0.000000,0.264870,0.000000,0.000000,0.000000,0.000000,0.000000,0.000000
56150.071504,-1,-0.006607,0.000570,0.100353,0.000000,0.000000,0.000000,1.000000,0.000000,0.000000,0.000000,0.000000,0.000000,0.000000,0.264870,0.000000,0.000000,0.000000,0.000000,0.000000,0.000000
56150.121465,-1,-0.006607,0.000570,0.100353,0.000000,0.000000,0.000000,1.000000,0.000000,0.000000,0.000000,0.000000,0.000000,0.000000,0.264870,0.000000,0.000000,0.000000,0.000000,0.000000,0.000000
56150.171450,-1,-0.006607,0.000570,0.100353,0.000000,0.000000,0.000000,1.000000,0.000000,0.000000,0.000000,0.000000,0.000000,0.000000,0.264870,0.000000,0.000000,0.000000,0.000000,0.000000,0.000000
56150.221466,-1,-0.006607,0.000570,0.100353,0.000000,0.000000,0.000000,1.000000,0.000000,0.000000,0.000000,0.000000,0.000000,0.000000,0.264870,0.000000,0.000000,0.000000,0.000000,0.000000,0.000000
56150.271453,-1,-0.006607,0.000570,0.100353,0.000000,0.000000,0.000000,1.000000,0.000000,0.000000,0.000000,0.000000,0.000000,0.000000,0.264870,0.000000,0.000000,0.000000,0.000000,0.000000,0.000000
56150.321465,-1,-0.006607,0.000570,0.100353,0.000000,0.000000,0.000000,1.000000,0.000000,0.000000,0.000000,0.000000,0.000000,0.000000,0.264870,0.000000,0.000000,0.000000,0.000000,0.000000,0.000000
56150.371475,-1,-0.006607,0.000570,0.100353,0.000000,0.000000,0.000000,1.000000,0.000000,0.000000,0.000000,0.000000,0.000000,0.000000,0.264870,0.000000,0.000000,0.000000,0.000000,0.000000,0.000000
56150.421423,-1,-0.006607,0.000570,0.100353,0.000000,0.000000,0.000000,1.000000,0.000000,0.000000,0.000000,0.000000,0.000000,0.000000,0.264870,0.000000,0.000000,0.000000,0.000000,0.000000,0.000000
56150.471469,-1,-0.006607,0.000570,0.100353,0.000000,0.000000,0.000000,1.000000,0.000000,0.000000,0.000000,0.000000,0.000000,0.000000,0.264870,0.000000,0.000000,0.000000,0.000000,0.000000,0.000000
56150.521403,-1,-0.006607,0.000570,0.100353,0.000000,0.000000,0.000000,1.000000,0.000000,0.000000,0.000000,0.000000,0.000000,0.000000,0.264870,0.000000,0.000000,0.000000,0.000000,0.000000,0.000000
56150.571454,-1,-0.006607,0.000570,0.100353,0.000000,0.000000,0.000000,1.000000,0.000000,0.000000,0.000000,0.000000,0.000000,0.000000,0.264870,0.000000,0.000000,0.000000,0.000000,0.000000,0.000000
56150.621466,-1,-0.006607,0.000570,0.100353,0.000000,0.000000,0.000000,1.000000,0.000000,0.000000,0.000000,0.000000,0.000000,0.000000,0.264870,0.000000,0.000000,0.000000,0.000000,0.000000,0.000000
56150.671470,-1,-0.006607,0.000570,0.100353,0.000000,0.000000,0.000000,1.000000,0.000000,0.000000,0.000000,0.000000,0.000000,0.000000,0.264870,0.000000,0.000000,0.000000,0.000000,0.000000,0.000000
56150.721445,-1,-0.006607,0.000570,0.100353,0.000000,0.000000,0.000000,1.000000,0.000000,0.000000,0.000000,0.000000,0.000000,0.000000,0.264870,0.000000,0.000000,0.000000,0.000000,0.000000,0.000000
56150.771466,-1,-0.006607,0.000570,0.100353,0.000000,0.000000,0.000000,1.000000,0.000000,0.000000,0.000000,0.000000,0.000000,0.000000,0.264870,0.000000,0.000000,0.000000,0.000000,0.000000,0.000000
56150.821465,-1,-0.006607,0.000570,0.100353,0.000000,0.000000,0.000000,1.000000,0.000000,0.000000,0.000000,0.000000,0.000000,0.000000,0.264870,0.000000,0.000000,0.000000,0.000000,0.000000,0.000000
56150.871495,-1,-0.006607,0.000570,0.100353,0.000000,0.000000,0.000000,1.000000,0.000000,0.000000,0.000000,0.000000,0.000000,0.000000,0.264870,0.000000,0.000000,0.000000,0.000000,0.000000,0.000000
56150.921459,-1,-0.006607,0.000570,0.100353,0.000000,0.000000,0.000000,1.000000,0.000000,0.000000,0.000000,0.000000,0.000000,0.000000,0.264870,0.000000,0.000000,0.000000,0.000000,0.000000,0.000000
56150.971397,-1,-0.006607,0.000570,0.100353,0.000000,0.000000,0.000000,1.000000,0.000000,0.000000,0.000000,0.000000,0.000000,0.000000,0.264870,0.000000,0.000000,0.000000,0.000000,0.000000,0.000000
56151.021465,-1,-0.006607,0.000570,0.100353,0.000000,0.000000,0.000000,1.000000,0.000000,0.000000,0.000000,0.000000,0.000000,0.000000,0.264870,0.000000,0.000000,0.000000,0.000000,0.000000,0.000000
56151.071469,-1,-0.006607,0.000570,0.100353,0.000000,0.000000,0.000000,1.000000,0.000000,0.000000,0.000000,0.000000,0.000000,0.000000,0.264870,0.000000,0.000000,0.000000,0.000000,0.000000,0.000000
56151.121511,-1,-0.006607,0.000570,0.100353,0.000000,0.000000,0.000000,1.000000,0.000000,0.000000,0.000000,0.000000,0.000000,0.000000,0.264870,0.000000,0.000000,0.000000,0.000000,0.000000,0.000000
56151.171467,-1,-0.006607,0.000570,0.100353,0.000000,0.000000,0.000000,1.000000,0.000000,0.000000,0.000000,0.000000,0.000000,0.000000,0.264870,0.000000,0.000000,0.000000,0.000000,0.000000,0.000000
56151.221460,-1,-0.006607,0.000570,0.100353,0.000000,0.000000,0.000000,1.000000,0.000000,0.000000,0.000000,0.000000,0.000000,0.000000,0.264870,0.000000,0.000000,0.000000,0.000000,0.000000,0.000000
56151.271473,-1,-0.006607,0.000570,0.100353,0.000000,0.000000,0.000000,1.000000,0.000000,0.000000,0.000000,0.000000,0.000000,0.000000,0.264870,0.000000,0.000000,0.000000,0.000000,0.000000,0.000000
56151.321434,-1,-0.006607,0.000570,0.100353,0.000000,0.000000,0.000000,1.000000,0.000000,0.000000,0.000000,0.000000,0.000000,0.000000,0.264870,0.000000,0.000000,0.000000,0.000000,0.000000,0.000000
56151.371465,-1,-0.006607,0.000570,0.100353,0.000000,0.000000,0.000000,1.000000,0.000000,0.000000,0.000000,0.000000,0.000000,0.000000,0.264870,0.000000,0.000000,0.000000,0.000000,0.000000,0.000000
56151.421461,-1,-0.006607,0.000570,0.100353,0.000000,0.000000,0.000000,1.000000,0.000000,0.000000,0.000000,0.000000,0.000000,0.000000,0.264870,0.000000,0.000000,0.000000,0.000000,0.000000,0.000000
56151.471477,-1,-0.006607,0.000570,0.100353,0.000000,0.000000,0.000000,1.000000,0.000000,0.000000,0.000000,0.000000,0.000000,0.000000,0.264870,0.000000,0.000000,0.000000,0.000000,0.000000,0.000000
56151.521465,-1,-0.006607,0.000570,0.100353,0.000000,0.000000,0.000000,1.000000,0.000000,0.000000,0.000000,0.000000,0.000000,0.000000,0.264870,0.000000,0.000000,0.000000,0.000000,0.000000,0.000000
56151.571480,-1,-0.006607,0.000570,0.100353,0.000000,0.000000,0.000000,1.000000,0.000000,0.000000,0.000000,0.000000,0.000000,0.000000,0.264870,0.000000,0.000000,0.000000,0.000000,0.000000,0.000000
56151.621464,-1,-0.006607,0.000570,0.100353,0.000000,0.000000,0.000000,1.000000,0.000000,0.000000,0.000000,0.000000,0.000000,0.000000,0.264870,0.000000,0.000000,0.000000,0.000000,0.000000,0.000000
56151.671426,-1,-0.006607,0.000570,0.100353,0.000000,0.000000,0.000000,1.000000,0.000000,0.000000,0.000000,0.000000,0.000000,0.000000,0.264870,0.000000,0.000000,0.000000,0.000000,0.000000,0.000000
56151.721466,-1,-0.006607,0.000570,0.100353,0.000000,0.000000,0.000000,1.000000,0.000000,0.000000,0.000000,0.000000,0.000000,0.000000,0.264870,0.000000,0.000000,0.000000,0.000000,0.000000,0.000000
56151.771446,-1,-0.006607,0.000570,0.100353,0.000000,0.000000,0.000000,1.000000,0.000000,0.000000,0.000000,0.000000,0.000000,0.000000,0.264870,0.000000,0.000000,0.000000,0.000000,0.000000,0.000000
56151.821473,-1,-0.006607,0.000570,0.100353,0.000000,0.000000,0.000000,1.000000,0.000000,0.000000,0.000000,0.000000,0.000000,0.000000,0.264870,0.000000,0.000000,0.000000,0.000000,0.000000,0.000000
56151.871460,-1,-0.006607,0.000570,0.100353,0.000000,0.000000,0.000000,1.000000,0.000000,0.000000,0.000000,0.000000,0.000000,0.000000,0.264870,0.000000,0.000000,0.000000,0.000000,0.000000,0.000000
56151.921418,-1,-0.006607,0.000570,0.100353,0.000000,0.000000,0.000000,1.000000,0.000000,0.000000,0.000000,0.000000,0.000000,0.000000,0.264870,0.000000,0.000000,0.000000,0.000000,0.000000,0.000000
56151.971447,-1,-0.006607,0.000570,0.100353,0.000000,0.000000,0.000000,1.000000,0.000000,0.000000,0.000000,0.000000,0.000000,0.000000,0.264870,0.000000,0.000000,0.000000,0.000000,0.000000,0.000000
56152.021454,-1,-0.006607,0.000570,0.100353,0.000000,0.000000,0.000000,1.000000,0.000000,0.000000,0.000000,0.000000,0.000000,0.000000,0.264870,0.000000,0.000000,0.000000,0.000000,0.000000,0.000000
56152.071418,-1,-0.006607,0.000570,0.100353,0.000000,0.000000,0.000000,1.000000,0.000000,0.000000,0.000000,0.000000,0.000000,0.000000,0.264870,0.000000,0.000000,0.000000,0.000000,0.000000,0.000000
56152.121448,-1,-0.006607,0.000570,0.100353,0.000000,0.000000,0.000000,1.000000,0.000000,0.000000,0.000000,0.000000,0.000000,0.000000,0.264870,0.000000,0.000000,0.000000,0.000000,0.000000,0.000000
56152.171450,-1,-0.006607,0.000570,0.100353,0.000000,0.000000,0.000000,1.000000,0.000000,0.000000,0.000000,0.000000,0.000000,0.000000,0.264870,0.000000,0.000000,0.000000,0.000000,0.000000,0.000000
56152.221437,-1,-0.006607,0.000570,0.100353,0.000000,0.000000,0.000000,1.000000,0.000000,0.000000,0.000000,0.000000,0.000000,0.000000,0.264870,0.000000,0.000000,0.000000,0.000000,0.000000,0.000000
56152.271439,-1,-0.006607,0.000570,0.100353,0.000000,0.000000,0.000000,1.000000,0.000000,0.000000,0.000000,0.000000,0.000000,0.000000,0.264870,0.000000,0.000000,0.000000,0.000000,0.000000,0.000000
56152.321452,-1,-0.006607,0.000570,0.100353,0.000000,0.000000,0.000000,1.000000,0.000000,0.000000,0.000000,0.000000,0.000000,0.000000,0.264870,0.000000,0.000000,0.000000,0.000000,0.000000,0.000000
56152.371436,-1,-0.006607,0.000570,0.100353,0.000000,0.000000,0.000000,1.000000,0.000000,0.000000,0.000000,0.000000,0.000000,0.000000,0.264870,0.000000,0.000000,0.000000,0.000000,0.000000,0.000000
56152.421402,-1,-0.006607,0.000570,0.100353,0.000000,0.000000,0.000000,1.000000,0.000000,0.000000,0.000000,0.000000,0.000000,0.000000,0.264870,0.000000,0.000000,0.000000,0.000000,0.000000,0.000000
56152.471458,-1,-0.006607,0.000570,0.100353,0.000000,0.000000,0.000000,1.000000,0.000000,0.000000,0.000000,0.000000,0.000000,0.000000,0.264870,0.000000,0.000000,0.000000,0.000000,0.000000,0.000000
56152.521451,-1,-0.006607,0.000570,0.100353,0.000000,0.000000,0.000000,1.000000,0.000000,0.000000,0.000000,0.000000,0.000000,0.000000,0.264870,0.000000,0.000000,0.000000,0.000000,0.000000,0.000000
56152.571439,-1,-0.006607,0.000570,0.100353,0.000000,0.000000,0.000000,1.000000,0.000000,0.000000,0.000000,0.000000,0.000000,0.000000,0.264870,0.000000,0.000000,0.000000,0.000000,0.000000,0.000000
56152.621442,-1,-0.006607,0.000570,0.100353,0.000000,0.000000,0.000000,1.000000,0.000000,0.000000,0.000000,0.000000,0.000000,0.000000,0.264870,0.000000,0.000000,0.000000,0.000000,0.000000,0.000000
56152.671456,-1,-0.006607,0.000570,0.100353,0.000000,0.000000,0.000000,1.000000,0.000000,0.000000,0.000000,0.000000,0.000000,0.000000,0.264870,0.000000,0.000000,0.000000,0.000000,0.000000,0.000000
56152.721456,-1,-0.006607,0.000570,0.100353,0.000000,0.000000,0.000000,1.000000,0.000000,0.000000,0.000000,0.000000,0.000000,0.000000,0.264870,0.000000,0.000000,0.000000,0.000000,0.000000,0.000000
56152.771471,-1,-0.006607,0.000570,0.100353,0.000000,0.000000,0.000000,1.000000,0.000000,0.000000,0.000000,0.000000,0.000000,0.000000,0.264870,0.000000,0.000000,0.000000,0.000000,0.000000,0.000000
56152.821467,-1,-0.006607,0.000570,0.100353,0.000000,0.000000,0.000000,1.000000,0.000000,0.000000,0.000000,0.000000,0.000000,0.000000,0.264870,0.000000,0.000000,0.000000,0.000000,0.000000,0.000000
56152.871475,-1,-0.006607,0.000570,0.100353,0.000000,0.000000,0.000000,1.000000,0.000000,0.000000,0.000000,0.000000,0.000000,0.000000,0.264870,0.000000,0.000000,0.000000,0.000000,0.000000,0.000000
56152.921454,-1,-0.006607,0.000570,0.100353,0.000000,0.000000,0.000000,1.000000,0.000000,0.000000,0.000000,0.000000,0.000000,0.000000,0.264870,0.000000,0.000000,0.000000,0.000000,0.000000,0.000000
56152.971436,-1,-0.006607,0.000570,0.100353,0.000000,0.000000,0.000000,1.000000,0.000000,0.000000,0.000000,0.000000,0.000000,0.000000,0.264870,0.000000,0.000000,0.000000,0.000000,0.000000,0.000000
56153.021451,-1,-0.006607,0.000570,0.100353,0.000000,0.000000,0.000000,1.000000,0.000000,0.000000,0.000000,0.000000,0.000000,0.000000,0.264870,0.000000,0.000000,0.000000,0.000000,0.000000,0.000000
56153.071476,-1,-0.006607,0.000570,0.100353,0.000000,0.000000,0.000000,1.000000,0.000000,0.000000,0.000000,0.000000,0.000000,0.000000,0.264870,0.000000,0.000000,0.000000,0.000000,0.000000,0.000000
56153.121430,-1,-0.006607,0.000570,0.100353,0.000000,0.000000,0.000000,1.000000,0.000000,0.000000,0.000000,0.000000,0.000000,0.000000,0.264870,0.000000,0.000000,0.000000,0.000000,0.000000,0.000000
56153.171426,-1,-0.006607,0.000570,0.100353,0.000000,0.000000,0.000000,1.000000,0.000000,0.000000,0.000000,0.000000,0.000000,0.000000,0.264870,0.000000,0.000000,0.000000,0.000000,0.000000,0.000000
56153.221439,-1,-0.006607,0.000570,0.100353,0.000000,0.000000,0.000000,1.000000,0.000000,0.000000,0.000000,0.000000,0.000000,0.000000,0.264870,0.000000,0.000000,0.000000,0.000000,0.000000,0.000000
56153.271476,-1,-0.006607,0.000570,0.100353,0.000000,0.000000,0.000000,1.000000,0.000000,0.000000,0.000000,0.000000,0.000000,0.000000,0.264870,0.000000,0.000000,0.000000,0.000000,0.000000,0.000000
56153.321439,-1,-0.006607,0.000570,0.100353,0.000000,0.000000,0.000000,1.000000,0.000000,0.000000,0.000000,0.000000,0.000000,0.000000,0.264870,0.000000,0.000000,0.000000,0.000000,0.000000,0.000000
56153.371446,-1,-0.006607,0.000570,0.100353,0.000000,0.000000,0.000000,1.000000,0.000000,0.000000,0.000000,0.000000,0.000000,0.000000,0.264870,0.000000,0.000000,0.000000,0.000000,0.000000,0.000000
56153.421425,-1,-0.006607,0.000570,0.100353,0.000000,0.000000,0.000000,1.000000,0.000000,0.000000,0.000000,0.000000,0.000000,0.000000,0.264870,0.000000,0.000000,0.000000,0.000000,0.000000,0.000000
56153.471459,-1,-0.006607,0.000570,0.100353,0.000000,0.000000,0.000000,1.000000,0.000000,0.000000,0.000000,0.000000,0.000000,0.000000,0.264870,0.000000,0.000000,0.000000,0.000000,0.000000,0.000000
56153.521498,-1,-0.006607,0.000570,0.100353,0.000000,0.000000,0.000000,1.000000,0.000000,0.000000,0.000000,0.000000,0.000000,0.000000,0.264870,0.000000,0.000000,0.000000,0.000000,0.000000,0.000000
56153.571468,-1,-0.006607,0.000570,0.100353,0.000000,0.000000,0.000000,1.000000,0.000000,0.000000,0.000000,0.000000,0.000000,0.000000,0.264870,0.000000,0.000000,0.000000,0.000000,0.000000,0.000000
56153.621446,-1,-0.006607,0.000570,0.100353,0.000000,0.000000,0.000000,1.000000,0.000000,0.000000,0.000000,0.000000,0.000000,0.000000,0.264870,0.000000,0.000000,0.000000,0.000000,0.000000,0.000000
56153.671427,-1,-0.006607,0.000570,0.100353,0.000000,0.000000,0.000000,1.000000,0.000000,0.000000,0.000000,0.000000,0.000000,0.000000,0.264870,0.000000,0.000000,0.000000,0.000000,0.000000,0.000000
56153.721442,-1,-0.006607,0.000570,0.100353,0.000000,0.000000,0.000000,1.000000,0.000000,0.000000,0.000000,0.000000,0.000000,0.000000,0.264870,0.000000,0.000000,0.000000,0.000000,0.000000,0.000000
56153.771446,-1,-0.006607,0.000570,0.100353,0.000000,0.000000,0.000000,1.000000,0.000000,0.000000,0.000000,0.000000,0.000000,0.000000,0.264870,0.000000,0.000000,0.000000,0.000000,0.000000,0.000000
56153.821446,-1,-0.006607,0.000570,0.100353,0.000000,0.000000,0.000000,1.000000,0.000000,0.000000,0.000000,0.000000,0.000000,0.000000,0.264870,0.000000,0.000000,0.000000,0.000000,0.000000,0.000000
56153.871448,-1,-0.006607,0.000570,0.100353,0.000000,0.000000,0.000000,1.000000,0.000000,0.000000,0.000000,0.000000,0.000000,0.000000,0.264870,0.000000,0.000000,0.000000,0.000000,0.000000,0.000000
56153.921442,-1,-0.006607,0.000570,0.100353,0.000000,0.000000,0.000000,1.000000,0.000000,0.000000,0.000000,0.000000,0.000000,0.000000,0.264870,0.000000,0.000000,0.000000,0.000000,0.000000,0.000000
56153.971388,-1,-0.006607,0.000570,0.100353,0.000000,0.000000,0.000000,1.000000,0.000000,0.000000,0.000000,0.000000,0.000000,0.000000,0.264870,0.000000,0.000000,0.000000,0.000000,0.000000,0.000000
56154.021437,-1,-0.006607,0.000570,0.100353,0.000000,0.000000,0.000000,1.000000,0.000000,0.000000,0.000000,0.000000,0.000000,0.000000,0.264870,0.000000,0.000000,0.000000,0.000000,0.000000,0.000000
56154.071443,-1,-0.006607,0.000570,0.100353,0.000000,0.000000,0.000000,1.000000,0.000000,0.000000,0.000000,0.000000,0.000000,0.000000,0.264870,0.000000,0.000000,0.000000,0.000000,0.000000,0.000000
56154.121440,-1,-0.006607,0.000570,0.100353,0.000000,0.000000,0.000000,1.000000,0.000000,0.000000,0.000000,0.000000,0.000000,0.000000,0.264870,0.000000,0.000000,0.000000,0.000000,0.000000,0.000000
56154.171450,-1,-0.006607,0.000570,0.100353,0.000000,0.000000,0.000000,1.000000,0.000000,0.000000,0.000000,0.000000,0.000000,0.000000,0.264870,0.000000,0.000000,0.000000,0.000000,0.000000,0.000000
56154.221434,-1,-0.006607,0.000570,0.100353,0.000000,0.000000,0.000000,1.000000,0.000000,0.000000,0.000000,0.000000,0.000000,0.000000,0.264870,0.000000,0.000000,0.000000,0.000000,0.000000,0.000000
56154.271443,-1,-0.006607,0.000570,0.100353,0.000000,0.000000,0.000000,1.000000,0.000000,0.000000,0.000000,0.000000,0.000000,0.000000,0.264870,0.000000,0.000000,0.000000,0.000000,0.000000,0.000000
56154.321395,-1,-0.006607,0.000570,0.100353,0.000000,0.000000,0.000000,1.000000,0.000000,0.000000,0.000000,0.000000,0.000000,0.000000,0.264870,0.000000,0.000000,0.000000,0.000000,0.000000,0.000000
56154.371384,-1,-0.006607,0.000570,0.100353,0.000000,0.000000,0.000000,1.000000,0.000000,0.000000,0.000000,0.000000,0.000000,0.000000,0.264870,0.000000,0.000000,0.000000,0.000000,0.000000,0.000000
56154.421434,-1,-0.006607,0.000570,0.100353,0.000000,0.000000,0.000000,1.000000,0.000000,0.000000,0.000000,0.000000,0.000000,0.000000,0.264870,0.000000,0.000000,0.000000,0.000000,0.000000,0.000000
56154.471446,-1,-0.006607,0.000570,0.100353,0.000000,0.000000,0.000000,1.000000,0.000000,0.000000,0.000000,0.000000,0.000000,0.000000,0.264870,0.000000,0.000000,0.000000,0.000000,0.000000,0.000000
56154.521436,-1,-0.006607,0.000570,0.100353,0.000000,0.000000,0.000000,1.000000,0.000000,0.000000,0.000000,0.000000,0.000000,0.000000,0.264870,0.000000,0.000000,0.000000,0.000000,0.000000,0.000000
56154.571440,-1,-0.006607,0.000570,0.100353,0.000000,0.000000,0.000000,1.000000,0.000000,0.000000,0.000000,0.000000,0.000000,0.000000,0.264870,0.000000,0.000000,0.000000,0.000000,0.000000,0.000000
56154.621401,-1,-0.006607,0.000570,0.100353,0.000000,0.000000,0.000000,1.000000,0.000000,0.000000,0.000000,0.000000,0.000000,0.000000,0.264870,0.000000,0.000000,0.000000,0.000000,0.000000,0.000000
56154.671427,-1,-0.006607,0.000570,0.100353,0.000000,0.000000,0.000000,1.000000,0.000000,0.000000,0.000000,0.000000,0.000000,0.000000,0.264870,0.000000,0.000000,0.000000,0.000000,0.000000,0.000000
56154.721423,-1,-0.006607,0.000570,0.100353,0.000000,0.000000,0.000000,1.000000,0.000000,0.000000,0.000000,0.000000,0.000000,0.000000,0.264870,0.000000,0.000000,0.000000,0.000000,0.000000,0.000000
56154.771418,-1,-0.006607,0.000570,0.100353,0.000000,0.000000,0.000000,1.000000,0.000000,0.000000,0.000000,0.000000,0.000000,0.000000,0.264870,0.000000,0.000000,0.000000,0.000000,0.000000,0.000000
56154.821442,-1,-0.006607,0.000570,0.100353,0.000000,0.000000,0.000000,1.000000,0.000000,0.000000,0.000000,0.000000,0.000000,0.000000,0.264870,0.000000,0.000000,0.000000,0.000000,0.000000,0.000000
56154.871436,-1,-0.006607,0.000570,0.100353,0.000000,0.000000,0.000000,1.000000,0.000000,0.000000,0.000000,0.000000,0.000000,0.000000,0.264870,0.000000,0.000000,0.000000,0.000000,0.000000,0.000000
56154.921435,-1,-0.006607,0.000570,0.100353,0.000000,0.000000,0.000000,1.000000,0.000000,0.000000,0.000000,0.000000,0.000000,0.000000,0.264870,0.000000,0.000000,0.000000,0.000000,0.000000,0.000000
56154.971438,-1,-0.006607,0.000570,0.100353,0.000000,0.000000,0.000000,1.000000,0.000000,0.000000,0.000000,0.000000,0.000000,0.000000,0.264870,0.000000,0.000000,0.000000,0.000000,0.000000,0.000000
56155.021432,-1,-0.006607,0.000570,0.100353,0.000000,0.000000,0.000000,1.000000,0.000000,0.000000,0.000000,0.000000,0.000000,0.000000,0.264870,0.000000,0.000000,0.000000,0.000000,0.000000,0.000000
56155.071452,-1,-0.006607,0.000570,0.100353,0.000000,0.000000,0.000000,1.000000,0.000000,0.000000,0.000000,0.000000,0.000000,0.000000,0.264870,0.000000,0.000000,0.000000,0.000000,0.000000,0.000000
56155.121499,-1,-0.006607,0.000570,0.100353,0.000000,0.000000,0.000000,1.000000,0.000000,0.000000,0.000000,0.000000,0.000000,0.000000,0.264870,0.000000,0.000000,0.000000,0.000000,0.000000,0.000000
56155.171447,-1,-0.006607,0.000570,0.100353,0.000000,0.000000,0.000000,1.000000,0.000000,0.000000,0.000000,0.000000,0.000000,0.000000,0.264870,0.000000,0.000000,0.000000,0.000000,0.000000,0.000000
56155.221436,-1,-0.006607,0.000570,0.100353,0.000000,0.000000,0.000000,1.000000,0.000000,0.000000,0.000000,0.000000,0.000000,0.000000,0.264870,0.000000,0.000000,0.000000,0.000000,0.000000,0.000000
56155.271438,-1,-0.006607,0.000570,0.100353,0.000000,0.000000,0.000000,1.000000,0.000000,0.000000,0.000000,0.000000,0.000000,0.000000,0.264870,0.000000,0.000000,0.000000,0.000000,0.000000,0.000000
56155.321445,-1,-0.006607,0.000570,0.100353,0.000000,0.000000,0.000000,1.000000,0.000000,0.000000,0.000000,0.000000,0.000000,0.000000,0.264870,0.000000,0.000000,0.000000,0.000000,0.000000,0.000000
56155.371419,-1,-0.006607,0.000570,0.100353,0.000000,0.000000,0.000000,1.000000,0.000000,0.000000,0.000000,0.000000,0.000000,0.000000,0.264870,0.000000,0.000000,0.000000,0.000000,0.000000,0.000000
56155.421431,-1,-0.006607,0.000570,0.100353,0.000000,0.000000,0.000000,1.000000,0.000000,0.000000,0.000000,0.000000,0.000000,0.000000,0.264870,0.000000,0.000000,0.000000,0.000000,0.000000,0.000000
56155.471449,-1,-0.006607,0.000570,0.100353,0.000000,0.000000,0.000000,1.000000,0.000000,0.000000,0.000000,0.000000,0.000000,0.000000,0.264870,0.000000,0.000000,0.000000,0.000000,0.000000,0.000000
56155.521384,-1,-0.006607,0.000570,0.100353,0.000000,0.000000,0.000000,1.000000,0.000000,0.000000,0.000000,0.000000,0.000000,0.000000,0.264870,0.000000,0.000000,0.000000,0.000000,0.000000,0.000000
56155.571458,-1,-0.006607,0.000570,0.100353,0.000000,0.000000,0.000000,1.000000,0.000000,0.000000,0.000000,0.000000,0.000000,0.000000,0.264870,0.000000,0.000000,0.000000,0.000000,0.000000,0.000000
56155.621388,-1,-0.006607,0.000570,0.100353,0.000000,0.000000,0.000000,1.000000,0.000000,0.000000,0.000000,0.000000,0.000000,0.000000,0.264870,0.000000,0.000000,0.000000,0.000000,0.000000,0.000000
56155.671434,-1,-0.006607,0.000570,0.100353,0.000000,0.000000,0.000000,1.000000,0.000000,0.000000,0.000000,0.000000,0.000000,0.000000,0.264870,0.000000,0.000000,0.000000,0.000000,0.000000,0.000000
56155.721433,-1,-0.006607,0.000570,0.100353,0.000000,0.000000,0.000000,1.000000,0.000000,0.000000,0.000000,0.000000,0.000000,0.000000,0.264870,0.000000,0.000000,0.000000,0.000000,0.000000,0.000000
56155.771378,-1,-0.006607,0.000570,0.100353,0.000000,0.000000,0.000000,1.000000,0.000000,0.000000,0.000000,0.000000,0.000000,0.000000,0.264870,0.000000,0.000000,0.000000,0.000000,0.000000,0.000000
56155.821429,-1,-0.006607,0.000570,0.100353,0.000000,0.000000,0.000000,1.000000,0.000000,0.000000,0.000000,0.000000,0.000000,0.000000,0.264870,0.000000,0.000000,0.000000,0.000000,0.000000,0.000000
56155.871450,-1,-0.006607,0.000570,0.100353,0.000000,0.000000,0.000000,1.000000,0.000000,0.000000,0.000000,0.000000,0.000000,0.000000,0.264870,0.000000,0.000000,0.000000,0.000000,0.000000,0.000000
56155.921438,-1,-0.006607,0.000570,0.100353,0.000000,0.000000,0.000000,1.000000,0.000000,0.000000,0.000000,0.000000,0.000000,0.000000,0.264870,0.000000,0.000000,0.000000,0.000000,0.000000,0.000000
56155.971418,-1,-0.006607,0.000570,0.100353,0.000000,0.000000,0.000000,1.000000,0.000000,0.000000,0.000000,0.000000,0.000000,0.000000,0.264870,0.000000,0.000000,0.000000,0.000000,0.000000,0.000000
56156.021425,-1,-0.006607,0.000570,0.100353,0.000000,0.000000,0.000000,1.000000,0.000000,0.000000,0.000000,0.000000,0.000000,0.000000,0.264870,0.000000,0.000000,0.000000,0.000000,0.000000,0.000000
56156.071418,-1,-0.006607,0.000570,0.100353,0.000000,0.000000,0.000000,1.000000,0.000000,0.000000,0.000000,0.000000,0.000000,0.000000,0.264870,0.000000,0.000000,0.000000,0.000000,0.000000,0.000000
56156.121417,-1,-0.006607,0.000570,0.100353,0.000000,0.000000,0.000000,1.000000,0.000000,0.000000,0.000000,0.000000,0.000000,0.000000,0.264870,0.000000,0.000000,0.000000,0.000000,0.000000,0.000000
56156.171439,-1,-0.006607,0.000570,0.100353,0.000000,0.000000,0.000000,1.000000,0.000000,0.000000,0.000000,0.000000,0.000000,0.000000,0.264870,0.000000,0.000000,0.000000,0.000000,0.000000,0.000000
56156.221431,-1,-0.006607,0.000570,0.100353,0.000000,0.000000,0.000000,1.000000,0.000000,0.000000,0.000000,0.000000,0.000000,0.000000,0.264870,0.000000,0.000000,0.000000,0.000000,0.000000,0.000000
56156.271430,-1,-0.006607,0.000570,0.100353,0.000000,0.000000,0.000000,1.000000,0.000000,0.000000,0.000000,0.000000,0.000000,0.000000,0.264870,0.000000,0.000000,0.000000,0.000000,0.000000,0.000000
56156.321427,-1,-0.006607,0.000570,0.100353,0.000000,0.000000,0.000000,1.000000,0.000000,0.000000,0.000000,0.000000,0.000000,0.000000,0.264870,0.000000,0.000000,0.000000,0.000000,0.000000,0.000000
56156.371428,-1,-0.006607,0.000570,0.100353,0.000000,0.000000,0.000000,1.000000,0.000000,0.000000,0.000000,0.000000,0.000000,0.000000,0.264870,0.000000,0.000000,0.000000,0.000000,0.000000,0.000000
56156.421416,-1,-0.006607,0.000570,0.100353,0.000000,0.000000,0.000000,1.000000,0.000000,0.000000,0.000000,0.000000,0.000000,0.000000,0.264870,0.000000,0.000000,0.000000,0.000000,0.000000,0.000000
56156.471426,-1,-0.006607,0.000570,0.100353,0.000000,0.000000,0.000000,1.000000,0.000000,0.000000,0.000000,0.000000,0.000000,0.000000,0.264870,0.000000,0.000000,0.000000,0.000000,0.000000,0.000000
56156.521422,-1,-0.006607,0.000570,0.100353,0.000000,0.000000,0.000000,1.000000,0.000000,0.000000,0.000000,0.000000,0.000000,0.000000,0.264870,0.000000,0.000000,0.000000,0.000000,0.000000,0.000000
56156.571427,-1,-0.006607,0.000570,0.100353,0.000000,0.000000,0.000000,1.000000,0.000000,0.000000,0.000000,0.000000,0.000000,0.000000,0.264870,0.000000,0.000000,0.000000,0.000000,0.000000,0.000000
56156.621431,-1,-0.006607,0.000570,0.100353,0.000000,0.000000,0.000000,1.000000,0.000000,0.000000,0.000000,0.000000,0.000000,0.000000,0.264870,0.000000,0.000000,0.000000,0.000000,0.000000,0.000000
56156.671447,-1,-0.006607,0.000570,0.100353,0.000000,0.000000,0.000000,1.000000,0.000000,0.000000,0.000000,0.000000,0.000000,0.000000,0.264870,0.000000,0.000000,0.000000,0.000000,0.000000,0.000000
56156.721426,-1,-0.006607,0.000570,0.100353,0.000000,0.000000,0.000000,1.000000,0.000000,0.000000,0.000000,0.000000,0.000000,0.000000,0.264870,0.000000,0.000000,0.000000,0.000000,0.000000,0.000000
56156.771430,-1,-0.006607,0.000570,0.100353,0.000000,0.000000,0.000000,1.000000,0.000000,0.000000,0.000000,0.000000,0.000000,0.000000,0.264870,0.000000,0.000000,0.000000,0.000000,0.000000,0.000000
56156.821430,-1,-0.006607,0.000570,0.100353,0.000000,0.000000,0.000000,1.000000,0.000000,0.000000,0.000000,0.000000,0.000000,0.000000,0.264870,0.000000,0.000000,0.000000,0.000000,0.000000,0.000000
56156.871430,-1,-0.006607,0.000570,0.100353,0.000000,0.000000,0.000000,1.000000,0.000000,0.000000,0.000000,0.000000,0.000000,0.000000,0.264870,0.000000,0.000000,0.000000,0.000000,0.000000,0.000000
56156.921428,-1,-0.006607,0.000570,0.100353,0.000000,0.000000,0.000000,1.000000,0.000000,0.000000,0.000000,0.000000,0.000000,0.000000,0.264870,0.000000,0.000000,0.000000,0.000000,0.000000,0.000000
56156.971432,-1,-0.006607,0.000570,0.100353,0.000000,0.000000,0.000000,1.000000,0.000000,0.000000,0.000000,0.000000,0.000000,0.000000,0.264870,0.000000,0.000000,0.000000,0.000000,0.000000,0.000000
56157.021425,-1,-0.006607,0.000570,0.100353,0.000000,0.000000,0.000000,1.000000,0.000000,0.000000,0.000000,0.000000,0.000000,0.000000,0.264870,0.000000,0.000000,0.000000,0.000000,0.000000,0.000000
56157.071416,-1,-0.006607,0.000570,0.100353,0.000000,0.000000,0.000000,1.000000,0.000000,0.000000,0.000000,0.000000,0.000000,0.000000,0.264870,0.000000,0.000000,0.000000,0.000000,0.000000,0.000000
56157.121420,-1,-0.006607,0.000570,0.100353,0.000000,0.000000,0.000000,1.000000,0.000000,0.000000,0.000000,0.000000,0.000000,0.000000,0.264870,0.000000,0.000000,0.000000,0.000000,0.000000,0.000000
56157.171381,-1,-0.006607,0.000570,0.100353,0.000000,0.000000,0.000000,1.000000,0.000000,0.000000,0.000000,0.000000,0.000000,0.000000,0.264870,0.000000,0.000000,0.000000,0.000000,0.000000,0.000000
56157.221417,-1,-0.006607,0.000570,0.100353,0.000000,0.000000,0.000000,1.000000,0.000000,0.000000,0.000000,0.000000,0.000000,0.000000,0.264870,0.000000,0.000000,0.000000,0.000000,0.000000,0.000000
56157.271363,-1,-0.006607,0.000570,0.100353,0.000000,0.000000,0.000000,1.000000,0.000000,0.000000,0.000000,0.000000,0.000000,0.000000,0.264870,0.000000,0.000000,0.000000,0.000000,0.000000,0.000000
56157.321420,-1,-0.006607,0.000570,0.100353,0.000000,0.000000,0.000000,1.000000,0.000000,0.000000,0.000000,0.000000,0.000000,0.000000,0.264870,0.000000,0.000000,0.000000,0.000000,0.000000,0.000000
56157.371420,-1,-0.006607,0.000570,0.100353,0.000000,0.000000,0.000000,1.000000,0.000000,0.000000,0.000000,0.000000,0.000000,0.000000,0.264870,0.000000,0.000000,0.000000,0.000000,0.000000,0.000000
56157.421403,-1,-0.006607,0.000570,0.100353,0.000000,0.000000,0.000000,1.000000,0.000000,0.000000,0.000000,0.000000,0.000000,0.000000,0.264870,0.000000,0.000000,0.000000,0.000000,0.000000,0.000000
56157.471423,-1,-0.006607,0.000570,0.100353,0.000000,0.000000,0.000000,1.000000,0.000000,0.000000,0.000000,0.000000,0.000000,0.000000,0.264870,0.000000,0.000000,0.000000,0.000000,0.000000,0.000000
56157.521410,-1,-0.006607,0.000570,0.100353,0.000000,0.000000,0.000000,1.000000,0.000000,0.000000,0.000000,0.000000,0.000000,0.000000,0.264870,0.000000,0.000000,0.000000,0.000000,0.000000,0.000000
56157.571420,-1,-0.006607,0.000570,0.100353,0.000000,0.000000,0.000000,1.000000,0.000000,0.000000,0.000000,0.000000,0.000000,0.000000,0.264870,0.000000,0.000000,0.000000,0.000000,0.000000,0.000000
56157.621418,-1,-0.006607,0.000570,0.100353,0.000000,0.000000,0.000000,1.000000,0.000000,0.000000,0.000000,0.000000,0.000000,0.000000,0.264870,0.000000,0.000000,0.000000,0.000000,0.000000,0.000000
56157.671420,-1,-0.006607,0.000570,0.100353,0.000000,0.000000,0.000000,1.000000,0.000000,0.000000,0.000000,0.000000,0.000000,0.000000,0.264870,0.000000,0.000000,0.000000,0.000000,0.000000,0.000000
56157.721417,-1,-0.006607,0.000570,0.100353,0.000000,0.000000,0.000000,1.000000,0.000000,0.000000,0.000000,0.000000,0.000000,0.000000,0.264870,0.000000,0.000000,0.000000,0.000000,0.000000,0.000000
56157.771415,-1,-0.006607,0.000570,0.100353,0.000000,0.000000,0.000000,1.000000,0.000000,0.000000,0.000000,0.000000,0.000000,0.000000,0.264870,0.000000,0.000000,0.000000,0.000000,0.000000,0.000000
56157.821418,-1,-0.006607,0.000570,0.100353,0.000000,0.000000,0.000000,1.000000,0.000000,0.000000,0.000000,0.000000,0.000000,0.000000,0.264870,0.000000,0.000000,0.000000,0.000000,0.000000,0.000000
56157.871452,-1,-0.006607,0.000570,0.100353,0.000000,0.000000,0.000000,1.000000,0.000000,0.000000,0.000000,0.000000,0.000000,0.000000,0.264870,0.000000,0.000000,0.000000,0.000000,0.000000,0.000000
56157.921405,-1,-0.006607,0.000570,0.100353,0.000000,0.000000,0.000000,1.000000,0.000000,0.000000,0.000000,0.000000,0.000000,0.000000,0.264870,0.000000,0.000000,0.000000,0.000000,0.000000,0.000000
56157.971413,-1,-0.006607,0.000570,0.100353,0.000000,0.000000,0.000000,1.000000,0.000000,0.000000,0.000000,0.000000,0.000000,0.000000,0.264870,0.000000,0.000000,0.000000,0.000000,0.000000,0.000000
56158.021416,-1,-0.006607,0.000570,0.100353,0.000000,0.000000,0.000000,1.000000,0.000000,0.000000,0.000000,0.000000,0.000000,0.000000,0.264870,0.000000,0.000000,0.000000,0.000000,0.000000,0.000000
56158.071401,-1,-0.006607,0.000570,0.100353,0.000000,0.000000,0.000000,1.000000,0.000000,0.000000,0.000000,0.000000,0.000000,0.000000,0.264870,0.000000,0.000000,0.000000,0.000000,0.000000,0.000000
56158.121396,-1,-0.006607,0.000570,0.100353,0.000000,0.000000,0.000000,1.000000,0.000000,0.000000,0.000000,0.000000,0.000000,0.000000,0.264870,0.000000,0.000000,0.000000,0.000000,0.000000,0.000000
56158.171385,-1,-0.006607,0.000570,0.100353,0.000000,0.000000,0.000000,1.000000,0.000000,0.000000,0.000000,0.000000,0.000000,0.000000,0.264870,0.000000,0.000000,0.000000,0.000000,0.000000,0.000000
56158.221414,-1,-0.006607,0.000570,0.100353,0.000000,0.000000,0.000000,1.000000,0.000000,0.000000,0.000000,0.000000,0.000000,0.000000,0.264870,0.000000,0.000000,0.000000,0.000000,0.000000,0.000000
56158.271420,-1,-0.006607,0.000570,0.100353,0.000000,0.000000,0.000000,1.000000,0.000000,0.000000,0.000000,0.000000,0.000000,0.000000,0.264870,0.000000,0.000000,0.000000,0.000000,0.000000,0.000000
56158.321419,-1,-0.006607,0.000570,0.100353,0.000000,0.000000,0.000000,1.000000,0.000000,0.000000,0.000000,0.000000,0.000000,0.000000,0.264870,0.000000,0.000000,0.000000,0.000000,0.000000,0.000000
56158.371431,-1,-0.006607,0.000570,0.100353,0.000000,0.000000,0.000000,1.000000,0.000000,0.000000,0.000000,0.000000,0.000000,0.000000,0.264870,0.000000,0.000000,0.000000,0.000000,0.000000,0.000000
56158.421418,-1,-0.006607,0.000570,0.100353,0.000000,0.000000,0.000000,1.000000,0.000000,0.000000,0.000000,0.000000,0.000000,0.000000,0.264870,0.000000,0.000000,0.000000,0.000000,0.000000,0.000000
56158.471406,-1,-0.006607,0.000570,0.100353,0.000000,0.000000,0.000000,1.000000,0.000000,0.000000,0.000000,0.000000,0.000000,0.000000,0.264870,0.000000,0.000000,0.000000,0.000000,0.000000,0.000000
56158.521425,-1,-0.006607,0.000570,0.100353,0.000000,0.000000,0.000000,1.000000,0.000000,0.000000,0.000000,0.000000,0.000000,0.000000,0.264870,0.000000,0.000000,0.000000,0.000000,0.000000,0.000000
56158.571435,-1,-0.006607,0.000570,0.100353,0.000000,0.000000,0.000000,1.000000,0.000000,0.000000,0.000000,0.000000,0.000000,0.000000,0.264870,0.000000,0.000000,0.000000,0.000000,0.000000,0.000000
56158.621396,-1,-0.006607,0.000570,0.100353,0.000000,0.000000,0.000000,1.000000,0.000000,0.000000,0.000000,0.000000,0.000000,0.000000,0.264870,0.000000,0.000000,0.000000,0.000000,0.000000,0.000000
56158.671419,-1,-0.006607,0.000570,0.100353,0.000000,0.000000,0.000000,1.000000,0.000000,0.000000,0.000000,0.000000,0.000000,0.000000,0.264870,0.000000,0.000000,0.000000,0.000000,0.000000,0.000000
56158.721417,-1,-0.006607,0.000570,0.100353,0.000000,0.000000,0.000000,1.000000,0.000000,0.000000,0.000000,0.000000,0.000000,0.000000,0.264870,0.000000,0.000000,0.000000,0.000000,0.000000,0.000000
56158.771428,-1,-0.006607,0.000570,0.100353,0.000000,0.000000,0.000000,1.000000,0.000000,0.000000,0.000000,0.000000,0.000000,0.000000,0.264870,0.000000,0.000000,0.000000,0.000000,0.000000,0.000000
56158.821411,-1,-0.006607,0.000570,0.100353,0.000000,0.000000,0.000000,1.000000,0.000000,0.000000,0.000000,0.000000,0.000000,0.000000,0.264870,0.000000,0.000000,0.000000,0.000000,0.000000,0.000000
56158.871421,-1,-0.006607,0.000570,0.100353,0.000000,0.000000,0.000000,1.000000,0.000000,0.000000,0.000000,0.000000,0.000000,0.000000,0.264870,0.000000,0.000000,0.000000,0.000000,0.000000,0.000000
56158.921414,-1,-0.006607,0.000570,0.100353,0.000000,0.000000,0.000000,1.000000,0.000000,0.000000,0.000000,0.000000,0.000000,0.000000,0.264870,0.000000,0.000000,0.000000,0.000000,0.000000,0.000000
56158.971413,-1,-0.006607,0.000570,0.100353,0.000000,0.000000,0.000000,1.000000,0.000000,0.000000,0.000000,0.000000,0.000000,0.000000,0.264870,0.000000,0.000000,0.000000,0.000000,0.000000,0.000000
56159.021412,-1,-0.006607,0.000570,0.100353,0.000000,0.000000,0.000000,1.000000,0.000000,0.000000,0.000000,0.000000,0.000000,0.000000,0.264870,0.000000,0.000000,0.000000,0.000000,0.000000,0.000000
56159.071399,-1,-0.006607,0.000570,0.100353,0.000000,0.000000,0.000000,1.000000,0.000000,0.000000,0.000000,0.000000,0.000000,0.000000,0.264870,0.000000,0.000000,0.000000,0.000000,0.000000,0.000000
56159.121428,-1,-0.006607,0.000570,0.100353,0.000000,0.000000,0.000000,1.000000,0.000000,0.000000,0.000000,0.000000,0.000000,0.000000,0.264870,0.000000,0.000000,0.000000,0.000000,0.000000,0.000000
56159.171389,-1,-0.006607,0.000570,0.100353,0.000000,0.000000,0.000000,1.000000,0.000000,0.000000,0.000000,0.000000,0.000000,0.000000,0.264870,0.000000,0.000000,0.000000,0.000000,0.000000,0.000000
56159.221405,-1,-0.006607,0.000570,0.100353,0.000000,0.000000,0.000000,1.000000,0.000000,0.000000,0.000000,0.000000,0.000000,0.000000,0.264870,0.000000,0.000000,0.000000,0.000000,0.000000,0.000000
56159.271422,-1,-0.006607,0.000570,0.100353,0.000000,0.000000,0.000000,1.000000,0.000000,0.000000,0.000000,0.000000,0.000000,0.000000,0.264870,0.000000,0.000000,0.000000,0.000000,0.000000,0.000000
56159.321414,-1,-0.006607,0.000570,0.100353,0.000000,0.000000,0.000000,1.000000,0.000000,0.000000,0.000000,0.000000,0.000000,0.000000,0.264870,0.000000,0.000000,0.000000,0.000000,0.000000,0.000000
56159.371414,-1,-0.006607,0.000570,0.100353,0.000000,0.000000,0.000000,1.000000,0.000000,0.000000,0.000000,0.000000,0.000000,0.000000,0.264870,0.000000,0.000000,0.000000,0.000000,0.000000,0.000000
56159.421389,-1,-0.006607,0.000570,0.100353,0.000000,0.000000,0.000000,1.000000,0.000000,0.000000,0.000000,0.000000,0.000000,0.000000,0.264870,0.000000,0.000000,0.000000,0.000000,0.000000,0.000000
56159.471423,-1,-0.006607,0.000570,0.100353,0.000000,0.000000,0.000000,1.000000,0.000000,0.000000,0.000000,0.000000,0.000000,0.000000,0.264870,0.000000,0.000000,0.000000,0.000000,0.000000,0.000000
56159.521406,-1,-0.006607,0.000570,0.100353,0.000000,0.000000,0.000000,1.000000,0.000000,0.000000,0.000000,0.000000,0.000000,0.000000,0.264870,0.000000,0.000000,0.000000,0.000000,0.000000,0.000000
56159.571424,-1,-0.006607,0.000570,0.100353,0.000000,0.000000,0.000000,1.000000,0.000000,0.000000,0.000000,0.000000,0.000000,0.000000,0.264870,0.000000,0.000000,0.000000,0.000000,0.000000,0.000000
56159.621389,-1,-0.006607,0.000570,0.100353,0.000000,0.000000,0.000000,1.000000,0.000000,0.000000,0.000000,0.000000,0.000000,0.000000,0.264870,0.000000,0.000000,0.000000,0.000000,0.000000,0.000000
56159.671410,-1,-0.006607,0.000570,0.100353,0.000000,0.000000,0.000000,1.000000,0.000000,0.000000,0.000000,0.000000,0.000000,0.000000,0.264870,0.000000,0.000000,0.000000,0.000000,0.000000,0.000000
56159.721408,-1,-0.006607,0.000570,0.100353,0.000000,0.000000,0.000000,1.000000,0.000000,0.000000,0.000000,0.000000,0.000000,0.000000,0.264870,0.000000,0.000000,0.000000,0.000000,0.000000,0.000000
56159.771411,-1,-0.006607,0.000570,0.100353,0.000000,0.000000,0.000000,1.000000,0.000000,0.000000,0.000000,0.000000,0.000000,0.000000,0.264870,0.000000,0.000000,0.000000,0.000000,0.000000,0.000000
56159.821404,-1,-0.006607,0.000570,0.100353,0.000000,0.000000,0.000000,1.000000,0.000000,0.000000,0.000000,0.000000,0.000000,0.000000,0.264870,0.000000,0.000000,0.000000,0.000000,0.000000,0.000000
56159.871402,-1,-0.006607,0.000570,0.100353,0.000000,0.000000,0.000000,1.000000,0.000000,0.000000,0.000000,0.000000,0.000000,0.000000,0.264870,0.000000,0.000000,0.000000,0.000000,0.000000,0.000000
56159.921404,-1,-0.006607,0.000570,0.100353,0.000000,0.000000,0.000000,1.000000,0.000000,0.000000,0.000000,0.000000,0.000000,0.000000,0.264870,0.000000,0.000000,0.000000,0.000000,0.000000,0.000000
56159.971411,-1,-0.006607,0.000570,0.100353,0.000000,0.000000,0.000000,1.000000,0.000000,0.000000,0.000000,0.000000,0.000000,0.000000,0.264870,0.000000,0.000000,0.000000,0.000000,0.000000,0.000000
56160.021401,-1,-0.006607,0.000570,0.100353,0.000000,0.000000,0.000000,1.000000,0.000000,0.000000,0.000000,0.000000,0.000000,0.000000,0.264870,0.000000,0.000000,0.000000,0.000000,0.000000,0.000000
56160.071405,-1,-0.006607,0.000570,0.100353,0.000000,0.000000,0.000000,1.000000,0.000000,0.000000,0.000000,0.000000,0.000000,0.000000,0.264870,0.000000,0.000000,0.000000,0.000000,0.000000,0.000000
56160.121466,-1,-0.006607,0.000570,0.100353,0.000000,0.000000,0.000000,1.000000,0.000000,0.000000,0.000000,0.000000,0.000000,0.000000,0.264870,0.000000,0.000000,0.000000,0.000000,0.000000,0.000000
56160.171398,-1,-0.006607,0.000570,0.100353,0.000000,0.000000,0.000000,1.000000,0.000000,0.000000,0.000000,0.000000,0.000000,0.000000,0.264870,0.000000,0.000000,0.000000,0.000000,0.000000,0.000000
56160.221398,-1,-0.006607,0.000570,0.100353,0.000000,0.000000,0.000000,1.000000,0.000000,0.000000,0.000000,0.000000,0.000000,0.000000,0.264870,0.000000,0.000000,0.000000,0.000000,0.000000,0.000000
56160.271396,-1,-0.006607,0.000570,0.100353,0.000000,0.000000,0.000000,1.000000,0.000000,0.000000,0.000000,0.000000,0.000000,0.000000,0.264870,0.000000,0.000000,0.000000,0.000000,0.000000,0.000000
56160.321412,-1,-0.006607,0.000570,0.100353,0.000000,0.000000,0.000000,1.000000,0.000000,0.000000,0.000000,0.000000,0.000000,0.000000,0.264870,0.000000,0.000000,0.000000,0.000000,0.000000,0.000000
56160.371412,-1,-0.006607,0.000570,0.100353,0.000000,0.000000,0.000000,1.000000,0.000000,0.000000,0.000000,0.000000,0.000000,0.000000,0.264870,0.000000,0.000000,0.000000,0.000000,0.000000,0.000000
56160.421406,-1,-0.006607,0.000570,0.100353,0.000000,0.000000,0.000000,1.000000,0.000000,0.000000,0.000000,0.000000,0.000000,0.000000,0.264870,0.000000,0.000000,0.000000,0.000000,0.000000,0.000000
56160.471408,-1,-0.006607,0.000570,0.100353,0.000000,0.000000,0.000000,1.000000,0.000000,0.000000,0.000000,0.000000,0.000000,0.000000,0.264870,0.000000,0.000000,0.000000,0.000000,0.000000,0.000000
56160.521400,-1,-0.006607,0.000570,0.100353,0.000000,0.000000,0.000000,1.000000,0.000000,0.000000,0.000000,0.000000,0.000000,0.000000,0.264870,0.000000,0.000000,0.000000,0.000000,0.000000,0.000000
56160.571408,-1,-0.006607,0.000570,0.100353,0.000000,0.000000,0.000000,1.000000,0.000000,0.000000,0.000000,0.000000,0.000000,0.000000,0.264870,0.000000,0.000000,0.000000,0.000000,0.000000,0.000000
56160.621414,-1,-0.006607,0.000570,0.100353,0.000000,0.000000,0.000000,1.000000,0.000000,0.000000,0.000000,0.000000,0.000000,0.000000,0.264870,0.000000,0.000000,0.000000,0.000000,0.000000,0.000000
56160.671396,-1,-0.006607,0.000570,0.100353,0.000000,0.000000,0.000000,1.000000,0.000000,0.000000,0.000000,0.000000,0.000000,0.000000,0.264870,0.000000,0.000000,0.000000,0.000000,0.000000,0.000000
56160.721406,-1,-0.006607,0.000570,0.100353,0.000000,0.000000,0.000000,1.000000,0.000000,0.000000,0.000000,0.000000,0.000000,0.000000,0.264870,0.000000,0.000000,0.000000,0.000000,0.000000,0.000000
56160.771404,-1,-0.006607,0.000570,0.100353,0.000000,0.000000,0.000000,1.000000,0.000000,0.000000,0.000000,0.000000,0.000000,0.000000,0.264870,0.000000,0.000000,0.000000,0.000000,0.000000,0.000000
56160.821401,-1,-0.006607,0.000570,0.100353,0.000000,0.000000,0.000000,1.000000,0.000000,0.000000,0.000000,0.000000,0.000000,0.000000,0.264870,0.000000,0.000000,0.000000,0.000000,0.000000,0.000000
56160.871403,-1,-0.006607,0.000570,0.100353,0.000000,0.000000,0.000000,1.000000,0.000000,0.000000,0.000000,0.000000,0.000000,0.000000,0.264870,0.000000,0.000000,0.000000,0.000000,0.000000,0.000000
56160.921400,-1,-0.006607,0.000570,0.100353,0.000000,0.000000,0.000000,1.000000,0.000000,0.000000,0.000000,0.000000,0.000000,0.000000,0.264870,0.000000,0.000000,0.000000,0.000000,0.000000,0.000000
56160.971411,-1,-0.006607,0.000570,0.100353,0.000000,0.000000,0.000000,1.000000,0.000000,0.000000,0.000000,0.000000,0.000000,0.000000,0.264870,0.000000,0.000000,0.000000,0.000000,0.000000,0.000000
56161.021400,-1,-0.006607,0.000570,0.100353,0.000000,0.000000,0.000000,1.000000,0.000000,0.000000,0.000000,0.000000,0.000000,0.000000,0.264870,0.000000,0.000000,0.000000,0.000000,0.000000,0.000000
56161.071383,-1,-0.006607,0.000570,0.100353,0.000000,0.000000,0.000000,1.000000,0.000000,0.000000,0.000000,0.000000,0.000000,0.000000,0.264870,0.000000,0.000000,0.000000,0.000000,0.000000,0.000000
56161.121399,-1,-0.006607,0.000570,0.100353,0.000000,0.000000,0.000000,1.000000,0.000000,0.000000,0.000000,0.000000,0.000000,0.000000,0.264870,0.000000,0.000000,0.000000,0.000000,0.000000,0.000000
56161.171394,-1,-0.006607,0.000570,0.100353,0.000000,0.000000,0.000000,1.000000,0.000000,0.000000,0.000000,0.000000,0.000000,0.000000,0.264870,0.000000,0.000000,0.000000,0.000000,0.000000,0.000000
56161.221384,-1,-0.006607,0.000570,0.100353,0.000000,0.000000,0.000000,1.000000,0.000000,0.000000,0.000000,0.000000,0.000000,0.000000,0.264870,0.000000,0.000000,0.000000,0.000000,0.000000,0.000000
56161.271470,-1,-0.006607,0.000570,0.100353,0.000000,0.000000,0.000000,1.000000,0.000000,0.000000,0.000000,0.000000,0.000000,0.000000,0.264870,0.000000,0.000000,0.000000,0.000000,0.000000,0.000000
56161.321400,-1,-0.006607,0.000570,0.100353,0.000000,0.000000,0.000000,1.000000,0.000000,0.000000,0.000000,0.000000,0.000000,0.000000,0.264870,0.000000,0.000000,0.000000,0.000000,0.000000,0.000000
56161.371375,-1,-0.006607,0.000570,0.100353,0.000000,0.000000,0.000000,1.000000,0.000000,0.000000,0.000000,0.000000,0.000000,0.000000,0.264870,0.000000,0.000000,0.000000,0.000000,0.000000,0.000000
56161.421411,-1,-0.006607,0.000570,0.100353,0.000000,0.000000,0.000000,1.000000,0.000000,0.000000,0.000000,0.000000,0.000000,0.000000,0.264870,0.000000,0.000000,0.000000,0.000000,0.000000,0.000000
56161.471379,-1,-0.006607,0.000570,0.100353,0.000000,0.000000,0.000000,1.000000,0.000000,0.000000,0.000000,0.000000,0.000000,0.000000,0.264870,0.000000,0.000000,0.000000,0.000000,0.000000,0.000000
56161.521401,-1,-0.006607,0.000570,0.100353,0.000000,0.000000,0.000000,1.000000,0.000000,0.000000,0.000000,0.000000,0.000000,0.000000,0.264870,0.000000,0.000000,0.000000,0.000000,0.000000,0.000000
56161.571379,-1,-0.006607,0.000570,0.100353,0.000000,0.000000,0.000000,1.000000,0.000000,0.000000,0.000000,0.000000,0.000000,0.000000,0.264870,0.000000,0.000000,0.000000,0.000000,0.000000,0.000000
56161.621403,-1,-0.006607,0.000570,0.100353,0.000000,0.000000,0.000000,1.000000,0.000000,0.000000,0.000000,0.000000,0.000000,0.000000,0.264870,0.000000,0.000000,0.000000,0.000000,0.000000,0.000000
56161.671389,-1,-0.006607,0.000570,0.100353,0.000000,0.000000,0.000000,1.000000,0.000000,0.000000,0.000000,0.000000,0.000000,0.000000,0.264870,0.000000,0.000000,0.000000,0.000000,0.000000,0.000000
56161.721416,-1,-0.006607,0.000570,0.100353,0.000000,0.000000,0.000000,1.000000,0.000000,0.000000,0.000000,0.000000,0.000000,0.000000,0.264870,0.000000,0.000000,0.000000,0.000000,0.000000,0.000000
56161.771397,-1,-0.006607,0.000570,0.100353,0.000000,0.000000,0.000000,1.000000,0.000000,0.000000,0.000000,0.000000,0.000000,0.000000,0.264870,0.000000,0.000000,0.000000,0.000000,0.000000,0.000000
56161.821389,-1,-0.006607,0.000570,0.100353,0.000000,0.000000,0.000000,1.000000,0.000000,0.000000,0.000000,0.000000,0.000000,0.000000,0.264870,0.000000,0.000000,0.000000,0.000000,0.000000,0.000000
56161.871372,-1,-0.006607,0.000570,0.100353,0.000000,0.000000,0.000000,1.000000,0.000000,0.000000,0.000000,0.000000,0.000000,0.000000,0.264870,0.000000,0.000000,0.000000,0.000000,0.000000,0.000000
56161.921398,-1,-0.006607,0.000570,0.100353,0.000000,0.000000,0.000000,1.000000,0.000000,0.000000,0.000000,0.000000,0.000000,0.000000,0.264870,0.000000,0.000000,0.000000,0.000000,0.000000,0.000000
56161.971423,-1,-0.006607,0.000570,0.100353,0.000000,0.000000,0.000000,1.000000,0.000000,0.000000,0.000000,0.000000,0.000000,0.000000,0.264870,0.000000,0.000000,0.000000,0.000000,0.000000,0.000000
56162.021389,-1,-0.006607,0.000570,0.100353,0.000000,0.000000,0.000000,1.000000,0.000000,0.000000,0.000000,0.000000,0.000000,0.000000,0.264870,0.000000,0.000000,0.000000,0.000000,0.000000,0.000000
56162.071439,-1,-0.006607,0.000570,0.100353,0.000000,0.000000,0.000000,1.000000,0.000000,0.000000,0.000000,0.000000,0.000000,0.000000,0.264870,0.000000,0.000000,0.000000,0.000000,0.000000,0.000000
56162.121441,-1,-0.006607,0.000570,0.100353,0.000000,0.000000,0.000000,1.000000,0.000000,0.000000,0.000000,0.000000,0.000000,0.000000,0.264870,0.000000,0.000000,0.000000,0.000000,0.000000,0.000000
56162.171399,-1,-0.006607,0.000570,0.100353,0.000000,0.000000,0.000000,1.000000,0.000000,0.000000,0.000000,0.000000,0.000000,0.000000,0.264870,0.000000,0.000000,0.000000,0.000000,0.000000,0.000000
56162.221391,-1,-0.006607,0.000570,0.100353,0.000000,0.000000,0.000000,1.000000,0.000000,0.000000,0.000000,0.000000,0.000000,0.000000,0.264870,0.000000,0.000000,0.000000,0.000000,0.000000,0.000000
56162.271366,-1,-0.006607,0.000570,0.100353,0.000000,0.000000,0.000000,1.000000,0.000000,0.000000,0.000000,0.000000,0.000000,0.000000,0.264870,0.000000,0.000000,0.000000,0.000000,0.000000,0.000000
56162.321383,-1,-0.006607,0.000570,0.100353,0.000000,0.000000,0.000000,1.000000,0.000000,0.000000,0.000000,0.000000,0.000000,0.000000,0.264870,0.000000,0.000000,0.000000,0.000000,0.000000,0.000000
56162.371396,-1,-0.006607,0.000570,0.100353,0.000000,0.000000,0.000000,1.000000,0.000000,0.000000,0.000000,0.000000,0.000000,0.000000,0.264870,0.000000,0.000000,0.000000,0.000000,0.000000,0.000000
56162.421382,-1,-0.006607,0.000570,0.100353,0.000000,0.000000,0.000000,1.000000,0.000000,0.000000,0.000000,0.000000,0.000000,0.000000,0.264870,0.000000,0.000000,0.000000,0.000000,0.000000,0.000000
56162.471394,-1,-0.006607,0.000570,0.100353,0.000000,0.000000,0.000000,1.000000,0.000000,0.000000,0.000000,0.000000,0.000000,0.000000,0.264870,0.000000,0.000000,0.000000,0.000000,0.000000,0.000000
56162.521372,-1,-0.006607,0.000570,0.100353,0.000000,0.000000,0.000000,1.000000,0.000000,0.000000,0.000000,0.000000,0.000000,0.000000,0.264870,0.000000,0.000000,0.000000,0.000000,0.000000,0.000000
56162.571391,-1,-0.006607,0.000570,0.100353,0.000000,0.000000,0.000000,1.000000,0.000000,0.000000,0.000000,0.000000,0.000000,0.000000,0.264870,0.000000,0.000000,0.000000,0.000000,0.000000,0.000000
56162.621369,-1,-0.006607,0.000570,0.100353,0.000000,0.000000,0.000000,1.000000,0.000000,0.000000,0.000000,0.000000,0.000000,0.000000,0.264870,0.000000,0.000000,0.000000,0.000000,0.000000,0.000000
56162.671381,-1,-0.006607,0.000570,0.100353,0.000000,0.000000,0.000000,1.000000,0.000000,0.000000,0.000000,0.000000,0.000000,0.000000,0.264870,0.000000,0.000000,0.000000,0.000000,0.000000,0.000000
56162.721405,-1,-0.006607,0.000570,0.100353,0.000000,0.000000,0.000000,1.000000,0.000000,0.000000,0.000000,0.000000,0.000000,0.000000,0.264870,0.000000,0.000000,0.000000,0.000000,0.000000,0.000000
56162.771390,-1,-0.006607,0.000570,0.100353,0.000000,0.000000,0.000000,1.000000,0.000000,0.000000,0.000000,0.000000,0.000000,0.000000,0.264870,0.000000,0.000000,0.000000,0.000000,0.000000,0.000000
56162.821362,-1,-0.006607,0.000570,0.100353,0.000000,0.000000,0.000000,1.000000,0.000000,0.000000,0.000000,0.000000,0.000000,0.000000,0.264870,0.000000,0.000000,0.000000,0.000000,0.000000,0.000000
56162.871389,-1,-0.006607,0.000570,0.100353,0.000000,0.000000,0.000000,1.000000,0.000000,0.000000,0.000000,0.000000,0.000000,0.000000,0.264870,0.000000,0.000000,0.000000,0.000000,0.000000,0.000000
56162.921379,-1,-0.006607,0.000570,0.100353,0.000000,0.000000,0.000000,1.000000,0.000000,0.000000,0.000000,0.000000,0.000000,0.000000,0.264870,0.000000,0.000000,0.000000,0.000000,0.000000,0.000000
56162.971405,-1,-0.006607,0.000570,0.100353,0.000000,0.000000,0.000000,1.000000,0.000000,0.000000,0.000000,0.000000,0.000000,0.000000,0.264870,0.000000,0.000000,0.000000,0.000000,0.000000,0.000000
56163.021390,-1,-0.006607,0.000570,0.100353,0.000000,0.000000,0.000000,1.000000,0.000000,0.000000,0.000000,0.000000,0.000000,0.000000,0.264870,0.000000,0.000000,0.000000,0.000000,0.000000,0.000000
56163.071407,-1,-0.006607,0.000570,0.100353,0.000000,0.000000,0.000000,1.000000,0.000000,0.000000,0.000000,0.000000,0.000000,0.000000,0.264870,0.000000,0.000000,0.000000,0.000000,0.000000,0.000000
56163.121379,-1,-0.006607,0.000570,0.100353,0.000000,0.000000,0.000000,1.000000,0.000000,0.000000,0.000000,0.000000,0.000000,0.000000,0.264870,0.000000,0.000000,0.000000,0.000000,0.000000,0.000000
56163.171443,-1,-0.006607,0.000570,0.100353,0.000000,0.000000,0.000000,1.000000,0.000000,0.000000,0.000000,0.000000,0.000000,0.000000,0.264870,0.000000,0.000000,0.000000,0.000000,0.000000,0.000000
56163.221448,-1,-0.006607,0.000570,0.100353,0.000000,0.000000,0.000000,1.000000,0.000000,0.000000,0.000000,0.000000,0.000000,0.000000,0.264870,0.000000,0.000000,0.000000,0.000000,0.000000,0.000000
56163.271384,-1,-0.006607,0.000570,0.100353,0.000000,0.000000,0.000000,1.000000,0.000000,0.000000,0.000000,0.000000,0.000000,0.000000,0.264870,0.000000,0.000000,0.000000,0.000000,0.000000,0.000000
56163.321379,-1,-0.006607,0.000570,0.100353,0.000000,0.000000,0.000000,1.000000,0.000000,0.000000,0.000000,0.000000,0.000000,0.000000,0.264870,0.000000,0.000000,0.000000,0.000000,0.000000,0.000000
56163.371407,-1,-0.006607,0.000570,0.100353,0.000000,0.000000,0.000000,1.000000,0.000000,0.000000,0.000000,0.000000,0.000000,0.000000,0.264870,0.000000,0.000000,0.000000,0.000000,0.000000,0.000000
56163.421426,-1,-0.006607,0.000570,0.100353,0.000000,0.000000,0.000000,1.000000,0.000000,0.000000,0.000000,0.000000,0.000000,0.000000,0.264870,0.000000,0.000000,0.000000,0.000000,0.000000,0.000000
56163.471439,-1,-0.006607,0.000570,0.100353,0.000000,0.000000,0.000000,1.000000,0.000000,0.000000,0.000000,0.000000,0.000000,0.000000,0.264870,0.000000,0.000000,0.000000,0.000000,0.000000,0.000000
56163.521407,-1,-0.006607,0.000570,0.100353,0.000000,0.000000,0.000000,1.000000,0.000000,0.000000,0.000000,0.000000,0.000000,0.000000,0.264870,0.000000,0.000000,0.000000,0.000000,0.000000,0.000000
56163.571440,-1,-0.006607,0.000570,0.100353,0.000000,0.000000,0.000000,1.000000,0.000000,0.000000,0.000000,0.000000,0.000000,0.000000,0.264870,0.000000,0.000000,0.000000,0.000000,0.000000,0.000000
56163.621378,-1,-0.006607,0.000570,0.100353,0.000000,0.000000,0.000000,1.000000,0.000000,0.000000,0.000000,0.000000,0.000000,0.000000,0.264870,0.000000,0.000000,0.000000,0.000000,0.000000,0.000000
56163.671424,-1,-0.006607,0.000570,0.100353,0.000000,0.000000,0.000000,1.000000,0.000000,0.000000,0.000000,0.000000,0.000000,0.000000,0.264870,0.000000,0.000000,0.000000,0.000000,0.000000,0.000000
56163.721416,-1,-0.006607,0.000570,0.100353,0.000000,0.000000,0.000000,1.000000,0.000000,0.000000,0.000000,0.000000,0.000000,0.000000,0.264870,0.000000,0.000000,0.000000,0.000000,0.000000,0.000000
56163.771436,-1,-0.006607,0.000570,0.100353,0.000000,0.000000,0.000000,1.000000,0.000000,0.000000,0.000000,0.000000,0.000000,0.000000,0.264870,0.000000,0.000000,0.000000,0.000000,0.000000,0.000000
56163.821377,-1,-0.006607,0.000570,0.100353,0.000000,0.000000,0.000000,1.000000,0.000000,0.000000,0.000000,0.000000,0.000000,0.000000,0.264870,0.000000,0.000000,0.000000,0.000000,0.000000,0.000000
56163.871394,-1,-0.006607,0.000570,0.100353,0.000000,0.000000,0.000000,1.000000,0.000000,0.000000,0.000000,0.000000,0.000000,0.000000,0.264870,0.000000,0.000000,0.000000,0.000000,0.000000,0.000000
56163.921403,-1,-0.006607,0.000570,0.100353,0.000000,0.000000,0.000000,1.000000,0.000000,0.000000,0.000000,0.000000,0.000000,0.000000,0.264870,0.000000,0.000000,0.000000,0.000000,0.000000,0.000000
56163.971398,-1,-0.006607,0.000570,0.100353,0.000000,0.000000,0.000000,1.000000,0.000000,0.000000,0.000000,0.000000,0.000000,0.000000,0.264870,0.000000,0.000000,0.000000,0.000000,0.000000,0.000000
56164.021411,-1,-0.006607,0.000570,0.100353,0.000000,0.000000,0.000000,1.000000,0.000000,0.000000,0.000000,0.000000,0.000000,0.000000,0.264870,0.000000,0.000000,0.000000,0.000000,0.000000,0.000000
56164.071453,-1,-0.006607,0.000570,0.100353,0.000000,0.000000,0.000000,1.000000,0.000000,0.000000,0.000000,0.000000,0.000000,0.000000,0.264870,0.000000,0.000000,0.000000,0.000000,0.000000,0.000000
56164.121381,-1,-0.006607,0.000570,0.100353,0.000000,0.000000,0.000000,1.000000,0.000000,0.000000,0.000000,0.000000,0.000000,0.000000,0.264870,0.000000,0.000000,0.000000,0.000000,0.000000,0.000000
56164.171360,-1,-0.006607,0.000570,0.100353,0.000000,0.000000,0.000000,1.000000,0.000000,0.000000,0.000000,0.000000,0.000000,0.000000,0.264870,0.000000,0.000000,0.000000,0.000000,0.000000,0.000000
56164.221395,-1,-0.006607,0.000570,0.100353,0.000000,0.000000,0.000000,1.000000,0.000000,0.000000,0.000000,0.000000,0.000000,0.000000,0.264870,0.000000,0.000000,0.000000,0.000000,0.000000,0.000000
56164.271382,-1,-0.006607,0.000570,0.100353,0.000000,0.000000,0.000000,1.000000,0.000000,0.000000,0.000000,0.000000,0.000000,0.000000,0.264870,0.000000,0.000000,0.000000,0.000000,0.000000,0.000000
56164.321376,-1,-0.006607,0.000570,0.100353,0.000000,0.000000,0.000000,1.000000,0.000000,0.000000,0.000000,0.000000,0.000000,0.000000,0.264870,0.000000,0.000000,0.000000,0.000000,0.000000,0.000000
56164.371367,-1,-0.006607,0.000570,0.100353,0.000000,0.000000,0.000000,1.000000,0.000000,0.000000,0.000000,0.000000,0.000000,0.000000,0.264870,0.000000,0.000000,0.000000,0.000000,0.000000,0.000000
56164.421385,-1,-0.006607,0.000570,0.100353,0.000000,0.000000,0.000000,1.000000,0.000000,0.000000,0.000000,0.000000,0.000000,0.000000,0.264870,0.000000,0.000000,0.000000,0.000000,0.000000,0.000000
56164.471381,-1,-0.006607,0.000570,0.100353,0.000000,0.000000,0.000000,1.000000,0.000000,0.000000,0.000000,0.000000,0.000000,0.000000,0.264870,0.000000,0.000000,0.000000,0.000000,0.000000,0.000000
56164.521373,-1,-0.006607,0.000570,0.100353,0.000000,0.000000,0.000000,1.000000,0.000000,0.000000,0.000000,0.000000,0.000000,0.000000,0.264870,0.000000,0.000000,0.000000,0.000000,0.000000,0.000000
56164.571381,-1,-0.006607,0.000570,0.100353,0.000000,0.000000,0.000000,1.000000,0.000000,0.000000,0.000000,0.000000,0.000000,0.000000,0.264870,0.000000,0.000000,0.000000,0.000000,0.000000,0.000000
56164.621373,-1,-0.006607,0.000570,0.100353,0.000000,0.000000,0.000000,1.000000,0.000000,0.000000,0.000000,0.000000,0.000000,0.000000,0.264870,0.000000,0.000000,0.000000,0.000000,0.000000,0.000000
56164.671391,-1,-0.006607,0.000570,0.100353,0.000000,0.000000,0.000000,1.000000,0.000000,0.000000,0.000000,0.000000,0.000000,0.000000,0.264870,0.000000,0.000000,0.000000,0.000000,0.000000,0.000000
56164.721372,-1,-0.006607,0.000570,0.100353,0.000000,0.000000,0.000000,1.000000,0.000000,0.000000,0.000000,0.000000,0.000000,0.000000,0.264870,0.000000,0.000000,0.000000,0.000000,0.000000,0.000000
56164.771409,-1,-0.006607,0.000570,0.100353,0.000000,0.000000,0.000000,1.000000,0.000000,0.000000,0.000000,0.000000,0.000000,0.000000,0.264870,0.000000,0.000000,0.000000,0.000000,0.000000,0.000000
56164.821361,-1,-0.006607,0.000570,0.100353,0.000000,0.000000,0.000000,1.000000,0.000000,0.000000,0.000000,0.000000,0.000000,0.000000,0.264870,0.000000,0.000000,0.000000,0.000000,0.000000,0.000000
56164.871376,-1,-0.006607,0.000570,0.100353,0.000000,0.000000,0.000000,1.000000,0.000000,0.000000,0.000000,0.000000,0.000000,0.000000,0.264870,0.000000,0.000000,0.000000,0.000000,0.000000,0.000000
56164.921368,-1,-0.006607,0.000570,0.100353,0.000000,0.000000,0.000000,1.000000,0.000000,0.000000,0.000000,0.000000,0.000000,0.000000,0.264870,0.000000,0.000000,0.000000,0.000000,0.000000,0.000000
56164.971386,-1,-0.006607,0.000570,0.100353,0.000000,0.000000,0.000000,1.000000,0.000000,0.000000,0.000000,0.000000,0.000000,0.000000,0.264870,0.000000,0.000000,0.000000,0.000000,0.000000,0.000000
56165.021364,-1,-0.006607,0.000570,0.100353,0.000000,0.000000,0.000000,1.000000,0.000000,0.000000,0.000000,0.000000,0.000000,0.000000,0.264870,0.000000,0.000000,0.000000,0.000000,0.000000,0.000000
56165.071414,-1,-0.006607,0.000570,0.100353,0.000000,0.000000,0.000000,1.000000,0.000000,0.000000,0.000000,0.000000,0.000000,0.000000,0.264870,0.000000,0.000000,0.000000,0.000000,0.000000,0.000000
56165.121377,-1,-0.006607,0.000570,0.100353,0.000000,0.000000,0.000000,1.000000,0.000000,0.000000,0.000000,0.000000,0.000000,0.000000,0.264870,0.000000,0.000000,0.000000,0.000000,0.000000,0.000000
56165.171374,-1,-0.006607,0.000570,0.100353,0.000000,0.000000,0.000000,1.000000,0.000000,0.000000,0.000000,0.000000,0.000000,0.000000,0.264870,0.000000,0.000000,0.000000,0.000000,0.000000,0.000000
56165.221369,-1,-0.006607,0.000570,0.100353,0.000000,0.000000,0.000000,1.000000,0.000000,0.000000,0.000000,0.000000,0.000000,0.000000,0.264870,0.000000,0.000000,0.000000,0.000000,0.000000,0.000000
56165.271399,-1,-0.006607,0.000570,0.100353,0.000000,0.000000,0.000000,1.000000,0.000000,0.000000,0.000000,0.000000,0.000000,0.000000,0.264870,0.000000,0.000000,0.000000,0.000000,0.000000,0.000000
56165.321378,-1,-0.006607,0.000570,0.100353,0.000000,0.000000,0.000000,1.000000,0.000000,0.000000,0.000000,0.000000,0.000000,0.000000,0.264870,0.000000,0.000000,0.000000,0.000000,0.000000,0.000000
56165.371379,-1,-0.006607,0.000570,0.100353,0.000000,0.000000,0.000000,1.000000,0.000000,0.000000,0.000000,0.000000,0.000000,0.000000,0.264870,0.000000,0.000000,0.000000,0.000000,0.000000,0.000000
56165.421372,-1,-0.006607,0.000570,0.100353,0.000000,0.000000,0.000000,1.000000,0.000000,0.000000,0.000000,0.000000,0.000000,0.000000,0.264870,0.000000,0.000000,0.000000,0.000000,0.000000,0.000000
56165.471345,-1,-0.006607,0.000570,0.100353,0.000000,0.000000,0.000000,1.000000,0.000000,0.000000,0.000000,0.000000,0.000000,0.000000,0.264870,0.000000,0.000000,0.000000,0.000000,0.000000,0.000000
56165.521366,-1,-0.006607,0.000570,0.100353,0.000000,0.000000,0.000000,1.000000,0.000000,0.000000,0.000000,0.000000,0.000000,0.000000,0.264870,0.000000,0.000000,0.000000,0.000000,0.000000,0.000000
56165.571358,-1,-0.006607,0.000570,0.100353,0.000000,0.000000,0.000000,1.000000,0.000000,0.000000,0.000000,0.000000,0.000000,0.000000,0.264870,0.000000,0.000000,0.000000,0.000000,0.000000,0.000000
56165.621357,-1,-0.006607,0.000570,0.100353,0.000000,0.000000,0.000000,1.000000,0.000000,0.000000,0.000000,0.000000,0.000000,0.000000,0.264870,0.000000,0.000000,0.000000,0.000000,0.000000,0.000000
56165.671385,-1,-0.006607,0.000570,0.100353,0.000000,0.000000,0.000000,1.000000,0.000000,0.000000,0.000000,0.000000,0.000000,0.000000,0.264870,0.000000,0.000000,0.000000,0.000000,0.000000,0.000000
56165.721363,-1,-0.006607,0.000570,0.100353,0.000000,0.000000,0.000000,1.000000,0.000000,0.000000,0.000000,0.000000,0.000000,0.000000,0.264870,0.000000,0.000000,0.000000,0.000000,0.000000,0.000000
56165.771386,-1,-0.006607,0.000570,0.100353,0.000000,0.000000,0.000000,1.000000,0.000000,0.000000,0.000000,0.000000,0.000000,0.000000,0.264870,0.000000,0.000000,0.000000,0.000000,0.000000,0.000000
56165.821367,-1,-0.006607,0.000570,0.100353,0.000000,0.000000,0.000000,1.000000,0.000000,0.000000,0.000000,0.000000,0.000000,0.000000,0.264870,0.000000,0.000000,0.000000,0.000000,0.000000,0.000000
56165.871370,-1,-0.006607,0.000570,0.100353,0.000000,0.000000,0.000000,1.000000,0.000000,0.000000,0.000000,0.000000,0.000000,0.000000,0.264870,0.000000,0.000000,0.000000,0.000000,0.000000,0.000000
56165.921426,-1,-0.006607,0.000570,0.100353,0.000000,0.000000,0.000000,1.000000,0.000000,0.000000,0.000000,0.000000,0.000000,0.000000,0.264870,0.000000,0.000000,0.000000,0.000000,0.000000,0.000000
56165.971383,-1,-0.006607,0.000570,0.100353,0.000000,0.000000,0.000000,1.000000,0.000000,0.000000,0.000000,0.000000,0.000000,0.000000,0.264870,0.000000,0.000000,0.000000,0.000000,0.000000,0.000000
56166.021366,-1,-0.006607,0.000570,0.100353,0.000000,0.000000,0.000000,1.000000,0.000000,0.000000,0.000000,0.000000,0.000000,0.000000,0.264870,0.000000,0.000000,0.000000,0.000000,0.000000,0.000000
56166.071360,-1,-0.006607,0.000570,0.100353,0.000000,0.000000,0.000000,1.000000,0.000000,0.000000,0.000000,0.000000,0.000000,0.000000,0.264870,0.000000,0.000000,0.000000,0.000000,0.000000,0.000000
56166.121365,-1,-0.006607,0.000570,0.100353,0.000000,0.000000,0.000000,1.000000,0.000000,0.000000,0.000000,0.000000,0.000000,0.000000,0.264870,0.000000,0.000000,0.000000,0.000000,0.000000,0.000000
56166.171372,-1,-0.006607,0.000570,0.100353,0.000000,0.000000,0.000000,1.000000,0.000000,0.000000,0.000000,0.000000,0.000000,0.000000,0.264870,0.000000,0.000000,0.000000,0.000000,0.000000,0.000000
56166.221316,-1,-0.006607,0.000570,0.100353,0.000000,0.000000,0.000000,1.000000,0.000000,0.000000,0.000000,0.000000,0.000000,0.000000,0.264870,0.000000,0.000000,0.000000,0.000000,0.000000,0.000000
56166.271398,-1,-0.006607,0.000570,0.100353,0.000000,0.000000,0.000000,1.000000,0.000000,0.000000,0.000000,0.000000,0.000000,0.000000,0.264870,0.000000,0.000000,0.000000,0.000000,0.000000,0.000000
56166.321373,-1,-0.006607,0.000570,0.100353,0.000000,0.000000,0.000000,1.000000,0.000000,0.000000,0.000000,0.000000,0.000000,0.000000,0.264870,0.000000,0.000000,0.000000,0.000000,0.000000,0.000000
56166.371368,-1,-0.006607,0.000570,0.100353,0.000000,0.000000,0.000000,1.000000,0.000000,0.000000,0.000000,0.000000,0.000000,0.000000,0.264870,0.000000,0.000000,0.000000,0.000000,0.000000,0.000000
56166.421367,-1,-0.006607,0.000570,0.100353,0.000000,0.000000,0.000000,1.000000,0.000000,0.000000,0.000000,0.000000,0.000000,0.000000,0.264870,0.000000,0.000000,0.000000,0.000000,0.000000,0.000000
56166.471368,-1,-0.006607,0.000570,0.100353,0.000000,0.000000,0.000000,1.000000,0.000000,0.000000,0.000000,0.000000,0.000000,0.000000,0.264870,0.000000,0.000000,0.000000,0.000000,0.000000,0.000000
56166.521432,-1,-0.006607,0.000570,0.100353,0.000000,0.000000,0.000000,1.000000,0.000000,0.000000,0.000000,0.000000,0.000000,0.000000,0.264870,0.000000,0.000000,0.000000,0.000000,0.000000,0.000000
56166.571384,-1,-0.006607,0.000570,0.100353,0.000000,0.000000,0.000000,1.000000,0.000000,0.000000,0.000000,0.000000,0.000000,0.000000,0.264870,0.000000,0.000000,0.000000,0.000000,0.000000,0.000000
56166.621356,-1,-0.006607,0.000570,0.100353,0.000000,0.000000,0.000000,1.000000,0.000000,0.000000,0.000000,0.000000,0.000000,0.000000,0.264870,0.000000,0.000000,0.000000,0.000000,0.000000,0.000000
56166.671360,-1,-0.006607,0.000570,0.100353,0.000000,0.000000,0.000000,1.000000,0.000000,0.000000,0.000000,0.000000,0.000000,0.000000,0.264870,0.000000,0.000000,0.000000,0.000000,0.000000,0.000000
56166.721316,-1,-0.006607,0.000570,0.100353,0.000000,0.000000,0.000000,1.000000,0.000000,0.000000,0.000000,0.000000,0.000000,0.000000,0.264870,0.000000,0.000000,0.000000,0.000000,0.000000,0.000000
56166.771393,-1,-0.006607,0.000570,0.100353,0.000000,0.000000,0.000000,1.000000,0.000000,0.000000,0.000000,0.000000,0.000000,0.000000,0.264870,0.000000,0.000000,0.000000,0.000000,0.000000,0.000000
56166.821390,-1,-0.006607,0.000570,0.100353,0.000000,0.000000,0.000000,1.000000,0.000000,0.000000,0.000000,0.000000,0.000000,0.000000,0.264870,0.000000,0.000000,0.000000,0.000000,0.000000,0.000000
56166.871370,-1,-0.006607,0.000570,0.100353,0.000000,0.000000,0.000000,1.000000,0.000000,0.000000,0.000000,0.000000,0.000000,0.000000,0.264870,0.000000,0.000000,0.000000,0.000000,0.000000,0.000000
56166.921360,-1,-0.006607,0.000570,0.100353,0.000000,0.000000,0.000000,1.000000,0.000000,0.000000,0.000000,0.000000,0.000000,0.000000,0.264870,0.000000,0.000000,0.000000,0.000000,0.000000,0.000000
56166.971347,-1,-0.006607,0.000570,0.100353,0.000000,0.000000,0.000000,1.000000,0.000000,0.000000,0.000000,0.000000,0.000000,0.000000,0.264870,0.000000,0.000000,0.000000,0.000000,0.000000,0.000000
56167.021340,-1,-0.006607,0.000570,0.100353,0.000000,0.000000,0.000000,1.000000,0.000000,0.000000,0.000000,0.000000,0.000000,0.000000,0.264870,0.000000,0.000000,0.000000,0.000000,0.000000,0.000000
56167.071346,-1,-0.006607,0.000570,0.100353,0.000000,0.000000,0.000000,1.000000,0.000000,0.000000,0.000000,0.000000,0.000000,0.000000,0.264870,0.000000,0.000000,0.000000,0.000000,0.000000,0.000000
56167.121424,-1,-0.006607,0.000570,0.100353,0.000000,0.000000,0.000000,1.000000,0.000000,0.000000,0.000000,0.000000,0.000000,0.000000,0.264870,0.000000,0.000000,0.000000,0.000000,0.000000,0.000000
56167.171360,-1,-0.006607,0.000570,0.100353,0.000000,0.000000,0.000000,1.000000,0.000000,0.000000,0.000000,0.000000,0.000000,0.000000,0.264870,0.000000,0.000000,0.000000,0.000000,0.000000,0.000000
56167.221358,-1,-0.006607,0.000570,0.100353,0.000000,0.000000,0.000000,1.000000,0.000000,0.000000,0.000000,0.000000,0.000000,0.000000,0.264870,0.000000,0.000000,0.000000,0.000000,0.000000,0.000000
56167.271361,-1,-0.006607,0.000570,0.100353,0.000000,0.000000,0.000000,1.000000,0.000000,0.000000,0.000000,0.000000,0.000000,0.000000,0.264870,0.000000,0.000000,0.000000,0.000000,0.000000,0.000000
56167.321343,-1,-0.006607,0.000570,0.100353,0.000000,0.000000,0.000000,1.000000,0.000000,0.000000,0.000000,0.000000,0.000000,0.000000,0.264870,0.000000,0.000000,0.000000,0.000000,0.000000,0.000000
56167.371340,-1,-0.006607,0.000570,0.100353,0.000000,0.000000,0.000000,1.000000,0.000000,0.000000,0.000000,0.000000,0.000000,0.000000,0.264870,0.000000,0.000000,0.000000,0.000000,0.000000,0.000000
56167.421342,-1,-0.006607,0.000570,0.100353,0.000000,0.000000,0.000000,1.000000,0.000000,0.000000,0.000000,0.000000,0.000000,0.000000,0.264870,0.000000,0.000000,0.000000,0.000000,0.000000,0.000000
56167.471336,-1,-0.006607,0.000570,0.100353,0.000000,0.000000,0.000000,1.000000,0.000000,0.000000,0.000000,0.000000,0.000000,0.000000,0.264870,0.000000,0.000000,0.000000,0.000000,0.000000,0.000000
56167.521412,-1,-0.006607,0.000570,0.100353,0.000000,0.000000,0.000000,1.000000,0.000000,0.000000,0.000000,0.000000,0.000000,0.000000,0.264870,0.000000,0.000000,0.000000,0.000000,0.000000,0.000000
56167.571369,-1,-0.006607,0.000570,0.100353,0.000000,0.000000,0.000000,1.000000,0.000000,0.000000,0.000000,0.000000,0.000000,0.000000,0.264870,0.000000,0.000000,0.000000,0.000000,0.000000,0.000000
56167.621355,-1,-0.006607,0.000570,0.100353,0.000000,0.000000,0.000000,1.000000,0.000000,0.000000,0.000000,0.000000,0.000000,0.000000,0.264870,0.000000,0.000000,0.000000,0.000000,0.000000,0.000000
56167.671359,-1,-0.006607,0.000570,0.100353,0.000000,0.000000,0.000000,1.000000,0.000000,0.000000,0.000000,0.000000,0.000000,0.000000,0.264870,0.000000,0.000000,0.000000,0.000000,0.000000,0.000000
56167.721367,-1,-0.006607,0.000570,0.100353,0.000000,0.000000,0.000000,1.000000,0.000000,0.000000,0.000000,0.000000,0.000000,0.000000,0.264870,0.000000,0.000000,0.000000,0.000000,0.000000,0.000000
56167.771351,-1,-0.006607,0.000570,0.100353,0.000000,0.000000,0.000000,1.000000,0.000000,0.000000,0.000000,0.000000,0.000000,0.000000,0.264870,0.000000,0.000000,0.000000,0.000000,0.000000,0.000000
56167.821338,-1,-0.006607,0.000570,0.100353,0.000000,0.000000,0.000000,1.000000,0.000000,0.000000,0.000000,0.000000,0.000000,0.000000,0.264870,0.000000,0.000000,0.000000,0.000000,0.000000,0.000000
56167.871365,-1,-0.006607,0.000570,0.100353,0.000000,0.000000,0.000000,1.000000,0.000000,0.000000,0.000000,0.000000,0.000000,0.000000,0.264870,0.000000,0.000000,0.000000,0.000000,0.000000,0.000000
56167.921383,-1,-0.006607,0.000570,0.100353,0.000000,0.000000,0.000000,1.000000,0.000000,0.000000,0.000000,0.000000,0.000000,0.000000,0.264870,0.000000,0.000000,0.000000,0.000000,0.000000,0.000000
56167.971358,-1,-0.006607,0.000570,0.100353,0.000000,0.000000,0.000000,1.000000,0.000000,0.000000,0.000000,0.000000,0.000000,0.000000,0.264870,0.000000,0.000000,0.000000,0.000000,0.000000,0.000000
56168.021349,-1,-0.006607,0.000570,0.100353,0.000000,0.000000,0.000000,1.000000,0.000000,0.000000,0.000000,0.000000,0.000000,0.000000,0.264870,0.000000,0.000000,0.000000,0.000000,0.000000,0.000000
56168.071336,-1,-0.006607,0.000570,0.100353,0.000000,0.000000,0.000000,1.000000,0.000000,0.000000,0.000000,0.000000,0.000000,0.000000,0.264870,0.000000,0.000000,0.000000,0.000000,0.000000,0.000000
56168.121337,-1,-0.006607,0.000570,0.100353,0.000000,0.000000,0.000000,1.000000,0.000000,0.000000,0.000000,0.000000,0.000000,0.000000,0.264870,0.000000,0.000000,0.000000,0.000000,0.000000,0.000000
56168.171357,-1,-0.006607,0.000570,0.100353,0.000000,0.000000,0.000000,1.000000,0.000000,0.000000,0.000000,0.000000,0.000000,0.000000,0.264870,0.000000,0.000000,0.000000,0.000000,0.000000,0.000000
56168.221354,-1,-0.006607,0.000570,0.100353,0.000000,0.000000,0.000000,1.000000,0.000000,0.000000,0.000000,0.000000,0.000000,0.000000,0.264870,0.000000,0.000000,0.000000,0.000000,0.000000,0.000000
56168.271333,-1,-0.006607,0.000570,0.100353,0.000000,0.000000,0.000000,1.000000,0.000000,0.000000,0.000000,0.000000,0.000000,0.000000,0.264870,0.000000,0.000000,0.000000,0.000000,0.000000,0.000000
56168.321362,-1,-0.006607,0.000570,0.100353,0.000000,0.000000,0.000000,1.000000,0.000000,0.000000,0.000000,0.000000,0.000000,0.000000,0.264870,0.000000,0.000000,0.000000,0.000000,0.000000,0.000000
56168.371348,-1,-0.006607,0.000570,0.100353,0.000000,0.000000,0.000000,1.000000,0.000000,0.000000,0.000000,0.000000,0.000000,0.000000,0.264870,0.000000,0.000000,0.000000,0.000000,0.000000,0.000000
56168.421352,-1,-0.006607,0.000570,0.100353,0.000000,0.000000,0.000000,1.000000,0.000000,0.000000,0.000000,0.000000,0.000000,0.000000,0.264870,0.000000,0.000000,0.000000,0.000000,0.000000,0.000000
56168.471354,-1,-0.006607,0.000570,0.100353,0.000000,0.000000,0.000000,1.000000,0.000000,0.000000,0.000000,0.000000,0.000000,0.000000,0.264870,0.000000,0.000000,0.000000,0.000000,0.000000,0.000000
56168.521352,-1,-0.006607,0.000570,0.100353,0.000000,0.000000,0.000000,1.000000,0.000000,0.000000,0.000000,0.000000,0.000000,0.000000,0.264870,0.000000,0.000000,0.000000,0.000000,0.000000,0.000000
56168.571357,-1,-0.006607,0.000570,0.100353,0.000000,0.000000,0.000000,1.000000,0.000000,0.000000,0.000000,0.000000,0.000000,0.000000,0.264870,0.000000,0.000000,0.000000,0.000000,0.000000,0.000000
56168.621356,-1,-0.006607,0.000570,0.100353,0.000000,0.000000,0.000000,1.000000,0.000000,0.000000,0.000000,0.000000,0.000000,0.000000,0.264870,0.000000,0.000000,0.000000,0.000000,0.000000,0.000000
56168.671342,-1,-0.006607,0.000570,0.100353,0.000000,0.000000,0.000000,1.000000,0.000000,0.000000,0.000000,0.000000,0.000000,0.000000,0.264870,0.000000,0.000000,0.000000,0.000000,0.000000,0.000000
56168.721401,-1,-0.006607,0.000570,0.100353,0.000000,0.000000,0.000000,1.000000,0.000000,0.000000,0.000000,0.000000,0.000000,0.000000,0.264870,0.000000,0.000000,0.000000,0.000000,0.000000,0.000000
56168.771367,-1,-0.006607,0.000570,0.100353,0.000000,0.000000,0.000000,1.000000,0.000000,0.000000,0.000000,0.000000,0.000000,0.000000,0.264870,0.000000,0.000000,0.000000,0.000000,0.000000,0.000000
56168.821342,-1,-0.006607,0.000570,0.100353,0.000000,0.000000,0.000000,1.000000,0.000000,0.000000,0.000000,0.000000,0.000000,0.000000,0.264870,0.000000,0.000000,0.000000,0.000000,0.000000,0.000000
56168.871350,-1,-0.006607,0.000570,0.100353,0.000000,0.000000,0.000000,1.000000,0.000000,0.000000,0.000000,0.000000,0.000000,0.000000,0.264870,0.000000,0.000000,0.000000,0.000000,0.000000,0.000000
56168.921331,-1,-0.006607,0.000570,0.100353,0.000000,0.000000,0.000000,1.000000,0.000000,0.000000,0.000000,0.000000,0.000000,0.000000,0.264870,0.000000,0.000000,0.000000,0.000000,0.000000,0.000000
56168.971349,-1,-0.006607,0.000570,0.100353,0.000000,0.000000,0.000000,1.000000,0.000000,0.000000,0.000000,0.000000,0.000000,0.000000,0.264870,0.000000,0.000000,0.000000,0.000000,0.000000,0.000000
56169.021345,-1,-0.006607,0.000570,0.100353,0.000000,0.000000,0.000000,1.000000,0.000000,0.000000,0.000000,0.000000,0.000000,0.000000,0.264870,0.000000,0.000000,0.000000,0.000000,0.000000,0.000000
56169.071356,-1,-0.006607,0.000570,0.100353,0.000000,0.000000,0.000000,1.000000,0.000000,0.000000,0.000000,0.000000,0.000000,0.000000,0.264870,0.000000,0.000000,0.000000,0.000000,0.000000,0.000000
56169.121351,-1,-0.006607,0.000570,0.100353,0.000000,0.000000,0.000000,1.000000,0.000000,0.000000,0.000000,0.000000,0.000000,0.000000,0.264870,0.000000,0.000000,0.000000,0.000000,0.000000,0.000000
56169.171346,-1,-0.006607,0.000570,0.100353,0.000000,0.000000,0.000000,1.000000,0.000000,0.000000,0.000000,0.000000,0.000000,0.000000,0.264870,0.000000,0.000000,0.000000,0.000000,0.000000,0.000000
56169.221346,-1,-0.006607,0.000570,0.100353,0.000000,0.000000,0.000000,1.000000,0.000000,0.000000,0.000000,0.000000,0.000000,0.000000,0.264870,0.000000,0.000000,0.000000,0.000000,0.000000,0.000000
56169.271348,-1,-0.006607,0.000570,0.100353,0.000000,0.000000,0.000000,1.000000,0.000000,0.000000,0.000000,0.000000,0.000000,0.000000,0.264870,0.000000,0.000000,0.000000,0.000000,0.000000,0.000000
56169.321353,-1,-0.006607,0.000570,0.100353,0.000000,0.000000,0.000000,1.000000,0.000000,0.000000,0.000000,0.000000,0.000000,0.000000,0.264870,0.000000,0.000000,0.000000,0.000000,0.000000,0.000000
56169.371341,-1,-0.006607,0.000570,0.100353,0.000000,0.000000,0.000000,1.000000,0.000000,0.000000,0.000000,0.000000,0.000000,0.000000,0.264870,0.000000,0.000000,0.000000,0.000000,0.000000,0.000000
56169.421337,-1,-0.006607,0.000570,0.100353,0.000000,0.000000,0.000000,1.000000,0.000000,0.000000,0.000000,0.000000,0.000000,0.000000,0.264870,0.000000,0.000000,0.000000,0.000000,0.000000,0.000000
56169.471345,-1,-0.006607,0.000570,0.100353,0.000000,0.000000,0.000000,1.000000,0.000000,0.000000,0.000000,0.000000,0.000000,0.000000,0.264870,0.000000,0.000000,0.000000,0.000000,0.000000,0.000000
56169.521353,-1,-0.006607,0.000570,0.100353,0.000000,0.000000,0.000000,1.000000,0.000000,0.000000,0.000000,0.000000,0.000000,0.000000,0.264870,0.000000,0.000000,0.000000,0.000000,0.000000,0.000000
56169.571350,-1,-0.006607,0.000570,0.100353,0.000000,0.000000,0.000000,1.000000,0.000000,0.000000,0.000000,0.000000,0.000000,0.000000,0.264870,0.000000,0.000000,0.000000,0.000000,0.000000,0.000000
56169.621338,-1,-0.006607,0.000570,0.100353,0.000000,0.000000,0.000000,1.000000,0.000000,0.000000,0.000000,0.000000,0.000000,0.000000,0.264870,0.000000,0.000000,0.000000,0.000000,0.000000,0.000000
56169.671329,-1,-0.006607,0.000570,0.100353,0.000000,0.000000,0.000000,1.000000,0.000000,0.000000,0.000000,0.000000,0.000000,0.000000,0.264870,0.000000,0.000000,0.000000,0.000000,0.000000,0.000000
56169.721345,-1,-0.006607,0.000570,0.100353,0.000000,0.000000,0.000000,1.000000,0.000000,0.000000,0.000000,0.000000,0.000000,0.000000,0.264870,0.000000,0.000000,0.000000,0.000000,0.000000,0.000000
56169.771342,-1,-0.006607,0.000570,0.100353,0.000000,0.000000,0.000000,1.000000,0.000000,0.000000,0.000000,0.000000,0.000000,0.000000,0.264870,0.000000,0.000000,0.000000,0.000000,0.000000,0.000000
56169.821345,-1,-0.006607,0.000570,0.100353,0.000000,0.000000,0.000000,1.000000,0.000000,0.000000,0.000000,0.000000,0.000000,0.000000,0.264870,0.000000,0.000000,0.000000,0.000000,0.000000,0.000000
56169.871339,-1,-0.006607,0.000570,0.100353,0.000000,0.000000,0.000000,1.000000,0.000000,0.000000,0.000000,0.000000,0.000000,0.000000,0.264870,0.000000,0.000000,0.000000,0.000000,0.000000,0.000000
56169.921341,-1,-0.006607,0.000570,0.100353,0.000000,0.000000,0.000000,1.000000,0.000000,0.000000,0.000000,0.000000,0.000000,0.000000,0.264870,0.000000,0.000000,0.000000,0.000000,0.000000,0.000000
56169.971356,-1,-0.006607,0.000570,0.100353,0.000000,0.000000,0.000000,1.000000,0.000000,0.000000,0.000000,0.000000,0.000000,0.000000,0.264870,0.000000,0.000000,0.000000,0.000000,0.000000,0.000000
56170.021321,-1,-0.006607,0.000570,0.100353,0.000000,0.000000,0.000000,1.000000,0.000000,0.000000,0.000000,0.000000,0.000000,0.000000,0.264870,0.000000,0.000000,0.000000,0.000000,0.000000,0.000000
56170.071400,-1,-0.006607,0.000570,0.100353,0.000000,0.000000,0.000000,1.000000,0.000000,0.000000,0.000000,0.000000,0.000000,0.000000,0.264870,0.000000,0.000000,0.000000,0.000000,0.000000,0.000000
56170.121357,-1,-0.006607,0.000570,0.100353,0.000000,0.000000,0.000000,1.000000,0.000000,0.000000,0.000000,0.000000,0.000000,0.000000,0.264870,0.000000,0.000000,0.000000,0.000000,0.000000,0.000000
56170.171320,-1,-0.006607,0.000570,0.100353,0.000000,0.000000,0.000000,1.000000,0.000000,0.000000,0.000000,0.000000,0.000000,0.000000,0.264870,0.000000,0.000000,0.000000,0.000000,0.000000,0.000000
56170.221337,-1,-0.006607,0.000570,0.100353,0.000000,0.000000,0.000000,1.000000,0.000000,0.000000,0.000000,0.000000,0.000000,0.000000,0.264870,0.000000,0.000000,0.000000,0.000000,0.000000,0.000000
56170.271325,-1,-0.006607,0.000570,0.100353,0.000000,0.000000,0.000000,1.000000,0.000000,0.000000,0.000000,0.000000,0.000000,0.000000,0.264870,0.000000,0.000000,0.000000,0.000000,0.000000,0.000000
56170.321344,-1,-0.006607,0.000570,0.100353,0.000000,0.000000,0.000000,1.000000,0.000000,0.000000,0.000000,0.000000,0.000000,0.000000,0.264870,0.000000,0.000000,0.000000,0.000000,0.000000,0.000000
56170.371340,-1,-0.006607,0.000570,0.100353,0.000000,0.000000,0.000000,1.000000,0.000000,0.000000,0.000000,0.000000,0.000000,0.000000,0.264870,0.000000,0.000000,0.000000,0.000000,0.000000,0.000000
56170.421339,-1,-0.006607,0.000570,0.100353,0.000000,0.000000,0.000000,1.000000,0.000000,0.000000,0.000000,0.000000,0.000000,0.000000,0.264870,0.000000,0.000000,0.000000,0.000000,0.000000,0.000000
56170.471314,-1,-0.006607,0.000570,0.100353,0.000000,0.000000,0.000000,1.000000,0.000000,0.000000,0.000000,0.000000,0.000000,0.000000,0.264870,0.000000,0.000000,0.000000,0.000000,0.000000,0.000000
56170.521340,-1,-0.006607,0.000570,0.100353,0.000000,0.000000,0.000000,1.000000,0.000000,0.000000,0.000000,0.000000,0.000000,0.000000,0.264870,0.000000,0.000000,0.000000,0.000000,0.000000,0.000000
56170.571339,-1,-0.006607,0.000570,0.100353,0.000000,0.000000,0.000000,1.000000,0.000000,0.000000,0.000000,0.000000,0.000000,0.000000,0.264870,0.000000,0.000000,0.000000,0.000000,0.000000,0.000000
56170.621345,-1,-0.006607,0.000570,0.100353,0.000000,0.000000,0.000000,1.000000,0.000000,0.000000,0.000000,0.000000,0.000000,0.000000,0.264870,0.000000,0.000000,0.000000,0.000000,0.000000,0.000000
56170.671338,-1,-0.006607,0.000570,0.100353,0.000000,0.000000,0.000000,1.000000,0.000000,0.000000,0.000000,0.000000,0.000000,0.000000,0.264870,0.000000,0.000000,0.000000,0.000000,0.000000,0.000000
56170.721322,-1,-0.006607,0.000570,0.100353,0.000000,0.000000,0.000000,1.000000,0.000000,0.000000,0.000000,0.000000,0.000000,0.000000,0.264870,0.000000,0.000000,0.000000,0.000000,0.000000,0.000000
56170.771345,-1,-0.006607,0.000570,0.100353,0.000000,0.000000,0.000000,1.000000,0.000000,0.000000,0.000000,0.000000,0.000000,0.000000,0.264870,0.000000,0.000000,0.000000,0.000000,0.000000,0.000000
56170.821339,-1,-0.006607,0.000570,0.100353,0.000000,0.000000,0.000000,1.000000,0.000000,0.000000,0.000000,0.000000,0.000000,0.000000,0.264870,0.000000,0.000000,0.000000,0.000000,0.000000,0.000000
56170.871344,-1,-0.006607,0.000570,0.100353,0.000000,0.000000,0.000000,1.000000,0.000000,0.000000,0.000000,0.000000,0.000000,0.000000,0.264870,0.000000,0.000000,0.000000,0.000000,0.000000,0.000000
56170.921336,-1,-0.006607,0.000570,0.100353,0.000000,0.000000,0.000000,1.000000,0.000000,0.000000,0.000000,0.000000,0.000000,0.000000,0.264870,0.000000,0.000000,0.000000,0.000000,0.000000,0.000000
56170.971330,-1,-0.006607,0.000570,0.100353,0.000000,0.000000,0.000000,1.000000,0.000000,0.000000,0.000000,0.000000,0.000000,0.000000,0.264870,0.000000,0.000000,0.000000,0.000000,0.000000,0.000000
56171.021349,-1,-0.006607,0.000570,0.100353,0.000000,0.000000,0.000000,1.000000,0.000000,0.000000,0.000000,0.000000,0.000000,0.000000,0.264870,0.000000,0.000000,0.000000,0.000000,0.000000,0.000000
56171.071317,-1,-0.006607,0.000570,0.100353,0.000000,0.000000,0.000000,1.000000,0.000000,0.000000,0.000000,0.000000,0.000000,0.000000,0.264870,0.000000,0.000000,0.000000,0.000000,0.000000,0.000000
56171.121336,-1,-0.006607,0.000570,0.100353,0.000000,0.000000,0.000000,1.000000,0.000000,0.000000,0.000000,0.000000,0.000000,0.000000,0.264870,0.000000,0.000000,0.000000,0.000000,0.000000,0.000000
56171.171335,-1,-0.006607,0.000570,0.100353,0.000000,0.000000,0.000000,1.000000,0.000000,0.000000,0.000000,0.000000,0.000000,0.000000,0.264870,0.000000,0.000000,0.000000,0.000000,0.000000,0.000000
56171.221347,-1,-0.006607,0.000570,0.100353,0.000000,0.000000,0.000000,1.000000,0.000000,0.000000,0.000000,0.000000,0.000000,0.000000,0.264870,0.000000,0.000000,0.000000,0.000000,0.000000,0.000000
56171.271347,-1,-0.006607,0.000570,0.100353,0.000000,0.000000,0.000000,1.000000,0.000000,0.000000,0.000000,0.000000,0.000000,0.000000,0.264870,0.000000,0.000000,0.000000,0.000000,0.000000,0.000000
56171.321359,-1,-0.006607,0.000570,0.100353,0.000000,0.000000,0.000000,1.000000,0.000000,0.000000,0.000000,0.000000,0.000000,0.000000,0.264870,0.000000,0.000000,0.000000,0.000000,0.000000,0.000000
56171.371337,-1,-0.006607,0.000570,0.100353,0.000000,0.000000,0.000000,1.000000,0.000000,0.000000,0.000000,0.000000,0.000000,0.000000,0.264870,0.000000,0.000000,0.000000,0.000000,0.000000,0.000000
56171.421334,-1,-0.006607,0.000570,0.100353,0.000000,0.000000,0.000000,1.000000,0.000000,0.000000,0.000000,0.000000,0.000000,0.000000,0.264870,0.000000,0.000000,0.000000,0.000000,0.000000,0.000000
56171.471332,-1,-0.006607,0.000570,0.100353,0.000000,0.000000,0.000000,1.000000,0.000000,0.000000,0.000000,0.000000,0.000000,0.000000,0.264870,0.000000,0.000000,0.000000,0.000000,0.000000,0.000000
56171.521321,-1,-0.006607,0.000570,0.100353,0.000000,0.000000,0.000000,1.000000,0.000000,0.000000,0.000000,0.000000,0.000000,0.000000,0.264870,0.000000,0.000000,0.000000,0.000000,0.000000,0.000000
56171.571331,-1,-0.006607,0.000570,0.100353,0.000000,0.000000,0.000000,1.000000,0.000000,0.000000,0.000000,0.000000,0.000000,0.000000,0.264870,0.000000,0.000000,0.000000,0.000000,0.000000,0.000000
56171.621335,-1,-0.006607,0.000570,0.100353,0.000000,0.000000,0.000000,1.000000,0.000000,0.000000,0.000000,0.000000,0.000000,0.000000,0.264870,0.000000,0.000000,0.000000,0.000000,0.000000,0.000000
56171.671334,-1,-0.006607,0.000570,0.100353,0.000000,0.000000,0.000000,1.000000,0.000000,0.000000,0.000000,0.000000,0.000000,0.000000,0.264870,0.000000,0.000000,0.000000,0.000000,0.000000,0.000000
56171.721329,-1,-0.006607,0.000570,0.100353,0.000000,0.000000,0.000000,1.000000,0.000000,0.000000,0.000000,0.000000,0.000000,0.000000,0.264870,0.000000,0.000000,0.000000,0.000000,0.000000,0.000000
56171.771308,-1,-0.006607,0.000570,0.100353,0.000000,0.000000,0.000000,1.000000,0.000000,0.000000,0.000000,0.000000,0.000000,0.000000,0.264870,0.000000,0.000000,0.000000,0.000000,0.000000,0.000000
56171.821315,-1,-0.006607,0.000570,0.100353,0.000000,0.000000,0.000000,1.000000,0.000000,0.000000,0.000000,0.000000,0.000000,0.000000,0.264870,0.000000,0.000000,0.000000,0.000000,0.000000,0.000000
56171.871309,-1,-0.006607,0.000570,0.100353,0.000000,0.000000,0.000000,1.000000,0.000000,0.000000,0.000000,0.000000,0.000000,0.000000,0.264870,0.000000,0.000000,0.000000,0.000000,0.000000,0.000000
56171.921313,-1,-0.006607,0.000570,0.100353,0.000000,0.000000,0.000000,1.000000,0.000000,0.000000,0.000000,0.000000,0.000000,0.000000,0.264870,0.000000,0.000000,0.000000,0.000000,0.000000,0.000000
56171.971355,-1,-0.006607,0.000570,0.100353,0.000000,0.000000,0.000000,1.000000,0.000000,0.000000,0.000000,0.000000,0.000000,0.000000,0.264870,0.000000,0.000000,0.000000,0.000000,0.000000,0.000000
56172.021323,-1,-0.006607,0.000570,0.100353,0.000000,0.000000,0.000000,1.000000,0.000000,0.000000,0.000000,0.000000,0.000000,0.000000,0.264870,0.000000,0.000000,0.000000,0.000000,0.000000,0.000000
56172.071328,-1,-0.006607,0.000570,0.100353,0.000000,0.000000,0.000000,1.000000,0.000000,0.000000,0.000000,0.000000,0.000000,0.000000,0.264870,0.000000,0.000000,0.000000,0.000000,0.000000,0.000000
56172.121312,-1,-0.006607,0.000570,0.100353,0.000000,0.000000,0.000000,1.000000,0.000000,0.000000,0.000000,0.000000,0.000000,0.000000,0.264870,0.000000,0.000000,0.000000,0.000000,0.000000,0.000000
56172.171333,-1,-0.006607,0.000570,0.100353,0.000000,0.000000,0.000000,1.000000,0.000000,0.000000,0.000000,0.000000,0.000000,0.000000,0.264870,0.000000,0.000000,0.000000,0.000000,0.000000,0.000000
56172.221307,-1,-0.006607,0.000570,0.100353,0.000000,0.000000,0.000000,1.000000,0.000000,0.000000,0.000000,0.000000,0.000000,0.000000,0.264870,0.000000,0.000000,0.000000,0.000000,0.000000,0.000000
56172.271362,-1,-0.006607,0.000570,0.100353,0.000000,0.000000,0.000000,1.000000,0.000000,0.000000,0.000000,0.000000,0.000000,0.000000,0.264870,0.000000,0.000000,0.000000,0.000000,0.000000,0.000000
56172.321342,-1,-0.006607,0.000570,0.100353,0.000000,0.000000,0.000000,1.000000,0.000000,0.000000,0.000000,0.000000,0.000000,0.000000,0.264870,0.000000,0.000000,0.000000,0.000000,0.000000,0.000000
56172.371338,-1,-0.006607,0.000570,0.100353,0.000000,0.000000,0.000000,1.000000,0.000000,0.000000,0.000000,0.000000,0.000000,0.000000,0.264870,0.000000,0.000000,0.000000,0.000000,0.000000,0.000000
56172.421355,-1,-0.006607,0.000570,0.100353,0.000000,0.000000,0.000000,1.000000,0.000000,0.000000,0.000000,0.000000,0.000000,0.000000,0.264870,0.000000,0.000000,0.000000,0.000000,0.000000,0.000000
56172.471352,-1,-0.006607,0.000570,0.100353,0.000000,0.000000,0.000000,1.000000,0.000000,0.000000,0.000000,0.000000,0.000000,0.000000,0.264870,0.000000,0.000000,0.000000,0.000000,0.000000,0.000000
56172.521304,-1,-0.006607,0.000570,0.100353,0.000000,0.000000,0.000000,1.000000,0.000000,0.000000,0.000000,0.000000,0.000000,0.000000,0.264870,0.000000,0.000000,0.000000,0.000000,0.000000,0.000000
56172.571336,-1,-0.006607,0.000570,0.100353,0.000000,0.000000,0.000000,1.000000,0.000000,0.000000,0.000000,0.000000,0.000000,0.000000,0.264870,0.000000,0.000000,0.000000,0.000000,0.000000,0.000000
56172.621328,-1,-0.006607,0.000570,0.100353,0.000000,0.000000,0.000000,1.000000,0.000000,0.000000,0.000000,0.000000,0.000000,0.000000,0.264870,0.000000,0.000000,0.000000,0.000000,0.000000,0.000000
56172.671349,-1,-0.006607,0.000570,0.100353,0.000000,0.000000,0.000000,1.000000,0.000000,0.000000,0.000000,0.000000,0.000000,0.000000,0.264870,0.000000,0.000000,0.000000,0.000000,0.000000,0.000000
56172.721322,-1,-0.006607,0.000570,0.100353,0.000000,0.000000,0.000000,1.000000,0.000000,0.000000,0.000000,0.000000,0.000000,0.000000,0.264870,0.000000,0.000000,0.000000,0.000000,0.000000,0.000000
56172.771341,-1,-0.006607,0.000570,0.100353,0.000000,0.000000,0.000000,1.000000,0.000000,0.000000,0.000000,0.000000,0.000000,0.000000,0.264870,0.000000,0.000000,0.000000,0.000000,0.000000,0.000000
56172.821334,-1,-0.006607,0.000570,0.100353,0.000000,0.000000,0.000000,1.000000,0.000000,0.000000,0.000000,0.000000,0.000000,0.000000,0.264870,0.000000,0.000000,0.000000,0.000000,0.000000,0.000000
56172.871349,-1,-0.006607,0.000570,0.100353,0.000000,0.000000,0.000000,1.000000,0.000000,0.000000,0.000000,0.000000,0.000000,0.000000,0.264870,0.000000,0.000000,0.000000,0.000000,0.000000,0.000000
56172.921310,-1,-0.006607,0.000570,0.100353,0.000000,0.000000,0.000000,1.000000,0.000000,0.000000,0.000000,0.000000,0.000000,0.000000,0.264870,0.000000,0.000000,0.000000,0.000000,0.000000,0.000000
56172.971304,-1,-0.006607,0.000570,0.100353,0.000000,0.000000,0.000000,1.000000,0.000000,0.000000,0.000000,0.000000,0.000000,0.000000,0.264870,0.000000,0.000000,0.000000,0.000000,0.000000,0.000000
56173.021325,-1,-0.006607,0.000570,0.100353,0.000000,0.000000,0.000000,1.000000,0.000000,0.000000,0.000000,0.000000,0.000000,0.000000,0.264870,0.000000,0.000000,0.000000,0.000000,0.000000,0.000000
56173.071339,-1,-0.006607,0.000570,0.100353,0.000000,0.000000,0.000000,1.000000,0.000000,0.000000,0.000000,0.000000,0.000000,0.000000,0.264870,0.000000,0.000000,0.000000,0.000000,0.000000,0.000000
56173.121328,-1,-0.006607,0.000570,0.100353,0.000000,0.000000,0.000000,1.000000,0.000000,0.000000,0.000000,0.000000,0.000000,0.000000,0.264870,0.000000,0.000000,0.000000,0.000000,0.000000,0.000000
56173.171324,-1,-0.006607,0.000570,0.100353,0.000000,0.000000,0.000000,1.000000,0.000000,0.000000,0.000000,0.000000,0.000000,0.000000,0.264870,0.000000,0.000000,0.000000,0.000000,0.000000,0.000000
56173.221319,-1,-0.006607,0.000570,0.100353,0.000000,0.000000,0.000000,1.000000,0.000000,0.000000,0.000000,0.000000,0.000000,0.000000,0.264870,0.000000,0.000000,0.000000,0.000000,0.000000,0.000000
56173.271327,-1,-0.006607,0.000570,0.100353,0.000000,0.000000,0.000000,1.000000,0.000000,0.000000,0.000000,0.000000,0.000000,0.000000,0.264870,0.000000,0.000000,0.000000,0.000000,0.000000,0.000000
56173.321331,-1,-0.006607,0.000570,0.100353,0.000000,0.000000,0.000000,1.000000,0.000000,0.000000,0.000000,0.000000,0.000000,0.000000,0.264870,0.000000,0.000000,0.000000,0.000000,0.000000,0.000000
56173.371328,-1,-0.006607,0.000570,0.100353,0.000000,0.000000,0.000000,1.000000,0.000000,0.000000,0.000000,0.000000,0.000000,0.000000,0.264870,0.000000,0.000000,0.000000,0.000000,0.000000,0.000000
56173.421298,-1,-0.006607,0.000570,0.100353,0.000000,0.000000,0.000000,1.000000,0.000000,0.000000,0.000000,0.000000,0.000000,0.000000,0.264870,0.000000,0.000000,0.000000,0.000000,0.000000,0.000000
56173.471348,-1,-0.006607,0.000570,0.100353,0.000000,0.000000,0.000000,1.000000,0.000000,0.000000,0.000000,0.000000,0.000000,0.000000,0.264870,0.000000,0.000000,0.000000,0.000000,0.000000,0.000000
56173.521319,-1,-0.006607,0.000570,0.100353,0.000000,0.000000,0.000000,1.000000,0.000000,0.000000,0.000000,0.000000,0.000000,0.000000,0.264870,0.000000,0.000000,0.000000,0.000000,0.000000,0.000000
56173.571341,-1,-0.006607,0.000570,0.100353,0.000000,0.000000,0.000000,1.000000,0.000000,0.000000,0.000000,0.000000,0.000000,0.000000,0.264870,0.000000,0.000000,0.000000,0.000000,0.000000,0.000000
56173.621323,-1,-0.006607,0.000570,0.100353,0.000000,0.000000,0.000000,1.000000,0.000000,0.000000,0.000000,0.000000,0.000000,0.000000,0.264870,0.000000,0.000000,0.000000,0.000000,0.000000,0.000000
56173.671315,-1,-0.006607,0.000570,0.100353,0.000000,0.000000,0.000000,1.000000,0.000000,0.000000,0.000000,0.000000,0.000000,0.000000,0.264870,0.000000,0.000000,0.000000,0.000000,0.000000,0.000000
56173.721322,-1,-0.006607,0.000570,0.100353,0.000000,0.000000,0.000000,1.000000,0.000000,0.000000,0.000000,0.000000,0.000000,0.000000,0.264870,0.000000,0.000000,0.000000,0.000000,0.000000,0.000000
56173.771319,-1,-0.006607,0.000570,0.100353,0.000000,0.000000,0.000000,1.000000,0.000000,0.000000,0.000000,0.000000,0.000000,0.000000,0.264870,0.000000,0.000000,0.000000,0.000000,0.000000,0.000000
56173.821323,-1,-0.006607,0.000570,0.100353,0.000000,0.000000,0.000000,1.000000,0.000000,0.000000,0.000000,0.000000,0.000000,0.000000,0.264870,0.000000,0.000000,0.000000,0.000000,0.000000,0.000000
56173.871326,-1,-0.006607,0.000570,0.100353,0.000000,0.000000,0.000000,1.000000,0.000000,0.000000,0.000000,0.000000,0.000000,0.000000,0.264870,0.000000,0.000000,0.000000,0.000000,0.000000,0.000000
56173.921323,-1,-0.006607,0.000570,0.100353,0.000000,0.000000,0.000000,1.000000,0.000000,0.000000,0.000000,0.000000,0.000000,0.000000,0.264870,0.000000,0.000000,0.000000,0.000000,0.000000,0.000000
56173.971310,-1,-0.006607,0.000570,0.100353,0.000000,0.000000,0.000000,1.000000,0.000000,0.000000,0.000000,0.000000,0.000000,0.000000,0.264870,0.000000,0.000000,0.000000,0.000000,0.000000,0.000000
56174.021320,-1,-0.006607,0.000570,0.100353,0.000000,0.000000,0.000000,1.000000,0.000000,0.000000,0.000000,0.000000,0.000000,0.000000,0.264870,0.000000,0.000000,0.000000,0.000000,0.000000,0.000000
56174.071336,-1,-0.006607,0.000570,0.100353,0.000000,0.000000,0.000000,1.000000,0.000000,0.000000,0.000000,0.000000,0.000000,0.000000,0.264870,0.000000,0.000000,0.000000,0.000000,0.000000,0.000000
56174.121299,-1,-0.006607,0.000570,0.100353,0.000000,0.000000,0.000000,1.000000,0.000000,0.000000,0.000000,0.000000,0.000000,0.000000,0.264870,0.000000,0.000000,0.000000,0.000000,0.000000,0.000000
56174.171323,-1,-0.006607,0.000570,0.100353,0.000000,0.000000,0.000000,1.000000,0.000000,0.000000,0.000000,0.000000,0.000000,0.000000,0.264870,0.000000,0.000000,0.000000,0.000000,0.000000,0.000000
56174.221317,-1,-0.006607,0.000570,0.100353,0.000000,0.000000,0.000000,1.000000,0.000000,0.000000,0.000000,0.000000,0.000000,0.000000,0.264870,0.000000,0.000000,0.000000,0.000000,0.000000,0.000000
56174.271342,-1,-0.006607,0.000570,0.100353,0.000000,0.000000,0.000000,1.000000,0.000000,0.000000,0.000000,0.000000,0.000000,0.000000,0.264870,0.000000,0.000000,0.000000,0.000000,0.000000,0.000000
56174.321321,-1,-0.006607,0.000570,0.100353,0.000000,0.000000,0.000000,1.000000,0.000000,0.000000,0.000000,0.000000,0.000000,0.000000,0.264870,0.000000,0.000000,0.000000,0.000000,0.000000,0.000000
56174.371324,-1,-0.006607,0.000570,0.100353,0.000000,0.000000,0.000000,1.000000,0.000000,0.000000,0.000000,0.000000,0.000000,0.000000,0.264870,0.000000,0.000000,0.000000,0.000000,0.000000,0.000000
56174.421313,-1,-0.006607,0.000570,0.100353,0.000000,0.000000,0.000000,1.000000,0.000000,0.000000,0.000000,0.000000,0.000000,0.000000,0.264870,0.000000,0.000000,0.000000,0.000000,0.000000,0.000000
56174.471347,-1,-0.006607,0.000570,0.100353,0.000000,0.000000,0.000000,1.000000,0.000000,0.000000,0.000000,0.000000,0.000000,0.000000,0.264870,0.000000,0.000000,0.000000,0.000000,0.000000,0.000000
56174.521331,-1,-0.006607,0.000570,0.100353,0.000000,0.000000,0.000000,1.000000,0.000000,0.000000,0.000000,0.000000,0.000000,0.000000,0.264870,0.000000,0.000000,0.000000,0.000000,0.000000,0.000000
56174.571349,-1,-0.006607,0.000570,0.100353,0.000000,0.000000,0.000000,1.000000,0.000000,0.000000,0.000000,0.000000,0.000000,0.000000,0.264870,0.000000,0.000000,0.000000,0.000000,0.000000,0.000000
56174.621314,-1,-0.006607,0.000570,0.100353,0.000000,0.000000,0.000000,1.000000,0.000000,0.000000,0.000000,0.000000,0.000000,0.000000,0.264870,0.000000,0.000000,0.000000,0.000000,0.000000,0.000000
56174.671330,-1,-0.006607,0.000570,0.100353,0.000000,0.000000,0.000000,1.000000,0.000000,0.000000,0.000000,0.000000,0.000000,0.000000,0.264870,0.000000,0.000000,0.000000,0.000000,0.000000,0.000000
56174.721311,-1,-0.006607,0.000570,0.100353,0.000000,0.000000,0.000000,1.000000,0.000000,0.000000,0.000000,0.000000,0.000000,0.000000,0.264870,0.000000,0.000000,0.000000,0.000000,0.000000,0.000000
56174.771319,-1,-0.006607,0.000570,0.100353,0.000000,0.000000,0.000000,1.000000,0.000000,0.000000,0.000000,0.000000,0.000000,0.000000,0.264870,0.000000,0.000000,0.000000,0.000000,0.000000,0.000000
56174.821302,-1,-0.006607,0.000570,0.100353,0.000000,0.000000,0.000000,1.000000,0.000000,0.000000,0.000000,0.000000,0.000000,0.000000,0.264870,0.000000,0.000000,0.000000,0.000000,0.000000,0.000000
56174.871309,-1,-0.006607,0.000570,0.100353,0.000000,0.000000,0.000000,1.000000,0.000000,0.000000,0.000000,0.000000,0.000000,0.000000,0.264870,0.000000,0.000000,0.000000,0.000000,0.000000,0.000000
56174.921324,-1,-0.006607,0.000570,0.100353,0.000000,0.000000,0.000000,1.000000,0.000000,0.000000,0.000000,0.000000,0.000000,0.000000,0.264870,0.000000,0.000000,0.000000,0.000000,0.000000,0.000000
56174.971329,-1,-0.006607,0.000570,0.100353,0.000000,0.000000,0.000000,1.000000,0.000000,0.000000,0.000000,0.000000,0.000000,0.000000,0.264870,0.000000,0.000000,0.000000,0.000000,0.000000,0.000000
56175.021314,-1,-0.006607,0.000570,0.100353,0.000000,0.000000,0.000000,1.000000,0.000000,0.000000,0.000000,0.000000,0.000000,0.000000,0.264870,0.000000,0.000000,0.000000,0.000000,0.000000,0.000000
56175.071327,-1,-0.006607,0.000570,0.100353,0.000000,0.000000,0.000000,1.000000,0.000000,0.000000,0.000000,0.000000,0.000000,0.000000,0.264870,0.000000,0.000000,0.000000,0.000000,0.000000,0.000000
56175.121303,-1,-0.006607,0.000570,0.100353,0.000000,0.000000,0.000000,1.000000,0.000000,0.000000,0.000000,0.000000,0.000000,0.000000,0.264870,0.000000,0.000000,0.000000,0.000000,0.000000,0.000000
56175.171326,-1,-0.006607,0.000570,0.100353,0.000000,0.000000,0.000000,1.000000,0.000000,0.000000,0.000000,0.000000,0.000000,0.000000,0.264870,0.000000,0.000000,0.000000,0.000000,0.000000,0.000000
56175.221321,-1,-0.006607,0.000570,0.100353,0.000000,0.000000,0.000000,1.000000,0.000000,0.000000,0.000000,0.000000,0.000000,0.000000,0.264870,0.000000,0.000000,0.000000,0.000000,0.000000,0.000000
56175.271317,-1,-0.006607,0.000570,0.100353,0.000000,0.000000,0.000000,1.000000,0.000000,0.000000,0.000000,0.000000,0.000000,0.000000,0.264870,0.000000,0.000000,0.000000,0.000000,0.000000,0.000000
56175.321313,-1,-0.006607,0.000570,0.100353,0.000000,0.000000,0.000000,1.000000,0.000000,0.000000,0.000000,0.000000,0.000000,0.000000,0.264870,0.000000,0.000000,0.000000,0.000000,0.000000,0.000000
56175.371313,-1,-0.006607,0.000570,0.100353,0.000000,0.000000,0.000000,1.000000,0.000000,0.000000,0.000000,0.000000,0.000000,0.000000,0.264870,0.000000,0.000000,0.000000,0.000000,0.000000,0.000000
56175.421305,-1,-0.006607,0.000570,0.100353,0.000000,0.000000,0.000000,1.000000,0.000000,0.000000,0.000000,0.000000,0.000000,0.000000,0.264870,0.000000,0.000000,0.000000,0.000000,0.000000,0.000000
56175.471330,-1,-0.006607,0.000570,0.100353,0.000000,0.000000,0.000000,1.000000,0.000000,0.000000,0.000000,0.000000,0.000000,0.000000,0.264870,0.000000,0.000000,0.000000,0.000000,0.000000,0.000000
56175.521308,-1,-0.006607,0.000570,0.100353,0.000000,0.000000,0.000000,1.000000,0.000000,0.000000,0.000000,0.000000,0.000000,0.000000,0.264870,0.000000,0.000000,0.000000,0.000000,0.000000,0.000000
56175.571315,-1,-0.006607,0.000570,0.100353,0.000000,0.000000,0.000000,1.000000,0.000000,0.000000,0.000000,0.000000,0.000000,0.000000,0.264870,0.000000,0.000000,0.000000,0.000000,0.000000,0.000000
56175.621310,-1,-0.006607,0.000570,0.100353,0.000000,0.000000,0.000000,1.000000,0.000000,0.000000,0.000000,0.000000,0.000000,0.000000,0.264870,0.000000,0.000000,0.000000,0.000000,0.000000,0.000000
56175.671304,-1,-0.006607,0.000570,0.100353,0.000000,0.000000,0.000000,1.000000,0.000000,0.000000,0.000000,0.000000,0.000000,0.000000,0.264870,0.000000,0.000000,0.000000,0.000000,0.000000,0.000000
56175.721313,-1,-0.006607,0.000570,0.100353,0.000000,0.000000,0.000000,1.000000,0.000000,0.000000,0.000000,0.000000,0.000000,0.000000,0.264870,0.000000,0.000000,0.000000,0.000000,0.000000,0.000000
56175.771313,-1,-0.006607,0.000570,0.100353,0.000000,0.000000,0.000000,1.000000,0.000000,0.000000,0.000000,0.000000,0.000000,0.000000,0.264870,0.000000,0.000000,0.000000,0.000000,0.000000,0.000000
56175.821309,-1,-0.006607,0.000570,0.100353,0.000000,0.000000,0.000000,1.000000,0.000000,0.000000,0.000000,0.000000,0.000000,0.000000,0.264870,0.000000,0.000000,0.000000,0.000000,0.000000,0.000000
56175.871309,-1,-0.006607,0.000570,0.100353,0.000000,0.000000,0.000000,1.000000,0.000000,0.000000,0.000000,0.000000,0.000000,0.000000,0.264870,0.000000,0.000000,0.000000,0.000000,0.000000,0.000000
56175.921303,-1,-0.006607,0.000570,0.100353,0.000000,0.000000,0.000000,1.000000,0.000000,0.000000,0.000000,0.000000,0.000000,0.000000,0.264870,0.000000,0.000000,0.000000,0.000000,0.000000,0.000000
56175.971292,-1,-0.006607,0.000570,0.100353,0.000000,0.000000,0.000000,1.000000,0.000000,0.000000,0.000000,0.000000,0.000000,0.000000,0.264870,0.000000,0.000000,0.000000,0.000000,0.000000,0.000000
56176.021310,-1,-0.006607,0.000570,0.100353,0.000000,0.000000,0.000000,1.000000,0.000000,0.000000,0.000000,0.000000,0.000000,0.000000,0.264870,0.000000,0.000000,0.000000,0.000000,0.000000,0.000000
56176.071307,-1,-0.006607,0.000570,0.100353,0.000000,0.000000,0.000000,1.000000,0.000000,0.000000,0.000000,0.000000,0.000000,0.000000,0.264870,0.000000,0.000000,0.000000,0.000000,0.000000,0.000000
56176.121306,-1,-0.006607,0.000570,0.100353,0.000000,0.000000,0.000000,1.000000,0.000000,0.000000,0.000000,0.000000,0.000000,0.000000,0.264870,0.000000,0.000000,0.000000,0.000000,0.000000,0.000000
56176.171295,-1,-0.006607,0.000570,0.100353,0.000000,0.000000,0.000000,1.000000,0.000000,0.000000,0.000000,0.000000,0.000000,0.000000,0.264870,0.000000,0.000000,0.000000,0.000000,0.000000,0.000000
56176.221308,-1,-0.006607,0.000570,0.100353,0.000000,0.000000,0.000000,1.000000,0.000000,0.000000,0.000000,0.000000,0.000000,0.000000,0.264870,0.000000,0.000000,0.000000,0.000000,0.000000,0.000000
56176.271358,-1,-0.006607,0.000570,0.100353,0.000000,0.000000,0.000000,1.000000,0.000000,0.000000,0.000000,0.000000,0.000000,0.000000,0.264870,0.000000,0.000000,0.000000,0.000000,0.000000,0.000000
56176.321307,-1,-0.006607,0.000570,0.100353,0.000000,0.000000,0.000000,1.000000,0.000000,0.000000,0.000000,0.000000,0.000000,0.000000,0.264870,0.000000,0.000000,0.000000,0.000000,0.000000,0.000000
56176.371305,-1,-0.006607,0.000570,0.100353,0.000000,0.000000,0.000000,1.000000,0.000000,0.000000,0.000000,0.000000,0.000000,0.000000,0.264870,0.000000,0.000000,0.000000,0.000000,0.000000,0.000000
56176.421312,-1,-0.006607,0.000570,0.100353,0.000000,0.000000,0.000000,1.000000,0.000000,0.000000,0.000000,0.000000,0.000000,0.000000,0.264870,0.000000,0.000000,0.000000,0.000000,0.000000,0.000000
56176.471311,-1,-0.006607,0.000570,0.100353,0.000000,0.000000,0.000000,1.000000,0.000000,0.000000,0.000000,0.000000,0.000000,0.000000,0.264870,0.000000,0.000000,0.000000,0.000000,0.000000,0.000000
56176.521318,-1,-0.006607,0.000570,0.100353,0.000000,0.000000,0.000000,1.000000,0.000000,0.000000,0.000000,0.000000,0.000000,0.000000,0.264870,0.000000,0.000000,0.000000,0.000000,0.000000,0.000000
56176.571305,-1,-0.006607,0.000570,0.100353,0.000000,0.000000,0.000000,1.000000,0.000000,0.000000,0.000000,0.000000,0.000000,0.000000,0.264870,0.000000,0.000000,0.000000,0.000000,0.000000,0.000000
56176.621297,-1,-0.006607,0.000570,0.100353,0.000000,0.000000,0.000000,1.000000,0.000000,0.000000,0.000000,0.000000,0.000000,0.000000,0.264870,0.000000,0.000000,0.000000,0.000000,0.000000,0.000000
56176.671292,-1,-0.006607,0.000570,0.100353,0.000000,0.000000,0.000000,1.000000,0.000000,0.000000,0.000000,0.000000,0.000000,0.000000,0.264870,0.000000,0.000000,0.000000,0.000000,0.000000,0.000000
56176.721297,-1,-0.006607,0.000570,0.100353,0.000000,0.000000,0.000000,1.000000,0.000000,0.000000,0.000000,0.000000,0.000000,0.000000,0.264870,0.000000,0.000000,0.000000,0.000000,0.000000,0.000000
56176.771301,-1,-0.006607,0.000570,0.100353,0.000000,0.000000,0.000000,1.000000,0.000000,0.000000,0.000000,0.000000,0.000000,0.000000,0.264870,0.000000,0.000000,0.000000,0.000000,0.000000,0.000000
56176.821287,-1,-0.006607,0.000570,0.100353,0.000000,0.000000,0.000000,1.000000,0.000000,0.000000,0.000000,0.000000,0.000000,0.000000,0.264870,0.000000,0.000000,0.000000,0.000000,0.000000,0.000000
56176.871476,-1,-0.006607,0.000570,0.100353,0.000000,0.000000,0.000000,1.000000,0.000000,0.000000,0.000000,0.000000,0.000000,0.000000,0.264870,0.000000,0.000000,0.000000,0.000000,0.000000,0.000000
56176.921283,-1,-0.006607,0.000570,0.100353,0.000000,0.000000,0.000000,1.000000,0.000000,0.000000,0.000000,0.000000,0.000000,0.000000,0.264870,0.000000,0.000000,0.000000,0.000000,0.000000,0.000000
56176.971310,-1,-0.006607,0.000570,0.100353,0.000000,0.000000,0.000000,1.000000,0.000000,0.000000,0.000000,0.000000,0.000000,0.000000,0.264870,0.000000,0.000000,0.000000,0.000000,0.000000,0.000000
56177.021305,-1,-0.006607,0.000570,0.100353,0.000000,0.000000,0.000000,1.000000,0.000000,0.000000,0.000000,0.000000,0.000000,0.000000,0.264870,0.000000,0.000000,0.000000,0.000000,0.000000,0.000000
56177.071393,-1,-0.006607,0.000570,0.100353,0.000000,0.000000,0.000000,1.000000,0.000000,0.000000,0.000000,0.000000,0.000000,0.000000,0.264870,0.000000,0.000000,0.000000,0.000000,0.000000,0.000000
56177.121295,-1,-0.006607,0.000570,0.100353,0.000000,0.000000,0.000000,1.000000,0.000000,0.000000,0.000000,0.000000,0.000000,0.000000,0.264870,0.000000,0.000000,0.000000,0.000000,0.000000,0.000000
56177.171300,-1,-0.006607,0.000570,0.100353,0.000000,0.000000,0.000000,1.000000,0.000000,0.000000,0.000000,0.000000,0.000000,0.000000,0.264870,0.000000,0.000000,0.000000,0.000000,0.000000,0.000000
56177.221493,-1,-0.006607,0.000570,0.100353,0.000000,0.000000,0.000000,1.000000,0.000000,0.000000,0.000000,0.000000,0.000000,0.000000,0.264870,0.000000,0.000000,0.000000,0.000000,0.000000,0.000000
56177.271299,-1,-0.006607,0.000570,0.100353,0.000000,0.000000,0.000000,1.000000,0.000000,0.000000,0.000000,0.000000,0.000000,0.000000,0.264870,0.000000,0.000000,0.000000,0.000000,0.000000,0.000000
56177.321300,-1,-0.006607,0.000570,0.100353,0.000000,0.000000,0.000000,1.000000,0.000000,0.000000,0.000000,0.000000,0.000000,0.000000,0.264870,0.000000,0.000000,0.000000,0.000000,0.000000,0.000000
56177.371337,-1,-0.006607,0.000570,0.100353,0.000000,0.000000,0.000000,1.000000,0.000000,0.000000,0.000000,0.000000,0.000000,0.000000,0.264870,0.000000,0.000000,0.000000,0.000000,0.000000,0.000000
56177.421316,-1,-0.006607,0.000570,0.100353,0.000000,0.000000,0.000000,1.000000,0.000000,0.000000,0.000000,0.000000,0.000000,0.000000,0.264870,0.000000,0.000000,0.000000,0.000000,0.000000,0.000000
56177.471303,-1,-0.006607,0.000570,0.100353,0.000000,0.000000,0.000000,1.000000,0.000000,0.000000,0.000000,0.000000,0.000000,0.000000,0.264870,0.000000,0.000000,0.000000,0.000000,0.000000,0.000000
56177.521545,-1,-0.006607,0.000570,0.100353,0.000000,0.000000,0.000000,1.000000,0.000000,0.000000,0.000000,0.000000,0.000000,0.000000,0.264870,0.000000,0.000000,0.000000,0.000000,0.000000,0.000000
56177.571331,-1,-0.006607,0.000570,0.100353,0.000000,0.000000,0.000000,1.000000,0.000000,0.000000,0.000000,0.000000,0.000000,0.000000,0.264870,0.000000,0.000000,0.000000,0.000000,0.000000,0.000000
56177.621306,-1,-0.006607,0.000570,0.100353,0.000000,0.000000,0.000000,1.000000,0.000000,0.000000,0.000000,0.000000,0.000000,0.000000,0.264870,0.000000,0.000000,0.000000,0.000000,0.000000,0.000000
56177.671357,-1,-0.006607,0.000570,0.100353,0.000000,0.000000,0.000000,1.000000,0.000000,0.000000,0.000000,0.000000,0.000000,0.000000,0.264870,0.000000,0.000000,0.000000,0.000000,0.000000,0.000000
56177.721296,-1,-0.006607,0.000570,0.100353,0.000000,0.000000,0.000000,1.000000,0.000000,0.000000,0.000000,0.000000,0.000000,0.000000,0.264870,0.000000,0.000000,0.000000,0.000000,0.000000,0.000000
56177.771340,-1,-0.006607,0.000570,0.100353,0.000000,0.000000,0.000000,1.000000,0.000000,0.000000,0.000000,0.000000,0.000000,0.000000,0.264870,0.000000,0.000000,0.000000,0.000000,0.000000,0.000000
56177.821280,-1,-0.006607,0.000570,0.100353,0.000000,0.000000,0.000000,1.000000,0.000000,0.000000,0.000000,0.000000,0.000000,0.000000,0.264870,0.000000,0.000000,0.000000,0.000000,0.000000,0.000000
56177.871271,-1,-0.006607,0.000570,0.100353,0.000000,0.000000,0.000000,1.000000,0.000000,0.000000,0.000000,0.000000,0.000000,0.000000,0.264870,0.000000,0.000000,0.000000,0.000000,0.000000,0.000000
56177.921284,-1,-0.006607,0.000570,0.100353,0.000000,0.000000,0.000000,1.000000,0.000000,0.000000,0.000000,0.000000,0.000000,0.000000,0.264870,0.000000,0.000000,0.000000,0.000000,0.000000,0.000000
56177.971443,-1,-0.006607,0.000570,0.100353,0.000000,0.000000,0.000000,1.000000,0.000000,0.000000,0.000000,0.000000,0.000000,0.000000,0.264870,0.000000,0.000000,0.000000,0.000000,0.000000,0.000000
56178.021301,-1,-0.006607,0.000570,0.100353,0.000000,0.000000,0.000000,1.000000,0.000000,0.000000,0.000000,0.000000,0.000000,0.000000,0.264870,0.000000,0.000000,0.000000,0.000000,0.000000,0.000000
56178.071312,-1,-0.006607,0.000570,0.100353,0.000000,0.000000,0.000000,1.000000,0.000000,0.000000,0.000000,0.000000,0.000000,0.000000,0.264870,0.000000,0.000000,0.000000,0.000000,0.000000,0.000000
56178.121306,-1,-0.006607,0.000570,0.100353,0.000000,0.000000,0.000000,1.000000,0.000000,0.000000,0.000000,0.000000,0.000000,0.000000,0.264870,0.000000,0.000000,0.000000,0.000000,0.000000,0.000000
56178.171288,-1,-0.006607,0.000570,0.100353,0.000000,0.000000,0.000000,1.000000,0.000000,0.000000,0.000000,0.000000,0.000000,0.000000,0.264870,0.000000,0.000000,0.000000,0.000000,0.000000,0.000000
56178.221291,-1,-0.006607,0.000570,0.100353,0.000000,0.000000,0.000000,1.000000,0.000000,0.000000,0.000000,0.000000,0.000000,0.000000,0.264870,0.000000,0.000000,0.000000,0.000000,0.000000,0.000000
56178.271329,-1,-0.006607,0.000570,0.100353,0.000000,0.000000,0.000000,1.000000,0.000000,0.000000,0.000000,0.000000,0.000000,0.000000,0.264870,0.000000,0.000000,0.000000,0.000000,0.000000,0.000000
56178.321277,-1,-0.006607,0.000570,0.100353,0.000000,0.000000,0.000000,1.000000,0.000000,0.000000,0.000000,0.000000,0.000000,0.000000,0.264870,0.000000,0.000000,0.000000,0.000000,0.000000,0.000000
56178.371293,-1,-0.006607,0.000570,0.100353,0.000000,0.000000,0.000000,1.000000,0.000000,0.000000,0.000000,0.000000,0.000000,0.000000,0.264870,0.000000,0.000000,0.000000,0.000000,0.000000,0.000000
56178.421297,-1,-0.006607,0.000570,0.100353,0.000000,0.000000,0.000000,1.000000,0.000000,0.000000,0.000000,0.000000,0.000000,0.000000,0.264870,0.000000,0.000000,0.000000,0.000000,0.000000,0.000000
56178.471300,-1,-0.006607,0.000570,0.100353,0.000000,0.000000,0.000000,1.000000,0.000000,0.000000,0.000000,0.000000,0.000000,0.000000,0.264870,0.000000,0.000000,0.000000,0.000000,0.000000,0.000000
56178.521286,-1,-0.006607,0.000570,0.100353,0.000000,0.000000,0.000000,1.000000,0.000000,0.000000,0.000000,0.000000,0.000000,0.000000,0.264870,0.000000,0.000000,0.000000,0.000000,0.000000,0.000000
56178.621293,-1,-0.006086,0.000343,0.092907,0.000000,0.000000,0.000000,1.000000,0.000000,0.000000,0.000000,0.000000,0.000000,0.000000,0.264870,0.000000,0.000000,0.000000,0.000000,0.000000,0.000000
56178.671306,-1,-0.006086,0.000343,0.092907,0.000000,0.000000,0.000000,1.000000,0.000000,0.000000,0.000000,0.000000,0.000000,0.000000,0.264870,0.000000,0.000000,0.000000,0.000000,0.000000,0.000000
56178.721288,-1,-0.006086,0.000343,0.092907,0.000000,0.000000,0.000000,1.000000,0.000000,0.000000,0.000000,0.000000,0.000000,0.000000,0.264870,0.000000,0.000000,0.000000,0.000000,0.000000,0.000000
56178.771288,-1,-0.006086,0.000343,0.092907,0.000000,0.000000,0.000000,1.000000,0.000000,0.000000,0.000000,0.000000,0.000000,0.000000,0.264870,0.000000,0.000000,0.000000,0.000000,0.000000,0.000000
56178.821291,-1,-0.006086,0.000343,0.092907,0.000000,0.000000,0.000000,1.000000,0.000000,0.000000,0.000000,0.000000,0.000000,0.000000,0.264870,0.000000,0.000000,0.000000,0.000000,0.000000,0.000000
56178.871284,-1,-0.006086,0.000343,0.092907,0.000000,0.000000,0.000000,1.000000,0.000000,0.000000,0.000000,0.000000,0.000000,0.000000,0.264870,0.000000,0.000000,0.000000,0.000000,0.000000,0.000000
56178.921340,-1,-0.006086,0.000343,0.092907,0.000000,0.000000,0.000000,1.000000,0.000000,0.000000,0.000000,0.000000,0.000000,0.000000,0.264870,0.000000,0.000000,0.000000,0.000000,0.000000,0.000000
56178.971289,-1,-0.006086,0.000343,0.092907,0.000000,0.000000,0.000000,1.000000,0.000000,0.000000,0.000000,0.000000,0.000000,0.000000,0.264870,0.000000,0.000000,0.000000,0.000000,0.000000,0.000000
56179.021285,-1,-0.006086,0.000343,0.092907,0.000000,0.000000,0.000000,1.000000,0.000000,0.000000,0.000000,0.000000,0.000000,0.000000,0.264870,0.000000,0.000000,0.000000,0.000000,0.000000,0.000000
56179.071300,-1,-0.006086,0.000343,0.092907,0.000000,0.000000,0.000000,1.000000,0.000000,0.000000,0.000000,0.000000,0.000000,0.000000,0.264870,0.000000,0.000000,0.000000,0.000000,0.000000,0.000000
56179.121276,-1,-0.006086,0.000343,0.092907,0.000000,0.000000,0.000000,1.000000,0.000000,0.000000,0.000000,0.000000,0.000000,0.000000,0.264870,0.000000,0.000000,0.000000,0.000000,0.000000,0.000000
56179.171288,-1,-0.006086,0.000343,0.092907,0.000000,0.000000,0.000000,1.000000,0.000000,0.000000,0.000000,0.000000,0.000000,0.000000,0.264870,0.000000,0.000000,0.000000,0.000000,0.000000,0.000000
56179.221281,-1,-0.006086,0.000343,0.092907,0.000000,0.000000,0.000000,1.000000,0.000000,0.000000,0.000000,0.000000,0.000000,0.000000,0.264870,0.000000,0.000000,0.000000,0.000000,0.000000,0.000000
56179.271281,-1,-0.006086,0.000343,0.092907,0.000000,0.000000,0.000000,1.000000,0.000000,0.000000,0.000000,0.000000,0.000000,0.000000,0.264870,0.000000,0.000000,0.000000,0.000000,0.000000,0.000000
56179.321282,-1,-0.006086,0.000343,0.092907,0.000000,0.000000,0.000000,1.000000,0.000000,0.000000,0.000000,0.000000,0.000000,0.000000,0.264870,0.000000,0.000000,0.000000,0.000000,0.000000,0.000000
56179.371272,-1,-0.006086,0.000343,0.092907,0.000000,0.000000,0.000000,1.000000,0.000000,0.000000,0.000000,0.000000,0.000000,0.000000,0.264870,0.000000,0.000000,0.000000,0.000000,0.000000,0.000000
56179.421282,-1,-0.006086,0.000343,0.092907,0.000000,0.000000,0.000000,1.000000,0.000000,0.000000,0.000000,0.000000,0.000000,0.000000,0.264870,0.000000,0.000000,0.000000,0.000000,0.000000,0.000000
56179.471278,-1,-0.006086,0.000343,0.092907,0.000000,0.000000,0.000000,1.000000,0.000000,0.000000,0.000000,0.000000,0.000000,0.000000,0.264870,0.000000,0.000000,0.000000,0.000000,0.000000,0.000000
56179.521262,-1,-0.006086,0.000343,0.092907,0.000000,0.000000,0.000000,1.000000,0.000000,0.000000,0.000000,0.000000,0.000000,0.000000,0.264870,0.000000,0.000000,0.000000,0.000000,0.000000,0.000000
56179.571301,-1,-0.006086,0.000343,0.092907,0.000000,0.000000,0.000000,1.000000,0.000000,0.000000,0.000000,0.000000,0.000000,0.000000,0.264870,0.000000,0.000000,0.000000,0.000000,0.000000,0.000000
56179.621281,-1,-0.006086,0.000343,0.092907,0.000000,0.000000,0.000000,1.000000,0.000000,0.000000,0.000000,0.000000,0.000000,0.000000,0.264870,0.000000,0.000000,0.000000,0.000000,0.000000,0.000000
56179.671282,-1,-0.006086,0.000343,0.092907,0.000000,0.000000,0.000000,1.000000,0.000000,0.000000,0.000000,0.000000,0.000000,0.000000,0.264870,0.000000,0.000000,0.000000,0.000000,0.000000,0.000000
56179.721281,-1,-0.006086,0.000343,0.092907,0.000000,0.000000,0.000000,1.000000,0.000000,0.000000,0.000000,0.000000,0.000000,0.000000,0.264870,0.000000,0.000000,0.000000,0.000000,0.000000,0.000000
56179.771281,-1,-0.006086,0.000343,0.092907,0.000000,0.000000,0.000000,1.000000,0.000000,0.000000,0.000000,0.000000,0.000000,0.000000,0.264870,0.000000,0.000000,0.000000,0.000000,0.000000,0.000000
56179.821277,-1,-0.006086,0.000343,0.092907,0.000000,0.000000,0.000000,1.000000,0.000000,0.000000,0.000000,0.000000,0.000000,0.000000,0.264870,0.000000,0.000000,0.000000,0.000000,0.000000,0.000000
56179.871272,-1,-0.006086,0.000343,0.092907,0.000000,0.000000,0.000000,1.000000,0.000000,0.000000,0.000000,0.000000,0.000000,0.000000,0.264870,0.000000,0.000000,0.000000,0.000000,0.000000,0.000000
56179.921278,-1,-0.006086,0.000343,0.092907,0.000000,0.000000,0.000000,1.000000,0.000000,0.000000,0.000000,0.000000,0.000000,0.000000,0.264870,0.000000,0.000000,0.000000,0.000000,0.000000,0.000000
56179.971275,-1,-0.006086,0.000343,0.092907,0.000000,0.000000,0.000000,1.000000,0.000000,0.000000,0.000000,0.000000,0.000000,0.000000,0.264870,0.000000,0.000000,0.000000,0.000000,0.000000,0.000000
56180.021286,-1,-0.006086,0.000343,0.092907,0.000000,0.000000,0.000000,1.000000,0.000000,0.000000,0.000000,0.000000,0.000000,0.000000,0.264870,0.000000,0.000000,0.000000,0.000000,0.000000,0.000000
56180.071280,-1,-0.006086,0.000343,0.092907,0.000000,0.000000,0.000000,1.000000,0.000000,0.000000,0.000000,0.000000,0.000000,0.000000,0.264870,0.000000,0.000000,0.000000,0.000000,0.000000,0.000000
56180.121283,-1,-0.006086,0.000343,0.092907,0.000000,0.000000,0.000000,1.000000,0.000000,0.000000,0.000000,0.000000,0.000000,0.000000,0.264870,0.000000,0.000000,0.000000,0.000000,0.000000,0.000000
56180.171279,-1,-0.006086,0.000343,0.092907,0.000000,0.000000,0.000000,1.000000,0.000000,0.000000,0.000000,0.000000,0.000000,0.000000,0.264870,0.000000,0.000000,0.000000,0.000000,0.000000,0.000000
56180.221280,-1,-0.006086,0.000343,0.092907,0.000000,0.000000,0.000000,1.000000,0.000000,0.000000,0.000000,0.000000,0.000000,0.000000,0.264870,0.000000,0.000000,0.000000,0.000000,0.000000,0.000000
56180.271278,-1,-0.006086,0.000343,0.092907,0.000000,0.000000,0.000000,1.000000,0.000000,0.000000,0.000000,0.000000,0.000000,0.000000,0.264870,0.000000,0.000000,0.000000,0.000000,0.000000,0.000000
56180.321266,-1,-0.006086,0.000343,0.092907,0.000000,0.000000,0.000000,1.000000,0.000000,0.000000,0.000000,0.000000,0.000000,0.000000,0.264870,0.000000,0.000000,0.000000,0.000000,0.000000,0.000000
56180.371278,-1,-0.006086,0.000343,0.092907,0.000000,0.000000,0.000000,1.000000,0.000000,0.000000,0.000000,0.000000,0.000000,0.000000,0.264870,0.000000,0.000000,0.000000,0.000000,0.000000,0.000000
56180.421284,-1,-0.006086,0.000343,0.092907,0.000000,0.000000,0.000000,1.000000,0.000000,0.000000,0.000000,0.000000,0.000000,0.000000,0.264870,0.000000,0.000000,0.000000,0.000000,0.000000,0.000000
56180.471273,-1,-0.006086,0.000343,0.092907,0.000000,0.000000,0.000000,1.000000,0.000000,0.000000,0.000000,0.000000,0.000000,0.000000,0.264870,0.000000,0.000000,0.000000,0.000000,0.000000,0.000000
56180.521280,-1,-0.006086,0.000343,0.092907,0.000000,0.000000,0.000000,1.000000,0.000000,0.000000,0.000000,0.000000,0.000000,0.000000,0.264870,0.000000,0.000000,0.000000,0.000000,0.000000,0.000000
56180.571285,-1,-0.006086,0.000343,0.092907,0.000000,0.000000,0.000000,1.000000,0.000000,0.000000,0.000000,0.000000,0.000000,0.000000,0.264870,0.000000,0.000000,0.000000,0.000000,0.000000,0.000000
56180.621308,-1,-0.006086,0.000343,0.092907,0.000000,0.000000,0.000000,1.000000,0.000000,0.000000,0.000000,0.000000,0.000000,0.000000,0.264870,0.000000,0.000000,0.000000,0.000000,0.000000,0.000000
56180.671279,-1,-0.006086,0.000343,0.092907,0.000000,0.000000,0.000000,1.000000,0.000000,0.000000,0.000000,0.000000,0.000000,0.000000,0.264870,0.000000,0.000000,0.000000,0.000000,0.000000,0.000000
56180.721274,-1,-0.006086,0.000343,0.092907,0.000000,0.000000,0.000000,1.000000,0.000000,0.000000,0.000000,0.000000,0.000000,0.000000,0.264870,0.000000,0.000000,0.000000,0.000000,0.000000,0.000000
56180.771266,-1,-0.006086,0.000343,0.092907,0.000000,0.000000,0.000000,1.000000,0.000000,0.000000,0.000000,0.000000,0.000000,0.000000,0.264870,0.000000,0.000000,0.000000,0.000000,0.000000,0.000000
56180.821268,-1,-0.006086,0.000343,0.092907,0.000000,0.000000,0.000000,1.000000,0.000000,0.000000,0.000000,0.000000,0.000000,0.000000,0.264870,0.000000,0.000000,0.000000,0.000000,0.000000,0.000000
56180.871293,-1,-0.006086,0.000343,0.092907,0.000000,0.000000,0.000000,1.000000,0.000000,0.000000,0.000000,0.000000,0.000000,0.000000,0.264870,0.000000,0.000000,0.000000,0.000000,0.000000,0.000000
56180.921268,-1,-0.006086,0.000343,0.092907,0.000000,0.000000,0.000000,1.000000,0.000000,0.000000,0.000000,0.000000,0.000000,0.000000,0.264870,0.000000,0.000000,0.000000,0.000000,0.000000,0.000000
56180.971277,-1,-0.006086,0.000343,0.092907,0.000000,0.000000,0.000000,1.000000,0.000000,0.000000,0.000000,0.000000,0.000000,0.000000,0.264870,0.000000,0.000000,0.000000,0.000000,0.000000,0.000000
56181.021287,-1,-0.006086,0.000343,0.092907,0.000000,0.000000,0.000000,1.000000,0.000000,0.000000,0.000000,0.000000,0.000000,0.000000,0.264870,0.000000,0.000000,0.000000,0.000000,0.000000,0.000000
56181.071268,-1,-0.006086,0.000343,0.092907,0.000000,0.000000,0.000000,1.000000,0.000000,0.000000,0.000000,0.000000,0.000000,0.000000,0.264870,0.000000,0.000000,0.000000,0.000000,0.000000,0.000000
56181.121272,-1,-0.006086,0.000343,0.092907,0.000000,0.000000,0.000000,1.000000,0.000000,0.000000,0.000000,0.000000,0.000000,0.000000,0.264870,0.000000,0.000000,0.000000,0.000000,0.000000,0.000000
56181.171326,-1,-0.006086,0.000343,0.092907,0.000000,0.000000,0.000000,1.000000,0.000000,0.000000,0.000000,0.000000,0.000000,0.000000,0.264870,0.000000,0.000000,0.000000,0.000000,0.000000,0.000000
56181.221278,-1,-0.006086,0.000343,0.092907,0.000000,0.000000,0.000000,1.000000,0.000000,0.000000,0.000000,0.000000,0.000000,0.000000,0.264870,0.000000,0.000000,0.000000,0.000000,0.000000,0.000000
56181.271272,-1,-0.006086,0.000343,0.092907,0.000000,0.000000,0.000000,1.000000,0.000000,0.000000,0.000000,0.000000,0.000000,0.000000,0.264870,0.000000,0.000000,0.000000,0.000000,0.000000,0.000000
56181.321272,-1,-0.006086,0.000343,0.092907,0.000000,0.000000,0.000000,1.000000,0.000000,0.000000,0.000000,0.000000,0.000000,0.000000,0.264870,0.000000,0.000000,0.000000,0.000000,0.000000,0.000000
56181.371270,-1,-0.006086,0.000343,0.092907,0.000000,0.000000,0.000000,1.000000,0.000000,0.000000,0.000000,0.000000,0.000000,0.000000,0.264870,0.000000,0.000000,0.000000,0.000000,0.000000,0.000000
56181.421273,-1,-0.006086,0.000343,0.092907,0.000000,0.000000,0.000000,1.000000,0.000000,0.000000,0.000000,0.000000,0.000000,0.000000,0.264870,0.000000,0.000000,0.000000,0.000000,0.000000,0.000000
56181.471280,-1,-0.006086,0.000343,0.092907,0.000000,0.000000,0.000000,1.000000,0.000000,0.000000,0.000000,0.000000,0.000000,0.000000,0.264870,0.000000,0.000000,0.000000,0.000000,0.000000,0.000000
56181.521267,-1,-0.006086,0.000343,0.092907,0.000000,0.000000,0.000000,1.000000,0.000000,0.000000,0.000000,0.000000,0.000000,0.000000,0.264870,0.000000,0.000000,0.000000,0.000000,0.000000,0.000000
56181.571267,-1,-0.006086,0.000343,0.092907,0.000000,0.000000,0.000000,1.000000,0.000000,0.000000,0.000000,0.000000,0.000000,0.000000,0.264870,0.000000,0.000000,0.000000,0.000000,0.000000,0.000000
56181.621259,-1,-0.006086,0.000343,0.092907,0.000000,0.000000,0.000000,1.000000,0.000000,0.000000,0.000000,0.000000,0.000000,0.000000,0.264870,0.000000,0.000000,0.000000,0.000000,0.000000,0.000000
56181.671268,-1,-0.006086,0.000343,0.092907,0.000000,0.000000,0.000000,1.000000,0.000000,0.000000,0.000000,0.000000,0.000000,0.000000,0.264870,0.000000,0.000000,0.000000,0.000000,0.000000,0.000000
56181.721268,-1,-0.006086,0.000343,0.092907,0.000000,0.000000,0.000000,1.000000,0.000000,0.000000,0.000000,0.000000,0.000000,0.000000,0.264870,0.000000,0.000000,0.000000,0.000000,0.000000,0.000000
56181.771263,-1,-0.006086,0.000343,0.092907,0.000000,0.000000,0.000000,1.000000,0.000000,0.000000,0.000000,0.000000,0.000000,0.000000,0.264870,0.000000,0.000000,0.000000,0.000000,0.000000,0.000000
56181.821271,-1,-0.006086,0.000343,0.092907,0.000000,0.000000,0.000000,1.000000,0.000000,0.000000,0.000000,0.000000,0.000000,0.000000,0.264870,0.000000,0.000000,0.000000,0.000000,0.000000,0.000000
56181.871268,-1,-0.006086,0.000343,0.092907,0.000000,0.000000,0.000000,1.000000,0.000000,0.000000,0.000000,0.000000,0.000000,0.000000,0.264870,0.000000,0.000000,0.000000,0.000000,0.000000,0.000000
56181.921264,-1,-0.006086,0.000343,0.092907,0.000000,0.000000,0.000000,1.000000,0.000000,0.000000,0.000000,0.000000,0.000000,0.000000,0.264870,0.000000,0.000000,0.000000,0.000000,0.000000,0.000000
56181.971269,-1,-0.006086,0.000343,0.092907,0.000000,0.000000,0.000000,1.000000,0.000000,0.000000,0.000000,0.000000,0.000000,0.000000,0.264870,0.000000,0.000000,0.000000,0.000000,0.000000,0.000000
56182.021265,-1,-0.006086,0.000343,0.092907,0.000000,0.000000,0.000000,1.000000,0.000000,0.000000,0.000000,0.000000,0.000000,0.000000,0.264870,0.000000,0.000000,0.000000,0.000000,0.000000,0.000000
56182.071267,-1,-0.006086,0.000343,0.092907,0.000000,0.000000,0.000000,1.000000,0.000000,0.000000,0.000000,0.000000,0.000000,0.000000,0.264870,0.000000,0.000000,0.000000,0.000000,0.000000,0.000000
56182.121266,-1,-0.006086,0.000343,0.092907,0.000000,0.000000,0.000000,1.000000,0.000000,0.000000,0.000000,0.000000,0.000000,0.000000,0.264870,0.000000,0.000000,0.000000,0.000000,0.000000,0.000000
56182.171255,-1,-0.006086,0.000343,0.092907,0.000000,0.000000,0.000000,1.000000,0.000000,0.000000,0.000000,0.000000,0.000000,0.000000,0.264870,0.000000,0.000000,0.000000,0.000000,0.000000,0.000000
56182.221272,-1,-0.006086,0.000343,0.092907,0.000000,0.000000,0.000000,1.000000,0.000000,0.000000,0.000000,0.000000,0.000000,0.000000,0.264870,0.000000,0.000000,0.000000,0.000000,0.000000,0.000000
56182.271247,-1,-0.006086,0.000343,0.092907,0.000000,0.000000,0.000000,1.000000,0.000000,0.000000,0.000000,0.000000,0.000000,0.000000,0.264870,0.000000,0.000000,0.000000,0.000000,0.000000,0.000000
56182.321268,-1,-0.006086,0.000343,0.092907,0.000000,0.000000,0.000000,1.000000,0.000000,0.000000,0.000000,0.000000,0.000000,0.000000,0.264870,0.000000,0.000000,0.000000,0.000000,0.000000,0.000000
56182.371267,-1,-0.006086,0.000343,0.092907,0.000000,0.000000,0.000000,1.000000,0.000000,0.000000,0.000000,0.000000,0.000000,0.000000,0.264870,0.000000,0.000000,0.000000,0.000000,0.000000,0.000000
56182.421272,-1,-0.006086,0.000343,0.092907,0.000000,0.000000,0.000000,1.000000,0.000000,0.000000,0.000000,0.000000,0.000000,0.000000,0.264870,0.000000,0.000000,0.000000,0.000000,0.000000,0.000000
56182.471267,-1,-0.006086,0.000343,0.092907,0.000000,0.000000,0.000000,1.000000,0.000000,0.000000,0.000000,0.000000,0.000000,0.000000,0.264870,0.000000,0.000000,0.000000,0.000000,0.000000,0.000000
56182.521263,-1,-0.006086,0.000343,0.092907,0.000000,0.000000,0.000000,1.000000,0.000000,0.000000,0.000000,0.000000,0.000000,0.000000,0.264870,0.000000,0.000000,0.000000,0.000000,0.000000,0.000000
56182.571281,-1,-0.006086,0.000343,0.092907,0.000000,0.000000,0.000000,1.000000,0.000000,0.000000,0.000000,0.000000,0.000000,0.000000,0.264870,0.000000,0.000000,0.000000,0.000000,0.000000,0.000000
56182.621261,-1,-0.006086,0.000343,0.092907,0.000000,0.000000,0.000000,1.000000,0.000000,0.000000,0.000000,0.000000,0.000000,0.000000,0.264870,0.000000,0.000000,0.000000,0.000000,0.000000,0.000000
56182.671264,-1,-0.006086,0.000343,0.092907,0.000000,0.000000,0.000000,1.000000,0.000000,0.000000,0.000000,0.000000,0.000000,0.000000,0.264870,0.000000,0.000000,0.000000,0.000000,0.000000,0.000000
56182.721262,-1,-0.006086,0.000343,0.092907,0.000000,0.000000,0.000000,1.000000,0.000000,0.000000,0.000000,0.000000,0.000000,0.000000,0.264870,0.000000,0.000000,0.000000,0.000000,0.000000,0.000000
56182.771300,-1,-0.006086,0.000343,0.092907,0.000000,0.000000,0.000000,1.000000,0.000000,0.000000,0.000000,0.000000,0.000000,0.000000,0.264870,0.000000,0.000000,0.000000,0.000000,0.000000,0.000000
56182.821249,-1,-0.006086,0.000343,0.092907,0.000000,0.000000,0.000000,1.000000,0.000000,0.000000,0.000000,0.000000,0.000000,0.000000,0.264870,0.000000,0.000000,0.000000,0.000000,0.000000,0.000000
56182.871335,-1,-0.006086,0.000343,0.092907,0.000000,0.000000,0.000000,1.000000,0.000000,0.000000,0.000000,0.000000,0.000000,0.000000,0.264870,0.000000,0.000000,0.000000,0.000000,0.000000,0.000000
56182.921265,-1,-0.006086,0.000343,0.092907,0.000000,0.000000,0.000000,1.000000,0.000000,0.000000,0.000000,0.000000,0.000000,0.000000,0.264870,0.000000,0.000000,0.000000,0.000000,0.000000,0.000000
56182.971270,-1,-0.006086,0.000343,0.092907,0.000000,0.000000,0.000000,1.000000,0.000000,0.000000,0.000000,0.000000,0.000000,0.000000,0.264870,0.000000,0.000000,0.000000,0.000000,0.000000,0.000000
56183.021253,-1,-0.006086,0.000343,0.092907,0.000000,0.000000,0.000000,1.000000,0.000000,0.000000,0.000000,0.000000,0.000000,0.000000,0.264870,0.000000,0.000000,0.000000,0.000000,0.000000,0.000000
56183.071267,-1,-0.006086,0.000343,0.092907,0.000000,0.000000,0.000000,1.000000,0.000000,0.000000,0.000000,0.000000,0.000000,0.000000,0.264870,0.000000,0.000000,0.000000,0.000000,0.000000,0.000000
56183.121264,-1,-0.006086,0.000343,0.092907,0.000000,0.000000,0.000000,1.000000,0.000000,0.000000,0.000000,0.000000,0.000000,0.000000,0.264870,0.000000,0.000000,0.000000,0.000000,0.000000,0.000000
56183.171258,-1,-0.006086,0.000343,0.092907,0.000000,0.000000,0.000000,1.000000,0.000000,0.000000,0.000000,0.000000,0.000000,0.000000,0.264870,0.000000,0.000000,0.000000,0.000000,0.000000,0.000000
56183.221262,-1,-0.006086,0.000343,0.092907,0.000000,0.000000,0.000000,1.000000,0.000000,0.000000,0.000000,0.000000,0.000000,0.000000,0.264870,0.000000,0.000000,0.000000,0.000000,0.000000,0.000000
56183.271260,-1,-0.006086,0.000343,0.092907,0.000000,0.000000,0.000000,1.000000,0.000000,0.000000,0.000000,0.000000,0.000000,0.000000,0.264870,0.000000,0.000000,0.000000,0.000000,0.000000,0.000000
56183.321261,-1,-0.006086,0.000343,0.092907,0.000000,0.000000,0.000000,1.000000,0.000000,0.000000,0.000000,0.000000,0.000000,0.000000,0.264870,0.000000,0.000000,0.000000,0.000000,0.000000,0.000000
56183.371262,-1,-0.006086,0.000343,0.092907,0.000000,0.000000,0.000000,1.000000,0.000000,0.000000,0.000000,0.000000,0.000000,0.000000,0.264870,0.000000,0.000000,0.000000,0.000000,0.000000,0.000000
56183.421257,-1,-0.006086,0.000343,0.092907,0.000000,0.000000,0.000000,1.000000,0.000000,0.000000,0.000000,0.000000,0.000000,0.000000,0.264870,0.000000,0.000000,0.000000,0.000000,0.000000,0.000000
56183.471265,-1,-0.006086,0.000343,0.092907,0.000000,0.000000,0.000000,1.000000,0.000000,0.000000,0.000000,0.000000,0.000000,0.000000,0.264870,0.000000,0.000000,0.000000,0.000000,0.000000,0.000000
56183.521256,-1,-0.006086,0.000343,0.092907,0.000000,0.000000,0.000000,1.000000,0.000000,0.000000,0.000000,0.000000,0.000000,0.000000,0.264870,0.000000,0.000000,0.000000,0.000000,0.000000,0.000000
56183.571264,-1,-0.006086,0.000343,0.092907,0.000000,0.000000,0.000000,1.000000,0.000000,0.000000,0.000000,0.000000,0.000000,0.000000,0.264870,0.000000,0.000000,0.000000,0.000000,0.000000,0.000000
56183.621263,-1,-0.006086,0.000343,0.092907,0.000000,0.000000,0.000000,1.000000,0.000000,0.000000,0.000000,0.000000,0.000000,0.000000,0.264870,0.000000,0.000000,0.000000,0.000000,0.000000,0.000000
56183.671260,-1,-0.006086,0.000343,0.092907,0.000000,0.000000,0.000000,1.000000,0.000000,0.000000,0.000000,0.000000,0.000000,0.000000,0.264870,0.000000,0.000000,0.000000,0.000000,0.000000,0.000000
56183.721238,-1,-0.006086,0.000343,0.092907,0.000000,0.000000,0.000000,1.000000,0.000000,0.000000,0.000000,0.000000,0.000000,0.000000,0.264870,0.000000,0.000000,0.000000,0.000000,0.000000,0.000000
56183.771252,-1,-0.006086,0.000343,0.092907,0.000000,0.000000,0.000000,1.000000,0.000000,0.000000,0.000000,0.000000,0.000000,0.000000,0.264870,0.000000,0.000000,0.000000,0.000000,0.000000,0.000000
56183.821259,-1,-0.006086,0.000343,0.092907,0.000000,0.000000,0.000000,1.000000,0.000000,0.000000,0.000000,0.000000,0.000000,0.000000,0.264870,0.000000,0.000000,0.000000,0.000000,0.000000,0.000000
56183.871242,-1,-0.006086,0.000343,0.092907,0.000000,0.000000,0.000000,1.000000,0.000000,0.000000,0.000000,0.000000,0.000000,0.000000,0.264870,0.000000,0.000000,0.000000,0.000000,0.000000,0.000000
56183.921296,-1,-0.006086,0.000343,0.092907,0.000000,0.000000,0.000000,1.000000,0.000000,0.000000,0.000000,0.000000,0.000000,0.000000,0.264870,0.000000,0.000000,0.000000,0.000000,0.000000,0.000000
56183.971253,-1,-0.006086,0.000343,0.092907,0.000000,0.000000,0.000000,1.000000,0.000000,0.000000,0.000000,0.000000,0.000000,0.000000,0.264870,0.000000,0.000000,0.000000,0.000000,0.000000,0.000000
56184.021237,-1,-0.006086,0.000343,0.092907,0.000000,0.000000,0.000000,1.000000,0.000000,0.000000,0.000000,0.000000,0.000000,0.000000,0.264870,0.000000,0.000000,0.000000,0.000000,0.000000,0.000000
56184.071235,-1,-0.006086,0.000343,0.092907,0.000000,0.000000,0.000000,1.000000,0.000000,0.000000,0.000000,0.000000,0.000000,0.000000,0.264870,0.000000,0.000000,0.000000,0.000000,0.000000,0.000000
56184.121235,-1,-0.006086,0.000343,0.092907,0.000000,0.000000,0.000000,1.000000,0.000000,0.000000,0.000000,0.000000,0.000000,0.000000,0.264870,0.000000,0.000000,0.000000,0.000000,0.000000,0.000000
56184.171272,-1,-0.006086,0.000343,0.092907,0.000000,0.000000,0.000000,1.000000,0.000000,0.000000,0.000000,0.000000,0.000000,0.000000,0.264870,0.000000,0.000000,0.000000,0.000000,0.000000,0.000000
56184.221253,-1,-0.006086,0.000343,0.092907,0.000000,0.000000,0.000000,1.000000,0.000000,0.000000,0.000000,0.000000,0.000000,0.000000,0.264870,0.000000,0.000000,0.000000,0.000000,0.000000,0.000000
56184.271252,-1,-0.006086,0.000343,0.092907,0.000000,0.000000,0.000000,1.000000,0.000000,0.000000,0.000000,0.000000,0.000000,0.000000,0.264870,0.000000,0.000000,0.000000,0.000000,0.000000,0.000000
56184.321255,-1,-0.006086,0.000343,0.092907,0.000000,0.000000,0.000000,1.000000,0.000000,0.000000,0.000000,0.000000,0.000000,0.000000,0.264870,0.000000,0.000000,0.000000,0.000000,0.000000,0.000000
56184.371262,-1,-0.006086,0.000343,0.092907,0.000000,0.000000,0.000000,1.000000,0.000000,0.000000,0.000000,0.000000,0.000000,0.000000,0.264870,0.000000,0.000000,0.000000,0.000000,0.000000,0.000000
56184.421263,-1,-0.006086,0.000343,0.092907,0.000000,0.000000,0.000000,1.000000,0.000000,0.000000,0.000000,0.000000,0.000000,0.000000,0.264870,0.000000,0.000000,0.000000,0.000000,0.000000,0.000000
56184.471259,-1,-0.006086,0.000343,0.092907,0.000000,0.000000,0.000000,1.000000,0.000000,0.000000,0.000000,0.000000,0.000000,0.000000,0.264870,0.000000,0.000000,0.000000,0.000000,0.000000,0.000000
56184.521359,-1,-0.006086,0.000343,0.092907,0.000000,0.000000,0.000000,1.000000,0.000000,0.000000,0.000000,0.000000,0.000000,0.000000,0.264870,0.000000,0.000000,0.000000,0.000000,0.000000,0.000000
56184.571275,-1,-0.006086,0.000343,0.092907,0.000000,0.000000,0.000000,1.000000,0.000000,0.000000,0.000000,0.000000,0.000000,0.000000,0.264870,0.000000,0.000000,0.000000,0.000000,0.000000,0.000000
56184.621260,-1,-0.006086,0.000343,0.092907,0.000000,0.000000,0.000000,1.000000,0.000000,0.000000,0.000000,0.000000,0.000000,0.000000,0.264870,0.000000,0.000000,0.000000,0.000000,0.000000,0.000000
56184.671253,-1,-0.006086,0.000343,0.092907,0.000000,0.000000,0.000000,1.000000,0.000000,0.000000,0.000000,0.000000,0.000000,0.000000,0.264870,0.000000,0.000000,0.000000,0.000000,0.000000,0.000000
56184.721252,-1,-0.006086,0.000343,0.092907,0.000000,0.000000,0.000000,1.000000,0.000000,0.000000,0.000000,0.000000,0.000000,0.000000,0.264870,0.000000,0.000000,0.000000,0.000000,0.000000,0.000000
56184.771232,-1,-0.006086,0.000343,0.092907,0.000000,0.000000,0.000000,1.000000,0.000000,0.000000,0.000000,0.000000,0.000000,0.000000,0.264870,0.000000,0.000000,0.000000,0.000000,0.000000,0.000000
56184.821256,-1,-0.006086,0.000343,0.092907,0.000000,0.000000,0.000000,1.000000,0.000000,0.000000,0.000000,0.000000,0.000000,0.000000,0.264870,0.000000,0.000000,0.000000,0.000000,0.000000,0.000000
56184.871268,-1,-0.006086,0.000343,0.092907,0.000000,0.000000,0.000000,1.000000,0.000000,0.000000,0.000000,0.000000,0.000000,0.000000,0.264870,0.000000,0.000000,0.000000,0.000000,0.000000,0.000000
56184.921255,-1,-0.006086,0.000343,0.092907,0.000000,0.000000,0.000000,1.000000,0.000000,0.000000,0.000000,0.000000,0.000000,0.000000,0.264870,0.000000,0.000000,0.000000,0.000000,0.000000,0.000000
56184.971249,-1,-0.006086,0.000343,0.092907,0.000000,0.000000,0.000000,1.000000,0.000000,0.000000,0.000000,0.000000,0.000000,0.000000,0.264870,0.000000,0.000000,0.000000,0.000000,0.000000,0.000000
56185.021248,-1,-0.006086,0.000343,0.092907,0.000000,0.000000,0.000000,1.000000,0.000000,0.000000,0.000000,0.000000,0.000000,0.000000,0.264870,0.000000,0.000000,0.000000,0.000000,0.000000,0.000000
56185.071234,-1,-0.006086,0.000343,0.092907,0.000000,0.000000,0.000000,1.000000,0.000000,0.000000,0.000000,0.000000,0.000000,0.000000,0.264870,0.000000,0.000000,0.000000,0.000000,0.000000,0.000000
56185.121256,-1,-0.006086,0.000343,0.092907,0.000000,0.000000,0.000000,1.000000,0.000000,0.000000,0.000000,0.000000,0.000000,0.000000,0.264870,0.000000,0.000000,0.000000,0.000000,0.000000,0.000000
56185.171278,-1,-0.006086,0.000343,0.092907,0.000000,0.000000,0.000000,1.000000,0.000000,0.000000,0.000000,0.000000,0.000000,0.000000,0.264870,0.000000,0.000000,0.000000,0.000000,0.000000,0.000000
56185.221254,-1,-0.006086,0.000343,0.092907,0.000000,0.000000,0.000000,1.000000,0.000000,0.000000,0.000000,0.000000,0.000000,0.000000,0.264870,0.000000,0.000000,0.000000,0.000000,0.000000,0.000000
56185.271246,-1,-0.006086,0.000343,0.092907,0.000000,0.000000,0.000000,1.000000,0.000000,0.000000,0.000000,0.000000,0.000000,0.000000,0.264870,0.000000,0.000000,0.000000,0.000000,0.000000,0.000000
56185.321251,-1,-0.006086,0.000343,0.092907,0.000000,0.000000,0.000000,1.000000,0.000000,0.000000,0.000000,0.000000,0.000000,0.000000,0.264870,0.000000,0.000000,0.000000,0.000000,0.000000,0.000000
56185.371230,-1,-0.006086,0.000343,0.092907,0.000000,0.000000,0.000000,1.000000,0.000000,0.000000,0.000000,0.000000,0.000000,0.000000,0.264870,0.000000,0.000000,0.000000,0.000000,0.000000,0.000000
56185.421232,-1,-0.006086,0.000343,0.092907,0.000000,0.000000,0.000000,1.000000,0.000000,0.000000,0.000000,0.000000,0.000000,0.000000,0.264870,0.000000,0.000000,0.000000,0.000000,0.000000,0.000000
56185.471225,-1,-0.006086,0.000343,0.092907,0.000000,0.000000,0.000000,1.000000,0.000000,0.000000,0.000000,0.000000,0.000000,0.000000,0.264870,0.000000,0.000000,0.000000,0.000000,0.000000,0.000000
56185.521248,-1,-0.006086,0.000343,0.092907,0.000000,0.000000,0.000000,1.000000,0.000000,0.000000,0.000000,0.000000,0.000000,0.000000,0.264870,0.000000,0.000000,0.000000,0.000000,0.000000,0.000000
56185.571260,-1,-0.006086,0.000343,0.092907,0.000000,0.000000,0.000000,1.000000,0.000000,0.000000,0.000000,0.000000,0.000000,0.000000,0.264870,0.000000,0.000000,0.000000,0.000000,0.000000,0.000000
56185.621243,-1,-0.006086,0.000343,0.092907,0.000000,0.000000,0.000000,1.000000,0.000000,0.000000,0.000000,0.000000,0.000000,0.000000,0.264870,0.000000,0.000000,0.000000,0.000000,0.000000,0.000000
56185.671249,-1,-0.006086,0.000343,0.092907,0.000000,0.000000,0.000000,1.000000,0.000000,0.000000,0.000000,0.000000,0.000000,0.000000,0.264870,0.000000,0.000000,0.000000,0.000000,0.000000,0.000000
56185.721247,-1,-0.006086,0.000343,0.092907,0.000000,0.000000,0.000000,1.000000,0.000000,0.000000,0.000000,0.000000,0.000000,0.000000,0.264870,0.000000,0.000000,0.000000,0.000000,0.000000,0.000000
56185.771224,-1,-0.006086,0.000343,0.092907,0.000000,0.000000,0.000000,1.000000,0.000000,0.000000,0.000000,0.000000,0.000000,0.000000,0.264870,0.000000,0.000000,0.000000,0.000000,0.000000,0.000000
56185.821246,-1,-0.006086,0.000343,0.092907,0.000000,0.000000,0.000000,1.000000,0.000000,0.000000,0.000000,0.000000,0.000000,0.000000,0.264870,0.000000,0.000000,0.000000,0.000000,0.000000,0.000000
56185.871247,-1,-0.006086,0.000343,0.092907,0.000000,0.000000,0.000000,1.000000,0.000000,0.000000,0.000000,0.000000,0.000000,0.000000,0.264870,0.000000,0.000000,0.000000,0.000000,0.000000,0.000000
56185.921257,-1,-0.006086,0.000343,0.092907,0.000000,0.000000,0.000000,1.000000,0.000000,0.000000,0.000000,0.000000,0.000000,0.000000,0.264870,0.000000,0.000000,0.000000,0.000000,0.000000,0.000000
56185.971269,-1,-0.006086,0.000343,0.092907,0.000000,0.000000,0.000000,1.000000,0.000000,0.000000,0.000000,0.000000,0.000000,0.000000,0.264870,0.000000,0.000000,0.000000,0.000000,0.000000,0.000000
56186.021250,-1,-0.006086,0.000343,0.092907,0.000000,0.000000,0.000000,1.000000,0.000000,0.000000,0.000000,0.000000,0.000000,0.000000,0.264870,0.000000,0.000000,0.000000,0.000000,0.000000,0.000000
56186.071291,-1,-0.006086,0.000343,0.092907,0.000000,0.000000,0.000000,1.000000,0.000000,0.000000,0.000000,0.000000,0.000000,0.000000,0.264870,0.000000,0.000000,0.000000,0.000000,0.000000,0.000000
56186.121251,-1,-0.006086,0.000343,0.092907,0.000000,0.000000,0.000000,1.000000,0.000000,0.000000,0.000000,0.000000,0.000000,0.000000,0.264870,0.000000,0.000000,0.000000,0.000000,0.000000,0.000000
56186.171247,-1,-0.006086,0.000343,0.092907,0.000000,0.000000,0.000000,1.000000,0.000000,0.000000,0.000000,0.000000,0.000000,0.000000,0.264870,0.000000,0.000000,0.000000,0.000000,0.000000,0.000000
56186.221253,-1,-0.006086,0.000343,0.092907,0.000000,0.000000,0.000000,1.000000,0.000000,0.000000,0.000000,0.000000,0.000000,0.000000,0.264870,0.000000,0.000000,0.000000,0.000000,0.000000,0.000000
56186.271225,-1,-0.006086,0.000343,0.092907,0.000000,0.000000,0.000000,1.000000,0.000000,0.000000,0.000000,0.000000,0.000000,0.000000,0.264870,0.000000,0.000000,0.000000,0.000000,0.000000,0.000000
56186.321253,-1,-0.006086,0.000343,0.092907,0.000000,0.000000,0.000000,1.000000,0.000000,0.000000,0.000000,0.000000,0.000000,0.000000,0.264870,0.000000,0.000000,0.000000,0.000000,0.000000,0.000000
56186.371252,-1,-0.006086,0.000343,0.092907,0.000000,0.000000,0.000000,1.000000,0.000000,0.000000,0.000000,0.000000,0.000000,0.000000,0.264870,0.000000,0.000000,0.000000,0.000000,0.000000,0.000000
56186.421246,-1,-0.006086,0.000343,0.092907,0.000000,0.000000,0.000000,1.000000,0.000000,0.000000,0.000000,0.000000,0.000000,0.000000,0.264870,0.000000,0.000000,0.000000,0.000000,0.000000,0.000000
56186.471242,-1,-0.006086,0.000343,0.092907,0.000000,0.000000,0.000000,1.000000,0.000000,0.000000,0.000000,0.000000,0.000000,0.000000,0.264870,0.000000,0.000000,0.000000,0.000000,0.000000,0.000000
56186.521246,-1,-0.006086,0.000343,0.092907,0.000000,0.000000,0.000000,1.000000,0.000000,0.000000,0.000000,0.000000,0.000000,0.000000,0.264870,0.000000,0.000000,0.000000,0.000000,0.000000,0.000000
56186.571249,-1,-0.006086,0.000343,0.092907,0.000000,0.000000,0.000000,1.000000,0.000000,0.000000,0.000000,0.000000,0.000000,0.000000,0.264870,0.000000,0.000000,0.000000,0.000000,0.000000,0.000000
56186.621248,-1,-0.006086,0.000343,0.092907,0.000000,0.000000,0.000000,1.000000,0.000000,0.000000,0.000000,0.000000,0.000000,0.000000,0.264870,0.000000,0.000000,0.000000,0.000000,0.000000,0.000000
56186.671244,-1,-0.006086,0.000343,0.092907,0.000000,0.000000,0.000000,1.000000,0.000000,0.000000,0.000000,0.000000,0.000000,0.000000,0.264870,0.000000,0.000000,0.000000,0.000000,0.000000,0.000000
56186.721309,-1,-0.006086,0.000343,0.092907,0.000000,0.000000,0.000000,1.000000,0.000000,0.000000,0.000000,0.000000,0.000000,0.000000,0.264870,0.000000,0.000000,0.000000,0.000000,0.000000,0.000000
56186.771222,-1,-0.006086,0.000343,0.092907,0.000000,0.000000,0.000000,1.000000,0.000000,0.000000,0.000000,0.000000,0.000000,0.000000,0.264870,0.000000,0.000000,0.000000,0.000000,0.000000,0.000000
56186.821249,-1,-0.006086,0.000343,0.092907,0.000000,0.000000,0.000000,1.000000,0.000000,0.000000,0.000000,0.000000,0.000000,0.000000,0.264870,0.000000,0.000000,0.000000,0.000000,0.000000,0.000000
56186.871234,-1,-0.006086,0.000343,0.092907,0.000000,0.000000,0.000000,1.000000,0.000000,0.000000,0.000000,0.000000,0.000000,0.000000,0.264870,0.000000,0.000000,0.000000,0.000000,0.000000,0.000000
56186.921244,-1,-0.006086,0.000343,0.092907,0.000000,0.000000,0.000000,1.000000,0.000000,0.000000,0.000000,0.000000,0.000000,0.000000,0.264870,0.000000,0.000000,0.000000,0.000000,0.000000,0.000000
56186.971242,-1,-0.006086,0.000343,0.092907,0.000000,0.000000,0.000000,1.000000,0.000000,0.000000,0.000000,0.000000,0.000000,0.000000,0.264870,0.000000,0.000000,0.000000,0.000000,0.000000,0.000000
56187.021239,-1,-0.006086,0.000343,0.092907,0.000000,0.000000,0.000000,1.000000,0.000000,0.000000,0.000000,0.000000,0.000000,0.000000,0.264870,0.000000,0.000000,0.000000,0.000000,0.000000,0.000000
56187.071233,-1,-0.006086,0.000343,0.092907,0.000000,0.000000,0.000000,1.000000,0.000000,0.000000,0.000000,0.000000,0.000000,0.000000,0.264870,0.000000,0.000000,0.000000,0.000000,0.000000,0.000000
56187.121244,-1,-0.006086,0.000343,0.092907,0.000000,0.000000,0.000000,1.000000,0.000000,0.000000,0.000000,0.000000,0.000000,0.000000,0.264870,0.000000,0.000000,0.000000,0.000000,0.000000,0.000000
56187.171266,-1,-0.006086,0.000343,0.092907,0.000000,0.000000,0.000000,1.000000,0.000000,0.000000,0.000000,0.000000,0.000000,0.000000,0.264870,0.000000,0.000000,0.000000,0.000000,0.000000,0.000000
56187.221244,-1,-0.006086,0.000343,0.092907,0.000000,0.000000,0.000000,1.000000,0.000000,0.000000,0.000000,0.000000,0.000000,0.000000,0.264870,0.000000,0.000000,0.000000,0.000000,0.000000,0.000000
56187.271217,-1,-0.006086,0.000343,0.092907,0.000000,0.000000,0.000000,1.000000,0.000000,0.000000,0.000000,0.000000,0.000000,0.000000,0.264870,0.000000,0.000000,0.000000,0.000000,0.000000,0.000000
56187.321243,-1,-0.006086,0.000343,0.092907,0.000000,0.000000,0.000000,1.000000,0.000000,0.000000,0.000000,0.000000,0.000000,0.000000,0.264870,0.000000,0.000000,0.000000,0.000000,0.000000,0.000000
56187.371235,-1,-0.006086,0.000343,0.092907,0.000000,0.000000,0.000000,1.000000,0.000000,0.000000,0.000000,0.000000,0.000000,0.000000,0.264870,0.000000,0.000000,0.000000,0.000000,0.000000,0.000000
56187.421246,-1,-0.006086,0.000343,0.092907,0.000000,0.000000,0.000000,1.000000,0.000000,0.000000,0.000000,0.000000,0.000000,0.000000,0.264870,0.000000,0.000000,0.000000,0.000000,0.000000,0.000000
56187.471240,-1,-0.006086,0.000343,0.092907,0.000000,0.000000,0.000000,1.000000,0.000000,0.000000,0.000000,0.000000,0.000000,0.000000,0.264870,0.000000,0.000000,0.000000,0.000000,0.000000,0.000000
56187.521235,-1,-0.006086,0.000343,0.092907,0.000000,0.000000,0.000000,1.000000,0.000000,0.000000,0.000000,0.000000,0.000000,0.000000,0.264870,0.000000,0.000000,0.000000,0.000000,0.000000,0.000000
56187.571240,-1,-0.006086,0.000343,0.092907,0.000000,0.000000,0.000000,1.000000,0.000000,0.000000,0.000000,0.000000,0.000000,0.000000,0.264870,0.000000,0.000000,0.000000,0.000000,0.000000,0.000000
56187.621234,-1,-0.006086,0.000343,0.092907,0.000000,0.000000,0.000000,1.000000,0.000000,0.000000,0.000000,0.000000,0.000000,0.000000,0.264870,0.000000,0.000000,0.000000,0.000000,0.000000,0.000000
56187.671246,-1,-0.006086,0.000343,0.092907,0.000000,0.000000,0.000000,1.000000,0.000000,0.000000,0.000000,0.000000,0.000000,0.000000,0.264870,0.000000,0.000000,0.000000,0.000000,0.000000,0.000000
56187.721217,-1,-0.006086,0.000343,0.092907,0.000000,0.000000,0.000000,1.000000,0.000000,0.000000,0.000000,0.000000,0.000000,0.000000,0.264870,0.000000,0.000000,0.000000,0.000000,0.000000,0.000000
56187.771219,-1,-0.006086,0.000343,0.092907,0.000000,0.000000,0.000000,1.000000,0.000000,0.000000,0.000000,0.000000,0.000000,0.000000,0.264870,0.000000,0.000000,0.000000,0.000000,0.000000,0.000000
56187.821237,-1,-0.006086,0.000343,0.092907,0.000000,0.000000,0.000000,1.000000,0.000000,0.000000,0.000000,0.000000,0.000000,0.000000,0.264870,0.000000,0.000000,0.000000,0.000000,0.000000,0.000000
56187.871218,-1,-0.006086,0.000343,0.092907,0.000000,0.000000,0.000000,1.000000,0.000000,0.000000,0.000000,0.000000,0.000000,0.000000,0.264870,0.000000,0.000000,0.000000,0.000000,0.000000,0.000000
56187.921238,-1,-0.006086,0.000343,0.092907,0.000000,0.000000,0.000000,1.000000,0.000000,0.000000,0.000000,0.000000,0.000000,0.000000,0.264870,0.000000,0.000000,0.000000,0.000000,0.000000,0.000000
56187.971236,-1,-0.006086,0.000343,0.092907,0.000000,0.000000,0.000000,1.000000,0.000000,0.000000,0.000000,0.000000,0.000000,0.000000,0.264870,0.000000,0.000000,0.000000,0.000000,0.000000,0.000000
56188.021234,-1,-0.006086,0.000343,0.092907,0.000000,0.000000,0.000000,1.000000,0.000000,0.000000,0.000000,0.000000,0.000000,0.000000,0.264870,0.000000,0.000000,0.000000,0.000000,0.000000,0.000000
56188.071239,-1,-0.006086,0.000343,0.092907,0.000000,0.000000,0.000000,1.000000,0.000000,0.000000,0.000000,0.000000,0.000000,0.000000,0.264870,0.000000,0.000000,0.000000,0.000000,0.000000,0.000000
56188.121223,-1,-0.006086,0.000343,0.092907,0.000000,0.000000,0.000000,1.000000,0.000000,0.000000,0.000000,0.000000,0.000000,0.000000,0.264870,0.000000,0.000000,0.000000,0.000000,0.000000,0.000000
56188.171215,-1,-0.006086,0.000343,0.092907,0.000000,0.000000,0.000000,1.000000,0.000000,0.000000,0.000000,0.000000,0.000000,0.000000,0.264870,0.000000,0.000000,0.000000,0.000000,0.000000,0.000000
56188.221236,-1,-0.006086,0.000343,0.092907,0.000000,0.000000,0.000000,1.000000,0.000000,0.000000,0.000000,0.000000,0.000000,0.000000,0.264870,0.000000,0.000000,0.000000,0.000000,0.000000,0.000000
56188.271235,-1,-0.006086,0.000343,0.092907,0.000000,0.000000,0.000000,1.000000,0.000000,0.000000,0.000000,0.000000,0.000000,0.000000,0.264870,0.000000,0.000000,0.000000,0.000000,0.000000,0.000000
56188.321231,-1,-0.006086,0.000343,0.092907,0.000000,0.000000,0.000000,1.000000,0.000000,0.000000,0.000000,0.000000,0.000000,0.000000,0.264870,0.000000,0.000000,0.000000,0.000000,0.000000,0.000000
56188.371239,-1,-0.006086,0.000343,0.092907,0.000000,0.000000,0.000000,1.000000,0.000000,0.000000,0.000000,0.000000,0.000000,0.000000,0.264870,0.000000,0.000000,0.000000,0.000000,0.000000,0.000000
56188.421235,-1,-0.006086,0.000343,0.092907,0.000000,0.000000,0.000000,1.000000,0.000000,0.000000,0.000000,0.000000,0.000000,0.000000,0.264870,0.000000,0.000000,0.000000,0.000000,0.000000,0.000000
56188.471228,-1,-0.006086,0.000343,0.092907,0.000000,0.000000,0.000000,1.000000,0.000000,0.000000,0.000000,0.000000,0.000000,0.000000,0.264870,0.000000,0.000000,0.000000,0.000000,0.000000,0.000000
56188.521230,-1,-0.006086,0.000343,0.092907,0.000000,0.000000,0.000000,1.000000,0.000000,0.000000,0.000000,0.000000,0.000000,0.000000,0.264870,0.000000,0.000000,0.000000,0.000000,0.000000,0.000000
56188.571250,-1,-0.006086,0.000343,0.092907,0.000000,0.000000,0.000000,1.000000,0.000000,0.000000,0.000000,0.000000,0.000000,0.000000,0.264870,0.000000,0.000000,0.000000,0.000000,0.000000,0.000000
56188.621213,-1,-0.006086,0.000343,0.092907,0.000000,0.000000,0.000000,1.000000,0.000000,0.000000,0.000000,0.000000,0.000000,0.000000,0.264870,0.000000,0.000000,0.000000,0.000000,0.000000,0.000000
56188.671227,-1,-0.006086,0.000343,0.092907,0.000000,0.000000,0.000000,1.000000,0.000000,0.000000,0.000000,0.000000,0.000000,0.000000,0.264870,0.000000,0.000000,0.000000,0.000000,0.000000,0.000000
56188.721235,-1,-0.006086,0.000343,0.092907,0.000000,0.000000,0.000000,1.000000,0.000000,0.000000,0.000000,0.000000,0.000000,0.000000,0.264870,0.000000,0.000000,0.000000,0.000000,0.000000,0.000000
56188.771229,-1,-0.006086,0.000343,0.092907,0.000000,0.000000,0.000000,1.000000,0.000000,0.000000,0.000000,0.000000,0.000000,0.000000,0.264870,0.000000,0.000000,0.000000,0.000000,0.000000,0.000000
56188.821227,-1,-0.006086,0.000343,0.092907,0.000000,0.000000,0.000000,1.000000,0.000000,0.000000,0.000000,0.000000,0.000000,0.000000,0.264870,0.000000,0.000000,0.000000,0.000000,0.000000,0.000000
56188.871230,-1,-0.006086,0.000343,0.092907,0.000000,0.000000,0.000000,1.000000,0.000000,0.000000,0.000000,0.000000,0.000000,0.000000,0.264870,0.000000,0.000000,0.000000,0.000000,0.000000,0.000000
56188.921214,-1,-0.006086,0.000343,0.092907,0.000000,0.000000,0.000000,1.000000,0.000000,0.000000,0.000000,0.000000,0.000000,0.000000,0.264870,0.000000,0.000000,0.000000,0.000000,0.000000,0.000000
56188.971229,-1,-0.006086,0.000343,0.092907,0.000000,0.000000,0.000000,1.000000,0.000000,0.000000,0.000000,0.000000,0.000000,0.000000,0.264870,0.000000,0.000000,0.000000,0.000000,0.000000,0.000000
56189.021238,-1,-0.006086,0.000343,0.092907,0.000000,0.000000,0.000000,1.000000,0.000000,0.000000,0.000000,0.000000,0.000000,0.000000,0.264870,0.000000,0.000000,0.000000,0.000000,0.000000,0.000000
56189.071232,-1,-0.006086,0.000343,0.092907,0.000000,0.000000,0.000000,1.000000,0.000000,0.000000,0.000000,0.000000,0.000000,0.000000,0.264870,0.000000,0.000000,0.000000,0.000000,0.000000,0.000000
56189.121213,-1,-0.006086,0.000343,0.092907,0.000000,0.000000,0.000000,1.000000,0.000000,0.000000,0.000000,0.000000,0.000000,0.000000,0.264870,0.000000,0.000000,0.000000,0.000000,0.000000,0.000000
56189.171223,-1,-0.006086,0.000343,0.092907,0.000000,0.000000,0.000000,1.000000,0.000000,0.000000,0.000000,0.000000,0.000000,0.000000,0.264870,0.000000,0.000000,0.000000,0.000000,0.000000,0.000000
56189.221237,-1,-0.006086,0.000343,0.092907,0.000000,0.000000,0.000000,1.000000,0.000000,0.000000,0.000000,0.000000,0.000000,0.000000,0.264870,0.000000,0.000000,0.000000,0.000000,0.000000,0.000000
56189.271235,-1,-0.006086,0.000343,0.092907,0.000000,0.000000,0.000000,1.000000,0.000000,0.000000,0.000000,0.000000,0.000000,0.000000,0.264870,0.000000,0.000000,0.000000,0.000000,0.000000,0.000000
56189.321237,-1,-0.006086,0.000343,0.092907,0.000000,0.000000,0.000000,1.000000,0.000000,0.000000,0.000000,0.000000,0.000000,0.000000,0.264870,0.000000,0.000000,0.000000,0.000000,0.000000,0.000000
56189.371228,-1,-0.006086,0.000343,0.092907,0.000000,0.000000,0.000000,1.000000,0.000000,0.000000,0.000000,0.000000,0.000000,0.000000,0.264870,0.000000,0.000000,0.000000,0.000000,0.000000,0.000000
56189.421238,-1,-0.006086,0.000343,0.092907,0.000000,0.000000,0.000000,1.000000,0.000000,0.000000,0.000000,0.000000,0.000000,0.000000,0.264870,0.000000,0.000000,0.000000,0.000000,0.000000,0.000000
56189.471337,-1,-0.006086,0.000343,0.092907,0.000000,0.000000,0.000000,1.000000,0.000000,0.000000,0.000000,0.000000,0.000000,0.000000,0.264870,0.000000,0.000000,0.000000,0.000000,0.000000,0.000000
56189.521238,-1,-0.006086,0.000343,0.092907,0.000000,0.000000,0.000000,1.000000,0.000000,0.000000,0.000000,0.000000,0.000000,0.000000,0.264870,0.000000,0.000000,0.000000,0.000000,0.000000,0.000000
56189.571232,-1,-0.006086,0.000343,0.092907,0.000000,0.000000,0.000000,1.000000,0.000000,0.000000,0.000000,0.000000,0.000000,0.000000,0.264870,0.000000,0.000000,0.000000,0.000000,0.000000,0.000000
56189.621278,-1,-0.006086,0.000343,0.092907,0.000000,0.000000,0.000000,1.000000,0.000000,0.000000,0.000000,0.000000,0.000000,0.000000,0.264870,0.000000,0.000000,0.000000,0.000000,0.000000,0.000000
56189.671223,-1,-0.006086,0.000343,0.092907,0.000000,0.000000,0.000000,1.000000,0.000000,0.000000,0.000000,0.000000,0.000000,0.000000,0.264870,0.000000,0.000000,0.000000,0.000000,0.000000,0.000000
56189.721276,-1,-0.006086,0.000343,0.092907,0.000000,0.000000,0.000000,1.000000,0.000000,0.000000,0.000000,0.000000,0.000000,0.000000,0.264870,0.000000,0.000000,0.000000,0.000000,0.000000,0.000000
56189.771209,-1,-0.006086,0.000343,0.092907,0.000000,0.000000,0.000000,1.000000,0.000000,0.000000,0.000000,0.000000,0.000000,0.000000,0.264870,0.000000,0.000000,0.000000,0.000000,0.000000,0.000000
56189.821229,-1,-0.006086,0.000343,0.092907,0.000000,0.000000,0.000000,1.000000,0.000000,0.000000,0.000000,0.000000,0.000000,0.000000,0.264870,0.000000,0.000000,0.000000,0.000000,0.000000,0.000000
56189.871230,-1,-0.006086,0.000343,0.092907,0.000000,0.000000,0.000000,1.000000,0.000000,0.000000,0.000000,0.000000,0.000000,0.000000,0.264870,0.000000,0.000000,0.000000,0.000000,0.000000,0.000000
56189.921243,-1,-0.006086,0.000343,0.092907,0.000000,0.000000,0.000000,1.000000,0.000000,0.000000,0.000000,0.000000,0.000000,0.000000,0.264870,0.000000,0.000000,0.000000,0.000000,0.000000,0.000000
56189.971229,-1,-0.006086,0.000343,0.092907,0.000000,0.000000,0.000000,1.000000,0.000000,0.000000,0.000000,0.000000,0.000000,0.000000,0.264870,0.000000,0.000000,0.000000,0.000000,0.000000,0.000000
56190.021234,-1,-0.006086,0.000343,0.092907,0.000000,0.000000,0.000000,1.000000,0.000000,0.000000,0.000000,0.000000,0.000000,0.000000,0.264870,0.000000,0.000000,0.000000,0.000000,0.000000,0.000000
56190.071226,-1,-0.006086,0.000343,0.092907,0.000000,0.000000,0.000000,1.000000,0.000000,0.000000,0.000000,0.000000,0.000000,0.000000,0.264870,0.000000,0.000000,0.000000,0.000000,0.000000,0.000000
56190.121233,-1,-0.006086,0.000343,0.092907,0.000000,0.000000,0.000000,1.000000,0.000000,0.000000,0.000000,0.000000,0.000000,0.000000,0.264870,0.000000,0.000000,0.000000,0.000000,0.000000,0.000000
56190.171238,-1,-0.006086,0.000343,0.092907,0.000000,0.000000,0.000000,1.000000,0.000000,0.000000,0.000000,0.000000,0.000000,0.000000,0.264870,0.000000,0.000000,0.000000,0.000000,0.000000,0.000000
56190.221246,-1,-0.006086,0.000343,0.092907,0.000000,0.000000,0.000000,1.000000,0.000000,0.000000,0.000000,0.000000,0.000000,0.000000,0.264870,0.000000,0.000000,0.000000,0.000000,0.000000,0.000000
56190.271202,-1,-0.006086,0.000343,0.092907,0.000000,0.000000,0.000000,1.000000,0.000000,0.000000,0.000000,0.000000,0.000000,0.000000,0.264870,0.000000,0.000000,0.000000,0.000000,0.000000,0.000000
56190.321240,-1,-0.006086,0.000343,0.092907,0.000000,0.000000,0.000000,1.000000,0.000000,0.000000,0.000000,0.000000,0.000000,0.000000,0.264870,0.000000,0.000000,0.000000,0.000000,0.000000,0.000000
56190.371230,-1,-0.006086,0.000343,0.092907,0.000000,0.000000,0.000000,1.000000,0.000000,0.000000,0.000000,0.000000,0.000000,0.000000,0.264870,0.000000,0.000000,0.000000,0.000000,0.000000,0.000000
56190.421219,-1,-0.006086,0.000343,0.092907,0.000000,0.000000,0.000000,1.000000,0.000000,0.000000,0.000000,0.000000,0.000000,0.000000,0.264870,0.000000,0.000000,0.000000,0.000000,0.000000,0.000000
56190.471294,-1,-0.006086,0.000343,0.092907,0.000000,0.000000,0.000000,1.000000,0.000000,0.000000,0.000000,0.000000,0.000000,0.000000,0.264870,0.000000,0.000000,0.000000,0.000000,0.000000,0.000000
56190.521287,-1,-0.006086,0.000343,0.092907,0.000000,0.000000,0.000000,1.000000,0.000000,0.000000,0.000000,0.000000,0.000000,0.000000,0.264870,0.000000,0.000000,0.000000,0.000000,0.000000,0.000000
56190.571285,-1,-0.006086,0.000343,0.092907,0.000000,0.000000,0.000000,1.000000,0.000000,0.000000,0.000000,0.000000,0.000000,0.000000,0.264870,0.000000,0.000000,0.000000,0.000000,0.000000,0.000000
56190.621267,-1,-0.006086,0.000343,0.092907,0.000000,0.000000,0.000000,1.000000,0.000000,0.000000,0.000000,0.000000,0.000000,0.000000,0.264870,0.000000,0.000000,0.000000,0.000000,0.000000,0.000000
56190.671298,-1,-0.006086,0.000343,0.092907,0.000000,0.000000,0.000000,1.000000,0.000000,0.000000,0.000000,0.000000,0.000000,0.000000,0.264870,0.000000,0.000000,0.000000,0.000000,0.000000,0.000000
56190.721638,-1,-0.006086,0.000343,0.092907,0.000000,0.000000,0.000000,1.000000,0.000000,0.000000,0.000000,0.000000,0.000000,0.000000,0.264870,0.000000,0.000000,0.000000,0.000000,0.000000,0.000000
56190.771252,-1,-0.006086,0.000343,0.092907,0.000000,0.000000,0.000000,1.000000,0.000000,0.000000,0.000000,0.000000,0.000000,0.000000,0.264870,0.000000,0.000000,0.000000,0.000000,0.000000,0.000000
56190.821282,-1,-0.006086,0.000343,0.092907,0.000000,0.000000,0.000000,1.000000,0.000000,0.000000,0.000000,0.000000,0.000000,0.000000,0.264870,0.000000,0.000000,0.000000,0.000000,0.000000,0.000000
56190.871249,-1,-0.006086,0.000343,0.092907,0.000000,0.000000,0.000000,1.000000,0.000000,0.000000,0.000000,0.000000,0.000000,0.000000,0.264870,0.000000,0.000000,0.000000,0.000000,0.000000,0.000000
56190.921223,-1,-0.006086,0.000343,0.092907,0.000000,0.000000,0.000000,1.000000,0.000000,0.000000,0.000000,0.000000,0.000000,0.000000,0.264870,0.000000,0.000000,0.000000,0.000000,0.000000,0.000000
56190.971346,-1,-0.006086,0.000343,0.092907,0.000000,0.000000,0.000000,1.000000,0.000000,0.000000,0.000000,0.000000,0.000000,0.000000,0.264870,0.000000,0.000000,0.000000,0.000000,0.000000,0.000000
56191.021240,-1,-0.006086,0.000343,0.092907,0.000000,0.000000,0.000000,1.000000,0.000000,0.000000,0.000000,0.000000,0.000000,0.000000,0.264870,0.000000,0.000000,0.000000,0.000000,0.000000,0.000000
56191.071250,-1,-0.006086,0.000343,0.092907,0.000000,0.000000,0.000000,1.000000,0.000000,0.000000,0.000000,0.000000,0.000000,0.000000,0.264870,0.000000,0.000000,0.000000,0.000000,0.000000,0.000000
56191.121268,-1,-0.006086,0.000343,0.092907,0.000000,0.000000,0.000000,1.000000,0.000000,0.000000,0.000000,0.000000,0.000000,0.000000,0.264870,0.000000,0.000000,0.000000,0.000000,0.000000,0.000000
56191.171258,-1,-0.006086,0.000343,0.092907,0.000000,0.000000,0.000000,1.000000,0.000000,0.000000,0.000000,0.000000,0.000000,0.000000,0.264870,0.000000,0.000000,0.000000,0.000000,0.000000,0.000000
56191.221222,-1,-0.006086,0.000343,0.092907,0.000000,0.000000,0.000000,1.000000,0.000000,0.000000,0.000000,0.000000,0.000000,0.000000,0.264870,0.000000,0.000000,0.000000,0.000000,0.000000,0.000000
56191.271407,-1,-0.006086,0.000343,0.092907,0.000000,0.000000,0.000000,1.000000,0.000000,0.000000,0.000000,0.000000,0.000000,0.000000,0.264870,0.000000,0.000000,0.000000,0.000000,0.000000,0.000000
56191.321290,-1,-0.006086,0.000343,0.092907,0.000000,0.000000,0.000000,1.000000,0.000000,0.000000,0.000000,0.000000,0.000000,0.000000,0.264870,0.000000,0.000000,0.000000,0.000000,0.000000,0.000000
56191.371217,-1,-0.006086,0.000343,0.092907,0.000000,0.000000,0.000000,1.000000,0.000000,0.000000,0.000000,0.000000,0.000000,0.000000,0.264870,0.000000,0.000000,0.000000,0.000000,0.000000,0.000000
56191.421244,-1,-0.006086,0.000343,0.092907,0.000000,0.000000,0.000000,1.000000,0.000000,0.000000,0.000000,0.000000,0.000000,0.000000,0.264870,0.000000,0.000000,0.000000,0.000000,0.000000,0.000000
56191.471233,-1,-0.006086,0.000343,0.092907,0.000000,0.000000,0.000000,1.000000,0.000000,0.000000,0.000000,0.000000,0.000000,0.000000,0.264870,0.000000,0.000000,0.000000,0.000000,0.000000,0.000000
56191.521211,-1,-0.006086,0.000343,0.092907,0.000000,0.000000,0.000000,1.000000,0.000000,0.000000,0.000000,0.000000,0.000000,0.000000,0.264870,0.000000,0.000000,0.000000,0.000000,0.000000,0.000000
56191.571253,-1,-0.006086,0.000343,0.092907,0.000000,0.000000,0.000000,1.000000,0.000000,0.000000,0.000000,0.000000,0.000000,0.000000,0.264870,0.000000,0.000000,0.000000,0.000000,0.000000,0.000000
56191.621246,-1,-0.006086,0.000343,0.092907,0.000000,0.000000,0.000000,1.000000,0.000000,0.000000,0.000000,0.000000,0.000000,0.000000,0.264870,0.000000,0.000000,0.000000,0.000000,0.000000,0.000000
56191.671241,-1,-0.006086,0.000343,0.092907,0.000000,0.000000,0.000000,1.000000,0.000000,0.000000,0.000000,0.000000,0.000000,0.000000,0.264870,0.000000,0.000000,0.000000,0.000000,0.000000,0.000000
56191.721287,-1,-0.006086,0.000343,0.092907,0.000000,0.000000,0.000000,1.000000,0.000000,0.000000,0.000000,0.000000,0.000000,0.000000,0.264870,0.000000,0.000000,0.000000,0.000000,0.000000,0.000000
56191.771242,-1,-0.006086,0.000343,0.092907,0.000000,0.000000,0.000000,1.000000,0.000000,0.000000,0.000000,0.000000,0.000000,0.000000,0.264870,0.000000,0.000000,0.000000,0.000000,0.000000,0.000000
56191.821213,-1,-0.006086,0.000343,0.092907,0.000000,0.000000,0.000000,1.000000,0.000000,0.000000,0.000000,0.000000,0.000000,0.000000,0.264870,0.000000,0.000000,0.000000,0.000000,0.000000,0.000000
56191.871271,-1,-0.006086,0.000343,0.092907,0.000000,0.000000,0.000000,1.000000,0.000000,0.000000,0.000000,0.000000,0.000000,0.000000,0.264870,0.000000,0.000000,0.000000,0.000000,0.000000,0.000000
56191.921212,-1,-0.006086,0.000343,0.092907,0.000000,0.000000,0.000000,1.000000,0.000000,0.000000,0.000000,0.000000,0.000000,0.000000,0.264870,0.000000,0.000000,0.000000,0.000000,0.000000,0.000000
56191.971236,-1,-0.006086,0.000343,0.092907,0.000000,0.000000,0.000000,1.000000,0.000000,0.000000,0.000000,0.000000,0.000000,0.000000,0.264870,0.000000,0.000000,0.000000,0.000000,0.000000,0.000000
56192.021225,-1,-0.006086,0.000343,0.092907,0.000000,0.000000,0.000000,1.000000,0.000000,0.000000,0.000000,0.000000,0.000000,0.000000,0.264870,0.000000,0.000000,0.000000,0.000000,0.000000,0.000000
56192.071237,-1,-0.006086,0.000343,0.092907,0.000000,0.000000,0.000000,1.000000,0.000000,0.000000,0.000000,0.000000,0.000000,0.000000,0.264870,0.000000,0.000000,0.000000,0.000000,0.000000,0.000000
56192.121184,-1,-0.006086,0.000343,0.092907,0.000000,0.000000,0.000000,1.000000,0.000000,0.000000,0.000000,0.000000,0.000000,0.000000,0.264870,0.000000,0.000000,0.000000,0.000000,0.000000,0.000000
56192.171232,-1,-0.006086,0.000343,0.092907,0.000000,0.000000,0.000000,1.000000,0.000000,0.000000,0.000000,0.000000,0.000000,0.000000,0.264870,0.000000,0.000000,0.000000,0.000000,0.000000,0.000000
56192.221257,-1,-0.006086,0.000343,0.092907,0.000000,0.000000,0.000000,1.000000,0.000000,0.000000,0.000000,0.000000,0.000000,0.000000,0.264870,0.000000,0.000000,0.000000,0.000000,0.000000,0.000000
56192.271229,-1,-0.006086,0.000343,0.092907,0.000000,0.000000,0.000000,1.000000,0.000000,0.000000,0.000000,0.000000,0.000000,0.000000,0.264870,0.000000,0.000000,0.000000,0.000000,0.000000,0.000000
56192.321261,-1,-0.006086,0.000343,0.092907,0.000000,0.000000,0.000000,1.000000,0.000000,0.000000,0.000000,0.000000,0.000000,0.000000,0.264870,0.000000,0.000000,0.000000,0.000000,0.000000,0.000000
56192.371231,-1,-0.006086,0.000343,0.092907,0.000000,0.000000,0.000000,1.000000,0.000000,0.000000,0.000000,0.000000,0.000000,0.000000,0.264870,0.000000,0.000000,0.000000,0.000000,0.000000,0.000000
56192.421215,-1,-0.006086,0.000343,0.092907,0.000000,0.000000,0.000000,1.000000,0.000000,0.000000,0.000000,0.000000,0.000000,0.000000,0.264870,0.000000,0.000000,0.000000,0.000000,0.000000,0.000000
56192.471200,-1,-0.006086,0.000343,0.092907,0.000000,0.000000,0.000000,1.000000,0.000000,0.000000,0.000000,0.000000,0.000000,0.000000,0.264870,0.000000,0.000000,0.000000,0.000000,0.000000,0.000000
56192.521219,-1,-0.006086,0.000343,0.092907,0.000000,0.000000,0.000000,1.000000,0.000000,0.000000,0.000000,0.000000,0.000000,0.000000,0.264870,0.000000,0.000000,0.000000,0.000000,0.000000,0.000000
56192.571223,-1,-0.006086,0.000343,0.092907,0.000000,0.000000,0.000000,1.000000,0.000000,0.000000,0.000000,0.000000,0.000000,0.000000,0.264870,0.000000,0.000000,0.000000,0.000000,0.000000,0.000000
56192.621225,-1,-0.006086,0.000343,0.092907,0.000000,0.000000,0.000000,1.000000,0.000000,0.000000,0.000000,0.000000,0.000000,0.000000,0.264870,0.000000,0.000000,0.000000,0.000000,0.000000,0.000000
56192.671231,-1,-0.006086,0.000343,0.092907,0.000000,0.000000,0.000000,1.000000,0.000000,0.000000,0.000000,0.000000,0.000000,0.000000,0.264870,0.000000,0.000000,0.000000,0.000000,0.000000,0.000000
56192.721223,-1,-0.006086,0.000343,0.092907,0.000000,0.000000,0.000000,1.000000,0.000000,0.000000,0.000000,0.000000,0.000000,0.000000,0.264870,0.000000,0.000000,0.000000,0.000000,0.000000,0.000000
56192.771232,-1,-0.006086,0.000343,0.092907,0.000000,0.000000,0.000000,1.000000,0.000000,0.000000,0.000000,0.000000,0.000000,0.000000,0.264870,0.000000,0.000000,0.000000,0.000000,0.000000,0.000000
56192.821215,-1,-0.006086,0.000343,0.092907,0.000000,0.000000,0.000000,1.000000,0.000000,0.000000,0.000000,0.000000,0.000000,0.000000,0.264870,0.000000,0.000000,0.000000,0.000000,0.000000,0.000000
56192.871241,-1,-0.006086,0.000343,0.092907,0.000000,0.000000,0.000000,1.000000,0.000000,0.000000,0.000000,0.000000,0.000000,0.000000,0.264870,0.000000,0.000000,0.000000,0.000000,0.000000,0.000000
56192.921213,-1,-0.006086,0.000343,0.092907,0.000000,0.000000,0.000000,1.000000,0.000000,0.000000,0.000000,0.000000,0.000000,0.000000,0.264870,0.000000,0.000000,0.000000,0.000000,0.000000,0.000000
56192.971213,-1,-0.006086,0.000343,0.092907,0.000000,0.000000,0.000000,1.000000,0.000000,0.000000,0.000000,0.000000,0.000000,0.000000,0.264870,0.000000,0.000000,0.000000,0.000000,0.000000,0.000000
56193.021204,-1,-0.006086,0.000343,0.092907,0.000000,0.000000,0.000000,1.000000,0.000000,0.000000,0.000000,0.000000,0.000000,0.000000,0.264870,0.000000,0.000000,0.000000,0.000000,0.000000,0.000000
56193.071224,-1,-0.006086,0.000343,0.092907,0.000000,0.000000,0.000000,1.000000,0.000000,0.000000,0.000000,0.000000,0.000000,0.000000,0.264870,0.000000,0.000000,0.000000,0.000000,0.000000,0.000000
56193.121214,-1,-0.006086,0.000343,0.092907,0.000000,0.000000,0.000000,1.000000,0.000000,0.000000,0.000000,0.000000,0.000000,0.000000,0.264870,0.000000,0.000000,0.000000,0.000000,0.000000,0.000000
56193.171218,-1,-0.006086,0.000343,0.092907,0.000000,0.000000,0.000000,1.000000,0.000000,0.000000,0.000000,0.000000,0.000000,0.000000,0.264870,0.000000,0.000000,0.000000,0.000000,0.000000,0.000000
56193.221215,-1,-0.006086,0.000343,0.092907,0.000000,0.000000,0.000000,1.000000,0.000000,0.000000,0.000000,0.000000,0.000000,0.000000,0.264870,0.000000,0.000000,0.000000,0.000000,0.000000,0.000000
56193.271224,-1,-0.006086,0.000343,0.092907,0.000000,0.000000,0.000000,1.000000,0.000000,0.000000,0.000000,0.000000,0.000000,0.000000,0.264870,0.000000,0.000000,0.000000,0.000000,0.000000,0.000000
56193.321214,-1,-0.006086,0.000343,0.092907,0.000000,0.000000,0.000000,1.000000,0.000000,0.000000,0.000000,0.000000,0.000000,0.000000,0.264870,0.000000,0.000000,0.000000,0.000000,0.000000,0.000000
56193.371224,-1,-0.006086,0.000343,0.092907,0.000000,0.000000,0.000000,1.000000,0.000000,0.000000,0.000000,0.000000,0.000000,0.000000,0.264870,0.000000,0.000000,0.000000,0.000000,0.000000,0.000000
56193.421201,-1,-0.006086,0.000343,0.092907,0.000000,0.000000,0.000000,1.000000,0.000000,0.000000,0.000000,0.000000,0.000000,0.000000,0.264870,0.000000,0.000000,0.000000,0.000000,0.000000,0.000000
56193.471230,-1,-0.006086,0.000343,0.092907,0.000000,0.000000,0.000000,1.000000,0.000000,0.000000,0.000000,0.000000,0.000000,0.000000,0.264870,0.000000,0.000000,0.000000,0.000000,0.000000,0.000000
56193.521206,-1,-0.006086,0.000343,0.092907,0.000000,0.000000,0.000000,1.000000,0.000000,0.000000,0.000000,0.000000,0.000000,0.000000,0.264870,0.000000,0.000000,0.000000,0.000000,0.000000,0.000000
56193.571204,-1,-0.006086,0.000343,0.092907,0.000000,0.000000,0.000000,1.000000,0.000000,0.000000,0.000000,0.000000,0.000000,0.000000,0.264870,0.000000,0.000000,0.000000,0.000000,0.000000,0.000000
56193.621211,-1,-0.006086,0.000343,0.092907,0.000000,0.000000,0.000000,1.000000,0.000000,0.000000,0.000000,0.000000,0.000000,0.000000,0.264870,0.000000,0.000000,0.000000,0.000000,0.000000,0.000000
56193.671217,-1,-0.006086,0.000343,0.092907,0.000000,0.000000,0.000000,1.000000,0.000000,0.000000,0.000000,0.000000,0.000000,0.000000,0.264870,0.000000,0.000000,0.000000,0.000000,0.000000,0.000000
56193.721213,-1,-0.006086,0.000343,0.092907,0.000000,0.000000,0.000000,1.000000,0.000000,0.000000,0.000000,0.000000,0.000000,0.000000,0.264870,0.000000,0.000000,0.000000,0.000000,0.000000,0.000000
56193.771226,-1,-0.006086,0.000343,0.092907,0.000000,0.000000,0.000000,1.000000,0.000000,0.000000,0.000000,0.000000,0.000000,0.000000,0.264870,0.000000,0.000000,0.000000,0.000000,0.000000,0.000000
56193.821221,-1,-0.006086,0.000343,0.092907,0.000000,0.000000,0.000000,1.000000,0.000000,0.000000,0.000000,0.000000,0.000000,0.000000,0.264870,0.000000,0.000000,0.000000,0.000000,0.000000,0.000000
56193.871209,-1,-0.006086,0.000343,0.092907,0.000000,0.000000,0.000000,1.000000,0.000000,0.000000,0.000000,0.000000,0.000000,0.000000,0.264870,0.000000,0.000000,0.000000,0.000000,0.000000,0.000000
56193.921199,-1,-0.006086,0.000343,0.092907,0.000000,0.000000,0.000000,1.000000,0.000000,0.000000,0.000000,0.000000,0.000000,0.000000,0.264870,0.000000,0.000000,0.000000,0.000000,0.000000,0.000000
56193.971211,-1,-0.006086,0.000343,0.092907,0.000000,0.000000,0.000000,1.000000,0.000000,0.000000,0.000000,0.000000,0.000000,0.000000,0.264870,0.000000,0.000000,0.000000,0.000000,0.000000,0.000000
56194.021198,-1,-0.006086,0.000343,0.092907,0.000000,0.000000,0.000000,1.000000,0.000000,0.000000,0.000000,0.000000,0.000000,0.000000,0.264870,0.000000,0.000000,0.000000,0.000000,0.000000,0.000000
56194.071205,-1,-0.006086,0.000343,0.092907,0.000000,0.000000,0.000000,1.000000,0.000000,0.000000,0.000000,0.000000,0.000000,0.000000,0.264870,0.000000,0.000000,0.000000,0.000000,0.000000,0.000000
56194.121224,-1,-0.006086,0.000343,0.092907,0.000000,0.000000,0.000000,1.000000,0.000000,0.000000,0.000000,0.000000,0.000000,0.000000,0.264870,0.000000,0.000000,0.000000,0.000000,0.000000,0.000000
56194.171255,-1,-0.006086,0.000343,0.092907,0.000000,0.000000,0.000000,1.000000,0.000000,0.000000,0.000000,0.000000,0.000000,0.000000,0.264870,0.000000,0.000000,0.000000,0.000000,0.000000,0.000000
56194.221198,-1,-0.006086,0.000343,0.092907,0.000000,0.000000,0.000000,1.000000,0.000000,0.000000,0.000000,0.000000,0.000000,0.000000,0.264870,0.000000,0.000000,0.000000,0.000000,0.000000,0.000000
56194.271186,-1,-0.006086,0.000343,0.092907,0.000000,0.000000,0.000000,1.000000,0.000000,0.000000,0.000000,0.000000,0.000000,0.000000,0.264870,0.000000,0.000000,0.000000,0.000000,0.000000,0.000000
56194.321222,-1,-0.006086,0.000343,0.092907,0.000000,0.000000,0.000000,1.000000,0.000000,0.000000,0.000000,0.000000,0.000000,0.000000,0.264870,0.000000,0.000000,0.000000,0.000000,0.000000,0.000000
56194.371215,-1,-0.006086,0.000343,0.092907,0.000000,0.000000,0.000000,1.000000,0.000000,0.000000,0.000000,0.000000,0.000000,0.000000,0.264870,0.000000,0.000000,0.000000,0.000000,0.000000,0.000000
56194.421227,-1,-0.006086,0.000343,0.092907,0.000000,0.000000,0.000000,1.000000,0.000000,0.000000,0.000000,0.000000,0.000000,0.000000,0.264870,0.000000,0.000000,0.000000,0.000000,0.000000,0.000000
56194.471181,-1,-0.006086,0.000343,0.092907,0.000000,0.000000,0.000000,1.000000,0.000000,0.000000,0.000000,0.000000,0.000000,0.000000,0.264870,0.000000,0.000000,0.000000,0.000000,0.000000,0.000000
56194.521218,-1,-0.006086,0.000343,0.092907,0.000000,0.000000,0.000000,1.000000,0.000000,0.000000,0.000000,0.000000,0.000000,0.000000,0.264870,0.000000,0.000000,0.000000,0.000000,0.000000,0.000000
56194.571184,-1,-0.006086,0.000343,0.092907,0.000000,0.000000,0.000000,1.000000,0.000000,0.000000,0.000000,0.000000,0.000000,0.000000,0.264870,0.000000,0.000000,0.000000,0.000000,0.000000,0.000000
56194.621217,-1,-0.006086,0.000343,0.092907,0.000000,0.000000,0.000000,1.000000,0.000000,0.000000,0.000000,0.000000,0.000000,0.000000,0.264870,0.000000,0.000000,0.000000,0.000000,0.000000,0.000000
56194.671217,-1,-0.006086,0.000343,0.092907,0.000000,0.000000,0.000000,1.000000,0.000000,0.000000,0.000000,0.000000,0.000000,0.000000,0.264870,0.000000,0.000000,0.000000,0.000000,0.000000,0.000000
56194.721224,-1,-0.006086,0.000343,0.092907,0.000000,0.000000,0.000000,1.000000,0.000000,0.000000,0.000000,0.000000,0.000000,0.000000,0.264870,0.000000,0.000000,0.000000,0.000000,0.000000,0.000000
56194.771207,-1,-0.006086,0.000343,0.092907,0.000000,0.000000,0.000000,1.000000,0.000000,0.000000,0.000000,0.000000,0.000000,0.000000,0.264870,0.000000,0.000000,0.000000,0.000000,0.000000,0.000000
56194.821239,-1,-0.006086,0.000343,0.092907,0.000000,0.000000,0.000000,1.000000,0.000000,0.000000,0.000000,0.000000,0.000000,0.000000,0.264870,0.000000,0.000000,0.000000,0.000000,0.000000,0.000000
56194.871204,-1,-0.006086,0.000343,0.092907,0.000000,0.000000,0.000000,1.000000,0.000000,0.000000,0.000000,0.000000,0.000000,0.000000,0.264870,0.000000,0.000000,0.000000,0.000000,0.000000,0.000000
56194.921218,-1,-0.006086,0.000343,0.092907,0.000000,0.000000,0.000000,1.000000,0.000000,0.000000,0.000000,0.000000,0.000000,0.000000,0.264870,0.000000,0.000000,0.000000,0.000000,0.000000,0.000000
56194.971200,-1,-0.006086,0.000343,0.092907,0.000000,0.000000,0.000000,1.000000,0.000000,0.000000,0.000000,0.000000,0.000000,0.000000,0.264870,0.000000,0.000000,0.000000,0.000000,0.000000,0.000000
56195.021206,-1,-0.006086,0.000343,0.092907,0.000000,0.000000,0.000000,1.000000,0.000000,0.000000,0.000000,0.000000,0.000000,0.000000,0.264870,0.000000,0.000000,0.000000,0.000000,0.000000,0.000000
56195.071185,-1,-0.006086,0.000343,0.092907,0.000000,0.000000,0.000000,1.000000,0.000000,0.000000,0.000000,0.000000,0.000000,0.000000,0.264870,0.000000,0.000000,0.000000,0.000000,0.000000,0.000000
56195.121207,-1,-0.006086,0.000343,0.092907,0.000000,0.000000,0.000000,1.000000,0.000000,0.000000,0.000000,0.000000,0.000000,0.000000,0.264870,0.000000,0.000000,0.000000,0.000000,0.000000,0.000000
56195.171175,-1,-0.006086,0.000343,0.092907,0.000000,0.000000,0.000000,1.000000,0.000000,0.000000,0.000000,0.000000,0.000000,0.000000,0.264870,0.000000,0.000000,0.000000,0.000000,0.000000,0.000000
56195.221224,-1,-0.006086,0.000343,0.092907,0.000000,0.000000,0.000000,1.000000,0.000000,0.000000,0.000000,0.000000,0.000000,0.000000,0.264870,0.000000,0.000000,0.000000,0.000000,0.000000,0.000000
56195.271203,-1,-0.006086,0.000343,0.092907,0.000000,0.000000,0.000000,1.000000,0.000000,0.000000,0.000000,0.000000,0.000000,0.000000,0.264870,0.000000,0.000000,0.000000,0.000000,0.000000,0.000000
56195.321214,-1,-0.006086,0.000343,0.092907,0.000000,0.000000,0.000000,1.000000,0.000000,0.000000,0.000000,0.000000,0.000000,0.000000,0.264870,0.000000,0.000000,0.000000,0.000000,0.000000,0.000000
56195.371197,-1,-0.006086,0.000343,0.092907,0.000000,0.000000,0.000000,1.000000,0.000000,0.000000,0.000000,0.000000,0.000000,0.000000,0.264870,0.000000,0.000000,0.000000,0.000000,0.000000,0.000000
56195.421233,-1,-0.006086,0.000343,0.092907,0.000000,0.000000,0.000000,1.000000,0.000000,0.000000,0.000000,0.000000,0.000000,0.000000,0.264870,0.000000,0.000000,0.000000,0.000000,0.000000,0.000000
56195.471214,-1,-0.006086,0.000343,0.092907,0.000000,0.000000,0.000000,1.000000,0.000000,0.000000,0.000000,0.000000,0.000000,0.000000,0.264870,0.000000,0.000000,0.000000,0.000000,0.000000,0.000000
56195.521208,-1,-0.006086,0.000343,0.092907,0.000000,0.000000,0.000000,1.000000,0.000000,0.000000,0.000000,0.000000,0.000000,0.000000,0.264870,0.000000,0.000000,0.000000,0.000000,0.000000,0.000000
56195.571181,-1,-0.006086,0.000343,0.092907,0.000000,0.000000,0.000000,1.000000,0.000000,0.000000,0.000000,0.000000,0.000000,0.000000,0.264870,0.000000,0.000000,0.000000,0.000000,0.000000,0.000000
56195.621204,-1,-0.006086,0.000343,0.092907,0.000000,0.000000,0.000000,1.000000,0.000000,0.000000,0.000000,0.000000,0.000000,0.000000,0.264870,0.000000,0.000000,0.000000,0.000000,0.000000,0.000000
56195.671200,-1,-0.006086,0.000343,0.092907,0.000000,0.000000,0.000000,1.000000,0.000000,0.000000,0.000000,0.000000,0.000000,0.000000,0.264870,0.000000,0.000000,0.000000,0.000000,0.000000,0.000000
56195.721201,-1,-0.006086,0.000343,0.092907,0.000000,0.000000,0.000000,1.000000,0.000000,0.000000,0.000000,0.000000,0.000000,0.000000,0.264870,0.000000,0.000000,0.000000,0.000000,0.000000,0.000000
56195.771183,-1,-0.006086,0.000343,0.092907,0.000000,0.000000,0.000000,1.000000,0.000000,0.000000,0.000000,0.000000,0.000000,0.000000,0.264870,0.000000,0.000000,0.000000,0.000000,0.000000,0.000000
56195.821203,-1,-0.006086,0.000343,0.092907,0.000000,0.000000,0.000000,1.000000,0.000000,0.000000,0.000000,0.000000,0.000000,0.000000,0.264870,0.000000,0.000000,0.000000,0.000000,0.000000,0.000000
56195.871192,-1,-0.006086,0.000343,0.092907,0.000000,0.000000,0.000000,1.000000,0.000000,0.000000,0.000000,0.000000,0.000000,0.000000,0.264870,0.000000,0.000000,0.000000,0.000000,0.000000,0.000000
56195.921204,-1,-0.006086,0.000343,0.092907,0.000000,0.000000,0.000000,1.000000,0.000000,0.000000,0.000000,0.000000,0.000000,0.000000,0.264870,0.000000,0.000000,0.000000,0.000000,0.000000,0.000000
56195.971184,-1,-0.006086,0.000343,0.092907,0.000000,0.000000,0.000000,1.000000,0.000000,0.000000,0.000000,0.000000,0.000000,0.000000,0.264870,0.000000,0.000000,0.000000,0.000000,0.000000,0.000000
56196.021197,-1,-0.006086,0.000343,0.092907,0.000000,0.000000,0.000000,1.000000,0.000000,0.000000,0.000000,0.000000,0.000000,0.000000,0.264870,0.000000,0.000000,0.000000,0.000000,0.000000,0.000000
56196.071179,-1,-0.006086,0.000343,0.092907,0.000000,0.000000,0.000000,1.000000,0.000000,0.000000,0.000000,0.000000,0.000000,0.000000,0.264870,0.000000,0.000000,0.000000,0.000000,0.000000,0.000000
56196.121179,-1,-0.006086,0.000343,0.092907,0.000000,0.000000,0.000000,1.000000,0.000000,0.000000,0.000000,0.000000,0.000000,0.000000,0.264870,0.000000,0.000000,0.000000,0.000000,0.000000,0.000000
56196.171184,-1,-0.006086,0.000343,0.092907,0.000000,0.000000,0.000000,1.000000,0.000000,0.000000,0.000000,0.000000,0.000000,0.000000,0.264870,0.000000,0.000000,0.000000,0.000000,0.000000,0.000000
56196.221184,-1,-0.006086,0.000343,0.092907,0.000000,0.000000,0.000000,1.000000,0.000000,0.000000,0.000000,0.000000,0.000000,0.000000,0.264870,0.000000,0.000000,0.000000,0.000000,0.000000,0.000000
56196.271198,-1,-0.006086,0.000343,0.092907,0.000000,0.000000,0.000000,1.000000,0.000000,0.000000,0.000000,0.000000,0.000000,0.000000,0.264870,0.000000,0.000000,0.000000,0.000000,0.000000,0.000000
56196.321207,-1,-0.006086,0.000343,0.092907,0.000000,0.000000,0.000000,1.000000,0.000000,0.000000,0.000000,0.000000,0.000000,0.000000,0.264870,0.000000,0.000000,0.000000,0.000000,0.000000,0.000000
56196.371185,-1,-0.006086,0.000343,0.092907,0.000000,0.000000,0.000000,1.000000,0.000000,0.000000,0.000000,0.000000,0.000000,0.000000,0.264870,0.000000,0.000000,0.000000,0.000000,0.000000,0.000000
56196.421234,-1,-0.006086,0.000343,0.092907,0.000000,0.000000,0.000000,1.000000,0.000000,0.000000,0.000000,0.000000,0.000000,0.000000,0.264870,0.000000,0.000000,0.000000,0.000000,0.000000,0.000000
56196.471209,-1,-0.006086,0.000343,0.092907,0.000000,0.000000,0.000000,1.000000,0.000000,0.000000,0.000000,0.000000,0.000000,0.000000,0.264870,0.000000,0.000000,0.000000,0.000000,0.000000,0.000000
56196.521214,-1,-0.006086,0.000343,0.092907,0.000000,0.000000,0.000000,1.000000,0.000000,0.000000,0.000000,0.000000,0.000000,0.000000,0.264870,0.000000,0.000000,0.000000,0.000000,0.000000,0.000000
56196.571196,-1,-0.006086,0.000343,0.092907,0.000000,0.000000,0.000000,1.000000,0.000000,0.000000,0.000000,0.000000,0.000000,0.000000,0.264870,0.000000,0.000000,0.000000,0.000000,0.000000,0.000000
56196.621188,-1,-0.006086,0.000343,0.092907,0.000000,0.000000,0.000000,1.000000,0.000000,0.000000,0.000000,0.000000,0.000000,0.000000,0.264870,0.000000,0.000000,0.000000,0.000000,0.000000,0.000000
56196.671190,-1,-0.006086,0.000343,0.092907,0.000000,0.000000,0.000000,1.000000,0.000000,0.000000,0.000000,0.000000,0.000000,0.000000,0.264870,0.000000,0.000000,0.000000,0.000000,0.000000,0.000000
56196.721200,-1,-0.006086,0.000343,0.092907,0.000000,0.000000,0.000000,1.000000,0.000000,0.000000,0.000000,0.000000,0.000000,0.000000,0.264870,0.000000,0.000000,0.000000,0.000000,0.000000,0.000000
56196.771187,-1,-0.006086,0.000343,0.092907,0.000000,0.000000,0.000000,1.000000,0.000000,0.000000,0.000000,0.000000,0.000000,0.000000,0.264870,0.000000,0.000000,0.000000,0.000000,0.000000,0.000000
56196.821193,-1,-0.006086,0.000343,0.092907,0.000000,0.000000,0.000000,1.000000,0.000000,0.000000,0.000000,0.000000,0.000000,0.000000,0.264870,0.000000,0.000000,0.000000,0.000000,0.000000,0.000000
56196.871193,-1,-0.006086,0.000343,0.092907,0.000000,0.000000,0.000000,1.000000,0.000000,0.000000,0.000000,0.000000,0.000000,0.000000,0.264870,0.000000,0.000000,0.000000,0.000000,0.000000,0.000000
56196.921186,-1,-0.006086,0.000343,0.092907,0.000000,0.000000,0.000000,1.000000,0.000000,0.000000,0.000000,0.000000,0.000000,0.000000,0.264870,0.000000,0.000000,0.000000,0.000000,0.000000,0.000000
56196.971189,-1,-0.006086,0.000343,0.092907,0.000000,0.000000,0.000000,1.000000,0.000000,0.000000,0.000000,0.000000,0.000000,0.000000,0.264870,0.000000,0.000000,0.000000,0.000000,0.000000,0.000000
56197.021240,-1,-0.006086,0.000343,0.092907,0.000000,0.000000,0.000000,1.000000,0.000000,0.000000,0.000000,0.000000,0.000000,0.000000,0.264870,0.000000,0.000000,0.000000,0.000000,0.000000,0.000000
56197.071256,-1,-0.006086,0.000343,0.092907,0.000000,0.000000,0.000000,1.000000,0.000000,0.000000,0.000000,0.000000,0.000000,0.000000,0.264870,0.000000,0.000000,0.000000,0.000000,0.000000,0.000000
56197.121228,-1,-0.006086,0.000343,0.092907,0.000000,0.000000,0.000000,1.000000,0.000000,0.000000,0.000000,0.000000,0.000000,0.000000,0.264870,0.000000,0.000000,0.000000,0.000000,0.000000,0.000000
56197.171190,-1,-0.006086,0.000343,0.092907,0.000000,0.000000,0.000000,1.000000,0.000000,0.000000,0.000000,0.000000,0.000000,0.000000,0.264870,0.000000,0.000000,0.000000,0.000000,0.000000,0.000000
56197.221181,-1,-0.006086,0.000343,0.092907,0.000000,0.000000,0.000000,1.000000,0.000000,0.000000,0.000000,0.000000,0.000000,0.000000,0.264870,0.000000,0.000000,0.000000,0.000000,0.000000,0.000000
56197.271186,-1,-0.006086,0.000343,0.092907,0.000000,0.000000,0.000000,1.000000,0.000000,0.000000,0.000000,0.000000,0.000000,0.000000,0.264870,0.000000,0.000000,0.000000,0.000000,0.000000,0.000000
56197.321187,-1,-0.006086,0.000343,0.092907,0.000000,0.000000,0.000000,1.000000,0.000000,0.000000,0.000000,0.000000,0.000000,0.000000,0.264870,0.000000,0.000000,0.000000,0.000000,0.000000,0.000000
56197.371181,-1,-0.006086,0.000343,0.092907,0.000000,0.000000,0.000000,1.000000,0.000000,0.000000,0.000000,0.000000,0.000000,0.000000,0.264870,0.000000,0.000000,0.000000,0.000000,0.000000,0.000000
56197.421177,-1,-0.006086,0.000343,0.092907,0.000000,0.000000,0.000000,1.000000,0.000000,0.000000,0.000000,0.000000,0.000000,0.000000,0.264870,0.000000,0.000000,0.000000,0.000000,0.000000,0.000000
56197.471187,-1,-0.006086,0.000343,0.092907,0.000000,0.000000,0.000000,1.000000,0.000000,0.000000,0.000000,0.000000,0.000000,0.000000,0.264870,0.000000,0.000000,0.000000,0.000000,0.000000,0.000000
56197.521179,-1,-0.006086,0.000343,0.092907,0.000000,0.000000,0.000000,1.000000,0.000000,0.000000,0.000000,0.000000,0.000000,0.000000,0.264870,0.000000,0.000000,0.000000,0.000000,0.000000,0.000000
56197.571189,-1,-0.006086,0.000343,0.092907,0.000000,0.000000,0.000000,1.000000,0.000000,0.000000,0.000000,0.000000,0.000000,0.000000,0.264870,0.000000,0.000000,0.000000,0.000000,0.000000,0.000000
56197.621179,-1,-0.006086,0.000343,0.092907,0.000000,0.000000,0.000000,1.000000,0.000000,0.000000,0.000000,0.000000,0.000000,0.000000,0.264870,0.000000,0.000000,0.000000,0.000000,0.000000,0.000000
56197.671191,-1,-0.006086,0.000343,0.092907,0.000000,0.000000,0.000000,1.000000,0.000000,0.000000,0.000000,0.000000,0.000000,0.000000,0.264870,0.000000,0.000000,0.000000,0.000000,0.000000,0.000000
56197.721183,-1,-0.006086,0.000343,0.092907,0.000000,0.000000,0.000000,1.000000,0.000000,0.000000,0.000000,0.000000,0.000000,0.000000,0.264870,0.000000,0.000000,0.000000,0.000000,0.000000,0.000000
56197.771187,-1,-0.006086,0.000343,0.092907,0.000000,0.000000,0.000000,1.000000,0.000000,0.000000,0.000000,0.000000,0.000000,0.000000,0.264870,0.000000,0.000000,0.000000,0.000000,0.000000,0.000000
56197.821187,-1,-0.006086,0.000343,0.092907,0.000000,0.000000,0.000000,1.000000,0.000000,0.000000,0.000000,0.000000,0.000000,0.000000,0.264870,0.000000,0.000000,0.000000,0.000000,0.000000,0.000000
56197.871188,-1,-0.006086,0.000343,0.092907,0.000000,0.000000,0.000000,1.000000,0.000000,0.000000,0.000000,0.000000,0.000000,0.000000,0.264870,0.000000,0.000000,0.000000,0.000000,0.000000,0.000000
56197.921179,-1,-0.006086,0.000343,0.092907,0.000000,0.000000,0.000000,1.000000,0.000000,0.000000,0.000000,0.000000,0.000000,0.000000,0.264870,0.000000,0.000000,0.000000,0.000000,0.000000,0.000000
56197.971180,-1,-0.006086,0.000343,0.092907,0.000000,0.000000,0.000000,1.000000,0.000000,0.000000,0.000000,0.000000,0.000000,0.000000,0.264870,0.000000,0.000000,0.000000,0.000000,0.000000,0.000000
56198.021175,-1,-0.006086,0.000343,0.092907,0.000000,0.000000,0.000000,1.000000,0.000000,0.000000,0.000000,0.000000,0.000000,0.000000,0.264870,0.000000,0.000000,0.000000,0.000000,0.000000,0.000000
56198.071242,-1,-0.006086,0.000343,0.092907,0.000000,0.000000,0.000000,1.000000,0.000000,0.000000,0.000000,0.000000,0.000000,0.000000,0.264870,0.000000,0.000000,0.000000,0.000000,0.000000,0.000000
56198.121192,-1,-0.006086,0.000343,0.092907,0.000000,0.000000,0.000000,1.000000,0.000000,0.000000,0.000000,0.000000,0.000000,0.000000,0.264870,0.000000,0.000000,0.000000,0.000000,0.000000,0.000000
56198.171178,-1,-0.006086,0.000343,0.092907,0.000000,0.000000,0.000000,1.000000,0.000000,0.000000,0.000000,0.000000,0.000000,0.000000,0.264870,0.000000,0.000000,0.000000,0.000000,0.000000,0.000000
56198.221161,-1,-0.006086,0.000343,0.092907,0.000000,0.000000,0.000000,1.000000,0.000000,0.000000,0.000000,0.000000,0.000000,0.000000,0.264870,0.000000,0.000000,0.000000,0.000000,0.000000,0.000000
56198.271183,-1,-0.006086,0.000343,0.092907,0.000000,0.000000,0.000000,1.000000,0.000000,0.000000,0.000000,0.000000,0.000000,0.000000,0.264870,0.000000,0.000000,0.000000,0.000000,0.000000,0.000000
56198.321178,-1,-0.006086,0.000343,0.092907,0.000000,0.000000,0.000000,1.000000,0.000000,0.000000,0.000000,0.000000,0.000000,0.000000,0.264870,0.000000,0.000000,0.000000,0.000000,0.000000,0.000000
56198.371182,-1,-0.006086,0.000343,0.092907,0.000000,0.000000,0.000000,1.000000,0.000000,0.000000,0.000000,0.000000,0.000000,0.000000,0.264870,0.000000,0.000000,0.000000,0.000000,0.000000,0.000000
56198.421179,-1,-0.006086,0.000343,0.092907,0.000000,0.000000,0.000000,1.000000,0.000000,0.000000,0.000000,0.000000,0.000000,0.000000,0.264870,0.000000,0.000000,0.000000,0.000000,0.000000,0.000000
56198.471178,-1,-0.006086,0.000343,0.092907,0.000000,0.000000,0.000000,1.000000,0.000000,0.000000,0.000000,0.000000,0.000000,0.000000,0.264870,0.000000,0.000000,0.000000,0.000000,0.000000,0.000000
56198.521177,-1,-0.006086,0.000343,0.092907,0.000000,0.000000,0.000000,1.000000,0.000000,0.000000,0.000000,0.000000,0.000000,0.000000,0.264870,0.000000,0.000000,0.000000,0.000000,0.000000,0.000000
56198.571185,-1,-0.006086,0.000343,0.092907,0.000000,0.000000,0.000000,1.000000,0.000000,0.000000,0.000000,0.000000,0.000000,0.000000,0.264870,0.000000,0.000000,0.000000,0.000000,0.000000,0.000000
56198.621179,-1,-0.006086,0.000343,0.092907,0.000000,0.000000,0.000000,1.000000,0.000000,0.000000,0.000000,0.000000,0.000000,0.000000,0.264870,0.000000,0.000000,0.000000,0.000000,0.000000,0.000000
56198.671192,-1,-0.006086,0.000343,0.092907,0.000000,0.000000,0.000000,1.000000,0.000000,0.000000,0.000000,0.000000,0.000000,0.000000,0.264870,0.000000,0.000000,0.000000,0.000000,0.000000,0.000000
56198.721180,-1,-0.006086,0.000343,0.092907,0.000000,0.000000,0.000000,1.000000,0.000000,0.000000,0.000000,0.000000,0.000000,0.000000,0.264870,0.000000,0.000000,0.000000,0.000000,0.000000,0.000000
56198.771207,-1,-0.006086,0.000343,0.092907,0.000000,0.000000,0.000000,1.000000,0.000000,0.000000,0.000000,0.000000,0.000000,0.000000,0.264870,0.000000,0.000000,0.000000,0.000000,0.000000,0.000000
56198.821185,-1,-0.006086,0.000343,0.092907,0.000000,0.000000,0.000000,1.000000,0.000000,0.000000,0.000000,0.000000,0.000000,0.000000,0.264870,0.000000,0.000000,0.000000,0.000000,0.000000,0.000000
56198.871179,-1,-0.006086,0.000343,0.092907,0.000000,0.000000,0.000000,1.000000,0.000000,0.000000,0.000000,0.000000,0.000000,0.000000,0.264870,0.000000,0.000000,0.000000,0.000000,0.000000,0.000000
56198.921231,-1,-0.006086,0.000343,0.092907,0.000000,0.000000,0.000000,1.000000,0.000000,0.000000,0.000000,0.000000,0.000000,0.000000,0.264870,0.000000,0.000000,0.000000,0.000000,0.000000,0.000000
56198.971269,-1,-0.006086,0.000343,0.092907,0.000000,0.000000,0.000000,1.000000,0.000000,0.000000,0.000000,0.000000,0.000000,0.000000,0.264870,0.000000,0.000000,0.000000,0.000000,0.000000,0.000000
56199.021174,-1,-0.006086,0.000343,0.092907,0.000000,0.000000,0.000000,1.000000,0.000000,0.000000,0.000000,0.000000,0.000000,0.000000,0.264870,0.000000,0.000000,0.000000,0.000000,0.000000,0.000000
56199.071179,-1,-0.006086,0.000343,0.092907,0.000000,0.000000,0.000000,1.000000,0.000000,0.000000,0.000000,0.000000,0.000000,0.000000,0.264870,0.000000,0.000000,0.000000,0.000000,0.000000,0.000000
56199.121199,-1,-0.006086,0.000343,0.092907,0.000000,0.000000,0.000000,1.000000,0.000000,0.000000,0.000000,0.000000,0.000000,0.000000,0.264870,0.000000,0.000000,0.000000,0.000000,0.000000,0.000000
56199.171186,-1,-0.006086,0.000343,0.092907,0.000000,0.000000,0.000000,1.000000,0.000000,0.000000,0.000000,0.000000,0.000000,0.000000,0.264870,0.000000,0.000000,0.000000,0.000000,0.000000,0.000000
56199.221187,-1,-0.006086,0.000343,0.092907,0.000000,0.000000,0.000000,1.000000,0.000000,0.000000,0.000000,0.000000,0.000000,0.000000,0.264870,0.000000,0.000000,0.000000,0.000000,0.000000,0.000000
56199.271212,-1,-0.006086,0.000343,0.092907,0.000000,0.000000,0.000000,1.000000,0.000000,0.000000,0.000000,0.000000,0.000000,0.000000,0.264870,0.000000,0.000000,0.000000,0.000000,0.000000,0.000000
56199.321191,-1,-0.006086,0.000343,0.092907,0.000000,0.000000,0.000000,1.000000,0.000000,0.000000,0.000000,0.000000,0.000000,0.000000,0.264870,0.000000,0.000000,0.000000,0.000000,0.000000,0.000000
56199.371178,-1,-0.006086,0.000343,0.092907,0.000000,0.000000,0.000000,1.000000,0.000000,0.000000,0.000000,0.000000,0.000000,0.000000,0.264870,0.000000,0.000000,0.000000,0.000000,0.000000,0.000000
56199.421307,-1,-0.006086,0.000343,0.092907,0.000000,0.000000,0.000000,1.000000,0.000000,0.000000,0.000000,0.000000,0.000000,0.000000,0.264870,0.000000,0.000000,0.000000,0.000000,0.000000,0.000000
56199.471167,-1,-0.006086,0.000343,0.092907,0.000000,0.000000,0.000000,1.000000,0.000000,0.000000,0.000000,0.000000,0.000000,0.000000,0.264870,0.000000,0.000000,0.000000,0.000000,0.000000,0.000000
56199.521176,-1,-0.006086,0.000343,0.092907,0.000000,0.000000,0.000000,1.000000,0.000000,0.000000,0.000000,0.000000,0.000000,0.000000,0.264870,0.000000,0.000000,0.000000,0.000000,0.000000,0.000000
56199.571395,-1,-0.006086,0.000343,0.092907,0.000000,0.000000,0.000000,1.000000,0.000000,0.000000,0.000000,0.000000,0.000000,0.000000,0.264870,0.000000,0.000000,0.000000,0.000000,0.000000,0.000000
56199.621183,-1,-0.006086,0.000343,0.092907,0.000000,0.000000,0.000000,1.000000,0.000000,0.000000,0.000000,0.000000,0.000000,0.000000,0.264870,0.000000,0.000000,0.000000,0.000000,0.000000,0.000000
56199.671199,-1,-0.006086,0.000343,0.092907,0.000000,0.000000,0.000000,1.000000,0.000000,0.000000,0.000000,0.000000,0.000000,0.000000,0.264870,0.000000,0.000000,0.000000,0.000000,0.000000,0.000000
56199.721164,-1,-0.006086,0.000343,0.092907,0.000000,0.000000,0.000000,1.000000,0.000000,0.000000,0.000000,0.000000,0.000000,0.000000,0.264870,0.000000,0.000000,0.000000,0.000000,0.000000,0.000000
56199.771183,-1,-0.006086,0.000343,0.092907,0.000000,0.000000,0.000000,1.000000,0.000000,0.000000,0.000000,0.000000,0.000000,0.000000,0.264870,0.000000,0.000000,0.000000,0.000000,0.000000,0.000000
56199.821174,-1,-0.006086,0.000343,0.092907,0.000000,0.000000,0.000000,1.000000,0.000000,0.000000,0.000000,0.000000,0.000000,0.000000,0.264870,0.000000,0.000000,0.000000,0.000000,0.000000,0.000000
56199.871191,-1,-0.006086,0.000343,0.092907,0.000000,0.000000,0.000000,1.000000,0.000000,0.000000,0.000000,0.000000,0.000000,0.000000,0.264870,0.000000,0.000000,0.000000,0.000000,0.000000,0.000000
56199.921225,-1,-0.006086,0.000343,0.092907,0.000000,0.000000,0.000000,1.000000,0.000000,0.000000,0.000000,0.000000,0.000000,0.000000,0.264870,0.000000,0.000000,0.000000,0.000000,0.000000,0.000000
56199.971182,-1,-0.006086,0.000343,0.092907,0.000000,0.000000,0.000000,1.000000,0.000000,0.000000,0.000000,0.000000,0.000000,0.000000,0.264870,0.000000,0.000000,0.000000,0.000000,0.000000,0.000000
56200.021235,-1,-0.006086,0.000343,0.092907,0.000000,0.000000,0.000000,1.000000,0.000000,0.000000,0.000000,0.000000,0.000000,0.000000,0.264870,0.000000,0.000000,0.000000,0.000000,0.000000,0.000000
56200.071144,-1,-0.006086,0.000343,0.092907,0.000000,0.000000,0.000000,1.000000,0.000000,0.000000,0.000000,0.000000,0.000000,0.000000,0.264870,0.000000,0.000000,0.000000,0.000000,0.000000,0.000000
56200.121146,-1,-0.006086,0.000343,0.092907,0.000000,0.000000,0.000000,1.000000,0.000000,0.000000,0.000000,0.000000,0.000000,0.000000,0.264870,0.000000,0.000000,0.000000,0.000000,0.000000,0.000000
56200.171148,-1,-0.006086,0.000343,0.092907,0.000000,0.000000,0.000000,1.000000,0.000000,0.000000,0.000000,0.000000,0.000000,0.000000,0.264870,0.000000,0.000000,0.000000,0.000000,0.000000,0.000000
56200.221122,-1,-0.006086,0.000343,0.092907,0.000000,0.000000,0.000000,1.000000,0.000000,0.000000,0.000000,0.000000,0.000000,0.000000,0.264870,0.000000,0.000000,0.000000,0.000000,0.000000,0.000000
56200.271162,-1,-0.006086,0.000343,0.092907,0.000000,0.000000,0.000000,1.000000,0.000000,0.000000,0.000000,0.000000,0.000000,0.000000,0.264870,0.000000,0.000000,0.000000,0.000000,0.000000,0.000000
56200.321167,-1,-0.006086,0.000343,0.092907,0.000000,0.000000,0.000000,1.000000,0.000000,0.000000,0.000000,0.000000,0.000000,0.000000,0.264870,0.000000,0.000000,0.000000,0.000000,0.000000,0.000000
56200.371142,-1,-0.006086,0.000343,0.092907,0.000000,0.000000,0.000000,1.000000,0.000000,0.000000,0.000000,0.000000,0.000000,0.000000,0.264870,0.000000,0.000000,0.000000,0.000000,0.000000,0.000000
56200.421163,-1,-0.006086,0.000343,0.092907,0.000000,0.000000,0.000000,1.000000,0.000000,0.000000,0.000000,0.000000,0.000000,0.000000,0.264870,0.000000,0.000000,0.000000,0.000000,0.000000,0.000000
56200.521167,-1,-0.005837,0.000037,0.084895,0.000000,0.000000,0.000000,1.000000,0.000000,0.000000,0.000000,0.000000,0.000000,0.000000,0.264870,0.000000,0.000000,0.000000,0.000000,0.000000,0.000000
56200.571157,-1,-0.005837,0.000037,0.084895,0.000000,0.000000,0.000000,1.000000,0.000000,0.000000,0.000000,0.000000,0.000000,0.000000,0.264870,0.000000,0.000000,0.000000,0.000000,0.000000,0.000000
56200.621173,-1,-0.005837,0.000037,0.084895,0.000000,0.000000,0.000000,1.000000,0.000000,0.000000,0.000000,0.000000,0.000000,0.000000,0.264870,0.000000,0.000000,0.000000,0.000000,0.000000,0.000000
56200.671177,-1,-0.005837,0.000037,0.084895,0.000000,0.000000,0.000000,1.000000,0.000000,0.000000,0.000000,0.000000,0.000000,0.000000,0.264870,0.000000,0.000000,0.000000,0.000000,0.000000,0.000000
56200.721165,-1,-0.005837,0.000037,0.084895,0.000000,0.000000,0.000000,1.000000,0.000000,0.000000,0.000000,0.000000,0.000000,0.000000,0.264870,0.000000,0.000000,0.000000,0.000000,0.000000,0.000000
56200.771148,-1,-0.005837,0.000037,0.084895,0.000000,0.000000,0.000000,1.000000,0.000000,0.000000,0.000000,0.000000,0.000000,0.000000,0.264870,0.000000,0.000000,0.000000,0.000000,0.000000,0.000000
56200.821180,-1,-0.005837,0.000037,0.084895,0.000000,0.000000,0.000000,1.000000,0.000000,0.000000,0.000000,0.000000,0.000000,0.000000,0.264870,0.000000,0.000000,0.000000,0.000000,0.000000,0.000000
56200.871163,-1,-0.005837,0.000037,0.084895,0.000000,0.000000,0.000000,1.000000,0.000000,0.000000,0.000000,0.000000,0.000000,0.000000,0.264870,0.000000,0.000000,0.000000,0.000000,0.000000,0.000000
56200.921168,-1,-0.005837,0.000037,0.084895,0.000000,0.000000,0.000000,1.000000,0.000000,0.000000,0.000000,0.000000,0.000000,0.000000,0.264870,0.000000,0.000000,0.000000,0.000000,0.000000,0.000000
56200.971158,-1,-0.005837,0.000037,0.084895,0.000000,0.000000,0.000000,1.000000,0.000000,0.000000,0.000000,0.000000,0.000000,0.000000,0.264870,0.000000,0.000000,0.000000,0.000000,0.000000,0.000000
56201.021158,-1,-0.005837,0.000037,0.084895,0.000000,0.000000,0.000000,1.000000,0.000000,0.000000,0.000000,0.000000,0.000000,0.000000,0.264870,0.000000,0.000000,0.000000,0.000000,0.000000,0.000000
56201.071165,-1,-0.005837,0.000037,0.084895,0.000000,0.000000,0.000000,1.000000,0.000000,0.000000,0.000000,0.000000,0.000000,0.000000,0.264870,0.000000,0.000000,0.000000,0.000000,0.000000,0.000000
56201.121164,-1,-0.005837,0.000037,0.084895,0.000000,0.000000,0.000000,1.000000,0.000000,0.000000,0.000000,0.000000,0.000000,0.000000,0.264870,0.000000,0.000000,0.000000,0.000000,0.000000,0.000000
56201.171162,-1,-0.005837,0.000037,0.084895,0.000000,0.000000,0.000000,1.000000,0.000000,0.000000,0.000000,0.000000,0.000000,0.000000,0.264870,0.000000,0.000000,0.000000,0.000000,0.000000,0.000000
56201.221162,-1,-0.005837,0.000037,0.084895,0.000000,0.000000,0.000000,1.000000,0.000000,0.000000,0.000000,0.000000,0.000000,0.000000,0.264870,0.000000,0.000000,0.000000,0.000000,0.000000,0.000000
56201.271121,-1,-0.005837,0.000037,0.084895,0.000000,0.000000,0.000000,1.000000,0.000000,0.000000,0.000000,0.000000,0.000000,0.000000,0.264870,0.000000,0.000000,0.000000,0.000000,0.000000,0.000000
56201.321160,-1,-0.005837,0.000037,0.084895,0.000000,0.000000,0.000000,1.000000,0.000000,0.000000,0.000000,0.000000,0.000000,0.000000,0.264870,0.000000,0.000000,0.000000,0.000000,0.000000,0.000000
56201.371161,-1,-0.005837,0.000037,0.084895,0.000000,0.000000,0.000000,1.000000,0.000000,0.000000,0.000000,0.000000,0.000000,0.000000,0.264870,0.000000,0.000000,0.000000,0.000000,0.000000,0.000000
56201.421168,-1,-0.005837,0.000037,0.084895,0.000000,0.000000,0.000000,1.000000,0.000000,0.000000,0.000000,0.000000,0.000000,0.000000,0.264870,0.000000,0.000000,0.000000,0.000000,0.000000,0.000000
56201.471145,-1,-0.005837,0.000037,0.084895,0.000000,0.000000,0.000000,1.000000,0.000000,0.000000,0.000000,0.000000,0.000000,0.000000,0.264870,0.000000,0.000000,0.000000,0.000000,0.000000,0.000000
56201.521147,-1,-0.005837,0.000037,0.084895,0.000000,0.000000,0.000000,1.000000,0.000000,0.000000,0.000000,0.000000,0.000000,0.000000,0.264870,0.000000,0.000000,0.000000,0.000000,0.000000,0.000000
56201.571160,-1,-0.005837,0.000037,0.084895,0.000000,0.000000,0.000000,1.000000,0.000000,0.000000,0.000000,0.000000,0.000000,0.000000,0.264870,0.000000,0.000000,0.000000,0.000000,0.000000,0.000000
56201.621161,-1,-0.005837,0.000037,0.084895,0.000000,0.000000,0.000000,1.000000,0.000000,0.000000,0.000000,0.000000,0.000000,0.000000,0.264870,0.000000,0.000000,0.000000,0.000000,0.000000,0.000000
56201.671155,-1,-0.005837,0.000037,0.084895,0.000000,0.000000,0.000000,1.000000,0.000000,0.000000,0.000000,0.000000,0.000000,0.000000,0.264870,0.000000,0.000000,0.000000,0.000000,0.000000,0.000000
56201.721157,-1,-0.005837,0.000037,0.084895,0.000000,0.000000,0.000000,1.000000,0.000000,0.000000,0.000000,0.000000,0.000000,0.000000,0.264870,0.000000,0.000000,0.000000,0.000000,0.000000,0.000000
56201.771167,-1,-0.005837,0.000037,0.084895,0.000000,0.000000,0.000000,1.000000,0.000000,0.000000,0.000000,0.000000,0.000000,0.000000,0.264870,0.000000,0.000000,0.000000,0.000000,0.000000,0.000000
56201.821160,-1,-0.005837,0.000037,0.084895,0.000000,0.000000,0.000000,1.000000,0.000000,0.000000,0.000000,0.000000,0.000000,0.000000,0.264870,0.000000,0.000000,0.000000,0.000000,0.000000,0.000000
56201.871162,-1,-0.005837,0.000037,0.084895,0.000000,0.000000,0.000000,1.000000,0.000000,0.000000,0.000000,0.000000,0.000000,0.000000,0.264870,0.000000,0.000000,0.000000,0.000000,0.000000,0.000000
56201.921164,-1,-0.005837,0.000037,0.084895,0.000000,0.000000,0.000000,1.000000,0.000000,0.000000,0.000000,0.000000,0.000000,0.000000,0.264870,0.000000,0.000000,0.000000,0.000000,0.000000,0.000000
56201.971165,-1,-0.005837,0.000037,0.084895,0.000000,0.000000,0.000000,1.000000,0.000000,0.000000,0.000000,0.000000,0.000000,0.000000,0.264870,0.000000,0.000000,0.000000,0.000000,0.000000,0.000000
56202.021154,-1,-0.005837,0.000037,0.084895,0.000000,0.000000,0.000000,1.000000,0.000000,0.000000,0.000000,0.000000,0.000000,0.000000,0.264870,0.000000,0.000000,0.000000,0.000000,0.000000,0.000000
56202.071161,-1,-0.005837,0.000037,0.084895,0.000000,0.000000,0.000000,1.000000,0.000000,0.000000,0.000000,0.000000,0.000000,0.000000,0.264870,0.000000,0.000000,0.000000,0.000000,0.000000,0.000000
56202.121157,-1,-0.005837,0.000037,0.084895,0.000000,0.000000,0.000000,1.000000,0.000000,0.000000,0.000000,0.000000,0.000000,0.000000,0.264870,0.000000,0.000000,0.000000,0.000000,0.000000,0.000000
56202.171170,-1,-0.005837,0.000037,0.084895,0.000000,0.000000,0.000000,1.000000,0.000000,0.000000,0.000000,0.000000,0.000000,0.000000,0.264870,0.000000,0.000000,0.000000,0.000000,0.000000,0.000000
56202.221168,-1,-0.005837,0.000037,0.084895,0.000000,0.000000,0.000000,1.000000,0.000000,0.000000,0.000000,0.000000,0.000000,0.000000,0.264870,0.000000,0.000000,0.000000,0.000000,0.000000,0.000000
56202.271168,-1,-0.005837,0.000037,0.084895,0.000000,0.000000,0.000000,1.000000,0.000000,0.000000,0.000000,0.000000,0.000000,0.000000,0.264870,0.000000,0.000000,0.000000,0.000000,0.000000,0.000000
56202.321196,-1,-0.005837,0.000037,0.084895,0.000000,0.000000,0.000000,1.000000,0.000000,0.000000,0.000000,0.000000,0.000000,0.000000,0.264870,0.000000,0.000000,0.000000,0.000000,0.000000,0.000000
56202.371155,-1,-0.005837,0.000037,0.084895,0.000000,0.000000,0.000000,1.000000,0.000000,0.000000,0.000000,0.000000,0.000000,0.000000,0.264870,0.000000,0.000000,0.000000,0.000000,0.000000,0.000000
56202.421125,-1,-0.005837,0.000037,0.084895,0.000000,0.000000,0.000000,1.000000,0.000000,0.000000,0.000000,0.000000,0.000000,0.000000,0.264870,0.000000,0.000000,0.000000,0.000000,0.000000,0.000000
56202.471157,-1,-0.005837,0.000037,0.084895,0.000000,0.000000,0.000000,1.000000,0.000000,0.000000,0.000000,0.000000,0.000000,0.000000,0.264870,0.000000,0.000000,0.000000,0.000000,0.000000,0.000000
56202.521151,-1,-0.005837,0.000037,0.084895,0.000000,0.000000,0.000000,1.000000,0.000000,0.000000,0.000000,0.000000,0.000000,0.000000,0.264870,0.000000,0.000000,0.000000,0.000000,0.000000,0.000000
56202.571163,-1,-0.005837,0.000037,0.084895,0.000000,0.000000,0.000000,1.000000,0.000000,0.000000,0.000000,0.000000,0.000000,0.000000,0.264870,0.000000,0.000000,0.000000,0.000000,0.000000,0.000000
56202.621166,-1,-0.005837,0.000037,0.084895,0.000000,0.000000,0.000000,1.000000,0.000000,0.000000,0.000000,0.000000,0.000000,0.000000,0.264870,0.000000,0.000000,0.000000,0.000000,0.000000,0.000000
56202.671162,-1,-0.005837,0.000037,0.084895,0.000000,0.000000,0.000000,1.000000,0.000000,0.000000,0.000000,0.000000,0.000000,0.000000,0.264870,0.000000,0.000000,0.000000,0.000000,0.000000,0.000000
56202.721143,-1,-0.005837,0.000037,0.084895,0.000000,0.000000,0.000000,1.000000,0.000000,0.000000,0.000000,0.000000,0.000000,0.000000,0.264870,0.000000,0.000000,0.000000,0.000000,0.000000,0.000000
56202.771155,-1,-0.005837,0.000037,0.084895,0.000000,0.000000,0.000000,1.000000,0.000000,0.000000,0.000000,0.000000,0.000000,0.000000,0.264870,0.000000,0.000000,0.000000,0.000000,0.000000,0.000000
56202.821156,-1,-0.005837,0.000037,0.084895,0.000000,0.000000,0.000000,1.000000,0.000000,0.000000,0.000000,0.000000,0.000000,0.000000,0.264870,0.000000,0.000000,0.000000,0.000000,0.000000,0.000000
56202.871156,-1,-0.005837,0.000037,0.084895,0.000000,0.000000,0.000000,1.000000,0.000000,0.000000,0.000000,0.000000,0.000000,0.000000,0.264870,0.000000,0.000000,0.000000,0.000000,0.000000,0.000000
56202.921155,-1,-0.005837,0.000037,0.084895,0.000000,0.000000,0.000000,1.000000,0.000000,0.000000,0.000000,0.000000,0.000000,0.000000,0.264870,0.000000,0.000000,0.000000,0.000000,0.000000,0.000000
56202.971153,-1,-0.005837,0.000037,0.084895,0.000000,0.000000,0.000000,1.000000,0.000000,0.000000,0.000000,0.000000,0.000000,0.000000,0.264870,0.000000,0.000000,0.000000,0.000000,0.000000,0.000000
56203.021152,-1,-0.005837,0.000037,0.084895,0.000000,0.000000,0.000000,1.000000,0.000000,0.000000,0.000000,0.000000,0.000000,0.000000,0.264870,0.000000,0.000000,0.000000,0.000000,0.000000,0.000000
56203.071154,-1,-0.005837,0.000037,0.084895,0.000000,0.000000,0.000000,1.000000,0.000000,0.000000,0.000000,0.000000,0.000000,0.000000,0.264870,0.000000,0.000000,0.000000,0.000000,0.000000,0.000000
56203.121152,-1,-0.005837,0.000037,0.084895,0.000000,0.000000,0.000000,1.000000,0.000000,0.000000,0.000000,0.000000,0.000000,0.000000,0.264870,0.000000,0.000000,0.000000,0.000000,0.000000,0.000000
56203.171154,-1,-0.005837,0.000037,0.084895,0.000000,0.000000,0.000000,1.000000,0.000000,0.000000,0.000000,0.000000,0.000000,0.000000,0.264870,0.000000,0.000000,0.000000,0.000000,0.000000,0.000000
56203.221145,-1,-0.005837,0.000037,0.084895,0.000000,0.000000,0.000000,1.000000,0.000000,0.000000,0.000000,0.000000,0.000000,0.000000,0.264870,0.000000,0.000000,0.000000,0.000000,0.000000,0.000000
56203.271152,-1,-0.005837,0.000037,0.084895,0.000000,0.000000,0.000000,1.000000,0.000000,0.000000,0.000000,0.000000,0.000000,0.000000,0.264870,0.000000,0.000000,0.000000,0.000000,0.000000,0.000000
56203.321148,-1,-0.005837,0.000037,0.084895,0.000000,0.000000,0.000000,1.000000,0.000000,0.000000,0.000000,0.000000,0.000000,0.000000,0.264870,0.000000,0.000000,0.000000,0.000000,0.000000,0.000000
56203.371151,-1,-0.005837,0.000037,0.084895,0.000000,0.000000,0.000000,1.000000,0.000000,0.000000,0.000000,0.000000,0.000000,0.000000,0.264870,0.000000,0.000000,0.000000,0.000000,0.000000,0.000000
56203.421153,-1,-0.005837,0.000037,0.084895,0.000000,0.000000,0.000000,1.000000,0.000000,0.000000,0.000000,0.000000,0.000000,0.000000,0.264870,0.000000,0.000000,0.000000,0.000000,0.000000,0.000000
56203.471174,-1,-0.005837,0.000037,0.084895,0.000000,0.000000,0.000000,1.000000,0.000000,0.000000,0.000000,0.000000,0.000000,0.000000,0.264870,0.000000,0.000000,0.000000,0.000000,0.000000,0.000000
56203.521152,-1,-0.005837,0.000037,0.084895,0.000000,0.000000,0.000000,1.000000,0.000000,0.000000,0.000000,0.000000,0.000000,0.000000,0.264870,0.000000,0.000000,0.000000,0.000000,0.000000,0.000000
56203.571154,-1,-0.005837,0.000037,0.084895,0.000000,0.000000,0.000000,1.000000,0.000000,0.000000,0.000000,0.000000,0.000000,0.000000,0.264870,0.000000,0.000000,0.000000,0.000000,0.000000,0.000000
56203.621150,-1,-0.005837,0.000037,0.084895,0.000000,0.000000,0.000000,1.000000,0.000000,0.000000,0.000000,0.000000,0.000000,0.000000,0.264870,0.000000,0.000000,0.000000,0.000000,0.000000,0.000000
56203.671145,-1,-0.005837,0.000037,0.084895,0.000000,0.000000,0.000000,1.000000,0.000000,0.000000,0.000000,0.000000,0.000000,0.000000,0.264870,0.000000,0.000000,0.000000,0.000000,0.000000,0.000000
56203.721148,-1,-0.005837,0.000037,0.084895,0.000000,0.000000,0.000000,1.000000,0.000000,0.000000,0.000000,0.000000,0.000000,0.000000,0.264870,0.000000,0.000000,0.000000,0.000000,0.000000,0.000000
56203.771146,-1,-0.005837,0.000037,0.084895,0.000000,0.000000,0.000000,1.000000,0.000000,0.000000,0.000000,0.000000,0.000000,0.000000,0.264870,0.000000,0.000000,0.000000,0.000000,0.000000,0.000000
56203.821149,-1,-0.005837,0.000037,0.084895,0.000000,0.000000,0.000000,1.000000,0.000000,0.000000,0.000000,0.000000,0.000000,0.000000,0.264870,0.000000,0.000000,0.000000,0.000000,0.000000,0.000000
56203.871145,-1,-0.005837,0.000037,0.084895,0.000000,0.000000,0.000000,1.000000,0.000000,0.000000,0.000000,0.000000,0.000000,0.000000,0.264870,0.000000,0.000000,0.000000,0.000000,0.000000,0.000000
56203.921160,-1,-0.005837,0.000037,0.084895,0.000000,0.000000,0.000000,1.000000,0.000000,0.000000,0.000000,0.000000,0.000000,0.000000,0.264870,0.000000,0.000000,0.000000,0.000000,0.000000,0.000000
56203.971148,-1,-0.005837,0.000037,0.084895,0.000000,0.000000,0.000000,1.000000,0.000000,0.000000,0.000000,0.000000,0.000000,0.000000,0.264870,0.000000,0.000000,0.000000,0.000000,0.000000,0.000000
56204.021151,-1,-0.005837,0.000037,0.084895,0.000000,0.000000,0.000000,1.000000,0.000000,0.000000,0.000000,0.000000,0.000000,0.000000,0.264870,0.000000,0.000000,0.000000,0.000000,0.000000,0.000000
56204.071147,-1,-0.005837,0.000037,0.084895,0.000000,0.000000,0.000000,1.000000,0.000000,0.000000,0.000000,0.000000,0.000000,0.000000,0.264870,0.000000,0.000000,0.000000,0.000000,0.000000,0.000000
56204.121147,-1,-0.005837,0.000037,0.084895,0.000000,0.000000,0.000000,1.000000,0.000000,0.000000,0.000000,0.000000,0.000000,0.000000,0.264870,0.000000,0.000000,0.000000,0.000000,0.000000,0.000000
56204.171139,-1,-0.005837,0.000037,0.084895,0.000000,0.000000,0.000000,1.000000,0.000000,0.000000,0.000000,0.000000,0.000000,0.000000,0.264870,0.000000,0.000000,0.000000,0.000000,0.000000,0.000000
56204.221151,-1,-0.005837,0.000037,0.084895,0.000000,0.000000,0.000000,1.000000,0.000000,0.000000,0.000000,0.000000,0.000000,0.000000,0.264870,0.000000,0.000000,0.000000,0.000000,0.000000,0.000000
56204.271128,-1,-0.005837,0.000037,0.084895,0.000000,0.000000,0.000000,1.000000,0.000000,0.000000,0.000000,0.000000,0.000000,0.000000,0.264870,0.000000,0.000000,0.000000,0.000000,0.000000,0.000000
56204.321149,-1,-0.005837,0.000037,0.084895,0.000000,0.000000,0.000000,1.000000,0.000000,0.000000,0.000000,0.000000,0.000000,0.000000,0.264870,0.000000,0.000000,0.000000,0.000000,0.000000,0.000000
56204.371132,-1,-0.005837,0.000037,0.084895,0.000000,0.000000,0.000000,1.000000,0.000000,0.000000,0.000000,0.000000,0.000000,0.000000,0.264870,0.000000,0.000000,0.000000,0.000000,0.000000,0.000000
56204.421147,-1,-0.005837,0.000037,0.084895,0.000000,0.000000,0.000000,1.000000,0.000000,0.000000,0.000000,0.000000,0.000000,0.000000,0.264870,0.000000,0.000000,0.000000,0.000000,0.000000,0.000000
56204.471148,-1,-0.005837,0.000037,0.084895,0.000000,0.000000,0.000000,1.000000,0.000000,0.000000,0.000000,0.000000,0.000000,0.000000,0.264870,0.000000,0.000000,0.000000,0.000000,0.000000,0.000000
56204.521145,-1,-0.005837,0.000037,0.084895,0.000000,0.000000,0.000000,1.000000,0.000000,0.000000,0.000000,0.000000,0.000000,0.000000,0.264870,0.000000,0.000000,0.000000,0.000000,0.000000,0.000000
56204.571150,-1,-0.005837,0.000037,0.084895,0.000000,0.000000,0.000000,1.000000,0.000000,0.000000,0.000000,0.000000,0.000000,0.000000,0.264870,0.000000,0.000000,0.000000,0.000000,0.000000,0.000000
56204.621146,-1,-0.005837,0.000037,0.084895,0.000000,0.000000,0.000000,1.000000,0.000000,0.000000,0.000000,0.000000,0.000000,0.000000,0.264870,0.000000,0.000000,0.000000,0.000000,0.000000,0.000000
56204.671141,-1,-0.005837,0.000037,0.084895,0.000000,0.000000,0.000000,1.000000,0.000000,0.000000,0.000000,0.000000,0.000000,0.000000,0.264870,0.000000,0.000000,0.000000,0.000000,0.000000,0.000000
56204.721141,-1,-0.005837,0.000037,0.084895,0.000000,0.000000,0.000000,1.000000,0.000000,0.000000,0.000000,0.000000,0.000000,0.000000,0.264870,0.000000,0.000000,0.000000,0.000000,0.000000,0.000000
56204.771146,-1,-0.005837,0.000037,0.084895,0.000000,0.000000,0.000000,1.000000,0.000000,0.000000,0.000000,0.000000,0.000000,0.000000,0.264870,0.000000,0.000000,0.000000,0.000000,0.000000,0.000000
56204.821148,-1,-0.005837,0.000037,0.084895,0.000000,0.000000,0.000000,1.000000,0.000000,0.000000,0.000000,0.000000,0.000000,0.000000,0.264870,0.000000,0.000000,0.000000,0.000000,0.000000,0.000000
56204.871146,-1,-0.005837,0.000037,0.084895,0.000000,0.000000,0.000000,1.000000,0.000000,0.000000,0.000000,0.000000,0.000000,0.000000,0.264870,0.000000,0.000000,0.000000,0.000000,0.000000,0.000000
56204.921126,-1,-0.005837,0.000037,0.084895,0.000000,0.000000,0.000000,1.000000,0.000000,0.000000,0.000000,0.000000,0.000000,0.000000,0.264870,0.000000,0.000000,0.000000,0.000000,0.000000,0.000000
56204.971126,-1,-0.005837,0.000037,0.084895,0.000000,0.000000,0.000000,1.000000,0.000000,0.000000,0.000000,0.000000,0.000000,0.000000,0.264870,0.000000,0.000000,0.000000,0.000000,0.000000,0.000000
56205.021144,-1,-0.005837,0.000037,0.084895,0.000000,0.000000,0.000000,1.000000,0.000000,0.000000,0.000000,0.000000,0.000000,0.000000,0.264870,0.000000,0.000000,0.000000,0.000000,0.000000,0.000000
56205.071135,-1,-0.005837,0.000037,0.084895,0.000000,0.000000,0.000000,1.000000,0.000000,0.000000,0.000000,0.000000,0.000000,0.000000,0.264870,0.000000,0.000000,0.000000,0.000000,0.000000,0.000000
56205.121144,-1,-0.005837,0.000037,0.084895,0.000000,0.000000,0.000000,1.000000,0.000000,0.000000,0.000000,0.000000,0.000000,0.000000,0.264870,0.000000,0.000000,0.000000,0.000000,0.000000,0.000000
56205.171141,-1,-0.005837,0.000037,0.084895,0.000000,0.000000,0.000000,1.000000,0.000000,0.000000,0.000000,0.000000,0.000000,0.000000,0.264870,0.000000,0.000000,0.000000,0.000000,0.000000,0.000000
56205.221145,-1,-0.005837,0.000037,0.084895,0.000000,0.000000,0.000000,1.000000,0.000000,0.000000,0.000000,0.000000,0.000000,0.000000,0.264870,0.000000,0.000000,0.000000,0.000000,0.000000,0.000000
56205.271152,-1,-0.005837,0.000037,0.084895,0.000000,0.000000,0.000000,1.000000,0.000000,0.000000,0.000000,0.000000,0.000000,0.000000,0.264870,0.000000,0.000000,0.000000,0.000000,0.000000,0.000000
56205.321136,-1,-0.005837,0.000037,0.084895,0.000000,0.000000,0.000000,1.000000,0.000000,0.000000,0.000000,0.000000,0.000000,0.000000,0.264870,0.000000,0.000000,0.000000,0.000000,0.000000,0.000000
56205.371141,-1,-0.005837,0.000037,0.084895,0.000000,0.000000,0.000000,1.000000,0.000000,0.000000,0.000000,0.000000,0.000000,0.000000,0.264870,0.000000,0.000000,0.000000,0.000000,0.000000,0.000000
56205.421148,-1,-0.005837,0.000037,0.084895,0.000000,0.000000,0.000000,1.000000,0.000000,0.000000,0.000000,0.000000,0.000000,0.000000,0.264870,0.000000,0.000000,0.000000,0.000000,0.000000,0.000000
56205.471153,-1,-0.005837,0.000037,0.084895,0.000000,0.000000,0.000000,1.000000,0.000000,0.000000,0.000000,0.000000,0.000000,0.000000,0.264870,0.000000,0.000000,0.000000,0.000000,0.000000,0.000000
56205.521140,-1,-0.005837,0.000037,0.084895,0.000000,0.000000,0.000000,1.000000,0.000000,0.000000,0.000000,0.000000,0.000000,0.000000,0.264870,0.000000,0.000000,0.000000,0.000000,0.000000,0.000000
56205.571165,-1,-0.005837,0.000037,0.084895,0.000000,0.000000,0.000000,1.000000,0.000000,0.000000,0.000000,0.000000,0.000000,0.000000,0.264870,0.000000,0.000000,0.000000,0.000000,0.000000,0.000000
56205.621134,-1,-0.005837,0.000037,0.084895,0.000000,0.000000,0.000000,1.000000,0.000000,0.000000,0.000000,0.000000,0.000000,0.000000,0.264870,0.000000,0.000000,0.000000,0.000000,0.000000,0.000000
56205.671139,-1,-0.005837,0.000037,0.084895,0.000000,0.000000,0.000000,1.000000,0.000000,0.000000,0.000000,0.000000,0.000000,0.000000,0.264870,0.000000,0.000000,0.000000,0.000000,0.000000,0.000000
56205.721126,-1,-0.005837,0.000037,0.084895,0.000000,0.000000,0.000000,1.000000,0.000000,0.000000,0.000000,0.000000,0.000000,0.000000,0.264870,0.000000,0.000000,0.000000,0.000000,0.000000,0.000000
56205.771137,-1,-0.005837,0.000037,0.084895,0.000000,0.000000,0.000000,1.000000,0.000000,0.000000,0.000000,0.000000,0.000000,0.000000,0.264870,0.000000,0.000000,0.000000,0.000000,0.000000,0.000000
56205.821140,-1,-0.005837,0.000037,0.084895,0.000000,0.000000,0.000000,1.000000,0.000000,0.000000,0.000000,0.000000,0.000000,0.000000,0.264870,0.000000,0.000000,0.000000,0.000000,0.000000,0.000000
56205.871139,-1,-0.005837,0.000037,0.084895,0.000000,0.000000,0.000000,1.000000,0.000000,0.000000,0.000000,0.000000,0.000000,0.000000,0.264870,0.000000,0.000000,0.000000,0.000000,0.000000,0.000000
56205.921138,-1,-0.005837,0.000037,0.084895,0.000000,0.000000,0.000000,1.000000,0.000000,0.000000,0.000000,0.000000,0.000000,0.000000,0.264870,0.000000,0.000000,0.000000,0.000000,0.000000,0.000000
56205.971135,-1,-0.005837,0.000037,0.084895,0.000000,0.000000,0.000000,1.000000,0.000000,0.000000,0.000000,0.000000,0.000000,0.000000,0.264870,0.000000,0.000000,0.000000,0.000000,0.000000,0.000000
56206.021164,-1,-0.005837,0.000037,0.084895,0.000000,0.000000,0.000000,1.000000,0.000000,0.000000,0.000000,0.000000,0.000000,0.000000,0.264870,0.000000,0.000000,0.000000,0.000000,0.000000,0.000000
56206.071149,-1,-0.005837,0.000037,0.084895,0.000000,0.000000,0.000000,1.000000,0.000000,0.000000,0.000000,0.000000,0.000000,0.000000,0.264870,0.000000,0.000000,0.000000,0.000000,0.000000,0.000000
56206.121160,-1,-0.005837,0.000037,0.084895,0.000000,0.000000,0.000000,1.000000,0.000000,0.000000,0.000000,0.000000,0.000000,0.000000,0.264870,0.000000,0.000000,0.000000,0.000000,0.000000,0.000000
56206.171125,-1,-0.005837,0.000037,0.084895,0.000000,0.000000,0.000000,1.000000,0.000000,0.000000,0.000000,0.000000,0.000000,0.000000,0.264870,0.000000,0.000000,0.000000,0.000000,0.000000,0.000000
56206.221157,-1,-0.005837,0.000037,0.084895,0.000000,0.000000,0.000000,1.000000,0.000000,0.000000,0.000000,0.000000,0.000000,0.000000,0.264870,0.000000,0.000000,0.000000,0.000000,0.000000,0.000000
56206.271204,-1,-0.005837,0.000037,0.084895,0.000000,0.000000,0.000000,1.000000,0.000000,0.000000,0.000000,0.000000,0.000000,0.000000,0.264870,0.000000,0.000000,0.000000,0.000000,0.000000,0.000000
56206.321158,-1,-0.005837,0.000037,0.084895,0.000000,0.000000,0.000000,1.000000,0.000000,0.000000,0.000000,0.000000,0.000000,0.000000,0.264870,0.000000,0.000000,0.000000,0.000000,0.000000,0.000000
56206.371164,-1,-0.005837,0.000037,0.084895,0.000000,0.000000,0.000000,1.000000,0.000000,0.000000,0.000000,0.000000,0.000000,0.000000,0.264870,0.000000,0.000000,0.000000,0.000000,0.000000,0.000000
56206.421156,-1,-0.005837,0.000037,0.084895,0.000000,0.000000,0.000000,1.000000,0.000000,0.000000,0.000000,0.000000,0.000000,0.000000,0.264870,0.000000,0.000000,0.000000,0.000000,0.000000,0.000000
56206.471198,-1,-0.005837,0.000037,0.084895,0.000000,0.000000,0.000000,1.000000,0.000000,0.000000,0.000000,0.000000,0.000000,0.000000,0.264870,0.000000,0.000000,0.000000,0.000000,0.000000,0.000000
56206.521185,-1,-0.005837,0.000037,0.084895,0.000000,0.000000,0.000000,1.000000,0.000000,0.000000,0.000000,0.000000,0.000000,0.000000,0.264870,0.000000,0.000000,0.000000,0.000000,0.000000,0.000000
56206.571148,-1,-0.005837,0.000037,0.084895,0.000000,0.000000,0.000000,1.000000,0.000000,0.000000,0.000000,0.000000,0.000000,0.000000,0.264870,0.000000,0.000000,0.000000,0.000000,0.000000,0.000000
56206.621171,-1,-0.005837,0.000037,0.084895,0.000000,0.000000,0.000000,1.000000,0.000000,0.000000,0.000000,0.000000,0.000000,0.000000,0.264870,0.000000,0.000000,0.000000,0.000000,0.000000,0.000000
56206.671120,-1,-0.005837,0.000037,0.084895,0.000000,0.000000,0.000000,1.000000,0.000000,0.000000,0.000000,0.000000,0.000000,0.000000,0.264870,0.000000,0.000000,0.000000,0.000000,0.000000,0.000000
56206.721184,-1,-0.005837,0.000037,0.084895,0.000000,0.000000,0.000000,1.000000,0.000000,0.000000,0.000000,0.000000,0.000000,0.000000,0.264870,0.000000,0.000000,0.000000,0.000000,0.000000,0.000000
56206.771151,-1,-0.005837,0.000037,0.084895,0.000000,0.000000,0.000000,1.000000,0.000000,0.000000,0.000000,0.000000,0.000000,0.000000,0.264870,0.000000,0.000000,0.000000,0.000000,0.000000,0.000000
56206.821152,-1,-0.005837,0.000037,0.084895,0.000000,0.000000,0.000000,1.000000,0.000000,0.000000,0.000000,0.000000,0.000000,0.000000,0.264870,0.000000,0.000000,0.000000,0.000000,0.000000,0.000000
56206.871138,-1,-0.005837,0.000037,0.084895,0.000000,0.000000,0.000000,1.000000,0.000000,0.000000,0.000000,0.000000,0.000000,0.000000,0.264870,0.000000,0.000000,0.000000,0.000000,0.000000,0.000000
56206.921143,-1,-0.005837,0.000037,0.084895,0.000000,0.000000,0.000000,1.000000,0.000000,0.000000,0.000000,0.000000,0.000000,0.000000,0.264870,0.000000,0.000000,0.000000,0.000000,0.000000,0.000000
56206.971142,-1,-0.005837,0.000037,0.084895,0.000000,0.000000,0.000000,1.000000,0.000000,0.000000,0.000000,0.000000,0.000000,0.000000,0.264870,0.000000,0.000000,0.000000,0.000000,0.000000,0.000000
56207.021155,-1,-0.005837,0.000037,0.084895,0.000000,0.000000,0.000000,1.000000,0.000000,0.000000,0.000000,0.000000,0.000000,0.000000,0.264870,0.000000,0.000000,0.000000,0.000000,0.000000,0.000000
56207.071136,-1,-0.005837,0.000037,0.084895,0.000000,0.000000,0.000000,1.000000,0.000000,0.000000,0.000000,0.000000,0.000000,0.000000,0.264870,0.000000,0.000000,0.000000,0.000000,0.000000,0.000000
56207.121149,-1,-0.005837,0.000037,0.084895,0.000000,0.000000,0.000000,1.000000,0.000000,0.000000,0.000000,0.000000,0.000000,0.000000,0.264870,0.000000,0.000000,0.000000,0.000000,0.000000,0.000000
56207.171141,-1,-0.005837,0.000037,0.084895,0.000000,0.000000,0.000000,1.000000,0.000000,0.000000,0.000000,0.000000,0.000000,0.000000,0.264870,0.000000,0.000000,0.000000,0.000000,0.000000,0.000000
56207.221156,-1,-0.005837,0.000037,0.084895,0.000000,0.000000,0.000000,1.000000,0.000000,0.000000,0.000000,0.000000,0.000000,0.000000,0.264870,0.000000,0.000000,0.000000,0.000000,0.000000,0.000000
56207.271222,-1,-0.005837,0.000037,0.084895,0.000000,0.000000,0.000000,1.000000,0.000000,0.000000,0.000000,0.000000,0.000000,0.000000,0.264870,0.000000,0.000000,0.000000,0.000000,0.000000,0.000000
56207.321182,-1,-0.005837,0.000037,0.084895,0.000000,0.000000,0.000000,1.000000,0.000000,0.000000,0.000000,0.000000,0.000000,0.000000,0.264870,0.000000,0.000000,0.000000,0.000000,0.000000,0.000000
56207.371147,-1,-0.005837,0.000037,0.084895,0.000000,0.000000,0.000000,1.000000,0.000000,0.000000,0.000000,0.000000,0.000000,0.000000,0.264870,0.000000,0.000000,0.000000,0.000000,0.000000,0.000000
56207.421150,-1,-0.005837,0.000037,0.084895,0.000000,0.000000,0.000000,1.000000,0.000000,0.000000,0.000000,0.000000,0.000000,0.000000,0.264870,0.000000,0.000000,0.000000,0.000000,0.000000,0.000000
56207.471136,-1,-0.005837,0.000037,0.084895,0.000000,0.000000,0.000000,1.000000,0.000000,0.000000,0.000000,0.000000,0.000000,0.000000,0.264870,0.000000,0.000000,0.000000,0.000000,0.000000,0.000000
56207.521143,-1,-0.005837,0.000037,0.084895,0.000000,0.000000,0.000000,1.000000,0.000000,0.000000,0.000000,0.000000,0.000000,0.000000,0.264870,0.000000,0.000000,0.000000,0.000000,0.000000,0.000000
56207.571179,-1,-0.005837,0.000037,0.084895,0.000000,0.000000,0.000000,1.000000,0.000000,0.000000,0.000000,0.000000,0.000000,0.000000,0.264870,0.000000,0.000000,0.000000,0.000000,0.000000,0.000000
56207.621149,-1,-0.005837,0.000037,0.084895,0.000000,0.000000,0.000000,1.000000,0.000000,0.000000,0.000000,0.000000,0.000000,0.000000,0.264870,0.000000,0.000000,0.000000,0.000000,0.000000,0.000000
56207.671133,-1,-0.005837,0.000037,0.084895,0.000000,0.000000,0.000000,1.000000,0.000000,0.000000,0.000000,0.000000,0.000000,0.000000,0.264870,0.000000,0.000000,0.000000,0.000000,0.000000,0.000000
56207.721142,-1,-0.005837,0.000037,0.084895,0.000000,0.000000,0.000000,1.000000,0.000000,0.000000,0.000000,0.000000,0.000000,0.000000,0.264870,0.000000,0.000000,0.000000,0.000000,0.000000,0.000000
56207.771140,-1,-0.005837,0.000037,0.084895,0.000000,0.000000,0.000000,1.000000,0.000000,0.000000,0.000000,0.000000,0.000000,0.000000,0.264870,0.000000,0.000000,0.000000,0.000000,0.000000,0.000000
56207.821173,-1,-0.005837,0.000037,0.084895,0.000000,0.000000,0.000000,1.000000,0.000000,0.000000,0.000000,0.000000,0.000000,0.000000,0.264870,0.000000,0.000000,0.000000,0.000000,0.000000,0.000000
56207.871183,-1,-0.005837,0.000037,0.084895,0.000000,0.000000,0.000000,1.000000,0.000000,0.000000,0.000000,0.000000,0.000000,0.000000,0.264870,0.000000,0.000000,0.000000,0.000000,0.000000,0.000000
56207.921144,-1,-0.005837,0.000037,0.084895,0.000000,0.000000,0.000000,1.000000,0.000000,0.000000,0.000000,0.000000,0.000000,0.000000,0.264870,0.000000,0.000000,0.000000,0.000000,0.000000,0.000000
56207.971138,-1,-0.005837,0.000037,0.084895,0.000000,0.000000,0.000000,1.000000,0.000000,0.000000,0.000000,0.000000,0.000000,0.000000,0.264870,0.000000,0.000000,0.000000,0.000000,0.000000,0.000000
56208.021129,-1,-0.005837,0.000037,0.084895,0.000000,0.000000,0.000000,1.000000,0.000000,0.000000,0.000000,0.000000,0.000000,0.000000,0.264870,0.000000,0.000000,0.000000,0.000000,0.000000,0.000000
56208.071126,-1,-0.005837,0.000037,0.084895,0.000000,0.000000,0.000000,1.000000,0.000000,0.000000,0.000000,0.000000,0.000000,0.000000,0.264870,0.000000,0.000000,0.000000,0.000000,0.000000,0.000000
56208.121110,-1,-0.005837,0.000037,0.084895,0.000000,0.000000,0.000000,1.000000,0.000000,0.000000,0.000000,0.000000,0.000000,0.000000,0.264870,0.000000,0.000000,0.000000,0.000000,0.000000,0.000000
56208.171129,-1,-0.005837,0.000037,0.084895,0.000000,0.000000,0.000000,1.000000,0.000000,0.000000,0.000000,0.000000,0.000000,0.000000,0.264870,0.000000,0.000000,0.000000,0.000000,0.000000,0.000000
56208.221154,-1,-0.005837,0.000037,0.084895,0.000000,0.000000,0.000000,1.000000,0.000000,0.000000,0.000000,0.000000,0.000000,0.000000,0.264870,0.000000,0.000000,0.000000,0.000000,0.000000,0.000000
56208.271195,-1,-0.005837,0.000037,0.084895,0.000000,0.000000,0.000000,1.000000,0.000000,0.000000,0.000000,0.000000,0.000000,0.000000,0.264870,0.000000,0.000000,0.000000,0.000000,0.000000,0.000000
56208.321151,-1,-0.005837,0.000037,0.084895,0.000000,0.000000,0.000000,1.000000,0.000000,0.000000,0.000000,0.000000,0.000000,0.000000,0.264870,0.000000,0.000000,0.000000,0.000000,0.000000,0.000000
56208.371148,-1,-0.005837,0.000037,0.084895,0.000000,0.000000,0.000000,1.000000,0.000000,0.000000,0.000000,0.000000,0.000000,0.000000,0.264870,0.000000,0.000000,0.000000,0.000000,0.000000,0.000000
56208.421151,-1,-0.005837,0.000037,0.084895,0.000000,0.000000,0.000000,1.000000,0.000000,0.000000,0.000000,0.000000,0.000000,0.000000,0.264870,0.000000,0.000000,0.000000,0.000000,0.000000,0.000000
56208.471132,-1,-0.005837,0.000037,0.084895,0.000000,0.000000,0.000000,1.000000,0.000000,0.000000,0.000000,0.000000,0.000000,0.000000,0.264870,0.000000,0.000000,0.000000,0.000000,0.000000,0.000000
56208.521125,-1,-0.005837,0.000037,0.084895,0.000000,0.000000,0.000000,1.000000,0.000000,0.000000,0.000000,0.000000,0.000000,0.000000,0.264870,0.000000,0.000000,0.000000,0.000000,0.000000,0.000000
56208.571119,-1,-0.005837,0.000037,0.084895,0.000000,0.000000,0.000000,1.000000,0.000000,0.000000,0.000000,0.000000,0.000000,0.000000,0.264870,0.000000,0.000000,0.000000,0.000000,0.000000,0.000000
56208.621124,-1,-0.005837,0.000037,0.084895,0.000000,0.000000,0.000000,1.000000,0.000000,0.000000,0.000000,0.000000,0.000000,0.000000,0.264870,0.000000,0.000000,0.000000,0.000000,0.000000,0.000000
56208.671124,-1,-0.005837,0.000037,0.084895,0.000000,0.000000,0.000000,1.000000,0.000000,0.000000,0.000000,0.000000,0.000000,0.000000,0.264870,0.000000,0.000000,0.000000,0.000000,0.000000,0.000000
56208.721125,-1,-0.005837,0.000037,0.084895,0.000000,0.000000,0.000000,1.000000,0.000000,0.000000,0.000000,0.000000,0.000000,0.000000,0.264870,0.000000,0.000000,0.000000,0.000000,0.000000,0.000000
56208.771124,-1,-0.005837,0.000037,0.084895,0.000000,0.000000,0.000000,1.000000,0.000000,0.000000,0.000000,0.000000,0.000000,0.000000,0.264870,0.000000,0.000000,0.000000,0.000000,0.000000,0.000000
56208.821125,-1,-0.005837,0.000037,0.084895,0.000000,0.000000,0.000000,1.000000,0.000000,0.000000,0.000000,0.000000,0.000000,0.000000,0.264870,0.000000,0.000000,0.000000,0.000000,0.000000,0.000000
56208.871127,-1,-0.005837,0.000037,0.084895,0.000000,0.000000,0.000000,1.000000,0.000000,0.000000,0.000000,0.000000,0.000000,0.000000,0.264870,0.000000,0.000000,0.000000,0.000000,0.000000,0.000000
56208.921124,-1,-0.005837,0.000037,0.084895,0.000000,0.000000,0.000000,1.000000,0.000000,0.000000,0.000000,0.000000,0.000000,0.000000,0.264870,0.000000,0.000000,0.000000,0.000000,0.000000,0.000000
56208.971120,-1,-0.005837,0.000037,0.084895,0.000000,0.000000,0.000000,1.000000,0.000000,0.000000,0.000000,0.000000,0.000000,0.000000,0.264870,0.000000,0.000000,0.000000,0.000000,0.000000,0.000000
56209.021121,-1,-0.005837,0.000037,0.084895,0.000000,0.000000,0.000000,1.000000,0.000000,0.000000,0.000000,0.000000,0.000000,0.000000,0.264870,0.000000,0.000000,0.000000,0.000000,0.000000,0.000000
56209.071125,-1,-0.005837,0.000037,0.084895,0.000000,0.000000,0.000000,1.000000,0.000000,0.000000,0.000000,0.000000,0.000000,0.000000,0.264870,0.000000,0.000000,0.000000,0.000000,0.000000,0.000000
56209.121122,-1,-0.005837,0.000037,0.084895,0.000000,0.000000,0.000000,1.000000,0.000000,0.000000,0.000000,0.000000,0.000000,0.000000,0.264870,0.000000,0.000000,0.000000,0.000000,0.000000,0.000000
56209.171110,-1,-0.005837,0.000037,0.084895,0.000000,0.000000,0.000000,1.000000,0.000000,0.000000,0.000000,0.000000,0.000000,0.000000,0.264870,0.000000,0.000000,0.000000,0.000000,0.000000,0.000000
56209.221124,-1,-0.005837,0.000037,0.084895,0.000000,0.000000,0.000000,1.000000,0.000000,0.000000,0.000000,0.000000,0.000000,0.000000,0.264870,0.000000,0.000000,0.000000,0.000000,0.000000,0.000000
56209.271120,-1,-0.005837,0.000037,0.084895,0.000000,0.000000,0.000000,1.000000,0.000000,0.000000,0.000000,0.000000,0.000000,0.000000,0.264870,0.000000,0.000000,0.000000,0.000000,0.000000,0.000000
56209.321121,-1,-0.005837,0.000037,0.084895,0.000000,0.000000,0.000000,1.000000,0.000000,0.000000,0.000000,0.000000,0.000000,0.000000,0.264870,0.000000,0.000000,0.000000,0.000000,0.000000,0.000000
56209.371124,-1,-0.005837,0.000037,0.084895,0.000000,0.000000,0.000000,1.000000,0.000000,0.000000,0.000000,0.000000,0.000000,0.000000,0.264870,0.000000,0.000000,0.000000,0.000000,0.000000,0.000000
56209.421122,-1,-0.005837,0.000037,0.084895,0.000000,0.000000,0.000000,1.000000,0.000000,0.000000,0.000000,0.000000,0.000000,0.000000,0.264870,0.000000,0.000000,0.000000,0.000000,0.000000,0.000000
56209.471132,-1,-0.005837,0.000037,0.084895,0.000000,0.000000,0.000000,1.000000,0.000000,0.000000,0.000000,0.000000,0.000000,0.000000,0.264870,0.000000,0.000000,0.000000,0.000000,0.000000,0.000000
56209.521117,-1,-0.005837,0.000037,0.084895,0.000000,0.000000,0.000000,1.000000,0.000000,0.000000,0.000000,0.000000,0.000000,0.000000,0.264870,0.000000,0.000000,0.000000,0.000000,0.000000,0.000000
56209.571128,-1,-0.005837,0.000037,0.084895,0.000000,0.000000,0.000000,1.000000,0.000000,0.000000,0.000000,0.000000,0.000000,0.000000,0.264870,0.000000,0.000000,0.000000,0.000000,0.000000,0.000000
56209.621122,-1,-0.005837,0.000037,0.084895,0.000000,0.000000,0.000000,1.000000,0.000000,0.000000,0.000000,0.000000,0.000000,0.000000,0.264870,0.000000,0.000000,0.000000,0.000000,0.000000,0.000000
56209.671118,-1,-0.005837,0.000037,0.084895,0.000000,0.000000,0.000000,1.000000,0.000000,0.000000,0.000000,0.000000,0.000000,0.000000,0.264870,0.000000,0.000000,0.000000,0.000000,0.000000,0.000000
56209.721115,-1,-0.005837,0.000037,0.084895,0.000000,0.000000,0.000000,1.000000,0.000000,0.000000,0.000000,0.000000,0.000000,0.000000,0.264870,0.000000,0.000000,0.000000,0.000000,0.000000,0.000000
56209.771086,-1,-0.005837,0.000037,0.084895,0.000000,0.000000,0.000000,1.000000,0.000000,0.000000,0.000000,0.000000,0.000000,0.000000,0.264870,0.000000,0.000000,0.000000,0.000000,0.000000,0.000000
56209.821069,-1,-0.005837,0.000037,0.084895,0.000000,0.000000,0.000000,1.000000,0.000000,0.000000,0.000000,0.000000,0.000000,0.000000,0.264870,0.000000,0.000000,0.000000,0.000000,0.000000,0.000000
56209.871069,-1,-0.005837,0.000037,0.084895,0.000000,0.000000,0.000000,1.000000,0.000000,0.000000,0.000000,0.000000,0.000000,0.000000,0.264870,0.000000,0.000000,0.000000,0.000000,0.000000,0.000000
56209.921121,-1,-0.005837,0.000037,0.084895,0.000000,0.000000,0.000000,1.000000,0.000000,0.000000,0.000000,0.000000,0.000000,0.000000,0.264870,0.000000,0.000000,0.000000,0.000000,0.000000,0.000000
56209.971064,-1,-0.005837,0.000037,0.084895,0.000000,0.000000,0.000000,1.000000,0.000000,0.000000,0.000000,0.000000,0.000000,0.000000,0.264870,0.000000,0.000000,0.000000,0.000000,0.000000,0.000000
56210.021071,-1,-0.005837,0.000037,0.084895,0.000000,0.000000,0.000000,1.000000,0.000000,0.000000,0.000000,0.000000,0.000000,0.000000,0.264870,0.000000,0.000000,0.000000,0.000000,0.000000,0.000000
56210.071078,-1,-0.005837,0.000037,0.084895,0.000000,0.000000,0.000000,1.000000,0.000000,0.000000,0.000000,0.000000,0.000000,0.000000,0.264870,0.000000,0.000000,0.000000,0.000000,0.000000,0.000000
56210.121070,-1,-0.005837,0.000037,0.084895,0.000000,0.000000,0.000000,1.000000,0.000000,0.000000,0.000000,0.000000,0.000000,0.000000,0.264870,0.000000,0.000000,0.000000,0.000000,0.000000,0.000000
56210.171078,-1,-0.005837,0.000037,0.084895,0.000000,0.000000,0.000000,1.000000,0.000000,0.000000,0.000000,0.000000,0.000000,0.000000,0.264870,0.000000,0.000000,0.000000,0.000000,0.000000,0.000000
56210.221090,-1,-0.005837,0.000037,0.084895,0.000000,0.000000,0.000000,1.000000,0.000000,0.000000,0.000000,0.000000,0.000000,0.000000,0.264870,0.000000,0.000000,0.000000,0.000000,0.000000,0.000000
56210.271080,-1,-0.005837,0.000037,0.084895,0.000000,0.000000,0.000000,1.000000,0.000000,0.000000,0.000000,0.000000,0.000000,0.000000,0.264870,0.000000,0.000000,0.000000,0.000000,0.000000,0.000000
56210.321091,-1,-0.005837,0.000037,0.084895,0.000000,0.000000,0.000000,1.000000,0.000000,0.000000,0.000000,0.000000,0.000000,0.000000,0.264870,0.000000,0.000000,0.000000,0.000000,0.000000,0.000000
56210.371122,-1,-0.005837,0.000037,0.084895,0.000000,0.000000,0.000000,1.000000,0.000000,0.000000,0.000000,0.000000,0.000000,0.000000,0.264870,0.000000,0.000000,0.000000,0.000000,0.000000,0.000000
56210.421158,-1,-0.005837,0.000037,0.084895,0.000000,0.000000,0.000000,1.000000,0.000000,0.000000,0.000000,0.000000,0.000000,0.000000,0.264870,0.000000,0.000000,0.000000,0.000000,0.000000,0.000000
56210.471075,-1,-0.005837,0.000037,0.084895,0.000000,0.000000,0.000000,1.000000,0.000000,0.000000,0.000000,0.000000,0.000000,0.000000,0.264870,0.000000,0.000000,0.000000,0.000000,0.000000,0.000000
56210.521088,-1,-0.005837,0.000037,0.084895,0.000000,0.000000,0.000000,1.000000,0.000000,0.000000,0.000000,0.000000,0.000000,0.000000,0.264870,0.000000,0.000000,0.000000,0.000000,0.000000,0.000000
56210.571171,-1,-0.005837,0.000037,0.084895,0.000000,0.000000,0.000000,1.000000,0.000000,0.000000,0.000000,0.000000,0.000000,0.000000,0.264870,0.000000,0.000000,0.000000,0.000000,0.000000,0.000000
56210.621094,-1,-0.005837,0.000037,0.084895,0.000000,0.000000,0.000000,1.000000,0.000000,0.000000,0.000000,0.000000,0.000000,0.000000,0.264870,0.000000,0.000000,0.000000,0.000000,0.000000,0.000000
56210.671057,-1,-0.005837,0.000037,0.084895,0.000000,0.000000,0.000000,1.000000,0.000000,0.000000,0.000000,0.000000,0.000000,0.000000,0.264870,0.000000,0.000000,0.000000,0.000000,0.000000,0.000000
56210.721144,-1,-0.005837,0.000037,0.084895,0.000000,0.000000,0.000000,1.000000,0.000000,0.000000,0.000000,0.000000,0.000000,0.000000,0.264870,0.000000,0.000000,0.000000,0.000000,0.000000,0.000000
56210.771054,-1,-0.005837,0.000037,0.084895,0.000000,0.000000,0.000000,1.000000,0.000000,0.000000,0.000000,0.000000,0.000000,0.000000,0.264870,0.000000,0.000000,0.000000,0.000000,0.000000,0.000000
56210.821076,-1,-0.005837,0.000037,0.084895,0.000000,0.000000,0.000000,1.000000,0.000000,0.000000,0.000000,0.000000,0.000000,0.000000,0.264870,0.000000,0.000000,0.000000,0.000000,0.000000,0.000000
56210.871060,-1,-0.005837,0.000037,0.084895,0.000000,0.000000,0.000000,1.000000,0.000000,0.000000,0.000000,0.000000,0.000000,0.000000,0.264870,0.000000,0.000000,0.000000,0.000000,0.000000,0.000000
56210.921052,-1,-0.005837,0.000037,0.084895,0.000000,0.000000,0.000000,1.000000,0.000000,0.000000,0.000000,0.000000,0.000000,0.000000,0.264870,0.000000,0.000000,0.000000,0.000000,0.000000,0.000000
56210.971058,-1,-0.005837,0.000037,0.084895,0.000000,0.000000,0.000000,1.000000,0.000000,0.000000,0.000000,0.000000,0.000000,0.000000,0.264870,0.000000,0.000000,0.000000,0.000000,0.000000,0.000000
56211.021068,-1,-0.005837,0.000037,0.084895,0.000000,0.000000,0.000000,1.000000,0.000000,0.000000,0.000000,0.000000,0.000000,0.000000,0.264870,0.000000,0.000000,0.000000,0.000000,0.000000,0.000000
56211.071076,-1,-0.005837,0.000037,0.084895,0.000000,0.000000,0.000000,1.000000,0.000000,0.000000,0.000000,0.000000,0.000000,0.000000,0.264870,0.000000,0.000000,0.000000,0.000000,0.000000,0.000000
56211.121053,-1,-0.005837,0.000037,0.084895,0.000000,0.000000,0.000000,1.000000,0.000000,0.000000,0.000000,0.000000,0.000000,0.000000,0.264870,0.000000,0.000000,0.000000,0.000000,0.000000,0.000000
56211.171060,-1,-0.005837,0.000037,0.084895,0.000000,0.000000,0.000000,1.000000,0.000000,0.000000,0.000000,0.000000,0.000000,0.000000,0.264870,0.000000,0.000000,0.000000,0.000000,0.000000,0.000000
56211.221077,-1,-0.005837,0.000037,0.084895,0.000000,0.000000,0.000000,1.000000,0.000000,0.000000,0.000000,0.000000,0.000000,0.000000,0.264870,0.000000,0.000000,0.000000,0.000000,0.000000,0.000000
56211.271068,-1,-0.005837,0.000037,0.084895,0.000000,0.000000,0.000000,1.000000,0.000000,0.000000,0.000000,0.000000,0.000000,0.000000,0.264870,0.000000,0.000000,0.000000,0.000000,0.000000,0.000000
56211.321062,-1,-0.005837,0.000037,0.084895,0.000000,0.000000,0.000000,1.000000,0.000000,0.000000,0.000000,0.000000,0.000000,0.000000,0.264870,0.000000,0.000000,0.000000,0.000000,0.000000,0.000000
56211.371060,-1,-0.005837,0.000037,0.084895,0.000000,0.000000,0.000000,1.000000,0.000000,0.000000,0.000000,0.000000,0.000000,0.000000,0.264870,0.000000,0.000000,0.000000,0.000000,0.000000,0.000000
56211.421069,-1,-0.005837,0.000037,0.084895,0.000000,0.000000,0.000000,1.000000,0.000000,0.000000,0.000000,0.000000,0.000000,0.000000,0.264870,0.000000,0.000000,0.000000,0.000000,0.000000,0.000000
56211.471121,-1,-0.005837,0.000037,0.084895,0.000000,0.000000,0.000000,1.000000,0.000000,0.000000,0.000000,0.000000,0.000000,0.000000,0.264870,0.000000,0.000000,0.000000,0.000000,0.000000,0.000000
56211.521070,-1,-0.005837,0.000037,0.084895,0.000000,0.000000,0.000000,1.000000,0.000000,0.000000,0.000000,0.000000,0.000000,0.000000,0.264870,0.000000,0.000000,0.000000,0.000000,0.000000,0.000000
56211.571083,-1,-0.005837,0.000037,0.084895,0.000000,0.000000,0.000000,1.000000,0.000000,0.000000,0.000000,0.000000,0.000000,0.000000,0.264870,0.000000,0.000000,0.000000,0.000000,0.000000,0.000000
56211.621068,-1,-0.005837,0.000037,0.084895,0.000000,0.000000,0.000000,1.000000,0.000000,0.000000,0.000000,0.000000,0.000000,0.000000,0.264870,0.000000,0.000000,0.000000,0.000000,0.000000,0.000000
56211.671077,-1,-0.005837,0.000037,0.084895,0.000000,0.000000,0.000000,1.000000,0.000000,0.000000,0.000000,0.000000,0.000000,0.000000,0.264870,0.000000,0.000000,0.000000,0.000000,0.000000,0.000000
56211.721074,-1,-0.005837,0.000037,0.084895,0.000000,0.000000,0.000000,1.000000,0.000000,0.000000,0.000000,0.000000,0.000000,0.000000,0.264870,0.000000,0.000000,0.000000,0.000000,0.000000,0.000000
56211.771073,-1,-0.005837,0.000037,0.084895,0.000000,0.000000,0.000000,1.000000,0.000000,0.000000,0.000000,0.000000,0.000000,0.000000,0.264870,0.000000,0.000000,0.000000,0.000000,0.000000,0.000000
56211.821063,-1,-0.005837,0.000037,0.084895,0.000000,0.000000,0.000000,1.000000,0.000000,0.000000,0.000000,0.000000,0.000000,0.000000,0.264870,0.000000,0.000000,0.000000,0.000000,0.000000,0.000000
56211.871071,-1,-0.005837,0.000037,0.084895,0.000000,0.000000,0.000000,1.000000,0.000000,0.000000,0.000000,0.000000,0.000000,0.000000,0.264870,0.000000,0.000000,0.000000,0.000000,0.000000,0.000000
56211.921066,-1,-0.005837,0.000037,0.084895,0.000000,0.000000,0.000000,1.000000,0.000000,0.000000,0.000000,0.000000,0.000000,0.000000,0.264870,0.000000,0.000000,0.000000,0.000000,0.000000,0.000000
56211.971072,-1,-0.005837,0.000037,0.084895,0.000000,0.000000,0.000000,1.000000,0.000000,0.000000,0.000000,0.000000,0.000000,0.000000,0.264870,0.000000,0.000000,0.000000,0.000000,0.000000,0.000000
56212.021058,-1,-0.005837,0.000037,0.084895,0.000000,0.000000,0.000000,1.000000,0.000000,0.000000,0.000000,0.000000,0.000000,0.000000,0.264870,0.000000,0.000000,0.000000,0.000000,0.000000,0.000000
56212.071073,-1,-0.005837,0.000037,0.084895,0.000000,0.000000,0.000000,1.000000,0.000000,0.000000,0.000000,0.000000,0.000000,0.000000,0.264870,0.000000,0.000000,0.000000,0.000000,0.000000,0.000000
56212.121071,-1,-0.005837,0.000037,0.084895,0.000000,0.000000,0.000000,1.000000,0.000000,0.000000,0.000000,0.000000,0.000000,0.000000,0.264870,0.000000,0.000000,0.000000,0.000000,0.000000,0.000000
56212.171088,-1,-0.005837,0.000037,0.084895,0.000000,0.000000,0.000000,1.000000,0.000000,0.000000,0.000000,0.000000,0.000000,0.000000,0.264870,0.000000,0.000000,0.000000,0.000000,0.000000,0.000000
56212.221079,-1,-0.005837,0.000037,0.084895,0.000000,0.000000,0.000000,1.000000,0.000000,0.000000,0.000000,0.000000,0.000000,0.000000,0.264870,0.000000,0.000000,0.000000,0.000000,0.000000,0.000000
56212.271082,-1,-0.005837,0.000037,0.084895,0.000000,0.000000,0.000000,1.000000,0.000000,0.000000,0.000000,0.000000,0.000000,0.000000,0.264870,0.000000,0.000000,0.000000,0.000000,0.000000,0.000000
56212.321072,-1,-0.005837,0.000037,0.084895,0.000000,0.000000,0.000000,1.000000,0.000000,0.000000,0.000000,0.000000,0.000000,0.000000,0.264870,0.000000,0.000000,0.000000,0.000000,0.000000,0.000000
56212.371094,-1,-0.005837,0.000037,0.084895,0.000000,0.000000,0.000000,1.000000,0.000000,0.000000,0.000000,0.000000,0.000000,0.000000,0.264870,0.000000,0.000000,0.000000,0.000000,0.000000,0.000000
56212.421146,-1,-0.005837,0.000037,0.084895,0.000000,0.000000,0.000000,1.000000,0.000000,0.000000,0.000000,0.000000,0.000000,0.000000,0.264870,0.000000,0.000000,0.000000,0.000000,0.000000,0.000000
56212.471168,-1,-0.005837,0.000037,0.084895,0.000000,0.000000,0.000000,1.000000,0.000000,0.000000,0.000000,0.000000,0.000000,0.000000,0.264870,0.000000,0.000000,0.000000,0.000000,0.000000,0.000000
56212.521061,-1,-0.005837,0.000037,0.084895,0.000000,0.000000,0.000000,1.000000,0.000000,0.000000,0.000000,0.000000,0.000000,0.000000,0.264870,0.000000,0.000000,0.000000,0.000000,0.000000,0.000000
56212.571118,-1,-0.005837,0.000037,0.084895,0.000000,0.000000,0.000000,1.000000,0.000000,0.000000,0.000000,0.000000,0.000000,0.000000,0.264870,0.000000,0.000000,0.000000,0.000000,0.000000,0.000000
56212.621160,-1,-0.005837,0.000037,0.084895,0.000000,0.000000,0.000000,1.000000,0.000000,0.000000,0.000000,0.000000,0.000000,0.000000,0.264870,0.000000,0.000000,0.000000,0.000000,0.000000,0.000000
56212.671078,-1,-0.005837,0.000037,0.084895,0.000000,0.000000,0.000000,1.000000,0.000000,0.000000,0.000000,0.000000,0.000000,0.000000,0.264870,0.000000,0.000000,0.000000,0.000000,0.000000,0.000000
56212.721087,-1,-0.005837,0.000037,0.084895,0.000000,0.000000,0.000000,1.000000,0.000000,0.000000,0.000000,0.000000,0.000000,0.000000,0.264870,0.000000,0.000000,0.000000,0.000000,0.000000,0.000000
56212.771091,-1,-0.005837,0.000037,0.084895,0.000000,0.000000,0.000000,1.000000,0.000000,0.000000,0.000000,0.000000,0.000000,0.000000,0.264870,0.000000,0.000000,0.000000,0.000000,0.000000,0.000000
56212.821071,-1,-0.005837,0.000037,0.084895,0.000000,0.000000,0.000000,1.000000,0.000000,0.000000,0.000000,0.000000,0.000000,0.000000,0.264870,0.000000,0.000000,0.000000,0.000000,0.000000,0.000000
56212.871079,-1,-0.005837,0.000037,0.084895,0.000000,0.000000,0.000000,1.000000,0.000000,0.000000,0.000000,0.000000,0.000000,0.000000,0.264870,0.000000,0.000000,0.000000,0.000000,0.000000,0.000000
56212.921072,-1,-0.005837,0.000037,0.084895,0.000000,0.000000,0.000000,1.000000,0.000000,0.000000,0.000000,0.000000,0.000000,0.000000,0.264870,0.000000,0.000000,0.000000,0.000000,0.000000,0.000000
56212.971079,-1,-0.005837,0.000037,0.084895,0.000000,0.000000,0.000000,1.000000,0.000000,0.000000,0.000000,0.000000,0.000000,0.000000,0.264870,0.000000,0.000000,0.000000,0.000000,0.000000,0.000000
56213.021068,-1,-0.005837,0.000037,0.084895,0.000000,0.000000,0.000000,1.000000,0.000000,0.000000,0.000000,0.000000,0.000000,0.000000,0.264870,0.000000,0.000000,0.000000,0.000000,0.000000,0.000000
56213.071064,-1,-0.005837,0.000037,0.084895,0.000000,0.000000,0.000000,1.000000,0.000000,0.000000,0.000000,0.000000,0.000000,0.000000,0.264870,0.000000,0.000000,0.000000,0.000000,0.000000,0.000000
56213.121071,-1,-0.005837,0.000037,0.084895,0.000000,0.000000,0.000000,1.000000,0.000000,0.000000,0.000000,0.000000,0.000000,0.000000,0.264870,0.000000,0.000000,0.000000,0.000000,0.000000,0.000000
56213.171074,-1,-0.005837,0.000037,0.084895,0.000000,0.000000,0.000000,1.000000,0.000000,0.000000,0.000000,0.000000,0.000000,0.000000,0.264870,0.000000,0.000000,0.000000,0.000000,0.000000,0.000000
56213.221072,-1,-0.005837,0.000037,0.084895,0.000000,0.000000,0.000000,1.000000,0.000000,0.000000,0.000000,0.000000,0.000000,0.000000,0.264870,0.000000,0.000000,0.000000,0.000000,0.000000,0.000000
56213.271077,-1,-0.005837,0.000037,0.084895,0.000000,0.000000,0.000000,1.000000,0.000000,0.000000,0.000000,0.000000,0.000000,0.000000,0.264870,0.000000,0.000000,0.000000,0.000000,0.000000,0.000000
56213.321075,-1,-0.005837,0.000037,0.084895,0.000000,0.000000,0.000000,1.000000,0.000000,0.000000,0.000000,0.000000,0.000000,0.000000,0.264870,0.000000,0.000000,0.000000,0.000000,0.000000,0.000000
56213.371080,-1,-0.005837,0.000037,0.084895,0.000000,0.000000,0.000000,1.000000,0.000000,0.000000,0.000000,0.000000,0.000000,0.000000,0.264870,0.000000,0.000000,0.000000,0.000000,0.000000,0.000000
56213.421092,-1,-0.005837,0.000037,0.084895,0.000000,0.000000,0.000000,1.000000,0.000000,0.000000,0.000000,0.000000,0.000000,0.000000,0.264870,0.000000,0.000000,0.000000,0.000000,0.000000,0.000000
56213.471073,-1,-0.005837,0.000037,0.084895,0.000000,0.000000,0.000000,1.000000,0.000000,0.000000,0.000000,0.000000,0.000000,0.000000,0.264870,0.000000,0.000000,0.000000,0.000000,0.000000,0.000000
56213.521069,-1,-0.005837,0.000037,0.084895,0.000000,0.000000,0.000000,1.000000,0.000000,0.000000,0.000000,0.000000,0.000000,0.000000,0.264870,0.000000,0.000000,0.000000,0.000000,0.000000,0.000000
56213.571061,-1,-0.005837,0.000037,0.084895,0.000000,0.000000,0.000000,1.000000,0.000000,0.000000,0.000000,0.000000,0.000000,0.000000,0.264870,0.000000,0.000000,0.000000,0.000000,0.000000,0.000000
56213.621070,-1,-0.005837,0.000037,0.084895,0.000000,0.000000,0.000000,1.000000,0.000000,0.000000,0.000000,0.000000,0.000000,0.000000,0.264870,0.000000,0.000000,0.000000,0.000000,0.000000,0.000000
56213.671163,-1,-0.005837,0.000037,0.084895,0.000000,0.000000,0.000000,1.000000,0.000000,0.000000,0.000000,0.000000,0.000000,0.000000,0.264870,0.000000,0.000000,0.000000,0.000000,0.000000,0.000000
56213.721130,-1,-0.005837,0.000037,0.084895,0.000000,0.000000,0.000000,1.000000,0.000000,0.000000,0.000000,0.000000,0.000000,0.000000,0.264870,0.000000,0.000000,0.000000,0.000000,0.000000,0.000000
56213.771105,-1,-0.005837,0.000037,0.084895,0.000000,0.000000,0.000000,1.000000,0.000000,0.000000,0.000000,0.000000,0.000000,0.000000,0.264870,0.000000,0.000000,0.000000,0.000000,0.000000,0.000000
56213.821075,-1,-0.005837,0.000037,0.084895,0.000000,0.000000,0.000000,1.000000,0.000000,0.000000,0.000000,0.000000,0.000000,0.000000,0.264870,0.000000,0.000000,0.000000,0.000000,0.000000,0.000000
56213.871166,-1,-0.005837,0.000037,0.084895,0.000000,0.000000,0.000000,1.000000,0.000000,0.000000,0.000000,0.000000,0.000000,0.000000,0.264870,0.000000,0.000000,0.000000,0.000000,0.000000,0.000000
56213.921181,-1,-0.005837,0.000037,0.084895,0.000000,0.000000,0.000000,1.000000,0.000000,0.000000,0.000000,0.000000,0.000000,0.000000,0.264870,0.000000,0.000000,0.000000,0.000000,0.000000,0.000000
56213.971078,-1,-0.005837,0.000037,0.084895,0.000000,0.000000,0.000000,1.000000,0.000000,0.000000,0.000000,0.000000,0.000000,0.000000,0.264870,0.000000,0.000000,0.000000,0.000000,0.000000,0.000000
56214.021085,-1,-0.005837,0.000037,0.084895,0.000000,0.000000,0.000000,1.000000,0.000000,0.000000,0.000000,0.000000,0.000000,0.000000,0.264870,0.000000,0.000000,0.000000,0.000000,0.000000,0.000000
56214.071131,-1,-0.005837,0.000037,0.084895,0.000000,0.000000,0.000000,1.000000,0.000000,0.000000,0.000000,0.000000,0.000000,0.000000,0.264870,0.000000,0.000000,0.000000,0.000000,0.000000,0.000000
56214.121061,-1,-0.005837,0.000037,0.084895,0.000000,0.000000,0.000000,1.000000,0.000000,0.000000,0.000000,0.000000,0.000000,0.000000,0.264870,0.000000,0.000000,0.000000,0.000000,0.000000,0.000000
56214.171077,-1,-0.005837,0.000037,0.084895,0.000000,0.000000,0.000000,1.000000,0.000000,0.000000,0.000000,0.000000,0.000000,0.000000,0.264870,0.000000,0.000000,0.000000,0.000000,0.000000,0.000000
56214.221077,-1,-0.005837,0.000037,0.084895,0.000000,0.000000,0.000000,1.000000,0.000000,0.000000,0.000000,0.000000,0.000000,0.000000,0.264870,0.000000,0.000000,0.000000,0.000000,0.000000,0.000000
56214.271071,-1,-0.005837,0.000037,0.084895,0.000000,0.000000,0.000000,1.000000,0.000000,0.000000,0.000000,0.000000,0.000000,0.000000,0.264870,0.000000,0.000000,0.000000,0.000000,0.000000,0.000000
56214.321071,-1,-0.005837,0.000037,0.084895,0.000000,0.000000,0.000000,1.000000,0.000000,0.000000,0.000000,0.000000,0.000000,0.000000,0.264870,0.000000,0.000000,0.000000,0.000000,0.000000,0.000000
56214.371064,-1,-0.005837,0.000037,0.084895,0.000000,0.000000,0.000000,1.000000,0.000000,0.000000,0.000000,0.000000,0.000000,0.000000,0.264870,0.000000,0.000000,0.000000,0.000000,0.000000,0.000000
56214.421069,-1,-0.005837,0.000037,0.084895,0.000000,0.000000,0.000000,1.000000,0.000000,0.000000,0.000000,0.000000,0.000000,0.000000,0.264870,0.000000,0.000000,0.000000,0.000000,0.000000,0.000000
56214.471072,-1,-0.005837,0.000037,0.084895,0.000000,0.000000,0.000000,1.000000,0.000000,0.000000,0.000000,0.000000,0.000000,0.000000,0.264870,0.000000,0.000000,0.000000,0.000000,0.000000,0.000000
56214.521071,-1,-0.005837,0.000037,0.084895,0.000000,0.000000,0.000000,1.000000,0.000000,0.000000,0.000000,0.000000,0.000000,0.000000,0.264870,0.000000,0.000000,0.000000,0.000000,0.000000,0.000000
56214.571050,-1,-0.005837,0.000037,0.084895,0.000000,0.000000,0.000000,1.000000,0.000000,0.000000,0.000000,0.000000,0.000000,0.000000,0.264870,0.000000,0.000000,0.000000,0.000000,0.000000,0.000000
56214.621056,-1,-0.005837,0.000037,0.084895,0.000000,0.000000,0.000000,1.000000,0.000000,0.000000,0.000000,0.000000,0.000000,0.000000,0.264870,0.000000,0.000000,0.000000,0.000000,0.000000,0.000000
56214.671053,-1,-0.005837,0.000037,0.084895,0.000000,0.000000,0.000000,1.000000,0.000000,0.000000,0.000000,0.000000,0.000000,0.000000,0.264870,0.000000,0.000000,0.000000,0.000000,0.000000,0.000000
56214.721062,-1,-0.005837,0.000037,0.084895,0.000000,0.000000,0.000000,1.000000,0.000000,0.000000,0.000000,0.000000,0.000000,0.000000,0.264870,0.000000,0.000000,0.000000,0.000000,0.000000,0.000000
56214.771091,-1,-0.005837,0.000037,0.084895,0.000000,0.000000,0.000000,1.000000,0.000000,0.000000,0.000000,0.000000,0.000000,0.000000,0.264870,0.000000,0.000000,0.000000,0.000000,0.000000,0.000000
56214.821066,-1,-0.005837,0.000037,0.084895,0.000000,0.000000,0.000000,1.000000,0.000000,0.000000,0.000000,0.000000,0.000000,0.000000,0.264870,0.000000,0.000000,0.000000,0.000000,0.000000,0.000000
56214.871078,-1,-0.005837,0.000037,0.084895,0.000000,0.000000,0.000000,1.000000,0.000000,0.000000,0.000000,0.000000,0.000000,0.000000,0.264870,0.000000,0.000000,0.000000,0.000000,0.000000,0.000000
56214.921072,-1,-0.005837,0.000037,0.084895,0.000000,0.000000,0.000000,1.000000,0.000000,0.000000,0.000000,0.000000,0.000000,0.000000,0.264870,0.000000,0.000000,0.000000,0.000000,0.000000,0.000000
56214.971055,-1,-0.005837,0.000037,0.084895,0.000000,0.000000,0.000000,1.000000,0.000000,0.000000,0.000000,0.000000,0.000000,0.000000,0.264870,0.000000,0.000000,0.000000,0.000000,0.000000,0.000000
56215.021077,-1,-0.005837,0.000037,0.084895,0.000000,0.000000,0.000000,1.000000,0.000000,0.000000,0.000000,0.000000,0.000000,0.000000,0.264870,0.000000,0.000000,0.000000,0.000000,0.000000,0.000000
56215.071067,-1,-0.005837,0.000037,0.084895,0.000000,0.000000,0.000000,1.000000,0.000000,0.000000,0.000000,0.000000,0.000000,0.000000,0.264870,0.000000,0.000000,0.000000,0.000000,0.000000,0.000000
56215.121100,-1,-0.005837,0.000037,0.084895,0.000000,0.000000,0.000000,1.000000,0.000000,0.000000,0.000000,0.000000,0.000000,0.000000,0.264870,0.000000,0.000000,0.000000,0.000000,0.000000,0.000000
56215.171096,-1,-0.005837,0.000037,0.084895,0.000000,0.000000,0.000000,1.000000,0.000000,0.000000,0.000000,0.000000,0.000000,0.000000,0.264870,0.000000,0.000000,0.000000,0.000000,0.000000,0.000000
56215.221095,-1,-0.005837,0.000037,0.084895,0.000000,0.000000,0.000000,1.000000,0.000000,0.000000,0.000000,0.000000,0.000000,0.000000,0.264870,0.000000,0.000000,0.000000,0.000000,0.000000,0.000000
56215.271081,-1,-0.005837,0.000037,0.084895,0.000000,0.000000,0.000000,1.000000,0.000000,0.000000,0.000000,0.000000,0.000000,0.000000,0.264870,0.000000,0.000000,0.000000,0.000000,0.000000,0.000000
56215.321076,-1,-0.005837,0.000037,0.084895,0.000000,0.000000,0.000000,1.000000,0.000000,0.000000,0.000000,0.000000,0.000000,0.000000,0.264870,0.000000,0.000000,0.000000,0.000000,0.000000,0.000000
56215.371060,-1,-0.005837,0.000037,0.084895,0.000000,0.000000,0.000000,1.000000,0.000000,0.000000,0.000000,0.000000,0.000000,0.000000,0.264870,0.000000,0.000000,0.000000,0.000000,0.000000,0.000000
56215.421076,-1,-0.005837,0.000037,0.084895,0.000000,0.000000,0.000000,1.000000,0.000000,0.000000,0.000000,0.000000,0.000000,0.000000,0.264870,0.000000,0.000000,0.000000,0.000000,0.000000,0.000000
56215.471072,-1,-0.005837,0.000037,0.084895,0.000000,0.000000,0.000000,1.000000,0.000000,0.000000,0.000000,0.000000,0.000000,0.000000,0.264870,0.000000,0.000000,0.000000,0.000000,0.000000,0.000000
56215.521074,-1,-0.005837,0.000037,0.084895,0.000000,0.000000,0.000000,1.000000,0.000000,0.000000,0.000000,0.000000,0.000000,0.000000,0.264870,0.000000,0.000000,0.000000,0.000000,0.000000,0.000000
56215.571061,-1,-0.005837,0.000037,0.084895,0.000000,0.000000,0.000000,1.000000,0.000000,0.000000,0.000000,0.000000,0.000000,0.000000,0.264870,0.000000,0.000000,0.000000,0.000000,0.000000,0.000000
56215.621207,-1,-0.005837,0.000037,0.084895,0.000000,0.000000,0.000000,1.000000,0.000000,0.000000,0.000000,0.000000,0.000000,0.000000,0.264870,0.000000,0.000000,0.000000,0.000000,0.000000,0.000000
56215.671070,-1,-0.005837,0.000037,0.084895,0.000000,0.000000,0.000000,1.000000,0.000000,0.000000,0.000000,0.000000,0.000000,0.000000,0.264870,0.000000,0.000000,0.000000,0.000000,0.000000,0.000000
56215.721083,-1,-0.005837,0.000037,0.084895,0.000000,0.000000,0.000000,1.000000,0.000000,0.000000,0.000000,0.000000,0.000000,0.000000,0.264870,0.000000,0.000000,0.000000,0.000000,0.000000,0.000000
56215.771084,-1,-0.005837,0.000037,0.084895,0.000000,0.000000,0.000000,1.000000,0.000000,0.000000,0.000000,0.000000,0.000000,0.000000,0.264870,0.000000,0.000000,0.000000,0.000000,0.000000,0.000000
56215.821093,-1,-0.005837,0.000037,0.084895,0.000000,0.000000,0.000000,1.000000,0.000000,0.000000,0.000000,0.000000,0.000000,0.000000,0.264870,0.000000,0.000000,0.000000,0.000000,0.000000,0.000000
56215.871073,-1,-0.005837,0.000037,0.084895,0.000000,0.000000,0.000000,1.000000,0.000000,0.000000,0.000000,0.000000,0.000000,0.000000,0.264870,0.000000,0.000000,0.000000,0.000000,0.000000,0.000000
56215.921068,-1,-0.005837,0.000037,0.084895,0.000000,0.000000,0.000000,1.000000,0.000000,0.000000,0.000000,0.000000,0.000000,0.000000,0.264870,0.000000,0.000000,0.000000,0.000000,0.000000,0.000000
56215.971083,-1,-0.005837,0.000037,0.084895,0.000000,0.000000,0.000000,1.000000,0.000000,0.000000,0.000000,0.000000,0.000000,0.000000,0.264870,0.000000,0.000000,0.000000,0.000000,0.000000,0.000000
56216.021083,-1,-0.005837,0.000037,0.084895,0.000000,0.000000,0.000000,1.000000,0.000000,0.000000,0.000000,0.000000,0.000000,0.000000,0.264870,0.000000,0.000000,0.000000,0.000000,0.000000,0.000000
56216.071076,-1,-0.005837,0.000037,0.084895,0.000000,0.000000,0.000000,1.000000,0.000000,0.000000,0.000000,0.000000,0.000000,0.000000,0.264870,0.000000,0.000000,0.000000,0.000000,0.000000,0.000000
56216.121078,-1,-0.005837,0.000037,0.084895,0.000000,0.000000,0.000000,1.000000,0.000000,0.000000,0.000000,0.000000,0.000000,0.000000,0.264870,0.000000,0.000000,0.000000,0.000000,0.000000,0.000000
56216.171120,-1,-0.005837,0.000037,0.084895,0.000000,0.000000,0.000000,1.000000,0.000000,0.000000,0.000000,0.000000,0.000000,0.000000,0.264870,0.000000,0.000000,0.000000,0.000000,0.000000,0.000000
56216.221057,-1,-0.005837,0.000037,0.084895,0.000000,0.000000,0.000000,1.000000,0.000000,0.000000,0.000000,0.000000,0.000000,0.000000,0.264870,0.000000,0.000000,0.000000,0.000000,0.000000,0.000000
56216.271062,-1,-0.005837,0.000037,0.084895,0.000000,0.000000,0.000000,1.000000,0.000000,0.000000,0.000000,0.000000,0.000000,0.000000,0.264870,0.000000,0.000000,0.000000,0.000000,0.000000,0.000000
56216.321134,-1,-0.005837,0.000037,0.084895,0.000000,0.000000,0.000000,1.000000,0.000000,0.000000,0.000000,0.000000,0.000000,0.000000,0.264870,0.000000,0.000000,0.000000,0.000000,0.000000,0.000000
56216.371090,-1,-0.005837,0.000037,0.084895,0.000000,0.000000,0.000000,1.000000,0.000000,0.000000,0.000000,0.000000,0.000000,0.000000,0.264870,0.000000,0.000000,0.000000,0.000000,0.000000,0.000000
56216.421062,-1,-0.005837,0.000037,0.084895,0.000000,0.000000,0.000000,1.000000,0.000000,0.000000,0.000000,0.000000,0.000000,0.000000,0.264870,0.000000,0.000000,0.000000,0.000000,0.000000,0.000000
56216.471055,-1,-0.005837,0.000037,0.084895,0.000000,0.000000,0.000000,1.000000,0.000000,0.000000,0.000000,0.000000,0.000000,0.000000,0.264870,0.000000,0.000000,0.000000,0.000000,0.000000,0.000000
56216.521088,-1,-0.005837,0.000037,0.084895,0.000000,0.000000,0.000000,1.000000,0.000000,0.000000,0.000000,0.000000,0.000000,0.000000,0.264870,0.000000,0.000000,0.000000,0.000000,0.000000,0.000000
56216.571095,-1,-0.005837,0.000037,0.084895,0.000000,0.000000,0.000000,1.000000,0.000000,0.000000,0.000000,0.000000,0.000000,0.000000,0.264870,0.000000,0.000000,0.000000,0.000000,0.000000,0.000000
56216.621062,-1,-0.005837,0.000037,0.084895,0.000000,0.000000,0.000000,1.000000,0.000000,0.000000,0.000000,0.000000,0.000000,0.000000,0.264870,0.000000,0.000000,0.000000,0.000000,0.000000,0.000000
56216.671093,-1,-0.005837,0.000037,0.084895,0.000000,0.000000,0.000000,1.000000,0.000000,0.000000,0.000000,0.000000,0.000000,0.000000,0.264870,0.000000,0.000000,0.000000,0.000000,0.000000,0.000000
56216.721082,-1,-0.005837,0.000037,0.084895,0.000000,0.000000,0.000000,1.000000,0.000000,0.000000,0.000000,0.000000,0.000000,0.000000,0.264870,0.000000,0.000000,0.000000,0.000000,0.000000,0.000000
56216.771105,-1,-0.005837,0.000037,0.084895,0.000000,0.000000,0.000000,1.000000,0.000000,0.000000,0.000000,0.000000,0.000000,0.000000,0.264870,0.000000,0.000000,0.000000,0.000000,0.000000,0.000000
56216.821075,-1,-0.005837,0.000037,0.084895,0.000000,0.000000,0.000000,1.000000,0.000000,0.000000,0.000000,0.000000,0.000000,0.000000,0.264870,0.000000,0.000000,0.000000,0.000000,0.000000,0.000000
56216.871058,-1,-0.005837,0.000037,0.084895,0.000000,0.000000,0.000000,1.000000,0.000000,0.000000,0.000000,0.000000,0.000000,0.000000,0.264870,0.000000,0.000000,0.000000,0.000000,0.000000,0.000000
56216.921057,-1,-0.005837,0.000037,0.084895,0.000000,0.000000,0.000000,1.000000,0.000000,0.000000,0.000000,0.000000,0.000000,0.000000,0.264870,0.000000,0.000000,0.000000,0.000000,0.000000,0.000000
56216.971079,-1,-0.005837,0.000037,0.084895,0.000000,0.000000,0.000000,1.000000,0.000000,0.000000,0.000000,0.000000,0.000000,0.000000,0.264870,0.000000,0.000000,0.000000,0.000000,0.000000,0.000000
56217.021149,-1,-0.005837,0.000037,0.084895,0.000000,0.000000,0.000000,1.000000,0.000000,0.000000,0.000000,0.000000,0.000000,0.000000,0.264870,0.000000,0.000000,0.000000,0.000000,0.000000,0.000000
56217.071075,-1,-0.005837,0.000037,0.084895,0.000000,0.000000,0.000000,1.000000,0.000000,0.000000,0.000000,0.000000,0.000000,0.000000,0.264870,0.000000,0.000000,0.000000,0.000000,0.000000,0.000000
56217.121097,-1,-0.005837,0.000037,0.084895,0.000000,0.000000,0.000000,1.000000,0.000000,0.000000,0.000000,0.000000,0.000000,0.000000,0.264870,0.000000,0.000000,0.000000,0.000000,0.000000,0.000000
56217.171076,-1,-0.005837,0.000037,0.084895,0.000000,0.000000,0.000000,1.000000,0.000000,0.000000,0.000000,0.000000,0.000000,0.000000,0.264870,0.000000,0.000000,0.000000,0.000000,0.000000,0.000000
56217.221055,-1,-0.005837,0.000037,0.084895,0.000000,0.000000,0.000000,1.000000,0.000000,0.000000,0.000000,0.000000,0.000000,0.000000,0.264870,0.000000,0.000000,0.000000,0.000000,0.000000,0.000000
56217.271092,-1,-0.005837,0.000037,0.084895,0.000000,0.000000,0.000000,1.000000,0.000000,0.000000,0.000000,0.000000,0.000000,0.000000,0.264870,0.000000,0.000000,0.000000,0.000000,0.000000,0.000000
56217.321079,-1,-0.005837,0.000037,0.084895,0.000000,0.000000,0.000000,1.000000,0.000000,0.000000,0.000000,0.000000,0.000000,0.000000,0.264870,0.000000,0.000000,0.000000,0.000000,0.000000,0.000000
56217.371077,-1,-0.005837,0.000037,0.084895,0.000000,0.000000,0.000000,1.000000,0.000000,0.000000,0.000000,0.000000,0.000000,0.000000,0.264870,0.000000,0.000000,0.000000,0.000000,0.000000,0.000000
56217.421140,-1,-0.005837,0.000037,0.084895,0.000000,0.000000,0.000000,1.000000,0.000000,0.000000,0.000000,0.000000,0.000000,0.000000,0.264870,0.000000,0.000000,0.000000,0.000000,0.000000,0.000000
56217.471148,-1,-0.005837,0.000037,0.084895,0.000000,0.000000,0.000000,1.000000,0.000000,0.000000,0.000000,0.000000,0.000000,0.000000,0.264870,0.000000,0.000000,0.000000,0.000000,0.000000,0.000000
56217.521146,-1,-0.005837,0.000037,0.084895,0.000000,0.000000,0.000000,1.000000,0.000000,0.000000,0.000000,0.000000,0.000000,0.000000,0.264870,0.000000,0.000000,0.000000,0.000000,0.000000,0.000000
56217.571083,-1,-0.005837,0.000037,0.084895,0.000000,0.000000,0.000000,1.000000,0.000000,0.000000,0.000000,0.000000,0.000000,0.000000,0.264870,0.000000,0.000000,0.000000,0.000000,0.000000,0.000000
56217.621073,-1,-0.005837,0.000037,0.084895,0.000000,0.000000,0.000000,1.000000,0.000000,0.000000,0.000000,0.000000,0.000000,0.000000,0.264870,0.000000,0.000000,0.000000,0.000000,0.000000,0.000000
56217.671071,-1,-0.005837,0.000037,0.084895,0.000000,0.000000,0.000000,1.000000,0.000000,0.000000,0.000000,0.000000,0.000000,0.000000,0.264870,0.000000,0.000000,0.000000,0.000000,0.000000,0.000000
56217.721048,-1,-0.005837,0.000037,0.084895,0.000000,0.000000,0.000000,1.000000,0.000000,0.000000,0.000000,0.000000,0.000000,0.000000,0.264870,0.000000,0.000000,0.000000,0.000000,0.000000,0.000000
56217.771067,-1,-0.005837,0.000037,0.084895,0.000000,0.000000,0.000000,1.000000,0.000000,0.000000,0.000000,0.000000,0.000000,0.000000,0.264870,0.000000,0.000000,0.000000,0.000000,0.000000,0.000000
56217.821134,-1,-0.005837,0.000037,0.084895,0.000000,0.000000,0.000000,1.000000,0.000000,0.000000,0.000000,0.000000,0.000000,0.000000,0.264870,0.000000,0.000000,0.000000,0.000000,0.000000,0.000000
56217.871090,-1,-0.005837,0.000037,0.084895,0.000000,0.000000,0.000000,1.000000,0.000000,0.000000,0.000000,0.000000,0.000000,0.000000,0.264870,0.000000,0.000000,0.000000,0.000000,0.000000,0.000000
56217.921072,-1,-0.005837,0.000037,0.084895,0.000000,0.000000,0.000000,1.000000,0.000000,0.000000,0.000000,0.000000,0.000000,0.000000,0.264870,0.000000,0.000000,0.000000,0.000000,0.000000,0.000000
56217.971078,-1,-0.005837,0.000037,0.084895,0.000000,0.000000,0.000000,1.000000,0.000000,0.000000,0.000000,0.000000,0.000000,0.000000,0.264870,0.000000,0.000000,0.000000,0.000000,0.000000,0.000000
56218.021078,-1,-0.005837,0.000037,0.084895,0.000000,0.000000,0.000000,1.000000,0.000000,0.000000,0.000000,0.000000,0.000000,0.000000,0.264870,0.000000,0.000000,0.000000,0.000000,0.000000,0.000000
56218.071073,-1,-0.005837,0.000037,0.084895,0.000000,0.000000,0.000000,1.000000,0.000000,0.000000,0.000000,0.000000,0.000000,0.000000,0.264870,0.000000,0.000000,0.000000,0.000000,0.000000,0.000000
56218.121169,-1,-0.005837,0.000037,0.084895,0.000000,0.000000,0.000000,1.000000,0.000000,0.000000,0.000000,0.000000,0.000000,0.000000,0.264870,0.000000,0.000000,0.000000,0.000000,0.000000,0.000000
56218.171077,-1,-0.005837,0.000037,0.084895,0.000000,0.000000,0.000000,1.000000,0.000000,0.000000,0.000000,0.000000,0.000000,0.000000,0.264870,0.000000,0.000000,0.000000,0.000000,0.000000,0.000000
56218.221072,-1,-0.005837,0.000037,0.084895,0.000000,0.000000,0.000000,1.000000,0.000000,0.000000,0.000000,0.000000,0.000000,0.000000,0.264870,0.000000,0.000000,0.000000,0.000000,0.000000,0.000000
56218.271076,-1,-0.005837,0.000037,0.084895,0.000000,0.000000,0.000000,1.000000,0.000000,0.000000,0.000000,0.000000,0.000000,0.000000,0.264870,0.000000,0.000000,0.000000,0.000000,0.000000,0.000000
56218.321069,-1,-0.005837,0.000037,0.084895,0.000000,0.000000,0.000000,1.000000,0.000000,0.000000,0.000000,0.000000,0.000000,0.000000,0.264870,0.000000,0.000000,0.000000,0.000000,0.000000,0.000000
56218.371079,-1,-0.005837,0.000037,0.084895,0.000000,0.000000,0.000000,1.000000,0.000000,0.000000,0.000000,0.000000,0.000000,0.000000,0.264870,0.000000,0.000000,0.000000,0.000000,0.000000,0.000000
56218.421060,-1,-0.005837,0.000037,0.084895,0.000000,0.000000,0.000000,1.000000,0.000000,0.000000,0.000000,0.000000,0.000000,0.000000,0.264870,0.000000,0.000000,0.000000,0.000000,0.000000,0.000000
56218.471072,-1,-0.005837,0.000037,0.084895,0.000000,0.000000,0.000000,1.000000,0.000000,0.000000,0.000000,0.000000,0.000000,0.000000,0.264870,0.000000,0.000000,0.000000,0.000000,0.000000,0.000000
56218.521067,-1,-0.005837,0.000037,0.084895,0.000000,0.000000,0.000000,1.000000,0.000000,0.000000,0.000000,0.000000,0.000000,0.000000,0.264870,0.000000,0.000000,0.000000,0.000000,0.000000,0.000000
56218.571048,-1,-0.005837,0.000037,0.084895,0.000000,0.000000,0.000000,1.000000,0.000000,0.000000,0.000000,0.000000,0.000000,0.000000,0.264870,0.000000,0.000000,0.000000,0.000000,0.000000,0.000000
56218.621068,-1,-0.005837,0.000037,0.084895,0.000000,0.000000,0.000000,1.000000,0.000000,0.000000,0.000000,0.000000,0.000000,0.000000,0.264870,0.000000,0.000000,0.000000,0.000000,0.000000,0.000000
56218.671066,-1,-0.005837,0.000037,0.084895,0.000000,0.000000,0.000000,1.000000,0.000000,0.000000,0.000000,0.000000,0.000000,0.000000,0.264870,0.000000,0.000000,0.000000,0.000000,0.000000,0.000000
56218.721075,-1,-0.005837,0.000037,0.084895,0.000000,0.000000,0.000000,1.000000,0.000000,0.000000,0.000000,0.000000,0.000000,0.000000,0.264870,0.000000,0.000000,0.000000,0.000000,0.000000,0.000000
56218.771082,-1,-0.005837,0.000037,0.084895,0.000000,0.000000,0.000000,1.000000,0.000000,0.000000,0.000000,0.000000,0.000000,0.000000,0.264870,0.000000,0.000000,0.000000,0.000000,0.000000,0.000000
56218.821048,-1,-0.005837,0.000037,0.084895,0.000000,0.000000,0.000000,1.000000,0.000000,0.000000,0.000000,0.000000,0.000000,0.000000,0.264870,0.000000,0.000000,0.000000,0.000000,0.000000,0.000000
56218.871053,-1,-0.005837,0.000037,0.084895,0.000000,0.000000,0.000000,1.000000,0.000000,0.000000,0.000000,0.000000,0.000000,0.000000,0.264870,0.000000,0.000000,0.000000,0.000000,0.000000,0.000000
56218.921068,-1,-0.005837,0.000037,0.084895,0.000000,0.000000,0.000000,1.000000,0.000000,0.000000,0.000000,0.000000,0.000000,0.000000,0.264870,0.000000,0.000000,0.000000,0.000000,0.000000,0.000000
56218.971074,-1,-0.005837,0.000037,0.084895,0.000000,0.000000,0.000000,1.000000,0.000000,0.000000,0.000000,0.000000,0.000000,0.000000,0.264870,0.000000,0.000000,0.000000,0.000000,0.000000,0.000000
56219.021048,-1,-0.005837,0.000037,0.084895,0.000000,0.000000,0.000000,1.000000,0.000000,0.000000,0.000000,0.000000,0.000000,0.000000,0.264870,0.000000,0.000000,0.000000,0.000000,0.000000,0.000000
56219.071080,-1,-0.005837,0.000037,0.084895,0.000000,0.000000,0.000000,1.000000,0.000000,0.000000,0.000000,0.000000,0.000000,0.000000,0.264870,0.000000,0.000000,0.000000,0.000000,0.000000,0.000000
56219.121119,-1,-0.005837,0.000037,0.084895,0.000000,0.000000,0.000000,1.000000,0.000000,0.000000,0.000000,0.000000,0.000000,0.000000,0.264870,0.000000,0.000000,0.000000,0.000000,0.000000,0.000000
56219.171091,-1,-0.005837,0.000037,0.084895,0.000000,0.000000,0.000000,1.000000,0.000000,0.000000,0.000000,0.000000,0.000000,0.000000,0.264870,0.000000,0.000000,0.000000,0.000000,0.000000,0.000000
56219.221059,-1,-0.005837,0.000037,0.084895,0.000000,0.000000,0.000000,1.000000,0.000000,0.000000,0.000000,0.000000,0.000000,0.000000,0.264870,0.000000,0.000000,0.000000,0.000000,0.000000,0.000000
56219.271069,-1,-0.005837,0.000037,0.084895,0.000000,0.000000,0.000000,1.000000,0.000000,0.000000,0.000000,0.000000,0.000000,0.000000,0.264870,0.000000,0.000000,0.000000,0.000000,0.000000,0.000000
56219.321067,-1,-0.005837,0.000037,0.084895,0.000000,0.000000,0.000000,1.000000,0.000000,0.000000,0.000000,0.000000,0.000000,0.000000,0.264870,0.000000,0.000000,0.000000,0.000000,0.000000,0.000000
56219.371068,-1,-0.005837,0.000037,0.084895,0.000000,0.000000,0.000000,1.000000,0.000000,0.000000,0.000000,0.000000,0.000000,0.000000,0.264870,0.000000,0.000000,0.000000,0.000000,0.000000,0.000000
56219.421069,-1,-0.005837,0.000037,0.084895,0.000000,0.000000,0.000000,1.000000,0.000000,0.000000,0.000000,0.000000,0.000000,0.000000,0.264870,0.000000,0.000000,0.000000,0.000000,0.000000,0.000000
56219.471072,-1,-0.005837,0.000037,0.084895,0.000000,0.000000,0.000000,1.000000,0.000000,0.000000,0.000000,0.000000,0.000000,0.000000,0.264870,0.000000,0.000000,0.000000,0.000000,0.000000,0.000000
56219.521070,-1,-0.005837,0.000037,0.084895,0.000000,0.000000,0.000000,1.000000,0.000000,0.000000,0.000000,0.000000,0.000000,0.000000,0.264870,0.000000,0.000000,0.000000,0.000000,0.000000,0.000000
56219.571059,-1,-0.005837,0.000037,0.084895,0.000000,0.000000,0.000000,1.000000,0.000000,0.000000,0.000000,0.000000,0.000000,0.000000,0.264870,0.000000,0.000000,0.000000,0.000000,0.000000,0.000000
56219.621072,-1,-0.005837,0.000037,0.084895,0.000000,0.000000,0.000000,1.000000,0.000000,0.000000,0.000000,0.000000,0.000000,0.000000,0.264870,0.000000,0.000000,0.000000,0.000000,0.000000,0.000000
56219.671068,-1,-0.005837,0.000037,0.084895,0.000000,0.000000,0.000000,1.000000,0.000000,0.000000,0.000000,0.000000,0.000000,0.000000,0.264870,0.000000,0.000000,0.000000,0.000000,0.000000,0.000000
56219.721069,-1,-0.005837,0.000037,0.084895,0.000000,0.000000,0.000000,1.000000,0.000000,0.000000,0.000000,0.000000,0.000000,0.000000,0.264870,0.000000,0.000000,0.000000,0.000000,0.000000,0.000000
56219.771060,-1,-0.005837,0.000037,0.084895,0.000000,0.000000,0.000000,1.000000,0.000000,0.000000,0.000000,0.000000,0.000000,0.000000,0.264870,0.000000,0.000000,0.000000,0.000000,0.000000,0.000000
56219.821072,-1,-0.005837,0.000037,0.084895,0.000000,0.000000,0.000000,1.000000,0.000000,0.000000,0.000000,0.000000,0.000000,0.000000,0.264870,0.000000,0.000000,0.000000,0.000000,0.000000,0.000000
56219.871065,-1,-0.005837,0.000037,0.084895,0.000000,0.000000,0.000000,1.000000,0.000000,0.000000,0.000000,0.000000,0.000000,0.000000,0.264870,0.000000,0.000000,0.000000,0.000000,0.000000,0.000000
56219.921054,-1,-0.005837,0.000037,0.084895,0.000000,0.000000,0.000000,1.000000,0.000000,0.000000,0.000000,0.000000,0.000000,0.000000,0.264870,0.000000,0.000000,0.000000,0.000000,0.000000,0.000000
56219.971075,-1,-0.005837,0.000037,0.084895,0.000000,0.000000,0.000000,1.000000,0.000000,0.000000,0.000000,0.000000,0.000000,0.000000,0.264870,0.000000,0.000000,0.000000,0.000000,0.000000,0.000000
56220.021074,-1,-0.005837,0.000037,0.084895,0.000000,0.000000,0.000000,1.000000,0.000000,0.000000,0.000000,0.000000,0.000000,0.000000,0.264870,0.000000,0.000000,0.000000,0.000000,0.000000,0.000000
56220.071069,-1,-0.005837,0.000037,0.084895,0.000000,0.000000,0.000000,1.000000,0.000000,0.000000,0.000000,0.000000,0.000000,0.000000,0.264870,0.000000,0.000000,0.000000,0.000000,0.000000,0.000000
56220.121066,-1,-0.005837,0.000037,0.084895,0.000000,0.000000,0.000000,1.000000,0.000000,0.000000,0.000000,0.000000,0.000000,0.000000,0.264870,0.000000,0.000000,0.000000,0.000000,0.000000,0.000000
56220.171084,-1,-0.005837,0.000037,0.084895,0.000000,0.000000,0.000000,1.000000,0.000000,0.000000,0.000000,0.000000,0.000000,0.000000,0.264870,0.000000,0.000000,0.000000,0.000000,0.000000,0.000000
56220.221079,-1,-0.005837,0.000037,0.084895,0.000000,0.000000,0.000000,1.000000,0.000000,0.000000,0.000000,0.000000,0.000000,0.000000,0.264870,0.000000,0.000000,0.000000,0.000000,0.000000,0.000000
56220.271076,-1,-0.005837,0.000037,0.084895,0.000000,0.000000,0.000000,1.000000,0.000000,0.000000,0.000000,0.000000,0.000000,0.000000,0.264870,0.000000,0.000000,0.000000,0.000000,0.000000,0.000000
56220.321072,-1,-0.005837,0.000037,0.084895,0.000000,0.000000,0.000000,1.000000,0.000000,0.000000,0.000000,0.000000,0.000000,0.000000,0.264870,0.000000,0.000000,0.000000,0.000000,0.000000,0.000000
56220.371070,-1,-0.005837,0.000037,0.084895,0.000000,0.000000,0.000000,1.000000,0.000000,0.000000,0.000000,0.000000,0.000000,0.000000,0.264870,0.000000,0.000000,0.000000,0.000000,0.000000,0.000000
56220.421063,-1,-0.005837,0.000037,0.084895,0.000000,0.000000,0.000000,1.000000,0.000000,0.000000,0.000000,0.000000,0.000000,0.000000,0.264870,0.000000,0.000000,0.000000,0.000000,0.000000,0.000000
56220.471075,-1,-0.005837,0.000037,0.084895,0.000000,0.000000,0.000000,1.000000,0.000000,0.000000,0.000000,0.000000,0.000000,0.000000,0.264870,0.000000,0.000000,0.000000,0.000000,0.000000,0.000000
56220.521075,-1,-0.005837,0.000037,0.084895,0.000000,0.000000,0.000000,1.000000,0.000000,0.000000,0.000000,0.000000,0.000000,0.000000,0.264870,0.000000,0.000000,0.000000,0.000000,0.000000,0.000000
56220.571079,-1,-0.005837,0.000037,0.084895,0.000000,0.000000,0.000000,1.000000,0.000000,0.000000,0.000000,0.000000,0.000000,0.000000,0.264870,0.000000,0.000000,0.000000,0.000000,0.000000,0.000000
56220.621068,-1,-0.005837,0.000037,0.084895,0.000000,0.000000,0.000000,1.000000,0.000000,0.000000,0.000000,0.000000,0.000000,0.000000,0.264870,0.000000,0.000000,0.000000,0.000000,0.000000,0.000000
56220.671074,-1,-0.005837,0.000037,0.084895,0.000000,0.000000,0.000000,1.000000,0.000000,0.000000,0.000000,0.000000,0.000000,0.000000,0.264870,0.000000,0.000000,0.000000,0.000000,0.000000,0.000000
56220.721094,-1,-0.005837,0.000037,0.084895,0.000000,0.000000,0.000000,1.000000,0.000000,0.000000,0.000000,0.000000,0.000000,0.000000,0.264870,0.000000,0.000000,0.000000,0.000000,0.000000,0.000000
56220.771085,-1,-0.005837,0.000037,0.084895,0.000000,0.000000,0.000000,1.000000,0.000000,0.000000,0.000000,0.000000,0.000000,0.000000,0.264870,0.000000,0.000000,0.000000,0.000000,0.000000,0.000000
56220.821087,-1,-0.005837,0.000037,0.084895,0.000000,0.000000,0.000000,1.000000,0.000000,0.000000,0.000000,0.000000,0.000000,0.000000,0.264870,0.000000,0.000000,0.000000,0.000000,0.000000,0.000000
56220.871077,-1,-0.005837,0.000037,0.084895,0.000000,0.000000,0.000000,1.000000,0.000000,0.000000,0.000000,0.000000,0.000000,0.000000,0.264870,0.000000,0.000000,0.000000,0.000000,0.000000,0.000000
56220.921067,-1,-0.005837,0.000037,0.084895,0.000000,0.000000,0.000000,1.000000,0.000000,0.000000,0.000000,0.000000,0.000000,0.000000,0.264870,0.000000,0.000000,0.000000,0.000000,0.000000,0.000000
56220.971097,-1,-0.005837,0.000037,0.084895,0.000000,0.000000,0.000000,1.000000,0.000000,0.000000,0.000000,0.000000,0.000000,0.000000,0.264870,0.000000,0.000000,0.000000,0.000000,0.000000,0.000000
56221.021071,-1,-0.005837,0.000037,0.084895,0.000000,0.000000,0.000000,1.000000,0.000000,0.000000,0.000000,0.000000,0.000000,0.000000,0.264870,0.000000,0.000000,0.000000,0.000000,0.000000,0.000000
56221.071114,-1,-0.005837,0.000037,0.084895,0.000000,0.000000,0.000000,1.000000,0.000000,0.000000,0.000000,0.000000,0.000000,0.000000,0.264870,0.000000,0.000000,0.000000,0.000000,0.000000,0.000000
56221.121071,-1,-0.005837,0.000037,0.084895,0.000000,0.000000,0.000000,1.000000,0.000000,0.000000,0.000000,0.000000,0.000000,0.000000,0.264870,0.000000,0.000000,0.000000,0.000000,0.000000,0.000000
56221.171054,-1,-0.005837,0.000037,0.084895,0.000000,0.000000,0.000000,1.000000,0.000000,0.000000,0.000000,0.000000,0.000000,0.000000,0.264870,0.000000,0.000000,0.000000,0.000000,0.000000,0.000000
56221.221063,-1,-0.005837,0.000037,0.084895,0.000000,0.000000,0.000000,1.000000,0.000000,0.000000,0.000000,0.000000,0.000000,0.000000,0.264870,0.000000,0.000000,0.000000,0.000000,0.000000,0.000000
56221.271047,-1,-0.005837,0.000037,0.084895,0.000000,0.000000,0.000000,1.000000,0.000000,0.000000,0.000000,0.000000,0.000000,0.000000,0.264870,0.000000,0.000000,0.000000,0.000000,0.000000,0.000000
56221.321056,-1,-0.005837,0.000037,0.084895,0.000000,0.000000,0.000000,1.000000,0.000000,0.000000,0.000000,0.000000,0.000000,0.000000,0.264870,0.000000,0.000000,0.000000,0.000000,0.000000,0.000000
56221.371060,-1,-0.005837,0.000037,0.084895,0.000000,0.000000,0.000000,1.000000,0.000000,0.000000,0.000000,0.000000,0.000000,0.000000,0.264870,0.000000,0.000000,0.000000,0.000000,0.000000,0.000000
56221.421070,-1,-0.005837,0.000037,0.084895,0.000000,0.000000,0.000000,1.000000,0.000000,0.000000,0.000000,0.000000,0.000000,0.000000,0.264870,0.000000,0.000000,0.000000,0.000000,0.000000,0.000000
56221.471047,-1,-0.005837,0.000037,0.084895,0.000000,0.000000,0.000000,1.000000,0.000000,0.000000,0.000000,0.000000,0.000000,0.000000,0.264870,0.000000,0.000000,0.000000,0.000000,0.000000,0.000000
56221.521066,-1,-0.005837,0.000037,0.084895,0.000000,0.000000,0.000000,1.000000,0.000000,0.000000,0.000000,0.000000,0.000000,0.000000,0.264870,0.000000,0.000000,0.000000,0.000000,0.000000,0.000000
56221.571065,-1,-0.005837,0.000037,0.084895,0.000000,0.000000,0.000000,1.000000,0.000000,0.000000,0.000000,0.000000,0.000000,0.000000,0.264870,0.000000,0.000000,0.000000,0.000000,0.000000,0.000000
56221.621076,-1,-0.005837,0.000037,0.084895,0.000000,0.000000,0.000000,1.000000,0.000000,0.000000,0.000000,0.000000,0.000000,0.000000,0.264870,0.000000,0.000000,0.000000,0.000000,0.000000,0.000000
56221.671078,-1,-0.005837,0.000037,0.084895,0.000000,0.000000,0.000000,1.000000,0.000000,0.000000,0.000000,0.000000,0.000000,0.000000,0.264870,0.000000,0.000000,0.000000,0.000000,0.000000,0.000000
56221.721065,-1,-0.005837,0.000037,0.084895,0.000000,0.000000,0.000000,1.000000,0.000000,0.000000,0.000000,0.000000,0.000000,0.000000,0.264870,0.000000,0.000000,0.000000,0.000000,0.000000,0.000000
56221.771057,-1,-0.005837,0.000037,0.084895,0.000000,0.000000,0.000000,1.000000,0.000000,0.000000,0.000000,0.000000,0.000000,0.000000,0.264870,0.000000,0.000000,0.000000,0.000000,0.000000,0.000000
56221.821066,-1,-0.005837,0.000037,0.084895,0.000000,0.000000,0.000000,1.000000,0.000000,0.000000,0.000000,0.000000,0.000000,0.000000,0.264870,0.000000,0.000000,0.000000,0.000000,0.000000,0.000000
56221.871134,-1,-0.005837,0.000037,0.084895,0.000000,0.000000,0.000000,1.000000,0.000000,0.000000,0.000000,0.000000,0.000000,0.000000,0.264870,0.000000,0.000000,0.000000,0.000000,0.000000,0.000000
56221.921088,-1,-0.005837,0.000037,0.084895,0.000000,0.000000,0.000000,1.000000,0.000000,0.000000,0.000000,0.000000,0.000000,0.000000,0.264870,0.000000,0.000000,0.000000,0.000000,0.000000,0.000000
56221.971066,-1,-0.005837,0.000037,0.084895,0.000000,0.000000,0.000000,1.000000,0.000000,0.000000,0.000000,0.000000,0.000000,0.000000,0.264870,0.000000,0.000000,0.000000,0.000000,0.000000,0.000000
56222.021069,-1,-0.005837,0.000037,0.084895,0.000000,0.000000,0.000000,1.000000,0.000000,0.000000,0.000000,0.000000,0.000000,0.000000,0.264870,0.000000,0.000000,0.000000,0.000000,0.000000,0.000000
56222.071066,-1,-0.005837,0.000037,0.084895,0.000000,0.000000,0.000000,1.000000,0.000000,0.000000,0.000000,0.000000,0.000000,0.000000,0.264870,0.000000,0.000000,0.000000,0.000000,0.000000,0.000000
56222.121090,-1,-0.005837,0.000037,0.084895,0.000000,0.000000,0.000000,1.000000,0.000000,0.000000,0.000000,0.000000,0.000000,0.000000,0.264870,0.000000,0.000000,0.000000,0.000000,0.000000,0.000000
56222.171056,-1,-0.005837,0.000037,0.084895,0.000000,0.000000,0.000000,1.000000,0.000000,0.000000,0.000000,0.000000,0.000000,0.000000,0.264870,0.000000,0.000000,0.000000,0.000000,0.000000,0.000000
56222.221112,-1,-0.005837,0.000037,0.084895,0.000000,0.000000,0.000000,1.000000,0.000000,0.000000,0.000000,0.000000,0.000000,0.000000,0.264870,0.000000,0.000000,0.000000,0.000000,0.000000,0.000000
56222.271146,-1,-0.005837,0.000037,0.084895,0.000000,0.000000,0.000000,1.000000,0.000000,0.000000,0.000000,0.000000,0.000000,0.000000,0.264870,0.000000,0.000000,0.000000,0.000000,0.000000,0.000000
56222.321111,-1,-0.005837,0.000037,0.084895,0.000000,0.000000,0.000000,1.000000,0.000000,0.000000,0.000000,0.000000,0.000000,0.000000,0.264870,0.000000,0.000000,0.000000,0.000000,0.000000,0.000000
56222.371071,-1,-0.005837,0.000037,0.084895,0.000000,0.000000,0.000000,1.000000,0.000000,0.000000,0.000000,0.000000,0.000000,0.000000,0.264870,0.000000,0.000000,0.000000,0.000000,0.000000,0.000000
56222.421073,-1,-0.005837,0.000037,0.084895,0.000000,0.000000,0.000000,1.000000,0.000000,0.000000,0.000000,0.000000,0.000000,0.000000,0.264870,0.000000,0.000000,0.000000,0.000000,0.000000,0.000000
56222.471062,-1,-0.005837,0.000037,0.084895,0.000000,0.000000,0.000000,1.000000,0.000000,0.000000,0.000000,0.000000,0.000000,0.000000,0.264870,0.000000,0.000000,0.000000,0.000000,0.000000,0.000000
56222.521055,-1,-0.005837,0.000037,0.084895,0.000000,0.000000,0.000000,1.000000,0.000000,0.000000,0.000000,0.000000,0.000000,0.000000,0.264870,0.000000,0.000000,0.000000,0.000000,0.000000,0.000000
56222.571067,-1,-0.005837,0.000037,0.084895,0.000000,0.000000,0.000000,1.000000,0.000000,0.000000,0.000000,0.000000,0.000000,0.000000,0.264870,0.000000,0.000000,0.000000,0.000000,0.000000,0.000000
56222.621073,-1,-0.005837,0.000037,0.084895,0.000000,0.000000,0.000000,1.000000,0.000000,0.000000,0.000000,0.000000,0.000000,0.000000,0.264870,0.000000,0.000000,0.000000,0.000000,0.000000,0.000000
56222.671060,-1,-0.005837,0.000037,0.084895,0.000000,0.000000,0.000000,1.000000,0.000000,0.000000,0.000000,0.000000,0.000000,0.000000,0.264870,0.000000,0.000000,0.000000,0.000000,0.000000,0.000000
56222.721054,-1,-0.005837,0.000037,0.084895,0.000000,0.000000,0.000000,1.000000,0.000000,0.000000,0.000000,0.000000,0.000000,0.000000,0.264870,0.000000,0.000000,0.000000,0.000000,0.000000,0.000000
56222.771057,-1,-0.005837,0.000037,0.084895,0.000000,0.000000,0.000000,1.000000,0.000000,0.000000,0.000000,0.000000,0.000000,0.000000,0.264870,0.000000,0.000000,0.000000,0.000000,0.000000,0.000000
56222.821067,-1,-0.005837,0.000037,0.084895,0.000000,0.000000,0.000000,1.000000,0.000000,0.000000,0.000000,0.000000,0.000000,0.000000,0.264870,0.000000,0.000000,0.000000,0.000000,0.000000,0.000000
56222.871063,-1,-0.005837,0.000037,0.084895,0.000000,0.000000,0.000000,1.000000,0.000000,0.000000,0.000000,0.000000,0.000000,0.000000,0.264870,0.000000,0.000000,0.000000,0.000000,0.000000,0.000000
56222.921043,-1,-0.005837,0.000037,0.084895,0.000000,0.000000,0.000000,1.000000,0.000000,0.000000,0.000000,0.000000,0.000000,0.000000,0.264870,0.000000,0.000000,0.000000,0.000000,0.000000,0.000000
56222.971063,-1,-0.005837,0.000037,0.084895,0.000000,0.000000,0.000000,1.000000,0.000000,0.000000,0.000000,0.000000,0.000000,0.000000,0.264870,0.000000,0.000000,0.000000,0.000000,0.000000,0.000000
56223.021062,-1,-0.005837,0.000037,0.084895,0.000000,0.000000,0.000000,1.000000,0.000000,0.000000,0.000000,0.000000,0.000000,0.000000,0.264870,0.000000,0.000000,0.000000,0.000000,0.000000,0.000000
56223.071135,-1,-0.005837,0.000037,0.084895,0.000000,0.000000,0.000000,1.000000,0.000000,0.000000,0.000000,0.000000,0.000000,0.000000,0.264870,0.000000,0.000000,0.000000,0.000000,0.000000,0.000000
56223.121127,-1,-0.005837,0.000037,0.084895,0.000000,0.000000,0.000000,1.000000,0.000000,0.000000,0.000000,0.000000,0.000000,0.000000,0.264870,0.000000,0.000000,0.000000,0.000000,0.000000,0.000000
56223.171086,-1,-0.005837,0.000037,0.084895,0.000000,0.000000,0.000000,1.000000,0.000000,0.000000,0.000000,0.000000,0.000000,0.000000,0.264870,0.000000,0.000000,0.000000,0.000000,0.000000,0.000000
56223.221069,-1,-0.005837,0.000037,0.084895,0.000000,0.000000,0.000000,1.000000,0.000000,0.000000,0.000000,0.000000,0.000000,0.000000,0.264870,0.000000,0.000000,0.000000,0.000000,0.000000,0.000000
56223.271117,-1,-0.005837,0.000037,0.084895,0.000000,0.000000,0.000000,1.000000,0.000000,0.000000,0.000000,0.000000,0.000000,0.000000,0.264870,0.000000,0.000000,0.000000,0.000000,0.000000,0.000000
56223.321051,-1,-0.005837,0.000037,0.084895,0.000000,0.000000,0.000000,1.000000,0.000000,0.000000,0.000000,0.000000,0.000000,0.000000,0.264870,0.000000,0.000000,0.000000,0.000000,0.000000,0.000000
56223.371076,-1,-0.005837,0.000037,0.084895,0.000000,0.000000,0.000000,1.000000,0.000000,0.000000,0.000000,0.000000,0.000000,0.000000,0.264870,0.000000,0.000000,0.000000,0.000000,0.000000,0.000000
56223.421085,-1,-0.005837,0.000037,0.084895,0.000000,0.000000,0.000000,1.000000,0.000000,0.000000,0.000000,0.000000,0.000000,0.000000,0.264870,0.000000,0.000000,0.000000,0.000000,0.000000,0.000000
56223.471108,-1,-0.005837,0.000037,0.084895,0.000000,0.000000,0.000000,1.000000,0.000000,0.000000,0.000000,0.000000,0.000000,0.000000,0.264870,0.000000,0.000000,0.000000,0.000000,0.000000,0.000000
56223.521060,-1,-0.005837,0.000037,0.084895,0.000000,0.000000,0.000000,1.000000,0.000000,0.000000,0.000000,0.000000,0.000000,0.000000,0.264870,0.000000,0.000000,0.000000,0.000000,0.000000,0.000000
56223.571071,-1,-0.005837,0.000037,0.084895,0.000000,0.000000,0.000000,1.000000,0.000000,0.000000,0.000000,0.000000,0.000000,0.000000,0.264870,0.000000,0.000000,0.000000,0.000000,0.000000,0.000000
56223.621064,-1,-0.005837,0.000037,0.084895,0.000000,0.000000,0.000000,1.000000,0.000000,0.000000,0.000000,0.000000,0.000000,0.000000,0.264870,0.000000,0.000000,0.000000,0.000000,0.000000,0.000000
56223.671065,-1,-0.005837,0.000037,0.084895,0.000000,0.000000,0.000000,1.000000,0.000000,0.000000,0.000000,0.000000,0.000000,0.000000,0.264870,0.000000,0.000000,0.000000,0.000000,0.000000,0.000000
56223.721063,-1,-0.005837,0.000037,0.084895,0.000000,0.000000,0.000000,1.000000,0.000000,0.000000,0.000000,0.000000,0.000000,0.000000,0.264870,0.000000,0.000000,0.000000,0.000000,0.000000,0.000000
56223.771063,-1,-0.005837,0.000037,0.084895,0.000000,0.000000,0.000000,1.000000,0.000000,0.000000,0.000000,0.000000,0.000000,0.000000,0.264870,0.000000,0.000000,0.000000,0.000000,0.000000,0.000000
56223.821064,-1,-0.005837,0.000037,0.084895,0.000000,0.000000,0.000000,1.000000,0.000000,0.000000,0.000000,0.000000,0.000000,0.000000,0.264870,0.000000,0.000000,0.000000,0.000000,0.000000,0.000000
56223.871054,-1,-0.005837,0.000037,0.084895,0.000000,0.000000,0.000000,1.000000,0.000000,0.000000,0.000000,0.000000,0.000000,0.000000,0.264870,0.000000,0.000000,0.000000,0.000000,0.000000,0.000000
56223.921062,-1,-0.005837,0.000037,0.084895,0.000000,0.000000,0.000000,1.000000,0.000000,0.000000,0.000000,0.000000,0.000000,0.000000,0.264870,0.000000,0.000000,0.000000,0.000000,0.000000,0.000000
56223.971063,-1,-0.005837,0.000037,0.084895,0.000000,0.000000,0.000000,1.000000,0.000000,0.000000,0.000000,0.000000,0.000000,0.000000,0.264870,0.000000,0.000000,0.000000,0.000000,0.000000,0.000000
56224.021143,-1,-0.005837,0.000037,0.084895,0.000000,0.000000,0.000000,1.000000,0.000000,0.000000,0.000000,0.000000,0.000000,0.000000,0.264870,0.000000,0.000000,0.000000,0.000000,0.000000,0.000000
56224.071025,-1,-0.005837,0.000037,0.084895,0.000000,0.000000,0.000000,1.000000,0.000000,0.000000,0.000000,0.000000,0.000000,0.000000,0.264870,0.000000,0.000000,0.000000,0.000000,0.000000,0.000000
56224.121076,-1,-0.005837,0.000037,0.084895,0.000000,0.000000,0.000000,1.000000,0.000000,0.000000,0.000000,0.000000,0.000000,0.000000,0.264870,0.000000,0.000000,0.000000,0.000000,0.000000,0.000000
56224.171065,-1,-0.005837,0.000037,0.084895,0.000000,0.000000,0.000000,1.000000,0.000000,0.000000,0.000000,0.000000,0.000000,0.000000,0.264870,0.000000,0.000000,0.000000,0.000000,0.000000,0.000000
56224.221062,-1,-0.005837,0.000037,0.084895,0.000000,0.000000,0.000000,1.000000,0.000000,0.000000,0.000000,0.000000,0.000000,0.000000,0.264870,0.000000,0.000000,0.000000,0.000000,0.000000,0.000000
56224.271035,-1,-0.005837,0.000037,0.084895,0.000000,0.000000,0.000000,1.000000,0.000000,0.000000,0.000000,0.000000,0.000000,0.000000,0.264870,0.000000,0.000000,0.000000,0.000000,0.000000,0.000000
56224.321068,-1,-0.005837,0.000037,0.084895,0.000000,0.000000,0.000000,1.000000,0.000000,0.000000,0.000000,0.000000,0.000000,0.000000,0.264870,0.000000,0.000000,0.000000,0.000000,0.000000,0.000000
56224.371053,-1,-0.005837,0.000037,0.084895,0.000000,0.000000,0.000000,1.000000,0.000000,0.000000,0.000000,0.000000,0.000000,0.000000,0.264870,0.000000,0.000000,0.000000,0.000000,0.000000,0.000000
56224.421060,-1,-0.005837,0.000037,0.084895,0.000000,0.000000,0.000000,1.000000,0.000000,0.000000,0.000000,0.000000,0.000000,0.000000,0.264870,0.000000,0.000000,0.000000,0.000000,0.000000,0.000000
56224.471067,-1,-0.005837,0.000037,0.084895,0.000000,0.000000,0.000000,1.000000,0.000000,0.000000,0.000000,0.000000,0.000000,0.000000,0.264870,0.000000,0.000000,0.000000,0.000000,0.000000,0.000000
56224.521052,-1,-0.005837,0.000037,0.084895,0.000000,0.000000,0.000000,1.000000,0.000000,0.000000,0.000000,0.000000,0.000000,0.000000,0.264870,0.000000,0.000000,0.000000,0.000000,0.000000,0.000000
56224.571061,-1,-0.005837,0.000037,0.084895,0.000000,0.000000,0.000000,1.000000,0.000000,0.000000,0.000000,0.000000,0.000000,0.000000,0.264870,0.000000,0.000000,0.000000,0.000000,0.000000,0.000000
56224.621058,-1,-0.005837,0.000037,0.084895,0.000000,0.000000,0.000000,1.000000,0.000000,0.000000,0.000000,0.000000,0.000000,0.000000,0.264870,0.000000,0.000000,0.000000,0.000000,0.000000,0.000000
56224.671054,-1,-0.005837,0.000037,0.084895,0.000000,0.000000,0.000000,1.000000,0.000000,0.000000,0.000000,0.000000,0.000000,0.000000,0.264870,0.000000,0.000000,0.000000,0.000000,0.000000,0.000000
56224.721084,-1,-0.005837,0.000037,0.084895,0.000000,0.000000,0.000000,1.000000,0.000000,0.000000,0.000000,0.000000,0.000000,0.000000,0.264870,0.000000,0.000000,0.000000,0.000000,0.000000,0.000000
56224.771060,-1,-0.005837,0.000037,0.084895,0.000000,0.000000,0.000000,1.000000,0.000000,0.000000,0.000000,0.000000,0.000000,0.000000,0.264870,0.000000,0.000000,0.000000,0.000000,0.000000,0.000000
56224.821077,-1,-0.005837,0.000037,0.084895,0.000000,0.000000,0.000000,1.000000,0.000000,0.000000,0.000000,0.000000,0.000000,0.000000,0.264870,0.000000,0.000000,0.000000,0.000000,0.000000,0.000000
56224.871065,-1,-0.005837,0.000037,0.084895,0.000000,0.000000,0.000000,1.000000,0.000000,0.000000,0.000000,0.000000,0.000000,0.000000,0.264870,0.000000,0.000000,0.000000,0.000000,0.000000,0.000000
56224.921097,-1,-0.005837,0.000037,0.084895,0.000000,0.000000,0.000000,1.000000,0.000000,0.000000,0.000000,0.000000,0.000000,0.000000,0.264870,0.000000,0.000000,0.000000,0.000000,0.000000,0.000000
56224.971038,-1,-0.005837,0.000037,0.084895,0.000000,0.000000,0.000000,1.000000,0.000000,0.000000,0.000000,0.000000,0.000000,0.000000,0.264870,0.000000,0.000000,0.000000,0.000000,0.000000,0.000000
56225.021069,-1,-0.005837,0.000037,0.084895,0.000000,0.000000,0.000000,1.000000,0.000000,0.000000,0.000000,0.000000,0.000000,0.000000,0.264870,0.000000,0.000000,0.000000,0.000000,0.000000,0.000000
56225.071055,-1,-0.005837,0.000037,0.084895,0.000000,0.000000,0.000000,1.000000,0.000000,0.000000,0.000000,0.000000,0.000000,0.000000,0.264870,0.000000,0.000000,0.000000,0.000000,0.000000,0.000000
56225.121095,-1,-0.005837,0.000037,0.084895,0.000000,0.000000,0.000000,1.000000,0.000000,0.000000,0.000000,0.000000,0.000000,0.000000,0.264870,0.000000,0.000000,0.000000,0.000000,0.000000,0.000000
56225.171082,-1,-0.005837,0.000037,0.084895,0.000000,0.000000,0.000000,1.000000,0.000000,0.000000,0.000000,0.000000,0.000000,0.000000,0.264870,0.000000,0.000000,0.000000,0.000000,0.000000,0.000000
56225.221098,-1,-0.005837,0.000037,0.084895,0.000000,0.000000,0.000000,1.000000,0.000000,0.000000,0.000000,0.000000,0.000000,0.000000,0.264870,0.000000,0.000000,0.000000,0.000000,0.000000,0.000000
56225.271095,-1,-0.005837,0.000037,0.084895,0.000000,0.000000,0.000000,1.000000,0.000000,0.000000,0.000000,0.000000,0.000000,0.000000,0.264870,0.000000,0.000000,0.000000,0.000000,0.000000,0.000000
56225.321072,-1,-0.005837,0.000037,0.084895,0.000000,0.000000,0.000000,1.000000,0.000000,0.000000,0.000000,0.000000,0.000000,0.000000,0.264870,0.000000,0.000000,0.000000,0.000000,0.000000,0.000000
56225.371063,-1,-0.005837,0.000037,0.084895,0.000000,0.000000,0.000000,1.000000,0.000000,0.000000,0.000000,0.000000,0.000000,0.000000,0.264870,0.000000,0.000000,0.000000,0.000000,0.000000,0.000000
56225.421045,-1,-0.005837,0.000037,0.084895,0.000000,0.000000,0.000000,1.000000,0.000000,0.000000,0.000000,0.000000,0.000000,0.000000,0.264870,0.000000,0.000000,0.000000,0.000000,0.000000,0.000000
56225.471070,-1,-0.005837,0.000037,0.084895,0.000000,0.000000,0.000000,1.000000,0.000000,0.000000,0.000000,0.000000,0.000000,0.000000,0.264870,0.000000,0.000000,0.000000,0.000000,0.000000,0.000000
56225.521065,-1,-0.005837,0.000037,0.084895,0.000000,0.000000,0.000000,1.000000,0.000000,0.000000,0.000000,0.000000,0.000000,0.000000,0.264870,0.000000,0.000000,0.000000,0.000000,0.000000,0.000000
56225.571063,-1,-0.005837,0.000037,0.084895,0.000000,0.000000,0.000000,1.000000,0.000000,0.000000,0.000000,0.000000,0.000000,0.000000,0.264870,0.000000,0.000000,0.000000,0.000000,0.000000,0.000000
56225.621046,-1,-0.005837,0.000037,0.084895,0.000000,0.000000,0.000000,1.000000,0.000000,0.000000,0.000000,0.000000,0.000000,0.000000,0.264870,0.000000,0.000000,0.000000,0.000000,0.000000,0.000000
56225.671051,-1,-0.005837,0.000037,0.084895,0.000000,0.000000,0.000000,1.000000,0.000000,0.000000,0.000000,0.000000,0.000000,0.000000,0.264870,0.000000,0.000000,0.000000,0.000000,0.000000,0.000000
56225.721052,-1,-0.005837,0.000037,0.084895,0.000000,0.000000,0.000000,1.000000,0.000000,0.000000,0.000000,0.000000,0.000000,0.000000,0.264870,0.000000,0.000000,0.000000,0.000000,0.000000,0.000000
56225.771047,-1,-0.005837,0.000037,0.084895,0.000000,0.000000,0.000000,1.000000,0.000000,0.000000,0.000000,0.000000,0.000000,0.000000,0.264870,0.000000,0.000000,0.000000,0.000000,0.000000,0.000000
56225.821044,-1,-0.005837,0.000037,0.084895,0.000000,0.000000,0.000000,1.000000,0.000000,0.000000,0.000000,0.000000,0.000000,0.000000,0.264870,0.000000,0.000000,0.000000,0.000000,0.000000,0.000000
56225.871049,-1,-0.005837,0.000037,0.084895,0.000000,0.000000,0.000000,1.000000,0.000000,0.000000,0.000000,0.000000,0.000000,0.000000,0.264870,0.000000,0.000000,0.000000,0.000000,0.000000,0.000000
56225.921034,-1,-0.005837,0.000037,0.084895,0.000000,0.000000,0.000000,1.000000,0.000000,0.000000,0.000000,0.000000,0.000000,0.000000,0.264870,0.000000,0.000000,0.000000,0.000000,0.000000,0.000000
56225.971052,-1,-0.005837,0.000037,0.084895,0.000000,0.000000,0.000000,1.000000,0.000000,0.000000,0.000000,0.000000,0.000000,0.000000,0.264870,0.000000,0.000000,0.000000,0.000000,0.000000,0.000000
56226.021046,-1,-0.005837,0.000037,0.084895,0.000000,0.000000,0.000000,1.000000,0.000000,0.000000,0.000000,0.000000,0.000000,0.000000,0.264870,0.000000,0.000000,0.000000,0.000000,0.000000,0.000000
56226.071027,-1,-0.005837,0.000037,0.084895,0.000000,0.000000,0.000000,1.000000,0.000000,0.000000,0.000000,0.000000,0.000000,0.000000,0.264870,0.000000,0.000000,0.000000,0.000000,0.000000,0.000000
56226.121147,-1,-0.005837,0.000037,0.084895,0.000000,0.000000,0.000000,1.000000,0.000000,0.000000,0.000000,0.000000,0.000000,0.000000,0.264870,0.000000,0.000000,0.000000,0.000000,0.000000,0.000000
56226.171104,-1,-0.005837,0.000037,0.084895,0.000000,0.000000,0.000000,1.000000,0.000000,0.000000,0.000000,0.000000,0.000000,0.000000,0.264870,0.000000,0.000000,0.000000,0.000000,0.000000,0.000000
56226.221057,-1,-0.005837,0.000037,0.084895,0.000000,0.000000,0.000000,1.000000,0.000000,0.000000,0.000000,0.000000,0.000000,0.000000,0.264870,0.000000,0.000000,0.000000,0.000000,0.000000,0.000000
56226.271114,-1,-0.005837,0.000037,0.084895,0.000000,0.000000,0.000000,1.000000,0.000000,0.000000,0.000000,0.000000,0.000000,0.000000,0.264870,0.000000,0.000000,0.000000,0.000000,0.000000,0.000000
56226.321071,-1,-0.005837,0.000037,0.084895,0.000000,0.000000,0.000000,1.000000,0.000000,0.000000,0.000000,0.000000,0.000000,0.000000,0.264870,0.000000,0.000000,0.000000,0.000000,0.000000,0.000000
56226.371026,-1,-0.005837,0.000037,0.084895,0.000000,0.000000,0.000000,1.000000,0.000000,0.000000,0.000000,0.000000,0.000000,0.000000,0.264870,0.000000,0.000000,0.000000,0.000000,0.000000,0.000000
56226.421046,-1,-0.005837,0.000037,0.084895,0.000000,0.000000,0.000000,1.000000,0.000000,0.000000,0.000000,0.000000,0.000000,0.000000,0.264870,0.000000,0.000000,0.000000,0.000000,0.000000,0.000000
56226.471043,-1,-0.005837,0.000037,0.084895,0.000000,0.000000,0.000000,1.000000,0.000000,0.000000,0.000000,0.000000,0.000000,0.000000,0.264870,0.000000,0.000000,0.000000,0.000000,0.000000,0.000000
56226.521023,-1,-0.005837,0.000037,0.084895,0.000000,0.000000,0.000000,1.000000,0.000000,0.000000,0.000000,0.000000,0.000000,0.000000,0.264870,0.000000,0.000000,0.000000,0.000000,0.000000,0.000000
56226.571069,-1,-0.005837,0.000037,0.084895,0.000000,0.000000,0.000000,1.000000,0.000000,0.000000,0.000000,0.000000,0.000000,0.000000,0.264870,0.000000,0.000000,0.000000,0.000000,0.000000,0.000000
56226.621114,-1,-0.005837,0.000037,0.084895,0.000000,0.000000,0.000000,1.000000,0.000000,0.000000,0.000000,0.000000,0.000000,0.000000,0.264870,0.000000,0.000000,0.000000,0.000000,0.000000,0.000000
56226.671052,-1,-0.005837,0.000037,0.084895,0.000000,0.000000,0.000000,1.000000,0.000000,0.000000,0.000000,0.000000,0.000000,0.000000,0.264870,0.000000,0.000000,0.000000,0.000000,0.000000,0.000000
56226.721101,-1,-0.005837,0.000037,0.084895,0.000000,0.000000,0.000000,1.000000,0.000000,0.000000,0.000000,0.000000,0.000000,0.000000,0.264870,0.000000,0.000000,0.000000,0.000000,0.000000,0.000000
56226.771039,-1,-0.005837,0.000037,0.084895,0.000000,0.000000,0.000000,1.000000,0.000000,0.000000,0.000000,0.000000,0.000000,0.000000,0.264870,0.000000,0.000000,0.000000,0.000000,0.000000,0.000000
56226.821066,-1,-0.005837,0.000037,0.084895,0.000000,0.000000,0.000000,1.000000,0.000000,0.000000,0.000000,0.000000,0.000000,0.000000,0.264870,0.000000,0.000000,0.000000,0.000000,0.000000,0.000000
56226.871088,-1,-0.005837,0.000037,0.084895,0.000000,0.000000,0.000000,1.000000,0.000000,0.000000,0.000000,0.000000,0.000000,0.000000,0.264870,0.000000,0.000000,0.000000,0.000000,0.000000,0.000000
56226.921042,-1,-0.005837,0.000037,0.084895,0.000000,0.000000,0.000000,1.000000,0.000000,0.000000,0.000000,0.000000,0.000000,0.000000,0.264870,0.000000,0.000000,0.000000,0.000000,0.000000,0.000000
56226.971026,-1,-0.005837,0.000037,0.084895,0.000000,0.000000,0.000000,1.000000,0.000000,0.000000,0.000000,0.000000,0.000000,0.000000,0.264870,0.000000,0.000000,0.000000,0.000000,0.000000,0.000000
56227.021064,-1,-0.005837,0.000037,0.084895,0.000000,0.000000,0.000000,1.000000,0.000000,0.000000,0.000000,0.000000,0.000000,0.000000,0.264870,0.000000,0.000000,0.000000,0.000000,0.000000,0.000000
56227.071054,-1,-0.005837,0.000037,0.084895,0.000000,0.000000,0.000000,1.000000,0.000000,0.000000,0.000000,0.000000,0.000000,0.000000,0.264870,0.000000,0.000000,0.000000,0.000000,0.000000,0.000000
56227.121055,-1,-0.005837,0.000037,0.084895,0.000000,0.000000,0.000000,1.000000,0.000000,0.000000,0.000000,0.000000,0.000000,0.000000,0.264870,0.000000,0.000000,0.000000,0.000000,0.000000,0.000000
56227.171058,-1,-0.005837,0.000037,0.084895,0.000000,0.000000,0.000000,1.000000,0.000000,0.000000,0.000000,0.000000,0.000000,0.000000,0.264870,0.000000,0.000000,0.000000,0.000000,0.000000,0.000000
56227.221095,-1,-0.005837,0.000037,0.084895,0.000000,0.000000,0.000000,1.000000,0.000000,0.000000,0.000000,0.000000,0.000000,0.000000,0.264870,0.000000,0.000000,0.000000,0.000000,0.000000,0.000000
56227.271040,-1,-0.005837,0.000037,0.084895,0.000000,0.000000,0.000000,1.000000,0.000000,0.000000,0.000000,0.000000,0.000000,0.000000,0.264870,0.000000,0.000000,0.000000,0.000000,0.000000,0.000000
56227.321097,-1,-0.005837,0.000037,0.084895,0.000000,0.000000,0.000000,1.000000,0.000000,0.000000,0.000000,0.000000,0.000000,0.000000,0.264870,0.000000,0.000000,0.000000,0.000000,0.000000,0.000000
56227.371084,-1,-0.005837,0.000037,0.084895,0.000000,0.000000,0.000000,1.000000,0.000000,0.000000,0.000000,0.000000,0.000000,0.000000,0.264870,0.000000,0.000000,0.000000,0.000000,0.000000,0.000000
56227.421043,-1,-0.005837,0.000037,0.084895,0.000000,0.000000,0.000000,1.000000,0.000000,0.000000,0.000000,0.000000,0.000000,0.000000,0.264870,0.000000,0.000000,0.000000,0.000000,0.000000,0.000000
56227.471049,-1,-0.005837,0.000037,0.084895,0.000000,0.000000,0.000000,1.000000,0.000000,0.000000,0.000000,0.000000,0.000000,0.000000,0.264870,0.000000,0.000000,0.000000,0.000000,0.000000,0.000000
56227.521046,-1,-0.005837,0.000037,0.084895,0.000000,0.000000,0.000000,1.000000,0.000000,0.000000,0.000000,0.000000,0.000000,0.000000,0.264870,0.000000,0.000000,0.000000,0.000000,0.000000,0.000000
56227.571058,-1,-0.005837,0.000037,0.084895,0.000000,0.000000,0.000000,1.000000,0.000000,0.000000,0.000000,0.000000,0.000000,0.000000,0.264870,0.000000,0.000000,0.000000,0.000000,0.000000,0.000000
56227.621074,-1,-0.005837,0.000037,0.084895,0.000000,0.000000,0.000000,1.000000,0.000000,0.000000,0.000000,0.000000,0.000000,0.000000,0.264870,0.000000,0.000000,0.000000,0.000000,0.000000,0.000000
56227.671047,-1,-0.005837,0.000037,0.084895,0.000000,0.000000,0.000000,1.000000,0.000000,0.000000,0.000000,0.000000,0.000000,0.000000,0.264870,0.000000,0.000000,0.000000,0.000000,0.000000,0.000000
56227.721044,-1,-0.005837,0.000037,0.084895,0.000000,0.000000,0.000000,1.000000,0.000000,0.000000,0.000000,0.000000,0.000000,0.000000,0.264870,0.000000,0.000000,0.000000,0.000000,0.000000,0.000000
56227.771046,-1,-0.005837,0.000037,0.084895,0.000000,0.000000,0.000000,1.000000,0.000000,0.000000,0.000000,0.000000,0.000000,0.000000,0.264870,0.000000,0.000000,0.000000,0.000000,0.000000,0.000000
56227.821119,-1,-0.005837,0.000037,0.084895,0.000000,0.000000,0.000000,1.000000,0.000000,0.000000,0.000000,0.000000,0.000000,0.000000,0.264870,0.000000,0.000000,0.000000,0.000000,0.000000,0.000000
56227.871041,-1,-0.005837,0.000037,0.084895,0.000000,0.000000,0.000000,1.000000,0.000000,0.000000,0.000000,0.000000,0.000000,0.000000,0.264870,0.000000,0.000000,0.000000,0.000000,0.000000,0.000000
56227.921041,-1,-0.005837,0.000037,0.084895,0.000000,0.000000,0.000000,1.000000,0.000000,0.000000,0.000000,0.000000,0.000000,0.000000,0.264870,0.000000,0.000000,0.000000,0.000000,0.000000,0.000000
56227.971046,-1,-0.005837,0.000037,0.084895,0.000000,0.000000,0.000000,1.000000,0.000000,0.000000,0.000000,0.000000,0.000000,0.000000,0.264870,0.000000,0.000000,0.000000,0.000000,0.000000,0.000000
56228.021044,-1,-0.005837,0.000037,0.084895,0.000000,0.000000,0.000000,1.000000,0.000000,0.000000,0.000000,0.000000,0.000000,0.000000,0.264870,0.000000,0.000000,0.000000,0.000000,0.000000,0.000000
56228.071033,-1,-0.005837,0.000037,0.084895,0.000000,0.000000,0.000000,1.000000,0.000000,0.000000,0.000000,0.000000,0.000000,0.000000,0.264870,0.000000,0.000000,0.000000,0.000000,0.000000,0.000000
56228.121073,-1,-0.005837,0.000037,0.084895,0.000000,0.000000,0.000000,1.000000,0.000000,0.000000,0.000000,0.000000,0.000000,0.000000,0.264870,0.000000,0.000000,0.000000,0.000000,0.000000,0.000000
56228.171074,-1,-0.005837,0.000037,0.084895,0.000000,0.000000,0.000000,1.000000,0.000000,0.000000,0.000000,0.000000,0.000000,0.000000,0.264870,0.000000,0.000000,0.000000,0.000000,0.000000,0.000000
56228.221024,-1,-0.005837,0.000037,0.084895,0.000000,0.000000,0.000000,1.000000,0.000000,0.000000,0.000000,0.000000,0.000000,0.000000,0.264870,0.000000,0.000000,0.000000,0.000000,0.000000,0.000000
56228.271042,-1,-0.005837,0.000037,0.084895,0.000000,0.000000,0.000000,1.000000,0.000000,0.000000,0.000000,0.000000,0.000000,0.000000,0.264870,0.000000,0.000000,0.000000,0.000000,0.000000,0.000000
56228.321044,-1,-0.005837,0.000037,0.084895,0.000000,0.000000,0.000000,1.000000,0.000000,0.000000,0.000000,0.000000,0.000000,0.000000,0.264870,0.000000,0.000000,0.000000,0.000000,0.000000,0.000000
56228.371042,-1,-0.005837,0.000037,0.084895,0.000000,0.000000,0.000000,1.000000,0.000000,0.000000,0.000000,0.000000,0.000000,0.000000,0.264870,0.000000,0.000000,0.000000,0.000000,0.000000,0.000000
56228.421035,-1,-0.005837,0.000037,0.084895,0.000000,0.000000,0.000000,1.000000,0.000000,0.000000,0.000000,0.000000,0.000000,0.000000,0.264870,0.000000,0.000000,0.000000,0.000000,0.000000,0.000000
56228.471035,-1,-0.005837,0.000037,0.084895,0.000000,0.000000,0.000000,1.000000,0.000000,0.000000,0.000000,0.000000,0.000000,0.000000,0.264870,0.000000,0.000000,0.000000,0.000000,0.000000,0.000000
56228.521035,-1,-0.005837,0.000037,0.084895,0.000000,0.000000,0.000000,1.000000,0.000000,0.000000,0.000000,0.000000,0.000000,0.000000,0.264870,0.000000,0.000000,0.000000,0.000000,0.000000,0.000000
56228.571047,-1,-0.005837,0.000037,0.084895,0.000000,0.000000,0.000000,1.000000,0.000000,0.000000,0.000000,0.000000,0.000000,0.000000,0.264870,0.000000,0.000000,0.000000,0.000000,0.000000,0.000000
56228.621027,-1,-0.005837,0.000037,0.084895,0.000000,0.000000,0.000000,1.000000,0.000000,0.000000,0.000000,0.000000,0.000000,0.000000,0.264870,0.000000,0.000000,0.000000,0.000000,0.000000,0.000000
56228.671040,-1,-0.005837,0.000037,0.084895,0.000000,0.000000,0.000000,1.000000,0.000000,0.000000,0.000000,0.000000,0.000000,0.000000,0.264870,0.000000,0.000000,0.000000,0.000000,0.000000,0.000000
56228.720985,-1,-0.005837,0.000037,0.084895,0.000000,0.000000,0.000000,1.000000,0.000000,0.000000,0.000000,0.000000,0.000000,0.000000,0.264870,0.000000,0.000000,0.000000,0.000000,0.000000,0.000000
56228.771068,-1,-0.005837,0.000037,0.084895,0.000000,0.000000,0.000000,1.000000,0.000000,0.000000,0.000000,0.000000,0.000000,0.000000,0.264870,0.000000,0.000000,0.000000,0.000000,0.000000,0.000000
56228.821035,-1,-0.005837,0.000037,0.084895,0.000000,0.000000,0.000000,1.000000,0.000000,0.000000,0.000000,0.000000,0.000000,0.000000,0.264870,0.000000,0.000000,0.000000,0.000000,0.000000,0.000000
56228.871038,-1,-0.005837,0.000037,0.084895,0.000000,0.000000,0.000000,1.000000,0.000000,0.000000,0.000000,0.000000,0.000000,0.000000,0.264870,0.000000,0.000000,0.000000,0.000000,0.000000,0.000000
56228.921037,-1,-0.005837,0.000037,0.084895,0.000000,0.000000,0.000000,1.000000,0.000000,0.000000,0.000000,0.000000,0.000000,0.000000,0.264870,0.000000,0.000000,0.000000,0.000000,0.000000,0.000000
56228.971041,-1,-0.005837,0.000037,0.084895,0.000000,0.000000,0.000000,1.000000,0.000000,0.000000,0.000000,0.000000,0.000000,0.000000,0.264870,0.000000,0.000000,0.000000,0.000000,0.000000,0.000000
56229.021038,-1,-0.005837,0.000037,0.084895,0.000000,0.000000,0.000000,1.000000,0.000000,0.000000,0.000000,0.000000,0.000000,0.000000,0.264870,0.000000,0.000000,0.000000,0.000000,0.000000,0.000000
56229.071054,-1,-0.005837,0.000037,0.084895,0.000000,0.000000,0.000000,1.000000,0.000000,0.000000,0.000000,0.000000,0.000000,0.000000,0.264870,0.000000,0.000000,0.000000,0.000000,0.000000,0.000000
56229.121039,-1,-0.005837,0.000037,0.084895,0.000000,0.000000,0.000000,1.000000,0.000000,0.000000,0.000000,0.000000,0.000000,0.000000,0.264870,0.000000,0.000000,0.000000,0.000000,0.000000,0.000000
56229.171032,-1,-0.005837,0.000037,0.084895,0.000000,0.000000,0.000000,1.000000,0.000000,0.000000,0.000000,0.000000,0.000000,0.000000,0.264870,0.000000,0.000000,0.000000,0.000000,0.000000,0.000000
56229.221051,-1,-0.005837,0.000037,0.084895,0.000000,0.000000,0.000000,1.000000,0.000000,0.000000,0.000000,0.000000,0.000000,0.000000,0.264870,0.000000,0.000000,0.000000,0.000000,0.000000,0.000000
56229.271075,-1,-0.005837,0.000037,0.084895,0.000000,0.000000,0.000000,1.000000,0.000000,0.000000,0.000000,0.000000,0.000000,0.000000,0.264870,0.000000,0.000000,0.000000,0.000000,0.000000,0.000000
56229.321087,-1,-0.005837,0.000037,0.084895,0.000000,0.000000,0.000000,1.000000,0.000000,0.000000,0.000000,0.000000,0.000000,0.000000,0.264870,0.000000,0.000000,0.000000,0.000000,0.000000,0.000000
56229.371051,-1,-0.005837,0.000037,0.084895,0.000000,0.000000,0.000000,1.000000,0.000000,0.000000,0.000000,0.000000,0.000000,0.000000,0.264870,0.000000,0.000000,0.000000,0.000000,0.000000,0.000000
56229.421054,-1,-0.005837,0.000037,0.084895,0.000000,0.000000,0.000000,1.000000,0.000000,0.000000,0.000000,0.000000,0.000000,0.000000,0.264870,0.000000,0.000000,0.000000,0.000000,0.000000,0.000000
56229.471116,-1,-0.005837,0.000037,0.084895,0.000000,0.000000,0.000000,1.000000,0.000000,0.000000,0.000000,0.000000,0.000000,0.000000,0.264870,0.000000,0.000000,0.000000,0.000000,0.000000,0.000000
56229.521103,-1,-0.005837,0.000037,0.084895,0.000000,0.000000,0.000000,1.000000,0.000000,0.000000,0.000000,0.000000,0.000000,0.000000,0.264870,0.000000,0.000000,0.000000,0.000000,0.000000,0.000000
56229.571053,-1,-0.005837,0.000037,0.084895,0.000000,0.000000,0.000000,1.000000,0.000000,0.000000,0.000000,0.000000,0.000000,0.000000,0.264870,0.000000,0.000000,0.000000,0.000000,0.000000,0.000000
56229.621098,-1,-0.005837,0.000037,0.084895,0.000000,0.000000,0.000000,1.000000,0.000000,0.000000,0.000000,0.000000,0.000000,0.000000,0.264870,0.000000,0.000000,0.000000,0.000000,0.000000,0.000000
56229.671041,-1,-0.005837,0.000037,0.084895,0.000000,0.000000,0.000000,1.000000,0.000000,0.000000,0.000000,0.000000,0.000000,0.000000,0.264870,0.000000,0.000000,0.000000,0.000000,0.000000,0.000000
56229.721072,-1,-0.005837,0.000037,0.084895,0.000000,0.000000,0.000000,1.000000,0.000000,0.000000,0.000000,0.000000,0.000000,0.000000,0.264870,0.000000,0.000000,0.000000,0.000000,0.000000,0.000000
56229.771087,-1,-0.005837,0.000037,0.084895,0.000000,0.000000,0.000000,1.000000,0.000000,0.000000,0.000000,0.000000,0.000000,0.000000,0.264870,0.000000,0.000000,0.000000,0.000000,0.000000,0.000000
56229.821054,-1,-0.005837,0.000037,0.084895,0.000000,0.000000,0.000000,1.000000,0.000000,0.000000,0.000000,0.000000,0.000000,0.000000,0.264870,0.000000,0.000000,0.000000,0.000000,0.000000,0.000000
56229.871114,-1,-0.005837,0.000037,0.084895,0.000000,0.000000,0.000000,1.000000,0.000000,0.000000,0.000000,0.000000,0.000000,0.000000,0.264870,0.000000,0.000000,0.000000,0.000000,0.000000,0.000000
56229.921047,-1,-0.005837,0.000037,0.084895,0.000000,0.000000,0.000000,1.000000,0.000000,0.000000,0.000000,0.000000,0.000000,0.000000,0.264870,0.000000,0.000000,0.000000,0.000000,0.000000,0.000000
56229.971047,-1,-0.005837,0.000037,0.084895,0.000000,0.000000,0.000000,1.000000,0.000000,0.000000,0.000000,0.000000,0.000000,0.000000,0.264870,0.000000,0.000000,0.000000,0.000000,0.000000,0.000000
56230.021045,-1,-0.005837,0.000037,0.084895,0.000000,0.000000,0.000000,1.000000,0.000000,0.000000,0.000000,0.000000,0.000000,0.000000,0.264870,0.000000,0.000000,0.000000,0.000000,0.000000,0.000000
56230.071084,-1,-0.005837,0.000037,0.084895,0.000000,0.000000,0.000000,1.000000,0.000000,0.000000,0.000000,0.000000,0.000000,0.000000,0.264870,0.000000,0.000000,0.000000,0.000000,0.000000,0.000000
56230.121038,-1,-0.005837,0.000037,0.084895,0.000000,0.000000,0.000000,1.000000,0.000000,0.000000,0.000000,0.000000,0.000000,0.000000,0.264870,0.000000,0.000000,0.000000,0.000000,0.000000,0.000000
56230.171039,-1,-0.005837,0.000037,0.084895,0.000000,0.000000,0.000000,1.000000,0.000000,0.000000,0.000000,0.000000,0.000000,0.000000,0.264870,0.000000,0.000000,0.000000,0.000000,0.000000,0.000000
56230.221110,-1,-0.005837,0.000037,0.084895,0.000000,0.000000,0.000000,1.000000,0.000000,0.000000,0.000000,0.000000,0.000000,0.000000,0.264870,0.000000,0.000000,0.000000,0.000000,0.000000,0.000000
56230.271133,-1,-0.005837,0.000037,0.084895,0.000000,0.000000,0.000000,1.000000,0.000000,0.000000,0.000000,0.000000,0.000000,0.000000,0.264870,0.000000,0.000000,0.000000,0.000000,0.000000,0.000000
56230.321076,-1,-0.005837,0.000037,0.084895,0.000000,0.000000,0.000000,1.000000,0.000000,0.000000,0.000000,0.000000,0.000000,0.000000,0.264870,0.000000,0.000000,0.000000,0.000000,0.000000,0.000000
56230.371057,-1,-0.005837,0.000037,0.084895,0.000000,0.000000,0.000000,1.000000,0.000000,0.000000,0.000000,0.000000,0.000000,0.000000,0.264870,0.000000,0.000000,0.000000,0.000000,0.000000,0.000000
56230.421053,-1,-0.005837,0.000037,0.084895,0.000000,0.000000,0.000000,1.000000,0.000000,0.000000,0.000000,0.000000,0.000000,0.000000,0.264870,0.000000,0.000000,0.000000,0.000000,0.000000,0.000000
56230.471027,-1,-0.005837,0.000037,0.084895,0.000000,0.000000,0.000000,1.000000,0.000000,0.000000,0.000000,0.000000,0.000000,0.000000,0.264870,0.000000,0.000000,0.000000,0.000000,0.000000,0.000000
56230.521061,-1,-0.005837,0.000037,0.084895,0.000000,0.000000,0.000000,1.000000,0.000000,0.000000,0.000000,0.000000,0.000000,0.000000,0.264870,0.000000,0.000000,0.000000,0.000000,0.000000,0.000000
56230.571065,-1,-0.005837,0.000037,0.084895,0.000000,0.000000,0.000000,1.000000,0.000000,0.000000,0.000000,0.000000,0.000000,0.000000,0.264870,0.000000,0.000000,0.000000,0.000000,0.000000,0.000000
56230.953845,-1,-0.005837,0.000037,0.084895,0.000000,0.000000,0.000000,1.000000,0.000000,0.000000,0.000000,0.000000,0.000000,0.000000,0.264870,0.000000,0.000000,0.000000,0.000000,0.000000,0.000000
56230.953924,-1,-0.005837,0.000037,0.084895,0.000000,0.000000,0.000000,1.000000,0.000000,0.000000,0.000000,0.000000,0.000000,0.000000,0.264870,0.000000,0.000000,0.000000,0.000000,0.000000,0.000000
56230.971104,-1,-0.005837,0.000037,0.084895,0.000000,0.000000,0.000000,1.000000,0.000000,0.000000,0.000000,0.000000,0.000000,0.000000,0.264870,0.000000,0.000000,0.000000,0.000000,0.000000,0.000000
56231.021091,-1,-0.005837,0.000037,0.084895,0.000000,0.000000,0.000000,1.000000,0.000000,0.000000,0.000000,0.000000,0.000000,0.000000,0.264870,0.000000,0.000000,0.000000,0.000000,0.000000,0.000000
56231.071041,-1,-0.005837,0.000037,0.084895,0.000000,0.000000,0.000000,1.000000,0.000000,0.000000,0.000000,0.000000,0.000000,0.000000,0.264870,0.000000,0.000000,0.000000,0.000000,0.000000,0.000000
56231.121015,-1,-0.005837,0.000037,0.084895,0.000000,0.000000,0.000000,1.000000,0.000000,0.000000,0.000000,0.000000,0.000000,0.000000,0.264870,0.000000,0.000000,0.000000,0.000000,0.000000,0.000000
56231.171038,-1,-0.005837,0.000037,0.084895,0.000000,0.000000,0.000000,1.000000,0.000000,0.000000,0.000000,0.000000,0.000000,0.000000,0.264870,0.000000,0.000000,0.000000,0.000000,0.000000,0.000000
56231.221004,-1,-0.005837,0.000037,0.084895,0.000000,0.000000,0.000000,1.000000,0.000000,0.000000,0.000000,0.000000,0.000000,0.000000,0.264870,0.000000,0.000000,0.000000,0.000000,0.000000,0.000000
56231.271075,-1,-0.005837,0.000037,0.084895,0.000000,0.000000,0.000000,1.000000,0.000000,0.000000,0.000000,0.000000,0.000000,0.000000,0.264870,0.000000,0.000000,0.000000,0.000000,0.000000,0.000000
56231.321048,-1,-0.005837,0.000037,0.084895,0.000000,0.000000,0.000000,1.000000,0.000000,0.000000,0.000000,0.000000,0.000000,0.000000,0.264870,0.000000,0.000000,0.000000,0.000000,0.000000,0.000000
56231.371030,-1,-0.005837,0.000037,0.084895,0.000000,0.000000,0.000000,1.000000,0.000000,0.000000,0.000000,0.000000,0.000000,0.000000,0.264870,0.000000,0.000000,0.000000,0.000000,0.000000,0.000000
56231.421052,-1,-0.005837,0.000037,0.084895,0.000000,0.000000,0.000000,1.000000,0.000000,0.000000,0.000000,0.000000,0.000000,0.000000,0.264870,0.000000,0.000000,0.000000,0.000000,0.000000,0.000000
56231.471024,-1,-0.005837,0.000037,0.084895,0.000000,0.000000,0.000000,1.000000,0.000000,0.000000,0.000000,0.000000,0.000000,0.000000,0.264870,0.000000,0.000000,0.000000,0.000000,0.000000,0.000000
56231.521037,-1,-0.005837,0.000037,0.084895,0.000000,0.000000,0.000000,1.000000,0.000000,0.000000,0.000000,0.000000,0.000000,0.000000,0.264870,0.000000,0.000000,0.000000,0.000000,0.000000,0.000000
56231.571011,-1,-0.005837,0.000037,0.084895,0.000000,0.000000,0.000000,1.000000,0.000000,0.000000,0.000000,0.000000,0.000000,0.000000,0.264870,0.000000,0.000000,0.000000,0.000000,0.000000,0.000000
56231.621076,-1,-0.005837,0.000037,0.084895,0.000000,0.000000,0.000000,1.000000,0.000000,0.000000,0.000000,0.000000,0.000000,0.000000,0.264870,0.000000,0.000000,0.000000,0.000000,0.000000,0.000000
56231.671046,-1,-0.005837,0.000037,0.084895,0.000000,0.000000,0.000000,1.000000,0.000000,0.000000,0.000000,0.000000,0.000000,0.000000,0.264870,0.000000,0.000000,0.000000,0.000000,0.000000,0.000000
56231.721038,-1,-0.005837,0.000037,0.084895,0.000000,0.000000,0.000000,1.000000,0.000000,0.000000,0.000000,0.000000,0.000000,0.000000,0.264870,0.000000,0.000000,0.000000,0.000000,0.000000,0.000000
56231.771067,-1,-0.005837,0.000037,0.084895,0.000000,0.000000,0.000000,1.000000,0.000000,0.000000,0.000000,0.000000,0.000000,0.000000,0.264870,0.000000,0.000000,0.000000,0.000000,0.000000,0.000000
56231.821031,-1,-0.005837,0.000037,0.084895,0.000000,0.000000,0.000000,1.000000,0.000000,0.000000,0.000000,0.000000,0.000000,0.000000,0.264870,0.000000,0.000000,0.000000,0.000000,0.000000,0.000000
56231.871090,-1,-0.005837,0.000037,0.084895,0.000000,0.000000,0.000000,1.000000,0.000000,0.000000,0.000000,0.000000,0.000000,0.000000,0.264870,0.000000,0.000000,0.000000,0.000000,0.000000,0.000000
56231.921042,-1,-0.005837,0.000037,0.084895,0.000000,0.000000,0.000000,1.000000,0.000000,0.000000,0.000000,0.000000,0.000000,0.000000,0.264870,0.000000,0.000000,0.000000,0.000000,0.000000,0.000000
56231.971059,-1,-0.005837,0.000037,0.084895,0.000000,0.000000,0.000000,1.000000,0.000000,0.000000,0.000000,0.000000,0.000000,0.000000,0.264870,0.000000,0.000000,0.000000,0.000000,0.000000,0.000000
56232.021034,-1,-0.005837,0.000037,0.084895,0.000000,0.000000,0.000000,1.000000,0.000000,0.000000,0.000000,0.000000,0.000000,0.000000,0.264870,0.000000,0.000000,0.000000,0.000000,0.000000,0.000000
56232.071041,-1,-0.005837,0.000037,0.084895,0.000000,0.000000,0.000000,1.000000,0.000000,0.000000,0.000000,0.000000,0.000000,0.000000,0.264870,0.000000,0.000000,0.000000,0.000000,0.000000,0.000000
56232.121031,-1,-0.005837,0.000037,0.084895,0.000000,0.000000,0.000000,1.000000,0.000000,0.000000,0.000000,0.000000,0.000000,0.000000,0.264870,0.000000,0.000000,0.000000,0.000000,0.000000,0.000000
56232.171080,-1,-0.005837,0.000037,0.084895,0.000000,0.000000,0.000000,1.000000,0.000000,0.000000,0.000000,0.000000,0.000000,0.000000,0.264870,0.000000,0.000000,0.000000,0.000000,0.000000,0.000000
56232.221068,-1,-0.005837,0.000037,0.084895,0.000000,0.000000,0.000000,1.000000,0.000000,0.000000,0.000000,0.000000,0.000000,0.000000,0.264870,0.000000,0.000000,0.000000,0.000000,0.000000,0.000000
56232.271076,-1,-0.005837,0.000037,0.084895,0.000000,0.000000,0.000000,1.000000,0.000000,0.000000,0.000000,0.000000,0.000000,0.000000,0.264870,0.000000,0.000000,0.000000,0.000000,0.000000,0.000000
56232.321046,-1,-0.005837,0.000037,0.084895,0.000000,0.000000,0.000000,1.000000,0.000000,0.000000,0.000000,0.000000,0.000000,0.000000,0.264870,0.000000,0.000000,0.000000,0.000000,0.000000,0.000000
56232.371063,-1,-0.005837,0.000037,0.084895,0.000000,0.000000,0.000000,1.000000,0.000000,0.000000,0.000000,0.000000,0.000000,0.000000,0.264870,0.000000,0.000000,0.000000,0.000000,0.000000,0.000000
56232.421021,-1,-0.005837,0.000037,0.084895,0.000000,0.000000,0.000000,1.000000,0.000000,0.000000,0.000000,0.000000,0.000000,0.000000,0.264870,0.000000,0.000000,0.000000,0.000000,0.000000,0.000000
56232.471045,-1,-0.005837,0.000037,0.084895,0.000000,0.000000,0.000000,1.000000,0.000000,0.000000,0.000000,0.000000,0.000000,0.000000,0.264870,0.000000,0.000000,0.000000,0.000000,0.000000,0.000000
56232.521034,-1,-0.005837,0.000037,0.084895,0.000000,0.000000,0.000000,1.000000,0.000000,0.000000,0.000000,0.000000,0.000000,0.000000,0.264870,0.000000,0.000000,0.000000,0.000000,0.000000,0.000000
56232.571069,-1,-0.005837,0.000037,0.084895,0.000000,0.000000,0.000000,1.000000,0.000000,0.000000,0.000000,0.000000,0.000000,0.000000,0.264870,0.000000,0.000000,0.000000,0.000000,0.000000,0.000000
56232.621061,-1,-0.005837,0.000037,0.084895,0.000000,0.000000,0.000000,1.000000,0.000000,0.000000,0.000000,0.000000,0.000000,0.000000,0.264870,0.000000,0.000000,0.000000,0.000000,0.000000,0.000000
56232.671052,-1,-0.005837,0.000037,0.084895,0.000000,0.000000,0.000000,1.000000,0.000000,0.000000,0.000000,0.000000,0.000000,0.000000,0.264870,0.000000,0.000000,0.000000,0.000000,0.000000,0.000000
56232.720997,-1,-0.005837,0.000037,0.084895,0.000000,0.000000,0.000000,1.000000,0.000000,0.000000,0.000000,0.000000,0.000000,0.000000,0.264870,0.000000,0.000000,0.000000,0.000000,0.000000,0.000000
56232.771068,-1,-0.005837,0.000037,0.084895,0.000000,0.000000,0.000000,1.000000,0.000000,0.000000,0.000000,0.000000,0.000000,0.000000,0.264870,0.000000,0.000000,0.000000,0.000000,0.000000,0.000000
56232.821025,-1,-0.005837,0.000037,0.084895,0.000000,0.000000,0.000000,1.000000,0.000000,0.000000,0.000000,0.000000,0.000000,0.000000,0.264870,0.000000,0.000000,0.000000,0.000000,0.000000,0.000000
56232.871078,-1,-0.005837,0.000037,0.084895,0.000000,0.000000,0.000000,1.000000,0.000000,0.000000,0.000000,0.000000,0.000000,0.000000,0.264870,0.000000,0.000000,0.000000,0.000000,0.000000,0.000000
56232.921034,-1,-0.005837,0.000037,0.084895,0.000000,0.000000,0.000000,1.000000,0.000000,0.000000,0.000000,0.000000,0.000000,0.000000,0.264870,0.000000,0.000000,0.000000,0.000000,0.000000,0.000000
56232.971059,-1,-0.005837,0.000037,0.084895,0.000000,0.000000,0.000000,1.000000,0.000000,0.000000,0.000000,0.000000,0.000000,0.000000,0.264870,0.000000,0.000000,0.000000,0.000000,0.000000,0.000000
56233.021046,-1,-0.005837,0.000037,0.084895,0.000000,0.000000,0.000000,1.000000,0.000000,0.000000,0.000000,0.000000,0.000000,0.000000,0.264870,0.000000,0.000000,0.000000,0.000000,0.000000,0.000000
56233.071042,-1,-0.005837,0.000037,0.084895,0.000000,0.000000,0.000000,1.000000,0.000000,0.000000,0.000000,0.000000,0.000000,0.000000,0.264870,0.000000,0.000000,0.000000,0.000000,0.000000,0.000000
56233.121044,-1,-0.005837,0.000037,0.084895,0.000000,0.000000,0.000000,1.000000,0.000000,0.000000,0.000000,0.000000,0.000000,0.000000,0.264870,0.000000,0.000000,0.000000,0.000000,0.000000,0.000000
56233.171045,-1,-0.005837,0.000037,0.084895,0.000000,0.000000,0.000000,1.000000,0.000000,0.000000,0.000000,0.000000,0.000000,0.000000,0.264870,0.000000,0.000000,0.000000,0.000000,0.000000,0.000000
56233.221074,-1,-0.005837,0.000037,0.084895,0.000000,0.000000,0.000000,1.000000,0.000000,0.000000,0.000000,0.000000,0.000000,0.000000,0.264870,0.000000,0.000000,0.000000,0.000000,0.000000,0.000000
56233.271041,-1,-0.005837,0.000037,0.084895,0.000000,0.000000,0.000000,1.000000,0.000000,0.000000,0.000000,0.000000,0.000000,0.000000,0.264870,0.000000,0.000000,0.000000,0.000000,0.000000,0.000000
56233.321042,-1,-0.005837,0.000037,0.084895,0.000000,0.000000,0.000000,1.000000,0.000000,0.000000,0.000000,0.000000,0.000000,0.000000,0.264870,0.000000,0.000000,0.000000,0.000000,0.000000,0.000000
56233.371086,-1,-0.005837,0.000037,0.084895,0.000000,0.000000,0.000000,1.000000,0.000000,0.000000,0.000000,0.000000,0.000000,0.000000,0.264870,0.000000,0.000000,0.000000,0.000000,0.000000,0.000000
56233.421044,-1,-0.005837,0.000037,0.084895,0.000000,0.000000,0.000000,1.000000,0.000000,0.000000,0.000000,0.000000,0.000000,0.000000,0.264870,0.000000,0.000000,0.000000,0.000000,0.000000,0.000000
56233.471024,-1,-0.005837,0.000037,0.084895,0.000000,0.000000,0.000000,1.000000,0.000000,0.000000,0.000000,0.000000,0.000000,0.000000,0.264870,0.000000,0.000000,0.000000,0.000000,0.000000,0.000000
56233.521029,-1,-0.005837,0.000037,0.084895,0.000000,0.000000,0.000000,1.000000,0.000000,0.000000,0.000000,0.000000,0.000000,0.000000,0.264870,0.000000,0.000000,0.000000,0.000000,0.000000,0.000000
56233.571024,-1,-0.005837,0.000037,0.084895,0.000000,0.000000,0.000000,1.000000,0.000000,0.000000,0.000000,0.000000,0.000000,0.000000,0.264870,0.000000,0.000000,0.000000,0.000000,0.000000,0.000000
56233.621069,-1,-0.005837,0.000037,0.084895,0.000000,0.000000,0.000000,1.000000,0.000000,0.000000,0.000000,0.000000,0.000000,0.000000,0.264870,0.000000,0.000000,0.000000,0.000000,0.000000,0.000000
56233.671037,-1,-0.005837,0.000037,0.084895,0.000000,0.000000,0.000000,1.000000,0.000000,0.000000,0.000000,0.000000,0.000000,0.000000,0.264870,0.000000,0.000000,0.000000,0.000000,0.000000,0.000000
56233.721031,-1,-0.005837,0.000037,0.084895,0.000000,0.000000,0.000000,1.000000,0.000000,0.000000,0.000000,0.000000,0.000000,0.000000,0.264870,0.000000,0.000000,0.000000,0.000000,0.000000,0.000000
56233.771028,-1,-0.005837,0.000037,0.084895,0.000000,0.000000,0.000000,1.000000,0.000000,0.000000,0.000000,0.000000,0.000000,0.000000,0.264870,0.000000,0.000000,0.000000,0.000000,0.000000,0.000000
56233.821055,-1,-0.005837,0.000037,0.084895,0.000000,0.000000,0.000000,1.000000,0.000000,0.000000,0.000000,0.000000,0.000000,0.000000,0.264870,0.000000,0.000000,0.000000,0.000000,0.000000,0.000000
56233.871036,-1,-0.005837,0.000037,0.084895,0.000000,0.000000,0.000000,1.000000,0.000000,0.000000,0.000000,0.000000,0.000000,0.000000,0.264870,0.000000,0.000000,0.000000,0.000000,0.000000,0.000000
56233.921018,-1,-0.005837,0.000037,0.084895,0.000000,0.000000,0.000000,1.000000,0.000000,0.000000,0.000000,0.000000,0.000000,0.000000,0.264870,0.000000,0.000000,0.000000,0.000000,0.000000,0.000000
56233.971044,-1,-0.005837,0.000037,0.084895,0.000000,0.000000,0.000000,1.000000,0.000000,0.000000,0.000000,0.000000,0.000000,0.000000,0.264870,0.000000,0.000000,0.000000,0.000000,0.000000,0.000000
56234.021020,-1,-0.005837,0.000037,0.084895,0.000000,0.000000,0.000000,1.000000,0.000000,0.000000,0.000000,0.000000,0.000000,0.000000,0.264870,0.000000,0.000000,0.000000,0.000000,0.000000,0.000000
56234.071080,-1,-0.005837,0.000037,0.084895,0.000000,0.000000,0.000000,1.000000,0.000000,0.000000,0.000000,0.000000,0.000000,0.000000,0.264870,0.000000,0.000000,0.000000,0.000000,0.000000,0.000000
56234.121075,-1,-0.005837,0.000037,0.084895,0.000000,0.000000,0.000000,1.000000,0.000000,0.000000,0.000000,0.000000,0.000000,0.000000,0.264870,0.000000,0.000000,0.000000,0.000000,0.000000,0.000000
56234.171018,-1,-0.005837,0.000037,0.084895,0.000000,0.000000,0.000000,1.000000,0.000000,0.000000,0.000000,0.000000,0.000000,0.000000,0.264870,0.000000,0.000000,0.000000,0.000000,0.000000,0.000000
56234.221030,-1,-0.005837,0.000037,0.084895,0.000000,0.000000,0.000000,1.000000,0.000000,0.000000,0.000000,0.000000,0.000000,0.000000,0.264870,0.000000,0.000000,0.000000,0.000000,0.000000,0.000000
56234.270994,-1,-0.005837,0.000037,0.084895,0.000000,0.000000,0.000000,1.000000,0.000000,0.000000,0.000000,0.000000,0.000000,0.000000,0.264870,0.000000,0.000000,0.000000,0.000000,0.000000,0.000000
56234.321038,-1,-0.005837,0.000037,0.084895,0.000000,0.000000,0.000000,1.000000,0.000000,0.000000,0.000000,0.000000,0.000000,0.000000,0.264870,0.000000,0.000000,0.000000,0.000000,0.000000,0.000000
56234.371026,-1,-0.005837,0.000037,0.084895,0.000000,0.000000,0.000000,1.000000,0.000000,0.000000,0.000000,0.000000,0.000000,0.000000,0.264870,0.000000,0.000000,0.000000,0.000000,0.000000,0.000000
56234.421043,-1,-0.005837,0.000037,0.084895,0.000000,0.000000,0.000000,1.000000,0.000000,0.000000,0.000000,0.000000,0.000000,0.000000,0.264870,0.000000,0.000000,0.000000,0.000000,0.000000,0.000000
56234.471027,-1,-0.005837,0.000037,0.084895,0.000000,0.000000,0.000000,1.000000,0.000000,0.000000,0.000000,0.000000,0.000000,0.000000,0.264870,0.000000,0.000000,0.000000,0.000000,0.000000,0.000000
56234.521071,-1,-0.005837,0.000037,0.084895,0.000000,0.000000,0.000000,1.000000,0.000000,0.000000,0.000000,0.000000,0.000000,0.000000,0.264870,0.000000,0.000000,0.000000,0.000000,0.000000,0.000000
56234.571037,-1,-0.005837,0.000037,0.084895,0.000000,0.000000,0.000000,1.000000,0.000000,0.000000,0.000000,0.000000,0.000000,0.000000,0.264870,0.000000,0.000000,0.000000,0.000000,0.000000,0.000000
56234.620997,-1,-0.005837,0.000037,0.084895,0.000000,0.000000,0.000000,1.000000,0.000000,0.000000,0.000000,0.000000,0.000000,0.000000,0.264870,0.000000,0.000000,0.000000,0.000000,0.000000,0.000000
56234.671020,-1,-0.005837,0.000037,0.084895,0.000000,0.000000,0.000000,1.000000,0.000000,0.000000,0.000000,0.000000,0.000000,0.000000,0.264870,0.000000,0.000000,0.000000,0.000000,0.000000,0.000000
56234.721146,-1,-0.005837,0.000037,0.084895,0.000000,0.000000,0.000000,1.000000,0.000000,0.000000,0.000000,0.000000,0.000000,0.000000,0.264870,0.000000,0.000000,0.000000,0.000000,0.000000,0.000000
56234.771097,-1,-0.005837,0.000037,0.084895,0.000000,0.000000,0.000000,1.000000,0.000000,0.000000,0.000000,0.000000,0.000000,0.000000,0.264870,0.000000,0.000000,0.000000,0.000000,0.000000,0.000000
56234.820993,-1,-0.005837,0.000037,0.084895,0.000000,0.000000,0.000000,1.000000,0.000000,0.000000,0.000000,0.000000,0.000000,0.000000,0.264870,0.000000,0.000000,0.000000,0.000000,0.000000,0.000000
56234.871031,-1,-0.005837,0.000037,0.084895,0.000000,0.000000,0.000000,1.000000,0.000000,0.000000,0.000000,0.000000,0.000000,0.000000,0.264870,0.000000,0.000000,0.000000,0.000000,0.000000,0.000000
56234.921055,-1,-0.005837,0.000037,0.084895,0.000000,0.000000,0.000000,1.000000,0.000000,0.000000,0.000000,0.000000,0.000000,0.000000,0.264870,0.000000,0.000000,0.000000,0.000000,0.000000,0.000000
56234.971080,-1,-0.005837,0.000037,0.084895,0.000000,0.000000,0.000000,1.000000,0.000000,0.000000,0.000000,0.000000,0.000000,0.000000,0.264870,0.000000,0.000000,0.000000,0.000000,0.000000,0.000000
56235.021028,-1,-0.005837,0.000037,0.084895,0.000000,0.000000,0.000000,1.000000,0.000000,0.000000,0.000000,0.000000,0.000000,0.000000,0.264870,0.000000,0.000000,0.000000,0.000000,0.000000,0.000000
56235.071018,-1,-0.005837,0.000037,0.084895,0.000000,0.000000,0.000000,1.000000,0.000000,0.000000,0.000000,0.000000,0.000000,0.000000,0.264870,0.000000,0.000000,0.000000,0.000000,0.000000,0.000000
56235.121025,-1,-0.005837,0.000037,0.084895,0.000000,0.000000,0.000000,1.000000,0.000000,0.000000,0.000000,0.000000,0.000000,0.000000,0.264870,0.000000,0.000000,0.000000,0.000000,0.000000,0.000000
56235.171020,-1,-0.005837,0.000037,0.084895,0.000000,0.000000,0.000000,1.000000,0.000000,0.000000,0.000000,0.000000,0.000000,0.000000,0.264870,0.000000,0.000000,0.000000,0.000000,0.000000,0.000000
56235.221096,-1,-0.005837,0.000037,0.084895,0.000000,0.000000,0.000000,1.000000,0.000000,0.000000,0.000000,0.000000,0.000000,0.000000,0.264870,0.000000,0.000000,0.000000,0.000000,0.000000,0.000000
56235.271025,-1,-0.005837,0.000037,0.084895,0.000000,0.000000,0.000000,1.000000,0.000000,0.000000,0.000000,0.000000,0.000000,0.000000,0.264870,0.000000,0.000000,0.000000,0.000000,0.000000,0.000000
56235.321029,-1,-0.005837,0.000037,0.084895,0.000000,0.000000,0.000000,1.000000,0.000000,0.000000,0.000000,0.000000,0.000000,0.000000,0.264870,0.000000,0.000000,0.000000,0.000000,0.000000,0.000000
56235.371017,-1,-0.005837,0.000037,0.084895,0.000000,0.000000,0.000000,1.000000,0.000000,0.000000,0.000000,0.000000,0.000000,0.000000,0.264870,0.000000,0.000000,0.000000,0.000000,0.000000,0.000000
56235.421038,-1,-0.005837,0.000037,0.084895,0.000000,0.000000,0.000000,1.000000,0.000000,0.000000,0.000000,0.000000,0.000000,0.000000,0.264870,0.000000,0.000000,0.000000,0.000000,0.000000,0.000000
56235.471024,-1,-0.005837,0.000037,0.084895,0.000000,0.000000,0.000000,1.000000,0.000000,0.000000,0.000000,0.000000,0.000000,0.000000,0.264870,0.000000,0.000000,0.000000,0.000000,0.000000,0.000000
56235.521027,-1,-0.005837,0.000037,0.084895,0.000000,0.000000,0.000000,1.000000,0.000000,0.000000,0.000000,0.000000,0.000000,0.000000,0.264870,0.000000,0.000000,0.000000,0.000000,0.000000,0.000000
56235.571020,-1,-0.005837,0.000037,0.084895,0.000000,0.000000,0.000000,1.000000,0.000000,0.000000,0.000000,0.000000,0.000000,0.000000,0.264870,0.000000,0.000000,0.000000,0.000000,0.000000,0.000000
56235.621017,-1,-0.005837,0.000037,0.084895,0.000000,0.000000,0.000000,1.000000,0.000000,0.000000,0.000000,0.000000,0.000000,0.000000,0.264870,0.000000,0.000000,0.000000,0.000000,0.000000,0.000000
56235.671022,-1,-0.005837,0.000037,0.084895,0.000000,0.000000,0.000000,1.000000,0.000000,0.000000,0.000000,0.000000,0.000000,0.000000,0.264870,0.000000,0.000000,0.000000,0.000000,0.000000,0.000000
56235.721049,-1,-0.005837,0.000037,0.084895,0.000000,0.000000,0.000000,1.000000,0.000000,0.000000,0.000000,0.000000,0.000000,0.000000,0.264870,0.000000,0.000000,0.000000,0.000000,0.000000,0.000000
56235.771028,-1,-0.005837,0.000037,0.084895,0.000000,0.000000,0.000000,1.000000,0.000000,0.000000,0.000000,0.000000,0.000000,0.000000,0.264870,0.000000,0.000000,0.000000,0.000000,0.000000,0.000000
56235.820998,-1,-0.005837,0.000037,0.084895,0.000000,0.000000,0.000000,1.000000,0.000000,0.000000,0.000000,0.000000,0.000000,0.000000,0.264870,0.000000,0.000000,0.000000,0.000000,0.000000,0.000000
56235.871015,-1,-0.005837,0.000037,0.084895,0.000000,0.000000,0.000000,1.000000,0.000000,0.000000,0.000000,0.000000,0.000000,0.000000,0.264870,0.000000,0.000000,0.000000,0.000000,0.000000,0.000000
56235.921010,-1,-0.005837,0.000037,0.084895,0.000000,0.000000,0.000000,1.000000,0.000000,0.000000,0.000000,0.000000,0.000000,0.000000,0.264870,0.000000,0.000000,0.000000,0.000000,0.000000,0.000000
56235.971024,-1,-0.005837,0.000037,0.084895,0.000000,0.000000,0.000000,1.000000,0.000000,0.000000,0.000000,0.000000,0.000000,0.000000,0.264870,0.000000,0.000000,0.000000,0.000000,0.000000,0.000000
56236.020988,-1,-0.005837,0.000037,0.084895,0.000000,0.000000,0.000000,1.000000,0.000000,0.000000,0.000000,0.000000,0.000000,0.000000,0.264870,0.000000,0.000000,0.000000,0.000000,0.000000,0.000000
56236.071027,-1,-0.005837,0.000037,0.084895,0.000000,0.000000,0.000000,1.000000,0.000000,0.000000,0.000000,0.000000,0.000000,0.000000,0.264870,0.000000,0.000000,0.000000,0.000000,0.000000,0.000000
56236.121008,-1,-0.005837,0.000037,0.084895,0.000000,0.000000,0.000000,1.000000,0.000000,0.000000,0.000000,0.000000,0.000000,0.000000,0.264870,0.000000,0.000000,0.000000,0.000000,0.000000,0.000000
56236.171012,-1,-0.005837,0.000037,0.084895,0.000000,0.000000,0.000000,1.000000,0.000000,0.000000,0.000000,0.000000,0.000000,0.000000,0.264870,0.000000,0.000000,0.000000,0.000000,0.000000,0.000000
56236.221012,-1,-0.005837,0.000037,0.084895,0.000000,0.000000,0.000000,1.000000,0.000000,0.000000,0.000000,0.000000,0.000000,0.000000,0.264870,0.000000,0.000000,0.000000,0.000000,0.000000,0.000000
56236.271015,-1,-0.005837,0.000037,0.084895,0.000000,0.000000,0.000000,1.000000,0.000000,0.000000,0.000000,0.000000,0.000000,0.000000,0.264870,0.000000,0.000000,0.000000,0.000000,0.000000,0.000000
56236.321023,-1,-0.005837,0.000037,0.084895,0.000000,0.000000,0.000000,1.000000,0.000000,0.000000,0.000000,0.000000,0.000000,0.000000,0.264870,0.000000,0.000000,0.000000,0.000000,0.000000,0.000000
56236.370992,-1,-0.005837,0.000037,0.084895,0.000000,0.000000,0.000000,1.000000,0.000000,0.000000,0.000000,0.000000,0.000000,0.000000,0.264870,0.000000,0.000000,0.000000,0.000000,0.000000,0.000000
56236.421026,-1,-0.005837,0.000037,0.084895,0.000000,0.000000,0.000000,1.000000,0.000000,0.000000,0.000000,0.000000,0.000000,0.000000,0.264870,0.000000,0.000000,0.000000,0.000000,0.000000,0.000000
56236.471014,-1,-0.005837,0.000037,0.084895,0.000000,0.000000,0.000000,1.000000,0.000000,0.000000,0.000000,0.000000,0.000000,0.000000,0.264870,0.000000,0.000000,0.000000,0.000000,0.000000,0.000000
56236.521013,-1,-0.005837,0.000037,0.084895,0.000000,0.000000,0.000000,1.000000,0.000000,0.000000,0.000000,0.000000,0.000000,0.000000,0.264870,0.000000,0.000000,0.000000,0.000000,0.000000,0.000000
56236.570999,-1,-0.005837,0.000037,0.084895,0.000000,0.000000,0.000000,1.000000,0.000000,0.000000,0.000000,0.000000,0.000000,0.000000,0.264870,0.000000,0.000000,0.000000,0.000000,0.000000,0.000000
56236.621006,-1,-0.005837,0.000037,0.084895,0.000000,0.000000,0.000000,1.000000,0.000000,0.000000,0.000000,0.000000,0.000000,0.000000,0.264870,0.000000,0.000000,0.000000,0.000000,0.000000,0.000000
56236.671007,-1,-0.005837,0.000037,0.084895,0.000000,0.000000,0.000000,1.000000,0.000000,0.000000,0.000000,0.000000,0.000000,0.000000,0.264870,0.000000,0.000000,0.000000,0.000000,0.000000,0.000000
56236.720996,-1,-0.005837,0.000037,0.084895,0.000000,0.000000,0.000000,1.000000,0.000000,0.000000,0.000000,0.000000,0.000000,0.000000,0.264870,0.000000,0.000000,0.000000,0.000000,0.000000,0.000000
56236.771019,-1,-0.005837,0.000037,0.084895,0.000000,0.000000,0.000000,1.000000,0.000000,0.000000,0.000000,0.000000,0.000000,0.000000,0.264870,0.000000,0.000000,0.000000,0.000000,0.000000,0.000000
56236.821071,-1,-0.005837,0.000037,0.084895,0.000000,0.000000,0.000000,1.000000,0.000000,0.000000,0.000000,0.000000,0.000000,0.000000,0.264870,0.000000,0.000000,0.000000,0.000000,0.000000,0.000000
56236.871009,-1,-0.005837,0.000037,0.084895,0.000000,0.000000,0.000000,1.000000,0.000000,0.000000,0.000000,0.000000,0.000000,0.000000,0.264870,0.000000,0.000000,0.000000,0.000000,0.000000,0.000000
56236.921010,-1,-0.005837,0.000037,0.084895,0.000000,0.000000,0.000000,1.000000,0.000000,0.000000,0.000000,0.000000,0.000000,0.000000,0.264870,0.000000,0.000000,0.000000,0.000000,0.000000,0.000000
56236.971010,-1,-0.005837,0.000037,0.084895,0.000000,0.000000,0.000000,1.000000,0.000000,0.000000,0.000000,0.000000,0.000000,0.000000,0.264870,0.000000,0.000000,0.000000,0.000000,0.000000,0.000000
56237.020990,-1,-0.005837,0.000037,0.084895,0.000000,0.000000,0.000000,1.000000,0.000000,0.000000,0.000000,0.000000,0.000000,0.000000,0.264870,0.000000,0.000000,0.000000,0.000000,0.000000,0.000000
56237.071047,-1,-0.005837,0.000037,0.084895,0.000000,0.000000,0.000000,1.000000,0.000000,0.000000,0.000000,0.000000,0.000000,0.000000,0.264870,0.000000,0.000000,0.000000,0.000000,0.000000,0.000000
56237.120996,-1,-0.005837,0.000037,0.084895,0.000000,0.000000,0.000000,1.000000,0.000000,0.000000,0.000000,0.000000,0.000000,0.000000,0.264870,0.000000,0.000000,0.000000,0.000000,0.000000,0.000000
56237.171015,-1,-0.005837,0.000037,0.084895,0.000000,0.000000,0.000000,1.000000,0.000000,0.000000,0.000000,0.000000,0.000000,0.000000,0.264870,0.000000,0.000000,0.000000,0.000000,0.000000,0.000000
56237.220997,-1,-0.005837,0.000037,0.084895,0.000000,0.000000,0.000000,1.000000,0.000000,0.000000,0.000000,0.000000,0.000000,0.000000,0.264870,0.000000,0.000000,0.000000,0.000000,0.000000,0.000000
56237.271017,-1,-0.005837,0.000037,0.084895,0.000000,0.000000,0.000000,1.000000,0.000000,0.000000,0.000000,0.000000,0.000000,0.000000,0.264870,0.000000,0.000000,0.000000,0.000000,0.000000,0.000000
56237.320977,-1,-0.005837,0.000037,0.084895,0.000000,0.000000,0.000000,1.000000,0.000000,0.000000,0.000000,0.000000,0.000000,0.000000,0.264870,0.000000,0.000000,0.000000,0.000000,0.000000,0.000000
56237.371017,-1,-0.005837,0.000037,0.084895,0.000000,0.000000,0.000000,1.000000,0.000000,0.000000,0.000000,0.000000,0.000000,0.000000,0.264870,0.000000,0.000000,0.000000,0.000000,0.000000,0.000000
56237.421042,-1,-0.005837,0.000037,0.084895,0.000000,0.000000,0.000000,1.000000,0.000000,0.000000,0.000000,0.000000,0.000000,0.000000,0.264870,0.000000,0.000000,0.000000,0.000000,0.000000,0.000000
56237.471006,-1,-0.005837,0.000037,0.084895,0.000000,0.000000,0.000000,1.000000,0.000000,0.000000,0.000000,0.000000,0.000000,0.000000,0.264870,0.000000,0.000000,0.000000,0.000000,0.000000,0.000000
56237.520986,-1,-0.005837,0.000037,0.084895,0.000000,0.000000,0.000000,1.000000,0.000000,0.000000,0.000000,0.000000,0.000000,0.000000,0.264870,0.000000,0.000000,0.000000,0.000000,0.000000,0.000000
56237.570989,-1,-0.005837,0.000037,0.084895,0.000000,0.000000,0.000000,1.000000,0.000000,0.000000,0.000000,0.000000,0.000000,0.000000,0.264870,0.000000,0.000000,0.000000,0.000000,0.000000,0.000000
56237.621048,-1,-0.005837,0.000037,0.084895,0.000000,0.000000,0.000000,1.000000,0.000000,0.000000,0.000000,0.000000,0.000000,0.000000,0.264870,0.000000,0.000000,0.000000,0.000000,0.000000,0.000000
56237.671027,-1,-0.005837,0.000037,0.084895,0.000000,0.000000,0.000000,1.000000,0.000000,0.000000,0.000000,0.000000,0.000000,0.000000,0.264870,0.000000,0.000000,0.000000,0.000000,0.000000,0.000000
56237.720994,-1,-0.005837,0.000037,0.084895,0.000000,0.000000,0.000000,1.000000,0.000000,0.000000,0.000000,0.000000,0.000000,0.000000,0.264870,0.000000,0.000000,0.000000,0.000000,0.000000,0.000000
56237.770995,-1,-0.005837,0.000037,0.084895,0.000000,0.000000,0.000000,1.000000,0.000000,0.000000,0.000000,0.000000,0.000000,0.000000,0.264870,0.000000,0.000000,0.000000,0.000000,0.000000,0.000000
56237.820996,-1,-0.005837,0.000037,0.084895,0.000000,0.000000,0.000000,1.000000,0.000000,0.000000,0.000000,0.000000,0.000000,0.000000,0.264870,0.000000,0.000000,0.000000,0.000000,0.000000,0.000000
56237.870996,-1,-0.005837,0.000037,0.084895,0.000000,0.000000,0.000000,1.000000,0.000000,0.000000,0.000000,0.000000,0.000000,0.000000,0.264870,0.000000,0.000000,0.000000,0.000000,0.000000,0.000000
56237.920997,-1,-0.005837,0.000037,0.084895,0.000000,0.000000,0.000000,1.000000,0.000000,0.000000,0.000000,0.000000,0.000000,0.000000,0.264870,0.000000,0.000000,0.000000,0.000000,0.000000,0.000000
56237.970999,-1,-0.005837,0.000037,0.084895,0.000000,0.000000,0.000000,1.000000,0.000000,0.000000,0.000000,0.000000,0.000000,0.000000,0.264870,0.000000,0.000000,0.000000,0.000000,0.000000,0.000000
56238.020980,-1,-0.005837,0.000037,0.084895,0.000000,0.000000,0.000000,1.000000,0.000000,0.000000,0.000000,0.000000,0.000000,0.000000,0.264870,0.000000,0.000000,0.000000,0.000000,0.000000,0.000000
56238.070998,-1,-0.005837,0.000037,0.084895,0.000000,0.000000,0.000000,1.000000,0.000000,0.000000,0.000000,0.000000,0.000000,0.000000,0.264870,0.000000,0.000000,0.000000,0.000000,0.000000,0.000000
56238.121011,-1,-0.005837,0.000037,0.084895,0.000000,0.000000,0.000000,1.000000,0.000000,0.000000,0.000000,0.000000,0.000000,0.000000,0.264870,0.000000,0.000000,0.000000,0.000000,0.000000,0.000000
56238.170985,-1,-0.005837,0.000037,0.084895,0.000000,0.000000,0.000000,1.000000,0.000000,0.000000,0.000000,0.000000,0.000000,0.000000,0.264870,0.000000,0.000000,0.000000,0.000000,0.000000,0.000000
56238.220961,-1,-0.005837,0.000037,0.084895,0.000000,0.000000,0.000000,1.000000,0.000000,0.000000,0.000000,0.000000,0.000000,0.000000,0.264870,0.000000,0.000000,0.000000,0.000000,0.000000,0.000000
56238.271014,-1,-0.005837,0.000037,0.084895,0.000000,0.000000,0.000000,1.000000,0.000000,0.000000,0.000000,0.000000,0.000000,0.000000,0.264870,0.000000,0.000000,0.000000,0.000000,0.000000,0.000000
56238.320985,-1,-0.005837,0.000037,0.084895,0.000000,0.000000,0.000000,1.000000,0.000000,0.000000,0.000000,0.000000,0.000000,0.000000,0.264870,0.000000,0.000000,0.000000,0.000000,0.000000,0.000000
56238.370994,-1,-0.005837,0.000037,0.084895,0.000000,0.000000,0.000000,1.000000,0.000000,0.000000,0.000000,0.000000,0.000000,0.000000,0.264870,0.000000,0.000000,0.000000,0.000000,0.000000,0.000000
56238.420996,-1,-0.005837,0.000037,0.084895,0.000000,0.000000,0.000000,1.000000,0.000000,0.000000,0.000000,0.000000,0.000000,0.000000,0.264870,0.000000,0.000000,0.000000,0.000000,0.000000,0.000000
56238.471023,-1,-0.005837,0.000037,0.084895,0.000000,0.000000,0.000000,1.000000,0.000000,0.000000,0.000000,0.000000,0.000000,0.000000,0.264870,0.000000,0.000000,0.000000,0.000000,0.000000,0.000000
56238.520990,-1,-0.005837,0.000037,0.084895,0.000000,0.000000,0.000000,1.000000,0.000000,0.000000,0.000000,0.000000,0.000000,0.000000,0.264870,0.000000,0.000000,0.000000,0.000000,0.000000,0.000000
56238.571034,-1,-0.005837,0.000037,0.084895,0.000000,0.000000,0.000000,1.000000,0.000000,0.000000,0.000000,0.000000,0.000000,0.000000,0.264870,0.000000,0.000000,0.000000,0.000000,0.000000,0.000000
56238.620988,-1,-0.005837,0.000037,0.084895,0.000000,0.000000,0.000000,1.000000,0.000000,0.000000,0.000000,0.000000,0.000000,0.000000,0.264870,0.000000,0.000000,0.000000,0.000000,0.000000,0.000000
56238.671006,-1,-0.005837,0.000037,0.084895,0.000000,0.000000,0.000000,1.000000,0.000000,0.000000,0.000000,0.000000,0.000000,0.000000,0.264870,0.000000,0.000000,0.000000,0.000000,0.000000,0.000000
56238.721039,-1,-0.005837,0.000037,0.084895,0.000000,0.000000,0.000000,1.000000,0.000000,0.000000,0.000000,0.000000,0.000000,0.000000,0.264870,0.000000,0.000000,0.000000,0.000000,0.000000,0.000000
56238.770967,-1,-0.005837,0.000037,0.084895,0.000000,0.000000,0.000000,1.000000,0.000000,0.000000,0.000000,0.000000,0.000000,0.000000,0.264870,0.000000,0.000000,0.000000,0.000000,0.000000,0.000000
56238.820993,-1,-0.005837,0.000037,0.084895,0.000000,0.000000,0.000000,1.000000,0.000000,0.000000,0.000000,0.000000,0.000000,0.000000,0.264870,0.000000,0.000000,0.000000,0.000000,0.000000,0.000000
56238.870990,-1,-0.005837,0.000037,0.084895,0.000000,0.000000,0.000000,1.000000,0.000000,0.000000,0.000000,0.000000,0.000000,0.000000,0.264870,0.000000,0.000000,0.000000,0.000000,0.000000,0.000000
56238.920993,-1,-0.005837,0.000037,0.084895,0.000000,0.000000,0.000000,1.000000,0.000000,0.000000,0.000000,0.000000,0.000000,0.000000,0.264870,0.000000,0.000000,0.000000,0.000000,0.000000,0.000000
56238.971005,-1,-0.005837,0.000037,0.084895,0.000000,0.000000,0.000000,1.000000,0.000000,0.000000,0.000000,0.000000,0.000000,0.000000,0.264870,0.000000,0.000000,0.000000,0.000000,0.000000,0.000000
56239.020971,-1,-0.005837,0.000037,0.084895,0.000000,0.000000,0.000000,1.000000,0.000000,0.000000,0.000000,0.000000,0.000000,0.000000,0.264870,0.000000,0.000000,0.000000,0.000000,0.000000,0.000000
56239.070999,-1,-0.005837,0.000037,0.084895,0.000000,0.000000,0.000000,1.000000,0.000000,0.000000,0.000000,0.000000,0.000000,0.000000,0.264870,0.000000,0.000000,0.000000,0.000000,0.000000,0.000000
56239.120988,-1,-0.005837,0.000037,0.084895,0.000000,0.000000,0.000000,1.000000,0.000000,0.000000,0.000000,0.000000,0.000000,0.000000,0.264870,0.000000,0.000000,0.000000,0.000000,0.000000,0.000000
56239.170988,-1,-0.005837,0.000037,0.084895,0.000000,0.000000,0.000000,1.000000,0.000000,0.000000,0.000000,0.000000,0.000000,0.000000,0.264870,0.000000,0.000000,0.000000,0.000000,0.000000,0.000000
56239.220997,-1,-0.005837,0.000037,0.084895,0.000000,0.000000,0.000000,1.000000,0.000000,0.000000,0.000000,0.000000,0.000000,0.000000,0.264870,0.000000,0.000000,0.000000,0.000000,0.000000,0.000000
56239.270995,-1,-0.005837,0.000037,0.084895,0.000000,0.000000,0.000000,1.000000,0.000000,0.000000,0.000000,0.000000,0.000000,0.000000,0.264870,0.000000,0.000000,0.000000,0.000000,0.000000,0.000000
56239.321037,-1,-0.005837,0.000037,0.084895,0.000000,0.000000,0.000000,1.000000,0.000000,0.000000,0.000000,0.000000,0.000000,0.000000,0.264870,0.000000,0.000000,0.000000,0.000000,0.000000,0.000000
56239.371007,-1,-0.005837,0.000037,0.084895,0.000000,0.000000,0.000000,1.000000,0.000000,0.000000,0.000000,0.000000,0.000000,0.000000,0.264870,0.000000,0.000000,0.000000,0.000000,0.000000,0.000000
56239.420982,-1,-0.005837,0.000037,0.084895,0.000000,0.000000,0.000000,1.000000,0.000000,0.000000,0.000000,0.000000,0.000000,0.000000,0.264870,0.000000,0.000000,0.000000,0.000000,0.000000,0.000000
56239.470975,-1,-0.005837,0.000037,0.084895,0.000000,0.000000,0.000000,1.000000,0.000000,0.000000,0.000000,0.000000,0.000000,0.000000,0.264870,0.000000,0.000000,0.000000,0.000000,0.000000,0.000000
56239.520990,-1,-0.005837,0.000037,0.084895,0.000000,0.000000,0.000000,1.000000,0.000000,0.000000,0.000000,0.000000,0.000000,0.000000,0.264870,0.000000,0.000000,0.000000,0.000000,0.000000,0.000000
56239.570998,-1,-0.005837,0.000037,0.084895,0.000000,0.000000,0.000000,1.000000,0.000000,0.000000,0.000000,0.000000,0.000000,0.000000,0.264870,0.000000,0.000000,0.000000,0.000000,0.000000,0.000000
56239.620988,-1,-0.005837,0.000037,0.084895,0.000000,0.000000,0.000000,1.000000,0.000000,0.000000,0.000000,0.000000,0.000000,0.000000,0.264870,0.000000,0.000000,0.000000,0.000000,0.000000,0.000000
56239.670993,-1,-0.005837,0.000037,0.084895,0.000000,0.000000,0.000000,1.000000,0.000000,0.000000,0.000000,0.000000,0.000000,0.000000,0.264870,0.000000,0.000000,0.000000,0.000000,0.000000,0.000000
56239.720975,-1,-0.005837,0.000037,0.084895,0.000000,0.000000,0.000000,1.000000,0.000000,0.000000,0.000000,0.000000,0.000000,0.000000,0.264870,0.000000,0.000000,0.000000,0.000000,0.000000,0.000000
56239.771021,-1,-0.005837,0.000037,0.084895,0.000000,0.000000,0.000000,1.000000,0.000000,0.000000,0.000000,0.000000,0.000000,0.000000,0.264870,0.000000,0.000000,0.000000,0.000000,0.000000,0.000000
56239.820995,-1,-0.005837,0.000037,0.084895,0.000000,0.000000,0.000000,1.000000,0.000000,0.000000,0.000000,0.000000,0.000000,0.000000,0.264870,0.000000,0.000000,0.000000,0.000000,0.000000,0.000000
56239.870994,-1,-0.005837,0.000037,0.084895,0.000000,0.000000,0.000000,1.000000,0.000000,0.000000,0.000000,0.000000,0.000000,0.000000,0.264870,0.000000,0.000000,0.000000,0.000000,0.000000,0.000000
56239.920985,-1,-0.005837,0.000037,0.084895,0.000000,0.000000,0.000000,1.000000,0.000000,0.000000,0.000000,0.000000,0.000000,0.000000,0.264870,0.000000,0.000000,0.000000,0.000000,0.000000,0.000000
56239.970991,-1,-0.005837,0.000037,0.084895,0.000000,0.000000,0.000000,1.000000,0.000000,0.000000,0.000000,0.000000,0.000000,0.000000,0.264870,0.000000,0.000000,0.000000,0.000000,0.000000,0.000000
56240.020989,-1,-0.005837,0.000037,0.084895,0.000000,0.000000,0.000000,1.000000,0.000000,0.000000,0.000000,0.000000,0.000000,0.000000,0.264870,0.000000,0.000000,0.000000,0.000000,0.000000,0.000000
56240.070986,-1,-0.005837,0.000037,0.084895,0.000000,0.000000,0.000000,1.000000,0.000000,0.000000,0.000000,0.000000,0.000000,0.000000,0.264870,0.000000,0.000000,0.000000,0.000000,0.000000,0.000000
56240.120994,-1,-0.005837,0.000037,0.084895,0.000000,0.000000,0.000000,1.000000,0.000000,0.000000,0.000000,0.000000,0.000000,0.000000,0.264870,0.000000,0.000000,0.000000,0.000000,0.000000,0.000000
56240.170978,-1,-0.005837,0.000037,0.084895,0.000000,0.000000,0.000000,1.000000,0.000000,0.000000,0.000000,0.000000,0.000000,0.000000,0.264870,0.000000,0.000000,0.000000,0.000000,0.000000,0.000000
56240.220980,-1,-0.005837,0.000037,0.084895,0.000000,0.000000,0.000000,1.000000,0.000000,0.000000,0.000000,0.000000,0.000000,0.000000,0.264870,0.000000,0.000000,0.000000,0.000000,0.000000,0.000000
56240.270993,-1,-0.005837,0.000037,0.084895,0.000000,0.000000,0.000000,1.000000,0.000000,0.000000,0.000000,0.000000,0.000000,0.000000,0.264870,0.000000,0.000000,0.000000,0.000000,0.000000,0.000000
56240.320986,-1,-0.005837,0.000037,0.084895,0.000000,0.000000,0.000000,1.000000,0.000000,0.000000,0.000000,0.000000,0.000000,0.000000,0.264870,0.000000,0.000000,0.000000,0.000000,0.000000,0.000000
56240.370970,-1,-0.005837,0.000037,0.084895,0.000000,0.000000,0.000000,1.000000,0.000000,0.000000,0.000000,0.000000,0.000000,0.000000,0.264870,0.000000,0.000000,0.000000,0.000000,0.000000,0.000000
56240.420986,-1,-0.005837,0.000037,0.084895,0.000000,0.000000,0.000000,1.000000,0.000000,0.000000,0.000000,0.000000,0.000000,0.000000,0.264870,0.000000,0.000000,0.000000,0.000000,0.000000,0.000000
56240.470981,-1,-0.005837,0.000037,0.084895,0.000000,0.000000,0.000000,1.000000,0.000000,0.000000,0.000000,0.000000,0.000000,0.000000,0.264870,0.000000,0.000000,0.000000,0.000000,0.000000,0.000000
56240.521040,-1,-0.005837,0.000037,0.084895,0.000000,0.000000,0.000000,1.000000,0.000000,0.000000,0.000000,0.000000,0.000000,0.000000,0.264870,0.000000,0.000000,0.000000,0.000000,0.000000,0.000000
56240.570988,-1,-0.005837,0.000037,0.084895,0.000000,0.000000,0.000000,1.000000,0.000000,0.000000,0.000000,0.000000,0.000000,0.000000,0.264870,0.000000,0.000000,0.000000,0.000000,0.000000,0.000000
56240.620984,-1,-0.005837,0.000037,0.084895,0.000000,0.000000,0.000000,1.000000,0.000000,0.000000,0.000000,0.000000,0.000000,0.000000,0.264870,0.000000,0.000000,0.000000,0.000000,0.000000,0.000000
56240.670990,-1,-0.005837,0.000037,0.084895,0.000000,0.000000,0.000000,1.000000,0.000000,0.000000,0.000000,0.000000,0.000000,0.000000,0.264870,0.000000,0.000000,0.000000,0.000000,0.000000,0.000000
56240.721038,-1,-0.005837,0.000037,0.084895,0.000000,0.000000,0.000000,1.000000,0.000000,0.000000,0.000000,0.000000,0.000000,0.000000,0.264870,0.000000,0.000000,0.000000,0.000000,0.000000,0.000000
56240.770993,-1,-0.005837,0.000037,0.084895,0.000000,0.000000,0.000000,1.000000,0.000000,0.000000,0.000000,0.000000,0.000000,0.000000,0.264870,0.000000,0.000000,0.000000,0.000000,0.000000,0.000000
56240.820978,-1,-0.005837,0.000037,0.084895,0.000000,0.000000,0.000000,1.000000,0.000000,0.000000,0.000000,0.000000,0.000000,0.000000,0.264870,0.000000,0.000000,0.000000,0.000000,0.000000,0.000000
56240.870985,-1,-0.005837,0.000037,0.084895,0.000000,0.000000,0.000000,1.000000,0.000000,0.000000,0.000000,0.000000,0.000000,0.000000,0.264870,0.000000,0.000000,0.000000,0.000000,0.000000,0.000000
56240.920993,-1,-0.005837,0.000037,0.084895,0.000000,0.000000,0.000000,1.000000,0.000000,0.000000,0.000000,0.000000,0.000000,0.000000,0.264870,0.000000,0.000000,0.000000,0.000000,0.000000,0.000000
56240.971016,-1,-0.005837,0.000037,0.084895,0.000000,0.000000,0.000000,1.000000,0.000000,0.000000,0.000000,0.000000,0.000000,0.000000,0.264870,0.000000,0.000000,0.000000,0.000000,0.000000,0.000000
56241.020979,-1,-0.005837,0.000037,0.084895,0.000000,0.000000,0.000000,1.000000,0.000000,0.000000,0.000000,0.000000,0.000000,0.000000,0.264870,0.000000,0.000000,0.000000,0.000000,0.000000,0.000000
56241.070979,-1,-0.005837,0.000037,0.084895,0.000000,0.000000,0.000000,1.000000,0.000000,0.000000,0.000000,0.000000,0.000000,0.000000,0.264870,0.000000,0.000000,0.000000,0.000000,0.000000,0.000000
56241.120982,-1,-0.005837,0.000037,0.084895,0.000000,0.000000,0.000000,1.000000,0.000000,0.000000,0.000000,0.000000,0.000000,0.000000,0.264870,0.000000,0.000000,0.000000,0.000000,0.000000,0.000000
56241.170972,-1,-0.005837,0.000037,0.084895,0.000000,0.000000,0.000000,1.000000,0.000000,0.000000,0.000000,0.000000,0.000000,0.000000,0.264870,0.000000,0.000000,0.000000,0.000000,0.000000,0.000000
56241.220989,-1,-0.005837,0.000037,0.084895,0.000000,0.000000,0.000000,1.000000,0.000000,0.000000,0.000000,0.000000,0.000000,0.000000,0.264870,0.000000,0.000000,0.000000,0.000000,0.000000,0.000000
56241.270995,-1,-0.005837,0.000037,0.084895,0.000000,0.000000,0.000000,1.000000,0.000000,0.000000,0.000000,0.000000,0.000000,0.000000,0.264870,0.000000,0.000000,0.000000,0.000000,0.000000,0.000000
56241.320981,-1,-0.005837,0.000037,0.084895,0.000000,0.000000,0.000000,1.000000,0.000000,0.000000,0.000000,0.000000,0.000000,0.000000,0.264870,0.000000,0.000000,0.000000,0.000000,0.000000,0.000000
56241.370958,-1,-0.005837,0.000037,0.084895,0.000000,0.000000,0.000000,1.000000,0.000000,0.000000,0.000000,0.000000,0.000000,0.000000,0.264870,0.000000,0.000000,0.000000,0.000000,0.000000,0.000000
56241.420980,-1,-0.005837,0.000037,0.084895,0.000000,0.000000,0.000000,1.000000,0.000000,0.000000,0.000000,0.000000,0.000000,0.000000,0.264870,0.000000,0.000000,0.000000,0.000000,0.000000,0.000000
56241.471028,-1,-0.005837,0.000037,0.084895,0.000000,0.000000,0.000000,1.000000,0.000000,0.000000,0.000000,0.000000,0.000000,0.000000,0.264870,0.000000,0.000000,0.000000,0.000000,0.000000,0.000000
56241.521016,-1,-0.005837,0.000037,0.084895,0.000000,0.000000,0.000000,1.000000,0.000000,0.000000,0.000000,0.000000,0.000000,0.000000,0.264870,0.000000,0.000000,0.000000,0.000000,0.000000,0.000000
56241.570981,-1,-0.005837,0.000037,0.084895,0.000000,0.000000,0.000000,1.000000,0.000000,0.000000,0.000000,0.000000,0.000000,0.000000,0.264870,0.000000,0.000000,0.000000,0.000000,0.000000,0.000000
56241.620971,-1,-0.005837,0.000037,0.084895,0.000000,0.000000,0.000000,1.000000,0.000000,0.000000,0.000000,0.000000,0.000000,0.000000,0.264870,0.000000,0.000000,0.000000,0.000000,0.000000,0.000000
56241.670980,-1,-0.005837,0.000037,0.084895,0.000000,0.000000,0.000000,1.000000,0.000000,0.000000,0.000000,0.000000,0.000000,0.000000,0.264870,0.000000,0.000000,0.000000,0.000000,0.000000,0.000000
56241.720979,-1,-0.005837,0.000037,0.084895,0.000000,0.000000,0.000000,1.000000,0.000000,0.000000,0.000000,0.000000,0.000000,0.000000,0.264870,0.000000,0.000000,0.000000,0.000000,0.000000,0.000000
56241.770981,-1,-0.005837,0.000037,0.084895,0.000000,0.000000,0.000000,1.000000,0.000000,0.000000,0.000000,0.000000,0.000000,0.000000,0.264870,0.000000,0.000000,0.000000,0.000000,0.000000,0.000000
56241.820965,-1,-0.005837,0.000037,0.084895,0.000000,0.000000,0.000000,1.000000,0.000000,0.000000,0.000000,0.000000,0.000000,0.000000,0.264870,0.000000,0.000000,0.000000,0.000000,0.000000,0.000000
56241.870989,-1,-0.005837,0.000037,0.084895,0.000000,0.000000,0.000000,1.000000,0.000000,0.000000,0.000000,0.000000,0.000000,0.000000,0.264870,0.000000,0.000000,0.000000,0.000000,0.000000,0.000000
56241.920976,-1,-0.005837,0.000037,0.084895,0.000000,0.000000,0.000000,1.000000,0.000000,0.000000,0.000000,0.000000,0.000000,0.000000,0.264870,0.000000,0.000000,0.000000,0.000000,0.000000,0.000000
56241.970955,-1,-0.005837,0.000037,0.084895,0.000000,0.000000,0.000000,1.000000,0.000000,0.000000,0.000000,0.000000,0.000000,0.000000,0.264870,0.000000,0.000000,0.000000,0.000000,0.000000,0.000000
56242.020980,-1,-0.005837,0.000037,0.084895,0.000000,0.000000,0.000000,1.000000,0.000000,0.000000,0.000000,0.000000,0.000000,0.000000,0.264870,0.000000,0.000000,0.000000,0.000000,0.000000,0.000000
56242.070972,-1,-0.005837,0.000037,0.084895,0.000000,0.000000,0.000000,1.000000,0.000000,0.000000,0.000000,0.000000,0.000000,0.000000,0.264870,0.000000,0.000000,0.000000,0.000000,0.000000,0.000000
56242.120970,-1,-0.005837,0.000037,0.084895,0.000000,0.000000,0.000000,1.000000,0.000000,0.000000,0.000000,0.000000,0.000000,0.000000,0.264870,0.000000,0.000000,0.000000,0.000000,0.000000,0.000000
56242.170966,-1,-0.005837,0.000037,0.084895,0.000000,0.000000,0.000000,1.000000,0.000000,0.000000,0.000000,0.000000,0.000000,0.000000,0.264870,0.000000,0.000000,0.000000,0.000000,0.000000,0.000000
56242.220965,-1,-0.005837,0.000037,0.084895,0.000000,0.000000,0.000000,1.000000,0.000000,0.000000,0.000000,0.000000,0.000000,0.000000,0.264870,0.000000,0.000000,0.000000,0.000000,0.000000,0.000000
56242.271016,-1,-0.005837,0.000037,0.084895,0.000000,0.000000,0.000000,1.000000,0.000000,0.000000,0.000000,0.000000,0.000000,0.000000,0.264870,0.000000,0.000000,0.000000,0.000000,0.000000,0.000000
56242.320984,-1,-0.005837,0.000037,0.084895,0.000000,0.000000,0.000000,1.000000,0.000000,0.000000,0.000000,0.000000,0.000000,0.000000,0.264870,0.000000,0.000000,0.000000,0.000000,0.000000,0.000000
56242.371023,-1,-0.005837,0.000037,0.084895,0.000000,0.000000,0.000000,1.000000,0.000000,0.000000,0.000000,0.000000,0.000000,0.000000,0.264870,0.000000,0.000000,0.000000,0.000000,0.000000,0.000000
56242.420978,-1,-0.005837,0.000037,0.084895,0.000000,0.000000,0.000000,1.000000,0.000000,0.000000,0.000000,0.000000,0.000000,0.000000,0.264870,0.000000,0.000000,0.000000,0.000000,0.000000,0.000000
56242.470988,-1,-0.005837,0.000037,0.084895,0.000000,0.000000,0.000000,1.000000,0.000000,0.000000,0.000000,0.000000,0.000000,0.000000,0.264870,0.000000,0.000000,0.000000,0.000000,0.000000,0.000000
56242.520958,-1,-0.005837,0.000037,0.084895,0.000000,0.000000,0.000000,1.000000,0.000000,0.000000,0.000000,0.000000,0.000000,0.000000,0.264870,0.000000,0.000000,0.000000,0.000000,0.000000,0.000000
56242.570983,-1,-0.005837,0.000037,0.084895,0.000000,0.000000,0.000000,1.000000,0.000000,0.000000,0.000000,0.000000,0.000000,0.000000,0.264870,0.000000,0.000000,0.000000,0.000000,0.000000,0.000000
56242.620965,-1,-0.005837,0.000037,0.084895,0.000000,0.000000,0.000000,1.000000,0.000000,0.000000,0.000000,0.000000,0.000000,0.000000,0.264870,0.000000,0.000000,0.000000,0.000000,0.000000,0.000000
56242.670977,-1,-0.005837,0.000037,0.084895,0.000000,0.000000,0.000000,1.000000,0.000000,0.000000,0.000000,0.000000,0.000000,0.000000,0.264870,0.000000,0.000000,0.000000,0.000000,0.000000,0.000000
56242.720987,-1,-0.005837,0.000037,0.084895,0.000000,0.000000,0.000000,1.000000,0.000000,0.000000,0.000000,0.000000,0.000000,0.000000,0.264870,0.000000,0.000000,0.000000,0.000000,0.000000,0.000000
56242.770972,-1,-0.005837,0.000037,0.084895,0.000000,0.000000,0.000000,1.000000,0.000000,0.000000,0.000000,0.000000,0.000000,0.000000,0.264870,0.000000,0.000000,0.000000,0.000000,0.000000,0.000000
56242.820979,-1,-0.005837,0.000037,0.084895,0.000000,0.000000,0.000000,1.000000,0.000000,0.000000,0.000000,0.000000,0.000000,0.000000,0.264870,0.000000,0.000000,0.000000,0.000000,0.000000,0.000000
56242.870974,-1,-0.005837,0.000037,0.084895,0.000000,0.000000,0.000000,1.000000,0.000000,0.000000,0.000000,0.000000,0.000000,0.000000,0.264870,0.000000,0.000000,0.000000,0.000000,0.000000,0.000000
56242.920974,-1,-0.005837,0.000037,0.084895,0.000000,0.000000,0.000000,1.000000,0.000000,0.000000,0.000000,0.000000,0.000000,0.000000,0.264870,0.000000,0.000000,0.000000,0.000000,0.000000,0.000000
56242.970974,-1,-0.005837,0.000037,0.084895,0.000000,0.000000,0.000000,1.000000,0.000000,0.000000,0.000000,0.000000,0.000000,0.000000,0.264870,0.000000,0.000000,0.000000,0.000000,0.000000,0.000000
56243.020952,-1,-0.005837,0.000037,0.084895,0.000000,0.000000,0.000000,1.000000,0.000000,0.000000,0.000000,0.000000,0.000000,0.000000,0.264870,0.000000,0.000000,0.000000,0.000000,0.000000,0.000000
56243.070986,-1,-0.005837,0.000037,0.084895,0.000000,0.000000,0.000000,1.000000,0.000000,0.000000,0.000000,0.000000,0.000000,0.000000,0.264870,0.000000,0.000000,0.000000,0.000000,0.000000,0.000000
56243.120975,-1,-0.005837,0.000037,0.084895,0.000000,0.000000,0.000000,1.000000,0.000000,0.000000,0.000000,0.000000,0.000000,0.000000,0.264870,0.000000,0.000000,0.000000,0.000000,0.000000,0.000000
56243.171030,-1,-0.005837,0.000037,0.084895,0.000000,0.000000,0.000000,1.000000,0.000000,0.000000,0.000000,0.000000,0.000000,0.000000,0.264870,0.000000,0.000000,0.000000,0.000000,0.000000,0.000000
56243.220985,-1,-0.005837,0.000037,0.084895,0.000000,0.000000,0.000000,1.000000,0.000000,0.000000,0.000000,0.000000,0.000000,0.000000,0.264870,0.000000,0.000000,0.000000,0.000000,0.000000,0.000000
56243.270960,-1,-0.005837,0.000037,0.084895,0.000000,0.000000,0.000000,1.000000,0.000000,0.000000,0.000000,0.000000,0.000000,0.000000,0.264870,0.000000,0.000000,0.000000,0.000000,0.000000,0.000000
56243.320975,-1,-0.005837,0.000037,0.084895,0.000000,0.000000,0.000000,1.000000,0.000000,0.000000,0.000000,0.000000,0.000000,0.000000,0.264870,0.000000,0.000000,0.000000,0.000000,0.000000,0.000000
56243.370953,-1,-0.005837,0.000037,0.084895,0.000000,0.000000,0.000000,1.000000,0.000000,0.000000,0.000000,0.000000,0.000000,0.000000,0.264870,0.000000,0.000000,0.000000,0.000000,0.000000,0.000000
56243.420977,-1,-0.005837,0.000037,0.084895,0.000000,0.000000,0.000000,1.000000,0.000000,0.000000,0.000000,0.000000,0.000000,0.000000,0.264870,0.000000,0.000000,0.000000,0.000000,0.000000,0.000000
56243.470980,-1,-0.005837,0.000037,0.084895,0.000000,0.000000,0.000000,1.000000,0.000000,0.000000,0.000000,0.000000,0.000000,0.000000,0.264870,0.000000,0.000000,0.000000,0.000000,0.000000,0.000000
56243.520971,-1,-0.005837,0.000037,0.084895,0.000000,0.000000,0.000000,1.000000,0.000000,0.000000,0.000000,0.000000,0.000000,0.000000,0.264870,0.000000,0.000000,0.000000,0.000000,0.000000,0.000000
56243.570983,-1,-0.005837,0.000037,0.084895,0.000000,0.000000,0.000000,1.000000,0.000000,0.000000,0.000000,0.000000,0.000000,0.000000,0.264870,0.000000,0.000000,0.000000,0.000000,0.000000,0.000000
56243.620971,-1,-0.005837,0.000037,0.084895,0.000000,0.000000,0.000000,1.000000,0.000000,0.000000,0.000000,0.000000,0.000000,0.000000,0.264870,0.000000,0.000000,0.000000,0.000000,0.000000,0.000000
56243.670972,-1,-0.005837,0.000037,0.084895,0.000000,0.000000,0.000000,1.000000,0.000000,0.000000,0.000000,0.000000,0.000000,0.000000,0.264870,0.000000,0.000000,0.000000,0.000000,0.000000,0.000000
56243.720984,-1,-0.005837,0.000037,0.084895,0.000000,0.000000,0.000000,1.000000,0.000000,0.000000,0.000000,0.000000,0.000000,0.000000,0.264870,0.000000,0.000000,0.000000,0.000000,0.000000,0.000000
56243.770973,-1,-0.005837,0.000037,0.084895,0.000000,0.000000,0.000000,1.000000,0.000000,0.000000,0.000000,0.000000,0.000000,0.000000,0.264870,0.000000,0.000000,0.000000,0.000000,0.000000,0.000000
56243.820979,-1,-0.005837,0.000037,0.084895,0.000000,0.000000,0.000000,1.000000,0.000000,0.000000,0.000000,0.000000,0.000000,0.000000,0.264870,0.000000,0.000000,0.000000,0.000000,0.000000,0.000000
56243.870975,-1,-0.005837,0.000037,0.084895,0.000000,0.000000,0.000000,1.000000,0.000000,0.000000,0.000000,0.000000,0.000000,0.000000,0.264870,0.000000,0.000000,0.000000,0.000000,0.000000,0.000000
56243.920976,-1,-0.005837,0.000037,0.084895,0.000000,0.000000,0.000000,1.000000,0.000000,0.000000,0.000000,0.000000,0.000000,0.000000,0.264870,0.000000,0.000000,0.000000,0.000000,0.000000,0.000000
56243.970979,-1,-0.005837,0.000037,0.084895,0.000000,0.000000,0.000000,1.000000,0.000000,0.000000,0.000000,0.000000,0.000000,0.000000,0.264870,0.000000,0.000000,0.000000,0.000000,0.000000,0.000000
56244.020982,-1,-0.005837,0.000037,0.084895,0.000000,0.000000,0.000000,1.000000,0.000000,0.000000,0.000000,0.000000,0.000000,0.000000,0.264870,0.000000,0.000000,0.000000,0.000000,0.000000,0.000000
56244.071058,-1,-0.005837,0.000037,0.084895,0.000000,0.000000,0.000000,1.000000,0.000000,0.000000,0.000000,0.000000,0.000000,0.000000,0.264870,0.000000,0.000000,0.000000,0.000000,0.000000,0.000000
56244.120970,-1,-0.005837,0.000037,0.084895,0.000000,0.000000,0.000000,1.000000,0.000000,0.000000,0.000000,0.000000,0.000000,0.000000,0.264870,0.000000,0.000000,0.000000,0.000000,0.000000,0.000000
56244.170981,-1,-0.005837,0.000037,0.084895,0.000000,0.000000,0.000000,1.000000,0.000000,0.000000,0.000000,0.000000,0.000000,0.000000,0.264870,0.000000,0.000000,0.000000,0.000000,0.000000,0.000000
56244.220979,-1,-0.005837,0.000037,0.084895,0.000000,0.000000,0.000000,1.000000,0.000000,0.000000,0.000000,0.000000,0.000000,0.000000,0.264870,0.000000,0.000000,0.000000,0.000000,0.000000,0.000000
56244.270973,-1,-0.005837,0.000037,0.084895,0.000000,0.000000,0.000000,1.000000,0.000000,0.000000,0.000000,0.000000,0.000000,0.000000,0.264870,0.000000,0.000000,0.000000,0.000000,0.000000,0.000000
56244.320976,-1,-0.005837,0.000037,0.084895,0.000000,0.000000,0.000000,1.000000,0.000000,0.000000,0.000000,0.000000,0.000000,0.000000,0.264870,0.000000,0.000000,0.000000,0.000000,0.000000,0.000000
56244.371045,-1,-0.005837,0.000037,0.084895,0.000000,0.000000,0.000000,1.000000,0.000000,0.000000,0.000000,0.000000,0.000000,0.000000,0.264870,0.000000,0.000000,0.000000,0.000000,0.000000,0.000000
56244.420973,-1,-0.005837,0.000037,0.084895,0.000000,0.000000,0.000000,1.000000,0.000000,0.000000,0.000000,0.000000,0.000000,0.000000,0.264870,0.000000,0.000000,0.000000,0.000000,0.000000,0.000000
56244.470958,-1,-0.005837,0.000037,0.084895,0.000000,0.000000,0.000000,1.000000,0.000000,0.000000,0.000000,0.000000,0.000000,0.000000,0.264870,0.000000,0.000000,0.000000,0.000000,0.000000,0.000000
56244.520968,-1,-0.005837,0.000037,0.084895,0.000000,0.000000,0.000000,1.000000,0.000000,0.000000,0.000000,0.000000,0.000000,0.000000,0.264870,0.000000,0.000000,0.000000,0.000000,0.000000,0.000000
56244.570984,-1,-0.005837,0.000037,0.084895,0.000000,0.000000,0.000000,1.000000,0.000000,0.000000,0.000000,0.000000,0.000000,0.000000,0.264870,0.000000,0.000000,0.000000,0.000000,0.000000,0.000000
56244.620968,-1,-0.005837,0.000037,0.084895,0.000000,0.000000,0.000000,1.000000,0.000000,0.000000,0.000000,0.000000,0.000000,0.000000,0.264870,0.000000,0.000000,0.000000,0.000000,0.000000,0.000000
56244.670955,-1,-0.005837,0.000037,0.084895,0.000000,0.000000,0.000000,1.000000,0.000000,0.000000,0.000000,0.000000,0.000000,0.000000,0.264870,0.000000,0.000000,0.000000,0.000000,0.000000,0.000000
56244.720968,-1,-0.005837,0.000037,0.084895,0.000000,0.000000,0.000000,1.000000,0.000000,0.000000,0.000000,0.000000,0.000000,0.000000,0.264870,0.000000,0.000000,0.000000,0.000000,0.000000,0.000000
56244.770981,-1,-0.005837,0.000037,0.084895,0.000000,0.000000,0.000000,1.000000,0.000000,0.000000,0.000000,0.000000,0.000000,0.000000,0.264870,0.000000,0.000000,0.000000,0.000000,0.000000,0.000000
56244.820968,-1,-0.005837,0.000037,0.084895,0.000000,0.000000,0.000000,1.000000,0.000000,0.000000,0.000000,0.000000,0.000000,0.000000,0.264870,0.000000,0.000000,0.000000,0.000000,0.000000,0.000000
56244.870975,-1,-0.005837,0.000037,0.084895,0.000000,0.000000,0.000000,1.000000,0.000000,0.000000,0.000000,0.000000,0.000000,0.000000,0.264870,0.000000,0.000000,0.000000,0.000000,0.000000,0.000000
56244.920963,-1,-0.005837,0.000037,0.084895,0.000000,0.000000,0.000000,1.000000,0.000000,0.000000,0.000000,0.000000,0.000000,0.000000,0.264870,0.000000,0.000000,0.000000,0.000000,0.000000,0.000000
56244.970979,-1,-0.005837,0.000037,0.084895,0.000000,0.000000,0.000000,1.000000,0.000000,0.000000,0.000000,0.000000,0.000000,0.000000,0.264870,0.000000,0.000000,0.000000,0.000000,0.000000,0.000000
56245.020965,-1,-0.005837,0.000037,0.084895,0.000000,0.000000,0.000000,1.000000,0.000000,0.000000,0.000000,0.000000,0.000000,0.000000,0.264870,0.000000,0.000000,0.000000,0.000000,0.000000,0.000000
56245.070976,-1,-0.005837,0.000037,0.084895,0.000000,0.000000,0.000000,1.000000,0.000000,0.000000,0.000000,0.000000,0.000000,0.000000,0.264870,0.000000,0.000000,0.000000,0.000000,0.000000,0.000000
56245.120966,-1,-0.005837,0.000037,0.084895,0.000000,0.000000,0.000000,1.000000,0.000000,0.000000,0.000000,0.000000,0.000000,0.000000,0.264870,0.000000,0.000000,0.000000,0.000000,0.000000,0.000000
56245.171023,-1,-0.005837,0.000037,0.084895,0.000000,0.000000,0.000000,1.000000,0.000000,0.000000,0.000000,0.000000,0.000000,0.000000,0.264870,0.000000,0.000000,0.000000,0.000000,0.000000,0.000000
56245.220974,-1,-0.005837,0.000037,0.084895,0.000000,0.000000,0.000000,1.000000,0.000000,0.000000,0.000000,0.000000,0.000000,0.000000,0.264870,0.000000,0.000000,0.000000,0.000000,0.000000,0.000000
56245.270982,-1,-0.005837,0.000037,0.084895,0.000000,0.000000,0.000000,1.000000,0.000000,0.000000,0.000000,0.000000,0.000000,0.000000,0.264870,0.000000,0.000000,0.000000,0.000000,0.000000,0.000000
56245.320977,-1,-0.005837,0.000037,0.084895,0.000000,0.000000,0.000000,1.000000,0.000000,0.000000,0.000000,0.000000,0.000000,0.000000,0.264870,0.000000,0.000000,0.000000,0.000000,0.000000,0.000000
56245.370971,-1,-0.005837,0.000037,0.084895,0.000000,0.000000,0.000000,1.000000,0.000000,0.000000,0.000000,0.000000,0.000000,0.000000,0.264870,0.000000,0.000000,0.000000,0.000000,0.000000,0.000000
56245.420959,-1,-0.005837,0.000037,0.084895,0.000000,0.000000,0.000000,1.000000,0.000000,0.000000,0.000000,0.000000,0.000000,0.000000,0.264870,0.000000,0.000000,0.000000,0.000000,0.000000,0.000000
56245.470972,-1,-0.005837,0.000037,0.084895,0.000000,0.000000,0.000000,1.000000,0.000000,0.000000,0.000000,0.000000,0.000000,0.000000,0.264870,0.000000,0.000000,0.000000,0.000000,0.000000,0.000000
56245.521011,-1,-0.005837,0.000037,0.084895,0.000000,0.000000,0.000000,1.000000,0.000000,0.000000,0.000000,0.000000,0.000000,0.000000,0.264870,0.000000,0.000000,0.000000,0.000000,0.000000,0.000000
56245.570979,-1,-0.005837,0.000037,0.084895,0.000000,0.000000,0.000000,1.000000,0.000000,0.000000,0.000000,0.000000,0.000000,0.000000,0.264870,0.000000,0.000000,0.000000,0.000000,0.000000,0.000000
56245.620963,-1,-0.005837,0.000037,0.084895,0.000000,0.000000,0.000000,1.000000,0.000000,0.000000,0.000000,0.000000,0.000000,0.000000,0.264870,0.000000,0.000000,0.000000,0.000000,0.000000,0.000000
56245.670974,-1,-0.005837,0.000037,0.084895,0.000000,0.000000,0.000000,1.000000,0.000000,0.000000,0.000000,0.000000,0.000000,0.000000,0.264870,0.000000,0.000000,0.000000,0.000000,0.000000,0.000000
56245.720964,-1,-0.005837,0.000037,0.084895,0.000000,0.000000,0.000000,1.000000,0.000000,0.000000,0.000000,0.000000,0.000000,0.000000,0.264870,0.000000,0.000000,0.000000,0.000000,0.000000,0.000000
56245.770960,-1,-0.005837,0.000037,0.084895,0.000000,0.000000,0.000000,1.000000,0.000000,0.000000,0.000000,0.000000,0.000000,0.000000,0.264870,0.000000,0.000000,0.000000,0.000000,0.000000,0.000000
56245.820963,-1,-0.005837,0.000037,0.084895,0.000000,0.000000,0.000000,1.000000,0.000000,0.000000,0.000000,0.000000,0.000000,0.000000,0.264870,0.000000,0.000000,0.000000,0.000000,0.000000,0.000000
56245.870960,-1,-0.005837,0.000037,0.084895,0.000000,0.000000,0.000000,1.000000,0.000000,0.000000,0.000000,0.000000,0.000000,0.000000,0.264870,0.000000,0.000000,0.000000,0.000000,0.000000,0.000000
56245.920963,-1,-0.005837,0.000037,0.084895,0.000000,0.000000,0.000000,1.000000,0.000000,0.000000,0.000000,0.000000,0.000000,0.000000,0.264870,0.000000,0.000000,0.000000,0.000000,0.000000,0.000000
56245.970965,-1,-0.005837,0.000037,0.084895,0.000000,0.000000,0.000000,1.000000,0.000000,0.000000,0.000000,0.000000,0.000000,0.000000,0.264870,0.000000,0.000000,0.000000,0.000000,0.000000,0.000000
56246.020965,-1,-0.005837,0.000037,0.084895,0.000000,0.000000,0.000000,1.000000,0.000000,0.000000,0.000000,0.000000,0.000000,0.000000,0.264870,0.000000,0.000000,0.000000,0.000000,0.000000,0.000000
56246.070963,-1,-0.005837,0.000037,0.084895,0.000000,0.000000,0.000000,1.000000,0.000000,0.000000,0.000000,0.000000,0.000000,0.000000,0.264870,0.000000,0.000000,0.000000,0.000000,0.000000,0.000000
56246.120957,-1,-0.005837,0.000037,0.084895,0.000000,0.000000,0.000000,1.000000,0.000000,0.000000,0.000000,0.000000,0.000000,0.000000,0.264870,0.000000,0.000000,0.000000,0.000000,0.000000,0.000000
56246.170958,-1,-0.005837,0.000037,0.084895,0.000000,0.000000,0.000000,1.000000,0.000000,0.000000,0.000000,0.000000,0.000000,0.000000,0.264870,0.000000,0.000000,0.000000,0.000000,0.000000,0.000000
56246.220963,-1,-0.005837,0.000037,0.084895,0.000000,0.000000,0.000000,1.000000,0.000000,0.000000,0.000000,0.000000,0.000000,0.000000,0.264870,0.000000,0.000000,0.000000,0.000000,0.000000,0.000000
56246.270961,-1,-0.005837,0.000037,0.084895,0.000000,0.000000,0.000000,1.000000,0.000000,0.000000,0.000000,0.000000,0.000000,0.000000,0.264870,0.000000,0.000000,0.000000,0.000000,0.000000,0.000000
56246.320962,-1,-0.005837,0.000037,0.084895,0.000000,0.000000,0.000000,1.000000,0.000000,0.000000,0.000000,0.000000,0.000000,0.000000,0.264870,0.000000,0.000000,0.000000,0.000000,0.000000,0.000000
56246.371007,-1,-0.005837,0.000037,0.084895,0.000000,0.000000,0.000000,1.000000,0.000000,0.000000,0.000000,0.000000,0.000000,0.000000,0.264870,0.000000,0.000000,0.000000,0.000000,0.000000,0.000000
56246.420960,-1,-0.005837,0.000037,0.084895,0.000000,0.000000,0.000000,1.000000,0.000000,0.000000,0.000000,0.000000,0.000000,0.000000,0.264870,0.000000,0.000000,0.000000,0.000000,0.000000,0.000000
56246.470966,-1,-0.005837,0.000037,0.084895,0.000000,0.000000,0.000000,1.000000,0.000000,0.000000,0.000000,0.000000,0.000000,0.000000,0.264870,0.000000,0.000000,0.000000,0.000000,0.000000,0.000000
56246.520956,-1,-0.005837,0.000037,0.084895,0.000000,0.000000,0.000000,1.000000,0.000000,0.000000,0.000000,0.000000,0.000000,0.000000,0.264870,0.000000,0.000000,0.000000,0.000000,0.000000,0.000000
56246.571018,-1,-0.005837,0.000037,0.084895,0.000000,0.000000,0.000000,1.000000,0.000000,0.000000,0.000000,0.000000,0.000000,0.000000,0.264870,0.000000,0.000000,0.000000,0.000000,0.000000,0.000000
56246.620958,-1,-0.005837,0.000037,0.084895,0.000000,0.000000,0.000000,1.000000,0.000000,0.000000,0.000000,0.000000,0.000000,0.000000,0.264870,0.000000,0.000000,0.000000,0.000000,0.000000,0.000000
56246.670972,-1,-0.005837,0.000037,0.084895,0.000000,0.000000,0.000000,1.000000,0.000000,0.000000,0.000000,0.000000,0.000000,0.000000,0.264870,0.000000,0.000000,0.000000,0.000000,0.000000,0.000000
56246.720961,-1,-0.005837,0.000037,0.084895,0.000000,0.000000,0.000000,1.000000,0.000000,0.000000,0.000000,0.000000,0.000000,0.000000,0.264870,0.000000,0.000000,0.000000,0.000000,0.000000,0.000000
56246.770999,-1,-0.005837,0.000037,0.084895,0.000000,0.000000,0.000000,1.000000,0.000000,0.000000,0.000000,0.000000,0.000000,0.000000,0.264870,0.000000,0.000000,0.000000,0.000000,0.000000,0.000000
56246.820960,-1,-0.005837,0.000037,0.084895,0.000000,0.000000,0.000000,1.000000,0.000000,0.000000,0.000000,0.000000,0.000000,0.000000,0.264870,0.000000,0.000000,0.000000,0.000000,0.000000,0.000000
56246.870965,-1,-0.005837,0.000037,0.084895,0.000000,0.000000,0.000000,1.000000,0.000000,0.000000,0.000000,0.000000,0.000000,0.000000,0.264870,0.000000,0.000000,0.000000,0.000000,0.000000,0.000000
56246.920956,-1,-0.005837,0.000037,0.084895,0.000000,0.000000,0.000000,1.000000,0.000000,0.000000,0.000000,0.000000,0.000000,0.000000,0.264870,0.000000,0.000000,0.000000,0.000000,0.000000,0.000000
56246.970966,-1,-0.005837,0.000037,0.084895,0.000000,0.000000,0.000000,1.000000,0.000000,0.000000,0.000000,0.000000,0.000000,0.000000,0.264870,0.000000,0.000000,0.000000,0.000000,0.000000,0.000000
56247.021011,-1,-0.005837,0.000037,0.084895,0.000000,0.000000,0.000000,1.000000,0.000000,0.000000,0.000000,0.000000,0.000000,0.000000,0.264870,0.000000,0.000000,0.000000,0.000000,0.000000,0.000000
56247.070970,-1,-0.005837,0.000037,0.084895,0.000000,0.000000,0.000000,1.000000,0.000000,0.000000,0.000000,0.000000,0.000000,0.000000,0.264870,0.000000,0.000000,0.000000,0.000000,0.000000,0.000000
56247.120955,-1,-0.005837,0.000037,0.084895,0.000000,0.000000,0.000000,1.000000,0.000000,0.000000,0.000000,0.000000,0.000000,0.000000,0.264870,0.000000,0.000000,0.000000,0.000000,0.000000,0.000000
56247.170992,-1,-0.005837,0.000037,0.084895,0.000000,0.000000,0.000000,1.000000,0.000000,0.000000,0.000000,0.000000,0.000000,0.000000,0.264870,0.000000,0.000000,0.000000,0.000000,0.000000,0.000000
56247.220955,-1,-0.005837,0.000037,0.084895,0.000000,0.000000,0.000000,1.000000,0.000000,0.000000,0.000000,0.000000,0.000000,0.000000,0.264870,0.000000,0.000000,0.000000,0.000000,0.000000,0.000000
56247.270964,-1,-0.005837,0.000037,0.084895,0.000000,0.000000,0.000000,1.000000,0.000000,0.000000,0.000000,0.000000,0.000000,0.000000,0.264870,0.000000,0.000000,0.000000,0.000000,0.000000,0.000000
56247.320950,-1,-0.005837,0.000037,0.084895,0.000000,0.000000,0.000000,1.000000,0.000000,0.000000,0.000000,0.000000,0.000000,0.000000,0.264870,0.000000,0.000000,0.000000,0.000000,0.000000,0.000000
56247.370914,-1,-0.005837,0.000037,0.084895,0.000000,0.000000,0.000000,1.000000,0.000000,0.000000,0.000000,0.000000,0.000000,0.000000,0.264870,0.000000,0.000000,0.000000,0.000000,0.000000,0.000000
56247.420959,-1,-0.005837,0.000037,0.084895,0.000000,0.000000,0.000000,1.000000,0.000000,0.000000,0.000000,0.000000,0.000000,0.000000,0.264870,0.000000,0.000000,0.000000,0.000000,0.000000,0.000000
56247.470970,-1,-0.005837,0.000037,0.084895,0.000000,0.000000,0.000000,1.000000,0.000000,0.000000,0.000000,0.000000,0.000000,0.000000,0.264870,0.000000,0.000000,0.000000,0.000000,0.000000,0.000000
56247.520951,-1,-0.005837,0.000037,0.084895,0.000000,0.000000,0.000000,1.000000,0.000000,0.000000,0.000000,0.000000,0.000000,0.000000,0.264870,0.000000,0.000000,0.000000,0.000000,0.000000,0.000000
56247.571021,-1,-0.005837,0.000037,0.084895,0.000000,0.000000,0.000000,1.000000,0.000000,0.000000,0.000000,0.000000,0.000000,0.000000,0.264870,0.000000,0.000000,0.000000,0.000000,0.000000,0.000000
56247.620955,-1,-0.005837,0.000037,0.084895,0.000000,0.000000,0.000000,1.000000,0.000000,0.000000,0.000000,0.000000,0.000000,0.000000,0.264870,0.000000,0.000000,0.000000,0.000000,0.000000,0.000000
56247.671011,-1,-0.005837,0.000037,0.084895,0.000000,0.000000,0.000000,1.000000,0.000000,0.000000,0.000000,0.000000,0.000000,0.000000,0.264870,0.000000,0.000000,0.000000,0.000000,0.000000,0.000000
56247.720952,-1,-0.005837,0.000037,0.084895,0.000000,0.000000,0.000000,1.000000,0.000000,0.000000,0.000000,0.000000,0.000000,0.000000,0.264870,0.000000,0.000000,0.000000,0.000000,0.000000,0.000000
56247.770959,-1,-0.005837,0.000037,0.084895,0.000000,0.000000,0.000000,1.000000,0.000000,0.000000,0.000000,0.000000,0.000000,0.000000,0.264870,0.000000,0.000000,0.000000,0.000000,0.000000,0.000000
56247.820953,-1,-0.005837,0.000037,0.084895,0.000000,0.000000,0.000000,1.000000,0.000000,0.000000,0.000000,0.000000,0.000000,0.000000,0.264870,0.000000,0.000000,0.000000,0.000000,0.000000,0.000000
56247.870971,-1,-0.005837,0.000037,0.084895,0.000000,0.000000,0.000000,1.000000,0.000000,0.000000,0.000000,0.000000,0.000000,0.000000,0.264870,0.000000,0.000000,0.000000,0.000000,0.000000,0.000000
56247.920953,-1,-0.005837,0.000037,0.084895,0.000000,0.000000,0.000000,1.000000,0.000000,0.000000,0.000000,0.000000,0.000000,0.000000,0.264870,0.000000,0.000000,0.000000,0.000000,0.000000,0.000000
56247.970973,-1,-0.005837,0.000037,0.084895,0.000000,0.000000,0.000000,1.000000,0.000000,0.000000,0.000000,0.000000,0.000000,0.000000,0.264870,0.000000,0.000000,0.000000,0.000000,0.000000,0.000000
56248.020954,-1,-0.005837,0.000037,0.084895,0.000000,0.000000,0.000000,1.000000,0.000000,0.000000,0.000000,0.000000,0.000000,0.000000,0.264870,0.000000,0.000000,0.000000,0.000000,0.000000,0.000000
56248.070995,-1,-0.005837,0.000037,0.084895,0.000000,0.000000,0.000000,1.000000,0.000000,0.000000,0.000000,0.000000,0.000000,0.000000,0.264870,0.000000,0.000000,0.000000,0.000000,0.000000,0.000000
56248.120937,-1,-0.005837,0.000037,0.084895,0.000000,0.000000,0.000000,1.000000,0.000000,0.000000,0.000000,0.000000,0.000000,0.000000,0.264870,0.000000,0.000000,0.000000,0.000000,0.000000,0.000000
56248.170942,-1,-0.005837,0.000037,0.084895,0.000000,0.000000,0.000000,1.000000,0.000000,0.000000,0.000000,0.000000,0.000000,0.000000,0.264870,0.000000,0.000000,0.000000,0.000000,0.000000,0.000000
56248.220955,-1,-0.005837,0.000037,0.084895,0.000000,0.000000,0.000000,1.000000,0.000000,0.000000,0.000000,0.000000,0.000000,0.000000,0.264870,0.000000,0.000000,0.000000,0.000000,0.000000,0.000000
56248.270942,-1,-0.005837,0.000037,0.084895,0.000000,0.000000,0.000000,1.000000,0.000000,0.000000,0.000000,0.000000,0.000000,0.000000,0.264870,0.000000,0.000000,0.000000,0.000000,0.000000,0.000000
56248.320952,-1,-0.005837,0.000037,0.084895,0.000000,0.000000,0.000000,1.000000,0.000000,0.000000,0.000000,0.000000,0.000000,0.000000,0.264870,0.000000,0.000000,0.000000,0.000000,0.000000,0.000000
56248.370961,-1,-0.005837,0.000037,0.084895,0.000000,0.000000,0.000000,1.000000,0.000000,0.000000,0.000000,0.000000,0.000000,0.000000,0.264870,0.000000,0.000000,0.000000,0.000000,0.000000,0.000000
56248.420950,-1,-0.005837,0.000037,0.084895,0.000000,0.000000,0.000000,1.000000,0.000000,0.000000,0.000000,0.000000,0.000000,0.000000,0.264870,0.000000,0.000000,0.000000,0.000000,0.000000,0.000000
56248.470993,-1,-0.005837,0.000037,0.084895,0.000000,0.000000,0.000000,1.000000,0.000000,0.000000,0.000000,0.000000,0.000000,0.000000,0.264870,0.000000,0.000000,0.000000,0.000000,0.000000,0.000000
56248.520954,-1,-0.005837,0.000037,0.084895,0.000000,0.000000,0.000000,1.000000,0.000000,0.000000,0.000000,0.000000,0.000000,0.000000,0.264870,0.000000,0.000000,0.000000,0.000000,0.000000,0.000000
56248.570953,-1,-0.005837,0.000037,0.084895,0.000000,0.000000,0.000000,1.000000,0.000000,0.000000,0.000000,0.000000,0.000000,0.000000,0.264870,0.000000,0.000000,0.000000,0.000000,0.000000,0.000000
56248.620967,-1,-0.005837,0.000037,0.084895,0.000000,0.000000,0.000000,1.000000,0.000000,0.000000,0.000000,0.000000,0.000000,0.000000,0.264870,0.000000,0.000000,0.000000,0.000000,0.000000,0.000000
56248.670947,-1,-0.005837,0.000037,0.084895,0.000000,0.000000,0.000000,1.000000,0.000000,0.000000,0.000000,0.000000,0.000000,0.000000,0.264870,0.000000,0.000000,0.000000,0.000000,0.000000,0.000000
56248.720952,-1,-0.005837,0.000037,0.084895,0.000000,0.000000,0.000000,1.000000,0.000000,0.000000,0.000000,0.000000,0.000000,0.000000,0.264870,0.000000,0.000000,0.000000,0.000000,0.000000,0.000000
56248.770952,-1,-0.005837,0.000037,0.084895,0.000000,0.000000,0.000000,1.000000,0.000000,0.000000,0.000000,0.000000,0.000000,0.000000,0.264870,0.000000,0.000000,0.000000,0.000000,0.000000,0.000000
56248.820954,-1,-0.005837,0.000037,0.084895,0.000000,0.000000,0.000000,1.000000,0.000000,0.000000,0.000000,0.000000,0.000000,0.000000,0.264870,0.000000,0.000000,0.000000,0.000000,0.000000,0.000000
56248.870951,-1,-0.005837,0.000037,0.084895,0.000000,0.000000,0.000000,1.000000,0.000000,0.000000,0.000000,0.000000,0.000000,0.000000,0.264870,0.000000,0.000000,0.000000,0.000000,0.000000,0.000000
56248.920947,-1,-0.005837,0.000037,0.084895,0.000000,0.000000,0.000000,1.000000,0.000000,0.000000,0.000000,0.000000,0.000000,0.000000,0.264870,0.000000,0.000000,0.000000,0.000000,0.000000,0.000000
56248.970974,-1,-0.005837,0.000037,0.084895,0.000000,0.000000,0.000000,1.000000,0.000000,0.000000,0.000000,0.000000,0.000000,0.000000,0.264870,0.000000,0.000000,0.000000,0.000000,0.000000,0.000000
56249.020953,-1,-0.005837,0.000037,0.084895,0.000000,0.000000,0.000000,1.000000,0.000000,0.000000,0.000000,0.000000,0.000000,0.000000,0.264870,0.000000,0.000000,0.000000,0.000000,0.000000,0.000000
56249.070931,-1,-0.005837,0.000037,0.084895,0.000000,0.000000,0.000000,1.000000,0.000000,0.000000,0.000000,0.000000,0.000000,0.000000,0.264870,0.000000,0.000000,0.000000,0.000000,0.000000,0.000000
56249.120952,-1,-0.005837,0.000037,0.084895,0.000000,0.000000,0.000000,1.000000,0.000000,0.000000,0.000000,0.000000,0.000000,0.000000,0.264870,0.000000,0.000000,0.000000,0.000000,0.000000,0.000000
56249.170959,-1,-0.005837,0.000037,0.084895,0.000000,0.000000,0.000000,1.000000,0.000000,0.000000,0.000000,0.000000,0.000000,0.000000,0.264870,0.000000,0.000000,0.000000,0.000000,0.000000,0.000000
56249.220945,-1,-0.005837,0.000037,0.084895,0.000000,0.000000,0.000000,1.000000,0.000000,0.000000,0.000000,0.000000,0.000000,0.000000,0.264870,0.000000,0.000000,0.000000,0.000000,0.000000,0.000000
56249.270967,-1,-0.005837,0.000037,0.084895,0.000000,0.000000,0.000000,1.000000,0.000000,0.000000,0.000000,0.000000,0.000000,0.000000,0.264870,0.000000,0.000000,0.000000,0.000000,0.000000,0.000000
56249.320948,-1,-0.005837,0.000037,0.084895,0.000000,0.000000,0.000000,1.000000,0.000000,0.000000,0.000000,0.000000,0.000000,0.000000,0.264870,0.000000,0.000000,0.000000,0.000000,0.000000,0.000000
56249.370972,-1,-0.005837,0.000037,0.084895,0.000000,0.000000,0.000000,1.000000,0.000000,0.000000,0.000000,0.000000,0.000000,0.000000,0.264870,0.000000,0.000000,0.000000,0.000000,0.000000,0.000000
56249.420946,-1,-0.005837,0.000037,0.084895,0.000000,0.000000,0.000000,1.000000,0.000000,0.000000,0.000000,0.000000,0.000000,0.000000,0.264870,0.000000,0.000000,0.000000,0.000000,0.000000,0.000000
56249.470966,-1,-0.005837,0.000037,0.084895,0.000000,0.000000,0.000000,1.000000,0.000000,0.000000,0.000000,0.000000,0.000000,0.000000,0.264870,0.000000,0.000000,0.000000,0.000000,0.000000,0.000000
56249.520950,-1,-0.005837,0.000037,0.084895,0.000000,0.000000,0.000000,1.000000,0.000000,0.000000,0.000000,0.000000,0.000000,0.000000,0.264870,0.000000,0.000000,0.000000,0.000000,0.000000,0.000000
56249.570968,-1,-0.005837,0.000037,0.084895,0.000000,0.000000,0.000000,1.000000,0.000000,0.000000,0.000000,0.000000,0.000000,0.000000,0.264870,0.000000,0.000000,0.000000,0.000000,0.000000,0.000000
56249.620953,-1,-0.005837,0.000037,0.084895,0.000000,0.000000,0.000000,1.000000,0.000000,0.000000,0.000000,0.000000,0.000000,0.000000,0.264870,0.000000,0.000000,0.000000,0.000000,0.000000,0.000000
56249.670956,-1,-0.005837,0.000037,0.084895,0.000000,0.000000,0.000000,1.000000,0.000000,0.000000,0.000000,0.000000,0.000000,0.000000,0.264870,0.000000,0.000000,0.000000,0.000000,0.000000,0.000000
56249.720962,-1,-0.005837,0.000037,0.084895,0.000000,0.000000,0.000000,1.000000,0.000000,0.000000,0.000000,0.000000,0.000000,0.000000,0.264870,0.000000,0.000000,0.000000,0.000000,0.000000,0.000000
56249.770949,-1,-0.005837,0.000037,0.084895,0.000000,0.000000,0.000000,1.000000,0.000000,0.000000,0.000000,0.000000,0.000000,0.000000,0.264870,0.000000,0.000000,0.000000,0.000000,0.000000,0.000000
56249.820954,-1,-0.005837,0.000037,0.084895,0.000000,0.000000,0.000000,1.000000,0.000000,0.000000,0.000000,0.000000,0.000000,0.000000,0.264870,0.000000,0.000000,0.000000,0.000000,0.000000,0.000000
56249.870962,-1,-0.005837,0.000037,0.084895,0.000000,0.000000,0.000000,1.000000,0.000000,0.000000,0.000000,0.000000,0.000000,0.000000,0.264870,0.000000,0.000000,0.000000,0.000000,0.000000,0.000000
56249.920952,-1,-0.005837,0.000037,0.084895,0.000000,0.000000,0.000000,1.000000,0.000000,0.000000,0.000000,0.000000,0.000000,0.000000,0.264870,0.000000,0.000000,0.000000,0.000000,0.000000,0.000000
56249.970946,-1,-0.005837,0.000037,0.084895,0.000000,0.000000,0.000000,1.000000,0.000000,0.000000,0.000000,0.000000,0.000000,0.000000,0.264870,0.000000,0.000000,0.000000,0.000000,0.000000,0.000000
56250.020957,-1,-0.005837,0.000037,0.084895,0.000000,0.000000,0.000000,1.000000,0.000000,0.000000,0.000000,0.000000,0.000000,0.000000,0.264870,0.000000,0.000000,0.000000,0.000000,0.000000,0.000000
56250.071007,-1,-0.005837,0.000037,0.084895,0.000000,0.000000,0.000000,1.000000,0.000000,0.000000,0.000000,0.000000,0.000000,0.000000,0.264870,0.000000,0.000000,0.000000,0.000000,0.000000,0.000000
56250.120957,-1,-0.005837,0.000037,0.084895,0.000000,0.000000,0.000000,1.000000,0.000000,0.000000,0.000000,0.000000,0.000000,0.000000,0.264870,0.000000,0.000000,0.000000,0.000000,0.000000,0.000000
56250.170972,-1,-0.005837,0.000037,0.084895,0.000000,0.000000,0.000000,1.000000,0.000000,0.000000,0.000000,0.000000,0.000000,0.000000,0.264870,0.000000,0.000000,0.000000,0.000000,0.000000,0.000000
56250.220950,-1,-0.005837,0.000037,0.084895,0.000000,0.000000,0.000000,1.000000,0.000000,0.000000,0.000000,0.000000,0.000000,0.000000,0.264870,0.000000,0.000000,0.000000,0.000000,0.000000,0.000000
56250.270948,-1,-0.005837,0.000037,0.084895,0.000000,0.000000,0.000000,1.000000,0.000000,0.000000,0.000000,0.000000,0.000000,0.000000,0.264870,0.000000,0.000000,0.000000,0.000000,0.000000,0.000000
56250.320917,-1,-0.005837,0.000037,0.084895,0.000000,0.000000,0.000000,1.000000,0.000000,0.000000,0.000000,0.000000,0.000000,0.000000,0.264870,0.000000,0.000000,0.000000,0.000000,0.000000,0.000000
56250.370991,-1,-0.005837,0.000037,0.084895,0.000000,0.000000,0.000000,1.000000,0.000000,0.000000,0.000000,0.000000,0.000000,0.000000,0.264870,0.000000,0.000000,0.000000,0.000000,0.000000,0.000000
56250.420934,-1,-0.005837,0.000037,0.084895,0.000000,0.000000,0.000000,1.000000,0.000000,0.000000,0.000000,0.000000,0.000000,0.000000,0.264870,0.000000,0.000000,0.000000,0.000000,0.000000,0.000000
56250.470947,-1,-0.005837,0.000037,0.084895,0.000000,0.000000,0.000000,1.000000,0.000000,0.000000,0.000000,0.000000,0.000000,0.000000,0.264870,0.000000,0.000000,0.000000,0.000000,0.000000,0.000000
56250.520980,-1,-0.005837,0.000037,0.084895,0.000000,0.000000,0.000000,1.000000,0.000000,0.000000,0.000000,0.000000,0.000000,0.000000,0.264870,0.000000,0.000000,0.000000,0.000000,0.000000,0.000000
56250.570955,-1,-0.005837,0.000037,0.084895,0.000000,0.000000,0.000000,1.000000,0.000000,0.000000,0.000000,0.000000,0.000000,0.000000,0.264870,0.000000,0.000000,0.000000,0.000000,0.000000,0.000000
56250.620942,-1,-0.005837,0.000037,0.084895,0.000000,0.000000,0.000000,1.000000,0.000000,0.000000,0.000000,0.000000,0.000000,0.000000,0.264870,0.000000,0.000000,0.000000,0.000000,0.000000,0.000000
56250.670942,-1,-0.005837,0.000037,0.084895,0.000000,0.000000,0.000000,1.000000,0.000000,0.000000,0.000000,0.000000,0.000000,0.000000,0.264870,0.000000,0.000000,0.000000,0.000000,0.000000,0.000000
56250.720936,-1,-0.005837,0.000037,0.084895,0.000000,0.000000,0.000000,1.000000,0.000000,0.000000,0.000000,0.000000,0.000000,0.000000,0.264870,0.000000,0.000000,0.000000,0.000000,0.000000,0.000000
56250.770936,-1,-0.005837,0.000037,0.084895,0.000000,0.000000,0.000000,1.000000,0.000000,0.000000,0.000000,0.000000,0.000000,0.000000,0.264870,0.000000,0.000000,0.000000,0.000000,0.000000,0.000000
56250.820951,-1,-0.005837,0.000037,0.084895,0.000000,0.000000,0.000000,1.000000,0.000000,0.000000,0.000000,0.000000,0.000000,0.000000,0.264870,0.000000,0.000000,0.000000,0.000000,0.000000,0.000000
56250.870936,-1,-0.005837,0.000037,0.084895,0.000000,0.000000,0.000000,1.000000,0.000000,0.000000,0.000000,0.000000,0.000000,0.000000,0.264870,0.000000,0.000000,0.000000,0.000000,0.000000,0.000000
56250.920948,-1,-0.005837,0.000037,0.084895,0.000000,0.000000,0.000000,1.000000,0.000000,0.000000,0.000000,0.000000,0.000000,0.000000,0.264870,0.000000,0.000000,0.000000,0.000000,0.000000,0.000000
56250.970952,-1,-0.005837,0.000037,0.084895,0.000000,0.000000,0.000000,1.000000,0.000000,0.000000,0.000000,0.000000,0.000000,0.000000,0.264870,0.000000,0.000000,0.000000,0.000000,0.000000,0.000000
56251.020938,-1,-0.005837,0.000037,0.084895,0.000000,0.000000,0.000000,1.000000,0.000000,0.000000,0.000000,0.000000,0.000000,0.000000,0.264870,0.000000,0.000000,0.000000,0.000000,0.000000,0.000000
56251.070953,-1,-0.005837,0.000037,0.084895,0.000000,0.000000,0.000000,1.000000,0.000000,0.000000,0.000000,0.000000,0.000000,0.000000,0.264870,0.000000,0.000000,0.000000,0.000000,0.000000,0.000000
56251.120923,-1,-0.005837,0.000037,0.084895,0.000000,0.000000,0.000000,1.000000,0.000000,0.000000,0.000000,0.000000,0.000000,0.000000,0.264870,0.000000,0.000000,0.000000,0.000000,0.000000,0.000000
56251.170966,-1,-0.005837,0.000037,0.084895,0.000000,0.000000,0.000000,1.000000,0.000000,0.000000,0.000000,0.000000,0.000000,0.000000,0.264870,0.000000,0.000000,0.000000,0.000000,0.000000,0.000000
56251.220999,-1,-0.005837,0.000037,0.084895,0.000000,0.000000,0.000000,1.000000,0.000000,0.000000,0.000000,0.000000,0.000000,0.000000,0.264870,0.000000,0.000000,0.000000,0.000000,0.000000,0.000000
56251.271044,-1,-0.005837,0.000037,0.084895,0.000000,0.000000,0.000000,1.000000,0.000000,0.000000,0.000000,0.000000,0.000000,0.000000,0.264870,0.000000,0.000000,0.000000,0.000000,0.000000,0.000000
56251.321031,-1,-0.005837,0.000037,0.084895,0.000000,0.000000,0.000000,1.000000,0.000000,0.000000,0.000000,0.000000,0.000000,0.000000,0.264870,0.000000,0.000000,0.000000,0.000000,0.000000,0.000000
56251.370990,-1,-0.005837,0.000037,0.084895,0.000000,0.000000,0.000000,1.000000,0.000000,0.000000,0.000000,0.000000,0.000000,0.000000,0.264870,0.000000,0.000000,0.000000,0.000000,0.000000,0.000000
56251.421031,-1,-0.005837,0.000037,0.084895,0.000000,0.000000,0.000000,1.000000,0.000000,0.000000,0.000000,0.000000,0.000000,0.000000,0.264870,0.000000,0.000000,0.000000,0.000000,0.000000,0.000000
56251.470987,-1,-0.005837,0.000037,0.084895,0.000000,0.000000,0.000000,1.000000,0.000000,0.000000,0.000000,0.000000,0.000000,0.000000,0.264870,0.000000,0.000000,0.000000,0.000000,0.000000,0.000000
56251.520994,-1,-0.005837,0.000037,0.084895,0.000000,0.000000,0.000000,1.000000,0.000000,0.000000,0.000000,0.000000,0.000000,0.000000,0.264870,0.000000,0.000000,0.000000,0.000000,0.000000,0.000000
56251.571025,-1,-0.005837,0.000037,0.084895,0.000000,0.000000,0.000000,1.000000,0.000000,0.000000,0.000000,0.000000,0.000000,0.000000,0.264870,0.000000,0.000000,0.000000,0.000000,0.000000,0.000000
56251.621014,-1,-0.005837,0.000037,0.084895,0.000000,0.000000,0.000000,1.000000,0.000000,0.000000,0.000000,0.000000,0.000000,0.000000,0.264870,0.000000,0.000000,0.000000,0.000000,0.000000,0.000000
56251.670967,-1,-0.005837,0.000037,0.084895,0.000000,0.000000,0.000000,1.000000,0.000000,0.000000,0.000000,0.000000,0.000000,0.000000,0.264870,0.000000,0.000000,0.000000,0.000000,0.000000,0.000000
56251.721028,-1,-0.005837,0.000037,0.084895,0.000000,0.000000,0.000000,1.000000,0.000000,0.000000,0.000000,0.000000,0.000000,0.000000,0.264870,0.000000,0.000000,0.000000,0.000000,0.000000,0.000000
56251.771064,-1,-0.005837,0.000037,0.084895,0.000000,0.000000,0.000000,1.000000,0.000000,0.000000,0.000000,0.000000,0.000000,0.000000,0.264870,0.000000,0.000000,0.000000,0.000000,0.000000,0.000000
56251.820951,-1,-0.005837,0.000037,0.084895,0.000000,0.000000,0.000000,1.000000,0.000000,0.000000,0.000000,0.000000,0.000000,0.000000,0.264870,0.000000,0.000000,0.000000,0.000000,0.000000,0.000000
