solve_num,solve_time_ms,node,t,x,y,z,vx,vy,vz,qw,qx,qy,qz,wx,wy,wz,fz,mx,my,mz
0,233.002363,0,0.000000,1.011248,0.999042,0.981458,-0.013710,-0.010796,0.000636,0.999993,0.002501,-0.002667,0.000002,0.000000,0.000000,0.000000,0.237876,14.098505,-14.079539,-0.165152
0,233.002363,1,0.050000,1.010562,0.998502,0.981490,-0.016060,-0.012999,-0.049364,0.999993,0.002501,-0.002667,0.000002,0.704925,-0.703977,-0.004694,0.237876,-0.171388,-0.587313,0.028716
0,233.002363,2,0.100000,1.009759,0.997852,0.979022,-0.018410,-0.015202,-0.099364,0.999592,0.020118,-0.020260,-0.000113,0.696230,-0.733468,-0.003878,0.238258,-3.846289,4.620399,0.021379
0,233.002363,3,0.150000,1.008839,0.997092,0.974053,-0.036283,-0.032945,-0.149364,0.998552,0.037504,-0.038577,-0.000226,0.503808,-0.502551,-0.003270,0.239255,-5.484583,5.970279,0.009784
0,233.002363,4,0.200000,1.007025,0.995445,0.966585,-0.070425,-0.066123,-0.199364,0.997437,0.050074,-0.051114,-0.000293,0.229516,-0.204099,-0.002992,0.240331,-4.241697,4.084928,0.007119
0,233.002363,5,0.250000,1.003504,0.992139,0.956617,-0.115819,-0.110567,-0.249364,0.996859,0.055798,-0.056200,-0.000329,0.017408,0.000121,-0.002790,0.240892,-0.448315,0.118223,0.007161
0,233.002363,6,0.300000,0.997713,0.986610,0.944149,-0.165819,-0.160176,-0.299364,0.996835,0.056235,-0.056193,-0.000374,-0.005007,0.006030,-0.002586,0.240915,0.199633,-0.240954,0.006929
0,233.002363,7,0.350000,0.989422,0.978602,0.929181,-0.215819,-0.210176,-0.349364,0.996850,0.056114,-0.056039,-0.000437,0.004975,-0.006017,-0.002390,0.240900,-0.123853,0.141521,0.006617
0,233.002363,8,0.400000,0.978631,0.968093,0.911712,-0.265683,-0.260063,-0.399364,0.996835,0.056242,-0.056186,-0.000498,-0.001218,0.001059,-0.002201,0.240915,-1.005408,1.008924,0.006305
0,233.002363,9,0.450000,0.965347,0.955090,0.891744,-0.315683,-0.310062,-0.449363,0.996838,0.056214,-0.056156,-0.000553,-0.051489,0.051505,-0.002022,0.240914,-1.573871,1.566113,0.005998
0,233.002363,10,0.500000,0.949562,0.939587,0.869276,-0.365659,-0.360034,-0.499360,0.996981,0.054935,-0.054869,-0.000604,-0.130178,0.129815,-0.001852,0.246633,-1.726662,1.705505,0.005688
0,233.002363,11,0.550000,0.931280,0.921585,0.844308,-0.415658,-0.410033,-0.538639,0.997327,0.051694,-0.051628,-0.000650,-0.216502,0.215099,-0.001690,0.262011,-1.589553,1.583359,0.005381
0,233.002363,12,0.600000,0.910497,0.901083,0.817376,-0.465658,-0.460031,-0.549114,0.997856,0.046300,-0.046258,-0.000694,-0.295966,0.294281,-0.001537,0.281993,-1.234923,1.240012,0.005130
0,233.002363,13,0.650000,0.887214,0.878082,0.789920,-0.513901,-0.508250,-0.521878,0.998484,0.038922,-0.038908,-0.000734,-0.357695,0.356299,-0.001391,0.268116,-0.731476,0.742664,0.004915
0,233.002363,14,0.700000,0.861519,0.852669,0.763826,-0.552507,-0.546813,-0.518874,0.999099,0.029998,-0.030004,-0.000770,-0.394250,0.393451,-0.001252,0.269477,-0.174440,0.187244,0.004721
0,233.002363,15,0.750000,0.833893,0.825329,0.737883,-0.582449,-0.576703,-0.512139,0.999593,0.020157,-0.020166,-0.000801,-0.402953,0.402832,-0.001117,0.271400,0.352344,-0.341070,0.004536
0,233.002363,16,0.800000,0.804771,0.796493,0.712276,-0.602727,-0.596941,-0.500863,0.999898,0.010095,-0.010090,-0.000829,-0.385319,0.385795,-0.000988,0.273213,0.789817,-0.781933,0.004354
0,233.002363,17,0.850000,0.774635,0.766646,0.687233,-0.612945,-0.607147,-0.485619,0.999999,0.000472,-0.000437,-0.000854,-0.345814,0.346713,-0.000865,0.274462,1.106275,-1.102529,0.004173
0,233.002363,18,0.900000,0.743987,0.736289,0.662952,-0.613390,-0.607626,-0.467856,0.999932,-0.008166,0.008237,-0.000875,-0.290488,0.291598,-0.000746,0.274998,1.291794,-1.292087,0.003990
0,233.002363,19,0.950000,0.713318,0.705908,0.639559,-0.604993,-0.599317,-0.449237,0.999760,-0.015420,0.015532,-0.000893,-0.225890,0.227002,-0.000633,0.274906,1.352349,-1.356006,0.003806
0,233.002363,20,1.000000,0.683068,0.675942,0.617097,-0.589169,-0.583634,-0.431139,0.999553,-0.021061,0.021210,-0.000909,-0.158268,0.159207,-0.000525,0.274401,1.304927,-1.310936,0.003620
0,233.002363,21,1.050000,0.653610,0.646760,0.595540,-0.567603,-0.562259,-0.414396,0.999369,-0.025012,0.025191,-0.000922,-0.093018,0.093663,-0.000422,0.273722,1.173247,-1.180475,0.003434
0,233.002363,22,1.100000,0.625230,0.618647,0.574820,-0.542057,-0.536942,-0.399282,0.999247,-0.027334,0.027533,-0.000933,-0.034354,0.034641,-0.000324,0.273056,0.983966,-0.991334,0.003247
0,233.002363,23,1.150000,0.598127,0.591800,0.554856,-0.514208,-0.509346,-0.385645,0.999199,-0.028192,0.028399,-0.000941,0.014845,-0.014925,-0.000232,0.272512,0.763430,-0.770046,0.003062
0,233.002363,24,1.200000,0.572416,0.566333,0.535574,-0.485541,-0.480941,-0.373110,0.999220,-0.027821,0.028026,-0.000946,0.053016,-0.053428,-0.000145,0.272117,0.535122,-0.540353,0.002879
0,233.002363,25,1.250000,0.548139,0.542286,0.516918,-0.457291,-0.452951,-0.361260,0.999292,-0.026498,0.026690,-0.000950,0.079772,-0.080446,-0.000063,0.271847,0.317971,-0.321470,0.002698
0,233.002363,26,1.300000,0.525275,0.519638,0.498855,-0.430413,-0.426316,-0.349764,0.999395,-0.024507,0.024678,-0.000952,0.095670,-0.096519,0.000014,0.271650,0.125643,-0.127314,0.002522
0,233.002363,27,1.350000,0.503754,0.498322,0.481367,-0.405576,-0.401697,-0.338425,0.999507,-0.022119,0.022264,-0.000951,0.101952,-0.102885,0.000086,0.271478,-0.033352,0.033407,0.002351
0,233.002363,28,1.400000,0.483475,0.478237,0.464446,-0.383180,-0.379489,-0.327178,0.999614,-0.019574,0.019691,-0.000949,0.100285,-0.101214,0.000152,0.271295,-0.155005,0.156545,0.002186
0,233.002363,29,1.450000,0.464316,0.459263,0.448087,-0.363384,-0.359848,-0.316055,0.999707,-0.017070,0.017159,-0.000945,0.092535,-0.093386,0.000215,0.271085,-0.238935,0.241638,0.002027
0,233.002363,30,1.500000,0.446147,0.441271,0.432284,-0.346145,-0.342731,-0.305133,0.999781,-0.014759,0.014823,-0.000939,0.080589,-0.081304,0.000272,0.270850,-0.287497,0.291002,0.001876
0,233.002363,31,1.550000,0.428840,0.424134,0.417028,-0.331265,-0.327943,-0.294498,0.999837,-0.012747,0.012789,-0.000932,0.066215,-0.066753,0.000325,0.270600,-0.304951,0.308895,0.001733
0,233.002363,32,1.600000,0.412277,0.407737,0.402303,-0.318438,-0.315182,-0.284215,0.999876,-0.011093,0.011119,-0.000924,0.050969,-0.051307,0.000375,0.270349,-0.296743,0.300784,0.001598
0,233.002363,33,1.650000,0.396355,0.391978,0.388092,-0.307297,-0.304086,-0.274316,0.999903,-0.009820,0.009835,-0.000915,0.036132,-0.036267,0.000420,0.270109,-0.268875,0.272715,0.001470
0,233.002363,34,1.700000,0.380990,0.376774,0.374376,-0.297450,-0.294272,-0.264808,0.999920,-0.008917,0.008928,-0.000904,0.022689,-0.022631,0.000462,0.269887,-0.227406,0.230800,0.001349
0,233.002363,35,1.750000,0.366117,0.362060,0.361136,-0.288518,-0.285367,-0.255676,0.999930,-0.008351,0.008361,-0.000893,0.011319,-0.011091,0.000500,0.269687,-0.178041,0.180809,0.001234
0,233.002363,36,1.800000,0.351691,0.347792,0.348352,-0.280160,-0.277034,-0.246895,0.999934,-0.008068,0.008084,-0.000880,0.002417,-0.002050,0.000535,0.269507,-0.125843,0.127869,0.001126
0,233.002363,37,1.850000,0.337683,0.333940,0.336007,-0.272084,-0.268989,-0.238438,0.999935,-0.008007,0.008033,-0.000867,-0.003875,0.004343,0.000567,0.269341,-0.075033,0.076263,0.001023
0,233.002363,38,1.900000,0.324079,0.320490,0.324085,-0.264064,-0.261009,-0.230286,0.999934,-0.008104,0.008142,-0.000853,-0.007627,0.008157,0.000596,0.269186,-0.028887,0.029328,0.000925
0,233.002363,39,1.950000,0.310876,0.307440,0.312571,-0.255941,-0.252936,-0.222424,0.999930,-0.008294,0.008346,-0.000838,-0.009071,0.009623,0.000623,0.269037,0.010282,-0.010578,0.000832
0,233.002363,40,2.000000,0.298079,0.294793,0.301450,-0.247618,-0.244679,-0.214845,0.999926,-0.008521,0.008587,-0.000823,-0.008557,0.009094,0.000646,0.268891,0.041089,-0.042030,0.000743
0,233.002363,41,2.050000,0.285698,0.282559,0.290708,-0.239061,-0.236201,-0.207544,0.999923,-0.008734,0.008814,-0.000806,-0.006503,0.006992,0.000667,0.268748,0.062981,-0.064445,0.000659
0,233.002363,42,2.100000,0.273745,0.270749,0.280330,-0.230281,-0.227515,-0.200516,0.999920,-0.008897,0.008989,-0.000790,-0.003354,0.003769,0.000686,0.268606,0.076107,-0.077959,0.000579
0,233.002363,43,2.150000,0.262231,0.259373,0.270305,-0.221331,-0.218672,-0.193756,0.999918,-0.008980,0.009084,-0.000773,0.000451,-0.000129,0.000703,0.268468,0.081177,-0.083274,0.000504
0,233.002363,44,2.200000,0.251164,0.248440,0.260617,-0.212293,-0.209750,-0.187256,0.999918,-0.008969,0.009081,-0.000755,0.004510,-0.004292,0.000717,0.268333,0.079299,-0.081502,0.000432
0,233.002363,45,2.250000,0.240550,0.237952,0.251254,-0.203262,-0.200844,-0.181004,0.999920,-0.008856,0.008974,-0.000737,0.008475,-0.008367,0.000729,0.268204,0.071836,-0.074015,0.000365
0,233.002363,46,2.300000,0.230387,0.227910,0.242204,-0.194343,-0.192055,-0.174988,0.999924,-0.008644,0.008764,-0.000719,0.012067,-0.012068,0.000740,0.268080,0.060264,-0.062308,0.000302
0,233.002363,47,2.350000,0.220669,0.218307,0.233454,-0.185635,-0.183479,-0.169195,0.999929,-0.008343,0.008463,-0.000701,0.015081,-0.015183,0.000748,0.267961,0.046053,-0.047872,0.000243
0,233.002363,48,2.400000,0.211388,0.209133,0.224995,-0.177231,-0.175206,-0.163611,0.999935,-0.007966,0.008083,-0.000682,0.017384,-0.017576,0.000755,0.267847,0.030577,-0.032103,0.000187
0,233.002363,49,2.450000,0.202526,0.200373,0.216814,-0.169208,-0.167310,-0.158225,0.999942,-0.007531,0.007644,-0.000663,0.018913,-0.019181,0.000760,0.267738,0.015039,-0.016229,0.000134
0,233.002363,50,2.500000,0.194066,0.192008,0.208903,-0.161624,-0.159847,-0.153027,0.999949,-0.007059,0.007164,-0.000644,0.019666,-0.019992,0.000764,0.267633,0.000430,-0.001262,0.000085
0,233.002363,51,2.550000,0.185985,0.184015,0.201251,-0.154518,-0.152855,-0.148011,0.999956,-0.006567,0.006664,-0.000625,0.019688,-0.020054,0.000767,0.267531,-0.012501,0.012028,0.000038
0,233.002363,52,2.600000,0.178259,0.176372,0.193851,-0.147912,-0.146352,-0.143171,0.999962,-0.006075,0.006162,-0.000606,0.019063,-0.019452,0.000768,0.267431,-0.023240,0.023108,-0.000006
0,233.002363,53,2.650000,0.170863,0.169055,0.186692,-0.141804,-0.140339,-0.138503,0.999968,-0.005599,0.005676,-0.000587,0.017902,-0.018296,0.000768,0.267334,-0.031502,0.031680,-0.000047
0,233.002363,54,2.700000,0.163773,0.162038,0.179767,-0.136182,-0.134799,-0.134002,0.999973,-0.005151,0.005218,-0.000568,0.016327,-0.016712,0.000766,0.267240,-0.037199,0.037644,-0.000085
0,233.002363,55,2.750000,0.156964,0.155298,0.173067,-0.131014,-0.129703,-0.129665,0.999977,-0.004743,0.004800,-0.000548,0.014468,-0.014829,0.000764,0.267149,-0.040408,0.041070,-0.000122
0,233.002363,56,2.800000,0.150413,0.148813,0.166584,-0.126261,-0.125012,-0.125490,0.999980,-0.004382,0.004430,-0.000529,0.012448,-0.012775,0.000760,0.267061,-0.041331,0.042157,-0.000156
0,233.002363,57,2.850000,0.144100,0.142562,0.160309,-0.121878,-0.120681,-0.121471,0.999983,-0.004071,0.004110,-0.000510,0.010381,-0.010667,0.000756,0.266975,-0.040255,0.041189,-0.000188
0,233.002363,58,2.900000,0.138006,0.136528,0.154236,-0.117812,-0.116658,-0.117606,0.999985,-0.003811,0.003843,-0.000491,0.008369,-0.008607,0.000751,0.266893,-0.037514,0.038503,-0.000218
0,233.002363,59,2.950000,0.132116,0.130695,0.148355,-0.114011,-0.112892,-0.113889,0.999987,-0.003602,0.003628,-0.000473,0.006494,-0.006682,0.000744,0.266814,-0.033455,0.034449,-0.000246
0,233.002363,60,3.000000,0.126415,0.125051,0.142661,-0.110424,-0.109334,-0.110315,0.999988,-0.003440,0.003461,-0.000454,0.004821,-0.004959,0.000737,0.266737,-0.028414,0.029370,-0.000272
0,233.002363,61,3.050000,0.120894,0.119584,0.137145,-0.107003,-0.105938,-0.106881,0.999989,-0.003319,0.003337,-0.000435,0.003400,-0.003490,0.000730,0.266664,-0.022695,0.023574,-0.000297
0,233.002363,62,3.100000,0.115544,0.114287,0.131801,-0.103705,-0.102661,-0.103582,0.999989,-0.003234,0.003250,-0.000417,0.002266,-0.002312,0.000721,0.266593,-0.016563,0.017333,-0.000320
0,233.002363,63,3.150000,0.110358,0.109154,0.126622,-0.100495,-0.099469,-0.100412,0.999990,-0.003178,0.003192,-0.000399,0.001438,-0.001445,0.000712,0.266524,-0.010236,0.010874,-0.000342
0,233.002363,64,3.200000,0.105334,0.104181,0.121602,-0.097343,-0.096334,-0.097370,0.999990,-0.003142,0.003156,-0.000381,0.000926,-0.000901,0.000702,0.266457,-0.003895,0.004384,-0.000362
0,233.002363,65,3.250000,0.100467,0.099364,0.116733,-0.094227,-0.093235,-0.094450,0.999990,-0.003118,0.003134,-0.000364,0.000731,-0.000682,0.000692,0.266393,0.002308,-0.001978,-0.000382
0,233.002363,66,3.300000,0.095755,0.094702,0.112011,-0.091134,-0.090159,-0.091649,0.999990,-0.003100,0.003117,-0.000347,0.000847,-0.000781,0.000681,0.266330,0.008234,-0.008066,-0.000400
0,233.002363,67,3.350000,0.091199,0.090194,0.107428,-0.088058,-0.087102,-0.088964,0.999990,-0.003079,0.003097,-0.000329,0.001258,-0.001184,0.000670,0.266269,0.013742,-0.013732,-0.000418
0,233.002363,68,3.400000,0.086796,0.085839,0.102980,-0.085003,-0.084067,-0.086391,0.999991,-0.003047,0.003068,-0.000313,0.001946,-0.001871,0.000658,0.266210,0.018670,-0.018808,-0.000435
0,233.002363,69,3.450000,0.082546,0.081636,0.098660,-0.081977,-0.081064,-0.083928,0.999991,-0.002999,0.003021,-0.000296,0.002879,-0.002811,0.000646,0.266153,0.022824,-0.023094,-0.000451
0,233.002363,70,3.500000,0.078447,0.077583,0.094464,-0.078999,-0.078109,-0.081570,0.999991,-0.002927,0.002951,-0.000280,0.004020,-0.003966,0.000633,0.266097,0.025968,-0.026348,-0.000467
0,233.002363,71,3.550000,0.074497,0.073677,0.090385,-0.076090,-0.075225,-0.079314,0.999992,-0.002826,0.002852,-0.000264,0.005319,-0.005283,0.000620,0.266043,0.027822,-0.028285,-0.000482
0,233.002363,72,3.600000,0.070692,0.069916,0.086420,-0.073279,-0.072441,-0.077158,0.999993,-0.002693,0.002720,-0.000249,0.006710,-0.006697,0.000606,0.265990,0.028071,-0.028585,-0.000498
0,233.002363,73,3.650000,0.067028,0.066294,0.082562,-0.070600,-0.069789,-0.075098,0.999994,-0.002525,0.002552,-0.000234,0.008114,-0.008126,0.000592,0.265939,0.026382,-0.026912,-0.000512
0,233.002363,74,3.700000,0.063498,0.062804,0.078807,-0.068085,-0.067302,-0.073130,0.999995,-0.002323,0.002349,-0.000219,0.009433,-0.009472,0.000577,0.265890,0.022433,-0.022939,-0.000527
0,233.002363,75,3.750000,0.060094,0.059439,0.075150,-0.065772,-0.065015,-0.071252,0.999996,-0.002087,0.002112,-0.000205,0.010555,-0.010618,0.000562,0.265842,0.015953,-0.016395,-0.000542
0,233.002363,76,3.800000,0.056805,0.056188,0.071588,-0.063692,-0.062961,-0.069462,0.999997,-0.001823,0.001847,-0.000190,0.011353,-0.011438,0.000547,0.265794,0.006770,-0.007107,-0.000557
0,233.002363,77,3.850000,0.053621,0.053040,0.068115,-0.061874,-0.061167,-0.067757,0.999998,-0.001539,0.001561,-0.000177,0.011691,-0.011793,0.000531,0.265748,-0.005133,0.004941,-0.000572
0,233.002363,78,3.900000,0.050527,0.049982,0.064727,-0.060337,-0.059653,-0.066135,0.999998,-0.001247,0.001266,-0.000164,0.011435,-0.011546,0.000515,0.265703,-0.019562,0.019549,-0.000588
0,233.002363,79,3.950000,0.047510,0.046999,0.061420,-0.059091,-0.058426,-0.064597,0.999999,-0.000961,0.000977,-0.000151,0.010457,-0.010568,0.000498,0.265658,-0.036056,0.036250,-0.000604
0,233.002363,80,4.000000,0.044556,0.044078,0.058190,-0.058130,-0.057480,-0.063140,0.999999,-0.000700,0.000713,-0.000138,0.008655,-0.008755,0.000481,0.265614,-0.053839,0.054257,-0.000620
0,233.002363,81,4.050000,0.041649,0.041204,0.055033,-0.057428,-0.056792,-0.061763,1.000000,-0.000483,0.000494,-0.000126,0.005963,-0.006042,0.000463,0.265571,-0.071795,0.072443,-0.000637
0,233.002363,82,4.100000,0.038778,0.038364,0.051945,-0.056942,-0.056317,-0.060464,1.000000,-0.000334,0.000343,-0.000115,0.002373,-0.002420,0.000445,0.265530,-0.088463,0.089326,-0.000655
0,233.002363,83,4.150000,0.035931,0.035549,0.048922,-0.056605,-0.055988,-0.059242,1.000000,-0.000275,0.000282,-0.000103,-0.002050,0.002046,0.000426,0.265491,-0.102067,0.103114,-0.000674
0,233.002363,84,4.200000,0.033100,0.032749,0.045960,-0.056327,-0.055718,-0.058093,1.000000,-0.000326,0.000334,-0.000093,-0.007153,0.007202,0.000407,0.265453,-0.110597,0.111770,-0.000694
0,233.002363,85,4.250000,0.030284,0.029963,0.043055,-0.055999,-0.055398,-0.057013,1.000000,-0.000505,0.000514,-0.000083,-0.012683,0.012790,0.000388,0.265417,-0.111928,0.113148,-0.000715
0,233.002363,86,4.300000,0.027484,0.027193,0.040205,-0.055495,-0.054901,-0.056000,0.999999,-0.000822,0.000833,-0.000073,-0.018280,0.018448,0.000367,0.265382,-0.104018,0.105179,-0.000737
0,233.002363,87,4.350000,0.024709,0.024448,0.037405,-0.054675,-0.054094,-0.055052,0.999998,-0.001279,0.001295,-0.000064,-0.023481,0.023706,0.000346,0.265347,-0.085147,0.086125,-0.000761
0,233.002363,88,4.400000,0.021976,0.021744,0.034652,-0.053403,-0.052837,-0.054172,0.999996,-0.001866,0.001887,-0.000055,-0.027739,0.028012,0.000325,0.265310,-0.054239,0.054896,-0.000785
0,233.002363,89,4.450000,0.019305,0.019102,0.031943,-0.051548,-0.051003,-0.053365,0.999993,-0.002559,0.002588,-0.000047,-0.030451,0.030757,0.000302,0.265268,-0.011238,0.011436,-0.000811
0,233.002363,90,4.500000,0.016728,0.016552,0.029275,-0.049006,-0.048489,-0.052640,0.999989,-0.003320,0.003357,-0.000039,-0.031013,0.031328,0.000279,0.265223,0.042459,-0.042845,-0.000839
0,233.002363,91,4.550000,0.014278,0.014127,0.026643,-0.045708,-0.045227,-0.052007,0.999983,-0.004096,0.004140,-0.000032,-0.028891,0.029186,0.000255,0.265176,0.103534,-0.104588,-0.000868
0,233.002363,92,4.600000,0.011992,0.011866,0.024043,-0.041642,-0.041205,-0.051474,0.999977,-0.004818,0.004870,-0.000026,-0.023714,0.023956,0.000231,0.265130,0.166251,-0.167994,-0.000899
0,233.002363,93,4.650000,0.009910,0.009806,0.021469,-0.036861,-0.036474,-0.051038,0.999970,-0.005411,0.005469,-0.000020,-0.015402,0.015556,0.000205,0.265092,0.221982,-0.224339,-0.000932
0,233.002363,94,4.700000,0.008067,0.007982,0.018917,-0.031491,-0.031162,-0.050684,0.999966,-0.005796,0.005857,-0.000015,-0.004303,0.004339,0.000179,0.265070,0.258752,-0.261518,-0.000967
0,233.002363,95,4.750000,0.006493,0.006424,0.016383,-0.025741,-0.025473,-0.050381,0.999965,-0.005903,0.005966,-0.000011,0.008635,-0.008737,0.000151,0.265067,0.260792,-0.263592,-0.001004
0,233.002363,96,4.800000,0.005206,0.005150,0.013864,-0.019884,-0.019677,-0.050087,0.999967,-0.005687,0.005748,-0.000007,0.021674,-0.021917,0.000123,0.265081,0.208151,-0.210389,-0.001043
0,233.002363,97,4.850000,0.004211,0.004166,0.011359,-0.014242,-0.014094,-0.049761,0.999973,-0.005146,0.005200,-0.000004,0.032082,-0.032436,0.000093,0.265096,0.076427,-0.077238,-0.001084
0,233.002363,98,4.900000,0.003499,0.003462,0.008871,-0.009136,-0.009042,-0.049394,0.999981,-0.004344,0.004389,-0.000002,0.035904,-0.036298,0.000062,0.264746,-0.163981,0.165795,-0.001128
0,233.002363,99,4.950000,0.003042,0.003009,0.006402,-0.004833,-0.004783,-0.049661,0.999988,-0.003446,0.003481,0.000000,0.027705,-0.028008,0.000030,0.291711,-0.549788,0.555827,-0.001174
0,233.002363,100,5.000000,0.002801,0.002770,0.003919,-0.001072,-0.001060,0.000018,0.999992,-0.002753,0.002781,0.000001,0.000215,-0.000216,-0.000003,0,0,0,0
1,231.452394,0,0.000000,1.011248,0.999042,0.981458,-0.013710,-0.010796,0.000636,0.999993,0.002501,-0.002667,0.000002,0.000000,0.000000,0.000000,0.237876,17.993527,-17.897932,-0.227556
1,231.452394,1,0.050000,1.010562,0.998502,0.981490,-0.016060,-0.012999,-0.049364,0.999993,0.002501,-0.002667,0.000002,0.899676,-0.894897,-0.006468,0.237876,-2.700055,1.762185,0.047413
1,231.452394,2,0.100000,1.009759,0.997852,0.979022,-0.018410,-0.015202,-0.099364,0.999375,0.024980,-0.025027,-0.000156,0.764454,-0.807008,-0.005120,0.238466,-6.959102,8.032242,0.033674
1,231.452394,3,0.150000,1.008839,0.997092,0.974053,-0.040503,-0.037247,-0.149364,0.998007,0.044063,-0.045172,-0.000309,0.416342,-0.405545,-0.004163,0.239780,-6.891191,7.380777,0.018105
1,231.452394,4,0.200000,1.006814,0.995230,0.966585,-0.080551,-0.076288,-0.199364,0.996985,0.054446,-0.055283,-0.000390,0.071718,-0.036572,-0.003649,0.240769,-1.707339,1.229296,0.014785
1,231.452394,5,0.250000,1.002786,0.991415,0.956617,-0.129719,-0.124674,-0.249364,0.996835,0.056238,-0.056190,-0.000431,-0.013654,0.024883,-0.003228,0.240915,0.346226,-0.694723,0.014231
1,231.452394,6,0.300000,0.996300,0.985182,0.944149,-0.179719,-0.174674,-0.299364,0.996889,0.055903,-0.055565,-0.000496,0.003661,-0.009851,-0.002824,0.240863,0.126328,-0.102919,0.013193
1,231.452394,7,0.350000,0.987314,0.976448,0.929181,-0.229158,-0.224365,-0.349364,0.996870,0.055998,-0.055807,-0.000575,0.009976,-0.014998,-0.002449,0.240881,-0.199910,0.299926,0.012124
1,231.452394,8,0.400000,0.975856,0.965230,0.911712,-0.278819,-0.274138,-0.399364,0.996835,0.056250,-0.056177,-0.000643,-0.000021,-0.000002,-0.002104,0.240915,-0.923336,0.922406,0.011073
1,231.452394,9,0.450000,0.961916,0.951523,0.891744,-0.328818,-0.324138,-0.449363,0.996835,0.056252,-0.056174,-0.000696,-0.046188,0.046118,-0.001790,0.240916,-1.726254,1.721608,0.010075
1,231.452394,10,0.500000,0.945475,0.935316,0.869276,-0.378818,-0.374137,-0.499363,0.996963,0.055105,-0.055022,-0.000740,-0.132497,0.132202,-0.001503,0.240792,-1.917933,1.903921,0.009143
1,231.452394,11,0.550000,0.926534,0.916609,0.844308,-0.427775,-0.423095,-0.549359,0.997317,0.051806,-0.051721,-0.000778,-0.228386,0.227405,-0.001243,0.261490,-1.723892,1.678934,0.008233
1,231.452394,12,0.600000,0.905145,0.895454,0.816840,-0.477771,-0.473094,-0.560808,0.997874,0.046116,-0.046044,-0.000810,-0.314570,0.311363,-0.001009,0.293582,-1.459130,1.447843,0.007276
1,231.452394,13,0.650000,0.881256,0.871800,0.788799,-0.527770,-0.523091,-0.512256,0.998534,0.038274,-0.038267,-0.000838,-0.387515,0.383767,-0.000802,0.261320,-0.858407,0.868322,0.006498
1,231.452394,14,0.700000,0.854868,0.845645,0.763187,-0.564783,-0.560050,-0.521666,0.999179,0.028606,-0.028675,-0.000861,-0.430423,0.427195,-0.000618,0.269871,-0.142099,0.162955,0.005870
1,231.452394,15,0.750000,0.826629,0.817643,0.737103,-0.593446,-0.588594,-0.514044,0.999678,0.017862,-0.017992,-0.000880,-0.437518,0.435353,-0.000451,0.271991,0.528250,-0.504053,0.005356
1,231.452394,16,0.800000,0.796956,0.788213,0.711401,-0.611580,-0.606566,-0.501505,0.999950,0.006937,-0.007101,-0.000893,-0.411098,0.410158,-0.000299,0.273864,1.059956,-1.037503,0.004917
1,231.452394,17,0.850000,0.766377,0.757885,0.686326,-0.618789,-0.613595,-0.484950,0.999989,-0.003331,0.003161,-0.000902,-0.358096,0.358287,-0.000159,0.274996,1.413790,-1.396055,0.004519
1,231.452394,18,0.900000,0.735438,0.727205,0.662078,-0.615566,-0.610206,-0.466220,0.999851,-0.012274,0.012125,-0.000908,-0.287404,0.288486,-0.000030,0.275288,1.585813,-1.574136,0.004138
1,231.452394,19,0.950000,0.704660,0.696695,0.638767,-0.603194,-0.597705,-0.447231,0.999623,-0.019450,0.019342,-0.000910,-0.208113,0.209780,0.000087,0.274932,1.594383,-1.588886,0.003761
1,231.452394,20,1.000000,0.674500,0.666809,0.616406,-0.583488,-0.577924,-0.429364,0.999393,-0.024646,0.024589,-0.000909,-0.128395,0.130335,0.000194,0.274232,1.470338,-1.470276,0.003385
1,231.452394,21,1.050000,0.645326,0.637913,0.594938,-0.558506,-0.552930,-0.413258,0.999224,-0.027850,0.027848,-0.000906,-0.054879,0.056820,0.000290,0.273473,1.250286,-1.254342,0.003015
1,231.452394,22,1.100000,0.617400,0.610267,0.574275,-0.530297,-0.524769,-0.398897,0.999144,-0.029220,0.029269,-0.000900,0.007635,-0.005897,0.000376,0.272835,0.972293,-0.978895,0.002658
1,231.452394,23,1.150000,0.590885,0.584028,0.554330,-0.500720,-0.495294,-0.385876,0.999154,-0.029029,0.029121,-0.000892,0.056250,-0.054842,0.000452,0.272383,0.672529,-0.680167,0.002320
1,231.452394,24,1.200000,0.565849,0.559263,0.535036,-0.471340,-0.466060,-0.373668,0.999233,-0.027625,0.027750,-0.000882,0.089877,-0.088849,0.000517,0.272094,0.382263,-0.389739,0.002007
1,231.452394,25,1.250000,0.542282,0.535960,0.516353,-0.443371,-0.438267,-0.361836,0.999351,-0.025381,0.025529,-0.000870,0.108992,-0.108335,0.000574,0.271900,0.125468,-0.132002,0.001718
1,231.452394,26,1.300000,0.520114,0.514047,0.498261,-0.417657,-0.412747,-0.350121,0.999482,-0.022660,0.022820,-0.000856,0.115268,-0.114932,0.000623,0.271733,-0.082388,0.077188,0.001455
1,231.452394,27,1.350000,0.499231,0.493410,0.480755,-0.394682,-0.389973,-0.338452,0.999605,-0.019781,0.019946,-0.000841,0.111151,-0.111070,0.000665,0.271546,-0.234135,0.230366,0.001215
1,231.452394,28,1.400000,0.479497,0.473911,0.463832,-0.374613,-0.370103,-0.326883,0.999708,-0.017006,0.017169,-0.000825,0.099447,-0.099549,0.000699,0.271320,-0.329608,0.327174,0.000997
1,231.452394,29,1.450000,0.460766,0.455406,0.447488,-0.357351,-0.353034,-0.315526,0.999786,-0.014522,0.014679,-0.000808,0.082969,-0.083188,0.000728,0.271062,-0.373827,0.372525,0.000799
1,231.452394,30,1.500000,0.442899,0.437754,0.431712,-0.342606,-0.338470,-0.304487,0.999843,-0.012449,0.012598,-0.000790,0.064280,-0.064559,0.000750,0.270790,-0.375154,0.374732,0.000620
1,231.452394,31,1.550000,0.425768,0.420831,0.416487,-0.329964,-0.325996,-0.293839,0.999881,-0.010844,0.010983,-0.000771,0.045524,-0.045821,0.000768,0.270523,-0.343650,0.343851,0.000460
1,231.452394,32,1.600000,0.409270,0.404531,0.401796,-0.318952,-0.315141,-0.283609,0.999904,-0.009706,0.009837,-0.000752,0.028343,-0.028627,0.000781,0.270276,-0.289755,0.290343,0.000315
1,231.452394,33,1.650000,0.393323,0.388774,0.387615,-0.309099,-0.305433,-0.273790,0.999918,-0.008998,0.009121,-0.000733,0.013856,-0.014109,0.000790,0.270054,-0.223306,0.224080,0.000187
1,231.452394,34,1.700000,0.377868,0.373502,0.373926,-0.299970,-0.296440,-0.264353,0.999924,-0.008652,0.008768,-0.000713,0.002691,-0.002905,0.000795,0.269857,-0.152860,0.153662,0.000073
1,231.452394,35,1.750000,0.362869,0.358680,0.360708,-0.291200,-0.287800,-0.255270,0.999925,-0.008585,0.008696,-0.000693,-0.004952,0.004779,0.000797,0.269679,-0.085299,0.086016,-0.000028
1,231.452394,36,1.800000,0.348309,0.344290,0.347944,-0.282510,-0.279232,-0.246514,0.999923,-0.008708,0.008816,-0.000673,-0.009217,0.009079,0.000797,0.269513,-0.025672,0.026234,-0.000116
1,231.452394,37,1.850000,0.334184,0.330329,0.335619,-0.273705,-0.270546,-0.238069,0.999919,-0.008938,0.009043,-0.000653,-0.010501,0.010391,0.000793,0.269353,0.022785,-0.022411,-0.000193
1,231.452394,38,1.900000,0.320498,0.316801,0.323715,-0.264678,-0.261636,-0.229928,0.999914,-0.009200,0.009303,-0.000633,-0.009362,0.009270,0.000788,0.269197,0.058484,-0.058301,-0.000261
1,231.452394,39,1.950000,0.307265,0.303719,0.312219,-0.255398,-0.252470,-0.222085,0.999910,-0.009434,0.009535,-0.000614,-0.006438,0.006355,0.000780,0.269043,0.081234,-0.081220,-0.000319
1,231.452394,40,2.000000,0.294495,0.291096,0.301115,-0.245892,-0.243076,-0.214537,0.999907,-0.009595,0.009694,-0.000594,-0.002376,0.002293,0.000771,0.268890,0.091937,-0.092059,-0.000370
1,231.452394,41,2.050000,0.282200,0.278942,0.290388,-0.236233,-0.233528,-0.207278,0.999906,-0.009654,0.009752,-0.000575,0.002221,-0.002310,0.000761,0.268741,0.092276,-0.092489,-0.000412
1,231.452394,42,2.100000,0.270388,0.267266,0.280024,-0.226522,-0.223925,-0.200296,0.999907,-0.009598,0.009694,-0.000556,0.006834,-0.006934,0.000749,0.268597,0.084404,-0.084662,-0.000448
1,231.452394,43,2.150000,0.259062,0.256070,0.270009,-0.216874,-0.214383,-0.193580,0.999910,-0.009427,0.009521,-0.000537,0.011055,-0.011167,0.000736,0.268458,0.070674,-0.070936,-0.000478
1,231.452394,44,2.200000,0.248219,0.245350,0.260330,-0.207403,-0.205016,-0.187113,0.999915,-0.009151,0.009242,-0.000519,0.014589,-0.014713,0.000723,0.268326,0.053415,-0.053645,-0.000502
1,231.452394,45,2.250000,0.237849,0.235100,0.250974,-0.198215,-0.195927,-0.180881,0.999922,-0.008786,0.008874,-0.000500,0.017260,-0.017395,0.000708,0.268199,0.034749,-0.034921,-0.000521
1,231.452394,46,2.300000,0.227938,0.225303,0.241930,-0.189396,-0.187205,-0.174872,0.999929,-0.008355,0.008439,-0.000483,0.018998,-0.019141,0.000694,0.268077,0.016471,-0.016570,-0.000535
1,231.452394,47,2.350000,0.218468,0.215943,0.233187,-0.181014,-0.178914,-0.169073,0.999937,-0.007880,0.007960,-0.000465,0.019822,-0.019969,0.000678,0.267960,-0.000023,0.000002,-0.000545
1,231.452394,48,2.400000,0.209417,0.206997,0.224733,-0.173110,-0.171098,-0.163476,0.999945,-0.007384,0.007461,-0.000448,0.019821,-0.019968,0.000663,0.267846,-0.013771,0.013822,-0.000551
1,231.452394,49,2.450000,0.200762,0.198442,0.216559,-0.165706,-0.163776,-0.158074,0.999952,-0.006889,0.006962,-0.000432,0.019133,-0.019277,0.000647,0.267736,-0.024227,0.024339,-0.000553
1,231.452394,50,2.500000,0.192476,0.190254,0.208656,-0.158800,-0.156948,-0.152861,0.999958,-0.006411,0.006480,-0.000416,0.017922,-0.018059,0.000632,0.267629,-0.031228,0.031384,-0.000553
1,231.452394,51,2.550000,0.184536,0.182406,0.201013,-0.152374,-0.150597,-0.147834,0.999964,-0.005963,0.006028,-0.000400,0.016362,-0.016490,0.000616,0.267526,-0.034928,0.035109,-0.000550
1,231.452394,52,2.600000,0.176918,0.174876,0.193621,-0.146399,-0.144691,-0.142988,0.999969,-0.005554,0.005616,-0.000385,0.014615,-0.014734,0.000600,0.267425,-0.035725,0.035914,-0.000545
1,231.452394,53,2.650000,0.169598,0.167642,0.186471,-0.140835,-0.139192,-0.138318,0.999973,-0.005189,0.005248,-0.000370,0.012830,-0.012938,0.000585,0.267328,-0.034185,0.034364,-0.000538
1,231.452394,54,2.700000,0.162556,0.160682,0.179556,-0.135637,-0.134057,-0.133820,0.999976,-0.004868,0.004924,-0.000355,0.011121,-0.011219,0.000569,0.267234,-0.030957,0.031115,-0.000530
1,231.452394,55,2.750000,0.155774,0.153979,0.172865,-0.130762,-0.129241,-0.129490,0.999979,-0.004590,0.004644,-0.000341,0.009573,-0.009663,0.000554,0.267143,-0.026710,0.026839,-0.000520
1,231.452394,56,2.800000,0.149236,0.147517,0.166390,-0.126166,-0.124701,-0.125323,0.999981,-0.004351,0.004402,-0.000327,0.008238,-0.008321,0.000540,0.267056,-0.022066,0.022165,-0.000509
1,231.452394,57,2.850000,0.142928,0.141282,0.160124,-0.121810,-0.120400,-0.121313,0.999983,-0.004145,0.004194,-0.000313,0.007135,-0.007213,0.000525,0.266972,-0.017557,0.017627,-0.000497
1,231.452394,58,2.900000,0.136837,0.135262,0.154058,-0.117662,-0.116303,-0.117456,0.999984,-0.003966,0.004014,-0.000300,0.006257,-0.006331,0.000511,0.266890,-0.013589,0.013637,-0.000485
1,231.452394,59,2.950000,0.130954,0.129447,0.148185,-0.113693,-0.112383,-0.113746,0.999985,-0.003810,0.003855,-0.000288,0.005578,-0.005649,0.000497,0.266812,-0.010422,0.010456,-0.000472
1,231.452394,60,3.000000,0.125270,0.123828,0.142498,-0.109882,-0.108619,-0.110180,0.999986,-0.003670,0.003714,-0.000275,0.005057,-0.005126,0.000484,0.266736,-0.008167,0.008195,-0.000459
1,231.452394,61,3.050000,0.119775,0.118397,0.136989,-0.106212,-0.104994,-0.106752,0.999987,-0.003544,0.003586,-0.000263,0.004648,-0.004717,0.000471,0.266662,-0.006787,0.006818,-0.000446
1,231.452394,62,3.100000,0.114465,0.113147,0.131652,-0.102670,-0.101495,-0.103458,0.999988,-0.003428,0.003468,-0.000251,0.004309,-0.004376,0.000458,0.266591,-0.006120,0.006161,-0.000432
1,231.452394,63,3.150000,0.109331,0.108072,0.126479,-0.099244,-0.098111,-0.100295,0.999989,-0.003320,0.003359,-0.000240,0.004003,-0.004067,0.000446,0.266522,-0.005902,0.005956,-0.000419
1,231.452394,64,3.200000,0.104369,0.103167,0.121464,-0.095928,-0.094835,-0.097257,0.999989,-0.003220,0.003257,-0.000229,0.003708,-0.003770,0.000434,0.266455,-0.005802,0.005869,-0.000406
1,231.452394,65,3.250000,0.099573,0.098425,0.116601,-0.092713,-0.091658,-0.094342,0.999990,-0.003127,0.003163,-0.000218,0.003418,-0.003476,0.000422,0.266391,-0.005460,0.005536,-0.000393
1,231.452394,66,3.300000,0.094937,0.093842,0.111884,-0.089592,-0.088573,-0.091545,0.999991,-0.003042,0.003076,-0.000207,0.003145,-0.003199,0.000411,0.266328,-0.004535,0.004610,-0.000381
1,231.452394,67,3.350000,0.090458,0.089414,0.107307,-0.086557,-0.085573,-0.088863,0.999991,-0.002963,0.002996,-0.000197,0.002919,-0.002969,0.000400,0.266267,-0.002742,0.002807,-0.000370
1,231.452394,68,3.400000,0.086130,0.085135,0.102864,-0.083602,-0.082652,-0.086293,0.999992,-0.002890,0.002922,-0.000187,0.002781,-0.002828,0.000390,0.266208,0.000097,-0.000058,-0.000359
1,231.452394,69,3.450000,0.081950,0.081002,0.098549,-0.080720,-0.079803,-0.083831,0.999992,-0.002821,0.002851,-0.000177,0.002786,-0.002831,0.000380,0.266151,0.004022,-0.004021,-0.000349
1,231.452394,70,3.500000,0.077914,0.077012,0.094357,-0.077909,-0.077023,-0.081474,0.999992,-0.002751,0.002780,-0.000168,0.002987,-0.003032,0.000370,0.266096,0.008899,-0.008950,-0.000339
1,231.452394,71,3.550000,0.074018,0.073161,0.090284,-0.075169,-0.074312,-0.079219,0.999993,-0.002676,0.002705,-0.000158,0.003432,-0.003480,0.000360,0.266042,0.014404,-0.014513,-0.000331
1,231.452394,72,3.600000,0.070260,0.069445,0.086323,-0.072503,-0.071675,-0.077064,0.999993,-0.002590,0.002618,-0.000149,0.004153,-0.004205,0.000351,0.265989,0.020013,-0.020184,-0.000324
1,231.452394,73,3.650000,0.066635,0.065862,0.082469,-0.069924,-0.069124,-0.075005,0.999994,-0.002487,0.002513,-0.000141,0.005153,-0.005214,0.000341,0.265938,0.025023,-0.025250,-0.000317
1,231.452394,74,3.700000,0.063138,0.062405,0.078719,-0.067449,-0.066675,-0.073040,0.999994,-0.002358,0.002382,-0.000132,0.006405,-0.006477,0.000332,0.265888,0.028582,-0.028848,-0.000312
1,231.452394,75,3.750000,0.059766,0.059072,0.075067,-0.065103,-0.064353,-0.071166,0.999995,-0.002198,0.002220,-0.000124,0.007834,-0.007919,0.000323,0.265840,0.029749,-0.030028,-0.000308
1,231.452394,76,3.800000,0.056511,0.055854,0.071509,-0.062916,-0.062190,-0.069379,0.999996,-0.002002,0.002022,-0.000116,0.009321,-0.009420,0.000315,0.265793,0.027578,-0.027834,-0.000306
1,231.452394,77,3.850000,0.053365,0.052745,0.068040,-0.060925,-0.060219,-0.067678,0.999997,-0.001769,0.001787,-0.000108,0.010700,-0.010812,0.000306,0.265747,0.021225,-0.021413,-0.000304
1,231.452394,78,3.900000,0.050319,0.049734,0.064656,-0.059167,-0.058479,-0.066059,0.999998,-0.001501,0.001516,-0.000100,0.011762,-0.011882,0.000297,0.265702,0.010074,-0.010141,-0.000305
1,231.452394,79,3.950000,0.047360,0.046810,0.061353,-0.057674,-0.057001,-0.064522,0.999999,-0.001207,0.001219,-0.000093,0.012266,-0.012389,0.000289,0.265658,-0.006125,0.006233,-0.000306
1,231.452394,80,4.000000,0.044477,0.043960,0.058127,-0.056474,-0.055814,-0.063066,0.999999,-0.000901,0.000910,-0.000086,0.011960,-0.012078,0.000280,0.265615,-0.027115,0.027450,-0.000310
1,231.452394,81,4.050000,0.041653,0.041169,0.054974,-0.055579,-0.054928,-0.061688,1.000000,-0.000602,0.000608,-0.000079,0.010604,-0.010705,0.000271,0.265572,-0.052006,0.052611,-0.000315
1,231.452394,82,4.100000,0.038874,0.038422,0.051889,-0.054982,-0.054336,-0.060390,1.000000,-0.000337,0.000340,-0.000072,0.008004,-0.008074,0.000262,0.265529,-0.079177,0.080076,-0.000322
1,231.452394,83,4.150000,0.036125,0.035706,0.048870,-0.054647,-0.054005,-0.059169,1.000000,-0.000137,0.000138,-0.000065,0.004045,-0.004070,0.000253,0.265489,-0.106233,0.107425,-0.000331
1,231.452394,84,4.200000,0.033393,0.033005,0.045911,-0.054511,-0.053871,-0.058023,1.000000,-0.000035,0.000036,-0.000059,-0.001267,0.001301,0.000244,0.265450,-0.130036,0.131483,-0.000342
1,231.452394,85,4.250000,0.030667,0.030312,0.043010,-0.054475,-0.053836,-0.056949,1.000000,-0.000067,0.000069,-0.000053,-0.007768,0.007875,0.000234,0.265414,-0.146831,0.148455,-0.000355
1,231.452394,86,4.300000,0.027943,0.027620,0.040163,-0.054408,-0.053770,-0.055942,1.000000,-0.000261,0.000266,-0.000047,-0.015110,0.015298,0.000224,0.265380,-0.152503,0.154179,-0.000370
1,231.452394,87,4.350000,0.025223,0.024932,0.037366,-0.054146,-0.053513,-0.054999,1.000000,-0.000639,0.000648,-0.000041,-0.022735,0.023007,0.000213,0.265347,-0.142970,0.144526,-0.000388
1,231.452394,88,4.400000,0.022516,0.022256,0.034616,-0.053509,-0.052885,-0.054116,0.999999,-0.001207,0.001223,-0.000036,-0.029884,0.030233,0.000202,0.265314,-0.114731,0.115953,-0.000409
1,231.452394,89,4.450000,0.019840,0.019612,0.031910,-0.052307,-0.051699,-0.053298,0.999996,-0.001954,0.001979,-0.000031,-0.035621,0.036030,0.000191,0.265277,-0.065574,0.066227,-0.000432
1,231.452394,90,4.500000,0.017225,0.017027,0.029245,-0.050362,-0.049778,-0.052552,0.999992,-0.002845,0.002880,-0.000026,-0.038900,0.039341,0.000178,0.265234,0.004555,-0.004707,-0.000459
1,231.452394,91,4.550000,0.014707,0.014538,0.026617,-0.047533,-0.046984,-0.051895,0.999985,-0.003817,0.003864,-0.000022,-0.038672,0.039106,0.000165,0.265184,0.092572,-0.093724,-0.000488
1,231.452394,92,4.600000,0.012330,0.012189,0.024023,-0.043738,-0.043235,-0.051343,0.999977,-0.004784,0.004841,-0.000018,-0.034044,0.034419,0.000152,0.265131,0.191170,-0.193432,-0.000521
1,231.452394,93,4.650000,0.010143,0.010027,0.021456,-0.038984,-0.038537,-0.050904,0.999968,-0.005635,0.005702,-0.000014,-0.024486,0.024747,0.000137,0.265084,0.287721,-0.291057,-0.000558
1,231.452394,94,4.700000,0.008194,0.008100,0.018910,-0.033386,-0.033005,-0.050571,0.999961,-0.006247,0.006320,-0.000010,-0.010100,0.010194,0.000121,0.265055,0.363175,-0.367334,-0.000598
1,231.452394,95,4.750000,0.006525,0.006450,0.016382,-0.027182,-0.026872,-0.050306,0.999957,-0.006500,0.006575,-0.000007,0.008059,-0.008172,0.000104,0.265055,0.390973,-0.395409,-0.000643
1,231.452394,96,4.800000,0.005165,0.005106,0.013867,-0.020727,-0.020492,-0.050048,0.999960,-0.006298,0.006371,-0.000005,0.027608,-0.027943,0.000086,0.265086,0.336059,-0.339831,-0.000692
1,231.452394,97,4.850000,0.004129,0.004082,0.011364,-0.014472,-0.014308,-0.049727,0.999968,-0.005608,0.005673,-0.000003,0.044411,-0.044934,0.000066,0.265130,0.154122,-0.155787,-0.000745
1,231.452394,98,4.900000,0.003405,0.003366,0.008878,-0.008902,-0.008802,-0.049308,0.999980,-0.004498,0.004549,-0.000001,0.052117,-0.052724,0.000045,0.264530,-0.209350,0.211856,-0.000803
1,231.452394,99,4.950000,0.002960,0.002926,0.006412,-0.004445,-0.004395,-0.049978,0.999990,-0.003195,0.003231,0.000000,0.041649,-0.042131,0.000022,0.291881,-0.830439,0.840044,-0.000867
1,231.452394,100,5.000000,0.002738,0.002706,0.003914,-0.000952,-0.000941,0.000021,0.999995,-0.002154,0.002178,0.000001,0.000128,-0.000128,-0.000003,0,0,0,0
2,235.198762,0,0.000000,1.011248,0.999042,0.981458,-0.013710,-0.010796,0.000636,0.999993,0.002501,-0.002667,0.000002,0.000000,0.000000,0.000000,0.237876,20.557142,-20.099450,-0.299373
2,235.198762,1,0.050000,1.010562,0.998502,0.981490,-0.016060,-0.012999,-0.049364,0.999993,0.002501,-0.002667,0.000002,1.027857,-1.004972,-0.008510,0.237876,-4.889073,3.791792,0.063203
2,235.198762,2,0.100000,1.009759,0.997852,0.979022,-0.018410,-0.015202,-0.099364,0.999217,0.028179,-0.027773,-0.000205,0.783079,-0.815715,-0.006713,0.238617,-8.824563,9.853685,0.040937
2,235.198762,3,0.150000,1.008839,0.997092,0.974053,-0.042941,-0.040081,-0.149364,0.997700,0.047722,-0.048130,-0.000404,0.341643,-0.323230,-0.005549,0.240076,-6.831543,6.466127,0.026082
2,235.198762,4,0.200000,1.006692,0.995088,0.966585,-0.085655,-0.082400,-0.199364,0.996835,0.056243,-0.056185,-0.000517,-0.000002,0.000004,-0.004808,0.240915,-0.348437,0.330207,0.021844
2,235.198762,5,0.250000,1.002409,0.990968,0.956617,-0.135655,-0.132400,-0.249364,0.996835,0.056250,-0.056178,-0.000636,-0.017424,0.016515,-0.004187,0.240915,0.547322,-0.573354,0.020747
2,235.198762,6,0.300000,0.995626,0.984348,0.944149,-0.185655,-0.182400,-0.299364,0.996882,0.055822,-0.055760,-0.000742,0.009945,-0.012150,-0.003597,0.240869,-0.049294,0.155883,0.018910
2,235.198762,7,0.350000,0.986344,0.975228,0.929181,-0.235281,-0.232007,-0.349364,0.996851,0.056075,-0.056058,-0.000835,0.007478,-0.004357,-0.003060,0.240899,-0.202697,0.191321,0.017053
2,235.198762,8,0.400000,0.974580,0.963628,0.911712,-0.285182,-0.281838,-0.399364,0.996835,0.056265,-0.056163,-0.000907,-0.002657,0.005208,-0.002575,0.240915,-0.943287,0.879687,0.015263
2,235.198762,9,0.450000,0.960321,0.949536,0.891744,-0.335182,-0.331838,-0.449364,0.996846,0.056203,-0.056029,-0.000967,-0.049821,0.049192,-0.002141,0.240905,-1.845252,1.806772,0.013562
2,235.198762,10,0.500000,0.943561,0.932944,0.869276,-0.385064,-0.381778,-0.499363,0.996983,0.054965,-0.054799,-0.001021,-0.142080,0.139535,-0.001756,0.240772,-1.962247,1.934531,0.011984
2,235.198762,11,0.550000,0.924308,0.913855,0.844308,-0.433834,-0.430595,-0.549361,0.997357,0.051429,-0.051315,-0.001068,-0.240183,0.236271,-0.001415,0.263470,-1.523693,1.463471,0.010511
2,235.198762,12,0.600000,0.902617,0.892325,0.816840,-0.483829,-0.480594,-0.557104,0.997933,0.045447,-0.045414,-0.001107,-0.316355,0.309457,-0.001116,0.294299,-1.483311,1.476006,0.009048
2,235.198762,13,0.650000,0.878425,0.868296,0.788985,-0.533282,-0.529974,-0.507105,0.998583,0.037562,-0.037681,-0.001143,-0.390507,0.383271,-0.000859,0.257212,-0.913854,0.939113,0.007936
2,235.198762,14,0.700000,0.851761,0.841797,0.763629,-0.569168,-0.565665,-0.523984,0.999217,0.027822,-0.028098,-0.001172,-0.436187,0.430240,-0.000634,0.270148,-0.169358,0.210587,0.007103
2,235.198762,15,0.750000,0.823303,0.813514,0.737430,-0.597292,-0.593448,-0.515774,0.999706,0.016937,-0.017335,-0.001195,-0.444645,0.440779,-0.000432,0.272298,0.551145,-0.505895,0.006459
2,235.198762,16,0.800000,0.793438,0.783841,0.711641,-0.614790,-0.610504,-0.502611,0.999962,0.005837,-0.006305,-0.001212,-0.417080,0.415492,-0.000248,0.274176,1.121859,-1.080493,0.005917
2,235.198762,17,0.850000,0.762699,0.753316,0.686511,-0.621200,-0.616423,-0.485452,0.999980,-0.004576,0.004094,-0.001223,-0.360983,0.361471,-0.000080,0.275262,1.495540,-1.462628,0.005412
2,235.198762,18,0.900000,0.731639,0.722495,0.662238,-0.617020,-0.611763,-0.466245,0.999821,-0.013589,0.013141,-0.001229,-0.286205,0.288341,0.000074,0.275467,1.669610,-1.647190,0.004909
2,235.198762,19,0.950000,0.700788,0.691907,0.638926,-0.603598,-0.597918,-0.446987,0.999577,-0.020733,0.020356,-0.001231,-0.202726,0.205981,0.000213,0.275011,1.666145,-1.654404,0.004397
2,235.198762,20,1.000000,0.670608,0.662011,0.616577,-0.582847,-0.576835,-0.429068,0.999341,-0.025791,0.025509,-0.001229,-0.119420,0.123259,0.000338,0.274232,1.519394,-1.517192,0.003883
2,235.198762,21,1.050000,0.641465,0.633169,0.595123,-0.556923,-0.550688,-0.413067,0.999176,-0.028771,0.028592,-0.001224,-0.043452,0.047398,0.000449,0.273430,1.269459,-1.274747,0.003384
2,235.198762,22,1.100000,0.613619,0.605635,0.574470,-0.527956,-0.521612,-0.398881,0.999110,-0.029854,0.029778,-0.001216,0.020020,-0.016340,0.000545,0.272785,0.959046,-0.969316,0.002914
2,235.198762,23,1.150000,0.587221,0.579554,0.554526,-0.497862,-0.491513,-0.386020,0.999137,-0.029354,0.029369,-0.001205,0.067973,-0.064806,0.000628,0.272350,0.630028,-0.642823,0.002485
2,235.198762,24,1.200000,0.562328,0.554979,0.535225,-0.468227,-0.461964,-0.373907,0.999232,-0.027658,0.027749,-0.001192,0.099476,-0.096945,0.000698,0.272084,0.318926,-0.332234,0.002101
2,235.198762,25,1.250000,0.538917,0.531880,0.516530,-0.440252,-0.434148,-0.362095,0.999362,-0.025175,0.025324,-0.001176,0.115425,-0.113554,0.000758,0.271908,0.052862,-0.065289,0.001759
2,235.198762,26,1.300000,0.516904,0.510173,0.498425,-0.414735,-0.408841,-0.350346,0.999498,-0.022294,0.022484,-0.001159,0.118071,-0.116816,0.000808,0.271746,-0.152290,0.141555,0.001456
2,235.198762,27,1.350000,0.496168,0.489731,0.480907,-0.392091,-0.386440,-0.338622,0.999621,-0.019347,0.019562,-0.001140,0.110460,-0.109734,0.000849,0.271555,-0.291290,0.282596,0.001186
2,235.198762,28,1.400000,0.476563,0.470409,0.463976,-0.372401,-0.367012,-0.327004,0.999720,-0.016589,0.016817,-0.001120,0.095899,-0.095601,0.000883,0.271321,-0.367315,0.360691,0.000946
2,235.198762,29,1.450000,0.457943,0.452058,0.447626,-0.355488,-0.350366,-0.315619,0.999795,-0.014194,0.014425,-0.001098,0.077537,-0.077563,0.000910,0.271057,-0.389211,0.384488,0.000732
2,235.198762,30,1.500000,0.440169,0.434540,0.431845,-0.340993,-0.336135,-0.304573,0.999846,-0.012258,0.012485,-0.001076,0.058079,-0.058336,0.000931,0.270783,-0.368913,0.365814,0.000542
2,235.198762,31,1.550000,0.423119,0.417733,0.416617,-0.328461,-0.323857,-0.293930,0.999880,-0.010807,0.011025,-0.001053,0.039635,-0.040043,0.000946,0.270519,-0.319328,0.317535,0.000374
2,235.198762,32,1.600000,0.406696,0.401540,0.401920,-0.317405,-0.313042,-0.283707,0.999901,-0.009817,0.010024,-0.001030,0.023670,-0.024165,0.000957,0.270277,-0.252779,0.251972,0.000227
2,235.198762,33,1.650000,0.390826,0.385888,0.387735,-0.307362,-0.303226,-0.273890,0.999913,-0.009226,0.009419,-0.001006,0.011032,-0.011566,0.000963,0.270060,-0.179963,0.179853,0.000099
2,235.198762,34,1.700000,0.375458,0.370727,0.374040,-0.297932,-0.294008,-0.264453,0.999918,-0.008950,0.009130,-0.000981,0.002034,-0.002572,0.000966,0.269865,-0.109380,0.109721,-0.000010
2,235.198762,35,1.750000,0.360561,0.356027,0.360818,-0.288799,-0.285072,-0.255367,0.999919,-0.008899,0.009066,-0.000957,-0.003434,0.002914,0.000966,0.269686,-0.047115,0.047715,-0.000104
2,235.198762,36,1.800000,0.346121,0.341773,0.348049,-0.279736,-0.276193,-0.246610,0.999917,-0.008985,0.009139,-0.000933,-0.005790,0.005299,0.000963,0.269517,0.003084,-0.002368,-0.000183
2,235.198762,37,1.850000,0.332134,0.327963,0.335719,-0.270606,-0.267233,-0.238168,0.999915,-0.009129,0.009272,-0.000909,-0.005636,0.005181,0.000958,0.269355,0.039549,-0.038812,-0.000250
2,235.198762,38,1.900000,0.318604,0.314602,0.323810,-0.261349,-0.258135,-0.230032,0.999912,-0.009270,0.009402,-0.000885,-0.003659,0.003240,0.000951,0.269195,0.062305,-0.061602,-0.000305
2,235.198762,39,1.950000,0.305537,0.301695,0.312309,-0.251968,-0.248902,-0.222196,0.999911,-0.009361,0.009483,-0.000861,-0.000544,0.000160,0.000942,0.269039,0.072645,-0.072000,-0.000351
2,235.198762,40,2.000000,0.292938,0.289250,0.301199,-0.242511,-0.239583,-0.214651,0.999911,-0.009374,0.009487,-0.000837,0.003088,-0.003440,0.000932,0.268887,0.072691,-0.072104,-0.000389
2,235.198762,41,2.050000,0.280813,0.277271,0.290466,-0.233056,-0.230256,-0.207390,0.999912,-0.009297,0.009401,-0.000814,0.006723,-0.007046,0.000921,0.268739,0.065000,-0.064459,-0.000418
2,235.198762,42,2.100000,0.269160,0.265758,0.280097,-0.223692,-0.221011,-0.200399,0.999915,-0.009129,0.009225,-0.000791,0.009973,-0.010268,0.000909,0.268596,0.052230,-0.051718,-0.000442
2,235.198762,43,2.150000,0.257975,0.254707,0.270077,-0.214509,-0.211938,-0.193667,0.999920,-0.008880,0.008969,-0.000768,0.012585,-0.012854,0.000896,0.268458,0.036878,-0.036375,-0.000460
2,235.198762,44,2.200000,0.247250,0.244111,0.260394,-0.205585,-0.203117,-0.187181,0.999926,-0.008565,0.008647,-0.000745,0.014429,-0.014672,0.000883,0.268326,0.021089,-0.020582,-0.000472
2,235.198762,45,2.250000,0.236970,0.233955,0.251035,-0.196986,-0.194612,-0.180928,0.999932,-0.008204,0.008280,-0.000723,0.015484,-0.015701,0.000870,0.268198,0.006552,-0.006032,-0.000481
2,235.198762,46,2.300000,0.227121,0.224224,0.241988,-0.188756,-0.186469,-0.174900,0.999938,-0.007817,0.007888,-0.000702,0.015813,-0.016002,0.000856,0.268076,-0.005559,0.006090,-0.000485
2,235.198762,47,2.350000,0.217683,0.214901,0.233243,-0.180919,-0.178713,-0.169086,0.999944,-0.007422,0.007488,-0.000680,0.015535,-0.015697,0.000843,0.267957,-0.014568,0.015103,-0.000486
2,235.198762,48,2.400000,0.208637,0.205965,0.224789,-0.173484,-0.171352,-0.163479,0.999950,-0.007034,0.007095,-0.000659,0.014807,-0.014941,0.000829,0.267843,-0.020255,0.020779,-0.000485
2,235.198762,49,2.450000,0.199963,0.197397,0.216615,-0.166441,-0.164380,-0.158072,0.999955,-0.006664,0.006721,-0.000638,0.013795,-0.013902,0.000815,0.267733,-0.022774,0.023270,-0.000481
2,235.198762,50,2.500000,0.191641,0.189178,0.208711,-0.159772,-0.157776,-0.152859,0.999960,-0.006319,0.006374,-0.000618,0.012657,-0.012738,0.000801,0.267626,-0.022563,0.023013,-0.000475
2,235.198762,51,2.550000,0.183652,0.181290,0.201068,-0.153451,-0.151517,-0.147835,0.999963,-0.006003,0.006055,-0.000598,0.011529,-0.011587,0.000788,0.267523,-0.020247,0.020633,-0.000468
2,235.198762,52,2.600000,0.175980,0.173714,0.193677,-0.147448,-0.145573,-0.142995,0.999967,-0.005715,0.005766,-0.000578,0.010517,-0.010555,0.000774,0.267423,-0.016540,0.016849,-0.000460
2,235.198762,53,2.650000,0.168608,0.166435,0.186527,-0.141734,-0.139917,-0.138332,0.999970,-0.005452,0.005502,-0.000559,0.009690,-0.009712,0.000761,0.267327,-0.012167,0.012390,-0.000451
2,235.198762,54,2.700000,0.161521,0.159439,0.179610,-0.136284,-0.134522,-0.133841,0.999972,-0.005209,0.005259,-0.000540,0.009082,-0.009092,0.000749,0.267234,-0.007796,0.007931,-0.000442
2,235.198762,55,2.750000,0.154707,0.152713,0.172918,-0.131076,-0.129369,-0.129518,0.999975,-0.004982,0.005032,-0.000521,0.008693,-0.008695,0.000736,0.267144,-0.003991,0.004041,-0.000433
2,235.198762,56,2.800000,0.148153,0.146245,0.166442,-0.126096,-0.124442,-0.125357,0.999977,-0.004765,0.004814,-0.000503,0.008493,-0.008493,0.000724,0.267057,-0.001176,0.001150,-0.000423
2,235.198762,57,2.850000,0.141848,0.140023,0.160174,-0.121332,-0.119731,-0.121352,0.999979,-0.004553,0.004602,-0.000485,0.008435,-0.008435,0.000712,0.266973,0.000378,-0.000467,-0.000414
2,235.198762,58,2.900000,0.135781,0.134036,0.154107,-0.116779,-0.115232,-0.117498,0.999981,-0.004342,0.004391,-0.000467,0.008454,-0.008458,0.000700,0.266892,0.000560,-0.000695,-0.000405
2,235.198762,59,2.950000,0.129942,0.128274,0.148232,-0.112437,-0.110942,-0.113792,0.999983,-0.004131,0.004179,-0.000450,0.008482,-0.008493,0.000688,0.266813,-0.000592,0.000430,-0.000396
2,235.198762,60,3.000000,0.124321,0.122727,0.142542,-0.108305,-0.106862,-0.110227,0.999984,-0.003919,0.003967,-0.000432,0.008453,-0.008471,0.000677,0.266737,-0.002905,0.002733,-0.000388
2,235.198762,61,3.050000,0.118905,0.117384,0.137031,-0.104384,-0.102992,-0.106799,0.999986,-0.003707,0.003755,-0.000415,0.008308,-0.008334,0.000666,0.266664,-0.006091,0.005926,-0.000381
2,235.198762,62,3.100000,0.113686,0.112235,0.131691,-0.100674,-0.099332,-0.103505,0.999988,-0.003500,0.003547,-0.000399,0.008003,-0.008038,0.000655,0.266592,-0.009770,0.009626,-0.000374
2,235.198762,63,3.150000,0.108652,0.107268,0.126516,-0.097170,-0.095878,-0.100340,0.999989,-0.003300,0.003346,-0.000382,0.007515,-0.007556,0.000645,0.266523,-0.013501,0.013386,-0.000368
2,235.198762,64,3.200000,0.103794,0.102474,0.121499,-0.093866,-0.092622,-0.097301,0.999990,-0.003112,0.003157,-0.000366,0.006840,-0.006887,0.000634,0.266456,-0.016808,0.016727,-0.000363
2,235.198762,65,3.250000,0.099101,0.097843,0.116634,-0.090750,-0.089552,-0.094383,0.999991,-0.002941,0.002985,-0.000350,0.006000,-0.006050,0.000624,0.266391,-0.019219,0.019170,-0.000360
2,235.198762,66,3.300000,0.094563,0.093365,0.111915,-0.087804,-0.086652,-0.091583,0.999992,-0.002791,0.002834,-0.000335,0.005039,-0.005092,0.000614,0.266328,-0.020295,0.020269,-0.000357
2,235.198762,67,3.350000,0.090173,0.089033,0.107335,-0.085008,-0.083900,-0.088898,0.999993,-0.002665,0.002706,-0.000319,0.004024,-0.004078,0.000603,0.266267,-0.019670,0.019656,-0.000355
2,235.198762,68,3.400000,0.085923,0.084838,0.102891,-0.082338,-0.081273,-0.086325,0.999993,-0.002564,0.002604,-0.000304,0.003041,-0.003095,0.000593,0.266208,-0.017093,0.017074,-0.000354
2,235.198762,69,3.450000,0.081806,0.080774,0.098574,-0.079770,-0.078745,-0.083859,0.999994,-0.002488,0.002527,-0.000290,0.002186,-0.002242,0.000583,0.266151,-0.012466,0.012424,-0.000355
2,235.198762,70,3.500000,0.077817,0.076837,0.094381,-0.077278,-0.076293,-0.081499,0.999994,-0.002434,0.002471,-0.000275,0.001563,-0.001620,0.000573,0.266096,-0.005881,0.005798,-0.000356
2,235.198762,71,3.550000,0.073953,0.073022,0.090306,-0.074842,-0.073896,-0.079242,0.999994,-0.002394,0.002430,-0.000261,0.001269,-0.001330,0.000563,0.266042,0.002344,-0.002485,-0.000359
2,235.198762,72,3.600000,0.070211,0.069328,0.086344,-0.072447,-0.071537,-0.077084,0.999994,-0.002363,0.002397,-0.000247,0.001386,-0.001455,0.000553,0.265989,0.011650,-0.011857,-0.000364
2,235.198762,73,3.650000,0.066589,0.065751,0.082490,-0.070084,-0.069210,-0.075023,0.999994,-0.002328,0.002361,-0.000233,0.001969,-0.002047,0.000543,0.265938,0.021226,-0.021500,-0.000369
2,235.198762,74,3.700000,0.063085,0.062290,0.078739,-0.067759,-0.066918,-0.073056,0.999995,-0.002279,0.002310,-0.000219,0.003030,-0.003122,0.000532,0.265888,0.030027,-0.030358,-0.000376
2,235.198762,75,3.750000,0.059697,0.058944,0.075086,-0.065483,-0.064674,-0.071181,0.999995,-0.002203,0.002232,-0.000206,0.004532,-0.004640,0.000521,0.265840,0.036825,-0.037189,-0.000385
2,235.198762,76,3.800000,0.056423,0.055711,0.071527,-0.063286,-0.062506,-0.069395,0.999996,-0.002090,0.002116,-0.000193,0.006373,-0.006500,0.000510,0.265793,0.040282,-0.040642,-0.000395
2,235.198762,77,3.850000,0.053258,0.052585,0.068057,-0.061203,-0.060449,-0.067695,0.999996,-0.001930,0.001953,-0.000180,0.008387,-0.008532,0.000499,0.265747,0.039066,-0.039371,-0.000407
2,235.198762,78,3.900000,0.050198,0.049563,0.064673,-0.059280,-0.058549,-0.066078,0.999997,-0.001721,0.001740,-0.000168,0.010341,-0.010500,0.000488,0.265702,0.032007,-0.032195,-0.000420
2,235.198762,79,3.950000,0.047234,0.046635,0.061369,-0.057567,-0.056856,-0.064543,0.999998,-0.001462,0.001477,-0.000155,0.011941,-0.012110,0.000476,0.265658,0.018271,-0.018272,-0.000436
2,235.198762,80,4.000000,0.044356,0.043793,0.058142,-0.056114,-0.055418,-0.063088,0.999999,-0.001164,0.001175,-0.000143,0.012855,-0.013023,0.000463,0.265615,-0.002434,0.002689,-0.000453
2,235.198762,81,4.050000,0.041550,0.041022,0.054987,-0.054958,-0.054273,-0.061710,0.999999,-0.000842,0.000849,-0.000132,0.012734,-0.012888,0.000450,0.265573,-0.029651,0.030227,-0.000473
2,235.198762,82,4.100000,0.038802,0.038308,0.051902,-0.054123,-0.053445,-0.060410,1.000000,-0.000524,0.000527,-0.000121,0.011251,-0.011377,0.000437,0.265531,-0.061992,0.062938,-0.000494
2,235.198762,83,4.150000,0.036096,0.035636,0.048881,-0.053605,-0.052930,-0.059188,1.000000,-0.000243,0.000242,-0.000110,0.008152,-0.008230,0.000423,0.265489,-0.097001,0.098336,-0.000518
2,235.198762,84,4.200000,0.033416,0.032989,0.045922,-0.053366,-0.052691,-0.058041,1.000000,-0.000039,0.000037,-0.000099,0.003302,-0.003313,0.000408,0.265450,-0.131102,0.132805,-0.000545
2,235.198762,85,4.250000,0.030748,0.030355,0.043020,-0.053330,-0.052653,-0.056968,1.000000,0.000044,-0.000046,-0.000089,-0.003253,0.003328,0.000393,0.265412,-0.159676,0.161675,-0.000574
2,235.198762,86,4.300000,0.028081,0.027722,0.040171,-0.053376,-0.052695,-0.055964,1.000000,-0.000038,0.000037,-0.000079,-0.011237,0.011411,0.000376,0.265378,-0.177299,0.179457,-0.000607
2,235.198762,87,4.350000,0.025412,0.025087,0.037373,-0.053340,-0.052658,-0.055024,1.000000,-0.000319,0.000322,-0.000070,-0.020102,0.020384,0.000359,0.265346,-0.178183,0.180298,-0.000642
2,235.198762,88,4.400000,0.022745,0.022454,0.034622,-0.053023,-0.052345,-0.054143,0.999999,-0.000821,0.000832,-0.000061,-0.029011,0.029399,0.000341,0.265314,-0.156854,0.158660,-0.000682
2,235.198762,89,4.450000,0.020094,0.019837,0.031915,-0.052205,-0.051538,-0.053322,0.999998,-0.001546,0.001567,-0.000052,-0.036855,0.037331,0.000322,0.265280,-0.109080,0.110266,-0.000725
2,235.198762,90,4.500000,0.017484,0.017260,0.029249,-0.050666,-0.050019,-0.052568,0.999994,-0.002468,0.002500,-0.000044,-0.042309,0.042844,0.000301,0.265240,-0.033057,0.033295,-0.000772
2,235.198762,91,4.550000,0.014951,0.014759,0.026620,-0.048210,-0.047595,-0.051896,0.999987,-0.003525,0.003571,-0.000037,-0.043962,0.044508,0.000279,0.265191,0.069178,-0.070179,-0.000824
2,235.198762,92,4.600000,0.012540,0.012380,0.024026,-0.044702,-0.044132,-0.051327,0.999978,-0.004624,0.004684,-0.000030,-0.040504,0.040999,0.000256,0.265135,0.190154,-0.192587,-0.000881
2,235.198762,93,4.650000,0.010305,0.010173,0.021459,-0.040102,-0.039592,-0.050878,0.999968,-0.005637,0.005709,-0.000023,-0.030997,0.031369,0.000231,0.265082,0.315280,-0.319157,-0.000943
2,235.198762,94,4.700000,0.008300,0.008193,0.018915,-0.034497,-0.034058,-0.050548,0.999958,-0.006412,0.006493,-0.000018,-0.015233,0.015411,0.000204,0.265046,0.421104,-0.426168,-0.001011
2,235.198762,95,4.750000,0.006575,0.006490,0.016388,-0.028123,-0.027764,-0.050304,0.999953,-0.006792,0.006879,-0.000012,0.005822,-0.005898,0.000175,0.265043,0.473543,-0.479154,-0.001084
2,235.198762,96,4.800000,0.005169,0.005102,0.013873,-0.021371,-0.021097,-0.050075,0.999955,-0.006647,0.006731,-0.000008,0.029499,-0.029855,0.000144,0.265082,0.426200,-0.431193,-0.001165
2,235.198762,97,4.850000,0.004100,0.004047,0.011369,-0.014762,-0.014571,-0.049770,0.999965,-0.005909,0.005985,-0.000004,0.050809,-0.051415,0.000111,0.265144,0.218949,-0.221466,-0.001253
2,235.198762,98,4.900000,0.003362,0.003319,0.008880,-0.008885,-0.008768,-0.049331,0.999978,-0.004639,0.004700,-0.000002,0.061757,-0.062488,0.000075,0.264544,-0.223414,0.226103,-0.001350
2,235.198762,99,4.950000,0.002918,0.002880,0.006414,-0.004281,-0.004223,-0.049979,0.999990,-0.003095,0.003137,0.000000,0.050587,-0.051182,0.000037,0.291881,-1.010143,1.022039,-0.001455
2,235.198762,100,5.000000,0.002704,0.002669,0.003915,-0.000889,-0.000877,0.000020,0.999997,-0.001831,0.001858,0.000001,0.000080,-0.000080,-0.000004,0,0,0,0
3,232.747486,0,0.000000,1.011248,0.999042,0.981458,-0.013710,-0.010796,0.000636,0.999993,0.002501,-0.002667,0.000002,0.000000,0.000000,0.000000,0.237877,21.887633,-21.449270,-0.292718
3,232.747486,1,0.050000,1.010562,0.998502,0.981490,-0.016060,-0.012999,-0.049363,0.999993,0.002501,-0.002667,0.000002,1.094382,-1.072463,-0.008320,0.237878,-6.269277,5.188557,0.071150
3,232.747486,2,0.100000,1.009759,0.997852,0.979022,-0.018410,-0.015202,-0.099360,0.999121,0.029839,-0.029457,-0.000200,0.780579,-0.813381,-0.006298,0.238711,-10.061443,11.112718,0.047863
3,232.747486,3,0.150000,1.008839,0.997092,0.974054,-0.044435,-0.041554,-0.149357,0.997543,0.049317,-0.049753,-0.000389,0.277313,-0.257932,-0.004937,0.240230,-5.626305,5.256326,0.031476
3,232.747486,4,0.200000,1.006617,0.995015,0.966586,-0.088611,-0.085309,-0.199353,0.996836,0.056234,-0.056179,-0.000485,-0.004051,0.004832,-0.004043,0.240917,-0.042507,0.035209,0.026129
3,232.747486,5,0.250000,1.002187,0.990749,0.956618,-0.138604,-0.135302,-0.249347,0.996848,0.056139,-0.056053,-0.000585,-0.006176,0.006594,-0.003300,0.240907,0.301192,-0.342472,0.024041
3,232.747486,6,0.300000,0.995256,0.983984,0.944151,-0.188489,-0.185205,-0.299339,0.996866,0.055990,-0.055884,-0.000667,0.008885,-0.010529,-0.002617,0.240891,-0.171191,0.217128,0.021341
3,232.747486,7,0.350000,0.985832,0.974724,0.929184,-0.238226,-0.234968,-0.349327,0.996839,0.056214,-0.056143,-0.000734,0.000324,0.000326,-0.002010,0.240920,-0.086314,0.079676,0.018721
3,232.747486,8,0.400000,0.973921,0.962975,0.911718,-0.288200,-0.284933,-0.399311,0.996839,0.056225,-0.056132,-0.000783,-0.003991,0.004310,-0.001478,0.240924,-0.805125,0.782883,0.016278
3,232.747486,9,0.450000,0.959511,0.948729,0.891752,-0.338168,-0.334905,-0.449287,0.996850,0.056128,-0.056022,-0.000820,-0.044247,0.043454,-0.001015,0.240924,-1.855044,1.846686,0.014035
3,232.747486,10,0.500000,0.942602,0.931983,0.869288,-0.388041,-0.384790,-0.499243,0.996972,0.055028,-0.054937,-0.000846,-0.136998,0.135790,-0.000616,0.240822,-1.987135,1.964373,0.012013
3,232.747486,11,0.550000,0.923200,0.912744,0.844325,-0.436935,-0.433681,-0.549168,0.997335,0.051616,-0.051548,-0.000863,-0.236352,0.234012,-0.000275,0.261985,-1.423166,1.339581,0.010080
3,232.747486,12,0.600000,0.901353,0.891060,0.816867,-0.486863,-0.483588,-0.559675,0.997907,0.045727,-0.045706,-0.000872,-0.307507,0.300994,0.000012,0.294298,-1.582851,1.568042,0.008133
3,232.747486,13,0.650000,0.877010,0.866880,0.788883,-0.536622,-0.533283,-0.509735,0.998545,0.038060,-0.038188,-0.000879,-0.386650,0.379396,0.000243,0.240084,-1.039059,1.065472,0.006684
3,232.747486,14,0.700000,0.850179,0.840216,0.763397,-0.570559,-0.567046,-0.558221,0.999184,0.028413,-0.028706,-0.000881,-0.438607,0.432666,0.000433,0.290279,-0.269122,0.314955,0.005612
3,232.747486,15,0.750000,0.821651,0.811864,0.735486,-0.601423,-0.597541,-0.512922,0.999687,0.017464,-0.017887,-0.000878,-0.452070,0.448406,0.000592,0.270010,0.503374,-0.452997,0.004791
3,232.747486,16,0.800000,0.791580,0.781987,0.709839,-0.619321,-0.614984,-0.504029,0.999958,0.006174,-0.006670,-0.000869,-0.426911,0.425746,0.000729,0.274214,1.119940,-1.074410,0.004108
3,232.747486,17,0.850000,0.760614,0.751238,0.684638,-0.626100,-0.621249,-0.486809,0.999982,-0.004488,0.003982,-0.000856,-0.370926,0.372014,0.000845,0.276073,1.525471,-1.489916,0.003488
3,232.747486,18,0.900000,0.729309,0.720175,0.660298,-0.622025,-0.616663,-0.466099,0.999817,-0.013752,0.013289,-0.000840,-0.294664,0.297506,0.000944,0.275959,1.718017,-1.694552,0.002894
3,232.747486,19,0.950000,0.698208,0.689342,0.636993,-0.608433,-0.602622,-0.445937,0.999562,-0.021110,0.020731,-0.000821,-0.208774,0.212768,0.001027,0.275328,1.721412,-1.710153,0.002313
3,232.747486,20,1.000000,0.667786,0.659211,0.614696,-0.587285,-0.581122,-0.427463,0.999314,-0.026321,0.026052,-0.000799,-0.122712,0.127252,0.001092,0.274436,1.570848,-1.570560,0.001754
3,232.747486,21,1.050000,0.638422,0.630155,0.593323,-0.560802,-0.554409,-0.411143,0.999140,-0.029383,0.029234,-0.000776,-0.044175,0.048719,0.001142,0.273514,1.307791,-1.316240,0.001230
3,232.747486,22,1.100000,0.610382,0.602434,0.572765,-0.531191,-0.524692,-0.396875,0.999071,-0.030485,0.030452,-0.000751,0.021213,-0.017095,0.001177,0.272791,0.978379,-0.992683,0.000757
3,232.747486,23,1.150000,0.583822,0.576200,0.552922,-0.500429,-0.493943,-0.384083,0.999100,-0.029954,0.030026,-0.000724,0.070132,-0.066728,0.001199,0.272294,0.629769,-0.646937,0.000342
3,232.747486,24,1.200000,0.558801,0.551503,0.533718,-0.470154,-0.463784,-0.372149,0.999200,-0.028203,0.028359,-0.000697,0.101624,-0.099072,0.001209,0.271999,0.303608,-0.321082,-0.000012
3,232.747486,25,1.250000,0.535293,0.528314,0.515110,-0.441588,-0.435415,-0.360558,0.999335,-0.025665,0.025883,-0.000669,0.116809,-0.115121,0.001208,0.271823,0.030110,-0.046055,-0.000312
3,232.747486,26,1.300000,0.513214,0.506543,0.497082,-0.415531,-0.409611,-0.349019,0.999476,-0.022748,0.023005,-0.000641,0.118320,-0.117418,0.001199,0.271678,-0.174348,0.161024,-0.000565
3,232.747486,27,1.350000,0.492437,0.486062,0.479631,-0.392380,-0.386749,-0.337465,0.999602,-0.019792,0.020070,-0.000612,0.109608,-0.109362,0.001183,0.271505,-0.306059,0.295828,-0.000777
3,232.747486,28,1.400000,0.472818,0.466725,0.462758,-0.372194,-0.366867,-0.325976,0.999704,-0.017054,0.017336,-0.000583,0.094310,-0.094565,0.001161,0.271287,-0.370832,0.363714,-0.000955
3,232.747486,29,1.450000,0.454208,0.448381,0.446459,-0.354771,-0.349747,-0.314686,0.999780,-0.014698,0.014971,-0.000555,0.075772,-0.076376,0.001134,0.271035,-0.380396,0.376113,-0.001103
3,232.747486,30,1.500000,0.436470,0.430894,0.430725,-0.339737,-0.335004,-0.303712,0.999833,-0.012804,0.013062,-0.000527,0.056756,-0.057567,0.001103,0.270769,-0.349206,0.347306,-0.001224
3,232.747486,31,1.550000,0.419483,0.414144,0.415539,-0.326634,-0.322172,-0.293124,0.999868,-0.011386,0.011622,-0.000499,0.039298,-0.040199,0.001068,0.270511,-0.291985,0.291937,-0.001319
3,232.747486,32,1.600000,0.403151,0.398035,0.400883,-0.314985,-0.310772,-0.282943,0.999889,-0.010404,0.010617,-0.000473,0.024700,-0.025600,0.001030,0.270272,-0.222031,0.223295,-0.001391
3,232.747486,33,1.650000,0.387402,0.382497,0.386736,-0.304354,-0.300363,-0.273161,0.999902,-0.009787,0.009977,-0.000447,0.013600,-0.014435,0.000991,0.270055,-0.150219,0.152296,-0.001442
3,232.747486,34,1.700000,0.372184,0.367479,0.373078,-0.294371,-0.290580,-0.263755,0.999909,-0.009447,0.009617,-0.000422,0.006089,-0.006819,0.000950,0.269858,-0.084561,0.087022,-0.001475
3,232.747486,35,1.750000,0.357466,0.352949,0.359890,-0.284756,-0.281144,-0.254699,0.999912,-0.009294,0.009446,-0.000398,0.001861,-0.002468,0.000908,0.269676,-0.030192,0.032696,-0.001491
3,232.747486,36,1.800000,0.343228,0.338892,0.347155,-0.275319,-0.271865,-0.245974,0.999913,-0.009248,0.009385,-0.000375,0.000352,-0.000833,0.000865,0.269505,0.010346,-0.008048,-0.001493
3,232.747486,37,1.850000,0.329462,0.325299,0.334857,-0.265948,-0.262639,-0.237564,0.999913,-0.009239,0.009364,-0.000353,0.000869,-0.001236,0.000823,0.269339,0.036644,-0.034711,-0.001483
3,232.747486,38,1.900000,0.316165,0.312167,0.322978,-0.256605,-0.253427,-0.229460,0.999914,-0.009217,0.009333,-0.000333,0.002701,-0.002971,0.000781,0.269179,0.049885,-0.048398,-0.001464
3,232.747486,39,1.950000,0.303334,0.299496,0.311505,-0.247297,-0.244242,-0.221652,0.999915,-0.009149,0.009259,-0.000313,0.005196,-0.005391,0.000739,0.269023,0.052293,-0.051266,-0.001436
3,232.747486,40,2.000000,0.290970,0.287284,0.300423,-0.238070,-0.235130,-0.214130,0.999918,-0.009019,0.009125,-0.000295,0.007811,-0.007954,0.000698,0.268872,0.046634,-0.046033,-0.001402
3,232.747486,41,2.050000,0.279066,0.275527,0.289716,-0.228981,-0.226152,-0.206883,0.999921,-0.008824,0.008926,-0.000277,0.010143,-0.010256,0.000659,0.268725,0.035797,-0.035554,-0.001362
3,232.747486,42,2.100000,0.267617,0.264220,0.279372,-0.220096,-0.217373,-0.199902,0.999926,-0.008570,0.008670,-0.000261,0.011933,-0.012033,0.000620,0.268583,0.022472,-0.022500,-0.001318
3,232.747486,43,2.150000,0.256612,0.253351,0.269377,-0.211470,-0.208851,-0.193174,0.999931,-0.008272,0.008369,-0.000245,0.013057,-0.013158,0.000582,0.268446,0.008930,-0.009139,-0.001270
3,232.747486,44,2.200000,0.246039,0.242908,0.259718,-0.203148,-0.200630,-0.186691,0.999936,-0.007945,0.008040,-0.000231,0.013503,-0.013614,0.000546,0.268314,-0.003100,0.002796,-0.001219
3,232.747486,45,2.250000,0.235881,0.232877,0.250384,-0.195157,-0.192737,-0.180441,0.999941,-0.007608,0.007700,-0.000217,0.013349,-0.013474,0.000512,0.268186,-0.012477,0.012153,-0.001167
3,232.747486,46,2.300000,0.226124,0.223240,0.241362,-0.187507,-0.185183,-0.174416,0.999946,-0.007274,0.007363,-0.000204,0.012725,-0.012866,0.000479,0.268064,-0.018623,0.018336,-0.001112
3,232.747486,47,2.350000,0.216748,0.213981,0.232641,-0.180196,-0.177963,-0.168608,0.999951,-0.006956,0.007041,-0.000192,0.011794,-0.011949,0.000447,0.267946,-0.021449,0.021239,-0.001057
3,232.747486,48,2.400000,0.207738,0.205083,0.224211,-0.173208,-0.171062,-0.163009,0.999955,-0.006661,0.006743,-0.000181,0.010722,-0.010887,0.000417,0.267832,-0.021256,0.021146,-0.001002
3,232.747486,49,2.450000,0.199078,0.196530,0.216060,-0.166518,-0.164456,-0.157614,0.999959,-0.006393,0.006470,-0.000171,0.009659,-0.009830,0.000388,0.267722,-0.018619,0.018613,-0.000947
3,232.747486,50,2.500000,0.190752,0.188307,0.208179,-0.160102,-0.158118,-0.152415,0.999962,-0.006151,0.006225,-0.000161,0.008728,-0.008899,0.000361,0.267616,-0.014265,0.014357,-0.000892
3,232.747486,51,2.550000,0.182747,0.180401,0.200559,-0.153931,-0.152023,-0.147407,0.999964,-0.005933,0.006002,-0.000152,0.008015,-0.008181,0.000336,0.267513,-0.008976,0.009151,-0.000837
3,232.747486,52,2.600000,0.175050,0.172800,0.193188,-0.147983,-0.146145,-0.142583,0.999967,-0.005733,0.005798,-0.000143,0.007567,-0.007723,0.000312,0.267414,-0.003499,0.003735,-0.000784
3,232.747486,53,2.650000,0.167651,0.165493,0.186059,-0.142241,-0.140468,-0.137937,0.999969,-0.005544,0.005605,-0.000136,0.007392,-0.007537,0.000290,0.267319,0.001518,-0.001244,-0.000732
3,232.747486,54,2.700000,0.160539,0.158469,0.179162,-0.136691,-0.134981,-0.133465,0.999971,-0.005359,0.005416,-0.000128,0.007468,-0.007599,0.000269,0.267226,0.005565,-0.005274,-0.000682
3,232.747486,55,2.750000,0.153705,0.151720,0.172489,-0.131330,-0.129678,-0.129159,0.999973,-0.005172,0.005226,-0.000122,0.007746,-0.007862,0.000250,0.267137,0.008290,-0.008001,-0.000633
3,232.747486,56,2.800000,0.147138,0.145236,0.166031,-0.126158,-0.124562,-0.125015,0.999975,-0.004978,0.005030,-0.000115,0.008161,-0.008262,0.000232,0.267050,0.009500,-0.009227,-0.000586
3,232.747486,57,2.850000,0.140830,0.139008,0.159780,-0.121183,-0.119638,-0.121027,0.999977,-0.004774,0.004823,-0.000110,0.008636,-0.008723,0.000215,0.266967,0.009149,-0.008902,-0.000541
3,232.747486,58,2.900000,0.134771,0.133026,0.153729,-0.116414,-0.114918,-0.117189,0.999979,-0.004558,0.004605,-0.000104,0.009093,-0.009168,0.000200,0.266886,0.007324,-0.007108,-0.000497
3,232.747486,59,2.950000,0.128950,0.127280,0.147870,-0.111861,-0.110413,-0.113498,0.999981,-0.004331,0.004376,-0.000099,0.009460,-0.009524,0.000186,0.266808,0.004215,-0.004029,-0.000455
3,232.747486,60,3.000000,0.123357,0.121760,0.142195,-0.107537,-0.106134,-0.109946,0.999983,-0.004095,0.004138,-0.000095,0.009670,-0.009725,0.000173,0.266732,0.000097,0.000061,-0.000415
3,232.747486,61,3.050000,0.117981,0.116453,0.136697,-0.103448,-0.102089,-0.106531,0.999985,-0.003853,0.003895,-0.000090,0.009675,-0.009722,0.000161,0.266659,-0.004691,0.004826,-0.000377
3,232.747486,62,3.100000,0.112808,0.111348,0.131371,-0.099602,-0.098284,-0.103248,0.999987,-0.003611,0.003652,-0.000086,0.009441,-0.009481,0.000150,0.266588,-0.009766,0.009885,-0.000340
3,232.747486,63,3.150000,0.107828,0.106434,0.126208,-0.095996,-0.094719,-0.100093,0.999988,-0.003375,0.003415,-0.000083,0.008953,-0.008986,0.000141,0.266519,-0.014713,0.014822,-0.000306
3,232.747486,64,3.200000,0.103028,0.101698,0.121204,-0.092625,-0.091388,-0.097062,0.999990,-0.003151,0.003190,-0.000079,0.008217,-0.008245,0.000132,0.266452,-0.019105,0.019206,-0.000273
3,232.747486,65,3.250000,0.098397,0.097129,0.116351,-0.089476,-0.088279,-0.094152,0.999991,-0.002946,0.002984,-0.000076,0.007262,-0.007285,0.000124,0.266387,-0.022510,0.022604,-0.000242
3,232.747486,66,3.300000,0.093923,0.092715,0.111643,-0.086532,-0.085372,-0.091359,0.999992,-0.002764,0.002802,-0.000073,0.006136,-0.006155,0.000117,0.266324,-0.024519,0.024601,-0.000212
3,232.747486,67,3.350000,0.089597,0.088446,0.107075,-0.083769,-0.082646,-0.088681,0.999993,-0.002611,0.002648,-0.000070,0.004910,-0.004925,0.000111,0.266264,-0.024763,0.024826,-0.000185
3,232.747486,68,3.400000,0.085408,0.084314,0.102641,-0.081157,-0.080072,-0.086114,0.999994,-0.002488,0.002525,-0.000067,0.003672,-0.003683,0.000106,0.266205,-0.022950,0.022981,-0.000158
3,232.747486,69,3.450000,0.081350,0.080310,0.098335,-0.078668,-0.077619,-0.083655,0.999994,-0.002396,0.002433,-0.000064,0.002525,-0.002534,0.000101,0.266147,-0.018900,0.018884,-0.000134
3,232.747486,70,3.500000,0.077417,0.076430,0.094153,-0.076270,-0.075257,-0.081301,0.999994,-0.002333,0.002369,-0.000062,0.001580,-0.001590,0.000098,0.266092,-0.012592,0.012513,-0.000111
3,232.747486,71,3.550000,0.073603,0.072667,0.090088,-0.073934,-0.072957,-0.079049,0.999995,-0.002294,0.002330,-0.000059,0.000950,-0.000964,0.000094,0.266038,-0.004211,0.004053,-0.000090
3,232.747486,72,3.600000,0.069907,0.069019,0.086135,-0.071639,-0.070698,-0.076896,0.999995,-0.002270,0.002305,-0.000057,0.000740,-0.000762,0.000092,0.265986,0.005813,-0.006063,-0.000070
3,232.747486,73,3.650000,0.066325,0.065484,0.082290,-0.069368,-0.068462,-0.074840,0.999995,-0.002251,0.002286,-0.000055,0.001030,-0.001065,0.000090,0.265935,0.016770,-0.017117,-0.000052
3,232.747486,74,3.700000,0.062856,0.062061,0.078548,-0.067115,-0.066244,-0.072879,0.999995,-0.002226,0.002260,-0.000052,0.001869,-0.001921,0.000088,0.265885,0.027662,-0.028099,-0.000036
3,232.747486,75,3.750000,0.059501,0.058749,0.074904,-0.064890,-0.064053,-0.071009,0.999995,-0.002179,0.002212,-0.000050,0.003252,-0.003326,0.000087,0.265837,0.037216,-0.037725,-0.000021
3,232.747486,76,3.800000,0.056256,0.055546,0.071354,-0.062712,-0.061907,-0.069227,0.999996,-0.002098,0.002129,-0.000048,0.005113,-0.005212,0.000087,0.265790,0.043945,-0.044490,-0.000008
3,232.747486,77,3.850000,0.053121,0.052451,0.067892,-0.060617,-0.059843,-0.067532,0.999996,-0.001970,0.001998,-0.000046,0.007310,-0.007436,0.000087,0.265744,0.046250,-0.046779,0.000004
3,232.747486,78,3.900000,0.050090,0.049459,0.064516,-0.058650,-0.057904,-0.065921,0.999997,-0.001787,0.001812,-0.000044,0.009622,-0.009775,0.000087,0.265700,0.042575,-0.043019,0.000013
3,232.747486,79,3.950000,0.047157,0.046563,0.061220,-0.056866,-0.056145,-0.064390,0.999998,-0.001547,0.001568,-0.000041,0.011751,-0.011926,0.000087,0.265657,0.031610,-0.031889,0.000021
3,232.747486,80,4.000000,0.044314,0.043756,0.058000,-0.055323,-0.054624,-0.062939,0.999998,-0.001253,0.001270,-0.000039,0.013332,-0.013521,0.000088,0.265614,0.012537,-0.012559,0.000026
3,232.747486,81,4.050000,0.041548,0.041025,0.054853,-0.054074,-0.053391,-0.061564,0.999999,-0.000919,0.000932,-0.000037,0.013959,-0.014149,0.000088,0.265571,-0.014702,0.015025,0.000030
3,232.747486,82,4.100000,0.038844,0.038355,0.051775,-0.053157,-0.052487,-0.060267,1.000000,-0.000571,0.000578,-0.000035,0.013224,-0.013397,0.000089,0.265529,-0.049136,0.049881,0.000031
3,232.747486,83,4.150000,0.036186,0.035731,0.048762,-0.052589,-0.051926,-0.059047,1.000000,-0.000240,0.000243,-0.000033,0.010767,-0.010903,0.000090,0.265488,-0.088535,0.089752,0.000029
3,232.747486,84,4.200000,0.033557,0.033135,0.045809,-0.052349,-0.051690,-0.057903,1.000000,0.000029,-0.000029,-0.000030,0.006340,-0.006416,0.000091,0.265447,-0.129264,0.130959,0.000025
3,232.747486,85,4.250000,0.030939,0.030550,0.042914,-0.052378,-0.051719,-0.056835,1.000000,0.000188,-0.000190,-0.000028,-0.000123,0.000132,0.000092,0.265409,-0.166275,0.168394,0.000018
3,232.747486,86,4.300000,0.028320,0.027964,0.040073,-0.052565,-0.051903,-0.055838,1.000000,0.000185,-0.000186,-0.000026,-0.008437,0.008552,0.000092,0.265373,-0.193292,0.195707,0.000007
3,232.747486,87,4.350000,0.025692,0.025369,0.037281,-0.052748,-0.052085,-0.054905,1.000000,-0.000026,0.000027,-0.000024,-0.018101,0.018337,0.000092,0.265342,-0.203252,0.205749,-0.000007
3,232.747486,88,4.400000,0.023055,0.022765,0.034535,-0.052721,-0.052059,-0.054031,1.000000,-0.000479,0.000486,-0.000021,-0.028264,0.028625,0.000092,0.265313,-0.189046,0.191327,-0.000026
3,232.747486,89,4.450000,0.020419,0.020162,0.031834,-0.052244,-0.051588,-0.053212,0.999999,-0.001185,0.001201,-0.000019,-0.037716,0.038191,0.000091,0.265282,-0.144603,0.146302,-0.000049
3,232.747486,90,4.500000,0.017806,0.017582,0.029173,-0.051064,-0.050424,-0.052451,0.999995,-0.002128,0.002156,-0.000017,-0.044947,0.045506,0.000090,0.265246,-0.066342,0.067052,-0.000077
3,232.747486,91,4.550000,0.015253,0.015061,0.026551,-0.048945,-0.048333,-0.051764,0.999989,-0.003252,0.003294,-0.000014,-0.048264,0.048859,0.000088,0.265198,0.045050,-0.045713,-0.000110
3,232.747486,92,4.600000,0.012806,0.012645,0.023962,-0.045710,-0.045139,-0.051178,0.999980,-0.004458,0.004515,-0.000012,-0.046012,0.046573,0.000085,0.265138,0.182540,-0.184866,-0.000150
3,232.747486,93,4.650000,0.010521,0.010388,0.021404,-0.041276,-0.040761,-0.050722,0.999968,-0.005609,0.005680,-0.000010,-0.036885,0.037329,0.000080,0.265075,0.330508,-0.334590,-0.000196
3,232.747486,94,4.700000,0.008457,0.008350,0.018867,-0.035700,-0.035255,-0.050404,0.999957,-0.006531,0.006613,-0.000008,-0.020360,0.020600,0.000075,0.265039,0.462367,-0.467983,-0.000250
3,232.747486,95,4.750000,0.006672,0.006587,0.016347,-0.029209,-0.028844,-0.050175,0.999950,-0.007040,0.007128,-0.000006,0.002759,-0.002800,0.000068,0.265051,0.538067,-0.544529,-0.000312
3,232.747486,96,4.800000,0.005211,0.005145,0.013839,-0.022212,-0.021934,-0.049937,0.999951,-0.006971,0.007058,-0.000004,0.029662,-0.030026,0.000059,0.265031,0.501629,-0.507598,-0.000383
3,232.747486,97,4.850000,0.004101,0.004048,0.011342,-0.015284,-0.015092,-0.049736,0.999961,-0.006229,0.006307,-0.000003,0.054744,-0.055406,0.000048,0.265288,0.278940,-0.282209,-0.000464
3,232.747486,98,4.900000,0.003336,0.003293,0.008855,-0.009087,-0.008972,-0.049039,0.999976,-0.004861,0.004922,-0.000002,0.068691,-0.069516,0.000035,0.264439,-0.224199,0.226948,-0.000556
3,232.747486,99,4.950000,0.002882,0.002845,0.006403,-0.004267,-0.004211,-0.049884,0.999990,-0.003143,0.003184,-0.000001,0.057481,-0.058169,0.000019,0.291847,-1.148003,1.161743,-0.000661
3,232.747486,100,5.000000,0.002669,0.002634,0.003909,-0.000825,-0.000813,0.000052,0.999997,-0.001706,0.001730,-0.000000,0.000081,-0.000081,0.000000,0,0,0,0
4,240.281414,0,0.000000,1.011248,0.999042,0.981458,-0.013710,-0.010796,0.000636,0.999993,0.002501,-0.002667,0.000002,0.000000,0.000000,0.000000,0.237876,23.454828,-23.038844,-0.282324
4,240.281414,1,0.050000,1.010562,0.998502,0.981490,-0.016060,-0.012999,-0.049364,0.999993,0.002501,-0.002667,0.000002,1.172741,-1.151942,-0.008025,0.237876,-7.886178,6.843118,0.076626
4,240.281414,2,0.100000,1.009759,0.997852,0.979022,-0.018410,-0.015202,-0.099364,0.999000,0.031793,-0.031439,-0.000193,0.778082,-0.810143,-0.005847,0.238825,-11.522521,12.562410,0.052486
4,240.281414,3,0.150000,1.008839,0.997092,0.974053,-0.046196,-0.043290,-0.149364,0.997352,0.051206,-0.051651,-0.000371,0.201776,-0.182196,-0.004355,0.240414,-4.141613,3.753564,0.034588
4,240.281414,4,0.200000,1.006529,0.994928,0.966585,-0.092082,-0.088747,-0.199364,0.996835,0.056239,-0.056189,-0.000452,-0.005335,0.005449,-0.003372,0.240915,0.135565,-0.126645,0.028103
4,240.281414,5,0.250000,1.001925,0.990490,0.956617,-0.142082,-0.138747,-0.249364,0.996850,0.056111,-0.056048,-0.000536,0.001444,-0.000882,-0.002573,0.240901,0.048738,-0.073474,0.025056
4,240.281414,6,0.300000,0.994821,0.983553,0.944149,-0.191959,-0.188626,-0.299364,0.996847,0.056151,-0.056066,-0.000599,0.003881,-0.004556,-0.001861,0.240904,-0.079225,0.094778,0.021558
4,240.281414,7,0.350000,0.985223,0.974122,0.929181,-0.241855,-0.238538,-0.349364,0.996835,0.056250,-0.056177,-0.000647,-0.000081,0.000182,-0.001248,0.240915,-0.020513,0.020690,0.018279
4,240.281414,8,0.400000,0.973130,0.962195,0.911712,-0.291855,-0.288538,-0.399364,0.996835,0.056250,-0.056171,-0.000678,-0.001106,0.001217,-0.000728,0.240915,-0.837166,0.828361,0.015307
4,240.281414,9,0.450000,0.958538,0.947768,0.891744,-0.341850,-0.338536,-0.449363,0.996838,0.056223,-0.056140,-0.000696,-0.042965,0.042635,-0.000293,0.240912,-2.037681,2.033273,0.012652
4,240.281414,10,0.500000,0.941445,0.930841,0.869276,-0.391818,-0.388508,-0.499362,0.996957,0.055154,-0.055076,-0.000703,-0.144848,0.144299,0.000066,0.240797,-2.133233,2.094332,0.010294
4,240.281414,11,0.550000,0.921854,0.911416,0.844308,-0.440822,-0.437512,-0.549360,0.997343,0.051545,-0.051476,-0.000702,-0.251510,0.249015,0.000359,0.262767,-1.412717,1.318120,0.008044
4,240.281414,12,0.600000,0.899813,0.889540,0.816840,-0.490822,-0.487509,-0.558419,0.997948,0.045276,-0.045262,-0.000696,-0.322149,0.314918,0.000587,0.294282,-1.638018,1.627327,0.005887
4,240.281414,13,0.650000,0.875272,0.865165,0.788919,-0.540087,-0.536721,-0.508420,0.998606,0.037242,-0.037398,-0.000689,-0.404057,0.396277,0.000755,0.239203,-1.042940,1.080396,0.004375
4,240.281414,14,0.700000,0.848268,0.838329,0.763498,-0.573196,-0.569646,-0.558419,0.999253,0.027158,-0.027495,-0.000679,-0.456216,0.450285,0.000879,0.292744,-0.184432,0.241487,0.003326
4,240.281414,15,0.750000,0.819608,0.809846,0.735577,-0.603005,-0.599049,-0.508420,0.999744,0.015766,-0.016238,-0.000665,-0.465452,0.462344,0.000974,0.268483,0.664310,-0.605518,0.002563
4,240.281414,16,0.800000,0.789458,0.779894,0.710156,-0.619157,-0.614712,-0.502239,0.999980,0.004139,-0.004674,-0.000647,-0.432254,0.432051,0.001047,0.274532,1.310126,-1.260071,0.001947
4,240.281414,17,0.850000,0.758500,0.749158,0.685044,-0.623912,-0.618917,-0.484386,0.999959,-0.006659,0.006133,-0.000627,-0.366765,0.369031,0.001102,0.275536,1.707246,-1.670980,0.001398
4,240.281414,18,0.900000,0.727304,0.718212,0.660825,-0.617649,-0.612126,-0.464718,0.999757,-0.015821,0.015363,-0.000604,-0.281418,0.285466,0.001142,0.275585,1.865354,-1.844301,0.000880
4,240.281414,19,0.950000,0.696422,0.687606,0.637589,-0.601962,-0.595991,-0.445371,0.999486,-0.022849,0.022502,-0.000581,-0.188163,0.193239,0.001167,0.274978,1.818835,-1.812264,0.000385
4,240.281414,20,1.000000,0.666323,0.657807,0.615320,-0.579044,-0.572747,-0.427699,0.999247,-0.027546,0.027333,-0.000556,-0.097229,0.102618,0.001178,0.274103,1.611023,-1.616914,-0.000078
4,240.281414,21,1.050000,0.637371,0.629169,0.593935,-0.551301,-0.544819,-0.412130,0.999103,-0.029973,0.029899,-0.000531,-0.016683,0.021768,0.001175,0.273288,1.289651,-1.305038,-0.000492
4,240.281414,22,1.100000,0.609806,0.601928,0.573329,-0.521049,-0.514524,-0.398355,0.999074,-0.030388,0.030443,-0.000505,0.047799,-0.043485,0.001161,0.272688,0.907152,-0.928377,-0.000845
4,240.281414,23,1.150000,0.583754,0.576202,0.553411,-0.490315,-0.483878,-0.385746,0.999142,-0.029194,0.029358,-0.000480,0.093158,-0.089902,0.001137,0.272321,0.517188,-0.540484,-0.001129
4,240.281414,24,1.200000,0.559238,0.552008,0.534124,-0.460717,-0.454472,-0.373676,0.999271,-0.026867,0.027111,-0.000454,0.119022,-0.116922,0.001105,0.272109,0.166309,-0.188503,-0.001349
4,240.281414,25,1.250000,0.536202,0.529285,0.515440,-0.433401,-0.427428,-0.361739,0.999422,-0.023894,0.024190,-0.000429,0.127342,-0.126342,0.001067,0.271952,-0.113583,0.094671,-0.001512
4,240.281414,26,1.300000,0.514532,0.507913,0.497353,-0.409040,-0.403385,-0.349789,0.999564,-0.020713,0.021032,-0.000403,0.121668,-0.121603,0.001024,0.271775,-0.307772,0.293298,-0.001629
4,240.281414,27,1.350000,0.494080,0.487744,0.479864,-0.387871,-0.382554,-0.337879,0.999682,-0.017673,0.017992,-0.000379,0.106284,-0.106934,0.000978,0.271550,-0.416555,0.406829,-0.001711
4,240.281414,28,1.400000,0.474687,0.468616,0.462970,-0.369774,-0.364792,-0.326149,0.999770,-0.015017,0.015319,-0.000355,0.085460,-0.086588,0.000929,0.271283,-0.450785,0.445515,-0.001763
4,240.281414,29,1.450000,0.456198,0.450377,0.446662,-0.354380,-0.349713,-0.314736,0.999830,-0.012881,0.013155,-0.000332,0.062924,-0.064310,0.000879,0.270999,-0.427183,0.425702,-0.001790
4,240.281414,30,1.500000,0.438479,0.432891,0.430925,-0.341175,-0.336790,-0.303727,0.999869,-0.011309,0.011547,-0.000310,0.041567,-0.043023,0.000828,0.270722,-0.364415,0.365864,-0.001796
4,240.281414,31,1.550000,0.421420,0.416051,0.415739,-0.329595,-0.325456,-0.293151,0.999892,-0.010270,0.010471,-0.000289,0.023348,-0.024728,0.000777,0.270470,-0.280249,0.283724,-0.001783
4,240.281414,32,1.600000,0.404940,0.399779,0.401081,-0.319104,-0.315172,-0.282996,0.999905,-0.009686,0.009853,-0.000269,0.009336,-0.010541,0.000726,0.270245,-0.189768,0.194417,-0.001752
4,240.281414,33,1.650000,0.388985,0.384020,0.386932,-0.309240,-0.305481,-0.273234,0.999909,-0.009453,0.009590,-0.000251,-0.000152,-0.000820,0.000677,0.270044,-0.104472,0.109560,-0.001708
4,240.281414,34,1.700000,0.373523,0.368746,0.373270,-0.299647,-0.296030,-0.263833,0.999909,-0.009456,0.009570,-0.000234,-0.005376,0.004658,0.000628,0.269860,-0.032057,0.037000,-0.001651
4,240.281414,35,1.750000,0.358541,0.353944,0.360078,-0.290081,-0.286581,-0.254772,0.999907,-0.009591,0.009686,-0.000218,-0.006979,0.006508,0.000581,0.269686,0.023318,-0.018936,-0.001585
4,240.281414,36,1.800000,0.344037,0.339615,0.347340,-0.280405,-0.277005,-0.246039,0.999904,-0.009765,0.009849,-0.000203,-0.005813,0.005561,0.000536,0.269517,0.060458,-0.056896,-0.001511
4,240.281414,37,1.850000,0.330017,0.325765,0.335038,-0.270572,-0.267260,-0.237625,0.999901,-0.009910,0.009988,-0.000190,-0.002790,0.002716,0.000493,0.269351,0.080424,-0.077800,-0.001433
4,240.281414,38,1.900000,0.316488,0.312402,0.323157,-0.260607,-0.257377,-0.229523,0.999900,-0.009980,0.010056,-0.000178,0.001231,-0.001174,0.000452,0.269189,0.085785,-0.084102,-0.001351
4,240.281414,39,1.950000,0.303458,0.299533,0.311680,-0.250581,-0.247430,-0.221725,0.999900,-0.009949,0.010027,-0.000166,0.005520,-0.005379,0.000414,0.269030,0.079935,-0.079109,-0.001268
4,240.281414,40,2.000000,0.290929,0.287162,0.300594,-0.240589,-0.237520,-0.214220,0.999903,-0.009811,0.009893,-0.000156,0.009517,-0.009334,0.000378,0.268877,0.066511,-0.066402,-0.001185
4,240.281414,41,2.050000,0.278899,0.275286,0.289883,-0.230737,-0.227752,-0.206993,0.999908,-0.009573,0.009659,-0.000147,0.012843,-0.012654,0.000344,0.268729,0.048956,-0.049395,-0.001102
4,240.281414,42,2.100000,0.267362,0.263898,0.279533,-0.221123,-0.218227,-0.200030,0.999914,-0.009252,0.009343,-0.000138,0.015291,-0.015124,0.000313,0.268587,0.030217,-0.031028,-0.001020
4,240.281414,43,2.150000,0.256306,0.252987,0.269532,-0.211828,-0.209026,-0.193318,0.999920,-0.008869,0.008965,-0.000130,0.016802,-0.016675,0.000284,0.268451,0.012579,-0.013596,-0.000941
4,240.281414,44,2.200000,0.245715,0.242536,0.259866,-0.202914,-0.200209,-0.186846,0.999928,-0.008449,0.008548,-0.000123,0.017431,-0.017355,0.000257,0.268319,-0.002397,0.001316,-0.000864
4,240.281414,45,2.250000,0.235569,0.232525,0.250524,-0.194419,-0.191814,-0.180602,0.999935,-0.008014,0.008114,-0.000117,0.017311,-0.017289,0.000233,0.268193,-0.013838,0.012804,-0.000790
4,240.281414,46,2.300000,0.225848,0.222934,0.241494,-0.186359,-0.183855,-0.174578,0.999942,-0.007581,0.007682,-0.000111,0.016619,-0.016648,0.000210,0.268070,-0.021470,0.020561,-0.000718
4,240.281414,47,2.350000,0.216530,0.213742,0.232765,-0.178731,-0.176330,-0.168768,0.999948,-0.007165,0.007266,-0.000106,0.015546,-0.015620,0.000190,0.267952,-0.025487,0.024750,-0.000651
4,240.281414,48,2.400000,0.207594,0.204925,0.224326,-0.171520,-0.169220,-0.163164,0.999953,-0.006777,0.006875,-0.000101,0.014272,-0.014383,0.000171,0.267837,-0.026409,0.025861,-0.000587
4,240.281414,49,2.450000,0.199018,0.196464,0.216168,-0.164699,-0.162499,-0.157761,0.999958,-0.006420,0.006516,-0.000097,0.012951,-0.013090,0.000155,0.267727,-0.024938,0.024576,-0.000526
4,240.281414,50,2.500000,0.190783,0.188339,0.208280,-0.158238,-0.156133,-0.152554,0.999962,-0.006096,0.006189,-0.000093,0.011704,-0.011861,0.000140,0.267620,-0.021842,0.021645,-0.000470
4,240.281414,51,2.550000,0.182871,0.180532,0.200652,-0.152104,-0.150092,-0.147536,0.999966,-0.005804,0.005892,-0.000090,0.010612,-0.010778,0.000126,0.267517,-0.017855,0.017791,-0.000416
4,240.281414,52,2.600000,0.175266,0.173028,0.193276,-0.146265,-0.144342,-0.142702,0.999969,-0.005538,0.005623,-0.000086,0.009720,-0.009889,0.000114,0.267417,-0.013609,0.013644,-0.000367
4,240.281414,53,2.650000,0.167952,0.165811,0.186140,-0.140696,-0.138857,-0.138047,0.999972,-0.005295,0.005375,-0.000084,0.009039,-0.009207,0.000104,0.267321,-0.009603,0.009701,-0.000321
4,240.281414,54,2.700000,0.160917,0.158868,0.179238,-0.135374,-0.133615,-0.133564,0.999974,-0.005069,0.005145,-0.000081,0.008559,-0.008721,0.000095,0.267228,-0.006184,0.006314,-0.000279
4,240.281414,55,2.750000,0.154149,0.152187,0.172560,-0.130281,-0.128598,-0.129248,0.999976,-0.004855,0.004927,-0.000079,0.008250,-0.008406,0.000087,0.267139,-0.003563,0.003701,-0.000241
4,240.281414,56,2.800000,0.147635,0.145757,0.166098,-0.125406,-0.123795,-0.125094,0.999978,-0.004649,0.004717,-0.000076,0.008072,-0.008221,0.000080,0.267052,-0.001835,0.001964,-0.000205
4,240.281414,57,2.850000,0.141364,0.139568,0.159843,-0.120740,-0.119197,-0.121096,0.999980,-0.004447,0.004512,-0.000074,0.007980,-0.008122,0.000074,0.266968,-0.001007,0.001116,-0.000172
4,240.281414,58,2.900000,0.135327,0.133608,0.153788,-0.116279,-0.114800,-0.117250,0.999982,-0.004248,0.004308,-0.000072,0.007930,-0.008067,0.000069,0.266887,-0.001027,0.001115,-0.000143
4,240.281414,59,2.950000,0.129513,0.127868,0.147926,-0.112020,-0.110601,-0.113550,0.999983,-0.004050,0.004107,-0.000071,0.007879,-0.008011,0.000065,0.266809,-0.001808,0.001879,-0.000116
4,240.281414,60,3.000000,0.123912,0.122338,0.142248,-0.107962,-0.106599,-0.109993,0.999985,-0.003853,0.003907,-0.000069,0.007788,-0.007917,0.000062,0.266733,-0.003243,0.003306,-0.000092
4,240.281414,61,3.050000,0.118514,0.117008,0.136748,-0.104102,-0.102794,-0.106572,0.999986,-0.003658,0.003709,-0.000068,0.007626,-0.007751,0.000059,0.266660,-0.005213,0.005280,-0.000069
4,240.281414,62,3.100000,0.113309,0.111868,0.131420,-0.100439,-0.099181,-0.103285,0.999988,-0.003467,0.003515,-0.000066,0.007365,-0.007487,0.000057,0.266588,-0.007579,0.007663,-0.000050
4,240.281414,63,3.150000,0.108287,0.106909,0.126255,-0.096969,-0.095758,-0.100127,0.999989,-0.003283,0.003328,-0.000065,0.006986,-0.007104,0.000056,0.266519,-0.010179,0.010290,-0.000032
4,240.281414,64,3.200000,0.103439,0.102121,0.121249,-0.093684,-0.092517,-0.097095,0.999990,-0.003109,0.003150,-0.000063,0.006478,-0.006590,0.000055,0.266453,-0.012808,0.012955,-0.000016
4,240.281414,65,3.250000,0.098755,0.097495,0.116394,-0.090575,-0.089449,-0.094183,0.999991,-0.002947,0.002985,-0.000062,0.005837,-0.005942,0.000055,0.266388,-0.015213,0.015401,-0.000001
4,240.281414,66,3.300000,0.094226,0.093023,0.111685,-0.087630,-0.086542,-0.091390,0.999992,-0.002801,0.002837,-0.000060,0.005077,-0.005172,0.000055,0.266325,-0.017085,0.017311,0.000011
4,240.281414,67,3.350000,0.089844,0.088696,0.107116,-0.084831,-0.083780,-0.088711,0.999993,-0.002674,0.002707,-0.000059,0.004222,-0.004306,0.000055,0.266264,-0.018070,0.018326,0.000023
4,240.281414,68,3.400000,0.085603,0.084507,0.102680,-0.082161,-0.081143,-0.086143,0.999993,-0.002568,0.002600,-0.000058,0.003319,-0.003390,0.000056,0.266205,-0.017785,0.018056,0.000033
4,240.281414,69,3.450000,0.081495,0.080450,0.098373,-0.079598,-0.078611,-0.083683,0.999994,-0.002485,0.002515,-0.000056,0.002430,-0.002487,0.000057,0.266148,-0.015864,0.016127,0.000042
4,240.281414,70,3.500000,0.077515,0.076519,0.094189,-0.077119,-0.076161,-0.081328,0.999994,-0.002425,0.002453,-0.000055,0.001636,-0.001681,0.000058,0.266093,-0.012007,0.012235,0.000050
4,240.281414,71,3.550000,0.073659,0.072711,0.090122,-0.074701,-0.073772,-0.079075,0.999994,-0.002384,0.002411,-0.000054,0.001036,-0.001069,0.000059,0.266039,-0.006052,0.006216,0.000057
4,240.281414,72,3.600000,0.069924,0.069022,0.086169,-0.072326,-0.071423,-0.076921,0.999994,-0.002358,0.002384,-0.000052,0.000733,-0.000758,0.000061,0.265987,0.001949,-0.001878,0.000063
4,240.281414,73,3.650000,0.066308,0.065451,0.082323,-0.069977,-0.069101,-0.074864,0.999994,-0.002339,0.002365,-0.000051,0.000831,-0.000852,0.000063,0.265936,0.011655,-0.011701,0.000068
4,240.281414,74,3.700000,0.062809,0.061996,0.078579,-0.067647,-0.066796,-0.072902,0.999995,-0.002319,0.002344,-0.000049,0.001414,-0.001437,0.000065,0.265886,0.022377,-0.022554,0.000073
4,240.281414,75,3.750000,0.059426,0.058656,0.074934,-0.065339,-0.064513,-0.071031,0.999995,-0.002283,0.002308,-0.000047,0.002532,-0.002565,0.000067,0.265838,0.033042,-0.033351,0.000076
4,240.281414,76,3.800000,0.056159,0.055431,0.071383,-0.063067,-0.062265,-0.069250,0.999995,-0.002220,0.002244,-0.000046,0.004185,-0.004233,0.000069,0.265790,0.042206,-0.042629,0.000079
4,240.281414,77,3.850000,0.053006,0.052317,0.067920,-0.060858,-0.060080,-0.067555,0.999995,-0.002115,0.002138,-0.000044,0.006295,-0.006364,0.000071,0.265745,0.048120,-0.048618,0.000081
4,240.281414,78,3.900000,0.049963,0.049313,0.064543,-0.058754,-0.057998,-0.065944,0.999996,-0.001958,0.001979,-0.000042,0.008701,-0.008795,0.000073,0.265700,0.048867,-0.049378,0.000082
4,240.281414,79,3.950000,0.047026,0.046414,0.061245,-0.056806,-0.056071,-0.064414,0.999997,-0.001741,0.001759,-0.000040,0.011144,-0.011264,0.000076,0.265657,0.042571,-0.043010,0.000082
4,240.281414,80,4.000000,0.044185,0.043610,0.058025,-0.055076,-0.054358,-0.062963,0.999998,-0.001462,0.001477,-0.000038,0.013273,-0.013414,0.000078,0.265615,0.027680,-0.027944,0.000081
4,240.281414,81,4.050000,0.041431,0.040892,0.054876,-0.053622,-0.052920,-0.061589,0.999999,-0.001130,0.001142,-0.000036,0.014657,-0.014811,0.000080,0.265573,0.003310,-0.003286,0.000078
4,240.281414,82,4.100000,0.038750,0.038246,0.051797,-0.052499,-0.051809,-0.060290,0.999999,-0.000764,0.000772,-0.000034,0.014822,-0.014976,0.000082,0.265531,-0.030386,0.030810,0.000074
4,240.281414,83,4.150000,0.036125,0.035656,0.048783,-0.051740,-0.051058,-0.059066,1.000000,-0.000393,0.000397,-0.000032,0.013303,-0.013435,0.000085,0.265490,-0.071855,0.072770,0.000068
4,240.281414,84,4.200000,0.033538,0.033103,0.045829,-0.051349,-0.050671,-0.057919,1.000000,-0.000061,0.000061,-0.000030,0.009710,-0.009796,0.000087,0.265449,-0.117844,0.119303,0.000060
4,240.281414,85,4.250000,0.030971,0.030569,0.042933,-0.051289,-0.050611,-0.056847,1.000000,0.000182,-0.000184,-0.000028,0.003818,-0.003831,0.000088,0.265409,-0.163249,0.165240,0.000049
4,240.281414,86,4.300000,0.028406,0.028039,0.040091,-0.051469,-0.050790,-0.055848,1.000000,0.000278,-0.000279,-0.000026,-0.004344,0.004431,0.000090,0.265373,-0.201172,0.203599,0.000036
4,240.281414,87,4.350000,0.025833,0.025499,0.037299,-0.051744,-0.051063,-0.054917,1.000000,0.000169,-0.000169,-0.000024,-0.014403,0.014611,0.000091,0.265339,-0.223288,0.225954,0.000020
4,240.281414,88,4.400000,0.023246,0.022946,0.034553,-0.051909,-0.051229,-0.054048,1.000000,-0.000191,0.000197,-0.000021,-0.025567,0.025908,0.000091,0.265309,-0.220607,0.223206,-0.000001
4,240.281414,89,4.450000,0.020650,0.020384,0.031850,-0.051716,-0.051041,-0.053235,0.999999,-0.000830,0.000844,-0.000019,-0.036598,0.037068,0.000091,0.265279,-0.184685,0.186808,-0.000025
4,240.281414,90,4.500000,0.018065,0.017832,0.029189,-0.050886,-0.050226,-0.052479,0.999997,-0.001745,0.001771,-0.000017,-0.045832,0.046409,0.000090,0.265245,-0.109350,0.110522,-0.000055
4,240.281414,91,4.550000,0.015520,0.015321,0.026565,-0.049146,-0.048511,-0.051790,0.999992,-0.002891,0.002931,-0.000015,-0.051300,0.051935,0.000089,0.265201,0.007059,-0.007327,-0.000091
4,240.281414,92,4.600000,0.013063,0.012896,0.023975,-0.046267,-0.045672,-0.051194,0.999982,-0.004173,0.004230,-0.000012,-0.050947,0.051568,0.000086,0.265146,0.159010,-0.161124,-0.000133
4,240.281414,93,4.650000,0.010750,0.010612,0.021415,-0.042113,-0.041574,-0.050717,0.999970,-0.005447,0.005519,-0.000010,-0.042997,0.043512,0.000083,0.265086,0.330748,-0.334914,-0.000184
4,240.281414,94,4.700000,0.008644,0.008533,0.018880,-0.036695,-0.036226,-0.050377,0.999957,-0.006522,0.006607,-0.000008,-0.026459,0.026766,0.000077,0.265037,0.493004,-0.499076,-0.000242
4,240.281414,95,4.750000,0.006809,0.006722,0.016361,-0.030210,-0.029824,-0.050153,0.999948,-0.007183,0.007276,-0.000006,-0.001809,0.001812,0.000070,0.265024,0.599442,-0.606725,-0.000311
4,240.281414,96,4.800000,0.005299,0.005231,0.013853,-0.023068,-0.022774,-0.049970,0.999947,-0.007229,0.007321,-0.000004,0.028163,-0.028524,0.000062,0.265066,0.583014,-0.590020,-0.000390
4,240.281414,97,4.850000,0.004145,0.004092,0.011355,-0.015881,-0.015678,-0.049711,0.999957,-0.006524,0.006608,-0.000003,0.057314,-0.058025,0.000050,0.265154,0.352440,-0.356596,-0.000482
4,240.281414,98,4.900000,0.003351,0.003308,0.008869,-0.009392,-0.009271,-0.049269,0.999974,-0.005092,0.005158,-0.000002,0.074936,-0.075855,0.000037,0.264515,-0.210637,0.213315,-0.000588
4,240.281414,99,4.950000,0.002882,0.002845,0.006406,-0.004339,-0.004282,-0.049978,0.999990,-0.003218,0.003261,-0.000001,0.064404,-0.065189,0.000020,0.291882,-1.286908,1.302562,-0.000711
4,240.281414,100,5.000000,0.002665,0.002631,0.003907,-0.000814,-0.000803,0.000021,0.999997,-0.001608,0.001632,-0.000000,0.000059,-0.000061,-0.000000,0,0,0,0
5,231.412693,0,0.000000,1.011248,0.999042,0.981458,-0.013710,-0.010796,0.000636,0.999993,0.002501,-0.002667,0.000002,0.000000,0.000000,0.000000,0.237876,25.078808,-24.676600,-0.284022
5,231.412693,1,0.050000,1.010562,0.998502,0.981490,-0.016060,-0.012999,-0.049364,0.999993,0.002501,-0.002667,0.000002,1.253940,-1.233830,-0.008073,0.237876,-9.607576,8.572889,0.081725
5,231.412693,2,0.100000,1.009759,0.997852,0.979022,-0.018410,-0.015202,-0.099364,0.998867,0.033817,-0.033480,-0.000193,0.773184,-0.805570,-0.005750,0.238952,-12.948712,14.013261,0.056209
5,231.412693,3,0.150000,1.008839,0.997092,0.974053,-0.048012,-0.045090,-0.149364,0.997151,0.053105,-0.053574,-0.000371,0.125572,-0.105075,-0.004153,0.240608,-2.649514,2.236172,0.036819
5,231.412693,4,0.200000,1.006438,0.994838,0.966585,-0.095636,-0.092262,-0.199364,0.996835,0.056239,-0.056189,-0.000446,-0.006920,0.006713,-0.003106,0.240915,0.272822,-0.262122,0.029328
5,231.412693,5,0.250000,1.001657,0.990225,0.956617,-0.145636,-0.142262,-0.249364,0.996854,0.056071,-0.056017,-0.000523,0.006722,-0.006392,-0.002272,0.240897,-0.130596,0.121580,0.025479
5,231.412693,6,0.300000,0.994375,0.983112,0.944149,-0.195484,-0.192105,-0.299364,0.996836,0.056242,-0.056173,-0.000579,0.000191,-0.000313,-0.001548,0.240915,-0.005286,0.007835,0.021348
5,231.412693,7,0.350000,0.984601,0.973506,0.929181,-0.245477,-0.242101,-0.349364,0.996835,0.056249,-0.056179,-0.000618,-0.000073,0.000078,-0.000941,0.240915,0.000934,-0.000955,0.017582
5,231.412693,8,0.400000,0.972327,0.961401,0.911712,-0.295477,-0.292100,-0.399364,0.996835,0.056248,-0.056176,-0.000642,-0.000026,0.000031,-0.000441,0.240915,-0.827438,0.823123,0.014249
5,231.412693,9,0.450000,0.957553,0.946796,0.891744,-0.345475,-0.342099,-0.449363,0.996835,0.056248,-0.056174,-0.000653,-0.041398,0.041187,-0.000036,0.240915,-2.165082,2.162228,0.011339
5,231.412693,10,0.500000,0.940279,0.929691,0.869276,-0.395472,-0.392096,-0.499362,0.996950,0.055217,-0.055147,-0.000654,-0.149652,0.149298,0.000286,0.240804,-2.235389,2.184627,0.008800
5,231.412693,11,0.550000,0.920506,0.910086,0.844308,-0.444538,-0.441160,-0.549360,0.997349,0.051489,-0.051423,-0.000647,-0.261423,0.258528,0.000536,0.263051,-1.390406,1.288321,0.006396
5,231.412693,12,0.600000,0.898279,0.888028,0.816840,-0.494538,-0.491158,-0.557887,0.997975,0.044972,-0.044972,-0.000637,-0.330949,0.322939,0.000718,0.294250,-1.689019,1.683919,0.004179
5,231.412693,13,0.650000,0.873552,0.863471,0.788945,-0.543481,-0.540039,-0.507888,0.998644,0.036717,-0.036908,-0.000628,-0.415408,0.407126,0.000837,0.239167,-1.056256,1.104490,0.002733
5,231.412693,14,0.700000,0.846378,0.836469,0.763551,-0.576150,-0.572499,-0.557887,0.999295,0.026349,-0.026735,-0.000616,-0.468234,0.462337,0.000914,0.292694,-0.125861,0.192702,0.001813
5,231.412693,15,0.750000,0.817570,0.807844,0.735657,-0.605129,-0.601024,-0.507888,0.999777,0.014656,-0.015176,-0.000602,-0.474543,0.471956,0.000966,0.268321,0.784695,-0.719522,0.001192
5,231.412693,16,0.800000,0.787314,0.777792,0.710262,-0.620216,-0.615576,-0.501939,0.999990,0.002801,-0.003372,-0.000585,-0.435326,0.435962,0.001000,0.274663,1.446650,-1.394107,0.000707
5,231.412693,17,0.850000,0.756303,0.747014,0.685165,-0.623648,-0.618423,-0.483824,0.999939,-0.008075,0.007532,-0.000566,-0.363010,0.366240,0.001020,0.275571,1.832840,-1.797530,0.000278
5,231.412693,18,0.900000,0.725121,0.716092,0.660974,-0.615957,-0.610187,-0.464132,0.999714,-0.017143,0.016691,-0.000546,-0.271382,0.276350,0.001028,0.275519,1.959996,-1.942418,-0.000126
5,231.412693,19,0.950000,0.694323,0.685583,0.637768,-0.598920,-0.592708,-0.444996,0.999435,-0.023920,0.023601,-0.000526,-0.173393,0.179218,0.001024,0.274844,1.872159,-1.870654,-0.000507
5,231.412693,20,1.000000,0.664377,0.655948,0.615518,-0.574896,-0.568385,-0.427675,0.999206,-0.028249,0.028081,-0.000505,-0.079792,0.085679,0.001010,0.273966,1.618716,-1.630460,-0.000852
5,231.412693,21,1.050000,0.635632,0.627528,0.594134,-0.546410,-0.539759,-0.412440,0.999086,-0.030240,0.030223,-0.000484,0.001140,0.004153,0.000985,0.273192,1.252582,-1.273820,-0.001144
5,231.412693,22,1.100000,0.608311,0.600541,0.573512,-0.515843,-0.509204,-0.398878,0.999083,-0.030211,0.030328,-0.000463,0.063769,-0.059538,0.000953,0.272655,0.832439,-0.858706,-0.001373
5,231.412693,23,1.150000,0.582519,0.575080,0.553568,-0.485231,-0.478738,-0.386312,0.999174,-0.028618,0.028841,-0.000443,0.105394,-0.102471,0.000914,0.272340,0.417998,-0.444871,-0.001534
5,231.412693,24,1.200000,0.558258,0.551143,0.534253,-0.456152,-0.449909,-0.374144,0.999317,-0.025986,0.026280,-0.000423,0.126297,-0.124711,0.000870,0.272153,0.059154,-0.083122,-0.001634
5,231.412693,25,1.250000,0.535450,0.528648,0.515545,-0.429669,-0.423745,-0.362034,0.999471,-0.022831,0.023164,-0.000403,0.129259,-0.128863,0.000824,0.271992,-0.212658,0.193764,-0.001686
5,231.412693,26,1.300000,0.513967,0.507461,0.497444,-0.406338,-0.400767,-0.349911,0.999609,-0.019602,0.019943,-0.000384,0.118630,-0.119171,0.000776,0.271793,-0.386288,0.373337,-0.001701
5,231.412693,27,1.350000,0.493650,0.487422,0.479948,-0.386263,-0.381051,-0.337879,0.999718,-0.016638,0.016964,-0.000365,0.099319,-0.100500,0.000728,0.271542,-0.467176,0.460034,-0.001689
5,231.412693,28,1.400000,0.474337,0.468370,0.463054,-0.369201,-0.364329,-0.326092,0.999795,-0.014156,0.014451,-0.000347,0.075963,-0.077496,0.000680,0.271257,-0.471487,0.469363,-0.001657
5,231.412693,29,1.450000,0.455877,0.450154,0.446750,-0.354681,-0.350115,-0.314675,0.999847,-0.012258,0.012514,-0.000330,0.052391,-0.054026,0.000632,0.270968,-0.420442,0.422196,-0.001609
5,231.412693,30,1.500000,0.438143,0.432648,0.431016,-0.342120,-0.337819,-0.303690,0.999878,-0.010948,0.011163,-0.000314,0.031370,-0.032915,0.000587,0.270698,-0.335881,0.340267,-0.001548
5,231.412693,31,1.550000,0.421037,0.415757,0.415831,-0.330926,-0.326847,-0.293143,0.999895,-0.010164,0.010340,-0.000299,0.014577,-0.015901,0.000543,0.270456,-0.237281,0.243115,-0.001475
5,231.412693,32,1.600000,0.404490,0.399414,0.401174,-0.320567,-0.316670,-0.283009,0.999903,-0.009800,0.009943,-0.000286,0.002713,-0.003745,0.000501,0.270242,-0.140083,0.146353,-0.001394
5,231.412693,33,1.650000,0.388462,0.383581,0.387024,-0.310613,-0.306865,-0.273257,0.999904,-0.009732,0.009849,-0.000273,-0.004291,0.003573,0.000461,0.270048,-0.055072,0.060994,-0.001306
5,231.412693,34,1.700000,0.372931,0.368238,0.373361,-0.300761,-0.297135,-0.263860,0.999902,-0.009839,0.009939,-0.000261,-0.007045,0.006623,0.000424,0.269867,0.011495,-0.006460,-0.001213
5,231.412693,35,1.750000,0.357893,0.353381,0.360168,-0.290825,-0.287304,-0.254801,0.999899,-0.010015,0.010104,-0.000250,-0.006470,0.006300,0.000390,0.269693,0.057269,-0.053425,-0.001117
5,231.412693,36,1.800000,0.343352,0.339016,0.347428,-0.280731,-0.277304,-0.246072,0.999896,-0.010177,0.010262,-0.000241,-0.003607,0.003628,0.000358,0.269522,0.082930,-0.080380,-0.001022
5,231.412693,37,1.850000,0.329315,0.325151,0.335124,-0.270486,-0.267149,-0.237665,0.999894,-0.010267,0.010353,-0.000232,0.000539,-0.000391,0.000329,0.269354,0.091232,-0.089921,-0.000927
5,231.412693,38,1.900000,0.315791,0.311793,0.323241,-0.260157,-0.256910,-0.229574,0.999894,-0.010253,0.010343,-0.000223,0.005101,-0.004887,0.000302,0.269190,0.086102,-0.085860,-0.000835
5,231.412693,39,1.950000,0.302783,0.298948,0.311762,-0.249844,-0.246691,-0.221786,0.999896,-0.010126,0.010221,-0.000216,0.009406,-0.009180,0.000279,0.269031,0.071867,-0.072457,-0.000747
5,231.412693,40,2.000000,0.290291,0.286613,0.300673,-0.239658,-0.236605,-0.214287,0.999901,-0.009890,0.009991,-0.000209,0.013000,-0.012803,0.000257,0.268877,0.052663,-0.053824,-0.000664
5,231.412693,41,2.050000,0.278308,0.274783,0.289959,-0.229707,-0.226759,-0.207063,0.999907,-0.009566,0.009671,-0.000203,0.015633,-0.015494,0.000239,0.268730,0.032036,-0.033510,-0.000585
5,231.412693,42,2.100000,0.266823,0.263445,0.279605,-0.220080,-0.217241,-0.200100,0.999915,-0.009175,0.009284,-0.000197,0.017235,-0.017169,0.000222,0.268588,0.012710,-0.014270,-0.000512
5,231.412693,43,2.150000,0.255819,0.252583,0.269600,-0.210844,-0.208117,-0.193384,0.999923,-0.008744,0.008855,-0.000191,0.017870,-0.017882,0.000207,0.268452,-0.003487,0.002022,-0.000445
5,231.412693,44,2.200000,0.245277,0.242177,0.259931,-0.202039,-0.199426,-0.186906,0.999930,-0.008297,0.008408,-0.000186,0.017696,-0.017781,0.000195,0.268320,-0.015579,0.014340,-0.000382
5,231.412693,45,2.250000,0.235175,0.232206,0.250586,-0.193682,-0.191182,-0.180655,0.999937,-0.007855,0.007963,-0.000181,0.016917,-0.017064,0.000184,0.268193,-0.023323,0.022386,-0.000326
5,231.412693,46,2.300000,0.225491,0.222647,0.241553,-0.185771,-0.183382,-0.174626,0.999944,-0.007432,0.007537,-0.000177,0.015751,-0.015944,0.000175,0.268070,-0.027036,0.026431,-0.000275
5,231.412693,47,2.350000,0.216202,0.213477,0.232822,-0.178287,-0.176004,-0.168810,0.999950,-0.007038,0.007138,-0.000172,0.014400,-0.014623,0.000167,0.267952,-0.027407,0.027125,-0.000229
5,231.412693,48,2.400000,0.207288,0.204677,0.224381,-0.171203,-0.169021,-0.163202,0.999955,-0.006678,0.006772,-0.000168,0.013030,-0.013266,0.000160,0.267837,-0.025318,0.025319,-0.000188
5,231.412693,49,2.450000,0.198727,0.196226,0.216221,-0.164484,-0.162398,-0.157797,0.999959,-0.006353,0.006441,-0.000164,0.011764,-0.012000,0.000155,0.267727,-0.021691,0.021916,-0.000152
5,231.412693,50,2.500000,0.190503,0.188106,0.208331,-0.158096,-0.156100,-0.152588,0.999963,-0.006059,0.006141,-0.000160,0.010679,-0.010905,0.000151,0.267620,-0.017364,0.017747,-0.000120
5,231.412693,51,2.550000,0.182598,0.180301,0.200702,-0.152009,-0.150096,-0.147569,0.999966,-0.005792,0.005868,-0.000157,0.009811,-0.010017,0.000147,0.267517,-0.013019,0.013492,-0.000092
5,231.412693,52,2.600000,0.174998,0.172797,0.193324,-0.146194,-0.144358,-0.142734,0.999969,-0.005546,0.005618,-0.000153,0.009160,-0.009342,0.000145,0.267418,-0.009142,0.009643,-0.000069
5,231.412693,53,2.650000,0.167688,0.165579,0.186187,-0.140629,-0.138866,-0.138078,0.999971,-0.005317,0.005384,-0.000149,0.008703,-0.008860,0.000143,0.267322,-0.006016,0.006495,-0.000049
5,231.412693,54,2.700000,0.160657,0.158635,0.179283,-0.135298,-0.133602,-0.133594,0.999974,-0.005100,0.005163,-0.000146,0.008402,-0.008535,0.000141,0.267229,-0.003752,0.004171,-0.000032
5,231.412693,55,2.750000,0.153892,0.151955,0.172603,-0.130188,-0.128556,-0.129278,0.999976,-0.004890,0.004949,-0.000142,0.008215,-0.008327,0.000140,0.267139,-0.002325,0.002660,-0.000019
5,231.412693,56,2.800000,0.147383,0.145527,0.166139,-0.125291,-0.123718,-0.125124,0.999978,-0.004684,0.004741,-0.000139,0.008099,-0.008194,0.000140,0.267053,-0.001623,0.001863,-0.000008
5,231.412693,57,2.850000,0.141118,0.139342,0.159883,-0.120601,-0.119086,-0.121126,0.999980,-0.004482,0.004536,-0.000135,0.008018,-0.008101,0.000140,0.266969,-0.001501,0.001647,0.000000
5,231.412693,58,2.900000,0.135088,0.133387,0.153827,-0.116115,-0.114655,-0.117279,0.999981,-0.004282,0.004334,-0.000132,0.007943,-0.008018,0.000140,0.266888,-0.001818,0.001880,0.000007
5,231.412693,59,2.950000,0.129282,0.127655,0.147963,-0.111831,-0.110423,-0.113579,0.999983,-0.004083,0.004133,-0.000128,0.007852,-0.007924,0.000140,0.266809,-0.002464,0.002461,0.000011
5,231.412693,60,3.000000,0.123691,0.122133,0.142284,-0.107746,-0.106389,-0.110021,0.999985,-0.003887,0.003935,-0.000125,0.007728,-0.007801,0.000140,0.266734,-0.003381,0.003333,0.000013
5,231.412693,61,3.050000,0.118303,0.116814,0.136783,-0.103858,-0.102550,-0.106601,0.999986,-0.003694,0.003740,-0.000121,0.007559,-0.007634,0.000140,0.266660,-0.004551,0.004483,0.000015
5,231.412693,62,3.100000,0.113111,0.111686,0.131453,-0.100164,-0.098902,-0.103313,0.999988,-0.003505,0.003549,-0.000118,0.007332,-0.007410,0.000141,0.266589,-0.005985,0.005920,0.000015
5,231.412693,63,3.150000,0.108102,0.106741,0.126287,-0.096659,-0.095442,-0.100155,0.999989,-0.003321,0.003364,-0.000114,0.007033,-0.007114,0.000141,0.266520,-0.007694,0.007654,0.000014
5,231.412693,64,3.200000,0.103269,0.101969,0.121280,-0.093338,-0.092164,-0.097121,0.999990,-0.003146,0.003186,-0.000111,0.006648,-0.006731,0.000142,0.266453,-0.009654,0.009657,0.000012
5,231.412693,65,3.250000,0.098602,0.097361,0.116423,-0.090194,-0.089060,-0.094209,0.999991,-0.002979,0.003018,-0.000107,0.006165,-0.006249,0.000142,0.266388,-0.011775,0.011831,0.000010
5,231.412693,66,3.300000,0.094093,0.092908,0.111713,-0.087216,-0.086121,-0.091415,0.999992,-0.002825,0.002862,-0.000103,0.005577,-0.005657,0.000142,0.266326,-0.013871,0.013986,0.000007
5,231.412693,67,3.350000,0.089732,0.088602,0.107142,-0.084393,-0.083335,-0.088736,0.999993,-0.002686,0.002720,-0.000100,0.004883,-0.004958,0.000143,0.266265,-0.015654,0.015824,0.000004
5,231.412693,68,3.400000,0.085512,0.084435,0.102705,-0.081710,-0.080686,-0.086167,0.999993,-0.002564,0.002596,-0.000096,0.004101,-0.004166,0.000143,0.266206,-0.016734,0.016947,0.000001
5,231.412693,69,3.450000,0.081427,0.080401,0.098397,-0.079150,-0.078159,-0.083706,0.999994,-0.002461,0.002492,-0.000093,0.003264,-0.003319,0.000143,0.266149,-0.016652,0.016888,-0.000002
5,231.412693,70,3.500000,0.077469,0.076493,0.094212,-0.076694,-0.075733,-0.081351,0.999994,-0.002380,0.002409,-0.000089,0.002431,-0.002475,0.000143,0.266093,-0.014934,0.015165,-0.000005
5,231.412693,71,3.550000,0.073635,0.072706,0.090144,-0.074319,-0.073388,-0.079097,0.999995,-0.002319,0.002347,-0.000086,0.001685,-0.001716,0.000143,0.266039,-0.011167,0.011361,-0.000008
5,231.412693,72,3.600000,0.069919,0.069037,0.086189,-0.072006,-0.071104,-0.076942,0.999995,-0.002277,0.002304,-0.000082,0.001126,-0.001148,0.000142,0.265987,-0.005097,0.005219,-0.000011
5,231.412693,73,3.650000,0.066318,0.065482,0.082342,-0.069736,-0.068861,-0.074884,0.999995,-0.002249,0.002276,-0.000079,0.000871,-0.000887,0.000142,0.265936,0.003264,-0.003248,-0.000014
5,231.412693,74,3.700000,0.062832,0.062039,0.078598,-0.067495,-0.066646,-0.072920,0.999995,-0.002227,0.002253,-0.000075,0.001035,-0.001050,0.000142,0.265886,0.013544,-0.013660,-0.000016
5,231.412693,75,3.750000,0.059457,0.058706,0.074952,-0.065275,-0.064454,-0.071048,0.999995,-0.002201,0.002227,-0.000071,0.001712,-0.001733,0.000141,0.265838,0.024922,-0.025186,-0.000018
5,231.412693,76,3.800000,0.056193,0.055484,0.071400,-0.063083,-0.062287,-0.069266,0.999995,-0.002158,0.002184,-0.000068,0.002958,-0.002992,0.000141,0.265791,0.036094,-0.036502,-0.000021
5,231.412693,77,3.850000,0.053039,0.052369,0.067936,-0.060933,-0.060163,-0.067570,0.999996,-0.002084,0.002109,-0.000064,0.004763,-0.004817,0.000140,0.265745,0.045291,-0.045818,-0.000023
5,231.412693,78,3.900000,0.049992,0.049361,0.064558,-0.058857,-0.058112,-0.065959,0.999996,-0.001965,0.001989,-0.000061,0.007027,-0.007108,0.000139,0.265700,0.050383,-0.050976,-0.000025
5,231.412693,79,3.950000,0.047049,0.046456,0.061260,-0.056900,-0.056178,-0.064429,0.999997,-0.001789,0.001811,-0.000057,0.009546,-0.009657,0.000139,0.265657,0.049070,-0.049648,-0.000028
5,231.412693,80,4.000000,0.044204,0.043647,0.058038,-0.055118,-0.054417,-0.062979,0.999998,-0.001551,0.001569,-0.000054,0.012000,-0.012139,0.000138,0.265614,0.039179,-0.039636,-0.000030
5,231.412693,81,4.050000,0.041449,0.040926,0.054890,-0.053574,-0.052892,-0.061605,0.999998,-0.001251,0.001266,-0.000050,0.013959,-0.014121,0.000137,0.265573,0.019047,-0.019257,-0.000034
5,231.412693,82,4.100000,0.038770,0.038281,0.051809,-0.052328,-0.051662,-0.060307,0.999999,-0.000902,0.000913,-0.000047,0.014911,-0.015084,0.000136,0.265532,-0.012019,0.012191,-0.000038
5,231.412693,83,4.150000,0.036153,0.035698,0.048794,-0.051430,-0.050775,-0.059083,1.000000,-0.000529,0.000536,-0.000044,0.014311,-0.014474,0.000135,0.265491,-0.053265,0.053941,-0.000043
5,231.412693,84,4.200000,0.033582,0.033159,0.045840,-0.050904,-0.050255,-0.057934,1.000000,-0.000171,0.000174,-0.000040,0.011647,-0.011777,0.000134,0.265450,-0.102042,0.103313,-0.000050
5,231.412693,85,4.250000,0.031037,0.030647,0.042943,-0.050732,-0.050086,-0.056861,1.000000,0.000120,-0.000120,-0.000037,0.006545,-0.006611,0.000132,0.265410,-0.153489,0.155383,-0.000059
5,231.412693,86,4.300000,0.028500,0.028142,0.040100,-0.050851,-0.050204,-0.055861,1.000000,0.000284,-0.000286,-0.000034,-0.001129,0.001158,0.000131,0.265372,-0.200438,0.202895,-0.000070
5,231.412693,87,4.350000,0.025958,0.025632,0.037307,-0.051132,-0.050483,-0.054931,1.000000,0.000255,-0.000257,-0.000030,-0.011151,0.011303,0.000129,0.265338,-0.233662,0.236506,-0.000084
5,231.412693,88,4.400000,0.023401,0.023108,0.034560,-0.051384,-0.050734,-0.054065,1.000000,-0.000023,0.000026,-0.000027,-0.022834,0.023128,0.000126,0.265307,-0.242583,0.245510,-0.000102
5,231.412693,89,4.450000,0.020832,0.020571,0.031857,-0.051359,-0.050711,-0.053256,1.000000,-0.000594,0.000604,-0.000024,-0.034963,0.035403,0.000123,0.265278,-0.216559,0.219134,-0.000125
5,231.412693,90,4.500000,0.018264,0.018036,0.029194,-0.050765,-0.050127,-0.052501,0.999998,-0.001468,0.001489,-0.000021,-0.045791,0.046360,0.000120,0.265246,-0.146818,0.148505,-0.000152
5,231.412693,91,4.550000,0.015726,0.015529,0.026569,-0.049302,-0.048685,-0.051809,0.999993,-0.002613,0.002648,-0.000018,-0.053133,0.053785,0.000115,0.265205,-0.029095,0.029317,-0.000186
5,231.412693,92,4.600000,0.013260,0.013095,0.023979,-0.046701,-0.046118,-0.051202,0.999984,-0.003941,0.003993,-0.000015,-0.054588,0.055251,0.000110,0.265151,0.133078,-0.134843,-0.000227
5,231.412693,93,4.650000,0.010925,0.010789,0.021419,-0.042780,-0.042248,-0.050712,0.999971,-0.005306,0.005374,-0.000012,-0.047934,0.048508,0.000104,0.265089,0.324546,-0.328623,-0.000277
5,231.412693,94,4.700000,0.008786,0.008677,0.018883,-0.037504,-0.037038,-0.050363,0.999957,-0.006504,0.006587,-0.000010,-0.031707,0.032077,0.000096,0.265035,0.514254,-0.520591,-0.000337
5,231.412693,95,4.750000,0.006911,0.006825,0.016365,-0.031039,-0.030654,-0.050142,0.999946,-0.007297,0.007389,-0.000007,-0.005994,0.006047,0.000086,0.265016,0.650506,-0.658430,-0.000409
5,231.412693,96,4.800000,0.005359,0.005292,0.013858,-0.023787,-0.023492,-0.049978,0.999944,-0.007447,0.007540,-0.000005,0.026531,-0.026874,0.000075,0.265057,0.655919,-0.663836,-0.000493
5,231.412693,97,4.850000,0.004170,0.004118,0.011359,-0.016385,-0.016182,-0.049742,0.999953,-0.006783,0.006868,-0.000003,0.059327,-0.060066,0.000061,0.265154,0.422359,-0.427378,-0.000593
5,231.412693,98,4.900000,0.003351,0.003308,0.008872,-0.009641,-0.009521,-0.049307,0.999972,-0.005300,0.005366,-0.000002,0.080445,-0.081435,0.000044,0.264538,-0.193342,0.195830,-0.000711
5,231.412693,99,4.950000,0.002869,0.002832,0.006407,-0.004383,-0.004328,-0.049978,0.999989,-0.003289,0.003331,-0.000001,0.070778,-0.071643,0.000024,0.291882,-1.414365,1.431654,-0.000850
5,231.412693,100,5.000000,0.002650,0.002616,0.003908,-0.000782,-0.000772,0.000021,0.999998,-0.001520,0.001540,-0.000000,0.000060,-0.000060,-0.000001,0,0,0,0
6,233.315173,0,0.000000,1.011248,0.999042,0.981458,-0.013710,-0.010796,0.000636,0.999993,0.002501,-0.002667,0.000002,0.000000,0.000000,0.000000,0.237876,26.561682,-26.154435,-0.277085
6,233.315173,1,0.050000,1.010562,0.998502,0.981490,-0.016060,-0.012999,-0.049364,0.999993,0.002501,-0.002667,0.000002,1.328084,-1.307722,-0.007876,0.237876,-11.179523,10.163653,0.084929
6,233.315173,2,0.100000,1.009759,0.997852,0.979022,-0.018410,-0.015202,-0.099364,0.998739,0.035664,-0.035321,-0.000188,0.768717,-0.799936,-0.005462,0.239075,-14.251482,15.261459,0.059046
6,233.315173,3,0.150000,1.008839,0.997092,0.974053,-0.049652,-0.046736,-0.149364,0.996964,0.054838,-0.055272,-0.000359,0.055977,-0.037023,-0.003784,0.240789,-1.313245,0.922900,0.038344
6,233.315173,4,0.200000,1.006356,0.994755,0.966585,-0.098812,-0.095475,-0.199364,0.996835,0.056238,-0.056190,-0.000427,-0.009690,0.009114,-0.002694,0.240915,0.386734,-0.363770,0.029959
6,233.315173,5,0.250000,1.001416,0.989982,0.956617,-0.148812,-0.145475,-0.249364,0.996861,0.056000,-0.055959,-0.000494,0.009647,-0.009073,-0.001842,0.240890,-0.192411,0.181032,0.025414
6,233.315173,6,0.300000,0.993975,0.982708,0.944149,-0.198606,-0.195256,-0.299364,0.996835,0.056243,-0.056183,-0.000540,0.000026,-0.000022,-0.001120,0.240915,-0.001801,0.001666,0.020756
6,233.315173,7,0.350000,0.984045,0.972945,0.929181,-0.248605,-0.245255,-0.349364,0.996835,0.056246,-0.056182,-0.000567,-0.000064,0.000061,-0.000530,0.240915,-0.000494,0.000507,0.016603
6,233.315173,8,0.400000,0.971615,0.960682,0.911712,-0.298604,-0.295254,-0.399363,0.996835,0.056245,-0.056179,-0.000581,-0.000089,0.000087,-0.000058,0.240915,-0.787915,0.783927,0.012999
6,233.315173,9,0.450000,0.956684,0.945920,0.891744,-0.348602,-0.345252,-0.449363,0.996835,0.056243,-0.056177,-0.000582,-0.039485,0.039283,0.000312,0.240915,-2.245184,2.243556,0.009916
6,233.315173,10,0.500000,0.939254,0.928657,0.869276,-0.398598,-0.395248,-0.499362,0.996945,0.055259,-0.055198,-0.000575,-0.151744,0.151460,0.000594,0.240809,-2.308651,2.249963,0.007273
6,233.315173,11,0.550000,0.919324,0.908895,0.844308,-0.447707,-0.444354,-0.549359,0.997349,0.051477,-0.051421,-0.000560,-0.267180,0.263955,0.000800,0.263086,-1.368925,1.260675,0.004791
6,233.315173,12,0.600000,0.896939,0.886677,0.816840,-0.497706,-0.494352,-0.557822,0.997989,0.044816,-0.044835,-0.000544,-0.335634,0.326981,0.000936,0.294234,-1.745944,1.746400,0.002571
6,233.315173,13,0.650000,0.872054,0.861959,0.788949,-0.546493,-0.543066,-0.507823,0.998663,0.036443,-0.036671,-0.000530,-0.422943,0.414289,0.001010,0.239149,-1.085218,1.143248,0.001232
6,233.315173,14,0.700000,0.844729,0.834806,0.763558,-0.578947,-0.575284,-0.557821,0.999318,0.025885,-0.026320,-0.000515,-0.477220,0.471435,0.001045,0.292667,-0.094935,0.170219,0.000463
6,233.315173,15,0.750000,0.815782,0.806042,0.735667,-0.607472,-0.603309,-0.507823,0.999797,0.013966,-0.014534,-0.000498,-0.481985,0.479927,0.001058,0.267983,0.868923,-0.798613,-0.000008
6,233.315173,16,0.800000,0.785408,0.775877,0.710276,-0.621902,-0.617161,-0.502461,0.999995,0.001925,-0.002533,-0.000479,-0.438559,0.439977,0.001058,0.274943,1.543888,-1.489669,-0.000363
6,233.315173,17,0.850000,0.754313,0.745018,0.685152,-0.624482,-0.619120,-0.483818,0.999923,-0.009033,0.008471,-0.000459,-0.361382,0.365476,0.001047,0.275713,1.922570,-1.888487,-0.000676
6,233.315173,18,0.900000,0.723089,0.714063,0.660962,-0.615828,-0.609900,-0.463894,0.999682,-0.018061,0.017610,-0.000439,-0.265268,0.271037,0.001028,0.275562,2.027265,-2.012938,-0.000973
6,233.315173,19,0.950000,0.692298,0.683568,0.637767,-0.597853,-0.591481,-0.444744,0.999398,-0.024686,0.024386,-0.000419,-0.163915,0.170380,0.001000,0.274817,1.909356,-1.912351,-0.001250
6,233.315173,20,1.000000,0.662405,0.653993,0.615530,-0.573036,-0.566380,-0.427550,0.999175,-0.028779,0.028645,-0.000399,-0.068454,0.074756,0.000965,0.273916,1.622150,-1.638968,-0.001491
6,233.315173,21,1.050000,0.633753,0.625674,0.594152,-0.543988,-0.537220,-0.412471,0.999069,-0.030487,0.030513,-0.000380,0.012651,-0.007195,0.000922,0.273154,1.222664,-1.248825,-0.001680
6,233.315173,22,1.100000,0.606554,0.598814,0.573529,-0.513135,-0.506417,-0.399013,0.999084,-0.030170,0.030334,-0.000361,0.073784,-0.069636,0.000875,0.272641,0.775393,-0.805688,-0.001807
6,233.315173,23,1.150000,0.580897,0.573493,0.553578,-0.482521,-0.475990,-0.386471,0.999190,-0.028327,0.028595,-0.000342,0.112556,-0.109917,0.000823,0.272347,0.345416,-0.374887,-0.001871
6,233.315173,24,1.200000,0.556771,0.549693,0.534254,-0.453691,-0.447450,-0.374259,0.999340,-0.025516,0.025849,-0.000324,0.129831,-0.128658,0.000770,0.272169,-0.015065,-0.009894,-0.001882
6,233.315173,25,1.250000,0.534086,0.527321,0.515541,-0.427644,-0.421755,-0.362073,0.999496,-0.022273,0.022634,-0.000307,0.129081,-0.129149,0.000717,0.272002,-0.275981,0.257551,-0.001853
6,233.315173,26,1.300000,0.512704,0.506233,0.497438,-0.404847,-0.399335,-0.349881,0.999630,-0.019048,0.019406,-0.000290,0.115285,-0.116268,0.000664,0.271791,-0.430093,0.418698,-0.001797
6,233.315173,27,1.350000,0.492462,0.486266,0.479944,-0.385314,-0.380174,-0.337808,0.999733,-0.016167,0.016499,-0.000274,0.093784,-0.095330,0.000613,0.271529,-0.487694,0.482748,-0.001725
6,233.315173,28,1.400000,0.473196,0.467257,0.463053,-0.368722,-0.363925,-0.326014,0.999805,-0.013823,0.014116,-0.000259,0.069401,-0.071191,0.000564,0.271239,-0.469457,0.469728,-0.001640
6,233.315173,29,1.450000,0.454760,0.449061,0.446753,-0.354540,-0.350044,-0.314611,0.999851,-0.012089,0.012337,-0.000245,0.045930,-0.047703,0.000517,0.270952,-0.400007,0.403988,-0.001547
6,233.315173,30,1.500000,0.437033,0.431559,0.431022,-0.342159,-0.337918,-0.303647,0.999878,-0.010941,0.011144,-0.000232,0.025931,-0.027503,0.000473,0.270688,-0.303181,0.309364,-0.001448
6,233.315173,31,1.550000,0.419925,0.414663,0.415840,-0.330985,-0.326953,-0.293118,0.999892,-0.010293,0.010457,-0.000220,0.010772,-0.012034,0.000432,0.270453,-0.199078,0.206135,-0.001345
6,233.315173,32,1.600000,0.403376,0.398315,0.401184,-0.320510,-0.316647,-0.282995,0.999898,-0.010023,0.010156,-0.000208,0.000818,-0.001727,0.000394,0.270244,-0.102636,0.109515,-0.001239
6,233.315173,33,1.650000,0.387350,0.382483,0.387034,-0.310344,-0.306617,-0.273248,0.999899,-0.010003,0.010113,-0.000198,-0.004314,0.003749,0.000359,0.270052,-0.023347,0.029312,-0.001132
6,233.315173,34,1.700000,0.371833,0.367152,0.373372,-0.300228,-0.296616,-0.263854,0.999897,-0.010110,0.010206,-0.000189,-0.005481,0.005214,0.000327,0.269871,0.034237,-0.029617,-0.001026
6,233.315173,35,1.750000,0.356822,0.352321,0.360179,-0.290026,-0.286513,-0.254800,0.999894,-0.010247,0.010337,-0.000181,-0.003769,0.003733,0.000297,0.269694,0.069559,-0.066446,-0.000922
6,233.315173,36,1.800000,0.342320,0.337996,0.347439,-0.279700,-0.276280,-0.246078,0.999892,-0.010341,0.010430,-0.000174,-0.000291,0.000411,0.000271,0.269522,0.084921,-0.083266,-0.000823
6,233.315173,37,1.850000,0.328335,0.324182,0.335135,-0.269287,-0.265960,-0.237678,0.999892,-0.010349,0.010441,-0.000167,0.003955,-0.003752,0.000248,0.269353,0.084357,-0.083963,-0.000728
6,233.315173,38,1.900000,0.314871,0.310884,0.323251,-0.258871,-0.255639,-0.229593,0.999894,-0.010250,0.010347,-0.000161,0.008173,-0.007950,0.000227,0.269188,0.072641,-0.073222,-0.000640
6,233.315173,39,1.950000,0.301928,0.298102,0.311771,-0.248555,-0.245423,-0.221807,0.999898,-0.010045,0.010148,-0.000155,0.011805,-0.011611,0.000209,0.269029,0.054506,-0.055742,-0.000558
6,233.315173,40,2.000000,0.289500,0.285831,0.300681,-0.238442,-0.235416,-0.214308,0.999904,-0.009750,0.009858,-0.000150,0.014530,-0.014398,0.000193,0.268876,0.034096,-0.035676,-0.000483
6,233.315173,41,2.050000,0.277578,0.274060,0.289966,-0.228625,-0.225709,-0.207080,0.999911,-0.009387,0.009498,-0.000145,0.016235,-0.016182,0.000179,0.268729,0.014639,-0.016291,-0.000415
6,233.315173,42,2.100000,0.266146,0.262774,0.279612,-0.219171,-0.216368,-0.200112,0.999918,-0.008981,0.009094,-0.000141,0.016967,-0.016996,0.000167,0.268587,-0.001678,0.000165,-0.000355
6,233.315173,43,2.150000,0.255188,0.251956,0.269606,-0.210124,-0.207436,-0.193390,0.999926,-0.008557,0.008669,-0.000137,0.016883,-0.016988,0.000157,0.268451,-0.013679,0.012450,-0.000301
6,233.315173,44,2.200000,0.244682,0.241584,0.259937,-0.201505,-0.198929,-0.186907,0.999933,-0.008135,0.008244,-0.000133,0.016200,-0.016365,0.000149,0.268319,-0.021062,0.020196,-0.000253
6,233.315173,45,2.250000,0.234606,0.231638,0.250591,-0.193312,-0.190847,-0.180653,0.999939,-0.007730,0.007835,-0.000129,0.015146,-0.015356,0.000142,0.268192,-0.024200,0.023716,-0.000211
6,233.315173,46,2.300000,0.224941,0.222095,0.241559,-0.185529,-0.183170,-0.174621,0.999945,-0.007352,0.007451,-0.000125,0.013937,-0.014170,0.000136,0.268070,-0.023907,0.023778,-0.000176
6,233.315173,47,2.350000,0.215664,0.212937,0.232828,-0.178131,-0.175872,-0.168804,0.999950,-0.007003,0.007097,-0.000122,0.012741,-0.012981,0.000131,0.267951,-0.021220,0.021386,-0.000145
6,233.315173,48,2.400000,0.206758,0.204143,0.224387,-0.171088,-0.168923,-0.163197,0.999955,-0.006685,0.006772,-0.000119,0.011680,-0.011911,0.000127,0.267837,-0.017206,0.017590,-0.000119
6,233.315173,49,2.450000,0.198204,0.195697,0.216228,-0.164369,-0.162293,-0.157793,0.999959,-0.006393,0.006474,-0.000116,0.010820,-0.011032,0.000123,0.267726,-0.012820,0.013337,-0.000097
6,233.315173,50,2.500000,0.189985,0.187583,0.208338,-0.157949,-0.155955,-0.152586,0.999962,-0.006122,0.006199,-0.000113,0.010179,-0.010365,0.000120,0.267620,-0.008806,0.009376,-0.000079
6,233.315173,51,2.550000,0.182088,0.179785,0.200709,-0.151804,-0.149888,-0.147569,0.999965,-0.005868,0.005939,-0.000109,0.009739,-0.009896,0.000118,0.267517,-0.005649,0.006205,-0.000065
6,233.315173,52,2.600000,0.174497,0.172290,0.193330,-0.145919,-0.144075,-0.142736,0.999968,-0.005624,0.005692,-0.000107,0.009457,-0.009586,0.000116,0.267418,-0.003579,0.004068,-0.000054
6,233.315173,53,2.650000,0.167201,0.165087,0.186193,-0.140281,-0.138505,-0.138081,0.999971,-0.005388,0.005452,-0.000104,0.009278,-0.009382,0.000115,0.267322,-0.002598,0.002986,-0.000045
6,233.315173,54,2.700000,0.160187,0.158162,0.179289,-0.134882,-0.133171,-0.133599,0.999973,-0.005156,0.005218,-0.000101,0.009148,-0.009233,0.000113,0.267229,-0.002540,0.002809,-0.000039
6,233.315173,55,2.750000,0.153443,0.151503,0.172609,-0.129718,-0.128069,-0.129284,0.999975,-0.004927,0.004987,-0.000098,0.009021,-0.009093,0.000112,0.267139,-0.003134,0.003282,-0.000035
6,233.315173,56,2.800000,0.146957,0.145100,0.166145,-0.124783,-0.123194,-0.125130,0.999978,-0.004702,0.004760,-0.000095,0.008864,-0.008928,0.000111,0.267053,-0.004072,0.004112,-0.000033
6,233.315173,57,2.850000,0.140718,0.138940,0.159889,-0.120075,-0.118544,-0.121132,0.999980,-0.004480,0.004536,-0.000092,0.008661,-0.008723,0.000110,0.266969,-0.005076,0.005025,-0.000032
6,233.315173,58,2.900000,0.134714,0.133013,0.153832,-0.115589,-0.114115,-0.117286,0.999982,-0.004264,0.004318,-0.000090,0.008407,-0.008472,0.000110,0.266888,-0.005935,0.005818,-0.000032
6,233.315173,59,2.950000,0.128935,0.127307,0.147968,-0.111320,-0.109900,-0.113585,0.999983,-0.004054,0.004107,-0.000087,0.008110,-0.008181,0.000109,0.266809,-0.006539,0.006385,-0.000033
6,233.315173,60,3.000000,0.123369,0.121812,0.142288,-0.107262,-0.105895,-0.110027,0.999985,-0.003851,0.003902,-0.000084,0.007783,-0.007861,0.000108,0.266733,-0.006885,0.006720,-0.000035
6,233.315173,61,3.050000,0.118006,0.116517,0.136787,-0.103407,-0.102091,-0.106605,0.999986,-0.003656,0.003706,-0.000081,0.007439,-0.007525,0.000107,0.266660,-0.007066,0.006915,-0.000037
6,233.315173,62,3.100000,0.112836,0.111413,0.131457,-0.099747,-0.098481,-0.103317,0.999988,-0.003470,0.003517,-0.000079,0.007086,-0.007179,0.000106,0.266589,-0.007239,0.007125,-0.000039
6,233.315173,63,3.150000,0.107848,0.106489,0.126291,-0.096274,-0.095054,-0.100158,0.999989,-0.003293,0.003338,-0.000076,0.006724,-0.006823,0.000105,0.266520,-0.007588,0.007528,-0.000042
6,233.315173,64,3.200000,0.103034,0.101736,0.121283,-0.092979,-0.091804,-0.097125,0.999990,-0.003125,0.003167,-0.000074,0.006344,-0.006447,0.000103,0.266453,-0.008271,0.008277,-0.000044
6,233.315173,65,3.250000,0.098386,0.097146,0.116427,-0.089853,-0.088720,-0.094213,0.999991,-0.002966,0.003006,-0.000071,0.005931,-0.006033,0.000102,0.266388,-0.009371,0.009450,-0.000046
6,233.315173,66,3.300000,0.093893,0.092710,0.111716,-0.086886,-0.085794,-0.091419,0.999992,-0.002818,0.002855,-0.000068,0.005462,-0.005560,0.000101,0.266326,-0.010855,0.011007,-0.000048
6,233.315173,67,3.350000,0.089549,0.088420,0.107145,-0.084070,-0.083014,-0.088739,0.999993,-0.002682,0.002716,-0.000066,0.004919,-0.005010,0.000099,0.266265,-0.012542,0.012760,-0.000050
6,233.315173,68,3.400000,0.085345,0.084269,0.102708,-0.081391,-0.080370,-0.086170,0.999993,-0.002559,0.002591,-0.000063,0.004292,-0.004372,0.000098,0.266206,-0.014095,0.014366,-0.000051
6,233.315173,69,3.450000,0.081276,0.080251,0.098400,-0.078836,-0.077847,-0.083710,0.999994,-0.002451,0.002482,-0.000061,0.003588,-0.003654,0.000097,0.266149,-0.015038,0.015341,-0.000051
6,233.315173,70,3.500000,0.077334,0.076358,0.094214,-0.076390,-0.075431,-0.081354,0.999994,-0.002362,0.002390,-0.000058,0.002836,-0.002887,0.000095,0.266093,-0.014804,0.015112,-0.000051
6,233.315173,71,3.550000,0.073514,0.072587,0.090147,-0.074034,-0.073103,-0.079100,0.999995,-0.002291,0.002318,-0.000056,0.002096,-0.002131,0.000094,0.266039,-0.012813,0.013092,-0.000050
6,233.315173,72,3.600000,0.069813,0.068932,0.086192,-0.071749,-0.070846,-0.076945,0.999995,-0.002238,0.002265,-0.000054,0.001455,-0.001476,0.000092,0.265987,-0.008575,0.008787,-0.000048
6,233.315173,73,3.650000,0.066225,0.065389,0.082344,-0.069518,-0.068641,-0.074887,0.999995,-0.002202,0.002228,-0.000051,0.001026,-0.001037,0.000091,0.265936,-0.001815,0.001923,-0.000046
6,233.315173,74,3.700000,0.062749,0.061957,0.078600,-0.067323,-0.066472,-0.072923,0.999995,-0.002176,0.002202,-0.000049,0.000935,-0.000941,0.000090,0.265886,0.007398,-0.007427,-0.000043
6,233.315173,75,3.750000,0.059383,0.058634,0.074954,-0.065154,-0.064329,-0.071050,0.999995,-0.002153,0.002179,-0.000047,0.001305,-0.001312,0.000088,0.265838,0.018527,-0.018718,-0.000039
6,233.315173,76,3.800000,0.056125,0.055417,0.071401,-0.063009,-0.062210,-0.069267,0.999995,-0.002120,0.002146,-0.000045,0.002232,-0.002248,0.000087,0.265791,0.030487,-0.030846,-0.000035
6,233.315173,77,3.850000,0.052975,0.052307,0.067938,-0.060897,-0.060123,-0.067571,0.999996,-0.002065,0.002090,-0.000043,0.003756,-0.003790,0.000086,0.265745,0.041613,-0.042125,-0.000031
6,233.315173,78,3.900000,0.049930,0.049301,0.064559,-0.058840,-0.058091,-0.065960,0.999996,-0.001971,0.001995,-0.000040,0.005837,-0.005897,0.000085,0.265700,0.049719,-0.050343,-0.000026
6,233.315173,79,3.950000,0.046988,0.046396,0.061261,-0.056876,-0.056151,-0.064431,0.999997,-0.001825,0.001848,-0.000038,0.008323,-0.008414,0.000085,0.265656,0.052264,-0.052925,-0.000021
6,233.315173,80,4.000000,0.044144,0.043589,0.058040,-0.055059,-0.054356,-0.062981,0.999997,-0.001617,0.001637,-0.000036,0.010936,-0.011060,0.000084,0.265614,0.046627,-0.047221,-0.000016
6,233.315173,81,4.050000,0.041391,0.040871,0.054891,-0.053448,-0.052766,-0.061608,0.999998,-0.001343,0.001361,-0.000034,0.013267,-0.013421,0.000084,0.265573,0.030522,-0.030916,-0.000011
6,233.315173,82,4.100000,0.038719,0.038232,0.051810,-0.052110,-0.051445,-0.060310,0.999999,-0.001012,0.001025,-0.000032,0.014793,-0.014967,0.000083,0.265532,0.002502,-0.002547,-0.000007
6,233.315173,83,4.150000,0.036114,0.035660,0.048795,-0.051101,-0.050450,-0.059087,1.000000,-0.000642,0.000651,-0.000030,0.014919,-0.015094,0.000083,0.265491,-0.037461,0.037915,-0.000003
6,233.315173,84,4.200000,0.033558,0.033138,0.045841,-0.050461,-0.049819,-0.057938,1.000000,-0.000269,0.000274,-0.000028,0.013046,-0.013198,0.000083,0.265450,-0.087406,0.088479,-0.000001
6,233.315173,85,4.250000,0.031035,0.030647,0.042944,-0.050192,-0.049554,-0.056863,1.000000,0.000057,-0.000056,-0.000026,0.008675,-0.008774,0.000083,0.265410,-0.142902,0.144660,-0.000000
6,233.315173,86,4.300000,0.028526,0.028169,0.040101,-0.050248,-0.049611,-0.055863,1.000000,0.000274,-0.000276,-0.000024,0.001530,-0.001541,0.000083,0.265372,-0.196790,0.199208,-0.000002
6,233.315173,87,4.350000,0.026013,0.025689,0.037307,-0.050519,-0.049880,-0.054933,1.000000,0.000312,-0.000314,-0.000022,-0.008309,0.008419,0.000083,0.265337,-0.239288,0.242218,-0.000006
6,233.315173,88,4.400000,0.023487,0.023194,0.034561,-0.050828,-0.050187,-0.054070,1.000000,0.000105,-0.000104,-0.000020,-0.020274,0.020530,0.000083,0.265305,-0.258607,0.261756,-0.000014
6,233.315173,89,4.450000,0.020946,0.020685,0.031857,-0.050930,-0.050290,-0.053263,1.000000,-0.000402,0.000409,-0.000017,-0.033204,0.033618,0.000082,0.265277,-0.242239,0.245161,-0.000027
6,233.315173,90,4.500000,0.018400,0.018171,0.029194,-0.050527,-0.049895,-0.052510,0.999998,-0.001232,0.001250,-0.000015,-0.045316,0.045876,0.000082,0.265246,-0.179040,0.181154,-0.000045
6,233.315173,91,4.550000,0.015873,0.015676,0.026569,-0.049299,-0.048685,-0.051817,0.999994,-0.002365,0.002397,-0.000013,-0.054268,0.054933,0.000080,0.265208,-0.062186,0.062839,-0.000069
6,233.315173,92,4.600000,0.013408,0.013242,0.023978,-0.046945,-0.046362,-0.051203,0.999986,-0.003722,0.003770,-0.000011,-0.057378,0.058075,0.000078,0.265156,0.106994,-0.108425,-0.000102
6,233.315173,93,4.650000,0.011061,0.010924,0.021418,-0.043243,-0.042707,-0.050701,0.999973,-0.005156,0.005222,-0.000009,-0.052028,0.052654,0.000075,0.265092,0.314437,-0.318391,-0.000144
6,233.315173,94,4.700000,0.008899,0.008788,0.018883,-0.038116,-0.037645,-0.050343,0.999958,-0.006457,0.006538,-0.000007,-0.036307,0.036734,0.000071,0.265033,0.528088,-0.534611,-0.000197
6,233.315173,95,4.750000,0.006993,0.006906,0.016366,-0.031698,-0.031307,-0.050123,0.999945,-0.007364,0.007457,-0.000006,-0.009902,0.010003,0.000066,0.265008,0.691932,-0.700393,-0.000264
6,233.315173,96,4.800000,0.005408,0.005341,0.013859,-0.024379,-0.024079,-0.049975,0.999941,-0.007612,0.007707,-0.000004,0.024694,-0.025016,0.000058,0.265048,0.719452,-0.728179,-0.000345
6,233.315173,97,4.850000,0.004189,0.004137,0.011361,-0.016814,-0.016607,-0.049761,0.999950,-0.006995,0.007081,-0.000003,0.060667,-0.061425,0.000048,0.265163,0.486808,-0.492636,-0.000444
6,233.315173,98,4.900000,0.003349,0.003306,0.008873,-0.009860,-0.009739,-0.049316,0.999970,-0.005478,0.005546,-0.000001,0.085008,-0.086057,0.000036,0.264545,-0.173198,0.175451,-0.000565
6,233.315173,99,4.950000,0.002856,0.002819,0.006407,-0.004426,-0.004371,-0.049977,0.999989,-0.003353,0.003394,-0.000000,0.076348,-0.077284,0.000020,0.291882,-1.525899,1.544623,-0.000711
6,233.315173,100,5.000000,0.002634,0.002601,0.003908,-0.000757,-0.000747,0.000022,0.999998,-0.001444,0.001462,-0.000000,0.000053,-0.000053,-0.000000,0,0,0,0
7,239.620906,0,0.000000,1.011248,0.999042,0.981458,-0.013710,-0.010796,0.000636,0.999993,0.002501,-0.002667,0.000002,0.000000,0.000000,0.000000,0.237876,27.823404,-27.206560,-0.274668
7,239.620906,1,0.050000,1.010562,0.998502,0.981490,-0.016060,-0.012999,-0.049364,0.999993,0.002501,-0.002667,0.000002,1.391170,-1.360328,-0.007807,0.237876,-12.636515,11.525158,0.084820
7,239.620906,2,0.100000,1.009759,0.997852,0.979022,-0.018410,-0.015202,-0.099364,0.998635,0.037236,-0.036631,-0.000186,0.758941,-0.784482,-0.005396,0.239175,-15.119784,15.692995,0.061428
7,239.620906,3,0.150000,1.008839,0.997092,0.974053,-0.050821,-0.048136,-0.149364,0.996839,0.056164,-0.056194,-0.000355,0.002792,0.000012,-0.003650,0.240911,-0.256799,0.140146,0.039612
7,239.620906,4,0.200000,1.006298,0.994685,0.966585,-0.100821,-0.098073,-0.199364,0.996835,0.056239,-0.056189,-0.000442,-0.010048,0.007019,-0.002524,0.240915,0.401237,-0.280529,0.030490
7,239.620906,5,0.250000,1.001257,0.989782,0.956617,-0.150820,-0.148073,-0.249364,0.996859,0.055992,-0.056010,-0.000510,0.010014,-0.007007,-0.001658,0.240892,-0.200074,0.140593,0.025356
7,239.620906,6,0.300000,0.993716,0.982378,0.944149,-0.200661,-0.197846,-0.299364,0.996835,0.056244,-0.056183,-0.000547,0.000010,0.000023,-0.000937,0.240915,-0.001293,0.000043,0.020270
7,239.620906,7,0.350000,0.983683,0.972486,0.929181,-0.250660,-0.247845,-0.349364,0.996835,0.056246,-0.056181,-0.000570,-0.000055,0.000025,-0.000361,0.240915,-0.001994,0.002744,0.015817
7,239.620906,8,0.400000,0.971150,0.960094,0.911712,-0.300659,-0.297844,-0.399364,0.996835,0.056245,-0.056180,-0.000579,-0.000154,0.000162,0.000089,0.240915,-0.743615,0.739937,0.012021
7,239.620906,9,0.450000,0.956117,0.945201,0.891744,-0.350658,-0.347842,-0.449363,0.996835,0.056241,-0.056176,-0.000577,-0.037335,0.037159,0.000431,0.240915,-2.303955,2.301378,0.008833
7,239.620906,10,0.500000,0.938584,0.927809,0.869276,-0.400652,-0.397837,-0.499362,0.996939,0.055310,-0.055250,-0.000566,-0.152533,0.152227,0.000682,0.240815,-2.369694,2.297734,0.006135
7,239.620906,11,0.550000,0.918551,0.907917,0.844308,-0.449807,-0.446990,-0.549360,0.997346,0.051509,-0.051454,-0.000549,-0.271022,0.267110,0.000856,0.262921,-1.352890,1.233647,0.003599
7,239.620906,12,0.600000,0.896061,0.885568,0.816840,-0.499807,-0.496987,-0.558131,0.997993,0.044752,-0.044789,-0.000533,-0.338675,0.328783,0.000958,0.294228,-1.804838,1.808840,0.001391
7,239.620906,13,0.650000,0.871071,0.860719,0.788933,-0.548543,-0.545631,-0.508132,0.998671,0.036303,-0.036580,-0.000520,-0.428929,0.419213,0.000998,0.239141,-1.118819,1.186633,0.000180
7,239.620906,14,0.700000,0.843644,0.833437,0.763527,-0.580916,-0.577725,-0.558131,0.999331,0.025595,-0.026106,-0.000507,-0.484886,0.478528,0.001003,0.292652,-0.074983,0.160024,-0.000411
7,239.620906,15,0.750000,0.814598,0.804551,0.735620,-0.609207,-0.605435,-0.508132,0.999809,0.013485,-0.014143,-0.000492,-0.488653,0.486511,0.000991,0.268048,0.936709,-0.859077,-0.000703
7,239.620906,16,0.800000,0.784137,0.774279,0.710214,-0.623252,-0.618813,-0.502626,0.999997,0.001276,-0.001977,-0.000476,-0.441836,0.443539,0.000971,0.275062,1.621855,-1.563253,-0.000901
7,239.620906,17,0.850000,0.752975,0.743338,0.685082,-0.625267,-0.620113,-0.483757,0.999911,-0.009763,0.009116,-0.000459,-0.360760,0.365360,0.000946,0.275801,1.994215,-1.958458,-0.001082
7,239.620906,18,0.900000,0.721711,0.712333,0.660894,-0.615952,-0.610145,-0.463697,0.999657,-0.018775,0.018252,-0.000443,-0.261062,0.267424,0.000915,0.275602,2.080782,-2.066885,-0.001268
7,239.620906,19,0.950000,0.690914,0.681825,0.637710,-0.597319,-0.590995,-0.444523,0.999369,-0.025295,0.024937,-0.000426,-0.157032,0.164071,0.000879,0.274807,1.938880,-1.943841,-0.001447
7,239.620906,20,1.000000,0.661048,0.652276,0.615483,-0.571943,-0.565276,-0.427405,0.999151,-0.029216,0.029038,-0.000410,-0.060094,0.066873,0.000838,0.273885,1.624411,-1.644154,-0.001600
7,239.620906,21,1.050000,0.632451,0.624012,0.594113,-0.542500,-0.535677,-0.412432,0.999056,-0.030715,0.030710,-0.000394,0.021125,-0.015336,0.000792,0.273124,1.197818,-1.227127,-0.001708
7,239.620906,22,1.100000,0.605326,0.597228,0.573492,-0.511452,-0.504648,-0.399056,0.999084,-0.030187,0.030327,-0.000379,0.081016,-0.076692,0.000744,0.272627,0.729063,-0.761962,-0.001760
7,239.620906,23,1.150000,0.579753,0.571996,0.553539,-0.480846,-0.474207,-0.386540,0.999199,-0.028164,0.028411,-0.000364,0.117471,-0.114788,0.000694,0.272350,0.288064,-0.319083,-0.001755
7,239.620906,24,1.200000,0.555711,0.548285,0.534212,-0.452200,-0.445831,-0.374303,0.999355,-0.025230,0.025543,-0.000349,0.131878,-0.130739,0.000644,0.272177,-0.071341,0.046021,-0.001707
7,239.620906,25,1.250000,0.533101,0.525994,0.515497,-0.426459,-0.420423,-0.362070,0.999511,-0.021935,0.022276,-0.000335,0.128314,-0.128434,0.000595,0.272007,-0.320918,0.303130,-0.001628
7,239.620906,26,1.300000,0.511778,0.504973,0.497393,-0.404021,-0.398343,-0.349838,0.999643,-0.018730,0.019065,-0.000321,0.112271,-0.113275,0.000549,0.271788,-0.457370,0.447262,-0.001532
7,239.620906,27,1.350000,0.491577,0.485055,0.479901,-0.384830,-0.379502,-0.337746,0.999741,-0.015924,0.016234,-0.000308,0.089405,-0.090910,0.000505,0.271519,-0.495453,0.492038,-0.001427
7,239.620906,28,1.400000,0.472335,0.466080,0.463014,-0.368505,-0.363497,-0.325952,0.999809,-0.013690,0.013961,-0.000295,0.064634,-0.066306,0.000465,0.271229,-0.459677,0.461364,-0.001318
7,239.620906,29,1.450000,0.453910,0.447905,0.446716,-0.354478,-0.349751,-0.314561,0.999851,-0.012075,0.012303,-0.000284,0.041651,-0.043237,0.000427,0.270945,-0.377278,0.382300,-0.001209
7,239.620906,30,1.500000,0.436186,0.430418,0.430988,-0.342130,-0.337639,-0.303609,0.999876,-0.011034,0.011223,-0.000273,0.022788,-0.024121,0.000393,0.270685,-0.273330,0.280033,-0.001099
7,239.620906,31,1.550000,0.419080,0.413536,0.415808,-0.330878,-0.326581,-0.293089,0.999889,-0.010465,0.010620,-0.000263,0.009122,-0.010119,0.000362,0.270454,-0.167944,0.174961,-0.000990
7,239.620906,32,1.600000,0.402536,0.397207,0.401153,-0.320239,-0.316103,-0.282970,0.999894,-0.010237,0.010367,-0.000253,0.000725,-0.001371,0.000334,0.270247,-0.075143,0.081478,-0.000884
7,239.620906,33,1.650000,0.386524,0.381402,0.387005,-0.309861,-0.305861,-0.273226,0.999894,-0.010218,0.010332,-0.000245,-0.003033,0.002703,0.000309,0.270055,-0.002957,0.007989,-0.000781
7,239.620906,34,1.700000,0.371031,0.366109,0.373344,-0.299525,-0.295644,-0.263836,0.999893,-0.010294,0.010400,-0.000237,-0.003180,0.003103,0.000286,0.269872,0.045726,-0.042278,-0.000683
7,239.620906,35,1.750000,0.356054,0.351326,0.360152,-0.289129,-0.285359,-0.254787,0.999891,-0.010373,0.010478,-0.000230,-0.000894,0.000989,0.000267,0.269694,0.071926,-0.070069,-0.000591
7,239.620906,36,1.800000,0.341598,0.337058,0.347412,-0.278662,-0.275000,-0.246071,0.999891,-0.010396,0.010503,-0.000223,0.002702,-0.002515,0.000250,0.269521,0.079234,-0.078776,-0.000505
7,239.620906,37,1.850000,0.327665,0.323308,0.335109,-0.268177,-0.264627,-0.237676,0.999892,-0.010328,0.010440,-0.000217,0.006664,-0.006454,0.000236,0.269351,0.072571,-0.073202,-0.000427
7,239.620906,38,1.900000,0.314256,0.310077,0.323225,-0.257761,-0.254327,-0.229593,0.999896,-0.010162,0.010278,-0.000211,0.010292,-0.010114,0.000224,0.269187,0.057169,-0.058529,-0.000356
7,239.620906,39,1.950000,0.301368,0.297361,0.311745,-0.247513,-0.244199,-0.221807,0.999901,-0.009904,0.010026,-0.000206,0.013151,-0.013040,0.000214,0.269028,0.037821,-0.039552,-0.000294
7,239.620906,40,2.000000,0.288992,0.285151,0.300655,-0.237522,-0.234333,-0.214305,0.999907,-0.009576,0.009700,-0.000200,0.015042,-0.015018,0.000205,0.268875,0.018407,-0.020198,-0.000239
7,239.620906,41,2.050000,0.277116,0.273434,0.289940,-0.227862,-0.224800,-0.207073,0.999914,-0.009200,0.009324,-0.000195,0.015963,-0.016027,0.000198,0.268728,0.001664,-0.003274,-0.000192
7,239.620906,42,2.100000,0.265723,0.262194,0.279586,-0.218581,-0.215647,-0.200100,0.999921,-0.008801,0.008923,-0.000190,0.016046,-0.016191,0.000193,0.268586,-0.010828,0.009561,-0.000153
7,239.620906,43,2.150000,0.254794,0.251412,0.269581,-0.209703,-0.206895,-0.193374,0.999928,-0.008399,0.008519,-0.000185,0.015505,-0.015713,0.000189,0.268450,-0.018527,0.017685,-0.000120
7,239.620906,44,2.200000,0.244309,0.241067,0.259912,-0.201232,-0.198546,-0.186887,0.999935,-0.008012,0.008126,-0.000181,0.014578,-0.014828,0.000185,0.268318,-0.021711,0.021307,-0.000093
7,239.620906,45,2.250000,0.234247,0.231140,0.250568,-0.193156,-0.190586,-0.180631,0.999941,-0.007647,0.007755,-0.000176,0.013493,-0.013763,0.000183,0.268191,-0.021213,0.021206,-0.000071
7,239.620906,46,2.300000,0.224590,0.221611,0.241537,-0.185452,-0.182991,-0.174598,0.999946,-0.007310,0.007411,-0.000172,0.012432,-0.012703,0.000181,0.268069,-0.018168,0.018479,-0.000055
7,239.620906,47,2.350000,0.215317,0.212461,0.232807,-0.178093,-0.175735,-0.168783,0.999950,-0.006999,0.007094,-0.000167,0.011524,-0.011778,0.000179,0.267950,-0.013776,0.014309,-0.000043
7,239.620906,48,2.400000,0.206412,0.203674,0.224367,-0.171052,-0.168790,-0.163177,0.999954,-0.006711,0.006799,-0.000163,0.010835,-0.011063,0.000178,0.267836,-0.009125,0.009779,-0.000034
7,239.620906,49,2.450000,0.197860,0.195235,0.216209,-0.164307,-0.162134,-0.157775,0.999958,-0.006441,0.006522,-0.000158,0.010379,-0.010574,0.000177,0.267726,-0.005072,0.005754,-0.000029
7,239.620906,50,2.500000,0.189644,0.187128,0.208320,-0.157839,-0.155749,-0.152569,0.999961,-0.006181,0.006258,-0.000154,0.010126,-0.010286,0.000176,0.267619,-0.002172,0.002807,-0.000027
7,239.620906,51,2.550000,0.181753,0.179341,0.200691,-0.151635,-0.149624,-0.147554,0.999964,-0.005928,0.006001,-0.000149,0.010017,-0.010146,0.000175,0.267517,-0.000676,0.001210,-0.000027
7,239.620906,52,2.600000,0.174171,0.171859,0.193314,-0.145689,-0.143751,-0.142723,0.999967,-0.005678,0.005747,-0.000145,0.009983,-0.010085,0.000174,0.267417,-0.000559,0.000960,-0.000028
7,239.620906,53,2.650000,0.166886,0.164672,0.186178,-0.139996,-0.138129,-0.138071,0.999970,-0.005428,0.005495,-0.000140,0.009956,-0.010037,0.000174,0.267322,-0.001581,0.001837,-0.000032
7,239.620906,54,2.700000,0.159887,0.157765,0.179274,-0.134554,-0.132756,-0.133590,0.999973,-0.005179,0.005244,-0.000136,0.009877,-0.009945,0.000173,0.267229,-0.003364,0.003481,-0.000036
7,239.620906,55,2.750000,0.153159,0.151128,0.172595,-0.129363,-0.127631,-0.129275,0.999975,-0.004932,0.004996,-0.000132,0.009708,-0.009771,0.000172,0.267139,-0.005472,0.005471,-0.000042
7,239.620906,56,2.800000,0.146691,0.144746,0.166131,-0.124420,-0.122752,-0.125121,0.999978,-0.004689,0.004751,-0.000128,0.009435,-0.009497,0.000170,0.267053,-0.007490,0.007396,-0.000048
7,239.620906,57,2.850000,0.140470,0.138608,0.159875,-0.119720,-0.118114,-0.121124,0.999980,-0.004454,0.004514,-0.000123,0.009060,-0.009128,0.000169,0.266969,-0.009079,0.008923,-0.000055
7,239.620906,58,2.900000,0.134484,0.132703,0.153819,-0.115257,-0.113711,-0.117277,0.999982,-0.004227,0.004286,-0.000119,0.008607,-0.008681,0.000168,0.266888,-0.010022,0.009835,-0.000062
7,239.620906,59,2.950000,0.128721,0.127017,0.147955,-0.111020,-0.109533,-0.113576,0.999984,-0.004012,0.004069,-0.000115,0.008105,-0.008190,0.000166,0.266809,-0.010245,0.010055,-0.000069
7,239.620906,60,3.000000,0.123170,0.121540,0.142276,-0.106999,-0.105569,-0.110017,0.999985,-0.003809,0.003864,-0.000111,0.007593,-0.007687,0.000164,0.266733,-0.009818,0.009648,-0.000076
7,239.620906,61,3.050000,0.117820,0.116262,0.136775,-0.103181,-0.101806,-0.106596,0.999987,-0.003620,0.003672,-0.000107,0.007102,-0.007204,0.000162,0.266660,-0.008933,0.008801,-0.000082
7,239.620906,62,3.100000,0.112661,0.111172,0.131445,-0.099555,-0.098232,-0.103308,0.999988,-0.003442,0.003492,-0.000103,0.006656,-0.006764,0.000159,0.266589,-0.007867,0.007786,-0.000088
7,239.620906,63,3.150000,0.107683,0.106260,0.126280,-0.096107,-0.094834,-0.100149,0.999989,-0.003276,0.003323,-0.000099,0.006262,-0.006375,0.000157,0.266520,-0.006935,0.006915,-0.000094
7,239.620906,64,3.200000,0.102878,0.101518,0.121272,-0.092827,-0.091601,-0.097116,0.999990,-0.003119,0.003163,-0.000095,0.005916,-0.006029,0.000154,0.266453,-0.006431,0.006478,-0.000099
7,239.620906,65,3.250000,0.098236,0.096938,0.116416,-0.089705,-0.088523,-0.094204,0.999991,-0.002971,0.003012,-0.000091,0.005594,-0.005705,0.000151,0.266388,-0.006572,0.006684,-0.000103
7,239.620906,66,3.300000,0.093751,0.092512,0.111706,-0.086733,-0.085592,-0.091410,0.999992,-0.002831,0.002870,-0.000087,0.005266,-0.005371,0.000148,0.266326,-0.007440,0.007617,-0.000107
7,239.620906,67,3.350000,0.089415,0.088233,0.107136,-0.083902,-0.082800,-0.088731,0.999993,-0.002700,0.002736,-0.000083,0.004894,-0.004990,0.000145,0.266265,-0.008949,0.009182,-0.000110
7,239.620906,68,3.400000,0.085219,0.084093,0.102699,-0.081204,-0.080138,-0.086163,0.999993,-0.002577,0.002611,-0.000080,0.004446,-0.004531,0.000142,0.266206,-0.010818,0.011096,-0.000111
7,239.620906,69,3.450000,0.081159,0.080086,0.098391,-0.078629,-0.077597,-0.083702,0.999994,-0.002466,0.002498,-0.000076,0.003905,-0.003976,0.000139,0.266149,-0.012579,0.012885,-0.000112
7,239.620906,70,3.500000,0.077228,0.076206,0.094206,-0.076167,-0.075166,-0.081347,0.999994,-0.002369,0.002398,-0.000073,0.003276,-0.003332,0.000136,0.266093,-0.013617,0.013929,-0.000112
7,239.620906,71,3.550000,0.073419,0.072448,0.090139,-0.073804,-0.072832,-0.079093,0.999995,-0.002287,0.002315,-0.000069,0.002596,-0.002635,0.000133,0.266039,-0.013237,0.013526,-0.000112
7,239.620906,72,3.600000,0.069729,0.068806,0.086184,-0.071523,-0.070579,-0.076939,0.999995,-0.002222,0.002249,-0.000066,0.001934,-0.001959,0.000129,0.265987,-0.010771,0.011005,-0.000110
7,239.620906,73,3.650000,0.066153,0.065277,0.082337,-0.069307,-0.068390,-0.074881,0.999995,-0.002173,0.002200,-0.000063,0.001395,-0.001409,0.000126,0.265936,-0.005713,0.005856,-0.000107
7,239.620906,74,3.700000,0.062688,0.061857,0.078593,-0.067140,-0.066250,-0.072917,0.999995,-0.002138,0.002165,-0.000060,0.001110,-0.001116,0.000123,0.265886,0.002136,-0.002119,-0.000104
7,239.620906,75,3.750000,0.059331,0.058545,0.074947,-0.065008,-0.064144,-0.071044,0.999995,-0.002111,0.002137,-0.000057,0.001216,-0.001222,0.000120,0.265838,0.012517,-0.012652,-0.000100
7,239.620906,76,3.800000,0.056080,0.055338,0.071395,-0.062904,-0.062066,-0.069261,0.999996,-0.002080,0.002106,-0.000054,0.001842,-0.001855,0.000118,0.265791,0.024586,-0.024889,-0.000095
7,239.620906,77,3.850000,0.052935,0.052234,0.067932,-0.060831,-0.060018,-0.067565,0.999996,-0.002034,0.002060,-0.000051,0.003072,-0.003099,0.000115,0.265745,0.036846,-0.037313,-0.000090
7,239.620906,78,3.900000,0.049893,0.049234,0.064554,-0.058803,-0.058016,-0.065953,0.999996,-0.001957,0.001982,-0.000048,0.004914,-0.004965,0.000112,0.265700,0.047153,-0.047752,-0.000084
7,239.620906,79,3.950000,0.046953,0.046333,0.061256,-0.056852,-0.056090,-0.064424,0.999997,-0.001835,0.001858,-0.000045,0.007272,-0.007352,0.000110,0.265656,0.052842,-0.053509,-0.000078
7,239.620906,80,4.000000,0.044111,0.043528,0.058035,-0.055024,-0.054285,-0.062975,0.999997,-0.001653,0.001675,-0.000042,0.009914,-0.010028,0.000108,0.265614,0.050982,-0.051618,-0.000072
7,239.620906,81,4.050000,0.041360,0.040814,0.054886,-0.053377,-0.052659,-0.061603,0.999998,-0.001405,0.001424,-0.000039,0.012463,-0.012609,0.000106,0.265573,0.038781,-0.039255,-0.000065
7,239.620906,82,4.100000,0.038691,0.038181,0.051806,-0.051976,-0.051277,-0.060306,0.999999,-0.001093,0.001109,-0.000037,0.014402,-0.014571,0.000104,0.265532,0.014132,-0.014289,-0.000059
7,239.620906,83,4.150000,0.036092,0.035617,0.048791,-0.050886,-0.050202,-0.059083,0.999999,-0.000733,0.000744,-0.000034,0.015109,-0.015286,0.000102,0.265491,-0.023743,0.024066,-0.000054
7,239.620906,84,4.200000,0.033548,0.033107,0.045836,-0.050154,-0.049481,-0.057933,1.000000,-0.000356,0.000362,-0.000032,0.013922,-0.014082,0.000101,0.265451,-0.073605,0.074552,-0.000050
7,239.620906,85,4.250000,0.031040,0.030633,0.042940,-0.049798,-0.049131,-0.056858,1.000000,-0.000008,0.000010,-0.000029,0.010241,-0.010355,0.000099,0.265411,-0.131575,0.133241,-0.000047
7,239.620906,86,4.300000,0.028550,0.028176,0.040097,-0.049788,-0.049124,-0.055857,1.000000,0.000248,-0.000249,-0.000027,0.003663,-0.003693,0.000098,0.265372,-0.190711,0.193102,-0.000046
7,239.620906,87,4.350000,0.026061,0.025720,0.037304,-0.050032,-0.049368,-0.054928,1.000000,0.000340,-0.000341,-0.000024,-0.005873,0.005963,0.000096,0.265336,-0.240947,0.243941,-0.000048
7,239.620906,88,4.400000,0.023559,0.023252,0.034558,-0.050368,-0.049702,-0.054065,1.000000,0.000193,-0.000192,-0.000022,-0.017920,0.018160,0.000095,0.265304,-0.269590,0.272908,-0.000054
7,239.620906,89,4.450000,0.021041,0.020767,0.031854,-0.050556,-0.049891,-0.053262,1.000000,-0.000255,0.000262,-0.000019,-0.031400,0.031805,0.000094,0.265275,-0.262557,0.265747,-0.000064
7,239.620906,90,4.500000,0.018513,0.018272,0.029191,-0.050299,-0.049641,-0.052512,0.999999,-0.001040,0.001057,-0.000017,-0.044528,0.045092,0.000092,0.265246,-0.206546,0.208997,-0.000079
7,239.620906,91,4.550000,0.015998,0.015790,0.026566,-0.049260,-0.048619,-0.051818,0.999995,-0.002153,0.002184,-0.000015,-0.054855,0.055542,0.000089,0.265209,-0.092250,0.093247,-0.000102
7,239.620906,92,4.600000,0.013535,0.013359,0.023975,-0.047115,-0.046505,-0.051199,0.999987,-0.003524,0.003573,-0.000013,-0.059468,0.060204,0.000087,0.265159,0.081338,-0.082508,-0.000132
7,239.620906,93,4.650000,0.011179,0.011034,0.021415,-0.043606,-0.043044,-0.050688,0.999975,-0.005011,0.005078,-0.000010,-0.055401,0.056078,0.000083,0.265096,0.301624,-0.305503,-0.000173
7,239.620906,94,4.700000,0.008999,0.008882,0.018880,-0.038620,-0.038124,-0.050320,0.999959,-0.006396,0.006480,-0.000008,-0.040320,0.040803,0.000078,0.265034,0.536195,-0.542921,-0.000226
7,239.620906,95,4.750000,0.007068,0.006976,0.016364,-0.032259,-0.031846,-0.050099,0.999944,-0.007404,0.007500,-0.000006,-0.013511,0.013657,0.000071,0.265004,0.725593,-0.734578,-0.000293
7,239.620906,96,4.800000,0.005455,0.005383,0.013860,-0.024898,-0.024579,-0.049960,0.999939,-0.007742,0.007841,-0.000005,0.022769,-0.023072,0.000063,0.265040,0.775194,-0.784701,-0.000377
7,239.620906,97,4.850000,0.004210,0.004154,0.011362,-0.017201,-0.016980,-0.049765,0.999948,-0.007172,0.007265,-0.000003,0.061529,-0.062307,0.000052,0.265156,0.546453,-0.553061,-0.000480
7,239.620906,98,4.900000,0.003350,0.003305,0.008873,-0.010067,-0.009937,-0.049337,0.999968,-0.005634,0.005707,-0.000002,0.088851,-0.089960,0.000039,0.264558,-0.151169,0.153194,-0.000609
7,239.620906,99,4.950000,0.002846,0.002809,0.006406,-0.004475,-0.004416,-0.049978,0.999988,-0.003413,0.003458,-0.000001,0.081293,-0.082300,0.000022,0.291883,-1.624900,1.645031,-0.000766
7,239.620906,100,5.000000,0.002623,0.002588,0.003908,-0.000737,-0.000727,0.000021,0.999998,-0.001381,0.001401,-0.000000,0.000048,-0.000048,-0.000000,0,0,0,0
8,242.419136,0,0.000000,1.011248,0.999042,0.981458,-0.013710,-0.010796,0.000636,0.999993,0.002501,-0.002667,0.000002,0.000000,0.000000,0.000000,0.237876,28.385413,-27.741306,-0.281157
8,242.419136,1,0.050000,1.010562,0.998502,0.981490,-0.016060,-0.012999,-0.049364,0.999993,0.002501,-0.002667,0.000002,1.419271,-1.387065,-0.007992,0.237876,-13.703623,12.594726,0.088759
8,242.419136,2,0.100000,1.009759,0.997852,0.979022,-0.018410,-0.015202,-0.099364,0.998584,0.037936,-0.037297,-0.000190,0.733669,-0.757759,-0.005469,0.239224,-14.670931,15.159490,0.063569
8,242.419136,3,0.150000,1.008839,0.997092,0.974053,-0.051416,-0.048760,-0.149364,0.996835,0.056234,-0.056193,-0.000361,-0.000035,0.000063,-0.003662,0.240915,-0.079656,0.031906,0.040813
8,242.419136,4,0.200000,1.006268,0.994654,0.966585,-0.101415,-0.098759,-0.199364,0.996835,0.056238,-0.056187,-0.000452,-0.004018,0.001658,-0.002502,0.240915,0.161379,-0.067459,0.031004
8,242.419136,5,0.250000,1.001197,0.989716,0.956617,-0.151413,-0.148758,-0.249364,0.996843,0.056141,-0.056142,-0.000518,0.004051,-0.001715,-0.001621,0.240907,-0.087262,0.039554,0.025357
8,242.419136,6,0.300000,0.993627,0.982278,0.944149,-0.201373,-0.198666,-0.299364,0.996835,0.056245,-0.056182,-0.000555,-0.000312,0.000263,-0.000900,0.240915,0.005508,-0.004188,0.019922
8,242.419136,7,0.350000,0.983558,0.972345,0.929181,-0.251372,-0.248665,-0.349363,0.996836,0.056238,-0.056174,-0.000577,-0.000037,0.000054,-0.000333,0.240915,0.002517,-0.002043,0.015239
8,242.419136,8,0.400000,0.970990,0.959912,0.911712,-0.301366,-0.298657,-0.399363,0.996836,0.056238,-0.056173,-0.000586,0.000089,-0.000049,0.000100,0.240915,-0.667416,0.663073,0.011307
8,242.419136,9,0.450000,0.955921,0.944979,0.891744,-0.351358,-0.348649,-0.449362,0.996836,0.056240,-0.056174,-0.000583,-0.033281,0.033105,0.000421,0.240915,-2.307649,2.305415,0.008055
8,242.419136,10,0.500000,0.938353,0.927547,0.869276,-0.401351,-0.398642,-0.499361,0.996928,0.055410,-0.055349,-0.000573,-0.148664,0.148375,0.000650,0.240826,-2.391975,2.311426,0.005338
8,242.419136,11,0.550000,0.918286,0.907614,0.844308,-0.450596,-0.447885,-0.549359,0.997326,0.051706,-0.051649,-0.000557,-0.268267,0.263943,0.000802,0.261928,-1.328267,1.197839,0.002779
8,242.419136,12,0.600000,0.895756,0.885220,0.816840,-0.500595,-0.497883,-0.559988,0.997969,0.045018,-0.045063,-0.000542,-0.334688,0.323827,0.000881,0.294257,-1.883185,1.890160,0.000591
8,242.419136,13,0.650000,0.870726,0.860326,0.788841,-0.549634,-0.546819,-0.509990,0.998643,0.036668,-0.036978,-0.000533,-0.428858,0.418323,0.000898,0.239168,-1.196351,1.273152,-0.000490
8,242.419136,14,0.700000,0.843245,0.832985,0.763341,-0.582362,-0.579238,-0.559988,0.999311,0.025963,-0.026526,-0.000523,-0.488690,0.481966,0.000884,0.292676,-0.114371,0.208284,-0.000910
8,242.419136,15,0.750000,0.814126,0.804023,0.735342,-0.611111,-0.607347,-0.509990,0.999800,0.013758,-0.014478,-0.000512,-0.494425,0.492364,0.000858,0.260592,0.940437,-0.856286,-0.001041
8,242.419136,16,0.800000,0.783571,0.773656,0.709842,-0.625088,-0.620616,-0.518297,0.999997,0.001406,-0.002165,-0.000500,-0.447419,0.449534,0.000828,0.291480,1.641426,-1.579033,-0.001108
8,242.419136,17,0.850000,0.752316,0.742625,0.683927,-0.627426,-0.622132,-0.469027,0.999911,-0.009773,0.009078,-0.000488,-0.365362,0.370568,0.000797,0.267697,2.021671,-1.984586,-0.001186
8,242.419136,18,0.900000,0.720945,0.711518,0.660476,-0.618421,-0.612448,-0.463969,0.999653,-0.018900,0.018345,-0.000476,-0.264289,0.271328,0.000763,0.275897,2.109486,-2.096198,-0.001288
8,242.419136,19,0.950000,0.690024,0.680896,0.637278,-0.599673,-0.593151,-0.444257,0.999359,-0.025500,0.025128,-0.000463,-0.158823,0.166510,0.000726,0.274940,1.963757,-1.970830,-0.001397
8,242.419136,20,1.000000,0.660040,0.651238,0.615065,-0.574090,-0.567213,-0.426914,0.999136,-0.029465,0.029290,-0.000452,-0.060640,0.067964,0.000687,0.273926,1.640088,-1.663012,-0.001487
8,242.419136,21,1.050000,0.631336,0.622878,0.593719,-0.544386,-0.537358,-0.411894,0.999039,-0.030979,0.030989,-0.000440,0.021363,-0.015188,0.000644,0.273135,1.200606,-1.233521,-0.001537
8,242.419136,22,1.100000,0.604117,0.596010,0.573124,-0.513054,-0.506064,-0.398530,0.999068,-0.030445,0.030609,-0.000429,0.081394,-0.076863,0.000601,0.272611,0.720033,-0.756223,-0.001535
8,242.419136,23,1.150000,0.578464,0.570707,0.553198,-0.482164,-0.475366,-0.386077,0.999184,-0.028412,0.028689,-0.000418,0.117397,-0.114673,0.000557,0.272322,0.272918,-0.306385,-0.001484
8,242.419136,24,1.200000,0.554356,0.546938,0.533894,-0.453240,-0.446745,-0.373922,0.999342,-0.025480,0.025824,-0.000407,0.131045,-0.129989,0.000515,0.272150,-0.085124,0.058390,-0.001396
8,242.419136,25,1.250000,0.531694,0.524601,0.515198,-0.427218,-0.421090,-0.361766,0.999498,-0.022207,0.022575,-0.000395,0.126792,-0.127067,0.000475,0.271987,-0.327130,0.308868,-0.001288
8,242.419136,26,1.300000,0.510333,0.503547,0.497110,-0.404479,-0.398740,-0.349598,0.999630,-0.019039,0.019399,-0.000385,0.110437,-0.111622,0.000439,0.271776,-0.452802,0.442911,-0.001172
8,242.419136,27,1.350000,0.490109,0.483610,0.479630,-0.384953,-0.379590,-0.337553,0.999729,-0.016280,0.016608,-0.000374,0.087799,-0.089474,0.000405,0.271516,-0.480189,0.477381,-0.001054
8,242.419136,28,1.400000,0.470861,0.464630,0.462752,-0.368250,-0.363229,-0.325790,0.999797,-0.014087,0.014371,-0.000364,0.063791,-0.065604,0.000375,0.271232,-0.436425,0.438842,-0.000939
8,242.419136,29,1.450000,0.452449,0.446469,0.446463,-0.353811,-0.349086,-0.314416,0.999841,-0.012493,0.012731,-0.000354,0.041971,-0.043661,0.000349,0.270952,-0.350278,0.355953,-0.000828
8,242.419136,30,1.500000,0.434758,0.429014,0.430742,-0.341033,-0.336556,-0.303472,0.999867,-0.011444,0.011639,-0.000345,0.024457,-0.025863,0.000325,0.270693,-0.247219,0.254382,-0.000721
8,242.419136,31,1.550000,0.417706,0.412187,0.415568,-0.329362,-0.325088,-0.292955,0.999881,-0.010832,0.010993,-0.000337,0.012097,-0.013143,0.000305,0.270461,-0.146816,0.154063,-0.000620
8,242.419136,32,1.600000,0.401238,0.395932,0.400921,-0.318348,-0.314242,-0.282840,0.999888,-0.010530,0.010664,-0.000329,0.004756,-0.005440,0.000287,0.270250,-0.061929,0.068283,-0.000523
8,242.419136,33,1.650000,0.385321,0.380220,0.386779,-0.307672,-0.303707,-0.273102,0.999890,-0.010411,0.010528,-0.000322,0.001660,-0.002026,0.000272,0.270055,0.000868,0.004033,-0.000433
8,242.419136,34,1.700000,0.369937,0.365035,0.373123,-0.297139,-0.293299,-0.263720,0.999891,-0.010370,0.010477,-0.000315,0.001703,-0.001824,0.000260,0.269869,0.040143,-0.036895,-0.000349
8,242.419136,35,1.750000,0.355080,0.350370,0.359937,-0.286665,-0.282938,-0.254680,0.999892,-0.010327,0.010432,-0.000308,0.003710,-0.003669,0.000250,0.269690,0.058146,-0.056480,-0.000273
8,242.419136,36,1.800000,0.340747,0.336223,0.347203,-0.276243,-0.272628,-0.245970,0.999894,-0.010234,0.010340,-0.000302,0.006618,-0.006493,0.000242,0.269516,0.059345,-0.059006,-0.000205
8,242.419136,37,1.850000,0.326935,0.322591,0.334905,-0.265919,-0.262416,-0.237578,0.999897,-0.010069,0.010178,-0.000296,0.009585,-0.009443,0.000236,0.269346,0.049138,-0.049771,-0.000146
8,242.419136,38,1.900000,0.313639,0.309471,0.323026,-0.255764,-0.252376,-0.229493,0.999902,-0.009829,0.009942,-0.000290,0.012042,-0.011931,0.000232,0.269182,0.032839,-0.034065,-0.000095
8,242.419136,39,1.950000,0.300851,0.296852,0.311551,-0.245850,-0.242580,-0.221701,0.999908,-0.009528,0.009644,-0.000285,0.013684,-0.013635,0.000229,0.269024,0.014999,-0.016469,-0.000052
8,242.419136,40,2.000000,0.288558,0.284723,0.300466,-0.236240,-0.233090,-0.214192,0.999914,-0.009186,0.009303,-0.000279,0.014434,-0.014458,0.000228,0.268871,-0.000981,-0.000446,-0.000016
8,242.419136,41,2.050000,0.276746,0.273068,0.289757,-0.226974,-0.223946,-0.206953,0.999921,-0.008825,0.008941,-0.000273,0.014385,-0.014480,0.000227,0.268724,-0.012978,0.011796,0.000011
8,242.419136,42,2.100000,0.265398,0.261871,0.279409,-0.218073,-0.215165,-0.199973,0.999927,-0.008466,0.008579,-0.000268,0.013736,-0.013890,0.000228,0.268582,-0.020069,0.019247,0.000033
8,242.419136,43,2.150000,0.254494,0.251113,0.269410,-0.209537,-0.206747,-0.193242,0.999933,-0.008122,0.008232,-0.000262,0.012733,-0.012928,0.000229,0.268446,-0.022325,0.021902,0.000048
8,242.419136,44,2.200000,0.244017,0.240776,0.259748,-0.201351,-0.198674,-0.186754,0.999938,-0.007804,0.007909,-0.000256,0.011617,-0.011832,0.000230,0.268314,-0.020537,0.020487,0.000057
8,242.419136,45,2.250000,0.233950,0.230842,0.250411,-0.193490,-0.190921,-0.180498,0.999943,-0.007514,0.007613,-0.000250,0.010590,-0.010808,0.000232,0.268188,-0.015914,0.016167,0.000062
8,242.419136,46,2.300000,0.224275,0.221296,0.241386,-0.185927,-0.183459,-0.174468,0.999947,-0.007249,0.007343,-0.000245,0.009795,-0.010000,0.000233,0.268065,-0.009816,0.010277,0.000064
8,242.419136,47,2.350000,0.214979,0.212123,0.232662,-0.178635,-0.176264,-0.168656,0.999950,-0.007004,0.007093,-0.000239,0.009304,-0.009486,0.000235,0.267947,-0.003525,0.004092,0.000062
8,242.419136,48,2.400000,0.206047,0.203310,0.224230,-0.171595,-0.169315,-0.163056,0.999954,-0.006772,0.006856,-0.000233,0.009128,-0.009281,0.000237,0.267834,0.001914,-0.001333,0.000057
8,242.419136,49,2.450000,0.197467,0.194844,0.216077,-0.164793,-0.162600,-0.157660,0.999957,-0.006544,0.006624,-0.000227,0.009224,-0.009348,0.000239,0.267724,0.005781,-0.005262,0.000050
8,242.419136,50,2.500000,0.189227,0.186714,0.208194,-0.158225,-0.156113,-0.152461,0.999960,-0.006313,0.006390,-0.000221,0.009513,-0.009611,0.000240,0.267617,0.007715,-0.007311,0.000041
8,242.419136,51,2.550000,0.181316,0.178908,0.200571,-0.151890,-0.149858,-0.147453,0.999963,-0.006075,0.006150,-0.000215,0.009898,-0.009976,0.000241,0.267515,0.007690,-0.007429,0.000031
8,242.419136,52,2.600000,0.173722,0.171415,0.193198,-0.145796,-0.143840,-0.142630,0.999966,-0.005828,0.005900,-0.000209,0.010283,-0.010347,0.000242,0.267416,0.005955,-0.005842,0.000020
8,242.419136,53,2.650000,0.166432,0.164223,0.186067,-0.139951,-0.138069,-0.137983,0.999969,-0.005571,0.005642,-0.000203,0.010581,-0.010639,0.000243,0.267320,0.002955,-0.002978,0.000009
8,242.419136,54,2.700000,0.159434,0.157320,0.179167,-0.134365,-0.132555,-0.133508,0.999971,-0.005306,0.005376,-0.000197,0.010729,-0.010788,0.000243,0.267228,-0.000760,0.000628,-0.000004
8,242.419136,55,2.750000,0.152716,0.150692,0.172492,-0.129043,-0.127305,-0.129199,0.999974,-0.005038,0.005106,-0.000191,0.010691,-0.010757,0.000243,0.267138,-0.004625,0.004416,-0.000016
8,242.419136,56,2.800000,0.146264,0.144327,0.166032,-0.123991,-0.122321,-0.125049,0.999977,-0.004771,0.004837,-0.000185,0.010460,-0.010536,0.000242,0.267052,-0.008130,0.007881,-0.000028
8,242.419136,57,2.850000,0.140064,0.138211,0.159780,-0.119206,-0.117604,-0.121055,0.999979,-0.004509,0.004573,-0.000179,0.010053,-0.010142,0.000242,0.266968,-0.010883,0.010627,-0.000041
8,242.419136,58,2.900000,0.134104,0.132331,0.153727,-0.114683,-0.113146,-0.117211,0.999982,-0.004258,0.004320,-0.000173,0.009509,-0.009610,0.000240,0.266887,-0.012644,0.012409,-0.000053
8,242.419136,59,2.950000,0.128370,0.126673,0.147866,-0.110412,-0.108938,-0.113512,0.999984,-0.004020,0.004080,-0.000167,0.008877,-0.008990,0.000239,0.266808,-0.013339,0.013146,-0.000064
8,242.419136,60,3.000000,0.122849,0.121226,0.142191,-0.106380,-0.104966,-0.109955,0.999985,-0.003798,0.003855,-0.000161,0.008210,-0.008332,0.000237,0.266732,-0.013060,0.012923,-0.000075
8,242.419136,61,3.050000,0.117530,0.115978,0.136693,-0.102572,-0.101214,-0.106536,0.999987,-0.003593,0.003647,-0.000155,0.007557,-0.007686,0.000235,0.266659,-0.012034,0.011961,-0.000085
8,242.419136,62,3.100000,0.112402,0.110917,0.131366,-0.098970,-0.097666,-0.103249,0.999988,-0.003404,0.003454,-0.000149,0.006956,-0.007088,0.000233,0.266588,-0.010589,0.010583,-0.000095
8,242.419136,63,3.150000,0.107453,0.106034,0.126204,-0.095559,-0.094305,-0.100091,0.999989,-0.003230,0.003277,-0.000143,0.006426,-0.006559,0.000230,0.266519,-0.009103,0.009162,-0.000104
8,242.419136,64,3.200000,0.102675,0.101319,0.121199,-0.092323,-0.091117,-0.097059,0.999990,-0.003070,0.003113,-0.000137,0.005971,-0.006101,0.000227,0.266452,-0.007943,0.008063,-0.000112
8,242.419136,65,3.250000,0.098059,0.096763,0.116346,-0.089250,-0.088088,-0.094149,0.999991,-0.002920,0.002961,-0.000132,0.005574,-0.005697,0.000224,0.266387,-0.007406,0.007582,-0.000120
8,242.419136,66,3.300000,0.093597,0.092359,0.111639,-0.086329,-0.085207,-0.091356,0.999992,-0.002781,0.002818,-0.000126,0.005204,-0.005318,0.000220,0.266325,-0.007662,0.007888,-0.000126
8,242.419136,67,3.350000,0.089280,0.088098,0.107071,-0.083549,-0.082465,-0.088678,0.999993,-0.002651,0.002685,-0.000120,0.004821,-0.004924,0.000217,0.266264,-0.008709,0.008978,-0.000132
8,242.419136,68,3.400000,0.085103,0.083975,0.102637,-0.080900,-0.079851,-0.086111,0.999994,-0.002530,0.002562,-0.000115,0.004385,-0.004475,0.000213,0.266205,-0.010340,0.010643,-0.000137
8,242.419136,69,3.450000,0.081058,0.079982,0.098332,-0.078374,-0.077356,-0.083652,0.999994,-0.002421,0.002450,-0.000110,0.003868,-0.003943,0.000209,0.266148,-0.012144,0.012466,-0.000141
8,242.419136,70,3.500000,0.077139,0.076115,0.094149,-0.075958,-0.074970,-0.081297,0.999995,-0.002324,0.002352,-0.000105,0.003261,-0.003319,0.000205,0.266092,-0.013522,0.013848,-0.000144
8,242.419136,71,3.550000,0.073341,0.072366,0.090084,-0.073640,-0.072680,-0.079045,0.999995,-0.002243,0.002269,-0.000099,0.002585,-0.002627,0.000201,0.266038,-0.013758,0.014063,-0.000147
8,242.419136,72,3.600000,0.069659,0.068732,0.086132,-0.071404,-0.070471,-0.076892,0.999995,-0.002178,0.002203,-0.000094,0.001897,-0.001924,0.000197,0.265986,-0.012107,0.012363,-0.000148
8,242.419136,73,3.650000,0.066089,0.065209,0.082287,-0.069234,-0.068325,-0.074835,0.999995,-0.002130,0.002155,-0.000089,0.001292,-0.001306,0.000193,0.265935,-0.007935,0.008110,-0.000149
8,242.419136,74,3.700000,0.062627,0.061792,0.078546,-0.067111,-0.066227,-0.072871,0.999996,-0.002098,0.002122,-0.000085,0.000895,-0.000900,0.000188,0.265885,-0.000869,0.000928,-0.000149
8,242.419136,75,3.750000,0.059272,0.058481,0.074902,-0.065021,-0.064161,-0.071000,0.999996,-0.002076,0.002100,-0.000080,0.000852,-0.000854,0.000184,0.265837,0.009032,-0.009119,-0.000149
8,242.419136,76,3.800000,0.056021,0.055273,0.071352,-0.062953,-0.062117,-0.069217,0.999996,-0.002054,0.002079,-0.000075,0.001303,-0.001310,0.000180,0.265790,0.021129,-0.021382,-0.000148
8,242.419136,77,3.850000,0.052873,0.052167,0.067891,-0.060907,-0.060095,-0.067522,0.999996,-0.002022,0.002046,-0.000071,0.002360,-0.002379,0.000176,0.265744,0.034091,-0.034513,-0.000146
8,242.419136,78,3.900000,0.049828,0.049162,0.064515,-0.058893,-0.058105,-0.065912,0.999996,-0.001963,0.001986,-0.000066,0.004064,-0.004104,0.000171,0.265699,0.045864,-0.046434,-0.000144
8,242.419136,79,3.950000,0.046883,0.046257,0.061219,-0.056938,-0.056174,-0.064384,0.999996,-0.001861,0.001884,-0.000062,0.006358,-0.006426,0.000167,0.265656,0.053758,-0.054419,-0.000141
8,242.419136,80,4.000000,0.044036,0.043448,0.058000,-0.055084,-0.054342,-0.062936,0.999997,-0.001702,0.001723,-0.000058,0.009046,-0.009147,0.000163,0.265613,0.054666,-0.055327,-0.000139
8,242.419136,81,4.050000,0.041282,0.040731,0.054853,-0.053389,-0.052668,-0.061565,0.999998,-0.001476,0.001494,-0.000054,0.011779,-0.011913,0.000159,0.265572,0.045458,-0.045990,-0.000136
8,242.419136,82,4.100000,0.038613,0.038098,0.051775,-0.051919,-0.051216,-0.060270,0.999999,-0.001182,0.001197,-0.000050,0.014052,-0.014213,0.000156,0.265531,0.023536,-0.023782,-0.000134
8,242.419136,83,4.150000,0.036017,0.035537,0.048762,-0.050742,-0.050054,-0.059048,0.999999,-0.000830,0.000841,-0.000046,0.015229,-0.015402,0.000152,0.265491,-0.012472,0.012686,-0.000132
8,242.419136,84,4.200000,0.033480,0.033034,0.045809,-0.049915,-0.049237,-0.057900,1.000000,-0.000450,0.000456,-0.000042,0.014605,-0.014767,0.000148,0.265451,-0.061947,0.062783,-0.000131
8,242.419136,85,4.250000,0.030984,0.030572,0.042914,-0.049466,-0.048795,-0.056825,1.000000,-0.000085,0.000087,-0.000039,0.011508,-0.011628,0.000144,0.265411,-0.121533,0.123108,-0.000131
8,242.419136,86,4.300000,0.028510,0.028133,0.040073,-0.049381,-0.048712,-0.055823,1.000000,0.000203,-0.000204,-0.000035,0.005431,-0.005473,0.000141,0.265372,-0.184570,0.186916,-0.000133
8,242.419136,87,4.350000,0.026041,0.025697,0.037282,-0.049581,-0.048911,-0.054894,1.000000,0.000339,-0.000340,-0.000031,-0.003797,0.003873,0.000137,0.265335,-0.240887,0.243906,-0.000138
8,242.419136,88,4.400000,0.023562,0.023252,0.034537,-0.049915,-0.049244,-0.054033,1.000000,0.000244,-0.000244,-0.000028,-0.015841,0.016069,0.000133,0.265303,-0.277164,0.280591,-0.000146
8,242.419136,89,4.450000,0.021067,0.020789,0.031836,-0.050155,-0.049484,-0.053231,1.000000,-0.000152,0.000158,-0.000025,-0.029700,0.030098,0.000129,0.265274,-0.278105,0.281486,-0.000159
8,242.419136,90,4.500000,0.018559,0.018315,0.029174,-0.050000,-0.049335,-0.052483,0.999999,-0.000895,0.000911,-0.000021,-0.043605,0.044172,0.000124,0.265245,-0.228635,0.231335,-0.000177
8,242.419136,91,4.550000,0.016059,0.015848,0.026550,-0.049105,-0.048456,-0.051790,0.999996,-0.001985,0.002015,-0.000018,-0.055037,0.055739,0.000119,0.265210,-0.117306,0.118561,-0.000202
8,242.419136,92,4.600000,0.013604,0.013426,0.023960,-0.047126,-0.046506,-0.051168,0.999989,-0.003361,0.003408,-0.000015,-0.060903,0.061666,0.000113,0.265161,0.059017,-0.059991,-0.000235
8,242.419136,93,4.650000,0.011247,0.011100,0.021402,-0.043779,-0.043206,-0.050651,0.999976,-0.004883,0.004950,-0.000012,-0.057952,0.058667,0.000107,0.265098,0.289245,-0.293077,-0.000279
8,242.419136,94,4.700000,0.009058,0.008940,0.018869,-0.038918,-0.038412,-0.050276,0.999959,-0.006332,0.006417,-0.000010,-0.043490,0.044013,0.000099,0.265033,0.540990,-0.547897,-0.000336
8,242.419136,95,4.750000,0.007113,0.007019,0.016356,-0.032620,-0.032197,-0.050054,0.999944,-0.007419,0.007517,-0.000007,-0.016441,0.016618,0.000089,0.265000,0.752189,-0.761623,-0.000407
8,242.419136,96,4.800000,0.005482,0.005410,0.013853,-0.025243,-0.024916,-0.049923,0.999938,-0.007830,0.007932,-0.000005,0.021169,-0.021464,0.000078,0.265033,0.821463,-0.831636,-0.000497
8,242.419136,97,4.850000,0.004219,0.004164,0.011357,-0.017457,-0.017230,-0.049744,0.999946,-0.007301,0.007396,-0.000003,0.062242,-0.063045,0.000064,0.265161,0.597472,-0.604744,-0.000609
8,242.419136,98,4.900000,0.003347,0.003302,0.008870,-0.010194,-0.010061,-0.049310,0.999967,-0.005745,0.005820,-0.000002,0.092116,-0.093282,0.000046,0.264546,-0.131295,0.133149,-0.000747
8,242.419136,99,4.950000,0.002837,0.002799,0.006404,-0.004492,-0.004432,-0.049976,0.999988,-0.003442,0.003488,-0.000000,0.085551,-0.086625,0.000025,0.291883,-1.710493,1.731930,-0.000918
8,242.419136,100,5.000000,0.002612,0.002578,0.003905,-0.000721,-0.000711,0.000022,0.999998,-0.001303,0.001322,0.000000,0.000027,-0.000028,-0.000001,0,0,0,0
9,239.606385,0,0.000000,1.011248,0.999042,0.981458,-0.013710,-0.010796,0.000636,0.999993,0.002501,-0.002667,0.000002,0.000000,0.000000,0.000000,0.237876,28.915117,-28.283696,-0.276182
9,239.606385,1,0.050000,1.010562,0.998502,0.981490,-0.016060,-0.012999,-0.049364,0.999993,0.002501,-0.002667,0.000002,1.445756,-1.414185,-0.007850,0.237877,-14.763300,13.678791,0.092164
9,239.606385,2,0.100000,1.009759,0.997852,0.979022,-0.018410,-0.015202,-0.099364,0.998533,0.038596,-0.037973,-0.000186,0.707170,-0.730676,-0.005231,0.239273,-14.142902,14.621402,0.065601
9,239.606385,3,0.150000,1.008839,0.997092,0.974053,-0.052018,-0.049349,-0.149363,0.996835,0.056232,-0.056193,-0.000350,-0.000121,0.000254,-0.003366,0.240915,-0.003571,-0.007705,0.041842
9,239.606385,4,0.200000,1.006238,0.994625,0.966585,-0.102017,-0.099347,-0.199363,0.996836,0.056234,-0.056182,-0.000434,-0.000299,-0.000131,-0.002177,0.240915,0.013523,0.001874,0.031293
9,239.606385,5,0.250000,1.001137,0.989657,0.956617,-0.152010,-0.149343,-0.249362,0.996836,0.056230,-0.056182,-0.000489,0.000377,-0.000038,-0.001287,0.240915,-0.012115,0.002933,0.025111
9,239.606385,6,0.300000,0.993537,0.982190,0.944149,-0.202006,-0.199332,-0.299361,0.996835,0.056241,-0.056181,-0.000521,-0.000229,0.000109,-0.000573,0.240916,0.003913,-0.000287,0.019317
9,239.606385,7,0.350000,0.983436,0.972224,0.929181,-0.252002,-0.249330,-0.349359,0.996836,0.056236,-0.056178,-0.000535,-0.000033,0.000095,-0.000024,0.240916,-0.029166,0.027217,0.014407
9,239.606385,8,0.400000,0.970836,0.959757,0.911713,-0.301997,-0.299322,-0.399357,0.996836,0.056235,-0.056175,-0.000536,-0.001491,0.001455,0.000385,0.240916,-0.689844,0.686476,0.010347
9,239.606385,9,0.450000,0.955737,0.944791,0.891745,-0.351989,-0.349314,-0.449353,0.996840,0.056197,-0.056139,-0.000526,-0.035984,0.035779,0.000679,0.240915,-2.357401,2.357548,0.007041
9,239.606385,10,0.500000,0.938137,0.927325,0.869278,-0.401949,-0.399273,-0.499344,0.996940,0.055300,-0.055248,-0.000509,-0.153855,0.153656,0.000880,0.240822,-2.399582,2.312309,0.004319
9,239.606385,11,0.550000,0.918040,0.907362,0.844310,-0.451102,-0.448421,-0.549327,0.997350,0.051466,-0.051417,-0.000487,-0.273839,0.269266,0.001002,0.263088,-1.276056,1.138143,0.001752
9,239.606385,12,0.600000,0.895484,0.884941,0.816844,-0.501094,-0.498412,-0.557783,0.998003,0.044638,-0.044699,-0.000468,-0.337652,0.326163,0.001052,0.294213,-1.897754,1.909780,-0.000401
9,239.606385,13,0.650000,0.870430,0.860020,0.788955,-0.549727,-0.546933,-0.507793,0.998675,0.036213,-0.036556,-0.000455,-0.432553,0.421638,0.001041,0.239145,-1.190725,1.276793,-0.001354
9,239.606385,14,0.700000,0.842943,0.832673,0.763565,-0.582078,-0.578951,-0.557778,0.999338,0.025415,-0.026022,-0.000443,-0.492106,0.485461,0.001002,0.292638,-0.068703,0.170199,-0.001619
9,239.606385,15,0.750000,0.813840,0.803726,0.735676,-0.610275,-0.606466,-0.507789,0.999817,0.013123,-0.013887,-0.000429,-0.495559,0.493952,0.000956,0.259449,1.014912,-0.926478,-0.001613
9,239.606385,16,0.800000,0.783326,0.773403,0.710287,-0.623622,-0.619068,-0.518178,0.999998,0.000741,-0.001535,-0.000415,-0.444831,0.447610,0.000910,0.291865,1.713014,-1.649609,-0.001576
9,239.606385,17,0.850000,0.752145,0.742449,0.684378,-0.625282,-0.619868,-0.468191,0.999899,-0.010374,0.009659,-0.000401,-0.359196,0.365114,0.000866,0.259370,2.079140,-2.043495,-0.001575
9,239.606385,18,0.900000,0.720881,0.711456,0.660968,-0.616001,-0.609908,-0.478569,0.999636,-0.019347,0.018788,-0.000388,-0.255251,0.262928,0.000821,0.291656,2.139446,-2.128929,-0.001616
9,239.606385,19,0.950000,0.690080,0.680960,0.637040,-0.595705,-0.589024,-0.429752,0.999347,-0.025722,0.025360,-0.000374,-0.148287,0.156473,0.000775,0.266759,1.966653,-1.977297,-0.001672
9,239.606385,20,1.000000,0.660295,0.651509,0.615552,-0.570656,-0.563637,-0.427543,0.999138,-0.029425,0.029271,-0.000362,-0.049959,0.057604,0.000727,0.273894,1.616698,-1.643550,-0.001716
9,239.606385,21,1.050000,0.631762,0.623327,0.594175,-0.540978,-0.533825,-0.412580,0.999058,-0.030671,0.030711,-0.000349,0.030874,-0.024575,0.000679,0.273110,1.153777,-1.190408,-0.001723
9,239.606385,22,1.100000,0.604714,0.596636,0.573546,-0.509932,-0.502840,-0.399226,0.999100,-0.029900,0.030097,-0.000337,0.088564,-0.084094,0.000630,0.272628,0.656910,-0.695966,-0.001682
9,239.606385,23,1.150000,0.579217,0.571494,0.553585,-0.479558,-0.472687,-0.386677,0.999224,-0.027688,0.027996,-0.000325,0.121411,-0.118891,0.000582,0.272363,0.204313,-0.239403,-0.001597
9,239.606385,24,1.200000,0.555239,0.547860,0.534251,-0.451330,-0.444787,-0.374365,0.999383,-0.024655,0.025026,-0.000313,0.131630,-0.130858,0.000536,0.272189,-0.147936,0.120852,-0.001482
9,239.606385,25,1.250000,0.532673,0.525620,0.515533,-0.426109,-0.419955,-0.362056,0.999535,-0.021367,0.021755,-0.000302,0.124235,-0.124813,0.000494,0.272007,-0.375488,0.357903,-0.001354
9,239.606385,26,1.300000,0.511367,0.504623,0.497430,-0.404196,-0.398446,-0.349777,0.999659,-0.018263,0.018636,-0.000290,0.105463,-0.106915,0.000456,0.271775,-0.482183,0.473617,-0.001224
9,239.606385,27,1.350000,0.491157,0.484700,0.479941,-0.385438,-0.380075,-0.337675,0.999750,-0.015628,0.015963,-0.000279,0.081356,-0.083233,0.000421,0.271500,-0.490208,0.488984,-0.001099
9,239.606385,28,1.400000,0.471885,0.465697,0.463057,-0.369386,-0.364369,-0.325899,0.999811,-0.013595,0.013882,-0.000268,0.056847,-0.058782,0.000390,0.271212,-0.429896,0.433833,-0.000981
9,239.606385,29,1.450000,0.453416,0.447478,0.446762,-0.355441,-0.350719,-0.314534,0.999849,-0.012174,0.012413,-0.000258,0.035353,-0.037090,0.000362,0.270935,-0.331897,0.338806,-0.000871
9,239.606385,30,1.500000,0.435644,0.429942,0.431036,-0.342984,-0.338508,-0.303605,0.999870,-0.011291,0.011485,-0.000249,0.018759,-0.020149,0.000337,0.270684,-0.222277,0.230271,-0.000768
9,239.606385,31,1.550000,0.418495,0.413017,0.415856,-0.331468,-0.327193,-0.293099,0.999881,-0.010822,0.010982,-0.000240,0.007645,-0.008635,0.000315,0.270458,-0.120174,0.127825,-0.000672
9,239.606385,32,1.600000,0.401921,0.396657,0.401201,-0.320466,-0.316357,-0.282988,0.999886,-0.010631,0.010766,-0.000232,0.001637,-0.002244,0.000296,0.270253,-0.037355,0.043736,-0.000583
9,239.606385,33,1.650000,0.385898,0.380839,0.387051,-0.309689,-0.305720,-0.273250,0.999887,-0.010590,0.010710,-0.000225,-0.000231,-0.000057,0.000280,0.270060,0.020989,-0.016348,-0.000501
9,239.606385,34,1.700000,0.370414,0.365553,0.373389,-0.298976,-0.295132,-0.263866,0.999887,-0.010595,0.010709,-0.000218,0.000818,-0.000874,0.000265,0.269875,0.054799,-0.051991,-0.000428
9,239.606385,35,1.750000,0.355465,0.350797,0.360195,-0.288271,-0.284545,-0.254824,0.999887,-0.010575,0.010687,-0.000211,0.003558,-0.003474,0.000253,0.269695,0.067472,-0.066320,-0.000362
9,239.606385,36,1.800000,0.341051,0.336569,0.347454,-0.277595,-0.273986,-0.246114,0.999889,-0.010486,0.010600,-0.000205,0.006932,-0.006790,0.000243,0.269520,0.064279,-0.064437,-0.000304
9,239.606385,37,1.850000,0.327172,0.322870,0.335148,-0.267013,-0.263522,-0.237724,0.999892,-0.010312,0.010430,-0.000199,0.010146,-0.010012,0.000234,0.269350,0.051036,-0.052086,-0.000254
9,239.606385,38,1.900000,0.313821,0.309694,0.323262,-0.256607,-0.253238,-0.229642,0.999898,-0.010059,0.010180,-0.000193,0.012698,-0.012616,0.000227,0.269186,0.033136,-0.034663,-0.000212
9,239.606385,39,1.950000,0.300991,0.297032,0.311780,-0.246457,-0.243212,-0.221853,0.999904,-0.009741,0.009865,-0.000187,0.014355,-0.014349,0.000221,0.269028,0.014938,-0.016579,-0.000178
9,239.606385,40,2.000000,0.288668,0.284872,0.300688,-0.236627,-0.233509,-0.214346,0.999911,-0.009383,0.009506,-0.000182,0.015102,-0.015178,0.000216,0.268875,-0.000520,-0.000959,-0.000151
9,239.606385,41,2.050000,0.276836,0.273196,0.289970,-0.227159,-0.224168,-0.207107,0.999918,-0.009005,0.009127,-0.000176,0.015076,-0.015226,0.000212,0.268728,-0.011546,0.010409,-0.000130
9,239.606385,42,2.100000,0.265478,0.261988,0.279615,-0.218075,-0.215207,-0.200127,0.999925,-0.008628,0.008746,-0.000171,0.014499,-0.014705,0.000208,0.268586,-0.017636,0.016926,-0.000114
9,239.606385,43,2.150000,0.254575,0.251227,0.269609,-0.209374,-0.206626,-0.193395,0.999931,-0.008266,0.008378,-0.000166,0.013617,-0.013859,0.000205,0.268450,-0.019200,0.018923,-0.000104
9,239.606385,44,2.200000,0.244106,0.240896,0.259939,-0.201043,-0.198410,-0.186904,0.999936,-0.007925,0.008032,-0.000161,0.012657,-0.012912,0.000202,0.268318,-0.017249,0.017351,-0.000097
9,239.606385,45,2.250000,0.234054,0.230976,0.250594,-0.193061,-0.190536,-0.180645,0.999941,-0.007609,0.007709,-0.000156,0.011795,-0.012045,0.000199,0.268191,-0.013082,0.013473,-0.000094
9,239.606385,46,2.300000,0.224401,0.221449,0.241561,-0.185402,-0.182979,-0.174611,0.999946,-0.007314,0.007408,-0.000151,0.011141,-0.011371,0.000196,0.268069,-0.008027,0.008597,-0.000094
9,239.606385,47,2.350000,0.215131,0.212300,0.232831,-0.178047,-0.175719,-0.168795,0.999950,-0.007036,0.007124,-0.000146,0.010739,-0.010941,0.000194,0.267950,-0.003234,0.003879,-0.000095
9,239.606385,48,2.400000,0.206228,0.203514,0.224391,-0.170976,-0.168738,-0.163191,0.999954,-0.006767,0.006850,-0.000141,0.010578,-0.010747,0.000191,0.267836,0.000443,0.000186,-0.000098
9,239.606385,49,2.450000,0.197680,0.195077,0.216232,-0.164181,-0.162026,-0.157789,0.999957,-0.006503,0.006581,-0.000136,0.010600,-0.010738,0.000188,0.267726,0.002503,-0.001959,-0.000103
9,239.606385,50,2.500000,0.189471,0.186976,0.208342,-0.157654,-0.155580,-0.152585,0.999961,-0.006238,0.006313,-0.000132,0.010725,-0.010836,0.000185,0.267620,0.002798,-0.002381,-0.000107
9,239.606385,51,2.550000,0.181588,0.179197,0.200713,-0.151396,-0.149398,-0.147571,0.999964,-0.005970,0.006042,-0.000127,0.010865,-0.010954,0.000182,0.267517,0.001477,-0.001205,-0.000113
9,239.606385,52,2.600000,0.174018,0.171727,0.193334,-0.145409,-0.143484,-0.142740,0.999967,-0.005698,0.005768,-0.000122,0.010939,-0.011015,0.000179,0.267418,-0.001086,0.001218,-0.000118
9,239.606385,53,2.650000,0.166748,0.164553,0.186197,-0.139695,-0.137841,-0.138087,0.999970,-0.005425,0.005493,-0.000118,0.010885,-0.010954,0.000176,0.267322,-0.004384,0.004396,-0.000124
9,239.606385,54,2.700000,0.159763,0.157660,0.179293,-0.134256,-0.132471,-0.133605,0.999973,-0.005152,0.005219,-0.000114,0.010666,-0.010734,0.000172,0.267229,-0.007866,0.007787,-0.000129
9,239.606385,55,2.750000,0.153050,0.151037,0.172613,-0.129090,-0.127372,-0.129290,0.999976,-0.004886,0.004951,-0.000109,0.010273,-0.010344,0.000168,0.267139,-0.011013,0.010878,-0.000134
9,239.606385,56,2.800000,0.146595,0.144668,0.166148,-0.124192,-0.122539,-0.125135,0.999978,-0.004629,0.004692,-0.000105,0.009722,-0.009800,0.000165,0.267053,-0.013404,0.013243,-0.000138
9,239.606385,57,2.850000,0.140386,0.138541,0.159891,-0.119550,-0.117961,-0.121136,0.999980,-0.004386,0.004447,-0.000101,0.009052,-0.009138,0.000161,0.266969,-0.014753,0.014595,-0.000142
9,239.606385,58,2.900000,0.134408,0.132643,0.153835,-0.115153,-0.113625,-0.117288,0.999982,-0.004160,0.004219,-0.000097,0.008314,-0.008408,0.000157,0.266888,-0.014938,0.014803,-0.000145
9,239.606385,59,2.950000,0.128651,0.126962,0.147970,-0.110982,-0.109514,-0.113586,0.999984,-0.003952,0.004008,-0.000093,0.007567,-0.007668,0.000153,0.266809,-0.013996,0.013897,-0.000147
9,239.606385,60,3.000000,0.123102,0.121486,0.142291,-0.107021,-0.105609,-0.110027,0.999986,-0.003763,0.003817,-0.000089,0.006868,-0.006973,0.000148,0.266733,-0.012118,0.012060,-0.000149
9,239.606385,61,3.050000,0.117751,0.116206,0.136790,-0.103250,-0.101892,-0.106605,0.999987,-0.003591,0.003642,-0.000085,0.006262,-0.006370,0.000144,0.266660,-0.009612,0.009596,-0.000150
9,239.606385,62,3.100000,0.112588,0.111111,0.131459,-0.099653,-0.098346,-0.103317,0.999988,-0.003434,0.003483,-0.000082,0.005781,-0.005890,0.000140,0.266589,-0.006871,0.006895,-0.000151
9,239.606385,63,3.150000,0.107605,0.106194,0.126293,-0.096213,-0.094955,-0.100158,0.999989,-0.003290,0.003336,-0.000078,0.005438,-0.005546,0.000136,0.266520,-0.004322,0.004381,-0.000150
9,239.606385,64,3.200000,0.102795,0.101446,0.121286,-0.092920,-0.091708,-0.097125,0.999990,-0.003154,0.003197,-0.000075,0.005222,-0.005327,0.000131,0.266453,-0.002374,0.002464,-0.000149
9,239.606385,65,3.250000,0.098149,0.096861,0.116429,-0.089765,-0.088595,-0.094213,0.999991,-0.003023,0.003064,-0.000072,0.005103,-0.005203,0.000127,0.266388,-0.001361,0.001479,-0.000148
9,239.606385,66,3.300000,0.093661,0.092431,0.111719,-0.086741,-0.085613,-0.091420,0.999992,-0.002896,0.002934,-0.000068,0.005035,-0.005129,0.000123,0.266326,-0.001488,0.001633,-0.000145
9,239.606385,67,3.350000,0.089324,0.088150,0.107148,-0.083847,-0.082756,-0.088740,0.999992,-0.002770,0.002806,-0.000065,0.004961,-0.005048,0.000119,0.266265,-0.002785,0.002956,-0.000142
9,239.606385,68,3.400000,0.085131,0.084013,0.102711,-0.081080,-0.080025,-0.086173,0.999993,-0.002646,0.002680,-0.000062,0.004821,-0.004900,0.000115,0.266206,-0.005070,0.005266,-0.000138
9,239.606385,69,3.450000,0.081077,0.080011,0.098402,-0.078438,-0.077416,-0.083712,0.999994,-0.002525,0.002557,-0.000060,0.004568,-0.004637,0.000111,0.266149,-0.007940,0.008158,-0.000134
9,239.606385,70,3.500000,0.077155,0.076141,0.094216,-0.075917,-0.074927,-0.081357,0.999994,-0.002411,0.002441,-0.000057,0.004171,-0.004229,0.000107,0.266093,-0.010780,0.011012,-0.000129
9,239.606385,71,3.550000,0.073359,0.072394,0.090149,-0.073511,-0.072551,-0.079104,0.999995,-0.002307,0.002335,-0.000054,0.003632,-0.003678,0.000103,0.266039,-0.012813,0.013045,-0.000123
9,239.606385,72,3.600000,0.069684,0.068767,0.086193,-0.071210,-0.070278,-0.076949,0.999995,-0.002216,0.002244,-0.000052,0.002991,-0.003026,0.000100,0.265987,-0.013190,0.013400,-0.000117
9,239.606385,73,3.650000,0.066123,0.065253,0.082346,-0.068999,-0.068095,-0.074891,0.999995,-0.002141,0.002168,-0.000049,0.002332,-0.002356,0.000096,0.265936,-0.011112,0.011270,-0.000110
9,239.606385,74,3.700000,0.062673,0.061848,0.078601,-0.066864,-0.065986,-0.072926,0.999996,-0.002083,0.002109,-0.000047,0.001776,-0.001792,0.000093,0.265886,-0.005991,0.006063,-0.000103
9,239.606385,75,3.750000,0.059330,0.058549,0.074955,-0.064787,-0.063934,-0.071053,0.999996,-0.002039,0.002064,-0.000044,0.001477,-0.001489,0.000090,0.265838,0.002370,-0.002418,-0.000095
9,239.606385,76,3.800000,0.056091,0.055352,0.071402,-0.062755,-0.061927,-0.069269,0.999996,-0.002002,0.002027,-0.000042,0.001595,-0.001610,0.000088,0.265791,0.013595,-0.013791,-0.000087
9,239.606385,77,3.850000,0.052953,0.052256,0.067939,-0.060759,-0.059957,-0.067572,0.999996,-0.001962,0.001987,-0.000040,0.002275,-0.002299,0.000085,0.265745,0.026593,-0.026953,-0.000079
9,239.606385,78,3.900000,0.049915,0.049258,0.064560,-0.058804,-0.058026,-0.065960,0.999996,-0.001905,0.001929,-0.000038,0.003604,-0.003647,0.000083,0.265700,0.039477,-0.039992,-0.000070
9,239.606385,79,3.950000,0.046975,0.046357,0.061262,-0.056905,-0.056151,-0.064430,0.999997,-0.001815,0.001838,-0.000036,0.005578,-0.005647,0.000081,0.265656,0.049597,-0.050225,-0.000060
9,239.606385,80,4.000000,0.044130,0.043549,0.058041,-0.055096,-0.054365,-0.062981,0.999997,-0.001675,0.001697,-0.000034,0.008058,-0.008158,0.000079,0.265614,0.053718,-0.054380,-0.000051
9,239.606385,81,4.050000,0.041375,0.040831,0.054892,-0.053427,-0.052717,-0.061610,0.999998,-0.001474,0.001493,-0.000032,0.010744,-0.010877,0.000078,0.265572,0.048382,-0.048958,-0.000042
9,239.606385,82,4.100000,0.038704,0.038195,0.051811,-0.051958,-0.051267,-0.060313,0.999999,-0.001205,0.001221,-0.000030,0.013163,-0.013325,0.000077,0.265532,0.030465,-0.030795,-0.000033
9,239.606385,83,4.150000,0.036106,0.035632,0.048796,-0.050758,-0.050082,-0.059091,0.999999,-0.000876,0.000888,-0.000028,0.014687,-0.014864,0.000076,0.265491,-0.002104,0.002199,-0.000024
9,239.606385,84,4.200000,0.033568,0.033127,0.045841,-0.049885,-0.049220,-0.057942,1.000000,-0.000509,0.000516,-0.000026,0.014581,-0.014754,0.000075,0.265451,-0.049485,0.050186,-0.000017
9,239.606385,85,4.250000,0.031074,0.030666,0.042944,-0.049377,-0.048720,-0.056866,1.000000,-0.000145,0.000147,-0.000024,0.012107,-0.012245,0.000075,0.265411,-0.109063,0.110514,-0.000010
9,239.606385,86,4.300000,0.028605,0.028230,0.040101,-0.049232,-0.048577,-0.055863,1.000000,0.000158,-0.000159,-0.000022,0.006654,-0.006719,0.000074,0.265372,-0.174714,0.176979,-0.000005
9,239.606385,87,4.350000,0.026143,0.025802,0.037308,-0.049388,-0.048733,-0.054933,1.000000,0.000324,-0.000327,-0.000020,-0.002082,0.002130,0.000074,0.265335,-0.236410,0.239423,-0.000003
9,239.606385,88,4.400000,0.023674,0.023365,0.034561,-0.049709,-0.049051,-0.054072,1.000000,0.000272,-0.000273,-0.000018,-0.013902,0.014101,0.000074,0.265302,-0.280404,0.283928,-0.000004
9,239.606385,89,4.450000,0.021188,0.020912,0.031857,-0.049978,-0.049319,-0.053272,1.000000,-0.000075,0.000079,-0.000017,-0.027922,0.028297,0.000074,0.265273,-0.290281,0.293871,-0.000009
9,239.606385,90,4.500000,0.018689,0.018446,0.029194,-0.049900,-0.049245,-0.052526,0.999999,-0.000773,0.000786,-0.000015,-0.042437,0.042991,0.000074,0.265244,-0.249133,0.252140,-0.000020
9,239.606385,91,4.550000,0.016194,0.015984,0.026567,-0.049127,-0.048485,-0.051834,0.999997,-0.001834,0.001861,-0.000013,-0.054893,0.055597,0.000073,0.265211,-0.143112,0.144726,-0.000037
9,239.606385,92,4.600000,0.013738,0.013560,0.023976,-0.047299,-0.046684,-0.051210,0.999990,-0.003206,0.003251,-0.000011,-0.062049,0.062834,0.000072,0.265164,0.033507,-0.034150,-0.000064
9,239.606385,93,4.650000,0.011373,0.011226,0.021415,-0.044106,-0.043535,-0.050686,0.999977,-0.004758,0.004822,-0.000009,-0.060374,0.061126,0.000070,0.265101,0.271767,-0.275397,-0.000101
9,239.606385,94,4.700000,0.009168,0.009049,0.018881,-0.039372,-0.038864,-0.050304,0.999960,-0.006267,0.006350,-0.000008,-0.046786,0.047356,0.000067,0.265035,0.539988,-0.546929,-0.000152
9,239.606385,95,4.750000,0.007199,0.007106,0.016366,-0.033139,-0.032712,-0.050077,0.999944,-0.007437,0.007534,-0.000006,-0.019786,0.020009,0.000063,0.264997,0.774064,-0.783841,-0.000218
9,239.606385,96,4.800000,0.005542,0.005470,0.013862,-0.025744,-0.025414,-0.049952,0.999936,-0.007931,0.008034,-0.000004,0.018917,-0.019183,0.000057,0.265029,0.866045,-0.876849,-0.000304
9,239.606385,97,4.850000,0.004255,0.004199,0.011364,-0.017859,-0.017629,-0.049782,0.999944,-0.007458,0.007555,-0.000003,0.062219,-0.063025,0.000048,0.265149,0.651202,-0.659197,-0.000414
9,239.606385,98,4.900000,0.003362,0.003318,0.008875,-0.010440,-0.010306,-0.049377,0.999965,-0.005903,0.005979,-0.000002,0.094779,-0.095985,0.000036,0.264588,-0.104787,0.106320,-0.000554
9,239.606385,99,4.950000,0.002840,0.002803,0.006406,-0.004581,-0.004521,-0.049968,0.999987,-0.003533,0.003580,-0.000001,0.089540,-0.090669,0.000021,0.291879,-1.790186,1.812746,-0.000730
9,239.606385,100,5.000000,0.002611,0.002577,0.003908,-0.000711,-0.000702,0.000021,0.999998,-0.001295,0.001313,-0.000000,0.000031,-0.000031,-0.000000,0,0,0,0
10,236.339890,0,0.000000,1.011248,0.999042,0.981458,-0.013710,-0.010796,0.000636,0.999993,0.002501,-0.002667,0.000002,0.000000,0.000000,0.000000,0.237876,29.384530,-28.764373,-0.272095
10,236.339890,1,0.050000,1.010562,0.998502,0.981490,-0.016060,-0.012999,-0.049364,0.999993,0.002501,-0.002667,0.000002,1.469227,-1.438219,-0.007734,0.237876,-15.700359,14.637658,0.094427
10,236.339890,2,0.100000,1.009759,0.997852,0.979022,-0.018410,-0.015202,-0.099364,0.998487,0.039180,-0.038571,-0.000183,0.683786,-0.706767,-0.005050,0.239317,-13.676235,14.143426,0.066746
10,236.339890,3,0.150000,1.008839,0.997092,0.974053,-0.052552,-0.049870,-0.149364,0.996835,0.056233,-0.056195,-0.000342,-0.000161,0.000273,-0.003153,0.240915,0.006310,-0.010824,0.042177
10,236.339890,4,0.200000,1.006211,0.994599,0.966585,-0.102552,-0.099870,-0.199364,0.996835,0.056234,-0.056184,-0.000421,0.000155,-0.000268,-0.001954,0.240915,-0.003312,0.005657,0.031059
10,236.339890,5,0.250000,1.001084,0.989605,0.956617,-0.152546,-0.149867,-0.249364,0.996835,0.056240,-0.056187,-0.000469,-0.000011,0.000015,-0.001071,0.240915,0.000224,-0.000396,0.024489
10,236.339890,6,0.300000,0.993456,0.982112,0.944149,-0.202546,-0.199866,-0.299364,0.996835,0.056242,-0.056186,-0.000496,0.000000,-0.000005,-0.000375,0.240915,-0.000453,0.000536,0.018455
10,236.339890,7,0.350000,0.983329,0.972119,0.929181,-0.252545,-0.249866,-0.349364,0.996835,0.056242,-0.056185,-0.000506,-0.000022,0.000022,0.000149,0.240915,-0.032582,0.029730,0.013414
10,236.339890,8,0.400000,0.970702,0.959625,0.911712,-0.302545,-0.299865,-0.399364,0.996835,0.056241,-0.056185,-0.000502,-0.001651,0.001508,0.000531,0.240915,-0.651713,0.650438,0.009306
10,236.339890,9,0.450000,0.955575,0.944632,0.891744,-0.352544,-0.349864,-0.449363,0.996839,0.056199,-0.056148,-0.000489,-0.034237,0.034030,0.000795,0.240911,-2.344692,2.348945,0.006011
10,236.339890,10,0.500000,0.937947,0.927139,0.869276,-0.402509,-0.399826,-0.499362,0.996935,0.055346,-0.055301,-0.000469,-0.151473,0.151476,0.000966,0.240819,-2.372673,2.283022,0.003346
10,236.339890,11,0.550000,0.917822,0.907147,0.844308,-0.451705,-0.449016,-0.549360,0.997339,0.051570,-0.051524,-0.000445,-0.270112,0.265622,0.001061,0.262592,-1.240637,1.093720,0.000822
10,236.339890,12,0.600000,0.895237,0.884697,0.816840,-0.501704,-0.499015,-0.558747,0.997985,0.044835,-0.044898,-0.000424,-0.332154,0.320297,0.001085,0.294239,-1.966646,1.980728,-0.001275
10,236.339890,13,0.650000,0.870152,0.859746,0.788902,-0.550554,-0.547755,-0.508748,0.998650,0.036547,-0.036902,-0.000411,-0.430500,0.419320,0.001048,0.239161,-1.266568,1.358590,-0.002087
10,236.339890,14,0.700000,0.842624,0.832358,0.763465,-0.583210,-0.580071,-0.558747,0.999318,0.025800,-0.026426,-0.000398,-0.493845,0.487232,0.000989,0.292668,-0.115571,0.221911,-0.002197
10,236.339890,15,0.750000,0.813463,0.803355,0.735528,-0.611847,-0.608007,-0.508748,0.999808,0.013464,-0.014247,-0.000386,-0.499642,0.498309,0.000927,0.259774,0.998062,-0.907060,-0.002061
10,236.339890,16,0.800000,0.782871,0.772954,0.710090,-0.625557,-0.620953,-0.518554,0.999998,0.000980,-0.001787,-0.000373,-0.449756,0.452939,0.000868,0.291872,1.711002,-1.647260,-0.001925
10,236.339890,17,0.850000,0.751593,0.741907,0.684163,-0.627489,-0.622012,-0.468555,0.999902,-0.010258,0.009539,-0.000360,-0.364221,0.370561,0.000813,0.259377,2.092146,-2.057818,-0.001846
10,236.339890,18,0.900000,0.720219,0.710806,0.660735,-0.618322,-0.612161,-0.478915,0.999636,-0.019358,0.018804,-0.000348,-0.259625,0.267659,0.000761,0.292295,2.153694,-2.145392,-0.001822
10,236.339890,19,0.950000,0.689303,0.680198,0.636789,-0.597966,-0.591220,-0.428916,0.999341,-0.025842,0.025495,-0.000336,-0.151948,0.160381,0.000709,0.266572,1.983112,-1.996440,-0.001820
10,236.339890,20,1.000000,0.659404,0.650637,0.615343,-0.572803,-0.565731,-0.427065,0.999125,-0.029636,0.029503,-0.000325,-0.052797,0.060555,0.000657,0.273879,1.630396,-1.660013,-0.001809
10,236.339890,21,1.050000,0.630764,0.622350,0.593990,-0.542892,-0.535705,-0.412157,0.999039,-0.030954,0.031016,-0.000315,0.028721,-0.022447,0.000606,0.273096,1.161950,-1.201030,-0.001765
10,236.339890,22,1.100000,0.603620,0.595565,0.573382,-0.511541,-0.504436,-0.398866,0.999079,-0.030236,0.030456,-0.000305,0.086819,-0.082497,0.000556,0.272601,0.659689,-0.700462,-0.001679
10,236.339890,23,1.150000,0.578043,0.570343,0.553439,-0.480810,-0.473946,-0.386408,0.999203,-0.028068,0.028395,-0.000294,0.119805,-0.117519,0.000508,0.272334,0.205701,-0.241466,-0.001557
10,236.339890,24,1.200000,0.554002,0.546646,0.534119,-0.452184,-0.445666,-0.374194,0.999361,-0.025076,0.025459,-0.000284,0.130093,-0.129590,0.000464,0.272168,-0.143030,0.116292,-0.001414
10,236.339890,25,1.250000,0.531393,0.524363,0.515409,-0.426530,-0.420413,-0.361966,0.999515,-0.021826,0.022220,-0.000274,0.122944,-0.123773,0.000423,0.271998,-0.363703,0.347226,-0.001265
10,236.339890,26,1.300000,0.510066,0.503342,0.497311,-0.404151,-0.398442,-0.349743,0.999641,-0.018754,0.019127,-0.000264,0.104760,-0.106410,0.000388,0.271778,-0.462835,0.455784,-0.001121
10,236.339890,27,1.350000,0.489859,0.483420,0.479823,-0.384900,-0.379577,-0.337673,0.999734,-0.016136,0.016467,-0.000255,0.081620,-0.083619,0.000356,0.271512,-0.465149,0.465505,-0.000987
10,236.339890,28,1.400000,0.470614,0.464441,0.462940,-0.368342,-0.363358,-0.325906,0.999797,-0.014097,0.014376,-0.000246,0.058364,-0.060342,0.000328,0.271228,-0.402652,0.407967,-0.000864
10,236.339890,29,1.450000,0.452197,0.446273,0.446644,-0.353899,-0.349204,-0.314539,0.999837,-0.012638,0.012868,-0.000237,0.038232,-0.039943,0.000303,0.270952,-0.306595,0.314513,-0.000752
10,236.339890,30,1.500000,0.434502,0.428813,0.430918,-0.340985,-0.336526,-0.303603,0.999861,-0.011683,0.011869,-0.000230,0.022903,-0.024217,0.000282,0.270697,-0.202682,0.211250,-0.000649
10,236.339890,31,1.550000,0.417453,0.411987,0.415737,-0.329084,-0.324818,-0.293090,0.999875,-0.011110,0.011264,-0.000222,0.012769,-0.013655,0.000263,0.270467,-0.109017,0.116822,-0.000555
10,236.339890,32,1.600000,0.400998,0.395746,0.401083,-0.317800,-0.313693,-0.282976,0.999882,-0.010791,0.010922,-0.000215,0.007318,-0.007813,0.000247,0.270256,-0.035990,0.042177,-0.000470
10,236.339890,33,1.650000,0.385108,0.380061,0.386934,-0.306866,-0.302895,-0.273237,0.999886,-0.010608,0.010727,-0.000209,0.005519,-0.005704,0.000234,0.270060,0.012621,-0.008418,-0.000393
10,236.339890,34,1.700000,0.369765,0.364917,0.373272,-0.296136,-0.292288,-0.263853,0.999889,-0.010470,0.010585,-0.000203,0.006150,-0.006125,0.000223,0.269873,0.037969,-0.035731,-0.000325
10,236.339890,35,1.750000,0.354958,0.350302,0.360080,-0.285555,-0.281826,-0.254810,0.999892,-0.010316,0.010432,-0.000198,0.008048,-0.007912,0.000214,0.269692,0.044325,-0.043770,-0.000266
10,236.339890,36,1.800000,0.340680,0.336211,0.347339,-0.275135,-0.271525,-0.246095,0.999896,-0.010115,0.010234,-0.000192,0.010265,-0.010100,0.000206,0.269517,0.037428,-0.038130,-0.000215
10,236.339890,37,1.850000,0.326924,0.322635,0.335034,-0.264918,-0.261431,-0.237696,0.999902,-0.009858,0.009981,-0.000187,0.012136,-0.012007,0.000200,0.269347,0.023181,-0.024666,-0.000173
10,236.339890,38,1.900000,0.313678,0.309563,0.323150,-0.254960,-0.251599,-0.229601,0.999907,-0.009555,0.009681,-0.000182,0.013295,-0.013240,0.000195,0.269183,0.006739,-0.008561,-0.000138
10,236.339890,39,1.950000,0.300930,0.296983,0.311670,-0.245308,-0.242076,-0.221800,0.999914,-0.009223,0.009350,-0.000178,0.013632,-0.013668,0.000191,0.269024,-0.008010,0.006218,-0.000111
10,236.339890,40,2.000000,0.288664,0.284879,0.300580,-0.235991,-0.232889,-0.214279,0.999920,-0.008882,0.009008,-0.000173,0.013232,-0.013357,0.000188,0.268871,-0.018629,0.017130,-0.000090
10,236.339890,41,2.050000,0.276865,0.273235,0.289866,-0.227019,-0.224046,-0.207029,0.999926,-0.008551,0.008675,-0.000168,0.012301,-0.012500,0.000185,0.268724,-0.024064,0.023011,-0.000075
10,236.339890,42,2.100000,0.265514,0.262033,0.279514,-0.218385,-0.215537,-0.200040,0.999931,-0.008244,0.008362,-0.000164,0.011098,-0.011349,0.000183,0.268582,-0.024407,0.023852,-0.000065
10,236.339890,43,2.150000,0.254595,0.251256,0.269512,-0.210066,-0.207339,-0.193303,0.999936,-0.007966,0.008078,-0.000159,0.009877,-0.010157,0.000181,0.268446,-0.020565,0.020482,-0.000059
10,236.339890,44,2.200000,0.244091,0.240889,0.259847,-0.202033,-0.199420,-0.186809,0.999940,-0.007719,0.007824,-0.000154,0.008849,-0.009133,0.000180,0.268315,-0.013916,0.014220,-0.000057
10,236.339890,45,2.250000,0.233990,0.230918,0.250507,-0.194257,-0.191750,-0.180549,0.999943,-0.007498,0.007596,-0.000150,0.008153,-0.008422,0.000178,0.268189,-0.005987,0.006566,-0.000058
10,236.339890,46,2.300000,0.224277,0.221330,0.241479,-0.186711,-0.184304,-0.174517,0.999946,-0.007294,0.007386,-0.000145,0.007854,-0.008093,0.000177,0.268066,0.001799,-0.001069,-0.000060
10,236.339890,47,2.350000,0.214941,0.212115,0.232753,-0.179378,-0.177063,-0.168704,0.999949,-0.007098,0.007183,-0.000141,0.007944,-0.008147,0.000175,0.267949,0.008302,-0.007534,-0.000065
10,236.339890,48,2.400000,0.205972,0.203262,0.224318,-0.172248,-0.170021,-0.163105,0.999952,-0.006899,0.006980,-0.000137,0.008359,-0.008523,0.000173,0.267835,0.012763,-0.012049,-0.000070
10,236.339890,49,2.450000,0.197360,0.194761,0.216163,-0.165324,-0.163178,-0.157710,0.999955,-0.006690,0.006767,-0.000132,0.008997,-0.009126,0.000171,0.267725,0.014823,-0.014227,-0.000075
10,236.339890,50,2.500000,0.189094,0.186602,0.208277,-0.158614,-0.156545,-0.152513,0.999958,-0.006466,0.006538,-0.000128,0.009739,-0.009837,0.000169,0.267618,0.014495,-0.014054,-0.000081
10,236.339890,51,2.550000,0.181163,0.178775,0.200652,-0.152133,-0.150137,-0.147508,0.999961,-0.006222,0.006293,-0.000124,0.010463,-0.010540,0.000167,0.267516,0.012092,-0.011815,-0.000087
10,236.339890,52,2.600000,0.173557,0.171268,0.193276,-0.145897,-0.143973,-0.142685,0.999964,-0.005961,0.006029,-0.000120,0.011068,-0.011130,0.000164,0.267417,0.008133,-0.008007,-0.000093
10,236.339890,53,2.650000,0.166262,0.164069,0.186142,-0.139926,-0.138071,-0.138040,0.999967,-0.005684,0.005751,-0.000115,0.011475,-0.011531,0.000161,0.267321,0.003245,-0.003244,-0.000098
10,236.339890,54,2.700000,0.159265,0.157166,0.179240,-0.134231,-0.132444,-0.133565,0.999971,-0.005397,0.005463,-0.000111,0.011637,-0.011693,0.000159,0.267229,-0.001926,0.001835,-0.000103
10,236.339890,55,2.750000,0.152554,0.150544,0.172562,-0.128824,-0.127103,-0.129255,0.999974,-0.005106,0.005170,-0.000107,0.011541,-0.011601,0.000156,0.267139,-0.006790,0.006644,-0.000108
10,236.339890,56,2.800000,0.146113,0.144188,0.166099,-0.123709,-0.122052,-0.125105,0.999976,-0.004818,0.004880,-0.000104,0.011201,-0.011269,0.000153,0.267053,-0.010871,0.010702,-0.000112
10,236.339890,57,2.850000,0.139927,0.138086,0.159844,-0.118881,-0.117288,-0.121109,0.999979,-0.004538,0.004598,-0.000100,0.010658,-0.010733,0.000149,0.266969,-0.013838,0.013674,-0.000115
10,236.339890,58,2.900000,0.133983,0.132221,0.153788,-0.114334,-0.112801,-0.117263,0.999981,-0.004271,0.004330,-0.000096,0.009966,-0.010050,0.000146,0.266888,-0.015526,0.015385,-0.000118
10,236.339890,59,2.950000,0.128266,0.126581,0.147925,-0.110054,-0.108580,-0.113562,0.999984,-0.004022,0.004079,-0.000092,0.009190,-0.009280,0.000143,0.266809,-0.015932,0.015824,-0.000120
10,236.339890,60,3.000000,0.122764,0.121152,0.142247,-0.106023,-0.104606,-0.110003,0.999985,-0.003792,0.003847,-0.000089,0.008393,-0.008489,0.000139,0.266733,-0.015202,0.015130,-0.000122
10,236.339890,61,3.050000,0.117463,0.115922,0.136747,-0.102222,-0.100860,-0.106582,0.999987,-0.003582,0.003635,-0.000085,0.007633,-0.007732,0.000136,0.266660,-0.013603,0.013566,-0.000123
10,236.339890,62,3.100000,0.112352,0.110879,0.131418,-0.098632,-0.097322,-0.103293,0.999988,-0.003392,0.003441,-0.000082,0.006953,-0.007054,0.000132,0.266588,-0.011490,0.011484,-0.000123
10,236.339890,63,3.150000,0.107420,0.106013,0.126253,-0.095234,-0.093974,-0.100134,0.999989,-0.003218,0.003265,-0.000079,0.006379,-0.006480,0.000129,0.266519,-0.009269,0.009289,-0.000123
10,236.339890,64,3.200000,0.102658,0.101314,0.121246,-0.092011,-0.090798,-0.097100,0.999991,-0.003058,0.003103,-0.000075,0.005915,-0.006015,0.000125,0.266453,-0.007342,0.007385,-0.000122
10,236.339890,65,3.250000,0.098058,0.096774,0.116391,-0.088949,-0.087780,-0.094188,0.999991,-0.002910,0.002953,-0.000072,0.005548,-0.005646,0.000122,0.266388,-0.006063,0.006128,-0.000121
10,236.339890,66,3.300000,0.093610,0.092385,0.111682,-0.086035,-0.084908,-0.091394,0.999992,-0.002772,0.002811,-0.000069,0.005245,-0.005340,0.000119,0.266325,-0.005684,0.005772,-0.000119
10,236.339890,67,3.350000,0.089308,0.088140,0.107112,-0.083262,-0.082175,-0.088715,0.999993,-0.002641,0.002678,-0.000066,0.004961,-0.005051,0.000115,0.266264,-0.006308,0.006422,-0.000116
10,236.339890,68,3.400000,0.085145,0.084031,0.102677,-0.080621,-0.079571,-0.086146,0.999994,-0.002517,0.002552,-0.000063,0.004646,-0.004730,0.000112,0.266205,-0.007845,0.007989,-0.000114
10,236.339890,69,3.450000,0.081114,0.080053,0.098369,-0.078105,-0.077090,-0.083686,0.999994,-0.002400,0.002433,-0.000061,0.004253,-0.004330,0.000109,0.266148,-0.009993,0.010168,-0.000110
10,236.339890,70,3.500000,0.077209,0.076198,0.094185,-0.075706,-0.074723,-0.081330,0.999995,-0.002294,0.002325,-0.000058,0.003754,-0.003822,0.000106,0.266093,-0.012233,0.012435,-0.000107
10,236.339890,71,3.550000,0.073424,0.072462,0.090118,-0.073415,-0.072463,-0.079077,0.999995,-0.002200,0.002230,-0.000055,0.003142,-0.003200,0.000103,0.266039,-0.013864,0.014081,-0.000103
10,236.339890,72,3.600000,0.069753,0.068839,0.086165,-0.071218,-0.070295,-0.076922,0.999995,-0.002122,0.002150,-0.000053,0.002449,-0.002496,0.000100,0.265986,-0.014072,0.014286,-0.000098
10,236.339890,73,3.650000,0.066192,0.065324,0.082318,-0.069100,-0.068205,-0.074864,0.999996,-0.002061,0.002087,-0.000050,0.001745,-0.001782,0.000097,0.265935,-0.012044,0.012227,-0.000093
10,236.339890,74,3.700000,0.062737,0.061914,0.078575,-0.067044,-0.066175,-0.072900,0.999996,-0.002017,0.002043,-0.000048,0.001143,-0.001171,0.000094,0.265886,-0.007124,0.007240,-0.000088
10,236.339890,75,3.750000,0.059385,0.058605,0.074930,-0.065032,-0.064189,-0.071027,0.999996,-0.001988,0.002013,-0.000045,0.000787,-0.000809,0.000092,0.265837,0.001010,-0.000998,-0.000082
10,236.339890,76,3.800000,0.056133,0.055396,0.071379,-0.063050,-0.062232,-0.069243,0.999996,-0.001969,0.001993,-0.000043,0.000837,-0.000859,0.000089,0.265790,0.012146,-0.012274,-0.000076
10,236.339890,77,3.850000,0.052981,0.052284,0.067917,-0.061088,-0.060294,-0.067547,0.999996,-0.001948,0.001972,-0.000041,0.001445,-0.001472,0.000087,0.265744,0.025374,-0.025662,-0.000069
10,236.339890,78,3.900000,0.049926,0.049269,0.064539,-0.059147,-0.058377,-0.065935,0.999996,-0.001912,0.001935,-0.000039,0.002713,-0.002755,0.000085,0.265699,0.038962,-0.039413,-0.000062
10,236.339890,79,3.950000,0.046969,0.046351,0.061243,-0.057243,-0.056496,-0.064406,0.999997,-0.001844,0.001866,-0.000037,0.004661,-0.004726,0.000083,0.265656,0.050352,-0.050935,-0.000055
10,236.339890,80,4.000000,0.044107,0.043526,0.058022,-0.055407,-0.054682,-0.062958,0.999997,-0.001727,0.001748,-0.000034,0.007179,-0.007273,0.000082,0.265613,0.056299,-0.056944,-0.000048
10,236.339890,81,4.050000,0.041337,0.040792,0.054874,-0.053687,-0.052982,-0.061588,0.999998,-0.001548,0.001566,-0.000032,0.009994,-0.010120,0.000081,0.265572,0.053194,-0.053786,-0.000041
10,236.339890,82,4.100000,0.038652,0.038143,0.051795,-0.052147,-0.051460,-0.060293,0.999998,-0.001298,0.001313,-0.000030,0.012654,-0.012809,0.000079,0.265531,0.037603,-0.037985,-0.000033
10,236.339890,83,4.150000,0.036045,0.035570,0.048780,-0.050856,-0.050184,-0.059073,0.999999,-0.000982,0.000993,-0.000028,0.014534,-0.014708,0.000078,0.265491,0.007009,-0.006995,-0.000026
10,236.339890,84,4.200000,0.033502,0.033060,0.045827,-0.049879,-0.049219,-0.057924,1.000000,-0.000618,0.000625,-0.000026,0.014884,-0.015058,0.000078,0.265451,-0.039293,0.039895,-0.000020
10,236.339890,85,4.250000,0.031008,0.030600,0.042930,-0.049265,-0.048611,-0.056849,1.000000,-0.000246,0.000249,-0.000025,0.012920,-0.013063,0.000077,0.265412,-0.099233,0.100587,-0.000015
10,236.339890,86,4.300000,0.028545,0.028169,0.040088,-0.049020,-0.048369,-0.055846,1.000000,0.000077,-0.000078,-0.000023,0.007958,-0.008034,0.000077,0.265373,-0.167116,0.169310,-0.000011
10,236.339890,87,4.350000,0.026094,0.025751,0.037296,-0.049097,-0.048444,-0.054915,1.000000,0.000276,-0.000279,-0.000021,-0.000398,0.000432,0.000076,0.265335,-0.233067,0.236063,-0.000009
10,236.339890,88,4.400000,0.023639,0.023328,0.034550,-0.049371,-0.048715,-0.054053,1.000000,0.000266,-0.000268,-0.000019,-0.012051,0.012235,0.000076,0.265302,-0.283077,0.286657,-0.000010
10,236.339890,89,4.450000,0.021170,0.020893,0.031847,-0.049634,-0.048977,-0.053254,1.000000,-0.000035,0.000038,-0.000017,-0.026205,0.026568,0.000076,0.265272,-0.299925,0.303657,-0.000015
10,236.339890,90,4.500000,0.018689,0.018444,0.029185,-0.049597,-0.048942,-0.052509,1.000000,-0.000691,0.000702,-0.000015,-0.041201,0.041750,0.000075,0.265244,-0.265320,0.268545,-0.000025
10,236.339890,91,4.550000,0.016209,0.015997,0.026559,-0.048908,-0.048263,-0.051817,0.999997,-0.001721,0.001746,-0.000013,-0.054467,0.055177,0.000075,0.265211,-0.163538,0.165413,-0.000042
10,236.339890,92,4.600000,0.013763,0.013584,0.023968,-0.047193,-0.046573,-0.051192,0.999990,-0.003082,0.003125,-0.000011,-0.062644,0.063448,0.000074,0.265165,0.013234,-0.013631,-0.000068
10,236.339890,93,4.650000,0.011404,0.011255,0.021409,-0.044123,-0.043546,-0.050664,0.999978,-0.004648,0.004711,-0.000009,-0.061983,0.062766,0.000072,0.265103,0.257823,-0.261305,-0.000104
10,236.339890,94,4.700000,0.009198,0.009078,0.018876,-0.039497,-0.038983,-0.050277,0.999961,-0.006198,0.006281,-0.000008,-0.049092,0.049701,0.000069,0.265035,0.539247,-0.546225,-0.000155
10,236.339890,95,4.750000,0.007223,0.007128,0.016362,-0.033333,-0.032899,-0.050048,0.999944,-0.007425,0.007523,-0.000006,-0.022130,0.022389,0.000064,0.264994,0.791871,-0.801933,-0.000222
10,236.339890,96,4.800000,0.005556,0.005483,0.013859,-0.025949,-0.025612,-0.049927,0.999936,-0.007978,0.008083,-0.000004,0.017464,-0.017707,0.000058,0.265024,0.902414,-0.913741,-0.000309
10,236.339890,97,4.850000,0.004259,0.004203,0.011363,-0.018016,-0.017782,-0.049770,0.999942,-0.007542,0.007640,-0.000003,0.062585,-0.063394,0.000049,0.265144,0.694931,-0.703530,-0.000422
10,236.339890,98,4.900000,0.003358,0.003314,0.008874,-0.010514,-0.010376,-0.049376,0.999964,-0.005977,0.006055,-0.000002,0.097331,-0.098571,0.000037,0.264583,-0.084538,0.085796,-0.000566
10,236.339890,99,4.950000,0.002832,0.002795,0.006406,-0.004580,-0.004519,-0.049978,0.999987,-0.003544,0.003591,-0.000001,0.093105,-0.094281,0.000021,0.291884,-1.861680,1.885183,-0.000750
10,236.339890,100,5.000000,0.002603,0.002569,0.003907,-0.000698,-0.000689,0.000020,0.999998,-0.001216,0.001234,-0.000000,0.000021,-0.000022,-0.000000,0,0,0,0
11,236.591546,0,0.000000,1.011248,0.999042,0.981458,-0.013710,-0.010796,0.000636,0.999993,0.002501,-0.002667,0.000002,0.000000,0.000000,0.000000,0.237876,29.853872,-29.244677,-0.268928
11,236.591546,1,0.050000,1.010562,0.998502,0.981490,-0.016060,-0.012999,-0.049364,0.999993,0.002501,-0.002667,0.000002,1.492694,-1.462234,-0.007644,0.237876,-16.638366,15.596939,0.096480
11,236.591546,2,0.100000,1.009759,0.997852,0.979022,-0.018410,-0.015202,-0.099364,0.998441,0.039764,-0.039169,-0.000181,0.660351,-0.682820,-0.004902,0.239361,-13.209119,13.663851,0.067700
11,236.591546,3,0.150000,1.008839,0.997092,0.974053,-0.053086,-0.050392,-0.149364,0.996835,0.056233,-0.056195,-0.000335,-0.000232,0.000250,-0.002977,0.240915,0.009176,-0.009899,0.042363
11,236.591546,4,0.200000,1.006185,0.994573,0.966585,-0.103086,-0.100392,-0.199364,0.996836,0.056231,-0.056185,-0.000410,0.000227,-0.000245,-0.001773,0.240915,-0.004847,0.005210,0.030724
11,236.591546,5,0.250000,1.001030,0.989553,0.956617,-0.153081,-0.150387,-0.249364,0.996835,0.056240,-0.056188,-0.000454,-0.000015,0.000015,-0.000900,0.240915,0.000441,-0.000432,0.023816
11,236.591546,6,0.300000,0.993376,0.982034,0.944149,-0.203080,-0.200387,-0.299364,0.996835,0.056240,-0.056187,-0.000476,0.000007,-0.000006,-0.000223,0.240915,-0.000665,0.000543,0.017584
11,236.591546,7,0.350000,0.983222,0.972014,0.929181,-0.253080,-0.250386,-0.349364,0.996835,0.056241,-0.056187,-0.000482,-0.000027,0.000021,0.000277,0.240915,-0.047222,0.042800,0.012452
11,236.591546,8,0.400000,0.970568,0.959495,0.911712,-0.303079,-0.300386,-0.399364,0.996835,0.056240,-0.056186,-0.000475,-0.002388,0.002161,0.000631,0.240915,-0.640803,0.640486,0.008329
11,236.591546,9,0.450000,0.955414,0.944476,0.891744,-0.353078,-0.350385,-0.449363,0.996841,0.056179,-0.056133,-0.000460,-0.034428,0.034185,0.000868,0.240909,-2.350555,2.358437,0.005075
11,236.591546,10,0.500000,0.937760,0.926957,0.869276,-0.403029,-0.400330,-0.499362,0.996937,0.055321,-0.055282,-0.000438,-0.151957,0.152106,0.001012,0.240817,-2.352550,2.261163,0.002487
11,236.591546,11,0.550000,0.917609,0.906940,0.844308,-0.452206,-0.449498,-0.549360,0.997343,0.051533,-0.051490,-0.000413,-0.269590,0.265158,0.001082,0.262772,-1.193793,1.038612,0.000027
11,236.591546,12,0.600000,0.894999,0.884465,0.816840,-0.502206,-0.499498,-0.558411,0.997987,0.044810,-0.044876,-0.000391,-0.329291,0.317078,0.001083,0.294236,-2.015287,2.031782,-0.002000
11,236.591546,13,0.650000,0.869888,0.859490,0.788919,-0.551030,-0.548213,-0.508412,0.998646,0.036594,-0.036960,-0.000378,-0.430068,0.418653,0.001026,0.239165,-1.316962,1.414957,-0.002667
11,236.591546,14,0.700000,0.842337,0.832080,0.763499,-0.583737,-0.580572,-0.558410,0.999314,0.025857,-0.026502,-0.000367,-0.495932,0.489384,0.000951,0.292672,-0.135637,0.246566,-0.002623
11,236.591546,15,0.750000,0.813150,0.803051,0.735578,-0.612455,-0.608570,-0.508411,0.999807,0.013469,-0.014270,-0.000355,-0.502732,0.501695,0.000876,0.259531,1.005683,-0.912526,-0.002359
11,236.591546,16,0.800000,0.782527,0.772622,0.710158,-0.626173,-0.621510,-0.518668,0.999998,0.000907,-0.001725,-0.000344,-0.452464,0.456052,0.000809,0.291872,1.728836,-1.665132,-0.002129
11,236.591546,17,0.850000,0.751219,0.741547,0.684224,-0.628038,-0.622490,-0.468669,0.999899,-0.010399,0.009679,-0.000333,-0.366037,0.372781,0.000748,0.259454,2.119516,-2.086693,-0.001978
11,236.591546,18,0.900000,0.719817,0.710423,0.660791,-0.618735,-0.612501,-0.478893,0.999628,-0.019544,0.018999,-0.000322,-0.260071,0.268436,0.000692,0.292304,2.176072,-2.170050,-0.001896
11,236.591546,19,0.950000,0.688880,0.679797,0.636846,-0.598168,-0.591357,-0.428894,0.999330,-0.026040,0.025709,-0.000313,-0.151275,0.159927,0.000638,0.266588,2.001963,-2.017940,-0.001843
11,236.591546,20,1.000000,0.658972,0.650230,0.615401,-0.572793,-0.565671,-0.427035,0.999114,-0.029817,0.029705,-0.000304,-0.051181,0.059026,0.000586,0.273871,1.641147,-1.673429,-0.001787
11,236.591546,21,1.050000,0.630332,0.621946,0.594050,-0.542679,-0.535463,-0.412163,0.999030,-0.031095,0.031180,-0.000295,0.030875,-0.024646,0.000535,0.273085,1.162020,-1.203472,-0.001703
11,236.591546,22,1.100000,0.603198,0.595173,0.573442,-0.511164,-0.504052,-0.398911,0.999073,-0.030323,0.030565,-0.000286,0.088977,-0.084819,0.000487,0.272595,0.649736,-0.692096,-0.001584
11,236.591546,23,1.150000,0.577640,0.569970,0.553496,-0.480325,-0.473475,-0.386477,0.999200,-0.028101,0.028446,-0.000278,0.121465,-0.119422,0.000442,0.272334,0.190245,-0.226544,-0.001435
11,236.591546,24,1.200000,0.553624,0.546297,0.534172,-0.451648,-0.445162,-0.374268,0.999361,-0.025067,0.025462,-0.000269,0.130980,-0.130748,0.000401,0.272173,-0.158240,0.131965,-0.001274
11,236.591546,25,1.250000,0.531041,0.524038,0.515459,-0.425990,-0.419916,-0.362032,0.999516,-0.021795,0.022195,-0.000261,0.123070,-0.124147,0.000365,0.272003,-0.374164,0.358864,-0.001114
11,236.591546,26,1.300000,0.509742,0.503043,0.497357,-0.403636,-0.397976,-0.349796,0.999642,-0.018720,0.019092,-0.000252,0.104363,-0.106202,0.000333,0.271782,-0.466506,0.460980,-0.000965
11,236.591546,27,1.350000,0.489560,0.483144,0.479867,-0.384420,-0.379144,-0.337716,0.999735,-0.016112,0.016437,-0.000244,0.081039,-0.083152,0.000306,0.271514,-0.462406,0.464299,-0.000830
11,236.591546,28,1.400000,0.470339,0.464187,0.462982,-0.367891,-0.362949,-0.325945,0.999798,-0.014087,0.014358,-0.000236,0.057920,-0.059936,0.000282,0.271229,-0.395544,0.402154,-0.000709
11,236.591546,29,1.450000,0.451944,0.446039,0.446684,-0.353467,-0.348804,-0.314575,0.999837,-0.012640,0.012860,-0.000229,0.038143,-0.039828,0.000262,0.270953,-0.297896,0.306722,-0.000601
11,236.591546,30,1.500000,0.434271,0.428599,0.430956,-0.340561,-0.336125,-0.303637,0.999861,-0.011687,0.011864,-0.000222,0.023249,-0.024491,0.000245,0.270698,-0.195052,0.204096,-0.000504
11,236.591546,31,1.550000,0.417243,0.411793,0.415774,-0.328665,-0.324412,-0.293123,0.999875,-0.011105,0.011252,-0.000216,0.013496,-0.014286,0.000230,0.270468,-0.104421,0.112306,-0.000418
11,236.591546,32,1.600000,0.400810,0.395572,0.401118,-0.317392,-0.313291,-0.283007,0.999883,-0.010768,0.010895,-0.000210,0.008275,-0.008671,0.000219,0.270257,-0.035427,0.041382,-0.000342
11,236.591546,33,1.650000,0.384940,0.379908,0.386967,-0.306486,-0.302517,-0.273266,0.999887,-0.010561,0.010678,-0.000204,0.006504,-0.006602,0.000209,0.270060,0.009136,-0.005366,-0.000276
11,236.591546,34,1.700000,0.369616,0.364782,0.373304,-0.295804,-0.291956,-0.263880,0.999891,-0.010399,0.010513,-0.000199,0.006961,-0.006870,0.000201,0.269873,0.031227,-0.029511,-0.000219
11,236.591546,35,1.750000,0.354826,0.350184,0.360110,-0.285295,-0.281566,-0.254834,0.999894,-0.010225,0.010341,-0.000194,0.008522,-0.008346,0.000195,0.269692,0.035634,-0.035594,-0.000170
11,236.591546,36,1.800000,0.340561,0.336106,0.347368,-0.274965,-0.271356,-0.246116,0.999899,-0.010012,0.010133,-0.000189,0.010304,-0.010125,0.000190,0.269516,0.028297,-0.029435,-0.000130
11,236.591546,37,1.850000,0.326813,0.322538,0.335062,-0.264849,-0.261365,-0.237714,0.999904,-0.009754,0.009880,-0.000185,0.011719,-0.011597,0.000186,0.269346,0.015036,-0.016834,-0.000098
11,236.591546,38,1.900000,0.313570,0.309470,0.323177,-0.254992,-0.251638,-0.229616,0.999909,-0.009461,0.009590,-0.000180,0.012471,-0.012438,0.000183,0.269182,0.000703,-0.002702,-0.000073
11,236.591546,39,1.950000,0.300821,0.296888,0.311696,-0.245431,-0.242208,-0.221812,0.999915,-0.009149,0.009279,-0.000175,0.012506,-0.012573,0.000181,0.269023,-0.011242,0.009403,-0.000054
11,236.591546,40,2.000000,0.288549,0.284777,0.300605,-0.236184,-0.233094,-0.214290,0.999921,-0.008837,0.008965,-0.000171,0.011944,-0.012103,0.000180,0.268871,-0.018833,0.017392,-0.000042
11,236.591546,41,2.050000,0.276740,0.273123,0.289891,-0.227257,-0.224297,-0.207039,0.999926,-0.008538,0.008662,-0.000166,0.011003,-0.011234,0.000179,0.268724,-0.021448,0.020526,-0.000035
11,236.591546,42,2.100000,0.265377,0.261908,0.279539,-0.218635,-0.215801,-0.200050,0.999931,-0.008263,0.008381,-0.000162,0.009930,-0.010207,0.000178,0.268583,-0.019519,0.019134,-0.000032
11,236.591546,43,2.150000,0.254445,0.251118,0.269536,-0.210297,-0.207583,-0.193312,0.999935,-0.008015,0.008126,-0.000157,0.008955,-0.009250,0.000177,0.268447,-0.014172,0.014265,-0.000033
11,236.591546,44,2.200000,0.243930,0.240739,0.259871,-0.202217,-0.199616,-0.186818,0.999938,-0.007791,0.007895,-0.000153,0.008246,-0.008537,0.000176,0.268316,-0.006870,0.007333,-0.000036
11,236.591546,45,2.250000,0.233820,0.230758,0.250530,-0.194371,-0.191875,-0.180560,0.999942,-0.007585,0.007681,-0.000149,0.007903,-0.008170,0.000175,0.268189,0.000893,-0.000192,-0.000041
11,236.591546,46,2.300000,0.224101,0.221164,0.241502,-0.186740,-0.184343,-0.174529,0.999945,-0.007387,0.007477,-0.000144,0.007947,-0.008180,0.000174,0.268067,0.007826,-0.007018,-0.000048
11,236.591546,47,2.350000,0.214764,0.211947,0.232775,-0.179316,-0.177010,-0.168719,0.999948,-0.007189,0.007273,-0.000140,0.008339,-0.008531,0.000172,0.267949,0.012980,-0.012178,-0.000055
11,236.591546,48,2.400000,0.205798,0.203096,0.224339,-0.172098,-0.169878,-0.163121,0.999951,-0.006980,0.007059,-0.000136,0.008988,-0.009140,0.000171,0.267835,0.015813,-0.015105,-0.000063
11,236.591546,49,2.450000,0.197193,0.194602,0.216183,-0.165094,-0.162955,-0.157728,0.999954,-0.006755,0.006831,-0.000131,0.009778,-0.009895,0.000169,0.267725,0.016182,-0.015623,-0.000070
11,236.591546,50,2.500000,0.188939,0.186455,0.208297,-0.158320,-0.156257,-0.152532,0.999957,-0.006511,0.006584,-0.000127,0.010588,-0.010676,0.000167,0.267619,0.014284,-0.013898,-0.000078
11,236.591546,51,2.550000,0.181023,0.178642,0.200670,-0.151794,-0.149805,-0.147527,0.999961,-0.006246,0.006317,-0.000123,0.011302,-0.011371,0.000165,0.267516,0.010567,-0.010353,-0.000085
11,236.591546,52,2.600000,0.173433,0.171152,0.193294,-0.145535,-0.143617,-0.142704,0.999964,-0.005964,0.006032,-0.000119,0.011830,-0.011888,0.000162,0.267417,0.005633,-0.005568,-0.000091
11,236.591546,53,2.650000,0.166156,0.163971,0.186159,-0.139560,-0.137711,-0.138058,0.999967,-0.005668,0.005735,-0.000115,0.012112,-0.012167,0.000160,0.267322,0.000137,-0.000189,-0.000097
11,236.591546,54,2.700000,0.159178,0.157085,0.179256,-0.133881,-0.132100,-0.133582,0.999971,-0.005365,0.005431,-0.000111,0.012119,-0.012176,0.000157,0.267229,-0.005291,0.005162,-0.000102
11,236.591546,55,2.750000,0.152484,0.150480,0.172577,-0.128506,-0.126791,-0.129271,0.999974,-0.005062,0.005127,-0.000107,0.011854,-0.011918,0.000154,0.267140,-0.010113,0.009946,-0.000106
11,236.591546,56,2.800000,0.146059,0.144141,0.166113,-0.123433,-0.121783,-0.125118,0.999977,-0.004766,0.004829,-0.000103,0.011349,-0.011421,0.000151,0.267053,-0.013923,0.013749,-0.000110
11,236.591546,57,2.850000,0.139887,0.138052,0.159857,-0.118657,-0.117069,-0.121121,0.999980,-0.004482,0.004543,-0.000099,0.010653,-0.010733,0.000148,0.266969,-0.016468,0.016312,-0.000113
11,236.591546,58,2.900000,0.133954,0.132198,0.153801,-0.114164,-0.112638,-0.117274,0.999982,-0.004216,0.004275,-0.000096,0.009829,-0.009917,0.000145,0.266888,-0.017651,0.017527,-0.000116
11,236.591546,59,2.950000,0.128246,0.126566,0.147938,-0.109938,-0.108471,-0.113572,0.999984,-0.003970,0.004027,-0.000092,0.008947,-0.009041,0.000141,0.266809,-0.017523,0.017439,-0.000117
11,236.591546,60,3.000000,0.122749,0.121143,0.142259,-0.105959,-0.104548,-0.110012,0.999986,-0.003747,0.003801,-0.000088,0.008071,-0.008169,0.000138,0.266733,-0.016267,0.016222,-0.000118
11,236.591546,61,3.050000,0.117451,0.115915,0.136758,-0.102204,-0.100847,-0.106590,0.999987,-0.003545,0.003597,-0.000085,0.007258,-0.007358,0.000135,0.266660,-0.014166,0.014155,-0.000119
11,236.591546,62,3.100000,0.112341,0.110873,0.131429,-0.098651,-0.097346,-0.103301,0.999989,-0.003363,0.003413,-0.000082,0.006549,-0.006650,0.000131,0.266588,-0.011581,0.011596,-0.000119
11,236.591546,63,3.150000,0.107409,0.106006,0.126264,-0.095282,-0.094026,-0.100142,0.999990,-0.003200,0.003246,-0.000078,0.005970,-0.006070,0.000128,0.266519,-0.008909,0.008944,-0.000118
11,236.591546,64,3.200000,0.102644,0.101304,0.121257,-0.092077,-0.090868,-0.097108,0.999991,-0.003050,0.003095,-0.000075,0.005525,-0.005623,0.000125,0.266453,-0.006548,0.006598,-0.000117
11,236.591546,65,3.250000,0.098041,0.096761,0.116401,-0.089023,-0.087858,-0.094195,0.999991,-0.002912,0.002954,-0.000072,0.005197,-0.005293,0.000121,0.266388,-0.004856,0.004920,-0.000116
11,236.591546,66,3.300000,0.093589,0.092368,0.111692,-0.086108,-0.084984,-0.091401,0.999992,-0.002782,0.002822,-0.000069,0.004955,-0.005047,0.000118,0.266325,-0.004100,0.004180,-0.000114
11,236.591546,67,3.350000,0.089284,0.088119,0.107122,-0.083324,-0.082240,-0.088722,0.999993,-0.002659,0.002696,-0.000066,0.004750,-0.004838,0.000115,0.266265,-0.004414,0.004514,-0.000112
11,236.591546,68,3.400000,0.085118,0.084007,0.102686,-0.080666,-0.079619,-0.086153,0.999993,-0.002540,0.002575,-0.000063,0.004529,-0.004612,0.000112,0.266206,-0.005754,0.005881,-0.000109
11,236.591546,69,3.450000,0.081085,0.080026,0.098378,-0.078127,-0.077115,-0.083693,0.999994,-0.002427,0.002459,-0.000060,0.004241,-0.004318,0.000108,0.266148,-0.007872,0.008028,-0.000106
11,236.591546,70,3.500000,0.077178,0.076170,0.094193,-0.075703,-0.074723,-0.081337,0.999995,-0.002321,0.002351,-0.000058,0.003848,-0.003917,0.000105,0.266093,-0.010298,0.010484,-0.000103
11,236.591546,71,3.550000,0.073393,0.072434,0.090126,-0.073385,-0.072436,-0.079084,0.999995,-0.002224,0.002253,-0.000055,0.003333,-0.003393,0.000102,0.266039,-0.012365,0.012573,-0.000100
11,236.591546,72,3.600000,0.069724,0.068812,0.086172,-0.071165,-0.070245,-0.076929,0.999995,-0.002141,0.002169,-0.000052,0.002715,-0.002764,0.000100,0.265986,-0.013262,0.013476,-0.000096
11,236.591546,73,3.650000,0.066166,0.065300,0.082326,-0.069028,-0.068136,-0.074871,0.999996,-0.002073,0.002100,-0.000050,0.002052,-0.002090,0.000097,0.265935,-0.012136,0.012330,-0.000091
11,236.591546,74,3.700000,0.062714,0.061893,0.078582,-0.066960,-0.066094,-0.072907,0.999996,-0.002022,0.002047,-0.000047,0.001445,-0.001474,0.000094,0.265886,-0.008241,0.008379,-0.000087
11,236.591546,75,3.750000,0.059366,0.058589,0.074937,-0.064944,-0.064103,-0.071034,0.999996,-0.001986,0.002010,-0.000045,0.001033,-0.001055,0.000092,0.265838,-0.001114,0.001159,-0.000082
11,236.591546,76,3.800000,0.056119,0.055383,0.071385,-0.062964,-0.062148,-0.069250,0.999996,-0.001960,0.001984,-0.000043,0.000977,-0.000997,0.000090,0.265790,0.009211,-0.009299,-0.000076
11,236.591546,77,3.850000,0.052971,0.052276,0.067923,-0.061011,-0.060219,-0.067553,0.999996,-0.001935,0.001959,-0.000041,0.001438,-0.001462,0.000087,0.265744,0.022019,-0.022267,-0.000071
11,236.591546,78,3.900000,0.049920,0.049265,0.064545,-0.059083,-0.058314,-0.065941,0.999996,-0.001900,0.001923,-0.000038,0.002539,-0.002575,0.000085,0.265700,0.035756,-0.036174,-0.000065
11,236.591546,79,3.950000,0.046966,0.046349,0.061248,-0.057191,-0.056444,-0.064412,0.999997,-0.001836,0.001858,-0.000036,0.004326,-0.004384,0.000084,0.265656,0.047987,-0.048553,-0.000058
11,236.591546,80,4.000000,0.044107,0.043527,0.058027,-0.055362,-0.054638,-0.062964,0.999997,-0.001728,0.001749,-0.000034,0.006726,-0.006811,0.000082,0.265613,0.055485,-0.056137,-0.000052
11,236.591546,81,4.050000,0.041338,0.040795,0.054879,-0.053642,-0.052938,-0.061593,0.999998,-0.001560,0.001578,-0.000032,0.009500,-0.009618,0.000080,0.265572,0.054524,-0.055153,-0.000045
11,236.591546,82,4.100000,0.038656,0.038148,0.051799,-0.052089,-0.051404,-0.060299,0.999998,-0.001322,0.001338,-0.000030,0.012226,-0.012376,0.000079,0.265531,0.041391,-0.041844,-0.000038
11,236.591546,83,4.150000,0.036052,0.035578,0.048784,-0.050773,-0.050104,-0.059078,0.999999,-0.001017,0.001029,-0.000028,0.014296,-0.014468,0.000078,0.265491,0.013138,-0.013224,-0.000031
11,236.591546,84,4.200000,0.033513,0.033073,0.045831,-0.049762,-0.049104,-0.057930,1.000000,-0.000659,0.000667,-0.000026,0.014953,-0.015129,0.000077,0.265451,-0.031486,0.031971,-0.000025
11,236.591546,85,4.250000,0.031025,0.030618,0.042934,-0.049106,-0.048456,-0.056854,1.000000,-0.000285,0.000289,-0.000024,0.013379,-0.013531,0.000076,0.265412,-0.090998,0.092234,-0.000019
11,236.591546,86,4.300000,0.028570,0.028195,0.040091,-0.048823,-0.048176,-0.055851,1.000000,0.000049,-0.000050,-0.000022,0.008829,-0.008919,0.000076,0.265373,-0.160197,0.162298,-0.000015
11,236.591546,87,4.350000,0.026129,0.025786,0.037299,-0.048871,-0.048224,-0.054920,1.000000,0.000270,-0.000273,-0.000020,0.000819,-0.000804,0.000075,0.265335,-0.229472,0.232426,-0.000012
11,236.591546,88,4.400000,0.023685,0.023375,0.034553,-0.049139,-0.048489,-0.054058,1.000000,0.000290,-0.000293,-0.000019,-0.010655,0.010817,0.000075,0.265301,-0.284682,0.288295,-0.000012
11,236.591546,89,4.450000,0.021228,0.020950,0.031850,-0.049427,-0.048774,-0.053260,1.000000,0.000024,-0.000022,-0.000017,-0.024889,0.025232,0.000075,0.265271,-0.307944,0.311796,-0.000016
11,236.591546,90,4.500000,0.018757,0.018512,0.029187,-0.049449,-0.048797,-0.052516,1.000000,-0.000598,0.000609,-0.000015,-0.040286,0.040822,0.000074,0.265243,-0.279705,0.283134,-0.000025
11,236.591546,91,4.550000,0.016284,0.016072,0.026561,-0.048851,-0.048210,-0.051825,0.999997,-0.001605,0.001629,-0.000013,-0.054272,0.054978,0.000074,0.265211,-0.182440,0.184575,-0.000040
11,236.591546,92,4.600000,0.013842,0.013661,0.023970,-0.047251,-0.046633,-0.051199,0.999991,-0.002962,0.003004,-0.000011,-0.063394,0.064207,0.000072,0.265167,-0.006235,0.006096,-0.000064
11,236.591546,93,4.650000,0.011479,0.011330,0.021410,-0.044301,-0.043724,-0.050667,0.999979,-0.004547,0.004609,-0.000009,-0.063706,0.064512,0.000071,0.265105,0.243659,-0.246961,-0.000099
11,236.591546,94,4.700000,0.009264,0.009144,0.018877,-0.039776,-0.039259,-0.050273,0.999962,-0.006140,0.006222,-0.000008,-0.051523,0.052163,0.000068,0.265036,0.537224,-0.544188,-0.000148
11,236.591546,95,4.750000,0.007275,0.007181,0.016363,-0.033669,-0.033233,-0.050041,0.999944,-0.007428,0.007526,-0.000006,-0.024662,0.024954,0.000064,0.264992,0.807689,-0.817973,-0.000214
11,236.591546,96,4.800000,0.005592,0.005519,0.013861,-0.026283,-0.025943,-0.049925,0.999934,-0.008044,0.008149,-0.000004,0.015723,-0.015945,0.000058,0.265019,0.936911,-0.948701,-0.000301
11,236.591546,97,4.850000,0.004278,0.004222,0.011365,-0.018285,-0.018048,-0.049778,0.999941,-0.007651,0.007751,-0.000003,0.062568,-0.063380,0.000049,0.265141,0.738154,-0.747317,-0.000416
11,236.591546,98,4.900000,0.003364,0.003319,0.008876,-0.010674,-0.010535,-0.049393,0.999962,-0.006087,0.006166,-0.000002,0.099476,-0.100746,0.000037,0.264594,-0.062019,0.063000,-0.000564
11,236.591546,99,4.950000,0.002830,0.002793,0.006406,-0.004631,-0.004570,-0.049979,0.999987,-0.003600,0.003648,-0.000001,0.096375,-0.097595,0.000021,0.291885,-1.927134,1.951520,-0.000754
11,236.591546,100,5.000000,0.002598,0.002564,0.003907,-0.000688,-0.000679,0.000020,0.999999,-0.001191,0.001208,-0.000000,0.000019,-0.000019,-0.000000,0,0,0,0
12,247.097593,0,0.000000,1.011248,0.999042,0.981458,-0.013710,-0.010796,0.000636,0.999993,0.002501,-0.002667,0.000002,0.000000,0.000000,0.000000,0.237876,30.365850,-29.765287,-0.281772
12,247.097593,1,0.050000,1.010562,0.998502,0.981490,-0.016060,-0.012999,-0.049364,0.999993,0.002501,-0.002667,0.000002,1.518293,-1.488264,-0.008009,0.237876,-17.660221,16.637983,0.100718
12,247.097593,2,0.100000,1.009759,0.997852,0.979022,-0.018410,-0.015202,-0.099364,0.998390,0.040401,-0.039817,-0.000190,0.634829,-0.656827,-0.005146,0.239411,-12.699842,13.146160,0.069238
12,247.097593,3,0.150000,1.008839,0.997092,0.974053,-0.053666,-0.050961,-0.149364,0.996835,0.056234,-0.056194,-0.000350,-0.000291,0.000357,-0.003178,0.240915,0.011549,-0.014188,0.043147
12,247.097593,4,0.200000,1.006156,0.994544,0.966585,-0.103666,-0.100961,-0.199364,0.996836,0.056231,-0.056181,-0.000429,0.000286,-0.000352,-0.001952,0.240914,-0.006097,0.007391,0.031000
12,247.097593,5,0.250000,1.000972,0.989496,0.956617,-0.153657,-0.150955,-0.249364,0.996835,0.056241,-0.056187,-0.000478,-0.000019,0.000018,-0.001071,0.240915,0.000520,-0.000465,0.023765
12,247.097593,6,0.300000,0.993290,0.981948,0.944149,-0.203657,-0.200954,-0.299364,0.996835,0.056242,-0.056185,-0.000504,0.000007,-0.000006,-0.000395,0.240915,-0.000503,0.000391,0.017346
12,247.097593,7,0.350000,0.983107,0.971901,0.929181,-0.253657,-0.250954,-0.349364,0.996835,0.056243,-0.056185,-0.000514,-0.000018,0.000014,0.000098,0.240915,-0.056824,0.050984,0.012130
12,247.097593,8,0.400000,0.970424,0.959353,0.911712,-0.303656,-0.300953,-0.399364,0.996835,0.056242,-0.056184,-0.000512,-0.002859,0.002563,0.000443,0.240915,-0.641249,0.641310,0.007997
12,247.097593,9,0.450000,0.955241,0.944305,0.891744,-0.353655,-0.350952,-0.449363,0.996843,0.056170,-0.056121,-0.000501,-0.034922,0.034628,0.000670,0.240908,-2.367552,2.378211,0.004783
12,247.097593,10,0.500000,0.937558,0.926758,0.869276,-0.403596,-0.400887,-0.499362,0.996939,0.055299,-0.055259,-0.000485,-0.153300,0.153538,0.000806,0.240815,-2.339447,2.245574,0.002267
12,247.097593,11,0.550000,0.917378,0.906713,0.844308,-0.452755,-0.450034,-0.549360,0.997349,0.051479,-0.051430,-0.000464,-0.270277,0.265812,0.000870,0.263061,-1.148856,0.985548,-0.000136
12,247.097593,12,0.600000,0.894741,0.884212,0.816840,-0.502754,-0.500033,-0.557869,0.997994,0.044740,-0.044799,-0.000448,-0.327729,0.315081,0.000866,0.294228,-2.057497,2.076283,-0.002102
12,247.097593,13,0.650000,0.869603,0.859210,0.788946,-0.551497,-0.548668,-0.507870,0.998649,0.036563,-0.036932,-0.000441,-0.430614,0.418884,0.000807,0.239163,-1.355914,1.459520,-0.002640
12,247.097593,14,0.700000,0.842028,0.831777,0.763553,-0.584181,-0.580997,-0.557869,0.999316,0.025813,-0.026467,-0.000436,-0.498422,0.491847,0.000732,0.292669,-0.143101,0.258094,-0.002460
12,247.097593,15,0.750000,0.812819,0.802727,0.735659,-0.612863,-0.608945,-0.507870,0.999810,0.013364,-0.014173,-0.000430,-0.505591,0.504738,0.000662,0.259219,1.024748,-0.929962,-0.002091
12,247.097593,16,0.800000,0.782176,0.772280,0.710266,-0.626473,-0.621767,-0.518699,0.999998,0.000732,-0.001551,-0.000423,-0.454366,0.458227,0.000602,0.291871,1.755021,-1.691801,-0.001789
12,247.097593,17,0.850000,0.750852,0.741191,0.684331,-0.628150,-0.622558,-0.468700,0.999894,-0.010621,0.009908,-0.000418,-0.366626,0.373626,0.000551,0.259483,2.151334,-2.120352,-0.001588
12,247.097593,18,0.900000,0.719445,0.710063,0.660896,-0.618624,-0.612355,-0.478879,0.999619,-0.019780,0.019250,-0.000412,-0.259067,0.267601,0.000506,0.292315,2.199461,-2.195868,-0.001471
12,247.097593,19,0.950000,0.688514,0.679446,0.636952,-0.597783,-0.590957,-0.428880,0.999319,-0.026250,0.025939,-0.000407,-0.149099,0.157803,0.000465,0.266567,2.018928,-2.037514,-0.001392
12,247.097593,20,1.000000,0.658624,0.649898,0.615508,-0.572180,-0.565068,-0.427082,0.999104,-0.029973,0.029883,-0.000402,-0.048155,0.055924,0.000425,0.273853,1.647658,-1.682373,-0.001314
12,247.097593,21,1.050000,0.630015,0.621644,0.594154,-0.541885,-0.534707,-0.412264,0.999024,-0.031175,0.031281,-0.000398,0.034226,-0.028195,0.000388,0.273072,1.156173,-1.199524,-0.001214
12,247.097593,22,1.100000,0.602921,0.594909,0.573541,-0.510267,-0.503221,-0.399047,0.999072,-0.030320,0.030576,-0.000393,0.092036,-0.088171,0.000353,0.272593,0.632903,-0.676223,-0.001085
12,247.097593,23,1.150000,0.577408,0.569748,0.553588,-0.479413,-0.472650,-0.386618,0.999204,-0.028022,0.028373,-0.000388,0.123682,-0.121981,0.000322,0.272341,0.167637,-0.203738,-0.000933
12,247.097593,24,1.200000,0.553437,0.546115,0.534257,-0.450806,-0.444419,-0.374388,0.999368,-0.024933,0.025325,-0.000382,0.132065,-0.132166,0.000296,0.272182,-0.180334,0.155281,-0.000776
12,247.097593,25,1.250000,0.530897,0.523894,0.515538,-0.425282,-0.419311,-0.362120,0.999523,-0.021634,0.022022,-0.000376,0.123050,-0.124400,0.000274,0.272011,-0.390880,0.377469,-0.000626
12,247.097593,26,1.300000,0.509633,0.502929,0.497432,-0.403099,-0.397534,-0.349856,0.999649,-0.018560,0.018912,-0.000369,0.103507,-0.105526,0.000256,0.271785,-0.475554,0.472164,-0.000492
12,247.097593,27,1.350000,0.489478,0.483052,0.479939,-0.384062,-0.378865,-0.337758,0.999740,-0.015974,0.016274,-0.000363,0.079731,-0.081917,0.000242,0.271513,-0.463962,0.467867,-0.000374
12,247.097593,28,1.400000,0.470275,0.464109,0.463051,-0.367695,-0.362811,-0.325979,0.999801,-0.013982,0.014226,-0.000356,0.056533,-0.058522,0.000231,0.271226,-0.391478,0.399715,-0.000273
12,247.097593,29,1.450000,0.451890,0.445968,0.446752,-0.353402,-0.348774,-0.314609,0.999839,-0.012569,0.012763,-0.000350,0.036960,-0.038536,0.000224,0.270949,-0.290825,0.300758,-0.000186
12,247.097593,30,1.500000,0.434220,0.428530,0.431022,-0.340592,-0.336167,-0.303672,0.999863,-0.011646,0.011799,-0.000344,0.022419,-0.023498,0.000218,0.270696,-0.187530,0.197135,-0.000111
12,247.097593,31,1.550000,0.417190,0.411721,0.415838,-0.328760,-0.324497,-0.293159,0.999876,-0.011085,0.011212,-0.000339,0.013043,-0.013641,0.000215,0.270467,-0.098395,0.106352,-0.000048
12,247.097593,32,1.600000,0.400752,0.395496,0.401180,-0.317527,-0.313397,-0.283044,0.999883,-0.010759,0.010871,-0.000333,0.008123,-0.008323,0.000214,0.270257,-0.031977,0.037627,0.000006
12,247.097593,33,1.650000,0.384876,0.379827,0.387028,-0.306644,-0.302633,-0.273302,0.999887,-0.010556,0.010663,-0.000328,0.006524,-0.006442,0.000214,0.270061,0.009792,-0.006575,0.000049
12,247.097593,34,1.700000,0.369544,0.364695,0.373363,-0.295977,-0.292078,-0.263914,0.999891,-0.010393,0.010502,-0.000323,0.007014,-0.006771,0.000215,0.269873,0.029567,-0.028523,0.000084
12,247.097593,35,1.750000,0.354745,0.350091,0.360167,-0.285478,-0.281695,-0.254867,0.999894,-0.010218,0.010332,-0.000317,0.008492,-0.008197,0.000218,0.269692,0.032567,-0.033211,0.000111
12,247.097593,36,1.800000,0.340471,0.336006,0.347424,-0.275155,-0.271493,-0.246148,0.999899,-0.010006,0.010127,-0.000312,0.010121,-0.009857,0.000221,0.269517,0.024890,-0.026644,0.000130
12,247.097593,37,1.850000,0.326713,0.322432,0.335117,-0.265044,-0.261509,-0.237745,0.999904,-0.009753,0.009881,-0.000307,0.011365,-0.011189,0.000225,0.269347,0.012264,-0.014565,0.000143
12,247.097593,38,1.900000,0.313461,0.309356,0.323229,-0.255185,-0.251784,-0.229647,0.999909,-0.009469,0.009601,-0.000301,0.011979,-0.011918,0.000229,0.269182,-0.000716,-0.001655,0.000149
12,247.097593,39,1.950000,0.300702,0.296767,0.311747,-0.245611,-0.242348,-0.221842,0.999915,-0.009169,0.009303,-0.000295,0.011943,-0.012000,0.000233,0.269024,-0.010940,0.008854,0.000149
12,247.097593,40,2.000000,0.288421,0.284650,0.300655,-0.236339,-0.233215,-0.214320,0.999920,-0.008871,0.009003,-0.000290,0.011396,-0.011557,0.000237,0.268871,-0.016800,0.015218,0.000145
12,247.097593,41,2.050000,0.276604,0.272989,0.289939,-0.227372,-0.224385,-0.207069,0.999925,-0.008586,0.008714,-0.000284,0.010556,-0.010796,0.000241,0.268725,-0.017987,0.017000,0.000136
12,247.097593,42,2.100000,0.265236,0.261770,0.279586,-0.218697,-0.215842,-0.200080,0.999930,-0.008322,0.008444,-0.000278,0.009657,-0.009946,0.000245,0.268584,-0.015147,0.014743,0.000124
12,247.097593,43,2.150000,0.254301,0.250978,0.269582,-0.210295,-0.207567,-0.193343,0.999934,-0.008081,0.008196,-0.000271,0.008900,-0.009209,0.000249,0.268448,-0.009511,0.009604,0.000110
12,247.097593,44,2.200000,0.243786,0.240599,0.259914,-0.202145,-0.199535,-0.186849,0.999937,-0.007858,0.007965,-0.000265,0.008424,-0.008729,0.000252,0.268316,-0.002539,0.003001,0.000094
12,247.097593,45,2.250000,0.233679,0.230622,0.250572,-0.194228,-0.191729,-0.180591,0.999941,-0.007648,0.007747,-0.000259,0.008297,-0.008579,0.000254,0.268190,0.004371,-0.003684,0.000077
12,247.097593,46,2.300000,0.223967,0.221036,0.241542,-0.186531,-0.184135,-0.174561,0.999944,-0.007440,0.007533,-0.000252,0.008516,-0.008763,0.000257,0.268068,0.010086,-0.009308,0.000060
12,247.097593,47,2.350000,0.214641,0.211829,0.232814,-0.179051,-0.176750,-0.168751,0.999947,-0.007227,0.007314,-0.000246,0.009020,-0.009228,0.000258,0.267950,0.013847,-0.013089,0.000043
12,247.097593,48,2.400000,0.205688,0.202992,0.224377,-0.171791,-0.169580,-0.163153,0.999950,-0.007002,0.007083,-0.000240,0.009713,-0.009882,0.000259,0.267836,0.015300,-0.014643,0.000026
12,247.097593,49,2.450000,0.197099,0.194513,0.216219,-0.164763,-0.162636,-0.157759,0.999954,-0.006759,0.006836,-0.000233,0.010478,-0.010614,0.000260,0.267726,0.014464,-0.013955,0.000010
12,247.097593,50,2.500000,0.188861,0.186381,0.208331,-0.157984,-0.155936,-0.152563,0.999957,-0.006497,0.006571,-0.000227,0.011201,-0.011312,0.000260,0.267619,0.011655,-0.011309,-0.000005
12,247.097593,51,2.550000,0.180961,0.178584,0.200703,-0.151470,-0.149498,-0.147556,0.999961,-0.006217,0.006288,-0.000220,0.011784,-0.011877,0.000260,0.267517,0.007387,-0.007194,-0.000019
12,247.097593,52,2.600000,0.173388,0.171109,0.193325,-0.145239,-0.143340,-0.142732,0.999964,-0.005923,0.005991,-0.000214,0.012153,-0.012237,0.000260,0.267418,0.002272,-0.002205,-0.000033
12,247.097593,53,2.650000,0.166126,0.163942,0.186189,-0.139304,-0.137476,-0.138083,0.999968,-0.005619,0.005685,-0.000207,0.012267,-0.012347,0.000259,0.267322,-0.003069,0.003045,-0.000045
12,247.097593,54,2.700000,0.159161,0.157068,0.179284,-0.133675,-0.131914,-0.133605,0.999971,-0.005312,0.005376,-0.000201,0.012114,-0.012195,0.000258,0.267230,-0.008077,0.008002,-0.000056
12,247.097593,55,2.750000,0.152477,0.150473,0.172604,-0.128353,-0.126657,-0.129292,0.999975,-0.005009,0.005071,-0.000194,0.011710,-0.011795,0.000256,0.267140,-0.012304,0.012211,-0.000066
12,247.097593,56,2.800000,0.146059,0.144140,0.166140,-0.123334,-0.121702,-0.125138,0.999977,-0.004717,0.004776,-0.000188,0.011095,-0.011184,0.000254,0.267053,-0.015438,0.015356,-0.000076
12,247.097593,57,2.850000,0.139893,0.138055,0.159883,-0.118609,-0.117038,-0.121140,0.999980,-0.004439,0.004497,-0.000181,0.010323,-0.010416,0.000252,0.266969,-0.017313,0.017259,-0.000084
12,247.097593,58,2.900000,0.133962,0.132203,0.153826,-0.114162,-0.112650,-0.117291,0.999982,-0.004181,0.004236,-0.000175,0.009458,-0.009553,0.000250,0.266888,-0.017899,0.017882,-0.000092
12,247.097593,59,2.950000,0.128254,0.126570,0.147961,-0.109974,-0.108518,-0.113589,0.999984,-0.003945,0.003998,-0.000169,0.008563,-0.008659,0.000247,0.266809,-0.017289,0.017308,-0.000099
12,247.097593,60,3.000000,0.122756,0.121144,0.142282,-0.106023,-0.104620,-0.110028,0.999986,-0.003731,0.003781,-0.000163,0.007698,-0.007793,0.000244,0.266733,-0.015679,0.015728,-0.000105
12,247.097593,61,3.050000,0.117454,0.115913,0.136780,-0.102287,-0.100935,-0.106606,0.999987,-0.003538,0.003586,-0.000157,0.006915,-0.007007,0.000241,0.266660,-0.013343,0.013412,-0.000111
12,247.097593,62,3.100000,0.112340,0.110867,0.131450,-0.098745,-0.097441,-0.103316,0.999989,-0.003365,0.003411,-0.000151,0.006247,-0.006336,0.000238,0.266589,-0.010612,0.010691,-0.000116
12,247.097593,63,3.150000,0.107403,0.105995,0.126284,-0.095376,-0.094119,-0.100157,0.999990,-0.003209,0.003253,-0.000145,0.005717,-0.005802,0.000235,0.266520,-0.007849,0.007928,-0.000121
12,247.097593,64,3.200000,0.102634,0.101289,0.121276,-0.092165,-0.090952,-0.097122,0.999990,-0.003066,0.003108,-0.000139,0.005325,-0.005405,0.000231,0.266453,-0.005415,0.005490,-0.000125
12,247.097593,65,3.250000,0.098026,0.096741,0.116420,-0.089098,-0.087926,-0.094210,0.999991,-0.002933,0.002973,-0.000133,0.005054,-0.005131,0.000228,0.266388,-0.003642,0.003712,-0.000129
12,247.097593,66,3.300000,0.093571,0.092345,0.111710,-0.086165,-0.085033,-0.091415,0.999992,-0.002807,0.002844,-0.000127,0.004872,-0.004945,0.000224,0.266326,-0.002792,0.002859,-0.000133
12,247.097593,67,3.350000,0.089263,0.088093,0.107139,-0.083359,-0.082265,-0.088736,0.999993,-0.002685,0.002721,-0.000122,0.004732,-0.004802,0.000220,0.266265,-0.003010,0.003083,-0.000136
12,247.097593,68,3.400000,0.085095,0.083980,0.102702,-0.080675,-0.079617,-0.086167,0.999993,-0.002567,0.002601,-0.000116,0.004582,-0.004648,0.000216,0.266206,-0.004291,0.004378,-0.000139
12,247.097593,69,3.450000,0.081061,0.079999,0.098394,-0.078111,-0.077087,-0.083707,0.999994,-0.002452,0.002484,-0.000111,0.004367,-0.004429,0.000212,0.266149,-0.006433,0.006543,-0.000141
12,247.097593,70,3.500000,0.077155,0.076145,0.094208,-0.075662,-0.074670,-0.081351,0.999994,-0.002343,0.002374,-0.000105,0.004046,-0.004102,0.000208,0.266093,-0.009025,0.009162,-0.000144
12,247.097593,71,3.550000,0.073372,0.072411,0.090141,-0.073322,-0.072361,-0.079097,0.999995,-0.002242,0.002271,-0.000100,0.003594,-0.003643,0.000204,0.266039,-0.011446,0.011606,-0.000146
12,247.097593,72,3.600000,0.069706,0.068793,0.086186,-0.071084,-0.070152,-0.076942,0.999995,-0.002152,0.002180,-0.000095,0.003022,-0.003063,0.000200,0.265987,-0.012908,0.013080,-0.000148
12,247.097593,73,3.650000,0.066152,0.065286,0.082339,-0.068936,-0.068032,-0.074884,0.999996,-0.002076,0.002104,-0.000090,0.002377,-0.002409,0.000196,0.265936,-0.012545,0.012706,-0.000149
12,247.097593,74,3.700000,0.062705,0.061884,0.078595,-0.066864,-0.065987,-0.072919,0.999996,-0.002017,0.002043,-0.000085,0.001749,-0.001774,0.000192,0.265886,-0.009545,0.009664,-0.000151
12,247.097593,75,3.750000,0.059362,0.058585,0.074949,-0.064852,-0.064001,-0.071046,0.999996,-0.001973,0.001999,-0.000080,0.001272,-0.001290,0.000187,0.265838,-0.003335,0.003371,-0.000152
12,247.097593,76,3.800000,0.056119,0.055385,0.071397,-0.062884,-0.062059,-0.069262,0.999996,-0.001941,0.001967,-0.000076,0.001106,-0.001122,0.000183,0.265791,0.006216,-0.006302,-0.000152
12,247.097593,77,3.850000,0.052975,0.052282,0.067933,-0.060948,-0.060148,-0.067564,0.999996,-0.001914,0.001939,-0.000071,0.001416,-0.001437,0.000179,0.265745,0.018576,-0.018817,-0.000153
12,247.097593,78,3.900000,0.049928,0.049274,0.064555,-0.059039,-0.058264,-0.065952,0.999996,-0.001878,0.001903,-0.000067,0.002345,-0.002378,0.000174,0.265700,0.032376,-0.032787,-0.000153
12,247.097593,79,3.950000,0.046976,0.046361,0.061258,-0.057167,-0.056416,-0.064423,0.999997,-0.001820,0.001843,-0.000062,0.003964,-0.004017,0.000170,0.265656,0.045320,-0.045887,-0.000152
12,247.097593,80,4.000000,0.044117,0.043540,0.058036,-0.055353,-0.054625,-0.062974,0.999997,-0.001721,0.001743,-0.000058,0.006230,-0.006311,0.000166,0.265613,0.054233,-0.054903,-0.000151
12,247.097593,81,4.050000,0.041350,0.040809,0.054888,-0.053638,-0.052933,-0.061603,0.999998,-0.001565,0.001585,-0.000054,0.008942,-0.009057,0.000161,0.265572,0.055314,-0.055984,-0.000151
12,247.097593,82,4.100000,0.038668,0.038162,0.051808,-0.052079,-0.051394,-0.060309,0.999998,-0.001341,0.001359,-0.000050,0.011707,-0.011856,0.000157,0.265531,0.044618,-0.045138,-0.000149
12,247.097593,83,4.150000,0.036064,0.035593,0.048792,-0.050743,-0.050074,-0.059088,0.999999,-0.001049,0.001062,-0.000046,0.013938,-0.014113,0.000153,0.265491,0.018802,-0.018980,-0.000148
12,247.097593,84,4.200000,0.033527,0.033089,0.045838,-0.049698,-0.049043,-0.057940,1.000000,-0.000700,0.000709,-0.000042,0.014879,-0.015061,0.000149,0.265452,-0.023912,0.024287,-0.000147
12,247.097593,85,4.250000,0.031042,0.030637,0.042941,-0.049001,-0.048355,-0.056864,1.000000,-0.000328,0.000333,-0.000038,0.013683,-0.013847,0.000145,0.265412,-0.082627,0.083753,-0.000147
12,247.097593,86,4.300000,0.028592,0.028219,0.040098,-0.048674,-0.048032,-0.055860,1.000000,0.000014,-0.000013,-0.000035,0.009552,-0.009659,0.000140,0.265373,-0.152680,0.154690,-0.000148
12,247.097593,87,4.350000,0.026158,0.025817,0.037305,-0.048687,-0.048046,-0.054929,1.000000,0.000253,-0.000255,-0.000031,0.001918,-0.001925,0.000136,0.265335,-0.224797,0.227705,-0.000150
12,247.097593,88,4.400000,0.023724,0.023415,0.034558,-0.048937,-0.048294,-0.054067,1.000000,0.000300,-0.000303,-0.000028,-0.009322,0.009461,0.000132,0.265301,-0.284808,0.288443,-0.000155
12,247.097593,89,4.450000,0.021277,0.021000,0.031855,-0.049235,-0.048589,-0.053269,1.000000,0.000067,-0.000066,-0.000025,-0.023562,0.023883,0.000128,0.265271,-0.314285,0.318242,-0.000163
12,247.097593,90,4.500000,0.018815,0.018571,0.029191,-0.049300,-0.048655,-0.052527,1.000000,-0.000522,0.000531,-0.000021,-0.039277,0.039795,0.000123,0.265243,-0.292519,0.296136,-0.000176
12,247.097593,91,4.550000,0.016350,0.016138,0.026565,-0.048779,-0.048143,-0.051837,0.999998,-0.001504,0.001526,-0.000018,-0.053903,0.054601,0.000118,0.265211,-0.200249,0.202628,-0.000195
12,247.097593,92,4.600000,0.013911,0.013731,0.023973,-0.047280,-0.046666,-0.051210,0.999992,-0.002851,0.002891,-0.000015,-0.063916,0.064732,0.000112,0.265168,-0.025442,0.025557,-0.000223
12,247.097593,93,4.650000,0.011547,0.011398,0.021413,-0.044441,-0.043866,-0.050675,0.999980,-0.004449,0.004509,-0.000013,-0.065188,0.066010,0.000106,0.265107,0.228691,-0.231803,-0.000262
12,247.097593,94,4.700000,0.009325,0.009204,0.018879,-0.040014,-0.039498,-0.050275,0.999963,-0.006078,0.006159,-0.000010,-0.053754,0.054420,0.000099,0.265037,0.533337,-0.540259,-0.000316
12,247.097593,95,4.750000,0.007324,0.007230,0.016365,-0.033968,-0.033532,-0.050039,0.999944,-0.007422,0.007520,-0.000007,-0.027087,0.027406,0.000090,0.264990,0.820940,-0.831402,-0.000387
12,247.097593,96,4.800000,0.005626,0.005553,0.013863,-0.026589,-0.026247,-0.049926,0.999934,-0.008099,0.008205,-0.000005,0.013960,-0.014164,0.000079,0.265014,0.968896,-0.981097,-0.000481
12,247.097593,97,4.850000,0.004297,0.004241,0.011367,-0.018536,-0.018298,-0.049790,0.999939,-0.007750,0.007851,-0.000003,0.062405,-0.063219,0.000065,0.265138,0.780001,-0.789687,-0.000603
12,247.097593,98,4.900000,0.003370,0.003326,0.008877,-0.010827,-0.010688,-0.049413,0.999961,-0.006190,0.006270,-0.000002,0.101405,-0.102703,0.000048,0.264606,-0.038648,0.039360,-0.000760
12,247.097593,99,4.950000,0.002828,0.002791,0.006407,-0.004682,-0.004622,-0.049979,0.999986,-0.003655,0.003703,-0.000000,0.099473,-0.100735,0.000026,0.291885,-1.989121,2.014356,-0.000963
12,247.097593,100,5.000000,0.002594,0.002560,0.003908,-0.000679,-0.000670,0.000020,0.999999,-0.001168,0.001184,0.000000,0.000017,-0.000017,-0.000001,0,0,0,0
13,252.109403,0,0.000000,1.011248,0.999042,0.981458,-0.013710,-0.010796,0.000636,0.999993,0.002501,-0.002667,0.000002,0.000000,0.000000,0.000000,0.237876,30.829662,-30.239907,-0.277714
13,252.109403,1,0.050000,1.010562,0.998502,0.981490,-0.016060,-0.012999,-0.049364,0.999993,0.002501,-0.002667,0.000002,1.541483,-1.511995,-0.007894,0.237876,-18.587132,17.585720,0.103267
13,252.109403,2,0.100000,1.009759,0.997852,0.979022,-0.018410,-0.015202,-0.099364,0.998343,0.040978,-0.040408,-0.000187,0.611674,-0.633171,-0.004959,0.239456,-12.236857,12.671568,0.070626
13,252.109403,3,0.150000,1.008839,0.997092,0.974053,-0.054194,-0.051478,-0.149364,0.996835,0.056233,-0.056195,-0.000342,-0.000288,0.000292,-0.002951,0.240915,0.011435,-0.011588,0.043751
13,252.109403,4,0.200000,1.006129,0.994518,0.966585,-0.104194,-0.101477,-0.199364,0.996836,0.056230,-0.056183,-0.000415,0.000283,-0.000287,-0.001707,0.240914,-0.005987,0.006063,0.031073
13,252.109403,5,0.250000,1.000920,0.989444,0.956617,-0.154187,-0.151471,-0.249364,0.996835,0.056240,-0.056188,-0.000458,-0.000016,0.000016,-0.000824,0.240915,0.000434,-0.000421,0.023491
13,252.109403,6,0.300000,0.993210,0.981871,0.944149,-0.204187,-0.201470,-0.299364,0.996835,0.056240,-0.056187,-0.000478,0.000006,-0.000005,-0.000157,0.240915,-0.000580,0.000479,0.016864
13,252.109403,7,0.350000,0.983001,0.971797,0.929181,-0.254186,-0.251470,-0.349364,0.996835,0.056241,-0.056186,-0.000482,-0.000023,0.000019,0.000323,0.240915,-0.063985,0.057216,0.011541
13,252.109403,8,0.400000,0.970292,0.959224,0.911712,-0.304186,-0.301469,-0.399364,0.996835,0.056240,-0.056186,-0.000474,-0.003223,0.002880,0.000651,0.240915,-0.635573,0.635870,0.007374
13,252.109403,9,0.450000,0.955082,0.944150,0.891744,-0.354185,-0.351468,-0.449363,0.996844,0.056159,-0.056116,-0.000458,-0.035001,0.034673,0.000860,0.240907,-2.378118,2.391608,0.004175
13,252.109403,10,0.500000,0.937373,0.926577,0.869276,-0.404119,-0.401395,-0.499362,0.996941,0.055285,-0.055252,-0.000437,-0.153908,0.154252,0.000979,0.240813,-2.324174,2.228934,0.001706
13,252.109403,11,0.550000,0.917167,0.906507,0.844308,-0.453269,-0.450532,-0.549360,0.997352,0.051449,-0.051407,-0.000412,-0.270123,0.265693,0.001028,0.263196,-1.108515,0.938478,-0.000663
13,252.109403,12,0.600000,0.894504,0.883981,0.816840,-0.503268,-0.500531,-0.557616,0.997996,0.044713,-0.044778,-0.000392,-0.325559,0.312607,0.001009,0.294226,-2.102041,2.123756,-0.002589
13,252.109403,13,0.650000,0.869340,0.858954,0.788959,-0.551986,-0.549139,-0.507617,0.998646,0.036590,-0.036975,-0.000382,-0.430673,0.418782,0.000935,0.239165,-1.397185,1.506554,-0.003023
13,252.109403,14,0.700000,0.841741,0.831497,0.763578,-0.584706,-0.581495,-0.557615,0.999314,0.025838,-0.026513,-0.000373,-0.500547,0.494094,0.000849,0.292672,-0.154196,0.273269,-0.002738
13,252.109403,15,0.750000,0.812506,0.802422,0.735697,-0.613436,-0.609472,-0.507616,0.999811,0.013335,-0.014163,-0.000365,-0.508273,0.507742,0.000771,0.259007,1.039044,-0.942536,-0.002295
13,252.109403,16,0.800000,0.781834,0.771949,0.710317,-0.627024,-0.622257,-0.518836,0.999999,0.000635,-0.001467,-0.000356,-0.456335,0.460600,0.000706,0.291871,1.775878,-1.712861,-0.001948
13,252.109403,17,0.850000,0.750483,0.740836,0.684375,-0.628610,-0.622943,-0.468837,0.999891,-0.010768,0.010051,-0.000348,-0.367554,0.374945,0.000651,0.259563,2.177605,-2.148022,-0.001720
13,252.109403,18,0.900000,0.719052,0.709689,0.660933,-0.618945,-0.612596,-0.478873,0.999612,-0.019951,0.019425,-0.000340,-0.258683,0.267535,0.000602,0.292323,2.218348,-2.216701,-0.001586
13,252.109403,19,0.950000,0.688105,0.679059,0.636989,-0.597915,-0.591012,-0.428875,0.999310,-0.026411,0.026112,-0.000333,-0.147772,0.156694,0.000557,0.266584,2.032885,-2.053686,-0.001495
13,252.109403,20,1.000000,0.658209,0.649508,0.615546,-0.572142,-0.564961,-0.427062,0.999096,-0.030101,0.030028,-0.000326,-0.046131,0.054006,0.000514,0.273849,1.652866,-1.689788,-0.001409
13,252.109403,21,1.050000,0.629602,0.621260,0.594192,-0.541704,-0.534468,-0.412267,0.999019,-0.031252,0.031378,-0.000319,0.036512,-0.030484,0.000474,0.273065,1.150764,-1.196013,-0.001303
13,252.109403,22,1.100000,0.602517,0.594537,0.573579,-0.509991,-0.502902,-0.399074,0.999071,-0.030340,0.030616,-0.000312,0.094050,-0.090284,0.000437,0.272589,0.618172,-0.662674,-0.001172
13,252.109403,23,1.150000,0.577017,0.569392,0.553625,-0.479100,-0.472309,-0.386656,0.999206,-0.027992,0.028361,-0.000305,0.124960,-0.123416,0.000404,0.272341,0.148596,-0.184978,-0.001023
13,252.109403,24,1.200000,0.553062,0.545776,0.534293,-0.450508,-0.444106,-0.374423,0.999371,-0.024870,0.025277,-0.000297,0.132392,-0.132663,0.000375,0.272184,-0.197814,0.173247,-0.000872
13,252.109403,25,1.250000,0.530537,0.523571,0.515571,-0.425035,-0.419058,-0.362146,0.999526,-0.021563,0.021961,-0.000289,0.122503,-0.123999,0.000350,0.272012,-0.402472,0.390003,-0.000733
13,252.109403,26,1.300000,0.509285,0.502618,0.497464,-0.402914,-0.397350,-0.349874,0.999651,-0.018503,0.018862,-0.000280,0.102381,-0.104497,0.000329,0.271784,-0.479495,0.477162,-0.000610
13,252.109403,27,1.350000,0.489140,0.482751,0.479971,-0.383929,-0.378737,-0.337772,0.999741,-0.015944,0.016250,-0.000272,0.078408,-0.080638,0.000312,0.271512,-0.460850,0.465656,-0.000506
13,252.109403,28,1.400000,0.469943,0.463814,0.463082,-0.367588,-0.362712,-0.325994,0.999801,-0.013985,0.014234,-0.000264,0.055366,-0.057354,0.000298,0.271225,-0.383458,0.392276,-0.000419
13,252.109403,29,1.450000,0.451564,0.445678,0.446782,-0.353288,-0.348670,-0.314626,0.999839,-0.012601,0.012800,-0.000256,0.036194,-0.037740,0.000286,0.270949,-0.280645,0.290781,-0.000345
13,252.109403,30,1.500000,0.433899,0.428245,0.431051,-0.340442,-0.336030,-0.303692,0.999861,-0.011697,0.011857,-0.000249,0.022162,-0.023200,0.000276,0.270697,-0.177760,0.187223,-0.000283
13,252.109403,31,1.550000,0.416877,0.411443,0.415866,-0.328553,-0.324307,-0.293180,0.999874,-0.011143,0.011277,-0.000242,0.013275,-0.013839,0.000268,0.270468,-0.090924,0.098484,-0.000232
13,252.109403,32,1.600000,0.400450,0.395228,0.401207,-0.317256,-0.313149,-0.283065,0.999882,-0.010811,0.010931,-0.000235,0.008729,-0.008915,0.000261,0.270258,-0.027808,0.032919,-0.000190
13,252.109403,33,1.650000,0.384587,0.379570,0.387054,-0.306314,-0.302332,-0.273323,0.999887,-0.010593,0.010708,-0.000228,0.007338,-0.007269,0.000256,0.270062,0.010522,-0.007869,-0.000156
13,252.109403,34,1.700000,0.369271,0.364454,0.373388,-0.295602,-0.291740,-0.263936,0.999890,-0.010409,0.010526,-0.000222,0.007864,-0.007662,0.000251,0.269874,0.027393,-0.026842,-0.000130
13,252.109403,35,1.750000,0.354491,0.349867,0.360191,-0.285080,-0.281339,-0.254888,0.999894,-0.010213,0.010335,-0.000216,0.009234,-0.009004,0.000248,0.269693,0.028439,-0.029435,-0.000110
13,252.109403,36,1.800000,0.340237,0.335800,0.347447,-0.274756,-0.271141,-0.246169,0.999899,-0.009982,0.010110,-0.000210,0.010656,-0.010476,0.000245,0.269517,0.019897,-0.021827,-0.000096
13,252.109403,37,1.850000,0.326499,0.322243,0.335138,-0.264663,-0.261180,-0.237765,0.999904,-0.009716,0.009848,-0.000204,0.011651,-0.011567,0.000242,0.269347,0.007412,-0.009708,-0.000088
13,252.109403,38,1.900000,0.313266,0.309184,0.323250,-0.254838,-0.251491,-0.229666,0.999910,-0.009424,0.009559,-0.000198,0.012022,-0.012052,0.000239,0.269182,-0.004660,0.002458,-0.000084
13,252.109403,39,1.950000,0.300524,0.296609,0.311767,-0.245307,-0.242098,-0.221860,0.999916,-0.009124,0.009257,-0.000192,0.011789,-0.011929,0.000237,0.269024,-0.013530,0.011739,-0.000085
13,252.109403,40,2.000000,0.288259,0.284504,0.300674,-0.236082,-0.233009,-0.214336,0.999921,-0.008829,0.008959,-0.000186,0.011113,-0.011342,0.000234,0.268871,-0.017914,0.016707,-0.000089
13,252.109403,41,2.050000,0.276455,0.272854,0.289957,-0.227160,-0.224219,-0.207083,0.999926,-0.008551,0.008676,-0.000180,0.010217,-0.010507,0.000232,0.268725,-0.017776,0.017197,-0.000096
13,252.109403,42,2.100000,0.265097,0.261643,0.279603,-0.218524,-0.215711,-0.200093,0.999930,-0.008296,0.008413,-0.000174,0.009328,-0.009647,0.000229,0.268584,-0.013954,0.013949,-0.000104
13,252.109403,43,2.150000,0.254171,0.250857,0.269598,-0.210155,-0.207460,-0.193355,0.999934,-0.008063,0.008172,-0.000168,0.008631,-0.008949,0.000226,0.268448,-0.007774,0.008223,-0.000114
13,252.109403,44,2.200000,0.243663,0.240484,0.259930,-0.202029,-0.199446,-0.186860,0.999938,-0.007847,0.007948,-0.000163,0.008242,-0.008538,0.000223,0.268317,-0.000696,0.001449,-0.000125
13,252.109403,45,2.250000,0.233561,0.230512,0.250587,-0.194130,-0.191649,-0.180602,0.999941,-0.007641,0.007735,-0.000157,0.008207,-0.008465,0.000219,0.268190,0.005951,-0.005050,-0.000135
13,252.109403,46,2.300000,0.223855,0.220930,0.241557,-0.186446,-0.184061,-0.174571,0.999944,-0.007436,0.007523,-0.000151,0.008505,-0.008718,0.000216,0.268068,0.011152,-0.010241,-0.000145
13,252.109403,47,2.350000,0.214533,0.211727,0.232829,-0.178976,-0.176680,-0.168761,0.999947,-0.007223,0.007305,-0.000146,0.009063,-0.009230,0.000212,0.267950,0.014287,-0.013471,-0.000154
13,252.109403,48,2.400000,0.205584,0.202893,0.224391,-0.171726,-0.169513,-0.163162,0.999950,-0.006997,0.007074,-0.000141,0.009777,-0.009903,0.000207,0.267836,0.015135,-0.014483,-0.000162
13,252.109403,49,2.450000,0.196998,0.194417,0.216233,-0.164707,-0.162574,-0.157768,0.999954,-0.006752,0.006827,-0.000135,0.010534,-0.010627,0.000202,0.267726,0.013819,-0.013365,-0.000169
13,252.109403,50,2.500000,0.188762,0.186288,0.208344,-0.157937,-0.155880,-0.152571,0.999957,-0.006489,0.006561,-0.000130,0.011225,-0.011296,0.000198,0.267620,0.010724,-0.010468,-0.000175
13,252.109403,51,2.550000,0.180865,0.178494,0.200716,-0.151433,-0.149450,-0.147564,0.999961,-0.006208,0.006279,-0.000126,0.011761,-0.011819,0.000193,0.267517,0.006389,-0.006306,-0.000179
13,252.109403,52,2.600000,0.173294,0.171022,0.193337,-0.145212,-0.143300,-0.142739,0.999965,-0.005914,0.005983,-0.000121,0.012081,-0.012134,0.000188,0.267418,0.001411,-0.001464,-0.000182
13,252.109403,53,2.650000,0.166033,0.163857,0.186200,-0.139285,-0.137443,-0.138091,0.999968,-0.005612,0.005680,-0.000116,0.012151,-0.012207,0.000182,0.267322,-0.003636,0.003493,-0.000184
13,252.109403,54,2.700000,0.159069,0.156985,0.179296,-0.133661,-0.131887,-0.133613,0.999971,-0.005308,0.005375,-0.000111,0.011970,-0.012032,0.000177,0.267230,-0.008260,0.008072,-0.000184
13,252.109403,55,2.750000,0.152386,0.150390,0.172615,-0.128341,-0.126634,-0.129299,0.999975,-0.005009,0.005074,-0.000107,0.011557,-0.011629,0.000172,0.267140,-0.012087,0.011892,-0.000184
13,252.109403,56,2.800000,0.145969,0.144059,0.166150,-0.123320,-0.121678,-0.125146,0.999977,-0.004720,0.004783,-0.000103,0.010953,-0.011034,0.000167,0.267053,-0.014874,0.014702,-0.000183
13,252.109403,57,2.850000,0.139803,0.137975,0.159893,-0.118589,-0.117010,-0.121147,0.999980,-0.004447,0.004507,-0.000099,0.010209,-0.010299,0.000162,0.266970,-0.016506,0.016376,-0.000181
13,252.109403,58,2.900000,0.133873,0.132124,0.153836,-0.114132,-0.112614,-0.117298,0.999982,-0.004191,0.004250,-0.000095,0.009384,-0.009480,0.000156,0.266888,-0.016986,0.016905,-0.000178
13,252.109403,59,2.950000,0.128167,0.126493,0.147971,-0.109930,-0.108471,-0.113596,0.999984,-0.003957,0.004013,-0.000091,0.008534,-0.008635,0.000151,0.266810,-0.016409,0.016376,-0.000175
13,252.109403,60,3.000000,0.122670,0.121070,0.142291,-0.105965,-0.104562,-0.110036,0.999986,-0.003743,0.003797,-0.000087,0.007714,-0.007816,0.000146,0.266734,-0.014952,0.014959,-0.000171
13,252.109403,61,3.050000,0.117372,0.115842,0.136789,-0.102213,-0.100864,-0.106613,0.999987,-0.003551,0.003602,-0.000083,0.006966,-0.007068,0.000142,0.266660,-0.012850,0.012886,-0.000167
13,252.109403,62,3.100000,0.112261,0.110799,0.131458,-0.098656,-0.097358,-0.103323,0.999988,-0.003376,0.003425,-0.000080,0.006324,-0.006424,0.000137,0.266589,-0.010382,0.010435,-0.000162
13,252.109403,63,3.150000,0.107329,0.105931,0.126292,-0.095274,-0.094024,-0.100163,0.999989,-0.003218,0.003264,-0.000076,0.005805,-0.005902,0.000132,0.266520,-0.007854,0.007915,-0.000157
13,252.109403,64,3.200000,0.102565,0.101229,0.121284,-0.092051,-0.090848,-0.097129,0.999990,-0.003073,0.003117,-0.000073,0.005412,-0.005506,0.000128,0.266453,-0.005582,0.005643,-0.000152
13,252.109403,65,3.250000,0.097962,0.096687,0.116428,-0.088975,-0.087815,-0.094216,0.999991,-0.002938,0.002979,-0.000070,0.005133,-0.005224,0.000123,0.266388,-0.003865,0.003926,-0.000147
13,252.109403,66,3.300000,0.093514,0.092296,0.111717,-0.086036,-0.084917,-0.091422,0.999992,-0.002810,0.002849,-0.000067,0.004940,-0.005027,0.000119,0.266326,-0.002955,0.003018,-0.000141
13,252.109403,67,3.350000,0.089212,0.088050,0.107146,-0.083226,-0.082146,-0.088742,0.999993,-0.002686,0.002723,-0.000064,0.004792,-0.004877,0.000115,0.266265,-0.003017,0.003090,-0.000136
13,252.109403,68,3.400000,0.085050,0.083943,0.102709,-0.080540,-0.079497,-0.086173,0.999993,-0.002566,0.002601,-0.000061,0.004641,-0.004722,0.000111,0.266206,-0.004087,0.004178,-0.000130
13,252.109403,69,3.450000,0.081023,0.079968,0.098400,-0.077976,-0.076967,-0.083712,0.999994,-0.002450,0.002483,-0.000058,0.004437,-0.004513,0.000108,0.266149,-0.006029,0.006147,-0.000125
13,252.109403,70,3.500000,0.077125,0.076120,0.094214,-0.075528,-0.074552,-0.081357,0.999994,-0.002339,0.002370,-0.000055,0.004136,-0.004206,0.000104,0.266093,-0.008502,0.008654,-0.000119
13,252.109403,71,3.550000,0.073348,0.072392,0.090147,-0.073192,-0.072247,-0.079103,0.999995,-0.002236,0.002265,-0.000053,0.003710,-0.003773,0.000101,0.266039,-0.010958,0.011141,-0.000113
13,252.109403,72,3.600000,0.069689,0.068780,0.086191,-0.070960,-0.070044,-0.076948,0.999995,-0.002143,0.002171,-0.000050,0.003163,-0.003216,0.000097,0.265987,-0.012658,0.012862,-0.000108
13,252.109403,73,3.650000,0.066141,0.065278,0.082344,-0.068821,-0.067933,-0.074889,0.999996,-0.002064,0.002090,-0.000048,0.002530,-0.002573,0.000094,0.265936,-0.012751,0.012955,-0.000102
13,252.109403,74,3.700000,0.062700,0.061881,0.078600,-0.066763,-0.065900,-0.072924,0.999996,-0.002001,0.002026,-0.000045,0.001892,-0.001925,0.000092,0.265886,-0.010393,0.010564,-0.000096
13,252.109403,75,3.750000,0.059361,0.058586,0.074953,-0.064767,-0.063930,-0.071051,0.999996,-0.001954,0.001978,-0.000043,0.001373,-0.001397,0.000089,0.265838,-0.004920,0.005019,-0.000090
13,252.109403,76,3.800000,0.056123,0.055390,0.071401,-0.062820,-0.062006,-0.069266,0.999996,-0.001919,0.001943,-0.000041,0.001127,-0.001146,0.000086,0.265791,0.003934,-0.003950,-0.000084
13,252.109403,77,3.850000,0.052982,0.052289,0.067938,-0.060907,-0.060117,-0.067569,0.999996,-0.001891,0.001914,-0.000039,0.001323,-0.001343,0.000084,0.265745,0.015815,-0.015983,-0.000077
13,252.109403,78,3.900000,0.049937,0.049284,0.064559,-0.059023,-0.058256,-0.065956,0.999997,-0.001858,0.001881,-0.000037,0.002114,-0.002143,0.000082,0.265700,0.029538,-0.029882,-0.000070
13,252.109403,79,3.950000,0.046986,0.046371,0.061261,-0.057172,-0.056428,-0.064426,0.999997,-0.001805,0.001827,-0.000035,0.003591,-0.003637,0.000080,0.265656,0.042967,-0.043480,-0.000064
13,252.109403,80,4.000000,0.044127,0.043549,0.058040,-0.055374,-0.054652,-0.062977,0.999997,-0.001715,0.001736,-0.000033,0.005739,-0.005811,0.000078,0.265613,0.053015,-0.053653,-0.000056
13,252.109403,81,4.050000,0.041358,0.040817,0.054891,-0.053666,-0.052964,-0.061607,0.999997,-0.001572,0.001591,-0.000031,0.008390,-0.008493,0.000076,0.265572,0.055853,-0.056523,-0.000049
13,252.109403,82,4.100000,0.038675,0.038169,0.051811,-0.052101,-0.051418,-0.060313,0.999998,-0.001362,0.001379,-0.000029,0.011183,-0.011319,0.000075,0.265531,0.047364,-0.047919,-0.000041
13,252.109403,83,4.150000,0.036070,0.035598,0.048795,-0.050746,-0.050079,-0.059092,0.999999,-0.001083,0.001096,-0.000027,0.013551,-0.013715,0.000074,0.265491,0.023866,-0.024115,-0.000034
13,252.109403,84,4.200000,0.033533,0.033094,0.045841,-0.049668,-0.049014,-0.057944,0.999999,-0.000744,0.000753,-0.000025,0.014744,-0.014921,0.000073,0.265452,-0.016899,0.017175,-0.000027
13,252.109403,85,4.250000,0.031049,0.030643,0.042943,-0.048928,-0.048283,-0.056868,1.000000,-0.000375,0.000380,-0.000023,0.013899,-0.014062,0.000072,0.265412,-0.074600,0.075614,-0.000020
13,252.109403,86,4.300000,0.028603,0.028229,0.040100,-0.048555,-0.047914,-0.055864,1.000000,-0.000028,0.000028,-0.000021,0.010169,-0.010281,0.000071,0.265373,-0.145124,0.147031,-0.000014
13,252.109403,87,4.350000,0.026175,0.025833,0.037307,-0.048527,-0.047887,-0.054932,1.000000,0.000227,-0.000229,-0.000020,0.002913,-0.002930,0.000071,0.265335,-0.219587,0.222425,-0.000009
13,252.109403,88,4.400000,0.023749,0.023439,0.034560,-0.048752,-0.048110,-0.054071,1.000000,0.000299,-0.000302,-0.000018,-0.008066,0.008191,0.000071,0.265301,-0.283882,0.287508,-0.000007
13,252.109403,89,4.450000,0.021311,0.021033,0.031857,-0.049049,-0.048404,-0.053273,1.000000,0.000098,-0.000097,-0.000016,-0.022260,0.022567,0.000071,0.265270,-0.319160,0.323189,-0.000008
13,252.109403,90,4.500000,0.018859,0.018613,0.029193,-0.049145,-0.048500,-0.052532,1.000000,-0.000459,0.000467,-0.000014,-0.038218,0.038726,0.000070,0.265242,-0.303697,0.307469,-0.000014
13,252.109403,91,4.550000,0.016401,0.016188,0.026566,-0.048686,-0.048049,-0.051844,0.999998,-0.001414,0.001435,-0.000013,-0.053403,0.054100,0.000070,0.265211,-0.216605,0.219208,-0.000026
13,252.109403,92,4.600000,0.013967,0.013786,0.023974,-0.047277,-0.046660,-0.051215,0.999992,-0.002749,0.002788,-0.000011,-0.064234,0.065060,0.000069,0.265169,-0.043797,0.044157,-0.000047
13,252.109403,93,4.650000,0.011603,0.011453,0.021413,-0.044539,-0.043960,-0.050677,0.999981,-0.004355,0.004414,-0.000009,-0.066424,0.067268,0.000068,0.265109,0.213598,-0.216516,-0.000080
13,252.109403,94,4.700000,0.009376,0.009255,0.018879,-0.040205,-0.039684,-0.050272,0.999963,-0.006016,0.006096,-0.000007,-0.055744,0.056442,0.000066,0.265038,0.528148,-0.535016,-0.000127
13,252.109403,95,4.750000,0.007366,0.007270,0.016366,-0.034221,-0.033779,-0.050033,0.999944,-0.007409,0.007507,-0.000006,-0.029337,0.029691,0.000062,0.264989,0.831838,-0.842465,-0.000192
13,252.109403,96,4.800000,0.005655,0.005581,0.013864,-0.026854,-0.026508,-0.049923,0.999933,-0.008142,0.008249,-0.000004,0.012255,-0.012433,0.000056,0.265010,0.998065,-1.010672,-0.000281
13,252.109403,97,4.850000,0.004312,0.004256,0.011368,-0.018759,-0.018517,-0.049796,0.999938,-0.007836,0.007938,-0.000003,0.062158,-0.062966,0.000049,0.265135,0.819680,-0.829908,-0.000399
13,252.109403,98,4.900000,0.003374,0.003330,0.008878,-0.010964,-0.010822,-0.049428,0.999960,-0.006282,0.006364,-0.000002,0.103142,-0.104462,0.000037,0.264615,-0.015266,0.015655,-0.000556
13,252.109403,99,4.950000,0.002826,0.002789,0.006407,-0.004727,-0.004665,-0.049979,0.999986,-0.003704,0.003753,-0.000001,0.102379,-0.103679,0.000021,0.291886,-2.047280,2.073251,-0.000761
13,252.109403,100,5.000000,0.002590,0.002556,0.003908,-0.000670,-0.000662,0.000020,0.999999,-0.001144,0.001161,-0.000000,0.000015,-0.000016,-0.000000,0,0,0,0
14,238.064683,0,0.000000,1.011248,0.999042,0.981458,-0.013710,-0.010796,0.000636,0.999993,0.002501,-0.002667,0.000002,0.000000,0.000000,0.000000,0.237876,31.301833,-30.723141,-0.274518
14,238.064683,1,0.050000,1.010562,0.998502,0.981490,-0.016060,-0.012999,-0.049364,0.999993,0.002501,-0.002667,0.000002,1.565092,-1.536157,-0.007803,0.237876,-19.530582,18.550657,0.105297
14,238.064683,2,0.100000,1.009759,0.997852,0.979022,-0.018410,-0.015202,-0.099364,0.998294,0.041566,-0.041009,-0.000185,0.588108,-0.609088,-0.004810,0.239503,-11.763209,12.186846,0.071515
14,238.064683,3,0.150000,1.008839,0.997092,0.974053,-0.054732,-0.052003,-0.149364,0.996835,0.056233,-0.056195,-0.000335,-0.000164,0.000147,-0.002777,0.240915,0.006488,-0.005822,0.043891
14,238.064683,4,0.200000,1.006102,0.994492,0.966585,-0.104731,-0.102003,-0.199364,0.996835,0.056233,-0.056188,-0.000404,0.000160,-0.000144,-0.001530,0.240915,-0.003487,0.003147,0.030729
14,238.064683,5,0.250000,1.000866,0.989392,0.956617,-0.154728,-0.151999,-0.249364,0.996835,0.056239,-0.056189,-0.000442,-0.000014,0.000014,-0.000656,0.240915,0.000359,-0.000338,0.022853
14,238.064683,6,0.300000,0.993129,0.981792,0.944149,-0.204728,-0.201999,-0.299364,0.996835,0.056239,-0.056188,-0.000458,0.000004,-0.000003,-0.000007,0.240915,-0.000285,0.000229,0.016072
14,238.064683,7,0.350000,0.982893,0.971692,0.929181,-0.254727,-0.251998,-0.349364,0.996835,0.056240,-0.056188,-0.000459,-0.000010,0.000008,0.000450,0.240915,-0.067817,0.060252,0.010696
14,238.064683,8,0.400000,0.970157,0.959092,0.911712,-0.304727,-0.301998,-0.399364,0.996835,0.056239,-0.056188,-0.000447,-0.003401,0.003021,0.000754,0.240915,-0.642097,0.642412,0.006542
14,238.064683,9,0.450000,0.954920,0.943992,0.891744,-0.354726,-0.351997,-0.449363,0.996844,0.056153,-0.056114,-0.000429,-0.035506,0.035141,0.000940,0.240907,-2.402770,2.418787,0.003402
14,238.064683,10,0.500000,0.937184,0.926392,0.869276,-0.404657,-0.401920,-0.499362,0.996942,0.055267,-0.055239,-0.000406,-0.155646,0.156079,0.001037,0.240812,-2.319422,2.222514,0.001019
14,238.064683,11,0.550000,0.916951,0.906296,0.844308,-0.453794,-0.451042,-0.549360,0.997358,0.051387,-0.051348,-0.000380,-0.271623,0.267199,0.001066,0.263503,-1.072464,0.896406,-0.001280
14,238.064683,12,0.600000,0.894261,0.883744,0.816840,-0.503794,-0.501041,-0.557042,0.998004,0.044614,-0.044683,-0.000358,-0.325257,0.312008,0.001029,0.294215,-2.138747,2.163719,-0.003131
14,238.064683,13,0.650000,0.869072,0.858692,0.788988,-0.552404,-0.549542,-0.507043,0.998652,0.036498,-0.036894,-0.000348,-0.432207,0.420181,0.000940,0.239159,-1.422841,1.537889,-0.003435
14,238.064683,14,0.700000,0.841452,0.831215,0.763636,-0.585051,-0.581815,-0.557042,0.999321,0.025707,-0.026398,-0.000340,-0.503364,0.497060,0.000843,0.292664,-0.147190,0.269927,-0.003024
14,238.064683,15,0.750000,0.812199,0.802124,0.735783,-0.613654,-0.609652,-0.507043,0.999816,0.013133,-0.013974,-0.000331,-0.510739,0.510541,0.000757,0.258731,1.070406,-0.972803,-0.002487
14,238.064683,16,0.800000,0.781516,0.771642,0.710431,-0.627047,-0.622230,-0.518764,0.999999,0.000371,-0.001208,-0.000323,-0.457233,0.461886,0.000686,0.291870,1.809922,-1.747768,-0.002078
14,238.064683,17,0.850000,0.750164,0.740530,0.684493,-0.628353,-0.622631,-0.468766,0.999885,-0.011055,0.010341,-0.000316,-0.366749,0.374486,0.000627,0.259544,2.211935,-2.184302,-0.001808
14,238.064683,18,0.900000,0.718746,0.709399,0.661055,-0.618410,-0.612008,-0.478849,0.999601,-0.020218,0.019704,-0.000309,-0.256162,0.265262,0.000576,0.292335,2.240141,-2.240866,-0.001642
14,238.064683,19,0.950000,0.687826,0.678798,0.637112,-0.597078,-0.590134,-0.428851,0.999299,-0.026616,0.026334,-0.000302,-0.144160,0.153213,0.000529,0.266530,2.045147,-2.068432,-0.001525
14,238.064683,20,1.000000,0.657972,0.649292,0.615670,-0.571093,-0.563887,-0.427161,0.999088,-0.030215,0.030162,-0.000296,-0.041906,0.049788,0.000486,0.273820,1.652709,-1.691924,-0.001418
14,238.064683,21,1.050000,0.629417,0.621097,0.594312,-0.540523,-0.533281,-0.412436,0.999018,-0.031261,0.031407,-0.000290,0.040729,-0.034809,0.000445,0.273053,1.137375,-1.184428,-0.001295
14,238.064683,22,1.100000,0.602391,0.594433,0.573690,-0.508784,-0.501707,-0.399269,0.999076,-0.030244,0.030537,-0.000283,0.097598,-0.094029,0.000409,0.272591,0.594219,-0.639630,-0.001151
14,238.064683,23,1.150000,0.576952,0.569348,0.553726,-0.477973,-0.471210,-0.386837,0.999216,-0.027806,0.028188,-0.000277,0.127310,-0.126009,0.000376,0.272353,0.120039,-0.156311,-0.000993
14,238.064683,24,1.200000,0.553053,0.545787,0.534385,-0.449554,-0.443191,-0.374561,0.999383,-0.024626,0.025039,-0.000269,0.133314,-0.133823,0.000348,0.272197,-0.224398,0.200767,-0.000838
14,238.064683,25,1.250000,0.530576,0.523628,0.515657,-0.424320,-0.418387,-0.362235,0.999538,-0.021296,0.021695,-0.000262,0.122096,-0.123783,0.000324,0.272020,-0.422326,0.411252,-0.000699
14,238.064683,26,1.300000,0.509360,0.502708,0.497545,-0.402467,-0.396947,-0.349925,0.999660,-0.018245,0.018601,-0.000254,0.100981,-0.103219,0.000304,0.271785,-0.490625,0.489771,-0.000579
14,238.064683,27,1.350000,0.489236,0.482861,0.480049,-0.383745,-0.378592,-0.337803,0.999748,-0.015722,0.016021,-0.000246,0.076451,-0.078729,0.000287,0.271507,-0.463722,0.469797,-0.000479
14,238.064683,28,1.400000,0.470049,0.463931,0.463158,-0.367634,-0.362790,-0.326019,0.999806,-0.013812,0.014053,-0.000239,0.053266,-0.055238,0.000274,0.271219,-0.380114,0.389820,-0.000397
14,238.064683,29,1.450000,0.451667,0.445792,0.446857,-0.353518,-0.348922,-0.314652,0.999842,-0.012481,0.012672,-0.000231,0.034261,-0.035747,0.000263,0.270944,-0.273743,0.284332,-0.000328
14,238.064683,30,1.500000,0.433991,0.428346,0.431125,-0.340801,-0.336403,-0.303722,0.999863,-0.011624,0.011778,-0.000225,0.020574,-0.021530,0.000253,0.270693,-0.169799,0.179317,-0.000272
14,238.064683,31,1.550000,0.416951,0.411526,0.415939,-0.328991,-0.324753,-0.293213,0.999875,-0.011110,0.011240,-0.000218,0.012084,-0.012564,0.000246,0.270467,-0.083766,0.091077,-0.000226
14,238.064683,32,1.600000,0.400502,0.395288,0.401278,-0.317731,-0.313628,-0.283099,0.999882,-0.010808,0.010926,-0.000212,0.007896,-0.008010,0.000239,0.270258,-0.022489,0.027168,-0.000189
14,238.064683,33,1.650000,0.384615,0.379607,0.387123,-0.306794,-0.302813,-0.273357,0.999886,-0.010611,0.010726,-0.000206,0.006772,-0.006651,0.000234,0.270062,0.013747,-0.011590,-0.000159
14,238.064683,34,1.700000,0.369276,0.364466,0.373455,-0.296065,-0.292204,-0.263969,0.999890,-0.010441,0.010559,-0.000200,0.007459,-0.007231,0.000229,0.269875,0.028863,-0.028773,-0.000137
14,238.064683,35,1.750000,0.354472,0.349856,0.360257,-0.285509,-0.281770,-0.254921,0.999894,-0.010255,0.010379,-0.000194,0.008902,-0.008669,0.000225,0.269693,0.028832,-0.030187,-0.000120
14,238.064683,36,1.800000,0.340197,0.335767,0.347511,-0.275141,-0.271530,-0.246202,0.999898,-0.010032,0.010162,-0.000189,0.010344,-0.010179,0.000222,0.269518,0.019986,-0.022138,-0.000108
14,238.064683,37,1.850000,0.326440,0.322191,0.335201,-0.264997,-0.261519,-0.237799,0.999903,-0.009774,0.009908,-0.000183,0.011343,-0.011285,0.000219,0.269347,0.007863,-0.010239,-0.000102
14,238.064683,38,1.900000,0.313190,0.309115,0.323311,-0.255112,-0.251772,-0.229700,0.999909,-0.009490,0.009625,-0.000178,0.011737,-0.011797,0.000216,0.269183,-0.003414,0.001256,-0.000099
14,238.064683,39,1.950000,0.300434,0.296526,0.311826,-0.245515,-0.242313,-0.221895,0.999914,-0.009197,0.009331,-0.000173,0.011566,-0.011734,0.000213,0.269025,-0.011338,0.009680,-0.000100
14,238.064683,40,2.000000,0.288159,0.284411,0.300731,-0.236217,-0.233152,-0.214372,0.999919,-0.008908,0.009037,-0.000167,0.010999,-0.011250,0.000210,0.268872,-0.014892,0.013869,-0.000103
14,238.064683,41,2.050000,0.276348,0.272753,0.290012,-0.227217,-0.224284,-0.207120,0.999924,-0.008633,0.008756,-0.000162,0.010255,-0.010557,0.000207,0.268726,-0.014244,0.013862,-0.000109
14,238.064683,42,2.100000,0.264987,0.261539,0.279656,-0.218502,-0.215694,-0.200130,0.999929,-0.008376,0.008492,-0.000157,0.009542,-0.009864,0.000204,0.268585,-0.010350,0.010522,-0.000116
14,238.064683,43,2.150000,0.254062,0.250754,0.269650,-0.210054,-0.207363,-0.193393,0.999933,-0.008138,0.008246,-0.000152,0.009025,-0.009337,0.000201,0.268449,-0.004557,0.005142,-0.000124
14,238.064683,44,2.200000,0.243559,0.240386,0.259980,-0.201855,-0.199274,-0.186899,0.999937,-0.007912,0.008012,-0.000147,0.008797,-0.009080,0.000197,0.268317,0.001732,-0.000898,-0.000132
14,238.064683,45,2.250000,0.233466,0.230422,0.250635,-0.193892,-0.191413,-0.180641,0.999940,-0.007692,0.007785,-0.000142,0.008884,-0.009125,0.000194,0.268191,0.007310,-0.006384,-0.000140
14,238.064683,46,2.300000,0.223772,0.220852,0.241603,-0.186158,-0.183774,-0.174610,0.999944,-0.007470,0.007557,-0.000137,0.009250,-0.009444,0.000190,0.268068,0.011313,-0.010426,-0.000146
14,238.064683,47,2.350000,0.214464,0.211663,0.232873,-0.178655,-0.176359,-0.168799,0.999947,-0.007239,0.007321,-0.000132,0.009815,-0.009965,0.000186,0.267950,0.013276,-0.012523,-0.000152
14,238.064683,48,2.400000,0.205531,0.202845,0.224433,-0.171389,-0.169176,-0.163200,0.999951,-0.006993,0.007072,-0.000127,0.010479,-0.010591,0.000181,0.267836,0.013114,-0.012551,-0.000157
14,238.064683,49,2.450000,0.196962,0.194386,0.216273,-0.164373,-0.162240,-0.157805,0.999954,-0.006732,0.006807,-0.000123,0.011135,-0.011219,0.000177,0.267726,0.011054,-0.010697,-0.000161
14,238.064683,50,2.500000,0.188743,0.186274,0.208383,-0.157623,-0.155566,-0.152606,0.999958,-0.006453,0.006527,-0.000118,0.011688,-0.011754,0.000172,0.267620,0.007534,-0.007372,-0.000163
14,238.064683,51,2.550000,0.180862,0.178496,0.200752,-0.151154,-0.149171,-0.147596,0.999962,-0.006161,0.006233,-0.000114,0.012064,-0.012122,0.000168,0.267518,0.003103,-0.003101,-0.000164
14,238.064683,52,2.600000,0.173304,0.171037,0.193372,-0.144978,-0.143068,-0.142769,0.999965,-0.005859,0.005930,-0.000110,0.012220,-0.012277,0.000163,0.267419,-0.001673,0.001560,-0.000164
14,238.064683,53,2.650000,0.166055,0.163884,0.186234,-0.139104,-0.137265,-0.138119,0.999969,-0.005554,0.005623,-0.000106,0.012136,-0.012199,0.000158,0.267323,-0.006285,0.006105,-0.000163
14,238.064683,54,2.700000,0.159100,0.157021,0.179328,-0.133537,-0.131767,-0.133638,0.999972,-0.005251,0.005318,-0.000102,0.011822,-0.011894,0.000154,0.267230,-0.010323,0.010121,-0.000161
14,238.064683,55,2.750000,0.152423,0.150432,0.172646,-0.128273,-0.126571,-0.129323,0.999975,-0.004955,0.005020,-0.000098,0.011306,-0.011388,0.000149,0.267140,-0.013499,0.013311,-0.000159
14,238.064683,56,2.800000,0.146010,0.144104,0.166180,-0.123306,-0.121669,-0.125167,0.999978,-0.004672,0.004736,-0.000094,0.010631,-0.010722,0.000145,0.267054,-0.015652,0.015503,-0.000156
14,238.064683,57,2.850000,0.139844,0.138020,0.159922,-0.118621,-0.117048,-0.121167,0.999980,-0.004407,0.004468,-0.000091,0.009848,-0.009947,0.000140,0.266970,-0.016732,0.016635,-0.000152
14,238.064683,58,2.900000,0.133913,0.132168,0.153863,-0.114204,-0.112692,-0.117318,0.999982,-0.004160,0.004219,-0.000087,0.009012,-0.009115,0.000136,0.266888,-0.016780,0.016738,-0.000148
14,238.064683,59,2.950000,0.128203,0.126533,0.147997,-0.110033,-0.108580,-0.113615,0.999984,-0.003935,0.003991,-0.000084,0.008173,-0.008278,0.000132,0.266810,-0.015911,0.015918,-0.000143
14,238.064683,60,3.000000,0.122701,0.121104,0.142317,-0.106089,-0.104691,-0.110054,0.999986,-0.003731,0.003784,-0.000081,0.007377,-0.007482,0.000127,0.266734,-0.014291,0.014335,-0.000139
14,238.064683,61,3.050000,0.117397,0.115870,0.136814,-0.102350,-0.101006,-0.106630,0.999987,-0.003546,0.003597,-0.000077,0.006663,-0.006765,0.000124,0.266660,-0.012127,0.012196,-0.000134
14,238.064683,62,3.100000,0.112279,0.110819,0.131482,-0.098797,-0.097504,-0.103341,0.999988,-0.003380,0.003428,-0.000074,0.006057,-0.006156,0.000120,0.266589,-0.009657,0.009736,-0.000129
14,238.064683,63,3.150000,0.107340,0.105944,0.126315,-0.095412,-0.094167,-0.100180,0.999989,-0.003228,0.003274,-0.000071,0.005574,-0.005669,0.000116,0.266520,-0.007142,0.007220,-0.000124
14,238.064683,64,3.200000,0.102569,0.101236,0.121306,-0.092180,-0.090980,-0.097146,0.999990,-0.003089,0.003132,-0.000068,0.005217,-0.005308,0.000113,0.266453,-0.004855,0.004926,-0.000119
14,238.064683,65,3.250000,0.097960,0.096687,0.116449,-0.089089,-0.087932,-0.094233,0.999991,-0.002959,0.003000,-0.000066,0.004974,-0.005061,0.000109,0.266389,-0.003067,0.003129,-0.000114
14,238.064683,66,3.300000,0.093505,0.092290,0.111737,-0.086129,-0.085013,-0.091438,0.999992,-0.002834,0.002873,-0.000063,0.004821,-0.004905,0.000106,0.266326,-0.002021,0.002078,-0.000109
14,238.064683,67,3.350000,0.089199,0.088040,0.107166,-0.083295,-0.082218,-0.088758,0.999993,-0.002714,0.002750,-0.000060,0.004720,-0.004801,0.000103,0.266265,-0.001897,0.001957,-0.000104
14,238.064683,68,3.400000,0.085034,0.083929,0.102728,-0.080583,-0.079542,-0.086189,0.999993,-0.002596,0.002630,-0.000058,0.004625,-0.004703,0.000100,0.266206,-0.002768,0.002843,-0.000100
14,238.064683,69,3.450000,0.081005,0.079952,0.098418,-0.077989,-0.076983,-0.083728,0.999994,-0.002480,0.002513,-0.000055,0.004486,-0.004561,0.000097,0.266149,-0.004556,0.004655,-0.000095
14,238.064683,70,3.500000,0.077106,0.076102,0.094232,-0.075512,-0.074538,-0.081372,0.999994,-0.002368,0.002399,-0.000053,0.004259,-0.004328,0.000094,0.266093,-0.006988,0.007120,-0.000091
14,238.064683,71,3.550000,0.073330,0.072376,0.090163,-0.073147,-0.072204,-0.079117,0.999995,-0.002262,0.002291,-0.000050,0.003909,-0.003972,0.000092,0.266039,-0.009579,0.009746,-0.000087
14,238.064683,72,3.600000,0.069673,0.068765,0.086207,-0.070890,-0.069976,-0.076962,0.999995,-0.002164,0.002191,-0.000048,0.003430,-0.003485,0.000089,0.265987,-0.011642,0.011835,-0.000082
14,238.064683,73,3.650000,0.066128,0.065267,0.082359,-0.068731,-0.067844,-0.074903,0.999996,-0.002078,0.002104,-0.000046,0.002848,-0.002893,0.000087,0.265936,-0.012340,0.012541,-0.000078
14,238.064683,74,3.700000,0.062692,0.061874,0.078614,-0.066659,-0.065798,-0.072938,0.999996,-0.002007,0.002032,-0.000044,0.002231,-0.002266,0.000085,0.265886,-0.010798,0.010978,-0.000074
14,238.064683,75,3.750000,0.059359,0.058584,0.074967,-0.064658,-0.063821,-0.071064,0.999996,-0.001951,0.001975,-0.000042,0.001691,-0.001717,0.000083,0.265838,-0.006269,0.006388,-0.000070
14,238.064683,76,3.800000,0.056126,0.055393,0.071414,-0.062713,-0.061900,-0.069280,0.999996,-0.001909,0.001932,-0.000039,0.001378,-0.001398,0.000081,0.265791,0.001653,-0.001638,-0.000065
14,238.064683,77,3.850000,0.052990,0.052298,0.067950,-0.060811,-0.060021,-0.067582,0.999996,-0.001874,0.001897,-0.000037,0.001460,-0.001480,0.000079,0.265745,0.012791,-0.012922,-0.000061
14,238.064683,78,3.900000,0.049950,0.049297,0.064571,-0.058943,-0.058177,-0.065969,0.999997,-0.001838,0.001860,-0.000035,0.002100,-0.002126,0.000077,0.265700,0.026162,-0.026467,-0.000056
14,238.064683,79,3.950000,0.047002,0.046388,0.061272,-0.057112,-0.056368,-0.064439,0.999997,-0.001785,0.001807,-0.000034,0.003408,-0.003449,0.000075,0.265656,0.039806,-0.040287,-0.000050
14,238.064683,80,4.000000,0.044147,0.043570,0.058050,-0.055334,-0.054611,-0.062989,0.999997,-0.001700,0.001721,-0.000032,0.005398,-0.005463,0.000074,0.265613,0.050755,-0.051376,-0.000045
14,238.064683,81,4.050000,0.041380,0.040839,0.054901,-0.053641,-0.052939,-0.061618,0.999998,-0.001565,0.001584,-0.000030,0.007936,-0.008032,0.000073,0.265572,0.055190,-0.055865,-0.000039
14,238.064683,82,4.100000,0.038698,0.038193,0.051820,-0.052082,-0.051400,-0.060324,0.999998,-0.001367,0.001384,-0.000028,0.010696,-0.010825,0.000072,0.265531,0.048853,-0.049444,-0.000033
14,238.064683,83,4.150000,0.036094,0.035623,0.048804,-0.050721,-0.050055,-0.059103,0.999999,-0.001099,0.001113,-0.000026,0.013138,-0.013298,0.000071,0.265491,0.027756,-0.028072,-0.000027
14,238.064683,84,4.200000,0.033558,0.033120,0.045849,-0.049627,-0.048974,-0.057955,0.999999,-0.000771,0.000781,-0.000024,0.014526,-0.014701,0.000070,0.265452,-0.010826,0.011009,-0.000020
14,238.064683,85,4.250000,0.031077,0.030671,0.042951,-0.048860,-0.048216,-0.056879,1.000000,-0.000408,0.000413,-0.000023,0.013985,-0.014151,0.000069,0.265412,-0.067139,0.068043,-0.000014
14,238.064683,86,4.300000,0.028634,0.028260,0.040107,-0.048453,-0.047815,-0.055875,1.000000,-0.000058,0.000059,-0.000021,0.010628,-0.010748,0.000069,0.265373,-0.137656,0.139457,-0.000009
14,238.064683,87,4.350000,0.026211,0.025869,0.037313,-0.048395,-0.047758,-0.054942,1.000000,0.000207,-0.000209,-0.000019,0.003745,-0.003776,0.000069,0.265335,-0.213953,0.216716,-0.000005
14,238.064683,88,4.400000,0.023791,0.023482,0.034566,-0.048601,-0.047962,-0.054080,1.000000,0.000301,-0.000304,-0.000018,-0.006952,0.007060,0.000069,0.265300,-0.282085,0.285692,-0.000003
14,238.064683,89,4.450000,0.021361,0.021083,0.031862,-0.048900,-0.048258,-0.053284,1.000000,0.000127,-0.000127,-0.000016,-0.021057,0.021345,0.000069,0.265269,-0.322890,0.326975,-0.000003
14,238.064683,90,4.500000,0.018916,0.018671,0.029198,-0.049025,-0.048383,-0.052544,1.000000,-0.000399,0.000406,-0.000014,-0.037201,0.037694,0.000068,0.265241,-0.313719,0.317634,-0.000009
14,238.064683,91,4.550000,0.016465,0.016251,0.026571,-0.048626,-0.047991,-0.051856,0.999998,-0.001329,0.001349,-0.000012,-0.052887,0.053575,0.000068,0.265211,-0.232119,0.234936,-0.000020
14,238.064683,92,4.600000,0.014034,0.013852,0.023978,-0.047301,-0.046686,-0.051228,0.999993,-0.002651,0.002688,-0.000011,-0.064493,0.065322,0.000068,0.265170,-0.061924,0.062530,-0.000040
14,238.064683,93,4.650000,0.011669,0.011518,0.021417,-0.044661,-0.044082,-0.050687,0.999982,-0.004264,0.004321,-0.000009,-0.067590,0.068448,0.000066,0.265111,0.197933,-0.200642,-0.000071
14,238.064683,94,4.700000,0.009436,0.009313,0.018882,-0.040418,-0.039896,-0.050277,0.999964,-0.005953,0.006032,-0.000007,-0.057693,0.058416,0.000064,0.265040,0.521626,-0.528409,-0.000117
14,238.064683,95,4.750000,0.007415,0.007319,0.016368,-0.034497,-0.034052,-0.050034,0.999945,-0.007395,0.007493,-0.000006,-0.031612,0.031995,0.000061,0.264987,0.840992,-0.851742,-0.000182
14,238.064683,96,4.800000,0.005690,0.005616,0.013867,-0.027144,-0.026794,-0.049925,0.999932,-0.008186,0.008292,-0.000004,0.010438,-0.010592,0.000056,0.265006,1.025757,-1.038729,-0.000271
14,238.064683,97,4.850000,0.004333,0.004276,0.011370,-0.019005,-0.018761,-0.049807,0.999936,-0.007925,0.008028,-0.000003,0.061725,-0.062528,0.000048,0.265131,0.859020,-0.869759,-0.000391
14,238.064683,98,4.900000,0.003382,0.003338,0.008880,-0.011123,-0.010979,-0.049448,0.999959,-0.006382,0.006465,-0.000002,0.104676,-0.106016,0.000037,0.264627,0.009561,-0.009488,-0.000551
14,238.064683,99,4.950000,0.002826,0.002789,0.006408,-0.004787,-0.004725,-0.049979,0.999986,-0.003765,0.003814,-0.000001,0.105155,-0.106490,0.000021,0.291886,-2.102763,2.129463,-0.000763
14,238.064683,100,5.000000,0.002587,0.002553,0.003909,-0.000664,-0.000655,0.000020,0.999999,-0.001136,0.001152,-0.000000,0.000017,-0.000017,-0.000000,0,0,0,0
15,255.252135,0,0.000000,1.011248,0.999042,0.981458,-0.013710,-0.010796,0.000636,0.999993,0.002501,-0.002667,0.000002,0.000000,0.000000,0.000000,0.237876,31.768471,-31.199514,-0.272078
15,255.252135,1,0.050000,1.010562,0.998502,0.981490,-0.016060,-0.012999,-0.049364,0.999993,0.002501,-0.002667,0.000002,1.588424,-1.559976,-0.007734,0.237876,-20.462911,19.501952,0.107099
15,255.252135,2,0.100000,1.009759,0.997852,0.979022,-0.018410,-0.015202,-0.099364,0.998245,0.042146,-0.041602,-0.000183,0.564820,-0.585344,-0.004689,0.239550,-11.299539,11.713629,0.072235
15,255.252135,3,0.150000,1.008839,0.997092,0.974053,-0.055262,-0.052523,-0.149364,0.996835,0.056233,-0.056195,-0.000329,-0.000261,0.000237,-0.002636,0.240915,0.010331,-0.009361,0.043909
15,255.252135,4,0.200000,1.006076,0.994466,0.966585,-0.105262,-0.102522,-0.199364,0.996836,0.056230,-0.056186,-0.000395,0.000256,-0.000231,-0.001388,0.240915,-0.005451,0.004961,0.030308
15,255.252135,5,0.250000,1.000813,0.989340,0.956617,-0.155256,-0.152516,-0.249364,0.996835,0.056238,-0.056190,-0.000430,-0.000017,0.000017,-0.000527,0.240915,0.000436,-0.000419,0.022176
15,255.252135,6,0.300000,0.993050,0.981714,0.944149,-0.205256,-0.202516,-0.299364,0.996835,0.056238,-0.056189,-0.000443,0.000005,-0.000004,0.000104,0.240915,-0.000483,0.000399,0.015275
15,255.252135,7,0.350000,0.982787,0.971588,0.929181,-0.255255,-0.252515,-0.349364,0.996835,0.056238,-0.056189,-0.000440,-0.000019,0.000016,0.000538,0.240915,-0.067489,0.059572,0.009872
15,255.252135,8,0.400000,0.970024,0.958963,0.911712,-0.305255,-0.302515,-0.399364,0.996835,0.056237,-0.056189,-0.000427,-0.003394,0.002994,0.000819,0.240915,-0.635434,0.635432,0.005755
15,255.252135,9,0.450000,0.954762,0.943837,0.891744,-0.355254,-0.352514,-0.449363,0.996844,0.056151,-0.056116,-0.000407,-0.035166,0.034766,0.000982,0.240907,-2.415597,2.433823,0.002690
15,255.252135,10,0.500000,0.936999,0.926211,0.869276,-0.405185,-0.402436,-0.499362,0.996941,0.055274,-0.055250,-0.000383,-0.155947,0.156456,0.001059,0.240813,-2.309941,2.211707,0.000407
15,255.252135,11,0.550000,0.916740,0.906089,0.844308,-0.454331,-0.451566,-0.549360,0.997358,0.051387,-0.051350,-0.000356,-0.271450,0.267035,0.001070,0.263500,-1.041459,0.859540,-0.001811
15,255.252135,12,0.600000,0.894023,0.883511,0.816840,-0.504330,-0.501565,-0.557048,0.998004,0.044617,-0.044689,-0.000334,-0.323534,0.310001,0.001019,0.294216,-2.183545,2.211515,-0.003581
15,255.252135,13,0.650000,0.868807,0.858433,0.788987,-0.552946,-0.550070,-0.507049,0.998649,0.036544,-0.036950,-0.000325,-0.432723,0.420564,0.000917,0.239163,-1.459672,1.579936,-0.003751
15,255.252135,14,0.700000,0.841159,0.830929,0.763635,-0.585642,-0.582386,-0.557047,0.999319,0.025740,-0.026445,-0.000317,-0.505721,0.499546,0.000810,0.292667,-0.153691,0.279660,-0.003216
15,255.252135,15,0.750000,0.811877,0.801810,0.735783,-0.614296,-0.610260,-0.507048,0.999817,0.013107,-0.013959,-0.000310,-0.513421,0.513513,0.000719,0.258656,1.087746,-0.989315,-0.002590
15,255.252135,16,0.800000,0.781162,0.771297,0.710430,-0.627670,-0.622810,-0.518906,0.999999,0.000278,-0.001119,-0.000303,-0.459048,0.464033,0.000645,0.291870,1.831443,-1.770214,-0.002125
15,255.252135,17,0.850000,0.749779,0.740156,0.684485,-0.628880,-0.623110,-0.468907,0.999882,-0.011193,0.010483,-0.000296,-0.367487,0.375512,0.000585,0.259639,2.236710,-2.210906,-0.001817
15,255.252135,18,0.900000,0.718335,0.709001,0.661040,-0.618797,-0.612350,-0.478821,0.999595,-0.020375,0.019871,-0.000290,-0.255660,0.264958,0.000533,0.292343,2.256364,-2.259226,-0.001623
15,255.252135,19,0.950000,0.687395,0.678383,0.637099,-0.597284,-0.590304,-0.428822,0.999291,-0.026760,0.026494,-0.000285,-0.142847,0.151992,0.000487,0.266554,2.056019,-2.081510,-0.001484
15,255.252135,20,1.000000,0.657531,0.648868,0.615657,-0.571140,-0.563912,-0.427104,0.999081,-0.030327,0.030292,-0.000280,-0.040049,0.047913,0.000445,0.273819,1.655015,-1.696227,-0.001359
15,255.252135,21,1.050000,0.628974,0.620673,0.594302,-0.540439,-0.533192,-0.412394,0.999013,-0.031327,0.031489,-0.000275,0.042701,-0.036899,0.000406,0.273047,1.129724,-1.178273,-0.001222
15,255.252135,22,1.100000,0.601952,0.594013,0.573683,-0.508618,-0.501552,-0.399248,0.999075,-0.030260,0.030567,-0.000269,0.099188,-0.095812,0.000371,0.272587,0.578659,-0.624687,-0.001067
15,255.252135,23,1.150000,0.576521,0.568935,0.553720,-0.477778,-0.471038,-0.386825,0.999217,-0.027783,0.028174,-0.000263,0.128122,-0.127045,0.000341,0.272351,0.101747,-0.137676,-0.000904
15,255.252135,24,1.200000,0.552632,0.545384,0.534379,-0.449374,-0.443043,-0.374551,0.999385,-0.024583,0.024999,-0.000257,0.133211,-0.133927,0.000315,0.272197,-0.239799,0.217243,-0.000750
15,255.252135,25,1.250000,0.530163,0.523231,0.515651,-0.424180,-0.418281,-0.362222,0.999540,-0.021255,0.021652,-0.000250,0.121223,-0.123063,0.000294,0.272019,-0.431070,0.421430,-0.000614
15,255.252135,26,1.300000,0.508954,0.502317,0.497540,-0.402371,-0.396883,-0.349911,0.999661,-0.018226,0.018576,-0.000243,0.099670,-0.101990,0.000277,0.271783,-0.491591,0.492163,-0.000499
15,255.252135,27,1.350000,0.488836,0.482473,0.480045,-0.383673,-0.378547,-0.337791,0.999748,-0.015736,0.016027,-0.000236,0.075092,-0.077381,0.000263,0.271505,-0.458027,0.465254,-0.000406
15,255.252135,28,1.400000,0.469652,0.463546,0.463155,-0.367558,-0.362731,-0.326010,0.999805,-0.013859,0.014092,-0.000229,0.052191,-0.054117,0.000251,0.271218,-0.370196,0.380637,-0.000330
15,255.252135,29,1.450000,0.451274,0.445409,0.446855,-0.353401,-0.348815,-0.314648,0.999840,-0.012555,0.012740,-0.000222,0.033682,-0.035085,0.000242,0.270944,-0.262417,0.273296,-0.000269
15,255.252135,30,1.500000,0.433604,0.427969,0.431122,-0.340616,-0.336221,-0.303721,0.999861,-0.011713,0.011862,-0.000216,0.020562,-0.021420,0.000234,0.270694,-0.159527,0.168950,-0.000220
15,255.252135,31,1.550000,0.416574,0.411158,0.415936,-0.328723,-0.324482,-0.293215,0.999873,-0.011199,0.011327,-0.000210,0.012585,-0.012972,0.000228,0.270468,-0.076241,0.083181,-0.000181
15,255.252135,32,1.600000,0.400137,0.394933,0.401275,-0.317375,-0.313267,-0.283102,0.999880,-0.010885,0.011003,-0.000204,0.008773,-0.008813,0.000222,0.270260,-0.018499,0.022656,-0.000151
15,255.252135,33,1.650000,0.384269,0.379270,0.387120,-0.306361,-0.302376,-0.273361,0.999885,-0.010665,0.010782,-0.000198,0.007849,-0.007680,0.000218,0.270063,0.014231,-0.012627,-0.000127
15,255.252135,34,1.700000,0.368951,0.364151,0.373452,-0.295575,-0.291711,-0.263974,0.999889,-0.010469,0.010590,-0.000193,0.008560,-0.008311,0.000215,0.269875,0.026466,-0.026869,-0.000110
15,255.252135,35,1.750000,0.354172,0.349566,0.360254,-0.284989,-0.281250,-0.254927,0.999893,-0.010255,0.010383,-0.000188,0.009884,-0.009655,0.000211,0.269693,0.024515,-0.026242,-0.000098
15,255.252135,36,1.800000,0.339922,0.335503,0.347507,-0.274617,-0.271010,-0.246208,0.999898,-0.010008,0.010141,-0.000183,0.011109,-0.010967,0.000209,0.269517,0.014786,-0.017163,-0.000091
15,255.252135,37,1.850000,0.326191,0.321953,0.335197,-0.264493,-0.261022,-0.237804,0.999904,-0.009730,0.009867,-0.000177,0.011849,-0.011825,0.000206,0.269347,0.002702,-0.005157,-0.000087
15,255.252135,38,1.900000,0.312967,0.308902,0.323307,-0.254649,-0.251318,-0.229705,0.999910,-0.009434,0.009572,-0.000172,0.011984,-0.012083,0.000204,0.269183,-0.007857,0.005741,-0.000087
15,255.252135,39,1.950000,0.300234,0.296336,0.311821,-0.245106,-0.241915,-0.221898,0.999915,-0.009135,0.009270,-0.000167,0.011591,-0.011795,0.000201,0.269024,-0.014673,0.013145,-0.000090
15,255.252135,40,2.000000,0.287979,0.284240,0.300726,-0.235869,-0.232816,-0.214374,0.999921,-0.008845,0.008975,-0.000162,0.010858,-0.011138,0.000199,0.268872,-0.017009,0.016164,-0.000095
15,255.252135,41,2.050000,0.276186,0.272599,0.290008,-0.226931,-0.224010,-0.207121,0.999925,-0.008573,0.008696,-0.000157,0.010007,-0.010330,0.000196,0.268725,-0.015255,0.015063,-0.000101
15,255.252135,42,2.100000,0.264839,0.261399,0.279652,-0.218275,-0.215479,-0.200129,0.999930,-0.008323,0.008438,-0.000152,0.009245,-0.009577,0.000193,0.268584,-0.010511,0.010855,-0.000109
15,255.252135,43,2.150000,0.253925,0.250625,0.269645,-0.209881,-0.207201,-0.193390,0.999934,-0.008092,0.008199,-0.000147,0.008719,-0.009034,0.000190,0.268448,-0.004186,0.004905,-0.000117
15,255.252135,44,2.200000,0.243431,0.240265,0.259976,-0.201728,-0.199157,-0.186896,0.999937,-0.007874,0.007973,-0.000143,0.008510,-0.008789,0.000187,0.268317,0.002332,-0.001411,-0.000124
15,255.252135,45,2.250000,0.233345,0.230307,0.250631,-0.193805,-0.191334,-0.180637,0.999941,-0.007661,0.007753,-0.000138,0.008627,-0.008859,0.000183,0.268191,0.007897,-0.006931,-0.000131
15,255.252135,46,2.300000,0.223655,0.220740,0.241599,-0.186103,-0.183725,-0.174606,0.999944,-0.007446,0.007532,-0.000133,0.009021,-0.009206,0.000179,0.268068,0.011738,-0.010854,-0.000137
15,255.252135,47,2.350000,0.214350,0.211554,0.232869,-0.178625,-0.176334,-0.168794,0.999947,-0.007220,0.007302,-0.000129,0.009608,-0.009748,0.000175,0.267950,0.013490,-0.012769,-0.000142
15,255.252135,48,2.400000,0.205418,0.202737,0.224429,-0.171378,-0.169170,-0.163195,0.999951,-0.006980,0.007058,-0.000124,0.010283,-0.010387,0.000171,0.267836,0.013152,-0.012638,-0.000146
15,255.252135,49,2.450000,0.196849,0.194279,0.216269,-0.164376,-0.162247,-0.157800,0.999954,-0.006723,0.006798,-0.000120,0.010941,-0.011018,0.000167,0.267726,0.011009,-0.010708,-0.000148
15,255.252135,50,2.500000,0.188631,0.186166,0.208379,-0.157635,-0.155582,-0.152601,0.999958,-0.006449,0.006523,-0.000116,0.011491,-0.011554,0.000163,0.267620,0.007529,-0.007418,-0.000149
15,255.252135,51,2.550000,0.180749,0.178387,0.200749,-0.151169,-0.149190,-0.147592,0.999962,-0.006162,0.006234,-0.000112,0.011868,-0.011925,0.000159,0.267517,0.003255,-0.003293,-0.000150
15,255.252135,52,2.600000,0.173190,0.170928,0.193370,-0.144992,-0.143086,-0.142765,0.999965,-0.005866,0.005936,-0.000108,0.012030,-0.012089,0.000155,0.267418,-0.001278,0.001140,-0.000149
15,255.252135,53,2.650000,0.165941,0.163773,0.186232,-0.139113,-0.137277,-0.138115,0.999969,-0.005565,0.005634,-0.000104,0.011967,-0.012032,0.000150,0.267323,-0.005607,0.005418,-0.000147
15,255.252135,54,2.700000,0.158985,0.156910,0.179326,-0.133534,-0.131768,-0.133635,0.999972,-0.005266,0.005333,-0.000100,0.011686,-0.011761,0.000146,0.267230,-0.009377,0.009180,-0.000145
15,255.252135,55,2.750000,0.152308,0.150321,0.172644,-0.128256,-0.126557,-0.129320,0.999975,-0.004974,0.005039,-0.000097,0.011218,-0.011302,0.000142,0.267140,-0.012354,0.012181,-0.000142
15,255.252135,56,2.800000,0.145896,0.143993,0.166178,-0.123270,-0.121637,-0.125165,0.999978,-0.004693,0.004756,-0.000093,0.010600,-0.010693,0.000138,0.267054,-0.014416,0.014288,-0.000138
15,255.252135,57,2.850000,0.139732,0.137911,0.159920,-0.118566,-0.116995,-0.121166,0.999980,-0.004428,0.004489,-0.000090,0.009879,-0.009978,0.000134,0.266970,-0.015536,0.015463,-0.000134
15,255.252135,58,2.900000,0.133804,0.132062,0.153862,-0.114127,-0.112618,-0.117317,0.999982,-0.004181,0.004239,-0.000086,0.009102,-0.009205,0.000130,0.266888,-0.015761,0.015742,-0.000130
15,255.252135,59,2.950000,0.128098,0.126431,0.147996,-0.109936,-0.108485,-0.113614,0.999984,-0.003954,0.004009,-0.000083,0.008314,-0.008418,0.000127,0.266810,-0.015186,0.015212,-0.000126
15,255.252135,60,3.000000,0.122601,0.121007,0.142315,-0.105974,-0.104578,-0.110053,0.999986,-0.003746,0.003799,-0.000080,0.007555,-0.007657,0.000123,0.266734,-0.013942,0.014000,-0.000121
15,255.252135,61,3.050000,0.117302,0.115778,0.136812,-0.102221,-0.100878,-0.106630,0.999987,-0.003557,0.003607,-0.000077,0.006858,-0.006957,0.000120,0.266660,-0.012186,0.012261,-0.000117
15,255.252135,62,3.100000,0.112191,0.110734,0.131481,-0.098658,-0.097366,-0.103340,0.999988,-0.003385,0.003433,-0.000074,0.006249,-0.006344,0.000116,0.266589,-0.010101,0.010181,-0.000113
15,255.252135,63,3.150000,0.107258,0.105865,0.126314,-0.095268,-0.094023,-0.100180,0.999989,-0.003229,0.003275,-0.000071,0.005744,-0.005835,0.000113,0.266520,-0.007893,0.007966,-0.000108
15,255.252135,64,3.200000,0.102495,0.101164,0.121305,-0.092035,-0.090836,-0.097145,0.999990,-0.003086,0.003129,-0.000068,0.005349,-0.005437,0.000110,0.266453,-0.005790,0.005851,-0.000104
15,255.252135,65,3.250000,0.097893,0.096622,0.116448,-0.088947,-0.087791,-0.094232,0.999991,-0.002952,0.002993,-0.000065,0.005060,-0.005144,0.000107,0.266389,-0.004035,0.004083,-0.000100
15,255.252135,66,3.300000,0.093446,0.092233,0.111736,-0.085994,-0.084879,-0.091437,0.999992,-0.002825,0.002864,-0.000063,0.004858,-0.004940,0.000104,0.266326,-0.002863,0.002902,-0.000096
15,255.252135,67,3.350000,0.089146,0.087989,0.107164,-0.083168,-0.082092,-0.088757,0.999993,-0.002704,0.002741,-0.000060,0.004715,-0.004795,0.000101,0.266265,-0.002473,0.002513,-0.000092
15,255.252135,68,3.400000,0.084988,0.083884,0.102726,-0.080465,-0.079426,-0.086188,0.999993,-0.002586,0.002621,-0.000058,0.004591,-0.004669,0.000099,0.266206,-0.002982,0.003035,-0.000089
15,255.252135,69,3.450000,0.080964,0.079913,0.098417,-0.077881,-0.076876,-0.083727,0.999994,-0.002471,0.002504,-0.000055,0.004442,-0.004518,0.000096,0.266149,-0.004378,0.004456,-0.000086
15,255.252135,70,3.500000,0.077070,0.076069,0.094231,-0.075412,-0.074441,-0.081371,0.999994,-0.002360,0.002391,-0.000053,0.004223,-0.004295,0.000094,0.266093,-0.006469,0.006581,-0.000082
15,255.252135,71,3.550000,0.073300,0.072347,0.090162,-0.073055,-0.072115,-0.079117,0.999995,-0.002255,0.002284,-0.000050,0.003900,-0.003966,0.000092,0.266039,-0.008850,0.009001,-0.000079
15,255.252135,72,3.600000,0.069647,0.068741,0.086206,-0.070805,-0.069893,-0.076961,0.999995,-0.002157,0.002185,-0.000048,0.003457,-0.003516,0.000089,0.265987,-0.010904,0.011088,-0.000076
15,255.252135,73,3.650000,0.066107,0.065247,0.082358,-0.068652,-0.067768,-0.074903,0.999996,-0.002071,0.002097,-0.000046,0.002912,-0.002961,0.000087,0.265936,-0.011835,0.012035,-0.000073
15,255.252135,74,3.700000,0.062674,0.061858,0.078613,-0.066587,-0.065729,-0.072937,0.999996,-0.001998,0.002023,-0.000044,0.002320,-0.002360,0.000085,0.265886,-0.010767,0.010956,-0.000070
15,255.252135,75,3.750000,0.059345,0.058572,0.074966,-0.064594,-0.063761,-0.071064,0.999996,-0.001940,0.001964,-0.000041,0.001782,-0.001812,0.000083,0.265838,-0.006898,0.007038,-0.000067
15,255.252135,76,3.800000,0.056115,0.055384,0.071413,-0.062661,-0.061851,-0.069279,0.999996,-0.001895,0.001919,-0.000039,0.001437,-0.001460,0.000081,0.265791,0.000286,-0.000241,-0.000064
15,255.252135,77,3.850000,0.052982,0.052291,0.067949,-0.060772,-0.059986,-0.067581,0.999996,-0.001859,0.001882,-0.000037,0.001452,-0.001472,0.000079,0.265745,0.010768,-0.010860,-0.000060
15,255.252135,78,3.900000,0.049943,0.049292,0.064570,-0.058919,-0.058156,-0.065968,0.999997,-0.001823,0.001845,-0.000035,0.001990,-0.002015,0.000078,0.265700,0.023748,-0.024011,-0.000056
15,255.252135,79,3.950000,0.046997,0.046384,0.061272,-0.057103,-0.056362,-0.064438,0.999997,-0.001773,0.001795,-0.000033,0.003177,-0.003216,0.000076,0.265656,0.037450,-0.037893,-0.000052
15,255.252135,80,4.000000,0.044142,0.043566,0.058050,-0.055337,-0.054617,-0.062988,0.999997,-0.001694,0.001715,-0.000032,0.005050,-0.005110,0.000075,0.265613,0.049044,-0.049639,-0.000047
15,255.252135,81,4.050000,0.041375,0.040835,0.054900,-0.053651,-0.052951,-0.061617,0.999998,-0.001568,0.001587,-0.000030,0.007502,-0.007592,0.000073,0.265572,0.054757,-0.055426,-0.000042
15,255.252135,82,4.100000,0.038693,0.038188,0.051819,-0.052090,-0.051409,-0.060323,0.999998,-0.001380,0.001397,-0.000028,0.010240,-0.010363,0.000072,0.265531,0.050246,-0.050857,-0.000037
15,255.252135,83,4.150000,0.036088,0.035617,0.048803,-0.050716,-0.050051,-0.059102,0.999999,-0.001124,0.001138,-0.000026,0.012752,-0.012906,0.000071,0.265491,0.031278,-0.031644,-0.000031
15,255.252135,84,4.200000,0.033553,0.033115,0.045848,-0.049597,-0.048946,-0.057955,0.999999,-0.000805,0.000815,-0.000024,0.014316,-0.014488,0.000070,0.265452,-0.005276,0.005382,-0.000025
15,255.252135,85,4.250000,0.031073,0.030667,0.042950,-0.048795,-0.048154,-0.056878,1.000000,-0.000447,0.000453,-0.000023,0.014053,-0.014219,0.000069,0.265413,-0.060190,0.061000,-0.000019
15,255.252135,86,4.300000,0.028633,0.028260,0.040106,-0.048350,-0.047714,-0.055874,1.000000,-0.000096,0.000098,-0.000021,0.011043,-0.011169,0.000069,0.265374,-0.130501,0.132207,-0.000014
15,255.252135,87,4.350000,0.026215,0.025874,0.037313,-0.048254,-0.047620,-0.054942,1.000000,0.000180,-0.000182,-0.000019,0.004518,-0.004559,0.000068,0.265336,-0.208260,0.210950,-0.000009
15,255.252135,88,4.400000,0.023803,0.023493,0.034566,-0.048433,-0.047797,-0.054080,1.000000,0.000293,-0.000296,-0.000017,-0.005895,0.005989,0.000068,0.265300,-0.279742,0.283322,-0.000007
15,255.252135,89,4.450000,0.021381,0.021103,0.031862,-0.048723,-0.048085,-0.053283,1.000000,0.000146,-0.000146,-0.000016,-0.019882,0.020155,0.000068,0.265269,-0.325572,0.329700,-0.000006
15,255.252135,90,4.500000,0.018945,0.018699,0.029198,-0.048867,-0.048228,-0.052544,1.000000,-0.000352,0.000358,-0.000014,-0.036161,0.036640,0.000068,0.265241,-0.322315,0.326352,-0.000010
15,255.252135,91,4.550000,0.016502,0.016288,0.026570,-0.048515,-0.047882,-0.051858,0.999998,-0.001256,0.001274,-0.000012,-0.052277,0.052957,0.000067,0.265211,-0.246094,0.249104,-0.000020
15,255.252135,92,4.600000,0.014076,0.013894,0.023977,-0.047264,-0.046649,-0.051230,0.999993,-0.002562,0.002598,-0.000011,-0.064581,0.065412,0.000067,0.265171,-0.078782,0.079615,-0.000039
15,255.252135,93,4.650000,0.011713,0.011561,0.021416,-0.044712,-0.044132,-0.050686,0.999982,-0.004177,0.004233,-0.000009,-0.068521,0.069393,0.000066,0.265112,0.182847,-0.185357,-0.000068
15,255.252135,94,4.700000,0.009477,0.009354,0.018882,-0.040556,-0.040031,-0.050272,0.999965,-0.005890,0.005968,-0.000007,-0.059378,0.060125,0.000064,0.265041,0.514649,-0.521346,-0.000113
15,255.252135,95,4.750000,0.007449,0.007353,0.016368,-0.034697,-0.034250,-0.050025,0.999945,-0.007374,0.007471,-0.000006,-0.033646,0.034057,0.000061,0.264986,0.848556,-0.859413,-0.000176
15,255.252135,96,4.800000,0.005714,0.005640,0.013867,-0.027365,-0.027013,-0.049918,0.999932,-0.008215,0.008322,-0.000004,0.008782,-0.008913,0.000056,0.265002,1.051036,-1.064345,-0.000265
15,255.252135,97,4.850000,0.004346,0.004290,0.011371,-0.019198,-0.018950,-0.049808,0.999935,-0.007996,0.008100,-0.000003,0.061333,-0.062130,0.000048,0.265128,0.895987,-0.907212,-0.000386
15,255.252135,98,4.900000,0.003386,0.003342,0.008880,-0.011244,-0.011099,-0.049457,0.999958,-0.006463,0.006546,-0.000002,0.106133,-0.107491,0.000037,0.264633,0.033479,-0.033720,-0.000549
15,255.252135,99,4.950000,0.002824,0.002787,0.006408,-0.004828,-0.004766,-0.049979,0.999985,-0.003809,0.003859,-0.000001,0.107807,-0.109177,0.000022,0.291886,-2.155855,2.183236,-0.000767
15,255.252135,100,5.000000,0.002583,0.002549,0.003909,-0.000656,-0.000648,0.000020,0.999999,-0.001114,0.001130,-0.000000,0.000014,-0.000015,-0.000000,0,0,0,0
16,239.714237,0,0.000000,1.011248,0.999042,0.981458,-0.013710,-0.010796,0.000636,0.999993,0.002501,-0.002667,0.000002,0.000000,0.000000,0.000000,0.237876,32.230050,-31.670832,-0.268086
16,239.714237,1,0.050000,1.010562,0.998502,0.981490,-0.016060,-0.012999,-0.049364,0.999993,0.002501,-0.002667,0.000002,1.611502,-1.583542,-0.007620,0.237876,-21.385166,20.442945,0.108555
16,239.714237,2,0.100000,1.009759,0.997852,0.979022,-0.018410,-0.015202,-0.099364,0.998196,0.042720,-0.042188,-0.000180,0.541786,-0.561860,-0.004535,0.239597,-10.837924,11.242662,0.072737
16,239.714237,3,0.150000,1.008839,0.997092,0.974053,-0.055787,-0.053037,-0.149364,0.996835,0.056232,-0.056196,-0.000322,-0.000207,0.000179,-0.002467,0.240915,0.008157,-0.007073,0.043749
16,239.714237,4,0.200000,1.006050,0.994440,0.966585,-0.105786,-0.103037,-0.199364,0.996835,0.056231,-0.056188,-0.000383,0.000201,-0.000174,-0.001224,0.240915,-0.004392,0.003841,0.029743
16,239.714237,5,0.250000,1.000760,0.989289,0.956617,-0.155782,-0.153032,-0.249364,0.996835,0.056237,-0.056191,-0.000414,-0.000018,0.000018,-0.000378,0.240915,0.000477,-0.000453,0.021387
16,239.714237,6,0.300000,0.992971,0.981637,0.944149,-0.205782,-0.203031,-0.299364,0.996835,0.056237,-0.056190,-0.000423,0.000005,-0.000005,0.000230,0.240915,-0.000450,0.000372,0.014391
16,239.714237,7,0.350000,0.982682,0.971485,0.929181,-0.255781,-0.253031,-0.349364,0.996835,0.056237,-0.056190,-0.000417,-0.000017,0.000014,0.000639,0.240915,-0.069646,0.061338,0.008984
16,239.714237,8,0.400000,0.969893,0.958834,0.911712,-0.305781,-0.303030,-0.399364,0.996835,0.056236,-0.056191,-0.000402,-0.003499,0.003081,0.000894,0.240915,-0.636656,0.636336,0.004922
16,239.714237,9,0.450000,0.954604,0.943682,0.891744,-0.355780,-0.353029,-0.449363,0.996844,0.056147,-0.056115,-0.000380,-0.035332,0.034897,0.001034,0.240907,-2.433742,2.454118,0.001949
16,239.714237,10,0.500000,0.936815,0.926031,0.869276,-0.405709,-0.402949,-0.499362,0.996942,0.055266,-0.055246,-0.000355,-0.157021,0.157602,0.001090,0.240812,-2.303863,2.204441,-0.000223
16,239.714237,11,0.550000,0.916530,0.905883,0.844308,-0.454850,-0.452072,-0.549361,0.997361,0.051351,-0.051318,-0.000327,-0.272220,0.267817,0.001083,0.263672,-1.010918,0.823646,-0.002349
16,239.714237,12,0.600000,0.893787,0.883280,0.816840,-0.504849,-0.502072,-0.556726,0.998009,0.044562,-0.044637,-0.000305,-0.322777,0.308989,0.001016,0.294210,-2.222210,2.253317,-0.004029
16,239.714237,13,0.650000,0.868545,0.858176,0.789004,-0.553407,-0.550518,-0.506727,0.998651,0.036508,-0.036924,-0.000296,-0.433900,0.421642,0.000902,0.239161,-1.486984,1.612316,-0.004063
16,239.714237,14,0.700000,0.840874,0.830650,0.763667,-0.586079,-0.582803,-0.556725,0.999322,0.025675,-0.026392,-0.000289,-0.508263,0.502243,0.000786,0.292663,-0.150369,0.279283,-0.003405
16,239.714237,15,0.750000,0.811570,0.801510,0.735831,-0.614675,-0.610606,-0.506726,0.999820,0.012978,-0.013839,-0.000282,-0.515797,0.516192,0.000690,0.258475,1.113420,-1.014459,-0.002694
16,239.714237,16,0.800000,0.780837,0.770980,0.710495,-0.627924,-0.623023,-0.518914,1.000000,0.000088,-0.000933,-0.000276,-0.460139,0.465455,0.000613,0.291870,1.858867,-1.798770,-0.002176
16,239.714237,17,0.850000,0.749440,0.739829,0.684549,-0.628933,-0.623119,-0.468915,0.999878,-0.011410,0.010705,-0.000270,-0.367207,0.375506,0.000551,0.259663,2.264709,-2.240824,-0.001832
16,239.714237,18,0.900000,0.717994,0.708673,0.661103,-0.618636,-0.612149,-0.478793,0.999586,-0.020585,0.020093,-0.000265,-0.253979,0.263457,0.000499,0.292353,2.273418,-2.278414,-0.001612
16,239.714237,19,0.950000,0.687062,0.678065,0.637164,-0.596883,-0.589875,-0.428794,0.999281,-0.026929,0.026677,-0.000261,-0.140313,0.149532,0.000453,0.266530,2.065780,-2.093407,-0.001453
16,239.714237,20,1.000000,0.657218,0.648572,0.615724,-0.570561,-0.563319,-0.427139,0.999074,-0.030432,0.030414,-0.000256,-0.037027,0.044859,0.000412,0.273803,1.654784,-1.697882,-0.001312
16,239.714237,21,1.050000,0.628690,0.620406,0.594367,-0.539739,-0.532494,-0.412474,0.999011,-0.031356,0.031534,-0.000252,0.045712,-0.040036,0.000375,0.273037,1.118602,-1.168510,-0.001163
16,239.714237,22,1.100000,0.601703,0.593781,0.573743,-0.507874,-0.500824,-0.399350,0.999077,-0.030215,0.030535,-0.000247,0.101642,-0.098460,0.000342,0.272587,0.559193,-0.605699,-0.001000
16,239.714237,23,1.150000,0.576309,0.568740,0.553776,-0.477068,-0.470356,-0.386923,0.999223,-0.027676,0.028075,-0.000242,0.129603,-0.128744,0.000313,0.272357,0.079433,-0.114916,-0.000834
16,239.714237,24,1.200000,0.552456,0.545222,0.534430,-0.448763,-0.442467,-0.374625,0.999392,-0.024439,0.024858,-0.000236,0.133577,-0.134488,0.000289,0.272204,-0.259207,0.237768,-0.000680
16,239.714237,25,1.250000,0.530017,0.523099,0.515698,-0.423712,-0.417849,-0.362269,0.999546,-0.021102,0.021497,-0.000230,0.120618,-0.122598,0.000270,0.272023,-0.443788,0.435556,-0.000548
16,239.714237,26,1.300000,0.508832,0.502206,0.497585,-0.402059,-0.396604,-0.349937,0.999666,-0.018088,0.018433,-0.000223,0.098429,-0.100819,0.000255,0.271783,-0.496496,0.498413,-0.000440
16,239.714237,27,1.350000,0.488729,0.482376,0.480088,-0.383507,-0.378406,-0.337807,0.999751,-0.015629,0.015912,-0.000217,0.073606,-0.075898,0.000242,0.271502,-0.456176,0.464441,-0.000353
16,239.714237,28,1.400000,0.469554,0.463456,0.463198,-0.367506,-0.362698,-0.326025,0.999807,-0.013789,0.014015,-0.000210,0.050798,-0.052675,0.000232,0.271214,-0.363893,0.374949,-0.000285
16,239.714237,29,1.450000,0.451178,0.445321,0.446896,-0.353428,-0.348852,-0.314665,0.999841,-0.012520,0.012698,-0.000204,0.032603,-0.033927,0.000224,0.270941,-0.254279,0.265348,-0.000231
16,239.714237,30,1.500000,0.433507,0.427878,0.431163,-0.340685,-0.336294,-0.303741,0.999861,-0.011705,0.011850,-0.000198,0.019890,-0.020660,0.000217,0.270693,-0.151804,0.161065,-0.000188
16,239.714237,31,1.550000,0.416473,0.411063,0.415976,-0.328804,-0.324563,-0.293236,0.999873,-0.011208,0.011334,-0.000193,0.012300,-0.012606,0.000212,0.270468,-0.070432,0.076975,-0.000156
16,239.714237,32,1.600000,0.400032,0.394835,0.401314,-0.317450,-0.313339,-0.283124,0.999880,-0.010900,0.011018,-0.000187,0.008778,-0.008757,0.000208,0.270260,-0.015262,0.018914,-0.000131
16,239.714237,33,1.650000,0.384160,0.379168,0.387158,-0.306420,-0.302432,-0.273383,0.999885,-0.010681,0.010800,-0.000182,0.008015,-0.007812,0.000204,0.270064,0.014973,-0.013872,-0.000113
16,239.714237,34,1.700000,0.368839,0.364047,0.373489,-0.295617,-0.291752,-0.263996,0.999889,-0.010480,0.010604,-0.000177,0.008764,-0.008505,0.000201,0.269876,0.025301,-0.026123,-0.000100
16,239.714237,35,1.750000,0.354058,0.349459,0.360289,-0.285017,-0.281279,-0.254948,0.999893,-0.010261,0.010392,-0.000172,0.010029,-0.009811,0.000198,0.269694,0.022279,-0.024293,-0.000092
16,239.714237,36,1.800000,0.339807,0.335395,0.347542,-0.274637,-0.271032,-0.246228,0.999898,-0.010011,0.010146,-0.000167,0.011143,-0.011026,0.000195,0.269518,0.012334,-0.014851,-0.000088
16,239.714237,37,1.850000,0.326075,0.321844,0.335230,-0.264508,-0.261042,-0.237824,0.999904,-0.009732,0.009871,-0.000162,0.011760,-0.011768,0.000193,0.269347,0.000732,-0.003193,-0.000087
16,239.714237,38,1.900000,0.312850,0.308791,0.323339,-0.254660,-0.251336,-0.229725,0.999910,-0.009438,0.009577,-0.000158,0.011796,-0.011928,0.000190,0.269183,-0.008901,0.006884,-0.000089
16,239.714237,39,1.950000,0.300117,0.296225,0.311853,-0.245112,-0.241929,-0.221918,0.999915,-0.009143,0.009279,-0.000153,0.011351,-0.011584,0.000188,0.269025,-0.014627,0.013264,-0.000093
16,239.714237,40,2.000000,0.287861,0.284128,0.300757,-0.235866,-0.232821,-0.214393,0.999920,-0.008860,0.008989,-0.000148,0.010620,-0.010920,0.000185,0.268872,-0.015960,0.015306,-0.000099
16,239.714237,41,2.050000,0.276068,0.272487,0.290037,-0.226914,-0.224000,-0.207140,0.999925,-0.008594,0.008716,-0.000144,0.009822,-0.010155,0.000182,0.268726,-0.013470,0.013460,-0.000106
16,239.714237,42,2.100000,0.264723,0.261287,0.279680,-0.218238,-0.215449,-0.200148,0.999929,-0.008348,0.008462,-0.000139,0.009149,-0.009482,0.000179,0.268585,-0.008355,0.008849,-0.000113
16,239.714237,43,2.150000,0.253811,0.250515,0.269673,-0.209820,-0.207146,-0.193410,0.999933,-0.008120,0.008225,-0.000134,0.008731,-0.009039,0.000176,0.268449,-0.002039,0.002860,-0.000120
16,239.714237,44,2.200000,0.243320,0.240157,0.260002,-0.201642,-0.199074,-0.186915,0.999937,-0.007901,0.007999,-0.000130,0.008629,-0.008896,0.000173,0.268318,0.004141,-0.003170,-0.000127
16,239.714237,45,2.250000,0.233237,0.230204,0.250657,-0.193692,-0.191224,-0.180656,0.999940,-0.007686,0.007777,-0.000126,0.008836,-0.009055,0.000169,0.268191,0.009138,-0.008171,-0.000133
16,239.714237,46,2.300000,0.223553,0.220643,0.241624,-0.185967,-0.183591,-0.174625,0.999944,-0.007465,0.007550,-0.000121,0.009293,-0.009463,0.000165,0.268069,0.012299,-0.011451,-0.000138
16,239.714237,47,2.350000,0.214255,0.211463,0.232893,-0.178470,-0.176181,-0.168813,0.999947,-0.007233,0.007314,-0.000117,0.009908,-0.010036,0.000161,0.267951,0.013373,-0.012716,-0.000142
16,239.714237,48,2.400000,0.205331,0.202654,0.224452,-0.171211,-0.169004,-0.163214,0.999951,-0.006985,0.007063,-0.000113,0.010577,-0.010672,0.000157,0.267837,0.012458,-0.012019,-0.000144
16,239.714237,49,2.450000,0.196770,0.194204,0.216291,-0.164204,-0.162076,-0.157818,0.999954,-0.006720,0.006796,-0.000109,0.011200,-0.011272,0.000153,0.267727,0.009904,-0.009677,-0.000145
16,239.714237,50,2.500000,0.188560,0.186100,0.208400,-0.157465,-0.155414,-0.152619,0.999958,-0.006440,0.006514,-0.000105,0.011695,-0.011756,0.000149,0.267620,0.006208,-0.006161,-0.000145
16,239.714237,51,2.550000,0.180687,0.178329,0.200770,-0.151008,-0.149031,-0.147609,0.999962,-0.006148,0.006220,-0.000102,0.012006,-0.012064,0.000145,0.267518,0.001911,-0.001997,-0.000144
16,239.714237,52,2.600000,0.173137,0.170878,0.193389,-0.144844,-0.142940,-0.142781,0.999965,-0.005848,0.005919,-0.000098,0.012101,-0.012164,0.000141,0.267419,-0.002482,0.002314,-0.000142
16,239.714237,53,2.650000,0.165894,0.163731,0.186250,-0.138981,-0.137149,-0.138130,0.999969,-0.005545,0.005615,-0.000095,0.011977,-0.012048,0.000137,0.267323,-0.006557,0.006356,-0.000140
16,239.714237,54,2.700000,0.158945,0.156873,0.179344,-0.133422,-0.131659,-0.133649,0.999972,-0.005246,0.005314,-0.000091,0.011650,-0.011730,0.000133,0.267230,-0.010017,0.009823,-0.000136
16,239.714237,55,2.750000,0.152274,0.150290,0.172661,-0.128163,-0.126467,-0.129333,0.999975,-0.004955,0.005020,-0.000088,0.011149,-0.011239,0.000129,0.267141,-0.012684,0.012526,-0.000133
16,239.714237,56,2.800000,0.145866,0.143967,0.166194,-0.123195,-0.121566,-0.125178,0.999978,-0.004676,0.004739,-0.000085,0.010515,-0.010613,0.000125,0.267054,-0.014484,0.014379,-0.000129
16,239.714237,57,2.850000,0.139706,0.137889,0.159936,-0.118507,-0.116941,-0.121178,0.999980,-0.004413,0.004474,-0.000082,0.009790,-0.009894,0.000121,0.266970,-0.015424,0.015376,-0.000124
16,239.714237,58,2.900000,0.133781,0.132042,0.153877,-0.114083,-0.112578,-0.117328,0.999982,-0.004169,0.004227,-0.000079,0.009019,-0.009125,0.000118,0.266889,-0.015565,0.015571,-0.000120
16,239.714237,59,2.950000,0.128077,0.126413,0.148010,-0.109905,-0.108458,-0.113625,0.999984,-0.003943,0.003999,-0.000076,0.008241,-0.008346,0.000114,0.266810,-0.015000,0.015048,-0.000115
16,239.714237,60,3.000000,0.122582,0.120990,0.142329,-0.105954,-0.104562,-0.110064,0.999986,-0.003737,0.003790,-0.000073,0.007491,-0.007594,0.000111,0.266734,-0.013842,0.013917,-0.000111
16,239.714237,61,3.050000,0.117284,0.115762,0.136826,-0.102209,-0.100870,-0.106640,0.999987,-0.003550,0.003600,-0.000070,0.006799,-0.006898,0.000108,0.266660,-0.012215,0.012304,-0.000106
16,239.714237,62,3.100000,0.112173,0.110718,0.131494,-0.098654,-0.097365,-0.103350,0.999988,-0.003380,0.003428,-0.000067,0.006188,-0.006283,0.000105,0.266589,-0.010263,0.010351,-0.000102
16,239.714237,63,3.150000,0.107241,0.105850,0.126326,-0.095269,-0.094028,-0.100189,0.999989,-0.003225,0.003270,-0.000065,0.005675,-0.005765,0.000102,0.266520,-0.008151,0.008229,-0.000098
16,239.714237,64,3.200000,0.102477,0.101149,0.121317,-0.092041,-0.090845,-0.097154,0.999990,-0.003083,0.003126,-0.000062,0.005268,-0.005354,0.000099,0.266453,-0.006073,0.006134,-0.000094
16,239.714237,65,3.250000,0.097875,0.096606,0.116459,-0.088955,-0.087802,-0.094241,0.999991,-0.002952,0.002992,-0.000060,0.004964,-0.005047,0.000097,0.266389,-0.004245,0.004290,-0.000090
16,239.714237,66,3.300000,0.093427,0.092216,0.111747,-0.086003,-0.084890,-0.091446,0.999992,-0.002827,0.002866,-0.000057,0.004752,-0.004833,0.000094,0.266326,-0.002897,0.002931,-0.000087
16,239.714237,67,3.350000,0.089127,0.087972,0.107175,-0.083175,-0.082101,-0.088766,0.999993,-0.002709,0.002746,-0.000055,0.004607,-0.004686,0.000092,0.266265,-0.002240,0.002273,-0.000083
16,239.714237,68,3.400000,0.084968,0.083867,0.102736,-0.080468,-0.079431,-0.086197,0.999993,-0.002593,0.002628,-0.000053,0.004495,-0.004572,0.000089,0.266206,-0.002428,0.002471,-0.000080
16,239.714237,69,3.450000,0.080945,0.079895,0.098427,-0.077876,-0.076874,-0.083735,0.999994,-0.002481,0.002514,-0.000050,0.004374,-0.004449,0.000087,0.266149,-0.003501,0.003567,-0.000077
16,239.714237,70,3.500000,0.077051,0.076051,0.094240,-0.075398,-0.074428,-0.081379,0.999994,-0.002372,0.002403,-0.000048,0.004199,-0.004270,0.000085,0.266093,-0.005335,0.005435,-0.000074
16,239.714237,71,3.550000,0.073281,0.072330,0.090171,-0.073030,-0.072091,-0.079125,0.999995,-0.002267,0.002296,-0.000046,0.003932,-0.003999,0.000083,0.266039,-0.007597,0.007736,-0.000072
16,239.714237,72,3.600000,0.069630,0.068726,0.086215,-0.070767,-0.069857,-0.076969,0.999995,-0.002168,0.002196,-0.000044,0.003552,-0.003612,0.000081,0.265987,-0.009731,0.009906,-0.000069
16,239.714237,73,3.650000,0.066092,0.065233,0.082366,-0.068604,-0.067721,-0.074910,0.999996,-0.002080,0.002106,-0.000042,0.003065,-0.003116,0.000079,0.265936,-0.010981,0.011178,-0.000066
16,239.714237,74,3.700000,0.062661,0.061847,0.078621,-0.066530,-0.065673,-0.072945,0.999996,-0.002003,0.002028,-0.000040,0.002516,-0.002558,0.000077,0.265886,-0.010472,0.010665,-0.000064
16,239.714237,75,3.750000,0.059335,0.058563,0.074973,-0.064532,-0.063701,-0.071071,0.999996,-0.001940,0.001964,-0.000038,0.001993,-0.002024,0.000075,0.265838,-0.007354,0.007507,-0.000061
16,239.714237,76,3.800000,0.056108,0.055378,0.071420,-0.062599,-0.061791,-0.069286,0.999996,-0.001890,0.001913,-0.000036,0.001625,-0.001649,0.000073,0.265791,-0.001012,0.001081,-0.000058
16,239.714237,77,3.850000,0.052978,0.052288,0.067956,-0.060715,-0.059930,-0.067588,0.999997,-0.001850,0.001872,-0.000034,0.001575,-0.001595,0.000072,0.265745,0.008686,-0.008747,-0.000055
16,239.714237,78,3.900000,0.049943,0.049292,0.064576,-0.058872,-0.058109,-0.065975,0.999997,-0.001810,0.001832,-0.000033,0.002009,-0.002032,0.000070,0.265700,0.021123,-0.021352,-0.000051
16,239.714237,79,3.950000,0.046999,0.046386,0.061278,-0.057069,-0.056328,-0.064444,0.999997,-0.001760,0.001781,-0.000031,0.003065,-0.003100,0.000069,0.265656,0.034712,-0.035122,-0.000047
16,239.714237,80,4.000000,0.044145,0.043570,0.058055,-0.055316,-0.054596,-0.062994,0.999997,-0.001683,0.001704,-0.000029,0.004801,-0.004856,0.000067,0.265613,0.046772,-0.047343,-0.000043
16,239.714237,81,4.050000,0.041380,0.040840,0.054906,-0.053640,-0.052940,-0.061623,0.999998,-0.001563,0.001583,-0.000027,0.007139,-0.007223,0.000066,0.265572,0.053603,-0.054265,-0.000038
16,239.714237,82,4.100000,0.038698,0.038193,0.051824,-0.052083,-0.051403,-0.060329,0.999998,-0.001385,0.001402,-0.000026,0.009819,-0.009936,0.000065,0.265531,0.050807,-0.051435,-0.000033
16,239.714237,83,4.150000,0.036093,0.035623,0.048808,-0.050705,-0.050041,-0.059108,0.999999,-0.001139,0.001154,-0.000024,0.012360,-0.012508,0.000064,0.265491,0.033940,-0.034352,-0.000027
16,239.714237,84,4.200000,0.033558,0.033121,0.045853,-0.049570,-0.048920,-0.057961,0.999999,-0.000830,0.000841,-0.000023,0.014057,-0.014226,0.000063,0.265452,-0.000502,0.000533,-0.000020
16,239.714237,85,4.250000,0.031080,0.030675,0.042955,-0.048743,-0.048104,-0.056884,1.000000,-0.000479,0.000485,-0.000021,0.014032,-0.014199,0.000063,0.265413,-0.053803,0.054519,-0.000014
16,239.714237,86,4.300000,0.028643,0.028270,0.040110,-0.048266,-0.047633,-0.055880,1.000000,-0.000128,0.000130,-0.000019,0.011342,-0.011473,0.000062,0.265374,-0.123575,0.125183,-0.000008
16,239.714237,87,4.350000,0.026229,0.025888,0.037316,-0.048138,-0.047507,-0.054947,1.000000,0.000155,-0.000157,-0.000018,0.005163,-0.005214,0.000062,0.265336,-0.202379,0.204988,-0.000002
16,239.714237,88,4.400000,0.023822,0.023513,0.034569,-0.048292,-0.047659,-0.054085,1.000000,0.000284,-0.000287,-0.000016,-0.004956,0.005036,0.000062,0.265300,-0.276777,0.280319,0.000002
16,239.714237,89,4.450000,0.021408,0.021130,0.031865,-0.048574,-0.047939,-0.053289,1.000000,0.000160,-0.000161,-0.000015,-0.018795,0.019052,0.000062,0.265268,-0.327278,0.331433,0.000004
16,239.714237,90,4.500000,0.018979,0.018733,0.029200,-0.048732,-0.048096,-0.052551,1.000000,-0.000309,0.000315,-0.000013,-0.035159,0.035623,0.000062,0.265240,-0.329762,0.333904,0.000002
16,239.714237,91,4.550000,0.016542,0.016328,0.026573,-0.048423,-0.047792,-0.051865,0.999999,-0.001188,0.001206,-0.000012,-0.051647,0.052318,0.000062,0.265211,-0.259015,0.262202,-0.000006
16,239.714237,92,4.600000,0.014121,0.013939,0.023979,-0.047238,-0.046625,-0.051237,0.999994,-0.002480,0.002514,-0.000010,-0.064598,0.065428,0.000062,0.265171,-0.094991,0.096045,-0.000022
16,239.714237,93,4.650000,0.011759,0.011607,0.021418,-0.044769,-0.044190,-0.050692,0.999983,-0.004094,0.004150,-0.000008,-0.069348,0.070230,0.000061,0.265114,0.167729,-0.170036,-0.000049
16,239.714237,94,4.700000,0.009521,0.009398,0.018883,-0.040695,-0.040170,-0.050274,0.999966,-0.005828,0.005905,-0.000007,-0.060961,0.061728,0.000060,0.265042,0.506832,-0.513424,-0.000091
16,239.714237,95,4.750000,0.007486,0.007389,0.016369,-0.034898,-0.034449,-0.050023,0.999945,-0.007352,0.007448,-0.000005,-0.035620,0.036057,0.000057,0.264985,0.854601,-0.865538,-0.000153
16,239.714237,96,4.800000,0.005741,0.005667,0.013868,-0.027589,-0.027234,-0.049917,0.999931,-0.008242,0.008350,-0.000004,0.007110,-0.007220,0.000053,0.264999,1.074599,-1.088217,-0.000240
16,239.714237,97,4.850000,0.004362,0.004305,0.011372,-0.019394,-0.019145,-0.049814,0.999934,-0.008065,0.008169,-0.000003,0.060840,-0.061631,0.000046,0.265125,0.931870,-0.943561,-0.000361
16,239.714237,98,4.900000,0.003392,0.003348,0.008882,-0.011373,-0.011226,-0.049471,0.999957,-0.006544,0.006629,-0.000002,0.107434,-0.108809,0.000036,0.264642,0.057908,-0.058464,-0.000526
16,239.714237,99,4.950000,0.002823,0.002787,0.006408,-0.004876,-0.004812,-0.049979,0.999985,-0.003858,0.003909,-0.000001,0.110329,-0.111732,0.000021,0.291887,-2.206322,2.234354,-0.000748
16,239.714237,100,5.000000,0.002580,0.002546,0.003909,-0.000650,-0.000642,0.000020,0.999999,-0.001100,0.001115,-0.000000,0.000013,-0.000014,-0.000000,0,0,0,0
17,234.899028,0,0.000000,1.011248,0.999042,0.981458,-0.013710,-0.010796,0.000636,0.999993,0.002501,-0.002667,0.000002,0.000000,0.000000,0.000000,0.237876,32.696960,-32.148359,-0.265954
17,234.899028,1,0.050000,1.010562,0.998502,0.981490,-0.016060,-0.012999,-0.049364,0.999993,0.002501,-0.002667,0.000002,1.634848,-1.607418,-0.007560,0.237876,-22.317825,21.396395,0.110044
17,234.899028,2,0.100000,1.009759,0.997852,0.979022,-0.018410,-0.015202,-0.099364,0.998146,0.043301,-0.042782,-0.000178,0.518496,-0.538067,-0.004432,0.239646,-10.369992,10.764698,0.073126
17,234.899028,3,0.150000,1.008839,0.997092,0.974053,-0.056319,-0.053557,-0.149364,0.996835,0.056232,-0.056196,-0.000317,-0.000095,0.000080,-0.002353,0.240915,0.003706,-0.003146,0.043505
17,234.899028,4,0.200000,1.006023,0.994414,0.966585,-0.106318,-0.103557,-0.199364,0.996835,0.056233,-0.056191,-0.000376,0.000091,-0.000077,-0.001117,0.240915,-0.002100,0.001808,0.029131
17,234.899028,5,0.250000,1.000707,0.989237,0.956617,-0.156316,-0.153554,-0.249364,0.996835,0.056237,-0.056191,-0.000403,-0.000014,0.000014,-0.000288,0.240915,0.000357,-0.000331,0.020588
17,234.899028,6,0.300000,0.992891,0.981559,0.944149,-0.206316,-0.203554,-0.299364,0.996835,0.056237,-0.056190,-0.000411,0.000004,-0.000003,0.000297,0.240915,-0.000248,0.000198,0.013534
17,234.899028,7,0.350000,0.982576,0.971381,0.929181,-0.256316,-0.253554,-0.349364,0.996835,0.056236,-0.056191,-0.000403,-0.000009,0.000007,0.000681,0.240915,-0.070550,0.061892,0.008153
17,234.899028,8,0.400000,0.969760,0.958703,0.911712,-0.306315,-0.303553,-0.399364,0.996835,0.056235,-0.056192,-0.000386,-0.003536,0.003101,0.000913,0.240915,-0.641577,0.640882,0.004170
17,234.899028,9,0.450000,0.954444,0.943526,0.891744,-0.356315,-0.353553,-0.449363,0.996844,0.056146,-0.056116,-0.000364,-0.035615,0.035145,0.001032,0.240907,-2.455549,2.477835,0.001306
17,234.899028,10,0.500000,0.936628,0.925848,0.869276,-0.406244,-0.403472,-0.499362,0.996943,0.055257,-0.055241,-0.000339,-0.158394,0.159036,0.001069,0.240811,-2.301198,2.200412,-0.000743
17,234.899028,11,0.550000,0.916316,0.905675,0.844308,-0.455379,-0.452588,-0.549361,0.997366,0.051308,-0.051277,-0.000311,-0.273460,0.269050,0.001048,0.263887,-0.983188,0.790812,-0.002770
17,234.899028,12,0.600000,0.893547,0.883045,0.816840,-0.505378,-0.502588,-0.556324,0.998015,0.044489,-0.044565,-0.000291,-0.322631,0.308580,0.000969,0.294203,-2.257709,2.291986,-0.004354
17,234.899028,13,0.650000,0.868278,0.857916,0.789024,-0.553856,-0.550954,-0.506325,0.998656,0.036438,-0.036862,-0.000283,-0.435527,0.423167,0.000845,0.239156,-1.507987,1.638235,-0.004253
17,234.899028,14,0.700000,0.840585,0.830368,0.763707,-0.586473,-0.583176,-0.556323,0.999327,0.025564,-0.026292,-0.000277,-0.510940,0.505065,0.000724,0.292656,-0.140582,0.272210,-0.003476
17,234.899028,15,0.750000,0.811262,0.801209,0.735891,-0.614959,-0.610859,-0.506324,0.999825,0.012800,-0.013669,-0.000272,-0.517983,0.518661,0.000626,0.258278,1.144259,-1.044985,-0.002684
17,234.899028,16,0.800000,0.780514,0.770666,0.710575,-0.628036,-0.623097,-0.518866,1.000000,-0.000144,-0.000701,-0.000268,-0.460783,0.466400,0.000549,0.291870,1.889431,-1.830611,-0.002117
17,234.899028,17,0.850000,0.749112,0.739511,0.684632,-0.628794,-0.622941,-0.468868,0.999872,-0.011659,0.010961,-0.000264,-0.366321,0.374860,0.000489,0.259659,2.293757,-2.271841,-0.001742
17,234.899028,18,0.900000,0.717672,0.708364,0.661188,-0.618251,-0.611732,-0.478763,0.999577,-0.020812,0.020332,-0.000260,-0.251640,0.261261,0.000440,0.292364,2.289741,-2.296853,-0.001502
17,234.899028,19,0.950000,0.686760,0.677778,0.637250,-0.596239,-0.589212,-0.428765,0.999272,-0.027097,0.026861,-0.000257,-0.137157,0.146414,0.000397,0.266488,2.073468,-2.103166,-0.001328
17,234.899028,20,1.000000,0.656948,0.648317,0.615812,-0.569739,-0.562493,-0.427205,0.999068,-0.030522,0.030520,-0.000255,-0.033486,0.041254,0.000359,0.273779,1.651636,-1.696503,-0.001177
17,234.899028,21,1.050000,0.628461,0.620193,0.594452,-0.538814,-0.531581,-0.412596,0.999010,-0.031358,0.031551,-0.000252,0.049095,-0.043572,0.000326,0.273027,1.104268,-1.155365,-0.001020
17,234.899028,22,1.100000,0.601520,0.593614,0.573822,-0.506933,-0.499911,-0.399491,0.999082,-0.030131,0.030462,-0.000248,0.104309,-0.101340,0.000297,0.272588,0.536786,-0.583566,-0.000855
17,234.899028,23,1.150000,0.576173,0.568618,0.553847,-0.476199,-0.469527,-0.387051,0.999231,-0.027526,0.027930,-0.000244,0.131150,-0.130517,0.000272,0.272367,0.054795,-0.089639,-0.000691
17,234.899028,24,1.200000,0.552364,0.545142,0.534495,-0.448039,-0.441787,-0.374720,0.999401,-0.024250,0.024669,-0.000239,0.133891,-0.134997,0.000253,0.272213,-0.280250,0.260074,-0.000543
17,234.899028,25,1.250000,0.529962,0.523052,0.515759,-0.423177,-0.417359,-0.362328,0.999555,-0.020906,0.021295,-0.000233,0.119880,-0.121992,0.000237,0.272027,-0.457574,0.450834,-0.000418
17,234.899028,26,1.300000,0.508803,0.502184,0.497642,-0.401726,-0.396310,-0.349971,0.999673,-0.017910,0.018246,-0.000227,0.097002,-0.099450,0.000225,0.271782,-0.502087,0.505376,-0.000320
17,234.899028,27,1.350000,0.488716,0.482369,0.480144,-0.383362,-0.378292,-0.337828,0.999756,-0.015486,0.015760,-0.000221,0.071898,-0.074180,0.000216,0.271499,-0.454788,0.464074,-0.000243
17,234.899028,28,1.400000,0.469548,0.463454,0.463252,-0.367514,-0.362727,-0.326044,0.999810,-0.013690,0.013906,-0.000215,0.049160,-0.050976,0.000209,0.271210,-0.357912,0.369544,-0.000184
17,234.899028,29,1.450000,0.451173,0.445318,0.446950,-0.353546,-0.348981,-0.314686,0.999843,-0.012461,0.012631,-0.000210,0.031264,-0.032498,0.000204,0.270938,-0.246335,0.257550,-0.000139
17,234.899028,30,1.500000,0.433495,0.427869,0.431216,-0.340870,-0.336481,-0.303765,0.999862,-0.011680,0.011819,-0.000204,0.018948,-0.019620,0.000200,0.270691,-0.144105,0.153171,-0.000106
17,234.899028,31,1.550000,0.416452,0.411045,0.416028,-0.329020,-0.324776,-0.293262,0.999873,-0.011206,0.011328,-0.000199,0.011743,-0.011962,0.000197,0.270467,-0.064424,0.070555,-0.000082
17,234.899028,32,1.600000,0.400001,0.394806,0.401365,-0.317671,-0.313554,-0.283150,0.999880,-0.010913,0.011029,-0.000194,0.008522,-0.008434,0.000195,0.270260,-0.011560,0.014709,-0.000065
17,234.899028,33,1.650000,0.384117,0.379128,0.387207,-0.306630,-0.302634,-0.273409,0.999884,-0.010700,0.010819,-0.000190,0.007944,-0.007698,0.000193,0.270064,0.016452,-0.015837,-0.000054
17,234.899028,34,1.700000,0.368786,0.363997,0.373537,-0.295808,-0.291935,-0.264022,0.999888,-0.010501,0.010626,-0.000185,0.008766,-0.008490,0.000192,0.269876,0.025108,-0.026324,-0.000048
17,234.899028,35,1.750000,0.353995,0.349400,0.360335,-0.285186,-0.281442,-0.254974,0.999893,-0.010282,0.010414,-0.000180,0.010022,-0.009806,0.000190,0.269694,0.021179,-0.023456,-0.000046
17,234.899028,36,1.800000,0.339736,0.335328,0.347587,-0.274783,-0.271175,-0.246254,0.999898,-0.010031,0.010169,-0.000175,0.011081,-0.010979,0.000189,0.269518,0.011083,-0.013724,-0.000046
17,234.899028,37,1.850000,0.325997,0.321769,0.335274,-0.264632,-0.261164,-0.237850,0.999903,-0.009754,0.009894,-0.000171,0.011635,-0.011665,0.000188,0.269348,-0.000078,-0.002385,-0.000049
17,234.899028,38,1.900000,0.312765,0.308711,0.323382,-0.254760,-0.251436,-0.229750,0.999909,-0.009464,0.009603,-0.000166,0.011631,-0.011784,0.000186,0.269183,-0.008926,0.006996,-0.000055
17,234.899028,39,1.950000,0.300027,0.296139,0.311894,-0.245186,-0.242003,-0.221944,0.999915,-0.009173,0.009308,-0.000161,0.011185,-0.011434,0.000185,0.269025,-0.013780,0.012555,-0.000062
17,234.899028,40,2.000000,0.287768,0.284039,0.300797,-0.235910,-0.232866,-0.214419,0.999920,-0.008893,0.009022,-0.000157,0.010496,-0.010806,0.000183,0.268873,-0.014373,0.013871,-0.000070
17,234.899028,41,2.050000,0.275973,0.272396,0.290076,-0.226925,-0.224012,-0.207166,0.999924,-0.008631,0.008752,-0.000152,0.009778,-0.010113,0.000181,0.268727,-0.011427,0.011552,-0.000079
17,234.899028,42,2.100000,0.264626,0.261195,0.279718,-0.218213,-0.215424,-0.200174,0.999929,-0.008386,0.008499,-0.000148,0.009206,-0.009535,0.000179,0.268586,-0.006204,0.006795,-0.000088
17,234.899028,43,2.150000,0.253716,0.250424,0.269709,-0.209758,-0.207084,-0.193435,0.999933,-0.008156,0.008261,-0.000143,0.008896,-0.009195,0.000176,0.268449,-0.000121,0.000991,-0.000097
17,234.899028,44,2.200000,0.243228,0.240070,0.260037,-0.201543,-0.198976,-0.186941,0.999936,-0.007934,0.008031,-0.000139,0.008890,-0.009146,0.000173,0.268318,0.005553,-0.004581,-0.000105
17,234.899028,45,2.250000,0.233151,0.230121,0.250690,-0.193562,-0.191093,-0.180682,0.999940,-0.007712,0.007803,-0.000134,0.009168,-0.009375,0.000170,0.268191,0.009876,-0.008948,-0.000111
17,234.899028,46,2.300000,0.223472,0.220566,0.241656,-0.185811,-0.183435,-0.174650,0.999943,-0.007482,0.007568,-0.000130,0.009662,-0.009822,0.000167,0.268069,0.012311,-0.011530,-0.000117
17,234.899028,47,2.350000,0.214182,0.211394,0.232924,-0.178296,-0.176007,-0.168839,0.999947,-0.007241,0.007323,-0.000126,0.010277,-0.010399,0.000164,0.267951,0.012714,-0.012136,-0.000121
17,234.899028,48,2.400000,0.205267,0.202594,0.224482,-0.171028,-0.168823,-0.163238,0.999951,-0.006984,0.007063,-0.000122,0.010913,-0.011005,0.000160,0.267837,0.011266,-0.010908,-0.000124
17,234.899028,49,2.450000,0.196716,0.194153,0.216320,-0.164021,-0.161896,-0.157842,0.999954,-0.006711,0.006788,-0.000118,0.011477,-0.011551,0.000157,0.267727,0.008371,-0.008214,-0.000125
17,234.899028,50,2.500000,0.188515,0.186058,0.208428,-0.157290,-0.155242,-0.152641,0.999958,-0.006424,0.006499,-0.000114,0.011895,-0.011961,0.000153,0.267621,0.004541,-0.004547,-0.000126
17,234.899028,51,2.550000,0.180650,0.178296,0.200796,-0.150848,-0.148876,-0.147630,0.999962,-0.006127,0.006200,-0.000110,0.012122,-0.012189,0.000150,0.267518,0.000305,-0.000423,-0.000125
17,234.899028,52,2.600000,0.173108,0.170852,0.193414,-0.144705,-0.142806,-0.142801,0.999966,-0.005824,0.005895,-0.000106,0.012138,-0.012210,0.000146,0.267419,-0.003869,0.003692,-0.000124
17,234.899028,53,2.650000,0.165872,0.163712,0.186274,-0.138866,-0.137039,-0.138149,0.999969,-0.005520,0.005590,-0.000103,0.011944,-0.012025,0.000143,0.267323,-0.007621,0.007430,-0.000122
17,234.899028,54,2.700000,0.158929,0.156860,0.179366,-0.133331,-0.131574,-0.133667,0.999972,-0.005222,0.005289,-0.000099,0.011563,-0.011653,0.000139,0.267231,-0.010711,0.010542,-0.000120
17,234.899028,55,2.750000,0.152263,0.150281,0.172683,-0.128095,-0.126406,-0.129350,0.999975,-0.004933,0.004998,-0.000096,0.011028,-0.011126,0.000136,0.267141,-0.013016,0.012893,-0.000117
17,234.899028,56,2.800000,0.145858,0.143961,0.166216,-0.123150,-0.121526,-0.125194,0.999978,-0.004657,0.004720,-0.000092,0.010377,-0.010482,0.000132,0.267054,-0.014510,0.014443,-0.000114
17,234.899028,57,2.850000,0.139700,0.137885,0.159956,-0.118481,-0.116921,-0.121193,0.999980,-0.004398,0.004458,-0.000089,0.009652,-0.009759,0.000129,0.266970,-0.015229,0.015220,-0.000110
17,234.899028,58,2.900000,0.133776,0.132039,0.153896,-0.114073,-0.112573,-0.117343,0.999982,-0.004156,0.004214,-0.000086,0.008890,-0.008998,0.000126,0.266889,-0.015249,0.015290,-0.000107
17,234.899028,59,2.950000,0.128073,0.126410,0.148029,-0.109908,-0.108465,-0.113639,0.999984,-0.003934,0.003989,-0.000083,0.008128,-0.008234,0.000123,0.266810,-0.014661,0.014739,-0.000103
17,234.899028,60,3.000000,0.122577,0.120987,0.142347,-0.105966,-0.104578,-0.110077,0.999986,-0.003731,0.003783,-0.000080,0.007395,-0.007497,0.000120,0.266734,-0.013561,0.013660,-0.000100
17,234.899028,61,3.050000,0.117279,0.115758,0.136843,-0.102229,-0.100892,-0.106653,0.999987,-0.003546,0.003596,-0.000077,0.006717,-0.006814,0.000117,0.266660,-0.012045,0.012151,-0.000097
17,234.899028,62,3.100000,0.112168,0.110713,0.131511,-0.098677,-0.097390,-0.103363,0.999988,-0.003378,0.003425,-0.000074,0.006115,-0.006206,0.000115,0.266589,-0.010221,0.010320,-0.000094
17,234.899028,63,3.150000,0.107234,0.105844,0.126343,-0.095295,-0.094055,-0.100202,0.999989,-0.003225,0.003270,-0.000071,0.005604,-0.005690,0.000112,0.266520,-0.008215,0.008299,-0.000091
17,234.899028,64,3.200000,0.102469,0.101141,0.121332,-0.092067,-0.090872,-0.097167,0.999990,-0.003085,0.003128,-0.000068,0.005193,-0.005275,0.000109,0.266454,-0.006186,0.006249,-0.000088
17,234.899028,65,3.250000,0.097866,0.096597,0.116474,-0.088980,-0.087827,-0.094253,0.999991,-0.002955,0.002996,-0.000065,0.004884,-0.004963,0.000107,0.266389,-0.004326,0.004370,-0.000086
17,234.899028,66,3.300000,0.093417,0.092206,0.111761,-0.086024,-0.084911,-0.091458,0.999992,-0.002833,0.002872,-0.000063,0.004667,-0.004744,0.000104,0.266326,-0.002853,0.002882,-0.000084
17,234.899028,67,3.350000,0.089115,0.087960,0.107189,-0.083191,-0.082117,-0.088777,0.999993,-0.002717,0.002753,-0.000060,0.004525,-0.004600,0.000102,0.266265,-0.001986,0.002010,-0.000082
17,234.899028,68,3.400000,0.084956,0.083855,0.102750,-0.080476,-0.079438,-0.086208,0.999993,-0.002604,0.002638,-0.000057,0.004425,-0.004499,0.000100,0.266206,-0.001903,0.001935,-0.000080
17,234.899028,69,3.450000,0.080932,0.079883,0.098439,-0.077874,-0.076871,-0.083746,0.999994,-0.002493,0.002526,-0.000055,0.004330,-0.004403,0.000097,0.266149,-0.002692,0.002744,-0.000078
17,234.899028,70,3.500000,0.077038,0.076039,0.094252,-0.075384,-0.074414,-0.081390,0.999994,-0.002385,0.002416,-0.000052,0.004196,-0.004265,0.000095,0.266094,-0.004289,0.004373,-0.000077
17,234.899028,71,3.550000,0.073269,0.072318,0.090183,-0.073004,-0.072064,-0.079135,0.999995,-0.002280,0.002309,-0.000050,0.003981,-0.004047,0.000093,0.266040,-0.006429,0.006552,-0.000075
17,234.899028,72,3.600000,0.069619,0.068715,0.086226,-0.070728,-0.069818,-0.076979,0.999995,-0.002180,0.002208,-0.000048,0.003660,-0.003719,0.000091,0.265987,-0.008617,0.008777,-0.000074
17,234.899028,73,3.650000,0.066082,0.065224,0.082377,-0.068553,-0.067670,-0.074920,0.999996,-0.002089,0.002115,-0.000045,0.003229,-0.003280,0.000089,0.265936,-0.010142,0.010328,-0.000072
17,234.899028,74,3.700000,0.062655,0.061841,0.078631,-0.066470,-0.065613,-0.072955,0.999996,-0.002008,0.002033,-0.000043,0.002722,-0.002764,0.000087,0.265886,-0.010138,0.010327,-0.000071
17,234.899028,75,3.750000,0.059331,0.058560,0.074983,-0.064468,-0.063636,-0.071081,0.999996,-0.001940,0.001964,-0.000041,0.002215,-0.002248,0.000085,0.265838,-0.007724,0.007881,-0.000070
17,234.899028,76,3.800000,0.056108,0.055378,0.071429,-0.062534,-0.061726,-0.069295,0.999996,-0.001885,0.001908,-0.000039,0.001829,-0.001854,0.000083,0.265791,-0.002198,0.002279,-0.000068
17,234.899028,77,3.850000,0.052981,0.052292,0.067964,-0.060656,-0.059871,-0.067597,0.999997,-0.001839,0.001861,-0.000037,0.001719,-0.001740,0.000081,0.265745,0.006709,-0.006748,-0.000066
17,234.899028,78,3.900000,0.049948,0.049298,0.064584,-0.058824,-0.058061,-0.065983,0.999997,-0.001796,0.001818,-0.000035,0.002054,-0.002077,0.000079,0.265700,0.018553,-0.018753,-0.000063
17,234.899028,79,3.950000,0.047007,0.046395,0.061285,-0.057035,-0.056294,-0.064453,0.999997,-0.001744,0.001766,-0.000033,0.002982,-0.003015,0.000077,0.265656,0.031932,-0.032312,-0.000061
17,234.899028,80,4.000000,0.044155,0.043581,0.058063,-0.055298,-0.054578,-0.063003,0.999997,-0.001670,0.001691,-0.000031,0.004579,-0.004630,0.000075,0.265614,0.044329,-0.044876,-0.000057
17,234.899028,81,4.050000,0.041391,0.040852,0.054913,-0.053635,-0.052935,-0.061631,0.999998,-0.001555,0.001575,-0.000029,0.006795,-0.006874,0.000074,0.265572,0.052134,-0.052787,-0.000053
17,234.899028,82,4.100000,0.038709,0.038205,0.051831,-0.052086,-0.051405,-0.060336,0.999998,-0.001386,0.001403,-0.000027,0.009402,-0.009513,0.000072,0.265531,0.050928,-0.051569,-0.000049
17,234.899028,83,4.150000,0.036105,0.035635,0.048814,-0.050706,-0.050042,-0.059116,0.999999,-0.001151,0.001165,-0.000025,0.011948,-0.012092,0.000071,0.265491,0.036093,-0.036543,-0.000043
17,234.899028,84,4.200000,0.033569,0.033133,0.045858,-0.049560,-0.048911,-0.057968,0.999999,-0.000852,0.000863,-0.000024,0.013753,-0.013919,0.000070,0.265452,0.003781,-0.003814,-0.000038
17,234.899028,85,4.250000,0.031091,0.030687,0.042960,-0.048712,-0.048073,-0.056892,1.000000,-0.000508,0.000515,-0.000022,0.013942,-0.014110,0.000069,0.265413,-0.047779,0.048410,-0.000032
17,234.899028,86,4.300000,0.028656,0.028283,0.040115,-0.048206,-0.047574,-0.055887,1.000000,-0.000160,0.000162,-0.000020,0.011553,-0.011689,0.000068,0.265374,-0.116770,0.118286,-0.000026
17,234.899028,87,4.350000,0.026245,0.025905,0.037321,-0.048047,-0.047417,-0.054954,1.000000,0.000129,-0.000130,-0.000019,0.005715,-0.005775,0.000067,0.265336,-0.196291,0.198820,-0.000020
17,234.899028,88,4.400000,0.023843,0.023534,0.034573,-0.048175,-0.047544,-0.054092,1.000000,0.000272,-0.000275,-0.000017,-0.004100,0.004166,0.000066,0.265300,-0.273246,0.276745,-0.000015
17,234.899028,89,4.450000,0.021434,0.021157,0.031869,-0.048444,-0.047812,-0.053296,1.000000,0.000170,-0.000170,-0.000015,-0.017762,0.018004,0.000066,0.265268,-0.328109,0.332281,-0.000013
17,234.899028,90,4.500000,0.019012,0.018766,0.029204,-0.048612,-0.047978,-0.052559,1.000000,-0.000274,0.000280,-0.000014,-0.034168,0.034618,0.000066,0.265240,-0.336172,0.340406,-0.000014
17,234.899028,91,4.550000,0.016581,0.016367,0.026576,-0.048337,-0.047709,-0.051874,0.999999,-0.001129,0.001145,-0.000012,-0.050977,0.051638,0.000065,0.265210,-0.270973,0.274326,-0.000021
17,234.899028,92,4.600000,0.014165,0.013982,0.023982,-0.047212,-0.046600,-0.051246,0.999994,-0.002403,0.002436,-0.000010,-0.064525,0.065354,0.000065,0.265172,-0.110594,0.111859,-0.000035
17,234.899028,93,4.650000,0.011804,0.011652,0.021420,-0.044819,-0.044240,-0.050699,0.999984,-0.004016,0.004070,-0.000009,-0.070055,0.070947,0.000064,0.265115,0.152605,-0.154710,-0.000061
17,234.899028,94,4.700000,0.009563,0.009440,0.018885,-0.040823,-0.040297,-0.050278,0.999966,-0.005767,0.005844,-0.000007,-0.062425,0.063211,0.000062,0.265043,0.498269,-0.504749,-0.000102
17,234.899028,95,4.750000,0.007522,0.007425,0.016371,-0.035087,-0.034636,-0.050024,0.999946,-0.007328,0.007424,-0.000006,-0.037512,0.037973,0.000059,0.264985,0.859273,-0.870271,-0.000162
17,234.899028,96,4.800000,0.005768,0.005693,0.013870,-0.027801,-0.027445,-0.049918,0.999931,-0.008266,0.008373,-0.000004,0.005452,-0.005540,0.000054,0.264995,1.096596,-1.110500,-0.000249
17,234.899028,97,4.850000,0.004377,0.004321,0.011374,-0.019584,-0.019333,-0.049822,0.999933,-0.008129,0.008235,-0.000003,0.060282,-0.061065,0.000047,0.265122,0.966736,-0.978876,-0.000370
17,234.899028,98,4.900000,0.003398,0.003354,0.008883,-0.011499,-0.011351,-0.049486,0.999956,-0.006622,0.006708,-0.000001,0.108619,-0.110009,0.000037,0.264651,0.082694,-0.083564,-0.000538
17,234.899028,99,4.950000,0.002823,0.002787,0.006409,-0.004924,-0.004860,-0.049979,0.999985,-0.003907,0.003958,-0.000001,0.112753,-0.114187,0.000021,0.291887,-2.254817,2.283478,-0.000765
17,234.899028,100,5.000000,0.002577,0.002544,0.003910,-0.000645,-0.000636,0.000020,0.999999,-0.001088,0.001103,-0.000000,0.000013,-0.000013,-0.000000,0,0,0,0
18,234.198657,0,0.000000,1.011248,0.999042,0.981458,-0.013710,-0.010796,0.000636,0.999993,0.002501,-0.002667,0.000002,0.000000,0.000000,0.000000,0.237876,33.158553,-32.620645,-0.263827
18,234.198657,1,0.050000,1.010562,0.998502,0.981490,-0.016060,-0.012999,-0.049364,0.999993,0.002501,-0.002667,0.000002,1.657928,-1.631032,-0.007499,0.237876,-23.240064,22.339571,0.111449
18,234.198657,2,0.100000,1.009759,0.997852,0.979022,-0.018410,-0.015202,-0.099364,0.998095,0.043875,-0.043369,-0.000177,0.495460,-0.514526,-0.004331,0.239695,-9.915466,10.299796,0.073468
18,234.198657,3,0.150000,1.008839,0.997092,0.974053,-0.056845,-0.054071,-0.149364,0.996835,0.056231,-0.056196,-0.000312,-0.000398,0.000383,-0.002243,0.240915,0.015605,-0.015013,0.043247
18,234.198657,4,0.200000,1.005997,0.994389,0.966585,-0.106844,-0.104071,-0.199364,0.996836,0.056225,-0.056184,-0.000368,0.000383,-0.000368,-0.001014,0.240914,-0.008308,0.008019,0.028533
18,234.198657,5,0.250000,1.000655,0.989185,0.956617,-0.156835,-0.154061,-0.249364,0.996835,0.056236,-0.056191,-0.000393,-0.000033,0.000033,-0.000203,0.240915,0.000783,-0.000789,0.019828
18,234.198657,6,0.300000,0.992813,0.981482,0.944149,-0.206835,-0.204061,-0.299364,0.996835,0.056235,-0.056190,-0.000398,0.000006,-0.000006,0.000361,0.240915,-0.001201,0.001023,0.012734
18,234.198657,7,0.350000,0.982471,0.971279,0.929181,-0.256833,-0.254059,-0.349364,0.996835,0.056235,-0.056191,-0.000389,-0.000054,0.000045,0.000723,0.240915,-0.066289,0.057836,0.007392
18,234.198657,8,0.400000,0.969629,0.958576,0.911712,-0.306832,-0.304058,-0.399363,0.996835,0.056232,-0.056191,-0.000371,-0.003368,0.002937,0.000933,0.240915,-0.633737,0.632402,0.003496
18,234.198657,9,0.450000,0.954288,0.943373,0.891744,-0.356830,-0.354055,-0.449363,0.996844,0.056147,-0.056119,-0.000349,-0.035055,0.034557,0.001032,0.240907,-2.467102,2.490964,0.000744
18,234.198657,10,0.500000,0.936446,0.925670,0.869276,-0.406761,-0.403977,-0.499362,0.996941,0.055272,-0.055259,-0.000324,-0.158412,0.159103,0.001054,0.240813,-2.295575,2.193550,-0.001184
18,234.198657,11,0.550000,0.916108,0.905472,0.844308,-0.455911,-0.453108,-0.549360,0.997364,0.051323,-0.051293,-0.000296,-0.273197,0.268775,0.001020,0.263807,-0.960852,0.763597,-0.003115
18,234.198657,12,0.600000,0.893313,0.882816,0.816840,-0.505910,-0.503107,-0.556473,0.998013,0.044510,-0.044588,-0.000276,-0.321250,0.306944,0.000931,0.294205,-2.300185,2.337537,-0.004607
18,234.198657,13,0.650000,0.868017,0.857661,0.789016,-0.554413,-0.551497,-0.506474,0.998651,0.036493,-0.036926,-0.000270,-0.436270,0.423809,0.000800,0.239160,-1.538038,1.672958,-0.004379
18,234.198657,14,0.700000,0.840297,0.830086,0.763693,-0.587086,-0.583770,-0.556472,0.999325,0.025601,-0.026340,-0.000266,-0.513185,0.507444,0.000676,0.292659,-0.141637,0.275774,-0.003493
18,234.198657,15,0.750000,0.810942,0.800897,0.735869,-0.615625,-0.611492,-0.506474,0.999825,0.012780,-0.013658,-0.000262,-0.520279,0.521219,0.000577,0.258204,1.163797,-1.064281,-0.002632
18,234.198657,16,0.800000,0.780161,0.770323,0.710545,-0.628687,-0.623709,-0.519153,1.000000,-0.000221,-0.000626,-0.000259,-0.462101,0.467994,0.000502,0.291870,1.909750,-1.852126,-0.002028
18,234.198657,17,0.850000,0.748727,0.739137,0.684588,-0.629363,-0.623470,-0.469154,0.999869,-0.011769,0.011075,-0.000256,-0.366622,0.375379,0.000444,0.260089,2.314737,-2.294598,-0.001632
18,234.198657,18,0.900000,0.717259,0.707964,0.661130,-0.618693,-0.612137,-0.478259,0.999572,-0.020929,0.020459,-0.000254,-0.250892,0.260643,0.000398,0.292370,2.301034,-2.310023,-0.001380
18,234.198657,19,0.950000,0.686324,0.677357,0.637217,-0.596542,-0.589489,-0.428260,0.999266,-0.027196,0.026973,-0.000252,-0.135844,0.145138,0.000359,0.264347,2.079375,-2.110917,-0.001199
18,234.198657,20,1.000000,0.656497,0.647883,0.615804,-0.570146,-0.562889,-0.430665,0.999064,-0.030588,0.030600,-0.000250,-0.031877,0.039590,0.000325,0.277367,1.649755,-1.696188,-0.001044
18,234.198657,21,1.050000,0.627989,0.619738,0.594271,-0.538733,-0.531504,-0.409446,0.999008,-0.031383,0.031589,-0.000248,0.050610,-0.045220,0.000295,0.270871,1.093832,-1.145951,-0.000887
18,234.198657,22,1.100000,0.601053,0.593163,0.573798,-0.507066,-0.500059,-0.400323,0.999082,-0.030119,0.030460,-0.000245,0.105302,-0.102517,0.000270,0.273114,0.520497,-0.567438,-0.000724
18,234.198657,23,1.150000,0.575699,0.568160,0.553782,-0.476276,-0.469628,-0.386912,0.999233,-0.027489,0.027898,-0.000241,0.131328,-0.130887,0.000249,0.272353,0.037825,-0.071999,-0.000566
18,234.198657,24,1.200000,0.551886,0.544679,0.534437,-0.448149,-0.441927,-0.374603,0.999403,-0.024209,0.024628,-0.000236,0.133220,-0.134486,0.000233,0.272198,-0.292852,0.273879,-0.000427
18,234.198657,25,1.250000,0.529478,0.522582,0.515707,-0.423330,-0.417541,-0.362234,0.999556,-0.020881,0.021267,-0.000231,0.118579,-0.120791,0.000221,0.272019,-0.462935,0.457546,-0.000315
18,234.198657,26,1.300000,0.508312,0.501705,0.497595,-0.401909,-0.396518,-0.349891,0.999673,-0.017918,0.018248,-0.000226,0.095433,-0.097913,0.000212,0.271775,-0.499940,0.504407,-0.000228
18,234.198657,27,1.350000,0.488216,0.481879,0.480100,-0.383543,-0.378492,-0.337763,0.999754,-0.015534,0.015800,-0.000220,0.070437,-0.072692,0.000205,0.271493,-0.446826,0.456922,-0.000163
18,234.198657,28,1.400000,0.469039,0.462955,0.463212,-0.367656,-0.362880,-0.325992,0.999807,-0.013773,0.013983,-0.000215,0.048096,-0.049845,0.000201,0.271206,-0.346788,0.358796,-0.000115
18,234.198657,29,1.450000,0.450656,0.444811,0.446913,-0.353611,-0.349051,-0.314645,0.999840,-0.012571,0.012737,-0.000209,0.030757,-0.031905,0.000198,0.270937,-0.234760,0.245955,-0.000081
18,234.198657,30,1.500000,0.432976,0.427358,0.431180,-0.340829,-0.336440,-0.303731,0.999859,-0.011803,0.011939,-0.000204,0.019020,-0.019607,0.000195,0.270692,-0.134233,0.142986,-0.000058
18,234.198657,31,1.550000,0.415934,0.410536,0.415994,-0.328859,-0.324612,-0.293233,0.999870,-0.011327,0.011449,-0.000199,0.012308,-0.012457,0.000194,0.270468,-0.057558,0.063210,-0.000043
18,234.198657,32,1.600000,0.399491,0.394306,0.401332,-0.317389,-0.313268,-0.283126,0.999877,-0.011020,0.011138,-0.000194,0.009430,-0.009297,0.000192,0.270261,-0.008136,0.010764,-0.000034
18,234.198657,33,1.650000,0.383622,0.378642,0.387176,-0.306240,-0.302242,-0.273388,0.999882,-0.010784,0.010905,-0.000189,0.009023,-0.008758,0.000191,0.270065,0.016708,-0.016560,-0.000030
18,234.198657,34,1.700000,0.368310,0.363530,0.373507,-0.295331,-0.291459,-0.264003,0.999887,-0.010558,0.010686,-0.000185,0.009859,-0.009586,0.000191,0.269876,0.022931,-0.024495,-0.000030
18,234.198657,35,1.750000,0.353543,0.348957,0.360306,-0.284649,-0.280908,-0.254958,0.999892,-0.010312,0.010447,-0.000180,0.011006,-0.010811,0.000190,0.269694,0.017500,-0.019979,-0.000032
18,234.198657,36,1.800000,0.339311,0.334912,0.347558,-0.274214,-0.270611,-0.246240,0.999898,-0.010037,0.010176,-0.000175,0.011881,-0.011810,0.000189,0.269518,0.006814,-0.009514,-0.000037
18,234.198657,37,1.850000,0.325600,0.321381,0.335247,-0.264055,-0.260595,-0.237837,0.999904,-0.009740,0.009881,-0.000171,0.012221,-0.012286,0.000188,0.269347,-0.004198,0.001795,-0.000044
18,234.198657,38,1.900000,0.312397,0.308351,0.323355,-0.254197,-0.250881,-0.229738,0.999910,-0.009434,0.009574,-0.000166,0.012012,-0.012196,0.000186,0.269183,-0.012406,0.010618,-0.000052
18,234.198657,39,1.950000,0.299688,0.295807,0.311868,-0.244651,-0.241478,-0.221932,0.999915,-0.009134,0.009269,-0.000161,0.011391,-0.011665,0.000185,0.269025,-0.016391,0.015348,-0.000061
18,234.198657,40,2.000000,0.287455,0.283733,0.300771,-0.235414,-0.232379,-0.214407,0.999921,-0.008849,0.008978,-0.000157,0.010572,-0.010897,0.000183,0.268872,-0.016106,0.015790,-0.000071
18,234.198657,41,2.050000,0.275684,0.272114,0.290051,-0.226473,-0.223569,-0.207153,0.999925,-0.008585,0.008705,-0.000152,0.009767,-0.010108,0.000181,0.268726,-0.012429,0.012716,-0.000081
18,234.198657,42,2.100000,0.264361,0.260936,0.279693,-0.217809,-0.215027,-0.200161,0.999929,-0.008341,0.008453,-0.000148,0.009145,-0.009472,0.000179,0.268585,-0.006704,0.007415,-0.000091
18,234.198657,43,2.150000,0.253470,0.250185,0.269685,-0.209400,-0.206731,-0.193422,0.999933,-0.008112,0.008216,-0.000143,0.008810,-0.009101,0.000176,0.268449,-0.000360,0.001300,-0.000100
18,234.198657,44,2.200000,0.243000,0.239848,0.260014,-0.201231,-0.198667,-0.186926,0.999937,-0.007892,0.007988,-0.000139,0.008792,-0.009036,0.000173,0.268318,0.005373,-0.004378,-0.000107
18,234.198657,45,2.250000,0.232939,0.229915,0.250668,-0.193291,-0.190826,-0.180667,0.999940,-0.007672,0.007762,-0.000134,0.009061,-0.009255,0.000170,0.268191,0.009622,-0.008710,-0.000114
18,234.198657,46,2.300000,0.223274,0.220373,0.241634,-0.185581,-0.183207,-0.174635,0.999944,-0.007446,0.007531,-0.000130,0.009542,-0.009690,0.000167,0.268069,0.011929,-0.011192,-0.000119
18,234.198657,47,2.350000,0.213995,0.211213,0.232903,-0.178103,-0.175816,-0.168823,0.999947,-0.007207,0.007289,-0.000126,0.010139,-0.010250,0.000164,0.267951,0.012224,-0.011705,-0.000123
18,234.198657,48,2.400000,0.205090,0.202422,0.224461,-0.170869,-0.168665,-0.163223,0.999951,-0.006954,0.007033,-0.000122,0.010750,-0.010835,0.000160,0.267837,0.010741,-0.010443,-0.000125
18,234.198657,49,2.450000,0.196547,0.193989,0.216300,-0.163892,-0.161768,-0.157826,0.999955,-0.006685,0.006762,-0.000118,0.011287,-0.011357,0.000157,0.267727,0.007909,-0.007806,-0.000126
18,234.198657,50,2.500000,0.188352,0.185901,0.208409,-0.157187,-0.155140,-0.152626,0.999959,-0.006403,0.006478,-0.000114,0.011683,-0.011747,0.000153,0.267620,0.004245,-0.004292,-0.000126
18,234.198657,51,2.550000,0.180493,0.178144,0.200778,-0.150766,-0.148795,-0.147615,0.999962,-0.006111,0.006184,-0.000110,0.011895,-0.011962,0.000150,0.267518,0.000258,-0.000400,-0.000125
18,234.198657,52,2.600000,0.172954,0.170704,0.193397,-0.144638,-0.142741,-0.142787,0.999966,-0.005813,0.005885,-0.000106,0.011908,-0.011982,0.000146,0.267419,-0.003622,0.003434,-0.000123
18,234.198657,53,2.650000,0.165722,0.163567,0.186258,-0.138809,-0.136984,-0.138135,0.999969,-0.005516,0.005586,-0.000103,0.011727,-0.011810,0.000143,0.267323,-0.007075,0.006886,-0.000121
18,234.198657,54,2.700000,0.158782,0.156718,0.179351,-0.133278,-0.131524,-0.133653,0.999972,-0.005223,0.005290,-0.000099,0.011373,-0.011466,0.000139,0.267230,-0.009904,0.009745,-0.000118
18,234.198657,55,2.750000,0.152118,0.150141,0.172668,-0.128042,-0.126356,-0.129337,0.999975,-0.004938,0.005004,-0.000096,0.010878,-0.010978,0.000136,0.267140,-0.012022,0.011914,-0.000115
18,234.198657,56,2.800000,0.145716,0.143824,0.166201,-0.123091,-0.121470,-0.125182,0.999978,-0.004666,0.004729,-0.000092,0.010277,-0.010383,0.000132,0.267054,-0.013427,0.013376,-0.000112
18,234.198657,57,2.850000,0.139561,0.137750,0.159942,-0.118413,-0.116856,-0.121181,0.999980,-0.004409,0.004470,-0.000089,0.009606,-0.009714,0.000129,0.266970,-0.014169,0.014172,-0.000108
18,234.198657,58,2.900000,0.133641,0.131907,0.153883,-0.113993,-0.112496,-0.117332,0.999982,-0.004169,0.004227,-0.000086,0.008897,-0.009005,0.000126,0.266889,-0.014319,0.014368,-0.000105
18,234.198657,59,2.950000,0.127941,0.126283,0.148017,-0.109815,-0.108375,-0.113629,0.999984,-0.003947,0.004002,-0.000083,0.008181,-0.008287,0.000123,0.266810,-0.013953,0.014033,-0.000101
18,234.198657,60,3.000000,0.122450,0.120864,0.142335,-0.105860,-0.104476,-0.110068,0.999986,-0.003742,0.003794,-0.000079,0.007484,-0.007585,0.000120,0.266734,-0.013138,0.013236,-0.000098
18,234.198657,61,3.050000,0.117157,0.115640,0.136832,-0.102112,-0.100779,-0.106644,0.999987,-0.003555,0.003605,-0.000076,0.006827,-0.006923,0.000118,0.266660,-0.011936,0.012037,-0.000095
18,234.198657,62,3.100000,0.112052,0.110601,0.131500,-0.098551,-0.097268,-0.103354,0.999988,-0.003385,0.003432,-0.000073,0.006230,-0.006321,0.000115,0.266589,-0.010415,0.010507,-0.000092
18,234.198657,63,3.150000,0.107124,0.105738,0.126332,-0.095162,-0.093926,-0.100194,0.999989,-0.003229,0.003274,-0.000071,0.005709,-0.005796,0.000112,0.266520,-0.008661,0.008737,-0.000090
18,234.198657,64,3.200000,0.102366,0.101041,0.121322,-0.091931,-0.090739,-0.097159,0.999990,-0.003086,0.003129,-0.000068,0.005276,-0.005359,0.000110,0.266453,-0.006798,0.006854,-0.000087
18,234.198657,65,3.250000,0.097770,0.096504,0.116464,-0.088843,-0.087694,-0.094245,0.999991,-0.002954,0.002995,-0.000065,0.004936,-0.005016,0.000107,0.266389,-0.004992,0.005030,-0.000085
18,234.198657,66,3.300000,0.093327,0.092120,0.111752,-0.085888,-0.084780,-0.091450,0.999992,-0.002831,0.002869,-0.000062,0.004687,-0.004765,0.000105,0.266326,-0.003449,0.003473,-0.000083
18,234.198657,67,3.350000,0.089033,0.087881,0.107179,-0.083057,-0.081988,-0.088770,0.999993,-0.002714,0.002750,-0.000060,0.004514,-0.004591,0.000102,0.266265,-0.002393,0.002412,-0.000081
18,234.198657,68,3.400000,0.084880,0.083781,0.102741,-0.080345,-0.079312,-0.086200,0.999993,-0.002601,0.002636,-0.000057,0.004395,-0.004470,0.000100,0.266206,-0.002027,0.002054,-0.000080
18,234.198657,69,3.450000,0.080863,0.079816,0.098431,-0.077746,-0.076748,-0.083739,0.999994,-0.002491,0.002524,-0.000055,0.004293,-0.004368,0.000098,0.266149,-0.002482,0.002528,-0.000078
18,234.198657,70,3.500000,0.076976,0.075978,0.094244,-0.075258,-0.074293,-0.081383,0.999994,-0.002384,0.002415,-0.000052,0.004169,-0.004241,0.000096,0.266094,-0.003753,0.003831,-0.000077
18,234.198657,71,3.550000,0.073213,0.072264,0.090175,-0.072878,-0.071944,-0.079128,0.999995,-0.002279,0.002309,-0.000050,0.003982,-0.004050,0.000093,0.266040,-0.005645,0.005762,-0.000076
18,234.198657,72,3.600000,0.069569,0.068666,0.086218,-0.070604,-0.069698,-0.076973,0.999995,-0.002180,0.002207,-0.000048,0.003700,-0.003762,0.000091,0.265987,-0.007732,0.007887,-0.000075
18,234.198657,73,3.650000,0.066039,0.065182,0.082370,-0.068429,-0.067551,-0.074914,0.999996,-0.002087,0.002113,-0.000045,0.003313,-0.003367,0.000089,0.265936,-0.009355,0.009539,-0.000074
18,234.198657,74,3.700000,0.062617,0.061804,0.078624,-0.066347,-0.065495,-0.072949,0.999996,-0.002004,0.002029,-0.000043,0.002845,-0.002890,0.000087,0.265886,-0.009677,0.009869,-0.000073
18,234.198657,75,3.750000,0.059300,0.058529,0.074977,-0.064349,-0.063521,-0.071075,0.999996,-0.001933,0.001957,-0.000041,0.002361,-0.002397,0.000085,0.265838,-0.007801,0.007969,-0.000072
18,234.198657,76,3.800000,0.056082,0.055353,0.071423,-0.062422,-0.061618,-0.069290,0.999996,-0.001874,0.001897,-0.000039,0.001971,-0.001998,0.000083,0.265791,-0.002963,0.003063,-0.000070
18,234.198657,77,3.850000,0.052961,0.052272,0.067958,-0.060555,-0.059773,-0.067591,0.999997,-0.001825,0.001847,-0.000037,0.001823,-0.001845,0.000081,0.265745,0.005222,-0.005234,-0.000069
18,234.198657,78,3.900000,0.049933,0.049284,0.064579,-0.058737,-0.057977,-0.065978,0.999997,-0.001779,0.001801,-0.000035,0.002084,-0.002107,0.000079,0.265700,0.016467,-0.016633,-0.000067
18,234.198657,79,3.950000,0.046997,0.046385,0.061280,-0.056965,-0.056226,-0.064447,0.999997,-0.001727,0.001748,-0.000033,0.002908,-0.002939,0.000077,0.265656,0.029549,-0.029893,-0.000064
18,234.198657,80,4.000000,0.044148,0.043574,0.058058,-0.055245,-0.054526,-0.062997,0.999997,-0.001655,0.001675,-0.000031,0.004385,-0.004433,0.000075,0.265613,0.042117,-0.042632,-0.000061
18,234.198657,81,4.050000,0.041386,0.040847,0.054908,-0.053597,-0.052899,-0.061626,0.999998,-0.001545,0.001564,-0.000029,0.006491,-0.006565,0.000074,0.265572,0.050673,-0.051307,-0.000057
18,234.198657,82,4.100000,0.038706,0.038202,0.051826,-0.052059,-0.051379,-0.060331,0.999998,-0.001383,0.001400,-0.000027,0.009025,-0.009130,0.000072,0.265531,0.050811,-0.051451,-0.000053
18,234.198657,83,4.150000,0.036103,0.035633,0.048810,-0.050682,-0.050019,-0.059111,0.999999,-0.001157,0.001172,-0.000025,0.011565,-0.011703,0.000070,0.265491,0.037781,-0.038255,-0.000048
18,234.198657,84,4.200000,0.033569,0.033132,0.045854,-0.049530,-0.048881,-0.057963,0.999999,-0.000868,0.000879,-0.000023,0.013454,-0.013615,0.000069,0.265452,0.007446,-0.007530,-0.000042
18,234.198657,85,4.250000,0.031093,0.030688,0.042956,-0.048666,-0.048028,-0.056888,1.000000,-0.000532,0.000539,-0.000022,0.013827,-0.013992,0.000068,0.265413,-0.042408,0.042965,-0.000036
18,234.198657,86,4.300000,0.028659,0.028287,0.040112,-0.048137,-0.047506,-0.055883,1.000000,-0.000186,0.000189,-0.000020,0.011706,-0.011844,0.000067,0.265374,-0.110502,0.111934,-0.000030
18,234.198657,87,4.350000,0.026253,0.025912,0.037318,-0.047951,-0.047323,-0.054950,1.000000,0.000107,-0.000107,-0.000018,0.006181,-0.006247,0.000066,0.265336,-0.190469,0.192922,-0.000024
18,234.198657,88,4.400000,0.023855,0.023546,0.034570,-0.048057,-0.047428,-0.054087,1.000000,0.000261,-0.000264,-0.000017,-0.003342,0.003399,0.000065,0.265300,-0.269591,0.273043,-0.000019
18,234.198657,89,4.450000,0.021452,0.021174,0.031866,-0.048316,-0.047684,-0.053292,1.000000,0.000178,-0.000179,-0.000015,-0.016822,0.017051,0.000065,0.265268,-0.328376,0.332556,-0.000015
18,234.198657,90,4.500000,0.019036,0.018790,0.029201,-0.048491,-0.047859,-0.052555,1.000000,-0.000243,0.000248,-0.000013,-0.033241,0.033679,0.000064,0.265239,-0.341636,0.345946,-0.000015
18,234.198657,91,4.550000,0.016612,0.016397,0.026573,-0.048248,-0.047620,-0.051872,0.999999,-0.001074,0.001090,-0.000012,-0.050323,0.050976,0.000064,0.265210,-0.281780,0.285279,-0.000020
18,234.198657,92,4.600000,0.014200,0.014016,0.023980,-0.047177,-0.046565,-0.051244,0.999994,-0.002332,0.002364,-0.000010,-0.064412,0.065240,0.000063,0.265172,-0.125129,0.126588,-0.000033
18,234.198657,93,4.650000,0.011841,0.011688,0.021418,-0.044855,-0.044275,-0.050695,0.999984,-0.003942,0.003995,-0.000009,-0.070668,0.071569,0.000062,0.265116,0.138121,-0.140037,-0.000057
18,234.198657,94,4.700000,0.009598,0.009474,0.018883,-0.040932,-0.040404,-0.050269,0.999967,-0.005709,0.005784,-0.000007,-0.063762,0.064567,0.000061,0.265044,0.489613,-0.495983,-0.000095
18,234.198657,95,4.750000,0.007551,0.007454,0.016369,-0.035254,-0.034801,-0.050012,0.999946,-0.007303,0.007398,-0.000006,-0.039282,0.039768,0.000058,0.264983,0.862992,-0.874045,-0.000154
18,234.198657,96,4.800000,0.005789,0.005714,0.013869,-0.027994,-0.027634,-0.049908,0.999930,-0.008285,0.008393,-0.000004,0.003868,-0.003934,0.000054,0.264991,1.116990,-1.131164,-0.000240
18,234.198657,97,4.850000,0.004389,0.004332,0.011373,-0.019757,-0.019503,-0.049821,0.999932,-0.008188,0.008294,-0.000003,0.059717,-0.060493,0.000047,0.265125,1.000021,-1.012598,-0.000361
18,234.198657,98,4.900000,0.003401,0.003357,0.008882,-0.011613,-0.011464,-0.049482,0.999955,-0.006695,0.006782,-0.000002,0.109718,-0.111122,0.000037,0.264650,0.107067,-0.108257,-0.000531
18,234.198657,99,4.950000,0.002820,0.002784,0.006408,-0.004966,-0.004902,-0.049978,0.999984,-0.003952,0.004004,-0.000001,0.115072,-0.116535,0.000022,0.291888,-2.301122,2.330370,-0.000763
18,234.198657,100,5.000000,0.002572,0.002539,0.003909,-0.000637,-0.000629,0.000021,0.999999,-0.001076,0.001091,-0.000000,0.000016,-0.000016,-0.000000,0,0,0,0
19,231.841518,0,0.000000,1.011248,0.999042,0.981458,-0.013710,-0.010796,0.000636,0.999993,0.002501,-0.002667,0.000002,0.000000,0.000000,0.000000,0.237876,33.583164,-33.054682,-0.262424
19,231.841518,1,0.050000,1.010562,0.998502,0.981490,-0.016060,-0.012999,-0.049364,0.999993,0.002501,-0.002667,0.000002,1.679158,-1.652734,-0.007459,0.237876,-24.088146,23.206198,0.112670
19,231.841518,2,0.100000,1.009759,0.997852,0.979022,-0.018410,-0.015202,-0.099364,0.998048,0.044403,-0.043909,-0.000176,0.474283,-0.492900,-0.004257,0.239740,-9.501270,9.876346,0.073769
19,231.841518,3,0.150000,1.008839,0.997092,0.974053,-0.057329,-0.054544,-0.149364,0.996835,0.056231,-0.056196,-0.000308,-0.000860,0.000841,-0.002160,0.240915,0.034006,-0.033261,0.043018
19,231.841518,4,0.200000,1.005973,0.994365,0.966585,-0.107328,-0.104544,-0.199364,0.996837,0.056213,-0.056172,-0.000362,0.000840,-0.000822,-0.000937,0.240913,-0.017315,0.016992,0.028016
19,231.841518,5,0.250000,1.000606,0.989138,0.956617,-0.157309,-0.154524,-0.249364,0.996835,0.056235,-0.056192,-0.000386,-0.000026,0.000028,-0.000141,0.240915,0.000686,-0.000801,0.019180
19,231.841518,6,0.300000,0.992741,0.981412,0.944149,-0.207308,-0.204523,-0.299364,0.996835,0.056235,-0.056191,-0.000389,0.000009,-0.000012,0.000404,0.240915,-0.007017,0.006214,0.012063
19,231.841518,7,0.350000,0.982375,0.971185,0.929181,-0.257306,-0.254522,-0.349364,0.996835,0.056234,-0.056192,-0.000379,-0.000342,0.000298,0.000747,0.240915,-0.062082,0.054522,0.006767
19,231.841518,8,0.400000,0.969510,0.958459,0.911712,-0.307305,-0.304521,-0.399363,0.996836,0.056225,-0.056185,-0.000361,-0.003446,0.003024,0.000940,0.240915,-0.590798,0.589000,0.002955
19,231.841518,9,0.450000,0.954145,0.943233,0.891744,-0.357297,-0.354512,-0.449363,0.996845,0.056137,-0.056111,-0.000338,-0.032986,0.032474,0.001024,0.240906,-2.435970,2.461379,0.000306
19,231.841518,10,0.500000,0.936280,0.925508,0.869276,-0.407221,-0.404425,-0.499362,0.996936,0.055314,-0.055303,-0.000313,-0.154786,0.155542,0.001032,0.240818,-2.262115,2.160248,-0.001510
19,231.841518,11,0.550000,0.915919,0.905286,0.844308,-0.456411,-0.453594,-0.549360,0.997350,0.051455,-0.051426,-0.000286,-0.267898,0.263548,0.000989,0.263130,-0.935104,0.732076,-0.003358
19,231.841518,12,0.600000,0.893098,0.882607,0.816840,-0.506410,-0.503593,-0.557740,0.997990,0.044774,-0.044852,-0.000267,-0.314663,0.300142,0.000894,0.294233,-2.365687,2.404878,-0.004779
19,231.841518,13,0.650000,0.867778,0.857427,0.788953,-0.555202,-0.552275,-0.507741,0.998619,0.036922,-0.037360,-0.000261,-0.432957,0.420375,0.000758,0.239191,-1.610892,1.749483,-0.004439
19,231.841518,14,0.700000,0.840018,0.829813,0.763566,-0.588261,-0.584930,-0.557739,0.999298,0.026112,-0.026860,-0.000259,-0.513514,0.507837,0.000632,0.292691,-0.194141,0.330289,-0.003460
19,231.841518,15,0.750000,0.810605,0.800567,0.735679,-0.617366,-0.613210,-0.507740,0.999811,0.013284,-0.014168,-0.000256,-0.523233,0.524339,0.000534,0.258488,1.132198,-1.032414,-0.002546
19,231.841518,16,0.800000,0.779736,0.769906,0.710292,-0.630930,-0.625922,-0.519920,0.999999,0.000209,-0.001058,-0.000254,-0.466634,0.472708,0.000461,0.291870,1.888587,-1.831732,-0.001919
19,231.841518,17,0.850000,0.748190,0.738610,0.684296,-0.632074,-0.626148,-0.469922,0.999876,-0.011452,0.010761,-0.000252,-0.372213,0.381113,0.000407,0.260242,2.307887,-2.288863,-0.001513
19,231.841518,18,0.900000,0.716586,0.707303,0.660800,-0.621701,-0.615114,-0.478730,0.999579,-0.020752,0.020288,-0.000251,-0.256825,0.266664,0.000364,0.292362,2.300762,-2.310939,-0.001257
19,231.841518,19,0.950000,0.685501,0.676547,0.636863,-0.599736,-0.592658,-0.428731,0.999267,-0.027167,0.026953,-0.000250,-0.141790,0.151114,0.000328,0.257192,2.090401,-2.123223,-0.001074
19,231.841518,20,1.000000,0.655514,0.646914,0.615427,-0.574074,-0.566805,-0.444344,0.999056,-0.030707,0.030728,-0.000249,-0.037272,0.044951,0.000297,0.292968,1.664238,-1.711827,-0.000918
19,231.841518,21,1.050000,0.626811,0.618574,0.593210,-0.540755,-0.533525,-0.394358,0.998992,-0.031638,0.031851,-0.000247,0.045939,-0.040641,0.000271,0.263422,1.108934,-1.161873,-0.000763
19,231.841518,22,1.100000,0.599773,0.591898,0.573492,-0.509703,-0.502697,-0.399006,0.999059,-0.030491,0.030836,-0.000245,0.101386,-0.098734,0.000250,0.272691,0.535908,-0.582974,-0.000604
19,231.841518,23,1.150000,0.574288,0.566763,0.553542,-0.478581,-0.471939,-0.386422,0.999206,-0.027958,0.028370,-0.000242,0.128183,-0.127882,0.000233,0.272308,0.054126,-0.087730,-0.000454
19,231.841518,24,1.200000,0.550359,0.543166,0.534220,-0.449985,-0.443771,-0.374248,0.999376,-0.024757,0.025174,-0.000237,0.130890,-0.132267,0.000220,0.272168,-0.273458,0.255499,-0.000326
19,231.841518,25,1.250000,0.527859,0.520977,0.515508,-0.424619,-0.418837,-0.361990,0.999530,-0.021487,0.021869,-0.000232,0.117218,-0.119491,0.000210,0.271997,-0.439807,0.435545,-0.000227
19,231.841518,26,1.300000,0.506628,0.500036,0.497409,-0.402593,-0.397206,-0.349739,0.999649,-0.018558,0.018882,-0.000227,0.095229,-0.097713,0.000204,0.271770,-0.474246,0.479677,-0.000153
19,231.841518,27,1.350000,0.486499,0.480175,0.479922,-0.383590,-0.378537,-0.337667,0.999734,-0.016179,0.016440,-0.000222,0.071517,-0.073728,0.000200,0.271500,-0.420974,0.431706,-0.000100
19,231.841518,28,1.400000,0.467319,0.461248,0.463038,-0.367059,-0.362277,-0.325924,0.999790,-0.014392,0.014597,-0.000216,0.050469,-0.052143,0.000197,0.271219,-0.323579,0.335847,-0.000064
19,231.841518,29,1.450000,0.448966,0.443134,0.446742,-0.352397,-0.347826,-0.314588,0.999825,-0.013130,0.013293,-0.000211,0.034291,-0.035350,0.000195,0.270951,-0.216651,0.227769,-0.000039
19,231.841518,30,1.500000,0.431347,0.425743,0.431013,-0.339056,-0.334655,-0.303678,0.999848,-0.012273,0.012409,-0.000206,0.023458,-0.023961,0.000194,0.270703,-0.122864,0.131294,-0.000025
19,231.841518,31,1.550000,0.414394,0.409010,0.415829,-0.326614,-0.322354,-0.293182,0.999862,-0.011687,0.011810,-0.000201,0.017315,-0.017396,0.000193,0.270476,-0.053577,0.058772,-0.000017
19,231.841518,32,1.600000,0.398063,0.392893,0.401170,-0.314782,-0.310650,-0.283077,0.999872,-0.011254,0.011376,-0.000196,0.014637,-0.014457,0.000193,0.270265,-0.011255,0.013396,-0.000015
19,231.841518,33,1.650000,0.382324,0.377360,0.387016,-0.303395,-0.299389,-0.273342,0.999880,-0.010888,0.011014,-0.000191,0.014074,-0.013788,0.000192,0.270067,0.007501,-0.007789,-0.000017
19,231.841518,34,1.700000,0.367154,0.362391,0.373349,-0.292377,-0.288501,-0.263958,0.999888,-0.010537,0.010669,-0.000187,0.014449,-0.014177,0.000192,0.269876,0.009098,-0.010999,-0.000021
19,231.841518,35,1.750000,0.352535,0.347966,0.360151,-0.281712,-0.277972,-0.254912,0.999895,-0.010175,0.010315,-0.000182,0.014904,-0.014727,0.000191,0.269693,0.000683,-0.003377,-0.000028
19,231.841518,36,1.800000,0.338450,0.334067,0.347405,-0.271408,-0.267812,-0.246190,0.999902,-0.009803,0.009947,-0.000177,0.014938,-0.014896,0.000190,0.269516,-0.011397,0.008598,-0.000036
19,231.841518,37,1.850000,0.324879,0.320677,0.335096,-0.261478,-0.258029,-0.237782,0.999910,-0.009429,0.009575,-0.000173,0.014369,-0.014466,0.000189,0.269344,-0.022419,0.020012,-0.000045
19,231.841518,38,1.900000,0.311805,0.307775,0.323206,-0.251926,-0.248625,-0.229677,0.999916,-0.009070,0.009213,-0.000168,0.013248,-0.013465,0.000188,0.269179,-0.029547,0.027821,-0.000054
19,231.841518,39,1.950000,0.299209,0.295344,0.311723,-0.242740,-0.239585,-0.221863,0.999922,-0.008739,0.008876,-0.000163,0.011771,-0.012074,0.000186,0.269021,-0.031679,0.030733,-0.000065
19,231.841518,40,2.000000,0.287072,0.283365,0.300629,-0.233895,-0.230879,-0.214332,0.999928,-0.008445,0.008574,-0.000159,0.010187,-0.010537,0.000185,0.268868,-0.029065,0.028853,-0.000075
19,231.841518,41,2.050000,0.275377,0.271821,0.289913,-0.225356,-0.222472,-0.207072,0.999932,-0.008190,0.008311,-0.000154,0.008734,-0.009094,0.000182,0.268722,-0.022827,0.023206,-0.000085
19,231.841518,42,2.100000,0.264110,0.260697,0.279559,-0.217084,-0.214322,-0.200074,0.999936,-0.007972,0.008084,-0.000149,0.007592,-0.007934,0.000180,0.268581,-0.014495,0.015274,-0.000095
19,231.841518,43,2.150000,0.253255,0.249981,0.269556,-0.209042,-0.206394,-0.193330,0.999939,-0.007782,0.007885,-0.000145,0.006868,-0.007170,0.000177,0.268446,-0.005624,0.006607,-0.000103
19,231.841518,44,2.200000,0.242803,0.239661,0.259889,-0.201201,-0.198658,-0.186830,0.999941,-0.007610,0.007706,-0.000140,0.006586,-0.006840,0.000174,0.268315,0.002477,-0.001464,-0.000111
19,231.841518,45,2.250000,0.232743,0.229728,0.250548,-0.193543,-0.191097,-0.180568,0.999944,-0.007446,0.007535,-0.000136,0.006710,-0.006913,0.000171,0.268188,0.008894,-0.007979,-0.000116
19,231.841518,46,2.300000,0.223066,0.220174,0.241519,-0.186057,-0.183702,-0.174534,0.999946,-0.007278,0.007362,-0.000132,0.007155,-0.007312,0.000168,0.268066,0.013145,-0.012411,-0.000121
19,231.841518,47,2.350000,0.213763,0.210988,0.232792,-0.178747,-0.176478,-0.168721,0.999949,-0.007099,0.007180,-0.000127,0.007812,-0.007932,0.000165,0.267948,0.015145,-0.014627,-0.000124
19,231.841518,48,2.400000,0.204826,0.202165,0.224356,-0.171622,-0.169434,-0.163122,0.999952,-0.006904,0.006981,-0.000123,0.008570,-0.008664,0.000161,0.267834,0.015115,-0.014809,-0.000125
19,231.841518,49,2.450000,0.196245,0.193693,0.216200,-0.164696,-0.162587,-0.157728,0.999955,-0.006690,0.006765,-0.000119,0.009326,-0.009404,0.000157,0.267724,0.013470,-0.013344,-0.000125
19,231.841518,50,2.500000,0.188010,0.185563,0.208314,-0.157987,-0.155955,-0.152532,0.999958,-0.006456,0.006530,-0.000115,0.009999,-0.010071,0.000154,0.267618,0.010707,-0.010716,-0.000125
19,231.841518,51,2.550000,0.180111,0.177766,0.200687,-0.151515,-0.149556,-0.147526,0.999961,-0.006206,0.006278,-0.000112,0.010535,-0.010607,0.000150,0.267516,0.007319,-0.007410,-0.000123
19,231.841518,52,2.600000,0.172535,0.170288,0.193311,-0.145294,-0.143408,-0.142704,0.999964,-0.005943,0.006013,-0.000108,0.010900,-0.010977,0.000147,0.267417,0.003723,-0.003851,-0.000121
19,231.841518,53,2.650000,0.165270,0.163118,0.186176,-0.139339,-0.137522,-0.138059,0.999967,-0.005671,0.005738,-0.000104,0.011087,-0.011170,0.000143,0.267321,0.000237,-0.000362,-0.000118
19,231.841518,54,2.700000,0.158303,0.156241,0.179273,-0.133657,-0.131909,-0.133584,0.999971,-0.005393,0.005459,-0.000101,0.011099,-0.011188,0.000140,0.267229,-0.002934,0.002839,-0.000115
19,231.841518,55,2.750000,0.151620,0.149646,0.172594,-0.128254,-0.126571,-0.129274,0.999973,-0.005116,0.005179,-0.000097,0.010952,-0.011046,0.000137,0.267139,-0.005683,0.005630,-0.000112
19,231.841518,56,2.800000,0.145208,0.143317,0.166130,-0.123129,-0.121510,-0.125124,0.999976,-0.004842,0.004903,-0.000094,0.010668,-0.010764,0.000134,0.267053,-0.007967,0.007961,-0.000108
19,231.841518,57,2.850000,0.139051,0.137242,0.159874,-0.118279,-0.116721,-0.121129,0.999979,-0.004576,0.004634,-0.000090,0.010270,-0.010366,0.000131,0.266969,-0.009789,0.009824,-0.000105
19,231.841518,58,2.900000,0.133137,0.131406,0.153817,-0.113696,-0.112198,-0.117284,0.999981,-0.004319,0.004375,-0.000087,0.009780,-0.009875,0.000128,0.266888,-0.011159,0.011225,-0.000101
19,231.841518,59,2.950000,0.127452,0.125796,0.147953,-0.109372,-0.107929,-0.113584,0.999983,-0.004074,0.004128,-0.000084,0.009222,-0.009314,0.000125,0.266810,-0.012086,0.012170,-0.000098
19,231.841518,60,3.000000,0.121984,0.120399,0.142274,-0.105292,-0.103903,-0.110025,0.999985,-0.003844,0.003895,-0.000081,0.008618,-0.008705,0.000122,0.266734,-0.012567,0.012655,-0.000095
19,231.841518,61,3.050000,0.116719,0.115204,0.136773,-0.101444,-0.100106,-0.106604,0.999987,-0.003628,0.003678,-0.000078,0.007990,-0.008072,0.000119,0.266660,-0.012594,0.012674,-0.000092
19,231.841518,62,3.100000,0.111647,0.110199,0.131443,-0.097811,-0.096523,-0.103315,0.999988,-0.003429,0.003476,-0.000075,0.007360,-0.007438,0.000117,0.266589,-0.012167,0.012231,-0.000089
19,231.841518,63,3.150000,0.106757,0.105373,0.126277,-0.094379,-0.093138,-0.100156,0.999989,-0.003245,0.003290,-0.000072,0.006752,-0.006827,0.000114,0.266520,-0.011315,0.011358,-0.000087
19,231.841518,64,3.200000,0.102038,0.100716,0.121269,-0.091132,-0.089936,-0.097121,0.999990,-0.003076,0.003119,-0.000069,0.006186,-0.006259,0.000112,0.266453,-0.010117,0.010136,-0.000084
19,231.841518,65,3.250000,0.097481,0.096219,0.116413,-0.088053,-0.086900,-0.094209,0.999991,-0.002921,0.002963,-0.000066,0.005680,-0.005752,0.000109,0.266388,-0.008707,0.008706,-0.000083
19,231.841518,66,3.300000,0.093078,0.091874,0.111702,-0.085130,-0.084019,-0.091414,0.999992,-0.002779,0.002819,-0.000063,0.005245,-0.005317,0.000107,0.266326,-0.007278,0.007263,-0.000081
19,231.841518,67,3.350000,0.088822,0.087673,0.107132,-0.082349,-0.081277,-0.088734,0.999993,-0.002648,0.002686,-0.000061,0.004881,-0.004954,0.000105,0.266265,-0.006065,0.006045,-0.000079
19,231.841518,68,3.400000,0.084704,0.083609,0.102695,-0.079701,-0.078666,-0.086165,0.999994,-0.002526,0.002562,-0.000058,0.004578,-0.004651,0.000102,0.266206,-0.005301,0.005289,-0.000078
19,231.841518,69,3.450000,0.080719,0.079676,0.098387,-0.077174,-0.076176,-0.083705,0.999994,-0.002412,0.002446,-0.000056,0.004313,-0.004387,0.000100,0.266149,-0.005171,0.005180,-0.000077
19,231.841518,70,3.500000,0.076861,0.075867,0.094202,-0.074763,-0.073799,-0.081349,0.999995,-0.002304,0.002336,-0.000053,0.004054,-0.004128,0.000098,0.266093,-0.005744,0.005785,-0.000076
19,231.841518,71,3.550000,0.073122,0.072177,0.090134,-0.072461,-0.071528,-0.079094,0.999995,-0.002202,0.002233,-0.000051,0.003767,-0.003839,0.000096,0.266039,-0.006910,0.006991,-0.000076
19,231.841518,72,3.600000,0.069499,0.068601,0.086179,-0.070260,-0.069358,-0.076940,0.999995,-0.002108,0.002137,-0.000048,0.003422,-0.003489,0.000094,0.265986,-0.008333,0.008456,-0.000075
19,231.841518,73,3.650000,0.065986,0.065133,0.082332,-0.068155,-0.067282,-0.074881,0.999996,-0.002023,0.002050,-0.000046,0.003005,-0.003066,0.000091,0.265935,-0.009438,0.009596,-0.000075
19,231.841518,74,3.700000,0.062579,0.061769,0.078588,-0.066136,-0.065289,-0.072916,0.999996,-0.001948,0.001973,-0.000044,0.002533,-0.002586,0.000089,0.265886,-0.009449,0.009623,-0.000074
19,231.841518,75,3.750000,0.059272,0.058504,0.074943,-0.064193,-0.063372,-0.071043,0.999996,-0.001884,0.001908,-0.000041,0.002061,-0.002105,0.000087,0.265837,-0.007497,0.007657,-0.000073
19,231.841518,76,3.800000,0.056062,0.055336,0.071390,-0.062314,-0.061516,-0.069258,0.999997,-0.001833,0.001856,-0.000039,0.001686,-0.001722,0.000085,0.265790,-0.002799,0.002904,-0.000072
19,231.841518,77,3.850000,0.052946,0.052260,0.067928,-0.060487,-0.059712,-0.067561,0.999997,-0.001791,0.001813,-0.000037,0.001546,-0.001577,0.000083,0.265744,0.005098,-0.005093,-0.000071
19,231.841518,78,3.900000,0.049922,0.049274,0.064549,-0.058703,-0.057950,-0.065948,0.999997,-0.001752,0.001773,-0.000035,0.001801,-0.001832,0.000081,0.265700,0.016020,-0.016158,-0.000070
19,231.841518,79,3.950000,0.046987,0.046377,0.061252,-0.056958,-0.056226,-0.064417,0.999997,-0.001707,0.001728,-0.000033,0.002602,-0.002640,0.000079,0.265656,0.028890,-0.029198,-0.000068
19,231.841518,80,4.000000,0.044139,0.043566,0.058031,-0.055258,-0.054547,-0.062968,0.999997,-0.001642,0.001662,-0.000031,0.004046,-0.004100,0.000077,0.265613,0.041507,-0.041982,-0.000065
19,231.841518,81,4.050000,0.041376,0.040838,0.054883,-0.053623,-0.052932,-0.061597,0.999998,-0.001541,0.001559,-0.000029,0.006122,-0.006199,0.000075,0.265571,0.050494,-0.051090,-0.000062
19,231.841518,82,4.100000,0.038695,0.038192,0.051803,-0.052090,-0.051416,-0.060303,0.999998,-0.001388,0.001404,-0.000027,0.008646,-0.008753,0.000074,0.265531,0.051490,-0.052103,-0.000058
19,231.841518,83,4.150000,0.036091,0.035621,0.048788,-0.050709,-0.050051,-0.059084,0.999999,-0.001172,0.001185,-0.000025,0.011221,-0.011358,0.000072,0.265491,0.039687,-0.040151,-0.000054
19,231.841518,84,4.200000,0.033555,0.033118,0.045834,-0.049543,-0.048900,-0.057937,0.999999,-0.000891,0.000901,-0.000024,0.013205,-0.013366,0.000070,0.265451,0.010752,-0.010845,-0.000048
19,231.841518,85,4.250000,0.031078,0.030673,0.042937,-0.048657,-0.048024,-0.056862,1.000000,-0.000561,0.000567,-0.000022,0.013743,-0.013908,0.000069,0.265412,-0.037859,0.038390,-0.000042
19,231.841518,86,4.300000,0.028645,0.028272,0.040094,-0.048100,-0.047472,-0.055858,1.000000,-0.000217,0.000219,-0.000020,0.011850,-0.011988,0.000068,0.265374,-0.105293,0.106687,-0.000036
19,231.841518,87,4.350000,0.026240,0.025899,0.037301,-0.047884,-0.047259,-0.054926,1.000000,0.000079,-0.000080,-0.000018,0.006585,-0.006654,0.000067,0.265336,-0.185625,0.188043,-0.000030
19,231.841518,88,4.400000,0.023846,0.023536,0.034555,-0.047963,-0.047336,-0.054064,1.000000,0.000244,-0.000247,-0.000017,-0.002696,0.002748,0.000066,0.265300,-0.266472,0.269910,-0.000025
19,231.841518,89,4.450000,0.021448,0.021169,0.031851,-0.048205,-0.047576,-0.053268,1.000000,0.000176,-0.000178,-0.000015,-0.016019,0.016244,0.000065,0.265267,-0.328415,0.332618,-0.000021
19,231.841518,90,4.500000,0.019037,0.018790,0.029188,-0.048380,-0.047749,-0.052532,1.000000,-0.000224,0.000228,-0.000013,-0.032440,0.032874,0.000065,0.265239,-0.345909,0.350295,-0.000020
19,231.841518,91,4.550000,0.016618,0.016403,0.026561,-0.048156,-0.047528,-0.051849,0.999999,-0.001035,0.001050,-0.000012,-0.049736,0.050389,0.000064,0.265211,-0.290465,0.294093,-0.000024
19,231.841518,92,4.600000,0.014211,0.014026,0.023969,-0.047124,-0.046511,-0.051220,0.999995,-0.002279,0.002310,-0.000010,-0.064259,0.065094,0.000063,0.265173,-0.136944,0.138566,-0.000036
19,231.841518,93,4.650000,0.011854,0.011701,0.021408,-0.044856,-0.044273,-0.050668,0.999985,-0.003885,0.003937,-0.000009,-0.071107,0.072022,0.000062,0.265118,0.126306,-0.128065,-0.000058
19,231.841518,94,4.700000,0.009612,0.009487,0.018875,-0.040990,-0.040459,-0.050239,0.999968,-0.005663,0.005738,-0.000007,-0.064791,0.065618,0.000061,0.265045,0.482683,-0.488969,-0.000095
19,231.841518,95,4.750000,0.007562,0.007464,0.016363,-0.035358,-0.034900,-0.049979,0.999946,-0.007282,0.007378,-0.000006,-0.040657,0.041170,0.000058,0.264982,0.866581,-0.877695,-0.000153
19,231.841518,96,4.800000,0.005794,0.005719,0.013864,-0.028117,-0.027753,-0.049876,0.999930,-0.008299,0.008407,-0.000004,0.002672,-0.002715,0.000054,0.264986,1.134871,-1.149300,-0.000238
19,231.841518,97,4.850000,0.004388,0.004331,0.011370,-0.019867,-0.019609,-0.049798,0.999931,-0.008232,0.008339,-0.000003,0.059415,-0.060180,0.000047,0.265121,1.028929,-1.041910,-0.000359
19,231.841518,98,4.900000,0.003395,0.003351,0.008880,-0.011679,-0.011527,-0.049468,0.999954,-0.006747,0.006835,-0.000002,0.110862,-0.112276,0.000037,0.264643,0.127657,-0.129154,-0.000530
19,231.841518,99,4.950000,0.002811,0.002775,0.006407,-0.004980,-0.004914,-0.049978,0.999984,-0.003975,0.004028,-0.000001,0.117245,-0.118733,0.000022,0.291888,-2.344461,2.374208,-0.000766
19,231.841518,100,5.000000,0.002562,0.002529,0.003908,-0.000625,-0.000617,0.000021,0.999999,-0.001044,0.001060,-0.000000,0.000022,-0.000023,-0.000000,0,0,0,0
20,258.497743,0,0.000000,1.011248,0.999042,0.981458,-0.013710,-0.010796,0.000636,0.999993,0.002501,-0.002667,0.000002,0.000000,0.000000,0.000000,0.237876,34.015718,-33.497140,-0.259870
20,258.497743,1,0.050000,1.010562,0.998502,0.981490,-0.016060,-0.012999,-0.049364,0.999993,0.002501,-0.002667,0.000002,1.700786,-1.674857,-0.007387,0.237876,-24.951857,24.089231,0.113784
20,258.497743,2,0.100000,1.009759,0.997852,0.979022,-0.018410,-0.015202,-0.099364,0.998000,0.044941,-0.044459,-0.000174,0.452724,-0.470872,-0.004152,0.239787,-9.067798,9.433025,0.074012
20,258.497743,3,0.150000,1.008839,0.997092,0.974053,-0.057822,-0.055027,-0.149364,0.996835,0.056231,-0.056197,-0.000303,-0.000741,0.000708,-0.002049,0.240915,0.029506,-0.028194,0.042733
20,258.497743,4,0.200000,1.005948,0.994341,0.966585,-0.107822,-0.105027,-0.199364,0.996837,0.056216,-0.056176,-0.000354,0.000735,-0.000702,-0.000834,0.240913,-0.015082,0.014423,0.027448
20,258.497743,5,0.250000,1.000557,0.989090,0.956617,-0.157805,-0.155010,-0.249364,0.996835,0.056235,-0.056193,-0.000375,-0.000019,0.000019,-0.000054,0.240915,0.000658,-0.000639,0.018489
20,258.497743,6,0.300000,0.992667,0.981339,0.944149,-0.207805,-0.205009,-0.299364,0.996835,0.056235,-0.056192,-0.000377,0.000014,-0.000013,0.000472,0.240915,-0.003060,0.002125,0.011358
20,258.497743,7,0.350000,0.982276,0.971089,0.929181,-0.257804,-0.255009,-0.349364,0.996835,0.056234,-0.056193,-0.000365,-0.000139,0.000093,0.000795,0.240915,-0.085377,0.077382,0.006113
20,258.497743,8,0.400000,0.969386,0.958338,0.911712,-0.307804,-0.305008,-0.399364,0.996835,0.056230,-0.056192,-0.000345,-0.004408,0.003962,0.000968,0.240915,-0.595190,0.593145,0.002392
20,258.497743,9,0.450000,0.953996,0.943088,0.891744,-0.357801,-0.355005,-0.449363,0.996847,0.056119,-0.056095,-0.000322,-0.034168,0.033620,0.001036,0.240904,-2.447585,2.474953,-0.000149
20,258.497743,10,0.500000,0.936106,0.925338,0.869276,-0.407709,-0.404902,-0.499362,0.996941,0.055266,-0.055258,-0.000296,-0.156548,0.157366,0.001032,0.240813,-2.251266,2.149609,-0.001851
20,258.497743,11,0.550000,0.915720,0.905092,0.844308,-0.456858,-0.454028,-0.549361,0.997360,0.051363,-0.051335,-0.000270,-0.269118,0.264840,0.000980,0.263597,-0.899006,0.690226,-0.003613
20,258.497743,12,0.600000,0.892877,0.882391,0.816840,-0.506857,-0.504027,-0.556866,0.998001,0.044651,-0.044729,-0.000250,-0.314078,0.299341,0.000877,0.294220,-2.402048,2.443420,-0.004967
20,258.497743,13,0.650000,0.867535,0.857190,0.788997,-0.555513,-0.552574,-0.506867,0.998627,0.036814,-0.037257,-0.000246,-0.434190,0.421502,0.000736,0.239183,-1.640713,1.783357,-0.004525
20,258.497743,14,0.700000,0.839759,0.829561,0.763653,-0.588481,-0.585133,-0.556865,0.999305,0.025973,-0.026729,-0.000244,-0.516238,0.510658,0.000607,0.292682,-0.195934,0.334265,-0.003459
20,258.497743,15,0.750000,0.810335,0.800304,0.735810,-0.617442,-0.613262,-0.506866,0.999817,0.013076,-0.013967,-0.000242,-0.526046,0.527359,0.000509,0.258224,1.150918,-1.050842,-0.002493
20,258.497743,16,0.800000,0.779463,0.769641,0.710467,-0.630800,-0.625762,-0.519523,1.000000,-0.000069,-0.000782,-0.000240,-0.468511,0.474807,0.000438,0.291870,1.913128,-1.857132,-0.001842
20,258.497743,17,0.850000,0.747923,0.738353,0.684490,-0.631645,-0.625687,-0.469525,0.999869,-0.011778,0.011090,-0.000239,-0.372862,0.381942,0.000385,0.260090,2.336705,-2.318885,-0.001425
20,258.497743,18,0.900000,0.716341,0.707069,0.661014,-0.620961,-0.614346,-0.478628,0.999564,-0.021094,0.020637,-0.000239,-0.256032,0.265993,0.000345,0.292379,2.326723,-2.338206,-0.001163
20,258.497743,19,0.950000,0.685293,0.676351,0.637083,-0.598618,-0.591519,-0.428629,0.999250,-0.027489,0.027285,-0.000238,-0.139700,0.149079,0.000312,0.257078,2.122248,-2.156552,-0.000978
20,258.497743,20,1.000000,0.655362,0.646775,0.615651,-0.572652,-0.565372,-0.444487,0.999039,-0.030977,0.031010,-0.000238,-0.033589,0.041250,0.000284,0.292995,1.679018,-1.727911,-0.000823
20,258.497743,21,1.050000,0.626729,0.618507,0.593427,-0.539026,-0.531797,-0.394488,0.998980,-0.031815,0.032040,-0.000237,0.050361,-0.045146,0.000261,0.263417,1.110909,-1.164831,-0.000672
20,258.497743,22,1.100000,0.599778,0.591917,0.573703,-0.507791,-0.500796,-0.399167,0.999055,-0.030558,0.030913,-0.000234,0.105907,-0.103387,0.000242,0.272559,0.527863,-0.575220,-0.000521
20,258.497743,23,1.150000,0.574388,0.566877,0.553744,-0.476608,-0.469986,-0.386835,0.999209,-0.027913,0.028330,-0.000231,0.132301,-0.132147,0.000227,0.272339,0.039143,-0.072354,-0.000381
20,258.497743,24,1.200000,0.550558,0.543378,0.534402,-0.448049,-0.441860,-0.374600,0.999384,-0.024608,0.025028,-0.000227,0.134260,-0.135764,0.000216,0.272200,-0.291245,0.274132,-0.000264
20,258.497743,25,1.250000,0.528155,0.521285,0.515672,-0.422827,-0.417072,-0.362268,0.999540,-0.021254,0.021635,-0.000222,0.119698,-0.122056,0.000208,0.272024,-0.457037,0.453755,-0.000176
20,258.497743,26,1.300000,0.507014,0.500431,0.497559,-0.401035,-0.395673,-0.349946,0.999660,-0.018263,0.018584,-0.000217,0.096848,-0.099367,0.000203,0.271786,-0.489341,0.495621,-0.000114
20,258.497743,27,1.350000,0.486962,0.480648,0.480062,-0.382330,-0.377299,-0.337822,0.999745,-0.015843,0.016100,-0.000211,0.072381,-0.074586,0.000200,0.271507,-0.433778,0.445075,-0.000071
20,258.497743,28,1.400000,0.467846,0.461783,0.463171,-0.366141,-0.361375,-0.326044,0.999800,-0.014035,0.014236,-0.000206,0.050693,-0.052331,0.000198,0.271220,-0.334690,0.347195,-0.000044
20,258.497743,29,1.450000,0.449539,0.443714,0.446868,-0.351840,-0.347283,-0.314686,0.999835,-0.012768,0.012928,-0.000201,0.033959,-0.034971,0.000197,0.270948,-0.226783,0.237853,-0.000029
20,258.497743,30,1.500000,0.431947,0.426350,0.431134,-0.338867,-0.334475,-0.303762,0.999856,-0.011919,0.012053,-0.000196,0.022620,-0.023078,0.000196,0.270699,-0.132446,0.140632,-0.000022
20,258.497743,31,1.550000,0.415003,0.409626,0.415946,-0.326782,-0.322529,-0.293256,0.999870,-0.011354,0.011476,-0.000191,0.015998,-0.016046,0.000195,0.270472,-0.062593,0.067453,-0.000021
20,258.497743,32,1.600000,0.398664,0.393500,0.401283,-0.315285,-0.311159,-0.283142,0.999879,-0.010954,0.011075,-0.000186,0.012868,-0.012674,0.000195,0.270263,-0.019292,0.021100,-0.000025
20,258.497743,33,1.650000,0.382900,0.377942,0.387126,-0.304198,-0.300198,-0.273399,0.999886,-0.010632,0.010759,-0.000181,0.011904,-0.011619,0.000194,0.270065,0.001093,-0.001644,-0.000031
20,258.497743,34,1.700000,0.367690,0.362932,0.373456,-0.293436,-0.289567,-0.264008,0.999892,-0.010335,0.010468,-0.000176,0.011959,-0.011701,0.000193,0.269875,0.005005,-0.007060,-0.000039
20,258.497743,35,1.750000,0.353018,0.348453,0.360256,-0.282972,-0.279240,-0.254956,0.999898,-0.010036,0.010176,-0.000172,0.012209,-0.012054,0.000192,0.269692,-0.000556,-0.002178,-0.000049
20,258.497743,36,1.800000,0.338870,0.334491,0.347508,-0.272807,-0.269218,-0.246231,0.999904,-0.009730,0.009874,-0.000167,0.012181,-0.012162,0.000191,0.269515,-0.009513,0.006775,-0.000058
20,258.497743,37,1.850000,0.325229,0.321030,0.335196,-0.262950,-0.259508,-0.237821,0.999910,-0.009426,0.009570,-0.000162,0.011706,-0.011824,0.000189,0.269344,-0.017470,0.015197,-0.000069
20,258.497743,38,1.900000,0.312082,0.308055,0.323305,-0.253403,-0.250107,-0.229715,0.999915,-0.009133,0.009275,-0.000157,0.010832,-0.011064,0.000187,0.269180,-0.021908,0.020353,-0.000079
20,258.497743,39,1.950000,0.299412,0.295550,0.311820,-0.244155,-0.241004,-0.221903,0.999920,-0.008863,0.008998,-0.000153,0.009737,-0.010046,0.000185,0.269022,-0.021981,0.021211,-0.000090
20,258.497743,40,2.000000,0.287204,0.283499,0.300725,-0.235189,-0.232176,-0.214373,0.999925,-0.008619,0.008747,-0.000148,0.008638,-0.008985,0.000182,0.268870,-0.018101,0.018041,-0.000100
20,258.497743,41,2.050000,0.275444,0.271891,0.290006,-0.226478,-0.223594,-0.207115,0.999928,-0.008403,0.008522,-0.000143,0.007733,-0.008083,0.000180,0.268724,-0.011449,0.011938,-0.000109
20,258.497743,42,2.100000,0.264121,0.260711,0.279650,-0.217996,-0.215233,-0.200120,0.999932,-0.008210,0.008320,-0.000139,0.007160,-0.007486,0.000176,0.268584,-0.003518,0.004358,-0.000118
20,258.497743,43,2.150000,0.253221,0.249949,0.269644,-0.209718,-0.207068,-0.193379,0.999935,-0.008031,0.008133,-0.000134,0.006985,-0.007268,0.000173,0.268448,0.004253,-0.003259,-0.000125
20,258.497743,44,2.200000,0.242735,0.239596,0.259975,-0.201631,-0.199084,-0.186883,0.999938,-0.007856,0.007952,-0.000130,0.007197,-0.007431,0.000170,0.268317,0.010724,-0.009740,-0.000131
20,258.497743,45,2.250000,0.232653,0.229642,0.250631,-0.193729,-0.191279,-0.180624,0.999940,-0.007676,0.007766,-0.000126,0.007734,-0.007918,0.000166,0.268190,0.015169,-0.014314,-0.000135
20,258.497743,46,2.300000,0.222967,0.220078,0.241600,-0.186015,-0.183655,-0.174594,0.999943,-0.007483,0.007568,-0.000122,0.008492,-0.008634,0.000162,0.268068,0.017299,-0.016642,-0.000138
20,258.497743,47,2.350000,0.213666,0.210895,0.232870,-0.178501,-0.176227,-0.168784,0.999947,-0.007271,0.007352,-0.000118,0.009357,-0.009466,0.000158,0.267950,0.017201,-0.016764,-0.000139
20,258.497743,48,2.400000,0.204741,0.202084,0.224431,-0.171204,-0.169013,-0.163187,0.999950,-0.007037,0.007115,-0.000114,0.010217,-0.010304,0.000154,0.267836,0.015233,-0.015003,-0.000139
20,258.497743,49,2.450000,0.196181,0.193633,0.216272,-0.164145,-0.162034,-0.157794,0.999953,-0.006781,0.006858,-0.000110,0.010979,-0.011054,0.000150,0.267726,0.011913,-0.011852,-0.000138
20,258.497743,50,2.500000,0.187974,0.185531,0.208382,-0.157345,-0.155310,-0.152598,0.999957,-0.006507,0.006581,-0.000106,0.011575,-0.011647,0.000146,0.267620,0.007799,-0.007857,-0.000136
20,258.497743,51,2.550000,0.180106,0.177766,0.200752,-0.150821,-0.148862,-0.147591,0.999961,-0.006218,0.006290,-0.000102,0.011965,-0.012039,0.000142,0.267517,0.003409,-0.003535,-0.000133
20,258.497743,52,2.600000,0.172565,0.170323,0.193373,-0.144588,-0.142702,-0.142766,0.999965,-0.005918,0.005989,-0.000099,0.012135,-0.012216,0.000139,0.267418,-0.000841,0.000694,-0.000130
20,258.497743,53,2.650000,0.165336,0.163188,0.186234,-0.138656,-0.136841,-0.138117,0.999968,-0.005615,0.005684,-0.000095,0.012093,-0.012181,0.000135,0.267323,-0.004662,0.004528,-0.000126
20,258.497743,54,2.700000,0.158403,0.156346,0.179328,-0.133028,-0.131282,-0.133638,0.999971,-0.005313,0.005379,-0.000092,0.011860,-0.011955,0.000131,0.267230,-0.007888,0.007790,-0.000122
20,258.497743,55,2.750000,0.151752,0.149781,0.172647,-0.127703,-0.126025,-0.129324,0.999975,-0.005016,0.005080,-0.000089,0.011466,-0.011565,0.000128,0.267141,-0.010459,0.010409,-0.000117
20,258.497743,56,2.800000,0.145367,0.143480,0.166180,-0.122676,-0.121062,-0.125170,0.999977,-0.004730,0.004791,-0.000086,0.010943,-0.011045,0.000125,0.267054,-0.012388,0.012385,-0.000113
20,258.497743,57,2.850000,0.139233,0.137427,0.159922,-0.117937,-0.116384,-0.121171,0.999980,-0.004456,0.004515,-0.000082,0.010324,-0.010426,0.000121,0.266970,-0.013725,0.013763,-0.000109
20,258.497743,58,2.900000,0.133336,0.131608,0.153863,-0.113472,-0.111979,-0.117322,0.999982,-0.004198,0.004255,-0.000079,0.009637,-0.009737,0.000118,0.266889,-0.014529,0.014597,-0.000104
20,258.497743,59,2.950000,0.127662,0.126009,0.147997,-0.109266,-0.107830,-0.113619,0.999984,-0.003957,0.004011,-0.000076,0.008911,-0.009007,0.000115,0.266810,-0.014848,0.014933,-0.000100
20,258.497743,60,3.000000,0.122199,0.120618,0.142316,-0.105302,-0.103919,-0.110058,0.999986,-0.003734,0.003786,-0.000074,0.008169,-0.008261,0.000112,0.266734,-0.014711,0.014800,-0.000096
20,258.497743,61,3.050000,0.116934,0.115422,0.136813,-0.101562,-0.100231,-0.106634,0.999987,-0.003530,0.003579,-0.000071,0.007433,-0.007521,0.000110,0.266660,-0.014133,0.014216,-0.000093
20,258.497743,62,3.100000,0.111856,0.110410,0.131482,-0.098027,-0.096744,-0.103344,0.999989,-0.003344,0.003391,-0.000068,0.006726,-0.006810,0.000107,0.266589,-0.013129,0.013199,-0.000090
20,258.497743,63,3.150000,0.106954,0.105573,0.126315,-0.094678,-0.093443,-0.100183,0.999990,-0.003176,0.003221,-0.000065,0.006070,-0.006150,0.000104,0.266520,-0.011738,0.011790,-0.000087
20,258.497743,64,3.200000,0.102221,0.100901,0.121305,-0.091498,-0.090307,-0.097148,0.999991,-0.003024,0.003067,-0.000063,0.005483,-0.005560,0.000102,0.266453,-0.010035,0.010068,-0.000084
20,258.497743,65,3.250000,0.097646,0.096385,0.116448,-0.088471,-0.087323,-0.094234,0.999992,-0.002887,0.002928,-0.000060,0.004981,-0.005057,0.000100,0.266388,-0.008153,0.008170,-0.000082
20,258.497743,66,3.300000,0.093222,0.092019,0.111736,-0.085582,-0.084474,-0.091439,0.999992,-0.002763,0.002802,-0.000058,0.004574,-0.004648,0.000097,0.266326,-0.006282,0.006288,-0.000079
20,258.497743,67,3.350000,0.088943,0.087795,0.107164,-0.082818,-0.081749,-0.088758,0.999993,-0.002649,0.002686,-0.000055,0.004260,-0.004334,0.000095,0.266265,-0.004655,0.004658,-0.000077
20,258.497743,68,3.400000,0.084802,0.083708,0.102726,-0.080169,-0.079138,-0.086189,0.999993,-0.002542,0.002577,-0.000053,0.004027,-0.004101,0.000093,0.266206,-0.003513,0.003523,-0.000076
20,258.497743,69,3.450000,0.080794,0.079751,0.098417,-0.077628,-0.076631,-0.083727,0.999994,-0.002441,0.002475,-0.000051,0.003851,-0.003925,0.000091,0.266149,-0.003057,0.003085,-0.000074
20,258.497743,70,3.500000,0.076912,0.075919,0.094231,-0.075188,-0.074225,-0.081371,0.999994,-0.002345,0.002377,-0.000048,0.003698,-0.003771,0.000089,0.266093,-0.003382,0.003438,-0.000073
20,258.497743,71,3.550000,0.073153,0.072208,0.090162,-0.072845,-0.071914,-0.079117,0.999995,-0.002253,0.002282,-0.000046,0.003529,-0.003599,0.000087,0.266039,-0.004412,0.004505,-0.000072
20,258.497743,72,3.600000,0.069511,0.068613,0.086206,-0.070596,-0.069695,-0.076962,0.999995,-0.002164,0.002193,-0.000044,0.003309,-0.003374,0.000084,0.265987,-0.005851,0.005982,-0.000071
20,258.497743,73,3.650000,0.065981,0.065128,0.082358,-0.068436,-0.067563,-0.074903,0.999996,-0.002082,0.002108,-0.000042,0.003016,-0.003074,0.000082,0.265936,-0.007158,0.007320,-0.000070
20,258.497743,74,3.700000,0.062559,0.061750,0.078613,-0.066360,-0.065512,-0.072938,0.999996,-0.002006,0.002031,-0.000040,0.002658,-0.002708,0.000080,0.265886,-0.007576,0.007752,-0.000069
20,258.497743,75,3.750000,0.059241,0.058474,0.074966,-0.064359,-0.063537,-0.071064,0.999996,-0.001940,0.001964,-0.000038,0.002280,-0.002321,0.000078,0.265838,-0.006227,0.006390,-0.000068
20,258.497743,76,3.800000,0.056023,0.055297,0.071413,-0.062426,-0.061627,-0.069279,0.999996,-0.001883,0.001906,-0.000036,0.001968,-0.002001,0.000077,0.265791,-0.002285,0.002395,-0.000067
20,258.497743,77,3.850000,0.052902,0.052216,0.067949,-0.060550,-0.059774,-0.067581,0.999997,-0.001834,0.001856,-0.000034,0.001854,-0.001882,0.000075,0.265745,0.004787,-0.004774,-0.000066
20,258.497743,78,3.900000,0.049874,0.049227,0.064570,-0.058724,-0.057969,-0.065968,0.999997,-0.001787,0.001809,-0.000032,0.002093,-0.002120,0.000073,0.265700,0.014941,-0.015067,-0.000064
20,258.497743,79,3.950000,0.046938,0.046329,0.061272,-0.056944,-0.056210,-0.064438,0.999997,-0.001735,0.001756,-0.000030,0.002840,-0.002874,0.000071,0.265656,0.027246,-0.027542,-0.000062
20,258.497743,80,4.000000,0.044091,0.043518,0.058050,-0.055216,-0.054503,-0.062988,0.999997,-0.001664,0.001684,-0.000028,0.004203,-0.004251,0.000069,0.265613,0.039655,-0.040121,-0.000059
20,258.497743,81,4.050000,0.041330,0.040793,0.054900,-0.053560,-0.052867,-0.061617,0.999998,-0.001559,0.001577,-0.000027,0.006185,-0.006257,0.000068,0.265572,0.048909,-0.049504,-0.000055
20,258.497743,82,4.100000,0.038652,0.038150,0.051819,-0.052008,-0.051333,-0.060323,0.999998,-0.001404,0.001421,-0.000025,0.008631,-0.008732,0.000066,0.265531,0.050695,-0.051321,-0.000051
20,258.497743,83,4.150000,0.036052,0.035583,0.048803,-0.050611,-0.049953,-0.059103,0.999999,-0.001188,0.001203,-0.000023,0.011166,-0.011298,0.000065,0.265491,0.040140,-0.040636,-0.000046
20,258.497743,84,4.200000,0.033521,0.033085,0.045848,-0.049428,-0.048784,-0.057956,0.999999,-0.000909,0.000920,-0.000022,0.013173,-0.013330,0.000063,0.265452,0.012713,-0.012859,-0.000041
20,258.497743,85,4.250000,0.031050,0.030646,0.042950,-0.048524,-0.047890,-0.056880,1.000000,-0.000580,0.000587,-0.000020,0.013808,-0.013973,0.000062,0.265413,-0.034473,0.034931,-0.000034
20,258.497743,86,4.300000,0.028624,0.028252,0.040106,-0.047947,-0.047320,-0.055876,1.000000,-0.000235,0.000238,-0.000019,0.012085,-0.012226,0.000061,0.265374,-0.101010,0.102322,-0.000027
20,258.497743,87,4.350000,0.026226,0.025886,0.037312,-0.047713,-0.047089,-0.054943,1.000000,0.000067,-0.000068,-0.000017,0.007034,-0.007110,0.000060,0.265336,-0.181451,0.183790,-0.000021
20,258.497743,88,4.400000,0.023841,0.023531,0.034565,-0.047780,-0.047155,-0.054080,1.000000,0.000243,-0.000246,-0.000016,-0.002038,0.002080,0.000060,0.265300,-0.263788,0.267171,-0.000014
20,258.497743,89,4.450000,0.021452,0.021173,0.031861,-0.048021,-0.047394,-0.053284,1.000000,0.000192,-0.000194,-0.000014,-0.015228,0.015438,0.000059,0.265267,-0.328726,0.332918,-0.000009
20,258.497743,90,4.500000,0.019050,0.018804,0.029197,-0.048212,-0.047583,-0.052549,1.000000,-0.000188,0.000192,-0.000013,-0.031664,0.032084,0.000059,0.265238,-0.350411,0.354845,-0.000007
20,258.497743,91,4.550000,0.016640,0.016425,0.026570,-0.048023,-0.047398,-0.051866,0.999999,-0.000980,0.000994,-0.000011,-0.049185,0.049826,0.000059,0.265210,-0.299481,0.303221,-0.000010
20,258.497743,92,4.600000,0.014239,0.014055,0.023976,-0.047046,-0.046436,-0.051239,0.999995,-0.002210,0.002240,-0.000010,-0.064159,0.064987,0.000059,0.265173,-0.149321,0.151103,-0.000019
20,258.497743,93,4.650000,0.011886,0.011733,0.021414,-0.044846,-0.044266,-0.050688,0.999985,-0.003814,0.003865,-0.000008,-0.071625,0.072542,0.000058,0.265118,0.113635,-0.115229,-0.000039
20,258.497743,94,4.700000,0.009644,0.009520,0.018880,-0.041051,-0.040521,-0.050257,0.999968,-0.005604,0.005678,-0.000007,-0.065943,0.066780,0.000057,0.265046,0.474687,-0.480866,-0.000075
20,258.497743,95,4.750000,0.007592,0.007494,0.016367,-0.035477,-0.035020,-0.049994,0.999947,-0.007253,0.007348,-0.000005,-0.042209,0.042737,0.000055,0.264983,0.869179,-0.880320,-0.000130
20,258.497743,96,4.800000,0.005818,0.005743,0.013867,-0.028267,-0.027903,-0.049889,0.999930,-0.008308,0.008416,-0.000004,0.001250,-0.001279,0.000051,0.264987,1.152323,-1.166965,-0.000214
20,258.497743,97,4.850000,0.004404,0.004347,0.011373,-0.020008,-0.019750,-0.049810,0.999931,-0.008276,0.008384,-0.000003,0.058866,-0.059627,0.000045,0.265113,1.058511,-1.071854,-0.000335
20,258.497743,98,4.900000,0.003404,0.003360,0.008883,-0.011776,-0.011624,-0.049496,0.999953,-0.006805,0.006893,-0.000002,0.111792,-0.113220,0.000035,0.264659,0.150204,-0.151966,-0.000507
20,258.497743,99,4.950000,0.002815,0.002779,0.006408,-0.005019,-0.004954,-0.049979,0.999984,-0.004010,0.004063,-0.000001,0.119302,-0.120818,0.000021,0.291888,-2.385892,2.416199,-0.000747
20,258.497743,100,5.000000,0.002564,0.002531,0.003909,-0.000627,-0.000618,0.000020,0.999999,-0.001028,0.001043,-0.000000,0.000007,-0.000008,-0.000000,0,0,0,0
21,232.784339,0,0.000000,1.011248,0.999042,0.981458,-0.013710,-0.010796,0.000636,0.999993,0.002501,-0.002667,0.000002,0.000000,0.000000,0.000000,0.237876,34.447149,-33.937306,-0.258732
21,232.784339,1,0.050000,1.010562,0.998502,0.981490,-0.016060,-0.012999,-0.049364,0.999993,0.002501,-0.002667,0.000002,1.722357,-1.696865,-0.007354,0.237876,-25.813441,24.968028,0.114875
21,232.784339,2,0.100000,1.009759,0.997852,0.979022,-0.018410,-0.015202,-0.099364,0.997951,0.045477,-0.045006,-0.000173,0.431212,-0.448945,-0.004089,0.239834,-8.638892,8.995479,0.074275
21,232.784339,3,0.150000,1.008839,0.997092,0.974053,-0.058313,-0.055508,-0.149364,0.996835,0.056231,-0.056197,-0.000300,-0.000802,0.000762,-0.001978,0.240915,0.031922,-0.030326,0.042490
21,232.784339,4,0.200000,1.005923,0.994317,0.966585,-0.108312,-0.105508,-0.199364,0.996837,0.056214,-0.056175,-0.000350,0.000794,-0.000754,-0.000770,0.240913,-0.016239,0.015444,0.026939
21,232.784339,5,0.250000,1.000508,0.989041,0.956617,-0.158295,-0.155489,-0.249364,0.996835,0.056235,-0.056193,-0.000369,-0.000018,0.000018,-0.000004,0.240915,0.000528,-0.000522,0.017872
21,232.784339,6,0.300000,0.992593,0.981267,0.944149,-0.208295,-0.205489,-0.299364,0.996835,0.056234,-0.056193,-0.000369,0.000008,-0.000008,0.000504,0.240915,-0.003224,0.002401,0.010734
21,232.784339,7,0.350000,0.982178,0.970993,0.929181,-0.258294,-0.255488,-0.349364,0.996835,0.056234,-0.056193,-0.000356,-0.000153,0.000112,0.000809,0.240915,-0.094499,0.086169,0.005547
21,232.784339,8,0.400000,0.969264,0.958218,0.911712,-0.308293,-0.305488,-0.399364,0.996835,0.056229,-0.056192,-0.000336,-0.004878,0.004421,0.000966,0.240915,-0.586508,0.584011,0.001918
21,232.784339,9,0.450000,0.953849,0.942944,0.891744,-0.358290,-0.355483,-0.449363,0.996848,0.056106,-0.056083,-0.000313,-0.034204,0.033621,0.001021,0.240903,-2.449506,2.478473,-0.000516
21,232.784339,10,0.500000,0.935934,0.925170,0.869276,-0.408187,-0.405369,-0.499362,0.996943,0.055252,-0.055246,-0.000288,-0.156680,0.157543,0.001006,0.240811,-2.235759,2.134286,-0.002107
21,232.784339,11,0.550000,0.915525,0.904901,0.844308,-0.457324,-0.454484,-0.549360,0.997361,0.051346,-0.051319,-0.000262,-0.268474,0.264252,0.000946,0.263681,-0.866345,0.652149,-0.003787
21,232.784339,12,0.600000,0.892659,0.882177,0.816840,-0.507323,-0.504483,-0.556708,0.998001,0.044650,-0.044728,-0.000243,-0.311801,0.296850,0.000839,0.294220,-2.444151,2.487665,-0.005076
21,232.784339,13,0.650000,0.867293,0.856953,0.789004,-0.555977,-0.553029,-0.506710,0.998623,0.036870,-0.037318,-0.000240,-0.434018,0.421223,0.000694,0.239187,-1.679300,1.825758,-0.004535
21,232.784339,14,0.700000,0.839494,0.829301,0.763669,-0.588999,-0.585638,-0.556708,0.999302,0.026033,-0.026797,-0.000239,-0.517994,0.512499,0.000566,0.292686,-0.209522,0.349795,-0.003390
21,232.784339,15,0.750000,0.810044,0.800019,0.735834,-0.618034,-0.613832,-0.506709,0.999816,0.013093,-0.013988,-0.000238,-0.528481,0.529978,0.000469,0.258030,1.156067,-1.055859,-0.002381
21,232.784339,16,0.800000,0.779142,0.769328,0.710498,-0.631403,-0.626339,-0.519726,1.000000,-0.000114,-0.000738,-0.000238,-0.470687,0.477176,0.000401,0.291870,1.923979,-1.868896,-0.001713
21,232.784339,17,0.850000,0.747572,0.738011,0.684512,-0.632201,-0.626216,-0.469727,0.999867,-0.011876,0.011192,-0.000238,-0.374496,0.383724,0.000353,0.260217,2.353155,-2.336499,-0.001292
21,232.784339,18,0.900000,0.715962,0.706700,0.661025,-0.621413,-0.614774,-0.478601,0.999558,-0.021233,0.020785,-0.000238,-0.256843,0.266894,0.000316,0.292386,2.342788,-2.355502,-0.001031
21,232.784339,19,0.950000,0.684891,0.675961,0.637095,-0.598910,-0.591796,-0.428603,0.999241,-0.027649,0.027454,-0.000239,-0.139707,0.149115,0.000287,0.257076,2.147359,-2.183074,-0.000849
21,232.784339,20,1.000000,0.654946,0.646372,0.615665,-0.572783,-0.565497,-0.444482,0.999029,-0.031137,0.031180,-0.000239,-0.032340,0.039960,0.000263,0.293007,1.689572,-1.739670,-0.000698
21,232.784339,21,1.050000,0.626307,0.618097,0.593441,-0.538971,-0.531747,-0.394483,0.998971,-0.031944,0.032179,-0.000238,0.052138,-0.047024,0.000243,0.263361,1.111266,-1.166037,-0.000554
21,232.784339,22,1.100000,0.599358,0.591509,0.573717,-0.507608,-0.500628,-0.399283,0.999049,-0.030642,0.031004,-0.000236,0.107702,-0.105325,0.000227,0.272644,0.520999,-0.568492,-0.000413
21,232.784339,23,1.150000,0.573978,0.566478,0.553753,-0.476323,-0.469723,-0.386806,0.999206,-0.027953,0.028373,-0.000233,0.133752,-0.133749,0.000215,0.272324,0.028151,-0.060812,-0.000284
21,232.784339,24,1.200000,0.550162,0.542992,0.534413,-0.447722,-0.441558,-0.374602,0.999384,-0.024612,0.025031,-0.000229,0.135161,-0.136788,0.000207,0.272197,-0.302370,0.286238,-0.000181
21,232.784339,25,1.250000,0.527776,0.520914,0.515682,-0.422498,-0.416767,-0.362275,0.999541,-0.021235,0.021612,-0.000225,0.120044,-0.122475,0.000202,0.272024,-0.465274,0.463071,-0.000106
21,232.784339,26,1.300000,0.506651,0.500076,0.497569,-0.400729,-0.395388,-0.349951,0.999662,-0.018236,0.018551,-0.000219,0.096781,-0.099321,0.000199,0.271787,-0.493624,0.500817,-0.000055
21,232.784339,27,1.350000,0.486614,0.480306,0.480071,-0.382057,-0.377041,-0.337824,0.999746,-0.015818,0.016068,-0.000214,0.072100,-0.074279,0.000198,0.271507,-0.434576,0.446469,-0.000024
21,232.784339,28,1.400000,0.467511,0.461454,0.463180,-0.365900,-0.361143,-0.326045,0.999801,-0.014016,0.014211,-0.000209,0.050372,-0.051955,0.000197,0.271219,-0.333271,0.346022,-0.000007
21,232.784339,29,1.450000,0.449216,0.443397,0.446878,-0.351624,-0.347070,-0.314688,0.999835,-0.012757,0.012913,-0.000203,0.033709,-0.034654,0.000197,0.270947,-0.224544,0.235559,-0.000000
21,232.784339,30,1.500000,0.431635,0.426043,0.431143,-0.338666,-0.334273,-0.303765,0.999856,-0.011914,0.012046,-0.000198,0.022482,-0.022876,0.000197,0.270698,-0.130469,0.138393,-0.000001
21,232.784339,31,1.550000,0.414702,0.409330,0.415955,-0.326588,-0.322332,-0.293259,0.999870,-0.011353,0.011474,-0.000193,0.015959,-0.015956,0.000197,0.270472,-0.061462,0.065959,-0.000006
21,232.784339,32,1.600000,0.398373,0.393213,0.401292,-0.315092,-0.310963,-0.283146,0.999879,-0.010954,0.011076,-0.000189,0.012886,-0.012658,0.000196,0.270262,-0.019107,0.020544,-0.000016
21,232.784339,33,1.650000,0.382618,0.377665,0.387135,-0.304005,-0.300002,-0.273403,0.999886,-0.010632,0.010759,-0.000184,0.011931,-0.011630,0.000196,0.270064,0.000581,-0.001443,-0.000026
21,232.784339,34,1.700000,0.367418,0.362665,0.373465,-0.293243,-0.289371,-0.264012,0.999892,-0.010333,0.010468,-0.000179,0.011960,-0.011702,0.000195,0.269875,0.004214,-0.006483,-0.000038
21,232.784339,35,1.750000,0.352755,0.348196,0.360264,-0.282779,-0.279046,-0.254961,0.999898,-0.010034,0.010176,-0.000174,0.012171,-0.012026,0.000194,0.269692,-0.001202,-0.001639,-0.000050
21,232.784339,36,1.800000,0.338617,0.334244,0.347516,-0.272614,-0.269026,-0.246236,0.999904,-0.009730,0.009875,-0.000169,0.012111,-0.012108,0.000193,0.269515,-0.009703,0.006953,-0.000061
21,232.784339,37,1.850000,0.324986,0.320793,0.335204,-0.262755,-0.259316,-0.237826,0.999910,-0.009427,0.009573,-0.000165,0.011625,-0.011761,0.000191,0.269344,-0.017069,0.014852,-0.000073
21,232.784339,38,1.900000,0.311848,0.307827,0.323313,-0.253205,-0.249914,-0.229721,0.999915,-0.009137,0.009279,-0.000160,0.010772,-0.011018,0.000189,0.269180,-0.020956,0.019494,-0.000084
21,232.784339,39,1.950000,0.299188,0.295331,0.311827,-0.243954,-0.240807,-0.221908,0.999920,-0.008867,0.009003,-0.000155,0.009724,-0.010043,0.000187,0.269022,-0.020660,0.019992,-0.000095
21,232.784339,40,2.000000,0.286990,0.283291,0.300731,-0.234983,-0.231974,-0.214378,0.999924,-0.008624,0.008752,-0.000150,0.008691,-0.009043,0.000184,0.268870,-0.016676,0.016704,-0.000105
21,232.784339,41,2.050000,0.275241,0.271692,0.290013,-0.226267,-0.223387,-0.207120,0.999928,-0.008407,0.008526,-0.000146,0.007858,-0.008208,0.000181,0.268724,-0.010201,0.010751,-0.000114
21,232.784339,42,2.100000,0.263928,0.260523,0.279657,-0.217780,-0.215022,-0.200125,0.999932,-0.008211,0.008321,-0.000141,0.007348,-0.007671,0.000178,0.268584,-0.002688,0.003555,-0.000121
21,232.784339,43,2.150000,0.253039,0.249772,0.269650,-0.209503,-0.206856,-0.193384,0.999935,-0.008027,0.008129,-0.000137,0.007213,-0.007493,0.000174,0.268448,0.004507,-0.003516,-0.000128
21,232.784339,44,2.200000,0.242564,0.239429,0.259981,-0.201420,-0.198877,-0.186888,0.999938,-0.007847,0.007942,-0.000132,0.007439,-0.007669,0.000171,0.268317,0.010342,-0.009385,-0.000133
21,232.784339,45,2.250000,0.232493,0.229485,0.250637,-0.193527,-0.191080,-0.180629,0.999941,-0.007661,0.007750,-0.000128,0.007956,-0.008138,0.000167,0.268190,0.014193,-0.013379,-0.000136
21,232.784339,46,2.300000,0.222816,0.219931,0.241605,-0.185828,-0.183473,-0.174598,0.999944,-0.007462,0.007547,-0.000124,0.008666,-0.008807,0.000163,0.268068,0.015856,-0.015242,-0.000138
21,232.784339,47,2.350000,0.213525,0.210758,0.232875,-0.178335,-0.176066,-0.168788,0.999947,-0.007245,0.007327,-0.000120,0.009459,-0.009569,0.000159,0.267950,0.015473,-0.015074,-0.000139
21,232.784339,48,2.400000,0.204608,0.201954,0.224436,-0.171063,-0.168877,-0.163191,0.999950,-0.007009,0.007087,-0.000116,0.010232,-0.010322,0.000155,0.267836,0.013432,-0.013227,-0.000138
21,232.784339,49,2.450000,0.196055,0.193510,0.216276,-0.164032,-0.161925,-0.157797,0.999954,-0.006753,0.006829,-0.000112,0.010904,-0.010984,0.000151,0.267726,0.010241,-0.010191,-0.000136
21,232.784339,50,2.500000,0.187853,0.185414,0.208387,-0.157260,-0.155230,-0.152600,0.999958,-0.006480,0.006555,-0.000108,0.011416,-0.011493,0.000147,0.267620,0.006433,-0.006486,-0.000133
21,232.784339,51,2.550000,0.179990,0.177653,0.200757,-0.150763,-0.148808,-0.147592,0.999961,-0.006195,0.006267,-0.000104,0.011738,-0.011817,0.000143,0.267517,0.002476,-0.002583,-0.000130
21,232.784339,52,2.600000,0.172452,0.170212,0.193377,-0.144553,-0.142671,-0.142767,0.999965,-0.005902,0.005972,-0.000101,0.011862,-0.011946,0.000140,0.267418,-0.001270,0.001150,-0.000126
21,232.784339,53,2.650000,0.165225,0.163079,0.186239,-0.138637,-0.136827,-0.138118,0.999968,-0.005605,0.005673,-0.000097,0.011798,-0.011889,0.000136,0.267323,-0.004574,0.004472,-0.000122
21,232.784339,54,2.700000,0.158293,0.156237,0.179333,-0.133020,-0.131278,-0.133639,0.999971,-0.005310,0.005376,-0.000094,0.011570,-0.011665,0.000133,0.267230,-0.007323,0.007256,-0.000118
21,232.784339,55,2.750000,0.151642,0.149674,0.172651,-0.127699,-0.126023,-0.129326,0.999974,-0.005021,0.005084,-0.000091,0.011203,-0.011302,0.000129,0.267140,-0.009499,0.009475,-0.000113
21,232.784339,56,2.800000,0.145257,0.143372,0.166184,-0.122668,-0.121056,-0.125172,0.999977,-0.004741,0.004802,-0.000087,0.010729,-0.010829,0.000126,0.267054,-0.011144,0.011161,-0.000109
21,232.784339,57,2.850000,0.139123,0.137320,0.159926,-0.117918,-0.116367,-0.121173,0.999980,-0.004473,0.004531,-0.000084,0.010171,-0.010270,0.000123,0.266970,-0.012326,0.012375,-0.000105
21,232.784339,58,2.900000,0.133227,0.131501,0.153867,-0.113437,-0.111946,-0.117324,0.999982,-0.004218,0.004274,-0.000081,0.009555,-0.009652,0.000120,0.266889,-0.013106,0.013177,-0.000100
21,232.784339,59,2.950000,0.127556,0.125904,0.148001,-0.109212,-0.107776,-0.113622,0.999984,-0.003979,0.004033,-0.000078,0.008900,-0.008993,0.000117,0.266810,-0.013523,0.013604,-0.000097
21,232.784339,60,3.000000,0.122095,0.120515,0.142320,-0.105226,-0.103844,-0.110061,0.999986,-0.003757,0.003808,-0.000075,0.008224,-0.008313,0.000115,0.266734,-0.013589,0.013669,-0.000093
21,232.784339,61,3.050000,0.116834,0.115323,0.136817,-0.101464,-0.100133,-0.106637,0.999987,-0.003551,0.003600,-0.000072,0.007544,-0.007629,0.000112,0.266660,-0.013292,0.013363,-0.000090
21,232.784339,62,3.100000,0.111760,0.110316,0.131485,-0.097908,-0.096626,-0.103347,0.999989,-0.003363,0.003410,-0.000070,0.006880,-0.006961,0.000109,0.266589,-0.012616,0.012673,-0.000087
21,232.784339,63,3.150000,0.106865,0.105485,0.126318,-0.094541,-0.093306,-0.100186,0.999990,-0.003191,0.003236,-0.000067,0.006249,-0.006327,0.000107,0.266520,-0.011562,0.011602,-0.000084
21,232.784339,64,3.200000,0.102138,0.100820,0.121308,-0.091346,-0.090156,-0.097151,0.999991,-0.003035,0.003078,-0.000064,0.005671,-0.005747,0.000104,0.266453,-0.010173,0.010196,-0.000082
21,232.784339,65,3.250000,0.097571,0.096312,0.116451,-0.088309,-0.087162,-0.094237,0.999992,-0.002893,0.002934,-0.000062,0.005162,-0.005237,0.000102,0.266389,-0.008548,0.008557,-0.000080
21,232.784339,66,3.300000,0.093155,0.091954,0.111739,-0.085414,-0.084308,-0.091442,0.999992,-0.002764,0.002803,-0.000059,0.004735,-0.004809,0.000100,0.266326,-0.006850,0.006850,-0.000078
21,232.784339,67,3.350000,0.088885,0.087738,0.107167,-0.082649,-0.081582,-0.088761,0.999993,-0.002645,0.002683,-0.000057,0.004392,-0.004467,0.000098,0.266265,-0.005296,0.005295,-0.000076
21,232.784339,68,3.400000,0.084752,0.083659,0.102729,-0.080004,-0.078974,-0.086192,0.999993,-0.002536,0.002571,-0.000054,0.004128,-0.004202,0.000096,0.266206,-0.004123,0.004130,-0.000075
21,232.784339,69,3.450000,0.080752,0.079711,0.098419,-0.077469,-0.076474,-0.083730,0.999994,-0.002432,0.002466,-0.000052,0.003922,-0.003996,0.000093,0.266149,-0.003546,0.003570,-0.000074
21,232.784339,70,3.500000,0.076878,0.075887,0.094233,-0.075038,-0.074076,-0.081374,0.999994,-0.002334,0.002366,-0.000049,0.003744,-0.003817,0.000091,0.266093,-0.003687,0.003740,-0.000073
21,232.784339,71,3.550000,0.073127,0.072183,0.090164,-0.072706,-0.071776,-0.079119,0.999995,-0.002241,0.002271,-0.000047,0.003560,-0.003630,0.000089,0.266039,-0.004517,0.004604,-0.000072
21,232.784339,72,3.600000,0.069491,0.068594,0.086208,-0.070468,-0.069568,-0.076964,0.999995,-0.002152,0.002180,-0.000045,0.003334,-0.003400,0.000087,0.265987,-0.005790,0.005913,-0.000072
21,232.784339,73,3.650000,0.065968,0.065116,0.082360,-0.068321,-0.067449,-0.074905,0.999996,-0.002068,0.002095,-0.000043,0.003045,-0.003104,0.000085,0.265936,-0.007018,0.007173,-0.000071
21,232.784339,74,3.700000,0.062552,0.061743,0.078615,-0.066257,-0.065412,-0.072940,0.999996,-0.001992,0.002017,-0.000041,0.002694,-0.002745,0.000083,0.265886,-0.007487,0.007658,-0.000070
21,232.784339,75,3.750000,0.059239,0.058473,0.074968,-0.064270,-0.063450,-0.071066,0.999996,-0.001925,0.001949,-0.000039,0.002319,-0.002363,0.000081,0.265838,-0.006340,0.006502,-0.000070
21,232.784339,76,3.800000,0.056026,0.055300,0.071414,-0.062352,-0.061555,-0.069281,0.999996,-0.001867,0.001890,-0.000036,0.002002,-0.002037,0.000079,0.265791,-0.002736,0.002851,-0.000069
21,232.784339,77,3.850000,0.052908,0.052223,0.067950,-0.060491,-0.059717,-0.067583,0.999997,-0.001817,0.001839,-0.000035,0.001866,-0.001895,0.000077,0.265745,0.003914,-0.003890,-0.000068
21,232.784339,78,3.900000,0.049883,0.049237,0.064571,-0.058682,-0.057929,-0.065970,0.999997,-0.001770,0.001791,-0.000033,0.002061,-0.002089,0.000075,0.265700,0.013660,-0.013768,-0.000067
21,232.784339,79,3.950000,0.046949,0.046340,0.061273,-0.056919,-0.056187,-0.064439,0.999997,-0.001719,0.001739,-0.000031,0.002744,-0.002778,0.000073,0.265656,0.025698,-0.025971,-0.000065
21,232.784339,80,4.000000,0.044103,0.043531,0.058051,-0.055208,-0.054496,-0.062989,0.999997,-0.001650,0.001670,-0.000029,0.004029,-0.004076,0.000071,0.265613,0.038118,-0.038561,-0.000063
21,232.784339,81,4.050000,0.041343,0.040806,0.054901,-0.053565,-0.052873,-0.061618,0.999998,-0.001549,0.001568,-0.000027,0.005935,-0.006004,0.000070,0.265572,0.047777,-0.048354,-0.000060
21,232.784339,82,4.100000,0.038665,0.038162,0.051820,-0.052023,-0.051349,-0.060324,0.999998,-0.001401,0.001418,-0.000025,0.008324,-0.008422,0.000068,0.265531,0.050420,-0.051039,-0.000056
21,232.784339,83,4.150000,0.036064,0.035595,0.048804,-0.050629,-0.049971,-0.059104,0.999999,-0.001193,0.001207,-0.000024,0.010845,-0.010974,0.000066,0.265491,0.041133,-0.041638,-0.000052
21,232.784339,84,4.200000,0.033532,0.033096,0.045849,-0.049442,-0.048798,-0.057957,0.999999,-0.000922,0.000933,-0.000022,0.012902,-0.013056,0.000065,0.265452,0.015211,-0.015386,-0.000047
21,232.784339,85,4.250000,0.031060,0.030657,0.042951,-0.048525,-0.047892,-0.056882,1.000000,-0.000599,0.000606,-0.000020,0.013662,-0.013825,0.000064,0.265413,-0.030537,0.030948,-0.000041
21,232.784339,86,4.300000,0.028634,0.028262,0.040107,-0.047929,-0.047303,-0.055878,1.000000,-0.000258,0.000261,-0.000019,0.012135,-0.012278,0.000062,0.265374,-0.096126,0.097377,-0.000034
21,232.784339,87,4.350000,0.026237,0.025897,0.037313,-0.047672,-0.047050,-0.054944,1.000000,0.000046,-0.000046,-0.000017,0.007329,-0.007409,0.000061,0.265336,-0.176567,0.178846,-0.000027
21,232.784339,88,4.400000,0.023854,0.023544,0.034566,-0.047718,-0.047095,-0.054082,1.000000,0.000229,-0.000231,-0.000016,-0.001499,0.001533,0.000061,0.265300,-0.260240,0.263581,-0.000021
21,232.784339,89,4.450000,0.021468,0.021190,0.031862,-0.047945,-0.047320,-0.053286,1.000000,0.000191,-0.000193,-0.000014,-0.014511,0.014713,0.000060,0.265267,-0.328003,0.332190,-0.000015
21,232.784339,90,4.500000,0.019071,0.018824,0.029197,-0.048135,-0.047508,-0.052551,1.000000,-0.000171,0.000175,-0.000013,-0.030911,0.031322,0.000060,0.265238,-0.353754,0.358238,-0.000013
21,232.784339,91,4.550000,0.016664,0.016448,0.026570,-0.047963,-0.047340,-0.051869,0.999999,-0.000944,0.000958,-0.000011,-0.048599,0.049234,0.000059,0.265210,-0.307334,0.311183,-0.000014
21,232.784339,92,4.600000,0.014266,0.014081,0.023976,-0.047023,-0.046412,-0.051241,0.999995,-0.002159,0.002189,-0.000010,-0.063966,0.064793,0.000059,0.265174,-0.160728,0.162665,-0.000023
21,232.784339,93,4.650000,0.011915,0.011761,0.021414,-0.044873,-0.044292,-0.050688,0.999986,-0.003758,0.003808,-0.000008,-0.072003,0.072926,0.000058,0.265119,0.101504,-0.102936,-0.000042
21,232.784339,94,4.700000,0.009671,0.009546,0.018880,-0.041134,-0.040602,-0.050255,0.999969,-0.005558,0.005632,-0.000007,-0.066927,0.067779,0.000057,0.265047,0.466586,-0.472659,-0.000076
21,232.784339,95,4.750000,0.007614,0.007516,0.016367,-0.035605,-0.035146,-0.049988,0.999947,-0.007231,0.007326,-0.000005,-0.043598,0.044146,0.000055,0.264982,0.870935,-0.882100,-0.000130
21,232.784339,96,4.800000,0.005834,0.005759,0.013868,-0.028416,-0.028050,-0.049885,0.999930,-0.008321,0.008430,-0.000004,-0.000052,0.000041,0.000051,0.264982,1.168352,-1.183205,-0.000213
21,232.784339,97,4.850000,0.004413,0.004356,0.011374,-0.020144,-0.019884,-0.049814,0.999930,-0.008322,0.008431,-0.000003,0.058366,-0.059119,0.000045,0.265114,1.086617,-1.100327,-0.000334
21,232.784339,98,4.900000,0.003406,0.003362,0.008883,-0.011866,-0.011713,-0.049499,0.999952,-0.006863,0.006953,-0.000002,0.112697,-0.114136,0.000036,0.264662,0.172139,-0.174191,-0.000508
21,232.784339,99,4.950000,0.002813,0.002776,0.006408,-0.005051,-0.004985,-0.049978,0.999983,-0.004046,0.004099,-0.000001,0.121304,-0.122845,0.000021,0.291889,-2.425871,2.456675,-0.000752
21,232.784339,100,5.000000,0.002560,0.002527,0.003909,-0.000620,-0.000611,0.000020,0.999999,-0.001013,0.001028,-0.000000,0.000010,-0.000011,-0.000000,0,0,0,0
22,237.734055,0,0.000000,1.011248,0.999042,0.981458,-0.013710,-0.010796,0.000636,0.999993,0.002501,-0.002667,0.000002,0.000000,0.000000,0.000000,0.237876,34.867071,-34.369314,-0.255245
22,237.734055,1,0.050000,1.010562,0.998502,0.981490,-0.016060,-0.012999,-0.049364,0.999993,0.002501,-0.002667,0.000002,1.743354,-1.718466,-0.007255,0.237876,-26.652141,25.830255,0.115802
22,237.734055,2,0.100000,1.009759,0.997852,0.979022,-0.018410,-0.015202,-0.099364,0.997903,0.045999,-0.045543,-0.000171,0.410273,-0.427433,-0.003964,0.239880,-8.220633,8.565736,0.074312
22,237.734055,3,0.150000,1.008839,0.997092,0.974053,-0.058795,-0.055977,-0.149364,0.996835,0.056231,-0.056197,-0.000294,-0.000823,0.000792,-0.001851,0.240915,0.032724,-0.031510,0.042042
22,237.734055,4,0.200000,1.005899,0.994293,0.966585,-0.108794,-0.105976,-0.199364,0.996837,0.056213,-0.056175,-0.000340,0.000814,-0.000783,-0.000656,0.240913,-0.016649,0.016043,0.026255
22,237.734055,5,0.250000,1.000460,0.988995,0.956617,-0.158776,-0.155957,-0.249364,0.996835,0.056234,-0.056194,-0.000356,-0.000019,0.000019,0.000090,0.240915,0.000539,-0.000533,0.017107
22,237.734055,6,0.300000,0.992521,0.981197,0.944149,-0.208776,-0.205957,-0.299364,0.996835,0.056233,-0.056193,-0.000354,0.000008,-0.000008,0.000576,0.240915,-0.003421,0.002570,0.009990
22,237.734055,7,0.350000,0.982082,0.970899,0.929181,-0.258775,-0.255956,-0.349364,0.996835,0.056233,-0.056194,-0.000340,-0.000163,0.000121,0.000860,0.240915,-0.103085,0.094563,0.004883
22,237.734055,8,0.400000,0.969143,0.958101,0.911712,-0.308774,-0.305956,-0.399364,0.996835,0.056227,-0.056193,-0.000318,-0.005317,0.004849,0.000999,0.240915,-0.581152,0.578378,0.001361
22,237.734055,9,0.450000,0.953705,0.942803,0.891744,-0.358771,-0.355951,-0.449363,0.996850,0.056093,-0.056073,-0.000294,-0.034375,0.033767,0.001038,0.240901,-2.453746,2.484221,-0.000955
22,237.734055,10,0.500000,0.935766,0.925006,0.869276,-0.408658,-0.405827,-0.499362,0.996944,0.055236,-0.055233,-0.000269,-0.157064,0.157977,0.001011,0.240810,-2.221389,2.120126,-0.002430
22,237.734055,11,0.550000,0.915333,0.904714,0.844308,-0.457782,-0.454927,-0.549360,0.997364,0.051320,-0.051295,-0.000243,-0.268139,0.263977,0.000941,0.263810,-0.833771,0.614485,-0.004024
22,237.734055,12,0.600000,0.892444,0.881968,0.816840,-0.507781,-0.504926,-0.556468,0.998002,0.044632,-0.044710,-0.000224,-0.309837,0.294692,0.000827,0.294218,-2.483511,2.529286,-0.005248
22,237.734055,13,0.650000,0.867055,0.856722,0.789016,-0.556415,-0.553454,-0.506469,0.998621,0.036901,-0.037355,-0.000221,-0.434022,0.421147,0.000678,0.239190,-1.714130,1.864391,-0.004610
22,237.734055,14,0.700000,0.839234,0.829049,0.763693,-0.589469,-0.586091,-0.556467,0.999300,0.026064,-0.026836,-0.000221,-0.519739,0.514355,0.000547,0.292689,-0.219798,0.361959,-0.003387
22,237.734055,15,0.750000,0.809761,0.799744,0.735870,-0.618546,-0.614319,-0.506468,0.999817,0.013080,-0.013981,-0.000221,-0.530740,0.532442,0.000451,0.257842,1.163551,-1.063243,-0.002337
22,237.734055,16,0.800000,0.778833,0.769028,0.710546,-0.631898,-0.626804,-0.519833,1.000000,-0.000184,-0.000670,-0.000221,-0.472571,0.479271,0.000384,0.291870,1.935955,-1.881769,-0.001654
22,237.734055,17,0.850000,0.747239,0.737688,0.684555,-0.632622,-0.626606,-0.469835,0.999864,-0.011994,0.011313,-0.000221,-0.375781,0.385176,0.000337,0.260287,2.369563,-2.354031,-0.001229
22,237.734055,18,0.900000,0.715607,0.706358,0.661063,-0.621714,-0.615048,-0.478583,0.999552,-0.021383,0.020941,-0.000222,-0.257307,0.267469,0.000302,0.292393,2.358156,-2.372076,-0.000968
22,237.734055,19,0.950000,0.684522,0.675606,0.637134,-0.599041,-0.591907,-0.428585,0.999231,-0.027810,0.027626,-0.000223,-0.139403,0.148863,0.000275,0.257082,2.171512,-2.208671,-0.000788
22,237.734055,20,1.000000,0.654570,0.646010,0.615704,-0.572752,-0.565454,-0.444470,0.999019,-0.031291,0.031345,-0.000223,-0.030829,0.038428,0.000252,0.293019,1.698811,-1.750169,-0.000641
22,237.734055,21,1.050000,0.625932,0.617738,0.593481,-0.538760,-0.531537,-0.394471,0.998964,-0.032060,0.032305,-0.000223,0.054112,-0.049081,0.000234,0.263344,1.110203,-1.165902,-0.000503
22,237.734055,22,1.100000,0.598994,0.591161,0.573757,-0.507277,-0.500307,-0.399318,0.999045,-0.030709,0.031079,-0.000221,0.109622,-0.107376,0.000220,0.272641,0.512774,-0.560500,-0.000369
22,237.734055,23,1.150000,0.573630,0.566145,0.553792,-0.475917,-0.469334,-0.386854,0.999205,-0.027971,0.028397,-0.000219,0.135262,-0.135400,0.000209,0.272323,0.015995,-0.048220,-0.000249
22,237.734055,24,1.200000,0.549834,0.542679,0.534449,-0.447293,-0.441151,-0.374654,0.999385,-0.024592,0.025013,-0.000215,0.136063,-0.137810,0.000202,0.272202,-0.314381,0.299100,-0.000155
22,237.734055,25,1.250000,0.527470,0.520621,0.515716,-0.422086,-0.416379,-0.362318,0.999543,-0.021193,0.021569,-0.000210,0.120345,-0.122854,0.000198,0.272028,-0.474119,0.472862,-0.000090
22,237.734055,26,1.300000,0.506365,0.499802,0.497600,-0.400360,-0.395041,-0.349984,0.999663,-0.018186,0.018499,-0.000205,0.096640,-0.099210,0.000195,0.271789,-0.498273,0.506255,-0.000049
22,237.734055,27,1.350000,0.486347,0.480050,0.480101,-0.381741,-0.376744,-0.337848,0.999747,-0.015772,0.016019,-0.000200,0.071727,-0.073896,0.000194,0.271507,-0.435533,0.447928,-0.000025
22,237.734055,28,1.400000,0.467260,0.461213,0.463209,-0.365634,-0.360892,-0.326066,0.999802,-0.013979,0.014172,-0.000194,0.049951,-0.051499,0.000193,0.271219,-0.331840,0.344781,-0.000015
22,237.734055,29,1.450000,0.448979,0.443168,0.446905,-0.351398,-0.346855,-0.314707,0.999836,-0.012731,0.012884,-0.000189,0.033359,-0.034260,0.000193,0.270946,-0.222150,0.233097,-0.000013
22,237.734055,30,1.500000,0.431409,0.425826,0.431170,-0.338469,-0.334084,-0.303783,0.999857,-0.011897,0.012028,-0.000184,0.022252,-0.022605,0.000192,0.270698,-0.128228,0.135918,-0.000018
22,237.734055,31,1.550000,0.414485,0.409121,0.415981,-0.326409,-0.322160,-0.293277,0.999870,-0.011341,0.011463,-0.000179,0.015840,-0.015809,0.000192,0.270472,-0.059999,0.064195,-0.000027
22,237.734055,32,1.600000,0.398165,0.393013,0.401317,-0.314926,-0.310803,-0.283163,0.999879,-0.010945,0.011067,-0.000175,0.012841,-0.012599,0.000191,0.270263,-0.018572,0.019724,-0.000039
22,237.734055,33,1.650000,0.382419,0.377473,0.387159,-0.303847,-0.299851,-0.273420,0.999886,-0.010624,0.010752,-0.000170,0.011912,-0.011613,0.000190,0.270065,0.000381,-0.001456,-0.000051
22,237.734055,34,1.700000,0.367226,0.362481,0.373488,-0.293092,-0.289227,-0.264029,0.999892,-0.010326,0.010462,-0.000165,0.011931,-0.011685,0.000189,0.269875,0.003647,-0.006031,-0.000063
22,237.734055,35,1.750000,0.352572,0.348019,0.360286,-0.282634,-0.278909,-0.254976,0.999898,-0.010028,0.010170,-0.000161,0.012114,-0.011987,0.000187,0.269692,-0.001752,-0.001106,-0.000074
22,237.734055,36,1.800000,0.338440,0.334074,0.347538,-0.272475,-0.268895,-0.246251,0.999904,-0.009725,0.009870,-0.000156,0.012026,-0.012042,0.000185,0.269515,-0.009945,0.007256,-0.000085
22,237.734055,37,1.850000,0.324816,0.320629,0.335225,-0.262622,-0.259190,-0.237841,0.999910,-0.009424,0.009569,-0.000152,0.011529,-0.011679,0.000182,0.269344,-0.016858,0.014753,-0.000096
22,237.734055,38,1.900000,0.311685,0.307670,0.323333,-0.253075,-0.249790,-0.229735,0.999915,-0.009136,0.009277,-0.000147,0.010686,-0.010941,0.000179,0.269180,-0.020304,0.018975,-0.000105
22,237.734055,39,1.950000,0.299031,0.295180,0.311846,-0.243825,-0.240684,-0.221922,0.999920,-0.008869,0.009004,-0.000142,0.009671,-0.009993,0.000176,0.269022,-0.019700,0.019156,-0.000114
22,237.734055,40,2.000000,0.286840,0.283146,0.300750,-0.234853,-0.231849,-0.214391,0.999924,-0.008627,0.008754,-0.000138,0.008686,-0.009035,0.000173,0.268871,-0.015610,0.015734,-0.000122
22,237.734055,41,2.050000,0.275097,0.271553,0.290031,-0.226135,-0.223260,-0.207133,0.999928,-0.008410,0.008528,-0.000134,0.007906,-0.008248,0.000170,0.268725,-0.009244,0.009852,-0.000129
22,237.734055,42,2.100000,0.263791,0.260390,0.279674,-0.217646,-0.214891,-0.200138,0.999932,-0.008213,0.008322,-0.000129,0.007443,-0.007755,0.000166,0.268584,-0.002022,0.002906,-0.000134
22,237.734055,43,2.150000,0.252908,0.249646,0.269667,-0.209367,-0.206723,-0.193397,0.999935,-0.008027,0.008128,-0.000125,0.007342,-0.007610,0.000162,0.268448,0.004767,-0.003794,-0.000139
22,237.734055,44,2.200000,0.242440,0.239310,0.259997,-0.201285,-0.198744,-0.186900,0.999938,-0.007843,0.007938,-0.000121,0.007581,-0.007800,0.000158,0.268317,0.010160,-0.009247,-0.000141
22,237.734055,45,2.250000,0.232376,0.229373,0.250652,-0.193396,-0.190951,-0.180641,0.999941,-0.007653,0.007743,-0.000117,0.008089,-0.008262,0.000154,0.268190,0.013610,-0.012855,-0.000143
22,237.734055,46,2.300000,0.222706,0.219825,0.241620,-0.185705,-0.183351,-0.174610,0.999944,-0.007451,0.007537,-0.000113,0.008769,-0.008905,0.000150,0.268068,0.014974,-0.014424,-0.000142
22,237.734055,47,2.350000,0.213421,0.210658,0.232890,-0.178222,-0.175954,-0.168799,0.999947,-0.007232,0.007314,-0.000109,0.009518,-0.009626,0.000146,0.267950,0.014432,-0.014090,-0.000141
22,237.734055,48,2.400000,0.204510,0.201860,0.224450,-0.170963,-0.168778,-0.163201,0.999951,-0.006994,0.007073,-0.000106,0.010240,-0.010330,0.000142,0.267836,0.012380,-0.012221,-0.000138
22,237.734055,49,2.450000,0.195961,0.193421,0.216290,-0.163946,-0.161841,-0.157807,0.999954,-0.006738,0.006815,-0.000102,0.010859,-0.010941,0.000138,0.267726,0.009318,-0.009296,-0.000135
22,237.734055,50,2.500000,0.187764,0.185329,0.208399,-0.157188,-0.155161,-0.152609,0.999958,-0.006467,0.006542,-0.000099,0.011325,-0.011406,0.000134,0.267620,0.005745,-0.005811,-0.000131
22,237.734055,51,2.550000,0.179905,0.177571,0.200769,-0.150704,-0.148752,-0.147601,0.999961,-0.006184,0.006256,-0.000095,0.011612,-0.011697,0.000131,0.267517,0.002090,-0.002197,-0.000126
22,237.734055,52,2.600000,0.172369,0.170133,0.193389,-0.144505,-0.142626,-0.142775,0.999965,-0.005893,0.005964,-0.000092,0.011717,-0.011806,0.000127,0.267418,-0.001330,0.001222,-0.000121
22,237.734055,53,2.650000,0.165144,0.163002,0.186250,-0.138597,-0.136790,-0.138126,0.999968,-0.005600,0.005669,-0.000089,0.011650,-0.011745,0.000124,0.267323,-0.004326,0.004241,-0.000116
22,237.734055,54,2.700000,0.158214,0.156162,0.179344,-0.132984,-0.131246,-0.133647,0.999971,-0.005309,0.005375,-0.000086,0.011434,-0.011533,0.000120,0.267230,-0.006818,0.006771,-0.000111
22,237.734055,55,2.750000,0.151565,0.149600,0.172661,-0.127664,-0.125992,-0.129333,0.999974,-0.005023,0.005087,-0.000083,0.011093,-0.011194,0.000117,0.267140,-0.008811,0.008806,-0.000106
22,237.734055,56,2.800000,0.145182,0.143301,0.166195,-0.122631,-0.121022,-0.125179,0.999977,-0.004746,0.004807,-0.000080,0.010653,-0.010754,0.000114,0.267054,-0.010360,0.010392,-0.000101
22,237.734055,57,2.850000,0.139050,0.137249,0.159936,-0.117876,-0.116329,-0.121180,0.999980,-0.004480,0.004538,-0.000077,0.010135,-0.010234,0.000111,0.266970,-0.011534,0.011594,-0.000097
22,237.734055,58,2.900000,0.133157,0.131433,0.153877,-0.113388,-0.111900,-0.117331,0.999982,-0.004226,0.004282,-0.000074,0.009558,-0.009655,0.000109,0.266889,-0.012388,0.012464,-0.000092
22,237.734055,59,2.950000,0.127487,0.125838,0.148010,-0.109155,-0.107722,-0.113629,0.999984,-0.003987,0.004041,-0.000072,0.008939,-0.009031,0.000106,0.266810,-0.012947,0.013030,-0.000088
22,237.734055,60,3.000000,0.122029,0.120452,0.142329,-0.105162,-0.103782,-0.110068,0.999986,-0.003764,0.003815,-0.000069,0.008291,-0.008380,0.000103,0.266734,-0.013206,0.013285,-0.000084
22,237.734055,61,3.050000,0.116771,0.115263,0.136825,-0.101393,-0.100064,-0.106644,0.999987,-0.003557,0.003606,-0.000066,0.007631,-0.007716,0.000101,0.266660,-0.013130,0.013200,-0.000081
22,237.734055,62,3.100000,0.111702,0.110260,0.131493,-0.097831,-0.096552,-0.103354,0.999989,-0.003366,0.003413,-0.000064,0.006975,-0.007056,0.000099,0.266589,-0.012682,0.012738,-0.000078
22,237.734055,63,3.150000,0.106810,0.105432,0.126325,-0.094462,-0.093229,-0.100193,0.999990,-0.003192,0.003236,-0.000061,0.006341,-0.006419,0.000097,0.266520,-0.011838,0.011878,-0.000075
22,237.734055,64,3.200000,0.102087,0.100771,0.121316,-0.091267,-0.090079,-0.097157,0.999991,-0.003033,0.003076,-0.000059,0.005749,-0.005825,0.000094,0.266453,-0.010616,0.010641,-0.000073
22,237.734055,65,3.250000,0.097524,0.096267,0.116458,-0.088231,-0.087086,-0.094243,0.999992,-0.002889,0.002930,-0.000057,0.005218,-0.005293,0.000092,0.266389,-0.009097,0.009110,-0.000071
22,237.734055,66,3.300000,0.093112,0.091912,0.111746,-0.085340,-0.084235,-0.091448,0.999992,-0.002759,0.002798,-0.000054,0.004763,-0.004837,0.000090,0.266326,-0.007428,0.007433,-0.000069
22,237.734055,67,3.350000,0.088845,0.087701,0.107173,-0.082580,-0.081514,-0.088767,0.999993,-0.002640,0.002677,-0.000052,0.004392,-0.004465,0.000088,0.266265,-0.005816,0.005820,-0.000067
22,237.734055,68,3.400000,0.084716,0.083625,0.102735,-0.079940,-0.078911,-0.086197,0.999994,-0.002530,0.002565,-0.000050,0.004101,-0.004174,0.000086,0.266206,-0.004503,0.004514,-0.000066
22,237.734055,69,3.450000,0.080719,0.079679,0.098425,-0.077410,-0.076417,-0.083736,0.999994,-0.002427,0.002461,-0.000048,0.003876,-0.003949,0.000085,0.266149,-0.003717,0.003743,-0.000065
22,237.734055,70,3.500000,0.076849,0.075858,0.094238,-0.074984,-0.074024,-0.081379,0.999994,-0.002331,0.002362,-0.000046,0.003690,-0.003762,0.000083,0.266093,-0.003611,0.003662,-0.000064
22,237.734055,71,3.550000,0.073099,0.072157,0.090170,-0.072656,-0.071728,-0.079124,0.999995,-0.002238,0.002268,-0.000044,0.003509,-0.003578,0.000081,0.266039,-0.004196,0.004278,-0.000063
22,237.734055,72,3.600000,0.069467,0.068571,0.086213,-0.070421,-0.069522,-0.076969,0.999995,-0.002151,0.002179,-0.000042,0.003300,-0.003365,0.000079,0.265987,-0.005276,0.005392,-0.000063
22,237.734055,73,3.650000,0.065946,0.065095,0.082365,-0.068274,-0.067404,-0.074910,0.999996,-0.002068,0.002095,-0.000040,0.003036,-0.003095,0.000077,0.265936,-0.006413,0.006559,-0.000062
22,237.734055,74,3.700000,0.062532,0.061725,0.078619,-0.066211,-0.065367,-0.072944,0.999996,-0.001992,0.002017,-0.000038,0.002715,-0.002767,0.000076,0.265886,-0.006934,0.007097,-0.000062
22,237.734055,75,3.750000,0.059221,0.058456,0.074972,-0.064225,-0.063405,-0.071071,0.999996,-0.001924,0.001948,-0.000036,0.002369,-0.002412,0.000074,0.265838,-0.006005,0.006160,-0.000062
22,237.734055,76,3.800000,0.056010,0.055286,0.071419,-0.062306,-0.061511,-0.069286,0.999996,-0.001865,0.001888,-0.000034,0.002068,-0.002104,0.000072,0.265791,-0.002771,0.002885,-0.000061
22,237.734055,77,3.850000,0.052895,0.052210,0.067954,-0.060448,-0.059675,-0.067588,0.999997,-0.001813,0.001835,-0.000032,0.001930,-0.001960,0.000070,0.265745,0.003407,-0.003377,-0.000060
22,237.734055,78,3.900000,0.049872,0.049227,0.064575,-0.058642,-0.057890,-0.065974,0.999997,-0.001765,0.001786,-0.000030,0.002100,-0.002129,0.000069,0.265700,0.012668,-0.012765,-0.000059
22,237.734055,79,3.950000,0.046940,0.046332,0.061276,-0.056884,-0.056153,-0.064443,0.999997,-0.001713,0.001733,-0.000029,0.002734,-0.002767,0.000067,0.265656,0.024336,-0.024593,-0.000058
22,237.734055,80,4.000000,0.044096,0.043525,0.058054,-0.055178,-0.054468,-0.062993,0.999997,-0.001644,0.001664,-0.000027,0.003950,-0.003997,0.000065,0.265613,0.036638,-0.037063,-0.000056
22,237.734055,81,4.050000,0.041337,0.040801,0.054904,-0.053542,-0.052850,-0.061622,0.999998,-0.001546,0.001564,-0.000025,0.005782,-0.005850,0.000064,0.265572,0.046556,-0.047118,-0.000053
22,237.734055,82,4.100000,0.038660,0.038159,0.051823,-0.052003,-0.051330,-0.060328,0.999998,-0.001401,0.001418,-0.000024,0.008110,-0.008206,0.000062,0.265531,0.049905,-0.050519,-0.000049
22,237.734055,83,4.150000,0.036060,0.035592,0.048807,-0.050609,-0.049953,-0.059108,0.999999,-0.001198,0.001213,-0.000022,0.010605,-0.010732,0.000061,0.265491,0.041750,-0.042265,-0.000045
22,237.734055,84,4.200000,0.033530,0.033094,0.045852,-0.049417,-0.048774,-0.057961,0.999999,-0.000933,0.000944,-0.000021,0.012693,-0.012845,0.000059,0.265452,0.017239,-0.017443,-0.000040
22,237.734055,85,4.250000,0.031059,0.030656,0.042953,-0.048488,-0.047857,-0.056886,1.000000,-0.000616,0.000623,-0.000019,0.013555,-0.013717,0.000058,0.265413,-0.027102,0.027466,-0.000034
22,237.734055,86,4.300000,0.028634,0.028263,0.040109,-0.047876,-0.047252,-0.055881,1.000000,-0.000277,0.000280,-0.000018,0.012200,-0.012344,0.000057,0.265374,-0.091691,0.092883,-0.000027
22,237.734055,87,4.350000,0.026241,0.025900,0.037315,-0.047600,-0.046980,-0.054948,1.000000,0.000028,-0.000028,-0.000016,0.007615,-0.007699,0.000057,0.265336,-0.171996,0.174215,-0.000020
22,237.734055,88,4.400000,0.023861,0.023551,0.034568,-0.047628,-0.047007,-0.054085,1.000000,0.000218,-0.000221,-0.000015,-0.000985,0.001011,0.000056,0.265300,-0.256800,0.260096,-0.000013
22,237.734055,89,4.450000,0.021479,0.021201,0.031863,-0.047845,-0.047222,-0.053289,1.000000,0.000194,-0.000196,-0.000013,-0.013825,0.014016,0.000056,0.265267,-0.327153,0.331332,-0.000007
22,237.734055,90,4.500000,0.019087,0.018840,0.029199,-0.048037,-0.047412,-0.052555,1.000000,-0.000152,0.000155,-0.000012,-0.030182,0.030583,0.000055,0.265238,-0.356767,0.361294,-0.000004
22,237.734055,91,4.550000,0.016685,0.016469,0.026571,-0.047885,-0.047263,-0.051873,0.999999,-0.000906,0.000919,-0.000011,-0.048021,0.048647,0.000055,0.265210,-0.314755,0.318705,-0.000004
22,237.734055,92,4.600000,0.014291,0.014106,0.023978,-0.046982,-0.046373,-0.051246,0.999996,-0.002107,0.002136,-0.000009,-0.063759,0.064583,0.000055,0.265174,-0.171767,0.173852,-0.000011
22,237.734055,93,4.650000,0.011942,0.011787,0.021415,-0.044884,-0.044304,-0.050692,0.999986,-0.003701,0.003750,-0.000008,-0.072347,0.073275,0.000055,0.265120,0.089477,-0.090749,-0.000028
22,237.734055,94,4.700000,0.009697,0.009572,0.018881,-0.041202,-0.040670,-0.050256,0.999969,-0.005509,0.005582,-0.000006,-0.067873,0.068737,0.000054,0.265048,0.458156,-0.464117,-0.000060
22,237.734055,95,4.750000,0.007637,0.007539,0.016368,-0.035722,-0.035262,-0.049987,0.999947,-0.007206,0.007300,-0.000005,-0.044966,0.045531,0.000052,0.264982,0.871888,-0.883064,-0.000113
22,237.734055,96,4.800000,0.005851,0.005776,0.013869,-0.028558,-0.028190,-0.049883,0.999930,-0.008330,0.008439,-0.000004,-0.001371,0.001378,0.000049,0.264980,1.183297,-1.198343,-0.000194
22,237.734055,97,4.850000,0.004423,0.004366,0.011374,-0.020277,-0.020016,-0.049817,0.999929,-0.008364,0.008473,-0.000003,0.057793,-0.058539,0.000044,0.265112,1.113865,-1.127926,-0.000315
22,237.734055,98,4.900000,0.003409,0.003365,0.008884,-0.011958,-0.011803,-0.049509,0.999951,-0.006920,0.007010,-0.000001,0.113487,-0.114935,0.000035,0.264668,0.194246,-0.196584,-0.000490
22,237.734055,99,4.950000,0.002812,0.002775,0.006408,-0.005087,-0.005021,-0.049979,0.999983,-0.004083,0.004136,-0.000001,0.123199,-0.124764,0.000021,0.291889,-2.463788,2.495070,-0.000737
22,237.734055,100,5.000000,0.002557,0.002524,0.003909,-0.000615,-0.000607,0.000020,0.999999,-0.001003,0.001017,-0.000000,0.000010,-0.000011,-0.000000,0,0,0,0
23,232.688545,0,0.000000,1.011248,0.999042,0.981458,-0.013710,-0.010796,0.000636,0.999993,0.002501,-0.002667,0.000002,0.000000,0.000000,0.000000,0.237876,35.292668,-34.805959,-0.251993
23,232.688545,1,0.050000,1.010562,0.998502,0.981490,-0.016060,-0.012999,-0.049364,0.999993,0.002501,-0.002667,0.000002,1.764633,-1.740298,-0.007163,0.237876,-27.501996,26.701611,0.116615
23,232.688545,2,0.100000,1.009759,0.997852,0.979022,-0.018410,-0.015202,-0.099364,0.997853,0.046528,-0.046086,-0.000168,0.389061,-0.405697,-0.003848,0.239928,-7.789139,8.123449,0.074294
23,232.688545,3,0.150000,1.008839,0.997092,0.974053,-0.059282,-0.056452,-0.149364,0.996835,0.056230,-0.056198,-0.000288,-0.000456,0.000419,-0.001736,0.240915,0.018168,-0.016684,0.041554
23,232.688545,4,0.200000,1.005875,0.994270,0.966585,-0.109282,-0.106451,-0.199364,0.996836,0.056221,-0.056185,-0.000331,0.000453,-0.000416,-0.000555,0.240914,-0.009306,0.008557,0.025544
23,232.688545,5,0.250000,1.000411,0.988947,0.956617,-0.159272,-0.156441,-0.249364,0.996835,0.056233,-0.056195,-0.000345,-0.000013,0.000012,0.000171,0.240915,0.000377,-0.000351,0.016328
23,232.688545,6,0.300000,0.992447,0.981125,0.944149,-0.209272,-0.206441,-0.299364,0.996835,0.056233,-0.056195,-0.000341,0.000006,-0.000005,0.000635,0.240915,-0.000804,0.000624,0.009242
23,232.688545,7,0.350000,0.981984,0.970803,0.929181,-0.259271,-0.256440,-0.349364,0.996835,0.056232,-0.056196,-0.000325,-0.000034,0.000026,0.000898,0.240915,-0.116687,0.107043,0.004222
23,232.688545,8,0.400000,0.969020,0.957981,0.911712,-0.309271,-0.306440,-0.399364,0.996835,0.056230,-0.056196,-0.000302,-0.005868,0.005378,0.001018,0.240915,-0.594964,0.591807,0.000815
23,232.688545,9,0.450000,0.953557,0.942659,0.891744,-0.359270,-0.356439,-0.449363,0.996851,0.056082,-0.056064,-0.000278,-0.035617,0.034968,0.001041,0.240900,-2.474957,2.506924,-0.001378
23,232.688545,10,0.500000,0.935593,0.924837,0.869276,-0.409148,-0.406306,-0.499363,0.996949,0.055194,-0.055193,-0.000253,-0.159366,0.160313,0.001002,0.240805,-2.216114,2.114962,-0.002732
23,232.688545,11,0.550000,0.915136,0.904522,0.844308,-0.458235,-0.455368,-0.549361,0.997374,0.051220,-0.051197,-0.000226,-0.270178,0.266055,0.000924,0.264315,-0.800189,0.576473,-0.004236
23,232.688545,12,0.600000,0.892224,0.881753,0.816840,-0.508234,-0.505367,-0.555523,0.998016,0.044482,-0.044561,-0.000208,-0.310196,0.294869,0.000804,0.294202,-2.509291,2.557670,-0.005390
23,232.688545,13,0.650000,0.866812,0.856485,0.789064,-0.556703,-0.553730,-0.505524,0.998632,0.036741,-0.037201,-0.000206,-0.435670,0.422743,0.000650,0.239179,-1.727722,1.881798,-0.004656
23,232.688545,14,0.700000,0.838977,0.828798,0.763787,-0.589619,-0.586226,-0.555522,0.999310,0.025863,-0.026642,-0.000207,-0.522067,0.516822,0.000518,0.292676,-0.206958,0.350790,-0.003359
23,232.688545,15,0.750000,0.809496,0.799487,0.736011,-0.618485,-0.614235,-0.505523,0.999824,0.012820,-0.013726,-0.000207,-0.532425,0.534351,0.000423,0.257482,1.192151,-1.092067,-0.002271
23,232.688545,16,0.800000,0.778572,0.768775,0.710735,-0.631574,-0.626456,-0.519541,1.000000,-0.000485,-0.000367,-0.000208,-0.472826,0.479740,0.000358,0.291870,1.964042,-1.911078,-0.001574
23,232.688545,17,0.850000,0.746993,0.737453,0.684758,-0.631971,-0.625932,-0.469543,0.999857,-0.012302,0.011628,-0.000209,-0.374630,0.384179,0.000313,0.260147,2.395762,-2.381613,-0.001146
23,232.688545,18,0.900000,0.715395,0.706156,0.661281,-0.620767,-0.614083,-0.478565,0.999540,-0.021662,0.021231,-0.000211,-0.254847,0.265094,0.000281,0.292407,2.376844,-2.392149,-0.000886
23,232.688545,19,0.950000,0.684356,0.675452,0.637353,-0.597779,-0.590639,-0.428566,0.999219,-0.028028,0.027855,-0.000212,-0.136007,0.145484,0.000256,0.256977,2.193263,-2.231958,-0.000709
23,232.688545,20,1.000000,0.654467,0.645920,0.615924,-0.571283,-0.563990,-0.444670,0.999010,-0.031424,0.031490,-0.000213,-0.026345,0.033885,0.000235,0.293029,1.700769,-1.753360,-0.000567
23,232.688545,21,1.050000,0.625903,0.617720,0.593691,-0.537133,-0.529927,-0.394671,0.998962,-0.032081,0.032337,-0.000213,0.058693,-0.053783,0.000219,0.263345,1.098478,-1.154978,-0.000437
23,232.688545,22,1.100000,0.599047,0.591224,0.573957,-0.505619,-0.498675,-0.399518,0.999051,-0.030616,0.030993,-0.000212,0.113617,-0.111532,0.000207,0.272552,0.492066,-0.539832,-0.000311
23,232.688545,23,1.150000,0.573766,0.566290,0.553982,-0.474356,-0.467806,-0.387209,0.999216,-0.027778,0.028207,-0.000209,0.138221,-0.138523,0.000198,0.272361,-0.009136,-0.022441,-0.000200
23,232.688545,24,1.200000,0.550048,0.542900,0.534621,-0.445919,-0.439813,-0.374918,0.999398,-0.024326,0.024746,-0.000205,0.137765,-0.139644,0.000192,0.272226,-0.338820,0.324583,-0.000116
23,232.688545,25,1.250000,0.527752,0.520909,0.515875,-0.420979,-0.415307,-0.362511,0.999556,-0.020884,0.021256,-0.000201,0.120825,-0.123413,0.000189,0.272044,-0.494142,0.493982,-0.000060
23,232.688545,26,1.300000,0.506703,0.500144,0.497750,-0.399567,-0.394279,-0.350120,0.999675,-0.017865,0.018171,-0.000196,0.096119,-0.098713,0.000187,0.271795,-0.512411,0.521285,-0.000027
23,232.688545,27,1.350000,0.486725,0.480430,0.480244,-0.381277,-0.376304,-0.337950,0.999757,-0.015463,0.015704,-0.000191,0.070499,-0.072648,0.000187,0.271506,-0.444049,0.457003,-0.000011
23,232.688545,28,1.400000,0.467661,0.461615,0.463346,-0.365487,-0.360762,-0.326148,0.999810,-0.013701,0.013888,-0.000186,0.048297,-0.049798,0.000186,0.271215,-0.335930,0.349083,-0.000006
23,232.688545,29,1.450000,0.449386,0.443577,0.447039,-0.351536,-0.347004,-0.314781,0.999842,-0.012494,0.012643,-0.000181,0.031501,-0.032343,0.000186,0.270942,-0.223240,0.234116,-0.000010
23,232.688545,30,1.500000,0.431809,0.426227,0.431300,-0.338849,-0.334471,-0.303855,0.999861,-0.011707,0.011834,-0.000176,0.020340,-0.020637,0.000186,0.270694,-0.127514,0.134954,-0.000019
23,232.688545,31,1.550000,0.414867,0.409503,0.416107,-0.326984,-0.322738,-0.293346,0.999873,-0.011198,0.011318,-0.000171,0.013964,-0.013889,0.000185,0.270470,-0.058262,0.062131,-0.000031
23,232.688545,32,1.600000,0.398518,0.393366,0.401440,-0.315645,-0.311523,-0.283230,0.999881,-0.010849,0.010971,-0.000167,0.011051,-0.010783,0.000184,0.270262,-0.016178,0.017015,-0.000044
23,232.688545,33,1.650000,0.382736,0.377790,0.387278,-0.304663,-0.300666,-0.273484,0.999887,-0.010573,0.010702,-0.000162,0.010242,-0.009932,0.000183,0.270065,0.003361,-0.004681,-0.000058
23,232.688545,34,1.700000,0.367502,0.362757,0.373604,-0.293958,-0.290094,-0.264090,0.999892,-0.010317,0.010453,-0.000158,0.010410,-0.010166,0.000182,0.269876,0.007282,-0.009814,-0.000071
23,232.688545,35,1.750000,0.352805,0.348252,0.360399,-0.283509,-0.279784,-0.255036,0.999897,-0.010057,0.010199,-0.000153,0.010774,-0.010657,0.000180,0.269693,0.002612,-0.005521,-0.000082
23,232.688545,36,1.800000,0.338629,0.334263,0.347648,-0.273321,-0.269741,-0.246310,0.999903,-0.009788,0.009933,-0.000149,0.010905,-0.010933,0.000177,0.269516,-0.004869,0.002209,-0.000093
23,232.688545,37,1.850000,0.324963,0.320776,0.335332,-0.263405,-0.259974,-0.237900,0.999908,-0.009515,0.009660,-0.000145,0.010662,-0.010822,0.000175,0.269346,-0.011217,0.009191,-0.000102
23,232.688545,38,1.900000,0.311793,0.307777,0.323437,-0.253768,-0.250484,-0.229794,0.999913,-0.009248,0.009389,-0.000140,0.010101,-0.010362,0.000172,0.269182,-0.014364,0.013135,-0.000111
23,232.688545,39,1.950000,0.299104,0.295253,0.311947,-0.244407,-0.241266,-0.221982,0.999918,-0.008996,0.009130,-0.000136,0.009383,-0.009706,0.000168,0.269024,-0.013810,0.013362,-0.000118
23,232.688545,40,2.000000,0.286884,0.283190,0.300848,-0.235309,-0.232304,-0.214452,0.999922,-0.008761,0.008888,-0.000132,0.008692,-0.009037,0.000165,0.268873,-0.010142,0.010339,-0.000125
23,232.688545,41,2.050000,0.275119,0.271574,0.290126,-0.226458,-0.223581,-0.207195,0.999926,-0.008544,0.008662,-0.000128,0.008185,-0.008520,0.000162,0.268727,-0.004538,0.005186,-0.000130
23,232.688545,42,2.100000,0.263796,0.260395,0.279766,-0.217837,-0.215079,-0.200200,0.999930,-0.008339,0.008449,-0.000123,0.007958,-0.008261,0.000158,0.268586,0.001660,-0.000769,-0.000134
23,232.688545,43,2.150000,0.252904,0.249641,0.269756,-0.209432,-0.206785,-0.193459,0.999933,-0.008140,0.008242,-0.000119,0.008042,-0.008300,0.000154,0.268450,0.007268,-0.006319,-0.000137
23,232.688545,44,2.200000,0.242432,0.239302,0.260083,-0.201237,-0.198693,-0.186964,0.999936,-0.007939,0.008035,-0.000116,0.008405,-0.008615,0.000150,0.268318,0.011439,-0.010570,-0.000138
23,232.688545,45,2.250000,0.232370,0.229367,0.250735,-0.193252,-0.190805,-0.180705,0.999940,-0.007729,0.007819,-0.000112,0.008977,-0.009144,0.000146,0.268192,0.013731,-0.013030,-0.000138
23,232.688545,46,2.300000,0.222708,0.219827,0.241700,-0.185485,-0.183128,-0.174674,0.999943,-0.007505,0.007591,-0.000108,0.009664,-0.009795,0.000142,0.268069,0.014084,-0.013588,-0.000137
23,232.688545,47,2.350000,0.213434,0.210671,0.232966,-0.177948,-0.175679,-0.168863,0.999947,-0.007263,0.007346,-0.000105,0.010368,-0.010475,0.000138,0.267951,0.012735,-0.012440,-0.000135
23,232.688545,48,2.400000,0.204536,0.201887,0.224523,-0.170658,-0.168471,-0.163263,0.999950,-0.007004,0.007084,-0.000101,0.011005,-0.011097,0.000135,0.267837,0.010107,-0.009982,-0.000131
23,232.688545,49,2.450000,0.196003,0.193463,0.216360,-0.163630,-0.161525,-0.157867,0.999954,-0.006729,0.006807,-0.000098,0.011510,-0.011596,0.000131,0.267727,0.006700,-0.006698,-0.000127
23,232.688545,50,2.500000,0.187822,0.185387,0.208466,-0.156880,-0.154853,-0.152667,0.999958,-0.006441,0.006517,-0.000094,0.011845,-0.011930,0.000127,0.267621,0.002991,-0.003063,-0.000123
23,232.688545,51,2.550000,0.179978,0.177644,0.200833,-0.150421,-0.148469,-0.147655,0.999962,-0.006145,0.006218,-0.000091,0.011995,-0.012084,0.000124,0.267518,-0.000623,0.000522,-0.000118
23,232.688545,52,2.600000,0.172457,0.170221,0.193450,-0.144259,-0.142382,-0.142827,0.999965,-0.005845,0.005916,-0.000088,0.011964,-0.012057,0.000120,0.267419,-0.003867,0.003771,-0.000113
23,232.688545,53,2.650000,0.165244,0.163102,0.186309,-0.138399,-0.136593,-0.138174,0.999969,-0.005546,0.005615,-0.000085,0.011770,-0.011869,0.000117,0.267324,-0.006592,0.006523,-0.000108
23,232.688545,54,2.700000,0.158324,0.156272,0.179400,-0.132839,-0.131102,-0.133692,0.999972,-0.005252,0.005318,-0.000082,0.011441,-0.011543,0.000114,0.267231,-0.008755,0.008724,-0.000102
23,232.688545,55,2.750000,0.151682,0.149717,0.172716,-0.127575,-0.125905,-0.129376,0.999975,-0.004966,0.005030,-0.000079,0.011003,-0.011106,0.000111,0.267141,-0.010393,0.010400,-0.000098
23,232.688545,56,2.800000,0.145303,0.143422,0.166247,-0.122599,-0.120992,-0.125219,0.999978,-0.004691,0.004752,-0.000077,0.010484,-0.010586,0.000108,0.267054,-0.011583,0.011624,-0.000093
23,232.688545,57,2.850000,0.139173,0.137372,0.159986,-0.117898,-0.116352,-0.121218,0.999980,-0.004429,0.004487,-0.000074,0.009904,-0.010005,0.000106,0.266970,-0.012414,0.012477,-0.000088
23,232.688545,58,2.900000,0.133278,0.131555,0.153925,-0.113461,-0.111974,-0.117367,0.999982,-0.004181,0.004237,-0.000071,0.009284,-0.009381,0.000103,0.266889,-0.012952,0.013027,-0.000084
23,232.688545,59,2.950000,0.127605,0.125956,0.148057,-0.109273,-0.107841,-0.113663,0.999984,-0.003949,0.004003,-0.000069,0.008636,-0.008730,0.000101,0.266811,-0.013231,0.013310,-0.000081
23,232.688545,60,3.000000,0.122141,0.120564,0.142373,-0.105317,-0.103939,-0.110101,0.999986,-0.003733,0.003784,-0.000066,0.007975,-0.008064,0.000099,0.266735,-0.013249,0.013323,-0.000077
23,232.688545,61,3.050000,0.116876,0.115367,0.136868,-0.101578,-0.100251,-0.106676,0.999987,-0.003534,0.003583,-0.000064,0.007312,-0.007398,0.000096,0.266661,-0.012973,0.013039,-0.000074
23,232.688545,62,3.100000,0.111797,0.110354,0.131535,-0.098039,-0.096761,-0.103384,0.999989,-0.003351,0.003398,-0.000061,0.006664,-0.006746,0.000094,0.266590,-0.012364,0.012418,-0.000072
23,232.688545,63,3.150000,0.106895,0.105516,0.126365,-0.094684,-0.093452,-0.100223,0.999990,-0.003185,0.003229,-0.000059,0.006046,-0.006125,0.000092,0.266521,-0.011393,0.011434,-0.000069
23,232.688545,64,3.200000,0.102161,0.100844,0.121354,-0.091497,-0.090309,-0.097186,0.999991,-0.003033,0.003076,-0.000057,0.005476,-0.005553,0.000090,0.266454,-0.010069,0.010100,-0.000067
23,232.688545,65,3.250000,0.097586,0.096328,0.116495,-0.088461,-0.087316,-0.094272,0.999991,-0.002896,0.002937,-0.000054,0.004972,-0.005048,0.000088,0.266389,-0.008463,0.008484,-0.000065
23,232.688545,66,3.300000,0.093163,0.091962,0.111781,-0.085563,-0.084458,-0.091475,0.999992,-0.002772,0.002811,-0.000052,0.004549,-0.004624,0.000087,0.266326,-0.006709,0.006726,-0.000064
23,232.688545,67,3.350000,0.088885,0.087740,0.107208,-0.082790,-0.081724,-0.088794,0.999993,-0.002658,0.002695,-0.000050,0.004214,-0.004288,0.000085,0.266266,-0.005008,0.005025,-0.000063
23,232.688545,68,3.400000,0.084745,0.083653,0.102768,-0.080132,-0.079102,-0.086224,0.999993,-0.002553,0.002588,-0.000048,0.003964,-0.004037,0.000083,0.266207,-0.003597,0.003620,-0.000062
23,232.688545,69,3.450000,0.080738,0.079698,0.098457,-0.077580,-0.076585,-0.083761,0.999994,-0.002454,0.002487,-0.000046,0.003784,-0.003856,0.000081,0.266149,-0.002710,0.002746,-0.000061
23,232.688545,70,3.500000,0.076859,0.075869,0.094269,-0.075128,-0.074166,-0.081404,0.999994,-0.002359,0.002391,-0.000044,0.003648,-0.003718,0.000079,0.266094,-0.002514,0.002571,-0.000061
23,232.688545,71,3.550000,0.073103,0.072161,0.090198,-0.072771,-0.071841,-0.079149,0.999995,-0.002268,0.002298,-0.000042,0.003523,-0.003590,0.000078,0.266040,-0.003045,0.003130,-0.000060
23,232.688545,72,3.600000,0.069465,0.068569,0.086241,-0.070507,-0.069606,-0.076993,0.999995,-0.002180,0.002208,-0.000040,0.003370,-0.003433,0.000076,0.265987,-0.004142,0.004257,-0.000060
23,232.688545,73,3.650000,0.065939,0.065088,0.082391,-0.068331,-0.067459,-0.074934,0.999996,-0.002096,0.002122,-0.000038,0.003163,-0.003220,0.000074,0.265936,-0.005402,0.005546,-0.000060
23,232.688545,74,3.700000,0.062523,0.061715,0.078645,-0.066241,-0.065395,-0.072968,0.999996,-0.002017,0.002042,-0.000036,0.002893,-0.002943,0.000073,0.265887,-0.006183,0.006342,-0.000059
23,232.688545,75,3.750000,0.059211,0.058446,0.074996,-0.064230,-0.063409,-0.071094,0.999996,-0.001944,0.001968,-0.000034,0.002584,-0.002626,0.000071,0.265838,-0.005660,0.005813,-0.000059
23,232.688545,76,3.800000,0.055999,0.055275,0.071442,-0.062292,-0.061494,-0.069308,0.999996,-0.001880,0.001903,-0.000033,0.002301,-0.002335,0.000069,0.265791,-0.002964,0.003078,-0.000059
23,232.688545,77,3.850000,0.052885,0.052200,0.067976,-0.060419,-0.059644,-0.067610,0.999997,-0.001822,0.001844,-0.000031,0.002153,-0.002181,0.000068,0.265745,0.002600,-0.002565,-0.000058
23,232.688545,78,3.900000,0.049864,0.049218,0.064596,-0.058603,-0.057850,-0.065996,0.999997,-0.001769,0.001790,-0.000029,0.002283,-0.002310,0.000066,0.265700,0.011263,-0.011350,-0.000057
23,232.688545,79,3.950000,0.046933,0.046326,0.061296,-0.056842,-0.056110,-0.064464,0.999997,-0.001711,0.001732,-0.000027,0.002846,-0.002877,0.000064,0.265656,0.022473,-0.022716,-0.000056
23,232.688545,80,4.000000,0.044091,0.043520,0.058073,-0.055138,-0.054426,-0.063014,0.999997,-0.001640,0.001660,-0.000026,0.003970,-0.004013,0.000063,0.265614,0.034598,-0.035010,-0.000054
23,232.688545,81,4.050000,0.041334,0.040799,0.054922,-0.053505,-0.052812,-0.061642,0.999998,-0.001541,0.001560,-0.000024,0.005700,-0.005763,0.000061,0.265572,0.044749,-0.045303,-0.000052
23,232.688545,82,4.100000,0.038659,0.038158,0.051840,-0.051970,-0.051296,-0.060347,0.999998,-0.001399,0.001416,-0.000023,0.007937,-0.008029,0.000060,0.265531,0.048819,-0.049435,-0.000049
23,232.688545,83,4.150000,0.036061,0.035594,0.048822,-0.050578,-0.049921,-0.059127,0.999999,-0.001200,0.001215,-0.000021,0.010378,-0.010500,0.000058,0.265491,0.041857,-0.042390,-0.000045
23,232.688545,84,4.200000,0.033532,0.033097,0.045866,-0.049383,-0.048741,-0.057980,0.999999,-0.000941,0.000952,-0.000020,0.012471,-0.012620,0.000057,0.265452,0.018871,-0.019112,-0.000040
23,232.688545,85,4.250000,0.031063,0.030660,0.042967,-0.048447,-0.047816,-0.056904,1.000000,-0.000629,0.000637,-0.000018,0.013414,-0.013575,0.000056,0.265413,-0.023900,0.024206,-0.000034
23,232.688545,86,4.300000,0.028640,0.028270,0.040122,-0.047821,-0.047198,-0.055899,1.000000,-0.000294,0.000298,-0.000017,0.012219,-0.012365,0.000055,0.265374,-0.087285,0.088404,-0.000027
23,232.688545,87,4.350000,0.026249,0.025910,0.037327,-0.047528,-0.046909,-0.054966,1.000000,0.000012,-0.000012,-0.000016,0.007855,-0.007945,0.000054,0.265336,-0.167235,0.169378,-0.000020
23,232.688545,88,4.400000,0.023873,0.023564,0.034579,-0.047540,-0.046921,-0.054102,1.000000,0.000208,-0.000210,-0.000014,-0.000506,0.000524,0.000054,0.265300,-0.252972,0.256208,-0.000012
23,232.688545,89,4.450000,0.021496,0.021218,0.031874,-0.047746,-0.047126,-0.053306,1.000000,0.000196,-0.000197,-0.000013,-0.013155,0.013335,0.000053,0.265267,-0.325792,0.329947,-0.000006
23,232.688545,90,4.500000,0.019108,0.018862,0.029208,-0.047940,-0.047318,-0.052572,1.000000,-0.000133,0.000136,-0.000012,-0.029445,0.029832,0.000053,0.265237,-0.359270,0.363826,-0.000001
23,232.688545,91,4.550000,0.016711,0.016496,0.026580,-0.047806,-0.047187,-0.051891,0.999999,-0.000869,0.000882,-0.000010,-0.047408,0.048023,0.000053,0.265209,-0.321830,0.325873,-0.000000
23,232.688545,92,4.600000,0.014321,0.014137,0.023985,-0.046939,-0.046333,-0.051265,0.999996,-0.002055,0.002083,-0.000009,-0.063500,0.064317,0.000053,0.265173,-0.182795,0.185027,-0.000006
23,232.688545,93,4.650000,0.011974,0.011820,0.021422,-0.044894,-0.044315,-0.050712,0.999987,-0.003642,0.003691,-0.000008,-0.072640,0.073568,0.000053,0.265121,0.077014,-0.078117,-0.000022
23,232.688545,94,4.700000,0.009730,0.009604,0.018886,-0.041270,-0.040739,-0.050274,0.999970,-0.005458,0.005530,-0.000006,-0.068789,0.069662,0.000052,0.265049,0.448853,-0.454686,-0.000052
23,232.688545,95,4.750000,0.007666,0.007567,0.016373,-0.035842,-0.035381,-0.050002,0.999948,-0.007178,0.007271,-0.000005,-0.046347,0.046928,0.000051,0.264982,0.871734,-0.882900,-0.000103
23,232.688545,96,4.800000,0.005874,0.005798,0.013872,-0.028706,-0.028338,-0.049896,0.999930,-0.008336,0.008444,-0.000004,-0.002760,0.002782,0.000048,0.264980,1.197331,-1.212546,-0.000183
23,232.688545,97,4.850000,0.004439,0.004381,0.011378,-0.020419,-0.020157,-0.049830,0.999928,-0.008405,0.008514,-0.000002,0.057107,-0.057845,0.000043,0.265105,1.140961,-1.155357,-0.000303
23,232.688545,98,4.900000,0.003418,0.003374,0.008886,-0.012060,-0.011905,-0.049535,0.999951,-0.006978,0.007068,-0.000001,0.114155,-0.115613,0.000034,0.264683,0.217327,-0.219947,-0.000478
23,232.688545,99,4.950000,0.002815,0.002778,0.006409,-0.005131,-0.005065,-0.049979,0.999983,-0.004124,0.004178,-0.000001,0.125021,-0.126610,0.000020,0.291889,-2.500376,2.532135,-0.000729
23,232.688545,100,5.000000,0.002558,0.002525,0.003910,-0.000615,-0.000607,0.000020,0.999999,-0.000998,0.001013,-0.000000,0.000002,-0.000003,-0.000000,0,0,0,0
24,231.235149,0,0.000000,1.011248,0.999042,0.981458,-0.013710,-0.010796,0.000636,0.999993,0.002501,-0.002667,0.000002,0.000000,0.000000,0.000000,0.237876,35.704591,-35.229415,-0.248549
24,231.235149,1,0.050000,1.010562,0.998502,0.981490,-0.016060,-0.012999,-0.049364,0.999993,0.002501,-0.002667,0.000002,1.785230,-1.761471,-0.007065,0.237876,-28.324714,27.546769,0.117270
24,231.235149,2,0.100000,1.009759,0.997852,0.979022,-0.018410,-0.015202,-0.099364,0.997805,0.047039,-0.046612,-0.000166,0.368522,-0.384611,-0.003732,0.239975,-7.382257,7.705607,0.074161
24,231.235149,3,0.150000,1.008839,0.997092,0.974053,-0.059754,-0.056911,-0.149364,0.996835,0.056230,-0.056198,-0.000282,-0.000646,0.000617,-0.001624,0.240915,0.025643,-0.024507,0.040992
24,231.235149,4,0.200000,1.005851,0.994247,0.966585,-0.109754,-0.106911,-0.199364,0.996837,0.056216,-0.056180,-0.000322,0.000636,-0.000608,-0.000458,0.240914,-0.013033,0.012471,0.024792
24,231.235149,5,0.250000,1.000364,0.988901,0.956617,-0.159740,-0.156896,-0.249364,0.996835,0.056233,-0.056195,-0.000333,-0.000015,0.000015,0.000246,0.240915,0.000341,-0.000350,0.015533
24,231.235149,6,0.300000,0.992377,0.981056,0.944149,-0.209739,-0.206896,-0.299364,0.996835,0.056232,-0.056195,-0.000327,0.000002,-0.000002,0.000688,0.240915,-0.002340,0.001880,0.008495
24,231.235149,7,0.350000,0.981890,0.970711,0.929181,-0.259739,-0.256895,-0.349364,0.996835,0.056231,-0.056196,-0.000310,-0.000115,0.000092,0.000929,0.240915,-0.114910,0.105513,0.003574
24,231.235149,8,0.400000,0.968903,0.957867,0.911712,-0.309738,-0.306894,-0.399364,0.996835,0.056227,-0.056195,-0.000287,-0.005861,0.005367,0.001031,0.240915,-0.582057,0.578693,0.000289
24,231.235149,9,0.450000,0.953416,0.942522,0.891744,-0.359735,-0.356891,-0.449363,0.996851,0.056079,-0.056063,-0.000262,-0.034964,0.034302,0.001039,0.240900,-2.474761,2.507862,-0.001777
24,231.235149,10,0.500000,0.935429,0.924677,0.869276,-0.409611,-0.406756,-0.499362,0.996947,0.055207,-0.055209,-0.000237,-0.158703,0.159694,0.000989,0.240807,-2.202179,2.101034,-0.003011
24,231.235149,11,0.550000,0.914948,0.904340,0.844308,-0.458712,-0.455831,-0.549361,0.997371,0.051250,-0.051228,-0.000211,-0.268818,0.264739,0.000903,0.264159,-0.776086,0.548000,-0.004428
24,231.235149,12,0.600000,0.892013,0.881548,0.816840,-0.508711,-0.505830,-0.555815,0.998010,0.044545,-0.044625,-0.000194,-0.307631,0.292130,0.000777,0.294209,-2.552464,2.603189,-0.005512
24,231.235149,13,0.650000,0.866577,0.856257,0.789049,-0.557250,-0.554263,-0.505816,0.998622,0.036868,-0.037334,-0.000192,-0.435263,0.422281,0.000621,0.239188,-1.765126,1.922696,-0.004683
24,231.235149,14,0.700000,0.838715,0.828543,0.763758,-0.590284,-0.586873,-0.555814,0.999303,0.026000,-0.026787,-0.000194,-0.523529,0.518405,0.000487,0.292685,-0.221263,0.366594,-0.003315
24,231.235149,15,0.750000,0.809201,0.799200,0.735968,-0.619306,-0.615033,-0.505815,0.999821,0.012921,-0.013831,-0.000195,-0.534602,0.536725,0.000393,0.257439,1.194047,-1.094177,-0.002193
24,231.235149,16,0.800000,0.778235,0.768448,0.710677,-0.632493,-0.627348,-0.519918,1.000000,-0.000439,-0.000413,-0.000197,-0.474908,0.482008,0.000331,0.291870,1.969374,-1.917476,-0.001488
24,231.235149,17,0.850000,0.746611,0.737081,0.684681,-0.632939,-0.626873,-0.469919,0.999857,-0.012308,0.011638,-0.000198,-0.376445,0.386129,0.000289,0.260360,2.405285,-2.392290,-0.001062
24,231.235149,18,0.900000,0.714964,0.705737,0.661185,-0.621716,-0.615009,-0.478549,0.999538,-0.021713,0.021290,-0.000201,-0.256185,0.266510,0.000258,0.292410,2.386181,-2.402659,-0.000806
24,231.235149,19,0.950000,0.683878,0.674987,0.637258,-0.598665,-0.591509,-0.428550,0.999214,-0.028112,0.027950,-0.000202,-0.136879,0.146375,0.000235,0.257042,2.212980,-2.253066,-0.000633
24,231.235149,20,1.000000,0.653945,0.645411,0.615830,-0.572071,-0.564773,-0.444542,0.999003,-0.031530,0.031607,-0.000204,-0.026231,0.033720,0.000217,0.293037,1.706911,-1.760619,-0.000496
24,231.235149,21,1.050000,0.625341,0.617172,0.593603,-0.537795,-0.530593,-0.394543,0.998955,-0.032185,0.032449,-0.000204,0.059114,-0.054311,0.000203,0.263307,1.096142,-1.153348,-0.000372
24,231.235149,22,1.100000,0.598451,0.590643,0.573876,-0.506177,-0.499245,-0.399476,0.999045,-0.030709,0.031093,-0.000203,0.113922,-0.111978,0.000193,0.272637,0.484958,-0.532704,-0.000254
24,231.235149,23,1.150000,0.573143,0.565681,0.553902,-0.474804,-0.468273,-0.387021,0.999211,-0.027864,0.028295,-0.000201,0.138171,-0.138612,0.000186,0.272333,-0.017679,-0.013238,-0.000152
24,231.235149,24,1.200000,0.549402,0.542267,0.534551,-0.446281,-0.440196,-0.374790,0.999394,-0.024412,0.024832,-0.000198,0.137288,-0.139273,0.000181,0.272212,-0.344988,0.331756,-0.000077
24,231.235149,25,1.250000,0.527088,0.520257,0.515811,-0.421255,-0.415603,-0.362416,0.999552,-0.020983,0.021351,-0.000193,0.120039,-0.122685,0.000179,0.272035,-0.495504,0.496364,-0.000030
24,231.235149,26,1.300000,0.506026,0.499477,0.497691,-0.399749,-0.394476,-0.350050,0.999671,-0.017983,0.018285,-0.000189,0.095265,-0.097866,0.000178,0.271791,-0.508684,0.518354,-0.000005
24,231.235149,27,1.350000,0.486038,0.479753,0.480188,-0.381345,-0.376383,-0.337896,0.999753,-0.015603,0.015839,-0.000184,0.069831,-0.071947,0.000178,0.271505,-0.436485,0.449898,0.000004
24,231.235149,28,1.400000,0.466971,0.460934,0.463293,-0.365419,-0.360700,-0.326107,0.999805,-0.013858,0.014040,-0.000179,0.048007,-0.049452,0.000178,0.271215,-0.326480,0.339758,0.000003
24,231.235149,29,1.450000,0.448700,0.442899,0.446988,-0.351316,-0.346786,-0.314748,0.999838,-0.012658,0.012804,-0.000174,0.031684,-0.032464,0.000178,0.270943,-0.213845,0.224581,-0.000005
24,231.235149,30,1.500000,0.431134,0.425560,0.431251,-0.338467,-0.334088,-0.303826,0.999858,-0.011866,0.011992,-0.000169,0.020992,-0.021234,0.000178,0.270697,-0.119662,0.126801,-0.000017
24,231.235149,31,1.550000,0.414211,0.408855,0.416059,-0.326443,-0.322195,-0.293322,0.999870,-0.011341,0.011462,-0.000165,0.015009,-0.014894,0.000178,0.270472,-0.052816,0.056328,-0.000032
24,231.235149,32,1.600000,0.397889,0.392746,0.401393,-0.314961,-0.310837,-0.283208,0.999878,-0.010966,0.011089,-0.000161,0.012368,-0.012078,0.000177,0.270263,-0.013411,0.013915,-0.000047
24,231.235149,33,1.650000,0.382141,0.377204,0.387233,-0.303861,-0.299864,-0.273465,0.999885,-0.010657,0.010787,-0.000156,0.011698,-0.011382,0.000175,0.270065,0.003631,-0.005207,-0.000061
24,231.235149,34,1.700000,0.366948,0.362210,0.373560,-0.293070,-0.289207,-0.264073,0.999891,-0.010364,0.010503,-0.000152,0.011879,-0.011642,0.000174,0.269876,0.005508,-0.008197,-0.000074
24,231.235149,35,1.750000,0.352294,0.347750,0.360356,-0.282572,-0.278850,-0.255021,0.999897,-0.010068,0.010212,-0.000148,0.012155,-0.012052,0.000172,0.269693,-0.000649,-0.002320,-0.000085
24,231.235149,36,1.800000,0.338165,0.333808,0.347605,-0.272371,-0.268797,-0.246295,0.999903,-0.009764,0.009911,-0.000144,0.012122,-0.012168,0.000169,0.269516,-0.009076,0.006433,-0.000095
24,231.235149,37,1.850000,0.324547,0.320368,0.335290,-0.262478,-0.259053,-0.237885,0.999909,-0.009461,0.009606,-0.000139,0.011669,-0.011846,0.000166,0.269345,-0.015917,0.013960,-0.000103
24,231.235149,38,1.900000,0.311423,0.307415,0.323396,-0.252894,-0.249617,-0.229779,0.999915,-0.009169,0.009310,-0.000135,0.010873,-0.011148,0.000164,0.269181,-0.019220,0.018081,-0.000111
24,231.235149,39,1.950000,0.298778,0.294934,0.311907,-0.243612,-0.240478,-0.221965,0.999920,-0.008897,0.009032,-0.000131,0.009912,-0.010244,0.000160,0.269023,-0.018587,0.018227,-0.000117
24,231.235149,40,2.000000,0.286598,0.282910,0.300809,-0.234613,-0.231615,-0.214434,0.999924,-0.008649,0.008776,-0.000127,0.008983,-0.009333,0.000157,0.268871,-0.014684,0.014952,-0.000122
24,231.235149,41,2.050000,0.274867,0.271330,0.290087,-0.225873,-0.223003,-0.207175,0.999928,-0.008425,0.008542,-0.000123,0.008249,-0.008585,0.000154,0.268725,-0.008737,0.009429,-0.000126
24,231.235149,42,2.100000,0.263573,0.260179,0.279728,-0.217371,-0.214620,-0.200179,0.999932,-0.008219,0.008328,-0.000119,0.007812,-0.008113,0.000150,0.268584,-0.002105,0.003013,-0.000129
24,231.235149,43,2.150000,0.252705,0.249448,0.269719,-0.209087,-0.206446,-0.193437,0.999935,-0.008023,0.008125,-0.000115,0.007707,-0.007963,0.000146,0.268449,0.004022,-0.003078,-0.000131
24,231.235149,44,2.200000,0.242251,0.239126,0.260047,-0.201008,-0.198470,-0.186939,0.999938,-0.007831,0.007926,-0.000112,0.007908,-0.008117,0.000143,0.268317,0.008799,-0.007950,-0.000131
24,231.235149,45,2.250000,0.232200,0.229203,0.250700,-0.193131,-0.190690,-0.180678,0.999941,-0.007633,0.007723,-0.000108,0.008348,-0.008514,0.000139,0.268191,0.011780,-0.011105,-0.000130
24,231.235149,46,2.300000,0.222544,0.219668,0.241666,-0.185460,-0.183109,-0.174646,0.999944,-0.007424,0.007510,-0.000105,0.008937,-0.009069,0.000135,0.268068,0.012891,-0.012419,-0.000128
24,231.235149,47,2.350000,0.213271,0.210513,0.232934,-0.178003,-0.175739,-0.168834,0.999948,-0.007201,0.007283,-0.000101,0.009581,-0.009690,0.000132,0.267950,0.012341,-0.012061,-0.000125
24,231.235149,48,2.400000,0.204370,0.201726,0.224492,-0.170775,-0.168594,-0.163234,0.999951,-0.006961,0.007041,-0.000098,0.010198,-0.010293,0.000128,0.267836,0.010513,-0.010393,-0.000121
24,231.235149,49,2.450000,0.195832,0.193296,0.216331,-0.163790,-0.161689,-0.157838,0.999954,-0.006706,0.006784,-0.000095,0.010724,-0.010813,0.000125,0.267726,0.007862,-0.007853,-0.000117
24,231.235149,50,2.500000,0.187642,0.185212,0.208439,-0.157063,-0.155040,-0.152638,0.999958,-0.006438,0.006513,-0.000092,0.011117,-0.011205,0.000121,0.267620,0.004819,-0.004875,-0.000112
24,231.235149,51,2.550000,0.179789,0.177460,0.200807,-0.150606,-0.148659,-0.147629,0.999962,-0.006160,0.006233,-0.000089,0.011358,-0.011449,0.000118,0.267518,0.001741,-0.001819,-0.000107
24,231.235149,52,2.600000,0.172259,0.170027,0.193426,-0.144430,-0.142556,-0.142802,0.999965,-0.005877,0.005947,-0.000086,0.011445,-0.011540,0.000115,0.267419,-0.001130,0.001060,-0.000102
24,231.235149,53,2.650000,0.165037,0.162899,0.186285,-0.138540,-0.136737,-0.138151,0.999968,-0.005590,0.005659,-0.000083,0.011389,-0.011487,0.000112,0.267323,-0.003658,0.003614,-0.000097
24,231.235149,54,2.700000,0.158110,0.156062,0.179378,-0.132937,-0.131202,-0.133671,0.999971,-0.005306,0.005371,-0.000080,0.011206,-0.011306,0.000109,0.267230,-0.005804,0.005794,-0.000092
24,231.235149,55,2.750000,0.151463,0.149502,0.172694,-0.127620,-0.125952,-0.129357,0.999974,-0.005026,0.005089,-0.000077,0.010916,-0.011016,0.000107,0.267141,-0.007593,0.007616,-0.000088
24,231.235149,56,2.800000,0.145082,0.143204,0.166226,-0.122585,-0.120980,-0.125202,0.999977,-0.004753,0.004813,-0.000075,0.010536,-0.010636,0.000104,0.267054,-0.009081,0.009129,-0.000084
24,231.235149,57,2.850000,0.138953,0.137155,0.159966,-0.117824,-0.116280,-0.121203,0.999980,-0.004489,0.004547,-0.000072,0.010082,-0.010179,0.000102,0.266970,-0.010324,0.010388,-0.000080
24,231.235149,58,2.900000,0.133062,0.131341,0.153906,-0.113327,-0.111841,-0.117354,0.999982,-0.004237,0.004293,-0.000070,0.009566,-0.009660,0.000100,0.266889,-0.011355,0.011426,-0.000076
24,231.235149,59,2.950000,0.127396,0.125749,0.148039,-0.109084,-0.107653,-0.113651,0.999984,-0.003998,0.004052,-0.000067,0.008998,-0.009088,0.000097,0.266811,-0.012174,0.012243,-0.000073
24,231.235149,60,3.000000,0.121941,0.120367,0.142356,-0.105080,-0.103702,-0.110089,0.999986,-0.003773,0.003824,-0.000065,0.008390,-0.008476,0.000095,0.266734,-0.012743,0.012805,-0.000070
24,231.235149,61,3.050000,0.116687,0.115181,0.136852,-0.101302,-0.099975,-0.106665,0.999987,-0.003563,0.003612,-0.000062,0.007753,-0.007836,0.000093,0.266661,-0.013000,0.013053,-0.000067
24,231.235149,62,3.100000,0.111622,0.110183,0.131518,-0.097734,-0.096456,-0.103374,0.999988,-0.003370,0.003416,-0.000060,0.007103,-0.007183,0.000091,0.266590,-0.012875,0.012917,-0.000065
24,231.235149,63,3.150000,0.106736,0.105360,0.126350,-0.094360,-0.093129,-0.100212,0.999990,-0.003192,0.003237,-0.000058,0.006459,-0.006537,0.000090,0.266521,-0.012317,0.012349,-0.000063
24,231.235149,64,3.200000,0.102018,0.100703,0.121339,-0.091165,-0.089979,-0.097176,0.999991,-0.003031,0.003073,-0.000055,0.005843,-0.005920,0.000088,0.266454,-0.011315,0.011338,-0.000062
24,231.235149,65,3.250000,0.097459,0.096204,0.116480,-0.088132,-0.086988,-0.094262,0.999992,-0.002884,0.002925,-0.000053,0.005277,-0.005353,0.000086,0.266389,-0.009921,0.009938,-0.000061
24,231.235149,66,3.300000,0.093053,0.091855,0.111767,-0.085245,-0.084142,-0.091466,0.999992,-0.002753,0.002792,-0.000051,0.004781,-0.004856,0.000084,0.266326,-0.008261,0.008274,-0.000060
24,231.235149,67,3.350000,0.088791,0.087648,0.107194,-0.082491,-0.081427,-0.088784,0.999993,-0.002633,0.002670,-0.000049,0.004368,-0.004442,0.000083,0.266265,-0.006529,0.006543,-0.000059
24,231.235149,68,3.400000,0.084666,0.083577,0.102755,-0.079858,-0.078831,-0.086214,0.999994,-0.002524,0.002559,-0.000047,0.004042,-0.004115,0.000081,0.266206,-0.004968,0.004988,-0.000058
24,231.235149,69,3.450000,0.080673,0.079635,0.098444,-0.077335,-0.076343,-0.083752,0.999994,-0.002423,0.002456,-0.000045,0.003793,-0.003866,0.000079,0.266149,-0.003827,0.003859,-0.000058
24,231.235149,70,3.500000,0.076806,0.075818,0.094256,-0.074913,-0.073955,-0.081395,0.999995,-0.002328,0.002360,-0.000043,0.003602,-0.003673,0.000078,0.266094,-0.003304,0.003356,-0.000058
24,231.235149,71,3.550000,0.073061,0.072120,0.090187,-0.072588,-0.071660,-0.079140,0.999995,-0.002238,0.002268,-0.000041,0.003437,-0.003505,0.000076,0.266040,-0.003477,0.003554,-0.000057
24,231.235149,72,3.600000,0.069431,0.068537,0.086230,-0.070353,-0.069456,-0.076984,0.999995,-0.002152,0.002180,-0.000039,0.003263,-0.003327,0.000074,0.265987,-0.004234,0.004340,-0.000057
24,231.235149,73,3.650000,0.065914,0.065064,0.082380,-0.068205,-0.067336,-0.074924,0.999996,-0.002070,0.002097,-0.000037,0.003051,-0.003110,0.000073,0.265936,-0.005230,0.005363,-0.000057
24,231.235149,74,3.700000,0.062503,0.061698,0.078634,-0.066139,-0.065296,-0.072959,0.999996,-0.001994,0.002019,-0.000035,0.002790,-0.002842,0.000071,0.265886,-0.005871,0.006021,-0.000058
24,231.235149,75,3.750000,0.059196,0.058433,0.074986,-0.064151,-0.063333,-0.071084,0.999996,-0.001924,0.001948,-0.000034,0.002496,-0.002541,0.000070,0.265838,-0.005368,0.005515,-0.000058
24,231.235149,76,3.800000,0.055989,0.055266,0.071432,-0.062232,-0.061438,-0.069299,0.999996,-0.001862,0.001885,-0.000032,0.002228,-0.002265,0.000068,0.265791,-0.002857,0.002971,-0.000058
24,231.235149,77,3.850000,0.052877,0.052194,0.067967,-0.060377,-0.059605,-0.067601,0.999997,-0.001806,0.001828,-0.000030,0.002085,-0.002117,0.000066,0.265745,0.002384,-0.002342,-0.000057
24,231.235149,78,3.900000,0.049858,0.049214,0.064587,-0.058578,-0.057828,-0.065987,0.999997,-0.001754,0.001775,-0.000028,0.002204,-0.002234,0.000065,0.265700,0.010660,-0.010732,-0.000057
24,231.235149,79,3.950000,0.046930,0.046323,0.061288,-0.056831,-0.056102,-0.064456,0.999997,-0.001699,0.001719,-0.000027,0.002737,-0.002770,0.000063,0.265656,0.021527,-0.021748,-0.000056
24,231.235149,80,4.000000,0.044088,0.043517,0.058065,-0.055139,-0.054430,-0.063006,0.999997,-0.001631,0.001650,-0.000025,0.003814,-0.003858,0.000061,0.265613,0.033486,-0.033872,-0.000054
24,231.235149,81,4.050000,0.041331,0.040796,0.054915,-0.053516,-0.052826,-0.061634,0.999998,-0.001535,0.001554,-0.000024,0.005488,-0.005551,0.000060,0.265572,0.043780,-0.044309,-0.000052
24,231.235149,82,4.100000,0.038655,0.038155,0.051833,-0.051988,-0.051316,-0.060339,0.999998,-0.001398,0.001415,-0.000022,0.007677,-0.007767,0.000058,0.265531,0.048395,-0.048992,-0.000049
24,231.235149,83,4.150000,0.036056,0.035589,0.048816,-0.050596,-0.049941,-0.059119,0.999999,-0.001206,0.001221,-0.000021,0.010097,-0.010216,0.000057,0.265491,0.042394,-0.042921,-0.000046
24,231.235149,84,4.200000,0.033526,0.033092,0.045860,-0.049396,-0.048755,-0.057972,0.999999,-0.000954,0.000965,-0.000019,0.012216,-0.012362,0.000056,0.265452,0.020687,-0.020941,-0.000041
24,231.235149,85,4.250000,0.031056,0.030654,0.042961,-0.048447,-0.047817,-0.056897,1.000000,-0.000648,0.000656,-0.000018,0.013251,-0.013409,0.000055,0.265413,-0.020721,0.020996,-0.000035
24,231.235149,86,4.300000,0.028634,0.028263,0.040117,-0.047802,-0.047180,-0.055893,1.000000,-0.000317,0.000321,-0.000017,0.012215,-0.012360,0.000054,0.265374,-0.083021,0.084094,-0.000028
24,231.235149,87,4.350000,0.026244,0.025904,0.037322,-0.047486,-0.046869,-0.054959,1.000000,-0.000012,0.000012,-0.000015,0.008064,-0.008155,0.000053,0.265336,-0.162607,0.164698,-0.000021
24,231.235149,88,4.400000,0.023870,0.023561,0.034574,-0.047475,-0.046857,-0.054096,1.000000,0.000190,-0.000192,-0.000014,-0.000067,0.000080,0.000052,0.265300,-0.249125,0.252318,-0.000013
24,231.235149,89,4.450000,0.021496,0.021218,0.031869,-0.047663,-0.047044,-0.053300,1.000000,0.000188,-0.000190,-0.000013,-0.012523,0.012696,0.000052,0.265267,-0.324130,0.328270,-0.000006
24,231.235149,90,4.500000,0.019113,0.018866,0.029204,-0.047850,-0.047229,-0.052565,1.000000,-0.000125,0.000127,-0.000011,-0.028729,0.029109,0.000052,0.265237,-0.361119,0.365706,-0.000001
24,231.235149,91,4.550000,0.016720,0.016504,0.026576,-0.047724,-0.047106,-0.051885,0.999999,-0.000843,0.000855,-0.000010,-0.046785,0.047395,0.000052,0.265209,-0.327929,0.332057,0.000001
24,231.235149,92,4.600000,0.014334,0.014149,0.023982,-0.046884,-0.046278,-0.051259,0.999996,-0.002013,0.002040,-0.000009,-0.063182,0.063997,0.000052,0.265174,-0.192675,0.195041,-0.000004
24,231.235149,93,4.650000,0.011990,0.011835,0.021419,-0.044881,-0.044301,-0.050704,0.999987,-0.003592,0.003640,-0.000007,-0.072816,0.073749,0.000051,0.265122,0.065585,-0.066537,-0.000018
24,231.235149,94,4.700000,0.009746,0.009620,0.018883,-0.041306,-0.040774,-0.050264,0.999970,-0.005413,0.005484,-0.000006,-0.069537,0.070422,0.000051,0.265050,0.440110,-0.445829,-0.000046
24,231.235149,95,4.750000,0.007680,0.007581,0.016370,-0.035923,-0.035461,-0.049989,0.999948,-0.007151,0.007244,-0.000005,-0.047531,0.048131,0.000050,0.264982,0.871332,-0.882495,-0.000095
24,231.235149,96,4.800000,0.005884,0.005808,0.013871,-0.028814,-0.028443,-0.049884,0.999930,-0.008339,0.008447,-0.000004,-0.003965,0.004006,0.000047,0.264976,1.210171,-1.225557,-0.000174
24,231.235149,97,4.850000,0.004444,0.004386,0.011377,-0.020524,-0.020260,-0.049826,0.999928,-0.008438,0.008548,-0.000002,0.056544,-0.057272,0.000042,0.265106,1.166229,-1.180959,-0.000293
24,231.235149,98,4.900000,0.003417,0.003373,0.008885,-0.012132,-0.011976,-0.049530,0.999950,-0.007025,0.007116,-0.000001,0.114855,-0.116320,0.000034,0.264681,0.238962,-0.241876,-0.000469
24,231.235149,99,4.950000,0.002811,0.002774,0.006409,-0.005157,-0.005090,-0.049979,0.999983,-0.004153,0.004208,-0.000001,0.126803,-0.128413,0.000020,0.291890,-2.535917,2.568099,-0.000722
24,231.235149,100,5.000000,0.002553,0.002520,0.003910,-0.000608,-0.000600,0.000020,0.999999,-0.000983,0.000998,-0.000000,0.000008,-0.000008,-0.000000,0,0,0,0
25,237.997473,0,0.000000,1.011248,0.999042,0.981458,-0.013710,-0.010796,0.000636,0.999993,0.002501,-0.002667,0.000002,0.000000,0.000000,0.000000,0.237876,36.141386,-35.677009,-0.247091
25,237.997473,1,0.050000,1.010562,0.998502,0.981490,-0.016060,-0.012999,-0.049364,0.999993,0.002501,-0.002667,0.000002,1.807069,-1.783850,-0.007023,0.237876,-29.196795,28.440143,0.118105
25,237.997473,2,0.100000,1.009759,0.997852,0.979022,-0.018410,-0.015202,-0.099364,0.997753,0.047582,-0.047168,-0.000165,0.346754,-0.362325,-0.003666,0.240025,-6.943857,7.256763,0.074121
25,237.997473,3,0.150000,1.008839,0.997092,0.974053,-0.060254,-0.057399,-0.149364,0.996835,0.056230,-0.056198,-0.000278,-0.000489,0.000465,-0.001560,0.240915,0.019388,-0.018420,0.040514
25,237.997473,4,0.200000,1.005826,0.994222,0.966585,-0.110254,-0.107399,-0.199364,0.996836,0.056220,-0.056184,-0.000317,0.000480,-0.000456,-0.000408,0.240914,-0.010109,0.009617,0.024125
25,237.997473,5,0.250000,1.000314,0.988852,0.956617,-0.160243,-0.157388,-0.249364,0.996835,0.056232,-0.056195,-0.000327,-0.000025,0.000025,0.000278,0.240915,0.000671,-0.000639,0.014830
25,237.997473,6,0.300000,0.992301,0.980983,0.944149,-0.210243,-0.207387,-0.299364,0.996835,0.056231,-0.056195,-0.000320,0.000008,-0.000007,0.000699,0.240915,-0.001113,0.000901,0.007848
25,237.997473,7,0.350000,0.981789,0.970614,0.929181,-0.260242,-0.257386,-0.349364,0.996835,0.056230,-0.056196,-0.000303,-0.000047,0.000038,0.000922,0.240915,-0.121165,0.111121,0.003032
25,237.997473,8,0.400000,0.968777,0.957744,0.911712,-0.310241,-0.307385,-0.399364,0.996835,0.056228,-0.056197,-0.000280,-0.006106,0.005594,0.001009,0.240915,-0.607212,0.603632,-0.000126
25,237.997473,9,0.450000,0.953265,0.942375,0.891744,-0.360239,-0.357384,-0.449363,0.996852,0.056074,-0.056059,-0.000255,-0.036466,0.035775,0.001005,0.240899,-2.511815,2.545988,-0.002063
25,237.997473,10,0.500000,0.935253,0.924506,0.869276,-0.410111,-0.407244,-0.499362,0.996952,0.055164,-0.055168,-0.000231,-0.162058,0.163073,0.000946,0.240802,-2.211517,2.109453,-0.003177
25,237.997473,11,0.550000,0.914748,0.904144,0.844308,-0.459175,-0.456281,-0.549361,0.997384,0.051124,-0.051103,-0.000206,-0.272640,0.268540,0.000856,0.264803,-0.750246,0.518689,-0.004507
25,237.997473,12,0.600000,0.891789,0.881330,0.816840,-0.509173,-0.506280,-0.554609,0.998030,0.044324,-0.044405,-0.000190,-0.310161,0.294466,0.000728,0.294185,-2.567502,2.621318,-0.005521
25,237.997473,13,0.650000,0.866330,0.856016,0.789109,-0.557470,-0.554470,-0.504610,0.998643,0.036584,-0.037055,-0.000190,-0.438544,0.425523,0.000571,0.239168,-1.757172,1.918585,-0.004605
25,237.997473,14,0.700000,0.838457,0.828292,0.763879,-0.590255,-0.586826,-0.554608,0.999322,0.025634,-0.026427,-0.000193,-0.526412,0.521443,0.000440,0.292663,-0.184631,0.331398,-0.003175
25,237.997473,15,0.750000,0.808944,0.798951,0.736148,-0.618886,-0.614587,-0.504610,0.999832,0.012482,-0.013395,-0.000195,-0.535653,0.538004,0.000350,0.256963,1.243698,-1.144371,-0.002025
25,237.997473,16,0.800000,0.778000,0.768221,0.710918,-0.631634,-0.626462,-0.519571,1.000000,-0.000904,0.000055,-0.000198,-0.473475,0.480778,0.000292,0.291870,2.012193,-1.961799,-0.001316
25,237.997473,17,0.850000,0.746418,0.736898,0.684939,-0.631574,-0.625485,-0.469572,0.999846,-0.012737,0.012075,-0.000201,-0.372870,0.382683,0.000255,0.260179,2.438499,-2.427082,-0.000894
25,237.997473,18,0.900000,0.714839,0.705624,0.661461,-0.619937,-0.613216,-0.478556,0.999523,-0.022053,0.021641,-0.000204,-0.250949,0.261325,0.000230,0.292428,2.404324,-2.422286,-0.000648
25,237.997473,19,0.950000,0.683842,0.674963,0.637533,-0.596505,-0.589347,-0.428557,0.999202,-0.028321,0.028171,-0.000206,-0.130735,0.140209,0.000211,0.256850,2.228002,-2.269629,-0.000486
25,237.997473,20,1.000000,0.654017,0.645496,0.616105,-0.569721,-0.562432,-0.444927,0.998999,-0.031586,0.031674,-0.000208,-0.019336,0.026726,0.000197,0.293042,1.697413,-1.752203,-0.000362
25,237.997473,21,1.050000,0.625531,0.617374,0.593859,-0.535371,-0.528192,-0.394929,0.998962,-0.032068,0.032342,-0.000209,0.065534,-0.060884,0.000187,0.263259,1.070475,-1.128205,-0.000252
25,237.997473,22,1.100000,0.598763,0.590965,0.574112,-0.503863,-0.496963,-0.399935,0.999062,-0.030432,0.030821,-0.000209,0.119058,-0.117294,0.000180,0.272666,0.450109,-0.497571,-0.000148
25,237.997473,23,1.150000,0.573569,0.566117,0.554116,-0.472760,-0.466267,-0.387393,0.999234,-0.027458,0.027891,-0.000207,0.141565,-0.142171,0.000176,0.272364,-0.055758,0.025781,-0.000060
25,237.997473,24,1.200000,0.549931,0.542803,0.534746,-0.444641,-0.438595,-0.375060,0.999417,-0.023922,0.024338,-0.000203,0.138778,-0.140881,0.000174,0.272239,-0.379962,0.367976,0.000001
25,237.997473,25,1.250000,0.527699,0.520873,0.515993,-0.420110,-0.414493,-0.362588,0.999574,-0.020455,0.020818,-0.000199,0.119780,-0.122482,0.000174,0.272048,-0.523487,0.525536,0.000036
25,237.997473,26,1.300000,0.506694,0.500149,0.497864,-0.399140,-0.393896,-0.350154,0.999690,-0.017462,0.017756,-0.000195,0.093607,-0.096204,0.000175,0.271789,-0.528269,0.538824,0.000050
25,237.997473,27,1.350000,0.486737,0.480454,0.480356,-0.381268,-0.376327,-0.337965,0.999768,-0.015123,0.015351,-0.000190,0.067194,-0.069262,0.000176,0.271495,-0.448157,0.462053,0.000050
25,237.997473,28,1.400000,0.467674,0.461638,0.463458,-0.365832,-0.361126,-0.326164,0.999817,-0.013444,0.013620,-0.000185,0.044787,-0.046159,0.000178,0.271202,-0.331728,0.345104,0.000041
25,237.997473,29,1.450000,0.449382,0.443581,0.447149,-0.352152,-0.347627,-0.314805,0.999846,-0.012325,0.012466,-0.000180,0.028201,-0.028904,0.000179,0.270933,-0.214390,0.224932,0.000026
25,237.997473,30,1.500000,0.431774,0.426200,0.431409,-0.339642,-0.335264,-0.303887,0.999864,-0.011620,0.011743,-0.000176,0.017481,-0.017657,0.000180,0.270689,-0.116980,0.123754,0.000008
25,237.997473,31,1.550000,0.414792,0.409437,0.416215,-0.327869,-0.323618,-0.293384,0.999874,-0.011183,0.011302,-0.000171,0.011633,-0.011469,0.000180,0.270468,-0.047951,0.051045,-0.000012
25,237.997473,32,1.600000,0.398399,0.393256,0.401546,-0.316546,-0.312419,-0.283271,0.999880,-0.010892,0.011015,-0.000167,0.009235,-0.008917,0.000180,0.270262,-0.006987,0.007112,-0.000030
25,237.997473,33,1.650000,0.382571,0.377635,0.387382,-0.305520,-0.301520,-0.273526,0.999885,-0.010661,0.010792,-0.000162,0.008886,-0.008561,0.000179,0.270066,0.011282,-0.013144,-0.000047
25,237.997473,34,1.700000,0.367295,0.362559,0.373706,-0.294724,-0.290859,-0.264135,0.999890,-0.010439,0.010578,-0.000158,0.009450,-0.009218,0.000177,0.269877,0.014200,-0.017057,-0.000063
25,237.997473,35,1.750000,0.352559,0.348016,0.360499,-0.284150,-0.280428,-0.255083,0.999894,-0.010203,0.010348,-0.000154,0.010160,-0.010071,0.000176,0.269695,0.008907,-0.011934,-0.000076
25,237.997473,36,1.800000,0.338352,0.333995,0.347745,-0.273813,-0.270239,-0.246359,0.999900,-0.009949,0.010096,-0.000149,0.010605,-0.010668,0.000173,0.269518,0.001096,-0.003709,-0.000087
25,237.997473,37,1.850000,0.324661,0.320483,0.335427,-0.263735,-0.260310,-0.237952,0.999905,-0.009684,0.009830,-0.000145,0.010660,-0.010853,0.000171,0.269348,-0.005482,0.003610,-0.000096
25,237.997473,38,1.900000,0.311474,0.307467,0.323529,-0.253928,-0.250652,-0.229849,0.999910,-0.009417,0.009558,-0.000141,0.010386,-0.010672,0.000168,0.269184,-0.008958,0.007928,-0.000104
25,237.997473,39,1.950000,0.298778,0.294935,0.312037,-0.244398,-0.241266,-0.222039,0.999915,-0.009158,0.009292,-0.000136,0.009938,-0.010276,0.000165,0.269026,-0.008979,0.008724,-0.000111
25,237.997473,40,2.000000,0.286558,0.282871,0.300935,-0.235140,-0.232143,-0.214512,0.999919,-0.008909,0.009035,-0.000132,0.009490,-0.009840,0.000162,0.268875,-0.006193,0.006544,-0.000117
25,237.997473,41,2.050000,0.274801,0.271264,0.290209,-0.226142,-0.223273,-0.207256,0.999924,-0.008672,0.008789,-0.000128,0.009180,-0.009512,0.000159,0.268728,-0.001759,0.002502,-0.000121
25,237.997473,42,2.100000,0.263494,0.260100,0.279847,-0.217395,-0.214644,-0.200263,0.999928,-0.008442,0.008551,-0.000124,0.009092,-0.009387,0.000155,0.268587,0.003077,-0.002150,-0.000124
25,237.997473,43,2.150000,0.252624,0.249368,0.269833,-0.208888,-0.206247,-0.193523,0.999932,-0.008215,0.008316,-0.000120,0.009246,-0.009495,0.000152,0.268451,0.007259,-0.006323,-0.000126
25,237.997473,44,2.200000,0.242180,0.239056,0.260157,-0.200619,-0.198080,-0.187028,0.999935,-0.007984,0.008079,-0.000116,0.009609,-0.009811,0.000148,0.268319,0.010077,-0.009256,-0.000127
25,237.997473,45,2.250000,0.232149,0.229152,0.250806,-0.192590,-0.190148,-0.180768,0.999939,-0.007744,0.007834,-0.000113,0.010113,-0.010273,0.000145,0.268193,0.011211,-0.010574,-0.000126
25,237.997473,46,2.300000,0.222519,0.219645,0.241767,-0.184808,-0.182457,-0.174736,0.999943,-0.007491,0.007577,-0.000109,0.010673,-0.010802,0.000141,0.268070,0.010688,-0.010254,-0.000124
25,237.997473,47,2.350000,0.213279,0.210522,0.233031,-0.177285,-0.175021,-0.168922,0.999947,-0.007224,0.007307,-0.000106,0.011208,-0.011315,0.000138,0.267952,0.008785,-0.008539,-0.000122
25,237.997473,48,2.400000,0.204415,0.201771,0.224585,-0.170033,-0.167852,-0.163319,0.999951,-0.006944,0.007024,-0.000102,0.011647,-0.011742,0.000134,0.267838,0.005928,-0.005832,-0.000119
25,237.997473,49,2.450000,0.195913,0.193378,0.216419,-0.163065,-0.160965,-0.157920,0.999955,-0.006653,0.006730,-0.000099,0.011944,-0.012033,0.000131,0.267728,0.002582,-0.002588,-0.000115
25,237.997473,50,2.500000,0.187760,0.185330,0.208523,-0.156391,-0.154369,-0.152716,0.999959,-0.006354,0.006430,-0.000096,0.012073,-0.012163,0.000127,0.267622,-0.000830,0.000769,-0.000111
25,237.997473,51,2.550000,0.179940,0.177611,0.200887,-0.150018,-0.148071,-0.147701,0.999963,-0.006053,0.006126,-0.000092,0.012031,-0.012124,0.000124,0.267519,-0.003980,0.003904,-0.000106
25,237.997473,52,2.600000,0.172439,0.170208,0.193502,-0.143948,-0.142075,-0.142868,0.999967,-0.005752,0.005822,-0.000089,0.011832,-0.011929,0.000121,0.267420,-0.006659,0.006594,-0.000102
25,237.997473,53,2.650000,0.165242,0.163104,0.186358,-0.138181,-0.136379,-0.138212,0.999970,-0.005456,0.005524,-0.000086,0.011500,-0.011599,0.000118,0.267324,-0.008773,0.008737,-0.000098
25,237.997473,54,2.700000,0.158333,0.156285,0.179448,-0.132711,-0.130978,-0.133728,0.999973,-0.005168,0.005234,-0.000083,0.011061,-0.011162,0.000116,0.267231,-0.010327,0.010323,-0.000094
25,237.997473,55,2.750000,0.151697,0.149736,0.172761,-0.127530,-0.125863,-0.129408,0.999976,-0.004892,0.004955,-0.000080,0.010545,-0.010646,0.000113,0.267141,-0.011388,0.011414,-0.000090
25,237.997473,56,2.800000,0.145321,0.143443,0.166291,-0.122627,-0.121023,-0.125250,0.999978,-0.004628,0.004689,-0.000078,0.009975,-0.010075,0.000110,0.267055,-0.012054,0.012102,-0.000086
25,237.997473,57,2.850000,0.139189,0.137392,0.160028,-0.117989,-0.116446,-0.121247,0.999981,-0.004379,0.004437,-0.000075,0.009373,-0.009470,0.000108,0.266971,-0.012423,0.012484,-0.000083
25,237.997473,58,2.900000,0.133290,0.131569,0.153966,-0.113602,-0.112117,-0.117396,0.999983,-0.004145,0.004200,-0.000072,0.008751,-0.008846,0.000106,0.266889,-0.012567,0.012633,-0.000080
25,237.997473,59,2.950000,0.127610,0.125964,0.148096,-0.109449,-0.108020,-0.113690,0.999984,-0.003926,0.003979,-0.000069,0.008123,-0.008214,0.000103,0.266811,-0.012524,0.012588,-0.000077
25,237.997473,60,3.000000,0.122137,0.120563,0.142412,-0.105517,-0.104141,-0.110127,0.999986,-0.003723,0.003774,-0.000067,0.007497,-0.007585,0.000101,0.266735,-0.012293,0.012350,-0.000075
25,237.997473,61,3.050000,0.116861,0.115356,0.136905,-0.101788,-0.100463,-0.106702,0.999987,-0.003535,0.003584,-0.000064,0.006882,-0.006967,0.000099,0.266661,-0.011840,0.011890,-0.000073
25,237.997473,62,3.100000,0.111772,0.110332,0.131570,-0.098248,-0.096972,-0.103410,0.999989,-0.003363,0.003410,-0.000062,0.006290,-0.006373,0.000097,0.266590,-0.011121,0.011164,-0.000071
25,237.997473,63,3.150000,0.106860,0.105484,0.126400,-0.094881,-0.093651,-0.100248,0.999990,-0.003206,0.003251,-0.000059,0.005734,-0.005814,0.000095,0.266521,-0.010101,0.010137,-0.000069
25,237.997473,64,3.200000,0.102116,0.100801,0.121387,-0.091672,-0.090487,-0.097211,0.999990,-0.003063,0.003105,-0.000057,0.005229,-0.005308,0.000093,0.266454,-0.008774,0.008805,-0.000068
25,237.997473,65,3.250000,0.097532,0.096277,0.116527,-0.088607,-0.087464,-0.094296,0.999991,-0.002932,0.002973,-0.000055,0.004791,-0.004867,0.000091,0.266389,-0.007190,0.007217,-0.000067
25,237.997473,66,3.300000,0.093102,0.091904,0.111812,-0.085674,-0.084572,-0.091499,0.999992,-0.002812,0.002851,-0.000052,0.004431,-0.004506,0.000089,0.266327,-0.005463,0.005489,-0.000066
25,237.997473,67,3.350000,0.088818,0.087675,0.107237,-0.082862,-0.081798,-0.088818,0.999993,-0.002701,0.002738,-0.000050,0.004158,-0.004232,0.000087,0.266266,-0.003770,0.003796,-0.000066
25,237.997473,68,3.400000,0.084675,0.083585,0.102796,-0.080161,-0.079134,-0.086247,0.999993,-0.002598,0.002633,-0.000048,0.003970,-0.004042,0.000085,0.266207,-0.002334,0.002365,-0.000065
25,237.997473,69,3.450000,0.080667,0.079629,0.098484,-0.077565,-0.076573,-0.083785,0.999994,-0.002498,0.002532,-0.000046,0.003853,-0.003924,0.000084,0.266150,-0.001387,0.001429,-0.000065
25,237.997473,70,3.500000,0.076788,0.075800,0.094295,-0.075070,-0.074110,-0.081427,0.999994,-0.002402,0.002433,-0.000044,0.003784,-0.003852,0.000082,0.266094,-0.001118,0.001176,-0.000064
25,237.997473,71,3.550000,0.073035,0.072094,0.090223,-0.072671,-0.071743,-0.079172,0.999995,-0.002307,0.002337,-0.000042,0.003728,-0.003794,0.000080,0.266040,-0.001604,0.001683,-0.000064
25,237.997473,72,3.600000,0.069401,0.068507,0.086265,-0.070369,-0.069470,-0.077015,0.999995,-0.002214,0.002242,-0.000040,0.003647,-0.003709,0.000078,0.265988,-0.002741,0.002845,-0.000064
25,237.997473,73,3.650000,0.065883,0.065034,0.082414,-0.068159,-0.067288,-0.074955,0.999995,-0.002123,0.002150,-0.000038,0.003510,-0.003567,0.000076,0.265937,-0.004197,0.004326,-0.000064
25,237.997473,74,3.700000,0.062475,0.061669,0.078666,-0.066042,-0.065198,-0.072989,0.999996,-0.002035,0.002060,-0.000036,0.003301,-0.003351,0.000074,0.265887,-0.005395,0.005540,-0.000064
25,237.997473,75,3.750000,0.059173,0.058410,0.075017,-0.064013,-0.063193,-0.071114,0.999996,-0.001953,0.001977,-0.000034,0.003031,-0.003074,0.000073,0.265838,-0.005546,0.005689,-0.000064
25,237.997473,76,3.800000,0.055972,0.055250,0.071461,-0.062067,-0.061271,-0.069329,0.999996,-0.001877,0.001900,-0.000032,0.002754,-0.002789,0.000071,0.265791,-0.003771,0.003884,-0.000064
25,237.997473,77,3.850000,0.052869,0.052186,0.067995,-0.060197,-0.059423,-0.067630,0.999997,-0.001808,0.001830,-0.000030,0.002565,-0.002595,0.000069,0.265745,0.000703,-0.000656,-0.000064
25,237.997473,78,3.900000,0.049859,0.049215,0.064613,-0.058395,-0.057644,-0.066015,0.999997,-0.001744,0.001765,-0.000029,0.002600,-0.002628,0.000067,0.265700,0.008263,-0.008325,-0.000064
25,237.997473,79,3.950000,0.046939,0.046333,0.061312,-0.056658,-0.055927,-0.064483,0.999997,-0.001679,0.001699,-0.000027,0.003013,-0.003044,0.000065,0.265657,0.018585,-0.018792,-0.000063
25,237.997473,80,4.000000,0.044106,0.043537,0.058088,-0.054986,-0.054275,-0.063032,0.999997,-0.001604,0.001623,-0.000025,0.003943,-0.003984,0.000063,0.265614,0.030308,-0.030678,-0.000061
25,237.997473,81,4.050000,0.041357,0.040823,0.054937,-0.053389,-0.052698,-0.061660,0.999998,-0.001505,0.001524,-0.000024,0.005458,-0.005518,0.000062,0.265572,0.040806,-0.041322,-0.000059
25,237.997473,82,4.100000,0.038688,0.038188,0.051854,-0.051890,-0.051218,-0.060364,0.999998,-0.001369,0.001386,-0.000022,0.007498,-0.007584,0.000060,0.265531,0.046153,-0.046747,-0.000056
25,237.997473,83,4.150000,0.036093,0.035627,0.048835,-0.050528,-0.049872,-0.059144,0.999999,-0.001181,0.001196,-0.000021,0.009806,-0.009921,0.000058,0.265491,0.041420,-0.041961,-0.000053
25,237.997473,84,4.200000,0.033567,0.033134,0.045878,-0.049351,-0.048710,-0.057996,0.999999,-0.000936,0.000948,-0.000019,0.011877,-0.012019,0.000057,0.265452,0.021396,-0.021684,-0.000048
25,237.997473,85,4.250000,0.031099,0.030698,0.042978,-0.048419,-0.047790,-0.056920,1.000000,-0.000639,0.000648,-0.000018,0.012947,-0.013103,0.000056,0.265413,-0.018181,0.018401,-0.000042
25,237.997473,86,4.300000,0.028678,0.028308,0.040132,-0.047782,-0.047162,-0.055915,1.000000,-0.000315,0.000320,-0.000017,0.012038,-0.012183,0.000054,0.265375,-0.078918,0.079918,-0.000035
25,237.997473,87,4.350000,0.026289,0.025950,0.037337,-0.047468,-0.046852,-0.054981,1.000000,-0.000015,0.000015,-0.000015,0.008092,-0.008187,0.000053,0.265336,-0.157712,0.159723,-0.000028
25,237.997473,88,4.400000,0.023916,0.023608,0.034588,-0.047453,-0.046837,-0.054117,1.000000,0.000188,-0.000189,-0.000014,0.000206,-0.000201,0.000053,0.265300,-0.244710,0.247833,-0.000020
25,237.997473,89,4.450000,0.021543,0.021266,0.031882,-0.047638,-0.047022,-0.053321,1.000000,0.000193,-0.000194,-0.000013,-0.012029,0.012190,0.000052,0.265266,-0.321799,0.325899,-0.000013
25,237.997473,90,4.500000,0.019161,0.018915,0.029216,-0.047829,-0.047211,-0.052588,1.000000,-0.000108,0.000111,-0.000011,-0.028119,0.028485,0.000052,0.265237,-0.362446,0.367047,-0.000007
25,237.997473,91,4.550000,0.016770,0.016554,0.026586,-0.047721,-0.047106,-0.051909,0.999999,-0.000811,0.000823,-0.000010,-0.046241,0.046838,0.000051,0.265208,-0.333905,0.338112,-0.000004
25,237.997473,92,4.600000,0.014384,0.014199,0.023991,-0.046913,-0.046309,-0.051283,0.999996,-0.001967,0.001994,-0.000009,-0.062937,0.063743,0.000051,0.265174,-0.203017,0.205523,-0.000007
25,237.997473,93,4.650000,0.012038,0.011884,0.021427,-0.044955,-0.044378,-0.050728,0.999987,-0.003540,0.003587,-0.000007,-0.073088,0.074019,0.000051,0.265122,0.053093,-0.053873,-0.000020
25,237.997473,94,4.700000,0.009790,0.009665,0.018890,-0.041432,-0.040902,-0.050286,0.999971,-0.005367,0.005438,-0.000006,-0.070433,0.071325,0.000051,0.265051,0.429935,-0.435511,-0.000046
25,237.997473,95,4.750000,0.007719,0.007620,0.016376,-0.036094,-0.035633,-0.050008,0.999949,-0.007128,0.007221,-0.000005,-0.048937,0.049550,0.000049,0.264982,0.869668,-0.880794,-0.000094
25,237.997473,96,4.800000,0.005914,0.005838,0.013876,-0.029008,-0.028638,-0.049901,0.999929,-0.008351,0.008459,-0.000004,-0.005453,0.005510,0.000047,0.264974,1.222705,-1.238235,-0.000171
25,237.997473,97,4.850000,0.004464,0.004406,0.011381,-0.020707,-0.020442,-0.049847,0.999927,-0.008488,0.008597,-0.000002,0.055682,-0.056402,0.000042,0.265105,1.192861,-1.207911,-0.000290
25,237.997473,98,4.900000,0.003428,0.003384,0.008888,-0.012266,-0.012109,-0.049556,0.999949,-0.007096,0.007187,-0.000001,0.115325,-0.116797,0.000034,0.264696,0.263521,-0.266726,-0.000466
25,237.997473,99,4.950000,0.002815,0.002778,0.006410,-0.005220,-0.005153,-0.049979,0.999982,-0.004213,0.004267,-0.000001,0.128501,-0.130134,0.000020,0.291890,-2.569837,2.602474,-0.000723
25,237.997473,100,5.000000,0.002554,0.002521,0.003912,-0.000607,-0.000599,0.000020,0.999999,-0.001000,0.001014,-0.000000,0.000009,-0.000010,-0.000000,0,0,0,0
26,253.909952,0,0.000000,1.011248,0.999042,0.981458,-0.013710,-0.010796,0.000636,0.999993,0.002501,-0.002667,0.000002,0.000000,0.000000,0.000000,0.237876,36.571274,-36.116720,-0.244025
26,253.909952,1,0.050000,1.010562,0.998502,0.981490,-0.016060,-0.012999,-0.049364,0.999993,0.002501,-0.002667,0.000002,1.828564,-1.805836,-0.006936,0.237876,-30.055160,29.317602,0.118782
26,253.909952,2,0.100000,1.009759,0.997852,0.979022,-0.018410,-0.015202,-0.099364,0.997701,0.048116,-0.047714,-0.000162,0.325330,-0.340437,-0.003560,0.240075,-6.513375,6.816785,0.074032
26,253.909952,3,0.150000,1.008839,0.997092,0.974053,-0.060745,-0.057879,-0.149364,0.996835,0.056229,-0.056199,-0.000273,-0.000384,0.000358,-0.001456,0.240915,0.015184,-0.014135,0.040005
26,253.909952,4,0.200000,1.005802,0.994198,0.966585,-0.110745,-0.107879,-0.199364,0.996836,0.056222,-0.056188,-0.000309,0.000375,-0.000349,-0.000319,0.240914,-0.007993,0.007465,0.023440
26,253.909952,5,0.250000,1.000264,0.988804,0.956617,-0.160736,-0.157870,-0.249364,0.996835,0.056232,-0.056196,-0.000317,-0.000025,0.000025,0.000348,0.240915,0.000527,-0.000515,0.014113
26,253.909952,6,0.300000,0.992228,0.980911,0.944149,-0.210736,-0.207870,-0.299364,0.996835,0.056230,-0.056196,-0.000308,0.000002,-0.000001,0.000749,0.240915,-0.000649,0.000530,0.007189
26,253.909952,7,0.350000,0.981691,0.970517,0.929181,-0.260735,-0.257869,-0.349364,0.996835,0.056229,-0.056197,-0.000289,-0.000031,0.000025,0.000953,0.240915,-0.110682,0.100592,0.002478
26,253.909952,8,0.400000,0.968654,0.957624,0.911712,-0.310734,-0.307868,-0.399364,0.996835,0.056227,-0.056197,-0.000266,-0.005565,0.005055,0.001024,0.240915,-0.613360,0.609397,-0.000557
26,253.909952,9,0.450000,0.953117,0.942230,0.891744,-0.360732,-0.357866,-0.449363,0.996850,0.056087,-0.056073,-0.000241,-0.036233,0.035525,0.001008,0.240901,-2.536994,2.572018,-0.002369
26,253.909952,10,0.500000,0.935081,0.924337,0.869276,-0.410617,-0.407739,-0.499362,0.996950,0.055183,-0.055189,-0.000217,-0.163084,0.164124,0.000941,0.240804,-2.218970,2.116041,-0.003368
26,253.909952,11,0.550000,0.914550,0.903950,0.844308,-0.459698,-0.456794,-0.549361,0.997385,0.051117,-0.051098,-0.000192,-0.274039,0.269920,0.000845,0.264836,-0.737513,0.502877,-0.004616
26,253.909952,12,0.600000,0.891565,0.881111,0.816840,-0.509697,-0.506793,-0.554548,0.998033,0.044282,-0.044365,-0.000176,-0.310923,0.295055,0.000714,0.294181,-2.596916,2.653834,-0.005562
26,253.909952,13,0.650000,0.866080,0.855771,0.789112,-0.557949,-0.554937,-0.504549,0.998648,0.036523,-0.037001,-0.000176,-0.440777,0.427739,0.000555,0.239164,-1.765167,1.930214,-0.004562
26,253.909952,14,0.700000,0.838183,0.828024,0.763885,-0.590685,-0.587239,-0.554548,0.999328,0.025517,-0.026317,-0.000180,-0.529044,0.524240,0.000426,0.292656,-0.165424,0.313446,-0.003077
26,253.909952,15,0.750000,0.808649,0.798662,0.736158,-0.619196,-0.614873,-0.504549,0.999837,0.012299,-0.013215,-0.000183,-0.537324,0.539904,0.000338,0.256954,1.276261,-1.177554,-0.001908
26,253.909952,16,0.800000,0.777689,0.767918,0.710930,-0.631773,-0.626574,-0.519519,0.999999,-0.001129,0.000282,-0.000186,-0.473518,0.481019,0.000284,0.291870,2.040112,-1.991187,-0.001201
26,253.909952,17,0.850000,0.746100,0.736590,0.684954,-0.631468,-0.625354,-0.469520,0.999840,-0.012963,0.012308,-0.000189,-0.371517,0.381455,0.000250,0.260184,2.460294,-2.450341,-0.000791
26,253.909952,18,0.900000,0.714527,0.705322,0.661478,-0.619606,-0.612867,-0.478507,0.999514,-0.022245,0.021843,-0.000192,-0.248506,0.258934,0.000227,0.292438,2.415254,-2.434579,-0.000558
26,253.909952,19,0.950000,0.683546,0.674679,0.637553,-0.595955,-0.588789,-0.428508,0.999194,-0.028453,0.028313,-0.000194,-0.127746,0.137203,0.000212,0.256807,2.240213,-2.283286,-0.000410
26,253.909952,20,1.000000,0.653749,0.645239,0.616127,-0.569042,-0.561754,-0.444973,0.998995,-0.031642,0.031741,-0.000196,-0.015736,0.023038,0.000200,0.293047,1.689258,-1.745004,-0.000298
26,253.909952,21,1.050000,0.625296,0.617152,0.593879,-0.534619,-0.527452,-0.394974,0.998964,-0.032035,0.032317,-0.000197,0.068727,-0.064213,0.000191,0.263236,1.050232,-1.108346,-0.000203
26,253.909952,22,1.100000,0.598566,0.590779,0.574130,-0.503139,-0.496257,-0.400018,0.999068,-0.030319,0.030713,-0.000196,0.121239,-0.119629,0.000186,0.272677,0.424690,-0.471761,-0.000112
26,253.909952,23,1.150000,0.573409,0.565966,0.554129,-0.472144,-0.465673,-0.387442,0.999243,-0.027291,0.027724,-0.000194,0.142474,-0.143217,0.000183,0.272362,-0.080946,0.051941,-0.000038
26,253.909952,24,1.200000,0.549801,0.542682,0.534757,-0.444193,-0.438169,-0.375095,0.999427,-0.023732,0.024146,-0.000191,0.138428,-0.140619,0.000181,0.272250,-0.399556,0.388753,0.000011
26,253.909952,25,1.250000,0.527592,0.520774,0.516002,-0.419856,-0.414258,-0.362585,0.999582,-0.020274,0.020631,-0.000186,0.118451,-0.121180,0.000182,0.272045,-0.534865,0.537966,0.000035
26,253.909952,26,1.300000,0.506599,0.500061,0.497873,-0.399073,-0.393843,-0.350140,0.999695,-0.017314,0.017602,-0.000181,0.091708,-0.094281,0.000183,0.271786,-0.531340,0.542600,0.000039
26,253.909952,27,1.350000,0.486645,0.480369,0.480366,-0.381357,-0.376423,-0.337947,0.999771,-0.015022,0.015246,-0.000176,0.065142,-0.067150,0.000184,0.271489,-0.444602,0.458786,0.000032
26,253.909952,28,1.400000,0.467577,0.461548,0.463469,-0.366028,-0.361324,-0.326150,0.999818,-0.013394,0.013567,-0.000171,0.042912,-0.044210,0.000185,0.271198,-0.324002,0.337298,0.000016
26,253.909952,29,1.450000,0.449276,0.443482,0.447161,-0.352401,-0.347875,-0.314796,0.999846,-0.012322,0.012462,-0.000166,0.026713,-0.027345,0.000185,0.270930,-0.204906,0.215112,-0.000004
26,253.909952,30,1.500000,0.431656,0.426088,0.431421,-0.339896,-0.335515,-0.303882,0.999863,-0.011654,0.011778,-0.000162,0.016468,-0.016589,0.000185,0.270688,-0.107629,0.113943,-0.000025
26,253.909952,31,1.550000,0.414661,0.409312,0.416227,-0.328087,-0.323835,-0.293383,0.999872,-0.011242,0.011364,-0.000157,0.011086,-0.010892,0.000184,0.270468,-0.039930,0.042556,-0.000047
26,253.909952,32,1.600000,0.398257,0.393120,0.401558,-0.316704,-0.312576,-0.283272,0.999878,-0.010965,0.011091,-0.000153,0.009090,-0.008764,0.000183,0.270262,-0.000844,0.000578,-0.000067
26,253.909952,33,1.650000,0.382422,0.377492,0.387395,-0.305601,-0.301603,-0.273530,0.999883,-0.010738,0.010872,-0.000148,0.009048,-0.008735,0.000181,0.270067,0.015489,-0.017616,-0.000084
26,253.909952,34,1.700000,0.367142,0.362411,0.373718,-0.294726,-0.290865,-0.264140,0.999888,-0.010512,0.010654,-0.000144,0.009822,-0.009616,0.000179,0.269878,0.016709,-0.019695,-0.000099
26,253.909952,35,1.750000,0.352405,0.347868,0.360511,-0.284076,-0.280361,-0.255090,0.999893,-0.010266,0.010414,-0.000139,0.010658,-0.010601,0.000176,0.269695,0.010081,-0.013114,-0.000111
26,253.909952,36,1.800000,0.338202,0.333850,0.347757,-0.273674,-0.270109,-0.246368,0.999898,-0.010000,0.010149,-0.000135,0.011162,-0.011256,0.000173,0.269519,0.001301,-0.003827,-0.000121
26,253.909952,37,1.850000,0.324518,0.320345,0.335438,-0.263543,-0.260129,-0.237962,0.999904,-0.009721,0.009867,-0.000131,0.011227,-0.011448,0.000169,0.269348,-0.005946,0.004217,-0.000129
26,253.909952,38,1.900000,0.311341,0.307338,0.323540,-0.253700,-0.250434,-0.229860,0.999910,-0.009440,0.009581,-0.000126,0.010930,-0.011237,0.000166,0.269184,-0.009883,0.009015,-0.000136
26,253.909952,39,1.950000,0.298656,0.294816,0.312047,-0.244147,-0.241024,-0.222050,0.999915,-0.009167,0.009300,-0.000122,0.010436,-0.010786,0.000162,0.269027,-0.010233,0.010131,-0.000141
26,253.909952,40,2.000000,0.286448,0.282765,0.300945,-0.234880,-0.231892,-0.214523,0.999920,-0.008906,0.009031,-0.000118,0.009924,-0.010279,0.000158,0.268875,-0.007696,0.008173,-0.000145
26,253.909952,41,2.050000,0.274704,0.271171,0.290218,-0.225887,-0.223025,-0.207267,0.999924,-0.008658,0.008774,-0.000114,0.009539,-0.009871,0.000154,0.268728,-0.003452,0.004284,-0.000147
26,253.909952,42,2.100000,0.263410,0.260019,0.279855,-0.217154,-0.214409,-0.200274,0.999928,-0.008420,0.008527,-0.000110,0.009367,-0.009656,0.000150,0.268587,0.001255,-0.000278,-0.000149
26,253.909952,43,2.150000,0.252552,0.249299,0.269841,-0.208672,-0.206035,-0.193533,0.999932,-0.008185,0.008285,-0.000106,0.009430,-0.009670,0.000145,0.268451,0.005383,-0.004431,-0.000149
26,253.909952,44,2.200000,0.242119,0.238997,0.260165,-0.200434,-0.197898,-0.187037,0.999936,-0.007950,0.008044,-0.000103,0.009699,-0.009892,0.000141,0.268319,0.008243,-0.007430,-0.000148
26,253.909952,45,2.250000,0.232097,0.229102,0.250813,-0.192440,-0.189999,-0.180776,0.999940,-0.007707,0.007796,-0.000099,0.010111,-0.010263,0.000137,0.268193,0.009522,-0.008907,-0.000145
26,253.909952,46,2.300000,0.222475,0.219602,0.241774,-0.184695,-0.182345,-0.174742,0.999944,-0.007454,0.007540,-0.000096,0.010587,-0.010708,0.000133,0.268070,0.009244,-0.008840,-0.000142
26,253.909952,47,2.350000,0.213240,0.210485,0.233037,-0.177209,-0.174945,-0.168927,0.999948,-0.007190,0.007272,-0.000093,0.011049,-0.011150,0.000129,0.267952,0.007671,-0.007455,-0.000138
26,253.909952,48,2.400000,0.204380,0.201738,0.224591,-0.169992,-0.167811,-0.163324,0.999952,-0.006914,0.006993,-0.000089,0.011433,-0.011523,0.000125,0.267838,0.005200,-0.005129,-0.000133
26,253.909952,49,2.450000,0.195880,0.193347,0.216424,-0.163054,-0.160953,-0.157923,0.999956,-0.006628,0.006705,-0.000086,0.011693,-0.011779,0.000121,0.267728,0.002260,-0.002285,-0.000128
26,253.909952,50,2.500000,0.187727,0.185300,0.208528,-0.156405,-0.154382,-0.152718,0.999959,-0.006335,0.006411,-0.000083,0.011806,-0.011894,0.000117,0.267622,-0.000760,0.000687,-0.000123
26,253.909952,51,2.550000,0.179907,0.177580,0.200892,-0.150050,-0.148103,-0.147703,0.999963,-0.006040,0.006114,-0.000080,0.011768,-0.011859,0.000114,0.267519,-0.003567,0.003483,-0.000118
26,253.909952,52,2.600000,0.172405,0.170175,0.193507,-0.143992,-0.142119,-0.142870,0.999967,-0.005746,0.005817,-0.000077,0.011590,-0.011685,0.000111,0.267420,-0.005973,0.005904,-0.000112
26,253.909952,53,2.650000,0.165205,0.163069,0.186364,-0.138231,-0.136429,-0.138215,0.999970,-0.005456,0.005525,-0.000075,0.011291,-0.011390,0.000107,0.267324,-0.007901,0.007861,-0.000107
26,253.909952,54,2.700000,0.158294,0.156248,0.179453,-0.132760,-0.131027,-0.133730,0.999973,-0.005174,0.005240,-0.000072,0.010896,-0.010997,0.000104,0.267231,-0.009357,0.009348,-0.000102
26,253.909952,55,2.750000,0.151656,0.149697,0.172766,-0.127573,-0.125906,-0.129411,0.999976,-0.004902,0.004965,-0.000069,0.010428,-0.010529,0.000101,0.267141,-0.010402,0.010422,-0.000098
26,253.909952,56,2.800000,0.145277,0.143401,0.166296,-0.122660,-0.121057,-0.125253,0.999978,-0.004641,0.004702,-0.000067,0.009908,-0.010008,0.000099,0.267055,-0.011123,0.011163,-0.000093
26,253.909952,57,2.850000,0.139144,0.137348,0.160033,-0.118009,-0.116467,-0.121250,0.999980,-0.004393,0.004452,-0.000064,0.009352,-0.009450,0.000096,0.266971,-0.011601,0.011653,-0.000089
26,253.909952,58,2.900000,0.133243,0.131525,0.153971,-0.113607,-0.112123,-0.117399,0.999982,-0.004160,0.004216,-0.000062,0.008772,-0.008867,0.000093,0.266889,-0.011893,0.011949,-0.000086
26,253.909952,59,2.950000,0.127563,0.125919,0.148101,-0.109440,-0.108012,-0.113694,0.999984,-0.003940,0.003994,-0.000060,0.008178,-0.008270,0.000091,0.266811,-0.012020,0.012074,-0.000082
26,253.909952,60,3.000000,0.122091,0.120518,0.142416,-0.105493,-0.104118,-0.110131,0.999986,-0.003736,0.003787,-0.000057,0.007577,-0.007666,0.000089,0.266735,-0.011967,0.012018,-0.000079
26,253.909952,61,3.050000,0.116816,0.115312,0.136910,-0.101752,-0.100428,-0.106705,0.999987,-0.003546,0.003596,-0.000055,0.006978,-0.007065,0.000086,0.266661,-0.011693,0.011739,-0.000076
26,253.909952,62,3.100000,0.111729,0.110291,0.131574,-0.098200,-0.096926,-0.103413,0.999988,-0.003372,0.003419,-0.000053,0.006394,-0.006478,0.000084,0.266590,-0.011143,0.011185,-0.000074
26,253.909952,63,3.150000,0.106819,0.105445,0.126404,-0.094825,-0.093596,-0.100251,0.999990,-0.003212,0.003257,-0.000051,0.005837,-0.005919,0.000082,0.266521,-0.010274,0.010312,-0.000071
26,253.909952,64,3.200000,0.102078,0.100765,0.121391,-0.091609,-0.090426,-0.097214,0.999990,-0.003066,0.003109,-0.000049,0.005323,-0.005403,0.000080,0.266454,-0.009071,0.009108,-0.000069
26,253.909952,65,3.250000,0.097497,0.096244,0.116530,-0.088541,-0.087400,-0.094299,0.999991,-0.002933,0.002974,-0.000047,0.004869,-0.004948,0.000078,0.266390,-0.007574,0.007610,-0.000067
26,253.909952,66,3.300000,0.093070,0.091874,0.111815,-0.085607,-0.084506,-0.091503,0.999992,-0.002811,0.002850,-0.000045,0.004491,-0.004567,0.000076,0.266327,-0.005888,0.005923,-0.000066
26,253.909952,67,3.350000,0.088790,0.087648,0.107240,-0.082795,-0.081733,-0.088821,0.999993,-0.002699,0.002736,-0.000043,0.004196,-0.004271,0.000074,0.266266,-0.004181,0.004217,-0.000064
26,253.909952,68,3.400000,0.084650,0.083562,0.102799,-0.080097,-0.079072,-0.086250,0.999993,-0.002594,0.002629,-0.000041,0.003987,-0.004060,0.000073,0.266207,-0.002672,0.002712,-0.000063
26,253.909952,69,3.450000,0.080645,0.079608,0.098487,-0.077505,-0.076514,-0.083787,0.999994,-0.002495,0.002528,-0.000039,0.003854,-0.003925,0.000071,0.266150,-0.001598,0.001645,-0.000062
26,253.909952,70,3.500000,0.076770,0.075782,0.094297,-0.075013,-0.074055,-0.081430,0.999994,-0.002398,0.002430,-0.000038,0.003774,-0.003842,0.000069,0.266094,-0.001159,0.001219,-0.000061
26,253.909952,71,3.550000,0.073019,0.072080,0.090226,-0.072618,-0.071692,-0.079174,0.999995,-0.002304,0.002334,-0.000036,0.003716,-0.003781,0.000067,0.266040,-0.001459,0.001536,-0.000060
26,253.909952,72,3.600000,0.069388,0.068495,0.086267,-0.070319,-0.069422,-0.077018,0.999995,-0.002211,0.002239,-0.000034,0.003643,-0.003705,0.000066,0.265988,-0.002431,0.002531,-0.000059
26,253.909952,73,3.650000,0.065872,0.065024,0.082416,-0.068113,-0.067244,-0.074958,0.999995,-0.002120,0.002146,-0.000032,0.003521,-0.003578,0.000064,0.265937,-0.003787,0.003909,-0.000058
26,253.909952,74,3.700000,0.062467,0.061662,0.078668,-0.065999,-0.065156,-0.072992,0.999996,-0.002032,0.002057,-0.000031,0.003332,-0.003383,0.000062,0.265887,-0.004992,0.005129,-0.000057
26,253.909952,75,3.750000,0.059167,0.058404,0.075019,-0.063973,-0.063155,-0.071117,0.999996,-0.001949,0.001972,-0.000029,0.003082,-0.003126,0.000061,0.265838,-0.005289,0.005427,-0.000057
26,253.909952,76,3.800000,0.055968,0.055246,0.071463,-0.062031,-0.061236,-0.069331,0.999996,-0.001872,0.001894,-0.000028,0.002818,-0.002855,0.000059,0.265791,-0.003810,0.003922,-0.000056
26,253.909952,77,3.850000,0.052866,0.052184,0.067997,-0.060167,-0.059394,-0.067632,0.999997,-0.001801,0.001823,-0.000026,0.002627,-0.002659,0.000057,0.265745,0.000244,-0.000193,-0.000055
26,253.909952,78,3.900000,0.049858,0.049215,0.064615,-0.058372,-0.057622,-0.066017,0.999997,-0.001735,0.001756,-0.000025,0.002640,-0.002668,0.000056,0.265700,0.007326,-0.007376,-0.000054
26,253.909952,79,3.950000,0.046939,0.046334,0.061314,-0.056644,-0.055914,-0.064485,0.999997,-0.001669,0.001690,-0.000024,0.003006,-0.003037,0.000054,0.265657,0.017216,-0.017405,-0.000053
26,253.909952,80,4.000000,0.044107,0.043538,0.058090,-0.054981,-0.054271,-0.063034,0.999997,-0.001594,0.001614,-0.000022,0.003867,-0.003907,0.000053,0.265614,0.028691,-0.029039,-0.000051
26,253.909952,81,4.050000,0.041358,0.040824,0.054938,-0.053394,-0.052703,-0.061661,0.999998,-0.001498,0.001516,-0.000021,0.005301,-0.005359,0.000051,0.265572,0.039264,-0.039759,-0.000048
26,253.909952,82,4.100000,0.038689,0.038189,0.051855,-0.051903,-0.051230,-0.060366,0.999998,-0.001365,0.001382,-0.000020,0.007265,-0.007347,0.000050,0.265531,0.045123,-0.045702,-0.000045
26,253.909952,83,4.150000,0.036093,0.035628,0.048837,-0.050543,-0.049888,-0.059145,0.999999,-0.001183,0.001198,-0.000018,0.009521,-0.009632,0.000049,0.265491,0.041375,-0.041914,-0.000041
26,253.909952,84,4.200000,0.033566,0.033133,0.045880,-0.049365,-0.048724,-0.057998,0.999999,-0.000945,0.000958,-0.000017,0.011590,-0.011728,0.000048,0.265452,0.022734,-0.023039,-0.000035
26,253.909952,85,4.250000,0.031098,0.030697,0.042980,-0.048423,-0.047795,-0.056922,1.000000,-0.000656,0.000664,-0.000016,0.012726,-0.012880,0.000047,0.265413,-0.015283,0.015464,-0.000029
26,253.909952,86,4.300000,0.028677,0.028307,0.040134,-0.047770,-0.047150,-0.055917,1.000000,-0.000338,0.000342,-0.000015,0.011962,-0.012107,0.000046,0.265375,-0.074650,0.075593,-0.000022
26,253.909952,87,4.350000,0.026288,0.025950,0.037338,-0.047434,-0.046818,-0.054983,1.000000,-0.000038,0.000040,-0.000014,0.008230,-0.008327,0.000045,0.265336,-0.152740,0.154685,-0.000014
26,253.909952,88,4.400000,0.023917,0.023609,0.034589,-0.047395,-0.046781,-0.054119,1.000000,0.000167,-0.000168,-0.000012,0.000593,-0.000593,0.000045,0.265300,-0.240188,0.243251,-0.000005
26,253.909952,89,4.450000,0.021547,0.021270,0.031883,-0.047560,-0.046945,-0.053323,1.000000,0.000182,-0.000183,-0.000011,-0.011417,0.011570,0.000045,0.265266,-0.319234,0.323301,0.000003
26,253.909952,90,4.500000,0.019169,0.018923,0.029217,-0.047740,-0.047124,-0.052589,1.000000,-0.000103,0.000106,-0.000010,-0.027378,0.027735,0.000045,0.265236,-0.363370,0.367984,0.000011
26,253.909952,91,4.550000,0.016782,0.016566,0.026587,-0.047636,-0.047022,-0.051911,0.999999,-0.000788,0.000799,-0.000009,-0.045547,0.046134,0.000045,0.265208,-0.339344,0.343624,0.000015
26,253.909952,92,4.600000,0.014400,0.014215,0.023992,-0.046851,-0.046249,-0.051286,0.999996,-0.001926,0.001953,-0.000008,-0.062514,0.063315,0.000045,0.265174,-0.212814,0.215450,0.000013
26,253.909952,93,4.650000,0.012058,0.011903,0.021427,-0.044933,-0.044357,-0.050731,0.999988,-0.003489,0.003536,-0.000007,-0.073155,0.074087,0.000046,0.265123,0.040951,-0.041570,0.000003
26,253.909952,94,4.700000,0.009811,0.009685,0.018891,-0.041461,-0.040930,-0.050286,0.999971,-0.005318,0.005388,-0.000006,-0.071108,0.072009,0.000046,0.265052,0.419691,-0.425131,-0.000022
26,253.909952,95,4.750000,0.007738,0.007639,0.016376,-0.036172,-0.035710,-0.050006,0.999949,-0.007096,0.007188,-0.000005,-0.050123,0.050752,0.000045,0.264982,0.867358,-0.878453,-0.000067
26,253.909952,96,4.800000,0.005929,0.005853,0.013876,-0.029118,-0.028747,-0.049899,0.999929,-0.008349,0.008457,-0.000003,-0.006755,0.006829,0.000043,0.264973,1.234046,-1.249720,-0.000142
26,253.909952,97,4.850000,0.004473,0.004416,0.011381,-0.020820,-0.020554,-0.049847,0.999927,-0.008518,0.008627,-0.000002,0.054947,-0.055657,0.000039,0.265102,1.218069,-1.233442,-0.000259
26,253.909952,98,4.900000,0.003432,0.003388,0.008889,-0.012350,-0.012192,-0.049563,0.999948,-0.007144,0.007236,-0.000001,0.115850,-0.117329,0.000032,0.264700,0.287026,-0.290536,-0.000436
26,253.909952,99,4.950000,0.002815,0.002778,0.006411,-0.005256,-0.005188,-0.049979,0.999982,-0.004248,0.004303,-0.000001,0.130202,-0.131855,0.000020,0.291891,-2.603863,2.636921,-0.000695
26,253.909952,100,5.000000,0.002552,0.002519,0.003912,-0.000604,-0.000596,0.000020,0.999999,-0.000993,0.001007,-0.000000,0.000009,-0.000009,-0.000000,0,0,0,0
27,237.843777,0,0.000000,1.011248,0.999042,0.981458,-0.013710,-0.010796,0.000636,0.999993,0.002501,-0.002667,0.000002,0.000000,0.000000,0.000000,0.237876,37.072607,-36.629472,-0.256405
27,237.843777,1,0.050000,1.010562,0.998502,0.981490,-0.016060,-0.012999,-0.049364,0.999993,0.002501,-0.002667,0.000002,1.853630,-1.831474,-0.007288,0.237876,-31.054737,30.341885,0.121035
27,237.843777,2,0.100000,1.009759,0.997852,0.979022,-0.018410,-0.015202,-0.099364,0.997641,0.048738,-0.048351,-0.000171,0.300387,-0.314892,-0.003848,0.240134,-6.007293,6.299196,0.074654
27,237.843777,3,0.150000,1.008839,0.997092,0.974053,-0.061318,-0.058439,-0.149364,0.996835,0.056230,-0.056198,-0.000288,-0.000024,0.000024,-0.001726,0.240915,0.000863,-0.000871,0.040158
27,237.843777,4,0.200000,1.005773,0.994170,0.966585,-0.111318,-0.108439,-0.199364,0.996835,0.056232,-0.056195,-0.000331,0.000019,-0.000020,-0.000584,0.240915,-0.000581,0.000580,0.023399
27,237.843777,5,0.250000,1.000207,0.988748,0.956617,-0.161318,-0.158438,-0.249364,0.996835,0.056233,-0.056194,-0.000345,-0.000010,0.000009,0.000081,0.240915,0.000094,-0.000085,0.014041
27,237.843777,6,0.300000,0.992141,0.980826,0.944149,-0.211317,-0.208438,-0.299364,0.996835,0.056233,-0.056194,-0.000343,-0.000005,0.000005,0.000480,0.240915,0.000164,-0.000178,0.007179
27,237.843777,7,0.350000,0.981575,0.970404,0.929181,-0.261317,-0.258438,-0.349364,0.996835,0.056232,-0.056195,-0.000331,0.000003,-0.000004,0.000684,0.240915,-0.094357,0.083532,0.002577
27,237.843777,8,0.400000,0.968510,0.957483,0.911712,-0.311316,-0.308437,-0.399364,0.996835,0.056231,-0.056196,-0.000314,-0.004715,0.004173,0.000757,0.240915,-0.659817,0.655857,-0.000335
27,237.843777,9,0.450000,0.952944,0.942061,0.891744,-0.361316,-0.358437,-0.449363,0.996847,0.056113,-0.056093,-0.000296,-0.037706,0.036965,0.000748,0.240903,-2.606634,2.642307,-0.002026
27,237.843777,10,0.500000,0.934878,0.924139,0.869276,-0.411221,-0.408330,-0.499363,0.996951,0.055172,-0.055173,-0.000278,-0.168038,0.169080,0.000690,0.240803,-2.257042,2.151262,-0.002924
27,237.843777,11,0.550000,0.914317,0.903722,0.844308,-0.460291,-0.457372,-0.549361,0.997399,0.050984,-0.050957,-0.000260,-0.280895,0.276638,0.000607,0.265543,-0.726859,0.489318,-0.004110
27,237.843777,12,0.600000,0.891302,0.880854,0.816840,-0.510290,-0.507371,-0.553224,0.998061,0.043978,-0.044056,-0.000250,-0.317244,0.301098,0.000490,0.294149,-2.594880,2.655258,-0.005003
27,237.843777,13,0.650000,0.865788,0.855485,0.789179,-0.558205,-0.555178,-0.503226,0.998681,0.036062,-0.036540,-0.000256,-0.446994,0.433855,0.000348,0.239131,-1.720362,1.889128,-0.003946
27,237.843777,14,0.700000,0.837878,0.827726,0.764017,-0.590533,-0.587066,-0.553224,0.999359,0.024901,-0.025702,-0.000264,-0.533018,0.528305,0.000236,0.292619,-0.087942,0.236946,-0.002430
27,237.843777,15,0.750000,0.808351,0.798373,0.736356,-0.618377,-0.614029,-0.503225,0.999855,0.011586,-0.012497,-0.000272,-0.537419,0.540148,0.000167,0.256545,1.361316,-1.263754,-0.001261
27,237.843777,16,0.800000,0.777432,0.767672,0.711195,-0.630253,-0.625032,-0.518918,0.999998,-0.001844,0.001008,-0.000279,-0.469357,0.476957,0.000131,0.291872,2.106375,-2.059541,-0.000575
27,237.843777,17,0.850000,0.745919,0.736420,0.685249,-0.629163,-0.623039,-0.468919,0.999824,-0.013573,0.012933,-0.000286,-0.364041,0.373977,0.000115,0.259844,2.502875,-2.494939,-0.000194
27,237.843777,18,0.900000,0.714461,0.705268,0.661803,-0.616714,-0.609983,-0.478565,0.999495,-0.022667,0.022282,-0.000292,-0.238899,0.249229,0.000109,0.292460,2.428669,-2.449720,0.000006
27,237.843777,19,0.950000,0.683626,0.674769,0.637875,-0.592584,-0.585449,-0.428566,0.999183,-0.028634,0.028510,-0.000298,-0.117466,0.126742,0.000109,0.256577,2.239034,-2.283635,0.000118
27,237.843777,20,1.000000,0.653996,0.645496,0.616446,-0.565505,-0.558269,-0.445474,0.999000,-0.031567,0.031677,-0.000302,-0.005515,0.012560,0.000112,0.293041,1.656106,-1.712530,0.000193
27,237.843777,21,1.050000,0.625721,0.617583,0.594173,-0.531149,-0.524053,-0.395476,0.998985,-0.031704,0.031991,-0.000305,0.077290,-0.073067,0.000118,0.263256,0.998266,-1.056155,0.000252
27,237.843777,22,1.100000,0.599164,0.591380,0.574399,-0.499980,-0.493181,-0.400442,0.999101,-0.029775,0.030165,-0.000306,0.127204,-0.125874,0.000125,0.272601,0.365371,-0.411275,0.000309
27,237.843777,23,1.150000,0.574165,0.566721,0.554377,-0.469542,-0.463156,-0.387939,0.999281,-0.026598,0.027020,-0.000305,0.145473,-0.146437,0.000134,0.272433,-0.138363,0.111179,0.000351
27,237.843777,24,1.200000,0.550688,0.543563,0.534980,-0.442290,-0.436346,-0.375384,0.999463,-0.022964,0.023360,-0.000303,0.138556,-0.140878,0.000144,0.272277,-0.447435,0.438618,0.000370
27,237.843777,25,1.250000,0.528573,0.521746,0.516211,-0.418738,-0.413208,-0.362750,0.999613,-0.019503,0.019839,-0.000299,0.116185,-0.118946,0.000154,0.272056,-0.569374,0.574207,0.000366
27,237.843777,26,1.300000,0.507636,0.501086,0.498073,-0.398750,-0.393570,-0.350222,0.999720,-0.016600,0.016866,-0.000295,0.087717,-0.090235,0.000165,0.271774,-0.551970,0.564461,0.000346
27,237.843777,27,1.350000,0.487699,0.481407,0.480562,-0.381773,-0.376870,-0.338001,0.999789,-0.014409,0.014610,-0.000290,0.060119,-0.062011,0.000175,0.271470,-0.453113,0.467956,0.000316
27,237.843777,28,1.400000,0.468610,0.462564,0.463662,-0.367083,-0.362390,-0.326201,0.999831,-0.012906,0.013059,-0.000285,0.037464,-0.038613,0.000184,0.271179,-0.323209,0.336651,0.000281
27,237.843777,29,1.450000,0.450256,0.444444,0.447352,-0.353965,-0.349434,-0.314856,0.999855,-0.011970,0.012094,-0.000281,0.021303,-0.021780,0.000192,0.270916,-0.197715,0.207691,0.000242
27,237.843777,30,1.500000,0.432558,0.426973,0.431609,-0.341828,-0.337428,-0.303950,0.999868,-0.011438,0.011550,-0.000276,0.011418,-0.011396,0.000199,0.270681,-0.096490,0.102353,0.000204
27,237.843777,31,1.550000,0.415466,0.410101,0.416412,-0.330248,-0.325966,-0.293454,0.999874,-0.011152,0.011265,-0.000271,0.006593,-0.006278,0.000204,0.270466,-0.026629,0.028726,0.000168
27,237.843777,32,1.600000,0.398954,0.393803,0.401739,-0.318962,-0.314799,-0.283344,0.999878,-0.010987,0.011108,-0.000266,0.005262,-0.004842,0.000209,0.270263,0.013454,-0.014222,0.000134
27,237.843777,33,1.650000,0.383006,0.378063,0.387572,-0.307842,-0.303806,-0.273600,0.999881,-0.010856,0.010987,-0.000261,0.005935,-0.005553,0.000213,0.270069,0.030088,-0.032627,0.000104
27,237.843777,34,1.700000,0.367614,0.362873,0.373892,-0.296851,-0.292951,-0.264211,0.999884,-0.010707,0.010848,-0.000255,0.007439,-0.007184,0.000216,0.269881,0.031190,-0.034476,0.000078
27,237.843777,35,1.750000,0.352771,0.348225,0.360681,-0.286006,-0.282253,-0.255163,0.999888,-0.010521,0.010668,-0.000250,0.008999,-0.008908,0.000218,0.269699,0.024147,-0.027373,0.000055
27,237.843777,36,1.800000,0.338471,0.334112,0.347923,-0.275348,-0.271747,-0.246445,0.999892,-0.010297,0.010446,-0.000245,0.010206,-0.010276,0.000220,0.269522,0.014665,-0.017303,0.000035
27,237.843777,37,1.850000,0.324703,0.320525,0.335601,-0.264920,-0.261472,-0.238045,0.999898,-0.010041,0.010189,-0.000239,0.010940,-0.011141,0.000221,0.269352,0.006397,-0.008191,0.000018
27,237.843777,38,1.900000,0.311457,0.307452,0.323699,-0.254754,-0.251458,-0.229948,0.999903,-0.009768,0.009910,-0.000234,0.011259,-0.011551,0.000221,0.269188,0.001093,-0.002006,0.000002
27,237.843777,39,1.950000,0.298720,0.294879,0.312201,-0.244872,-0.241723,-0.222145,0.999909,-0.009486,0.009622,-0.000228,0.011314,-0.011651,0.000221,0.269030,-0.000969,0.000818,-0.000012
27,237.843777,40,2.000000,0.286476,0.282792,0.301094,-0.235284,-0.232274,-0.214623,0.999914,-0.009204,0.009330,-0.000223,0.011266,-0.011610,0.000221,0.268878,-0.000441,0.000850,-0.000024
27,237.843777,41,2.050000,0.274712,0.271179,0.290363,-0.225991,-0.223111,-0.207372,0.999919,-0.008922,0.009040,-0.000217,0.011244,-0.011567,0.000220,0.268731,0.001589,-0.000845,-0.000034
27,237.843777,42,2.100000,0.263412,0.260023,0.279994,-0.216993,-0.214234,-0.200381,0.999924,-0.008641,0.008751,-0.000212,0.011323,-0.011610,0.000219,0.268590,0.003994,-0.003123,-0.000043
27,237.843777,43,2.150000,0.252563,0.249312,0.269975,-0.208286,-0.205640,-0.193643,0.999929,-0.008358,0.008461,-0.000206,0.011523,-0.011766,0.000218,0.268454,0.005865,-0.005026,-0.000051
27,237.843777,44,2.200000,0.242148,0.239030,0.260293,-0.199873,-0.197332,-0.187147,0.999934,-0.008070,0.008166,-0.000201,0.011817,-0.012017,0.000217,0.268322,0.006636,-0.005932,-0.000057
27,237.843777,45,2.250000,0.232155,0.229163,0.250936,-0.191756,-0.189315,-0.180886,0.999939,-0.007775,0.007866,-0.000195,0.012149,-0.012313,0.000215,0.268195,0.006101,-0.005580,-0.000062
27,237.843777,46,2.300000,0.222567,0.219697,0.241891,-0.183942,-0.181594,-0.174849,0.999944,-0.007471,0.007558,-0.000190,0.012454,-0.012592,0.000213,0.268073,0.004357,-0.004022,-0.000066
27,237.843777,47,2.350000,0.213370,0.210618,0.233149,-0.176437,-0.174179,-0.169031,0.999948,-0.007160,0.007243,-0.000184,0.012672,-0.012793,0.000211,0.267954,0.001710,-0.001534,-0.000069
27,237.843777,48,2.400000,0.204548,0.201909,0.224697,-0.169247,-0.167075,-0.163422,0.999953,-0.006843,0.006924,-0.000179,0.012757,-0.012870,0.000209,0.267840,-0.001431,0.001492,-0.000071
27,237.843777,49,2.450000,0.196086,0.193555,0.216526,-0.162378,-0.160288,-0.158015,0.999957,-0.006524,0.006602,-0.000174,0.012686,-0.012795,0.000207,0.267730,-0.004650,0.004646,-0.000072
27,237.843777,50,2.500000,0.187967,0.185540,0.208625,-0.155831,-0.153821,-0.152804,0.999961,-0.006207,0.006282,-0.000169,0.012453,-0.012563,0.000205,0.267624,-0.007596,0.007568,-0.000073
27,237.843777,51,2.550000,0.180175,0.177849,0.200985,-0.149603,-0.147670,-0.147783,0.999965,-0.005895,0.005968,-0.000164,0.012074,-0.012184,0.000203,0.267521,-0.010020,0.009999,-0.000074
27,237.843777,52,2.600000,0.172695,0.170466,0.193596,-0.143690,-0.141830,-0.142944,0.999968,-0.005594,0.005663,-0.000159,0.011573,-0.011684,0.000201,0.267421,-0.011791,0.011797,-0.000075
27,237.843777,53,2.650000,0.165510,0.163374,0.186449,-0.138080,-0.136291,-0.138282,0.999971,-0.005304,0.005371,-0.000154,0.010983,-0.011094,0.000199,0.267325,-0.012887,0.012926,-0.000076
27,237.843777,54,2.700000,0.158606,0.156560,0.179535,-0.132761,-0.131040,-0.133792,0.999974,-0.005030,0.005094,-0.000149,0.010339,-0.010448,0.000197,0.267232,-0.013370,0.013440,-0.000077
27,237.843777,55,2.750000,0.151968,0.150008,0.172845,-0.127719,-0.126062,-0.129469,0.999977,-0.004771,0.004833,-0.000144,0.009671,-0.009776,0.000195,0.267142,-0.013355,0.013448,-0.000078
27,237.843777,56,2.800000,0.145582,0.143705,0.166372,-0.122937,-0.121342,-0.125307,0.999979,-0.004530,0.004588,-0.000139,0.009003,-0.009103,0.000192,0.267055,-0.012979,0.013083,-0.000079
27,237.843777,57,2.850000,0.139436,0.137638,0.160106,-0.118398,-0.116863,-0.121301,0.999981,-0.004305,0.004361,-0.000134,0.008354,-0.008449,0.000190,0.266971,-0.012371,0.012476,-0.000081
27,237.843777,58,2.900000,0.133516,0.131794,0.154041,-0.114086,-0.112607,-0.117448,0.999983,-0.004096,0.004149,-0.000129,0.007735,-0.007825,0.000188,0.266890,-0.011631,0.011730,-0.000082
27,237.843777,59,2.950000,0.127811,0.126164,0.148169,-0.109984,-0.108559,-0.113741,0.999985,-0.003902,0.003954,-0.000125,0.007154,-0.007239,0.000185,0.266811,-0.010824,0.010910,-0.000084
27,237.843777,60,3.000000,0.122312,0.120736,0.142482,-0.106077,-0.104704,-0.110176,0.999986,-0.003723,0.003773,-0.000120,0.006613,-0.006693,0.000183,0.266735,-0.009969,0.010040,-0.000085
27,237.843777,61,3.050000,0.117008,0.115501,0.136973,-0.102349,-0.101026,-0.106750,0.999987,-0.003558,0.003605,-0.000115,0.006114,-0.006191,0.000181,0.266662,-0.009053,0.009110,-0.000087
27,237.843777,62,3.100000,0.111891,0.110450,0.131636,-0.098788,-0.097512,-0.103457,0.999988,-0.003405,0.003451,-0.000111,0.005662,-0.005736,0.000178,0.266591,-0.008044,0.008088,-0.000089
27,237.843777,63,3.150000,0.106951,0.105574,0.126463,-0.095381,-0.094150,-0.100294,0.999989,-0.003264,0.003307,-0.000106,0.005260,-0.005331,0.000176,0.266522,-0.006905,0.006939,-0.000091
27,237.843777,64,3.200000,0.102182,0.100867,0.121448,-0.092116,-0.090929,-0.097256,0.999990,-0.003132,0.003174,-0.000102,0.004914,-0.004984,0.000173,0.266455,-0.005620,0.005646,-0.000094
27,237.843777,65,3.250000,0.097577,0.096320,0.116585,-0.088983,-0.087838,-0.094341,0.999991,-0.003009,0.003049,-0.000098,0.004634,-0.004702,0.000170,0.266390,-0.004215,0.004235,-0.000096
27,237.843777,66,3.300000,0.093127,0.091928,0.111868,-0.085975,-0.084869,-0.091544,0.999992,-0.002894,0.002932,-0.000093,0.004423,-0.004490,0.000168,0.266328,-0.002766,0.002781,-0.000098
27,237.843777,67,3.350000,0.088829,0.087685,0.107291,-0.083082,-0.082015,-0.088861,0.999992,-0.002783,0.002820,-0.000089,0.004285,-0.004351,0.000165,0.266267,-0.001408,0.001421,-0.000101
27,237.843777,68,3.400000,0.084675,0.083584,0.102848,-0.080302,-0.079271,-0.086290,0.999993,-0.002676,0.002711,-0.000085,0.004214,-0.004280,0.000162,0.266208,-0.000326,0.000339,-0.000103
27,237.843777,69,3.450000,0.080659,0.079621,0.098533,-0.077629,-0.076633,-0.083827,0.999993,-0.002571,0.002604,-0.000081,0.004198,-0.004263,0.000159,0.266151,0.000280,-0.000261,-0.000106
27,237.843777,70,3.500000,0.076778,0.075789,0.094342,-0.075062,-0.074099,-0.081469,0.999994,-0.002466,0.002497,-0.000077,0.004212,-0.004276,0.000156,0.266095,0.000232,-0.000203,-0.000108
27,237.843777,71,3.550000,0.073025,0.072084,0.090269,-0.072601,-0.071669,-0.079213,0.999994,-0.002360,0.002390,-0.000073,0.004224,-0.004286,0.000153,0.266041,-0.000557,0.000603,-0.000111
27,237.843777,72,3.600000,0.069395,0.068501,0.086308,-0.070245,-0.069344,-0.077055,0.999995,-0.002255,0.002283,-0.000069,0.004196,-0.004256,0.000150,0.265988,-0.002022,0.002091,-0.000114
27,237.843777,73,3.650000,0.065883,0.065033,0.082455,-0.067996,-0.067123,-0.074995,0.999995,-0.002150,0.002177,-0.000066,0.004095,-0.004151,0.000147,0.265937,-0.003886,0.003980,-0.000117
27,237.843777,74,3.700000,0.062483,0.061677,0.078706,-0.065852,-0.065005,-0.073028,0.999996,-0.002047,0.002073,-0.000062,0.003900,-0.003952,0.000143,0.265887,-0.005632,0.005747,-0.000120
27,237.843777,75,3.750000,0.059190,0.058427,0.075054,-0.063810,-0.062989,-0.071152,0.999996,-0.001950,0.001974,-0.000058,0.003619,-0.003665,0.000140,0.265839,-0.006517,0.006639,-0.000122
27,237.843777,76,3.800000,0.056000,0.055277,0.071497,-0.061866,-0.061069,-0.069365,0.999996,-0.001859,0.001883,-0.000055,0.003293,-0.003333,0.000136,0.265792,-0.005667,0.005773,-0.000125
27,237.843777,77,3.850000,0.052906,0.052224,0.068028,-0.060013,-0.059239,-0.067665,0.999997,-0.001777,0.001799,-0.000051,0.003010,-0.003044,0.000133,0.265746,-0.002252,0.002308,-0.000128
27,237.843777,78,3.900000,0.049906,0.049262,0.064645,-0.058242,-0.057490,-0.066049,0.999997,-0.001702,0.001723,-0.000048,0.002897,-0.002929,0.000129,0.265701,0.004252,-0.004287,-0.000131
27,237.843777,79,3.950000,0.046994,0.046388,0.061343,-0.056546,-0.055815,-0.064516,0.999997,-0.001629,0.001650,-0.000045,0.003110,-0.003143,0.000125,0.265657,0.013735,-0.013898,-0.000133
27,237.843777,80,4.000000,0.044166,0.043597,0.058117,-0.054923,-0.054212,-0.063064,0.999998,-0.001552,0.001571,-0.000042,0.003796,-0.003838,0.000122,0.265614,0.025109,-0.025424,-0.000135
27,237.843777,81,4.050000,0.041420,0.040886,0.054964,-0.053377,-0.052686,-0.061691,0.999998,-0.001457,0.001475,-0.000039,0.005052,-0.005109,0.000118,0.265572,0.036028,-0.036490,-0.000136
27,237.843777,82,4.100000,0.038751,0.038252,0.051879,-0.051926,-0.051253,-0.060394,0.999998,-0.001331,0.001348,-0.000036,0.006853,-0.006934,0.000114,0.265532,0.042788,-0.043342,-0.000137
27,237.843777,83,4.150000,0.036155,0.035689,0.048859,-0.050601,-0.049944,-0.059173,0.999999,-0.001159,0.001174,-0.000033,0.008993,-0.009101,0.000110,0.265491,0.040525,-0.041053,-0.000137
27,237.843777,84,4.200000,0.033625,0.033192,0.045901,-0.049446,-0.048805,-0.058025,0.999999,-0.000934,0.000947,-0.000030,0.011019,-0.011154,0.000106,0.265452,0.023852,-0.024167,-0.000136
27,237.843777,85,4.250000,0.031153,0.030752,0.042999,-0.048515,-0.047886,-0.056948,1.000000,-0.000659,0.000668,-0.000027,0.012212,-0.012362,0.000102,0.265413,-0.011979,0.012125,-0.000134
27,237.843777,86,4.300000,0.028727,0.028357,0.040152,-0.047859,-0.047238,-0.055943,1.000000,-0.000354,0.000359,-0.000025,0.011613,-0.011756,0.000099,0.265375,-0.069375,0.070259,-0.000131
27,237.843777,87,4.350000,0.026334,0.025996,0.037355,-0.047506,-0.046891,-0.055008,1.000000,-0.000063,0.000065,-0.000022,0.008144,-0.008243,0.000095,0.265337,-0.146271,0.148142,-0.000127
27,237.843777,88,4.400000,0.023959,0.023651,0.034604,-0.047442,-0.046829,-0.054144,1.000000,0.000140,-0.000141,-0.000020,0.000831,-0.000835,0.000091,0.265300,-0.233890,0.236882,-0.000122
27,237.843777,89,4.450000,0.021587,0.021310,0.031897,-0.047581,-0.046966,-0.053348,1.000000,0.000161,-0.000162,-0.000018,-0.010864,0.011009,0.000088,0.265266,-0.314922,0.318942,-0.000118
27,237.843777,90,4.500000,0.019208,0.018961,0.029230,-0.047740,-0.047125,-0.052614,1.000000,-0.000111,0.000113,-0.000016,-0.026610,0.026956,0.000084,0.265236,-0.362946,0.367561,-0.000115
27,237.843777,91,4.550000,0.016821,0.016605,0.026599,-0.047629,-0.047016,-0.051937,0.999999,-0.000776,0.000787,-0.000013,-0.044757,0.045334,0.000081,0.265208,-0.344199,0.348546,-0.000114
27,237.843777,92,4.600000,0.014439,0.014254,0.024002,-0.046855,-0.046254,-0.051312,0.999996,-0.001895,0.001920,-0.000011,-0.061968,0.062761,0.000078,0.265174,-0.223045,0.225814,-0.000119
27,237.843777,93,4.650000,0.012096,0.011942,0.021437,-0.044969,-0.044393,-0.050757,0.999988,-0.003444,0.003489,-0.000010,-0.073120,0.074051,0.000075,0.265123,0.027349,-0.027797,-0.000133
27,237.843777,94,4.700000,0.009848,0.009722,0.018899,-0.041543,-0.041012,-0.050312,0.999972,-0.005272,0.005341,-0.000008,-0.071753,0.072661,0.000071,0.265053,0.407329,-0.412615,-0.000161
27,237.843777,95,4.750000,0.007771,0.007671,0.016383,-0.036300,-0.035837,-0.050029,0.999949,-0.007065,0.007157,-0.000006,-0.051386,0.052030,0.000066,0.264983,0.863073,-0.874116,-0.000209
27,237.843777,96,4.800000,0.005956,0.005879,0.013882,-0.029276,-0.028903,-0.049920,0.999929,-0.008350,0.008458,-0.000004,-0.008233,0.008324,0.000060,0.264973,1.244660,-1.260470,-0.000288
27,237.843777,97,4.850000,0.004492,0.004434,0.011386,-0.020976,-0.020709,-0.049868,0.999926,-0.008556,0.008666,-0.000003,0.054000,-0.054699,0.000052,0.265095,1.244708,-1.260417,-0.000410
27,237.843777,98,4.900000,0.003443,0.003399,0.008892,-0.012468,-0.012309,-0.049598,0.999947,-0.007206,0.007299,-0.000001,0.116236,-0.117720,0.000040,0.264720,0.313614,-0.317453,-0.000593
27,237.843777,99,4.950000,0.002820,0.002783,0.006412,-0.005313,-0.005245,-0.049979,0.999981,-0.004300,0.004356,-0.000000,0.131916,-0.133592,0.000024,0.291891,-2.638141,2.671649,-0.000862
27,237.843777,100,5.000000,0.002554,0.002521,0.003914,-0.000604,-0.000596,0.000019,0.999999,-0.001002,0.001016,0.000000,0.000010,-0.000010,-0.000001,0,0,0,0
28,235.623410,0,0.000000,1.011248,0.999042,0.981458,-0.013710,-0.010796,0.000636,0.999993,0.002501,-0.002667,0.000002,0.000000,0.000000,0.000000,0.237876,37.471958,-37.039015,-0.253657
28,235.623410,1,0.050000,1.010562,0.998502,0.981490,-0.016060,-0.012999,-0.049364,0.999993,0.002501,-0.002667,0.000002,1.873598,-1.851951,-0.007210,0.237876,-31.852104,31.159131,0.122335
28,235.623410,2,0.100000,1.009759,0.997852,0.979022,-0.018410,-0.015202,-0.099364,0.997591,0.049234,-0.048859,-0.000169,0.280486,-0.294507,-0.003733,0.240181,-5.618330,5.900117,0.075165
28,235.623410,3,0.150000,1.008839,0.997092,0.974053,-0.061776,-0.058886,-0.149364,0.996835,0.056230,-0.056198,-0.000282,-0.000472,0.000459,-0.001596,0.240915,0.018662,-0.018148,0.040224
28,235.623410,4,0.200000,1.005750,0.994148,0.966585,-0.111776,-0.108885,-0.199364,0.996836,0.056220,-0.056184,-0.000322,0.000461,-0.000448,-0.000453,0.240914,-0.009470,0.009234,0.023251
28,235.623410,5,0.250000,1.000161,0.988704,0.956617,-0.161765,-0.158875,-0.249364,0.996835,0.056232,-0.056195,-0.000333,-0.000013,0.000013,0.000208,0.240915,0.000240,-0.000289,0.013814
28,235.623410,6,0.300000,0.992073,0.980760,0.944149,-0.211765,-0.208874,-0.299364,0.996835,0.056232,-0.056195,-0.000328,-0.000001,-0.000001,0.000601,0.240915,-0.002867,0.002550,0.006955
28,235.623410,7,0.350000,0.981485,0.970316,0.929181,-0.261764,-0.258873,-0.349364,0.996835,0.056231,-0.056196,-0.000313,-0.000144,0.000127,0.000798,0.240915,-0.078443,0.069116,0.002396
28,235.623410,8,0.400000,0.968397,0.957373,0.911712,-0.311763,-0.308872,-0.399364,0.996835,0.056226,-0.056194,-0.000293,-0.004066,0.003582,0.000866,0.240915,-0.601523,0.596397,-0.000456
28,235.623410,9,0.450000,0.952809,0.941929,0.891744,-0.361760,-0.358868,-0.449363,0.996846,0.056124,-0.056106,-0.000272,-0.034142,0.033402,0.000854,0.240905,-2.568526,2.604101,-0.002087
28,235.623410,10,0.500000,0.934721,0.923986,0.869276,-0.411675,-0.408773,-0.499362,0.996940,0.055272,-0.055274,-0.000252,-0.162570,0.163606,0.000794,0.240814,-2.233566,2.127750,-0.002933
28,235.623410,11,0.550000,0.914137,0.903547,0.844308,-0.460836,-0.457907,-0.549360,0.997374,0.051219,-0.051196,-0.000231,-0.274253,0.269989,0.000711,0.264322,-0.731598,0.491172,-0.004094
28,235.623410,12,0.600000,0.891095,0.880652,0.816840,-0.510835,-0.507905,-0.555510,0.998025,0.044379,-0.044461,-0.000218,-0.310840,0.294540,0.000594,0.294191,-2.667367,2.730402,-0.004967
28,235.623410,13,0.650000,0.865553,0.855256,0.789064,-0.559194,-0.556155,-0.505511,0.998640,0.036623,-0.037109,-0.000222,-0.444215,0.431053,0.000453,0.239171,-1.790644,1.962562,-0.003867
28,235.623410,14,0.700000,0.837594,0.827449,0.763789,-0.592028,-0.588544,-0.555510,0.999327,0.025531,-0.026342,-0.000228,-0.533755,0.529173,0.000343,0.292657,-0.139706,0.289937,-0.002337
28,235.623410,15,0.750000,0.807992,0.798021,0.736013,-0.620568,-0.616193,-0.505511,0.999840,0.012197,-0.013116,-0.000233,-0.540747,0.543663,0.000277,0.257305,1.325292,-1.227907,-0.001191
28,235.623410,16,0.800000,0.776964,0.767212,0.710738,-0.633068,-0.627812,-0.519826,0.999999,-0.001316,0.000476,-0.000238,-0.474488,0.482262,0.000243,0.291870,2.078241,-2.032115,-0.000547
28,235.623410,17,0.850000,0.745310,0.735821,0.684746,-0.632553,-0.626389,-0.469828,0.999835,-0.013174,0.012534,-0.000242,-0.370580,0.380652,0.000227,0.260419,2.487026,-2.479698,-0.000210
28,235.623410,18,0.900000,0.713683,0.704502,0.661255,-0.620463,-0.613688,-0.478389,0.999505,-0.022432,0.022049,-0.000246,-0.246232,0.256664,0.000222,0.292448,2.422558,-2.444277,-0.000049
28,235.623410,19,0.950000,0.682660,0.673817,0.637336,-0.596587,-0.589409,-0.428391,0.999186,-0.028582,0.028463,-0.000248,-0.125107,0.134448,0.000220,0.256881,2.253589,-2.299219,0.000031
28,235.623410,20,1.000000,0.652830,0.644347,0.615916,-0.569523,-0.562244,-0.444734,0.998991,-0.031706,0.031822,-0.000250,-0.012428,0.019486,0.000221,0.293052,1.667341,-1.724482,0.000079
28,235.623410,21,1.050000,0.624354,0.616235,0.593679,-0.535011,-0.527874,-0.394735,0.998965,-0.032016,0.032309,-0.000250,0.070938,-0.066738,0.000223,0.263237,1.011040,-1.069255,0.000115
28,235.623410,22,1.100000,0.597604,0.589841,0.573943,-0.503536,-0.496700,-0.399776,0.999073,-0.030245,0.030641,-0.000248,0.121491,-0.120200,0.000227,0.272668,0.382970,-0.428668,0.000150
28,235.623410,23,1.150000,0.572427,0.565006,0.553954,-0.472613,-0.466193,-0.387207,0.999248,-0.027210,0.027638,-0.000245,0.140641,-0.141633,0.000231,0.272353,-0.114512,0.087872,0.000171
28,235.623410,24,1.200000,0.548796,0.541696,0.534593,-0.444748,-0.438773,-0.374867,0.999429,-0.023698,0.024099,-0.000240,0.134916,-0.137238,0.000236,0.272230,-0.416523,0.408281,0.000171
28,235.623410,25,1.250000,0.526559,0.519758,0.515850,-0.420458,-0.414899,-0.362389,0.999580,-0.020327,0.020669,-0.000234,0.114091,-0.116822,0.000241,0.272030,-0.532601,0.537788,0.000151
28,235.623410,26,1.300000,0.505536,0.499013,0.497731,-0.399637,-0.394433,-0.349976,0.999690,-0.017476,0.017749,-0.000227,0.087462,-0.089932,0.000245,0.271774,-0.512504,0.525010,0.000118
28,235.623410,27,1.350000,0.485554,0.479291,0.480232,-0.381773,-0.376851,-0.337816,0.999763,-0.015291,0.015501,-0.000221,0.061838,-0.063681,0.000248,0.271483,-0.415005,0.429536,0.000079
28,235.623410,28,1.400000,0.466465,0.460448,0.463341,-0.366186,-0.361483,-0.326045,0.999809,-0.013745,0.013909,-0.000214,0.041088,-0.042203,0.000250,0.271198,-0.290346,0.303249,0.000037
28,235.623410,29,1.450000,0.448156,0.442374,0.447039,-0.352215,-0.347683,-0.314712,0.999836,-0.012719,0.012854,-0.000208,0.026571,-0.027040,0.000251,0.270933,-0.173091,0.182431,-0.000004
28,235.623410,30,1.500000,0.430545,0.424990,0.431303,-0.339316,-0.334925,-0.303812,0.999853,-0.012054,0.012178,-0.000201,0.017917,-0.017919,0.000251,0.270693,-0.081847,0.087105,-0.000043
28,235.623410,31,1.550000,0.413579,0.408244,0.416113,-0.327106,-0.322844,-0.293323,0.999864,-0.011607,0.011730,-0.000195,0.013825,-0.013563,0.000250,0.270472,-0.022438,0.024056,-0.000079
28,235.623410,32,1.600000,0.397224,0.392102,0.401446,-0.315354,-0.311221,-0.283222,0.999872,-0.011261,0.011391,-0.000189,0.012703,-0.012360,0.000248,0.270266,0.007811,-0.008876,-0.000110
28,235.623410,33,1.650000,0.381456,0.376541,0.387285,-0.303951,-0.299952,-0.273487,0.999879,-0.010943,0.011082,-0.000183,0.013094,-0.012804,0.000245,0.270068,0.016019,-0.018661,-0.000136
28,235.623410,34,1.700000,0.366259,0.361543,0.373611,-0.292865,-0.289010,-0.264103,0.999886,-0.010616,0.010762,-0.000177,0.013895,-0.013737,0.000241,0.269879,0.010585,-0.013795,-0.000157
28,235.623410,35,1.750000,0.351616,0.347093,0.360406,-0.282106,-0.278401,-0.255056,0.999893,-0.010269,0.010419,-0.000171,0.014424,-0.014427,0.000236,0.269695,-0.000906,-0.002104,-0.000174
28,235.623410,36,1.800000,0.337510,0.333172,0.347653,-0.271698,-0.268147,-0.246335,0.999900,-0.009908,0.010058,-0.000165,0.014379,-0.014532,0.000231,0.269518,-0.012764,0.010434,-0.000187
28,235.623410,37,1.850000,0.323925,0.319765,0.335336,-0.261657,-0.258259,-0.237927,0.999907,-0.009549,0.009695,-0.000159,0.013741,-0.014010,0.000226,0.269347,-0.021508,0.020068,-0.000198
28,235.623410,38,1.900000,0.310843,0.306852,0.323440,-0.251985,-0.248736,-0.229822,0.999914,-0.009205,0.009345,-0.000154,0.012666,-0.013006,0.000221,0.269182,-0.025652,0.025095,-0.000205
28,235.623410,39,1.950000,0.298243,0.294415,0.311949,-0.242668,-0.239561,-0.222008,0.999920,-0.008889,0.009020,-0.000148,0.011383,-0.011751,0.000215,0.269024,-0.025224,0.025400,-0.000211
28,235.623410,40,2.000000,0.286110,0.282437,0.300849,-0.233680,-0.230707,-0.214476,0.999925,-0.008604,0.008726,-0.000143,0.010122,-0.010481,0.000209,0.268872,-0.021198,0.021886,-0.000215
28,235.623410,41,2.050000,0.274426,0.270902,0.290125,-0.224990,-0.222141,-0.207215,0.999929,-0.008351,0.008464,-0.000137,0.009062,-0.009387,0.000203,0.268725,-0.014974,0.015939,-0.000217
28,235.623410,42,2.100000,0.263176,0.259795,0.279764,-0.216565,-0.213831,-0.200216,0.999933,-0.008124,0.008229,-0.000132,0.008314,-0.008590,0.000196,0.268584,-0.007973,0.009006,-0.000217
28,235.623410,43,2.150000,0.252348,0.249103,0.269753,-0.208378,-0.205750,-0.193471,0.999937,-0.007917,0.008015,-0.000127,0.007915,-0.008140,0.000190,0.268449,-0.001369,0.002316,-0.000216
28,235.623410,44,2.200000,0.241929,0.238816,0.260080,-0.200409,-0.197881,-0.186970,0.999940,-0.007719,0.007811,-0.000123,0.007847,-0.008024,0.000184,0.268317,0.004031,-0.003266,-0.000214
28,235.623410,45,2.250000,0.231909,0.228922,0.250731,-0.192646,-0.190212,-0.180706,0.999943,-0.007523,0.007611,-0.000118,0.008048,-0.008187,0.000178,0.268191,0.007814,-0.007268,-0.000210
28,235.623410,46,2.300000,0.222277,0.219411,0.241696,-0.185086,-0.182741,-0.174670,0.999946,-0.007321,0.007406,-0.000114,0.008439,-0.008550,0.000172,0.268068,0.009902,-0.009571,-0.000205
28,235.623410,47,2.350000,0.213022,0.210274,0.232962,-0.177733,-0.175473,-0.168855,0.999949,-0.007110,0.007192,-0.000109,0.008934,-0.009029,0.000166,0.267950,0.010464,-0.010312,-0.000199
28,235.623410,48,2.400000,0.204136,0.201501,0.224520,-0.170594,-0.168418,-0.163252,0.999952,-0.006887,0.006967,-0.000105,0.009458,-0.009544,0.000161,0.267836,0.009808,-0.009785,-0.000193
28,235.623410,49,2.450000,0.195606,0.193080,0.216357,-0.163683,-0.161587,-0.157854,0.999955,-0.006651,0.006728,-0.000101,0.009948,-0.010034,0.000155,0.267726,0.008292,-0.008347,-0.000187
28,235.623410,50,2.500000,0.187422,0.185000,0.208464,-0.157012,-0.154994,-0.152653,0.999959,-0.006402,0.006477,-0.000097,0.010363,-0.010451,0.000150,0.267620,0.006253,-0.006339,-0.000180
28,235.623410,51,2.550000,0.179571,0.177251,0.200832,-0.150591,-0.148649,-0.147642,0.999962,-0.006143,0.006216,-0.000093,0.010675,-0.010768,0.000145,0.267518,0.003965,-0.004049,-0.000173
28,235.623410,52,2.600000,0.172042,0.169818,0.193450,-0.144432,-0.142564,-0.142815,0.999965,-0.005876,0.005947,-0.000090,0.010874,-0.010970,0.000140,0.267419,0.001620,-0.001681,-0.000166
28,235.623410,53,2.650000,0.164820,0.162690,0.186309,-0.138542,-0.136744,-0.138164,0.999968,-0.005604,0.005672,-0.000086,0.010955,-0.011054,0.000135,0.267323,-0.000666,0.000636,-0.000159
28,235.623410,54,2.700000,0.157893,0.155853,0.179401,-0.132925,-0.131197,-0.133685,0.999971,-0.005330,0.005396,-0.000083,0.010922,-0.011022,0.000131,0.267230,-0.002837,0.002838,-0.000152
28,235.623410,55,2.750000,0.151247,0.149293,0.172716,-0.127584,-0.125922,-0.129371,0.999974,-0.005057,0.005121,-0.000080,0.010780,-0.010880,0.000126,0.267141,-0.004878,0.004903,-0.000146
28,235.623410,56,2.800000,0.144867,0.142997,0.166248,-0.122518,-0.120918,-0.125216,0.999977,-0.004788,0.004849,-0.000077,0.010536,-0.010635,0.000122,0.267054,-0.006785,0.006826,-0.000139
28,235.623410,57,2.850000,0.138741,0.136951,0.159987,-0.117722,-0.116183,-0.121217,0.999979,-0.004524,0.004583,-0.000074,0.010197,-0.010294,0.000118,0.266971,-0.008552,0.008601,-0.000134
28,235.623410,58,2.900000,0.132855,0.131142,0.153926,-0.113190,-0.111710,-0.117368,0.999982,-0.004269,0.004325,-0.000071,0.009769,-0.009864,0.000114,0.266889,-0.010155,0.010206,-0.000128
28,235.623410,59,2.950000,0.127196,0.125556,0.148058,-0.108915,-0.107490,-0.113665,0.999984,-0.004025,0.004079,-0.000068,0.009261,-0.009353,0.000111,0.266811,-0.011546,0.011595,-0.000123
28,235.623410,60,3.000000,0.121750,0.120182,0.142374,-0.104884,-0.103513,-0.110104,0.999985,-0.003794,0.003845,-0.000065,0.008684,-0.008774,0.000107,0.266735,-0.012654,0.012701,-0.000117
28,235.623410,61,3.050000,0.116506,0.115006,0.136869,-0.101085,-0.099766,-0.106679,0.999987,-0.003577,0.003626,-0.000062,0.008051,-0.008139,0.000104,0.266661,-0.013397,0.013441,-0.000113
28,235.623410,62,3.100000,0.111452,0.110018,0.131535,-0.097504,-0.096233,-0.103388,0.999988,-0.003375,0.003422,-0.000060,0.007382,-0.007466,0.000101,0.266590,-0.013690,0.013734,-0.000108
28,235.623410,63,3.150000,0.106576,0.105206,0.126366,-0.094125,-0.092901,-0.100226,0.999990,-0.003191,0.003235,-0.000057,0.006697,-0.006780,0.000098,0.266521,-0.013469,0.013513,-0.000104
28,235.623410,64,3.200000,0.101870,0.100561,0.121355,-0.090932,-0.089751,-0.097189,0.999991,-0.003023,0.003066,-0.000055,0.006024,-0.006104,0.000095,0.266454,-0.012707,0.012752,-0.000100
28,235.623410,65,3.250000,0.097324,0.096073,0.116495,-0.087906,-0.086768,-0.094275,0.999992,-0.002873,0.002913,-0.000052,0.005388,-0.005466,0.000092,0.266389,-0.011431,0.011477,-0.000096
28,235.623410,66,3.300000,0.092928,0.091735,0.111781,-0.085031,-0.083934,-0.091478,0.999992,-0.002738,0.002777,-0.000050,0.004817,-0.004893,0.000089,0.266326,-0.009737,0.009783,-0.000092
28,235.623410,67,3.350000,0.088677,0.087538,0.107208,-0.082292,-0.081233,-0.088796,0.999993,-0.002618,0.002654,-0.000048,0.004330,-0.004403,0.000086,0.266266,-0.007794,0.007840,-0.000089
28,235.623410,68,3.400000,0.084562,0.083477,0.102768,-0.079674,-0.078652,-0.086225,0.999994,-0.002509,0.002544,-0.000046,0.003940,-0.004011,0.000084,0.266207,-0.005830,0.005875,-0.000086
28,235.623410,69,3.450000,0.080578,0.079544,0.098456,-0.077166,-0.076178,-0.083763,0.999994,-0.002411,0.002444,-0.000044,0.003649,-0.003718,0.000082,0.266149,-0.004104,0.004151,-0.000082
28,235.623410,70,3.500000,0.076720,0.075735,0.094268,-0.074757,-0.073802,-0.081405,0.999995,-0.002320,0.002351,-0.000042,0.003444,-0.003510,0.000079,0.266094,-0.002864,0.002916,-0.000080
28,235.623410,71,3.550000,0.072982,0.072045,0.090198,-0.072439,-0.071516,-0.079150,0.999995,-0.002234,0.002263,-0.000040,0.003301,-0.003364,0.000077,0.266040,-0.002282,0.002345,-0.000077
28,235.623410,72,3.600000,0.069360,0.068469,0.086241,-0.070209,-0.069315,-0.076994,0.999995,-0.002151,0.002179,-0.000038,0.003186,-0.003247,0.000075,0.265987,-0.002387,0.002465,-0.000074
28,235.623410,73,3.650000,0.065850,0.065004,0.082391,-0.068062,-0.067196,-0.074934,0.999996,-0.002071,0.002098,-0.000036,0.003067,-0.003124,0.000073,0.265936,-0.003000,0.003097,-0.000072
28,235.623410,74,3.700000,0.062447,0.061644,0.078644,-0.065996,-0.065156,-0.072968,0.999996,-0.001995,0.002020,-0.000034,0.002917,-0.002969,0.000071,0.265886,-0.003698,0.003810,-0.000070
28,235.623410,75,3.750000,0.059147,0.058386,0.074996,-0.064007,-0.063191,-0.071094,0.999996,-0.001922,0.001946,-0.000032,0.002732,-0.002778,0.000069,0.265838,-0.003819,0.003936,-0.000068
28,235.623410,76,3.800000,0.055947,0.055227,0.071441,-0.062091,-0.061299,-0.069308,0.999997,-0.001853,0.001876,-0.000030,0.002541,-0.002582,0.000067,0.265791,-0.002545,0.002644,-0.000066
28,235.623410,77,3.850000,0.052842,0.052162,0.067976,-0.060244,-0.059475,-0.067610,0.999997,-0.001790,0.001812,-0.000029,0.002414,-0.002449,0.000065,0.265745,0.000941,-0.000889,-0.000065
28,235.623410,78,3.900000,0.049830,0.049188,0.064595,-0.058461,-0.057713,-0.065996,0.999997,-0.001730,0.001751,-0.000027,0.002461,-0.002494,0.000063,0.265700,0.007195,-0.007229,-0.000063
28,235.623410,79,3.950000,0.046907,0.046302,0.061295,-0.056738,-0.056011,-0.064464,0.999997,-0.001668,0.001688,-0.000026,0.002821,-0.002855,0.000061,0.265656,0.016194,-0.016350,-0.000061
28,235.623410,80,4.000000,0.044070,0.043502,0.058072,-0.055077,-0.054370,-0.063013,0.999997,-0.001598,0.001617,-0.000024,0.003631,-0.003673,0.000059,0.265614,0.026980,-0.027283,-0.000059
28,235.623410,81,4.050000,0.041316,0.040783,0.054921,-0.053486,-0.052798,-0.061642,0.999998,-0.001507,0.001525,-0.000023,0.004980,-0.005037,0.000058,0.265572,0.037369,-0.037815,-0.000056
28,235.623410,82,4.100000,0.038642,0.038143,0.051839,-0.051986,-0.051316,-0.060347,0.999998,-0.001382,0.001399,-0.000021,0.006848,-0.006928,0.000056,0.265531,0.043813,-0.044352,-0.000053
28,235.623410,83,4.150000,0.036043,0.035577,0.048822,-0.050610,-0.049957,-0.059127,0.999999,-0.001211,0.001226,-0.000020,0.009039,-0.009145,0.000055,0.265491,0.041565,-0.042084,-0.000049
28,235.623410,84,4.200000,0.033512,0.033079,0.045866,-0.049405,-0.048766,-0.057980,0.999999,-0.000985,0.000997,-0.000018,0.011117,-0.011249,0.000053,0.265452,0.025270,-0.025588,-0.000045
28,235.623410,85,4.250000,0.031042,0.030641,0.042967,-0.048425,-0.047798,-0.056905,0.999999,-0.000707,0.000716,-0.000017,0.012380,-0.012529,0.000052,0.265413,-0.009910,0.010039,-0.000039
28,235.623410,86,4.300000,0.028621,0.028251,0.040122,-0.047721,-0.047103,-0.055900,1.000000,-0.000398,0.000403,-0.000016,0.011885,-0.012027,0.000051,0.265374,-0.066611,0.067464,-0.000032
28,235.623410,87,4.350000,0.026234,0.025896,0.037327,-0.047325,-0.046712,-0.054966,1.000000,-0.000101,0.000102,-0.000015,0.008554,-0.008654,0.000050,0.265337,-0.143122,0.144952,-0.000025
28,235.623410,88,4.400000,0.023868,0.023561,0.034578,-0.047225,-0.046613,-0.054103,1.000000,0.000113,-0.000114,-0.000013,0.001398,-0.001406,0.000049,0.265300,-0.231072,0.234025,-0.000017
28,235.623410,89,4.450000,0.021507,0.021230,0.031873,-0.047337,-0.046724,-0.053306,1.000000,0.000148,-0.000149,-0.000012,-0.010155,0.010295,0.000049,0.265266,-0.313500,0.317499,-0.000009
28,235.623410,90,4.500000,0.019140,0.018894,0.029208,-0.047484,-0.046870,-0.052573,1.000000,-0.000106,0.000108,-0.000011,-0.025830,0.026170,0.000048,0.265236,-0.364104,0.368733,-0.000002
28,235.623410,91,4.550000,0.016766,0.016550,0.026579,-0.047378,-0.046766,-0.051895,0.999999,-0.000751,0.000762,-0.000010,-0.044035,0.044607,0.000048,0.265208,-0.348823,0.353229,0.000002
28,235.623410,92,4.600000,0.014397,0.014212,0.023984,-0.046629,-0.046028,-0.051271,0.999997,-0.001852,0.001877,-0.000008,-0.061477,0.062268,0.000048,0.265174,-0.231142,0.234017,0.000001
28,235.623410,93,4.650000,0.012066,0.011911,0.021421,-0.044785,-0.044209,-0.050716,0.999988,-0.003389,0.003434,-0.000007,-0.073034,0.073969,0.000049,0.265124,0.017275,-0.017591,-0.000009
28,235.623410,94,4.700000,0.009826,0.009700,0.018885,-0.041413,-0.040881,-0.050268,0.999972,-0.005215,0.005283,-0.000006,-0.072170,0.073089,0.000048,0.265053,0.398706,-0.403880,-0.000032
28,235.623410,95,4.750000,0.007756,0.007656,0.016372,-0.036226,-0.035762,-0.049983,0.999950,-0.007019,0.007111,-0.000005,-0.052235,0.052895,0.000047,0.264982,0.861017,-0.872039,-0.000077
28,235.623410,96,4.800000,0.005944,0.005868,0.013872,-0.029248,-0.028873,-0.049874,0.999930,-0.008325,0.008433,-0.000004,-0.009184,0.009293,0.000045,0.264969,1.254250,-1.270193,-0.000152
28,235.623410,97,4.850000,0.004482,0.004424,0.011379,-0.020973,-0.020704,-0.049830,0.999926,-0.008554,0.008665,-0.000002,0.053528,-0.054217,0.000041,0.265096,1.266411,-1.282415,-0.000271
28,235.623410,98,4.900000,0.003433,0.003389,0.008887,-0.012466,-0.012306,-0.049556,0.999947,-0.007216,0.007310,-0.000001,0.116849,-0.118337,0.000033,0.264698,0.333758,-0.337883,-0.000452
28,235.623410,99,4.950000,0.002810,0.002774,0.006409,-0.005300,-0.005232,-0.049979,0.999981,-0.004295,0.004352,-0.000001,0.133537,-0.135231,0.000020,0.291891,-2.670630,2.704504,-0.000722
28,235.623410,100,5.000000,0.002545,0.002512,0.003910,-0.000596,-0.000588,0.000020,0.999999,-0.000957,0.000971,-0.000000,0.000005,-0.000006,-0.000000,0,0,0,0
29,234.990424,0,0.000000,1.011248,0.999042,0.981458,-0.013710,-0.010796,0.000636,0.999993,0.002501,-0.002667,0.000002,0.000000,0.000000,0.000000,0.237876,37.887578,-37.466974,-0.250504
29,234.990424,1,0.050000,1.010562,0.998502,0.981490,-0.016060,-0.012999,-0.049364,0.999993,0.002501,-0.002667,0.000002,1.894379,-1.873349,-0.007120,0.237876,-32.681845,32.012976,0.123253
29,234.990424,2,0.100000,1.009759,0.997852,0.979022,-0.018410,-0.015202,-0.099364,0.997540,0.049750,-0.049391,-0.000167,0.259780,-0.273212,-0.003617,0.240231,-5.200849,5.470642,0.075241
29,234.990424,3,0.150000,1.008839,0.997092,0.974053,-0.062254,-0.059351,-0.149364,0.996835,0.056229,-0.056198,-0.000276,-0.000300,0.000285,-0.001478,0.240915,0.011786,-0.011193,0.039864
29,234.990424,4,0.200000,1.005726,0.994125,0.966585,-0.112254,-0.109350,-0.199364,0.996836,0.056224,-0.056189,-0.000313,0.000290,-0.000275,-0.000345,0.240914,-0.006403,0.006100,0.022704
29,234.990424,5,0.250000,1.000114,0.988657,0.956617,-0.162247,-0.159343,-0.249364,0.996835,0.056232,-0.056196,-0.000321,-0.000030,0.000030,0.000300,0.240915,0.000923,-0.000897,0.013225
29,234.990424,6,0.300000,0.992001,0.980690,0.944149,-0.212247,-0.209343,-0.299364,0.996835,0.056231,-0.056195,-0.000314,0.000016,-0.000015,0.000676,0.240915,-0.001661,0.001408,0.006409
29,234.990424,7,0.350000,0.981389,0.970223,0.929181,-0.262246,-0.259342,-0.349364,0.996835,0.056230,-0.056197,-0.000297,-0.000067,0.000055,0.000858,0.240915,-0.092718,0.083330,0.001934
29,234.990424,8,0.400000,0.968277,0.957256,0.911712,-0.312245,-0.309341,-0.399363,0.996835,0.056227,-0.056196,-0.000276,-0.004703,0.004222,0.000913,0.240915,-0.614081,0.608490,-0.000821
29,234.990424,9,0.450000,0.952664,0.941789,0.891744,-0.362243,-0.359338,-0.449363,0.996848,0.056109,-0.056092,-0.000254,-0.035407,0.034646,0.000890,0.240903,-2.589327,2.625632,-0.002357
29,234.990424,10,0.500000,0.934552,0.923822,0.869276,-0.412146,-0.409230,-0.499362,0.996945,0.055225,-0.055230,-0.000232,-0.164875,0.165927,0.000823,0.240809,-2.239227,2.132937,-0.003119
29,234.990424,11,0.550000,0.913945,0.903360,0.844308,-0.461265,-0.458323,-0.549360,0.997385,0.051115,-0.051094,-0.000211,-0.276842,0.272568,0.000734,0.264850,-0.715287,0.472183,-0.004228
29,234.990424,12,0.600000,0.890882,0.880444,0.816840,-0.511264,-0.508321,-0.554522,0.998040,0.044210,-0.044295,-0.000198,-0.312613,0.296170,0.000614,0.294174,-2.686865,2.752952,-0.005061
29,234.990424,13,0.650000,0.865318,0.855028,0.789114,-0.559439,-0.556386,-0.504523,0.998655,0.036409,-0.036902,-0.000201,-0.446964,0.433810,0.000470,0.239156,-1.787171,1.962448,-0.003908
29,234.990424,14,0.700000,0.837346,0.827209,0.763888,-0.592088,-0.588586,-0.554521,0.999341,0.025249,-0.026066,-0.000207,-0.536330,0.531925,0.000359,0.292640,-0.110919,0.262173,-0.002349
29,234.990424,15,0.750000,0.807742,0.797780,0.736162,-0.620328,-0.615928,-0.504522,0.999848,0.011850,-0.012772,-0.000211,-0.541883,0.545026,0.000292,0.256930,1.364635,-1.267922,-0.001202
29,234.990424,16,0.800000,0.776726,0.766983,0.710936,-0.632482,-0.627199,-0.519514,0.999998,-0.001692,0.000854,-0.000216,-0.473657,0.481624,0.000258,0.291871,2.110764,-2.065979,-0.000572
29,234.990424,17,0.850000,0.745102,0.735623,0.684960,-0.631559,-0.625370,-0.469515,0.999825,-0.013529,0.012895,-0.000219,-0.368124,0.378320,0.000242,0.260276,2.512246,-2.506172,-0.000252
29,234.990424,18,0.900000,0.713524,0.704355,0.661484,-0.619127,-0.612333,-0.478360,0.999492,-0.022726,0.022352,-0.000223,-0.242515,0.253008,0.000235,0.292464,2.436233,-2.459124,-0.000106
29,234.990424,19,0.950000,0.682567,0.673738,0.637566,-0.594922,-0.587734,-0.428361,0.999174,-0.028784,0.028674,-0.000225,-0.120706,0.130050,0.000232,0.256700,2.268152,-2.315140,-0.000040
29,234.990424,20,1.000000,0.652821,0.644351,0.616148,-0.567677,-0.560397,-0.445061,0.998984,-0.031798,0.031923,-0.000226,-0.007299,0.014292,0.000231,0.293059,1.661409,-1.719423,-0.000002
29,234.990424,21,1.050000,0.624437,0.616332,0.593895,-0.533055,-0.525926,-0.395062,0.998967,-0.031980,0.032280,-0.000226,0.075771,-0.071679,0.000231,0.263186,0.992869,-1.051425,0.000025
29,234.990424,22,1.100000,0.597785,0.590035,0.574142,-0.501615,-0.494793,-0.400194,0.999082,-0.030087,0.030490,-0.000224,0.125415,-0.124250,0.000231,0.272710,0.359126,-0.404497,0.000052
29,234.990424,23,1.150000,0.572704,0.565296,0.554132,-0.470840,-0.464439,-0.387529,0.999261,-0.026955,0.027386,-0.000221,0.143373,-0.144474,0.000233,0.272386,-0.139395,0.113540,0.000069
29,234.990424,24,1.200000,0.549162,0.542074,0.534756,-0.443227,-0.437271,-0.375099,0.999444,-0.023374,0.023776,-0.000216,0.136404,-0.138795,0.000235,0.272249,-0.437995,0.430653,0.000066
29,234.990424,25,1.250000,0.527000,0.520210,0.516001,-0.419261,-0.413721,-0.362555,0.999594,-0.019966,0.020307,-0.000210,0.114506,-0.117262,0.000237,0.272044,-0.548761,0.554677,0.000045
29,234.990424,26,1.300000,0.506037,0.499524,0.497873,-0.398805,-0.393617,-0.350088,0.999703,-0.017105,0.017376,-0.000203,0.087069,-0.089527,0.000238,0.271775,-0.523495,0.536412,0.000014
29,234.990424,27,1.350000,0.486097,0.479843,0.480369,-0.381316,-0.376408,-0.337899,0.999774,-0.014929,0.015138,-0.000197,0.060895,-0.062705,0.000238,0.271479,-0.422180,0.436791,-0.000022
29,234.990424,28,1.400000,0.467031,0.461023,0.463474,-0.366096,-0.361403,-0.326116,0.999818,-0.013407,0.013570,-0.000191,0.039786,-0.040865,0.000238,0.271190,-0.295354,0.308083,-0.000058
29,234.990424,29,1.450000,0.448727,0.442953,0.447168,-0.352466,-0.347942,-0.314777,0.999844,-0.012413,0.012549,-0.000184,0.025019,-0.025461,0.000236,0.270926,-0.177225,0.186254,-0.000094
29,234.990424,30,1.500000,0.431103,0.425556,0.431429,-0.339873,-0.335491,-0.303874,0.999860,-0.011788,0.011912,-0.000179,0.016158,-0.016148,0.000233,0.270688,-0.085759,0.090685,-0.000126
29,234.990424,31,1.550000,0.414110,0.408781,0.416235,-0.327930,-0.323677,-0.293381,0.999869,-0.011384,0.011509,-0.000173,0.011870,-0.011613,0.000230,0.270469,-0.026148,0.027498,-0.000154
29,234.990424,32,1.600000,0.397713,0.392597,0.401566,-0.316401,-0.312277,-0.283274,0.999876,-0.011087,0.011218,-0.000167,0.010563,-0.010238,0.000225,0.270264,0.004738,-0.005956,-0.000177
29,234.990424,33,1.650000,0.381893,0.376983,0.387403,-0.305171,-0.301183,-0.273535,0.999881,-0.010823,0.010963,-0.000162,0.010800,-0.010536,0.000220,0.270068,0.014227,-0.016894,-0.000194
29,234.990424,34,1.700000,0.366635,0.361924,0.373726,-0.294205,-0.290360,-0.264147,0.999887,-0.010553,0.010699,-0.000156,0.011511,-0.011381,0.000215,0.269878,0.010694,-0.013818,-0.000207
29,234.990424,35,1.750000,0.351924,0.347406,0.360519,-0.283511,-0.279815,-0.255098,0.999893,-0.010265,0.010415,-0.000151,0.012046,-0.012071,0.000209,0.269695,0.001533,-0.004379,-0.000216
29,234.990424,36,1.800000,0.337749,0.333415,0.347764,-0.273107,-0.269564,-0.246377,0.999899,-0.009964,0.010113,-0.000146,0.012123,-0.012290,0.000203,0.269518,-0.007855,0.005725,-0.000221
29,234.990424,37,1.850000,0.324093,0.319937,0.335445,-0.263012,-0.259620,-0.237970,0.999905,-0.009661,0.009806,-0.000141,0.011730,-0.012004,0.000197,0.269348,-0.014294,0.013051,-0.000223
29,234.990424,38,1.900000,0.310943,0.306956,0.323546,-0.253229,-0.249985,-0.229867,0.999911,-0.009368,0.009506,-0.000136,0.011016,-0.011351,0.000190,0.269184,-0.016566,0.016174,-0.000223
29,234.990424,39,1.950000,0.298281,0.294457,0.312053,-0.243752,-0.240648,-0.222056,0.999916,-0.009092,0.009222,-0.000131,0.010187,-0.010543,0.000184,0.269026,-0.014893,0.015181,-0.000222
29,234.990424,40,2.000000,0.286094,0.282424,0.300950,-0.234563,-0.231590,-0.214527,0.999921,-0.008838,0.008958,-0.000126,0.009443,-0.009783,0.000178,0.268874,-0.010350,0.011091,-0.000219
29,234.990424,41,2.050000,0.274366,0.270845,0.290224,-0.225641,-0.222791,-0.207270,0.999925,-0.008602,0.008714,-0.000122,0.008925,-0.009229,0.000171,0.268728,-0.004352,0.005312,-0.000215
29,234.990424,42,2.100000,0.263084,0.259705,0.279860,-0.216968,-0.214232,-0.200275,0.999929,-0.008378,0.008483,-0.000117,0.008708,-0.008963,0.000165,0.268587,0.001744,-0.000761,-0.000210
29,234.990424,43,2.150000,0.252235,0.248994,0.269846,-0.208529,-0.205899,-0.193533,0.999933,-0.008161,0.008259,-0.000113,0.008795,-0.009001,0.000159,0.268451,0.006876,-0.006011,-0.000203
29,234.990424,44,2.200000,0.241809,0.238699,0.260170,-0.200317,-0.197786,-0.187036,0.999936,-0.007941,0.008034,-0.000109,0.009139,-0.009302,0.000153,0.268319,0.010388,-0.009721,-0.000196
29,234.990424,45,2.250000,0.231793,0.228810,0.250818,-0.192332,-0.189896,-0.180776,0.999940,-0.007712,0.007802,-0.000105,0.009658,-0.009788,0.000148,0.268193,0.012030,-0.011584,-0.000188
29,234.990424,46,2.300000,0.222176,0.219315,0.241779,-0.184583,-0.182237,-0.174742,0.999944,-0.007471,0.007557,-0.000102,0.010260,-0.010367,0.000142,0.268070,0.011884,-0.011643,-0.000180
29,234.990424,47,2.350000,0.212947,0.210203,0.233042,-0.177080,-0.174820,-0.168928,0.999947,-0.007215,0.007298,-0.000098,0.010854,-0.010949,0.000137,0.267952,0.010263,-0.010184,-0.000171
29,234.990424,48,2.400000,0.204093,0.201462,0.224596,-0.169837,-0.167661,-0.163325,0.999951,-0.006943,0.007024,-0.000095,0.011367,-0.011458,0.000133,0.267838,0.007600,-0.007629,-0.000162
29,234.990424,49,2.450000,0.195601,0.193079,0.216429,-0.162869,-0.160775,-0.157926,0.999955,-0.006659,0.006738,-0.000091,0.011747,-0.011839,0.000128,0.267728,0.004350,-0.004436,-0.000153
29,234.990424,50,2.500000,0.187458,0.185040,0.208533,-0.156188,-0.154173,-0.152722,0.999959,-0.006365,0.006442,-0.000088,0.011965,-0.012061,0.000124,0.267622,0.000922,-0.001020,-0.000145
29,234.990424,51,2.550000,0.179648,0.177331,0.200897,-0.149802,-0.147864,-0.147707,0.999963,-0.006066,0.006140,-0.000085,0.012011,-0.012112,0.000119,0.267519,-0.002366,0.002285,-0.000136
29,234.990424,52,2.600000,0.172158,0.169938,0.193512,-0.143718,-0.141854,-0.142875,0.999966,-0.005766,0.005837,-0.000082,0.011893,-0.011998,0.000116,0.267420,-0.005299,0.005253,-0.000128
29,234.990424,53,2.650000,0.164972,0.162846,0.186368,-0.137937,-0.136144,-0.138220,0.999970,-0.005469,0.005537,-0.000079,0.011628,-0.011735,0.000112,0.267324,-0.007765,0.007756,-0.000120
29,234.990424,54,2.700000,0.158076,0.156038,0.179457,-0.132454,-0.130730,-0.133735,0.999973,-0.005178,0.005244,-0.000077,0.011240,-0.011347,0.000108,0.267231,-0.009730,0.009756,-0.000113
29,234.990424,55,2.750000,0.151453,0.149502,0.172770,-0.127263,-0.125606,-0.129416,0.999976,-0.004897,0.004960,-0.000074,0.010753,-0.010859,0.000105,0.267142,-0.011218,0.011268,-0.000107
29,234.990424,56,2.800000,0.145090,0.143222,0.166299,-0.122355,-0.120761,-0.125257,0.999978,-0.004628,0.004689,-0.000071,0.010192,-0.010296,0.000102,0.267055,-0.012282,0.012347,-0.000100
29,234.990424,57,2.850000,0.138972,0.137183,0.160037,-0.117718,-0.116184,-0.121254,0.999981,-0.004373,0.004431,-0.000069,0.009578,-0.009679,0.000099,0.266971,-0.012983,0.013053,-0.000095
29,234.990424,58,2.900000,0.133086,0.131374,0.153974,-0.113336,-0.111860,-0.117402,0.999983,-0.004134,0.004189,-0.000066,0.008929,-0.009026,0.000097,0.266889,-0.013372,0.013440,-0.000089
29,234.990424,59,2.950000,0.127419,0.125781,0.148104,-0.109194,-0.107774,-0.113697,0.999984,-0.003911,0.003964,-0.000064,0.008261,-0.008354,0.000094,0.266811,-0.013479,0.013543,-0.000085
29,234.990424,60,3.000000,0.121960,0.120393,0.142419,-0.105277,-0.103910,-0.110133,0.999986,-0.003704,0.003755,-0.000061,0.007587,-0.007677,0.000092,0.266735,-0.013315,0.013373,-0.000080
29,234.990424,61,3.050000,0.116696,0.115197,0.136912,-0.101567,-0.100250,-0.106707,0.999987,-0.003515,0.003563,-0.000059,0.006921,-0.007008,0.000089,0.266661,-0.012865,0.012919,-0.000076
29,234.990424,62,3.100000,0.111617,0.110185,0.131577,-0.098048,-0.096780,-0.103415,0.999989,-0.003342,0.003388,-0.000057,0.006278,-0.006362,0.000087,0.266590,-0.012109,0.012161,-0.000073
29,234.990424,63,3.150000,0.106715,0.105346,0.126406,-0.094703,-0.093480,-0.100253,0.999990,-0.003185,0.003229,-0.000055,0.005672,-0.005754,0.000085,0.266521,-0.011028,0.011079,-0.000069
29,234.990424,64,3.200000,0.101980,0.100672,0.121393,-0.091516,-0.090337,-0.097216,0.999991,-0.003043,0.003085,-0.000053,0.005121,-0.005200,0.000083,0.266454,-0.009623,0.009674,-0.000066
29,234.990424,65,3.250000,0.097404,0.096155,0.116533,-0.088471,-0.087334,-0.094301,0.999991,-0.002915,0.002955,-0.000050,0.004640,-0.004716,0.000081,0.266389,-0.007931,0.007982,-0.000064
29,234.990424,66,3.300000,0.092980,0.091788,0.111818,-0.085556,-0.084459,-0.091504,0.999992,-0.002799,0.002837,-0.000048,0.004243,-0.004317,0.000080,0.266327,-0.006041,0.006091,-0.000061
29,234.990424,67,3.350000,0.088703,0.087565,0.107242,-0.082757,-0.081698,-0.088822,0.999993,-0.002693,0.002729,-0.000046,0.003941,-0.004012,0.000078,0.266266,-0.004096,0.004145,-0.000059
29,234.990424,68,3.400000,0.084565,0.083480,0.102801,-0.080066,-0.079043,-0.086251,0.999993,-0.002594,0.002629,-0.000045,0.003736,-0.003805,0.000076,0.266207,-0.002293,0.002340,-0.000057
29,234.990424,69,3.450000,0.080562,0.079528,0.098489,-0.077474,-0.076485,-0.083788,0.999994,-0.002501,0.002534,-0.000043,0.003622,-0.003688,0.000075,0.266150,-0.000852,0.000900,-0.000056
29,234.990424,70,3.500000,0.076688,0.075704,0.094299,-0.074976,-0.074020,-0.081431,0.999994,-0.002410,0.002441,-0.000041,0.003579,-0.003643,0.000073,0.266094,0.000013,0.000038,-0.000054
29,234.990424,71,3.550000,0.072939,0.072003,0.090228,-0.072570,-0.071645,-0.079175,0.999995,-0.002321,0.002350,-0.000039,0.003580,-0.003641,0.000071,0.266040,0.000158,-0.000099,-0.000053
29,234.990424,72,3.600000,0.069311,0.068420,0.086269,-0.070254,-0.069358,-0.077019,0.999995,-0.002231,0.002259,-0.000037,0.003588,-0.003646,0.000070,0.265988,-0.000431,0.000503,-0.000052
29,234.990424,73,3.650000,0.065798,0.064953,0.082418,-0.068028,-0.067160,-0.074959,0.999995,-0.002142,0.002168,-0.000035,0.003566,-0.003621,0.000068,0.265937,-0.001571,0.001660,-0.000051
29,234.990424,74,3.700000,0.062396,0.061595,0.078670,-0.065892,-0.065051,-0.072993,0.999996,-0.002052,0.002078,-0.000034,0.003488,-0.003538,0.000067,0.265887,-0.002847,0.002950,-0.000050
29,234.990424,75,3.750000,0.059102,0.058342,0.075021,-0.063846,-0.063030,-0.071118,0.999996,-0.001965,0.001989,-0.000032,0.003345,-0.003391,0.000066,0.265838,-0.003607,0.003715,-0.000050
29,234.990424,76,3.800000,0.055910,0.055190,0.071465,-0.061888,-0.061095,-0.069333,0.999996,-0.001882,0.001904,-0.000030,0.003165,-0.003205,0.000064,0.265791,-0.003032,0.003127,-0.000050
29,234.990424,77,3.850000,0.052815,0.052136,0.067998,-0.060013,-0.059243,-0.067633,0.999997,-0.001802,0.001824,-0.000029,0.003013,-0.003048,0.000063,0.265745,-0.000291,0.000342,-0.000049
29,234.990424,78,3.900000,0.049815,0.049174,0.064616,-0.058217,-0.057469,-0.066019,0.999997,-0.001727,0.001748,-0.000027,0.002999,-0.003031,0.000061,0.265701,0.005221,-0.005250,-0.000049
29,234.990424,79,3.950000,0.046904,0.046300,0.061315,-0.056497,-0.055770,-0.064487,0.999997,-0.001652,0.001672,-0.000026,0.003260,-0.003294,0.000060,0.265657,0.013561,-0.013707,-0.000049
29,234.990424,80,4.000000,0.044079,0.043512,0.058091,-0.054851,-0.054144,-0.063036,0.999998,-0.001571,0.001590,-0.000024,0.003938,-0.003979,0.000059,0.265614,0.023884,-0.024173,-0.000048
29,234.990424,81,4.050000,0.041336,0.040804,0.054939,-0.053287,-0.052599,-0.061663,0.999998,-0.001472,0.001491,-0.000023,0.005132,-0.005188,0.000057,0.265572,0.034133,-0.034565,-0.000047
29,234.990424,82,4.100000,0.038672,0.038174,0.051856,-0.051821,-0.051151,-0.060367,0.999998,-0.001344,0.001361,-0.000021,0.006839,-0.006916,0.000056,0.265531,0.040878,-0.041406,-0.000045
29,234.990424,83,4.150000,0.036081,0.035617,0.048838,-0.050482,-0.049829,-0.059146,0.999999,-0.001173,0.001188,-0.000020,0.008883,-0.008986,0.000055,0.265491,0.039436,-0.039955,-0.000043
29,234.990424,84,4.200000,0.033557,0.033125,0.045880,-0.049314,-0.048676,-0.057999,0.999999,-0.000951,0.000963,-0.000019,0.010855,-0.010984,0.000053,0.265452,0.024425,-0.024757,-0.000040
29,234.990424,85,4.250000,0.031091,0.030692,0.042980,-0.048367,-0.047741,-0.056923,1.000000,-0.000679,0.000689,-0.000017,0.012076,-0.012222,0.000052,0.265413,-0.009153,0.009248,-0.000035
29,234.990424,86,4.300000,0.028673,0.028305,0.040134,-0.047690,-0.047073,-0.055918,1.000000,-0.000378,0.000383,-0.000016,0.011618,-0.011759,0.000051,0.265375,-0.064241,0.065041,-0.000030
29,234.990424,87,4.350000,0.026288,0.025951,0.037338,-0.047314,-0.046702,-0.054984,1.000000,-0.000087,0.000089,-0.000015,0.008406,-0.008507,0.000050,0.265337,-0.139561,0.141326,-0.000024
29,234.990424,88,4.400000,0.023923,0.023616,0.034589,-0.047226,-0.046617,-0.054120,1.000000,0.000123,-0.000124,-0.000013,0.001428,-0.001441,0.000050,0.265300,-0.227239,0.230128,-0.000017
29,234.990424,89,4.450000,0.021561,0.021285,0.031883,-0.047348,-0.046737,-0.053324,1.000000,0.000159,-0.000160,-0.000012,-0.009934,0.010065,0.000049,0.265266,-0.310737,0.314690,-0.000010
29,234.990424,90,4.500000,0.019194,0.018948,0.029217,-0.047504,-0.046893,-0.052591,1.000000,-0.000090,0.000092,-0.000011,-0.025471,0.025800,0.000049,0.265236,-0.363922,0.368543,-0.000003
29,234.990424,91,4.550000,0.016819,0.016603,0.026588,-0.047414,-0.046805,-0.051914,0.999999,-0.000726,0.000737,-0.000010,-0.043667,0.044227,0.000049,0.265207,-0.352435,0.356889,0.000001
29,234.990424,92,4.600000,0.014448,0.014263,0.023992,-0.046690,-0.046092,-0.051291,0.999997,-0.001818,0.001843,-0.000008,-0.061289,0.062071,0.000049,0.265174,-0.238810,0.241790,-0.000001
29,234.990424,93,4.650000,0.012113,0.011959,0.021427,-0.044880,-0.044306,-0.050735,0.999989,-0.003350,0.003395,-0.000007,-0.073229,0.074161,0.000049,0.265124,0.006967,-0.007139,-0.000010
29,234.990424,94,4.700000,0.009869,0.009743,0.018890,-0.041547,-0.041017,-0.050286,0.999973,-0.005181,0.005249,-0.000006,-0.072881,0.073804,0.000049,0.265054,0.389373,-0.394413,-0.000033
29,234.990424,95,4.750000,0.007792,0.007692,0.016376,-0.036395,-0.035931,-0.049998,0.999950,-0.007003,0.007094,-0.000005,-0.053412,0.054083,0.000048,0.264982,0.858299,-0.869268,-0.000077
29,234.990424,96,4.800000,0.005972,0.005896,0.013876,-0.029433,-0.029059,-0.049888,0.999930,-0.008338,0.008446,-0.000004,-0.010498,0.010619,0.000045,0.264967,1.264029,-1.280076,-0.000152
29,234.990424,97,4.850000,0.004501,0.004443,0.011382,-0.021146,-0.020877,-0.049847,0.999925,-0.008600,0.008711,-0.000002,0.052704,-0.053385,0.000041,0.265096,1.289929,-1.306210,-0.000271
29,234.990424,98,4.900000,0.003443,0.003399,0.008890,-0.012593,-0.012433,-0.049576,0.999946,-0.007283,0.007377,-0.000001,0.117200,-0.118695,0.000033,0.264710,0.357291,-0.361694,-0.000454
29,234.990424,99,4.950000,0.002814,0.002778,0.006411,-0.005362,-0.005293,-0.049978,0.999981,-0.004353,0.004409,-0.000001,0.135065,-0.136779,0.000020,0.291892,-2.701142,2.735421,-0.000728
29,234.990424,100,5.000000,0.002546,0.002513,0.003912,-0.000595,-0.000587,0.000020,0.999999,-0.000976,0.000990,-0.000000,0.000008,-0.000008,-0.000000,0,0,0,0
30,237.880074,0,0.000000,1.011248,0.999042,0.981458,-0.013710,-0.010796,0.000636,0.999993,0.002501,-0.002667,0.000002,0.000000,0.000000,0.000000,0.237876,38.298245,-37.887825,-0.248033
30,237.880074,1,0.050000,1.010562,0.998502,0.981490,-0.016060,-0.012999,-0.049364,0.999993,0.002501,-0.002667,0.000002,1.914912,-1.894391,-0.007050,0.237876,-33.501632,32.852679,0.124027
30,237.880074,2,0.100000,1.009759,0.997852,0.979022,-0.018410,-0.015202,-0.099364,0.997488,0.050260,-0.049913,-0.000165,0.239324,-0.252270,-0.003525,0.240281,-4.792717,5.052583,0.075250
30,237.880074,3,0.150000,1.008839,0.997092,0.974053,-0.062725,-0.059810,-0.149364,0.996835,0.056229,-0.056199,-0.000271,-0.000346,0.000327,-0.001386,0.240915,0.013577,-0.012850,0.039470
30,237.880074,4,0.200000,1.005703,0.994102,0.966585,-0.112725,-0.109810,-0.199364,0.996836,0.056222,-0.056188,-0.000306,0.000333,-0.000315,-0.000264,0.240914,-0.007227,0.006869,0.022144
30,237.880074,5,0.250000,1.000067,0.988611,0.956617,-0.162717,-0.159801,-0.249364,0.996835,0.056231,-0.056196,-0.000312,-0.000028,0.000028,0.000365,0.240915,0.000785,-0.000782,0.012636
30,237.880074,6,0.300000,0.991931,0.980621,0.944149,-0.212716,-0.209801,-0.299364,0.996835,0.056230,-0.056196,-0.000303,0.000011,-0.000011,0.000725,0.240915,-0.001986,0.001684,0.005869
30,237.880074,7,0.350000,0.981295,0.970131,0.929181,-0.262715,-0.259800,-0.349364,0.996835,0.056229,-0.056197,-0.000285,-0.000088,0.000074,0.000891,0.240915,-0.098352,0.089077,0.001483
30,237.880074,8,0.400000,0.968159,0.957141,0.911712,-0.312714,-0.309799,-0.399363,0.996835,0.056226,-0.056196,-0.000263,-0.005006,0.004527,0.000934,0.240915,-0.611413,0.605482,-0.001171
30,237.880074,9,0.450000,0.952523,0.941651,0.891744,-0.362712,-0.359796,-0.449363,0.996849,0.056100,-0.056085,-0.000240,-0.035577,0.034801,0.000900,0.240902,-2.596844,2.633823,-0.002607
30,237.880074,10,0.500000,0.934388,0.923661,0.869276,-0.412607,-0.409680,-0.499361,0.996947,0.055212,-0.055219,-0.000219,-0.165420,0.166491,0.000826,0.240808,-2.238656,2.131957,-0.003281
30,237.880074,11,0.550000,0.913757,0.903177,0.844308,-0.461715,-0.458761,-0.549359,0.997388,0.051088,-0.051068,-0.000197,-0.277358,0.273084,0.000733,0.264982,-0.704406,0.458836,-0.004331
30,237.880074,12,0.600000,0.890672,0.880239,0.816840,-0.511714,-0.508759,-0.554273,0.998043,0.044170,-0.044257,-0.000184,-0.312586,0.296018,0.000610,0.294169,-2.714819,2.783764,-0.005118
30,237.880074,13,0.650000,0.865086,0.854801,0.789126,-0.559847,-0.556780,-0.504274,0.998658,0.036370,-0.036868,-0.000188,-0.448334,0.435199,0.000464,0.239154,-1.795719,1.973967,-0.003906
30,237.880074,14,0.700000,0.837094,0.826962,0.763913,-0.592465,-0.588946,-0.554272,0.999345,0.025175,-0.025998,-0.000194,-0.538128,0.533889,0.000353,0.292636,-0.097145,0.249078,-0.002315
30,237.880074,15,0.750000,0.807470,0.797515,0.736199,-0.620628,-0.616208,-0.504273,0.999851,0.011731,-0.012654,-0.000198,-0.542992,0.546336,0.000288,0.256752,1.387932,-1.292123,-0.001167
30,237.880074,16,0.800000,0.776439,0.766705,0.710985,-0.632662,-0.627359,-0.519590,0.999998,-0.001839,0.001004,-0.000203,-0.473601,0.481724,0.000254,0.291872,2.128328,-2.084994,-0.000552
30,237.880074,17,0.850000,0.744806,0.735337,0.685006,-0.631576,-0.625371,-0.469592,0.999821,-0.013675,0.013048,-0.000207,-0.367190,0.377470,0.000239,0.260329,2.525042,-2.520223,-0.000248
30,237.880074,18,0.900000,0.713227,0.704068,0.661526,-0.618995,-0.612191,-0.478346,0.999486,-0.022849,0.022483,-0.000210,-0.240941,0.251455,0.000232,0.292470,2.440960,-2.464970,-0.000116
30,237.880074,19,0.950000,0.682277,0.673459,0.637609,-0.594648,-0.587459,-0.428348,0.999169,-0.028867,0.028767,-0.000212,-0.118895,0.128205,0.000228,0.256640,2.277548,-2.325796,-0.000060
30,237.880074,20,1.000000,0.652545,0.644086,0.616192,-0.567322,-0.560049,-0.445167,0.998982,-0.031835,0.031970,-0.000214,-0.005019,0.011914,0.000227,0.293062,1.653961,-1.712679,-0.000030
30,237.880074,21,1.050000,0.624179,0.616083,0.593933,-0.532650,-0.525537,-0.395169,0.998968,-0.031960,0.032267,-0.000213,0.077679,-0.073720,0.000226,0.263151,0.976820,-1.035493,-0.000009
30,237.880074,22,1.100000,0.597546,0.589806,0.574175,-0.501227,-0.494426,-0.400363,0.999086,-0.030021,0.030426,-0.000212,0.126521,-0.125494,0.000226,0.272776,0.340945,-0.385753,0.000013
30,237.880074,23,1.150000,0.572485,0.565085,0.554157,-0.470510,-0.464131,-0.387568,0.999267,-0.026861,0.027291,-0.000208,0.143569,-0.144781,0.000226,0.272399,-0.155460,0.130598,0.000026
30,237.880074,24,1.200000,0.548960,0.541879,0.534778,-0.442991,-0.437058,-0.375105,0.999449,-0.023274,0.023673,-0.000203,0.135797,-0.138250,0.000227,0.272250,-0.448194,0.441913,0.000021
30,237.880074,25,1.250000,0.526810,0.520026,0.516023,-0.419129,-0.413607,-0.362548,0.999598,-0.019882,0.020218,-0.000197,0.113389,-0.116153,0.000227,0.272041,-0.552041,0.558798,-0.000001
30,237.880074,26,1.300000,0.505854,0.499345,0.497896,-0.398763,-0.393587,-0.350080,0.999705,-0.017048,0.017314,-0.000191,0.085788,-0.088212,0.000227,0.271771,-0.520903,0.534297,-0.000031
30,237.880074,27,1.350000,0.485915,0.479666,0.480392,-0.381337,-0.376435,-0.337894,0.999775,-0.014905,0.015109,-0.000185,0.059743,-0.061496,0.000226,0.271475,-0.415918,0.430638,-0.000064
30,237.880074,28,1.400000,0.466848,0.460844,0.463497,-0.366146,-0.361455,-0.326115,0.999818,-0.013411,0.013572,-0.000179,0.038948,-0.039964,0.000225,0.271188,-0.287815,0.300368,-0.000097
30,237.880074,29,1.450000,0.448541,0.442771,0.447191,-0.352514,-0.347990,-0.314781,0.999844,-0.012438,0.012573,-0.000173,0.024558,-0.024945,0.000222,0.270925,-0.170324,0.179016,-0.000128
30,237.880074,30,1.500000,0.430915,0.425372,0.431452,-0.339898,-0.335513,-0.303881,0.999859,-0.011824,0.011949,-0.000168,0.016042,-0.015994,0.000218,0.270688,-0.080647,0.085190,-0.000155
30,237.880074,31,1.550000,0.413921,0.408596,0.416258,-0.327917,-0.323663,-0.293391,0.999868,-0.011423,0.011550,-0.000162,0.012009,-0.011735,0.000214,0.270470,-0.023211,0.024224,-0.000177
30,237.880074,32,1.600000,0.397525,0.392413,0.401589,-0.316347,-0.312223,-0.283286,0.999875,-0.011123,0.011256,-0.000157,0.010849,-0.010523,0.000209,0.270264,0.005696,-0.007154,-0.000194
30,237.880074,33,1.650000,0.381707,0.376802,0.387424,-0.305080,-0.301092,-0.273547,0.999881,-0.010852,0.010993,-0.000152,0.011134,-0.010881,0.000203,0.270068,0.013745,-0.016536,-0.000206
30,237.880074,34,1.700000,0.366453,0.361747,0.373747,-0.294083,-0.290241,-0.264160,0.999887,-0.010574,0.010721,-0.000147,0.011821,-0.011708,0.000197,0.269878,0.009420,-0.012563,-0.000214
30,237.880074,35,1.750000,0.351749,0.347235,0.360539,-0.283366,-0.279675,-0.255111,0.999893,-0.010278,0.010429,-0.000142,0.012292,-0.012336,0.000191,0.269695,0.000051,-0.002841,-0.000217
30,237.880074,36,1.800000,0.337581,0.333252,0.347783,-0.272949,-0.269411,-0.246390,0.999899,-0.009971,0.010120,-0.000137,0.012295,-0.012478,0.000185,0.269518,-0.009121,0.007089,-0.000218
30,237.880074,37,1.850000,0.323933,0.319781,0.335464,-0.262846,-0.259460,-0.237983,0.999905,-0.009663,0.009808,-0.000133,0.011839,-0.012123,0.000179,0.269348,-0.015120,0.013984,-0.000216
30,237.880074,38,1.900000,0.310791,0.306808,0.323565,-0.253061,-0.249822,-0.229880,0.999911,-0.009367,0.009505,-0.000128,0.011083,-0.011424,0.000173,0.269184,-0.016906,0.016604,-0.000212
30,237.880074,39,1.950000,0.298138,0.294317,0.312071,-0.243584,-0.240485,-0.222069,0.999916,-0.009090,0.009220,-0.000124,0.010238,-0.010594,0.000167,0.269026,-0.014834,0.015182,-0.000207
30,237.880074,40,2.000000,0.285959,0.282293,0.300967,-0.234397,-0.231430,-0.214540,0.999921,-0.008834,0.008955,-0.000120,0.009496,-0.009834,0.000161,0.268874,-0.010054,0.010820,-0.000201
30,237.880074,41,2.050000,0.274239,0.270721,0.290240,-0.225479,-0.222634,-0.207282,0.999925,-0.008597,0.008709,-0.000116,0.008994,-0.009293,0.000155,0.268728,-0.004001,0.004954,-0.000195
30,237.880074,42,2.100000,0.262965,0.259590,0.279876,-0.216811,-0.214079,-0.200287,0.999929,-0.008372,0.008477,-0.000112,0.008794,-0.009046,0.000150,0.268587,0.001991,-0.001039,-0.000187
30,237.880074,43,2.150000,0.252124,0.248886,0.269862,-0.208378,-0.205752,-0.193545,0.999933,-0.008152,0.008251,-0.000108,0.008893,-0.009098,0.000144,0.268451,0.006912,-0.006089,-0.000179
30,237.880074,44,2.200000,0.241706,0.238598,0.260185,-0.200174,-0.197648,-0.187047,0.999936,-0.007930,0.008023,-0.000104,0.009239,-0.009402,0.000139,0.268319,0.010163,-0.009538,-0.000171
30,237.880074,45,2.250000,0.231697,0.228716,0.250832,-0.192201,-0.189769,-0.180786,0.999940,-0.007699,0.007788,-0.000101,0.009747,-0.009879,0.000134,0.268193,0.011551,-0.011139,-0.000162
30,237.880074,46,2.300000,0.222087,0.219227,0.241793,-0.184464,-0.182122,-0.174752,0.999944,-0.007455,0.007541,-0.000097,0.010325,-0.010436,0.000130,0.268070,0.011201,-0.010980,-0.000153
30,237.880074,47,2.350000,0.212864,0.210121,0.233055,-0.176976,-0.174721,-0.168938,0.999948,-0.007197,0.007280,-0.000094,0.010885,-0.010985,0.000125,0.267952,0.009456,-0.009381,-0.000145
30,237.880074,48,2.400000,0.204015,0.201385,0.224608,-0.169751,-0.167579,-0.163334,0.999951,-0.006925,0.007006,-0.000091,0.011358,-0.011454,0.000121,0.267838,0.006758,-0.006776,-0.000136
30,237.880074,49,2.450000,0.195527,0.193006,0.216442,-0.162801,-0.160711,-0.157934,0.999955,-0.006641,0.006720,-0.000088,0.011696,-0.011792,0.000117,0.267728,0.003561,-0.003622,-0.000127
30,237.880074,50,2.500000,0.187387,0.184971,0.208545,-0.156138,-0.154126,-0.152730,0.999959,-0.006349,0.006425,-0.000085,0.011874,-0.011973,0.000114,0.267622,0.000259,-0.000324,-0.000119
30,237.880074,51,2.550000,0.179580,0.177264,0.200909,-0.149769,-0.147834,-0.147714,0.999963,-0.006052,0.006125,-0.000082,0.011887,-0.011990,0.000110,0.267519,-0.002849,0.002804,-0.000112
30,237.880074,52,2.600000,0.172092,0.169873,0.193523,-0.143700,-0.141838,-0.142882,0.999966,-0.005755,0.005826,-0.000080,0.011744,-0.011849,0.000107,0.267420,-0.005569,0.005557,-0.000104
30,237.880074,53,2.650000,0.164907,0.162781,0.186379,-0.137930,-0.136139,-0.138226,0.999970,-0.005461,0.005529,-0.000077,0.011466,-0.011571,0.000104,0.267324,-0.007809,0.007829,-0.000098
30,237.880074,54,2.700000,0.158010,0.155974,0.179467,-0.132455,-0.130732,-0.133741,0.999973,-0.005175,0.005240,-0.000074,0.011075,-0.011180,0.000101,0.267231,-0.009553,0.009600,-0.000092
30,237.880074,55,2.750000,0.151388,0.149437,0.172780,-0.127268,-0.125611,-0.129422,0.999976,-0.004898,0.004961,-0.000072,0.010598,-0.010700,0.000099,0.267142,-0.010840,0.010903,-0.000086
30,237.880074,56,2.800000,0.145024,0.143157,0.166309,-0.122360,-0.120765,-0.125263,0.999978,-0.004633,0.004693,-0.000069,0.010056,-0.010155,0.000096,0.267055,-0.011734,0.011803,-0.000081
30,237.880074,57,2.850000,0.138906,0.137118,0.160046,-0.117717,-0.116183,-0.121260,0.999981,-0.004382,0.004439,-0.000067,0.009469,-0.009565,0.000094,0.266971,-0.012306,0.012372,-0.000077
30,237.880074,58,2.900000,0.133020,0.131309,0.153983,-0.113328,-0.111851,-0.117408,0.999983,-0.004145,0.004200,-0.000065,0.008854,-0.008946,0.000092,0.266890,-0.012612,0.012671,-0.000073
30,237.880074,59,2.950000,0.127354,0.125717,0.148113,-0.109176,-0.107755,-0.113703,0.999984,-0.003924,0.003977,-0.000062,0.008223,-0.008312,0.000090,0.266811,-0.012690,0.012740,-0.000070
30,237.880074,60,3.000000,0.121895,0.120329,0.142428,-0.105246,-0.103878,-0.110139,0.999986,-0.003718,0.003769,-0.000060,0.007589,-0.007675,0.000088,0.266735,-0.012551,0.012592,-0.000067
30,237.880074,61,3.050000,0.116633,0.115135,0.136921,-0.101523,-0.100205,-0.106714,0.999987,-0.003528,0.003577,-0.000058,0.006961,-0.007046,0.000086,0.266661,-0.012181,0.012218,-0.000064
30,237.880074,62,3.100000,0.111557,0.110125,0.131585,-0.097990,-0.096721,-0.103421,0.999989,-0.003354,0.003401,-0.000056,0.006352,-0.006435,0.000084,0.266590,-0.011556,0.011591,-0.000061
30,237.880074,63,3.150000,0.106657,0.105289,0.126414,-0.094632,-0.093409,-0.100259,0.999990,-0.003195,0.003240,-0.000054,0.005774,-0.005855,0.000082,0.266521,-0.010649,0.010686,-0.000059
30,237.880074,64,3.200000,0.101926,0.100618,0.121401,-0.091434,-0.090255,-0.097222,0.999991,-0.003051,0.003093,-0.000051,0.005242,-0.005321,0.000081,0.266454,-0.009446,0.009487,-0.000057
30,237.880074,65,3.250000,0.097354,0.096105,0.116540,-0.088381,-0.087244,-0.094307,0.999991,-0.002920,0.002960,-0.000049,0.004770,-0.004847,0.000079,0.266390,-0.007969,0.008012,-0.000056
30,237.880074,66,3.300000,0.092935,0.091743,0.111824,-0.085460,-0.084363,-0.091510,0.999992,-0.002801,0.002839,-0.000047,0.004371,-0.004446,0.000077,0.266327,-0.006281,0.006327,-0.000054
30,237.880074,67,3.350000,0.088662,0.087525,0.107249,-0.082660,-0.081601,-0.088827,0.999993,-0.002691,0.002728,-0.000046,0.004057,-0.004130,0.000076,0.266266,-0.004504,0.004552,-0.000053
30,237.880074,68,3.400000,0.084529,0.083445,0.102808,-0.079969,-0.078947,-0.086257,0.999993,-0.002590,0.002625,-0.000044,0.003832,-0.003902,0.000074,0.266207,-0.002810,0.002858,-0.000052
30,237.880074,69,3.450000,0.080530,0.079498,0.098495,-0.077381,-0.076393,-0.083794,0.999994,-0.002494,0.002527,-0.000042,0.003692,-0.003759,0.000073,0.266150,-0.001407,0.001455,-0.000051
30,237.880074,70,3.500000,0.076661,0.075678,0.094305,-0.074890,-0.073935,-0.081436,0.999994,-0.002402,0.002433,-0.000040,0.003621,-0.003686,0.000071,0.266094,-0.000498,0.000550,-0.000050
30,237.880074,71,3.550000,0.072917,0.071981,0.090233,-0.072491,-0.071568,-0.079180,0.999995,-0.002311,0.002341,-0.000038,0.003596,-0.003659,0.000070,0.266040,-0.000238,0.000298,-0.000050
30,237.880074,72,3.600000,0.069292,0.068403,0.086274,-0.070185,-0.069290,-0.077024,0.999995,-0.002222,0.002250,-0.000036,0.003584,-0.003644,0.000069,0.265988,-0.000662,0.000734,-0.000049
30,237.880074,73,3.650000,0.065783,0.064938,0.082423,-0.067968,-0.067102,-0.074964,0.999995,-0.002132,0.002159,-0.000035,0.003551,-0.003607,0.000067,0.265937,-0.001626,0.001714,-0.000049
30,237.880074,74,3.700000,0.062385,0.061583,0.078675,-0.065842,-0.065002,-0.072998,0.999996,-0.002043,0.002068,-0.000033,0.003470,-0.003522,0.000066,0.265887,-0.002760,0.002861,-0.000049
30,237.880074,75,3.750000,0.059093,0.058333,0.075025,-0.063805,-0.062990,-0.071123,0.999996,-0.001956,0.001980,-0.000031,0.003332,-0.003378,0.000064,0.265839,-0.003458,0.003566,-0.000049
30,237.880074,76,3.800000,0.055902,0.055184,0.071469,-0.061855,-0.061064,-0.069337,0.999996,-0.001873,0.001896,-0.000030,0.003159,-0.003200,0.000063,0.265791,-0.002941,0.003036,-0.000049
30,237.880074,77,3.850000,0.052810,0.052130,0.068002,-0.059989,-0.059220,-0.067638,0.999997,-0.001794,0.001816,-0.000028,0.003012,-0.003048,0.000062,0.265745,-0.000389,0.000445,-0.000049
30,237.880074,78,3.900000,0.049810,0.049169,0.064620,-0.058202,-0.057455,-0.066023,0.999997,-0.001719,0.001740,-0.000027,0.002993,-0.003026,0.000060,0.265701,0.004823,-0.004843,-0.000049
30,237.880074,79,3.950000,0.046900,0.046297,0.061319,-0.056489,-0.055763,-0.064491,0.999997,-0.001644,0.001664,-0.000025,0.003234,-0.003268,0.000059,0.265657,0.012814,-0.012945,-0.000049
30,237.880074,80,4.000000,0.044076,0.043509,0.058094,-0.054852,-0.054146,-0.063039,0.999998,-0.001563,0.001582,-0.000024,0.003875,-0.003915,0.000058,0.265614,0.022840,-0.023110,-0.000048
30,237.880074,81,4.050000,0.041333,0.040801,0.054942,-0.053295,-0.052608,-0.061667,0.999998,-0.001466,0.001484,-0.000022,0.005017,-0.005071,0.000056,0.265572,0.032972,-0.033384,-0.000047
30,237.880074,82,4.100000,0.038668,0.038171,0.051859,-0.051835,-0.051166,-0.060371,0.999998,-0.001341,0.001358,-0.000021,0.006665,-0.006740,0.000055,0.265531,0.039906,-0.040417,-0.000046
30,237.880074,83,4.150000,0.036076,0.035613,0.048841,-0.050500,-0.049847,-0.059150,0.999999,-0.001174,0.001189,-0.000019,0.008660,-0.008761,0.000054,0.265491,0.039049,-0.039559,-0.000044
30,237.880074,84,4.200000,0.033551,0.033120,0.045883,-0.049331,-0.048693,-0.058002,0.999999,-0.000958,0.000970,-0.000018,0.010613,-0.010739,0.000052,0.265452,0.025024,-0.025363,-0.000040
30,237.880074,85,4.250000,0.031085,0.030686,0.042983,-0.048377,-0.047751,-0.056927,1.000000,-0.000692,0.000702,-0.000017,0.011864,-0.012007,0.000051,0.265413,-0.007281,0.007351,-0.000036
30,237.880074,86,4.300000,0.028666,0.028298,0.040137,-0.047687,-0.047071,-0.055922,1.000000,-0.000396,0.000401,-0.000016,0.011500,-0.011639,0.000050,0.265375,-0.061069,0.061827,-0.000031
30,237.880074,87,4.350000,0.026282,0.025945,0.037341,-0.047293,-0.046682,-0.054988,1.000000,-0.000108,0.000110,-0.000014,0.008447,-0.008548,0.000049,0.265337,-0.135458,0.137169,-0.000025
30,237.880074,88,4.400000,0.023917,0.023610,0.034591,-0.047184,-0.046575,-0.054124,1.000000,0.000103,-0.000103,-0.000013,0.001674,-0.001690,0.000049,0.265300,-0.223041,0.225873,-0.000018
30,237.880074,89,4.450000,0.021558,0.021282,0.031885,-0.047285,-0.046676,-0.053328,1.000000,0.000145,-0.000145,-0.000012,-0.009478,0.009604,0.000048,0.265266,-0.307698,0.311609,-0.000010
30,237.880074,90,4.500000,0.019194,0.018948,0.029219,-0.047428,-0.046818,-0.052595,1.000000,-0.000092,0.000095,-0.000011,-0.024863,0.025184,0.000048,0.265235,-0.363489,0.368104,-0.000003
30,237.880074,91,4.550000,0.016822,0.016607,0.026589,-0.047335,-0.046728,-0.051918,0.999999,-0.000714,0.000724,-0.000009,-0.043038,0.043590,0.000048,0.265207,-0.355811,0.360310,0.000001
30,237.880074,92,4.600000,0.014455,0.014271,0.023993,-0.046624,-0.046027,-0.051295,0.999997,-0.001790,0.001814,-0.000008,-0.060828,0.061605,0.000048,0.265174,-0.246318,0.249398,0.000001
30,237.880074,93,4.650000,0.012124,0.011969,0.021428,-0.044842,-0.044269,-0.050739,0.999989,-0.003310,0.003354,-0.000007,-0.073144,0.074075,0.000048,0.265125,-0.003393,0.003360,-0.000007
30,237.880074,94,4.700000,0.009882,0.009756,0.018891,-0.041549,-0.041018,-0.050289,0.999973,-0.005139,0.005206,-0.000006,-0.073314,0.074243,0.000047,0.265055,0.379601,-0.384509,-0.000029
30,237.880074,95,4.750000,0.007805,0.007705,0.016377,-0.036438,-0.035974,-0.049999,0.999951,-0.006972,0.007062,-0.000005,-0.054334,0.055017,0.000047,0.264982,0.854612,-0.865528,-0.000071
30,237.880074,96,4.800000,0.005983,0.005906,0.013877,-0.029508,-0.029132,-0.049889,0.999930,-0.008330,0.008437,-0.000003,-0.011604,0.011741,0.000045,0.264965,1.272321,-1.288470,-0.000145
30,237.880074,97,4.850000,0.004507,0.004450,0.011382,-0.021228,-0.020958,-0.049850,0.999925,-0.008620,0.008731,-0.000002,0.052012,-0.052683,0.000041,0.265096,1.311739,-1.328297,-0.000263
30,237.880074,98,4.900000,0.003446,0.003402,0.008890,-0.012657,-0.012495,-0.049580,0.999946,-0.007320,0.007414,-0.000001,0.117599,-0.119098,0.000033,0.264713,0.379568,-0.384261,-0.000447
30,237.880074,99,4.950000,0.002813,0.002777,0.006411,-0.005388,-0.005319,-0.049977,0.999981,-0.004380,0.004437,-0.000001,0.136578,-0.138311,0.000020,0.291892,-2.731466,2.766110,-0.000724
30,237.880074,100,5.000000,0.002544,0.002511,0.003912,-0.000592,-0.000584,0.000021,0.999999,-0.000966,0.000979,-0.000000,0.000005,-0.000005,-0.000000,0,0,0,0
31,264.701906,0,0.000000,1.011248,0.999042,0.981458,-0.013710,-0.010796,0.000636,0.999993,0.002501,-0.002667,0.000002,0.000000,0.000000,0.000000,0.237876,38.703462,-38.304272,-0.244415
31,264.701906,1,0.050000,1.010562,0.998502,0.981490,-0.016060,-0.012999,-0.049364,0.999993,0.002501,-0.002667,0.000002,1.935173,-1.915214,-0.006947,0.237876,-34.310486,33.683359,0.124627
31,264.701906,2,0.100000,1.009759,0.997852,0.979022,-0.018410,-0.015202,-0.099364,0.997437,0.050763,-0.050430,-0.000162,0.219144,-0.231556,-0.003405,0.240331,-4.386464,4.635601,0.075045
31,264.701906,3,0.150000,1.008839,0.997092,0.974053,-0.063191,-0.060263,-0.149364,0.996835,0.056229,-0.056199,-0.000265,-0.000209,0.000196,-0.001272,0.240915,0.008179,-0.007646,0.038883
31,264.701906,4,0.200000,1.005679,0.994079,0.966585,-0.113191,-0.110263,-0.199364,0.996836,0.056225,-0.056192,-0.000296,0.000200,-0.000186,-0.000167,0.240915,-0.004556,0.004280,0.021420
31,264.701906,5,0.250000,1.000020,0.988566,0.956617,-0.163186,-0.160258,-0.249364,0.996835,0.056231,-0.056197,-0.000301,-0.000028,0.000028,0.000442,0.240915,0.000756,-0.000725,0.011914
31,264.701906,6,0.300000,0.991861,0.980553,0.944149,-0.213185,-0.210258,-0.299364,0.996835,0.056229,-0.056197,-0.000290,0.000010,-0.000009,0.000781,0.240915,-0.001048,0.000885,0.005226
31,264.701906,7,0.350000,0.981201,0.970040,0.929181,-0.263184,-0.260257,-0.349364,0.996835,0.056228,-0.056198,-0.000270,-0.000043,0.000036,0.000929,0.240915,-0.098650,0.089294,0.000954
31,264.701906,8,0.400000,0.968042,0.957027,0.911712,-0.313183,-0.310256,-0.399364,0.996835,0.056226,-0.056198,-0.000247,-0.004975,0.004500,0.000957,0.240915,-0.615015,0.608754,-0.001579
31,264.701906,9,0.450000,0.952383,0.941515,0.891744,-0.363182,-0.360254,-0.449363,0.996848,0.056101,-0.056088,-0.000224,-0.035726,0.034938,0.000912,0.240903,-2.611757,2.649317,-0.002902
31,264.701906,10,0.500000,0.934224,0.923502,0.869276,-0.413078,-0.410140,-0.499362,0.996947,0.055209,-0.055218,-0.000202,-0.166315,0.167402,0.000829,0.240807,-2.243865,2.136572,-0.003477
31,264.701906,11,0.550000,0.913570,0.902995,0.844308,-0.462186,-0.459219,-0.549361,0.997390,0.051063,-0.051045,-0.000180,-0.278514,0.274226,0.000730,0.265110,-0.697439,0.449650,-0.004463
31,264.701906,12,0.600000,0.890461,0.880034,0.816840,-0.512184,-0.509218,-0.554036,0.998048,0.044116,-0.044205,-0.000167,-0.313393,0.296701,0.000604,0.294164,-2.740054,2.811979,-0.005196
31,264.701906,13,0.650000,0.864851,0.854573,0.789138,-0.560259,-0.557180,-0.504037,0.998663,0.036295,-0.036799,-0.000171,-0.450403,0.437292,0.000456,0.239149,-1.797953,1.979187,-0.003922
31,264.701906,14,0.700000,0.836838,0.826714,0.763936,-0.592816,-0.589280,-0.554035,0.999351,0.025049,-0.025877,-0.000177,-0.540308,0.536244,0.000344,0.292628,-0.076356,0.228957,-0.002296
31,264.701906,15,0.750000,0.807198,0.797250,0.736235,-0.620848,-0.616405,-0.504036,0.999855,0.011550,-0.012475,-0.000182,-0.544133,0.547685,0.000279,0.256684,1.417556,-1.322652,-0.001144
31,264.701906,16,0.800000,0.776155,0.766430,0.711033,-0.632707,-0.627382,-0.519471,0.999997,-0.002049,0.001217,-0.000187,-0.473261,0.481546,0.000247,0.291873,2.150651,-2.108752,-0.000538
31,264.701906,17,0.850000,0.744520,0.735061,0.685059,-0.631391,-0.625167,-0.469472,0.999816,-0.013876,0.013256,-0.000191,-0.365733,0.376104,0.000231,0.260278,2.540635,-2.537052,-0.000247
31,264.701906,18,0.900000,0.712950,0.703802,0.661586,-0.618612,-0.611796,-0.478331,0.999478,-0.023014,0.022657,-0.000195,-0.238704,0.249249,0.000224,0.292479,2.446595,-2.471720,-0.000125
31,264.701906,19,0.950000,0.682020,0.673212,0.637669,-0.594076,-0.586884,-0.428333,0.999163,-0.028976,0.028885,-0.000197,-0.116377,0.125660,0.000221,0.256642,2.286283,-2.335816,-0.000077
31,264.701906,20,1.000000,0.652316,0.643868,0.616252,-0.566637,-0.559370,-0.445161,0.998978,-0.031882,0.032025,-0.000199,-0.002064,0.008869,0.000219,0.293066,1.644812,-1.704241,-0.000052
31,264.701906,21,1.050000,0.623984,0.615900,0.593994,-0.531905,-0.524807,-0.395162,0.998970,-0.031933,0.032246,-0.000199,0.080177,-0.076343,0.000217,0.263168,0.958574,-1.017369,-0.000036
31,264.701906,22,1.100000,0.597389,0.589659,0.574236,-0.500501,-0.493720,-0.400322,0.999091,-0.029931,0.030339,-0.000197,0.128106,-0.127211,0.000216,0.272699,0.320499,-0.364765,-0.000017
31,264.701906,23,1.150000,0.572364,0.564973,0.554220,-0.469880,-0.463524,-0.387658,0.999274,-0.026731,0.027161,-0.000193,0.144132,-0.145448,0.000216,0.272393,-0.173680,0.149761,-0.000006
31,264.701906,24,1.200000,0.548870,0.541797,0.534837,-0.442493,-0.436580,-0.375191,0.999456,-0.023131,0.023527,-0.000189,0.135449,-0.137959,0.000215,0.272258,-0.460391,0.455096,-0.000012
31,264.701906,25,1.250000,0.526745,0.519968,0.516078,-0.418778,-0.413273,-0.362606,0.999603,-0.019747,0.020079,-0.000183,0.112431,-0.115203,0.000215,0.272044,-0.557225,0.564734,-0.000033
31,264.701906,26,1.300000,0.505806,0.499304,0.497947,-0.398551,-0.393389,-0.350120,0.999709,-0.016937,0.017200,-0.000177,0.084571,-0.086966,0.000214,0.271771,-0.520164,0.533953,-0.000061
31,264.701906,27,1.350000,0.485879,0.479635,0.480441,-0.381241,-0.376348,-0.337927,0.999777,-0.014824,0.015026,-0.000172,0.058563,-0.060267,0.000212,0.271473,-0.411448,0.426214,-0.000092
31,264.701906,28,1.400000,0.466817,0.460818,0.463545,-0.366134,-0.361449,-0.326146,0.999819,-0.013360,0.013519,-0.000166,0.037991,-0.038956,0.000210,0.271187,-0.281945,0.294288,-0.000121
31,264.701906,29,1.450000,0.448510,0.442745,0.447238,-0.352556,-0.348035,-0.314811,0.999844,-0.012411,0.012545,-0.000160,0.023894,-0.024241,0.000206,0.270925,-0.164874,0.173225,-0.000147
31,264.701906,30,1.500000,0.430882,0.425343,0.431497,-0.339967,-0.335586,-0.303911,0.999859,-0.011814,0.011939,-0.000155,0.015651,-0.015580,0.000202,0.270688,-0.076668,0.080853,-0.000170
31,264.701906,31,1.550000,0.413884,0.408564,0.416302,-0.327997,-0.323745,-0.293420,0.999868,-0.011422,0.011550,-0.000150,0.011817,-0.011537,0.000197,0.270470,-0.021012,0.021735,-0.000187
31,264.701906,32,1.600000,0.397484,0.392377,0.401631,-0.316427,-0.312306,-0.283314,0.999875,-0.011127,0.011261,-0.000146,0.010767,-0.010450,0.000192,0.270265,0.006350,-0.007986,-0.000200
31,264.701906,33,1.650000,0.381663,0.376762,0.387465,-0.305155,-0.301172,-0.273574,0.999881,-0.010858,0.011000,-0.000141,0.011084,-0.010850,0.000186,0.270069,0.013388,-0.016237,-0.000207
31,264.701906,34,1.700000,0.366405,0.361703,0.373786,-0.294151,-0.290314,-0.264186,0.999886,-0.010581,0.010729,-0.000136,0.011754,-0.011661,0.000180,0.269879,0.008658,-0.011759,-0.000210
31,264.701906,35,1.750000,0.351697,0.347187,0.360577,-0.283427,-0.279741,-0.255137,0.999893,-0.010287,0.010438,-0.000132,0.012187,-0.012249,0.000174,0.269696,-0.000598,-0.002081,-0.000210
31,264.701906,36,1.800000,0.337526,0.333200,0.347820,-0.273001,-0.269468,-0.246415,0.999899,-0.009982,0.010131,-0.000128,0.012157,-0.012353,0.000168,0.269519,-0.009321,0.007432,-0.000207
31,264.701906,37,1.850000,0.323876,0.319727,0.335499,-0.262887,-0.259506,-0.238008,0.999905,-0.009678,0.009823,-0.000123,0.011691,-0.011982,0.000163,0.269348,-0.014735,0.013739,-0.000202
31,264.701906,38,1.900000,0.310732,0.306752,0.323599,-0.253088,-0.249853,-0.229904,0.999911,-0.009386,0.009523,-0.000119,0.010954,-0.011295,0.000157,0.269184,-0.015975,0.015787,-0.000196
31,264.701906,39,1.950000,0.298077,0.294259,0.312104,-0.243594,-0.240497,-0.222093,0.999916,-0.009112,0.009241,-0.000115,0.010156,-0.010505,0.000151,0.269027,-0.013518,0.013941,-0.000189
31,264.701906,40,2.000000,0.285898,0.282234,0.300999,-0.234386,-0.231420,-0.214563,0.999920,-0.008858,0.008978,-0.000111,0.009480,-0.009808,0.000146,0.268875,-0.008574,0.009370,-0.000181
31,264.701906,41,2.050000,0.274178,0.270663,0.290271,-0.225445,-0.222600,-0.207305,0.999925,-0.008621,0.008733,-0.000108,0.009051,-0.009340,0.000141,0.268729,-0.002580,0.003525,-0.000173
31,264.701906,42,2.100000,0.262906,0.259533,0.279906,-0.216753,-0.214021,-0.200310,0.999929,-0.008395,0.008499,-0.000104,0.008922,-0.009163,0.000136,0.268587,0.003165,-0.002250,-0.000165
31,264.701906,43,2.150000,0.252068,0.248832,0.269890,-0.208298,-0.205671,-0.193567,0.999932,-0.008172,0.008270,-0.000101,0.009081,-0.009276,0.000131,0.268451,0.007713,-0.006944,-0.000157
31,264.701906,44,2.200000,0.241653,0.238548,0.260212,-0.200074,-0.197547,-0.187070,0.999936,-0.007945,0.008039,-0.000097,0.009466,-0.009623,0.000127,0.268320,0.010535,-0.009968,-0.000148
31,264.701906,45,2.250000,0.231650,0.228671,0.250858,-0.192086,-0.189653,-0.180808,0.999940,-0.007708,0.007798,-0.000094,0.009993,-0.010121,0.000122,0.268193,0.011497,-0.011139,-0.000140
31,264.701906,46,2.300000,0.222045,0.219188,0.241818,-0.184340,-0.181997,-0.174774,0.999944,-0.007459,0.007545,-0.000091,0.010568,-0.010678,0.000118,0.268071,0.010776,-0.010597,-0.000131
31,264.701906,47,2.350000,0.212828,0.210089,0.233079,-0.176848,-0.174593,-0.168958,0.999948,-0.007194,0.007278,-0.000088,0.011107,-0.011208,0.000115,0.267952,0.008742,-0.008695,-0.000123
31,264.701906,48,2.400000,0.203986,0.201359,0.224631,-0.169625,-0.167454,-0.163354,0.999952,-0.006917,0.006998,-0.000085,0.011544,-0.011643,0.000111,0.267839,0.005854,-0.005885,-0.000115
31,264.701906,49,2.450000,0.195505,0.192986,0.216464,-0.162683,-0.160594,-0.157953,0.999956,-0.006628,0.006707,-0.000083,0.011837,-0.011937,0.000108,0.267728,0.002563,-0.002625,-0.000108
31,264.701906,50,2.500000,0.187371,0.184957,0.208566,-0.156033,-0.154022,-0.152747,0.999959,-0.006332,0.006408,-0.000080,0.011965,-0.012068,0.000105,0.267622,-0.000748,0.000689,-0.000101
31,264.701906,51,2.550000,0.179569,0.177255,0.200929,-0.149681,-0.147747,-0.147731,0.999963,-0.006033,0.006107,-0.000077,0.011928,-0.012034,0.000102,0.267520,-0.003793,0.003761,-0.000094
31,264.701906,52,2.600000,0.172085,0.169868,0.193542,-0.143630,-0.141770,-0.142898,0.999967,-0.005735,0.005806,-0.000075,0.011738,-0.011845,0.000099,0.267420,-0.006400,0.006401,-0.000088
31,264.701906,53,2.650000,0.164903,0.162780,0.186397,-0.137879,-0.136090,-0.138241,0.999970,-0.005442,0.005510,-0.000072,0.011418,-0.011525,0.000097,0.267324,-0.008490,0.008523,-0.000083
31,264.701906,54,2.700000,0.158009,0.155975,0.179485,-0.132424,-0.130703,-0.133755,0.999973,-0.005156,0.005222,-0.000070,0.010994,-0.011099,0.000095,0.267232,-0.010065,0.010122,-0.000078
31,264.701906,55,2.750000,0.151388,0.149440,0.172797,-0.127256,-0.125600,-0.129435,0.999976,-0.004881,0.004944,-0.000068,0.010490,-0.010593,0.000092,0.267142,-0.011174,0.011243,-0.000074
31,264.701906,56,2.800000,0.145026,0.143160,0.166326,-0.122364,-0.120771,-0.125276,0.999978,-0.004619,0.004679,-0.000065,0.009932,-0.010031,0.000090,0.267055,-0.011892,0.011963,-0.000070
31,264.701906,57,2.850000,0.138907,0.137121,0.160062,-0.117735,-0.116203,-0.121272,0.999981,-0.004371,0.004428,-0.000063,0.009337,-0.009433,0.000088,0.266971,-0.012296,0.012362,-0.000067
31,264.701906,58,2.900000,0.133021,0.131311,0.153998,-0.113356,-0.111881,-0.117420,0.999983,-0.004137,0.004193,-0.000061,0.008722,-0.008815,0.000086,0.266890,-0.012454,0.012509,-0.000064
31,264.701906,59,2.950000,0.127353,0.125717,0.148127,-0.109212,-0.107792,-0.113714,0.999984,-0.003919,0.003972,-0.000059,0.008100,-0.008189,0.000084,0.266811,-0.012407,0.012453,-0.000062
31,264.701906,60,3.000000,0.121892,0.120328,0.142442,-0.105286,-0.103919,-0.110150,0.999986,-0.003717,0.003768,-0.000056,0.007479,-0.007566,0.000083,0.266735,-0.012174,0.012213,-0.000060
31,264.701906,61,3.050000,0.116628,0.115132,0.136934,-0.101564,-0.100248,-0.106724,0.999987,-0.003530,0.003578,-0.000054,0.006871,-0.006956,0.000081,0.266661,-0.011749,0.011784,-0.000058
31,264.701906,62,3.100000,0.111550,0.110119,0.131598,-0.098030,-0.096762,-0.103431,0.999989,-0.003358,0.003404,-0.000052,0.006283,-0.006367,0.000079,0.266590,-0.011110,0.011145,-0.000056
31,264.701906,63,3.150000,0.106648,0.105281,0.126426,-0.094668,-0.093447,-0.100269,0.999990,-0.003201,0.003245,-0.000050,0.005728,-0.005809,0.000078,0.266521,-0.010229,0.010268,-0.000055
31,264.701906,64,3.200000,0.101915,0.100609,0.121413,-0.091465,-0.090287,-0.097231,0.999991,-0.003058,0.003100,-0.000048,0.005216,-0.005296,0.000076,0.266454,-0.009089,0.009132,-0.000054
31,264.701906,65,3.250000,0.097342,0.096094,0.116551,-0.088405,-0.087270,-0.094316,0.999991,-0.002927,0.002968,-0.000047,0.004762,-0.004839,0.000075,0.266390,-0.007698,0.007746,-0.000053
31,264.701906,66,3.300000,0.092921,0.091731,0.111835,-0.085477,-0.084381,-0.091519,0.999992,-0.002808,0.002847,-0.000045,0.004377,-0.004452,0.000073,0.266327,-0.006108,0.006160,-0.000052
31,264.701906,67,3.350000,0.088647,0.087512,0.107260,-0.082669,-0.081612,-0.088836,0.999993,-0.002699,0.002735,-0.000043,0.004072,-0.004144,0.000072,0.266266,-0.004421,0.004474,-0.000051
31,264.701906,68,3.400000,0.084514,0.083431,0.102818,-0.079971,-0.078950,-0.086265,0.999993,-0.002597,0.002632,-0.000041,0.003851,-0.003920,0.000070,0.266207,-0.002791,0.002844,-0.000050
31,264.701906,69,3.450000,0.080515,0.079484,0.098504,-0.077376,-0.076390,-0.083802,0.999994,-0.002501,0.002534,-0.000039,0.003711,-0.003778,0.000069,0.266150,-0.001410,0.001462,-0.000050
31,264.701906,70,3.500000,0.076647,0.075664,0.094314,-0.074878,-0.073925,-0.081444,0.999994,-0.002408,0.002439,-0.000038,0.003641,-0.003705,0.000067,0.266094,-0.000475,0.000529,-0.000049
31,264.701906,71,3.550000,0.072903,0.071968,0.090242,-0.072474,-0.071551,-0.079188,0.999995,-0.002317,0.002347,-0.000036,0.003617,-0.003678,0.000066,0.266040,-0.000144,0.000203,-0.000049
31,264.701906,72,3.600000,0.069279,0.068391,0.086283,-0.070162,-0.069269,-0.077032,0.999995,-0.002227,0.002255,-0.000034,0.003610,-0.003668,0.000065,0.265988,-0.000470,0.000537,-0.000048
31,264.701906,73,3.650000,0.065771,0.064927,0.082431,-0.067941,-0.067075,-0.074972,0.999995,-0.002136,0.002163,-0.000033,0.003586,-0.003641,0.000063,0.265937,-0.001337,0.001417,-0.000048
31,264.701906,74,3.700000,0.062374,0.061573,0.078683,-0.065810,-0.064971,-0.073005,0.999996,-0.002047,0.002072,-0.000031,0.003519,-0.003571,0.000062,0.265887,-0.002414,0.002508,-0.000048
31,264.701906,75,3.750000,0.059083,0.058325,0.075032,-0.063769,-0.062955,-0.071130,0.999996,-0.001959,0.001983,-0.000030,0.003399,-0.003445,0.000061,0.265839,-0.003139,0.003238,-0.000048
31,264.701906,76,3.800000,0.055895,0.055177,0.071476,-0.061817,-0.061027,-0.069344,0.999996,-0.001874,0.001897,-0.000028,0.003242,-0.003283,0.000059,0.265791,-0.002762,0.002852,-0.000048
31,264.701906,77,3.850000,0.052804,0.052126,0.068009,-0.059950,-0.059183,-0.067644,0.999997,-0.001793,0.001815,-0.000027,0.003104,-0.003141,0.000058,0.265745,-0.000477,0.000531,-0.000048
31,264.701906,78,3.900000,0.049806,0.049167,0.064626,-0.058164,-0.057418,-0.066030,0.999997,-0.001715,0.001736,-0.000025,0.003080,-0.003114,0.000056,0.265701,0.004361,-0.004377,-0.000048
31,264.701906,79,3.950000,0.046898,0.046296,0.061325,-0.056456,-0.055730,-0.064497,0.999997,-0.001638,0.001658,-0.000024,0.003298,-0.003333,0.000055,0.265657,0.011933,-0.012055,-0.000047
31,264.701906,80,4.000000,0.044075,0.043509,0.058100,-0.054824,-0.054119,-0.063046,0.999998,-0.001556,0.001575,-0.000022,0.003894,-0.003936,0.000054,0.265614,0.021593,-0.021849,-0.000047
31,264.701906,81,4.050000,0.041334,0.040803,0.054948,-0.053275,-0.052588,-0.061673,0.999998,-0.001458,0.001476,-0.000021,0.004974,-0.005028,0.000052,0.265572,0.031539,-0.031933,-0.000046
31,264.701906,82,4.100000,0.038671,0.038174,0.051864,-0.051822,-0.051154,-0.060377,0.999998,-0.001334,0.001351,-0.000020,0.006551,-0.006625,0.000051,0.265531,0.038597,-0.039092,-0.000044
31,264.701906,83,4.150000,0.036079,0.035616,0.048845,-0.050494,-0.049842,-0.059156,0.999999,-0.001170,0.001185,-0.000018,0.008481,-0.008579,0.000050,0.265491,0.038268,-0.038769,-0.000042
31,264.701906,84,4.200000,0.033555,0.033124,0.045887,-0.049329,-0.048691,-0.058008,0.999999,-0.000958,0.000971,-0.000017,0.010394,-0.010518,0.000049,0.265452,0.025194,-0.025535,-0.000038
31,264.701906,85,4.250000,0.031088,0.030689,0.042987,-0.048374,-0.047749,-0.056932,1.000000,-0.000698,0.000708,-0.000016,0.011654,-0.011795,0.000048,0.265413,-0.005840,0.005891,-0.000034
31,264.701906,86,4.300000,0.028670,0.028302,0.040140,-0.047679,-0.047063,-0.055927,1.000000,-0.000407,0.000413,-0.000015,0.011362,-0.011500,0.000047,0.265375,-0.058285,0.059005,-0.000029
31,264.701906,87,4.350000,0.026286,0.025949,0.037344,-0.047273,-0.046663,-0.054993,1.000000,-0.000123,0.000125,-0.000014,0.008448,-0.008550,0.000046,0.265337,-0.131646,0.133305,-0.000022
31,264.701906,88,4.400000,0.023922,0.023616,0.034594,-0.047150,-0.046542,-0.054129,1.000000,0.000088,-0.000088,-0.000012,0.001866,-0.001885,0.000045,0.265300,-0.218988,0.221765,-0.000014
31,264.701906,89,4.450000,0.021565,0.021289,0.031888,-0.047237,-0.046629,-0.053333,1.000000,0.000135,-0.000136,-0.000011,-0.009084,0.009204,0.000045,0.265266,-0.304629,0.308499,-0.000006
31,264.701906,90,4.500000,0.019203,0.018957,0.029221,-0.047370,-0.046761,-0.052600,1.000000,-0.000092,0.000095,-0.000010,-0.024315,0.024629,0.000045,0.265235,-0.362860,0.367467,0.000001
31,264.701906,91,4.550000,0.016834,0.016619,0.026591,-0.047277,-0.046671,-0.051923,1.000000,-0.000700,0.000710,-0.000009,-0.042458,0.043002,0.000045,0.265207,-0.358884,0.363424,0.000007
31,264.701906,92,4.600000,0.014470,0.014286,0.023995,-0.046579,-0.045983,-0.051301,0.999997,-0.001761,0.001785,-0.000008,-0.060403,0.061173,0.000045,0.265174,-0.253524,0.256701,0.000008
31,264.701906,93,4.650000,0.012141,0.011986,0.021430,-0.044826,-0.044253,-0.050745,0.999989,-0.003272,0.003315,-0.000007,-0.073079,0.074008,0.000045,0.265125,-0.013590,0.013694,0.000002
31,264.701906,94,4.700000,0.009900,0.009774,0.018893,-0.041571,-0.041041,-0.050294,0.999974,-0.005098,0.005165,-0.000006,-0.073758,0.074693,0.000045,0.265056,0.369732,-0.374508,-0.000018
31,264.701906,95,4.750000,0.007822,0.007722,0.016378,-0.036501,-0.036036,-0.050002,0.999951,-0.006942,0.007032,-0.000005,-0.055272,0.055967,0.000045,0.264982,0.850542,-0.861400,-0.000059
31,264.701906,96,4.800000,0.005997,0.005920,0.013878,-0.029600,-0.029223,-0.049890,0.999930,-0.008324,0.008431,-0.000003,-0.012745,0.012897,0.000043,0.264964,1.280092,-1.296336,-0.000130
31,264.701906,97,4.850000,0.004517,0.004459,0.011384,-0.021326,-0.021055,-0.049852,0.999924,-0.008643,0.008754,-0.000002,0.051260,-0.051920,0.000039,0.265090,1.333262,-1.350092,-0.000248
31,264.701906,98,4.900000,0.003450,0.003406,0.008891,-0.012732,-0.012570,-0.049594,0.999945,-0.007361,0.007456,-0.000001,0.117923,-0.119424,0.000032,0.264720,0.402271,-0.407256,-0.000432
31,264.701906,99,4.950000,0.002814,0.002777,0.006411,-0.005423,-0.005353,-0.049978,0.999980,-0.004413,0.004470,-0.000001,0.138037,-0.139787,0.000020,0.291892,-2.760598,2.795600,-0.000710
31,264.701906,100,5.000000,0.002543,0.002510,0.003912,-0.000590,-0.000582,0.000020,0.999999,-0.000962,0.000976,-0.000000,0.000007,-0.000007,-0.000000,0,0,0,0
32,235.937564,0,0.000000,1.011248,0.999042,0.981458,-0.013710,-0.010796,0.000636,0.999993,0.002501,-0.002667,0.000002,0.000000,0.000000,0.000000,0.237876,39.105432,-38.717512,-0.242767
32,235.937564,1,0.050000,1.010562,0.998502,0.981490,-0.016060,-0.012999,-0.049364,0.999993,0.002501,-0.002667,0.000002,1.955272,-1.935876,-0.006901,0.237876,-35.112722,34.507812,0.125205
32,235.937564,2,0.100000,1.009759,0.997852,0.979022,-0.018410,-0.015202,-0.099364,0.997385,0.051262,-0.050943,-0.000161,0.199129,-0.210997,-0.003342,0.240381,-3.986775,4.224980,0.074860
32,235.937564,3,0.150000,1.008839,0.997092,0.974053,-0.063653,-0.060713,-0.149364,0.996835,0.056229,-0.056199,-0.000261,-0.000237,0.000227,-0.001214,0.240915,0.009266,-0.008858,0.038347
32,235.937564,4,0.200000,1.005656,0.994057,0.966585,-0.113653,-0.110713,-0.199364,0.996836,0.056224,-0.056192,-0.000291,0.000226,-0.000216,-0.000124,0.240915,-0.005050,0.004844,0.020767
32,235.937564,5,0.250000,0.999974,0.988521,0.956617,-0.163648,-0.160707,-0.249364,0.996835,0.056230,-0.056197,-0.000294,-0.000026,0.000026,0.000466,0.240915,0.000698,-0.000684,0.011274
32,235.937564,6,0.300000,0.991791,0.980486,0.944149,-0.213647,-0.210707,-0.299364,0.996835,0.056229,-0.056197,-0.000283,0.000009,-0.000008,0.000787,0.240915,-0.001341,0.001143,0.004670
32,235.937564,7,0.350000,0.981109,0.969950,0.929181,-0.263646,-0.260706,-0.349364,0.996835,0.056228,-0.056198,-0.000263,-0.000058,0.000049,0.000920,0.240915,-0.099738,0.090491,0.000512
32,235.937564,8,0.400000,0.967927,0.956915,0.911712,-0.313645,-0.310705,-0.399363,0.996835,0.056225,-0.056198,-0.000240,-0.005045,0.004573,0.000934,0.240915,-0.611817,0.605257,-0.001899
32,235.937564,9,0.450000,0.952244,0.941380,0.891744,-0.363643,-0.360703,-0.449363,0.996849,0.056098,-0.056086,-0.000218,-0.035636,0.034836,0.000880,0.240902,-2.619194,2.657244,-0.003109
32,235.937564,10,0.500000,0.934062,0.923345,0.869276,-0.413538,-0.410587,-0.499362,0.996947,0.055209,-0.055219,-0.000197,-0.166597,0.167697,0.000792,0.240807,-2.245460,2.137572,-0.003587
32,235.937564,11,0.550000,0.913385,0.902815,0.844308,-0.462645,-0.459666,-0.549360,0.997391,0.051056,-0.051038,-0.000176,-0.278875,0.274571,0.000690,0.265145,-0.691928,0.441911,-0.004508
32,235.937564,12,0.600000,0.890253,0.879832,0.816840,-0.512644,-0.509664,-0.553969,0.998049,0.044100,-0.044190,-0.000164,-0.313479,0.296659,0.000562,0.294162,-2.768300,2.843005,-0.005188
32,235.937564,13,0.650000,0.864621,0.854349,0.789141,-0.560702,-0.557610,-0.503971,0.998665,0.036277,-0.036785,-0.000169,-0.451900,0.438803,0.000414,0.239148,-1.805181,1.989146,-0.003853
32,235.937564,14,0.700000,0.836586,0.826468,0.763943,-0.593245,-0.589693,-0.553969,0.999354,0.024993,-0.025825,-0.000176,-0.542166,0.538253,0.000305,0.292625,-0.062162,0.215244,-0.002195
32,235.937564,15,0.750000,0.806924,0.796984,0.736244,-0.621221,-0.616758,-0.503970,0.999858,0.011448,-0.012372,-0.000182,-0.545280,0.549009,0.000242,0.256612,1.440113,-1.346201,-0.001040
32,235.937564,16,0.800000,0.775862,0.766146,0.711046,-0.632980,-0.627634,-0.519532,0.999997,-0.002180,0.001353,-0.000188,-0.473280,0.481694,0.000213,0.291873,2.166715,-2.126252,-0.000447
32,235.937564,17,0.850000,0.744213,0.734764,0.685069,-0.631517,-0.625278,-0.469534,0.999812,-0.014007,0.013396,-0.000193,-0.364948,0.375377,0.000200,0.260329,2.551686,-2.549283,-0.000170
32,235.937564,18,0.900000,0.712638,0.703500,0.661593,-0.618601,-0.611778,-0.478305,0.999473,-0.023125,0.022778,-0.000197,-0.237366,0.247910,0.000195,0.292486,2.449760,-2.475925,-0.000059
32,235.937564,19,0.950000,0.681708,0.672911,0.637677,-0.593934,-0.586745,-0.428307,0.999158,-0.029054,0.028973,-0.000200,-0.114880,0.124112,0.000194,0.256621,2.294587,-2.345323,-0.000020
32,235.937564,20,1.000000,0.652011,0.643574,0.616262,-0.566414,-0.559159,-0.445183,0.998976,-0.031923,0.032073,-0.000202,-0.000152,0.006845,0.000193,0.293069,1.637035,-1.697062,-0.000002
32,235.937564,21,1.050000,0.623690,0.615616,0.594003,-0.531629,-0.524552,-0.395185,0.998970,-0.031926,0.032245,-0.000203,0.081700,-0.078008,0.000193,0.263152,0.943214,-1.001994,0.000009
32,235.937564,22,1.100000,0.597109,0.589388,0.574244,-0.500229,-0.493474,-0.400374,0.999094,-0.029886,0.030296,-0.000202,0.128861,-0.128107,0.000193,0.272721,0.304120,-0.347715,0.000024
32,235.937564,23,1.150000,0.572097,0.564715,0.554225,-0.469649,-0.463320,-0.387664,0.999277,-0.026667,0.027095,-0.000199,0.144068,-0.145492,0.000194,0.272398,-0.187130,0.164260,0.000031
32,235.937564,24,1.200000,0.548615,0.541549,0.534842,-0.442327,-0.436441,-0.375182,0.999459,-0.023069,0.023460,-0.000194,0.134713,-0.137278,0.000195,0.272257,-0.467645,0.463414,0.000021
32,235.937564,25,1.250000,0.526498,0.519727,0.516083,-0.418680,-0.413197,-0.362595,0.999605,-0.019703,0.020029,-0.000189,0.111331,-0.114106,0.000195,0.272042,-0.557765,0.566084,-0.000001
32,235.937564,26,1.300000,0.505564,0.499067,0.497953,-0.398503,-0.393356,-0.350109,0.999709,-0.016921,0.017177,-0.000184,0.083444,-0.085801,0.000195,0.271769,-0.515428,0.529652,-0.000030
32,235.937564,27,1.350000,0.485639,0.479399,0.480447,-0.381216,-0.376333,-0.337919,0.999777,-0.014836,0.015032,-0.000179,0.057673,-0.059318,0.000195,0.271471,-0.403826,0.418670,-0.000060
32,235.937564,28,1.400000,0.466579,0.460582,0.463551,-0.366102,-0.361422,-0.326143,0.999818,-0.013395,0.013549,-0.000173,0.037482,-0.038384,0.000193,0.271186,-0.273836,0.285996,-0.000088
32,235.937564,29,1.450000,0.448273,0.442511,0.447244,-0.352494,-0.347973,-0.314812,0.999843,-0.012458,0.012590,-0.000169,0.023791,-0.024084,0.000190,0.270925,-0.158077,0.166105,-0.000113
32,235.937564,30,1.500000,0.430649,0.425112,0.431504,-0.339861,-0.335477,-0.303914,0.999858,-0.011863,0.011988,-0.000164,0.015887,-0.015778,0.000187,0.270688,-0.072156,0.075992,-0.000133
32,235.937564,31,1.550000,0.413656,0.408339,0.416308,-0.327842,-0.323588,-0.293424,0.999867,-0.011466,0.011593,-0.000159,0.012280,-0.011979,0.000183,0.270471,-0.018994,0.019421,-0.000149
32,235.937564,32,1.600000,0.397264,0.392159,0.401637,-0.316228,-0.312105,-0.283319,0.999874,-0.011159,0.011294,-0.000155,0.011330,-0.011008,0.000179,0.270265,0.006221,-0.008056,-0.000160
32,235.937564,33,1.650000,0.381452,0.376554,0.387471,-0.304923,-0.300938,-0.273580,0.999880,-0.010876,0.011019,-0.000150,0.011641,-0.011410,0.000175,0.270069,0.011754,-0.014697,-0.000165
32,235.937564,34,1.700000,0.366206,0.361507,0.373792,-0.293901,-0.290063,-0.264192,0.999886,-0.010585,0.010734,-0.000146,0.012229,-0.012145,0.000170,0.269879,0.006233,-0.009337,-0.000167
32,235.937564,35,1.750000,0.351511,0.347004,0.360582,-0.283172,-0.279485,-0.255143,0.999893,-0.010279,0.010430,-0.000142,0.012541,-0.012612,0.000165,0.269696,-0.003196,0.000574,-0.000166
32,235.937564,36,1.800000,0.337352,0.333030,0.347825,-0.272754,-0.269220,-0.246421,0.999899,-0.009966,0.010115,-0.000138,0.012381,-0.012583,0.000160,0.269519,-0.011651,0.009846,-0.000162
32,235.937564,37,1.850000,0.323715,0.319569,0.335504,-0.262657,-0.259275,-0.238014,0.999905,-0.009656,0.009800,-0.000134,0.011798,-0.012091,0.000156,0.269348,-0.016555,0.015642,-0.000157
32,235.937564,38,1.900000,0.310582,0.306605,0.323603,-0.252880,-0.249644,-0.229910,0.999911,-0.009361,0.009498,-0.000130,0.010971,-0.011309,0.000151,0.269184,-0.017221,0.017094,-0.000151
32,235.937564,39,1.950000,0.297938,0.294123,0.312108,-0.243410,-0.240314,-0.222098,0.999916,-0.009087,0.009215,-0.000126,0.010110,-0.010454,0.000147,0.269027,-0.014248,0.014700,-0.000144
32,235.937564,40,2.000000,0.285767,0.282107,0.301003,-0.234228,-0.231261,-0.214567,0.999921,-0.008834,0.008954,-0.000122,0.009397,-0.009719,0.000143,0.268875,-0.008916,0.009709,-0.000137
32,235.937564,41,2.050000,0.274056,0.270544,0.290275,-0.225311,-0.222466,-0.207309,0.999925,-0.008599,0.008711,-0.000119,0.008952,-0.009233,0.000139,0.268728,-0.002680,0.003594,-0.000130
32,235.937564,42,2.100000,0.262790,0.259421,0.279909,-0.216641,-0.213909,-0.200312,0.999929,-0.008376,0.008480,-0.000115,0.008818,-0.009053,0.000135,0.268587,0.003181,-0.002313,-0.000124
32,235.937564,43,2.150000,0.251958,0.248725,0.269894,-0.208204,-0.205579,-0.193570,0.999933,-0.008155,0.008254,-0.000112,0.008977,-0.009169,0.000132,0.268451,0.007756,-0.007040,-0.000117
32,235.937564,44,2.200000,0.241548,0.238446,0.260215,-0.199998,-0.197472,-0.187072,0.999936,-0.007931,0.008025,-0.000108,0.009365,-0.009521,0.000129,0.268320,0.010560,-0.010043,-0.000110
32,235.937564,45,2.250000,0.231548,0.228573,0.250862,-0.192023,-0.189592,-0.180809,0.999940,-0.007697,0.007787,-0.000105,0.009893,-0.010023,0.000125,0.268193,0.011497,-0.011178,-0.000104
32,235.937564,46,2.300000,0.221947,0.219093,0.241821,-0.184288,-0.181948,-0.174775,0.999944,-0.007449,0.007536,-0.000102,0.010468,-0.010582,0.000122,0.268071,0.010771,-0.010616,-0.000097
32,235.937564,47,2.350000,0.212733,0.209996,0.233082,-0.176805,-0.174553,-0.168959,0.999948,-0.007188,0.007271,-0.000099,0.011006,-0.011113,0.000120,0.267952,0.008764,-0.008724,-0.000091
32,235.937564,48,2.400000,0.203893,0.201268,0.224634,-0.169589,-0.167421,-0.163355,0.999952,-0.006912,0.006994,-0.000096,0.011444,-0.011549,0.000117,0.267838,0.005933,-0.005957,-0.000085
32,235.937564,49,2.450000,0.195413,0.192897,0.216467,-0.162651,-0.160565,-0.157954,0.999956,-0.006626,0.006705,-0.000093,0.011741,-0.011847,0.000115,0.267728,0.002720,-0.002765,-0.000080
32,235.937564,50,2.500000,0.187281,0.184869,0.208569,-0.156002,-0.153995,-0.152748,0.999959,-0.006333,0.006409,-0.000090,0.011877,-0.011985,0.000112,0.267622,-0.000504,0.000470,-0.000075
32,235.937564,51,2.550000,0.179480,0.177169,0.200932,-0.149649,-0.147719,-0.147732,0.999963,-0.006036,0.006109,-0.000087,0.011852,-0.011961,0.000110,0.267520,-0.003471,0.003465,-0.000071
32,235.937564,52,2.600000,0.171998,0.169783,0.193545,-0.143596,-0.141739,-0.142899,0.999967,-0.005740,0.005810,-0.000085,0.011679,-0.011788,0.000108,0.267420,-0.006018,0.006044,-0.000068
32,235.937564,53,2.650000,0.164818,0.162696,0.186400,-0.137841,-0.136055,-0.138242,0.999970,-0.005448,0.005515,-0.000082,0.011378,-0.011486,0.000106,0.267324,-0.008075,0.008129,-0.000065
32,235.937564,54,2.700000,0.157926,0.155893,0.179488,-0.132380,-0.130662,-0.133757,0.999973,-0.005163,0.005228,-0.000079,0.010974,-0.011079,0.000104,0.267232,-0.009645,0.009717,-0.000062
32,235.937564,55,2.750000,0.151307,0.149360,0.172800,-0.127205,-0.125552,-0.129437,0.999976,-0.004889,0.004951,-0.000077,0.010492,-0.010594,0.000103,0.267142,-0.010776,0.010854,-0.000060
32,235.937564,56,2.800000,0.144947,0.143083,0.166328,-0.122306,-0.120715,-0.125278,0.999978,-0.004627,0.004686,-0.000074,0.009953,-0.010051,0.000101,0.267055,-0.011538,0.011613,-0.000058
32,235.937564,57,2.850000,0.138832,0.137047,0.160064,-0.117670,-0.116140,-0.121274,0.999981,-0.004378,0.004435,-0.000072,0.009376,-0.009470,0.000099,0.266971,-0.012002,0.012068,-0.000057
32,235.937564,58,2.900000,0.132948,0.131240,0.154001,-0.113284,-0.111811,-0.117422,0.999983,-0.004143,0.004198,-0.000069,0.008776,-0.008867,0.000098,0.266890,-0.012230,0.012283,-0.000056
32,235.937564,59,2.950000,0.127284,0.125649,0.148130,-0.109134,-0.107716,-0.113716,0.999984,-0.003924,0.003977,-0.000067,0.008165,-0.008253,0.000096,0.266811,-0.012260,0.012302,-0.000055
32,235.937564,60,3.000000,0.121827,0.120263,0.142444,-0.105204,-0.103839,-0.110152,0.999986,-0.003720,0.003770,-0.000064,0.007552,-0.007637,0.000095,0.266735,-0.012108,0.012142,-0.000055
32,235.937564,61,3.050000,0.116567,0.115072,0.136936,-0.101479,-0.100164,-0.106726,0.999987,-0.003531,0.003580,-0.000062,0.006946,-0.007030,0.000093,0.266661,-0.011767,0.011798,-0.000055
32,235.937564,62,3.100000,0.111493,0.110063,0.131600,-0.097944,-0.096677,-0.103433,0.999989,-0.003358,0.003404,-0.000060,0.006358,-0.006440,0.000091,0.266590,-0.011214,0.011246,-0.000054
32,235.937564,63,3.150000,0.106596,0.105230,0.126428,-0.094583,-0.093362,-0.100270,0.999990,-0.003199,0.003243,-0.000057,0.005797,-0.005878,0.000090,0.266521,-0.010420,0.010457,-0.000054
32,235.937564,64,3.200000,0.101867,0.100561,0.121415,-0.091382,-0.090205,-0.097233,0.999991,-0.003054,0.003096,-0.000055,0.005276,-0.005355,0.000088,0.266454,-0.009363,0.009408,-0.000055
32,235.937564,65,3.250000,0.097298,0.096051,0.116553,-0.088326,-0.087191,-0.094318,0.999991,-0.002922,0.002962,-0.000053,0.004808,-0.004885,0.000087,0.266390,-0.008048,0.008098,-0.000055
32,235.937564,66,3.300000,0.092881,0.091692,0.111837,-0.085404,-0.084309,-0.091520,0.999992,-0.002802,0.002840,-0.000051,0.004406,-0.004480,0.000085,0.266327,-0.006513,0.006568,-0.000055
32,235.937564,67,3.350000,0.088611,0.087476,0.107261,-0.082603,-0.081545,-0.088838,0.999993,-0.002691,0.002728,-0.000049,0.004080,-0.004151,0.000084,0.266266,-0.004851,0.004907,-0.000055
32,235.937564,68,3.400000,0.084481,0.083399,0.102819,-0.079913,-0.078891,-0.086267,0.999993,-0.002589,0.002624,-0.000047,0.003838,-0.003906,0.000082,0.266207,-0.003203,0.003258,-0.000055
32,235.937564,69,3.450000,0.080485,0.079454,0.098506,-0.077325,-0.076338,-0.083804,0.999994,-0.002493,0.002526,-0.000044,0.003677,-0.003743,0.000081,0.266150,-0.001751,0.001805,-0.000056
32,235.937564,70,3.500000,0.076619,0.075637,0.094316,-0.074835,-0.073881,-0.081446,0.999994,-0.002402,0.002433,-0.000042,0.003590,-0.003653,0.000079,0.266094,-0.000692,0.000745,-0.000056
32,235.937564,71,3.550000,0.072877,0.071943,0.090243,-0.072437,-0.071514,-0.079190,0.999995,-0.002312,0.002341,-0.000040,0.003555,-0.003616,0.000077,0.266040,-0.000190,0.000246,-0.000056
32,235.937564,72,3.600000,0.069256,0.068368,0.086284,-0.070130,-0.069236,-0.077033,0.999995,-0.002223,0.002251,-0.000039,0.003546,-0.003603,0.000076,0.265988,-0.000318,0.000380,-0.000057
32,235.937564,73,3.650000,0.065749,0.064906,0.082432,-0.067912,-0.067046,-0.074973,0.999995,-0.002134,0.002161,-0.000037,0.003530,-0.003584,0.000074,0.265937,-0.000992,0.001065,-0.000057
32,235.937564,74,3.700000,0.062353,0.061554,0.078684,-0.065784,-0.064944,-0.073006,0.999996,-0.002046,0.002071,-0.000035,0.003480,-0.003531,0.000073,0.265887,-0.001923,0.002007,-0.000057
32,235.937564,75,3.750000,0.059064,0.058306,0.075033,-0.063744,-0.062930,-0.071131,0.999996,-0.001959,0.001983,-0.000033,0.003384,-0.003431,0.000071,0.265839,-0.002591,0.002682,-0.000058
32,235.937564,76,3.800000,0.055877,0.055160,0.071477,-0.061791,-0.061001,-0.069345,0.999996,-0.001874,0.001897,-0.000031,0.003255,-0.003297,0.000069,0.265791,-0.002284,0.002366,-0.000059
32,235.937564,77,3.850000,0.052788,0.052110,0.068010,-0.059923,-0.059156,-0.067645,0.999997,-0.001793,0.001815,-0.000029,0.003140,-0.003178,0.000068,0.265746,-0.000212,0.000262,-0.000059
32,235.937564,78,3.900000,0.049791,0.049152,0.064627,-0.058137,-0.057391,-0.066031,0.999997,-0.001714,0.001735,-0.000028,0.003130,-0.003165,0.000066,0.265701,0.004285,-0.004300,-0.000060
32,235.937564,79,3.950000,0.046885,0.046282,0.061326,-0.056429,-0.055704,-0.064498,0.999997,-0.001636,0.001656,-0.000026,0.003344,-0.003380,0.000064,0.265657,0.011439,-0.011554,-0.000060
32,235.937564,80,4.000000,0.044063,0.043497,0.058101,-0.054799,-0.054094,-0.063047,0.999998,-0.001553,0.001572,-0.000025,0.003916,-0.003958,0.000063,0.265614,0.020699,-0.020942,-0.000060
32,235.937564,81,4.050000,0.041323,0.040793,0.054949,-0.053253,-0.052567,-0.061674,0.999998,-0.001455,0.001473,-0.000023,0.004951,-0.005005,0.000061,0.265572,0.030386,-0.030763,-0.000059
32,235.937564,82,4.100000,0.038660,0.038164,0.051865,-0.051804,-0.051136,-0.060378,0.999998,-0.001331,0.001348,-0.000021,0.006470,-0.006543,0.000059,0.265531,0.037456,-0.037935,-0.000059
32,235.937564,83,4.150000,0.036070,0.035607,0.048846,-0.050479,-0.049827,-0.059157,0.999999,-0.001169,0.001184,-0.000020,0.008343,-0.008440,0.000057,0.265491,0.037518,-0.038008,-0.000057
32,235.937564,84,4.200000,0.033546,0.033116,0.045888,-0.049314,-0.048677,-0.058009,0.999999,-0.000961,0.000973,-0.000019,0.010219,-0.010340,0.000056,0.265452,0.025248,-0.025590,-0.000054
32,235.937564,85,4.250000,0.031081,0.030682,0.042988,-0.048357,-0.047733,-0.056933,0.999999,-0.000705,0.000715,-0.000017,0.011482,-0.011620,0.000054,0.265413,-0.004645,0.004679,-0.000050
32,235.937564,86,4.300000,0.028663,0.028296,0.040141,-0.047655,-0.047040,-0.055928,1.000000,-0.000418,0.000424,-0.000016,0.011249,-0.011386,0.000053,0.265375,-0.055831,0.056517,-0.000045
32,235.937564,87,4.350000,0.026280,0.025944,0.037345,-0.047238,-0.046629,-0.054994,1.000000,-0.000137,0.000140,-0.000014,0.008458,-0.008560,0.000052,0.265337,-0.128176,0.129787,-0.000039
32,235.937564,88,4.400000,0.023918,0.023612,0.034595,-0.047101,-0.046494,-0.054130,1.000000,0.000075,-0.000074,-0.000013,0.002049,-0.002071,0.000051,0.265300,-0.215198,0.217923,-0.000032
32,235.937564,89,4.450000,0.021563,0.021287,0.031888,-0.047174,-0.046568,-0.053333,1.000000,0.000126,-0.000126,-0.000012,-0.008711,0.008826,0.000050,0.265266,-0.301657,0.305486,-0.000024
32,235.937564,90,4.500000,0.019204,0.018959,0.029222,-0.047298,-0.046691,-0.052601,1.000000,-0.000092,0.000094,-0.000011,-0.023794,0.024100,0.000049,0.265235,-0.362103,0.366698,-0.000016
32,235.937564,91,4.550000,0.016839,0.016624,0.026592,-0.047205,-0.046601,-0.051925,1.000000,-0.000687,0.000697,-0.000009,-0.041899,0.042435,0.000048,0.265206,-0.361599,0.366174,-0.000011
32,235.937564,92,4.600000,0.014479,0.014294,0.023996,-0.046521,-0.045926,-0.051303,0.999997,-0.001734,0.001758,-0.000008,-0.059979,0.060743,0.000048,0.265173,-0.260216,0.263481,-0.000009
32,235.937564,93,4.650000,0.012153,0.011998,0.021430,-0.044794,-0.044223,-0.050747,0.999989,-0.003234,0.003276,-0.000007,-0.072990,0.073917,0.000048,0.265125,-0.023276,0.023507,-0.000015
32,235.937564,94,4.700000,0.009913,0.009787,0.018893,-0.041577,-0.041048,-0.050294,0.999974,-0.005058,0.005124,-0.000006,-0.074154,0.075093,0.000047,0.265056,0.360163,-0.364811,-0.000034
32,235.937564,95,4.750000,0.007835,0.007735,0.016378,-0.036547,-0.036082,-0.050001,0.999952,-0.006912,0.007002,-0.000005,-0.056146,0.056852,0.000047,0.264982,0.846364,-0.857163,-0.000073
32,235.937564,96,4.800000,0.006007,0.005930,0.013878,-0.029676,-0.029299,-0.049887,0.999930,-0.008316,0.008423,-0.000003,-0.013828,0.013994,0.000044,0.264963,1.287283,-1.303612,-0.000144
32,235.937564,97,4.850000,0.004523,0.004466,0.011384,-0.021410,-0.021138,-0.049853,0.999924,-0.008661,0.008773,-0.000002,0.050536,-0.051187,0.000040,0.265088,1.353941,-1.371029,-0.000260
32,235.937564,98,4.900000,0.003453,0.003409,0.008891,-0.012798,-0.012635,-0.049597,0.999945,-0.007398,0.007493,-0.000001,0.118233,-0.119738,0.000033,0.264723,0.424453,-0.429719,-0.000445
32,235.937564,99,4.950000,0.002813,0.002777,0.006411,-0.005452,-0.005382,-0.049978,0.999980,-0.004442,0.004500,-0.000000,0.139456,-0.141224,0.000020,0.291893,-2.789011,2.824363,-0.000727
32,235.937564,100,5.000000,0.002540,0.002508,0.003913,-0.000587,-0.000580,0.000020,0.999999,-0.000956,0.000969,0.000000,0.000006,-0.000006,-0.000000,0,0,0,0
33,241.665551,0,0.000000,1.011248,0.999042,0.981458,-0.013710,-0.010796,0.000636,0.999993,0.002501,-0.002667,0.000002,0.000000,0.000000,0.000000,0.237876,39.498586,-39.120968,-0.240322
33,241.665551,1,0.050000,1.010562,0.998502,0.981490,-0.016060,-0.012999,-0.049364,0.999993,0.002501,-0.002667,0.000002,1.974929,-1.956048,-0.006831,0.237876,-35.897422,35.312675,0.125746
33,241.665551,2,0.100000,1.009759,0.997852,0.979022,-0.018410,-0.015202,-0.099364,0.997334,0.051749,-0.051444,-0.000159,0.179551,-0.190927,-0.003257,0.240430,-3.596138,3.824293,0.074692
33,241.665551,3,0.150000,1.008839,0.997092,0.974053,-0.064105,-0.061154,-0.149364,0.996835,0.056228,-0.056199,-0.000257,-0.000279,0.000266,-0.001134,0.240915,0.010911,-0.010376,0.037844
33,241.665551,4,0.200000,1.005634,0.994035,0.966585,-0.114105,-0.111153,-0.199364,0.996836,0.056223,-0.056191,-0.000285,0.000266,-0.000253,-0.000058,0.240914,-0.005878,0.005616,0.020153
33,241.665551,5,0.250000,0.999929,0.988477,0.956617,-0.164098,-0.161147,-0.249364,0.996835,0.056230,-0.056197,-0.000286,-0.000028,0.000028,0.000515,0.240915,0.000753,-0.000751,0.010675
33,241.665551,6,0.300000,0.991724,0.980420,0.944149,-0.214098,-0.211146,-0.299364,0.996835,0.056228,-0.056197,-0.000273,0.000010,-0.000010,0.000818,0.240915,-0.002007,0.001702,0.004152
33,241.665551,7,0.350000,0.981019,0.969862,0.929181,-0.264096,-0.261145,-0.349364,0.996835,0.056227,-0.056199,-0.000253,-0.000090,0.000075,0.000936,0.240915,-0.105378,0.096190,0.000104
33,241.665551,8,0.400000,0.967814,0.956805,0.911712,-0.314095,-0.311144,-0.399363,0.996835,0.056224,-0.056198,-0.000230,-0.005359,0.004885,0.000939,0.240915,-0.608519,0.601793,-0.002194
33,241.665551,9,0.450000,0.952109,0.941248,0.891744,-0.364093,-0.361141,-0.449363,0.996850,0.056089,-0.056078,-0.000207,-0.035786,0.034974,0.000877,0.240902,-2.623923,2.662520,-0.003298
33,241.665551,10,0.500000,0.933905,0.923191,0.869276,-0.413980,-0.411017,-0.499361,0.996948,0.055196,-0.055207,-0.000186,-0.166983,0.168099,0.000783,0.240806,-2.245021,2.136672,-0.003684
33,241.665551,11,0.550000,0.913206,0.902640,0.844308,-0.463076,-0.460085,-0.549359,0.997393,0.051033,-0.051017,-0.000165,-0.279239,0.274928,0.000678,0.265255,-0.685233,0.433103,-0.004547
33,241.665551,12,0.600000,0.890052,0.879636,0.816840,-0.513074,-0.510082,-0.553762,0.998052,0.044068,-0.044159,-0.000154,-0.313508,0.296576,0.000549,0.294159,-2.794824,2.872246,-0.005180
33,241.665551,13,0.650000,0.864398,0.854132,0.789152,-0.561099,-0.557993,-0.503764,0.998667,0.036244,-0.036757,-0.000159,-0.453255,0.440182,0.000402,0.239146,-1.811333,1.997901,-0.003790
33,241.665551,14,0.700000,0.836343,0.826232,0.763964,-0.593616,-0.590047,-0.553762,0.999357,0.024926,-0.025762,-0.000167,-0.543828,0.540070,0.000294,0.292621,-0.048028,0.201511,-0.002107
33,241.665551,15,0.750000,0.806662,0.796730,0.736276,-0.621524,-0.617040,-0.503763,0.999860,0.011339,-0.012265,-0.000173,-0.546236,0.550139,0.000234,0.256455,1.461794,-1.368866,-0.000956
33,241.665551,16,0.800000,0.775586,0.765878,0.711087,-0.633173,-0.627807,-0.519612,0.999996,-0.002312,0.001489,-0.000179,-0.473151,0.481691,0.000207,0.291873,2.181597,-2.142484,-0.000379
33,241.665551,17,0.850000,0.743927,0.734487,0.685107,-0.631563,-0.625308,-0.469614,0.999808,-0.014136,0.013531,-0.000184,-0.364075,0.374563,0.000196,0.260388,2.561642,-2.560293,-0.000119
33,241.665551,18,0.900000,0.712349,0.703222,0.661626,-0.618513,-0.611680,-0.478283,0.999468,-0.023233,0.022893,-0.000188,-0.235996,0.246546,0.000193,0.292491,2.452203,-2.479278,-0.000023
33,241.665551,19,0.950000,0.681424,0.672638,0.637712,-0.593721,-0.586530,-0.428285,0.999153,-0.029127,0.029054,-0.000192,-0.113387,0.122580,0.000192,0.256552,2.302581,-2.354417,0.000005
33,241.665551,20,1.000000,0.651738,0.643311,0.616298,-0.566133,-0.558882,-0.445296,0.998973,-0.031958,0.032116,-0.000194,0.001741,0.004858,0.000193,0.293072,1.629414,-1.689951,0.000015
33,241.665551,21,1.050000,0.623431,0.615367,0.594033,-0.531301,-0.524235,-0.395298,0.998971,-0.031915,0.032238,-0.000194,0.083212,-0.079639,0.000193,0.263115,0.928407,-0.987118,0.000018
33,241.665551,22,1.100000,0.596866,0.589155,0.574268,-0.499912,-0.493173,-0.400553,0.999097,-0.029837,0.030248,-0.000193,0.129633,-0.128994,0.000193,0.272794,0.288532,-0.331461,0.000027
33,241.665551,23,1.150000,0.571870,0.564497,0.554240,-0.469372,-0.463060,-0.387703,0.999281,-0.026599,0.027026,-0.000190,0.144060,-0.145566,0.000194,0.272417,-0.199765,0.177879,0.000029
33,241.665551,24,1.200000,0.548402,0.541344,0.534855,-0.442119,-0.436247,-0.375178,0.999462,-0.023000,0.023388,-0.000185,0.134073,-0.136671,0.000195,0.272256,-0.474323,0.471044,0.000015
33,241.665551,25,1.250000,0.526296,0.519531,0.516096,-0.418543,-0.413072,-0.362585,0.999607,-0.019651,0.019973,-0.000180,0.110358,-0.113118,0.000195,0.272040,-0.558142,0.567131,-0.000011
33,241.665551,26,1.300000,0.505369,0.498878,0.497967,-0.398424,-0.393284,-0.350098,0.999710,-0.016893,0.017145,-0.000175,0.082452,-0.084761,0.000195,0.271765,-0.511004,0.525523,-0.000042
33,241.665551,27,1.350000,0.485447,0.479214,0.480462,-0.381169,-0.376288,-0.337912,0.999777,-0.014833,0.015027,-0.000170,0.056902,-0.058484,0.000194,0.271469,-0.396945,0.411738,-0.000072
33,241.665551,28,1.400000,0.466389,0.460399,0.463567,-0.366062,-0.361381,-0.326141,0.999818,-0.013411,0.013565,-0.000165,0.037055,-0.037897,0.000192,0.271184,-0.266765,0.278636,-0.000100
33,241.665551,29,1.450000,0.448086,0.442330,0.447260,-0.352438,-0.347916,-0.314814,0.999842,-0.012484,0.012617,-0.000160,0.023717,-0.023965,0.000189,0.270924,-0.152446,0.160074,-0.000123
33,241.665551,30,1.500000,0.430464,0.424934,0.431519,-0.339777,-0.335393,-0.303919,0.999857,-0.011892,0.012018,-0.000155,0.016095,-0.015961,0.000186,0.270688,-0.068773,0.072211,-0.000143
33,241.665551,31,1.550000,0.413475,0.408165,0.416323,-0.327729,-0.323475,-0.293431,0.999866,-0.011489,0.011619,-0.000150,0.012656,-0.012350,0.000182,0.270471,-0.017933,0.018040,-0.000157
33,241.665551,32,1.600000,0.397089,0.391991,0.401651,-0.316089,-0.311969,-0.283326,0.999874,-0.011173,0.011310,-0.000146,0.011760,-0.011448,0.000177,0.270266,0.005394,-0.007434,-0.000166
33,241.665551,33,1.650000,0.381284,0.376392,0.387485,-0.304767,-0.300788,-0.273588,0.999880,-0.010879,0.011024,-0.000142,0.012030,-0.011820,0.000172,0.270069,0.009723,-0.012751,-0.000171
33,241.665551,34,1.700000,0.366046,0.361353,0.373806,-0.293740,-0.289909,-0.264200,0.999886,-0.010578,0.010729,-0.000137,0.012516,-0.012457,0.000167,0.269879,0.003708,-0.006799,-0.000172
33,241.665551,35,1.750000,0.351359,0.346858,0.360596,-0.283016,-0.279338,-0.255151,0.999893,-0.010265,0.010417,-0.000133,0.012701,-0.012797,0.000163,0.269696,-0.005626,0.003084,-0.000169
33,241.665551,36,1.800000,0.337208,0.332891,0.347838,-0.272610,-0.269087,-0.246429,0.999900,-0.009948,0.010098,-0.000129,0.012420,-0.012643,0.000158,0.269518,-0.013595,0.011902,-0.000165
33,241.665551,37,1.850000,0.323578,0.319436,0.335517,-0.262530,-0.259159,-0.238021,0.999906,-0.009637,0.009781,-0.000125,0.011740,-0.012048,0.000153,0.269348,-0.017831,0.017033,-0.000159
33,241.665551,38,1.900000,0.310451,0.306478,0.323616,-0.252772,-0.249547,-0.229916,0.999911,-0.009344,0.009480,-0.000121,0.010849,-0.011196,0.000149,0.269184,-0.017821,0.017791,-0.000152
33,241.665551,39,1.950000,0.297812,0.294001,0.312120,-0.243320,-0.240233,-0.222104,0.999917,-0.009073,0.009200,-0.000118,0.009958,-0.010306,0.000144,0.269026,-0.014285,0.014806,-0.000146
33,241.665551,40,2.000000,0.285646,0.281989,0.301015,-0.234152,-0.231195,-0.214573,0.999921,-0.008824,0.008943,-0.000114,0.009244,-0.009566,0.000140,0.268875,-0.008562,0.009393,-0.000139
33,241.665551,41,2.050000,0.273939,0.270430,0.290286,-0.225246,-0.222410,-0.207314,0.999925,-0.008593,0.008704,-0.000110,0.008816,-0.009096,0.000136,0.268728,-0.002116,0.003043,-0.000133
33,241.665551,42,2.100000,0.262676,0.259309,0.279920,-0.216583,-0.213859,-0.200318,0.999929,-0.008372,0.008476,-0.000107,0.008710,-0.008944,0.000132,0.268587,0.003800,-0.002937,-0.000126
33,241.665551,43,2.150000,0.251847,0.248616,0.269904,-0.208151,-0.205532,-0.193575,0.999933,-0.008155,0.008253,-0.000104,0.008900,-0.009091,0.000129,0.268451,0.008320,-0.007618,-0.000120
33,241.665551,44,2.200000,0.241440,0.238340,0.260226,-0.199946,-0.197426,-0.187077,0.999936,-0.007932,0.008025,-0.000100,0.009316,-0.009472,0.000125,0.268320,0.011010,-0.010507,-0.000114
33,241.665551,45,2.250000,0.231442,0.228468,0.250872,-0.191970,-0.189544,-0.180815,0.999940,-0.007699,0.007789,-0.000097,0.009867,-0.009997,0.000122,0.268193,0.011818,-0.011507,-0.000108
33,241.665551,46,2.300000,0.221844,0.218991,0.241831,-0.184233,-0.181898,-0.174780,0.999944,-0.007453,0.007539,-0.000094,0.010458,-0.010572,0.000119,0.268071,0.010976,-0.010821,-0.000102
33,241.665551,47,2.350000,0.212632,0.209896,0.233092,-0.176748,-0.174499,-0.168965,0.999948,-0.007191,0.007274,-0.000091,0.011006,-0.011113,0.000116,0.267952,0.008884,-0.008837,-0.000096
33,241.665551,48,2.400000,0.203795,0.201171,0.224644,-0.169528,-0.167364,-0.163360,0.999952,-0.006916,0.006997,-0.000088,0.011451,-0.011555,0.000113,0.267838,0.006004,-0.006014,-0.000091
33,241.665551,49,2.450000,0.195319,0.192803,0.216476,-0.162587,-0.160504,-0.157959,0.999956,-0.006630,0.006708,-0.000086,0.011751,-0.011856,0.000111,0.267728,0.002771,-0.002797,-0.000087
33,241.665551,50,2.500000,0.187189,0.184778,0.208578,-0.155936,-0.153931,-0.152754,0.999959,-0.006336,0.006411,-0.000083,0.011889,-0.011996,0.000108,0.267622,-0.000455,0.000439,-0.000083
33,241.665551,51,2.550000,0.179392,0.177081,0.200940,-0.149580,-0.147652,-0.147738,0.999963,-0.006039,0.006112,-0.000080,0.011867,-0.011974,0.000106,0.267520,-0.003415,0.003424,-0.000079
33,241.665551,52,2.600000,0.171913,0.169699,0.193553,-0.143525,-0.141669,-0.142904,0.999967,-0.005742,0.005812,-0.000077,0.011696,-0.011802,0.000104,0.267420,-0.005956,0.005992,-0.000076
33,241.665551,53,2.650000,0.164737,0.162615,0.186408,-0.137768,-0.135982,-0.138248,0.999970,-0.005450,0.005517,-0.000075,0.011398,-0.011503,0.000102,0.267324,-0.008014,0.008072,-0.000073
33,241.665551,54,2.700000,0.157849,0.155816,0.179496,-0.132305,-0.130587,-0.133762,0.999973,-0.005165,0.005230,-0.000072,0.010998,-0.011099,0.000100,0.267232,-0.009594,0.009663,-0.000071
33,241.665551,55,2.750000,0.151233,0.149287,0.172808,-0.127129,-0.125476,-0.129442,0.999976,-0.004890,0.004952,-0.000070,0.010518,-0.010616,0.000098,0.267142,-0.010740,0.010811,-0.000069
33,241.665551,56,2.800000,0.144877,0.143013,0.166335,-0.122229,-0.120638,-0.125283,0.999978,-0.004627,0.004687,-0.000067,0.009981,-0.010075,0.000096,0.267055,-0.011521,0.011584,-0.000067
33,241.665551,57,2.850000,0.138766,0.136981,0.160071,-0.117593,-0.116062,-0.121279,0.999981,-0.004377,0.004435,-0.000065,0.009405,-0.009496,0.000094,0.266971,-0.012005,0.012055,-0.000066
33,241.665551,58,2.900000,0.132886,0.131178,0.154007,-0.113208,-0.111734,-0.117427,0.999983,-0.004142,0.004197,-0.000063,0.008805,-0.008893,0.000092,0.266890,-0.012249,0.012286,-0.000065
33,241.665551,59,2.950000,0.127226,0.125591,0.148136,-0.109059,-0.107640,-0.113721,0.999984,-0.003922,0.003975,-0.000060,0.008192,-0.008279,0.000090,0.266811,-0.012293,0.012319,-0.000064
33,241.665551,60,3.000000,0.121773,0.120209,0.142450,-0.105131,-0.103764,-0.110157,0.999986,-0.003717,0.003768,-0.000058,0.007578,-0.007663,0.000088,0.266735,-0.012153,0.012173,-0.000063
33,241.665551,61,3.050000,0.116516,0.115021,0.136942,-0.101408,-0.100092,-0.106730,0.999987,-0.003528,0.003577,-0.000056,0.006970,-0.007054,0.000086,0.266662,-0.011825,0.011846,-0.000062
33,241.665551,62,3.100000,0.111446,0.110017,0.131606,-0.097875,-0.096608,-0.103438,0.999989,-0.003354,0.003400,-0.000054,0.006379,-0.006462,0.000085,0.266590,-0.011291,0.011317,-0.000062
33,241.665551,63,3.150000,0.106552,0.105186,0.126434,-0.094518,-0.093297,-0.100275,0.999990,-0.003194,0.003239,-0.000052,0.005814,-0.005896,0.000083,0.266521,-0.010524,0.010557,-0.000061
33,241.665551,64,3.200000,0.101826,0.100521,0.121420,-0.091321,-0.090144,-0.097237,0.999991,-0.003049,0.003091,-0.000050,0.005288,-0.005368,0.000081,0.266454,-0.009502,0.009545,-0.000061
33,241.665551,65,3.250000,0.097260,0.096014,0.116558,-0.088270,-0.087135,-0.094322,0.999991,-0.002917,0.002957,-0.000048,0.004813,-0.004891,0.000079,0.266390,-0.008224,0.008276,-0.000060
33,241.665551,66,3.300000,0.092846,0.091657,0.111842,-0.085353,-0.084258,-0.091524,0.999992,-0.002796,0.002835,-0.000046,0.004402,-0.004477,0.000078,0.266327,-0.006724,0.006782,-0.000060
33,241.665551,67,3.350000,0.088579,0.087444,0.107266,-0.082556,-0.081500,-0.088842,0.999993,-0.002686,0.002723,-0.000044,0.004066,-0.004138,0.000076,0.266266,-0.005081,0.005142,-0.000059
33,241.665551,68,3.400000,0.084451,0.083369,0.102824,-0.079871,-0.078851,-0.086270,0.999993,-0.002585,0.002619,-0.000042,0.003812,-0.003881,0.000074,0.266207,-0.003424,0.003485,-0.000059
33,241.665551,69,3.450000,0.080457,0.079427,0.098510,-0.077289,-0.076302,-0.083807,0.999994,-0.002489,0.002522,-0.000040,0.003641,-0.003707,0.000073,0.266150,-0.001926,0.001984,-0.000058
33,241.665551,70,3.500000,0.076593,0.075612,0.094320,-0.074802,-0.073849,-0.081449,0.999994,-0.002398,0.002430,-0.000038,0.003544,-0.003607,0.000071,0.266094,-0.000777,0.000833,-0.000058
33,241.665551,71,3.550000,0.072853,0.071919,0.090247,-0.072407,-0.071485,-0.079193,0.999995,-0.002310,0.002340,-0.000036,0.003505,-0.003566,0.000069,0.266040,-0.000144,0.000201,-0.000057
33,241.665551,72,3.600000,0.069232,0.068345,0.086288,-0.070102,-0.069209,-0.077036,0.999995,-0.002222,0.002250,-0.000034,0.003498,-0.003556,0.000068,0.265988,-0.000114,0.000176,-0.000057
33,241.665551,73,3.650000,0.065727,0.064885,0.082436,-0.067885,-0.067020,-0.074976,0.999995,-0.002135,0.002161,-0.000033,0.003492,-0.003547,0.000066,0.265937,-0.000632,0.000702,-0.000057
33,241.665551,74,3.700000,0.062333,0.061534,0.078687,-0.065756,-0.064918,-0.073009,0.999996,-0.002047,0.002073,-0.000031,0.003461,-0.003512,0.000065,0.265887,-0.001443,0.001523,-0.000056
33,241.665551,75,3.750000,0.059045,0.058288,0.075037,-0.063715,-0.062902,-0.071134,0.999996,-0.001961,0.001985,-0.000030,0.003389,-0.003436,0.000063,0.265839,-0.002069,0.002154,-0.000056
33,241.665551,76,3.800000,0.055860,0.055143,0.071480,-0.061760,-0.060971,-0.069348,0.999996,-0.001876,0.001899,-0.000028,0.003285,-0.003328,0.000061,0.265792,-0.001832,0.001910,-0.000056
33,241.665551,77,3.850000,0.052771,0.052094,0.068013,-0.059891,-0.059124,-0.067649,0.999997,-0.001794,0.001816,-0.000026,0.003194,-0.003232,0.000060,0.265746,0.000037,0.000012,-0.000056
33,241.665551,78,3.900000,0.049777,0.049138,0.064630,-0.058104,-0.057359,-0.066034,0.999997,-0.001714,0.001735,-0.000025,0.003195,-0.003232,0.000058,0.265701,0.004206,-0.004218,-0.000055
33,241.665551,79,3.950000,0.046872,0.046270,0.061329,-0.056396,-0.055672,-0.064501,0.999997,-0.001634,0.001654,-0.000023,0.003406,-0.003443,0.000057,0.265657,0.010953,-0.011060,-0.000055
33,241.665551,80,4.000000,0.044052,0.043486,0.058103,-0.054768,-0.054064,-0.063049,0.999998,-0.001549,0.001568,-0.000022,0.003953,-0.003996,0.000055,0.265614,0.019813,-0.020042,-0.000054
33,241.665551,81,4.050000,0.041314,0.040783,0.054951,-0.053225,-0.052540,-0.061676,0.999998,-0.001450,0.001468,-0.000021,0.004944,-0.004998,0.000053,0.265572,0.029222,-0.029583,-0.000053
33,241.665551,82,4.100000,0.038652,0.038156,0.051867,-0.051781,-0.051113,-0.060380,0.999998,-0.001327,0.001343,-0.000019,0.006405,-0.006477,0.000052,0.265531,0.036266,-0.036729,-0.000052
33,241.665551,83,4.150000,0.036063,0.035601,0.048848,-0.050460,-0.049809,-0.059159,0.999999,-0.001167,0.001181,-0.000018,0.008219,-0.008313,0.000050,0.265491,0.036663,-0.037142,-0.000050
33,241.665551,84,4.200000,0.033540,0.033110,0.045890,-0.049298,-0.048662,-0.058012,0.999999,-0.000961,0.000974,-0.000017,0.010052,-0.010170,0.000049,0.265452,0.025134,-0.025475,-0.000046
33,241.665551,85,4.250000,0.031075,0.030677,0.042990,-0.048341,-0.047717,-0.056936,0.999999,-0.000710,0.000719,-0.000016,0.011308,-0.011444,0.000048,0.265413,-0.003672,0.003692,-0.000042
33,241.665551,86,4.300000,0.028658,0.028291,0.040143,-0.047634,-0.047019,-0.055931,1.000000,-0.000427,0.000433,-0.000014,0.011125,-0.011260,0.000047,0.265375,-0.053623,0.054277,-0.000037
33,241.665551,87,4.350000,0.026277,0.025940,0.037346,-0.047208,-0.046599,-0.054997,1.000000,-0.000149,0.000152,-0.000013,0.008444,-0.008546,0.000046,0.265337,-0.124924,0.126489,-0.000030
33,241.665551,88,4.400000,0.023916,0.023610,0.034596,-0.047059,-0.046453,-0.054132,1.000000,0.000062,-0.000062,-0.000012,0.002198,-0.002221,0.000045,0.265300,-0.211536,0.214209,-0.000022
33,241.665551,89,4.450000,0.021563,0.021288,0.031890,-0.047119,-0.046514,-0.053336,1.000000,0.000117,-0.000117,-0.000011,-0.008379,0.008489,0.000044,0.265266,-0.298662,0.302448,-0.000013
33,241.665551,90,4.500000,0.019207,0.018962,0.029223,-0.047235,-0.046629,-0.052603,1.000000,-0.000092,0.000095,-0.000010,-0.023312,0.023612,0.000044,0.265235,-0.361135,0.365715,-0.000005
33,241.665551,91,4.550000,0.016846,0.016631,0.026593,-0.047142,-0.046538,-0.051928,1.000000,-0.000675,0.000685,-0.000009,-0.041369,0.041897,0.000044,0.265206,-0.363926,0.368532,0.000002
33,241.665551,92,4.600000,0.014488,0.014304,0.023996,-0.046469,-0.045875,-0.051306,0.999997,-0.001709,0.001733,-0.000008,-0.059566,0.060324,0.000044,0.265173,-0.266423,0.269771,0.000006
33,241.665551,93,4.650000,0.012165,0.012010,0.021431,-0.044767,-0.044196,-0.050750,0.999990,-0.003199,0.003241,-0.000007,-0.072887,0.073812,0.000044,0.265126,-0.032520,0.032875,0.000001
33,241.665551,94,4.700000,0.009927,0.009800,0.018894,-0.041585,-0.041055,-0.050296,0.999974,-0.005021,0.005086,-0.000005,-0.074513,0.075456,0.000044,0.265057,0.350809,-0.355331,-0.000015
33,241.665551,95,4.750000,0.007847,0.007747,0.016379,-0.036592,-0.036127,-0.050001,0.999952,-0.006883,0.006972,-0.000004,-0.056973,0.057689,0.000043,0.264982,0.842022,-0.852759,-0.000053
33,241.665551,96,4.800000,0.006018,0.005941,0.013879,-0.029750,-0.029372,-0.049888,0.999930,-0.008308,0.008414,-0.000003,-0.014872,0.015051,0.000042,0.264961,1.293911,-1.310319,-0.000121
33,241.665551,97,4.850000,0.004530,0.004472,0.011384,-0.021493,-0.021220,-0.049855,0.999924,-0.008679,0.008791,-0.000002,0.049824,-0.050465,0.000038,0.265089,1.373894,-1.391233,-0.000237
33,241.665551,98,4.900000,0.003456,0.003411,0.008892,-0.012862,-0.012699,-0.049600,0.999944,-0.007434,0.007529,-0.000001,0.118519,-0.120026,0.000032,0.264726,0.446301,-0.451849,-0.000421
33,241.665551,99,4.950000,0.002813,0.002776,0.006412,-0.005481,-0.005411,-0.049976,0.999980,-0.004471,0.004529,-0.000000,0.140834,-0.142619,0.000020,0.291893,-2.816615,2.852299,-0.000705
33,241.665551,100,5.000000,0.002539,0.002506,0.003913,-0.000585,-0.000577,0.000022,0.999999,-0.000950,0.000963,0.000000,0.000003,-0.000004,-0.000000,0,0,0,0
34,235.714919,0,0.000000,1.011248,0.999042,0.981458,-0.013710,-0.010796,0.000636,0.999993,0.002501,-0.002667,0.000002,0.000000,0.000000,0.000000,0.237876,39.894698,-39.528475,-0.240814
34,235.714919,1,0.050000,1.010562,0.998502,0.981490,-0.016060,-0.012999,-0.049364,0.999993,0.002501,-0.002667,0.000002,1.994735,-1.976424,-0.006845,0.237876,-36.687706,36.125762,0.126415
34,235.714919,2,0.100000,1.009759,0.997852,0.979022,-0.018410,-0.015202,-0.099364,0.997282,0.052241,-0.051949,-0.000160,0.159836,-0.170654,-0.003252,0.240481,-3.201645,3.418668,0.074595
34,235.714919,3,0.150000,1.008839,0.997092,0.974053,-0.064561,-0.061597,-0.149364,0.996835,0.056228,-0.056199,-0.000256,-0.000267,0.000260,-0.001131,0.240915,0.010424,-0.010137,0.037420
34,235.714919,4,0.200000,1.005611,0.994012,0.966585,-0.114561,-0.111597,-0.199364,0.996836,0.056223,-0.056191,-0.000284,0.000254,-0.000247,-0.000068,0.240915,-0.005660,0.005515,0.019632
34,235.714919,5,0.250000,0.999883,0.988433,0.956617,-0.164555,-0.161590,-0.249364,0.996835,0.056230,-0.056197,-0.000286,-0.000029,0.000029,0.000490,0.240915,0.000779,-0.000764,0.010180
34,235.714919,6,0.300000,0.991655,0.980353,0.944149,-0.214554,-0.211590,-0.299364,0.996835,0.056228,-0.056197,-0.000274,0.000010,-0.000009,0.000780,0.240915,-0.001781,0.001501,0.003748
34,235.714919,7,0.350000,0.980927,0.969774,0.929181,-0.264553,-0.261589,-0.349364,0.996835,0.056227,-0.056199,-0.000254,-0.000079,0.000066,0.000886,0.240915,-0.109931,0.100632,-0.000184
34,235.714919,8,0.400000,0.967700,0.956694,0.911712,-0.314552,-0.311587,-0.399363,0.996835,0.056224,-0.056198,-0.000232,-0.005576,0.005097,0.000881,0.240915,-0.609702,0.602781,-0.002365
34,235.714919,9,0.450000,0.951972,0.941115,0.891744,-0.364549,-0.361585,-0.449363,0.996850,0.056084,-0.056073,-0.000211,-0.036061,0.035236,0.000814,0.240901,-2.633613,2.672627,-0.003362
34,235.714919,10,0.500000,0.933745,0.923035,0.869276,-0.414432,-0.411456,-0.499361,0.996949,0.055184,-0.055195,-0.000192,-0.167743,0.168866,0.000718,0.240805,-2.248308,2.139253,-0.003660
34,235.714919,11,0.550000,0.913023,0.902463,0.844308,-0.463518,-0.460514,-0.549359,0.997396,0.051002,-0.050986,-0.000172,-0.280163,0.275824,0.000614,0.265413,-0.679965,0.425743,-0.004468
34,235.714919,12,0.600000,0.889847,0.879437,0.816840,-0.513516,-0.510511,-0.553465,0.998057,0.044015,-0.044106,-0.000162,-0.314167,0.297105,0.000487,0.294153,-2.818112,2.898200,-0.005058
34,235.714919,13,0.650000,0.864171,0.853911,0.789167,-0.561481,-0.558362,-0.503467,0.998672,0.036175,-0.036690,-0.000170,-0.455078,0.442009,0.000343,0.239141,-1.811879,2.000952,-0.003620
34,235.714919,14,0.700000,0.836097,0.825993,0.763993,-0.593940,-0.590354,-0.553464,0.999363,0.024811,-0.025649,-0.000179,-0.545678,0.542051,0.000240,0.292614,-0.028128,0.181922,-0.001916
34,235.714919,15,0.750000,0.806400,0.796476,0.736320,-0.621724,-0.617221,-0.503466,0.999864,0.011178,-0.012102,-0.000186,-0.547089,0.551142,0.000186,0.256307,1.488475,-1.396599,-0.000772
34,235.714919,16,0.800000,0.775314,0.765615,0.711147,-0.633213,-0.627829,-0.519582,0.999995,-0.002494,0.001677,-0.000193,-0.472670,0.481308,0.000164,0.291874,2.200104,-2.162383,-0.000214
34,235.714919,17,0.850000,0.743654,0.734223,0.685168,-0.631400,-0.625133,-0.469584,0.999804,-0.014307,0.013710,-0.000199,-0.362667,0.373186,0.000158,0.260382,2.573627,-2.573351,0.000027
34,235.714919,18,0.900000,0.712084,0.702967,0.661689,-0.618178,-0.611341,-0.478274,0.999461,-0.023368,0.023038,-0.000204,-0.233988,0.244516,0.000159,0.292499,2.455126,-2.483123,0.000107
34,235.714919,19,0.950000,0.681175,0.672399,0.637775,-0.593229,-0.586045,-0.428276,0.999148,-0.029212,0.029148,-0.000209,-0.111233,0.120359,0.000162,0.256513,2.309759,-2.362696,0.000120
34,235.714919,20,1.000000,0.651513,0.643097,0.616361,-0.565555,-0.558322,-0.445370,0.998971,-0.031989,0.032154,-0.000211,0.004254,0.002223,0.000165,0.293075,1.620066,-1.681069,0.000119
34,235.714919,21,1.050000,0.623236,0.615181,0.594093,-0.530681,-0.523642,-0.395372,0.998972,-0.031883,0.032210,-0.000212,0.085257,-0.081830,0.000169,0.263104,0.911361,-0.969925,0.000112
34,235.714919,22,1.100000,0.596701,0.588999,0.574324,-0.499320,-0.492612,-0.400644,0.999102,-0.029754,0.030166,-0.000212,0.130826,-0.130326,0.000172,0.272798,0.270501,-0.312670,0.000113
34,235.714919,23,1.150000,0.571735,0.564368,0.554292,-0.468862,-0.462583,-0.387777,0.999287,-0.026486,0.026910,-0.000209,0.144352,-0.145959,0.000175,0.272423,-0.214890,0.194079,0.000106
34,235.714919,24,1.200000,0.548292,0.541239,0.534903,-0.441725,-0.435884,-0.375228,0.999468,-0.022881,0.023262,-0.000205,0.133608,-0.136254,0.000178,0.272260,-0.483467,0.481225,0.000085
34,235.714919,25,1.250000,0.526206,0.519445,0.516142,-0.418275,-0.412829,-0.362616,0.999612,-0.019542,0.019857,-0.000201,0.109436,-0.112191,0.000180,0.272040,-0.560937,0.570677,0.000054
34,235.714919,26,1.300000,0.505292,0.498804,0.498011,-0.398272,-0.393150,-0.350120,0.999713,-0.016808,0.017053,-0.000196,0.081390,-0.083657,0.000182,0.271763,-0.508891,0.523782,0.000020
34,235.714919,27,1.350000,0.485379,0.479146,0.480505,-0.381109,-0.376241,-0.337931,0.999779,-0.014774,0.014962,-0.000191,0.055946,-0.057467,0.000183,0.271466,-0.392155,0.406979,-0.000013
34,235.714919,28,1.400000,0.466323,0.460334,0.463608,-0.366067,-0.361393,-0.326161,0.999819,-0.013376,0.013525,-0.000186,0.036338,-0.037118,0.000182,0.271182,-0.261431,0.273097,-0.000042
34,235.714919,29,1.450000,0.448020,0.442264,0.447300,-0.352483,-0.347963,-0.314835,0.999843,-0.012468,0.012597,-0.000181,0.023267,-0.023463,0.000181,0.270923,-0.148068,0.155378,-0.000067
34,235.714919,30,1.500000,0.430396,0.424866,0.431558,-0.339842,-0.335457,-0.303941,0.999857,-0.011886,0.012011,-0.000176,0.015864,-0.015694,0.000179,0.270688,-0.066059,0.069175,-0.000088
34,235.714919,31,1.550000,0.413404,0.408093,0.416361,-0.327800,-0.323544,-0.293453,0.999866,-0.011490,0.011618,-0.000172,0.012561,-0.012235,0.000177,0.270471,-0.016914,0.016766,-0.000103
34,235.714919,32,1.600000,0.397014,0.391916,0.401689,-0.316161,-0.312038,-0.283348,0.999874,-0.011176,0.011312,-0.000168,0.011715,-0.011397,0.000174,0.270266,0.005137,-0.007332,-0.000113
34,235.714919,33,1.650000,0.381206,0.376314,0.387521,-0.304837,-0.300855,-0.273609,0.999880,-0.010883,0.011028,-0.000164,0.011972,-0.011763,0.000170,0.270069,0.008801,-0.011884,-0.000119
34,235.714919,34,1.700000,0.365964,0.361272,0.373841,-0.293806,-0.289972,-0.264221,0.999886,-0.010584,0.010734,-0.000159,0.012412,-0.012357,0.000167,0.269879,0.002717,-0.005784,-0.000120
34,235.714919,35,1.750000,0.351273,0.346773,0.360630,-0.283077,-0.279396,-0.255171,0.999893,-0.010273,0.010425,-0.000155,0.012548,-0.012646,0.000164,0.269696,-0.006237,0.003766,-0.000119
34,235.714919,36,1.800000,0.337120,0.332803,0.347871,-0.272664,-0.269137,-0.246449,0.999899,-0.009960,0.010109,-0.000151,0.012236,-0.012458,0.000160,0.269519,-0.013585,0.011979,-0.000116
34,235.714919,37,1.850000,0.323486,0.319346,0.335549,-0.262573,-0.259198,-0.238041,0.999905,-0.009654,0.009797,-0.000147,0.011557,-0.011859,0.000157,0.269348,-0.017161,0.016439,-0.000111
34,235.714919,38,1.900000,0.310358,0.306386,0.323647,-0.252799,-0.249570,-0.229936,0.999911,-0.009365,0.009501,-0.000143,0.010699,-0.011037,0.000154,0.269185,-0.016609,0.016626,-0.000107
34,235.714919,39,1.950000,0.297718,0.293908,0.312150,-0.243326,-0.240235,-0.222124,0.999916,-0.009097,0.009225,-0.000139,0.009869,-0.010206,0.000151,0.269027,-0.012742,0.013274,-0.000102
34,235.714919,40,2.000000,0.285552,0.281896,0.301044,-0.234134,-0.231173,-0.214593,0.999921,-0.008851,0.008970,-0.000136,0.009232,-0.009542,0.000148,0.268875,-0.006933,0.007741,-0.000097
34,235.714919,41,2.050000,0.273845,0.270338,0.290314,-0.225201,-0.222361,-0.207334,0.999925,-0.008620,0.008731,-0.000132,0.008885,-0.009155,0.000145,0.268729,-0.000623,0.001501,-0.000093
34,235.714919,42,2.100000,0.262585,0.259219,0.279948,-0.216511,-0.213783,-0.200338,0.999929,-0.008398,0.008502,-0.000128,0.008854,-0.009080,0.000142,0.268588,0.004987,-0.004188,-0.000089
34,235.714919,43,2.150000,0.251759,0.248530,0.269931,-0.208053,-0.205431,-0.193595,0.999932,-0.008177,0.008275,-0.000125,0.009104,-0.009289,0.000140,0.268452,0.009099,-0.008466,-0.000085
34,235.714919,44,2.200000,0.241357,0.238259,0.260251,-0.199824,-0.197303,-0.187097,0.999936,-0.007949,0.008043,-0.000121,0.009559,-0.009712,0.000138,0.268320,0.011348,-0.010909,-0.000081
34,235.714919,45,2.250000,0.231365,0.228394,0.250896,-0.191831,-0.189405,-0.180834,0.999940,-0.007710,0.007800,-0.000118,0.010126,-0.010258,0.000135,0.268193,0.011739,-0.011480,-0.000077
34,235.714919,46,2.300000,0.221774,0.218923,0.241854,-0.184082,-0.181748,-0.174799,0.999944,-0.007457,0.007544,-0.000114,0.010713,-0.010832,0.000133,0.268071,0.010544,-0.010427,-0.000073
34,235.714919,47,2.350000,0.212570,0.209836,0.233114,-0.176592,-0.174345,-0.168984,0.999948,-0.007189,0.007273,-0.000111,0.011240,-0.011353,0.000131,0.267953,0.008187,-0.008160,-0.000070
34,235.714919,48,2.400000,0.203740,0.201119,0.224665,-0.169374,-0.167212,-0.163378,0.999952,-0.006908,0.006989,-0.000108,0.011650,-0.011761,0.000129,0.267839,0.005132,-0.005149,-0.000068
34,235.714919,49,2.450000,0.195271,0.192758,0.216496,-0.162440,-0.160360,-0.157976,0.999956,-0.006617,0.006695,-0.000104,0.011906,-0.012018,0.000127,0.267729,0.001813,-0.001835,-0.000065
34,235.714919,50,2.500000,0.187149,0.184740,0.208597,-0.155801,-0.153800,-0.152770,0.999960,-0.006319,0.006395,-0.000101,0.011997,-0.012110,0.000125,0.267622,-0.001425,0.001422,-0.000063
34,235.714919,51,2.550000,0.179359,0.177050,0.200959,-0.149462,-0.147537,-0.147753,0.999963,-0.006019,0.006092,-0.000098,0.011926,-0.012039,0.000123,0.267520,-0.004340,0.004366,-0.000061
34,235.714919,52,2.600000,0.171886,0.169673,0.193571,-0.143425,-0.141574,-0.142919,0.999967,-0.005721,0.005791,-0.000095,0.011709,-0.011820,0.000122,0.267421,-0.006794,0.006849,-0.000060
34,235.714919,53,2.650000,0.164715,0.162595,0.186425,-0.137689,-0.135908,-0.138261,0.999970,-0.005428,0.005496,-0.000092,0.011369,-0.011478,0.000120,0.267325,-0.008736,0.008812,-0.000059
34,235.714919,54,2.700000,0.157831,0.155799,0.179512,-0.132248,-0.130534,-0.133775,0.999973,-0.005144,0.005209,-0.000089,0.010932,-0.011037,0.000118,0.267232,-0.010180,0.010266,-0.000059
34,235.714919,55,2.750000,0.151218,0.149272,0.172824,-0.127092,-0.125443,-0.129454,0.999976,-0.004871,0.004933,-0.000086,0.010423,-0.010524,0.000117,0.267142,-0.011180,0.011265,-0.000059
34,235.714919,56,2.800000,0.144864,0.143000,0.166351,-0.122211,-0.120625,-0.125294,0.999978,-0.004610,0.004670,-0.000083,0.009864,-0.009961,0.000115,0.267055,-0.011809,0.011884,-0.000059
34,235.714919,57,2.850000,0.138753,0.136969,0.160086,-0.117592,-0.116065,-0.121290,0.999981,-0.004364,0.004421,-0.000080,0.009274,-0.009366,0.000113,0.266971,-0.012139,0.012201,-0.000059
34,235.714919,58,2.900000,0.132873,0.131166,0.154022,-0.113221,-0.111750,-0.117437,0.999983,-0.004132,0.004186,-0.000077,0.008667,-0.008756,0.000112,0.266890,-0.012234,0.012282,-0.000059
34,235.714919,59,2.950000,0.127212,0.125578,0.148150,-0.109083,-0.107666,-0.113731,0.999984,-0.003915,0.003968,-0.000075,0.008055,-0.008142,0.000110,0.266811,-0.012139,0.012176,-0.000060
34,235.714919,60,3.000000,0.121758,0.120195,0.142463,-0.105162,-0.103798,-0.110166,0.999986,-0.003714,0.003764,-0.000072,0.007449,-0.007533,0.000108,0.266735,-0.011880,0.011911,-0.000060
34,235.714919,61,3.050000,0.116500,0.115005,0.136955,-0.101443,-0.100129,-0.106740,0.999987,-0.003528,0.003576,-0.000069,0.006855,-0.006938,0.000107,0.266662,-0.011458,0.011489,-0.000061
34,235.714919,62,3.100000,0.111428,0.109999,0.131618,-0.097912,-0.096645,-0.103447,0.999989,-0.003356,0.003402,-0.000067,0.006282,-0.006363,0.000105,0.266590,-0.010863,0.010898,-0.000061
34,235.714919,63,3.150000,0.106532,0.105166,0.126446,-0.094552,-0.093331,-0.100284,0.999990,-0.003199,0.003243,-0.000064,0.005739,-0.005818,0.000103,0.266521,-0.010072,0.010115,-0.000062
34,235.714919,64,3.200000,0.101805,0.100500,0.121431,-0.091351,-0.090174,-0.097246,0.999991,-0.003056,0.003098,-0.000061,0.005235,-0.005313,0.000101,0.266455,-0.009064,0.009115,-0.000063
34,235.714919,65,3.250000,0.097237,0.095991,0.116569,-0.088294,-0.087158,-0.094330,0.999991,-0.002925,0.002965,-0.000059,0.004782,-0.004857,0.000099,0.266390,-0.007834,0.007892,-0.000063
34,235.714919,66,3.300000,0.092823,0.091633,0.111853,-0.085368,-0.084272,-0.091533,0.999992,-0.002805,0.002843,-0.000056,0.004390,-0.004462,0.000098,0.266327,-0.006405,0.006468,-0.000064
34,235.714919,67,3.350000,0.088554,0.087420,0.107276,-0.082563,-0.081505,-0.088850,0.999993,-0.002696,0.002732,-0.000054,0.004070,-0.004139,0.000096,0.266266,-0.004844,0.004907,-0.000064
34,235.714919,68,3.400000,0.084426,0.083344,0.102834,-0.079869,-0.078847,-0.086278,0.999993,-0.002594,0.002628,-0.000052,0.003828,-0.003893,0.000094,0.266207,-0.003262,0.003323,-0.000065
34,235.714919,69,3.450000,0.080432,0.079402,0.098520,-0.077278,-0.076290,-0.083815,0.999994,-0.002498,0.002531,-0.000049,0.003665,-0.003727,0.000092,0.266150,-0.001816,0.001872,-0.000065
34,235.714919,70,3.500000,0.076569,0.075587,0.094329,-0.074783,-0.073827,-0.081457,0.999994,-0.002407,0.002438,-0.000047,0.003574,-0.003634,0.000090,0.266095,-0.000683,0.000734,-0.000066
34,235.714919,71,3.550000,0.072829,0.071896,0.090256,-0.072380,-0.071455,-0.079201,0.999995,-0.002317,0.002347,-0.000045,0.003540,-0.003597,0.000088,0.266041,-0.000027,0.000076,-0.000066
34,235.714919,72,3.600000,0.069210,0.068323,0.086296,-0.070067,-0.069172,-0.077044,0.999995,-0.002229,0.002257,-0.000042,0.003538,-0.003593,0.000087,0.265988,0.000059,-0.000008,-0.000067
34,235.714919,73,3.650000,0.065707,0.064865,0.082444,-0.067844,-0.066977,-0.074983,0.999995,-0.002140,0.002167,-0.000040,0.003541,-0.003593,0.000085,0.265937,-0.000390,0.000447,-0.000068
34,235.714919,74,3.700000,0.062315,0.061516,0.078695,-0.065709,-0.064869,-0.073017,0.999996,-0.002052,0.002077,-0.000038,0.003522,-0.003571,0.000083,0.265887,-0.001149,0.001214,-0.000068
34,235.714919,75,3.750000,0.059030,0.058273,0.075044,-0.063663,-0.062848,-0.071141,0.999996,-0.001964,0.001988,-0.000036,0.003464,-0.003510,0.000081,0.265839,-0.001777,0.001848,-0.000069
34,235.714919,76,3.800000,0.055846,0.055130,0.071487,-0.061705,-0.060915,-0.069355,0.999996,-0.001877,0.001900,-0.000034,0.003376,-0.003418,0.000079,0.265792,-0.001632,0.001697,-0.000070
34,235.714919,77,3.850000,0.052761,0.052084,0.068019,-0.059834,-0.059067,-0.067655,0.999997,-0.001793,0.001815,-0.000032,0.003294,-0.003333,0.000077,0.265746,0.000034,0.000005,-0.000071
34,235.714919,78,3.900000,0.049769,0.049131,0.064636,-0.058048,-0.057302,-0.066040,0.999997,-0.001710,0.001732,-0.000030,0.003296,-0.003333,0.000075,0.265701,0.003894,-0.003910,-0.000072
34,235.714919,79,3.950000,0.046867,0.046266,0.061334,-0.056344,-0.055619,-0.064508,0.999997,-0.001628,0.001648,-0.000028,0.003490,-0.003528,0.000073,0.265657,0.010262,-0.010366,-0.000072
34,235.714919,80,4.000000,0.044050,0.043485,0.058109,-0.054722,-0.054017,-0.063056,0.999998,-0.001541,0.001560,-0.000026,0.004003,-0.004047,0.000071,0.265614,0.018748,-0.018969,-0.000073
34,235.714919,81,4.050000,0.041314,0.040784,0.054956,-0.053187,-0.052502,-0.061682,0.999998,-0.001441,0.001459,-0.000025,0.004941,-0.004995,0.000069,0.265572,0.027899,-0.028247,-0.000073
34,235.714919,82,4.100000,0.038654,0.038159,0.051872,-0.051752,-0.051085,-0.060386,0.999998,-0.001317,0.001334,-0.000023,0.006336,-0.006408,0.000067,0.265531,0.034926,-0.035375,-0.000073
34,235.714919,83,4.150000,0.036067,0.035605,0.048853,-0.050440,-0.049789,-0.059165,0.999999,-0.001159,0.001174,-0.000021,0.008082,-0.008176,0.000065,0.265491,0.035654,-0.036122,-0.000072
34,235.714919,84,4.200000,0.033545,0.033115,0.045894,-0.049286,-0.048650,-0.058017,0.999999,-0.000957,0.000969,-0.000020,0.009865,-0.009982,0.000063,0.265452,0.024857,-0.025197,-0.000070
34,235.714919,85,4.250000,0.031080,0.030683,0.042994,-0.048333,-0.047709,-0.056941,0.999999,-0.000710,0.000720,-0.000018,0.011108,-0.011242,0.000061,0.265413,-0.002865,0.002872,-0.000067
34,235.714919,86,4.300000,0.028664,0.028297,0.040146,-0.047625,-0.047011,-0.055936,1.000000,-0.000432,0.000439,-0.000017,0.010965,-0.011099,0.000059,0.265375,-0.051561,0.052187,-0.000063
34,235.714919,87,4.350000,0.026282,0.025947,0.037350,-0.047194,-0.046586,-0.055002,1.000000,-0.000158,0.000161,-0.000015,0.008387,-0.008489,0.000057,0.265337,-0.121767,0.123289,-0.000057
34,235.714919,88,4.400000,0.023923,0.023617,0.034600,-0.047035,-0.046431,-0.054138,1.000000,0.000051,-0.000051,-0.000014,0.002298,-0.002325,0.000055,0.265300,-0.207877,0.210501,-0.000050
34,235.714919,89,4.450000,0.021571,0.021296,0.031893,-0.047085,-0.046481,-0.053341,1.000000,0.000109,-0.000109,-0.000012,-0.008096,0.008200,0.000054,0.265266,-0.295547,0.299293,-0.000043
34,235.714919,90,4.500000,0.019217,0.018972,0.029226,-0.047192,-0.046588,-0.052609,1.000000,-0.000094,0.000096,-0.000011,-0.022873,0.023165,0.000053,0.265235,-0.359918,0.364482,-0.000035
34,235.714919,91,4.550000,0.016857,0.016642,0.026595,-0.047098,-0.046496,-0.051933,1.000000,-0.000665,0.000675,-0.000010,-0.040869,0.041389,0.000052,0.265206,-0.365907,0.370539,-0.000029
34,235.714919,92,4.600000,0.014502,0.014318,0.023998,-0.046435,-0.045843,-0.051312,0.999997,-0.001687,0.001710,-0.000008,-0.059164,0.059916,0.000051,0.265173,-0.272268,0.275693,-0.000026
34,235.714919,93,4.650000,0.012181,0.012025,0.021433,-0.044755,-0.044186,-0.050756,0.999990,-0.003166,0.003208,-0.000007,-0.072778,0.073700,0.000050,0.265126,-0.041508,0.041982,-0.000030
34,235.714919,94,4.700000,0.009943,0.009816,0.018895,-0.041605,-0.041077,-0.050301,0.999975,-0.004986,0.005050,-0.000006,-0.074853,0.075799,0.000049,0.265057,0.341481,-0.345877,-0.000047
34,235.714919,95,4.750000,0.007863,0.007762,0.016380,-0.036648,-0.036183,-0.050004,0.999952,-0.006857,0.006945,-0.000005,-0.057780,0.058505,0.000048,0.264982,0.837411,-0.848080,-0.000084
34,235.714919,96,4.800000,0.006030,0.005953,0.013880,-0.029832,-0.029454,-0.049889,0.999930,-0.008301,0.008408,-0.000003,-0.015909,0.016101,0.000045,0.264960,1.300056,-1.316532,-0.000152
34,235.714919,97,4.850000,0.004539,0.004480,0.011385,-0.021581,-0.021308,-0.049859,0.999923,-0.008699,0.008810,-0.000002,0.049094,-0.049725,0.000041,0.265087,1.393440,-1.411018,-0.000268
34,235.714919,98,4.900000,0.003459,0.003415,0.008892,-0.012932,-0.012768,-0.049609,0.999943,-0.007472,0.007567,-0.000001,0.118766,-0.120276,0.000033,0.264731,0.468250,-0.474072,-0.000454
34,235.714919,99,4.950000,0.002813,0.002777,0.006412,-0.005513,-0.005443,-0.049976,0.999979,-0.004503,0.004560,-0.000000,0.142178,-0.143980,0.000021,0.291893,-2.843491,2.879508,-0.000742
34,235.714919,100,5.000000,0.002537,0.002505,0.003913,-0.000583,-0.000575,0.000022,0.999999,-0.000948,0.000961,0.000000,0.000004,-0.000004,-0.000000,0,0,0,0
35,242.475662,0,0.000000,1.011248,0.999042,0.981458,-0.013710,-0.010796,0.000636,0.999993,0.002501,-0.002667,0.000002,0.000000,0.000000,0.000000,0.237876,40.276361,-39.920688,-0.238446
35,242.475662,1,0.050000,1.010562,0.998502,0.981490,-0.016060,-0.012999,-0.049364,0.999993,0.002501,-0.002667,0.000002,2.013818,-1.996034,-0.006778,0.237876,-37.449282,36.908013,0.127035
35,242.475662,2,0.100000,1.009759,0.997852,0.979022,-0.018410,-0.015202,-0.099364,0.997232,0.052714,-0.052436,-0.000158,0.140841,-0.151152,-0.003167,0.240529,-2.821354,3.028023,0.074494
35,242.475662,3,0.150000,1.008839,0.997092,0.974053,-0.065000,-0.062025,-0.149364,0.996835,0.056228,-0.056200,-0.000251,-0.000245,0.000232,-0.001049,0.240915,0.009611,-0.009101,0.036993
35,242.475662,4,0.200000,1.005589,0.993991,0.966585,-0.115000,-0.112024,-0.199364,0.996836,0.056223,-0.056192,-0.000278,0.000235,-0.000223,0.000002,0.240915,-0.005225,0.004969,0.019107
35,242.475662,5,0.250000,0.999839,0.988390,0.956617,-0.164995,-0.162019,-0.249364,0.996835,0.056229,-0.056198,-0.000277,-0.000026,0.000026,0.000545,0.240915,0.000725,-0.000709,0.009677
35,242.475662,6,0.300000,0.991589,0.980289,0.944149,-0.214994,-0.212018,-0.299364,0.996835,0.056228,-0.056198,-0.000264,0.000010,-0.000010,0.000820,0.240915,-0.001445,0.001217,0.003330
35,242.475662,7,0.350000,0.980840,0.969688,0.929181,-0.264993,-0.262017,-0.349364,0.996835,0.056227,-0.056200,-0.000243,-0.000062,0.000051,0.000915,0.240915,-0.110588,0.101304,-0.000495
35,242.475662,8,0.400000,0.967590,0.956587,0.911712,-0.314992,-0.312016,-0.399364,0.996835,0.056224,-0.056200,-0.000221,-0.005591,0.005116,0.000901,0.240915,-0.607745,0.600674,-0.002568
35,242.475662,9,0.450000,0.951840,0.940986,0.891744,-0.364990,-0.362014,-0.449363,0.996850,0.056084,-0.056073,-0.000199,-0.035979,0.035150,0.000828,0.240901,-2.640861,2.680283,-0.003469
35,242.475662,10,0.500000,0.933591,0.922886,0.869276,-0.414873,-0.411886,-0.499362,0.996949,0.055186,-0.055198,-0.000179,-0.168023,0.169163,0.000729,0.240805,-2.251215,2.141557,-0.003690
35,242.475662,11,0.550000,0.912847,0.902291,0.844308,-0.463961,-0.460945,-0.549361,0.997397,0.050997,-0.050981,-0.000160,-0.280588,0.276236,0.000624,0.265444,-0.677896,0.421797,-0.004453
35,242.475662,12,0.600000,0.889649,0.879244,0.816840,-0.513960,-0.510943,-0.553411,0.998058,0.043999,-0.044091,-0.000150,-0.314490,0.297319,0.000498,0.294152,-2.843979,2.926756,-0.005008
35,242.475662,13,0.650000,0.863951,0.853697,0.789169,-0.561908,-0.558777,-0.503412,0.998673,0.036150,-0.036670,-0.000157,-0.456694,0.443651,0.000356,0.239139,-1.815410,2.006937,-0.003531
35,242.475662,14,0.700000,0.835856,0.825758,0.763999,-0.594349,-0.590748,-0.553410,0.999366,0.024746,-0.025588,-0.000166,-0.547471,0.543992,0.000255,0.292611,-0.011946,0.166054,-0.001816
35,242.475662,15,0.750000,0.806138,0.796221,0.736328,-0.622067,-0.617545,-0.503411,0.999867,0.011068,-0.011993,-0.000173,-0.548073,0.552289,0.000204,0.256290,1.511266,-1.420347,-0.000686
35,242.475662,16,0.800000,0.775035,0.765343,0.711158,-0.633451,-0.628048,-0.519553,0.999995,-0.002629,0.001814,-0.000179,-0.472514,0.481268,0.000184,0.291875,2.215243,-2.178747,-0.000153
35,242.475662,17,0.850000,0.743362,0.733941,0.685180,-0.631489,-0.625206,-0.469554,0.999800,-0.014438,0.013846,-0.000185,-0.361756,0.372327,0.000180,0.260365,2.583198,-2.583806,0.000064
35,242.475662,18,0.900000,0.711788,0.702681,0.661702,-0.618137,-0.611289,-0.478283,0.999456,-0.023476,0.023152,-0.000189,-0.232598,0.243134,0.000182,0.292505,2.456803,-2.485560,0.000124
35,242.475662,19,0.950000,0.680881,0.672116,0.637788,-0.593064,-0.585875,-0.428284,0.999144,-0.029285,0.029228,-0.000193,-0.109760,0.118855,0.000185,0.256580,2.316847,-2.370788,0.000122
35,242.475662,20,1.000000,0.651228,0.642822,0.616374,-0.565307,-0.558074,-0.445263,0.998968,-0.032026,0.032197,-0.000195,0.006082,0.000315,0.000189,0.293078,1.611735,-1.673151,0.000108
35,242.475662,21,1.050000,0.622962,0.614919,0.594111,-0.530388,-0.523354,-0.395265,0.998973,-0.031874,0.032205,-0.000196,0.086668,-0.083343,0.000192,0.263140,0.896318,-0.954742,0.000090
35,242.475662,22,1.100000,0.596443,0.588751,0.574348,-0.499027,-0.492327,-0.400468,0.999105,-0.029710,0.030123,-0.000194,0.131485,-0.131079,0.000194,0.272696,0.255260,-0.296757,0.000081
35,242.475662,23,1.150000,0.571492,0.564135,0.554324,-0.468625,-0.462354,-0.387784,0.999290,-0.026426,0.026848,-0.000191,0.144249,-0.145916,0.000196,0.272401,-0.226762,0.206866,0.000066
35,242.475662,24,1.200000,0.548060,0.541017,0.534935,-0.441552,-0.435717,-0.375270,0.999470,-0.022822,0.023202,-0.000186,0.132912,-0.135572,0.000198,0.272266,-0.489256,0.487831,0.000039
35,242.475662,25,1.250000,0.525983,0.519231,0.516171,-0.418164,-0.412720,-0.362643,0.999613,-0.019502,0.019814,-0.000181,0.108450,-0.111179,0.000199,0.272040,-0.560601,0.570846,0.000004
35,242.475662,26,1.300000,0.505075,0.498595,0.498039,-0.398205,-0.393082,-0.350144,0.999714,-0.016792,0.017035,-0.000176,0.080421,-0.082636,0.000200,0.271764,-0.504095,0.519119,-0.000033
35,242.475662,27,1.350000,0.485164,0.478941,0.480532,-0.381061,-0.376189,-0.337954,0.999779,-0.014782,0.014969,-0.000170,0.055217,-0.056680,0.000199,0.271466,-0.385249,0.399893,-0.000068
35,242.475662,28,1.400000,0.466111,0.460132,0.463634,-0.366011,-0.361332,-0.326183,0.999818,-0.013402,0.013552,-0.000165,0.035955,-0.036685,0.000197,0.271183,-0.254576,0.265868,-0.000098
35,242.475662,29,1.450000,0.447811,0.442065,0.447325,-0.352400,-0.347876,-0.314858,0.999842,-0.012503,0.012635,-0.000160,0.023226,-0.023391,0.000194,0.270924,-0.142735,0.149609,-0.000123
35,242.475662,30,1.500000,0.430191,0.424671,0.431582,-0.339721,-0.335334,-0.303963,0.999856,-0.011923,0.012051,-0.000155,0.016090,-0.015910,0.000190,0.270689,-0.062907,0.065627,-0.000143
35,242.475662,31,1.550000,0.413205,0.407904,0.416384,-0.327640,-0.323385,-0.293474,0.999866,-0.011521,0.011653,-0.000151,0.012944,-0.012629,0.000186,0.270472,-0.015912,0.015476,-0.000157
35,242.475662,32,1.600000,0.396823,0.391735,0.401710,-0.315966,-0.311847,-0.283369,0.999873,-0.011197,0.011337,-0.000146,0.012149,-0.011855,0.000182,0.270267,0.004461,-0.006811,-0.000166
35,242.475662,33,1.650000,0.381024,0.376143,0.387542,-0.304618,-0.300642,-0.273629,0.999880,-0.010893,0.011041,-0.000142,0.012372,-0.012195,0.000177,0.270070,0.007108,-0.010222,-0.000170
35,242.475662,34,1.700000,0.365794,0.361111,0.373861,-0.293574,-0.289749,-0.264241,0.999886,-0.010584,0.010736,-0.000137,0.012728,-0.012706,0.000172,0.269880,0.000654,-0.003654,-0.000171
35,242.475662,35,1.750000,0.351115,0.346623,0.360649,-0.282843,-0.279172,-0.255191,0.999893,-0.010266,0.010418,-0.000133,0.012760,-0.012889,0.000167,0.269696,-0.008172,0.005827,-0.000168
35,242.475662,36,1.800000,0.336973,0.332665,0.347889,-0.272436,-0.268920,-0.246467,0.999900,-0.009947,0.010096,-0.000129,0.012352,-0.012598,0.000163,0.269519,-0.015091,0.013634,-0.000164
35,242.475662,37,1.850000,0.323351,0.319219,0.335566,-0.262357,-0.258994,-0.238058,0.999906,-0.009638,0.009781,-0.000125,0.011597,-0.011916,0.000158,0.269349,-0.018128,0.017549,-0.000158
35,242.475662,38,1.900000,0.310233,0.306269,0.323663,-0.252599,-0.249381,-0.229953,0.999911,-0.009348,0.009483,-0.000121,0.010691,-0.011038,0.000154,0.269185,-0.017076,0.017213,-0.000152
35,242.475662,39,1.950000,0.297603,0.293800,0.312165,-0.243144,-0.240063,-0.222139,0.999916,-0.009081,0.009207,-0.000117,0.009837,-0.010178,0.000149,0.269027,-0.012840,0.013458,-0.000146
35,242.475662,40,2.000000,0.285446,0.281797,0.301058,-0.233970,-0.231016,-0.214607,0.999921,-0.008835,0.008953,-0.000113,0.009195,-0.009505,0.000145,0.268875,-0.006823,0.007684,-0.000141
35,242.475662,41,2.050000,0.273747,0.270246,0.290328,-0.225054,-0.222220,-0.207347,0.999925,-0.008605,0.008715,-0.000109,0.008854,-0.009120,0.000141,0.268729,-0.000456,0.001359,-0.000135
35,242.475662,42,2.100000,0.262495,0.259135,0.279960,-0.216379,-0.213657,-0.200350,0.999929,-0.008384,0.008487,-0.000106,0.008831,-0.009052,0.000137,0.268588,0.005101,-0.004297,-0.000130
35,242.475662,43,2.150000,0.251676,0.248452,0.269943,-0.207936,-0.205318,-0.193606,0.999933,-0.008163,0.008261,-0.000102,0.009087,-0.009267,0.000134,0.268452,0.009103,-0.008475,-0.000125
35,242.475662,44,2.200000,0.241279,0.238186,0.260263,-0.199722,-0.197203,-0.187108,0.999936,-0.007936,0.008030,-0.000099,0.009542,-0.009691,0.000130,0.268320,0.011231,-0.010801,-0.000120
35,242.475662,45,2.250000,0.231293,0.228326,0.250907,-0.191742,-0.189318,-0.180845,0.999940,-0.007697,0.007787,-0.000096,0.010103,-0.010231,0.000127,0.268194,0.011529,-0.011277,-0.000115
35,242.475662,46,2.300000,0.221706,0.218860,0.241865,-0.184006,-0.181673,-0.174809,0.999944,-0.007445,0.007531,-0.000093,0.010680,-0.010795,0.000123,0.268071,0.010290,-0.010175,-0.000110
35,242.475662,47,2.350000,0.212505,0.209777,0.233125,-0.176528,-0.174283,-0.168992,0.999948,-0.007178,0.007262,-0.000090,0.011194,-0.011303,0.000120,0.267953,0.007941,-0.007912,-0.000106
35,242.475662,48,2.400000,0.203679,0.201062,0.224675,-0.169322,-0.167160,-0.163387,0.999952,-0.006898,0.006979,-0.000087,0.011591,-0.011699,0.000117,0.267839,0.004941,-0.004953,-0.000102
35,242.475662,49,2.450000,0.195213,0.192704,0.216506,-0.162398,-0.160318,-0.157984,0.999956,-0.006608,0.006687,-0.000084,0.011839,-0.011946,0.000114,0.267729,0.001708,-0.001725,-0.000098
35,242.475662,50,2.500000,0.187093,0.184688,0.208606,-0.155768,-0.153766,-0.152777,0.999960,-0.006312,0.006388,-0.000081,0.011924,-0.012033,0.000111,0.267623,-0.001431,0.001430,-0.000095
35,242.475662,51,2.550000,0.179305,0.177000,0.200967,-0.149436,-0.147510,-0.147760,0.999963,-0.006014,0.006087,-0.000078,0.011853,-0.011961,0.000109,0.267520,-0.004250,0.004275,-0.000091
35,242.475662,52,2.600000,0.171833,0.169625,0.193579,-0.143404,-0.141552,-0.142925,0.999967,-0.005718,0.005788,-0.000075,0.011640,-0.011747,0.000106,0.267421,-0.006624,0.006672,-0.000089
35,242.475662,53,2.650000,0.164663,0.162547,0.186433,-0.137671,-0.135889,-0.138267,0.999970,-0.005427,0.005494,-0.000073,0.011309,-0.011414,0.000104,0.267325,-0.008510,0.008574,-0.000086
35,242.475662,54,2.700000,0.157779,0.155753,0.179520,-0.132231,-0.130517,-0.133781,0.999973,-0.005144,0.005209,-0.000070,0.010883,-0.010985,0.000101,0.267232,-0.009924,0.009994,-0.000084
35,242.475662,55,2.750000,0.151168,0.149227,0.172831,-0.127075,-0.125426,-0.129460,0.999976,-0.004872,0.004934,-0.000068,0.010387,-0.010485,0.000099,0.267142,-0.010917,0.010982,-0.000082
35,242.475662,56,2.800000,0.144814,0.142955,0.166358,-0.122192,-0.120606,-0.125300,0.999978,-0.004612,0.004672,-0.000065,0.009842,-0.009936,0.000097,0.267055,-0.011556,0.011611,-0.000080
35,242.475662,57,2.850000,0.138704,0.136925,0.160093,-0.117571,-0.116044,-0.121296,0.999981,-0.004366,0.004424,-0.000063,0.009264,-0.009355,0.000094,0.266971,-0.011910,0.011951,-0.000079
35,242.475662,58,2.900000,0.132826,0.131123,0.154028,-0.113196,-0.111727,-0.117442,0.999983,-0.004135,0.004190,-0.000060,0.008668,-0.008758,0.000092,0.266890,-0.012035,0.012064,-0.000077
35,242.475662,59,2.950000,0.127166,0.125537,0.148156,-0.109054,-0.107640,-0.113736,0.999984,-0.003918,0.003971,-0.000058,0.008067,-0.008155,0.000090,0.266811,-0.011974,0.011995,-0.000076
35,242.475662,60,3.000000,0.121713,0.120155,0.142469,-0.105130,-0.103768,-0.110171,0.999986,-0.003717,0.003767,-0.000056,0.007468,-0.007555,0.000088,0.266735,-0.011751,0.011769,-0.000074
35,242.475662,61,3.050000,0.116457,0.114966,0.136961,-0.101408,-0.100097,-0.106745,0.999987,-0.003530,0.003578,-0.000054,0.006880,-0.006966,0.000086,0.266662,-0.011369,0.011390,-0.000073
35,242.475662,62,3.100000,0.111386,0.109961,0.131623,-0.097874,-0.096611,-0.103452,0.999989,-0.003358,0.003404,-0.000051,0.006312,-0.006397,0.000083,0.266590,-0.010819,0.010848,-0.000072
35,242.475662,63,3.150000,0.106493,0.105131,0.126451,-0.094513,-0.093296,-0.100288,0.999990,-0.003200,0.003244,-0.000049,0.005771,-0.005854,0.000081,0.266521,-0.010079,0.010120,-0.000071
35,242.475662,64,3.200000,0.101767,0.100466,0.121436,-0.091310,-0.090137,-0.097250,0.999991,-0.003056,0.003098,-0.000047,0.005267,-0.005348,0.000079,0.266455,-0.009130,0.009182,-0.000069
35,242.475662,65,3.250000,0.097201,0.095959,0.116574,-0.088253,-0.087122,-0.094334,0.999991,-0.002924,0.002964,-0.000045,0.004811,-0.004889,0.000077,0.266390,-0.007962,0.008024,-0.000068
35,242.475662,66,3.300000,0.092789,0.091603,0.111857,-0.085328,-0.084237,-0.091537,0.999992,-0.002804,0.002842,-0.000043,0.004413,-0.004488,0.000076,0.266327,-0.006592,0.006661,-0.000067
35,242.475662,67,3.350000,0.088522,0.087391,0.107280,-0.082525,-0.081471,-0.088854,0.999993,-0.002693,0.002730,-0.000042,0.004083,-0.004155,0.000074,0.266266,-0.005077,0.005148,-0.000065
35,242.475662,68,3.400000,0.084396,0.083318,0.102838,-0.079832,-0.078815,-0.086282,0.999993,-0.002591,0.002626,-0.000040,0.003829,-0.003898,0.000072,0.266208,-0.003516,0.003586,-0.000064
35,242.475662,69,3.450000,0.080404,0.079377,0.098523,-0.077243,-0.076260,-0.083819,0.999994,-0.002496,0.002528,-0.000038,0.003653,-0.003718,0.000070,0.266150,-0.002055,0.002120,-0.000063
35,242.475662,70,3.500000,0.076542,0.075564,0.094333,-0.074751,-0.073800,-0.081460,0.999994,-0.002404,0.002436,-0.000036,0.003551,-0.003612,0.000068,0.266095,-0.000863,0.000922,-0.000061
35,242.475662,71,3.550000,0.072805,0.071874,0.090260,-0.072351,-0.071431,-0.079204,0.999995,-0.002316,0.002345,-0.000034,0.003507,-0.003566,0.000066,0.266041,-0.000102,0.000157,-0.000060
35,242.475662,72,3.600000,0.069187,0.068302,0.086299,-0.070040,-0.069149,-0.077047,0.999995,-0.002228,0.002256,-0.000033,0.003502,-0.003558,0.000065,0.265988,0.000124,-0.000068,-0.000059
35,242.475662,73,3.650000,0.065685,0.064845,0.082447,-0.067817,-0.066955,-0.074986,0.999995,-0.002140,0.002167,-0.000031,0.003509,-0.003562,0.000063,0.265937,-0.000171,0.000231,-0.000058
35,242.475662,74,3.700000,0.062294,0.061497,0.078698,-0.065683,-0.064847,-0.073020,0.999996,-0.002053,0.002078,-0.000030,0.003500,-0.003550,0.000061,0.265887,-0.000796,0.000862,-0.000057
35,242.475662,75,3.750000,0.059010,0.058255,0.075047,-0.063636,-0.062825,-0.071144,0.999996,-0.001965,0.001989,-0.000028,0.003460,-0.003507,0.000060,0.265839,-0.001346,0.001417,-0.000056
35,242.475662,76,3.800000,0.055828,0.055113,0.071489,-0.061677,-0.060890,-0.069358,0.999996,-0.001879,0.001902,-0.000027,0.003393,-0.003436,0.000058,0.265792,-0.001219,0.001285,-0.000055
35,242.475662,77,3.850000,0.052745,0.052069,0.068022,-0.059805,-0.059041,-0.067658,0.999997,-0.001794,0.001816,-0.000025,0.003332,-0.003372,0.000057,0.265746,0.000309,-0.000268,-0.000054
35,242.475662,78,3.900000,0.049754,0.049117,0.064639,-0.058018,-0.057276,-0.066043,0.999997,-0.001711,0.001731,-0.000024,0.003347,-0.003385,0.000055,0.265701,0.003907,-0.003918,-0.000054
35,242.475662,79,3.950000,0.046853,0.046253,0.061337,-0.056314,-0.055592,-0.064510,0.999997,-0.001627,0.001647,-0.000022,0.003543,-0.003581,0.000054,0.265657,0.009921,-0.010015,-0.000053
35,242.475662,80,4.000000,0.044038,0.043474,0.058111,-0.054694,-0.053992,-0.063058,0.999998,-0.001538,0.001557,-0.000021,0.004039,-0.004082,0.000052,0.265614,0.018031,-0.018238,-0.000052
35,242.475662,81,4.050000,0.041303,0.040774,0.054958,-0.053162,-0.052479,-0.061685,0.999998,-0.001437,0.001455,-0.000020,0.004940,-0.004994,0.000051,0.265572,0.026889,-0.027219,-0.000051
35,242.475662,82,4.100000,0.038645,0.038150,0.051874,-0.051731,-0.051065,-0.060388,0.999998,-0.001314,0.001330,-0.000018,0.006285,-0.006355,0.000049,0.265531,0.033829,-0.034260,-0.000050
35,242.475662,83,4.150000,0.036058,0.035597,0.048854,-0.050422,-0.049773,-0.059167,0.999999,-0.001157,0.001171,-0.000017,0.007976,-0.008068,0.000048,0.265491,0.034790,-0.035244,-0.000047
35,242.475662,84,4.200000,0.033537,0.033108,0.045896,-0.049270,-0.048636,-0.058019,0.999999,-0.000957,0.000970,-0.000016,0.009716,-0.009830,0.000046,0.265452,0.024611,-0.024946,-0.000044
35,242.475662,85,4.250000,0.031074,0.030676,0.042995,-0.048317,-0.047694,-0.056943,0.999999,-0.000714,0.000724,-0.000015,0.010946,-0.011077,0.000045,0.265413,-0.002138,0.002136,-0.000040
35,242.475662,86,4.300000,0.028658,0.028292,0.040148,-0.047605,-0.046992,-0.055939,1.000000,-0.000441,0.000447,-0.000014,0.010840,-0.010971,0.000044,0.265375,-0.049668,0.050267,-0.000035
35,242.475662,87,4.350000,0.026278,0.025942,0.037351,-0.047166,-0.046559,-0.055004,1.000000,-0.000170,0.000173,-0.000013,0.008356,-0.008457,0.000043,0.265337,-0.118815,0.120296,-0.000028
35,242.475662,88,4.400000,0.023919,0.023614,0.034601,-0.046996,-0.046392,-0.054140,1.000000,0.000039,-0.000039,-0.000012,0.002415,-0.002442,0.000042,0.265300,-0.204395,0.206970,-0.000021
35,242.475662,89,4.450000,0.021570,0.021294,0.031894,-0.047034,-0.046431,-0.053343,1.000000,0.000100,-0.000100,-0.000011,-0.007804,0.007906,0.000042,0.265266,-0.292512,0.296214,-0.000012
35,242.475662,90,4.500000,0.019218,0.018973,0.029227,-0.047132,-0.046529,-0.052610,1.000000,-0.000096,0.000098,-0.000009,-0.022430,0.022717,0.000041,0.265235,-0.358630,0.363174,-0.000003
35,242.475662,91,4.550000,0.016861,0.016646,0.026596,-0.047036,-0.046435,-0.051935,1.000000,-0.000656,0.000666,-0.000008,-0.040362,0.040875,0.000041,0.265206,-0.367662,0.372314,0.000005
35,242.475662,92,4.600000,0.014509,0.014325,0.023999,-0.046381,-0.045790,-0.051314,0.999997,-0.001665,0.001688,-0.000007,-0.058745,0.059491,0.000041,0.265173,-0.277781,0.281278,0.000010
35,242.475662,93,4.650000,0.012190,0.012035,0.021434,-0.044724,-0.044155,-0.050759,0.999990,-0.003134,0.003175,-0.000006,-0.072634,0.073555,0.000042,0.265126,-0.050179,0.050768,0.000008
35,242.475662,94,4.700000,0.009954,0.009827,0.018896,-0.041606,-0.041077,-0.050304,0.999975,-0.004950,0.005014,-0.000005,-0.075143,0.076093,0.000042,0.265058,0.332289,-0.336563,-0.000007
35,242.475662,95,4.750000,0.007874,0.007774,0.016381,-0.036684,-0.036218,-0.050004,0.999953,-0.006828,0.006916,-0.000004,-0.058529,0.059265,0.000042,0.264983,0.832606,-0.843209,-0.000042
35,242.475662,96,4.800000,0.006040,0.005963,0.013880,-0.029897,-0.029517,-0.049887,0.999930,-0.008291,0.008398,-0.000003,-0.016898,0.017104,0.000040,0.264960,1.305644,-1.322188,-0.000108
35,242.475662,97,4.850000,0.004545,0.004487,0.011386,-0.021656,-0.021381,-0.049857,0.999923,-0.008714,0.008825,-0.000002,0.048384,-0.049005,0.000037,0.265080,1.412270,-1.430087,-0.000221
35,242.475662,98,4.900000,0.003462,0.003418,0.008893,-0.012992,-0.012827,-0.049619,0.999943,-0.007504,0.007600,-0.000001,0.118997,-0.120509,0.000031,0.264736,0.489838,-0.495940,-0.000407
35,242.475662,99,4.950000,0.002812,0.002776,0.006412,-0.005540,-0.005470,-0.049979,0.999979,-0.004529,0.004588,-0.000001,0.143489,-0.145306,0.000020,0.291894,-2.869679,2.906009,-0.000696
35,242.475662,100,5.000000,0.002535,0.002503,0.003913,-0.000581,-0.000573,0.000020,0.999999,-0.000942,0.000955,-0.000000,0.000006,-0.000006,-0.000000,0,0,0,0
36,241.523320,0,0.000000,1.011248,0.999042,0.981458,-0.013710,-0.010796,0.000636,0.999993,0.002501,-0.002667,0.000002,0.000000,0.000000,0.000000,0.237876,40.657221,-40.314454,-0.237684
36,241.523320,1,0.050000,1.010562,0.998502,0.981490,-0.016060,-0.012999,-0.049364,0.999993,0.002501,-0.002667,0.000002,2.032861,-2.015723,-0.006756,0.237876,-38.209049,37.693406,0.127593
36,241.523320,2,0.100000,1.009759,0.997852,0.979022,-0.018410,-0.015202,-0.099364,0.997181,0.053186,-0.052924,-0.000157,0.121892,-0.131574,-0.003129,0.240579,-2.439086,2.633224,0.074313
36,241.523320,3,0.150000,1.008839,0.997092,0.974053,-0.065442,-0.062452,-0.149364,0.996835,0.056228,-0.056200,-0.000249,-0.000078,0.000073,-0.001017,0.240915,0.003037,-0.002833,0.036505
36,241.523320,4,0.200000,1.005567,0.993970,0.966585,-0.115442,-0.112451,-0.199364,0.996835,0.056228,-0.056197,-0.000274,0.000074,-0.000069,0.000021,0.240915,-0.001771,0.001661,0.018539
36,241.523320,5,0.250000,0.999795,0.988347,0.956617,-0.165440,-0.162449,-0.249364,0.996835,0.056229,-0.056198,-0.000274,-0.000015,0.000014,0.000548,0.240915,0.000414,-0.000391,0.009149
36,241.523320,6,0.300000,0.991523,0.980225,0.944149,-0.215439,-0.212449,-0.299364,0.996835,0.056228,-0.056199,-0.000260,0.000006,-0.000005,0.000808,0.240915,-0.000584,0.000481,0.002900
36,241.523320,7,0.350000,0.980751,0.969602,0.929181,-0.265439,-0.262449,-0.349364,0.996835,0.056227,-0.056200,-0.000240,-0.000023,0.000019,0.000890,0.240915,-0.117692,0.107950,-0.000806
36,241.523320,8,0.400000,0.967479,0.956480,0.911712,-0.315438,-0.312448,-0.399364,0.996835,0.056225,-0.056201,-0.000218,-0.005908,0.005416,0.000867,0.240915,-0.616020,0.608948,-0.002763
36,241.523320,9,0.450000,0.951707,0.940857,0.891744,-0.365438,-0.362447,-0.449363,0.996851,0.056077,-0.056067,-0.000197,-0.036709,0.035864,0.000789,0.240900,-2.655163,2.695126,-0.003561
36,241.523320,10,0.500000,0.933435,0.922735,0.869276,-0.415314,-0.412313,-0.499363,0.996952,0.055161,-0.055174,-0.000178,-0.169468,0.170619,0.000687,0.240802,-2.257863,2.147618,-0.003697
36,241.523320,11,0.550000,0.912669,0.902119,0.844308,-0.464381,-0.461350,-0.549361,0.997403,0.050936,-0.050921,-0.000160,-0.282366,0.277995,0.000582,0.265755,-0.673173,0.415491,-0.004410
36,241.523320,12,0.600000,0.889450,0.879052,0.816840,-0.514379,-0.511348,-0.552827,0.998067,0.043894,-0.043987,-0.000151,-0.316031,0.298764,0.000457,0.294141,-2.859848,2.945366,-0.004927
36,241.523320,13,0.650000,0.863731,0.853484,0.789198,-0.562213,-0.559066,-0.502829,0.998684,0.036007,-0.036529,-0.000159,-0.459028,0.446026,0.000317,0.239129,-1.805438,1.999265,-0.003409
36,241.523320,14,0.700000,0.835621,0.825531,0.764057,-0.594528,-0.590909,-0.552827,0.999376,0.024544,-0.025388,-0.000169,-0.549306,0.545984,0.000220,0.292599,0.017501,0.136671,-0.001681
36,241.523320,15,0.750000,0.805894,0.795986,0.736416,-0.622029,-0.617486,-0.502828,0.999872,0.010820,-0.011743,-0.000177,-0.548435,0.552813,0.000172,0.256083,1.544983,-1.455295,-0.000563
36,241.523320,16,0.800000,0.774793,0.765111,0.711274,-0.633167,-0.627746,-0.519342,0.999994,-0.002886,0.002078,-0.000184,-0.471190,0.480045,0.000156,0.291877,2.237771,-2.202759,-0.000052
36,241.523320,17,0.850000,0.743135,0.733724,0.685307,-0.630921,-0.624627,-0.469343,0.999793,-0.014661,0.014079,-0.000190,-0.359304,0.369904,0.000155,0.260237,2.596344,-2.598056,0.000146
36,241.523320,18,0.900000,0.711589,0.702493,0.661840,-0.617351,-0.610501,-0.478322,0.999448,-0.023638,0.023324,-0.000195,-0.229489,0.239999,0.000159,0.292514,2.458349,-2.488025,0.000190
36,241.523320,19,0.950000,0.680721,0.671968,0.637924,-0.592091,-0.584911,-0.428323,0.999138,-0.029370,0.029321,-0.000199,-0.106573,0.115597,0.000164,0.256536,2.320641,-2.375664,0.000175
36,241.523320,20,1.000000,0.651116,0.642722,0.616508,-0.564250,-0.557035,-0.445392,0.998968,-0.032031,0.032209,-0.000202,0.009458,-0.003187,0.000169,0.293079,1.598019,-1.659832,0.000151
36,241.523320,21,1.050000,0.622904,0.614870,0.594238,-0.529317,-0.522309,-0.395393,0.998978,-0.031795,0.032130,-0.000203,0.089359,-0.086179,0.000174,0.263182,0.874737,-0.932933,0.000126
36,241.523320,22,1.100000,0.596438,0.588755,0.574468,-0.498024,-0.491356,-0.400511,0.999113,-0.029563,0.029977,-0.000202,0.133097,-0.132825,0.000177,0.272593,0.233179,-0.273880,0.000111
36,241.523320,23,1.150000,0.571537,0.564187,0.554443,-0.467780,-0.461541,-0.387999,0.999300,-0.026239,0.026658,-0.000199,0.144757,-0.146518,0.000180,0.272435,-0.245238,0.226389,0.000091
36,241.523320,24,1.200000,0.548148,0.541110,0.535043,-0.440895,-0.435090,-0.375401,0.999480,-0.022623,0.022997,-0.000195,0.132496,-0.135198,0.000183,0.272275,-0.501136,0.500667,0.000061
36,241.523320,25,1.250000,0.526103,0.519356,0.516273,-0.417712,-0.412293,-0.362738,0.999621,-0.019312,0.019618,-0.000190,0.107440,-0.110163,0.000185,0.272046,-0.565690,0.576579,0.000024
36,241.523320,26,1.300000,0.505218,0.498741,0.498136,-0.397949,-0.392845,-0.350212,0.999719,-0.016628,0.016864,-0.000185,0.079156,-0.081334,0.000185,0.271763,-0.503952,0.519248,-0.000014
36,241.523320,27,1.350000,0.485320,0.479099,0.480625,-0.380976,-0.376117,-0.338013,0.999783,-0.014650,0.014831,-0.000180,0.053959,-0.055371,0.000185,0.271464,-0.382127,0.396732,-0.000048
36,241.523320,28,1.400000,0.466271,0.460293,0.463725,-0.366065,-0.361393,-0.326238,0.999821,-0.013301,0.013447,-0.000175,0.034853,-0.035534,0.000184,0.271181,-0.250546,0.261605,-0.000077
36,241.523320,29,1.450000,0.447968,0.442223,0.447413,-0.352559,-0.348039,-0.314911,0.999844,-0.012430,0.012559,-0.000170,0.022326,-0.022453,0.000181,0.270923,-0.139199,0.145771,-0.000101
36,241.523320,30,1.500000,0.430340,0.424821,0.431667,-0.339957,-0.335570,-0.304015,0.999858,-0.011872,0.011998,-0.000166,0.015366,-0.015164,0.000179,0.270689,-0.060497,0.062945,-0.000119
36,241.523320,31,1.550000,0.413342,0.408043,0.416467,-0.327928,-0.323672,-0.293525,0.999866,-0.011488,0.011619,-0.000161,0.012342,-0.012017,0.000175,0.270472,-0.014628,0.014007,-0.000131
36,241.523320,32,1.600000,0.396946,0.391859,0.401790,-0.316289,-0.312167,-0.283417,0.999873,-0.011179,0.011318,-0.000157,0.011610,-0.011317,0.000171,0.270267,0.005006,-0.007433,-0.000138
36,241.523320,33,1.650000,0.381131,0.376251,0.387619,-0.304960,-0.300980,-0.273676,0.999880,-0.010889,0.011035,-0.000153,0.011861,-0.011688,0.000167,0.270070,0.007435,-0.010529,-0.000141
36,241.523320,34,1.700000,0.365883,0.361202,0.373936,-0.293921,-0.290091,-0.264286,0.999886,-0.010593,0.010743,-0.000149,0.012232,-0.012215,0.000163,0.269880,0.001230,-0.004143,-0.000140
36,241.523320,35,1.750000,0.351187,0.346697,0.360721,-0.283182,-0.279506,-0.255235,0.999893,-0.010287,0.010438,-0.000145,0.012294,-0.012422,0.000159,0.269697,-0.007048,0.004823,-0.000136
36,241.523320,36,1.800000,0.337028,0.332722,0.347960,-0.272756,-0.269233,-0.246510,0.999899,-0.009980,0.010127,-0.000141,0.011942,-0.012180,0.000156,0.269520,-0.013322,0.011983,-0.000131
36,241.523320,37,1.850000,0.323390,0.319260,0.335634,-0.262646,-0.259274,-0.238101,0.999905,-0.009681,0.009823,-0.000137,0.011276,-0.011581,0.000152,0.269350,-0.015800,0.015313,-0.000125
36,241.523320,38,1.900000,0.310258,0.306297,0.323729,-0.252847,-0.249618,-0.229995,0.999910,-0.009399,0.009533,-0.000133,0.010486,-0.010815,0.000148,0.269186,-0.014402,0.014590,-0.000119
36,241.523320,39,1.950000,0.297616,0.293816,0.312229,-0.243342,-0.240249,-0.222181,0.999915,-0.009137,0.009263,-0.000129,0.009766,-0.010086,0.000145,0.269028,-0.010093,0.010718,-0.000113
36,241.523320,40,2.000000,0.285449,0.281803,0.301120,-0.234112,-0.231147,-0.214649,0.999920,-0.008893,0.009011,-0.000126,0.009261,-0.009550,0.000142,0.268877,-0.004273,0.005102,-0.000108
36,241.523320,41,2.050000,0.273743,0.270246,0.290388,-0.225138,-0.222293,-0.207389,0.999924,-0.008661,0.008772,-0.000122,0.009048,-0.009295,0.000139,0.268730,0.001672,-0.000831,-0.000102
36,241.523320,42,2.100000,0.262486,0.259131,0.280018,-0.216407,-0.213674,-0.200392,0.999928,-0.008435,0.008540,-0.000119,0.009131,-0.009336,0.000136,0.268589,0.006657,-0.005933,-0.000097
36,241.523320,43,2.150000,0.251666,0.248448,0.269999,-0.207911,-0.205284,-0.193648,0.999932,-0.008207,0.008306,-0.000115,0.009464,-0.009633,0.000133,0.268453,0.010018,-0.009476,-0.000093
36,241.523320,44,2.200000,0.241270,0.238183,0.260316,-0.199652,-0.197126,-0.187149,0.999936,-0.007970,0.008066,-0.000112,0.009965,-0.010107,0.000130,0.268321,0.011512,-0.011163,-0.000088
36,241.523320,45,2.250000,0.231288,0.228327,0.250959,-0.191636,-0.189206,-0.180885,0.999940,-0.007721,0.007813,-0.000109,0.010541,-0.010665,0.000128,0.268194,0.011239,-0.011058,-0.000084
36,241.523320,46,2.300000,0.221706,0.218867,0.241915,-0.183875,-0.181538,-0.174849,0.999944,-0.007458,0.007546,-0.000105,0.011103,-0.011218,0.000125,0.268072,0.009531,-0.009473,-0.000081
36,241.523320,47,2.350000,0.212512,0.209790,0.233172,-0.176382,-0.174134,-0.169031,0.999948,-0.007180,0.007266,-0.000102,0.011579,-0.011691,0.000123,0.267954,0.006834,-0.006847,-0.000077
36,241.523320,48,2.400000,0.203693,0.201083,0.224721,-0.169171,-0.167010,-0.163424,0.999952,-0.006891,0.006974,-0.000099,0.011921,-0.012034,0.000121,0.267840,0.003609,-0.003648,-0.000074
36,241.523320,49,2.450000,0.195234,0.192733,0.216549,-0.162253,-0.160175,-0.158020,0.999956,-0.006593,0.006673,-0.000096,0.012102,-0.012216,0.000119,0.267730,0.000260,-0.000294,-0.000071
36,241.523320,50,2.500000,0.187122,0.184724,0.208648,-0.155636,-0.153639,-0.152812,0.999960,-0.006290,0.006367,-0.000093,0.012115,-0.012231,0.000117,0.267623,-0.002899,0.002890,-0.000069
36,241.523320,51,2.550000,0.179340,0.177042,0.201008,-0.149325,-0.147404,-0.147792,0.999964,-0.005987,0.006062,-0.000090,0.011970,-0.012086,0.000115,0.267521,-0.005663,0.005685,-0.000067
36,241.523320,52,2.600000,0.171874,0.169672,0.193618,-0.143318,-0.141473,-0.142956,0.999967,-0.005688,0.005759,-0.000087,0.011687,-0.011802,0.000113,0.267421,-0.007925,0.007974,-0.000065
36,241.523320,53,2.650000,0.164708,0.162598,0.186470,-0.137614,-0.135839,-0.138296,0.999971,-0.005396,0.005464,-0.000085,0.011290,-0.011403,0.000111,0.267325,-0.009656,0.009724,-0.000064
36,241.523320,54,2.700000,0.157827,0.155806,0.179556,-0.132203,-0.130497,-0.133808,0.999974,-0.005114,0.005179,-0.000082,0.010808,-0.010917,0.000109,0.267232,-0.010885,0.010960,-0.000063
36,241.523320,55,2.750000,0.151217,0.149281,0.172865,-0.127077,-0.125437,-0.129486,0.999976,-0.004844,0.004906,-0.000079,0.010263,-0.010369,0.000107,0.267143,-0.011673,0.011745,-0.000062
36,241.523320,56,2.800000,0.144863,0.143009,0.166391,-0.122222,-0.120645,-0.125324,0.999979,-0.004587,0.004647,-0.000076,0.009680,-0.009781,0.000106,0.267056,-0.012094,0.012157,-0.000061
36,241.523320,57,2.850000,0.138752,0.136977,0.160125,-0.117625,-0.116108,-0.121319,0.999981,-0.004345,0.004403,-0.000074,0.009075,-0.009174,0.000104,0.266972,-0.012223,0.012274,-0.000061
36,241.523320,58,2.900000,0.132871,0.131172,0.154059,-0.113272,-0.111812,-0.117465,0.999983,-0.004118,0.004173,-0.000071,0.008464,-0.008560,0.000102,0.266890,-0.012126,0.012166,-0.000060
36,241.523320,59,2.950000,0.127207,0.125581,0.148185,-0.109146,-0.107742,-0.113758,0.999985,-0.003907,0.003959,-0.000069,0.007858,-0.007952,0.000101,0.266812,-0.011853,0.011887,-0.000060
36,241.523320,60,3.000000,0.121750,0.120194,0.142498,-0.105233,-0.103881,-0.110193,0.999986,-0.003710,0.003761,-0.000066,0.007265,-0.007357,0.000099,0.266736,-0.011437,0.011470,-0.000060
36,241.523320,61,3.050000,0.116488,0.115000,0.136988,-0.101518,-0.100216,-0.106765,0.999987,-0.003529,0.003577,-0.000064,0.006693,-0.006784,0.000097,0.266662,-0.010895,0.010932,-0.000060
36,241.523320,62,3.100000,0.111412,0.109989,0.131650,-0.097986,-0.096732,-0.103472,0.999989,-0.003361,0.003407,-0.000061,0.006149,-0.006237,0.000095,0.266591,-0.010223,0.010269,-0.000060
36,241.523320,63,3.150000,0.106513,0.105153,0.126476,-0.094622,-0.093413,-0.100308,0.999990,-0.003208,0.003251,-0.000059,0.005638,-0.005724,0.000094,0.266522,-0.009410,0.009467,-0.000060
36,241.523320,64,3.200000,0.101782,0.100482,0.121461,-0.091412,-0.090247,-0.097269,0.999990,-0.003067,0.003108,-0.000057,0.005167,-0.005250,0.000092,0.266455,-0.008438,0.008507,-0.000060
36,241.523320,65,3.250000,0.097211,0.095970,0.116597,-0.088345,-0.087221,-0.094353,0.999991,-0.002937,0.002977,-0.000054,0.004745,-0.004825,0.000090,0.266390,-0.007297,0.007375,-0.000059
36,241.523320,66,3.300000,0.092794,0.091609,0.111880,-0.085408,-0.084323,-0.091555,0.999992,-0.002819,0.002856,-0.000052,0.004380,-0.004456,0.000089,0.266328,-0.005996,0.006079,-0.000059
36,241.523320,67,3.350000,0.088524,0.087392,0.107302,-0.082590,-0.081542,-0.088871,0.999993,-0.002709,0.002745,-0.000050,0.004081,-0.004152,0.000087,0.266267,-0.004578,0.004662,-0.000059
36,241.523320,68,3.400000,0.084394,0.083315,0.102858,-0.079884,-0.078871,-0.086299,0.999993,-0.002607,0.002641,-0.000048,0.003852,-0.003919,0.000085,0.266208,-0.003128,0.003208,-0.000059
36,241.523320,69,3.450000,0.080400,0.079372,0.098543,-0.077280,-0.076300,-0.083836,0.999994,-0.002511,0.002543,-0.000045,0.003695,-0.003759,0.000084,0.266151,-0.001770,0.001843,-0.000059
36,241.523320,70,3.500000,0.076536,0.075557,0.094352,-0.074773,-0.073825,-0.081477,0.999994,-0.002419,0.002449,-0.000043,0.003607,-0.003666,0.000082,0.266095,-0.000658,0.000724,-0.000059
36,241.523320,71,3.550000,0.072797,0.071866,0.090278,-0.072359,-0.071442,-0.079220,0.999995,-0.002328,0.002357,-0.000041,0.003574,-0.003630,0.000080,0.266041,0.000055,0.000005,-0.000059
36,241.523320,72,3.600000,0.069179,0.068293,0.086317,-0.070036,-0.069148,-0.077063,0.999995,-0.002239,0.002267,-0.000039,0.003577,-0.003630,0.000079,0.265988,0.000267,-0.000210,-0.000059
36,241.523320,73,3.650000,0.065678,0.064836,0.082464,-0.067803,-0.066942,-0.075002,0.999995,-0.002150,0.002176,-0.000037,0.003590,-0.003640,0.000077,0.265937,-0.000019,0.000077,-0.000059
36,241.523320,74,3.700000,0.062287,0.061489,0.078713,-0.065660,-0.064825,-0.073035,0.999996,-0.002060,0.002085,-0.000035,0.003589,-0.003637,0.000075,0.265887,-0.000634,0.000697,-0.000060
36,241.523320,75,3.750000,0.059004,0.058248,0.075062,-0.063607,-0.062796,-0.071159,0.999996,-0.001970,0.001994,-0.000034,0.003557,-0.003602,0.000074,0.265839,-0.001207,0.001273,-0.000060
36,241.523320,76,3.800000,0.055824,0.055108,0.071504,-0.061644,-0.060856,-0.069372,0.999996,-0.001881,0.001904,-0.000032,0.003497,-0.003538,0.000072,0.265792,-0.001166,0.001226,-0.000061
36,241.523320,77,3.850000,0.052742,0.052065,0.068035,-0.059770,-0.059005,-0.067672,0.999997,-0.001794,0.001815,-0.000030,0.003439,-0.003477,0.000070,0.265746,0.000187,-0.000150,-0.000061
36,241.523320,78,3.900000,0.049753,0.049115,0.064652,-0.057983,-0.057239,-0.066056,0.999997,-0.001708,0.001728,-0.000028,0.003448,-0.003484,0.000068,0.265701,0.003518,-0.003529,-0.000062
36,241.523320,79,3.950000,0.046854,0.046253,0.061349,-0.056282,-0.055558,-0.064523,0.999997,-0.001622,0.001641,-0.000026,0.003624,-0.003661,0.000067,0.265657,0.009198,-0.009290,-0.000063
36,241.523320,80,4.000000,0.044040,0.043475,0.058123,-0.054667,-0.053963,-0.063071,0.999998,-0.001531,0.001550,-0.000025,0.004084,-0.004125,0.000065,0.265614,0.016972,-0.017172,-0.000063
36,241.523320,81,4.050000,0.041307,0.040777,0.054969,-0.053142,-0.052457,-0.061697,0.999998,-0.001429,0.001447,-0.000023,0.004933,-0.004984,0.000063,0.265572,0.025589,-0.025909,-0.000064
36,241.523320,82,4.100000,0.038650,0.038154,0.051884,-0.051719,-0.051051,-0.060401,0.999998,-0.001306,0.001322,-0.000022,0.006212,-0.006279,0.000061,0.265531,0.032501,-0.032921,-0.000064
36,241.523320,83,4.150000,0.036064,0.035602,0.048864,-0.050419,-0.049767,-0.059179,0.999999,-0.001150,0.001165,-0.000020,0.007837,-0.007925,0.000059,0.265491,0.033757,-0.034205,-0.000063
36,241.523320,84,4.200000,0.033543,0.033113,0.045905,-0.049273,-0.048636,-0.058031,0.999999,-0.000954,0.000967,-0.000019,0.009525,-0.009635,0.000058,0.265452,0.024260,-0.024598,-0.000062
36,241.523320,85,4.250000,0.031079,0.030681,0.043004,-0.048322,-0.047698,-0.056955,0.999999,-0.000716,0.000726,-0.000017,0.010738,-0.010865,0.000056,0.265413,-0.001446,0.001427,-0.000059
36,241.523320,86,4.300000,0.028663,0.028296,0.040156,-0.047608,-0.046994,-0.055950,1.000000,-0.000448,0.000455,-0.000016,0.010666,-0.010794,0.000054,0.265375,-0.047728,0.048294,-0.000055
36,241.523320,87,4.350000,0.026283,0.025947,0.037358,-0.047162,-0.046554,-0.055015,1.000000,-0.000181,0.000185,-0.000014,0.008279,-0.008379,0.000053,0.265337,-0.115725,0.117158,-0.000050
36,241.523320,88,4.400000,0.023925,0.023619,0.034608,-0.046980,-0.046375,-0.054150,1.000000,0.000026,-0.000025,-0.000013,0.002493,-0.002521,0.000051,0.265300,-0.200678,0.203198,-0.000044
36,241.523320,89,4.450000,0.021576,0.021300,0.031900,-0.047005,-0.046401,-0.053354,1.000000,0.000088,-0.000088,-0.000012,-0.007541,0.007639,0.000050,0.265266,-0.289153,0.292805,-0.000036
36,241.523320,90,4.500000,0.019225,0.018980,0.029232,-0.047091,-0.046487,-0.052621,1.000000,-0.000100,0.000103,-0.000011,-0.021998,0.022279,0.000049,0.265234,-0.356968,0.361485,-0.000028
36,241.523320,91,4.550000,0.016871,0.016656,0.026601,-0.046990,-0.046389,-0.051946,1.000000,-0.000650,0.000660,-0.000009,-0.039847,0.040353,0.000048,0.265205,-0.369057,0.373723,-0.000021
36,241.523320,92,4.600000,0.014521,0.014336,0.024004,-0.046341,-0.045750,-0.051326,0.999997,-0.001647,0.001669,-0.000008,-0.058300,0.059039,0.000047,0.265173,-0.283052,0.286614,-0.000017
36,241.523320,93,4.650000,0.012204,0.012049,0.021438,-0.044702,-0.044133,-0.050771,0.999990,-0.003104,0.003145,-0.000007,-0.072452,0.073370,0.000047,0.265126,-0.058835,0.059536,-0.000019
36,241.523320,94,4.700000,0.009969,0.009842,0.018899,-0.041614,-0.041085,-0.050315,0.999976,-0.004915,0.004979,-0.000006,-0.075394,0.076346,0.000046,0.265058,0.322808,-0.326958,-0.000034
36,241.523320,95,4.750000,0.007888,0.007788,0.016384,-0.036726,-0.036260,-0.050014,0.999953,-0.006800,0.006888,-0.000005,-0.059254,0.059998,0.000045,0.264984,0.827231,-0.837760,-0.000068
36,241.523320,96,4.800000,0.006052,0.005975,0.013883,-0.029966,-0.029586,-0.049895,0.999931,-0.008281,0.008388,-0.000003,-0.017893,0.018110,0.000044,0.264960,1.310571,-1.327171,-0.000134
36,241.523320,97,4.850000,0.004554,0.004496,0.011388,-0.021736,-0.021460,-0.049864,0.999923,-0.008729,0.008840,-0.000002,0.047636,-0.048248,0.000040,0.265074,1.430728,-1.448771,-0.000248
36,241.523320,98,4.900000,0.003467,0.003423,0.008895,-0.013057,-0.012892,-0.049638,0.999942,-0.007538,0.007634,-0.000001,0.119172,-0.120687,0.000033,0.264746,0.511738,-0.518114,-0.000434
36,241.523320,99,4.950000,0.002814,0.002778,0.006413,-0.005572,-0.005501,-0.049979,0.999979,-0.004559,0.004617,-0.000001,0.144759,-0.146592,0.000020,0.291894,-2.895148,2.931791,-0.000727
36,241.523320,100,5.000000,0.002536,0.002503,0.003914,-0.000581,-0.000573,0.000019,0.999999,-0.000940,0.000953,-0.000000,0.000002,-0.000003,-0.000000,0,0,0,0
37,240.397333,0,0.000000,1.011248,0.999042,0.981458,-0.013710,-0.010796,0.000636,0.999993,0.002501,-0.002667,0.000002,0.000000,0.000000,0.000000,0.237876,40.998981,-40.669033,-0.234941
37,240.397333,1,0.050000,1.010562,0.998502,0.981490,-0.016060,-0.012999,-0.049364,0.999993,0.002501,-0.002667,0.000002,2.049949,-2.033452,-0.006678,0.237876,-38.891126,38.400626,0.128023
37,240.397333,2,0.100000,1.009759,0.997852,0.979022,-0.018410,-0.015202,-0.099364,0.997135,0.053610,-0.053364,-0.000155,0.104877,-0.113940,-0.003039,0.240624,-2.102086,2.283822,0.074082
37,240.397333,3,0.150000,1.008839,0.997092,0.974053,-0.065839,-0.062835,-0.149364,0.996835,0.056228,-0.056200,-0.000244,-0.000240,0.000239,-0.000933,0.240915,0.009387,-0.009356,0.035997
37,240.397333,4,0.200000,1.005547,0.993950,0.966585,-0.115839,-0.112834,-0.199364,0.996836,0.056223,-0.056193,-0.000267,0.000229,-0.000229,0.000090,0.240915,-0.004958,0.004955,0.017965
37,240.397333,5,0.250000,0.999755,0.988309,0.956617,-0.165833,-0.162829,-0.249364,0.996835,0.056229,-0.056199,-0.000265,-0.000019,0.000019,0.000601,0.240915,0.000488,-0.000507,0.008617
37,240.397333,6,0.300000,0.991463,0.980167,0.944149,-0.215833,-0.212828,-0.299364,0.996835,0.056227,-0.056199,-0.000250,0.000006,-0.000006,0.000845,0.240915,-0.002728,0.002300,0.002465
37,240.397333,7,0.350000,0.980672,0.969526,0.929181,-0.265832,-0.262827,-0.349364,0.996835,0.056226,-0.056200,-0.000229,-0.000131,0.000109,0.000916,0.240915,-0.112978,0.103979,-0.001129
37,240.397333,8,0.400000,0.967380,0.956385,0.911712,-0.315831,-0.312827,-0.399364,0.996835,0.056222,-0.056199,-0.000206,-0.005780,0.005308,0.000883,0.240915,-0.587526,0.580306,-0.002978
37,240.397333,9,0.450000,0.951589,0.940743,0.891744,-0.365828,-0.362823,-0.449363,0.996851,0.056076,-0.056068,-0.000185,-0.035156,0.034323,0.000799,0.240900,-2.633653,2.673674,-0.003683
37,240.397333,10,0.500000,0.933297,0.922602,0.869276,-0.415704,-0.412689,-0.499362,0.996948,0.055199,-0.055214,-0.000166,-0.166840,0.168005,0.000694,0.240807,-2.243678,2.133158,-0.003746
37,240.397333,11,0.550000,0.912512,0.901968,0.844308,-0.464806,-0.461761,-0.549361,0.997392,0.051040,-0.051026,-0.000147,-0.279028,0.274659,0.000588,0.265218,-0.676664,0.416951,-0.004418
37,240.397333,12,0.600000,0.889272,0.878880,0.816840,-0.514804,-0.511759,-0.553832,0.998051,0.044081,-0.044175,-0.000138,-0.312867,0.295500,0.000462,0.294161,-2.905981,2.993745,-0.004902
37,240.397333,13,0.650000,0.863532,0.853292,0.789148,-0.562845,-0.559684,-0.503834,0.998664,0.036273,-0.036799,-0.000146,-0.458172,0.445182,0.000323,0.239148,-1.840468,2.036398,-0.003344
37,240.397333,14,0.700000,0.835389,0.825307,0.763957,-0.595400,-0.591764,-0.553832,0.999362,0.024832,-0.025679,-0.000156,-0.550200,0.546996,0.000228,0.292616,-0.002388,0.156828,-0.001604
37,240.397333,15,0.750000,0.805619,0.795719,0.736265,-0.623217,-0.618654,-0.503833,0.999866,0.011085,-0.012009,-0.000164,-0.550324,0.554833,0.000182,0.256355,1.533545,-1.444599,-0.000502
37,240.397333,16,0.800000,0.774458,0.764787,0.711073,-0.634619,-0.629176,-0.519855,0.999995,-0.002668,0.001862,-0.000171,-0.473651,0.482599,0.000168,0.291875,2.226098,-2.191964,-0.000015
37,240.397333,17,0.850000,0.742728,0.733328,0.685081,-0.632606,-0.626292,-0.469856,0.999798,-0.014505,0.013927,-0.000177,-0.362349,0.372998,0.000167,0.260572,2.589424,-2.591672,0.000160
37,240.397333,18,0.900000,0.711097,0.702013,0.661588,-0.619166,-0.612298,-0.478205,0.999452,-0.023558,0.023250,-0.000182,-0.232880,0.243412,0.000172,0.292510,2.454741,-2.484942,0.000188
37,240.397333,19,0.950000,0.680139,0.671398,0.637677,-0.593987,-0.586794,-0.428207,0.999138,-0.029375,0.029332,-0.000185,-0.110145,0.119163,0.000177,0.256651,2.332473,-2.388420,0.000161
37,240.397333,20,1.000000,0.650440,0.642058,0.616267,-0.566125,-0.558901,-0.445065,0.998962,-0.032125,0.032308,-0.000188,0.006478,-0.000258,0.000182,0.293086,1.602532,-1.664762,0.000130
37,240.397333,21,1.050000,0.622133,0.614113,0.594014,-0.531083,-0.524072,-0.395066,0.998967,-0.031963,0.032302,-0.000188,0.086604,-0.083496,0.000186,0.263135,0.878230,-0.936360,0.000099
37,240.397333,22,1.100000,0.595579,0.587910,0.574261,-0.499629,-0.492959,-0.400292,0.999099,-0.029801,0.030217,-0.000187,0.130517,-0.130314,0.000188,0.272686,0.239768,-0.279938,0.000079
37,240.397333,23,1.150000,0.570598,0.563262,0.554246,-0.469134,-0.462895,-0.387637,0.999284,-0.026541,0.026961,-0.000183,0.142506,-0.144310,0.000191,0.272392,-0.234196,0.216083,0.000055
37,240.397333,24,1.200000,0.547141,0.540117,0.534864,-0.441949,-0.436143,-0.375151,0.999463,-0.022981,0.023355,-0.000179,0.130797,-0.133505,0.000192,0.272251,-0.485035,0.485207,0.000021
37,240.397333,25,1.250000,0.525044,0.518310,0.516107,-0.418408,-0.412987,-0.362565,0.999605,-0.019713,0.020018,-0.000174,0.106546,-0.109243,0.000193,0.272035,-0.545861,0.557115,-0.000019
37,240.397333,26,1.300000,0.504123,0.497661,0.497978,-0.398243,-0.393137,-0.350092,0.999705,-0.017051,0.017288,-0.000169,0.079254,-0.081387,0.000192,0.271763,-0.483004,0.498349,-0.000058
37,240.397333,27,1.350000,0.484211,0.478004,0.480474,-0.380845,-0.375982,-0.337921,0.999770,-0.015070,0.015253,-0.000163,0.055104,-0.056469,0.000191,0.271469,-0.362904,0.377304,-0.000091
37,240.397333,28,1.400000,0.465169,0.459205,0.463578,-0.365509,-0.360836,-0.326163,0.999810,-0.013693,0.013842,-0.000158,0.036960,-0.037603,0.000188,0.271188,-0.235349,0.246062,-0.000119
37,240.397333,29,1.450000,0.446893,0.441163,0.447270,-0.351607,-0.347088,-0.314844,0.999835,-0.012769,0.012902,-0.000153,0.025192,-0.025300,0.000185,0.270930,-0.129397,0.135591,-0.000141
37,240.397333,30,1.500000,0.429313,0.423809,0.431527,-0.338661,-0.334279,-0.303953,0.999851,-0.012140,0.012269,-0.000149,0.018723,-0.018520,0.000181,0.270694,-0.056479,0.058602,-0.000157
37,240.397333,31,1.550000,0.412380,0.407095,0.416330,-0.326360,-0.322112,-0.293467,0.999862,-0.011672,0.011807,-0.000145,0.015899,-0.015590,0.000176,0.270475,-0.015991,0.015147,-0.000167
37,240.397333,32,1.600000,0.396062,0.390989,0.401656,-0.314532,-0.310423,-0.283363,0.999871,-0.011274,0.011417,-0.000140,0.015100,-0.014832,0.000171,0.270268,-0.000819,-0.001719,-0.000172
37,240.397333,33,1.650000,0.380335,0.375468,0.387488,-0.303104,-0.299140,-0.273624,0.999880,-0.010897,0.011046,-0.000136,0.015059,-0.014918,0.000166,0.270070,-0.001687,-0.001418,-0.000173
37,240.397333,34,1.700000,0.365180,0.360511,0.373807,-0.292055,-0.288244,-0.264234,0.999888,-0.010520,0.010673,-0.000132,0.014975,-0.014989,0.000162,0.269879,-0.010001,0.007148,-0.000170
37,240.397333,35,1.750000,0.350577,0.346099,0.360595,-0.281387,-0.277731,-0.255182,0.999895,-0.010146,0.010298,-0.000128,0.014475,-0.014631,0.000157,0.269695,-0.019315,0.017189,-0.000164
37,240.397333,36,1.800000,0.336508,0.332212,0.347836,-0.271099,-0.267598,-0.246455,0.999903,-0.009784,0.009933,-0.000124,0.013509,-0.013772,0.000152,0.269518,-0.025744,0.024514,-0.000157
37,240.397333,37,1.850000,0.322953,0.318832,0.335513,-0.261184,-0.257834,-0.238043,0.999909,-0.009447,0.009588,-0.000120,0.012222,-0.012546,0.000148,0.269347,-0.027698,0.027308,-0.000150
37,240.397333,38,1.900000,0.309894,0.305941,0.323611,-0.251619,-0.248412,-0.229933,0.999915,-0.009141,0.009275,-0.000117,0.010837,-0.011181,0.000143,0.269183,-0.025281,0.025543,-0.000143
37,240.397333,39,1.950000,0.297313,0.293520,0.312115,-0.242372,-0.239301,-0.222115,0.999920,-0.008870,0.008995,-0.000113,0.009573,-0.009903,0.000139,0.269025,-0.019609,0.020281,-0.000135
37,240.397333,40,2.000000,0.285194,0.281555,0.301009,-0.233409,-0.230464,-0.214580,0.999924,-0.008631,0.008748,-0.000109,0.008593,-0.008889,0.000135,0.268873,-0.012197,0.013051,-0.000129
37,240.397333,41,2.050000,0.273524,0.270032,0.290280,-0.224697,-0.221871,-0.207316,0.999928,-0.008416,0.008526,-0.000106,0.007983,-0.008237,0.000132,0.268727,-0.004517,0.005368,-0.000123
37,240.397333,42,2.100000,0.262289,0.258938,0.279914,-0.216212,-0.213496,-0.200316,0.999932,-0.008216,0.008320,-0.000103,0.007757,-0.007968,0.000128,0.268587,0.002278,-0.001548,-0.000117
37,240.397333,43,2.150000,0.251478,0.248263,0.269898,-0.207935,-0.205324,-0.193569,0.999935,-0.008023,0.008120,-0.000099,0.007871,-0.008046,0.000125,0.268451,0.007462,-0.006913,-0.000111
37,240.397333,44,2.200000,0.241082,0.237997,0.260220,-0.199861,-0.197349,-0.187068,0.999938,-0.007826,0.007919,-0.000096,0.008244,-0.008391,0.000122,0.268319,0.010736,-0.010372,-0.000106
37,240.397333,45,2.250000,0.231089,0.228130,0.250866,-0.191991,-0.189574,-0.180804,0.999941,-0.007620,0.007710,-0.000093,0.008781,-0.008910,0.000119,0.268192,0.012140,-0.011935,-0.000102
37,240.397333,46,2.300000,0.221489,0.218651,0.241826,-0.184333,-0.182006,-0.174768,0.999945,-0.007400,0.007487,-0.000090,0.009388,-0.009507,0.000116,0.268070,0.011949,-0.011856,-0.000097
37,240.397333,47,2.350000,0.212272,0.209551,0.233088,-0.176899,-0.174660,-0.168952,0.999948,-0.007165,0.007249,-0.000087,0.009985,-0.010099,0.000113,0.267952,0.010552,-0.010524,-0.000093
37,240.397333,48,2.400000,0.203428,0.200818,0.224640,-0.169705,-0.167550,-0.163347,0.999952,-0.006916,0.006997,-0.000085,0.010513,-0.010625,0.000110,0.267838,0.008363,-0.008358,-0.000089
37,240.397333,49,2.450000,0.194942,0.192440,0.216473,-0.162764,-0.160690,-0.157947,0.999955,-0.006653,0.006731,-0.000082,0.010931,-0.011043,0.000108,0.267728,0.005753,-0.005742,-0.000086
37,240.397333,50,2.500000,0.186804,0.184406,0.208576,-0.156089,-0.154094,-0.152743,0.999959,-0.006380,0.006455,-0.000079,0.011219,-0.011330,0.000105,0.267622,0.003015,-0.002983,-0.000083
37,240.397333,51,2.550000,0.179000,0.176701,0.200938,-0.149691,-0.147771,-0.147729,0.999962,-0.006099,0.006172,-0.000077,0.011370,-0.011479,0.000103,0.267519,0.000353,-0.000297,-0.000080
37,240.397333,52,2.600000,0.171515,0.169312,0.193552,-0.143575,-0.141729,-0.142898,0.999966,-0.005815,0.005885,-0.000074,0.011387,-0.011494,0.000101,0.267420,-0.002108,0.002182,-0.000078
37,240.397333,53,2.650000,0.164336,0.162226,0.186407,-0.137747,-0.135970,-0.138244,0.999969,-0.005530,0.005597,-0.000071,0.011282,-0.011385,0.000099,0.267324,-0.004308,0.004391,-0.000076
37,240.397333,54,2.700000,0.157449,0.155427,0.179495,-0.132205,-0.130495,-0.133760,0.999972,-0.005248,0.005313,-0.000069,0.011067,-0.011166,0.000096,0.267232,-0.006229,0.006309,-0.000074
37,240.397333,55,2.750000,0.150839,0.148903,0.172807,-0.126946,-0.125301,-0.129442,0.999975,-0.004972,0.005034,-0.000067,0.010755,-0.010850,0.000094,0.267142,-0.007877,0.007946,-0.000072
37,240.397333,56,2.800000,0.144491,0.142638,0.166335,-0.121965,-0.120382,-0.125284,0.999978,-0.004703,0.004762,-0.000064,0.010361,-0.010453,0.000092,0.267055,-0.009268,0.009321,-0.000071
37,240.397333,57,2.850000,0.138393,0.136619,0.160071,-0.117255,-0.115731,-0.121281,0.999980,-0.004444,0.004501,-0.000062,0.009898,-0.009987,0.000090,0.266971,-0.010418,0.010453,-0.000069
37,240.397333,58,2.900000,0.132530,0.130832,0.154007,-0.112804,-0.111337,-0.117430,0.999982,-0.004196,0.004251,-0.000060,0.009377,-0.009464,0.000088,0.266890,-0.011336,0.011357,-0.000068
37,240.397333,59,2.950000,0.126890,0.125265,0.148135,-0.108602,-0.107189,-0.113724,0.999984,-0.003962,0.004015,-0.000057,0.008810,-0.008896,0.000086,0.266812,-0.012025,0.012038,-0.000067
37,240.397333,60,3.000000,0.121460,0.119906,0.142449,-0.104634,-0.103275,-0.110160,0.999986,-0.003742,0.003792,-0.000055,0.008209,-0.008294,0.000085,0.266735,-0.012479,0.012489,-0.000066
37,240.397333,61,3.050000,0.116228,0.114742,0.136941,-0.100887,-0.099578,-0.106734,0.999987,-0.003537,0.003585,-0.000053,0.007585,-0.007670,0.000083,0.266662,-0.012682,0.012696,-0.000064
37,240.397333,62,3.100000,0.111184,0.109763,0.131604,-0.097346,-0.096086,-0.103441,0.999989,-0.003347,0.003393,-0.000051,0.006951,-0.007035,0.000081,0.266590,-0.012611,0.012635,-0.000063
37,240.397333,63,3.150000,0.106317,0.104959,0.126432,-0.093996,-0.092781,-0.100277,0.999990,-0.003173,0.003217,-0.000049,0.006321,-0.006403,0.000079,0.266521,-0.012243,0.012279,-0.000062
37,240.397333,64,3.200000,0.101617,0.100320,0.121418,-0.090820,-0.089649,-0.097239,0.999991,-0.003015,0.003057,-0.000047,0.005708,-0.005789,0.000077,0.266455,-0.011555,0.011604,-0.000061
37,240.397333,65,3.250000,0.097076,0.095837,0.116556,-0.087802,-0.086674,-0.094323,0.999992,-0.002872,0.002913,-0.000045,0.005131,-0.005209,0.000076,0.266390,-0.010539,0.010598,-0.000060
37,240.397333,66,3.300000,0.092686,0.091504,0.111840,-0.084929,-0.083840,-0.091525,0.999992,-0.002744,0.002782,-0.000043,0.004604,-0.004679,0.000074,0.266327,-0.009208,0.009275,-0.000059
37,240.397333,67,3.350000,0.088439,0.087312,0.107264,-0.082184,-0.081133,-0.088842,0.999993,-0.002629,0.002665,-0.000041,0.004143,-0.004215,0.000072,0.266266,-0.007614,0.007684,-0.000058
37,240.397333,68,3.400000,0.084330,0.083255,0.102822,-0.079555,-0.078541,-0.086270,0.999994,-0.002525,0.002560,-0.000040,0.003763,-0.003831,0.000070,0.266207,-0.005852,0.005919,-0.000057
37,240.397333,69,3.450000,0.080352,0.079328,0.098508,-0.077031,-0.076051,-0.083807,0.999994,-0.002431,0.002464,-0.000038,0.003470,-0.003535,0.000069,0.266150,-0.004061,0.004123,-0.000056
37,240.397333,70,3.500000,0.076501,0.075525,0.094318,-0.074602,-0.073654,-0.081448,0.999994,-0.002345,0.002376,-0.000036,0.003267,-0.003329,0.000067,0.266094,-0.002414,0.002470,-0.000055
37,240.397333,71,3.550000,0.072771,0.071843,0.090246,-0.072260,-0.071344,-0.079192,0.999995,-0.002263,0.002293,-0.000034,0.003146,-0.003205,0.000066,0.266040,-0.001089,0.001139,-0.000054
37,240.397333,72,3.600000,0.069158,0.068275,0.086286,-0.070001,-0.069114,-0.077035,0.999995,-0.002184,0.002213,-0.000033,0.003092,-0.003148,0.000064,0.265988,-0.000222,0.000269,-0.000053
37,240.397333,73,3.650000,0.065658,0.064820,0.082434,-0.067821,-0.066962,-0.074974,0.999996,-0.002107,0.002134,-0.000031,0.003081,-0.003135,0.000063,0.265937,0.000148,-0.000098,-0.000052
37,240.397333,74,3.700000,0.062267,0.061472,0.078686,-0.065720,-0.064887,-0.073008,0.999996,-0.002030,0.002055,-0.000030,0.003088,-0.003140,0.000061,0.265887,0.000136,-0.000082,-0.000052
37,240.397333,75,3.750000,0.058981,0.058227,0.075035,-0.063695,-0.062888,-0.071132,0.999996,-0.001953,0.001977,-0.000028,0.003095,-0.003144,0.000060,0.265839,0.000062,-0.000004,-0.000051
37,240.397333,76,3.800000,0.055796,0.055083,0.071479,-0.061749,-0.060966,-0.069346,0.999996,-0.001875,0.001898,-0.000027,0.003098,-0.003144,0.000058,0.265791,0.000442,-0.000388,-0.000051
37,240.397333,77,3.850000,0.052708,0.052035,0.068011,-0.059880,-0.059120,-0.067647,0.999997,-0.001798,0.001820,-0.000025,0.003120,-0.003163,0.000057,0.265745,0.001937,-0.001902,-0.000051
37,240.397333,78,3.900000,0.049714,0.049079,0.064629,-0.058089,-0.057350,-0.066032,0.999997,-0.001720,0.001741,-0.000024,0.003217,-0.003258,0.000055,0.265701,0.005193,-0.005202,-0.000051
37,240.397333,79,3.950000,0.046810,0.046211,0.061327,-0.056376,-0.055657,-0.064500,0.999997,-0.001639,0.001659,-0.000022,0.003477,-0.003519,0.000054,0.265657,0.010602,-0.010685,-0.000051
37,240.397333,80,4.000000,0.043991,0.043428,0.058102,-0.054743,-0.054044,-0.063048,0.999998,-0.001553,0.001571,-0.000021,0.004007,-0.004053,0.000052,0.265614,0.017964,-0.018148,-0.000050
37,240.397333,81,4.050000,0.041254,0.040726,0.054950,-0.053197,-0.052517,-0.061675,0.999998,-0.001452,0.001470,-0.000020,0.004905,-0.004960,0.000051,0.265572,0.026126,-0.026425,-0.000050
37,240.397333,82,4.100000,0.038594,0.038100,0.051866,-0.051751,-0.051089,-0.060379,0.999998,-0.001330,0.001346,-0.000018,0.006211,-0.006281,0.000050,0.265531,0.032666,-0.033061,-0.000049
37,240.397333,83,4.150000,0.036007,0.035546,0.048847,-0.050428,-0.049781,-0.059158,0.999999,-0.001174,0.001189,-0.000017,0.007845,-0.007934,0.000048,0.265491,0.033764,-0.034187,-0.000048
37,240.397333,84,4.200000,0.033485,0.033057,0.045889,-0.049259,-0.048626,-0.058011,0.999999,-0.000978,0.000991,-0.000016,0.009533,-0.009644,0.000047,0.265452,0.024421,-0.024739,-0.000046
37,240.397333,85,4.250000,0.031022,0.030625,0.042989,-0.048285,-0.047664,-0.056935,0.999999,-0.000740,0.000749,-0.000015,0.010754,-0.010881,0.000046,0.265413,-0.000792,0.000783,-0.000042
37,240.397333,86,4.300000,0.028608,0.028242,0.040142,-0.047548,-0.046937,-0.055931,1.000000,-0.000471,0.000477,-0.000014,0.010714,-0.010842,0.000044,0.265375,-0.046331,0.046894,-0.000038
37,240.397333,87,4.350000,0.026231,0.025895,0.037345,-0.047079,-0.046474,-0.054996,1.000000,-0.000203,0.000206,-0.000013,0.008398,-0.008497,0.000043,0.265337,-0.113557,0.114974,-0.000032
37,240.397333,88,4.400000,0.023877,0.023572,0.034596,-0.046876,-0.046274,-0.054132,1.000000,0.000007,-0.000006,-0.000011,0.002720,-0.002748,0.000042,0.265300,-0.198058,0.200551,-0.000025
37,240.397333,89,4.450000,0.021533,0.021258,0.031889,-0.046882,-0.046280,-0.053335,1.000000,0.000075,-0.000075,-0.000010,-0.007183,0.007279,0.000042,0.265266,-0.286801,0.290427,-0.000017
37,240.397333,90,4.500000,0.019189,0.018944,0.029222,-0.046955,-0.046354,-0.052602,1.000000,-0.000105,0.000107,-0.000009,-0.021523,0.021801,0.000041,0.265234,-0.355938,0.360445,-0.000008
37,240.397333,91,4.550000,0.016841,0.016626,0.026592,-0.046850,-0.046250,-0.051927,1.000000,-0.000643,0.000652,-0.000008,-0.039320,0.039823,0.000041,0.265205,-0.370478,0.375165,0.000001
37,240.397333,92,4.600000,0.014499,0.014314,0.023996,-0.046209,-0.045619,-0.051307,0.999997,-0.001626,0.001648,-0.000007,-0.057844,0.058581,0.000041,0.265173,-0.287642,0.291266,0.000006
37,240.397333,93,4.650000,0.012188,0.012033,0.021430,-0.044591,-0.044022,-0.050751,0.999990,-0.003072,0.003112,-0.000006,-0.072226,0.073144,0.000041,0.265127,-0.066230,0.067028,0.000005
37,240.397333,94,4.700000,0.009959,0.009832,0.018893,-0.041534,-0.041005,-0.050295,0.999976,-0.004878,0.004941,-0.000005,-0.075538,0.076496,0.000041,0.265059,0.314763,-0.318808,-0.000007
37,240.397333,95,4.750000,0.007882,0.007781,0.016378,-0.036684,-0.036217,-0.049992,0.999954,-0.006766,0.006853,-0.000004,-0.059800,0.060555,0.000041,0.264984,0.822801,-0.833274,-0.000040
37,240.397333,96,4.800000,0.006048,0.005971,0.013878,-0.029958,-0.029577,-0.049873,0.999931,-0.008261,0.008367,-0.000003,-0.018660,0.018891,0.000040,0.264957,1.315209,-1.331871,-0.000103
37,240.397333,97,4.850000,0.004550,0.004492,0.011385,-0.021748,-0.021471,-0.049847,0.999923,-0.008727,0.008839,-0.000002,0.047101,-0.047702,0.000037,0.265076,1.447278,-1.465542,-0.000216
37,240.397333,98,4.900000,0.003462,0.003418,0.008892,-0.013070,-0.012904,-0.049617,0.999942,-0.007550,0.007647,-0.000001,0.119465,-0.120979,0.000031,0.264736,0.530941,-0.537583,-0.000401
37,240.397333,99,4.950000,0.002809,0.002773,0.006412,-0.005573,-0.005501,-0.049979,0.999979,-0.004563,0.004623,-0.000001,0.146012,-0.147858,0.000019,0.291894,-2.920227,2.957144,-0.000695
37,240.397333,100,5.000000,0.002530,0.002498,0.003913,-0.000575,-0.000568,0.000020,0.999999,-0.000913,0.000926,-0.000000,0.000001,-0.000001,-0.000000,0,0,0,0
38,241.471448,0,0.000000,1.011248,0.999042,0.981458,-0.013710,-0.010796,0.000636,0.999993,0.002501,-0.002667,0.000002,0.000000,0.000000,0.000000,0.237876,41.350132,-41.034922,-0.235144
38,241.471448,1,0.050000,1.010562,0.998502,0.981490,-0.016060,-0.012999,-0.049364,0.999993,0.002501,-0.002667,0.000002,2.067507,-2.051746,-0.006684,0.237876,-39.591619,39.130545,0.128562
38,241.471448,2,0.100000,1.009759,0.997852,0.979022,-0.018410,-0.015202,-0.099364,0.997087,0.054045,-0.053818,-0.000155,0.087405,-0.095743,-0.003030,0.240670,-1.751524,1.918769,0.073916
38,241.471448,3,0.150000,1.008839,0.997092,0.974053,-0.066249,-0.063229,-0.149364,0.996835,0.056228,-0.056200,-0.000243,-0.000182,0.000185,-0.000929,0.240915,0.007046,-0.007175,0.035551
38,241.471448,4,0.200000,1.005527,0.993931,0.966585,-0.116249,-0.113228,-0.199364,0.996835,0.056224,-0.056194,-0.000266,0.000170,-0.000174,0.000082,0.240915,-0.003984,0.004045,0.017460
38,241.471448,5,0.250000,0.999714,0.988269,0.956617,-0.166244,-0.163224,-0.249364,0.996835,0.056228,-0.056199,-0.000264,-0.000029,0.000029,0.000578,0.240915,0.000856,-0.000830,0.008165
38,241.471448,6,0.300000,0.991402,0.980108,0.944149,-0.216244,-0.213223,-0.299364,0.996835,0.056227,-0.056199,-0.000249,0.000014,-0.000013,0.000810,0.240915,-0.002087,0.001719,0.002119
38,241.471448,7,0.350000,0.980590,0.969447,0.929181,-0.266243,-0.263222,-0.349364,0.996835,0.056226,-0.056200,-0.000229,-0.000090,0.000073,0.000871,0.240915,-0.123050,0.113681,-0.001354
38,241.471448,8,0.400000,0.967278,0.956286,0.911712,-0.316242,-0.313221,-0.399363,0.996835,0.056223,-0.056200,-0.000207,-0.006243,0.005757,0.000832,0.240915,-0.597361,0.590126,-0.003091
38,241.471448,9,0.450000,0.951465,0.940625,0.891744,-0.366239,-0.363218,-0.449363,0.996852,0.056066,-0.056057,-0.000187,-0.036111,0.035263,0.000744,0.240899,-2.645926,2.686396,-0.003700
38,241.471448,10,0.500000,0.933153,0.922464,0.869276,-0.416107,-0.413074,-0.499362,0.996951,0.055165,-0.055179,-0.000170,-0.168408,0.169582,0.000639,0.240803,-2.247268,2.136315,-0.003687
38,241.471448,11,0.550000,0.912348,0.901810,0.844308,-0.465177,-0.462116,-0.549360,0.997400,0.050967,-0.050952,-0.000153,-0.280776,0.276394,0.000534,0.265595,-0.669663,0.408142,-0.004318
38,241.471448,12,0.600000,0.889089,0.878704,0.816840,-0.515175,-0.512113,-0.553127,0.998061,0.043964,-0.044058,-0.000145,-0.314265,0.296795,0.000412,0.294148,-2.922078,3.012282,-0.004774
38,241.471448,13,0.650000,0.863331,0.853099,0.789184,-0.563087,-0.559909,-0.503128,0.998675,0.036121,-0.036649,-0.000154,-0.460373,0.447404,0.000276,0.239138,-1.833293,2.031347,-0.003184
38,241.471448,14,0.700000,0.835176,0.825103,0.764027,-0.595509,-0.591853,-0.553126,0.999372,0.024625,-0.025474,-0.000165,-0.552043,0.548967,0.000185,0.292604,0.023216,0.131296,-0.001438
38,241.471448,15,0.750000,0.805401,0.795511,0.736371,-0.623103,-0.618519,-0.503128,0.999872,0.010833,-0.011754,-0.000174,-0.550886,0.555528,0.000144,0.256051,1.564035,-1.476150,-0.000350
38,241.471448,16,0.800000,0.774246,0.764585,0.711214,-0.634251,-0.628789,-0.519701,0.999993,-0.002935,0.002134,-0.000182,-0.472687,0.481717,0.000135,0.291877,2.247418,-2.214511,0.000115
38,241.471448,17,0.850000,0.742533,0.733145,0.685229,-0.631943,-0.625617,-0.469703,0.999791,-0.014747,0.014177,-0.000189,-0.360319,0.370989,0.000138,0.260500,2.603920,-2.607015,0.000270
38,241.471448,18,0.900000,0.710936,0.701865,0.661744,-0.618265,-0.611394,-0.478200,0.999443,-0.023750,0.023450,-0.000194,-0.230124,0.240637,0.000145,0.292521,2.460278,-2.491215,0.000282
38,241.471448,19,0.950000,0.680023,0.671295,0.637834,-0.592868,-0.585682,-0.428201,0.999131,-0.029497,0.029462,-0.000199,-0.107112,0.116075,0.000153,0.256519,2.342274,-2.399249,0.000242
38,241.471448,20,1.000000,0.650379,0.642011,0.616424,-0.564896,-0.557687,-0.445317,0.998958,-0.032172,0.032362,-0.000202,0.010001,-0.003888,0.000160,0.293090,1.595549,-1.658188,0.000201
38,241.471448,21,1.050000,0.622134,0.614126,0.594158,-0.529796,-0.522808,-0.395318,0.998969,-0.031922,0.032265,-0.000202,0.089779,-0.086798,0.000166,0.263092,0.862904,-0.920880,0.000162
38,241.471448,22,1.100000,0.595645,0.587986,0.574392,-0.498382,-0.491741,-0.400618,0.999106,-0.029680,0.030097,-0.000201,0.132924,-0.132841,0.000171,0.272750,0.222239,-0.261729,0.000135
38,241.471448,23,1.150000,0.570726,0.563399,0.554362,-0.468000,-0.461791,-0.387830,0.999294,-0.026360,0.026778,-0.000199,0.144037,-0.145927,0.000175,0.272414,-0.250678,0.233482,0.000106
38,241.471448,24,1.200000,0.547326,0.540309,0.534970,-0.440996,-0.435220,-0.375285,0.999473,-0.022762,0.023132,-0.000195,0.131504,-0.134252,0.000178,0.272262,-0.497819,0.498833,0.000068
38,241.471448,25,1.250000,0.525276,0.518548,0.516206,-0.417678,-0.412283,-0.362657,0.999615,-0.019477,0.019776,-0.000190,0.106614,-0.109309,0.000179,0.272039,-0.554585,0.566407,0.000026
38,241.471448,26,1.300000,0.504392,0.497934,0.498073,-0.397757,-0.392671,-0.350157,0.999713,-0.016813,0.017044,-0.000185,0.078886,-0.080988,0.000180,0.271761,-0.488658,0.504247,-0.000014
38,241.471448,27,1.350000,0.484504,0.478301,0.480565,-0.380603,-0.375757,-0.337972,0.999777,-0.014841,0.015020,-0.000180,0.054453,-0.055775,0.000180,0.271465,-0.366924,0.381301,-0.000048
38,241.471448,28,1.400000,0.465474,0.459513,0.463667,-0.365503,-0.360841,-0.326207,0.999816,-0.013480,0.013625,-0.000175,0.036108,-0.036710,0.000178,0.271183,-0.238906,0.249435,-0.000076
38,241.471448,29,1.450000,0.447199,0.441471,0.447356,-0.351818,-0.347307,-0.314885,0.999840,-0.012578,0.012708,-0.000171,0.024162,-0.024238,0.000176,0.270926,-0.133057,0.139015,-0.000098
38,241.471448,30,1.500000,0.429608,0.424105,0.431612,-0.339067,-0.334690,-0.303991,0.999855,-0.011974,0.012102,-0.000166,0.017510,-0.017287,0.000173,0.270691,-0.060197,0.062113,-0.000114
38,241.471448,31,1.550000,0.412654,0.407371,0.416412,-0.326934,-0.322689,-0.293502,0.999865,-0.011536,0.011670,-0.000162,0.014500,-0.014181,0.000170,0.270473,-0.019297,0.018319,-0.000125
38,241.471448,32,1.600000,0.396308,0.391236,0.401737,-0.315244,-0.311136,-0.283396,0.999874,-0.011174,0.011315,-0.000158,0.013535,-0.013265,0.000167,0.270267,-0.003073,0.000486,-0.000130
38,241.471448,33,1.650000,0.380546,0.375680,0.387568,-0.303917,-0.299954,-0.273654,0.999881,-0.010836,0.010983,-0.000154,0.013382,-0.013241,0.000163,0.270070,-0.002310,-0.000771,-0.000131
38,241.471448,34,1.700000,0.365350,0.360682,0.373885,-0.292930,-0.289119,-0.264263,0.999888,-0.010501,0.010652,-0.000150,0.013266,-0.013279,0.000159,0.269879,-0.008633,0.005849,-0.000128
38,241.471448,35,1.750000,0.350703,0.346226,0.360672,-0.282282,-0.278625,-0.255211,0.999895,-0.010169,0.010321,-0.000146,0.012835,-0.012987,0.000156,0.269695,-0.015883,0.013840,-0.000123
38,241.471448,36,1.800000,0.336589,0.332295,0.347911,-0.271973,-0.268470,-0.246485,0.999902,-0.009849,0.009996,-0.000142,0.012041,-0.012295,0.000152,0.269518,-0.020455,0.019295,-0.000117
38,241.471448,37,1.850000,0.322990,0.318871,0.335587,-0.261994,-0.258641,-0.238074,0.999907,-0.009548,0.009689,-0.000138,0.011018,-0.011330,0.000149,0.269348,-0.020982,0.020633,-0.000110
38,241.471448,38,1.900000,0.309891,0.305939,0.323683,-0.252329,-0.249119,-0.229966,0.999913,-0.009272,0.009405,-0.000134,0.009969,-0.010298,0.000146,0.269184,-0.017706,0.017973,-0.000104
38,241.471448,39,1.950000,0.297274,0.293483,0.312185,-0.242951,-0.239877,-0.222150,0.999917,-0.009023,0.009148,-0.000131,0.009084,-0.009399,0.000143,0.269027,-0.011789,0.012433,-0.000098
38,241.471448,40,2.000000,0.285127,0.281489,0.301077,-0.233836,-0.230889,-0.214617,0.999922,-0.008796,0.008913,-0.000127,0.008494,-0.008778,0.000140,0.268875,-0.004717,0.005514,-0.000093
38,241.471448,41,2.050000,0.273435,0.269945,0.290347,-0.224960,-0.222131,-0.207356,0.999925,-0.008584,0.008694,-0.000124,0.008258,-0.008502,0.000137,0.268729,0.002130,-0.001351,-0.000088
38,241.471448,42,2.100000,0.262187,0.258838,0.279979,-0.216307,-0.213590,-0.200358,0.999929,-0.008377,0.008481,-0.000120,0.008365,-0.008570,0.000135,0.268588,0.007721,-0.007068,-0.000084
38,241.471448,43,2.150000,0.251372,0.248159,0.269961,-0.207870,-0.205258,-0.193614,0.999932,-0.008168,0.008267,-0.000117,0.008751,-0.008923,0.000132,0.268452,0.011468,-0.010989,-0.000080
38,241.471448,44,2.200000,0.240978,0.237896,0.260280,-0.199650,-0.197138,-0.187115,0.999936,-0.007949,0.008044,-0.000113,0.009324,-0.009472,0.000130,0.268320,0.013201,-0.012896,-0.000077
38,241.471448,45,2.250000,0.230996,0.228039,0.250924,-0.191656,-0.189240,-0.180852,0.999940,-0.007716,0.007807,-0.000110,0.009985,-0.010117,0.000128,0.268194,0.013079,-0.012916,-0.000074
38,241.471448,46,2.300000,0.221413,0.218577,0.241882,-0.183901,-0.181577,-0.174817,0.999944,-0.007467,0.007554,-0.000107,0.010639,-0.010763,0.000126,0.268071,0.011466,-0.011399,-0.000071
38,241.471448,47,2.350000,0.212218,0.209498,0.233141,-0.176401,-0.174165,-0.169001,0.999948,-0.007201,0.007285,-0.000104,0.011212,-0.011333,0.000124,0.267953,0.008822,-0.008803,-0.000069
38,241.471448,48,2.400000,0.203398,0.200790,0.224691,-0.169171,-0.167020,-0.163396,0.999952,-0.006920,0.007002,-0.000101,0.011653,-0.011773,0.000122,0.267839,0.005605,-0.005597,-0.000067
38,241.471448,49,2.450000,0.194939,0.192439,0.216521,-0.162225,-0.160156,-0.157994,0.999956,-0.006629,0.006707,-0.000098,0.011933,-0.012053,0.000120,0.267729,0.002212,-0.002190,-0.000065
38,241.471448,50,2.500000,0.186828,0.184431,0.208621,-0.155573,-0.153584,-0.152788,0.999959,-0.006331,0.006406,-0.000095,0.012044,-0.012162,0.000118,0.267623,-0.001055,0.001103,-0.000063
38,241.471448,51,2.550000,0.179049,0.176752,0.200982,-0.149223,-0.147309,-0.147771,0.999963,-0.006030,0.006102,-0.000092,0.011991,-0.012107,0.000116,0.267520,-0.003996,0.004069,-0.000062
38,241.471448,52,2.600000,0.171588,0.169387,0.193593,-0.143177,-0.141336,-0.142936,0.999967,-0.005730,0.005799,-0.000089,0.011792,-0.011903,0.000115,0.267421,-0.006499,0.006590,-0.000061
38,241.471448,53,2.650000,0.164429,0.162320,0.186447,-0.137433,-0.135662,-0.138278,0.999970,-0.005435,0.005502,-0.000086,0.011467,-0.011574,0.000113,0.267325,-0.008525,0.008623,-0.000061
38,241.471448,54,2.700000,0.157558,0.155537,0.179533,-0.131986,-0.130281,-0.133791,0.999973,-0.005148,0.005212,-0.000083,0.011041,-0.011143,0.000111,0.267232,-0.010082,0.010177,-0.000060
38,241.471448,55,2.750000,0.150958,0.149023,0.172843,-0.126826,-0.125186,-0.129470,0.999976,-0.004872,0.004934,-0.000080,0.010536,-0.010634,0.000109,0.267142,-0.011210,0.011291,-0.000060
38,241.471448,56,2.800000,0.144617,0.142763,0.166370,-0.121945,-0.120365,-0.125310,0.999978,-0.004609,0.004668,-0.000078,0.009976,-0.010069,0.000108,0.267055,-0.011958,0.012022,-0.000060
38,241.471448,57,2.850000,0.138520,0.136745,0.160104,-0.117327,-0.115807,-0.121305,0.999981,-0.004360,0.004416,-0.000075,0.009378,-0.009468,0.000106,0.266971,-0.012382,0.012428,-0.000060
38,241.471448,58,2.900000,0.132653,0.130955,0.154039,-0.112960,-0.111497,-0.117452,0.999983,-0.004125,0.004179,-0.000072,0.008759,-0.008847,0.000104,0.266890,-0.012533,0.012564,-0.000060
38,241.471448,59,2.950000,0.127005,0.125380,0.148166,-0.108829,-0.107419,-0.113745,0.999985,-0.003906,0.003958,-0.000070,0.008132,-0.008218,0.000103,0.266812,-0.012453,0.012476,-0.000060
38,241.471448,60,3.000000,0.121564,0.120009,0.142479,-0.104917,-0.103560,-0.110180,0.999986,-0.003703,0.003753,-0.000067,0.007510,-0.007594,0.000101,0.266735,-0.012176,0.012196,-0.000060
38,241.471448,61,3.050000,0.116318,0.114831,0.136970,-0.101209,-0.099902,-0.106753,0.999987,-0.003515,0.003563,-0.000065,0.006901,-0.006985,0.000099,0.266662,-0.011723,0.011747,-0.000060
38,241.471448,62,3.100000,0.111258,0.109836,0.131633,-0.097690,-0.096430,-0.103459,0.999989,-0.003343,0.003388,-0.000062,0.006315,-0.006397,0.000097,0.266591,-0.011103,0.011136,-0.000060
38,241.471448,63,3.150000,0.106373,0.105014,0.126460,-0.094344,-0.093130,-0.100295,0.999990,-0.003185,0.003228,-0.000060,0.005760,-0.005840,0.000096,0.266522,-0.010315,0.010359,-0.000060
38,241.471448,64,3.200000,0.101656,0.100358,0.121445,-0.091157,-0.089986,-0.097257,0.999991,-0.003041,0.003082,-0.000057,0.005244,-0.005322,0.000094,0.266455,-0.009350,0.009406,-0.000060
38,241.471448,65,3.250000,0.097098,0.095859,0.116582,-0.088115,-0.086986,-0.094341,0.999991,-0.002910,0.002949,-0.000055,0.004777,-0.004852,0.000092,0.266390,-0.008204,0.008270,-0.000060
38,241.471448,66,3.300000,0.092692,0.091509,0.111865,-0.085205,-0.084115,-0.091543,0.999992,-0.002790,0.002828,-0.000053,0.004366,-0.004439,0.000091,0.266327,-0.006885,0.006957,-0.000060
38,241.471448,67,3.350000,0.088432,0.087304,0.107288,-0.082415,-0.081363,-0.088860,0.999993,-0.002681,0.002717,-0.000050,0.004022,-0.004091,0.000089,0.266267,-0.005425,0.005498,-0.000060
38,241.471448,68,3.400000,0.084311,0.083235,0.102845,-0.079736,-0.078719,-0.086288,0.999993,-0.002581,0.002615,-0.000048,0.003751,-0.003816,0.000087,0.266208,-0.003893,0.003963,-0.000060
38,241.471448,69,3.450000,0.080324,0.079299,0.098530,-0.077157,-0.076175,-0.083825,0.999994,-0.002487,0.002519,-0.000046,0.003556,-0.003618,0.000086,0.266150,-0.002397,0.002460,-0.000060
38,241.471448,70,3.500000,0.076467,0.075491,0.094339,-0.074674,-0.073723,-0.081466,0.999994,-0.002398,0.002429,-0.000044,0.003436,-0.003495,0.000084,0.266095,-0.001077,0.001132,-0.000060
38,241.471448,71,3.550000,0.072733,0.071805,0.090266,-0.072280,-0.071360,-0.079209,0.999995,-0.002312,0.002342,-0.000042,0.003383,-0.003438,0.000082,0.266041,-0.000080,0.000127,-0.000060
38,241.471448,72,3.600000,0.069119,0.068236,0.086305,-0.069972,-0.069082,-0.077052,0.999995,-0.002227,0.002256,-0.000040,0.003379,-0.003432,0.000080,0.265988,0.000479,-0.000436,-0.000060
38,241.471448,73,3.650000,0.065620,0.064782,0.082453,-0.067750,-0.066888,-0.074992,0.999995,-0.002143,0.002170,-0.000038,0.003403,-0.003453,0.000079,0.265937,0.000570,-0.000527,-0.000060
38,241.471448,74,3.700000,0.062233,0.061438,0.078703,-0.065613,-0.064777,-0.073025,0.999996,-0.002058,0.002084,-0.000036,0.003431,-0.003480,0.000077,0.265887,0.000307,-0.000261,-0.000061
38,241.471448,75,3.750000,0.058952,0.058199,0.075052,-0.063561,-0.062751,-0.071149,0.999996,-0.001972,0.001997,-0.000034,0.003446,-0.003493,0.000075,0.265839,-0.000010,0.000057,-0.000061
38,241.471448,76,3.800000,0.055774,0.055062,0.071494,-0.061595,-0.060809,-0.069363,0.999996,-0.001886,0.001909,-0.000032,0.003446,-0.003490,0.000074,0.265792,0.000117,-0.000073,-0.000062
38,241.471448,77,3.850000,0.052694,0.052021,0.068026,-0.059715,-0.058953,-0.067663,0.999997,-0.001800,0.001822,-0.000030,0.003452,-0.003494,0.000072,0.265746,0.001323,-0.001298,-0.000063
38,241.471448,78,3.900000,0.049709,0.049073,0.064643,-0.057922,-0.057181,-0.066048,0.999997,-0.001714,0.001735,-0.000028,0.003518,-0.003559,0.000070,0.265701,0.004248,-0.004264,-0.000064
38,241.471448,79,3.950000,0.046812,0.046214,0.061341,-0.056215,-0.055495,-0.064515,0.999997,-0.001626,0.001646,-0.000027,0.003730,-0.003772,0.000068,0.265657,0.009294,-0.009381,-0.000065
38,241.471448,80,4.000000,0.044002,0.043440,0.058115,-0.054596,-0.053896,-0.063063,0.999998,-0.001532,0.001551,-0.000025,0.004195,-0.004241,0.000066,0.265614,0.016309,-0.016493,-0.000066
38,241.471448,81,4.050000,0.041272,0.040745,0.054962,-0.053069,-0.052388,-0.061689,0.999998,-0.001427,0.001445,-0.000023,0.005011,-0.005065,0.000064,0.265572,0.024216,-0.024511,-0.000067
38,241.471448,82,4.100000,0.038618,0.038125,0.051877,-0.051648,-0.050984,-0.060393,0.999998,-0.001302,0.001319,-0.000022,0.006221,-0.006291,0.000063,0.265531,0.030693,-0.031082,-0.000067
38,241.471448,83,4.150000,0.036036,0.035576,0.048858,-0.050351,-0.049704,-0.059172,0.999999,-0.001147,0.001161,-0.000020,0.007756,-0.007845,0.000061,0.265491,0.032022,-0.032442,-0.000067
38,241.471448,84,4.200000,0.033519,0.033091,0.045899,-0.049209,-0.048576,-0.058024,0.999999,-0.000953,0.000965,-0.000019,0.009357,-0.009467,0.000059,0.265452,0.023276,-0.023596,-0.000066
38,241.471448,85,4.250000,0.031058,0.030662,0.042998,-0.048259,-0.047640,-0.056948,0.999999,-0.000719,0.000729,-0.000017,0.010521,-0.010647,0.000057,0.265413,-0.000982,0.000960,-0.000064
38,241.471448,86,4.300000,0.028645,0.028280,0.040151,-0.047543,-0.046933,-0.055943,1.000000,-0.000456,0.000463,-0.000016,0.010472,-0.010599,0.000055,0.265375,-0.045323,0.045860,-0.000061
38,241.471448,87,4.350000,0.026268,0.025934,0.037353,-0.047089,-0.046485,-0.055008,1.000000,-0.000194,0.000198,-0.000014,0.008206,-0.008306,0.000053,0.265337,-0.111367,0.112744,-0.000056
38,241.471448,88,4.400000,0.023914,0.023609,0.034603,-0.046894,-0.046294,-0.054144,1.000000,0.000011,-0.000010,-0.000013,0.002637,-0.002669,0.000052,0.265300,-0.195079,0.197524,-0.000050
38,241.471448,89,4.450000,0.021569,0.021295,0.031896,-0.046904,-0.046305,-0.053347,1.000000,0.000077,-0.000077,-0.000012,-0.007117,0.007208,0.000050,0.265266,-0.283867,0.287448,-0.000043
38,241.471448,90,4.500000,0.019224,0.018979,0.029228,-0.046980,-0.046381,-0.052615,1.000000,-0.000101,0.000103,-0.000010,-0.021310,0.021580,0.000049,0.265234,-0.354247,0.358728,-0.000035
38,241.471448,91,4.550000,0.016875,0.016660,0.026598,-0.046878,-0.046282,-0.051940,1.000000,-0.000634,0.000643,-0.000009,-0.039022,0.039516,0.000048,0.265205,-0.371322,0.376020,-0.000027
38,241.471448,92,4.600000,0.014531,0.014346,0.024001,-0.046247,-0.045659,-0.051320,0.999997,-0.001609,0.001631,-0.000008,-0.057588,0.058317,0.000047,0.265173,-0.291895,0.295578,-0.000022
38,241.471448,93,4.650000,0.012218,0.012063,0.021435,-0.044645,-0.044079,-0.050764,0.999991,-0.003049,0.003089,-0.000007,-0.072183,0.073096,0.000047,0.265127,-0.073624,0.074525,-0.000023
38,241.471448,94,4.700000,0.009986,0.009859,0.018897,-0.041612,-0.041085,-0.050307,0.999976,-0.004853,0.004916,-0.000006,-0.075865,0.076822,0.000046,0.265060,0.306410,-0.310335,-0.000036
38,241.471448,95,4.750000,0.007905,0.007805,0.016381,-0.036786,-0.036321,-0.050003,0.999954,-0.006750,0.006837,-0.000004,-0.060544,0.061305,0.000045,0.264984,0.817976,-0.828370,-0.000068
38,241.471448,96,4.800000,0.006066,0.005989,0.013881,-0.030077,-0.029697,-0.049883,0.999931,-0.008263,0.008369,-0.000003,-0.019646,0.019887,0.000043,0.264956,1.319812,-1.336511,-0.000131
38,241.471448,97,4.850000,0.004562,0.004504,0.011387,-0.021865,-0.021588,-0.049859,0.999922,-0.008754,0.008866,-0.000002,0.046345,-0.046939,0.000039,0.265076,1.464715,-1.483178,-0.000244
38,241.471448,98,4.900000,0.003469,0.003425,0.008894,-0.013161,-0.012994,-0.049630,0.999942,-0.007596,0.007693,-0.000001,0.119581,-0.121098,0.000032,0.264744,0.552170,-0.559063,-0.000430
38,241.471448,99,4.950000,0.002811,0.002775,0.006412,-0.005618,-0.005547,-0.049978,0.999979,-0.004607,0.004666,-0.000000,0.147189,-0.149051,0.000020,0.291894,-2.943723,2.980942,-0.000728
38,241.471448,100,5.000000,0.002530,0.002498,0.003914,-0.000574,-0.000567,0.000021,0.999999,-0.000927,0.000939,0.000000,0.000003,-0.000003,-0.000000,0,0,0,0
39,239.311264,0,0.000000,1.011248,0.999042,0.981458,-0.013710,-0.010796,0.000636,0.999993,0.002501,-0.002667,0.000002,0.000000,0.000000,0.000000,0.237876,41.678107,-41.378440,-0.233156
39,239.311264,1,0.050000,1.010562,0.998502,0.981490,-0.016060,-0.012999,-0.049364,0.999993,0.002501,-0.002667,0.000002,2.083905,-2.068922,-0.006627,0.237876,-40.245969,39.815592,0.129073
39,239.311264,2,0.100000,1.009759,0.997852,0.979022,-0.018410,-0.015202,-0.099364,0.997042,0.054452,-0.054244,-0.000154,0.071087,-0.078667,-0.002959,0.240714,-1.425353,1.577383,0.073767
39,239.311264,3,0.150000,1.008839,0.997092,0.974053,-0.066634,-0.063596,-0.149364,0.996835,0.056227,-0.056200,-0.000238,-0.000190,0.000195,-0.000862,0.240915,0.007367,-0.007562,0.035129
39,239.311264,4,0.200000,1.005507,0.993912,0.966585,-0.116634,-0.113596,-0.199364,0.996835,0.056224,-0.056194,-0.000260,0.000178,-0.000183,0.000137,0.240915,-0.004061,0.004164,0.016976
39,239.311264,5,0.250000,0.999676,0.988233,0.956617,-0.166629,-0.163592,-0.249364,0.996835,0.056228,-0.056199,-0.000256,-0.000025,0.000025,0.000619,0.240915,0.000721,-0.000714,0.007726
39,239.311264,6,0.300000,0.991344,0.980053,0.944149,-0.216629,-0.213591,-0.299364,0.996835,0.056227,-0.056199,-0.000241,0.000011,-0.000011,0.000839,0.240915,-0.002321,0.001907,0.001775
39,239.311264,7,0.350000,0.980513,0.969373,0.929181,-0.266628,-0.263590,-0.349364,0.996835,0.056226,-0.056201,-0.000220,-0.000105,0.000084,0.000889,0.240915,-0.128210,0.118798,-0.001591
39,239.311264,8,0.400000,0.967181,0.956194,0.911712,-0.316627,-0.313589,-0.399363,0.996835,0.056222,-0.056200,-0.000198,-0.006515,0.006024,0.000844,0.240915,-0.596022,0.588812,-0.003226
39,239.311264,9,0.450000,0.951350,0.940515,0.891744,-0.366624,-0.363586,-0.449363,0.996853,0.056058,-0.056051,-0.000178,-0.036316,0.035465,0.000753,0.240898,-2.648420,2.689322,-0.003750
39,239.311264,10,0.500000,0.933019,0.922335,0.869276,-0.416485,-0.413436,-0.499362,0.996953,0.055152,-0.055168,-0.000160,-0.168738,0.169930,0.000646,0.240802,-2.245754,2.134570,-0.003672
39,239.311264,11,0.550000,0.912194,0.901663,0.844308,-0.465545,-0.462466,-0.549360,0.997402,0.050946,-0.050932,-0.000142,-0.281030,0.276654,0.000542,0.265702,-0.665964,0.402873,-0.004269
39,239.311264,12,0.600000,0.888917,0.878540,0.816840,-0.515543,-0.512463,-0.552927,0.998064,0.043936,-0.044031,-0.000134,-0.314334,0.296792,0.000420,0.294145,-2.944618,3.037212,-0.004703
39,239.311264,13,0.650000,0.863140,0.852917,0.789194,-0.563426,-0.560229,-0.502929,0.998677,0.036092,-0.036623,-0.000144,-0.461570,0.448648,0.000287,0.239136,-1.835658,2.035667,-0.003087
39,239.311264,14,0.700000,0.834969,0.824906,0.764047,-0.595824,-0.592148,-0.552927,0.999375,0.024566,-0.025417,-0.000154,-0.553358,0.550426,0.000199,0.292600,0.037152,0.117330,-0.001341
39,239.311264,15,0.750000,0.805178,0.795298,0.736401,-0.623355,-0.618749,-0.502928,0.999874,0.010740,-0.011661,-0.000163,-0.551504,0.556288,0.000161,0.255919,1.582506,-1.495678,-0.000275
39,239.311264,16,0.800000,0.774010,0.764361,0.711254,-0.634408,-0.628926,-0.519743,0.999993,-0.003043,0.002246,-0.000170,-0.472382,0.481501,0.000153,0.291878,2.258043,-2.226271,0.000162
39,239.311264,17,0.850000,0.742289,0.732914,0.685267,-0.631979,-0.625638,-0.469744,0.999788,-0.014848,0.014284,-0.000177,-0.359483,0.370185,0.000157,0.260517,2.610051,-2.613859,0.000293
39,239.311264,18,0.900000,0.710690,0.701632,0.661780,-0.618197,-0.611317,-0.478216,0.999439,-0.023829,0.023536,-0.000182,-0.228983,0.239490,0.000166,0.292526,2.460292,-2.491838,0.000286
39,239.311264,19,0.950000,0.679781,0.671067,0.637869,-0.592707,-0.585518,-0.428217,0.999127,-0.029549,0.029520,-0.000186,-0.105969,0.114896,0.000174,0.256528,2.349438,-2.407349,0.000231
39,239.311264,20,1.000000,0.650145,0.641791,0.616458,-0.564679,-0.557474,-0.445322,0.998957,-0.032195,0.032391,-0.000188,0.011502,-0.005472,0.000180,0.293092,1.588666,-1.651634,0.000180
39,239.311264,21,1.050000,0.621911,0.613917,0.594192,-0.529549,-0.522569,-0.395324,0.998970,-0.031907,0.032254,-0.000188,0.090935,-0.088053,0.000186,0.263098,0.850255,-0.908027,0.000132
39,239.311264,22,1.100000,0.595434,0.587789,0.574426,-0.498146,-0.491515,-0.400611,0.999109,-0.029636,0.030054,-0.000187,0.133448,-0.133454,0.000189,0.272731,0.209721,-0.248537,0.000099
39,239.311264,23,1.150000,0.570526,0.563213,0.554396,-0.467809,-0.461611,-0.387853,0.999297,-0.026303,0.026720,-0.000183,0.143935,-0.145880,0.000192,0.272412,-0.260194,0.243850,0.000064
39,239.311264,24,1.200000,0.547136,0.540132,0.535003,-0.440864,-0.435097,-0.375306,0.999476,-0.022708,0.023075,-0.000179,0.130927,-0.133687,0.000194,0.272264,-0.502238,0.503973,0.000022
39,239.311264,25,1.250000,0.525093,0.518377,0.516238,-0.417603,-0.412215,-0.362671,0.999616,-0.019437,0.019734,-0.000174,0.105816,-0.108487,0.000195,0.272038,-0.554133,0.566370,-0.000023
39,239.311264,26,1.300000,0.504213,0.497767,0.498104,-0.397725,-0.392642,-0.350169,0.999714,-0.016792,0.017022,-0.000168,0.078110,-0.080168,0.000194,0.271760,-0.484914,0.500584,-0.000063
39,239.311264,27,1.350000,0.484326,0.478135,0.480596,-0.380593,-0.375748,-0.337986,0.999777,-0.014840,0.015018,-0.000163,0.053865,-0.055138,0.000192,0.271464,-0.361865,0.376063,-0.000097
39,239.311264,28,1.400000,0.465297,0.459347,0.463696,-0.365494,-0.360833,-0.326223,0.999816,-0.013494,0.013640,-0.000158,0.035772,-0.036334,0.000189,0.271183,-0.234183,0.244391,-0.000125
39,239.311264,29,1.450000,0.447022,0.441306,0.447385,-0.351795,-0.347284,-0.314902,0.999840,-0.012600,0.012732,-0.000153,0.024063,-0.024115,0.000186,0.270926,-0.129648,0.135253,-0.000146
39,239.311264,30,1.500000,0.429432,0.423941,0.431640,-0.339020,-0.334645,-0.304010,0.999854,-0.011999,0.012129,-0.000149,0.017581,-0.017352,0.000182,0.270691,-0.058387,0.060003,-0.000160
39,239.311264,31,1.550000,0.412481,0.407209,0.416440,-0.326860,-0.322619,-0.293521,0.999865,-0.011559,0.011695,-0.000144,0.014662,-0.014351,0.000177,0.270474,-0.018862,0.017682,-0.000169
39,239.311264,32,1.600000,0.396138,0.391078,0.401764,-0.315144,-0.311043,-0.283414,0.999873,-0.011193,0.011337,-0.000140,0.013719,-0.013467,0.000172,0.270268,-0.003523,0.000840,-0.000173
39,239.311264,33,1.650000,0.380381,0.375526,0.387593,-0.303796,-0.299842,-0.273673,0.999881,-0.010850,0.011000,-0.000136,0.013543,-0.013425,0.000167,0.270070,-0.003109,0.000022,-0.000172
39,239.311264,34,1.700000,0.365191,0.360534,0.373909,-0.292793,-0.288992,-0.264282,0.999888,-0.010511,0.010664,-0.000132,0.013387,-0.013424,0.000163,0.269879,-0.009350,0.006622,-0.000168
39,239.311264,35,1.750000,0.350552,0.346084,0.360695,-0.282133,-0.278488,-0.255229,0.999895,-0.010177,0.010329,-0.000128,0.012920,-0.013093,0.000158,0.269696,-0.016266,0.014311,-0.000162
39,239.311264,36,1.800000,0.336445,0.332160,0.347934,-0.271816,-0.268326,-0.246503,0.999901,-0.009854,0.010001,-0.000124,0.012107,-0.012377,0.000153,0.269519,-0.020439,0.019372,-0.000155
39,239.311264,37,1.850000,0.322854,0.318744,0.335608,-0.261832,-0.258492,-0.238091,0.999907,-0.009551,0.009692,-0.000120,0.011085,-0.011408,0.000149,0.269348,-0.020646,0.020377,-0.000147
39,239.311264,38,1.900000,0.309763,0.305819,0.323704,-0.252163,-0.248966,-0.229983,0.999913,-0.009274,0.009407,-0.000116,0.010052,-0.010390,0.000145,0.269185,-0.017216,0.017541,-0.000140
39,239.311264,39,1.950000,0.297155,0.293371,0.312205,-0.242784,-0.239722,-0.222167,0.999917,-0.009023,0.009147,-0.000112,0.009192,-0.009512,0.000141,0.269027,-0.011334,0.012012,-0.000133
39,239.311264,40,2.000000,0.285015,0.281385,0.301096,-0.233670,-0.230733,-0.214633,0.999922,-0.008793,0.008909,-0.000109,0.008625,-0.008912,0.000137,0.268875,-0.004457,0.005272,-0.000127
39,239.311264,41,2.050000,0.273332,0.269848,0.290365,-0.224797,-0.221979,-0.207371,0.999925,-0.008577,0.008687,-0.000105,0.008402,-0.008648,0.000133,0.268729,0.002090,-0.001305,-0.000121
39,239.311264,42,2.100000,0.262092,0.258749,0.279996,-0.216151,-0.213443,-0.200373,0.999929,-0.008367,0.008470,-0.000102,0.008507,-0.008713,0.000130,0.268588,0.007348,-0.006692,-0.000116
39,239.311264,43,2.150000,0.251284,0.248077,0.269978,-0.207725,-0.205121,-0.193628,0.999933,-0.008155,0.008253,-0.000099,0.008874,-0.009048,0.000126,0.268452,0.010794,-0.010310,-0.000111
39,239.311264,44,2.200000,0.240898,0.237821,0.260296,-0.199520,-0.197015,-0.187128,0.999936,-0.007933,0.008026,-0.000095,0.009414,-0.009563,0.000123,0.268321,0.012307,-0.011990,-0.000107
39,239.311264,45,2.250000,0.230922,0.227970,0.250940,-0.191543,-0.189133,-0.180865,0.999940,-0.007697,0.007787,-0.000092,0.010029,-0.010163,0.000120,0.268194,0.012075,-0.011892,-0.000103
39,239.311264,46,2.300000,0.221345,0.218513,0.241897,-0.183807,-0.181488,-0.174829,0.999944,-0.007447,0.007533,-0.000089,0.010633,-0.010757,0.000117,0.268071,0.010469,-0.010376,-0.000099
39,239.311264,47,2.350000,0.212155,0.209439,0.233155,-0.176328,-0.174096,-0.169012,0.999948,-0.007181,0.007264,-0.000086,0.011157,-0.011276,0.000115,0.267953,0.007937,-0.007890,-0.000096
39,239.311264,48,2.400000,0.203338,0.200734,0.224705,-0.169118,-0.166970,-0.163406,0.999952,-0.006902,0.006982,-0.000084,0.011554,-0.011671,0.000112,0.267839,0.004913,-0.004878,-0.000093
39,239.311264,49,2.450000,0.194882,0.192386,0.216534,-0.162191,-0.160124,-0.158003,0.999956,-0.006613,0.006691,-0.000081,0.011799,-0.011914,0.000109,0.267729,0.001764,-0.001718,-0.000090
39,239.311264,50,2.500000,0.186773,0.184379,0.208634,-0.155557,-0.153568,-0.152797,0.999960,-0.006318,0.006393,-0.000078,0.011887,-0.012000,0.000107,0.267623,-0.001242,0.001306,-0.000087
39,239.311264,51,2.550000,0.178995,0.176701,0.200994,-0.149220,-0.147306,-0.147779,0.999963,-0.006021,0.006093,-0.000075,0.011825,-0.011935,0.000104,0.267520,-0.003930,0.004012,-0.000085
39,239.311264,52,2.600000,0.171534,0.169336,0.193605,-0.143183,-0.141341,-0.142944,0.999967,-0.005725,0.005794,-0.000073,0.011629,-0.011734,0.000102,0.267421,-0.006213,0.006304,-0.000083
39,239.311264,53,2.650000,0.164375,0.162269,0.186458,-0.137443,-0.135671,-0.138286,0.999970,-0.005435,0.005501,-0.000070,0.011318,-0.011419,0.000099,0.267325,-0.008064,0.008155,-0.000081
39,239.311264,54,2.700000,0.157503,0.155485,0.179544,-0.131996,-0.130291,-0.133799,0.999973,-0.005152,0.005216,-0.000068,0.010915,-0.011011,0.000097,0.267232,-0.009500,0.009580,-0.000079
39,239.311264,55,2.750000,0.150903,0.148971,0.172854,-0.126834,-0.125192,-0.129477,0.999976,-0.004879,0.004940,-0.000065,0.010440,-0.010532,0.000095,0.267142,-0.010559,0.010621,-0.000078
39,239.311264,56,2.800000,0.144561,0.142711,0.166380,-0.121946,-0.120365,-0.125317,0.999978,-0.004618,0.004677,-0.000063,0.009912,-0.010001,0.000093,0.267056,-0.011288,0.011330,-0.000076
39,239.311264,57,2.850000,0.138464,0.136693,0.160114,-0.117319,-0.115798,-0.121312,0.999981,-0.004370,0.004427,-0.000061,0.009348,-0.009435,0.000090,0.266972,-0.011734,0.011757,-0.000074
39,239.311264,58,2.900000,0.132598,0.130903,0.154049,-0.112942,-0.111478,-0.117459,0.999983,-0.004136,0.004191,-0.000058,0.008761,-0.008847,0.000088,0.266890,-0.011941,0.011950,-0.000073
39,239.311264,59,2.950000,0.126951,0.125329,0.148176,-0.108799,-0.107389,-0.113752,0.999984,-0.003917,0.003970,-0.000056,0.008164,-0.008249,0.000086,0.266812,-0.011942,0.011944,-0.000072
39,239.311264,60,3.000000,0.121511,0.119959,0.142488,-0.104875,-0.103518,-0.110187,0.999986,-0.003713,0.003764,-0.000054,0.007567,-0.007652,0.000084,0.266736,-0.011765,0.011767,-0.000070
39,239.311264,61,3.050000,0.116267,0.114784,0.136979,-0.101157,-0.099850,-0.106760,0.999987,-0.003524,0.003572,-0.000052,0.006979,-0.007064,0.000082,0.266662,-0.011424,0.011434,-0.000069
39,239.311264,62,3.100000,0.111209,0.109791,0.131641,-0.097629,-0.096370,-0.103466,0.999989,-0.003350,0.003396,-0.000050,0.006408,-0.006492,0.000080,0.266591,-0.010926,0.010947,-0.000067
39,239.311264,63,3.150000,0.106328,0.104973,0.126467,-0.094275,-0.093063,-0.100302,0.999990,-0.003189,0.003234,-0.000048,0.005862,-0.005945,0.000078,0.266522,-0.010266,0.010302,-0.000066
39,239.311264,64,3.200000,0.101614,0.100319,0.121452,-0.091083,-0.089915,-0.097264,0.999991,-0.003043,0.003085,-0.000046,0.005348,-0.005429,0.000076,0.266455,-0.009431,0.009482,-0.000065
39,239.311264,65,3.250000,0.097060,0.095824,0.116589,-0.088039,-0.086912,-0.094347,0.999991,-0.002909,0.002949,-0.000044,0.004877,-0.004955,0.000075,0.266390,-0.008413,0.008477,-0.000063
39,239.311264,66,3.300000,0.092658,0.091478,0.111872,-0.085129,-0.084042,-0.091549,0.999992,-0.002787,0.002825,-0.000042,0.004456,-0.004531,0.000073,0.266327,-0.007212,0.007284,-0.000062
39,239.311264,67,3.350000,0.088402,0.087276,0.107294,-0.082342,-0.081293,-0.088866,0.999993,-0.002676,0.002712,-0.000040,0.004095,-0.004167,0.000071,0.266267,-0.005851,0.005927,-0.000061
39,239.311264,68,3.400000,0.084284,0.083211,0.102851,-0.079667,-0.078654,-0.086294,0.999993,-0.002573,0.002608,-0.000039,0.003803,-0.003871,0.000069,0.266208,-0.004388,0.004462,-0.000059
39,239.311264,69,3.450000,0.080301,0.079279,0.098536,-0.077096,-0.076117,-0.083830,0.999994,-0.002478,0.002511,-0.000037,0.003584,-0.003648,0.000068,0.266150,-0.002919,0.002988,-0.000058
39,239.311264,70,3.500000,0.076446,0.075473,0.094345,-0.074620,-0.073674,-0.081471,0.999994,-0.002389,0.002420,-0.000035,0.003438,-0.003498,0.000066,0.266095,-0.001574,0.001636,-0.000056
39,239.311264,71,3.550000,0.072715,0.071789,0.090271,-0.072235,-0.071320,-0.079215,0.999995,-0.002303,0.002332,-0.000034,0.003359,-0.003417,0.000064,0.266041,-0.000496,0.000551,-0.000055
39,239.311264,72,3.600000,0.069104,0.068223,0.086310,-0.069937,-0.069051,-0.077057,0.999995,-0.002219,0.002247,-0.000032,0.003334,-0.003389,0.000063,0.265988,0.000195,-0.000146,-0.000054
39,239.311264,73,3.650000,0.065607,0.064771,0.082458,-0.067723,-0.066865,-0.074996,0.999995,-0.002136,0.002162,-0.000030,0.003344,-0.003396,0.000061,0.265937,0.000457,-0.000409,-0.000053
39,239.311264,74,3.700000,0.062221,0.061427,0.078708,-0.065593,-0.064762,-0.073029,0.999996,-0.002052,0.002077,-0.000029,0.003367,-0.003417,0.000060,0.265887,0.000377,-0.000328,-0.000052
39,239.311264,75,3.750000,0.058941,0.058189,0.075056,-0.063547,-0.062741,-0.071154,0.999996,-0.001968,0.001992,-0.000027,0.003386,-0.003433,0.000058,0.265839,0.000223,-0.000172,-0.000051
39,239.311264,76,3.800000,0.055763,0.055052,0.071499,-0.061586,-0.060804,-0.069367,0.999996,-0.001883,0.001906,-0.000026,0.003397,-0.003442,0.000057,0.265792,0.000450,-0.000404,-0.000051
39,239.311264,77,3.850000,0.052684,0.052012,0.068030,-0.059710,-0.058950,-0.067667,0.999997,-0.001798,0.001820,-0.000024,0.003419,-0.003462,0.000055,0.265746,0.001662,-0.001635,-0.000050
39,239.311264,78,3.900000,0.049699,0.049065,0.064647,-0.057918,-0.057180,-0.066052,0.999997,-0.001713,0.001734,-0.000023,0.003502,-0.003544,0.000054,0.265701,0.004478,-0.004490,-0.000050
39,239.311264,79,3.950000,0.046803,0.046205,0.061344,-0.056212,-0.055495,-0.064519,0.999997,-0.001625,0.001645,-0.000022,0.003726,-0.003768,0.000053,0.265657,0.009307,-0.009387,-0.000050
39,239.311264,80,4.000000,0.043992,0.043431,0.058118,-0.054593,-0.053896,-0.063067,0.999998,-0.001532,0.001551,-0.000020,0.004192,-0.004238,0.000051,0.265614,0.016036,-0.016210,-0.000050
39,239.311264,81,4.050000,0.041263,0.040736,0.054965,-0.053068,-0.052389,-0.061693,0.999998,-0.001427,0.001445,-0.000019,0.004993,-0.005048,0.000050,0.265572,0.023666,-0.023947,-0.000049
39,239.311264,82,4.100000,0.038609,0.038117,0.051880,-0.051647,-0.050985,-0.060397,0.999998,-0.001302,0.001319,-0.000018,0.006177,-0.006245,0.000048,0.265531,0.029979,-0.030354,-0.000049
39,239.311264,83,4.150000,0.036027,0.035567,0.048861,-0.050350,-0.049704,-0.059175,0.999999,-0.001148,0.001163,-0.000017,0.007676,-0.007763,0.000047,0.265491,0.031371,-0.031777,-0.000048
39,239.311264,84,4.200000,0.033509,0.033082,0.045902,-0.049207,-0.048575,-0.058027,0.999999,-0.000956,0.000968,-0.000015,0.009244,-0.009352,0.000046,0.265452,0.022998,-0.023312,-0.000046
39,239.311264,85,4.250000,0.031049,0.030653,0.043000,-0.048254,-0.047635,-0.056951,0.999999,-0.000725,0.000735,-0.000014,0.010394,-0.010517,0.000044,0.265413,-0.000553,0.000527,-0.000043
39,239.311264,86,4.300000,0.028636,0.028272,0.040153,-0.047532,-0.046923,-0.055946,1.000000,-0.000465,0.000472,-0.000013,0.010367,-0.010491,0.000043,0.265375,-0.043945,0.044463,-0.000039
39,239.311264,87,4.350000,0.026260,0.025925,0.037356,-0.047068,-0.046466,-0.055012,1.000000,-0.000206,0.000209,-0.000012,0.008169,-0.008268,0.000042,0.265337,-0.109018,0.110362,-0.000033
39,239.311264,88,4.400000,0.023906,0.023602,0.034605,-0.046863,-0.046263,-0.054147,1.000000,-0.000002,0.000003,-0.000011,0.002718,-0.002750,0.000041,0.265300,-0.192091,0.194495,-0.000026
39,239.311264,89,4.450000,0.021563,0.021289,0.031898,-0.046860,-0.046261,-0.053350,1.000000,0.000066,-0.000066,-0.000010,-0.006886,0.006975,0.000040,0.265266,-0.280994,0.284535,-0.000018
39,239.311264,90,4.500000,0.019220,0.018976,0.029230,-0.046925,-0.046327,-0.052618,1.000000,-0.000106,0.000108,-0.000009,-0.020936,0.021202,0.000040,0.265234,-0.352610,0.357068,-0.000009
39,239.311264,91,4.550000,0.016874,0.016660,0.026599,-0.046818,-0.046223,-0.051943,1.000000,-0.000629,0.000638,-0.000008,-0.038566,0.039055,0.000040,0.265205,-0.372163,0.376872,0.000000
39,239.311264,92,4.600000,0.014533,0.014348,0.024002,-0.046191,-0.045604,-0.051324,0.999997,-0.001593,0.001615,-0.000007,-0.057175,0.057899,0.000040,0.265173,-0.296093,0.299830,0.000007
39,239.311264,93,4.650000,0.012223,0.012068,0.021436,-0.044605,-0.044039,-0.050768,0.999991,-0.003023,0.003062,-0.000006,-0.071979,0.072890,0.000040,0.265127,-0.080981,0.081980,0.000007
39,239.311264,94,4.700000,0.009993,0.009866,0.018897,-0.041598,-0.041071,-0.050310,0.999976,-0.004822,0.004885,-0.000005,-0.076028,0.076989,0.000040,0.265060,0.297939,-0.301750,-0.000003
39,239.311264,95,4.750000,0.007913,0.007813,0.016382,-0.036803,-0.036337,-0.050004,0.999954,-0.006723,0.006809,-0.000004,-0.061132,0.061901,0.000040,0.264984,0.812722,-0.823042,-0.000033
39,239.311264,96,4.800000,0.006073,0.005996,0.013882,-0.030121,-0.029740,-0.049883,0.999931,-0.008251,0.008357,-0.000003,-0.020496,0.020749,0.000039,0.264955,1.323587,-1.340329,-0.000094
39,239.311264,97,4.850000,0.004567,0.004509,0.011388,-0.021921,-0.021644,-0.049860,0.999922,-0.008763,0.008875,-0.000002,0.045684,-0.046267,0.000036,0.265073,1.481045,-1.499714,-0.000205
39,239.311264,98,4.900000,0.003471,0.003427,0.008895,-0.013208,-0.013041,-0.049637,0.999941,-0.007621,0.007719,-0.000001,0.119736,-0.121253,0.000030,0.264748,0.572467,-0.579625,-0.000391
39,239.311264,99,4.950000,0.002811,0.002775,0.006413,-0.005640,-0.005568,-0.049978,0.999978,-0.004628,0.004688,-0.000000,0.148360,-0.150234,0.000019,0.291895,-2.967148,3.004634,-0.000690
39,239.311264,100,5.000000,0.002529,0.002496,0.003914,-0.000572,-0.000565,0.000020,0.999999,-0.000919,0.000932,0.000000,0.000002,-0.000002,-0.000000,0,0,0,0
40,235.309391,0,0.000000,1.011248,0.999042,0.981458,-0.013710,-0.010796,0.000636,0.999993,0.002501,-0.002667,0.000002,0.000000,0.000000,0.000000,0.237876,41.967309,-41.685596,-0.231216
40,235.309391,1,0.050000,1.010562,0.998502,0.981490,-0.016060,-0.012999,-0.049364,0.999993,0.002501,-0.002667,0.000002,2.098365,-2.084280,-0.006572,0.237876,-40.822860,40.427998,0.129409
40,235.309391,2,0.100000,1.009759,0.997852,0.979022,-0.018410,-0.015202,-0.099364,0.997001,0.054810,-0.054624,-0.000153,0.056703,-0.063403,-0.002894,0.240753,-1.136819,1.271406,0.073491
40,235.309391,3,0.150000,1.008839,0.997092,0.974053,-0.066979,-0.063921,-0.149364,0.996835,0.056227,-0.056201,-0.000234,-0.000145,0.000161,-0.000805,0.240915,0.005689,-0.006312,0.034614
40,235.309391,4,0.200000,1.005490,0.993896,0.966585,-0.116979,-0.113921,-0.199364,0.996835,0.056225,-0.056196,-0.000254,0.000139,-0.000155,0.000179,0.240915,-0.003090,0.003408,0.016420
40,235.309391,5,0.250000,0.999641,0.988200,0.956617,-0.166975,-0.163917,-0.249364,0.996835,0.056228,-0.056200,-0.000250,-0.000015,0.000016,0.000646,0.240915,0.000489,-0.000494,0.007226
40,235.309391,6,0.300000,0.991292,0.980004,0.944149,-0.216974,-0.213917,-0.299364,0.996835,0.056227,-0.056200,-0.000234,0.000009,-0.000009,0.000851,0.240915,-0.003561,0.002685,0.001376
40,235.309391,7,0.350000,0.980444,0.969308,0.929181,-0.266974,-0.263916,-0.349364,0.996835,0.056226,-0.056202,-0.000212,-0.000169,0.000125,0.000890,0.240915,-0.130998,0.122219,-0.001878
40,235.309391,8,0.400000,0.967095,0.956113,0.911712,-0.316973,-0.313916,-0.399364,0.996835,0.056220,-0.056200,-0.000190,-0.006719,0.006236,0.000837,0.240915,-0.574349,0.567177,-0.003410
40,235.309391,9,0.450000,0.951246,0.940417,0.891744,-0.366970,-0.363912,-0.449363,0.996854,0.056052,-0.056046,-0.000170,-0.035437,0.034595,0.000740,0.240897,-2.629097,2.670251,-0.003848
40,235.309391,10,0.500000,0.932898,0.922221,0.869276,-0.416826,-0.413756,-0.499363,0.996951,0.055168,-0.055184,-0.000153,-0.166892,0.168106,0.000631,0.240803,-2.229754,2.118695,-0.003701
40,235.309391,11,0.550000,0.912057,0.901533,0.844308,-0.465900,-0.462800,-0.549361,0.997396,0.051007,-0.050994,-0.000136,-0.278384,0.274037,0.000525,0.265385,-0.664795,0.399731,-0.004263
40,235.309391,12,0.600000,0.888761,0.878393,0.816840,-0.515899,-0.512798,-0.553520,0.998052,0.044064,-0.044158,-0.000128,-0.311629,0.294018,0.000404,0.294159,-2.984780,3.079313,-0.004669
40,235.309391,13,0.650000,0.862967,0.852753,0.789164,-0.563921,-0.560705,-0.503522,0.998663,0.036286,-0.036820,-0.000138,-0.460873,0.447979,0.000271,0.239149,-1.865642,2.067353,-0.003020
40,235.309391,14,0.700000,0.834771,0.824718,0.763988,-0.596494,-0.592797,-0.553520,0.999364,0.024778,-0.025630,-0.000149,-0.554160,0.551342,0.000186,0.292613,0.020607,0.133838,-0.001268
40,235.309391,15,0.750000,0.804946,0.795078,0.736312,-0.624257,-0.619629,-0.503521,0.999870,0.010933,-0.011851,-0.000158,-0.553133,0.558030,0.000150,0.256149,1.573351,-1.487422,-0.000220
40,235.309391,16,0.800000,0.773733,0.764097,0.711136,-0.635501,-0.629998,-0.519917,0.999994,-0.002891,0.002099,-0.000165,-0.474469,0.483656,0.000143,0.291877,2.248182,-2.217318,0.000193
40,235.309391,17,0.850000,0.741958,0.732597,0.685140,-0.633231,-0.626873,-0.469918,0.999791,-0.014749,0.014191,-0.000172,-0.362062,0.372787,0.000149,0.260629,2.604860,-2.609168,0.000305
40,235.309391,18,0.900000,0.710296,0.701253,0.661644,-0.619533,-0.612642,-0.478177,0.999440,-0.023795,0.023508,-0.000177,-0.231821,0.242327,0.000157,0.292524,2.458689,-2.490731,0.000285
40,235.309391,19,0.950000,0.679320,0.670621,0.637735,-0.594074,-0.586881,-0.428178,0.999125,-0.029585,0.029563,-0.000181,-0.108888,0.117789,0.000166,0.256690,2.363429,-2.422286,0.000223
40,235.309391,20,1.000000,0.649616,0.641277,0.616326,-0.565988,-0.558785,-0.444989,0.998949,-0.032304,0.032505,-0.000184,0.009282,-0.003326,0.000172,0.293100,1.594901,-1.658289,0.000168
40,235.309391,21,1.050000,0.621317,0.613338,0.594077,-0.530733,-0.523761,-0.394990,0.998960,-0.032072,0.032422,-0.000184,0.089027,-0.086241,0.000177,0.263167,0.854639,-0.912343,0.000118
40,235.309391,22,1.100000,0.594780,0.587150,0.574327,-0.499158,-0.492539,-0.400172,0.999096,-0.029848,0.030268,-0.000183,0.131760,-0.131857,0.000180,0.272565,0.215906,-0.254190,0.000084
40,235.309391,23,1.150000,0.569822,0.562523,0.554319,-0.468625,-0.462440,-0.387746,0.999283,-0.026558,0.026974,-0.000180,0.142556,-0.144566,0.000182,0.272408,-0.251071,0.235462,0.000048
40,235.309391,24,1.200000,0.546391,0.539401,0.534931,-0.441425,-0.435670,-0.375233,0.999463,-0.022996,0.023361,-0.000175,0.130004,-0.132792,0.000184,0.272258,-0.489684,0.492081,0.000005
40,235.309391,25,1.250000,0.524320,0.517617,0.516170,-0.417877,-0.412498,-0.362634,0.999604,-0.019748,0.020043,-0.000170,0.105520,-0.108187,0.000184,0.272040,-0.539170,0.551828,-0.000038
40,235.309391,26,1.300000,0.503426,0.496993,0.498038,-0.397687,-0.392611,-0.350154,0.999703,-0.017112,0.017339,-0.000165,0.078563,-0.080595,0.000183,0.271766,-0.469629,0.485446,-0.000077
40,235.309391,27,1.350000,0.483541,0.477362,0.480530,-0.380237,-0.375396,-0.337982,0.999768,-0.015148,0.015324,-0.000160,0.055082,-0.056322,0.000181,0.271473,-0.348451,0.362584,-0.000109
40,235.309391,28,1.400000,0.464530,0.458592,0.463631,-0.364831,-0.360171,-0.326222,0.999808,-0.013772,0.013916,-0.000155,0.037660,-0.038192,0.000178,0.271191,-0.224293,0.234317,-0.000133
40,235.309391,29,1.450000,0.446288,0.440584,0.447320,-0.350854,-0.346343,-0.314900,0.999834,-0.012830,0.012962,-0.000151,0.026445,-0.026476,0.000174,0.270933,-0.124113,0.129510,-0.000150
40,235.309391,30,1.500000,0.428745,0.423267,0.431575,-0.337847,-0.333473,-0.304007,0.999850,-0.012169,0.012300,-0.000147,0.020240,-0.020000,0.000170,0.270696,-0.057249,0.058697,-0.000161
40,235.309391,31,1.550000,0.411853,0.406593,0.416375,-0.325516,-0.321275,-0.293517,0.999862,-0.011664,0.011800,-0.000142,0.017377,-0.017066,0.000165,0.270477,-0.021576,0.020300,-0.000167
40,235.309391,32,1.600000,0.395577,0.390529,0.401699,-0.313696,-0.309594,-0.283410,0.999872,-0.011229,0.011373,-0.000138,0.016299,-0.016050,0.000160,0.270269,-0.009217,0.006515,-0.000168
40,235.309391,33,1.650000,0.379892,0.375049,0.387528,-0.302311,-0.298357,-0.273667,0.999881,-0.010822,0.010972,-0.000135,0.015838,-0.015725,0.000155,0.270071,-0.010816,0.007768,-0.000165
40,235.309391,34,1.700000,0.364777,0.360132,0.373845,-0.291336,-0.287535,-0.264273,0.999890,-0.010426,0.010579,-0.000131,0.015297,-0.015336,0.000151,0.269879,-0.018171,0.015514,-0.000158
40,235.309391,35,1.750000,0.350210,0.345755,0.360631,-0.280762,-0.277116,-0.255217,0.999898,-0.010044,0.010195,-0.000127,0.014389,-0.014560,0.000146,0.269695,-0.025462,0.023583,-0.000150
40,235.309391,36,1.800000,0.336172,0.331899,0.347870,-0.270578,-0.267086,-0.246487,0.999905,-0.009684,0.009831,-0.000123,0.013116,-0.013381,0.000142,0.269517,-0.029454,0.028448,-0.000141
40,235.309391,37,1.850000,0.322643,0.318545,0.335546,-0.260764,-0.257422,-0.238071,0.999911,-0.009356,0.009497,-0.000120,0.011643,-0.011959,0.000138,0.269346,-0.029095,0.028859,-0.000132
40,235.309391,38,1.900000,0.309605,0.305674,0.323643,-0.251289,-0.248091,-0.229958,0.999917,-0.009065,0.009198,-0.000116,0.010189,-0.010516,0.000134,0.269183,-0.024843,0.025169,-0.000123
40,235.309391,39,1.950000,0.297040,0.293269,0.312145,-0.242119,-0.239055,-0.222138,0.999921,-0.008810,0.008935,-0.000113,0.008946,-0.009257,0.000131,0.269025,-0.017972,0.018625,-0.000116
40,235.309391,40,2.000000,0.284934,0.281316,0.301038,-0.233216,-0.230278,-0.214601,0.999925,-0.008587,0.008704,-0.000110,0.008048,-0.008326,0.000127,0.268874,-0.009996,0.010764,-0.000109
40,235.309391,41,2.050000,0.273274,0.269802,0.290308,-0.224548,-0.221729,-0.207335,0.999929,-0.008385,0.008496,-0.000106,0.007548,-0.007788,0.000124,0.268728,-0.002269,0.002998,-0.000102
40,235.309391,42,2.100000,0.262046,0.258716,0.279941,-0.216092,-0.213385,-0.200334,0.999932,-0.008197,0.008301,-0.000103,0.007435,-0.007638,0.000121,0.268587,0.004224,-0.003625,-0.000097
40,235.309391,43,2.150000,0.251242,0.248047,0.269924,-0.207834,-0.205232,-0.193586,0.999935,-0.008011,0.008110,-0.000100,0.007646,-0.007819,0.000119,0.268451,0.008935,-0.008501,-0.000092
40,235.309391,44,2.200000,0.240850,0.237785,0.260245,-0.199771,-0.197269,-0.187084,0.999938,-0.007820,0.007915,-0.000097,0.008093,-0.008244,0.000116,0.268320,0.011712,-0.011433,-0.000087
40,235.309391,45,2.250000,0.230861,0.227922,0.250891,-0.191905,-0.189499,-0.180819,0.999941,-0.007617,0.007708,-0.000094,0.008678,-0.008815,0.000114,0.268193,0.012699,-0.012541,-0.000083
40,235.309391,46,2.300000,0.221266,0.218447,0.241850,-0.184248,-0.181933,-0.174783,0.999945,-0.007400,0.007488,-0.000092,0.009313,-0.009442,0.000111,0.268070,0.012223,-0.012142,-0.000080
40,235.309391,47,2.350000,0.212054,0.209350,0.233111,-0.176813,-0.174587,-0.168966,0.999948,-0.007168,0.007252,-0.000089,0.009925,-0.010049,0.000109,0.267952,0.010682,-0.010637,-0.000077
40,235.309391,48,2.400000,0.203213,0.200621,0.224662,-0.169616,-0.167475,-0.163362,0.999952,-0.006920,0.007001,-0.000086,0.010459,-0.010581,0.000107,0.267838,0.008468,-0.008427,-0.000074
40,235.309391,49,2.450000,0.194732,0.192247,0.216494,-0.162671,-0.160611,-0.157961,0.999955,-0.006658,0.006736,-0.000083,0.010882,-0.011003,0.000105,0.267728,0.005911,-0.005855,-0.000071
40,235.309391,50,2.500000,0.186599,0.184216,0.208596,-0.155991,-0.154010,-0.152757,0.999959,-0.006386,0.006461,-0.000081,0.011178,-0.011295,0.000103,0.267622,0.003260,-0.003184,-0.000069
40,235.309391,51,2.550000,0.178799,0.176516,0.200958,-0.149586,-0.147681,-0.147743,0.999962,-0.006107,0.006179,-0.000078,0.011341,-0.011454,0.000101,0.267519,0.000680,-0.000588,-0.000067
40,235.309391,52,2.600000,0.171320,0.169132,0.193571,-0.143464,-0.141631,-0.142912,0.999966,-0.005823,0.005893,-0.000076,0.011375,-0.011484,0.000099,0.267420,-0.001728,0.001829,-0.000065
40,235.309391,53,2.650000,0.164147,0.162050,0.186426,-0.137627,-0.135864,-0.138257,0.999969,-0.005539,0.005605,-0.000073,0.011288,-0.011392,0.000097,0.267324,-0.003919,0.004016,-0.000063
40,235.309391,54,2.700000,0.157265,0.155257,0.179513,-0.132077,-0.130381,-0.133773,0.999972,-0.005257,0.005321,-0.000071,0.011093,-0.011192,0.000095,0.267232,-0.005871,0.005956,-0.000062
40,235.309391,55,2.750000,0.150662,0.148738,0.172824,-0.126811,-0.125179,-0.129455,0.999975,-0.004979,0.005041,-0.000068,0.010799,-0.010894,0.000093,0.267142,-0.007582,0.007648,-0.000061
40,235.309391,56,2.800000,0.144321,0.142479,0.166351,-0.121823,-0.120253,-0.125297,0.999978,-0.004709,0.004768,-0.000066,0.010420,-0.010511,0.000092,0.267055,-0.009053,0.009098,-0.000060
40,235.309391,57,2.850000,0.138230,0.136466,0.160087,-0.117106,-0.115595,-0.121294,0.999980,-0.004449,0.004506,-0.000064,0.009967,-0.010056,0.000090,0.266972,-0.010284,0.010311,-0.000059
40,235.309391,58,2.900000,0.132375,0.130687,0.154022,-0.112651,-0.111197,-0.117442,0.999982,-0.004200,0.004254,-0.000062,0.009453,-0.009541,0.000088,0.266890,-0.011274,0.011287,-0.000058
40,235.309391,59,2.950000,0.126742,0.125127,0.148150,-0.108446,-0.107046,-0.113736,0.999984,-0.003963,0.004016,-0.000059,0.008890,-0.008976,0.000087,0.266812,-0.012019,0.012026,-0.000057
40,235.309391,60,3.000000,0.121320,0.119775,0.142463,-0.104477,-0.103129,-0.110172,0.999986,-0.003741,0.003791,-0.000057,0.008289,-0.008375,0.000085,0.266736,-0.012514,0.012523,-0.000057
40,235.309391,61,3.050000,0.116096,0.114618,0.136954,-0.100731,-0.099434,-0.106745,0.999987,-0.003534,0.003582,-0.000055,0.007663,-0.007749,0.000083,0.266662,-0.012752,0.012768,-0.000056
40,235.309391,62,3.100000,0.111059,0.109646,0.131617,-0.097194,-0.095944,-0.103451,0.999989,-0.003342,0.003388,-0.000053,0.007025,-0.007110,0.000082,0.266591,-0.012722,0.012750,-0.000055
40,235.309391,63,3.150000,0.106200,0.104849,0.126445,-0.093848,-0.092644,-0.100287,0.999990,-0.003167,0.003211,-0.000051,0.006389,-0.006473,0.000080,0.266522,-0.012410,0.012452,-0.000054
40,235.309391,64,3.200000,0.101507,0.100217,0.121430,-0.090679,-0.089518,-0.097249,0.999991,-0.003007,0.003049,-0.000049,0.005769,-0.005850,0.000079,0.266455,-0.011803,0.011860,-0.000054
40,235.309391,65,3.250000,0.096973,0.095741,0.116568,-0.087670,-0.086551,-0.094333,0.999992,-0.002863,0.002902,-0.000047,0.005179,-0.005257,0.000077,0.266390,-0.010892,0.010961,-0.000053
40,235.309391,66,3.300000,0.092590,0.091414,0.111851,-0.084806,-0.083726,-0.091534,0.999992,-0.002733,0.002771,-0.000045,0.004634,-0.004709,0.000076,0.266327,-0.009682,0.009759,-0.000053
40,235.309391,67,3.350000,0.088350,0.087227,0.107274,-0.082073,-0.081030,-0.088851,0.999993,-0.002617,0.002653,-0.000043,0.004150,-0.004221,0.000074,0.266266,-0.008203,0.008283,-0.000052
40,235.309391,68,3.400000,0.084246,0.083176,0.102832,-0.079456,-0.078449,-0.086279,0.999994,-0.002514,0.002548,-0.000041,0.003740,-0.003807,0.000073,0.266207,-0.006520,0.006597,-0.000051
40,235.309391,69,3.450000,0.080273,0.079253,0.098518,-0.076944,-0.075971,-0.083815,0.999994,-0.002420,0.002453,-0.000039,0.003414,-0.003477,0.000071,0.266150,-0.004738,0.004808,-0.000051
40,235.309391,70,3.500000,0.076426,0.075455,0.094327,-0.074526,-0.073585,-0.081456,0.999994,-0.002335,0.002366,-0.000038,0.003177,-0.003237,0.000070,0.266094,-0.002997,0.003059,-0.000050
40,235.309391,71,3.550000,0.072700,0.071775,0.090254,-0.072195,-0.071284,-0.079200,0.999995,-0.002255,0.002285,-0.000036,0.003027,-0.003084,0.000068,0.266040,-0.001457,0.001510,-0.000050
40,235.309391,72,3.600000,0.069090,0.068211,0.086294,-0.069943,-0.069062,-0.077042,0.999995,-0.002180,0.002208,-0.000034,0.002954,-0.003008,0.000067,0.265988,-0.000258,0.000304,-0.000049
40,235.309391,73,3.650000,0.065593,0.064758,0.082442,-0.067769,-0.066915,-0.074982,0.999996,-0.002106,0.002132,-0.000033,0.002941,-0.002993,0.000066,0.265937,0.000526,-0.000483,-0.000049
40,235.309391,74,3.700000,0.062204,0.061412,0.078693,-0.065668,-0.064841,-0.073015,0.999996,-0.002032,0.002058,-0.000031,0.002968,-0.003017,0.000064,0.265887,0.000946,-0.000903,-0.000049
40,235.309391,75,3.750000,0.058921,0.058170,0.075042,-0.063642,-0.062839,-0.071139,0.999996,-0.001958,0.001982,-0.000029,0.003015,-0.003062,0.000063,0.265839,0.001223,-0.001179,-0.000049
40,235.309391,76,3.800000,0.055739,0.055028,0.071485,-0.061690,-0.060911,-0.069353,0.999996,-0.001883,0.001906,-0.000028,0.003076,-0.003121,0.000061,0.265792,0.001767,-0.001728,-0.000049
40,235.309391,77,3.850000,0.052654,0.051983,0.068018,-0.059814,-0.059058,-0.067653,0.999997,-0.001806,0.001828,-0.000026,0.003164,-0.003208,0.000060,0.265746,0.003140,-0.003118,-0.000050
40,235.309391,78,3.900000,0.049664,0.049030,0.064635,-0.058015,-0.057281,-0.066039,0.999997,-0.001727,0.001747,-0.000025,0.003321,-0.003364,0.000059,0.265701,0.005936,-0.005952,-0.000051
40,235.309391,79,3.950000,0.046763,0.046166,0.061333,-0.056296,-0.055581,-0.064506,0.999997,-0.001644,0.001663,-0.000023,0.003618,-0.003661,0.000057,0.265657,0.010567,-0.010646,-0.000051
40,235.309391,80,4.000000,0.043948,0.043387,0.058108,-0.054659,-0.053964,-0.063054,0.999998,-0.001553,0.001572,-0.000022,0.004147,-0.004193,0.000056,0.265614,0.016956,-0.017123,-0.000052
40,235.309391,81,4.050000,0.041215,0.040689,0.054955,-0.053113,-0.052436,-0.061681,0.999998,-0.001450,0.001467,-0.000020,0.004994,-0.005050,0.000054,0.265572,0.024177,-0.024447,-0.000052
40,235.309391,82,4.100000,0.038559,0.038067,0.051871,-0.051670,-0.051010,-0.060385,0.999998,-0.001325,0.001341,-0.000019,0.006203,-0.006272,0.000053,0.265531,0.030120,-0.030479,-0.000053
40,235.309391,83,4.150000,0.035976,0.035516,0.048852,-0.050352,-0.049707,-0.059164,0.999999,-0.001170,0.001184,-0.000018,0.007709,-0.007796,0.000051,0.265491,0.031300,-0.031689,-0.000052
40,235.309391,84,4.200000,0.033458,0.033031,0.045894,-0.049187,-0.048557,-0.058017,0.999999,-0.000977,0.000989,-0.000016,0.009274,-0.009380,0.000050,0.265452,0.022980,-0.023280,-0.000051
40,235.309391,85,4.250000,0.030999,0.030603,0.042993,-0.048215,-0.047597,-0.056941,0.999999,-0.000745,0.000754,-0.000015,0.010423,-0.010544,0.000048,0.265413,-0.000206,0.000187,-0.000049
40,235.309391,86,4.300000,0.028588,0.028223,0.040146,-0.047473,-0.046864,-0.055936,1.000000,-0.000485,0.000491,-0.000014,0.010413,-0.010535,0.000047,0.265375,-0.042966,0.043479,-0.000046
40,235.309391,87,4.350000,0.026214,0.025880,0.037349,-0.046991,-0.046388,-0.055002,1.000000,-0.000224,0.000227,-0.000013,0.008265,-0.008361,0.000046,0.265337,-0.107310,0.108636,-0.000041
40,235.309391,88,4.400000,0.023865,0.023561,0.034599,-0.046767,-0.046168,-0.054137,1.000000,-0.000018,0.000018,-0.000012,0.002899,-0.002929,0.000044,0.265300,-0.189854,0.192230,-0.000035
40,235.309391,89,4.450000,0.021527,0.021252,0.031892,-0.046749,-0.046151,-0.053340,1.000000,0.000055,-0.000055,-0.000011,-0.006593,0.006682,0.000043,0.265266,-0.278806,0.282318,-0.000027
40,235.309391,90,4.500000,0.019189,0.018945,0.029225,-0.046803,-0.046204,-0.052608,1.000000,-0.000110,0.000112,-0.000010,-0.020534,0.020798,0.000043,0.265234,-0.351401,0.355841,-0.000019
40,235.309391,91,4.550000,0.016849,0.016634,0.026595,-0.046693,-0.046096,-0.051933,1.000000,-0.000623,0.000632,-0.000008,-0.038104,0.038590,0.000042,0.265205,-0.373011,0.377727,-0.000010
40,235.309391,92,4.600000,0.014514,0.014330,0.023998,-0.046072,-0.045484,-0.051314,0.999997,-0.001576,0.001597,-0.000007,-0.056754,0.057476,0.000042,0.265173,-0.299801,0.303585,-0.000004
40,235.309391,93,4.650000,0.012211,0.012055,0.021432,-0.044503,-0.043937,-0.050759,0.999991,-0.002995,0.003034,-0.000006,-0.071745,0.072656,0.000042,0.265127,-0.087439,0.088521,-0.000003
40,235.309391,94,4.700000,0.009986,0.009859,0.018894,-0.041524,-0.040996,-0.050301,0.999977,-0.004788,0.004850,-0.000005,-0.076117,0.077082,0.000042,0.265060,0.290492,-0.294207,-0.000013
40,235.309391,95,4.750000,0.007909,0.007809,0.016379,-0.036763,-0.036295,-0.049994,0.999955,-0.006691,0.006777,-0.000004,-0.061592,0.062371,0.000041,0.264985,0.808142,-0.818403,-0.000042
40,235.309391,96,4.800000,0.006071,0.005994,0.013880,-0.030111,-0.029729,-0.049871,0.999931,-0.008231,0.008336,-0.000003,-0.021185,0.021451,0.000040,0.264956,1.327149,-1.343937,-0.000102
40,235.309391,97,4.850000,0.004566,0.004507,0.011386,-0.021931,-0.021652,-0.049845,0.999922,-0.008760,0.008873,-0.000002,0.045172,-0.045746,0.000037,0.265066,1.495997,-1.514862,-0.000212
40,235.309391,98,4.900000,0.003469,0.003425,0.008894,-0.013221,-0.013053,-0.049636,0.999941,-0.007631,0.007729,-0.000001,0.119972,-0.121489,0.000031,0.264747,0.590809,-0.598221,-0.000399
40,235.309391,99,4.950000,0.002808,0.002772,0.006412,-0.005643,-0.005571,-0.049979,0.999978,-0.004632,0.004692,-0.000001,0.149513,-0.151400,0.000020,0.291895,-2.990347,3.028079,-0.000699
40,235.309391,100,5.000000,0.002526,0.002494,0.003913,-0.000571,-0.000563,0.000019,0.999999,-0.000894,0.000907,-0.000000,-0.000004,0.000004,-0.000000,0,0,0,0
41,251.784715,0,0.000000,1.011248,0.999042,0.981458,-0.013710,-0.010796,0.000636,0.999993,0.002501,-0.002667,0.000002,0.000000,0.000000,0.000000,0.237876,42.230929,-41.968538,-0.229535
41,251.784715,1,0.050000,1.010562,0.998502,0.981490,-0.016060,-0.012999,-0.049364,0.999993,0.002501,-0.002667,0.000002,2.111546,-2.098427,-0.006524,0.237876,-41.348887,40.992302,0.129769
41,251.784715,2,0.100000,1.009759,0.997852,0.979022,-0.018410,-0.015202,-0.099364,0.996964,0.055137,-0.054975,-0.000151,0.043582,-0.049335,-0.002836,0.240790,-0.874849,0.990514,0.073246
41,251.784715,3,0.150000,1.008839,0.997092,0.974053,-0.067296,-0.064217,-0.149364,0.996835,0.056227,-0.056201,-0.000230,-0.000165,0.000186,-0.000754,0.240915,0.006366,-0.007221,0.034136
41,251.784715,4,0.200000,1.005474,0.993881,0.966585,-0.117296,-0.114217,-0.199364,0.996835,0.056224,-0.056195,-0.000249,0.000153,-0.000175,0.000216,0.240915,-0.003417,0.003866,0.015905
41,251.784715,5,0.250000,0.999609,0.988171,0.956617,-0.167291,-0.164213,-0.249364,0.996835,0.056227,-0.056200,-0.000244,-0.000018,0.000019,0.000669,0.240915,0.000507,-0.000543,0.006772
41,251.784715,6,0.300000,0.991245,0.979960,0.944149,-0.217291,-0.214212,-0.299364,0.996835,0.056226,-0.056200,-0.000227,0.000008,-0.000009,0.000861,0.240915,-0.007012,0.005572,0.001025
41,251.784715,7,0.350000,0.980380,0.969249,0.929181,-0.267290,-0.264211,-0.349364,0.996835,0.056225,-0.056202,-0.000205,-0.000343,0.000270,0.000890,0.240915,-0.140808,0.132477,-0.002117
41,251.784715,8,0.400000,0.967016,0.956039,0.911712,-0.317289,-0.314210,-0.399363,0.996836,0.056215,-0.056196,-0.000183,-0.007383,0.006894,0.000830,0.240915,-0.565313,0.558392,-0.003548
41,251.784715,9,0.450000,0.951151,0.940328,0.891744,-0.367282,-0.364202,-0.449363,0.996856,0.056030,-0.056026,-0.000163,-0.035649,0.034813,0.000729,0.240895,-2.618097,2.659727,-0.003901
41,251.784715,10,0.500000,0.932787,0.922118,0.869276,-0.417120,-0.414027,-0.499362,0.996954,0.055141,-0.055159,-0.000146,-0.166555,0.167799,0.000618,0.240800,-2.215810,2.105014,-0.003690
41,251.784715,11,0.550000,0.911931,0.901417,0.844308,-0.466171,-0.463047,-0.549360,0.997397,0.050988,-0.050976,-0.000129,-0.277350,0.273045,0.000513,0.265476,-0.655234,0.388167,-0.004219
41,251.784715,12,0.600000,0.888623,0.878264,0.816840,-0.516168,-0.513044,-0.553349,0.998052,0.044071,-0.044165,-0.000122,-0.310117,0.292448,0.000393,0.294159,-3.013446,3.109864,-0.004607
41,251.784715,13,0.650000,0.862814,0.852612,0.789172,-0.564198,-0.560959,-0.503351,0.998660,0.036331,-0.036866,-0.000132,-0.460793,0.447937,0.000262,0.239152,-1.882669,2.086040,-0.002932
41,251.784715,14,0.700000,0.834604,0.824564,0.764005,-0.596812,-0.593092,-0.553349,0.999362,0.024825,-0.025678,-0.000144,-0.554931,0.552234,0.000179,0.292616,0.017005,0.137370,-0.001178
41,251.784715,15,0.750000,0.804764,0.794910,0.736337,-0.624627,-0.619975,-0.503350,0.999869,0.010960,-0.011877,-0.000153,-0.554085,0.559099,0.000146,0.255915,1.575758,-1.490735,-0.000149
41,251.784715,16,0.800000,0.773532,0.763911,0.711170,-0.635884,-0.630361,-0.520180,0.999994,-0.002887,0.002101,-0.000160,-0.475300,0.484559,0.000141,0.291877,2.247594,-2.217626,0.000240
41,251.784715,17,0.850000,0.741738,0.732393,0.685161,-0.633612,-0.627240,-0.470182,0.999790,-0.014766,0.014215,-0.000167,-0.362923,0.373675,0.000148,0.260785,2.606203,-2.611006,0.000332
41,251.784715,18,0.900000,0.710058,0.701031,0.661652,-0.619884,-0.612983,-0.478153,0.999438,-0.023833,0.023554,-0.000172,-0.232615,0.243123,0.000158,0.292526,2.460764,-2.493300,0.000299
41,251.784715,19,0.950000,0.679063,0.670382,0.637744,-0.594374,-0.587181,-0.428154,0.999121,-0.029643,0.029629,-0.000176,-0.109578,0.118457,0.000166,0.256654,2.378383,-2.438211,0.000227
41,251.784715,20,1.000000,0.649345,0.641023,0.616337,-0.566230,-0.559032,-0.445039,0.998944,-0.032379,0.032588,-0.000178,0.009340,-0.003455,0.000173,0.293106,1.599152,-1.662988,0.000167
41,251.784715,21,1.050000,0.621033,0.613071,0.594085,-0.530884,-0.523926,-0.395040,0.998955,-0.032146,0.032502,-0.000179,0.089298,-0.086604,0.000177,0.263092,0.854233,-0.911906,0.000113
41,251.784715,22,1.100000,0.594489,0.586875,0.574333,-0.499241,-0.492641,-0.400368,0.999092,-0.029916,0.030339,-0.000177,0.132010,-0.132199,0.000181,0.272716,0.214698,-0.252491,0.000076
41,251.784715,23,1.150000,0.569527,0.562243,0.554314,-0.468620,-0.462457,-0.387673,0.999280,-0.026619,0.027036,-0.000174,0.142746,-0.144822,0.000183,0.272394,-0.251572,0.236663,0.000037
41,251.784715,24,1.200000,0.546096,0.539120,0.534931,-0.441360,-0.435626,-0.375192,0.999460,-0.023053,0.023417,-0.000170,0.130169,-0.132988,0.000184,0.272251,-0.488296,0.491328,-0.000007
41,251.784715,25,1.250000,0.524028,0.517339,0.516171,-0.417756,-0.412398,-0.362613,0.999602,-0.019801,0.020093,-0.000165,0.105755,-0.108421,0.000184,0.272036,-0.536133,0.549194,-0.000051
41,251.784715,26,1.300000,0.503140,0.496719,0.498040,-0.397516,-0.392459,-0.350144,0.999702,-0.017158,0.017384,-0.000159,0.078949,-0.080960,0.000182,0.271764,-0.466151,0.482107,-0.000089
41,251.784715,27,1.350000,0.483264,0.477096,0.480533,-0.380021,-0.375197,-0.337977,0.999767,-0.015185,0.015360,-0.000154,0.055642,-0.056854,0.000180,0.271472,-0.345875,0.359937,-0.000119
41,251.784715,28,1.400000,0.464263,0.458336,0.463634,-0.364579,-0.359935,-0.326221,0.999808,-0.013795,0.013939,-0.000150,0.038348,-0.038857,0.000176,0.271191,-0.223541,0.233378,-0.000142
41,251.784715,29,1.450000,0.446034,0.440339,0.447323,-0.350579,-0.346084,-0.314901,0.999834,-0.012836,0.012967,-0.000145,0.027172,-0.027188,0.000172,0.270933,-0.125468,0.130652,-0.000157
41,251.784715,30,1.500000,0.428505,0.423035,0.431578,-0.337568,-0.333208,-0.304008,0.999851,-0.012157,0.012288,-0.000141,0.020898,-0.020655,0.000168,0.270696,-0.060416,0.061686,-0.000167
41,251.784715,31,1.550000,0.411627,0.406375,0.416378,-0.325248,-0.321023,-0.293518,0.999863,-0.011635,0.011771,-0.000137,0.017878,-0.017571,0.000163,0.270477,-0.025887,0.024501,-0.000172
41,251.784715,32,1.600000,0.395365,0.390324,0.401702,-0.313456,-0.309371,-0.283410,0.999873,-0.011188,0.011332,-0.000133,0.016583,-0.016346,0.000158,0.270269,-0.013876,0.011134,-0.000171
41,251.784715,33,1.650000,0.379692,0.374855,0.387531,-0.302113,-0.298175,-0.273666,0.999882,-0.010773,0.010924,-0.000129,0.015890,-0.015789,0.000153,0.270070,-0.015096,0.012064,-0.000167
41,251.784715,34,1.700000,0.364586,0.359946,0.373848,-0.291186,-0.287402,-0.264271,0.999891,-0.010376,0.010529,-0.000126,0.015135,-0.015186,0.000148,0.269879,-0.021545,0.018938,-0.000160
41,251.784715,35,1.750000,0.350027,0.345576,0.360634,-0.280662,-0.277033,-0.255215,0.999899,-0.009998,0.010149,-0.000122,0.014058,-0.014239,0.000144,0.269694,-0.027649,0.025829,-0.000151
41,251.784715,36,1.800000,0.335994,0.331724,0.347874,-0.270524,-0.267049,-0.246484,0.999906,-0.009646,0.009793,-0.000118,0.012676,-0.012947,0.000140,0.269517,-0.030405,0.029450,-0.000141
41,251.784715,37,1.850000,0.322468,0.318372,0.335549,-0.260748,-0.257422,-0.238068,0.999912,-0.009329,0.009470,-0.000115,0.011155,-0.011474,0.000136,0.269346,-0.028943,0.028740,-0.000132
41,251.784715,38,1.900000,0.309430,0.305501,0.323646,-0.251301,-0.248117,-0.229955,0.999917,-0.009051,0.009183,-0.000111,0.009708,-0.010037,0.000132,0.269182,-0.023832,0.024170,-0.000123
41,251.784715,39,1.950000,0.296865,0.293095,0.312148,-0.242146,-0.239096,-0.222135,0.999921,-0.008808,0.008932,-0.000108,0.008517,-0.008829,0.000128,0.269025,-0.016390,0.017036,-0.000116
41,251.784715,40,2.000000,0.284758,0.281140,0.301042,-0.233246,-0.230321,-0.214598,0.999925,-0.008595,0.008711,-0.000105,0.007697,-0.007977,0.000125,0.268874,-0.008120,0.008873,-0.000109
41,251.784715,41,2.050000,0.273095,0.269624,0.290312,-0.224571,-0.221764,-0.207333,0.999928,-0.008403,0.008512,-0.000102,0.007291,-0.007533,0.000122,0.268728,-0.000335,0.001047,-0.000103
41,251.784715,42,2.100000,0.261867,0.258536,0.279945,-0.216099,-0.213402,-0.200332,0.999932,-0.008220,0.008323,-0.000098,0.007275,-0.007481,0.000119,0.268587,0.006042,-0.005456,-0.000098
41,251.784715,43,2.150000,0.251062,0.247866,0.269928,-0.207819,-0.205226,-0.193585,0.999935,-0.008038,0.008136,-0.000095,0.007577,-0.007754,0.000116,0.268451,0.010527,-0.010095,-0.000093
41,251.784715,44,2.200000,0.240671,0.237605,0.260249,-0.199729,-0.197235,-0.187084,0.999938,-0.007849,0.007943,-0.000093,0.008103,-0.008258,0.000114,0.268320,0.013021,-0.012732,-0.000089
41,251.784715,45,2.250000,0.230685,0.227743,0.250895,-0.191835,-0.189437,-0.180819,0.999941,-0.007646,0.007736,-0.000090,0.008754,-0.008895,0.000111,0.268193,0.013710,-0.013530,-0.000085
41,251.784715,46,2.300000,0.221093,0.218271,0.241854,-0.184151,-0.181842,-0.174784,0.999944,-0.007428,0.007514,-0.000087,0.009440,-0.009571,0.000109,0.268070,0.012945,-0.012833,-0.000082
41,251.784715,47,2.350000,0.211885,0.209179,0.233115,-0.176690,-0.174469,-0.168968,0.999948,-0.007192,0.007275,-0.000084,0.010087,-0.010213,0.000106,0.267952,0.011140,-0.011059,-0.000079
41,251.784715,48,2.400000,0.203051,0.200455,0.224666,-0.169471,-0.167333,-0.163365,0.999951,-0.006939,0.007019,-0.000082,0.010644,-0.010766,0.000104,0.267838,0.008691,-0.008612,-0.000076
41,251.784715,49,2.450000,0.194577,0.192089,0.216498,-0.162507,-0.160450,-0.157965,0.999955,-0.006673,0.006750,-0.000079,0.011079,-0.011196,0.000102,0.267728,0.005927,-0.005837,-0.000074
41,251.784715,50,2.500000,0.186452,0.184066,0.208600,-0.155814,-0.153834,-0.152761,0.999959,-0.006396,0.006470,-0.000076,0.011375,-0.011488,0.000100,0.267622,0.003097,-0.002993,-0.000072
41,251.784715,51,2.550000,0.178661,0.176375,0.200962,-0.149400,-0.147494,-0.147747,0.999962,-0.006112,0.006183,-0.000074,0.011530,-0.011638,0.000098,0.267519,0.000365,-0.000252,-0.000070
41,251.784715,52,2.600000,0.171191,0.169000,0.193575,-0.143274,-0.141439,-0.142916,0.999966,-0.005824,0.005892,-0.000071,0.011548,-0.011650,0.000096,0.267420,-0.002170,0.002283,-0.000068
41,251.784715,53,2.650000,0.164027,0.161928,0.186429,-0.137438,-0.135672,-0.138261,0.999969,-0.005535,0.005601,-0.000069,0.011440,-0.011536,0.000094,0.267325,-0.004458,0.004560,-0.000067
41,251.784715,54,2.700000,0.157156,0.155144,0.179516,-0.131892,-0.130192,-0.133777,0.999972,-0.005249,0.005312,-0.000067,0.011217,-0.011308,0.000092,0.267232,-0.006477,0.006559,-0.000066
41,251.784715,55,2.750000,0.150561,0.148635,0.172827,-0.126634,-0.124997,-0.129458,0.999975,-0.004969,0.005030,-0.000064,0.010893,-0.010980,0.000090,0.267142,-0.008220,0.008278,-0.000064
41,251.784715,56,2.800000,0.144229,0.142385,0.166354,-0.121658,-0.120081,-0.125300,0.999978,-0.004696,0.004755,-0.000062,0.010482,-0.010566,0.000088,0.267056,-0.009687,0.009720,-0.000063
41,251.784715,57,2.850000,0.138146,0.136381,0.160089,-0.116954,-0.115437,-0.121297,0.999980,-0.004434,0.004491,-0.000060,0.009998,-0.010080,0.000087,0.266972,-0.010878,0.010890,-0.000062
41,251.784715,58,2.900000,0.132299,0.130609,0.154024,-0.112513,-0.111052,-0.117444,0.999982,-0.004184,0.004239,-0.000058,0.009454,-0.009536,0.000085,0.266890,-0.011797,0.011794,-0.000061
41,251.784715,59,2.950000,0.126673,0.125056,0.148152,-0.108323,-0.106916,-0.113738,0.999984,-0.003948,0.004001,-0.000056,0.008864,-0.008946,0.000083,0.266812,-0.012444,0.012435,-0.000060
41,251.784715,60,3.000000,0.121257,0.119711,0.142465,-0.104369,-0.103015,-0.110173,0.999986,-0.003727,0.003777,-0.000054,0.008242,-0.008324,0.000081,0.266736,-0.012825,0.012817,-0.000060
41,251.784715,61,3.050000,0.116038,0.114560,0.136956,-0.100638,-0.099334,-0.106746,0.999987,-0.003520,0.003569,-0.000052,0.007601,-0.007683,0.000080,0.266662,-0.012943,0.012943,-0.000059
41,251.784715,62,3.100000,0.111007,0.109593,0.131619,-0.097113,-0.095857,-0.103453,0.999989,-0.003330,0.003377,-0.000050,0.006954,-0.007036,0.000078,0.266591,-0.012797,0.012810,-0.000058
41,251.784715,63,3.150000,0.106151,0.104800,0.126446,-0.093779,-0.092569,-0.100289,0.999990,-0.003157,0.003201,-0.000048,0.006314,-0.006396,0.000076,0.266522,-0.012385,0.012414,-0.000057
41,251.784715,64,3.200000,0.101462,0.100172,0.121432,-0.090619,-0.089453,-0.097250,0.999991,-0.002999,0.003041,-0.000046,0.005695,-0.005775,0.000075,0.266455,-0.011702,0.011747,-0.000056
41,251.784715,65,3.250000,0.096931,0.095699,0.116570,-0.087618,-0.086494,-0.094334,0.999992,-0.002856,0.002897,-0.000044,0.005109,-0.005188,0.000073,0.266390,-0.010744,0.010803,-0.000055
41,251.784715,66,3.300000,0.092550,0.091374,0.111853,-0.084760,-0.083676,-0.091536,0.999992,-0.002729,0.002767,-0.000042,0.004572,-0.004647,0.000071,0.266327,-0.009516,0.009584,-0.000054
41,251.784715,67,3.350000,0.088312,0.087191,0.107276,-0.082030,-0.080984,-0.088852,0.999993,-0.002614,0.002651,-0.000040,0.004096,-0.004168,0.000070,0.266266,-0.008044,0.008116,-0.000053
41,251.784715,68,3.400000,0.084211,0.083141,0.102833,-0.079416,-0.078406,-0.086280,0.999994,-0.002512,0.002547,-0.000039,0.003694,-0.003762,0.000068,0.266207,-0.006381,0.006454,-0.000053
41,251.784715,69,3.450000,0.080240,0.079221,0.098519,-0.076905,-0.075930,-0.083816,0.999994,-0.002420,0.002453,-0.000037,0.003375,-0.003440,0.000067,0.266150,-0.004622,0.004689,-0.000052
41,251.784715,70,3.500000,0.076395,0.075425,0.094329,-0.074487,-0.073545,-0.081458,0.999994,-0.002335,0.002367,-0.000035,0.003144,-0.003205,0.000065,0.266094,-0.002892,0.002952,-0.000051
41,251.784715,71,3.550000,0.072670,0.071747,0.090256,-0.072155,-0.071243,-0.079201,0.999995,-0.002257,0.002286,-0.000033,0.003000,-0.003058,0.000064,0.266040,-0.001339,0.001391,-0.000050
41,251.784715,72,3.600000,0.069062,0.068185,0.086296,-0.069902,-0.069020,-0.077044,0.999995,-0.002182,0.002210,-0.000032,0.002933,-0.002988,0.000063,0.265988,-0.000098,0.000144,-0.000049
41,251.784715,73,3.650000,0.065567,0.064734,0.082443,-0.067725,-0.066871,-0.074983,0.999995,-0.002108,0.002135,-0.000030,0.002928,-0.002981,0.000061,0.265937,0.000755,-0.000712,-0.000049
41,251.784715,74,3.700000,0.062181,0.061391,0.078694,-0.065622,-0.064794,-0.073016,0.999996,-0.002035,0.002061,-0.000029,0.002965,-0.003016,0.000060,0.265887,0.001255,-0.001214,-0.000048
41,251.784715,75,3.750000,0.058900,0.058151,0.075044,-0.063592,-0.062790,-0.071141,0.999996,-0.001961,0.001985,-0.000027,0.003028,-0.003077,0.000058,0.265839,0.001601,-0.001560,-0.000048
41,251.784715,76,3.800000,0.055720,0.055011,0.071487,-0.061638,-0.060860,-0.069354,0.999996,-0.001885,0.001908,-0.000026,0.003108,-0.003155,0.000057,0.265792,0.002172,-0.002136,-0.000048
41,251.784715,77,3.850000,0.052639,0.051968,0.068019,-0.059759,-0.059004,-0.067655,0.999997,-0.001808,0.001830,-0.000024,0.003217,-0.003262,0.000056,0.265746,0.003499,-0.003480,-0.000048
41,251.784715,78,3.900000,0.049651,0.049018,0.064636,-0.057958,-0.057225,-0.066040,0.999997,-0.001727,0.001748,-0.000023,0.003392,-0.003436,0.000054,0.265701,0.006155,-0.006171,-0.000048
41,251.784715,79,3.950000,0.046753,0.046157,0.061334,-0.056238,-0.055525,-0.064508,0.999997,-0.001642,0.001662,-0.000022,0.003700,-0.003744,0.000053,0.265657,0.010547,-0.010624,-0.000049
41,251.784715,80,4.000000,0.043941,0.043381,0.058109,-0.054603,-0.053909,-0.063056,0.999998,-0.001550,0.001568,-0.000020,0.004227,-0.004276,0.000052,0.265614,0.016627,-0.016789,-0.000049
41,251.784715,81,4.050000,0.041211,0.040685,0.054956,-0.053060,-0.052384,-0.061683,0.999998,-0.001444,0.001462,-0.000019,0.005058,-0.005115,0.000050,0.265572,0.023529,-0.023789,-0.000049
41,251.784715,82,4.100000,0.038558,0.038066,0.051872,-0.051622,-0.050964,-0.060386,0.999998,-0.001318,0.001334,-0.000018,0.006235,-0.006304,0.000049,0.265531,0.029231,-0.029578,-0.000049
41,251.784715,83,4.150000,0.035977,0.035518,0.048852,-0.050310,-0.049668,-0.059165,0.999999,-0.001162,0.001176,-0.000017,0.007696,-0.007783,0.000047,0.265491,0.030351,-0.030729,-0.000049
41,251.784715,84,4.200000,0.033461,0.033035,0.045894,-0.049154,-0.048526,-0.058018,0.999999,-0.000969,0.000982,-0.000015,0.009214,-0.009320,0.000046,0.265452,0.022244,-0.022536,-0.000047
41,251.784715,85,4.250000,0.031003,0.030608,0.042993,-0.048189,-0.047572,-0.056942,0.999999,-0.000739,0.000749,-0.000014,0.010326,-0.010447,0.000045,0.265413,-0.000417,0.000397,-0.000045
41,251.784715,86,4.300000,0.028594,0.028230,0.040146,-0.047453,-0.046846,-0.055938,1.000000,-0.000481,0.000487,-0.000013,0.010305,-0.010427,0.000043,0.265375,-0.042387,0.042889,-0.000042
41,251.784715,87,4.350000,0.026221,0.025887,0.037349,-0.046974,-0.046373,-0.055003,1.000000,-0.000223,0.000227,-0.000012,0.008186,-0.008282,0.000042,0.265337,-0.105848,0.107150,-0.000037
41,251.784715,88,4.400000,0.023873,0.023569,0.034599,-0.046751,-0.046154,-0.054138,1.000000,-0.000019,0.000020,-0.000011,0.002894,-0.002925,0.000041,0.265300,-0.187708,0.190051,-0.000030
41,251.784715,89,4.450000,0.021535,0.021261,0.031892,-0.046732,-0.046135,-0.053342,1.000000,0.000054,-0.000053,-0.000010,-0.006492,0.006578,0.000040,0.265266,-0.276550,0.280029,-0.000022
41,251.784715,90,4.500000,0.019198,0.018954,0.029225,-0.046785,-0.046188,-0.052609,1.000000,-0.000109,0.000111,-0.000009,-0.020319,0.020579,0.000040,0.265234,-0.349965,0.354384,-0.000013
41,251.784715,91,4.550000,0.016859,0.016645,0.026595,-0.046676,-0.046081,-0.051935,1.000000,-0.000617,0.000625,-0.000008,-0.037818,0.038298,0.000039,0.265205,-0.373491,0.378214,-0.000004
41,251.784715,92,4.600000,0.014525,0.014341,0.023998,-0.046061,-0.045476,-0.051315,0.999998,-0.001562,0.001583,-0.000007,-0.056492,0.057209,0.000039,0.265173,-0.303048,0.306878,0.000003
41,251.784715,93,4.650000,0.012222,0.012067,0.021432,-0.044507,-0.043941,-0.050760,0.999991,-0.002974,0.003013,-0.000006,-0.071645,0.072553,0.000039,0.265128,-0.093422,0.094589,0.000005
41,251.784715,94,4.700000,0.009997,0.009870,0.018894,-0.041548,-0.041021,-0.050300,0.999977,-0.004765,0.004827,-0.000005,-0.076316,0.077282,0.000039,0.265061,0.283431,-0.287043,-0.000004
41,251.784715,95,4.750000,0.007920,0.007819,0.016379,-0.036809,-0.036343,-0.049992,0.999955,-0.006673,0.006759,-0.000004,-0.062145,0.062930,0.000039,0.264984,0.803773,-0.813964,-0.000031
41,251.784715,96,4.800000,0.006079,0.006002,0.013880,-0.030176,-0.029794,-0.049869,0.999931,-0.008227,0.008332,-0.000003,-0.021956,0.022232,0.000038,0.264953,1.330746,-1.347564,-0.000090
41,251.784715,97,4.850000,0.004570,0.004512,0.011386,-0.022000,-0.021721,-0.049849,0.999922,-0.008776,0.008888,-0.000002,0.044581,-0.045147,0.000036,0.265069,1.510980,-1.530024,-0.000199
41,251.784715,98,4.900000,0.003470,0.003426,0.008894,-0.013275,-0.013107,-0.049633,0.999941,-0.007661,0.007759,-0.000001,0.120130,-0.121648,0.000030,0.264747,0.609579,-0.617229,-0.000385
41,251.784715,99,4.950000,0.002807,0.002771,0.006412,-0.005667,-0.005595,-0.049978,0.999978,-0.004658,0.004718,-0.000000,0.150609,-0.152509,0.000019,0.291895,-3.012213,3.050195,-0.000687
41,251.784715,100,5.000000,0.002523,0.002491,0.003913,-0.000567,-0.000559,0.000020,0.999999,-0.000893,0.000906,0.000000,-0.000001,0.000001,-0.000000,0,0,0,0
42,236.077381,0,0.000000,1.011248,0.999042,0.981458,-0.013710,-0.010796,0.000636,0.999993,0.002501,-0.002667,0.000002,0.000000,0.000000,0.000000,0.237876,42.481164,-42.242169,-0.228426
42,236.077381,1,0.050000,1.010562,0.998502,0.981490,-0.016060,-0.012999,-0.049364,0.999993,0.002501,-0.002667,0.000002,2.124058,-2.112108,-0.006493,0.237876,-41.848152,41.538057,0.130131
42,236.077381,2,0.100000,1.009759,0.997852,0.979022,-0.018410,-0.015202,-0.099364,0.996928,0.055447,-0.055314,-0.000151,0.031130,-0.035729,-0.002794,0.240825,-0.624550,0.716937,0.072947
42,236.077381,3,0.150000,1.008839,0.997092,0.974053,-0.067603,-0.064498,-0.149364,0.996835,0.056227,-0.056201,-0.000227,-0.000101,0.000115,-0.000721,0.240915,0.003705,-0.004258,0.033602
42,236.077381,4,0.200000,1.005459,0.993867,0.966585,-0.117603,-0.114498,-0.199364,0.996835,0.056225,-0.056197,-0.000245,0.000084,-0.000098,0.000235,0.240915,-0.002266,0.002556,0.015347
42,236.077381,5,0.250000,0.999579,0.988142,0.956617,-0.167600,-0.164495,-0.249364,0.996835,0.056227,-0.056200,-0.000239,-0.000029,0.000029,0.000671,0.240915,0.000928,-0.000900,0.006291
42,236.077381,6,0.300000,0.991199,0.979918,0.944149,-0.217599,-0.214494,-0.299364,0.996835,0.056225,-0.056200,-0.000222,0.000017,-0.000016,0.000850,0.240915,-0.003544,0.002723,0.000663
42,236.077381,7,0.350000,0.980319,0.969193,0.929181,-0.267598,-0.264493,-0.349363,0.996835,0.056224,-0.056202,-0.000201,-0.000160,0.000121,0.000869,0.240915,-0.157588,0.148015,-0.002354
42,236.077381,8,0.400000,0.966939,0.955968,0.911712,-0.317597,-0.314492,-0.399363,0.996835,0.056219,-0.056200,-0.000179,-0.008039,0.007521,0.000802,0.240915,-0.589502,0.582422,-0.003672
42,236.077381,9,0.450000,0.951059,0.940244,0.891744,-0.367593,-0.364487,-0.449362,0.996857,0.056018,-0.056014,-0.000160,-0.037515,0.036642,0.000697,0.240894,-2.639837,2.682062,-0.003934
42,236.077381,10,0.500000,0.932679,0.922019,0.869276,-0.417419,-0.414301,-0.499361,0.996960,0.055082,-0.055101,-0.000144,-0.169508,0.170744,0.000585,0.240795,-2.220979,2.110380,-0.003654
42,236.077381,11,0.550000,0.911808,0.901304,0.844308,-0.466418,-0.463269,-0.549358,0.997411,0.050856,-0.050845,-0.000128,-0.280560,0.276260,0.000482,0.266146,-0.641605,0.373424,-0.004147
42,236.077381,12,0.600000,0.888488,0.878141,0.816840,-0.516414,-0.513263,-0.552092,0.998070,0.043858,-0.043954,-0.000121,-0.312646,0.294926,0.000364,0.294137,-3.015572,3.114401,-0.004514
42,236.077381,13,0.650000,0.862667,0.852478,0.789236,-0.564210,-0.560944,-0.502095,0.998680,0.036056,-0.036592,-0.000132,-0.463428,0.450641,0.000235,0.239134,-1.859884,2.065004,-0.002818
42,236.077381,14,0.700000,0.834456,0.824431,0.764131,-0.596581,-0.592831,-0.552092,0.999379,0.024483,-0.025336,-0.000144,-0.556427,0.553887,0.000155,0.292595,0.055834,0.098251,-0.001066
42,236.077381,15,0.750000,0.804627,0.794789,0.736526,-0.624024,-0.619343,-0.502094,0.999878,0.010581,-0.011494,-0.000154,-0.553638,0.558797,0.000125,0.255366,1.615980,-1.532233,-0.000054
42,236.077381,16,0.800000,0.773426,0.763822,0.711422,-0.634895,-0.629348,-0.519925,0.999992,-0.003255,0.002476,-0.000162,-0.472842,0.482182,0.000123,0.291878,2.274770,-2.246092,0.000313
42,236.077381,17,0.850000,0.741681,0.732355,0.685425,-0.632218,-0.625829,-0.469927,0.999781,-0.015072,0.014530,-0.000169,-0.359105,0.369876,0.000132,0.260624,2.622705,-2.628330,0.000388
42,236.077381,18,0.900000,0.710071,0.701063,0.661929,-0.618193,-0.611286,-0.478214,0.999428,-0.024044,0.023775,-0.000174,-0.227972,0.238457,0.000143,0.292538,2.465117,-2.498346,0.000341
42,236.077381,19,0.950000,0.679161,0.670499,0.638018,-0.592443,-0.585254,-0.428217,0.999115,-0.029738,0.029733,-0.000178,-0.104718,0.113539,0.000153,0.256429,2.384445,-2.445304,0.000259
42,236.077381,20,1.000000,0.649539,0.641236,0.616607,-0.564225,-0.557040,-0.445527,0.998946,-0.032353,0.032569,-0.000181,0.014504,-0.008727,0.000160,0.293104,1.586204,-1.650396,0.000192
42,236.077381,21,1.050000,0.621328,0.613384,0.594331,-0.528899,-0.521962,-0.395529,0.998964,-0.031991,0.032351,-0.000182,0.093814,-0.091247,0.000166,0.263042,0.831434,-0.888889,0.000133
42,236.077381,22,1.100000,0.594883,0.587286,0.574555,-0.497409,-0.490834,-0.400932,0.999108,-0.029648,0.030072,-0.000181,0.135387,-0.135691,0.000170,0.272822,0.188749,-0.225831,0.000092
42,236.077381,23,1.150000,0.570012,0.562744,0.554508,-0.467044,-0.460909,-0.388007,0.999299,-0.026266,0.026682,-0.000178,0.144825,-0.146981,0.000172,0.272444,-0.276932,0.262928,0.000052
42,236.077381,24,1.200000,0.546660,0.539699,0.535108,-0.440135,-0.434428,-0.375396,0.999479,-0.022649,0.023009,-0.000173,0.130979,-0.133834,0.000174,0.272270,-0.509962,0.513786,0.000008
42,236.077381,25,1.250000,0.524653,0.517977,0.516338,-0.416940,-0.411605,-0.362744,0.999619,-0.019376,0.019664,-0.000169,0.105482,-0.108144,0.000174,0.272041,-0.553208,0.566776,-0.000036
42,236.077381,26,1.300000,0.503806,0.497397,0.498201,-0.397131,-0.392093,-0.350232,0.999716,-0.016740,0.016961,-0.000164,0.077822,-0.079804,0.000173,0.271760,-0.479027,0.495178,-0.000073
42,236.077381,27,1.350000,0.483950,0.477793,0.480689,-0.380061,-0.375251,-0.338045,0.999779,-0.014795,0.014967,-0.000159,0.053872,-0.055045,0.000171,0.271463,-0.355408,0.369422,-0.000101
42,236.077381,28,1.400000,0.464947,0.459030,0.463787,-0.365015,-0.360382,-0.326281,0.999817,-0.013449,0.013591,-0.000155,0.036101,-0.036573,0.000168,0.271182,-0.230452,0.240105,-0.000122
42,236.077381,29,1.450000,0.446696,0.441011,0.447473,-0.351365,-0.346878,-0.314960,0.999841,-0.012547,0.012676,-0.000150,0.024579,-0.024568,0.000165,0.270925,-0.130092,0.135053,-0.000137
42,236.077381,30,1.500000,0.429128,0.423667,0.431725,-0.338645,-0.334292,-0.304065,0.999856,-0.011932,0.012062,-0.000146,0.018075,-0.017815,0.000161,0.270691,-0.062730,0.063810,-0.000146
42,236.077381,31,1.550000,0.412195,0.406952,0.416521,-0.326552,-0.322333,-0.293574,0.999867,-0.011481,0.011617,-0.000142,0.014938,-0.014624,0.000156,0.270474,-0.025689,0.024181,-0.000149
42,236.077381,32,1.600000,0.395868,0.390836,0.401843,-0.314915,-0.310835,-0.283464,0.999875,-0.011107,0.011251,-0.000139,0.013654,-0.013415,0.000152,0.270267,-0.010987,0.008195,-0.000148
42,236.077381,33,1.650000,0.380122,0.375294,0.387670,-0.303652,-0.299720,-0.273719,0.999882,-0.010766,0.010916,-0.000135,0.013105,-0.013005,0.000148,0.270070,-0.009514,0.006490,-0.000143
42,236.077381,34,1.700000,0.364939,0.360308,0.373984,-0.292733,-0.288954,-0.264325,0.999889,-0.010438,0.010591,-0.000131,0.012629,-0.012681,0.000144,0.269879,-0.013518,0.010952,-0.000136
42,236.077381,35,1.750000,0.350303,0.345860,0.360767,-0.282147,-0.278523,-0.255270,0.999896,-0.010123,0.010274,-0.000128,0.011953,-0.012133,0.000140,0.269695,-0.017675,0.015905,-0.000127
42,236.077381,36,1.800000,0.336195,0.331934,0.348004,-0.271884,-0.268414,-0.246542,0.999902,-0.009824,0.009971,-0.000124,0.011069,-0.011338,0.000136,0.269519,-0.019174,0.018258,-0.000118
42,236.077381,37,1.850000,0.322601,0.318513,0.335677,-0.261931,-0.258610,-0.238129,0.999907,-0.009547,0.009687,-0.000121,0.010111,-0.010425,0.000133,0.269349,-0.017240,0.017056,-0.000109
42,236.077381,38,1.900000,0.309505,0.305583,0.323770,-0.252267,-0.249088,-0.230019,0.999912,-0.009294,0.009427,-0.000117,0.009249,-0.009572,0.000130,0.269185,-0.012447,0.012780,-0.000101
42,236.077381,39,1.950000,0.296891,0.293128,0.312269,-0.242869,-0.239824,-0.222203,0.999917,-0.009063,0.009187,-0.000114,0.008627,-0.008933,0.000127,0.269028,-0.006027,0.006649,-0.000094
42,236.077381,40,2.000000,0.284748,0.281137,0.301159,-0.233714,-0.230795,-0.214669,0.999921,-0.008848,0.008964,-0.000111,0.008325,-0.008601,0.000124,0.268876,0.000657,0.000059,-0.000088
42,236.077381,41,2.050000,0.273062,0.269598,0.290426,-0.224787,-0.221986,-0.207407,0.999924,-0.008639,0.008749,-0.000108,0.008358,-0.008598,0.000122,0.268730,0.006471,-0.005801,-0.000083
42,236.077381,42,2.100000,0.261823,0.258498,0.280055,-0.216079,-0.213389,-0.200409,0.999928,-0.008430,0.008534,-0.000105,0.008682,-0.008888,0.000120,0.268589,0.010676,-0.010128,-0.000079
42,236.077381,43,2.150000,0.251019,0.247829,0.270035,-0.207590,-0.205004,-0.193665,0.999932,-0.008213,0.008312,-0.000102,0.009216,-0.009394,0.000117,0.268453,0.012957,-0.012555,-0.000075
42,236.077381,44,2.200000,0.240639,0.237579,0.260352,-0.199325,-0.196839,-0.187166,0.999936,-0.007983,0.008077,-0.000099,0.009863,-0.010022,0.000115,0.268321,0.013360,-0.013090,-0.000072
42,236.077381,45,2.250000,0.230673,0.227737,0.250993,-0.191298,-0.188907,-0.180903,0.999939,-0.007736,0.007827,-0.000096,0.010531,-0.010676,0.000113,0.268194,0.012181,-0.012010,-0.000070
42,236.077381,46,2.300000,0.221108,0.218291,0.241948,-0.183523,-0.181223,-0.174867,0.999943,-0.007473,0.007560,-0.000093,0.011141,-0.011277,0.000111,0.268072,0.009847,-0.009735,-0.000067
42,236.077381,47,2.350000,0.211932,0.209230,0.233205,-0.176018,-0.173804,-0.169050,0.999948,-0.007195,0.007278,-0.000090,0.011633,-0.011763,0.000109,0.267954,0.006814,-0.006726,-0.000065
42,236.077381,48,2.400000,0.203131,0.200540,0.224752,-0.168795,-0.166665,-0.163443,0.999952,-0.006904,0.006984,-0.000087,0.011974,-0.012100,0.000107,0.267840,0.003492,-0.003404,-0.000064
42,236.077381,49,2.450000,0.194691,0.192207,0.216580,-0.161867,-0.159817,-0.158040,0.999956,-0.006605,0.006681,-0.000085,0.012148,-0.012270,0.000106,0.267730,0.000207,-0.000107,-0.000062
42,236.077381,50,2.500000,0.186598,0.184216,0.208678,-0.155241,-0.153269,-0.152831,0.999960,-0.006301,0.006374,-0.000082,0.012159,-0.012275,0.000104,0.267623,-0.002817,0.002930,-0.000061
42,236.077381,51,2.550000,0.178836,0.176552,0.201037,-0.148923,-0.147025,-0.147812,0.999964,-0.005997,0.006068,-0.000080,0.012018,-0.012128,0.000102,0.267521,-0.005447,0.005567,-0.000060
42,236.077381,52,2.600000,0.171390,0.169201,0.193646,-0.142911,-0.141083,-0.142975,0.999967,-0.005697,0.005764,-0.000077,0.011746,-0.011850,0.000100,0.267421,-0.007624,0.007741,-0.000059
42,236.077381,53,2.650000,0.164244,0.162147,0.186497,-0.137201,-0.135442,-0.138316,0.999970,-0.005403,0.005468,-0.000075,0.011365,-0.011463,0.000099,0.267325,-0.009341,0.009446,-0.000058
42,236.077381,54,2.700000,0.157384,0.155375,0.179582,-0.131787,-0.130093,-0.133827,0.999973,-0.005119,0.005182,-0.000072,0.010898,-0.010991,0.000097,0.267233,-0.010623,0.010707,-0.000058
42,236.077381,55,2.750000,0.150795,0.148870,0.172890,-0.126658,-0.125027,-0.129504,0.999976,-0.004846,0.004907,-0.000070,0.010366,-0.010455,0.000095,0.267143,-0.011508,0.011569,-0.000057
42,236.077381,56,2.800000,0.144462,0.142619,0.166415,-0.121803,-0.120233,-0.125343,0.999979,-0.004587,0.004645,-0.000067,0.009791,-0.009877,0.000094,0.267056,-0.012044,0.012080,-0.000057
42,236.077381,57,2.850000,0.138372,0.136607,0.160148,-0.117208,-0.115696,-0.121337,0.999981,-0.004342,0.004398,-0.000065,0.009189,-0.009273,0.000092,0.266972,-0.012275,0.012293,-0.000057
42,236.077381,58,2.900000,0.132511,0.130822,0.154081,-0.112859,-0.111402,-0.117482,0.999983,-0.004113,0.004167,-0.000063,0.008575,-0.008658,0.000091,0.266891,-0.012248,0.012253,-0.000056
42,236.077381,59,2.950000,0.126868,0.125252,0.148207,-0.108740,-0.107337,-0.113775,0.999985,-0.003898,0.003950,-0.000060,0.007963,-0.008045,0.000089,0.266812,-0.012006,0.012006,-0.000056
42,236.077381,60,3.000000,0.121431,0.119885,0.142518,-0.104836,-0.103485,-0.110209,0.999986,-0.003699,0.003749,-0.000058,0.007363,-0.007445,0.000087,0.266736,-0.011588,0.011591,-0.000056
42,236.077381,61,3.050000,0.116190,0.114711,0.137008,-0.101132,-0.099831,-0.106781,0.999987,-0.003515,0.003563,-0.000056,0.006783,-0.006865,0.000086,0.266662,-0.011029,0.011040,-0.000056
42,236.077381,62,3.100000,0.111133,0.109720,0.131669,-0.097613,-0.096359,-0.103487,0.999989,-0.003346,0.003391,-0.000054,0.006232,-0.006313,0.000084,0.266591,-0.010354,0.010377,-0.000055
42,236.077381,63,3.150000,0.106252,0.104902,0.126494,-0.094265,-0.093056,-0.100322,0.999990,-0.003190,0.003233,-0.000052,0.005714,-0.005795,0.000083,0.266522,-0.009576,0.009615,-0.000055
42,236.077381,64,3.200000,0.101539,0.100249,0.121478,-0.091073,-0.089907,-0.097284,0.999991,-0.003047,0.003089,-0.000050,0.005235,-0.005314,0.000081,0.266455,-0.008700,0.008753,-0.000055
42,236.077381,65,3.250000,0.096985,0.095754,0.116614,-0.088025,-0.086901,-0.094367,0.999991,-0.002916,0.002956,-0.000048,0.004800,-0.004876,0.000080,0.266390,-0.007720,0.007785,-0.000054
42,236.077381,66,3.300000,0.092584,0.091408,0.111896,-0.085108,-0.084024,-0.091568,0.999992,-0.002796,0.002834,-0.000046,0.004414,-0.004487,0.000078,0.266328,-0.006629,0.006703,-0.000054
42,236.077381,67,3.350000,0.088329,0.087207,0.107317,-0.082313,-0.081266,-0.088884,0.999993,-0.002686,0.002722,-0.000044,0.004083,-0.004152,0.000076,0.266267,-0.005433,0.005509,-0.000054
42,236.077381,68,3.400000,0.084213,0.083144,0.102873,-0.079629,-0.078617,-0.086312,0.999993,-0.002584,0.002618,-0.000042,0.003811,-0.003876,0.000075,0.266208,-0.004156,0.004231,-0.000053
42,236.077381,69,3.450000,0.080232,0.079213,0.098557,-0.077047,-0.076070,-0.083848,0.999994,-0.002488,0.002521,-0.000040,0.003603,-0.003665,0.000073,0.266151,-0.002856,0.002925,-0.000053
42,236.077381,70,3.500000,0.076379,0.075410,0.094365,-0.074562,-0.073617,-0.081489,0.999994,-0.002398,0.002429,-0.000038,0.003461,-0.003518,0.000072,0.266095,-0.001621,0.001682,-0.000052
42,236.077381,71,3.550000,0.072651,0.071729,0.090291,-0.072168,-0.071253,-0.079232,0.999995,-0.002312,0.002341,-0.000036,0.003380,-0.003434,0.000070,0.266041,-0.000561,0.000612,-0.000052
42,236.077381,72,3.600000,0.069043,0.068166,0.086329,-0.069861,-0.068976,-0.077074,0.999995,-0.002227,0.002256,-0.000034,0.003352,-0.003404,0.000069,0.265988,0.000222,-0.000179,-0.000052
42,236.077381,73,3.650000,0.065550,0.064717,0.082475,-0.067638,-0.066781,-0.075013,0.999995,-0.002144,0.002171,-0.000033,0.003363,-0.003413,0.000067,0.265937,0.000673,-0.000634,-0.000052
42,236.077381,74,3.700000,0.062168,0.061378,0.078725,-0.065501,-0.064670,-0.073045,0.999996,-0.002059,0.002085,-0.000031,0.003396,-0.003444,0.000066,0.265888,0.000836,-0.000800,-0.000052
42,236.077381,75,3.750000,0.058893,0.058145,0.075072,-0.063447,-0.062642,-0.071169,0.999996,-0.001975,0.001999,-0.000029,0.003438,-0.003484,0.000065,0.265839,0.000906,-0.000872,-0.000052
42,236.077381,76,3.800000,0.055721,0.055013,0.071514,-0.061479,-0.060698,-0.069382,0.999996,-0.001889,0.001912,-0.000028,0.003483,-0.003528,0.000063,0.265792,0.001245,-0.001217,-0.000053
42,236.077381,77,3.850000,0.052647,0.051978,0.068045,-0.059596,-0.058839,-0.067682,0.999997,-0.001802,0.001824,-0.000026,0.003546,-0.003589,0.000062,0.265746,0.002363,-0.002352,-0.000053
42,236.077381,78,3.900000,0.049667,0.049036,0.064661,-0.057801,-0.057066,-0.066067,0.999997,-0.001713,0.001734,-0.000025,0.003664,-0.003706,0.000060,0.265701,0.004815,-0.004838,-0.000054
42,236.077381,79,3.950000,0.046777,0.046183,0.061357,-0.056095,-0.055380,-0.064533,0.999997,-0.001621,0.001641,-0.000023,0.003905,-0.003948,0.000058,0.265657,0.009004,-0.009085,-0.000055
42,236.077381,80,4.000000,0.043972,0.043414,0.058131,-0.054480,-0.053785,-0.063081,0.999998,-0.001524,0.001543,-0.000022,0.004355,-0.004402,0.000057,0.265614,0.014900,-0.015064,-0.000055
42,236.077381,81,4.050000,0.041248,0.040724,0.054977,-0.052962,-0.052286,-0.061707,0.999998,-0.001415,0.001433,-0.000020,0.005100,-0.005156,0.000055,0.265572,0.021686,-0.021947,-0.000056
42,236.077381,82,4.100000,0.038600,0.038110,0.051891,-0.051553,-0.050895,-0.060410,0.999998,-0.001287,0.001304,-0.000019,0.006184,-0.006253,0.000054,0.265532,0.027416,-0.027762,-0.000057
42,236.077381,83,4.150000,0.036022,0.035565,0.048871,-0.050271,-0.049629,-0.059188,0.999999,-0.001133,0.001147,-0.000018,0.007555,-0.007641,0.000052,0.265491,0.028792,-0.029171,-0.000057
42,236.077381,84,4.200000,0.033509,0.033084,0.045911,-0.049143,-0.048515,-0.058040,0.999999,-0.000944,0.000956,-0.000016,0.008995,-0.009100,0.000051,0.265452,0.021239,-0.021537,-0.000056
42,236.077381,85,4.250000,0.031052,0.030658,0.043009,-0.048202,-0.047587,-0.056964,0.999999,-0.000719,0.000729,-0.000015,0.010057,-0.010176,0.000049,0.265413,-0.000552,0.000517,-0.000054
42,236.077381,86,4.300000,0.028641,0.028279,0.040161,-0.047486,-0.046880,-0.055959,1.000000,-0.000468,0.000474,-0.000014,0.010029,-0.010151,0.000047,0.265375,-0.041416,0.041890,-0.000052
42,236.077381,87,4.350000,0.026267,0.025935,0.037363,-0.047019,-0.046420,-0.055024,1.000000,-0.000217,0.000221,-0.000013,0.007958,-0.008056,0.000046,0.265337,-0.103735,0.104997,-0.000047
42,236.077381,88,4.400000,0.023916,0.023614,0.034612,-0.046802,-0.046207,-0.054159,1.000000,-0.000018,0.000019,-0.000011,0.002771,-0.002806,0.000045,0.265300,-0.184747,0.187042,-0.000041
42,236.077381,89,4.450000,0.021576,0.021303,0.031904,-0.046783,-0.046190,-0.053362,1.000000,0.000051,-0.000051,-0.000010,-0.006466,0.006546,0.000043,0.265266,-0.273454,0.276885,-0.000034
42,236.077381,90,4.500000,0.019237,0.018994,0.029236,-0.046833,-0.046240,-0.052630,1.000000,-0.000110,0.000113,-0.000009,-0.020139,0.020390,0.000042,0.265234,-0.347832,0.352219,-0.000025
42,236.077381,91,4.550000,0.016895,0.016682,0.026604,-0.046723,-0.046132,-0.051956,1.000000,-0.000614,0.000623,-0.000008,-0.037530,0.038001,0.000042,0.265205,-0.373602,0.378327,-0.000016
42,236.077381,92,4.600000,0.014559,0.014375,0.024007,-0.046111,-0.045529,-0.051337,0.999998,-0.001552,0.001573,-0.000007,-0.056210,0.056917,0.000041,0.265173,-0.306412,0.310291,-0.000009
42,236.077381,93,4.650000,0.012254,0.012099,0.021440,-0.044567,-0.044005,-0.050781,0.999991,-0.002957,0.002996,-0.000006,-0.071531,0.072432,0.000041,0.265128,-0.100079,0.101343,-0.000007
42,236.077381,94,4.700000,0.010025,0.009899,0.018901,-0.041625,-0.041101,-0.050321,0.999977,-0.004745,0.004806,-0.000005,-0.076535,0.077499,0.000041,0.265061,0.275234,-0.278724,-0.000015
42,236.077381,95,4.750000,0.007944,0.007844,0.016385,-0.036907,-0.036442,-0.050011,0.999955,-0.006659,0.006744,-0.000004,-0.062774,0.063562,0.000040,0.264984,0.798150,-0.808245,-0.000041
42,236.077381,96,4.800000,0.006099,0.006021,0.013884,-0.030289,-0.029908,-0.049888,0.999931,-0.008228,0.008333,-0.000003,-0.022866,0.023150,0.000039,0.264952,1.333584,-1.350411,-0.000099
42,236.077381,97,4.850000,0.004584,0.004526,0.011390,-0.022112,-0.021834,-0.049870,0.999922,-0.008800,0.008911,-0.000002,0.043813,-0.044370,0.000036,0.265071,1.526419,-1.545631,-0.000207
42,236.077381,98,4.900000,0.003479,0.003434,0.008896,-0.013364,-0.013196,-0.049653,0.999940,-0.007704,0.007802,-0.000001,0.120134,-0.121652,0.000031,0.264759,0.630237,-0.638130,-0.000393
42,236.077381,99,4.950000,0.002810,0.002775,0.006414,-0.005714,-0.005642,-0.049976,0.999978,-0.004701,0.004761,-0.000000,0.151646,-0.153558,0.000019,0.291895,-3.032927,3.071166,-0.000698
42,236.077381,100,5.000000,0.002525,0.002492,0.003915,-0.000567,-0.000559,0.000022,0.999999,-0.000910,0.000922,0.000000,-0.000000,0.000000,-0.000000,0,0,0,0
43,239.400215,0,0.000000,1.011248,0.999042,0.981458,-0.013710,-0.010796,0.000636,0.999993,0.002501,-0.002667,0.000002,0.000000,0.000000,0.000000,0.237876,42.689203,-42.475762,-0.227312
43,239.400215,1,0.050000,1.010562,0.998502,0.981490,-0.016060,-0.012999,-0.049364,0.999993,0.002501,-0.002667,0.000002,2.134460,-2.123788,-0.006461,0.237876,-42.263090,42.003789,0.130487
43,239.400215,2,0.100000,1.009759,0.997852,0.979022,-0.018410,-0.015202,-0.099364,0.996898,0.055705,-0.055604,-0.000150,0.020785,-0.024122,-0.002752,0.240854,-0.416746,0.483739,0.072673
43,239.400215,3,0.150000,1.008839,0.997092,0.974053,-0.067865,-0.064732,-0.149364,0.996835,0.056226,-0.056201,-0.000223,-0.000055,0.000063,-0.000687,0.240915,0.001904,-0.002234,0.033107
43,239.400215,4,0.200000,1.005446,0.993856,0.966585,-0.117865,-0.114731,-0.199364,0.996835,0.056226,-0.056199,-0.000240,0.000040,-0.000049,0.000255,0.240915,-0.001209,0.001394,0.014833
43,239.400215,5,0.250000,0.999553,0.988119,0.956617,-0.167863,-0.164730,-0.249364,0.996835,0.056227,-0.056200,-0.000234,-0.000020,0.000021,0.000676,0.240915,0.000520,-0.000508,0.005853
43,239.400215,6,0.300000,0.991159,0.979883,0.944149,-0.217862,-0.214729,-0.299364,0.996835,0.056225,-0.056201,-0.000217,0.000006,-0.000005,0.000843,0.240915,-0.001500,0.001198,0.000343
43,239.400215,7,0.350000,0.980266,0.969146,0.929181,-0.267861,-0.264728,-0.349364,0.996835,0.056224,-0.056202,-0.000196,-0.000069,0.000055,0.000852,0.240915,-0.153518,0.143369,-0.002552
43,239.400215,8,0.400000,0.966873,0.955910,0.911712,-0.317860,-0.314727,-0.399363,0.996835,0.056221,-0.056202,-0.000175,-0.007745,0.007224,0.000780,0.240915,-0.597148,0.590011,-0.003764
43,239.400215,9,0.450000,0.950980,0.940173,0.891744,-0.367858,-0.364725,-0.449363,0.996856,0.056027,-0.056023,-0.000156,-0.037603,0.036724,0.000673,0.240895,-2.653618,2.696268,-0.003940
43,239.400215,10,0.500000,0.932587,0.921937,0.869276,-0.417693,-0.414547,-0.499362,0.996959,0.055089,-0.055108,-0.000141,-0.170284,0.171536,0.000561,0.240795,-2.225506,2.114889,-0.003597
43,239.400215,11,0.550000,0.911703,0.901210,0.844308,-0.466698,-0.463521,-0.549360,0.997412,0.050844,-0.050832,-0.000125,-0.281563,0.277277,0.000458,0.266223,-0.640406,0.371201,-0.004057
43,239.400215,12,0.600000,0.888368,0.878034,0.816840,-0.516695,-0.513518,-0.551952,0.998074,0.043821,-0.043916,-0.000119,-0.313589,0.295832,0.000343,0.294133,-3.032191,3.133259,-0.004404
43,239.400215,13,0.650000,0.862533,0.852358,0.789242,-0.564450,-0.561159,-0.501953,0.998684,0.035995,-0.036532,-0.000131,-0.465202,0.452491,0.000218,0.239129,-1.853203,2.059790,-0.002689
43,239.400215,14,0.700000,0.834310,0.824300,0.764145,-0.596767,-0.592992,-0.551951,0.999384,0.024378,-0.025230,-0.000143,-0.557866,0.555477,0.000142,0.292589,0.077812,0.075778,-0.000943
43,239.400215,15,0.750000,0.804472,0.794650,0.736547,-0.624094,-0.619390,-0.501953,0.999881,0.010440,-0.011347,-0.000152,-0.553978,0.559263,0.000115,0.255358,1.640555,-1.558185,0.000044
43,239.400215,16,0.800000,0.773267,0.763681,0.711449,-0.634826,-0.629261,-0.519793,0.999991,-0.003405,0.002634,-0.000161,-0.471953,0.481351,0.000116,0.291880,2.289132,-2.261759,0.000384
43,239.400215,17,0.850000,0.741526,0.732218,0.685460,-0.631978,-0.625581,-0.469794,0.999777,-0.015199,0.014668,-0.000168,-0.357498,0.368261,0.000127,0.260551,2.630062,-2.636463,0.000438
43,239.400215,18,0.900000,0.709927,0.700939,0.661970,-0.617824,-0.610919,-0.478223,0.999424,-0.024131,0.023872,-0.000173,-0.225997,0.236436,0.000139,0.292543,2.464206,-2.498064,0.000375
43,239.400215,19,0.950000,0.679036,0.670393,0.638059,-0.591969,-0.584792,-0.428224,0.999113,-0.029776,0.029779,-0.000178,-0.102788,0.111532,0.000150,0.256459,2.389036,-2.450850,0.000282
43,239.400215,20,1.000000,0.649438,0.641153,0.616648,-0.563703,-0.556539,-0.445484,0.998946,-0.032343,0.032566,-0.000180,0.016663,-0.011011,0.000158,0.293104,1.575576,-1.640002,0.000208
43,239.400215,21,1.050000,0.621252,0.613326,0.594374,-0.528382,-0.521473,-0.395486,0.998968,-0.031926,0.032291,-0.000181,0.095442,-0.093011,0.000164,0.263067,0.814593,-0.871684,0.000143
43,239.400215,22,1.100000,0.594833,0.587253,0.574599,-0.496947,-0.490404,-0.400833,0.999114,-0.029543,0.029967,-0.000180,0.136172,-0.136595,0.000168,0.272744,0.172108,-0.208351,0.000098
43,239.400215,23,1.150000,0.569986,0.562732,0.554558,-0.466697,-0.460593,-0.388040,0.999305,-0.026142,0.026555,-0.000177,0.144778,-0.147012,0.000171,0.272423,-0.290254,0.277239,0.000055
43,239.400215,24,1.200000,0.546651,0.539703,0.535156,-0.439918,-0.434239,-0.375454,0.999484,-0.022525,0.022881,-0.000173,0.130267,-0.133149,0.000172,0.272274,-0.517732,0.522383,0.000009
43,239.400215,25,1.250000,0.524655,0.517991,0.516383,-0.416852,-0.411540,-0.362783,0.999623,-0.019270,0.019553,-0.000168,0.104381,-0.107029,0.000173,0.272041,-0.555562,0.569634,-0.000036
43,239.400215,26,1.300000,0.503813,0.497414,0.498244,-0.397155,-0.392135,-0.350263,0.999719,-0.016662,0.016878,-0.000163,0.076603,-0.078546,0.000172,0.271759,-0.477390,0.493709,-0.000072
43,239.400215,27,1.350000,0.483955,0.477807,0.480731,-0.380169,-0.375372,-0.338071,0.999780,-0.014748,0.014915,-0.000158,0.052735,-0.053860,0.000170,0.271462,-0.351572,0.365500,-0.000101
43,239.400215,28,1.400000,0.464946,0.459038,0.463827,-0.365174,-0.360550,-0.326306,0.999818,-0.013430,0.013568,-0.000154,0.035156,-0.035585,0.000167,0.271181,-0.225925,0.235354,-0.000121
43,239.400215,29,1.450000,0.446688,0.441011,0.447512,-0.351547,-0.347066,-0.314984,0.999841,-0.012551,0.012679,-0.000150,0.023860,-0.023817,0.000163,0.270926,-0.125813,0.130516,-0.000135
43,239.400215,30,1.500000,0.429110,0.423658,0.431762,-0.338825,-0.334476,-0.304090,0.999856,-0.011955,0.012084,-0.000146,0.017570,-0.017291,0.000159,0.270692,-0.059084,0.059944,-0.000143
43,239.400215,31,1.550000,0.412169,0.406934,0.416558,-0.326710,-0.322494,-0.293598,0.999866,-0.011516,0.011651,-0.000142,0.014616,-0.014294,0.000155,0.270474,-0.022677,0.021023,-0.000145
43,239.400215,32,1.600000,0.395834,0.390809,0.401878,-0.315038,-0.310961,-0.283488,0.999874,-0.011150,0.011294,-0.000138,0.013482,-0.013243,0.000151,0.270268,-0.008433,0.005573,-0.000143
43,239.400215,33,1.650000,0.380082,0.375261,0.387704,-0.303733,-0.299803,-0.273744,0.999881,-0.010813,0.010963,-0.000134,0.013060,-0.012964,0.000147,0.270071,-0.007229,0.004200,-0.000138
43,239.400215,34,1.700000,0.364895,0.360271,0.374016,-0.292767,-0.288990,-0.264350,0.999888,-0.010487,0.010639,-0.000131,0.012699,-0.012754,0.000143,0.269880,-0.011401,0.008868,-0.000130
43,239.400215,35,1.750000,0.350257,0.345821,0.360799,-0.282133,-0.278510,-0.255295,0.999895,-0.010169,0.010320,-0.000127,0.012129,-0.012310,0.000140,0.269696,-0.015737,0.014015,-0.000122
43,239.400215,36,1.800000,0.336150,0.331896,0.348034,-0.271824,-0.268355,-0.246567,0.999901,-0.009866,0.010012,-0.000124,0.011342,-0.011609,0.000136,0.269520,-0.017520,0.016648,-0.000113
43,239.400215,37,1.850000,0.322559,0.318478,0.335706,-0.261829,-0.258509,-0.238154,0.999907,-0.009583,0.009722,-0.000120,0.010466,-0.010777,0.000133,0.269350,-0.016020,0.015864,-0.000104
43,239.400215,38,1.900000,0.309467,0.305553,0.323798,-0.252130,-0.248951,-0.230045,0.999912,-0.009321,0.009453,-0.000117,0.009665,-0.009984,0.000130,0.269186,-0.011801,0.012144,-0.000097
43,239.400215,39,1.950000,0.296861,0.293105,0.312296,-0.242706,-0.239660,-0.222228,0.999916,-0.009079,0.009203,-0.000114,0.009075,-0.009376,0.000127,0.269029,-0.006046,0.006661,-0.000090
43,239.400215,40,2.000000,0.284726,0.281122,0.301184,-0.233535,-0.230616,-0.214693,0.999921,-0.008852,0.008969,-0.000110,0.008773,-0.009043,0.000125,0.268877,-0.000038,0.000736,-0.000085
43,239.400215,41,2.050000,0.273049,0.269591,0.290450,-0.224604,-0.221802,-0.207431,0.999925,-0.008633,0.008743,-0.000107,0.008771,-0.009007,0.000122,0.268731,0.005168,-0.004520,-0.000080
43,239.400215,42,2.100000,0.261819,0.258501,0.280078,-0.215902,-0.213211,-0.200432,0.999928,-0.008414,0.008518,-0.000104,0.009030,-0.009232,0.000120,0.268589,0.008904,-0.008377,-0.000077
43,239.400215,43,2.150000,0.251024,0.247841,0.270057,-0.207428,-0.204842,-0.193687,0.999932,-0.008188,0.008287,-0.000101,0.009475,-0.009651,0.000118,0.268453,0.010899,-0.010513,-0.000074
43,239.400215,44,2.200000,0.240652,0.237599,0.260372,-0.199189,-0.196702,-0.187186,0.999936,-0.007951,0.008046,-0.000098,0.010020,-0.010177,0.000116,0.268322,0.011219,-0.010959,-0.000071
43,239.400215,45,2.250000,0.230693,0.227763,0.251013,-0.191193,-0.188802,-0.180922,0.999940,-0.007701,0.007791,-0.000095,0.010581,-0.010725,0.000114,0.268195,0.010149,-0.009982,-0.000069
43,239.400215,46,2.300000,0.221133,0.218323,0.241967,-0.183454,-0.181154,-0.174884,0.999944,-0.007436,0.007523,-0.000093,0.011088,-0.011224,0.000112,0.268072,0.008087,-0.007974,-0.000067
43,239.400215,47,2.350000,0.211960,0.209266,0.233223,-0.175984,-0.173772,-0.169065,0.999948,-0.007159,0.007242,-0.000090,0.011493,-0.011622,0.000110,0.267954,0.005442,-0.005351,-0.000066
43,239.400215,48,2.400000,0.203161,0.200577,0.224769,-0.168796,-0.166668,-0.163457,0.999952,-0.006872,0.006952,-0.000087,0.011765,-0.011890,0.000108,0.267840,0.002574,-0.002484,-0.000064
43,239.400215,49,2.450000,0.194721,0.192244,0.216597,-0.161900,-0.159852,-0.158052,0.999956,-0.006578,0.006655,-0.000084,0.011894,-0.012014,0.000106,0.267730,-0.000243,0.000343,-0.000063
43,239.400215,50,2.500000,0.186626,0.184251,0.208694,-0.155301,-0.153330,-0.152843,0.999960,-0.006280,0.006354,-0.000082,0.011882,-0.011997,0.000104,0.267624,-0.002828,0.002938,-0.000062
43,239.400215,51,2.550000,0.178861,0.176585,0.201052,-0.149002,-0.147106,-0.147823,0.999964,-0.005983,0.006054,-0.000079,0.011740,-0.011850,0.000102,0.267521,-0.005082,0.005195,-0.000061
43,239.400215,52,2.600000,0.171411,0.169229,0.193661,-0.143003,-0.141178,-0.142985,0.999967,-0.005690,0.005758,-0.000076,0.011486,-0.011590,0.000101,0.267422,-0.006967,0.007074,-0.000061
43,239.400215,53,2.650000,0.164261,0.162170,0.186511,-0.137300,-0.135544,-0.138325,0.999970,-0.005403,0.005468,-0.000074,0.011138,-0.011236,0.000099,0.267326,-0.008485,0.008577,-0.000060
43,239.400215,54,2.700000,0.157396,0.155393,0.179595,-0.131886,-0.130195,-0.133837,0.999973,-0.005124,0.005187,-0.000071,0.010714,-0.010808,0.000097,0.267233,-0.009659,0.009732,-0.000060
43,239.400215,55,2.750000,0.150802,0.148883,0.172903,-0.126751,-0.125124,-0.129514,0.999976,-0.004856,0.004917,-0.000069,0.010231,-0.010321,0.000096,0.267143,-0.010521,0.010571,-0.000059
43,239.400215,56,2.800000,0.144464,0.142627,0.166428,-0.121886,-0.120319,-0.125352,0.999979,-0.004601,0.004659,-0.000067,0.009705,-0.009792,0.000094,0.267056,-0.011101,0.011129,-0.000059
43,239.400215,57,2.850000,0.138370,0.136611,0.160160,-0.117277,-0.115769,-0.121346,0.999981,-0.004358,0.004414,-0.000064,0.009150,-0.009236,0.000092,0.266972,-0.011428,0.011440,-0.000059
43,239.400215,58,2.900000,0.132506,0.130823,0.154093,-0.112912,-0.111460,-0.117492,0.999983,-0.004129,0.004184,-0.000062,0.008578,-0.008664,0.000091,0.266891,-0.011530,0.011534,-0.000058
43,239.400215,59,2.950000,0.126860,0.125250,0.148218,-0.108776,-0.107379,-0.113784,0.999984,-0.003915,0.003967,-0.000060,0.008002,-0.008087,0.000089,0.266812,-0.011436,0.011437,-0.000058
43,239.400215,60,3.000000,0.121422,0.119881,0.142529,-0.104856,-0.103510,-0.110218,0.999986,-0.003715,0.003765,-0.000058,0.007430,-0.007515,0.000087,0.266736,-0.011170,0.011176,-0.000058
43,239.400215,61,3.050000,0.116179,0.114705,0.137018,-0.101137,-0.099840,-0.106790,0.999987,-0.003529,0.003577,-0.000055,0.006872,-0.006956,0.000086,0.266662,-0.010759,0.010775,-0.000057
43,239.400215,62,3.100000,0.111122,0.109713,0.131679,-0.097604,-0.096355,-0.103496,0.999989,-0.003357,0.003403,-0.000053,0.006334,-0.006418,0.000084,0.266591,-0.010221,0.010251,-0.000057
43,239.400215,63,3.150000,0.106242,0.104896,0.126504,-0.094244,-0.093041,-0.100331,0.999990,-0.003199,0.003243,-0.000051,0.005823,-0.005905,0.000082,0.266522,-0.009568,0.009614,-0.000057
43,239.400215,64,3.200000,0.101530,0.100244,0.121487,-0.091043,-0.089883,-0.097292,0.999991,-0.003053,0.003095,-0.000049,0.005344,-0.005424,0.000081,0.266455,-0.008803,0.008863,-0.000056
43,239.400215,65,3.250000,0.096977,0.095749,0.116623,-0.087989,-0.086870,-0.094375,0.999991,-0.002920,0.002959,-0.000047,0.004904,-0.004981,0.000079,0.266391,-0.007920,0.007992,-0.000056
43,239.400215,66,3.300000,0.092578,0.091406,0.111904,-0.085069,-0.083989,-0.091576,0.999992,-0.002797,0.002835,-0.000045,0.004508,-0.004582,0.000078,0.266328,-0.006913,0.006992,-0.000055
43,239.400215,67,3.350000,0.088325,0.087207,0.107325,-0.082272,-0.081230,-0.088892,0.999993,-0.002684,0.002720,-0.000043,0.004163,-0.004232,0.000076,0.266267,-0.005785,0.005867,-0.000055
43,239.400215,68,3.400000,0.084211,0.083145,0.102881,-0.079590,-0.078583,-0.086319,0.999993,-0.002580,0.002614,-0.000041,0.003873,-0.003939,0.000074,0.266208,-0.004557,0.004636,-0.000054
43,239.400215,69,3.450000,0.080231,0.079216,0.098565,-0.077012,-0.076039,-0.083855,0.999994,-0.002484,0.002516,-0.000039,0.003645,-0.003707,0.000073,0.266151,-0.003280,0.003353,-0.000054
43,239.400215,70,3.500000,0.076381,0.075414,0.094372,-0.074532,-0.073591,-0.081495,0.999994,-0.002392,0.002423,-0.000038,0.003481,-0.003539,0.000071,0.266095,-0.002036,0.002099,-0.000053
43,239.400215,71,3.550000,0.072654,0.071734,0.090297,-0.072144,-0.071233,-0.079238,0.999995,-0.002305,0.002335,-0.000036,0.003380,-0.003434,0.000070,0.266041,-0.000928,0.000982,-0.000053
43,239.400215,72,3.600000,0.069047,0.068173,0.086335,-0.069843,-0.068961,-0.077080,0.999995,-0.002221,0.002249,-0.000034,0.003333,-0.003385,0.000068,0.265989,-0.000060,0.000105,-0.000053
43,239.400215,73,3.650000,0.065555,0.064725,0.082481,-0.067627,-0.066774,-0.075018,0.999995,-0.002138,0.002164,-0.000032,0.003330,-0.003380,0.000067,0.265937,0.000509,-0.000470,-0.000052
43,239.400215,74,3.700000,0.062174,0.061386,0.078730,-0.065495,-0.064668,-0.073051,0.999996,-0.002054,0.002080,-0.000031,0.003356,-0.003403,0.000065,0.265888,0.000808,-0.000773,-0.000052
43,239.400215,75,3.750000,0.058899,0.058153,0.075078,-0.063447,-0.062645,-0.071175,0.999996,-0.001970,0.001995,-0.000029,0.003396,-0.003442,0.000064,0.265839,0.001007,-0.000975,-0.000052
43,239.400215,76,3.800000,0.055726,0.055020,0.071519,-0.061483,-0.060705,-0.069388,0.999996,-0.001886,0.001909,-0.000027,0.003447,-0.003491,0.000062,0.265792,0.001441,-0.001415,-0.000053
43,239.400215,77,3.850000,0.052652,0.051985,0.068050,-0.059604,-0.058849,-0.067687,0.999997,-0.001799,0.001821,-0.000026,0.003519,-0.003561,0.000061,0.265746,0.002587,-0.002577,-0.000053
43,239.400215,78,3.900000,0.049672,0.049043,0.064665,-0.057811,-0.057078,-0.066071,0.999997,-0.001711,0.001732,-0.000024,0.003648,-0.003690,0.000059,0.265701,0.004977,-0.005001,-0.000054
43,239.400215,79,3.950000,0.046782,0.046189,0.061362,-0.056106,-0.055394,-0.064538,0.999997,-0.001620,0.001640,-0.000023,0.003897,-0.003940,0.000058,0.265657,0.009012,-0.009092,-0.000055
43,239.400215,80,4.000000,0.043976,0.043419,0.058135,-0.054493,-0.053800,-0.063085,0.999998,-0.001523,0.001542,-0.000021,0.004347,-0.004395,0.000056,0.265614,0.014683,-0.014843,-0.000055
43,239.400215,81,4.050000,0.041252,0.040729,0.054981,-0.052976,-0.052302,-0.061712,0.999998,-0.001414,0.001432,-0.000020,0.005082,-0.005137,0.000055,0.265573,0.021230,-0.021483,-0.000056
43,239.400215,82,4.100000,0.038603,0.038114,0.051895,-0.051568,-0.050911,-0.060414,0.999998,-0.001287,0.001303,-0.000019,0.006143,-0.006211,0.000053,0.265532,0.026792,-0.027128,-0.000057
43,239.400215,83,4.150000,0.036024,0.035568,0.048874,-0.050286,-0.049645,-0.059193,0.999999,-0.001134,0.001148,-0.000017,0.007483,-0.007568,0.000051,0.265491,0.028173,-0.028543,-0.000057
43,239.400215,84,4.200000,0.033510,0.033086,0.045915,-0.049157,-0.048531,-0.058044,0.999999,-0.000946,0.000959,-0.000016,0.008891,-0.008995,0.000050,0.265452,0.020890,-0.021183,-0.000056
43,239.400215,85,4.250000,0.031052,0.030660,0.043012,-0.048214,-0.047600,-0.056968,0.999999,-0.000724,0.000734,-0.000015,0.009936,-0.010054,0.000048,0.265413,-0.000324,0.000285,-0.000054
43,239.400215,86,4.300000,0.028642,0.028280,0.040164,-0.047493,-0.046888,-0.055963,1.000000,-0.000476,0.000483,-0.000014,0.009920,-0.010040,0.000047,0.265375,-0.040350,0.040808,-0.000052
43,239.400215,87,4.350000,0.026267,0.025935,0.037366,-0.047018,-0.046421,-0.055028,1.000000,-0.000228,0.000232,-0.000012,0.007902,-0.007999,0.000045,0.265337,-0.101743,0.102976,-0.000048
43,239.400215,88,4.400000,0.023916,0.023614,0.034614,-0.046791,-0.046197,-0.054163,1.000000,-0.000030,0.000032,-0.000011,0.002815,-0.002850,0.000044,0.265300,-0.182045,0.184300,-0.000042
43,239.400215,89,4.450000,0.021576,0.021304,0.031906,-0.046759,-0.046167,-0.053366,1.000000,0.000040,-0.000040,-0.000010,-0.006287,0.006365,0.000043,0.265266,-0.270656,0.274047,-0.000034
43,239.400215,90,4.500000,0.019239,0.018996,0.029238,-0.046798,-0.046207,-0.052634,1.000000,-0.000117,0.000120,-0.000009,-0.019820,0.020067,0.000042,0.265234,-0.345949,0.350308,-0.000025
43,239.400215,91,4.550000,0.016899,0.016686,0.026606,-0.046681,-0.046092,-0.051960,1.000000,-0.000613,0.000621,-0.000008,-0.037117,0.037582,0.000041,0.265204,-0.373849,0.378576,-0.000016
43,239.400215,92,4.600000,0.014565,0.014381,0.024008,-0.046071,-0.045490,-0.051341,0.999998,-0.001540,0.001561,-0.000007,-0.055810,0.056511,0.000041,0.265172,-0.309789,0.313712,-0.000008
43,239.400215,93,4.650000,0.012261,0.012106,0.021441,-0.044538,-0.043977,-0.050786,0.999991,-0.002936,0.002974,-0.000006,-0.071300,0.072197,0.000040,0.265128,-0.106681,0.108034,-0.000005
43,239.400215,94,4.700000,0.010034,0.009908,0.018902,-0.041618,-0.041094,-0.050325,0.999977,-0.004718,0.004778,-0.000005,-0.076634,0.077598,0.000040,0.265062,0.267040,-0.270416,-0.000012
43,239.400215,95,4.750000,0.007953,0.007853,0.016386,-0.036927,-0.036463,-0.050014,0.999955,-0.006634,0.006718,-0.000004,-0.063282,0.064077,0.000040,0.264985,0.792325,-0.802334,-0.000038
43,239.400215,96,4.800000,0.006107,0.006030,0.013885,-0.030333,-0.029952,-0.049889,0.999932,-0.008216,0.008320,-0.000003,-0.023666,0.023961,0.000039,0.264952,1.335921,-1.352764,-0.000094
43,239.400215,97,4.850000,0.004590,0.004532,0.011391,-0.022169,-0.021891,-0.049871,0.999921,-0.008807,0.008919,-0.000002,0.043130,-0.043678,0.000036,0.265066,1.541122,-1.560510,-0.000201
43,239.400215,98,4.900000,0.003482,0.003438,0.008897,-0.013414,-0.013245,-0.049663,0.999939,-0.007729,0.007827,-0.000001,0.120187,-0.121703,0.000030,0.264764,0.650216,-0.658364,-0.000387
43,239.400215,99,4.950000,0.002811,0.002775,0.006414,-0.005739,-0.005666,-0.049978,0.999977,-0.004725,0.004785,-0.000000,0.152697,-0.154621,0.000019,0.291896,-3.053913,3.092384,-0.000693
43,239.400215,100,5.000000,0.002524,0.002492,0.003915,-0.000566,-0.000558,0.000020,0.999999,-0.000907,0.000919,0.000000,0.000002,-0.000002,-0.000000,0,0,0,0
44,244.589841,0,0.000000,1.011248,0.999042,0.981458,-0.013710,-0.010796,0.000636,0.999993,0.002501,-0.002667,0.000002,0.000000,0.000000,0.000000,0.237876,42.851731,-42.661532,-0.228304
44,244.589841,1,0.050000,1.010562,0.998502,0.981490,-0.016060,-0.012999,-0.049364,0.999993,0.002501,-0.002667,0.000002,2.142587,-2.133077,-0.006489,0.237876,-42.587175,42.374381,0.131005
44,244.589841,2,0.100000,1.009759,0.997852,0.979022,-0.018410,-0.015202,-0.099364,0.996874,0.055906,-0.055834,-0.000151,0.012702,-0.014885,-0.002766,0.240878,-0.254856,0.298683,0.072555
44,244.589841,3,0.150000,1.008839,0.997092,0.974053,-0.068074,-0.064914,-0.149364,0.996835,0.056226,-0.056201,-0.000223,-0.000042,0.000048,-0.000703,0.240915,0.001328,-0.001575,0.032767
44,244.589841,4,0.200000,1.005435,0.993847,0.966585,-0.118073,-0.114914,-0.199364,0.996835,0.056226,-0.056199,-0.000240,0.000025,-0.000031,0.000228,0.240915,-0.000819,0.000975,0.014470
44,244.589841,5,0.250000,0.999532,0.988101,0.956617,-0.168072,-0.164913,-0.249364,0.996835,0.056227,-0.056200,-0.000234,-0.000016,0.000018,0.000639,0.240915,0.000387,-0.000400,0.005559
44,244.589841,6,0.300000,0.991128,0.979855,0.944149,-0.218071,-0.214912,-0.299364,0.996835,0.056225,-0.056201,-0.000218,0.000003,-0.000002,0.000797,0.240915,-0.001471,0.001219,0.000154
44,244.589841,7,0.350000,0.980225,0.969110,0.929181,-0.268070,-0.264911,-0.349364,0.996835,0.056224,-0.056202,-0.000199,-0.000071,0.000058,0.000802,0.240915,-0.148181,0.137841,-0.002631
44,244.589841,8,0.400000,0.966821,0.955864,0.911712,-0.318069,-0.314910,-0.399363,0.996835,0.056221,-0.056202,-0.000179,-0.007480,0.006951,0.000727,0.240915,-0.599436,0.592292,-0.003747
44,244.589841,9,0.450000,0.950918,0.940119,0.891744,-0.368067,-0.364907,-0.449363,0.996855,0.056034,-0.056029,-0.000161,-0.037452,0.036565,0.000620,0.240896,-2.662578,2.705595,-0.003848
44,244.589841,10,0.500000,0.932514,0.921873,0.869276,-0.417907,-0.414736,-0.499362,0.996958,0.055100,-0.055119,-0.000147,-0.170581,0.171844,0.000511,0.240796,-2.228080,2.117443,-0.003450
44,244.589841,11,0.550000,0.911619,0.901136,0.844308,-0.466922,-0.463719,-0.549360,0.997412,0.050847,-0.050835,-0.000133,-0.281989,0.277713,0.000413,0.266207,-0.640835,0.370628,-0.003886
44,244.589841,12,0.600000,0.888273,0.877950,0.816840,-0.516919,-0.513716,-0.551981,0.998074,0.043814,-0.043907,-0.000128,-0.314035,0.296240,0.000303,0.294133,-3.051776,3.154950,-0.004218
44,244.589841,13,0.650000,0.862427,0.852265,0.789241,-0.564665,-0.561348,-0.501982,0.998685,0.035977,-0.036513,-0.000140,-0.466627,0.453983,0.000183,0.239128,-1.850762,2.058646,-0.002490
44,244.589841,14,0.700000,0.834194,0.824197,0.764142,-0.596965,-0.593165,-0.551980,0.999387,0.024325,-0.025173,-0.000153,-0.559168,0.556913,0.000112,0.292586,0.094767,0.058223,-0.000757
44,244.589841,15,0.750000,0.804345,0.794539,0.736543,-0.624232,-0.619504,-0.501982,0.999883,0.010354,-0.011255,-0.000164,-0.554432,0.559821,0.000090,0.255377,1.660191,-1.579227,0.000200
44,244.589841,16,0.800000,0.773134,0.763564,0.711444,-0.634878,-0.629294,-0.519782,0.999990,-0.003502,0.002741,-0.000173,-0.471425,0.480858,0.000096,0.291881,2.299528,-2.273432,0.000508
44,244.589841,17,0.850000,0.741390,0.732099,0.685455,-0.631914,-0.625509,-0.469784,0.999774,-0.015283,0.014762,-0.000180,-0.356450,0.367185,0.000110,0.260561,2.634963,-2.642086,0.000537
44,244.589841,18,0.900000,0.709794,0.700824,0.661965,-0.617669,-0.610766,-0.478198,0.999421,-0.024189,0.023939,-0.000186,-0.224703,0.235079,0.000126,0.292547,2.462378,-2.496800,0.000456
44,244.589841,19,0.950000,0.678911,0.670285,0.638055,-0.591741,-0.584577,-0.428200,0.999111,-0.029801,0.029813,-0.000190,-0.101586,0.110238,0.000139,0.256431,2.394094,-2.456789,0.000349
44,244.589841,20,1.000000,0.649324,0.641057,0.616645,-0.563446,-0.556304,-0.445515,0.998946,-0.032338,0.032567,-0.000193,0.018118,-0.012602,0.000149,0.293104,1.566766,-1.631328,0.000265
44,244.589841,21,1.050000,0.621151,0.613241,0.594370,-0.528123,-0.521243,-0.395516,0.998971,-0.031885,0.032252,-0.000194,0.096457,-0.094168,0.000156,0.263056,0.800666,-0.857285,0.000193
44,244.589841,22,1.100000,0.594745,0.587179,0.574594,-0.496726,-0.490216,-0.400879,0.999118,-0.029476,0.029900,-0.000193,0.136491,-0.137032,0.000162,0.272763,0.159167,-0.194483,0.000142
44,244.589841,23,1.150000,0.569909,0.562668,0.554550,-0.466541,-0.460470,-0.388043,0.999309,-0.026067,0.026476,-0.000190,0.144450,-0.146755,0.000166,0.272427,-0.299523,0.287555,0.000093
44,244.589841,24,1.200000,0.546582,0.539645,0.535148,-0.439840,-0.434191,-0.375441,0.999488,-0.022459,0.022809,-0.000186,0.129475,-0.132377,0.000168,0.272273,-0.521555,0.527063,0.000043
44,244.589841,25,1.250000,0.524590,0.517935,0.516376,-0.416847,-0.411559,-0.362764,0.999625,-0.019224,0.019500,-0.000181,0.103398,-0.106023,0.000170,0.272039,-0.554469,0.569055,-0.000004
44,244.589841,26,1.300000,0.503747,0.497357,0.498238,-0.397203,-0.392201,-0.350245,0.999720,-0.016640,0.016850,-0.000176,0.075675,-0.077569,0.000169,0.271756,-0.473081,0.489565,-0.000043
44,244.589841,27,1.350000,0.483887,0.477747,0.480725,-0.380245,-0.375460,-0.338056,0.999780,-0.014749,0.014911,-0.000172,0.052021,-0.053091,0.000168,0.271460,-0.345990,0.359822,-0.000072
44,244.589841,28,1.400000,0.464875,0.458974,0.463823,-0.365254,-0.360637,-0.326295,0.999817,-0.013449,0.013584,-0.000167,0.034722,-0.035099,0.000166,0.271180,-0.220618,0.229807,-0.000093
44,244.589841,29,1.450000,0.446612,0.440943,0.447508,-0.351610,-0.347134,-0.314976,0.999840,-0.012581,0.012707,-0.000163,0.023692,-0.023609,0.000164,0.270925,-0.121673,0.126100,-0.000107
44,244.589841,30,1.500000,0.429032,0.423586,0.431759,-0.338860,-0.334514,-0.304084,0.999855,-0.011989,0.012117,-0.000159,0.017608,-0.017303,0.000160,0.270692,-0.056388,0.057008,-0.000116
44,244.589841,31,1.550000,0.412089,0.406860,0.416555,-0.326712,-0.322498,-0.293594,0.999865,-0.011549,0.011684,-0.000155,0.014789,-0.014453,0.000157,0.270475,-0.021278,0.019453,-0.000119
44,244.589841,32,1.600000,0.395753,0.390735,0.401875,-0.315007,-0.310932,-0.283485,0.999873,-0.011179,0.011323,-0.000152,0.013725,-0.013480,0.000154,0.270269,-0.007976,0.005024,-0.000118
44,244.589841,33,1.650000,0.380003,0.375189,0.387701,-0.303673,-0.299744,-0.273742,0.999881,-0.010836,0.010986,-0.000148,0.013326,-0.013229,0.000150,0.270071,-0.007337,0.004278,-0.000114
44,244.589841,34,1.700000,0.364819,0.360201,0.374014,-0.292684,-0.288908,-0.264349,0.999888,-0.010503,0.010655,-0.000144,0.012959,-0.013015,0.000147,0.269880,-0.011777,0.009254,-0.000107
44,244.589841,35,1.750000,0.350185,0.345756,0.360796,-0.282033,-0.278413,-0.255294,0.999895,-0.010179,0.010330,-0.000141,0.012371,-0.012552,0.000144,0.269696,-0.016210,0.014514,-0.000099
44,244.589841,36,1.800000,0.336083,0.331835,0.348032,-0.271714,-0.268247,-0.246567,0.999901,-0.009870,0.010016,-0.000137,0.011560,-0.011826,0.000141,0.269520,-0.018027,0.017181,-0.000091
44,244.589841,37,1.850000,0.322498,0.318423,0.335703,-0.261716,-0.258397,-0.238154,0.999907,-0.009581,0.009720,-0.000133,0.010659,-0.010967,0.000139,0.269350,-0.016575,0.016434,-0.000084
44,244.589841,38,1.900000,0.309412,0.305503,0.323796,-0.252018,-0.248842,-0.230044,0.999912,-0.009315,0.009446,-0.000130,0.009830,-0.010145,0.000136,0.269186,-0.012445,0.012788,-0.000078
44,244.589841,39,1.950000,0.296811,0.293061,0.312293,-0.242600,-0.239557,-0.222227,0.999917,-0.009069,0.009193,-0.000126,0.009208,-0.009506,0.000134,0.269028,-0.006810,0.007412,-0.000073
44,244.589841,40,2.000000,0.284681,0.281083,0.301182,-0.233440,-0.230523,-0.214692,0.999921,-0.008839,0.008955,-0.000123,0.008868,-0.009135,0.000132,0.268877,-0.000922,0.001599,-0.000069
44,244.589841,41,2.050000,0.273009,0.269557,0.290447,-0.224522,-0.221723,-0.207430,0.999925,-0.008617,0.008727,-0.000120,0.008822,-0.009055,0.000130,0.268730,0.004205,-0.003580,-0.000066
44,244.589841,42,2.100000,0.261783,0.258471,0.280076,-0.215836,-0.213148,-0.200431,0.999929,-0.008396,0.008500,-0.000116,0.009032,-0.009234,0.000128,0.268589,0.007933,-0.007426,-0.000063
44,244.589841,43,2.150000,0.250991,0.247814,0.270054,-0.207380,-0.204797,-0.193685,0.999932,-0.008171,0.008269,-0.000113,0.009428,-0.009606,0.000126,0.268453,0.010010,-0.009638,-0.000062
44,244.589841,44,2.200000,0.240622,0.237574,0.260370,-0.199158,-0.196675,-0.187185,0.999936,-0.007935,0.008029,-0.000110,0.009929,-0.010087,0.000125,0.268321,0.010500,-0.010247,-0.000060
44,244.589841,45,2.250000,0.230664,0.227740,0.251011,-0.191178,-0.188791,-0.180920,0.999940,-0.007687,0.007777,-0.000107,0.010454,-0.010600,0.000123,0.268195,0.009671,-0.009504,-0.000059
44,244.589841,46,2.300000,0.221105,0.218300,0.241965,-0.183452,-0.181156,-0.174882,0.999944,-0.007425,0.007512,-0.000104,0.010938,-0.011075,0.000121,0.268072,0.007890,-0.007773,-0.000058
44,244.589841,47,2.350000,0.211933,0.209243,0.233221,-0.175993,-0.173785,-0.169063,0.999948,-0.007152,0.007235,-0.000101,0.011332,-0.011464,0.000120,0.267954,0.005534,-0.005438,-0.000058
44,244.589841,48,2.400000,0.203133,0.200553,0.224768,-0.168813,-0.166689,-0.163455,0.999952,-0.006869,0.006949,-0.000098,0.011609,-0.011735,0.000118,0.267840,0.002928,-0.002832,-0.000057
44,244.589841,49,2.450000,0.194692,0.192219,0.216595,-0.161919,-0.159876,-0.158049,0.999956,-0.006578,0.006655,-0.000095,0.011755,-0.011877,0.000116,0.267730,0.000319,-0.000216,-0.000057
44,244.589841,50,2.500000,0.186596,0.184225,0.208692,-0.155319,-0.153354,-0.152840,0.999960,-0.006285,0.006358,-0.000092,0.011772,-0.011888,0.000115,0.267623,-0.002130,0.002241,-0.000057
44,244.589841,51,2.550000,0.178830,0.176557,0.201050,-0.149017,-0.147125,-0.147821,0.999964,-0.005990,0.006061,-0.000089,0.011665,-0.011776,0.000113,0.267521,-0.004327,0.004439,-0.000057
44,244.589841,52,2.600000,0.171380,0.169201,0.193659,-0.143011,-0.141190,-0.142984,0.999967,-0.005699,0.005767,-0.000086,0.011449,-0.011554,0.000112,0.267421,-0.006232,0.006336,-0.000057
44,244.589841,53,2.650000,0.164229,0.162142,0.186510,-0.137299,-0.135547,-0.138324,0.999970,-0.005413,0.005478,-0.000084,0.011137,-0.011237,0.000110,0.267325,-0.007836,0.007925,-0.000057
44,244.589841,54,2.700000,0.157364,0.155364,0.179594,-0.131875,-0.130188,-0.133835,0.999973,-0.005134,0.005197,-0.000081,0.010745,-0.010840,0.000108,0.267233,-0.009145,0.009214,-0.000057
44,244.589841,55,2.750000,0.150770,0.148855,0.172902,-0.126731,-0.125107,-0.129513,0.999976,-0.004866,0.004926,-0.000078,0.010288,-0.010380,0.000107,0.267143,-0.010170,0.010218,-0.000057
44,244.589841,56,2.800000,0.144434,0.142600,0.166427,-0.121856,-0.120294,-0.125351,0.999978,-0.004608,0.004667,-0.000075,0.009780,-0.009869,0.000105,0.267056,-0.010922,0.010951,-0.000058
44,244.589841,57,2.850000,0.138341,0.136585,0.160159,-0.117240,-0.115736,-0.121346,0.999981,-0.004364,0.004420,-0.000073,0.009234,-0.009321,0.000103,0.266972,-0.011410,0.011426,-0.000058
44,244.589841,58,2.900000,0.132479,0.130798,0.154092,-0.112870,-0.111422,-0.117491,0.999983,-0.004133,0.004187,-0.000070,0.008663,-0.008750,0.000102,0.266891,-0.011651,0.011659,-0.000058
44,244.589841,59,2.950000,0.126836,0.125227,0.148217,-0.108731,-0.107337,-0.113783,0.999984,-0.003916,0.003968,-0.000068,0.008081,-0.008167,0.000100,0.266812,-0.011660,0.011668,-0.000058
44,244.589841,60,3.000000,0.121399,0.119860,0.142528,-0.104810,-0.103467,-0.110217,0.999986,-0.003714,0.003764,-0.000065,0.007498,-0.007583,0.000098,0.266736,-0.011461,0.011475,-0.000058
44,244.589841,61,3.050000,0.116158,0.114687,0.137017,-0.101091,-0.099798,-0.106789,0.999987,-0.003527,0.003574,-0.000063,0.006925,-0.007010,0.000097,0.266662,-0.011079,0.011104,-0.000058
44,244.589841,62,3.100000,0.111104,0.109697,0.131678,-0.097561,-0.096315,-0.103495,0.999989,-0.003354,0.003399,-0.000060,0.006371,-0.006454,0.000095,0.266591,-0.010539,0.010577,-0.000058
44,244.589841,63,3.150000,0.106226,0.104881,0.126503,-0.094204,-0.093003,-0.100330,0.999990,-0.003195,0.003238,-0.000058,0.005844,-0.005926,0.000093,0.266522,-0.009860,0.009913,-0.000058
44,244.589841,64,3.200000,0.101516,0.100231,0.121486,-0.091008,-0.089850,-0.097291,0.999991,-0.003048,0.003090,-0.000056,0.005351,-0.005430,0.000092,0.266455,-0.009055,0.009121,-0.000058
44,244.589841,65,3.250000,0.096965,0.095738,0.116622,-0.087959,-0.086842,-0.094374,0.999991,-0.002915,0.002954,-0.000053,0.004898,-0.004974,0.000090,0.266391,-0.008127,0.008203,-0.000058
44,244.589841,66,3.300000,0.092567,0.091396,0.111903,-0.085045,-0.083966,-0.091575,0.999992,-0.002792,0.002829,-0.000051,0.004492,-0.004564,0.000088,0.266328,-0.007077,0.007159,-0.000058
44,244.589841,67,3.350000,0.088315,0.087198,0.107324,-0.082253,-0.081212,-0.088891,0.999993,-0.002680,0.002715,-0.000049,0.004138,-0.004206,0.000087,0.266267,-0.005911,0.005994,-0.000058
44,244.589841,68,3.400000,0.084202,0.083137,0.102880,-0.079576,-0.078569,-0.086318,0.999993,-0.002577,0.002610,-0.000047,0.003843,-0.003906,0.000085,0.266208,-0.004651,0.004730,-0.000058
44,244.589841,69,3.450000,0.080224,0.079209,0.098564,-0.077002,-0.076029,-0.083854,0.999994,-0.002480,0.002513,-0.000045,0.003610,-0.003670,0.000084,0.266151,-0.003343,0.003414,-0.000058
44,244.589841,70,3.500000,0.076374,0.075408,0.094371,-0.074525,-0.073584,-0.081494,0.999994,-0.002390,0.002421,-0.000042,0.003443,-0.003499,0.000082,0.266095,-0.002062,0.002124,-0.000058
44,244.589841,71,3.550000,0.072647,0.071728,0.090297,-0.072139,-0.071229,-0.079237,0.999995,-0.002304,0.002333,-0.000040,0.003340,-0.003393,0.000080,0.266041,-0.000906,0.000957,-0.000058
44,244.589841,72,3.600000,0.069040,0.068167,0.086335,-0.069840,-0.068958,-0.077079,0.999995,-0.002221,0.002249,-0.000038,0.003295,-0.003345,0.000079,0.265989,0.000027,0.000015,-0.000058
44,244.589841,73,3.650000,0.065548,0.064719,0.082481,-0.067624,-0.066771,-0.075018,0.999995,-0.002138,0.002165,-0.000036,0.003296,-0.003344,0.000077,0.265937,0.000675,-0.000640,-0.000059
44,244.589841,74,3.700000,0.062167,0.061380,0.078730,-0.065492,-0.064665,-0.073050,0.999996,-0.002056,0.002081,-0.000034,0.003330,-0.003376,0.000075,0.265888,0.001059,-0.001029,-0.000059
44,244.589841,75,3.750000,0.058893,0.058147,0.075077,-0.063442,-0.062640,-0.071174,0.999996,-0.001973,0.001997,-0.000033,0.003383,-0.003427,0.000074,0.265839,0.001330,-0.001303,-0.000060
44,244.589841,76,3.800000,0.055720,0.055015,0.071519,-0.061476,-0.060698,-0.069387,0.999996,-0.001888,0.001911,-0.000031,0.003449,-0.003493,0.000072,0.265792,0.001796,-0.001777,-0.000060
44,244.589841,77,3.850000,0.052647,0.051980,0.068049,-0.059594,-0.058840,-0.067687,0.999997,-0.001802,0.001824,-0.000029,0.003539,-0.003581,0.000070,0.265746,0.002911,-0.002908,-0.000061
44,244.589841,78,3.900000,0.049667,0.049038,0.064665,-0.057799,-0.057066,-0.066071,0.999997,-0.001713,0.001734,-0.000027,0.003685,-0.003727,0.000068,0.265701,0.005185,-0.005213,-0.000063
44,244.589841,79,3.950000,0.046777,0.046185,0.061361,-0.056092,-0.055380,-0.064538,0.999997,-0.001621,0.001641,-0.000025,0.003944,-0.003987,0.000067,0.265657,0.009014,-0.009096,-0.000064
44,244.589841,80,4.000000,0.043972,0.043416,0.058135,-0.054477,-0.053785,-0.063085,0.999998,-0.001523,0.001542,-0.000024,0.004395,-0.004442,0.000065,0.265614,0.014413,-0.014571,-0.000065
44,244.589841,81,4.050000,0.041248,0.040727,0.054980,-0.052961,-0.052287,-0.061711,0.999998,-0.001413,0.001431,-0.000022,0.005115,-0.005171,0.000063,0.265573,0.020673,-0.020920,-0.000066
44,244.589841,82,4.100000,0.038600,0.038112,0.051895,-0.051554,-0.050898,-0.060414,0.999998,-0.001285,0.001301,-0.000021,0.006149,-0.006217,0.000061,0.265532,0.026016,-0.026345,-0.000068
44,244.589841,83,4.150000,0.036023,0.035567,0.048874,-0.050274,-0.049634,-0.059192,0.999999,-0.001131,0.001146,-0.000019,0.007450,-0.007534,0.000059,0.265491,0.027348,-0.027710,-0.000068
44,244.589841,84,4.200000,0.033509,0.033086,0.045914,-0.049147,-0.048522,-0.058044,0.999999,-0.000945,0.000957,-0.000018,0.008817,-0.008919,0.000057,0.265452,0.020281,-0.020570,-0.000068
44,244.589841,85,4.250000,0.031052,0.030660,0.043012,-0.048206,-0.047593,-0.056968,0.999999,-0.000725,0.000735,-0.000016,0.009831,-0.009948,0.000055,0.265413,-0.000403,0.000361,-0.000068
44,244.589841,86,4.300000,0.028641,0.028280,0.040164,-0.047484,-0.046880,-0.055963,1.000000,-0.000479,0.000486,-0.000015,0.009811,-0.009930,0.000053,0.265375,-0.039619,0.040063,-0.000066
44,244.589841,87,4.350000,0.026267,0.025936,0.037366,-0.047006,-0.046410,-0.055028,1.000000,-0.000233,0.000238,-0.000013,0.007830,-0.007927,0.000051,0.265337,-0.100079,0.101285,-0.000062
44,244.589841,88,4.400000,0.023917,0.023616,0.034614,-0.046773,-0.046181,-0.054163,1.000000,-0.000038,0.000039,-0.000012,0.002826,-0.002862,0.000050,0.265300,-0.179615,0.181833,-0.000057
44,244.589841,89,4.450000,0.021578,0.021307,0.031906,-0.046734,-0.046143,-0.053366,1.000000,0.000033,-0.000032,-0.000011,-0.006155,0.006229,0.000048,0.265266,-0.268021,0.271371,-0.000051
44,244.589841,90,4.500000,0.019242,0.018999,0.029238,-0.046766,-0.046176,-0.052633,1.000000,-0.000121,0.000124,-0.000010,-0.019556,0.019798,0.000047,0.265234,-0.344065,0.348396,-0.000042
44,244.589841,91,4.550000,0.016903,0.016691,0.026606,-0.046644,-0.046057,-0.051960,1.000000,-0.000610,0.000618,-0.000009,-0.036759,0.037218,0.000045,0.265204,-0.373909,0.378634,-0.000034
44,244.589841,92,4.600000,0.014571,0.014388,0.024008,-0.046037,-0.045458,-0.051341,0.999998,-0.001529,0.001549,-0.000007,-0.055455,0.056149,0.000044,0.265172,-0.312809,0.316773,-0.000026
44,244.589841,93,4.650000,0.012269,0.012115,0.021441,-0.044516,-0.043957,-0.050786,0.999991,-0.002915,0.002953,-0.000006,-0.071095,0.071988,0.000044,0.265128,-0.112839,0.114278,-0.000023
44,244.589841,94,4.700000,0.010043,0.009917,0.018902,-0.041616,-0.041094,-0.050325,0.999978,-0.004692,0.004752,-0.000005,-0.076737,0.077701,0.000043,0.265062,0.259238,-0.262503,-0.000030
44,244.589841,95,4.750000,0.007963,0.007862,0.016386,-0.036951,-0.036487,-0.050013,0.999956,-0.006611,0.006695,-0.000004,-0.063775,0.064576,0.000042,0.264985,0.786687,-0.796607,-0.000055
44,244.589841,96,4.800000,0.006115,0.006038,0.013885,-0.030381,-0.030000,-0.049887,0.999932,-0.008205,0.008309,-0.000003,-0.024441,0.024746,0.000041,0.264951,1.338135,-1.354987,-0.000111
44,244.589841,97,4.850000,0.004596,0.004538,0.011391,-0.022227,-0.021949,-0.049870,0.999921,-0.008816,0.008928,-0.000002,0.042466,-0.043004,0.000037,0.265065,1.555456,-1.575010,-0.000218
44,244.589841,98,4.900000,0.003485,0.003440,0.008897,-0.013463,-0.013294,-0.049664,0.999939,-0.007755,0.007853,-0.000001,0.120238,-0.121754,0.000031,0.264765,0.669899,-0.678296,-0.000404
44,244.589841,99,4.950000,0.002811,0.002776,0.006414,-0.005763,-0.005691,-0.049978,0.999977,-0.004749,0.004809,-0.000000,0.153734,-0.155669,0.000020,0.291896,-3.074642,3.113342,-0.000713
44,244.589841,100,5.000000,0.002523,0.002491,0.003915,-0.000564,-0.000557,0.000020,0.999999,-0.000905,0.000917,0.000000,0.000002,-0.000002,-0.000001,0,0,0,0
45,245.028022,0,0.000000,1.011248,0.999042,0.981458,-0.013710,-0.010796,0.000636,0.999993,0.002501,-0.002667,0.000002,0.000000,0.000000,0.000000,0.237876,42.958568,-42.787320,-0.226326
45,245.028022,1,0.050000,1.010562,0.998502,0.981490,-0.016060,-0.012999,-0.049364,0.999993,0.002501,-0.002667,0.000002,2.147928,-2.139366,-0.006433,0.237876,-42.800359,42.625062,0.131505
45,245.028022,2,0.100000,1.009759,0.997852,0.979022,-0.018410,-0.015202,-0.099364,0.996857,0.056038,-0.055990,-0.000149,0.007388,-0.008637,-0.002695,0.240893,-0.148238,0.173286,0.072400
45,245.028022,3,0.150000,1.008839,0.997092,0.974053,-0.068215,-0.065034,-0.149364,0.996835,0.056226,-0.056202,-0.000218,-0.000025,0.000026,-0.000637,0.240915,0.000656,-0.000735,0.032386
45,245.028022,4,0.200000,1.005428,0.993841,0.966585,-0.118214,-0.115034,-0.199364,0.996835,0.056226,-0.056200,-0.000234,0.000008,-0.000011,0.000283,0.240915,-0.000413,0.000477,0.014063
45,245.028022,5,0.250000,0.999518,0.988089,0.956617,-0.168213,-0.165033,-0.249364,0.996835,0.056226,-0.056201,-0.000227,-0.000013,0.000013,0.000683,0.240915,0.000296,-0.000301,0.005216
45,245.028022,6,0.300000,0.991107,0.979837,0.944149,-0.218213,-0.215033,-0.299364,0.996835,0.056225,-0.056201,-0.000210,0.000002,-0.000002,0.000831,0.240915,-0.001050,0.000869,-0.000090
45,245.028022,7,0.350000,0.980196,0.969086,0.929181,-0.268212,-0.265032,-0.349364,0.996835,0.056224,-0.056203,-0.000189,-0.000050,0.000042,0.000829,0.240915,-0.141777,0.131319,-0.002775
45,245.028022,8,0.400000,0.966786,0.955834,0.911712,-0.318211,-0.315031,-0.399364,0.996835,0.056221,-0.056203,-0.000169,-0.007139,0.006608,0.000750,0.240915,-0.602771,0.595626,-0.003805
45,245.028022,9,0.450000,0.950875,0.940082,0.891744,-0.368209,-0.365029,-0.449363,0.996854,0.056043,-0.056039,-0.000151,-0.037278,0.036389,0.000642,0.240897,-2.672499,2.715878,-0.003838
45,245.028022,10,0.500000,0.932465,0.921831,0.869276,-0.418058,-0.414865,-0.499362,0.996957,0.055113,-0.055133,-0.000136,-0.170904,0.172182,0.000533,0.240797,-2.231578,2.120966,-0.003394
45,245.028022,11,0.550000,0.911562,0.901088,0.844308,-0.467085,-0.463861,-0.549361,0.997411,0.050852,-0.050841,-0.000121,-0.282486,0.278227,0.000436,0.266183,-0.641799,0.370703,-0.003813
45,245.028022,12,0.600000,0.888208,0.877895,0.816840,-0.517083,-0.513858,-0.552027,0.998075,0.043806,-0.043901,-0.000115,-0.314581,0.296757,0.000328,0.294132,-3.070673,3.175990,-0.004135
45,245.028022,13,0.650000,0.862353,0.852202,0.789238,-0.564821,-0.561482,-0.502029,0.998687,0.035955,-0.036493,-0.000127,-0.468118,0.455553,0.000210,0.239126,-1.847272,2.056477,-0.002400
45,245.028022,14,0.700000,0.834112,0.824128,0.764137,-0.597102,-0.593280,-0.552027,0.999390,0.024266,-0.025115,-0.000140,-0.560485,0.558373,0.000142,0.292583,0.112519,0.039962,-0.000684
45,245.028022,15,0.750000,0.804257,0.794464,0.736536,-0.624305,-0.619556,-0.502028,0.999885,0.010262,-0.011160,-0.000149,-0.554862,0.560368,0.000123,0.255459,1.680297,-1.600569,0.000240
45,245.028022,16,0.800000,0.773042,0.763486,0.711434,-0.634864,-0.629263,-0.519673,0.999989,-0.003605,0.002849,-0.000157,-0.470850,0.480337,0.000129,0.291882,2.310213,-2.285180,0.000516
45,245.028022,17,0.850000,0.741299,0.732023,0.685451,-0.631783,-0.625366,-0.469674,0.999771,-0.015372,0.014857,-0.000164,-0.355342,0.366075,0.000144,0.260506,2.640066,-2.647710,0.000520
45,245.028022,18,0.900000,0.709710,0.700754,0.661967,-0.617449,-0.610540,-0.478197,0.999418,-0.024250,0.024007,-0.000169,-0.223340,0.233688,0.000159,0.292551,2.460624,-2.495443,0.000422
45,245.028022,19,0.950000,0.678837,0.670227,0.638057,-0.591448,-0.584284,-0.428198,0.999109,-0.029828,0.029846,-0.000173,-0.100311,0.108915,0.000171,0.256452,2.399115,-2.462590,0.000301
45,245.028022,20,1.000000,0.649265,0.641013,0.616647,-0.563120,-0.555982,-0.445478,0.998946,-0.032333,0.032566,-0.000175,0.019644,-0.014216,0.000179,0.293104,1.558039,-1.622687,0.000209
45,245.028022,21,1.050000,0.621109,0.613214,0.594373,-0.527799,-0.520925,-0.395479,0.998974,-0.031842,0.032211,-0.000175,0.097546,-0.095350,0.000185,0.263082,0.786994,-0.843164,0.000130
45,245.028022,22,1.100000,0.594719,0.587168,0.574599,-0.496439,-0.489936,-0.400790,0.999122,-0.029406,0.029830,-0.000173,0.136897,-0.137507,0.000189,0.272699,0.146594,-0.181090,0.000074
45,245.028022,23,1.150000,0.569897,0.562671,0.554560,-0.466333,-0.460267,-0.388064,0.999314,-0.025987,0.026394,-0.000169,0.144228,-0.146561,0.000191,0.272421,-0.308457,0.297351,0.000022
45,245.028022,24,1.200000,0.546580,0.539658,0.535157,-0.439716,-0.434070,-0.375465,0.999491,-0.022384,0.022732,-0.000164,0.128806,-0.131692,0.000192,0.272278,-0.525225,0.531354,-0.000030
45,245.028022,25,1.250000,0.524594,0.517954,0.516383,-0.416800,-0.411512,-0.362774,0.999627,-0.019166,0.019441,-0.000159,0.102545,-0.105124,0.000191,0.272039,-0.553528,0.568368,-0.000077
45,245.028022,26,1.300000,0.503754,0.497379,0.498245,-0.397217,-0.392212,-0.350249,0.999721,-0.016603,0.016813,-0.000154,0.074870,-0.076704,0.000189,0.271756,-0.469264,0.485661,-0.000115
45,245.028022,27,1.350000,0.483894,0.477768,0.480732,-0.380297,-0.375507,-0.338060,0.999781,-0.014732,0.014896,-0.000148,0.051407,-0.052421,0.000185,0.271459,-0.341198,0.354712,-0.000143
45,245.028022,28,1.400000,0.464879,0.458993,0.463829,-0.365322,-0.360701,-0.326299,0.999817,-0.013448,0.013585,-0.000144,0.034348,-0.034685,0.000181,0.271180,-0.216307,0.225076,-0.000163
45,245.028022,29,1.450000,0.446613,0.440958,0.447514,-0.351678,-0.347199,-0.314981,0.999840,-0.012589,0.012718,-0.000139,0.023533,-0.023431,0.000177,0.270925,-0.118618,0.122636,-0.000175
45,245.028022,30,1.500000,0.429029,0.423598,0.431765,-0.338916,-0.334571,-0.304089,0.999854,-0.012001,0.012133,-0.000135,0.017602,-0.017299,0.000172,0.270692,-0.054750,0.055045,-0.000182
45,245.028022,31,1.550000,0.412083,0.406869,0.416561,-0.326752,-0.322543,-0.293599,0.999865,-0.011561,0.011700,-0.000131,0.014864,-0.014547,0.000167,0.270475,-0.020808,0.018774,-0.000183
45,245.028022,32,1.600000,0.395745,0.390742,0.401881,-0.315032,-0.310964,-0.283490,0.999873,-0.011189,0.011337,-0.000127,0.013824,-0.013608,0.000161,0.270269,-0.008246,0.005198,-0.000180
45,245.028022,33,1.650000,0.379994,0.375194,0.387706,-0.303684,-0.299767,-0.273747,0.999881,-0.010844,0.010996,-0.000123,0.013412,-0.013348,0.000156,0.270071,-0.007917,0.004856,-0.000174
45,245.028022,34,1.700000,0.364810,0.360205,0.374019,-0.292685,-0.288923,-0.264354,0.999888,-0.010508,0.010663,-0.000119,0.013016,-0.013105,0.000151,0.269880,-0.012347,0.009886,-0.000166
45,245.028022,35,1.750000,0.350175,0.345759,0.360801,-0.282026,-0.278422,-0.255299,0.999895,-0.010183,0.010335,-0.000115,0.012399,-0.012611,0.000147,0.269697,-0.016593,0.014993,-0.000156
45,245.028022,36,1.800000,0.336074,0.331838,0.348036,-0.271703,-0.268252,-0.246572,0.999901,-0.009873,0.010020,-0.000112,0.011569,-0.011861,0.000142,0.269520,-0.018178,0.017439,-0.000147
45,245.028022,37,1.850000,0.322489,0.318426,0.335708,-0.261701,-0.258399,-0.238158,0.999907,-0.009584,0.009723,-0.000108,0.010660,-0.010989,0.000138,0.269350,-0.016540,0.016500,-0.000138
45,245.028022,38,1.900000,0.309404,0.305506,0.323800,-0.252000,-0.248840,-0.230049,0.999912,-0.009317,0.009449,-0.000104,0.009833,-0.010164,0.000134,0.269186,-0.012310,0.012742,-0.000130
45,245.028022,39,1.950000,0.296804,0.293064,0.312297,-0.242580,-0.239552,-0.222232,0.999917,-0.009072,0.009195,-0.000101,0.009218,-0.009527,0.000130,0.269029,-0.006663,0.007340,-0.000124
45,245.028022,40,2.000000,0.284675,0.281086,0.301186,-0.233418,-0.230515,-0.214697,0.999921,-0.008841,0.008957,-0.000098,0.008885,-0.009160,0.000127,0.268877,-0.000826,0.001565,-0.000118
45,245.028022,41,2.050000,0.273004,0.269560,0.290451,-0.224499,-0.221712,-0.207434,0.999925,-0.008619,0.008728,-0.000095,0.008844,-0.009081,0.000123,0.268731,0.004223,-0.003545,-0.000113
45,245.028022,42,2.100000,0.261779,0.258475,0.280079,-0.215812,-0.213135,-0.200435,0.999929,-0.008398,0.008501,-0.000091,0.009055,-0.009258,0.000120,0.268589,0.007879,-0.007327,-0.000109
45,245.028022,43,2.150000,0.250988,0.247818,0.270057,-0.207356,-0.204782,-0.193689,0.999932,-0.008172,0.008269,-0.000088,0.009449,-0.009625,0.000117,0.268453,0.009915,-0.009503,-0.000106
45,245.028022,44,2.200000,0.240621,0.237579,0.260373,-0.199134,-0.196658,-0.187188,0.999936,-0.007935,0.008029,-0.000085,0.009945,-0.010100,0.000114,0.268322,0.010402,-0.010114,-0.000103
45,245.028022,45,2.250000,0.230664,0.227746,0.251014,-0.191155,-0.188773,-0.180923,0.999940,-0.007687,0.007776,-0.000083,0.010465,-0.010606,0.000111,0.268195,0.009606,-0.009409,-0.000100
45,245.028022,46,2.300000,0.221106,0.218307,0.241967,-0.183431,-0.181139,-0.174885,0.999944,-0.007425,0.007511,-0.000080,0.010945,-0.011076,0.000108,0.268072,0.007881,-0.007740,-0.000097
45,245.028022,47,2.350000,0.211935,0.209250,0.233223,-0.175973,-0.173768,-0.169066,0.999948,-0.007152,0.007234,-0.000077,0.011339,-0.011463,0.000106,0.267954,0.005585,-0.005473,-0.000095
45,245.028022,48,2.400000,0.203136,0.200562,0.224770,-0.168794,-0.166671,-0.163457,0.999952,-0.006868,0.006947,-0.000074,0.011619,-0.011736,0.000103,0.267840,0.003028,-0.002925,-0.000093
45,245.028022,49,2.450000,0.194696,0.192228,0.216597,-0.161902,-0.159859,-0.158052,0.999956,-0.006578,0.006654,-0.000072,0.011770,-0.011883,0.000100,0.267730,0.000443,-0.000341,-0.000090
45,245.028022,50,2.500000,0.186601,0.184235,0.208694,-0.155303,-0.153337,-0.152843,0.999960,-0.006283,0.006357,-0.000069,0.011792,-0.011900,0.000098,0.267624,-0.002013,0.002114,-0.000088
45,245.028022,51,2.550000,0.178836,0.176569,0.201052,-0.149002,-0.147110,-0.147823,0.999964,-0.005989,0.006060,-0.000067,0.011691,-0.011794,0.000095,0.267521,-0.004249,0.004343,-0.000086
45,245.028022,52,2.600000,0.171386,0.169213,0.193661,-0.142998,-0.141177,-0.142986,0.999967,-0.005696,0.005765,-0.000065,0.011479,-0.011577,0.000093,0.267422,-0.006216,0.006298,-0.000084
45,245.028022,53,2.650000,0.164236,0.162154,0.186512,-0.137288,-0.135535,-0.138326,0.999970,-0.005409,0.005475,-0.000062,0.011168,-0.011262,0.000090,0.267326,-0.007898,0.007961,-0.000082
45,245.028022,54,2.700000,0.157372,0.155377,0.179596,-0.131867,-0.130180,-0.133837,0.999973,-0.005130,0.005194,-0.000060,0.010773,-0.010864,0.000088,0.267233,-0.009286,0.009328,-0.000080
45,245.028022,55,2.750000,0.150778,0.148868,0.172904,-0.126726,-0.125103,-0.129514,0.999976,-0.004861,0.004922,-0.000058,0.010309,-0.010397,0.000086,0.267143,-0.010379,0.010401,-0.000079
45,245.028022,56,2.800000,0.144442,0.142613,0.166428,-0.121856,-0.120293,-0.125353,0.999979,-0.004603,0.004662,-0.000056,0.009790,-0.009877,0.000083,0.267056,-0.011178,0.011184,-0.000077
45,245.028022,57,2.850000,0.138349,0.136599,0.160160,-0.117245,-0.115741,-0.121347,0.999981,-0.004358,0.004415,-0.000054,0.009231,-0.009318,0.000081,0.266972,-0.011688,0.011683,-0.000075
45,245.028022,58,2.900000,0.132487,0.130812,0.154093,-0.112879,-0.111431,-0.117492,0.999983,-0.004128,0.004182,-0.000052,0.008647,-0.008734,0.000079,0.266891,-0.011918,0.011909,-0.000073
45,245.028022,59,2.950000,0.126843,0.125240,0.148218,-0.108744,-0.107352,-0.113784,0.999984,-0.003912,0.003964,-0.000050,0.008051,-0.008138,0.000077,0.266812,-0.011887,0.011882,-0.000071
45,245.028022,60,3.000000,0.121406,0.119872,0.142529,-0.104827,-0.103486,-0.110218,0.999986,-0.003710,0.003761,-0.000048,0.007457,-0.007544,0.000075,0.266736,-0.011624,0.011628,-0.000069
45,245.028022,61,3.050000,0.116164,0.114698,0.137018,-0.101112,-0.099821,-0.106790,0.999987,-0.003524,0.003572,-0.000046,0.006876,-0.006963,0.000073,0.266662,-0.011162,0.011179,-0.000068
45,245.028022,62,3.100000,0.111109,0.109707,0.131679,-0.097584,-0.096341,-0.103496,0.999989,-0.003352,0.003398,-0.000044,0.006318,-0.006404,0.000071,0.266591,-0.010536,0.010569,-0.000066
45,245.028022,63,3.150000,0.106230,0.104890,0.126504,-0.094229,-0.093032,-0.100331,0.999990,-0.003194,0.003238,-0.000042,0.005791,-0.005875,0.000069,0.266522,-0.009775,0.009824,-0.000064
45,245.028022,64,3.200000,0.101518,0.100238,0.121487,-0.091033,-0.089879,-0.097292,0.999991,-0.003049,0.003091,-0.000040,0.005302,-0.005384,0.000068,0.266455,-0.008902,0.008965,-0.000062
45,245.028022,65,3.250000,0.096966,0.095744,0.116623,-0.087982,-0.086870,-0.094375,0.999991,-0.002917,0.002956,-0.000039,0.004857,-0.004936,0.000066,0.266391,-0.007929,0.008003,-0.000060
45,245.028022,66,3.300000,0.092567,0.091401,0.111904,-0.085066,-0.083992,-0.091576,0.999992,-0.002795,0.002833,-0.000037,0.004461,-0.004536,0.000064,0.266328,-0.006860,0.006941,-0.000058
45,245.028022,67,3.350000,0.088314,0.087201,0.107325,-0.082271,-0.081235,-0.088892,0.999993,-0.002684,0.002719,-0.000036,0.004118,-0.004189,0.000062,0.266267,-0.005701,0.005785,-0.000057
45,245.028022,68,3.400000,0.084201,0.083140,0.102881,-0.079589,-0.078589,-0.086319,0.999993,-0.002581,0.002615,-0.000034,0.003833,-0.003899,0.000061,0.266208,-0.004469,0.004551,-0.000055
45,245.028022,69,3.450000,0.080221,0.079210,0.098565,-0.077011,-0.076044,-0.083855,0.999994,-0.002485,0.002517,-0.000032,0.003609,-0.003672,0.000059,0.266151,-0.003201,0.003277,-0.000053
45,245.028022,70,3.500000,0.076370,0.075408,0.094372,-0.074530,-0.073595,-0.081495,0.999994,-0.002395,0.002425,-0.000031,0.003449,-0.003508,0.000058,0.266095,-0.001961,0.002028,-0.000051
45,245.028022,71,3.550000,0.072644,0.071728,0.090297,-0.072139,-0.071235,-0.079238,0.999995,-0.002309,0.002338,-0.000030,0.003351,-0.003407,0.000056,0.266041,-0.000834,0.000891,-0.000050
45,245.028022,72,3.600000,0.069037,0.068166,0.086335,-0.069836,-0.068960,-0.077080,0.999995,-0.002225,0.002253,-0.000028,0.003309,-0.003362,0.000055,0.265989,0.000091,-0.000042,-0.000048
45,245.028022,73,3.650000,0.065545,0.064718,0.082481,-0.067616,-0.066768,-0.075018,0.999995,-0.002142,0.002169,-0.000027,0.003314,-0.003364,0.000053,0.265937,0.000754,-0.000713,-0.000047
45,245.028022,74,3.700000,0.062164,0.061380,0.078730,-0.065481,-0.064659,-0.073051,0.999996,-0.002059,0.002084,-0.000025,0.003352,-0.003400,0.000052,0.265888,0.001172,-0.001135,-0.000045
45,245.028022,75,3.750000,0.058890,0.058147,0.075078,-0.063428,-0.062631,-0.071175,0.999996,-0.001975,0.001999,-0.000024,0.003410,-0.003457,0.000051,0.265839,0.001480,-0.001448,-0.000044
45,245.028022,76,3.800000,0.055719,0.055016,0.071519,-0.061459,-0.060686,-0.069388,0.999996,-0.001890,0.001913,-0.000023,0.003484,-0.003529,0.000050,0.265792,0.001964,-0.001939,-0.000044
45,245.028022,77,3.850000,0.052646,0.051981,0.068050,-0.059576,-0.058825,-0.067687,0.999997,-0.001803,0.001825,-0.000022,0.003582,-0.003626,0.000048,0.265746,0.003049,-0.003040,-0.000043
45,245.028022,78,3.900000,0.049667,0.049040,0.064665,-0.057780,-0.057051,-0.066072,0.999997,-0.001713,0.001734,-0.000020,0.003735,-0.003778,0.000047,0.265701,0.005224,-0.005245,-0.000043
45,245.028022,79,3.950000,0.046778,0.046187,0.061362,-0.056073,-0.055365,-0.064538,0.999997,-0.001620,0.001640,-0.000019,0.003996,-0.004040,0.000046,0.265657,0.008877,-0.008950,-0.000042
45,245.028022,80,4.000000,0.043975,0.043419,0.058135,-0.054460,-0.053771,-0.063086,0.999998,-0.001520,0.001539,-0.000018,0.004440,-0.004488,0.000045,0.265614,0.014037,-0.014183,-0.000042
45,245.028022,81,4.050000,0.041252,0.040731,0.054981,-0.052946,-0.052275,-0.061712,0.999998,-0.001409,0.001427,-0.000017,0.005142,-0.005197,0.000044,0.265573,0.020042,-0.020276,-0.000042
45,245.028022,82,4.100000,0.038604,0.038117,0.051895,-0.051543,-0.050889,-0.060415,0.999998,-0.001281,0.001297,-0.000016,0.006144,-0.006211,0.000042,0.265532,0.025192,-0.025506,-0.000042
45,245.028022,83,4.150000,0.036027,0.035572,0.048874,-0.050268,-0.049630,-0.059193,0.999999,-0.001127,0.001141,-0.000015,0.007403,-0.007486,0.000041,0.265491,0.026490,-0.026838,-0.000041
45,245.028022,84,4.200000,0.033514,0.033091,0.045915,-0.049145,-0.048521,-0.058044,0.999999,-0.000942,0.000954,-0.000014,0.008728,-0.008828,0.000040,0.265452,0.019640,-0.019919,-0.000040
45,245.028022,85,4.250000,0.031057,0.030665,0.043013,-0.048207,-0.047595,-0.056968,0.999999,-0.000724,0.000734,-0.000013,0.009710,-0.009824,0.000039,0.265413,-0.000521,0.000480,-0.000038
45,245.028022,86,4.300000,0.028646,0.028285,0.040164,-0.047486,-0.046884,-0.055963,1.000000,-0.000481,0.000488,-0.000012,0.009684,-0.009800,0.000038,0.265375,-0.038934,0.039367,-0.000035
45,245.028022,87,4.350000,0.026272,0.025941,0.037366,-0.047007,-0.046411,-0.055028,1.000000,-0.000239,0.000243,-0.000011,0.007737,-0.007831,0.000037,0.265337,-0.098455,0.099636,-0.000031
45,245.028022,88,4.400000,0.023922,0.023620,0.034615,-0.046768,-0.046176,-0.054163,1.000000,-0.000046,0.000047,-0.000010,0.002814,-0.002849,0.000036,0.265300,-0.177198,0.179379,-0.000025
45,245.028022,89,4.450000,0.021583,0.021312,0.031906,-0.046722,-0.046131,-0.053366,1.000000,0.000025,-0.000024,-0.000009,-0.006045,0.006119,0.000035,0.265266,-0.265338,0.268648,-0.000017
45,245.028022,90,4.500000,0.019247,0.019005,0.029238,-0.046745,-0.046156,-0.052633,1.000000,-0.000126,0.000129,-0.000008,-0.019312,0.019552,0.000035,0.265234,-0.342049,0.346348,-0.000007
45,245.028022,91,4.550000,0.016910,0.016697,0.026606,-0.046619,-0.046032,-0.051960,1.000000,-0.000609,0.000618,-0.000007,-0.036415,0.036869,0.000034,0.265204,-0.373743,0.378463,0.000003
45,245.028022,92,4.600000,0.014579,0.014396,0.024008,-0.046012,-0.045433,-0.051342,0.999998,-0.001519,0.001539,-0.000006,-0.055102,0.055792,0.000035,0.265172,-0.315539,0.319538,0.000012
45,245.028022,93,4.650000,0.012278,0.012124,0.021441,-0.044500,-0.043941,-0.050787,0.999991,-0.002897,0.002934,-0.000006,-0.070879,0.071769,0.000035,0.265128,-0.118714,0.120233,0.000016
45,245.028022,94,4.700000,0.010053,0.009927,0.018902,-0.041619,-0.041097,-0.050326,0.999978,-0.004669,0.004728,-0.000005,-0.076815,0.077781,0.000035,0.265063,0.251609,-0.254768,0.000012
45,245.028022,95,4.750000,0.007972,0.007872,0.016386,-0.036977,-0.036513,-0.050013,0.999956,-0.006589,0.006673,-0.000004,-0.064235,0.065042,0.000036,0.264986,0.781007,-0.790843,-0.000011
45,245.028022,96,4.800000,0.006124,0.006046,0.013885,-0.030428,-0.030047,-0.049885,0.999932,-0.008195,0.008299,-0.000003,-0.025184,0.025500,0.000035,0.264951,1.340065,-1.356929,-0.000065
45,245.028022,97,4.850000,0.004602,0.004544,0.011391,-0.022285,-0.022005,-0.049868,0.999921,-0.008825,0.008936,-0.000002,0.041819,-0.042346,0.000034,0.265061,1.569398,-1.589121,-0.000169
45,245.028022,98,4.900000,0.003488,0.003444,0.008897,-0.013513,-0.013343,-0.049670,0.999939,-0.007779,0.007878,-0.000001,0.120289,-0.121803,0.000029,0.264768,0.689397,-0.698049,-0.000355
45,245.028022,99,4.950000,0.002812,0.002777,0.006414,-0.005788,-0.005715,-0.049979,0.999977,-0.004772,0.004833,-0.000000,0.154759,-0.156705,0.000019,0.291896,-3.095126,3.134041,-0.000664
45,245.028022,100,5.000000,0.002523,0.002491,0.003915,-0.000564,-0.000556,0.000020,0.999999,-0.000903,0.000915,-0.000000,0.000003,-0.000003,-0.000000,0,0,0,0
46,230.342341,0,0.000000,1.011248,0.999042,0.981458,-0.013710,-0.010796,0.000636,0.999993,0.002501,-0.002667,0.000002,0.000000,0.000000,0.000000,0.237876,43.028961,-42.871989,-0.227312
46,230.342341,1,0.050000,1.010562,0.998502,0.981490,-0.016060,-0.012999,-0.049364,0.999993,0.002501,-0.002667,0.000002,2.151448,-2.143599,-0.006461,0.237876,-42.941119,42.794428,0.131985
46,230.342341,2,0.100000,1.009759,0.997852,0.979022,-0.018410,-0.015202,-0.099364,0.996847,0.056125,-0.056095,-0.000150,0.003866,-0.004406,-0.002710,0.240904,-0.078230,0.089090,0.072221
46,230.342341,3,0.150000,1.008839,0.997092,0.974053,-0.068310,-0.065114,-0.149364,0.996835,0.056226,-0.056201,-0.000218,-0.000045,0.000048,-0.000657,0.240915,0.000922,-0.001077,0.031995
46,230.342341,4,0.200000,1.005424,0.993837,0.966585,-0.118309,-0.115113,-0.199364,0.996835,0.056225,-0.056199,-0.000235,0.000001,-0.000005,0.000253,0.240915,-0.000398,0.000527,0.013664
46,230.342341,5,0.250000,0.999508,0.988081,0.956617,-0.168307,-0.165111,-0.249363,0.996835,0.056225,-0.056199,-0.000228,-0.000019,0.000021,0.000641,0.240915,0.000256,-0.000290,0.004898
46,230.342341,6,0.300000,0.991093,0.979825,0.944149,-0.218305,-0.215109,-0.299363,0.996835,0.056224,-0.056200,-0.000212,-0.000006,0.000006,0.000780,0.240915,-0.001965,0.001650,-0.000294
46,230.342341,7,0.350000,0.980177,0.969070,0.929181,-0.268303,-0.265107,-0.349362,0.996835,0.056222,-0.056201,-0.000193,-0.000105,0.000089,0.000772,0.240916,-0.135477,0.124929,-0.002865
46,230.342341,8,0.400000,0.966762,0.955815,0.911713,-0.318301,-0.315105,-0.399361,0.996836,0.056219,-0.056200,-0.000174,-0.006879,0.006335,0.000691,0.240916,-0.604954,0.597681,-0.003798
46,230.342341,9,0.450000,0.950847,0.940059,0.891745,-0.368297,-0.365100,-0.449359,0.996854,0.056046,-0.056043,-0.000157,-0.037126,0.036219,0.000583,0.240899,-2.680912,2.724456,-0.003759
46,230.342341,10,0.500000,0.932432,0.921804,0.869277,-0.418149,-0.414940,-0.499355,0.996956,0.055120,-0.055141,-0.000144,-0.171173,0.172441,0.000476,0.240801,-2.234434,2.123702,-0.003265
46,230.342341,11,0.550000,0.911525,0.901057,0.844309,-0.467184,-0.463943,-0.549348,0.997411,0.050853,-0.050842,-0.000130,-0.282898,0.278623,0.000383,0.266132,-0.642334,0.370269,-0.003663
46,230.342341,12,0.600000,0.888166,0.877860,0.816842,-0.517174,-0.513931,-0.552108,0.998076,0.043797,-0.043892,-0.000126,-0.315018,0.297133,0.000279,0.294128,-3.089035,3.196451,-0.003974
46,230.342341,13,0.650000,0.862307,0.852164,0.789236,-0.564902,-0.561545,-0.502114,0.998688,0.035935,-0.036475,-0.000140,-0.469473,0.456952,0.000166,0.239128,-1.843682,2.054209,-0.002228
46,230.342341,14,0.700000,0.834062,0.824086,0.764130,-0.597169,-0.593325,-0.552105,0.999393,0.024212,-0.025061,-0.000153,-0.561660,0.559659,0.000102,0.292577,0.129677,0.022340,-0.000525
46,230.342341,15,0.750000,0.804203,0.794420,0.736525,-0.624313,-0.619542,-0.502111,0.999887,0.010179,-0.011074,-0.000164,-0.555179,0.560774,0.000088,0.255512,1.699276,-1.620727,0.000372
46,230.342341,16,0.800000,0.772988,0.763443,0.711420,-0.634793,-0.629172,-0.519655,0.999989,-0.003696,0.002946,-0.000172,-0.470217,0.479736,0.000098,0.291880,2.319645,-2.295644,0.000620
46,230.342341,17,0.850000,0.741248,0.731984,0.685437,-0.631608,-0.625178,-0.469662,0.999769,-0.015447,0.014939,-0.000180,-0.354236,0.364952,0.000116,0.260528,2.644112,-2.652282,0.000603
46,230.342341,18,0.900000,0.709668,0.700725,0.661954,-0.617194,-0.610279,-0.478147,0.999415,-0.024297,0.024060,-0.000185,-0.222032,0.232336,0.000133,0.292551,2.458018,-2.493270,0.000490
46,230.342341,19,0.950000,0.678808,0.670212,0.638046,-0.591135,-0.583973,-0.428154,0.999108,-0.029842,0.029865,-0.000190,-0.099132,0.107672,0.000147,0.256314,2.403508,-2.467811,0.000359
46,230.342341,20,1.000000,0.649251,0.641013,0.616639,-0.562803,-0.555674,-0.445690,0.998947,-0.032318,0.032555,-0.000192,0.021042,-0.015719,0.000157,0.293100,1.549120,-1.613879,0.000260
46,230.342341,21,1.050000,0.621111,0.613229,0.594354,-0.527493,-0.520635,-0.395696,0.998977,-0.031792,0.032163,-0.000193,0.098498,-0.096413,0.000164,0.263040,0.773579,-0.829297,0.000177
46,230.342341,22,1.100000,0.594736,0.587197,0.574569,-0.496186,-0.489701,-0.401078,0.999127,-0.029332,0.029754,-0.000191,0.137178,-0.137877,0.000169,0.272810,0.134665,-0.168316,0.000118
46,230.342341,23,1.150000,0.569927,0.562712,0.554515,-0.466143,-0.460095,-0.388138,0.999318,-0.025906,0.026309,-0.000188,0.143912,-0.146292,0.000173,0.272474,-0.316540,0.306344,0.000064
46,230.342341,24,1.200000,0.546620,0.539708,0.535109,-0.439606,-0.433974,-0.375432,0.999494,-0.022311,0.022654,-0.000183,0.128086,-0.130974,0.000175,0.272285,-0.528041,0.534860,0.000011
46,230.342341,25,1.250000,0.524640,0.518009,0.516337,-0.416768,-0.411490,-0.362721,0.999630,-0.019111,0.019380,-0.000179,0.101685,-0.104230,0.000175,0.272037,-0.551891,0.567081,-0.000037
46,230.342341,26,1.300000,0.503801,0.497434,0.498201,-0.397245,-0.392246,-0.350194,0.999722,-0.016570,0.016775,-0.000174,0.074091,-0.075876,0.000174,0.271752,-0.464996,0.481423,-0.000074
46,230.342341,27,1.350000,0.483939,0.477822,0.480691,-0.380363,-0.375576,-0.338010,0.999781,-0.014718,0.014878,-0.000169,0.050842,-0.051804,0.000172,0.271455,-0.336214,0.349540,-0.000101
46,230.342341,28,1.400000,0.464921,0.459043,0.463791,-0.365405,-0.360785,-0.326255,0.999817,-0.013448,0.013583,-0.000164,0.034031,-0.034327,0.000169,0.271177,-0.212024,0.220510,-0.000119
46,230.342341,29,1.450000,0.446651,0.441004,0.447478,-0.351763,-0.347283,-0.314942,0.999840,-0.012597,0.012725,-0.000160,0.023430,-0.023301,0.000166,0.270923,-0.115750,0.119489,-0.000130
46,230.342341,30,1.500000,0.429062,0.423640,0.431731,-0.338994,-0.334647,-0.304054,0.999854,-0.012011,0.012143,-0.000156,0.017643,-0.017326,0.000162,0.270691,-0.053391,0.053476,-0.000136
46,230.342341,31,1.550000,0.412113,0.406907,0.416528,-0.326820,-0.322609,-0.293567,0.999864,-0.011570,0.011710,-0.000152,0.014974,-0.014652,0.000158,0.270474,-0.020653,0.018501,-0.000136
46,230.342341,32,1.600000,0.395772,0.390777,0.401850,-0.315090,-0.311021,-0.283460,0.999873,-0.011196,0.011343,-0.000149,0.013941,-0.013727,0.000154,0.270268,-0.008823,0.005744,-0.000133
46,230.342341,33,1.650000,0.380017,0.375226,0.387677,-0.303735,-0.299817,-0.273718,0.999881,-0.010848,0.011000,-0.000145,0.013500,-0.013440,0.000150,0.270070,-0.008769,0.005741,-0.000126
46,230.342341,34,1.700000,0.364831,0.360235,0.373991,-0.292732,-0.288970,-0.264327,0.999888,-0.010510,0.010664,-0.000141,0.013062,-0.013153,0.000147,0.269880,-0.013136,0.010741,-0.000118
46,230.342341,35,1.750000,0.350194,0.345787,0.360775,-0.282072,-0.278467,-0.255274,0.999895,-0.010184,0.010335,-0.000137,0.012405,-0.012616,0.000143,0.269696,-0.017134,0.015607,-0.000109
46,230.342341,36,1.800000,0.336090,0.331863,0.348011,-0.271748,-0.268297,-0.246547,0.999901,-0.009874,0.010020,-0.000134,0.011548,-0.011835,0.000140,0.269519,-0.018424,0.017744,-0.000100
46,230.342341,37,1.850000,0.322503,0.318448,0.335683,-0.261745,-0.258444,-0.238135,0.999907,-0.009585,0.009724,-0.000130,0.010627,-0.010948,0.000137,0.269349,-0.016538,0.016532,-0.000092
46,230.342341,38,1.900000,0.309416,0.305526,0.323777,-0.252044,-0.248884,-0.230027,0.999912,-0.009319,0.009451,-0.000127,0.009800,-0.010122,0.000135,0.269186,-0.012154,0.012591,-0.000085
46,230.342341,39,1.950000,0.296814,0.293082,0.312275,-0.242622,-0.239595,-0.222211,0.999917,-0.009074,0.009198,-0.000123,0.009193,-0.009492,0.000132,0.269028,-0.006450,0.007107,-0.000079
46,230.342341,40,2.000000,0.284682,0.281102,0.301165,-0.233457,-0.230555,-0.214677,0.999921,-0.008844,0.008960,-0.000120,0.008870,-0.009137,0.000130,0.268876,-0.000631,0.001330,-0.000075
46,230.342341,41,2.050000,0.273010,0.269574,0.290431,-0.224534,-0.221749,-0.207415,0.999925,-0.008623,0.008732,-0.000117,0.008839,-0.009070,0.000128,0.268730,0.004360,-0.003733,-0.000071
46,230.342341,42,2.100000,0.261783,0.258487,0.280060,-0.215842,-0.213169,-0.200417,0.999929,-0.008402,0.008505,-0.000114,0.009057,-0.009257,0.000126,0.268589,0.007950,-0.007452,-0.000069
46,230.342341,43,2.150000,0.250991,0.247829,0.270039,-0.207381,-0.204813,-0.193672,0.999932,-0.008175,0.008274,-0.000110,0.009454,-0.009629,0.000124,0.268453,0.009936,-0.009576,-0.000067
46,230.342341,44,2.200000,0.240622,0.237588,0.260356,-0.199155,-0.196686,-0.187172,0.999936,-0.007939,0.008033,-0.000107,0.009951,-0.010108,0.000122,0.268321,0.010400,-0.010157,-0.000065
46,230.342341,45,2.250000,0.230664,0.227754,0.250997,-0.191171,-0.188797,-0.180908,0.999940,-0.007690,0.007780,-0.000104,0.010471,-0.010616,0.000120,0.268194,0.009608,-0.009448,-0.000063
46,230.342341,46,2.300000,0.221105,0.218314,0.241952,-0.183443,-0.181160,-0.174870,0.999944,-0.007428,0.007515,-0.000101,0.010952,-0.011088,0.000119,0.268072,0.007905,-0.007793,-0.000062
46,230.342341,47,2.350000,0.211933,0.209256,0.233208,-0.175981,-0.173785,-0.169052,0.999948,-0.007155,0.007238,-0.000098,0.011347,-0.011478,0.000117,0.267954,0.005637,-0.005545,-0.000061
46,230.342341,48,2.400000,0.203134,0.200567,0.224756,-0.168798,-0.166686,-0.163444,0.999952,-0.006871,0.006951,-0.000095,0.011629,-0.011755,0.000115,0.267840,0.003102,-0.003011,-0.000060
46,230.342341,49,2.450000,0.194694,0.192232,0.216583,-0.161902,-0.159871,-0.158040,0.999956,-0.006580,0.006657,-0.000093,0.011784,-0.011905,0.000113,0.267730,0.000523,-0.000426,-0.000060
46,230.342341,50,2.500000,0.186599,0.184239,0.208681,-0.155301,-0.153347,-0.152831,0.999960,-0.006286,0.006359,-0.000090,0.011810,-0.011927,0.000112,0.267623,-0.001947,0.002049,-0.000059
46,230.342341,51,2.550000,0.178834,0.176571,0.201040,-0.148997,-0.147117,-0.147812,0.999964,-0.005991,0.006061,-0.000087,0.011713,-0.011824,0.000110,0.267521,-0.004216,0.004317,-0.000059
46,230.342341,52,2.600000,0.171384,0.169215,0.193649,-0.142992,-0.141182,-0.142975,0.999967,-0.005698,0.005766,-0.000084,0.011502,-0.011608,0.000108,0.267421,-0.006230,0.006324,-0.000058
46,230.342341,53,2.650000,0.164235,0.162156,0.186501,-0.137281,-0.135540,-0.138315,0.999970,-0.005410,0.005475,-0.000081,0.011191,-0.011292,0.000107,0.267325,-0.007964,0.008045,-0.000058
46,230.342341,54,2.700000,0.157371,0.155379,0.179585,-0.131859,-0.130184,-0.133827,0.999973,-0.005130,0.005193,-0.000079,0.010793,-0.010890,0.000105,0.267232,-0.009402,0.009467,-0.000057
46,230.342341,55,2.750000,0.150778,0.148870,0.172893,-0.126719,-0.125106,-0.129505,0.999976,-0.004861,0.004921,-0.000076,0.010323,-0.010416,0.000103,0.267143,-0.010533,0.010581,-0.000057
46,230.342341,56,2.800000,0.144442,0.142615,0.166418,-0.121850,-0.120298,-0.125344,0.999979,-0.004603,0.004660,-0.000074,0.009796,-0.009887,0.000102,0.267056,-0.011353,0.011387,-0.000057
46,230.342341,57,2.850000,0.138349,0.136600,0.160151,-0.117240,-0.115746,-0.121338,0.999981,-0.004358,0.004413,-0.000071,0.009228,-0.009318,0.000100,0.266972,-0.011860,0.011885,-0.000057
46,230.342341,58,2.900000,0.132487,0.130813,0.154084,-0.112876,-0.111437,-0.117484,0.999983,-0.004127,0.004180,-0.000069,0.008635,-0.008723,0.000098,0.266891,-0.012066,0.012087,-0.000056
46,230.342341,59,2.950000,0.126843,0.125241,0.148210,-0.108744,-0.107358,-0.113776,0.999984,-0.003911,0.003962,-0.000066,0.008032,-0.008119,0.000097,0.266812,-0.011992,0.012016,-0.000056
46,230.342341,60,3.000000,0.121406,0.119873,0.142521,-0.104829,-0.103494,-0.110211,0.999986,-0.003710,0.003759,-0.000064,0.007432,-0.007518,0.000095,0.266736,-0.011672,0.011702,-0.000056
46,230.342341,61,3.050000,0.116165,0.114698,0.137011,-0.101115,-0.099828,-0.106783,0.999987,-0.003525,0.003571,-0.000061,0.006849,-0.006933,0.000094,0.266662,-0.011146,0.011185,-0.000056
46,230.342341,62,3.100000,0.111109,0.109707,0.131671,-0.097587,-0.096348,-0.103489,0.999989,-0.003353,0.003398,-0.000059,0.006292,-0.006374,0.000092,0.266591,-0.010458,0.010508,-0.000056
46,230.342341,63,3.150000,0.106230,0.104889,0.126497,-0.094232,-0.093037,-0.100324,0.999990,-0.003196,0.003239,-0.000057,0.005769,-0.005848,0.000091,0.266522,-0.009645,0.009706,-0.000055
46,230.342341,64,3.200000,0.101518,0.100238,0.121481,-0.091035,-0.089882,-0.097286,0.999991,-0.003052,0.003092,-0.000054,0.005286,-0.005363,0.000089,0.266455,-0.008738,0.008807,-0.000055
46,230.342341,65,3.250000,0.096966,0.095743,0.116616,-0.087983,-0.086871,-0.094369,0.999991,-0.002920,0.002958,-0.000052,0.004850,-0.004923,0.000087,0.266390,-0.007751,0.007828,-0.000055
46,230.342341,66,3.300000,0.092567,0.091400,0.111898,-0.085064,-0.083990,-0.091570,0.999992,-0.002798,0.002835,-0.000050,0.004462,-0.004531,0.000086,0.266328,-0.006694,0.006773,-0.000055
46,230.342341,67,3.350000,0.088314,0.087200,0.107320,-0.082267,-0.081230,-0.088886,0.999993,-0.002687,0.002722,-0.000048,0.004127,-0.004193,0.000084,0.266267,-0.005568,0.005646,-0.000055
46,230.342341,68,3.400000,0.084201,0.083139,0.102875,-0.079583,-0.078581,-0.086314,0.999993,-0.002584,0.002617,-0.000046,0.003849,-0.003910,0.000083,0.266208,-0.004384,0.004458,-0.000055
46,230.342341,69,3.450000,0.080221,0.079210,0.098560,-0.077002,-0.076033,-0.083850,0.999994,-0.002487,0.002519,-0.000044,0.003630,-0.003687,0.000081,0.266151,-0.003171,0.003237,-0.000055
46,230.342341,70,3.500000,0.076371,0.075408,0.094367,-0.074519,-0.073581,-0.081490,0.999994,-0.002397,0.002427,-0.000042,0.003471,-0.003526,0.000080,0.266095,-0.001980,0.002036,-0.000054
46,230.342341,71,3.550000,0.072645,0.071729,0.090293,-0.072127,-0.071219,-0.079233,0.999995,-0.002310,0.002339,-0.000040,0.003372,-0.003424,0.000078,0.266041,-0.000884,0.000929,-0.000054
46,230.342341,72,3.600000,0.069039,0.068168,0.086331,-0.069822,-0.068944,-0.077075,0.999995,-0.002226,0.002253,-0.000038,0.003328,-0.003377,0.000076,0.265988,0.000036,-0.000001,-0.000055
46,230.342341,73,3.650000,0.065548,0.064721,0.082477,-0.067602,-0.066751,-0.075014,0.999995,-0.002142,0.002169,-0.000036,0.003330,-0.003377,0.000075,0.265937,0.000726,-0.000698,-0.000055
46,230.342341,74,3.700000,0.062168,0.061383,0.078726,-0.065465,-0.064641,-0.073047,0.999996,-0.002059,0.002085,-0.000034,0.003366,-0.003412,0.000073,0.265888,0.001193,-0.001170,-0.000055
46,230.342341,75,3.750000,0.058895,0.058151,0.075074,-0.063412,-0.062613,-0.071171,0.999996,-0.001975,0.001999,-0.000032,0.003426,-0.003471,0.000072,0.265839,0.001560,-0.001541,-0.000056
46,230.342341,76,3.800000,0.055724,0.055021,0.071516,-0.061444,-0.060669,-0.069384,0.999996,-0.001889,0.001913,-0.000030,0.003504,-0.003548,0.000070,0.265792,0.002087,-0.002075,-0.000057
46,230.342341,77,3.850000,0.052652,0.051987,0.068046,-0.059561,-0.058809,-0.067684,0.999997,-0.001802,0.001824,-0.000029,0.003608,-0.003652,0.000069,0.265746,0.003173,-0.003175,-0.000058
46,230.342341,78,3.900000,0.049674,0.049047,0.064662,-0.057766,-0.057036,-0.066068,0.999997,-0.001712,0.001733,-0.000027,0.003767,-0.003810,0.000067,0.265701,0.005280,-0.005311,-0.000059
46,230.342341,79,3.950000,0.046785,0.046195,0.061359,-0.056061,-0.055351,-0.064535,0.999997,-0.001617,0.001637,-0.000025,0.004031,-0.004076,0.000065,0.265657,0.008786,-0.008864,-0.000060
46,230.342341,80,4.000000,0.043982,0.043427,0.058132,-0.054450,-0.053760,-0.063082,0.999998,-0.001517,0.001535,-0.000023,0.004470,-0.004519,0.000064,0.265614,0.013730,-0.013878,-0.000062
46,230.342341,81,4.050000,0.041260,0.040739,0.054978,-0.052939,-0.052268,-0.061708,0.999998,-0.001405,0.001422,-0.000022,0.005157,-0.005213,0.000062,0.265573,0.019494,-0.019724,-0.000063
46,230.342341,82,4.100000,0.038613,0.038126,0.051892,-0.051540,-0.050886,-0.060411,0.999998,-0.001276,0.001292,-0.000020,0.006131,-0.006199,0.000060,0.265532,0.024448,-0.024754,-0.000065
46,230.342341,83,4.150000,0.036036,0.035582,0.048872,-0.050269,-0.049631,-0.059190,0.999999,-0.001123,0.001137,-0.000019,0.007354,-0.007437,0.000058,0.265491,0.025692,-0.026030,-0.000066
46,230.342341,84,4.200000,0.033522,0.033100,0.045912,-0.049151,-0.048528,-0.058041,0.999999,-0.000939,0.000951,-0.000017,0.008639,-0.008738,0.000056,0.265452,0.019023,-0.019294,-0.000066
46,230.342341,85,4.250000,0.031065,0.030674,0.043010,-0.048216,-0.047605,-0.056965,0.999999,-0.000723,0.000733,-0.000016,0.009590,-0.009703,0.000054,0.265413,-0.000660,0.000620,-0.000066
46,230.342341,86,4.300000,0.028654,0.028294,0.040162,-0.047496,-0.046894,-0.055960,1.000000,-0.000483,0.000490,-0.000015,0.009557,-0.009672,0.000053,0.265375,-0.038314,0.038738,-0.000065
46,230.342341,87,4.350000,0.026279,0.025949,0.037364,-0.047014,-0.046419,-0.055026,1.000000,-0.000244,0.000248,-0.000013,0.007641,-0.007735,0.000051,0.265337,-0.096927,0.098086,-0.000062
46,230.342341,88,4.400000,0.023929,0.023628,0.034613,-0.046770,-0.046179,-0.054161,1.000000,-0.000053,0.000055,-0.000012,0.002795,-0.002831,0.000049,0.265300,-0.174875,0.177023,-0.000057
46,230.342341,89,4.450000,0.021590,0.021319,0.031905,-0.046716,-0.046127,-0.053364,1.000000,0.000017,-0.000016,-0.000011,-0.005949,0.006020,0.000047,0.265266,-0.262712,0.265984,-0.000051
46,230.342341,90,4.500000,0.019254,0.019013,0.029237,-0.046731,-0.046143,-0.052631,1.000000,-0.000132,0.000135,-0.000010,-0.019085,0.019320,0.000046,0.265234,-0.340015,0.344284,-0.000043
46,230.342341,91,4.550000,0.016918,0.016705,0.026605,-0.046599,-0.046014,-0.051958,1.000000,-0.000609,0.000618,-0.000008,-0.036085,0.036534,0.000045,0.265204,-0.373465,0.378178,-0.000035
46,230.342341,92,4.600000,0.014588,0.014405,0.024007,-0.045992,-0.045415,-0.051340,0.999998,-0.001511,0.001531,-0.000007,-0.054759,0.055443,0.000044,0.265172,-0.318078,0.322109,-0.000027
46,230.342341,93,4.650000,0.012288,0.012134,0.021440,-0.044488,-0.043931,-0.050785,0.999992,-0.002880,0.002917,-0.000006,-0.070663,0.071548,0.000043,0.265128,-0.124377,0.125971,-0.000023
46,230.342341,94,4.700000,0.010064,0.009937,0.018901,-0.041624,-0.041103,-0.050323,0.999978,-0.004647,0.004706,-0.000005,-0.076882,0.077846,0.000042,0.265063,0.244114,-0.247168,-0.000028
46,230.342341,95,4.750000,0.007983,0.007882,0.016385,-0.037004,-0.036541,-0.050010,0.999956,-0.006569,0.006652,-0.000004,-0.064676,0.065488,0.000041,0.264985,0.775280,-0.785030,-0.000051
46,230.342341,96,4.800000,0.006132,0.006055,0.013884,-0.030476,-0.030095,-0.049883,0.999932,-0.008186,0.008289,-0.000003,-0.025912,0.026236,0.000040,0.264950,1.341732,-1.358601,-0.000105
46,230.342341,97,4.850000,0.004609,0.004551,0.011390,-0.022343,-0.022063,-0.049867,0.999921,-0.008833,0.008945,-0.000002,0.041174,-0.041694,0.000037,0.265062,1.582980,-1.602859,-0.000210
46,230.342341,98,4.900000,0.003491,0.003447,0.008897,-0.013562,-0.013392,-0.049666,0.999938,-0.007804,0.007903,-0.000001,0.120323,-0.121837,0.000031,0.264771,0.708751,-0.717643,-0.000397
46,230.342341,99,4.950000,0.002813,0.002778,0.006413,-0.005813,-0.005740,-0.049971,0.999977,-0.004796,0.004857,-0.000000,0.155761,-0.157719,0.000020,0.291894,-3.115245,3.154389,-0.000710
46,230.342341,100,5.000000,0.002523,0.002491,0.003915,-0.000562,-0.000555,0.000023,0.999999,-0.000902,0.000914,0.000000,-0.000001,0.000001,-0.000000,0,0,0,0
47,235.661069,0,0.000000,1.011248,0.999042,0.981458,-0.013710,-0.010796,0.000636,0.999993,0.002501,-0.002667,0.000002,0.000000,0.000000,0.000000,0.237876,43.059797,-42.911582,-0.226588
47,235.661069,1,0.050000,1.010562,0.998502,0.981490,-0.016060,-0.012999,-0.049364,0.999993,0.002501,-0.002667,0.000002,2.152990,-2.145579,-0.006441,0.237876,-43.002239,42.872919,0.132482
47,235.661069,2,0.100000,1.009759,0.997852,0.979022,-0.018410,-0.015202,-0.099364,0.996842,0.056164,-0.056144,-0.000149,0.002353,-0.002459,-0.002675,0.240909,-0.047398,0.049544,0.072085
47,235.661069,3,0.150000,1.008839,0.997092,0.974053,-0.068354,-0.065148,-0.149364,0.996835,0.056226,-0.056202,-0.000216,-0.000017,0.000018,-0.000626,0.240915,0.000278,-0.000326,0.031654
47,235.661069,4,0.200000,1.005421,0.993835,0.966585,-0.118354,-0.115148,-0.199364,0.996835,0.056226,-0.056200,-0.000232,-0.000003,0.000001,0.000274,0.240915,-0.000125,0.000170,0.013309
47,235.661069,5,0.250000,0.999504,0.988077,0.956617,-0.168353,-0.165147,-0.249364,0.996835,0.056226,-0.056201,-0.000225,-0.000009,0.000010,0.000652,0.240915,0.000261,-0.000263,0.004613
47,235.661069,6,0.300000,0.991086,0.979820,0.944149,-0.218352,-0.215146,-0.299364,0.996835,0.056225,-0.056201,-0.000209,0.000004,-0.000003,0.000783,0.240915,-0.001261,0.001063,-0.000479
47,235.661069,7,0.350000,0.980168,0.969063,0.929181,-0.268351,-0.265145,-0.349364,0.996835,0.056224,-0.056203,-0.000189,-0.000059,0.000050,0.000770,0.240915,-0.131014,0.120679,-0.002952
47,235.661069,8,0.400000,0.966751,0.955805,0.911712,-0.318350,-0.315145,-0.399364,0.996835,0.056221,-0.056202,-0.000170,-0.006610,0.006084,0.000686,0.240915,-0.603530,0.596117,-0.003804
47,235.661069,9,0.450000,0.950833,0.940048,0.891744,-0.368348,-0.365142,-0.449363,0.996853,0.056056,-0.056052,-0.000154,-0.036786,0.035889,0.000578,0.240898,-2.684943,2.728533,-0.003704
47,235.661069,10,0.500000,0.932416,0.921791,0.869276,-0.418209,-0.414991,-0.499362,0.996954,0.055138,-0.055158,-0.000141,-0.171034,0.172315,0.000472,0.240800,-2.234908,2.123958,-0.003170
47,235.661069,11,0.550000,0.911505,0.901042,0.844308,-0.467259,-0.464009,-0.549361,0.997409,0.050874,-0.050862,-0.000127,-0.282783,0.278510,0.000382,0.266068,-0.643013,0.369782,-0.003557
47,235.661069,12,0.600000,0.888142,0.877841,0.816840,-0.517257,-0.514007,-0.552241,0.998074,0.043821,-0.043915,-0.000123,-0.314938,0.296995,0.000281,0.294133,-3.109896,3.219245,-0.003863
47,235.661069,13,0.650000,0.862280,0.852141,0.789228,-0.565011,-0.561647,-0.502243,0.998686,0.035962,-0.036502,-0.000136,-0.470436,0.457954,0.000171,0.239127,-1.844505,2.056266,-0.002113
47,235.661069,14,0.700000,0.834029,0.824058,0.764116,-0.597300,-0.593450,-0.552241,0.999393,0.024214,-0.025063,-0.000150,-0.562664,0.560764,0.000111,0.292580,0.141501,0.010087,-0.000427
47,235.661069,15,0.750000,0.804164,0.794386,0.736504,-0.624447,-0.619670,-0.502242,0.999887,0.010156,-0.011048,-0.000160,-0.555591,0.561266,0.000099,0.255598,1.713022,-1.635509,0.000438
47,235.661069,16,0.800000,0.772942,0.763402,0.711392,-0.634906,-0.629281,-0.519626,0.999989,-0.003729,0.002983,-0.000168,-0.469942,0.479489,0.000112,0.291883,2.324917,-2.301746,0.000656
47,235.661069,17,0.850000,0.741196,0.731938,0.685410,-0.631680,-0.625251,-0.469627,0.999768,-0.015473,0.014970,-0.000175,-0.353698,0.364399,0.000130,0.260506,2.645511,-2.654009,0.000616
47,235.661069,18,0.900000,0.709612,0.700676,0.661929,-0.617237,-0.610328,-0.478157,0.999414,-0.024310,0.024078,-0.000180,-0.221425,0.231697,0.000148,0.292554,2.454349,-2.489868,0.000487
47,235.661069,19,0.950000,0.678751,0.670159,0.638021,-0.591158,-0.584007,-0.428158,0.999108,-0.029840,0.029867,-0.000184,-0.098708,0.107202,0.000161,0.256428,2.408256,-2.473276,0.000344
47,235.661069,20,1.000000,0.649193,0.640959,0.616613,-0.562812,-0.555697,-0.445484,0.998948,-0.032305,0.032545,-0.000187,0.021704,-0.016462,0.000171,0.293102,1.541920,-1.606735,0.000238
47,235.661069,21,1.050000,0.621052,0.613174,0.594339,-0.527513,-0.520672,-0.395485,0.998979,-0.031763,0.032134,-0.000187,0.098800,-0.096799,0.000178,0.263075,0.762920,-0.818199,0.000151
47,235.661069,22,1.100000,0.594676,0.587141,0.574565,-0.496229,-0.489761,-0.400798,0.999129,-0.029296,0.029716,-0.000185,0.136947,-0.137708,0.000182,0.272711,0.126051,-0.158938,0.000088
47,235.661069,23,1.150000,0.569865,0.562653,0.554525,-0.466236,-0.460202,-0.388037,0.999320,-0.025875,0.026276,-0.000181,0.143250,-0.145654,0.000185,0.272420,-0.321156,0.311734,0.000032
47,235.661069,24,1.200000,0.546553,0.539642,0.535123,-0.439738,-0.434118,-0.375427,0.999495,-0.022296,0.022636,-0.000176,0.127193,-0.130066,0.000186,0.272277,-0.527609,0.534956,-0.000022
47,235.661069,25,1.250000,0.524566,0.517937,0.516352,-0.416919,-0.411649,-0.362729,0.999629,-0.019119,0.019385,-0.000171,0.100814,-0.103317,0.000185,0.272034,-0.547478,0.562851,-0.000070
47,235.661069,26,1.300000,0.503720,0.497354,0.498215,-0.397391,-0.392397,-0.350209,0.999721,-0.016599,0.016803,-0.000166,0.073441,-0.075174,0.000183,0.271752,-0.458557,0.474865,-0.000106
47,235.661069,27,1.350000,0.483851,0.477734,0.480705,-0.380481,-0.375697,-0.338026,0.999780,-0.014764,0.014924,-0.000161,0.050513,-0.051430,0.000180,0.271456,-0.329696,0.342713,-0.000131
47,235.661069,28,1.400000,0.464827,0.458949,0.463803,-0.365478,-0.360859,-0.326272,0.999816,-0.013502,0.013638,-0.000156,0.034029,-0.034294,0.000176,0.271179,-0.206807,0.214922,-0.000148
47,235.661069,29,1.450000,0.446553,0.440906,0.447490,-0.351781,-0.347303,-0.314959,0.999838,-0.012651,0.012781,-0.000152,0.023689,-0.023548,0.000172,0.270925,-0.112476,0.115883,-0.000158
47,235.661069,30,1.500000,0.428964,0.423541,0.431742,-0.338957,-0.334613,-0.304071,0.999853,-0.012059,0.012192,-0.000148,0.018065,-0.017754,0.000168,0.270693,-0.052070,0.051919,-0.000162
47,235.661069,31,1.550000,0.412016,0.406811,0.416538,-0.326733,-0.322526,-0.293583,0.999864,-0.011607,0.011748,-0.000144,0.015462,-0.015158,0.000163,0.270475,-0.020895,0.018623,-0.000161
47,235.661069,32,1.600000,0.395679,0.390684,0.401859,-0.314964,-0.310902,-0.283476,0.999872,-0.011221,0.011369,-0.000140,0.014417,-0.014227,0.000159,0.270269,-0.010076,0.006981,-0.000157
47,235.661069,33,1.650000,0.379931,0.375139,0.387685,-0.303583,-0.299673,-0.273733,0.999880,-0.010861,0.011014,-0.000136,0.013913,-0.013877,0.000154,0.270071,-0.010502,0.007534,-0.000149
47,235.661069,34,1.700000,0.364752,0.360156,0.373999,-0.292567,-0.288812,-0.264341,0.999888,-0.010513,0.010667,-0.000132,0.013388,-0.013501,0.000150,0.269880,-0.014942,0.012650,-0.000140
47,235.661069,35,1.750000,0.350124,0.345715,0.360782,-0.281904,-0.278306,-0.255288,0.999895,-0.010178,0.010329,-0.000128,0.012641,-0.012868,0.000146,0.269696,-0.018764,0.017354,-0.000130
47,235.661069,36,1.800000,0.336028,0.331800,0.348017,-0.271586,-0.268142,-0.246560,0.999901,-0.009862,0.010008,-0.000125,0.011703,-0.012000,0.000142,0.269519,-0.019772,0.019200,-0.000120
47,235.661069,37,1.850000,0.322449,0.318393,0.335689,-0.261596,-0.258300,-0.238147,0.999907,-0.009570,0.009708,-0.000121,0.010715,-0.011040,0.000139,0.269349,-0.017596,0.017678,-0.000112
47,235.661069,38,1.900000,0.309369,0.305478,0.323782,-0.251911,-0.248755,-0.230037,0.999912,-0.009302,0.009432,-0.000118,0.009835,-0.010156,0.000136,0.269186,-0.012970,0.013469,-0.000105
47,235.661069,39,1.950000,0.296774,0.293040,0.312280,-0.242508,-0.239483,-0.222220,0.999917,-0.009056,0.009178,-0.000114,0.009186,-0.009483,0.000133,0.269028,-0.007085,0.007780,-0.000099
47,235.661069,40,2.000000,0.284648,0.281066,0.301169,-0.233363,-0.230462,-0.214685,0.999921,-0.008826,0.008941,-0.000111,0.008832,-0.009094,0.000130,0.268877,-0.001133,0.001853,-0.000094
47,235.661069,41,2.050000,0.272980,0.269543,0.290435,-0.224459,-0.221674,-0.207423,0.999925,-0.008606,0.008714,-0.000108,0.008776,-0.009001,0.000127,0.268730,0.003962,-0.003328,-0.000090
47,235.661069,42,2.100000,0.261757,0.258459,0.280063,-0.215786,-0.213110,-0.200424,0.999929,-0.008386,0.008489,-0.000104,0.008974,-0.009167,0.000125,0.268589,0.007653,-0.007153,-0.000087
47,235.661069,43,2.150000,0.250968,0.247803,0.270042,-0.207342,-0.204769,-0.193678,0.999933,-0.008162,0.008259,-0.000101,0.009356,-0.009525,0.000122,0.268453,0.009748,-0.009389,-0.000084
47,235.661069,44,2.200000,0.240601,0.237565,0.260358,-0.199129,-0.196656,-0.187177,0.999936,-0.007928,0.008021,-0.000098,0.009844,-0.009994,0.000120,0.268321,0.010335,-0.010094,-0.000082
47,235.661069,45,2.250000,0.230644,0.227732,0.251000,-0.191158,-0.188778,-0.180912,0.999940,-0.007682,0.007771,-0.000095,0.010361,-0.010499,0.000117,0.268194,0.009674,-0.009515,-0.000080
47,235.661069,46,2.300000,0.221086,0.218293,0.241954,-0.183438,-0.181149,-0.174874,0.999944,-0.007423,0.007509,-0.000092,0.010844,-0.010975,0.000115,0.268072,0.008100,-0.007989,-0.000079
47,235.661069,47,2.350000,0.211915,0.209236,0.233210,-0.175982,-0.173780,-0.169056,0.999948,-0.007152,0.007235,-0.000089,0.011249,-0.011374,0.000113,0.267954,0.005943,-0.005853,-0.000077
47,235.661069,48,2.400000,0.203115,0.200547,0.224757,-0.168802,-0.166684,-0.163448,0.999952,-0.006871,0.006950,-0.000087,0.011547,-0.011667,0.000111,0.267840,0.003490,-0.003403,-0.000076
47,235.661069,49,2.450000,0.194675,0.192213,0.216585,-0.161908,-0.159869,-0.158043,0.999956,-0.006582,0.006659,-0.000084,0.011721,-0.011837,0.000108,0.267730,0.000956,-0.000866,-0.000074
47,235.661069,50,2.500000,0.186580,0.184219,0.208683,-0.155305,-0.153344,-0.152834,0.999960,-0.006289,0.006363,-0.000081,0.011769,-0.011880,0.000106,0.267623,-0.001509,0.001601,-0.000073
47,235.661069,51,2.550000,0.178815,0.176552,0.201041,-0.148998,-0.147111,-0.147814,0.999964,-0.005995,0.006066,-0.000079,0.011694,-0.011800,0.000104,0.267521,-0.003809,0.003898,-0.000072
47,235.661069,52,2.600000,0.171365,0.169196,0.193651,-0.142988,-0.141172,-0.142978,0.999967,-0.005702,0.005771,-0.000076,0.011503,-0.011605,0.000102,0.267421,-0.005886,0.005966,-0.000071
47,235.661069,53,2.650000,0.164215,0.162138,0.186502,-0.137272,-0.135525,-0.138318,0.999970,-0.005415,0.005481,-0.000073,0.011209,-0.011307,0.000100,0.267325,-0.007702,0.007767,-0.000070
47,235.661069,54,2.700000,0.157352,0.155362,0.179586,-0.131845,-0.130164,-0.133830,0.999973,-0.005135,0.005198,-0.000071,0.010824,-0.010918,0.000098,0.267233,-0.009230,0.009279,-0.000069
47,235.661069,55,2.750000,0.150759,0.148853,0.172894,-0.126701,-0.125083,-0.129507,0.999976,-0.004864,0.004925,-0.000068,0.010362,-0.010454,0.000096,0.267143,-0.010451,0.010484,-0.000068
47,235.661069,56,2.800000,0.144424,0.142599,0.166419,-0.121828,-0.120270,-0.125346,0.999979,-0.004605,0.004664,-0.000066,0.009840,-0.009930,0.000094,0.267056,-0.011350,0.011371,-0.000067
47,235.661069,57,2.850000,0.138333,0.136586,0.160152,-0.117215,-0.115716,-0.121340,0.999981,-0.004359,0.004415,-0.000064,0.009272,-0.009361,0.000092,0.266972,-0.011922,0.011935,-0.000066
47,235.661069,58,2.900000,0.132472,0.130800,0.154085,-0.112849,-0.111406,-0.117486,0.999983,-0.004127,0.004181,-0.000061,0.008676,-0.008765,0.000091,0.266891,-0.012173,0.012183,-0.000065
47,235.661069,59,2.950000,0.126830,0.125230,0.148210,-0.108716,-0.107327,-0.113778,0.999985,-0.003910,0.003962,-0.000059,0.008068,-0.008156,0.000089,0.266812,-0.012125,0.012138,-0.000064
47,235.661069,60,3.000000,0.121394,0.119863,0.142521,-0.104800,-0.103463,-0.110212,0.999986,-0.003709,0.003758,-0.000057,0.007461,-0.007549,0.000087,0.266736,-0.011813,0.011834,-0.000063
47,235.661069,61,3.050000,0.116154,0.114690,0.137011,-0.101087,-0.099800,-0.106784,0.999987,-0.003522,0.003570,-0.000055,0.006871,-0.006957,0.000085,0.266662,-0.011281,0.011313,-0.000062
47,235.661069,62,3.100000,0.111100,0.109700,0.131672,-0.097562,-0.096322,-0.103490,0.999989,-0.003350,0.003396,-0.000053,0.006307,-0.006391,0.000083,0.266591,-0.010578,0.010622,-0.000061
47,235.661069,63,3.150000,0.106222,0.104884,0.126497,-0.094209,-0.093014,-0.100325,0.999990,-0.003193,0.003236,-0.000050,0.005778,-0.005860,0.000082,0.266522,-0.009749,0.009804,-0.000060
47,235.661069,64,3.200000,0.101511,0.100233,0.121481,-0.091014,-0.089863,-0.097287,0.999991,-0.003048,0.003089,-0.000048,0.005291,-0.005370,0.000080,0.266455,-0.008827,0.008892,-0.000059
47,235.661069,65,3.250000,0.096961,0.095740,0.116616,-0.087965,-0.086855,-0.094370,0.999991,-0.002916,0.002955,-0.000046,0.004849,-0.004925,0.000078,0.266391,-0.007833,0.007906,-0.000058
47,235.661069,66,3.300000,0.092562,0.091397,0.111898,-0.085050,-0.083978,-0.091571,0.999992,-0.002795,0.002832,-0.000044,0.004458,-0.004530,0.000077,0.266328,-0.006776,0.006854,-0.000057
47,235.661069,67,3.350000,0.088310,0.087199,0.107319,-0.082256,-0.081221,-0.088887,0.999993,-0.002683,0.002719,-0.000043,0.004119,-0.004187,0.000075,0.266267,-0.005660,0.005738,-0.000056
47,235.661069,68,3.400000,0.084197,0.083137,0.102875,-0.079575,-0.078575,-0.086314,0.999993,-0.002580,0.002614,-0.000041,0.003836,-0.003900,0.000073,0.266208,-0.004489,0.004565,-0.000055
47,235.661069,69,3.450000,0.080218,0.079209,0.098559,-0.076998,-0.076031,-0.083850,0.999994,-0.002484,0.002517,-0.000039,0.003611,-0.003672,0.000072,0.266151,-0.003286,0.003355,-0.000054
47,235.661069,70,3.500000,0.076368,0.075407,0.094367,-0.074517,-0.073583,-0.081491,0.999994,-0.002394,0.002425,-0.000037,0.003447,-0.003504,0.000070,0.266095,-0.002093,0.002154,-0.000054
47,235.661069,71,3.550000,0.072642,0.071728,0.090292,-0.072127,-0.071223,-0.079233,0.999995,-0.002308,0.002337,-0.000035,0.003342,-0.003397,0.000069,0.266041,-0.000975,0.001026,-0.000053
47,235.661069,72,3.600000,0.069036,0.068167,0.086331,-0.069824,-0.068949,-0.077076,0.999995,-0.002224,0.002252,-0.000034,0.003294,-0.003345,0.000067,0.265988,-0.000005,0.000048,-0.000052
47,235.661069,73,3.650000,0.065545,0.064719,0.082477,-0.067606,-0.066758,-0.075014,0.999995,-0.002142,0.002169,-0.000032,0.003293,-0.003343,0.000066,0.265937,0.000759,-0.000725,-0.000052
47,235.661069,74,3.700000,0.062165,0.061381,0.078726,-0.065470,-0.064648,-0.073047,0.999996,-0.002060,0.002085,-0.000030,0.003331,-0.003379,0.000064,0.265888,0.001322,-0.001293,-0.000051
47,235.661069,75,3.750000,0.058891,0.058149,0.075074,-0.063416,-0.062620,-0.071171,0.999996,-0.001976,0.002001,-0.000029,0.003398,-0.003444,0.000063,0.265839,0.001786,-0.001763,-0.000051
47,235.661069,76,3.800000,0.055720,0.055018,0.071515,-0.061446,-0.060674,-0.069384,0.999996,-0.001891,0.001914,-0.000027,0.003487,-0.003532,0.000061,0.265792,0.002390,-0.002374,-0.000051
47,235.661069,77,3.850000,0.052648,0.051984,0.068046,-0.059562,-0.058812,-0.067684,0.999997,-0.001804,0.001826,-0.000026,0.003606,-0.003651,0.000060,0.265746,0.003501,-0.003500,-0.000051
47,235.661069,78,3.900000,0.049670,0.049044,0.064662,-0.057764,-0.057037,-0.066068,0.999997,-0.001714,0.001735,-0.000024,0.003781,-0.003826,0.000059,0.265701,0.005558,-0.005584,-0.000052
47,235.661069,79,3.950000,0.046782,0.046192,0.061359,-0.056057,-0.055350,-0.064535,0.999997,-0.001620,0.001639,-0.000023,0.004059,-0.004105,0.000057,0.265657,0.008922,-0.008996,-0.000053
47,235.661069,80,4.000000,0.043979,0.043424,0.058132,-0.054444,-0.053756,-0.063082,0.999998,-0.001518,0.001537,-0.000021,0.004505,-0.004555,0.000056,0.265614,0.013645,-0.013785,-0.000053
47,235.661069,81,4.050000,0.041257,0.040737,0.054978,-0.052933,-0.052263,-0.061708,0.999998,-0.001405,0.001423,-0.000020,0.005188,-0.005244,0.000054,0.265573,0.019143,-0.019363,-0.000054
47,235.661069,82,4.100000,0.038610,0.038123,0.051892,-0.051533,-0.050881,-0.060411,0.999998,-0.001276,0.001292,-0.000018,0.006145,-0.006212,0.000053,0.265532,0.023859,-0.024153,-0.000055
47,235.661069,83,4.150000,0.036033,0.035579,0.048872,-0.050263,-0.049626,-0.059189,0.999999,-0.001122,0.001136,-0.000017,0.007338,-0.007420,0.000051,0.265491,0.024987,-0.025312,-0.000055
47,235.661069,84,4.200000,0.033520,0.033098,0.045912,-0.049145,-0.048523,-0.058041,0.999999,-0.000939,0.000951,-0.000016,0.008587,-0.008685,0.000049,0.265452,0.018421,-0.018682,-0.000055
47,235.661069,85,4.250000,0.031063,0.030672,0.043010,-0.048211,-0.047600,-0.056965,0.999999,-0.000724,0.000734,-0.000015,0.009508,-0.009619,0.000048,0.265413,-0.000870,0.000835,-0.000055
47,235.661069,86,4.300000,0.028652,0.028292,0.040162,-0.047489,-0.046888,-0.055960,1.000000,-0.000486,0.000493,-0.000013,0.009465,-0.009577,0.000046,0.265375,-0.037847,0.038264,-0.000053
47,235.661069,87,4.350000,0.026278,0.025948,0.037364,-0.047004,-0.046410,-0.055025,1.000000,-0.000250,0.000254,-0.000012,0.007572,-0.007664,0.000045,0.265337,-0.095610,0.096750,-0.000050
47,235.661069,88,4.400000,0.023928,0.023627,0.034613,-0.046755,-0.046165,-0.054160,1.000000,-0.000060,0.000062,-0.000011,0.002792,-0.002827,0.000043,0.265300,-0.172782,0.174898,-0.000045
47,235.661069,89,4.450000,0.021590,0.021319,0.031905,-0.046694,-0.046105,-0.053363,1.000000,0.000009,-0.000008,-0.000010,-0.005847,0.005918,0.000042,0.265266,-0.260278,0.263512,-0.000038
47,235.661069,90,4.500000,0.019255,0.019014,0.029237,-0.046702,-0.046115,-0.052630,1.000000,-0.000137,0.000139,-0.000009,-0.018861,0.019094,0.000041,0.265234,-0.338076,0.342313,-0.000030
47,235.661069,91,4.550000,0.016920,0.016708,0.026605,-0.046565,-0.045980,-0.051957,1.000000,-0.000608,0.000617,-0.000008,-0.035765,0.036209,0.000040,0.265204,-0.373142,0.377845,-0.000021
47,235.661069,92,4.600000,0.014592,0.014409,0.024007,-0.045959,-0.045383,-0.051340,0.999998,-0.001502,0.001522,-0.000007,-0.054422,0.055102,0.000040,0.265172,-0.320425,0.324482,-0.000012
47,235.661069,93,4.650000,0.012294,0.012140,0.021440,-0.044464,-0.043907,-0.050785,0.999992,-0.002863,0.002900,-0.000006,-0.070443,0.071326,0.000039,0.265128,-0.129752,0.131415,-0.000007
47,235.661069,94,4.700000,0.010071,0.009944,0.018901,-0.041617,-0.041096,-0.050324,0.999978,-0.004624,0.004683,-0.000005,-0.076931,0.077896,0.000039,0.265063,0.236888,-0.239847,-0.000012
47,235.661069,95,4.750000,0.007990,0.007889,0.016385,-0.037020,-0.036557,-0.050008,0.999957,-0.006547,0.006630,-0.000004,-0.065087,0.065904,0.000039,0.264986,0.769657,-0.779326,-0.000033
47,235.661069,96,4.800000,0.006139,0.006062,0.013884,-0.030513,-0.030132,-0.049879,0.999932,-0.008174,0.008278,-0.000003,-0.026604,0.026937,0.000038,0.264950,1.343222,-1.360098,-0.000086
47,235.661069,97,4.850000,0.004613,0.004555,0.011390,-0.022391,-0.022111,-0.049864,0.999921,-0.008839,0.008951,-0.000002,0.040557,-0.041068,0.000035,0.265058,1.596142,-1.616177,-0.000189
47,235.661069,98,4.900000,0.003494,0.003450,0.008897,-0.013605,-0.013434,-0.049672,0.999938,-0.007825,0.007924,-0.000001,0.120364,-0.121876,0.000030,0.264770,0.727763,-0.736895,-0.000376
47,235.661069,99,4.950000,0.002813,0.002778,0.006414,-0.005834,-0.005761,-0.049979,0.999977,-0.004816,0.004878,-0.000000,0.156753,-0.158721,0.000019,0.291897,-3.135008,3.174374,-0.000690
47,235.661069,100,5.000000,0.002522,0.002490,0.003915,-0.000561,-0.000554,0.000020,0.999999,-0.000898,0.000910,0.000000,0.000002,-0.000002,-0.000000,0,0,0,0
