solve_num,solve_time_ms,solve_iters,coord_mode,node,t,theta,px,py,pz,vx,vy,vz,qw,qx,qy,qz,wx,wy,wz,fz,mx,my,mz,tgt_x,tgt_y,tgt_z,tgt_vx,tgt_vy,tgt_vz,tgt_ax,tgt_ay,tgt_az,tgt_qw,tgt_qx,tgt_qy,tgt_qz,tgt_wx,tgt_wy,tgt_wz,tgt_alfx,tgt_alfy,tgt_alfz
0,190.917460,76,absolute_shifted,0,0.000000,0.119966,0.205269,2.283373,0.951804,-0.752861,0.205916,-0.002783,0.999994,-0.000540,-0.001309,-0.003103,-0.071858,-0.011164,0.016772,0.269708,11.659641,3.567703,-0.217576,-0.196859,-2.276873,0.520650,0.761352,-0.247451,-0.000670,0.039023,-0.002626,-0.000098,0.993801,0.002022,-0.000157,-0.111157,0.017290,0.016985,0.744677,0.029371,0.021463,0.531620
0,190.917460,76,absolute_shifted,1,0.119966,0.119983,0.114753,2.307373,0.952742,-0.751377,0.179146,0.017832,0.999250,0.037120,0.010762,-0.002506,1.326773,0.417215,0.001933,0.271284,-6.588169,-1.674799,-0.009512,-0.105242,-2.306578,0.520569,0.766034,-0.247766,-0.000681,0.039023,-0.002626,-0.000098,0.993801,0.002022,-0.000157,-0.111157,0.017290,0.016985,0.744677,0.029371,0.021463,0.531620
0,190.917460,76,absolute_shifted,2,0.239949,0.119981,0.026901,2.320267,0.955986,-0.705572,0.013523,0.033018,0.995232,0.092913,0.029579,-0.002263,0.536255,0.216407,0.001284,0.271479,-3.876793,-1.064774,-0.008791,-0.013050,-2.336324,0.520487,0.770716,-0.248081,-0.000693,0.039023,-0.002626,-0.000098,0.993801,0.002022,-0.000157,-0.111157,0.017290,0.016985,0.744677,0.029371,0.021463,0.531620
0,190.917460,76,absolute_shifted,3,0.359930,0.119981,-0.053285,2.307323,0.960058,-0.627480,-0.236440,0.033130,0.993062,0.111047,0.038632,-0.001873,0.071098,0.088683,0.000684,0.270609,-2.038047,-0.612904,-0.005858,0.079702,-2.366108,0.520403,0.775398,-0.248396,-0.000705,0.039023,-0.002626,-0.000098,0.993801,0.002022,-0.000157,-0.111157,0.017290,0.016985,0.744677,0.029371,0.021463,0.531620
0,190.917460,76,absolute_shifted,4,0.479911,0.119980,-0.123144,2.263026,0.963546,-0.535772,-0.500758,0.025187,0.993273,0.108005,0.041725,-0.001370,-0.173432,0.015145,0.000285,0.269453,-1.010712,-0.364746,-0.001297,0.173016,-2.395930,0.520318,0.780080,-0.248711,-0.000717,0.039023,-0.002626,-0.000098,0.993801,0.002022,-0.000157,-0.111157,0.017290,0.016985,0.744677,0.029371,0.021463,0.531620
0,190.917460,76,absolute_shifted,5,0.599891,0.119978,-0.181756,2.188117,0.965986,-0.441351,-0.742451,0.016614,0.994709,0.094048,0.041337,-0.000808,-0.294697,-0.028622,0.000196,0.268342,-0.382234,-0.205856,-0.000371,0.266891,-2.425789,0.520231,0.784762,-0.249026,-0.000729,0.039023,-0.002626,-0.000098,0.993801,0.002022,-0.000157,-0.111157,0.017290,0.016985,0.744677,0.029371,0.021463,0.531620
0,190.917460,76,absolute_shifted,6,0.719869,0.119975,-0.229209,2.086531,0.967560,-0.350597,-0.943501,0.010974,0.996419,0.075077,0.038898,-0.000237,-0.340556,-0.053326,0.000171,0.267409,-0.007466,-0.103432,-0.000651,0.361326,-2.455686,0.520143,0.789444,-0.249341,-0.000740,0.039023,-0.002626,-0.000098,0.993801,0.002022,-0.000157,-0.111157,0.017290,0.016985,0.744677,0.029371,0.021463,0.531620
0,190.917460,76,absolute_shifted,7,0.839844,0.119971,-0.266185,1.963649,0.968682,-0.267167,-1.096939,0.008894,0.997878,0.054679,0.035336,0.000302,-0.341450,-0.065740,0.000127,0.266691,0.205721,-0.038838,-0.000552,0.456320,-2.485620,0.520053,0.794125,-0.249656,-0.000752,0.039023,-0.002626,-0.000098,0.993801,0.002022,-0.000157,-0.111157,0.017290,0.016985,0.744677,0.029371,0.021463,0.531620
0,190.917460,76,absolute_shifted,8,0.959815,0.119966,-0.293690,1.825259,0.969740,-0.192958,-1.202358,0.009550,0.998899,0.034971,0.031248,0.000785,-0.316769,-0.070402,0.000089,0.266176,0.318612,0.002108,-0.000377,0.551873,-2.515590,0.519963,0.798807,-0.249972,-0.000764,0.039023,-0.002626,-0.000098,0.993801,0.002022,-0.000157,-0.111157,0.017290,0.016985,0.744677,0.029371,0.021463,0.531620
0,190.917460,76,absolute_shifted,9,1.079781,0.119959,-0.312886,1.676952,0.970988,-0.128726,-1.263099,0.011710,0.999487,0.017135,0.027018,0.001201,-0.278546,-0.070152,0.000063,0.265832,0.367991,0.027914,-0.000198,0.647983,-2.545597,0.519870,0.803488,-0.250287,-0.000776,0.039023,-0.002626,-0.000098,0.993801,0.002022,-0.000157,-0.111157,0.017290,0.016985,0.744677,0.029371,0.021463,0.531620
0,190.917460,76,absolute_shifted,10,1.199740,0.119951,-0.324977,1.523786,0.972535,-0.074493,-1.284493,0.014275,0.999735,0.001763,0.022891,0.001551,-0.234402,-0.066804,0.000050,0.265617,0.376798,0.043529,-0.000036,0.744649,-2.575640,0.519776,0.808169,-0.250602,-0.000787,0.039023,-0.002626,-0.000098,0.993801,0.002022,-0.000157,-0.111157,0.017290,0.016985,0.744677,0.029371,0.021463,0.531620
0,190.917460,76,absolute_shifted,11,1.319690,0.119940,-0.331141,1.370116,0.974378,-0.029811,-1.272746,0.016482,0.999758,-0.010930,0.019020,0.001839,-0.189205,-0.061584,0.000047,0.265493,0.360400,0.052130,-0.000099,0.841871,-2.605719,0.519681,0.812850,-0.250917,-0.000799,0.039023,-0.002626,-0.000098,0.993801,0.002022,-0.000157,-0.111157,0.017290,0.016985,0.744677,0.029371,0.021463,0.531620
0,190.917460,76,absolute_shifted,12,1.439631,0.119927,-0.332482,1.219535,0.976446,0.006055,-1.234230,0.017921,0.999658,-0.020971,0.015496,0.002072,-0.145978,-0.055332,0.000041,0.265426,0.328736,0.055735,-0.000101,0.939645,-2.635833,0.519585,0.817531,-0.251232,-0.000811,0.039023,-0.002626,-0.000098,0.993801,0.002022,-0.000157,-0.111157,0.017290,0.016985,0.744677,0.029371,0.021463,0.531620
0,190.917460,76,absolute_shifted,13,1.559558,0.119911,-0.330006,1.074889,0.978635,0.033999,-1.175041,0.018466,0.999514,-0.028532,0.012363,0.002257,-0.106553,-0.048648,0.000034,0.265391,0.289403,0.055921,-0.000093,1.037970,-2.665981,0.519487,0.822210,-0.251547,-0.000823,0.039023,-0.002626,-0.000098,0.993801,0.002022,-0.000157,-0.111157,0.017290,0.016985,0.744677,0.029371,0.021463,0.531620
0,190.917460,76,absolute_shifted,14,1.679469,0.119890,-0.324606,0.938317,0.980838,0.054983,-1.100747,0.018182,0.999377,-0.033871,0.009637,0.002403,-0.071851,-0.041943,0.000028,0.265371,0.247070,0.053783,-0.000088,1.136842,-2.696163,0.519387,0.826890,-0.251861,-0.000835,0.039023,-0.002626,-0.000098,0.993801,0.002022,-0.000157,-0.111157,0.017290,0.016985,0.744677,0.029371,0.021463,0.531620
0,190.917460,76,absolute_shifted,15,1.799359,0.119863,-0.317061,0.811334,0.982966,0.069974,-1.016249,0.017240,0.999275,-0.037283,0.007309,0.002517,-0.042229,-0.035495,0.000022,0.265353,0.205171,0.050155,-0.000070,1.236258,-2.726378,0.519287,0.831568,-0.252176,-0.000846,0.039023,-0.002626,-0.000098,0.993801,0.002022,-0.000157,-0.111157,0.017290,0.016985,0.744677,0.029371,0.021463,0.531620
0,190.917460,76,absolute_shifted,16,1.919221,0.119828,-0.308032,0.694907,0.984952,0.079905,-0.925732,0.015845,0.999219,-0.039070,0.005359,0.002604,-0.017637,-0.029484,0.000017,0.265331,0.165763,0.045654,-0.000054,1.336213,-2.756623,0.519184,0.836245,-0.252491,-0.000858,0.039023,-0.002626,-0.000098,0.993801,0.002022,-0.000157,-0.111157,0.017290,0.016985,0.744677,0.029371,0.021463,0.531620
0,190.917460,76,absolute_shifted,17,2.039049,0.119783,-0.298076,0.589543,0.986753,0.085644,-0.832676,0.014200,0.999208,-0.039527,0.003756,0.002670,0.002226,-0.024013,0.000013,0.265303,0.130059,0.040742,-0.000042,1.436698,-2.786897,0.519081,0.840921,-0.252806,-0.000870,0.039023,-0.002626,-0.000098,0.993801,0.002022,-0.000157,-0.111157,0.017290,0.016985,0.744677,0.029371,0.021463,0.531620
0,190.917460,76,absolute_shifted,18,2.158832,0.119723,-0.287647,0.495374,0.988349,0.087981,-0.739895,0.012472,0.999235,-0.038924,0.002467,0.002720,0.017805,-0.019133,0.000010,0.265267,0.098582,0.035715,-0.000039,1.537706,-2.817198,0.518976,0.845596,-0.253120,-0.000882,0.039023,-0.002626,-0.000098,0.993801,0.002022,-0.000157,-0.111157,0.017290,0.016985,0.744677,0.029371,0.021463,0.531620
0,190.917460,76,absolute_shifted,19,2.278555,0.119645,-0.277111,0.412230,0.989738,0.087620,-0.649598,0.010790,0.999292,-0.037503,0.001454,0.002757,0.029608,-0.014857,0.000008,0.265226,0.071599,0.030813,-0.000028,1.639223,-2.847521,0.518870,0.850268,-0.253435,-0.000893,0.039023,-0.002626,-0.000098,0.993801,0.002022,-0.000157,-0.111157,0.017290,0.016985,0.744677,0.029371,0.021463,0.531620
0,190.917460,76,absolute_shifted,20,2.398201,0.119543,-0.266756,0.339709,0.990933,0.085179,-0.563463,0.009238,0.999366,-0.035475,0.000682,0.002784,0.038174,-0.011170,0.000006,0.265181,0.048927,0.026167,-0.000020,1.741233,-2.877862,0.518762,0.854937,-0.253749,-0.000905,0.039023,-0.002626,-0.000098,0.993801,0.002022,-0.000157,-0.111157,0.017290,0.016985,0.744677,0.029371,0.021463,0.531620
0,190.917460,76,absolute_shifted,21,2.517743,0.119406,-0.256799,0.277235,0.991951,0.081187,-0.482708,0.007865,0.999451,-0.033019,0.000115,0.002803,0.044023,-0.008042,0.000004,0.265134,0.030299,0.021864,-0.000019,1.843713,-2.908215,0.518653,0.859601,-0.254063,-0.000917,0.039023,-0.002626,-0.000098,0.993801,0.002022,-0.000157,-0.111157,0.017290,0.016985,0.744677,0.029371,0.021463,0.531620
0,190.917460,76,absolute_shifted,22,2.637150,0.119225,-0.247400,0.224111,0.992816,0.076095,-0.408167,0.006689,0.999537,-0.030283,-0.000280,0.002816,0.047641,-0.005431,0.000003,0.265087,0.015264,0.017947,-0.000011,1.946633,-2.938570,0.518543,0.864261,-0.254377,-0.000929,0.039023,-0.002626,-0.000098,0.993801,0.002022,-0.000157,-0.111157,0.017290,0.016985,0.744677,0.029371,0.021463,0.531620
0,190.917460,76,absolute_shifted,23,2.756375,0.118982,-0.238668,0.179556,0.993551,0.070278,-0.340357,0.005707,0.999621,-0.027389,-0.000531,0.002825,0.049461,-0.003292,0.000002,0.265042,0.003289,0.014426,-0.000011,2.049953,-2.968917,0.518432,0.868913,-0.254690,-0.000940,0.039023,-0.002626,-0.000098,0.993801,0.002022,-0.000157,-0.111157,0.017290,0.016985,0.744677,0.029371,0.021463,0.531620
0,190.917460,76,absolute_shifted,24,2.875357,0.118649,-0.230675,0.142747,0.994179,0.064044,-0.279535,0.004904,0.999697,-0.024435,-0.000668,0.002831,0.049852,-0.001575,0.000001,0.265000,-0.005905,0.011306,-0.000012,2.153614,-2.999239,0.518319,0.873556,-0.255002,-0.000952,0.039023,-0.002626,-0.000098,0.993801,0.002022,-0.000157,-0.111157,0.017290,0.016985,0.744677,0.029371,0.021463,0.531620
0,190.917460,76,absolute_shifted,25,2.994006,0.118177,-0.223455,0.112838,0.994719,0.057640,-0.225759,0.004254,0.999765,-0.021499,-0.000713,0.002834,0.049151,-0.000234,0.000001,0.264961,-0.011837,0.008627,-0.000004,2.257535,-3.029513,0.518205,0.878186,-0.255314,-0.000964,0.039023,-0.002626,-0.000098,0.993801,0.002022,-0.000157,-0.111157,0.017290,0.016985,0.744677,0.029371,0.021463,0.531620
0,190.917460,76,absolute_shifted,26,3.112183,0.117484,-0.217021,0.088991,0.995188,0.051260,-0.178933,0.003729,0.999822,-0.018637,-0.000689,0.002836,0.047753,0.000786,0.000000,0.264928,-0.014256,0.006400,0.000001,2.361589,-3.059704,0.518091,0.882798,-0.255624,-0.000975,0.039023,-0.002626,-0.000098,0.993801,0.002022,-0.000157,-0.111157,0.017290,0.016985,0.744677,0.029371,0.021463,0.531620
0,190.917460,76,absolute_shifted,27,3.229667,0.116418,-0.211365,0.070385,0.995599,0.045054,-0.138861,0.003304,0.999870,-0.015882,-0.000613,0.002836,0.046078,0.001538,0.000001,0.264899,-0.016596,0.004375,-0.000010,2.465573,-3.089754,0.517975,0.887383,-0.255933,-0.000987,0.039023,-0.002626,-0.000098,0.993801,0.002022,-0.000157,-0.111157,0.017290,0.016985,0.744677,0.029371,0.021463,0.531620
0,190.917460,76,absolute_shifted,28,3.346085,0.114656,-0.206467,0.056230,0.995962,0.039140,-0.105303,0.002955,0.999908,-0.013256,-0.000501,0.002836,0.044146,0.002047,-0.000000,0.264875,-0.027419,0.002122,-0.000027,2.569145,-3.119567,0.517860,0.891925,-0.256238,-0.000998,0.039023,-0.002626,-0.000098,0.993801,0.002022,-0.000157,-0.111157,0.017290,0.016985,0.744677,0.029371,0.021463,0.531620
0,190.917460,76,absolute_shifted,29,3.460742,0.111339,-0.202299,0.045777,0.996283,0.033608,-0.077964,0.002662,0.999937,-0.010816,-0.000370,0.002836,0.041002,0.002290,-0.000002,0.264857,-0.040733,-0.000000,0.000016,2.671666,-3.148963,0.517745,0.896400,-0.256539,-0.001010,0.039023,-0.002626,-0.000098,0.993801,0.002022,-0.000157,-0.111157,0.017290,0.016985,0.744677,0.029371,0.021463,0.531620
0,190.917460,76,absolute_shifted,30,3.572081,0.106464,-0.198842,0.038338,0.996564,0.028542,-0.056448,0.002414,0.999958,-0.008660,-0.000236,0.002835,0.036467,0.002290,-0.000001,0.264845,-0.040358,-0.000948,0.000021,2.771712,-3.177542,0.517632,0.900744,-0.256832,-0.001021,0.039023,-0.002626,-0.000098,0.993801,0.002022,-0.000157,-0.111157,0.017290,0.016985,0.744677,0.029371,0.021463,0.531620
0,190.917460,76,absolute_shifted,31,3.678545,0.101656,-0.196049,0.033236,0.996810,0.023980,-0.040029,0.002202,0.999973,-0.006834,-0.000111,0.002835,0.032170,0.002189,0.000000,0.264838,-0.042097,-0.001791,-0.000019,2.867831,-3.204901,0.517523,0.904899,-0.257111,-0.001031,0.039023,-0.002626,-0.000098,0.993801,0.002022,-0.000157,-0.111157,0.017290,0.016985,0.744677,0.029371,0.021463,0.531620
0,190.917460,76,absolute_shifted,32,3.780201,0.094637,-0.193822,0.029819,0.997024,0.019869,-0.027692,0.002018,0.999982,-0.005308,-0.000001,0.002834,0.027891,0.002007,-0.000001,0.264835,-0.048690,-0.002660,-0.000002,2.960021,-3.231051,0.517417,0.908866,-0.257378,-0.001041,0.039023,-0.002626,-0.000098,0.993801,0.002022,-0.000157,-0.111157,0.017290,0.016985,0.744677,0.029371,0.021463,0.531620
0,190.917460,76,absolute_shifted,33,3.874837,0.086717,-0.192115,0.027640,0.997207,0.016238,-0.018746,0.001865,0.999988,-0.004097,0.000092,0.002834,0.023283,0.001755,-0.000001,0.264836,-0.048558,-0.002938,0.000009,3.046207,-3.255420,0.517318,0.912559,-0.257627,-0.001050,0.039023,-0.002626,-0.000098,0.993801,0.002022,-0.000157,-0.111157,0.017290,0.016985,0.744677,0.029371,0.021463,0.531620
0,190.917460,76,absolute_shifted,34,3.961555,0.080279,-0.190846,0.026302,0.997364,0.013057,-0.012354,0.001742,0.999991,-0.003179,0.000165,0.002833,0.019072,0.001501,-0.000000,0.264839,-0.045511,-0.002941,0.000007,3.125489,-3.277771,0.517227,0.915943,-0.257855,-0.001059,0.039023,-0.002626,-0.000098,0.993801,0.002022,-0.000157,-0.111157,0.017290,0.016985,0.744677,0.029371,0.021463,0.531620
0,190.917460,76,absolute_shifted,35,4.041833,0.076032,-0.189912,0.025505,0.997500,0.010218,-0.007700,0.001644,0.999993,-0.002487,0.000223,0.002833,0.015418,0.001265,-0.000000,0.264842,-0.042419,-0.002842,-0.000005,3.199145,-3.298480,0.517142,0.919075,-0.258065,-0.001067,0.039023,-0.002626,-0.000098,0.993801,0.002022,-0.000157,-0.111157,0.017290,0.016985,0.744677,0.029371,0.021463,0.531620
0,190.917460,76,absolute_shifted,36,4.117865,0.073433,-0.189235,0.025058,0.997621,0.007609,-0.004195,0.001564,0.999994,-0.001963,0.000268,0.002833,0.012193,0.001049,-0.000000,0.264845,-0.040586,-0.002700,-0.000015,3.269137,-3.318108,0.517060,0.922042,-0.258265,-0.001074,0.039023,-0.002626,-0.000098,0.993801,0.002022,-0.000157,-0.111157,0.017290,0.016985,0.744677,0.029371,0.021463,0.531620
0,190.917460,76,absolute_shifted,37,4.191298,0.072021,-0.188767,0.024853,0.997734,0.005149,-0.001470,0.001499,0.999995,-0.001570,0.000304,0.002832,0.009213,0.000850,-0.000001,0.264849,-0.042036,-0.002728,-0.000000,3.336950,-3.337081,0.516981,0.924908,-0.258458,-0.001081,0.039023,-0.002626,-0.000098,0.993801,0.002022,-0.000157,-0.111157,0.017290,0.016985,0.744677,0.029371,0.021463,0.531620
0,190.917460,76,absolute_shifted,38,4.263320,0.072036,-0.188481,0.024829,0.997840,0.002783,0.000730,0.001448,0.999995,-0.001293,0.000332,0.002832,0.006185,0.000654,-0.000001,0.264854,-0.049492,-0.003291,0.000042,3.403665,-3.355702,0.516903,0.927718,-0.258647,-0.001088,0.039023,-0.002626,-0.000098,0.993801,0.002022,-0.000157,-0.111157,0.017290,0.016985,0.744677,0.029371,0.021463,0.531620
0,190.917460,76,absolute_shifted,39,4.335355,0.077522,-0.188365,0.024951,0.997943,0.000451,0.002620,0.001409,0.999995,-0.001134,0.000352,0.002832,0.002620,0.000417,0.000001,0.264858,-0.018049,-0.001266,0.000000,3.470595,-3.374341,0.516824,0.930529,-0.258836,-0.001096,0.039023,-0.002626,-0.000098,0.993801,0.002022,-0.000157,-0.111157,0.017290,0.016985,0.744677,0.029371,0.021463,0.531620
0,190.917460,76,absolute_shifted,40,4.412877,0.070000,-0.188426,0.025227,0.998051,-0.002032,0.004487,0.001380,0.999995,-0.001060,0.000366,0.002832,0.001221,0.000319,0.000001,0.000000,0.000000,0.000000,0.000000,3.542848,-3.394414,0.516739,0.933554,-0.259040,-0.001103,0.039023,-0.002626,-0.000098,0.993801,0.002022,-0.000157,-0.111157,0.017290,0.016985,0.744677,0.029371,0.021463,0.531620
1,196.730836,96,absolute_shifted,0,0.000000,0.119977,-0.266185,1.963649,0.968682,-0.267167,-1.096939,0.008894,0.997878,0.054679,0.035336,0.000302,-0.341450,-0.065740,0.000127,0.266770,0.618978,-0.069597,-0.001272,0.430327,-2.228122,0.524894,0.720690,0.204158,0.008522,0.035387,0.019670,0.000358,0.988018,0.000238,-0.001616,0.154329,-0.020097,0.007209,0.488379,-0.057374,0.076286,-0.875076
1,196.730836,96,absolute_shifted,1,0.119977,0.119973,-0.293666,1.825054,0.969755,-0.192584,-1.206240,0.009756,0.998850,0.036455,0.031139,0.000728,-0.267187,-0.074092,0.000040,0.266220,0.052494,0.016820,-0.000418,0.517048,-2.203487,0.525919,0.724935,0.206518,0.008565,0.035387,0.019670,0.000358,0.988018,0.000238,-0.001616,0.154329,-0.020097,0.007209,0.488379,-0.057374,0.076286,-0.875076
1,196.730836,96,absolute_shifted,2,0.239949,0.119968,-0.312816,1.675784,0.971018,-0.128379,-1.275940,0.011753,0.999429,0.020634,0.026744,0.001062,-0.260889,-0.072075,0.000011,0.265845,0.214162,0.036963,0.000128,0.604275,-2.178568,0.526949,0.729181,0.208878,0.008608,0.035387,0.019670,0.000358,0.988018,0.000238,-0.001616,0.154329,-0.020097,0.007209,0.488379,-0.057374,0.076286,-0.875076
1,196.730836,96,absolute_shifted,3,0.359917,0.119962,-0.324883,1.520372,0.972558,-0.074450,-1.309098,0.014162,0.999728,0.005766,0.022537,0.001375,-0.235196,-0.067641,0.000020,0.265611,0.294417,0.048965,0.000113,0.692008,-2.153368,0.527985,0.733426,0.211237,0.008651,0.035387,0.019670,0.000358,0.988018,0.000238,-0.001616,0.154329,-0.020097,0.007209,0.488379,-0.057374,0.076286,-0.875076
1,196.730836,96,absolute_shifted,4,0.479879,0.119954,-0.331067,1.363017,0.974387,-0.030189,-1.309190,0.016377,0.999798,-0.007273,0.018637,0.001649,-0.199877,-0.061767,0.000028,0.265480,0.322264,0.055228,0.000007,0.780246,-2.127886,0.529025,0.737671,0.213597,0.008694,0.035387,0.019670,0.000358,0.988018,0.000238,-0.001616,0.154329,-0.020097,0.007209,0.488379,-0.057374,0.076286,-0.875076
1,196.730836,96,absolute_shifted,5,0.599834,0.119945,-0.332480,1.207403,0.976450,0.005232,-1.281113,0.017960,0.999720,-0.018093,0.015113,0.001878,-0.161220,-0.055143,0.000028,0.265418,0.317739,0.057394,-0.000040,0.868987,-2.102123,0.530070,0.741916,0.215956,0.008737,0.035387,0.019670,0.000358,0.988018,0.000238,-0.001616,0.154329,-0.020097,0.007209,0.488379,-0.057374,0.076286,-0.875076
1,196.730836,96,absolute_shifted,6,0.719778,0.119933,-0.330128,1.056589,0.978656,0.032754,-1.230271,0.018707,0.999572,-0.026610,0.011997,0.002065,-0.123109,-0.048259,0.000026,0.265396,0.294139,0.056682,-0.000054,0.958231,-2.076079,0.531121,0.746160,0.218316,0.008780,0.035387,0.019670,0.000358,0.988018,0.000238,-0.001616,0.154329,-0.020097,0.007209,0.488379,-0.057374,0.076286,-0.875076
1,196.730836,96,absolute_shifted,7,0.839711,0.119917,-0.324900,0.912984,0.980901,0.053365,-1.162012,0.018610,0.999412,-0.032925,0.009295,0.002215,-0.087832,-0.041461,0.000022,0.265391,0.260378,0.054008,-0.000055,1.047974,-2.049754,0.532177,0.750404,0.220675,0.008823,0.035387,0.019670,0.000358,0.988018,0.000238,-0.001616,0.154329,-0.020097,0.007209,0.488379,-0.057374,0.076286,-0.875076
1,196.730836,96,absolute_shifted,8,0.959628,0.119898,-0.317566,0.778376,0.983090,0.068043,-1.081301,0.017794,0.999279,-0.037248,0.006994,0.002332,-0.056608,-0.034985,0.000018,0.265391,0.222383,0.050074,-0.000050,1.138215,-2.023150,0.533237,0.754648,0.223034,0.008866,0.035387,0.019670,0.000358,0.988018,0.000238,-0.001616,0.154329,-0.020097,0.007209,0.488379,-0.057374,0.076286,-0.875076
1,196.730836,96,absolute_shifted,9,1.079526,0.119873,-0.308782,0.653991,0.985147,0.077722,-0.992539,0.016451,0.999190,-0.039835,0.005072,0.002423,-0.029945,-0.028981,0.000015,0.265386,0.183985,0.045418,-0.000044,1.228950,-1.996267,0.534303,0.758891,0.225392,0.008909,0.035387,0.019670,0.000358,0.988018,0.000238,-0.001616,0.154329,-0.020097,0.007209,0.488379,-0.057374,0.076286,-0.875076
1,196.730836,96,absolute_shifted,10,1.199400,0.119841,-0.299095,0.540562,0.987021,0.083269,-0.899490,0.014787,0.999151,-0.040965,0.003497,0.002492,-0.007890,-0.023537,0.000012,0.265371,0.147542,0.040438,-0.000036,1.320175,-1.969107,0.535373,0.763133,0.227750,0.008952,0.035387,0.019670,0.000358,0.988018,0.000238,-0.001616,0.154329,-0.020097,0.007209,0.488379,-0.057374,0.076286,-0.875076
1,196.730836,96,absolute_shifted,11,1.319241,0.119800,-0.288955,0.438413,0.988685,0.085471,-0.805274,0.012985,0.999157,-0.040904,0.002233,0.002545,0.009792,-0.018691,0.000009,0.265347,0.114383,0.035422,-0.000029,1.411884,-1.941672,0.536449,0.767373,0.230107,0.008995,0.035387,0.019670,0.000358,0.988018,0.000238,-0.001616,0.154329,-0.020097,0.007209,0.488379,-0.057374,0.076286,-0.875076
1,196.730836,96,absolute_shifted,12,1.439041,0.119747,-0.278719,0.347528,0.990131,0.085028,-0.712396,0.011194,0.999199,-0.039906,0.001244,0.002584,0.023495,-0.014447,0.000007,0.265314,0.085141,0.030564,-0.000024,1.504070,-1.913964,0.537529,0.771613,0.232464,0.009037,0.035387,0.019670,0.000358,0.988018,0.000238,-0.001616,0.154329,-0.020097,0.007209,0.488379,-0.057374,0.076286,-0.875076
1,196.730836,96,absolute_shifted,13,1.558788,0.119677,-0.268668,0.267626,0.991368,0.082551,-0.622800,0.009519,0.999267,-0.038193,0.000494,0.002612,0.033690,-0.010787,0.000006,0.265273,0.059998,0.025992,-0.000019,1.596722,-1.885986,0.538613,0.775850,0.234819,0.009080,0.035387,0.019670,0.000358,0.988018,0.000238,-0.001616,0.154329,-0.020097,0.007209,0.488379,-0.057374,0.076286,-0.875076
1,196.730836,96,absolute_shifted,14,1.678465,0.119585,-0.259014,0.198221,0.992414,0.078569,-0.537936,0.008024,0.999350,-0.035962,-0.000052,0.002633,0.040871,-0.007677,0.000005,0.265229,0.038854,0.021780,-0.000015,1.689826,-1.857743,0.539703,0.780085,0.237173,0.009123,0.035387,0.019670,0.000358,0.988018,0.000238,-0.001616,0.154329,-0.020097,0.007209,0.488379,-0.057374,0.076286,-0.875076
1,196.730836,96,absolute_shifted,15,1.798050,0.119465,-0.249911,0.138683,0.993293,0.073529,-0.458826,0.006740,0.999439,-0.033380,-0.000427,0.002647,0.045517,-0.005072,0.000004,0.265182,0.021448,0.017963,-0.000012,1.783366,-1.829240,0.540796,0.784317,0.239526,0.009166,0.035387,0.019670,0.000358,0.988018,0.000238,-0.001616,0.154329,-0.020097,0.007209,0.488379,-0.057374,0.076286,-0.875076
1,196.730836,96,absolute_shifted,16,1.917515,0.119309,-0.241463,0.088276,0.994030,0.067806,-0.386135,0.005672,0.999528,-0.030586,-0.000658,0.002656,0.048079,-0.002926,0.000003,0.265135,0.007435,0.014551,-0.000009,1.877317,-1.800485,0.541894,0.788544,0.241875,0.009209,0.035387,0.019670,0.000358,0.988018,0.000238,-0.001616,0.154329,-0.020097,0.007209,0.488379,-0.057374,0.076286,-0.875076
1,196.730836,96,absolute_shifted,17,2.036824,0.119107,-0.233735,0.046206,0.994651,0.061707,-0.320228,0.004806,0.999613,-0.027692,-0.000773,0.002662,0.048967,-0.001190,0.000002,0.265090,-0.003561,0.011535,-0.000007,1.971649,-1.771487,0.542995,0.792766,0.244222,0.009251,0.035387,0.019670,0.000358,0.988018,0.000238,-0.001616,0.154329,-0.020097,0.007209,0.488379,-0.057374,0.076286,-0.875076
1,196.730836,96,absolute_shifted,18,2.155931,0.118846,-0.226756,0.011645,0.995179,0.055479,-0.261230,0.004119,0.999689,-0.024789,-0.000795,0.002665,0.048542,0.000184,0.000002,0.265048,-0.011906,0.008896,-0.000006,2.066324,-1.742259,0.544099,0.796981,0.246565,0.009294,0.035387,0.019670,0.000358,0.988018,0.000238,-0.001616,0.154329,-0.020097,0.007209,0.488379,-0.057374,0.076286,-0.875076
1,196.730836,96,absolute_shifted,19,2.274777,0.118517,-0.220529,-0.016236,0.995633,0.049320,-0.209077,0.003581,0.999755,-0.021948,-0.000745,0.002667,0.047127,0.001241,0.000001,0.265009,-0.017929,0.006606,-0.000005,2.161292,-1.712816,0.545207,0.801187,0.248903,0.009337,0.035387,0.019670,0.000358,0.988018,0.000238,-0.001616,0.154329,-0.020097,0.007209,0.488379,-0.057374,0.076286,-0.875076
1,196.730836,96,absolute_shifted,20,2.393294,0.118107,-0.215039,-0.038255,0.996031,0.043377,-0.163560,0.003163,0.999812,-0.019219,-0.000641,0.002667,0.045003,0.002024,0.000001,0.264976,-0.021884,0.004636,-0.000004,2.256495,-1.683179,0.546316,0.805381,0.251234,0.009379,0.035387,0.019670,0.000358,0.988018,0.000238,-0.001616,0.154329,-0.020097,0.007209,0.488379,-0.057374,0.076286,-0.875076
1,196.730836,96,absolute_shifted,21,2.511401,0.117608,-0.210251,-0.055199,0.996383,0.037760,-0.124361,0.002837,0.999858,-0.016639,-0.000499,0.002666,0.042418,0.002572,0.000001,0.264946,-0.023862,0.002962,-0.000004,2.351862,-1.653370,0.547426,0.809560,0.253557,0.009421,0.035387,0.019670,0.000358,0.988018,0.000238,-0.001616,0.154329,-0.020097,0.007209,0.488379,-0.057374,0.076286,-0.875076
1,196.730836,96,absolute_shifted,22,2.629009,0.117015,-0.206121,-0.067814,0.996699,0.032543,-0.091091,0.002576,0.999895,-0.014227,-0.000331,0.002664,0.039612,0.002920,0.000000,0.264921,-0.024790,0.001478,-0.000003,2.447318,-1.623413,0.548536,0.813722,0.255871,0.009463,0.035387,0.019670,0.000358,0.988018,0.000238,-0.001616,0.154329,-0.020097,0.007209,0.488379,-0.057374,0.076286,-0.875076
1,196.730836,96,absolute_shifted,23,2.746024,0.115919,-0.202596,-0.076799,0.996987,0.027769,-0.063322,0.002362,0.999924,-0.011995,-0.000149,0.002663,0.036711,0.003093,0.000000,0.264900,-0.025745,0.000136,-0.000003,2.542778,-1.593338,0.549646,0.817862,0.258172,0.009505,0.035387,0.019670,0.000358,0.988018,0.000238,-0.001616,0.154329,-0.020097,0.007209,0.488379,-0.057374,0.076286,-0.875076
1,196.730836,96,absolute_shifted,24,2.861943,0.114375,-0.199630,-0.082781,0.997249,0.023473,-0.040673,0.002177,0.999947,-0.009955,0.000036,0.002661,0.033726,0.003109,0.000000,0.264884,-0.025927,-0.001062,-0.000003,2.637821,-1.563279,0.550750,0.821964,0.260452,0.009547,0.035387,0.019670,0.000358,0.988018,0.000238,-0.001616,0.154329,-0.020097,0.007209,0.488379,-0.057374,0.076286,-0.875076
1,196.730836,96,absolute_shifted,25,2.976317,0.112041,-0.197168,-0.086365,0.997488,0.019655,-0.022684,0.002011,0.999964,-0.008111,0.000215,0.002659,0.030761,0.002987,-0.000000,0.264870,-0.026999,-0.002184,-0.000003,2.732065,-1.533361,0.551845,0.826012,0.262702,0.009588,0.035387,0.019670,0.000358,0.988018,0.000238,-0.001616,0.154329,-0.020097,0.007209,0.488379,-0.057374,0.076286,-0.875076
1,196.730836,96,absolute_shifted,26,3.088358,0.108513,-0.195157,-0.088100,0.997704,0.016305,-0.008887,0.001855,0.999975,-0.006473,0.000380,0.002657,0.027736,0.002742,-0.000000,0.264861,-0.029962,-0.003152,-0.000002,2.824834,-1.503804,0.552921,0.829977,0.264906,0.009628,0.035387,0.019670,0.000358,0.988018,0.000238,-0.001616,0.154329,-0.020097,0.007209,0.488379,-0.057374,0.076286,-0.875076
1,196.730836,96,absolute_shifted,27,3.196871,0.103288,-0.193548,-0.088489,0.997897,0.013398,0.001223,0.001707,0.999984,-0.005057,0.000524,0.002656,0.024485,0.002400,-0.000000,0.264854,-0.034604,-0.003665,-0.000001,2.915105,-1.474942,0.553968,0.833816,0.267040,0.009667,0.035387,0.019670,0.000358,0.988018,0.000238,-0.001616,0.154329,-0.020097,0.007209,0.488379,-0.057374,0.076286,-0.875076
1,196.730836,96,absolute_shifted,28,3.300159,0.096201,-0.192295,-0.087980,0.998066,0.010903,0.008223,0.001569,0.999989,-0.003885,0.000641,0.002655,0.020911,0.002022,-0.000000,0.264851,-0.037108,-0.003333,0.000001,3.001417,-1.447255,0.554968,0.837471,0.269072,0.009704,0.035387,0.019670,0.000358,0.988018,0.000238,-0.001616,0.154329,-0.020097,0.007209,0.488379,-0.057374,0.076286,-0.875076
1,196.730836,96,absolute_shifted,29,3.396360,0.088574,-0.191350,-0.086957,0.998211,0.008780,0.012772,0.001445,0.999992,-0.002965,0.000733,0.002654,0.017341,0.001701,-0.000000,0.264851,-0.034290,-0.002334,0.000001,3.082146,-1.421279,0.555903,0.840876,0.270964,0.009738,0.035387,0.019670,0.000358,0.988018,0.000238,-0.001616,0.154329,-0.020097,0.007209,0.488379,-0.057374,0.076286,-0.875076
1,196.730836,96,absolute_shifted,30,3.484934,0.082796,-0.190653,-0.085693,0.998334,0.006972,0.015558,0.001337,0.999994,-0.002265,0.000805,0.002653,0.014304,0.001494,-0.000000,0.264851,-0.027785,-0.001239,-0.000000,3.156765,-1.397202,0.556767,0.844010,0.272707,0.009770,0.035387,0.019670,0.000358,0.988018,0.000238,-0.001616,0.154329,-0.020097,0.007209,0.488379,-0.057374,0.076286,-0.875076
1,196.730836,96,absolute_shifted,31,3.567730,0.080261,-0.190142,-0.084333,0.998441,0.005392,0.017157,0.001243,0.999995,-0.001721,0.000867,0.002652,0.012003,0.001392,-0.000000,0.264852,-0.017078,-0.000164,0.000004,3.226767,-1.374555,0.557577,0.846940,0.274335,0.009799,0.035387,0.019670,0.000358,0.988018,0.000238,-0.001616,0.154329,-0.020097,0.007209,0.488379,-0.057374,0.076286,-0.875076
1,196.730836,96,absolute_shifted,32,3.647992,0.085443,-0.189768,-0.082920,0.998537,0.003955,0.017927,0.001157,0.999995,-0.001267,0.000923,0.002652,0.010632,0.001379,-0.000000,0.264852,-0.012992,-0.001468,-0.000002,3.294858,-1.352473,0.558365,0.849780,0.275914,0.009828,0.035387,0.019670,0.000358,0.988018,0.000238,-0.001616,0.154329,-0.020097,0.007209,0.488379,-0.057374,0.076286,-0.875076
1,196.730836,96,absolute_shifted,33,3.733435,0.083919,-0.189492,-0.081380,0.998632,0.002524,0.018006,0.001065,0.999996,-0.000836,0.000981,0.002651,0.009522,0.001253,-0.000000,0.264853,-0.017077,-0.002068,0.000001,3.367595,-1.328827,0.559206,0.852804,0.277595,0.009859,0.035387,0.019670,0.000358,0.988018,0.000238,-0.001616,0.154329,-0.020097,0.007209,0.488379,-0.057374,0.076286,-0.875076
1,196.730836,96,absolute_shifted,34,3.817354,0.082475,-0.189336,-0.079889,0.998718,0.001208,0.017424,0.000980,0.999996,-0.000467,0.001031,0.002651,0.008089,0.001080,-0.000000,0.264855,-0.015731,-0.001629,0.000001,3.439286,-1.305462,0.560035,0.855773,0.279245,0.009889,0.035387,0.019670,0.000358,0.988018,0.000238,-0.001616,0.154329,-0.020097,0.007209,0.488379,-0.057374,0.076286,-0.875076
1,196.730836,96,absolute_shifted,35,3.899829,0.081367,-0.189287,-0.078494,0.998795,-0.000009,0.016306,0.000902,0.999996,-0.000160,0.001073,0.002651,0.006792,0.000945,-0.000000,0.264856,-0.014838,-0.001181,0.000001,3.509987,-1.282364,0.560852,0.858692,0.280868,0.009918,0.035387,0.019670,0.000358,0.988018,0.000238,-0.001616,0.154329,-0.020097,0.007209,0.488379,-0.057374,0.076286,-0.875076
1,196.730836,96,absolute_shifted,36,3.981197,0.080548,-0.189334,-0.077228,0.998866,-0.001145,0.014758,0.000829,0.999996,0.000092,0.001110,0.002650,0.005584,0.000849,-0.000000,0.264858,-0.014623,-0.000709,0.000001,3.579973,-1.259445,0.561660,0.861571,0.282468,0.009947,0.035387,0.019670,0.000358,0.988018,0.000238,-0.001616,0.154329,-0.020097,0.007209,0.488379,-0.057374,0.076286,-0.875076
1,196.730836,96,absolute_shifted,37,4.061745,0.079943,-0.189470,-0.076113,0.998930,-0.002212,0.012869,0.000763,0.999996,0.000293,0.001144,0.002650,0.004407,0.000792,-0.000000,0.264860,-0.015276,-0.000183,0.000001,3.649486,-1.236629,0.562462,0.864421,0.284053,0.009976,0.035387,0.019670,0.000358,0.988018,0.000238,-0.001616,0.154329,-0.020097,0.007209,0.488379,-0.057374,0.076286,-0.875076
1,196.730836,96,absolute_shifted,38,4.141688,0.079492,-0.189687,-0.075169,0.998989,-0.003220,0.010717,0.000704,0.999996,0.000444,0.001176,0.002650,0.003185,0.000778,-0.000000,0.264863,-0.017086,0.000339,0.000001,3.718704,-1.213858,0.563261,0.867250,0.285625,0.010005,0.035387,0.019670,0.000358,0.988018,0.000238,-0.001616,0.154329,-0.020097,0.007209,0.488379,-0.057374,0.076286,-0.875076
1,196.730836,96,absolute_shifted,39,4.221180,0.079134,-0.189981,-0.074409,0.999043,-0.004173,0.008381,0.000651,0.999996,0.000544,0.001208,0.002650,0.001827,0.000804,-0.000000,0.264865,-0.013351,-0.003590,0.000000,3.787755,-1.191091,0.564057,0.870063,0.287189,0.010033,0.035387,0.019670,0.000358,0.988018,0.000238,-0.001616,0.154329,-0.020097,0.007209,0.488379,-0.057374,0.076286,-0.875076
1,196.730836,96,absolute_shifted,40,4.300313,0.070000,-0.190347,-0.073841,0.999092,-0.005074,0.005939,0.000606,0.999996,0.000595,0.001234,0.002650,0.000771,0.000520,-0.000000,0.000000,0.000000,0.000000,0.000000,3.856717,-1.168304,0.564852,0.872864,0.288745,0.010062,0.035387,0.019670,0.000358,0.988018,0.000238,-0.001616,0.154329,-0.020097,0.007209,0.488379,-0.057374,0.076286,-0.875076
2,184.227386,96,absolute_shifted,0,0.000000,0.119944,-0.324900,0.912984,0.980901,0.053365,-1.162012,0.018610,0.999412,-0.032925,0.009295,0.002215,-0.087832,-0.041461,0.000022,0.265339,0.412500,0.093189,-0.000370,1.026690,-1.963799,0.525448,0.639182,0.328016,0.003285,0.029822,0.024896,0.000095,0.970435,-0.000020,-0.000072,0.241363,0.012269,0.001514,0.479891,0.115374,-0.051805,1.128686
2,184.227386,96,absolute_shifted,1,0.119944,0.119931,-0.317521,0.778296,0.983079,0.068822,-1.082354,0.017622,0.999298,-0.036702,0.007136,0.002322,-0.038355,-0.030284,-0.000003,0.265337,0.129461,0.021680,0.000500,1.103570,-1.924277,0.525843,0.642759,0.331002,0.003296,0.029822,0.024896,0.000095,0.970435,-0.000020,-0.000072,0.241363,0.012269,0.001514,0.479891,0.115374,-0.051805,1.128686
2,184.227386,96,absolute_shifted,2,0.239875,0.119914,-0.308570,0.653593,0.985113,0.079763,-0.996518,0.016242,0.999240,-0.038531,0.005395,0.002400,-0.022829,-0.027684,0.000031,0.265333,0.129418,0.029481,-0.000444,1.180871,-1.884400,0.526239,0.646336,0.333988,0.003307,0.029822,0.024896,0.000095,0.970435,-0.000020,-0.000072,0.241363,0.012269,0.001514,0.479891,0.115374,-0.051805,1.128686
2,184.227386,96,absolute_shifted,3,0.359789,0.119893,-0.298547,0.539413,0.986965,0.086795,-0.907496,0.014639,0.999212,-0.039430,0.003840,0.002466,-0.007309,-0.024149,0.000001,0.265322,0.117446,0.032106,0.000104,1.258590,-1.844171,0.526636,0.649912,0.336973,0.003319,0.029822,0.024896,0.000095,0.970435,-0.000020,-0.000072,0.241363,0.012269,0.001514,0.479891,0.115374,-0.051805,1.128686
2,184.227386,96,absolute_shifted,4,0.479682,0.119865,-0.287892,0.436008,0.988618,0.090416,-0.817446,0.012935,0.999216,-0.039443,0.002509,0.002519,0.006772,-0.020299,0.000008,0.265304,0.100039,0.031898,0.000003,1.336724,-1.803592,0.527035,0.653487,0.339958,0.003330,0.029822,0.024896,0.000095,0.970435,-0.000020,-0.000072,0.241363,0.012269,0.001514,0.479891,0.115374,-0.051805,1.128686
2,184.227386,96,absolute_shifted,5,0.599546,0.119828,-0.276983,0.343384,0.990065,0.091174,-0.728341,0.011236,0.999248,-0.038675,0.001410,0.002561,0.018763,-0.016476,0.000008,0.265278,0.080067,0.029899,-0.000030,1.415269,-1.762664,0.527435,0.657062,0.342942,0.003341,0.029822,0.024896,0.000095,0.970435,-0.000020,-0.000072,0.241363,0.012269,0.001514,0.479891,0.115374,-0.051805,1.128686
2,184.227386,96,absolute_shifted,6,0.719375,0.119781,-0.266131,0.261322,0.991313,0.089615,-0.641867,0.009629,0.999302,-0.037263,0.000534,0.002593,0.028357,-0.012893,0.000006,0.265245,0.060436,0.026979,-0.000020,1.494217,-1.721391,0.527836,0.660635,0.345926,0.003353,0.029822,0.024896,0.000095,0.970435,-0.000020,-0.000072,0.241363,0.012269,0.001514,0.479891,0.115374,-0.051805,1.128686
2,184.227386,96,absolute_shifted,7,0.839155,0.119718,-0.255583,0.189424,0.992376,0.086250,-0.559379,0.008171,0.999372,-0.035347,-0.000136,0.002618,0.035596,-0.009662,0.000004,0.265207,0.042224,0.023642,-0.000012,1.573563,-1.679777,0.528238,0.664207,0.348908,0.003364,0.029822,0.024896,0.000095,0.970435,-0.000020,-0.000072,0.241363,0.012269,0.001514,0.479891,0.115374,-0.051805,1.128686
2,184.227386,96,absolute_shifted,8,0.958874,0.119636,-0.245527,0.127147,0.993274,0.081543,-0.481902,0.006897,0.999450,-0.033065,-0.000623,0.002636,0.040651,-0.006831,0.000004,0.265166,0.026153,0.020210,-0.000010,1.653294,-1.637828,0.528641,0.667777,0.351888,0.003375,0.029822,0.024896,0.000095,0.970435,-0.000020,-0.000072,0.241363,0.012269,0.001514,0.479891,0.115374,-0.051805,1.128686
2,184.227386,96,absolute_shifted,9,1.078510,0.119528,-0.236102,0.073845,0.994031,0.075899,-0.410155,0.005816,0.999530,-0.030540,-0.000953,0.002649,0.043780,-0.004414,0.000003,0.265125,0.012468,0.016887,-0.000009,1.733398,-1.595551,0.529046,0.671345,0.354867,0.003387,0.029822,0.024896,0.000095,0.970435,-0.000020,-0.000072,0.241363,0.012269,0.001514,0.479891,0.115374,-0.051805,1.128686
2,184.227386,96,absolute_shifted,10,1.198038,0.119385,-0.227398,0.028802,0.994669,0.069663,-0.344582,0.004925,0.999607,-0.027880,-0.001149,0.002658,0.045270,-0.002395,0.000002,0.265084,0.001173,0.013790,-0.000008,1.813855,-1.552957,0.529451,0.674910,0.357842,0.003398,0.029822,0.024896,0.000095,0.970435,-0.000020,-0.000072,0.241363,0.012269,0.001514,0.479891,0.115374,-0.051805,1.128686
2,184.227386,96,absolute_shifted,11,1.317423,0.119198,-0.219470,-0.008741,0.995211,0.063125,-0.285397,0.004205,0.999679,-0.025174,-0.001235,0.002664,0.045410,-0.000749,0.000002,0.265045,-0.007865,0.010979,-0.000006,1.894642,-1.510059,0.529858,0.678470,0.360815,0.003409,0.029822,0.024896,0.000095,0.970435,-0.000020,-0.000072,0.241363,0.012269,0.001514,0.479891,0.115374,-0.051805,1.128686
2,184.227386,96,absolute_shifted,12,1.436621,0.118955,-0.212339,-0.039552,0.995675,0.056517,-0.232620,0.003634,0.999743,-0.022496,-0.001234,0.002667,0.044473,0.000560,0.000001,0.265010,-0.014852,0.008481,-0.000005,1.975726,-1.466873,0.530265,0.682025,0.363782,0.003421,0.029822,0.024896,0.000095,0.970435,-0.000020,-0.000072,0.241363,0.012269,0.001514,0.479891,0.115374,-0.051805,1.128686
2,184.227386,96,absolute_shifted,13,1.555576,0.118642,-0.206004,-0.064397,0.996078,0.050027,-0.186115,0.003187,0.999798,-0.019904,-0.001164,0.002669,0.042706,0.001569,0.000001,0.264978,-0.020019,0.006297,-0.000004,2.057067,-1.423424,0.530672,0.685572,0.366744,0.003432,0.029822,0.024896,0.000095,0.970435,-0.000020,-0.000072,0.241363,0.012269,0.001514,0.479891,0.115374,-0.051805,1.128686
2,184.227386,96,absolute_shifted,14,1.674218,0.118247,-0.200441,-0.084020,0.996433,0.043797,-0.145626,0.002837,0.999844,-0.017442,-0.001042,0.002670,0.040331,0.002316,0.000001,0.264951,-0.023592,0.004418,-0.000003,2.138615,-1.379737,0.531080,0.689110,0.369697,0.003443,0.029822,0.024896,0.000095,0.970435,-0.000020,-0.000072,0.241363,0.012269,0.001514,0.479891,0.115374,-0.051805,1.128686
2,184.227386,96,absolute_shifted,15,1.792465,0.117765,-0.195613,-0.099128,0.996751,0.037930,-0.110804,0.002561,0.999881,-0.015141,-0.000883,0.002670,0.037541,0.002838,0.000001,0.264927,-0.025777,0.002827,-0.000003,2.220309,-1.335847,0.531488,0.692636,0.372641,0.003454,0.029822,0.024896,0.000095,0.970435,-0.000020,-0.000072,0.241363,0.012269,0.001514,0.479891,0.115374,-0.051805,1.128686
2,184.227386,96,absolute_shifted,16,1.910229,0.117195,-0.191471,-0.110388,0.997038,0.032497,-0.081238,0.002340,0.999911,-0.013021,-0.000701,0.002669,0.034506,0.003171,0.000000,0.264908,-0.026748,0.001504,-0.000002,2.302083,-1.291791,0.531896,0.696148,0.375573,0.003466,0.029822,0.024896,0.000095,0.970435,-0.000020,-0.000072,0.241363,0.012269,0.001514,0.479891,0.115374,-0.051805,1.128686
2,184.227386,96,absolute_shifted,17,2.027424,0.116551,-0.187957,-0.118414,0.997300,0.027540,-0.056472,0.002157,0.999935,-0.011091,-0.000505,0.002668,0.031371,0.003348,0.000000,0.264891,-0.026576,0.000433,-0.000002,2.383873,-1.247605,0.532302,0.699643,0.378491,0.003477,0.029822,0.024896,0.000095,0.970435,-0.000020,-0.000072,0.241363,0.012269,0.001514,0.479891,0.115374,-0.051805,1.128686
2,184.227386,96,absolute_shifted,18,2.143975,0.115852,-0.185012,-0.123766,0.997542,0.023077,-0.036034,0.002000,0.999953,-0.009354,-0.000304,0.002666,0.028273,0.003398,0.000000,0.264879,-0.025530,-0.000437,-0.000001,2.465620,-1.203322,0.532708,0.703119,0.381392,0.003488,0.029822,0.024896,0.000095,0.970435,-0.000020,-0.000072,0.241363,0.012269,0.001514,0.479891,0.115374,-0.051805,1.128686
2,184.227386,96,absolute_shifted,19,2.259827,0.114860,-0.182573,-0.126946,0.997765,0.019108,-0.019454,0.001858,0.999966,-0.007802,-0.000104,0.002665,0.025316,0.003347,0.000000,0.264869,-0.025061,-0.001282,-0.000001,2.547278,-1.158970,0.533113,0.706574,0.384277,0.003499,0.029822,0.024896,0.000095,0.970435,-0.000020,-0.000072,0.241363,0.012269,0.001514,0.479891,0.115374,-0.051805,1.128686
2,184.227386,96,absolute_shifted,20,2.374687,0.112789,-0.180582,-0.128396,0.997970,0.015623,-0.006306,0.001727,0.999976,-0.006432,0.000088,0.002664,0.022437,0.003200,-0.000000,0.264861,-0.025693,-0.002015,-0.000001,2.628632,-1.114668,0.533515,0.709999,0.387136,0.003509,0.029822,0.024896,0.000095,0.970435,-0.000020,-0.000072,0.241363,0.012269,0.001514,0.479891,0.115374,-0.051805,1.128686
2,184.227386,96,absolute_shifted,21,2.487476,0.109880,-0.178994,-0.128514,0.998158,0.012617,0.003780,0.001603,0.999983,-0.005249,0.000265,0.002663,0.019539,0.002973,-0.000000,0.264856,-0.026121,-0.002493,-0.000001,2.708901,-1.070845,0.533912,0.713363,0.389944,0.003520,0.029822,0.024896,0.000095,0.970435,-0.000020,-0.000072,0.241363,0.012269,0.001514,0.479891,0.115374,-0.051805,1.128686
2,184.227386,96,absolute_shifted,22,2.597356,0.105970,-0.177751,-0.127668,0.998327,0.010058,0.011260,0.001487,0.999987,-0.004254,0.000423,0.002661,0.016669,0.002699,-0.000000,0.264853,-0.026709,-0.002623,-0.000000,2.787466,-1.027847,0.534299,0.716640,0.392680,0.003531,0.029822,0.024896,0.000095,0.970435,-0.000020,-0.000072,0.241363,0.012269,0.001514,0.479891,0.115374,-0.051805,1.128686
2,184.227386,96,absolute_shifted,23,2.703327,0.101563,-0.176802,-0.126177,0.998479,0.007902,0.016604,0.001379,0.999990,-0.003446,0.000561,0.002661,0.013839,0.002421,-0.000000,0.264852,-0.025404,-0.002138,-0.000000,2.863576,-0.986095,0.534674,0.719800,0.395318,0.003541,0.029822,0.024896,0.000095,0.970435,-0.000020,-0.000072,0.241363,0.012269,0.001514,0.479891,0.115374,-0.051805,1.128686
2,184.227386,96,absolute_shifted,24,2.804890,0.098481,-0.176093,-0.124293,0.998614,0.006095,0.020289,0.001281,0.999992,-0.002810,0.000680,0.002660,0.011259,0.002204,-0.000000,0.264852,-0.019214,-0.000823,0.000000,2.936834,-0.945817,0.535034,0.722828,0.397846,0.003550,0.029822,0.024896,0.000095,0.970435,-0.000020,-0.000072,0.241363,0.012269,0.001514,0.479891,0.115374,-0.051805,1.128686
2,184.227386,96,absolute_shifted,25,2.903370,0.101404,-0.175570,-0.122165,0.998736,0.004564,0.022764,0.001193,0.999994,-0.002302,0.000788,0.002659,0.009366,0.002123,-0.000000,0.264851,-0.013336,-0.001103,-0.000000,3.008164,-0.906516,0.535384,0.725765,0.400298,0.003560,0.029822,0.024896,0.000095,0.970435,-0.000020,-0.000072,0.241363,0.012269,0.001514,0.479891,0.115374,-0.051805,1.128686
2,184.227386,96,absolute_shifted,26,3.004774,0.102375,-0.175178,-0.119767,0.998852,0.003204,0.024374,0.001103,0.999994,-0.001862,0.000894,0.002659,0.008014,0.002011,-0.000000,0.264852,-0.012186,-0.001468,0.000000,3.081912,-0.865797,0.535745,0.728789,0.402823,0.003569,0.029822,0.024896,0.000095,0.970435,-0.000020,-0.000072,0.241363,0.012269,0.001514,0.479891,0.115374,-0.051805,1.128686
2,184.227386,96,absolute_shifted,27,3.107149,0.105658,-0.174911,-0.117224,0.998961,0.002039,0.025180,0.001016,0.999995,-0.001484,0.000994,0.002658,0.006766,0.001861,-0.000000,0.264852,-0.008748,-0.001948,-0.000000,3.156678,-0.824427,0.536111,0.731842,0.405371,0.003579,0.029822,0.024896,0.000095,0.970435,-0.000020,-0.000072,0.241363,0.012269,0.001514,0.479891,0.115374,-0.051805,1.128686
2,184.227386,96,absolute_shifted,28,3.212807,0.109882,-0.174750,-0.114553,0.999063,0.001041,0.025277,0.000928,0.999995,-0.001151,0.001088,0.002658,0.005842,0.001655,-0.000000,0.264851,-0.007389,-0.003220,-0.000000,3.234170,-0.781457,0.536490,0.734993,0.408002,0.003589,0.029822,0.024896,0.000095,0.970435,-0.000020,-0.000072,0.241363,0.012269,0.001514,0.479891,0.115374,-0.051805,1.128686
2,184.227386,96,absolute_shifted,29,3.322689,0.110599,-0.174684,-0.111801,0.999160,0.000195,0.024699,0.000838,0.999995,-0.000852,0.001170,0.002657,0.005030,0.001301,-0.000000,0.264852,-0.007643,-0.003936,0.000000,3.315113,-0.736475,0.536885,0.738270,0.410737,0.003599,0.029822,0.024896,0.000095,0.970435,-0.000020,-0.000072,0.241363,0.012269,0.001514,0.479891,0.115374,-0.051805,1.128686
2,184.227386,96,absolute_shifted,30,3.433288,0.107231,-0.174702,-0.109129,0.999248,-0.000498,0.023518,0.000749,0.999996,-0.000598,0.001231,0.002657,0.004185,0.000866,-0.000000,0.264853,-0.007495,-0.003443,0.000000,3.396947,-0.690896,0.537284,0.741568,0.413491,0.003610,0.029822,0.024896,0.000095,0.970435,-0.000020,-0.000072,0.241363,0.012269,0.001514,0.479891,0.115374,-0.051805,1.128686
2,184.227386,96,absolute_shifted,31,3.540519,0.103209,-0.174787,-0.106691,0.999324,-0.001068,0.021892,0.000669,0.999996,-0.000395,0.001268,0.002656,0.003381,0.000497,-0.000000,0.264855,-0.006341,-0.002576,0.000000,3.476637,-0.646414,0.537671,0.744766,0.416160,0.003620,0.029822,0.024896,0.000095,0.970435,-0.000020,-0.000072,0.241363,0.012269,0.001514,0.479891,0.115374,-0.051805,1.128686
2,184.227386,96,absolute_shifted,32,3.643727,0.100493,-0.174923,-0.104528,0.999390,-0.001559,0.019964,0.000598,0.999996,-0.000237,0.001287,0.002656,0.002727,0.000231,-0.000000,0.264856,-0.005156,-0.002105,0.000000,3.553662,-0.603330,0.538045,0.747844,0.418730,0.003630,0.029822,0.024896,0.000095,0.970435,-0.000020,-0.000072,0.241363,0.012269,0.001514,0.479891,0.115374,-0.051805,1.128686
2,184.227386,96,absolute_shifted,33,3.744221,0.097431,-0.175102,-0.102628,0.999447,-0.002012,0.017810,0.000535,0.999996,-0.000114,0.001293,0.002656,0.002209,0.000019,-0.000000,0.264858,-0.004574,-0.001542,0.000000,3.628966,-0.561124,0.538411,0.750841,0.421232,0.003639,0.029822,0.024896,0.000095,0.970435,-0.000020,-0.000072,0.241363,0.012269,0.001514,0.479891,0.115374,-0.051805,1.128686
2,184.227386,96,absolute_shifted,34,3.841652,0.092619,-0.175319,-0.101003,0.999496,-0.002446,0.015512,0.000479,0.999996,-0.000017,0.001291,0.002656,0.001763,-0.000131,-0.000000,0.264860,-0.004030,-0.000405,0.000000,3.702263,-0.519965,0.538766,0.753746,0.423657,0.003648,0.029822,0.024896,0.000095,0.970435,-0.000020,-0.000072,0.241363,0.012269,0.001514,0.479891,0.115374,-0.051805,1.128686
2,184.227386,96,absolute_shifted,35,3.934271,0.088447,-0.175565,-0.099674,0.999538,-0.002868,0.013174,0.000432,0.999996,0.000056,0.001284,0.002656,0.001390,-0.000168,-0.000000,0.264861,-0.003330,0.000710,0.000000,3.772202,-0.480620,0.539104,0.756508,0.425963,0.003657,0.029822,0.024896,0.000095,0.970435,-0.000020,-0.000072,0.241363,0.012269,0.001514,0.479891,0.115374,-0.051805,1.128686
2,184.227386,96,absolute_shifted,36,4.022717,0.085032,-0.175837,-0.098612,0.999575,-0.003283,0.010831,0.000392,0.999996,0.000111,0.001278,0.002656,0.001095,-0.000106,-0.000000,0.264863,-0.002857,0.001750,-0.000000,3.839229,-0.442847,0.539428,0.759146,0.428165,0.003665,0.029822,0.024896,0.000095,0.970435,-0.000020,-0.000072,0.241363,0.012269,0.001514,0.479891,0.115374,-0.051805,1.128686
2,184.227386,96,absolute_shifted,37,4.107750,0.082400,-0.176134,-0.097789,0.999607,-0.003687,0.008498,0.000360,0.999996,0.000153,0.001277,0.002656,0.000852,0.000043,-0.000000,0.264864,-0.002681,0.002802,-0.000000,3.903889,-0.406350,0.539740,0.761682,0.430282,0.003674,0.029822,0.024896,0.000095,0.970435,-0.000020,-0.000072,0.241363,0.012269,0.001514,0.479891,0.115374,-0.051805,1.128686
2,184.227386,96,absolute_shifted,38,4.190149,0.080522,-0.176453,-0.097184,0.999635,-0.004075,0.006180,0.000332,0.999996,0.000183,0.001284,0.002656,0.000631,0.000274,-0.000000,0.264866,-0.002832,0.003865,0.000000,3.966752,-0.370810,0.540043,0.764139,0.432334,0.003681,0.029822,0.024896,0.000095,0.970435,-0.000020,-0.000072,0.241363,0.012269,0.001514,0.479891,0.115374,-0.051805,1.128686
2,184.227386,96,absolute_shifted,39,4.270671,0.079354,-0.176796,-0.096779,0.999661,-0.004435,0.003873,0.000310,0.999996,0.000204,0.001301,0.002656,0.000403,0.000585,-0.000000,0.264867,-0.003014,-0.001629,0.000000,4.028379,-0.335917,0.540339,0.766540,0.434338,0.003689,0.029822,0.024896,0.000095,0.970435,-0.000020,-0.000072,0.241363,0.012269,0.001514,0.479891,0.115374,-0.051805,1.128686
2,184.227386,96,absolute_shifted,40,4.350026,0.070000,-0.177161,-0.096563,0.999685,-0.004759,0.001576,0.000292,0.999996,0.000215,0.001322,0.002656,0.000164,0.000456,-0.000000,0.000000,0.000000,0.000000,0.000000,4.089301,-0.301372,0.540632,0.768907,0.436314,0.003696,0.029822,0.024896,0.000095,0.970435,-0.000020,-0.000072,0.241363,0.012269,0.001514,0.479891,0.115374,-0.051805,1.128686
3,187.070965,97,absolute_shifted,0,0.000000,0.119805,-0.255583,0.189424,0.992376,0.086250,-0.559379,0.008171,0.999372,-0.035347,-0.000136,0.002618,0.035596,-0.009662,0.000004,0.265110,0.425915,0.569334,-0.000385,1.354476,-1.390002,0.522354,0.105325,0.822361,-0.002143,0.002153,0.048060,-0.000169,0.604014,0.001261,0.005405,0.796955,0.012068,0.004382,1.451447,0.033406,-0.047644,-0.702531
3,187.070965,97,absolute_shifted,1,0.119805,0.119756,-0.245276,0.126906,0.993253,0.086396,-0.485722,0.006571,0.999493,-0.031692,0.001337,0.002568,0.086623,0.058547,-0.000022,0.265086,-0.213587,-0.320187,-0.000391,1.367110,-1.291134,0.522096,0.105583,0.828118,-0.002163,0.002153,0.048060,-0.000169,0.604014,0.001261,0.005405,0.796955,0.012068,0.004382,1.451447,0.033406,-0.047644,-0.702531
3,187.070965,97,absolute_shifted,2,0.239562,0.119681,-0.234629,0.072629,0.993970,0.092340,-0.422454,0.005498,0.999618,-0.027279,0.003705,0.002484,0.061045,0.020203,-0.000048,0.265056,-0.142119,-0.201111,0.000356,1.379770,-1.191617,0.521836,0.105841,0.833874,-0.002184,0.002153,0.048060,-0.000169,0.604014,0.001261,0.005405,0.796955,0.012068,0.004382,1.451447,0.033406,-0.047644,-0.702531
3,187.070965,97,absolute_shifted,3,0.359242,0.119592,-0.223041,0.025402,0.994580,0.101501,-0.367992,0.004759,0.999697,-0.024137,0.004201,0.002456,0.044036,-0.003867,-0.000024,0.265026,-0.076477,-0.095324,0.000246,1.392452,-1.091474,0.521573,0.106098,0.839626,-0.002204,0.002153,0.048060,-0.000169,0.604014,0.001261,0.005405,0.796955,0.012068,0.004382,1.451447,0.033406,-0.047644,-0.702531
3,187.070965,97,absolute_shifted,4,0.478834,0.119486,-0.210355,-0.015678,0.995113,0.110442,-0.319940,0.004200,0.999753,-0.021777,0.003635,0.002459,0.034890,-0.015267,-0.000007,0.264999,-0.043981,-0.039586,0.000073,1.405156,-0.990718,0.521309,0.106356,0.845373,-0.002224,0.002153,0.048060,-0.000169,0.604014,0.001261,0.005405,0.796955,0.012068,0.004382,1.451447,0.033406,-0.047644,-0.702531
3,187.070965,97,absolute_shifted,5,0.598320,0.119358,-0.196718,-0.051292,0.995586,0.117414,-0.276922,0.003753,0.999797,-0.019847,0.002587,0.002474,0.029635,-0.019997,-0.000002,0.264975,-0.026224,-0.007131,0.000014,1.417880,-0.889365,0.521042,0.106613,0.851116,-0.002244,0.002153,0.048060,-0.000169,0.604014,0.001261,0.005405,0.796955,0.012068,0.004382,1.451447,0.033406,-0.047644,-0.702531
3,187.070965,97,absolute_shifted,6,0.717678,0.119202,-0.182420,-0.081992,0.996010,0.121693,-0.238160,0.003381,0.999831,-0.018169,0.001372,0.002494,0.026505,-0.020848,-0.000001,0.264954,-0.016193,0.012206,0.000011,1.430620,-0.787435,0.520773,0.106870,0.856852,-0.002264,0.002153,0.048060,-0.000169,0.604014,0.001261,0.005405,0.796955,0.012068,0.004382,1.451447,0.033406,-0.047644,-0.702531
3,187.070965,97,absolute_shifted,7,0.836881,0.119013,-0.167800,-0.108262,0.996393,0.123130,-0.203190,0.003062,0.999858,-0.016645,0.000177,0.002514,0.024574,-0.019393,-0.000001,0.264936,-0.011203,0.022489,0.000015,1.443375,-0.684954,0.520502,0.107127,0.862581,-0.002284,0.002153,0.048060,-0.000169,0.604014,0.001261,0.005405,0.796955,0.012068,0.004382,1.451447,0.033406,-0.047644,-0.702531
3,187.070965,97,absolute_shifted,8,0.955893,0.118784,-0.153194,-0.130538,0.996740,0.121912,-0.171721,0.002781,0.999881,-0.015219,-0.000894,0.002531,0.023241,-0.016716,0.000000,0.264921,-0.009348,0.026728,0.000012,1.456139,-0.581956,0.520229,0.107383,0.868301,-0.002304,0.002153,0.048060,-0.000169,0.604014,0.001261,0.005405,0.796955,0.012068,0.004382,1.451447,0.033406,-0.047644,-0.702531
3,187.070965,97,absolute_shifted,9,1.074677,0.118510,-0.138900,-0.149232,0.997054,0.118408,-0.143551,0.002529,0.999899,-0.013870,-0.001789,0.002546,0.022131,-0.013542,0.000001,0.264908,-0.009189,0.027275,0.000006,1.468910,-0.478477,0.519954,0.107639,0.874010,-0.002324,0.002153,0.048060,-0.000169,0.604014,0.001261,0.005405,0.796955,0.012068,0.004382,1.451447,0.033406,-0.047644,-0.702531
3,187.070965,97,absolute_shifted,10,1.193186,0.118185,-0.125169,-0.164731,0.997340,0.113061,-0.118510,0.002300,0.999914,-0.012589,-0.002492,0.002558,0.021042,-0.010309,0.000002,0.264898,-0.009803,0.025720,0.000001,1.481681,-0.374561,0.519677,0.107894,0.879705,-0.002344,0.002153,0.048060,-0.000169,0.604014,0.001261,0.005405,0.796955,0.012068,0.004382,1.451447,0.033406,-0.047644,-0.702531
3,187.070965,97,absolute_shifted,11,1.311371,0.117806,-0.112193,-0.177404,0.997598,0.106323,-0.096431,0.002090,0.999927,-0.011379,-0.003008,0.002568,0.019883,-0.007270,0.000002,0.264889,-0.010628,0.023050,-0.000003,1.494448,-0.270257,0.519399,0.108148,0.885385,-0.002364,0.002153,0.048060,-0.000169,0.604014,0.001261,0.005405,0.796955,0.012068,0.004382,1.451447,0.033406,-0.047644,-0.702531
3,187.070965,97,absolute_shifted,12,1.429177,0.117369,-0.100113,-0.187602,0.997833,0.098623,-0.077138,0.001898,0.999939,-0.010244,-0.003353,0.002576,0.018631,-0.004554,0.000001,0.264881,-0.011412,0.019865,-0.000004,1.507203,-0.165621,0.519119,0.108402,0.891047,-0.002384,0.002153,0.048060,-0.000169,0.604014,0.001261,0.005405,0.796955,0.012068,0.004382,1.451447,0.033406,-0.047644,-0.702531
3,187.070965,97,absolute_shifted,13,1.546546,0.116873,-0.089020,-0.195652,0.998045,0.090338,-0.060440,0.001722,0.999948,-0.009189,-0.003550,0.002581,0.017292,-0.002223,0.000001,0.264875,-0.012054,0.016533,-0.000004,1.519941,-0.060708,0.518838,0.108655,0.896688,-0.002404,0.002153,0.048060,-0.000169,0.604014,0.001261,0.005405,0.796955,0.012068,0.004382,1.451447,0.033406,-0.047644,-0.702531
3,187.070965,97,absolute_shifted,14,1.663419,0.116322,-0.078960,-0.201858,0.998236,0.081793,-0.046135,0.001561,0.999956,-0.008220,-0.003620,0.002585,0.015883,-0.000290,0.000001,0.264870,-0.012360,0.013306,-0.000004,1.532654,0.044418,0.518556,0.108906,0.902305,-0.002424,0.002153,0.048060,-0.000169,0.604014,0.001261,0.005405,0.796955,0.012068,0.004382,1.451447,0.033406,-0.047644,-0.702531
3,187.070965,97,absolute_shifted,15,1.779741,0.115723,-0.069943,-0.206500,0.998409,0.073252,-0.034010,0.001414,0.999963,-0.007338,-0.003590,0.002588,0.014445,0.001257,0.000001,0.264866,-0.012436,0.010311,-0.000003,1.545337,0.149702,0.518273,0.109157,0.907895,-0.002443,0.002153,0.048060,-0.000169,0.604014,0.001261,0.005405,0.796955,0.012068,0.004382,1.451447,0.033406,-0.047644,-0.702531
3,187.070965,97,absolute_shifted,16,1.895464,0.115092,-0.061950,-0.209831,0.998565,0.064923,-0.023850,0.001280,0.999969,-0.006544,-0.003481,0.002590,0.013006,0.002451,0.000000,0.264863,-0.012351,0.007601,-0.000002,1.557984,0.255088,0.517989,0.109406,0.913457,-0.002463,0.002153,0.048060,-0.000169,0.604014,0.001261,0.005405,0.796955,0.012068,0.004382,1.451447,0.033406,-0.047644,-0.702531
3,187.070965,97,absolute_shifted,17,2.010556,0.114463,-0.054940,-0.212076,0.998705,0.056960,-0.015439,0.001158,0.999974,-0.005837,-0.003313,0.002592,0.011585,0.003325,0.000000,0.264861,-0.011854,0.005343,-0.000000,1.570590,0.360538,0.517704,0.109654,0.918988,-0.002482,0.002153,0.048060,-0.000169,0.604014,0.001261,0.005405,0.796955,0.012068,0.004382,1.451447,0.033406,-0.047644,-0.702531
3,187.070965,97,absolute_shifted,18,2.125019,0.113904,-0.048853,-0.213437,0.998831,0.049471,-0.008567,0.001047,0.999978,-0.005213,-0.003103,0.002593,0.010228,0.003937,0.000000,0.264859,-0.011062,0.003415,-0.000002,1.583155,0.466043,0.517419,0.109900,0.924489,-0.002502,0.002153,0.048060,-0.000169,0.604014,0.001261,0.005405,0.796955,0.012068,0.004382,1.451447,0.033406,-0.047644,-0.702531
3,187.070965,97,absolute_shifted,19,2.238923,0.113324,-0.043619,-0.214086,0.998944,0.042522,-0.003032,0.000947,0.999982,-0.004667,-0.002867,0.002593,0.008968,0.004326,0.000000,0.264858,-0.010586,0.001792,-0.000001,1.595687,0.571657,0.517133,0.110145,0.929963,-0.002521,0.002153,0.048060,-0.000169,0.604014,0.001261,0.005405,0.796955,0.012068,0.004382,1.451447,0.033406,-0.047644,-0.702531
3,187.070965,97,absolute_shifted,20,2.352247,0.112779,-0.039166,-0.214172,0.999046,0.036158,0.001344,0.000855,0.999984,-0.004194,-0.002614,0.002593,0.007768,0.004529,0.000000,0.264857,-0.009551,0.000548,-0.000001,1.608183,0.677353,0.516846,0.110389,0.935410,-0.002540,0.002153,0.048060,-0.000169,0.604014,0.001261,0.005405,0.796955,0.012068,0.004382,1.451447,0.033406,-0.047644,-0.702531
3,187.070965,97,absolute_shifted,21,2.465026,0.112286,-0.035419,-0.213821,0.999138,0.030392,0.004727,0.000772,0.999987,-0.003787,-0.002356,0.002593,0.006691,0.004591,0.000000,0.264857,-0.008685,-0.000469,-0.000000,1.620646,0.783153,0.516559,0.110632,0.940830,-0.002559,0.002153,0.048060,-0.000169,0.604014,0.001261,0.005405,0.796955,0.012068,0.004382,1.451447,0.033406,-0.047644,-0.702531
3,187.070965,97,absolute_shifted,22,2.577312,0.111849,-0.032302,-0.213140,0.999220,0.025223,0.007266,0.000697,0.999989,-0.003439,-0.002099,0.002593,0.005716,0.004538,0.000000,0.264857,-0.007763,-0.001225,-0.000000,1.633082,0.889098,0.516270,0.110874,0.946226,-0.002578,0.002153,0.048060,-0.000169,0.604014,0.001261,0.005405,0.796955,0.012068,0.004382,1.451447,0.033406,-0.047644,-0.702531
3,187.070965,97,absolute_shifted,23,2.689161,0.111473,-0.029743,-0.212219,0.999294,0.020634,0.009094,0.000628,0.999990,-0.003144,-0.001848,0.002593,0.004847,0.004401,-0.000000,0.264857,-0.006798,-0.001759,-0.000000,1.645497,0.995234,0.515981,0.111115,0.951602,-0.002597,0.002153,0.048060,-0.000169,0.604014,0.001261,0.005405,0.796955,0.012068,0.004382,1.451447,0.033406,-0.047644,-0.702531
3,187.070965,97,absolute_shifted,24,2.800634,0.111154,-0.027672,-0.211132,0.999361,0.016600,0.010324,0.000566,0.999991,-0.002896,-0.001608,0.002593,0.004090,0.004205,-0.000000,0.264857,-0.005837,-0.002130,-0.000000,1.657897,1.101610,0.515691,0.111355,0.956959,-0.002616,0.002153,0.048060,-0.000169,0.604014,0.001261,0.005405,0.796955,0.012068,0.004382,1.451447,0.033406,-0.047644,-0.702531
3,187.070965,97,absolute_shifted,25,2.911788,0.110890,-0.026027,-0.209940,0.999421,0.013089,0.011055,0.000509,0.999992,-0.002687,-0.001380,0.002592,0.003441,0.003968,-0.000000,0.264857,-0.004888,-0.002368,-0.000000,1.670287,1.208276,0.515399,0.111594,0.962301,-0.002634,0.002153,0.048060,-0.000169,0.604014,0.001261,0.005405,0.796955,0.012068,0.004382,1.451447,0.033406,-0.047644,-0.702531
3,187.070965,97,absolute_shifted,26,3.022678,0.110673,-0.024747,-0.208693,0.999474,0.010067,0.011368,0.000457,0.999993,-0.002512,-0.001167,0.002592,0.002899,0.003706,-0.000000,0.264858,-0.003958,-0.002502,-0.000000,1.682675,1.315281,0.515106,0.111833,0.967631,-0.002653,0.002153,0.048060,-0.000169,0.604014,0.001261,0.005405,0.796955,0.012068,0.004382,1.451447,0.033406,-0.047644,-0.702531
3,187.070965,97,absolute_shifted,27,3.133350,0.110497,-0.023779,-0.207434,0.999522,0.007499,0.011333,0.000410,0.999993,-0.002364,-0.000969,0.002592,0.002461,0.003429,-0.000000,0.264858,-0.003027,-0.002514,-0.000000,1.695065,1.422666,0.514811,0.112071,0.972950,-0.002672,0.002153,0.048060,-0.000169,0.604014,0.001261,0.005405,0.796955,0.012068,0.004382,1.451447,0.033406,-0.047644,-0.702531
3,187.070965,97,absolute_shifted,28,3.243848,0.110344,-0.023073,-0.206197,0.999565,0.005347,0.011003,0.000368,0.999994,-0.002238,-0.000787,0.002591,0.002126,0.003151,-0.000000,0.264859,-0.002083,-0.002530,0.000000,1.707462,1.530468,0.514515,0.112309,0.978260,-0.002690,0.002153,0.048060,-0.000169,0.604014,0.001261,0.005405,0.796955,0.012068,0.004382,1.451447,0.033406,-0.047644,-0.702531
3,187.070965,97,absolute_shifted,29,3.354191,0.110007,-0.022584,-0.205013,0.999604,0.003576,0.010419,0.000329,0.999994,-0.002128,-0.000621,0.002591,0.001896,0.002872,-0.000000,0.264859,-0.001167,-0.002456,-0.000000,1.719868,1.638705,0.514217,0.112547,0.983563,-0.002709,0.002153,0.048060,-0.000169,0.604014,0.001261,0.005405,0.796955,0.012068,0.004382,1.451447,0.033406,-0.047644,-0.702531
3,187.070965,97,absolute_shifted,30,3.464198,0.109935,-0.022272,-0.203909,0.999638,0.002153,0.009611,0.000295,0.999994,-0.002027,-0.000470,0.002591,0.001768,0.002602,-0.000000,0.264860,-0.000045,-0.002472,-0.000000,1.732262,1.747194,0.513918,0.112784,0.988850,-0.002728,0.002153,0.048060,-0.000169,0.604014,0.001261,0.005405,0.796955,0.012068,0.004382,1.451447,0.033406,-0.047644,-0.702531
3,187.070965,97,absolute_shifted,31,3.574133,0.109818,-0.022099,-0.202907,0.999669,0.001041,0.008593,0.000264,0.999995,-0.001930,-0.000334,0.002591,0.001763,0.002330,-0.000000,0.264861,0.000686,-0.002412,0.000000,1.744674,1.856194,0.513617,0.113020,0.994134,-0.002746,0.002153,0.048060,-0.000169,0.604014,0.001261,0.005405,0.796955,0.012068,0.004382,1.451447,0.033406,-0.047644,-0.702531
3,187.070965,97,absolute_shifted,32,3.683950,0.105731,-0.022033,-0.202029,0.999696,0.000207,0.007367,0.000236,0.999995,-0.001832,-0.000213,0.002590,0.001839,0.002065,-0.000000,0.264861,0.000243,-0.003138,0.000000,1.757098,1.965657,0.513314,0.113257,0.999412,-0.002765,0.002153,0.048060,-0.000169,0.604014,0.001261,0.005405,0.796955,0.012068,0.004382,1.451447,0.033406,-0.047644,-0.702531
3,187.070965,97,absolute_shifted,33,3.789682,0.102230,-0.022043,-0.201321,0.999720,-0.000365,0.005984,0.000214,0.999995,-0.001734,-0.000113,0.002590,0.001864,0.001733,-0.000000,0.264862,-0.000446,-0.003053,0.000000,1.769085,2.071595,0.513021,0.113484,1.004493,-0.002782,0.002153,0.048060,-0.000169,0.604014,0.001261,0.005405,0.796955,0.012068,0.004382,1.451447,0.033406,-0.047644,-0.702531
3,187.070965,97,absolute_shifted,34,3.891912,0.094217,-0.022101,-0.200786,0.999741,-0.000736,0.004454,0.000197,0.999995,-0.001640,-0.000032,0.002590,0.001819,0.001421,-0.000000,0.264863,-0.002526,-0.003284,0.000000,1.780698,2.174536,0.512736,0.113704,1.009406,-0.002800,0.002153,0.048060,-0.000169,0.604014,0.001261,0.005405,0.796955,0.012068,0.004382,1.451447,0.033406,-0.047644,-0.702531
3,187.070965,97,absolute_shifted,35,3.986128,0.087114,-0.022181,-0.200439,0.999759,-0.000948,0.002883,0.000185,0.999995,-0.001560,0.000028,0.002590,0.001581,0.001112,-0.000000,0.264865,-0.004189,-0.002970,0.000000,1.791420,2.269852,0.512471,0.113907,1.013934,-0.002816,0.002153,0.048060,-0.000169,0.604014,0.001261,0.005405,0.796955,0.012068,0.004382,1.451447,0.033406,-0.047644,-0.702531
3,187.070965,97,absolute_shifted,36,4.073242,0.081787,-0.022269,-0.200256,0.999775,-0.001056,0.001309,0.000178,0.999996,-0.001500,0.000071,0.002590,0.001216,0.000853,-0.000000,0.264865,-0.005546,-0.002595,0.000000,1.801351,2.358362,0.512225,0.114095,1.018121,-0.002830,0.002153,0.048060,-0.000169,0.604014,0.001261,0.005405,0.796955,0.012068,0.004382,1.451447,0.033406,-0.047644,-0.702531
3,187.070965,97,absolute_shifted,37,4.155029,0.078214,-0.022357,-0.200212,0.999789,-0.001098,-0.000250,0.000175,0.999996,-0.001459,0.000102,0.002590,0.000762,0.000641,-0.000000,0.264866,-0.006784,-0.002372,0.000000,1.810690,2.441791,0.511993,0.114271,1.022052,-0.002844,0.002153,0.048060,-0.000169,0.604014,0.001261,0.005405,0.796955,0.012068,0.004382,1.451447,0.033406,-0.047644,-0.702531
3,187.070965,97,absolute_shifted,38,4.233243,0.076155,-0.022443,-0.200291,0.999803,-0.001099,-0.001787,0.000174,0.999996,-0.001440,0.000123,0.002590,0.000231,0.000455,-0.000000,0.264867,-0.007130,-0.002314,0.000000,1.819634,2.521877,0.511770,0.114439,1.025811,-0.002857,0.002153,0.048060,-0.000169,0.604014,0.001261,0.005405,0.796955,0.012068,0.004382,1.451447,0.033406,-0.047644,-0.702531
3,187.070965,97,absolute_shifted,39,4.309397,0.075436,-0.022526,-0.200485,0.999816,-0.001073,-0.003296,0.000176,0.999996,-0.001441,0.000137,0.002590,-0.000312,0.000279,-0.000000,0.264868,-0.001893,-0.001954,0.000000,1.828355,2.600136,0.511552,0.114603,1.029471,-0.002870,0.002153,0.048060,-0.000169,0.604014,0.001261,0.005405,0.796955,0.012068,0.004382,1.451447,0.033406,-0.047644,-0.702531
3,187.070965,97,absolute_shifted,40,4.384833,0.070000,-0.022606,-0.200790,0.999829,-0.001032,-0.004778,0.000180,0.999996,-0.001456,0.000145,0.002590,-0.000454,0.000131,-0.000000,0.000000,0.000000,0.000000,0.000000,1.837007,2.677932,0.511335,0.114766,1.033096,-0.002883,0.002153,0.048060,-0.000169,0.604014,0.001261,0.005405,0.796955,0.012068,0.004382,1.451447,0.033406,-0.047644,-0.702531
4,164.229149,96,absolute_shifted,0,0.000000,0.119326,-0.167800,-0.108262,0.996393,0.123130,-0.203190,0.003062,0.999858,-0.016645,0.000177,0.002514,0.024574,-0.019393,-0.000001,0.264936,-0.129197,0.408961,-0.000042,0.964885,-0.566174,0.513105,-0.533845,1.022553,-0.012078,-0.029032,0.055853,-0.000645,0.523545,0.001809,0.008509,0.851954,-0.000791,0.001765,0.002281,0.017365,0.019886,-0.182728
4,164.229149,96,absolute_shifted,1,0.119326,0.119251,-0.152902,-0.130637,0.996744,0.126699,-0.172240,0.002828,0.999874,-0.015639,0.000478,0.002509,0.009158,0.029407,-0.000004,0.264922,0.053202,-0.222099,-0.000116,0.900976,-0.443759,0.511659,-0.537309,1.029218,-0.012155,-0.029032,0.055853,-0.000645,0.523545,0.001809,0.008509,0.851954,-0.000791,0.001765,0.002281,0.017365,0.019886,-0.182728
4,164.229149,96,absolute_shifted,2,0.238576,0.119145,-0.137462,-0.149422,0.997066,0.132628,-0.143083,0.002583,0.999885,-0.014906,0.001444,0.002493,0.015502,0.002921,-0.000011,0.264908,0.032260,-0.132283,0.000087,0.836696,-0.320627,0.510205,-0.540771,1.035878,-0.012231,-0.029032,0.055853,-0.000645,0.523545,0.001809,0.008509,0.851954,-0.000791,0.001765,0.002281,0.017365,0.019886,-0.182728
4,164.229149,96,absolute_shifted,3,0.357721,0.119023,-0.121261,-0.164835,0.997358,0.139219,-0.116051,0.002339,0.999900,-0.013868,0.001151,0.002495,0.019346,-0.012839,-0.000005,0.264896,0.011946,-0.053522,0.000065,0.772059,-0.196811,0.508743,-0.544230,1.042533,-0.012308,-0.029032,0.055853,-0.000645,0.523545,0.001809,0.008509,0.851954,-0.000791,0.001765,0.002281,0.017365,0.019886,-0.182728
4,164.229149,96,absolute_shifted,4,0.476744,0.118873,-0.104369,-0.177170,0.997623,0.144248,-0.091690,0.002115,0.999917,-0.012672,0.000200,0.002507,0.020768,-0.019210,-0.000001,0.264885,0.000660,-0.012935,0.000020,0.707078,-0.072330,0.507273,-0.547686,1.049181,-0.012385,-0.029032,0.055853,-0.000645,0.523545,0.001809,0.008509,0.851954,-0.000791,0.001765,0.002281,0.017365,0.019886,-0.182728
4,164.229149,96,absolute_shifted,5,0.595617,0.118692,-0.087047,-0.186765,0.997862,0.146733,-0.070222,0.001919,0.999931,-0.011432,-0.000984,0.002521,0.020846,-0.020747,0.000000,0.264877,-0.006432,0.009592,0.000003,0.641768,0.052784,0.505797,-0.551137,1.055820,-0.012462,-0.029032,0.055853,-0.000645,0.523545,0.001809,0.008509,0.851954,-0.000791,0.001765,0.002281,0.017365,0.019886,-0.182728
4,164.229149,96,absolute_shifted,6,0.714309,0.118475,-0.069622,-0.193970,0.998079,0.146420,-0.051665,0.001748,0.999942,-0.010215,-0.002178,0.002536,0.020083,-0.019609,0.000000,0.264871,-0.011044,0.022062,0.000001,0.576148,0.178495,0.504313,-0.554583,1.062450,-0.012538,-0.029032,0.055853,-0.000645,0.523545,0.001809,0.008509,0.851954,-0.000791,0.001765,0.002281,0.017365,0.019886,-0.182728
4,164.229149,96,absolute_shifted,7,0.832784,0.118222,-0.052426,-0.199131,0.998276,0.143453,-0.035911,0.001595,0.999950,-0.009061,-0.003259,0.002550,0.018774,-0.016995,0.000001,0.264867,-0.013762,0.027737,0.000002,0.510240,0.304761,0.502823,-0.558022,1.069067,-0.012614,-0.029032,0.055853,-0.000645,0.523545,0.001809,0.008509,0.851954,-0.000791,0.001765,0.002281,0.017365,0.019886,-0.182728
4,164.229149,96,absolute_shifted,8,0.951006,0.117930,-0.035757,-0.202576,0.998457,0.138188,-0.022772,0.001455,0.999956,-0.007997,-0.004164,0.002562,0.017147,-0.013716,0.000001,0.264863,-0.015079,0.028959,0.000001,0.444066,0.431538,0.501327,-0.561455,1.075670,-0.012691,-0.029032,0.055853,-0.000645,0.523545,0.001809,0.008509,0.851954,-0.000791,0.001765,0.002281,0.017365,0.019886,-0.182728
4,164.229149,96,absolute_shifted,9,1.068936,0.117599,-0.019864,-0.204605,0.998620,0.131078,-0.012014,0.001324,0.999960,-0.007037,-0.004870,0.002571,0.015369,-0.010301,0.000001,0.264861,-0.015439,0.027555,0.000000,0.377652,0.558780,0.499826,-0.564878,1.082257,-0.012767,-0.029032,0.055853,-0.000645,0.523545,0.001809,0.008509,0.851954,-0.000791,0.001765,0.002281,0.017365,0.019886,-0.182728
4,164.229149,96,absolute_shifted,10,1.186535,0.117225,-0.004937,-0.205491,0.998768,0.122594,-0.003380,0.001200,0.999963,-0.006185,-0.005378,0.002579,0.013554,-0.007060,0.000001,0.264860,-0.015159,0.024750,-0.000001,0.311022,0.686438,0.498320,-0.568292,1.088825,-0.012843,-0.029032,0.055853,-0.000645,0.523545,0.001809,0.008509,0.851954,-0.000791,0.001765,0.002281,0.017365,0.019886,-0.182728
4,164.229149,96,absolute_shifted,11,1.303760,0.116811,0.008890,-0.205474,0.998902,0.113186,0.003390,0.001082,0.999966,-0.005442,-0.005705,0.002585,0.011776,-0.004159,0.000001,0.264859,-0.014435,0.021309,-0.000002,0.244205,0.814460,0.496810,-0.571696,1.095372,-0.012918,-0.029032,0.055853,-0.000645,0.523545,0.001809,0.008509,0.851954,-0.000791,0.001765,0.002281,0.017365,0.019886,-0.182728
4,164.229149,96,absolute_shifted,12,1.420571,0.116356,0.021535,-0.204762,0.999022,0.103252,0.008552,0.000971,0.999968,-0.004803,-0.005874,0.002590,0.010090,-0.001670,0.000001,0.264858,-0.013489,0.017685,-0.000002,0.177226,0.942792,0.495297,-0.575087,1.101896,-0.012993,-0.029032,0.055853,-0.000645,0.523545,0.001809,0.008509,0.851954,-0.000791,0.001765,0.002281,0.017365,0.019886,-0.182728
4,164.229149,96,absolute_shifted,13,1.536927,0.115867,0.032961,-0.203534,0.999129,0.093132,0.012347,0.000867,0.999970,-0.004262,-0.005909,0.002593,0.008521,0.000388,0.000000,0.264857,-0.012332,0.014162,-0.000002,0.110115,1.071383,0.493781,-0.578465,1.108395,-0.013068,-0.029032,0.055853,-0.000645,0.523545,0.001809,0.008509,0.851954,-0.000791,0.001765,0.002281,0.017365,0.019886,-0.182728
4,164.229149,96,absolute_shifted,14,1.652794,0.115348,0.043169,-0.201940,0.999224,0.083102,0.014999,0.000770,0.999972,-0.003810,-0.005838,0.002596,0.007092,0.002029,0.000000,0.264856,-0.011131,0.010891,-0.000002,0.042895,1.200184,0.492262,-0.581829,1.114867,-0.013143,-0.029032,0.055853,-0.000645,0.523545,0.001809,0.008509,0.851954,-0.000791,0.001765,0.002281,0.017365,0.019886,-0.182728
4,164.229149,96,absolute_shifted,15,1.768142,0.114810,0.052191,-0.200103,0.999307,0.073378,0.016709,0.000682,0.999975,-0.003438,-0.005684,0.002597,0.005808,0.003285,0.000000,0.264856,-0.009895,0.007975,-0.000001,-0.024411,1.329153,0.490742,-0.585177,1.121309,-0.013217,-0.029032,0.055853,-0.000645,0.523545,0.001809,0.008509,0.851954,-0.000791,0.001765,0.002281,0.017365,0.019886,-0.182728
4,164.229149,96,absolute_shifted,16,1.882951,0.114264,0.060079,-0.198124,0.999381,0.064122,0.017657,0.000602,0.999977,-0.003138,-0.005469,0.002598,0.004672,0.004200,0.000000,0.264856,-0.008679,0.005452,-0.000001,-0.091786,1.458258,0.489220,-0.588511,1.127722,-0.013291,-0.029032,0.055853,-0.000645,0.523545,0.001809,0.008509,0.851954,-0.000791,0.001765,0.002281,0.017365,0.019886,-0.182728
4,164.229149,96,absolute_shifted,17,1.997215,0.113723,0.066905,-0.196082,0.999445,0.055446,0.018001,0.000530,0.999979,-0.002900,-0.005210,0.002599,0.003680,0.004823,0.000000,0.264855,-0.007512,0.003330,-0.000001,-0.159221,1.587480,0.487697,-0.591828,1.134104,-0.013365,-0.029032,0.055853,-0.000645,0.523545,0.001809,0.008509,0.851954,-0.000791,0.001765,0.002281,0.017365,0.019886,-0.182728
4,164.229149,96,absolute_shifted,18,2.110938,0.113202,0.072748,-0.194038,0.999502,0.047422,0.017875,0.000467,0.999981,-0.002716,-0.004925,0.002599,0.002826,0.005202,-0.000000,0.264855,-0.006411,0.001597,-0.000001,-0.226713,1.716815,0.486173,-0.595129,1.140456,-0.013438,-0.029032,0.055853,-0.000645,0.523545,0.001809,0.008509,0.851954,-0.000791,0.001765,0.002281,0.017365,0.019886,-0.182728
4,164.229149,96,absolute_shifted,19,2.224141,0.112713,0.077695,-0.192039,0.999552,0.040087,0.017395,0.000411,0.999983,-0.002577,-0.004625,0.002599,0.002100,0.005383,-0.000000,0.264855,-0.005379,0.000224,-0.000000,-0.294269,1.846276,0.484648,-0.598416,1.146778,-0.013511,-0.029032,0.055853,-0.000645,0.523545,0.001809,0.008509,0.851954,-0.000791,0.001765,0.002281,0.017365,0.019886,-0.182728
4,164.229149,96,absolute_shifted,20,2.336853,0.112264,0.081833,-0.190118,0.999595,0.033455,0.016655,0.000361,0.999984,-0.002477,-0.004320,0.002598,0.001494,0.005408,-0.000000,0.264855,-0.004425,-0.000817,-0.000000,-0.361903,1.975887,0.483121,-0.601688,1.153074,-0.013584,-0.029032,0.055853,-0.000645,0.523545,0.001809,0.008509,0.851954,-0.000791,0.001765,0.002281,0.017365,0.019886,-0.182728
4,164.229149,96,absolute_shifted,21,2.449117,0.111862,0.085249,-0.188298,0.999633,0.027517,0.015734,0.000318,0.999986,-0.002407,-0.004019,0.002598,0.000997,0.005316,-0.000000,0.264854,-0.003530,-0.001574,-0.000000,-0.429634,2.105687,0.481592,-0.604947,1.159344,-0.013656,-0.029032,0.055853,-0.000645,0.523545,0.001809,0.008509,0.851954,-0.000791,0.001765,0.002281,0.017365,0.019886,-0.182728
4,164.229149,96,absolute_shifted,22,2.560979,0.111509,0.088027,-0.186595,0.999667,0.022254,0.014696,0.000280,0.999987,-0.002364,-0.003727,0.002597,0.000602,0.005140,-0.000000,0.264854,-0.002711,-0.002065,-0.000000,-0.497486,2.235723,0.480060,-0.608195,1.165592,-0.013729,-0.029032,0.055853,-0.000645,0.523545,0.001809,0.008509,0.851954,-0.000791,0.001765,0.002281,0.017365,0.019886,-0.182728
4,164.229149,96,absolute_shifted,23,2.672488,0.111205,0.090245,-0.185018,0.999696,0.017634,0.013588,0.000247,0.999988,-0.002339,-0.003446,0.002597,0.000300,0.004910,-0.000000,0.264854,-0.001916,-0.002352,-0.000000,-0.565485,2.366044,0.478525,-0.611432,1.171820,-0.013800,-0.029032,0.055853,-0.000645,0.523545,0.001809,0.008509,0.851954,-0.000791,0.001765,0.002281,0.017365,0.019886,-0.182728
4,164.229149,96,absolute_shifted,24,2.783693,0.110947,0.091978,-0.183570,0.999722,0.013623,0.012448,0.000218,0.999989,-0.002329,-0.003181,0.002596,0.000087,0.004649,-0.000000,0.264854,-0.001122,-0.002382,0.000000,-0.633659,2.496702,0.476987,-0.614661,1.178031,-0.013872,-0.029032,0.055853,-0.000645,0.523545,0.001809,0.008509,0.851954,-0.000791,0.001765,0.002281,0.017365,0.019886,-0.182728
4,164.229149,96,absolute_shifted,25,2.894639,0.110728,0.093293,-0.182253,0.999745,0.010183,0.011301,0.000194,0.999990,-0.002328,-0.002930,0.002596,-0.000038,0.004384,-0.000000,0.264854,-0.000371,-0.002316,0.000000,-0.702032,2.627744,0.475444,-0.617882,1.184228,-0.013944,-0.029032,0.055853,-0.000645,0.523545,0.001809,0.008509,0.851954,-0.000791,0.001765,0.002281,0.017365,0.019886,-0.182728
4,164.229149,96,absolute_shifted,26,3.005367,0.110542,0.094255,-0.181064,0.999765,0.007278,0.010163,0.000172,0.999990,-0.002332,-0.002694,0.002595,-0.000079,0.004128,-0.000000,0.264855,0.000538,-0.001953,-0.000000,-0.770627,2.759213,0.473896,-0.621096,1.190412,-0.014015,-0.029032,0.055853,-0.000645,0.523545,0.001809,0.008509,0.851954,-0.000791,0.001765,0.002281,0.017365,0.019886,-0.182728
4,164.229149,96,absolute_shifted,27,3.115909,0.110382,0.094923,-0.180003,0.999783,0.004874,0.009036,0.000154,0.999991,-0.002335,-0.002472,0.002595,-0.000019,0.003912,-0.000000,0.264855,0.001480,-0.001451,-0.000000,-0.839462,2.891145,0.472343,-0.624306,1.196586,-0.014086,-0.029032,0.055853,-0.000645,0.523545,0.001809,0.008509,0.851954,-0.000791,0.001765,0.002281,0.017365,0.019886,-0.182728
4,164.229149,96,absolute_shifted,28,3.226291,0.110200,0.095350,-0.179068,0.999799,0.002942,0.007913,0.000139,0.999991,-0.002333,-0.002261,0.002594,0.000144,0.003752,-0.000000,0.264855,0.002686,-0.000746,-0.000000,-0.908550,3.023567,0.470784,-0.627510,1.202752,-0.014157,-0.029032,0.055853,-0.000645,0.523545,0.001809,0.008509,0.851954,-0.000791,0.001765,0.002281,0.017365,0.019886,-0.182728
4,164.229149,96,absolute_shifted,29,3.336491,0.109861,0.095588,-0.178258,0.999814,0.001462,0.006775,0.000127,0.999992,-0.002317,-0.002056,0.002594,0.000440,0.003670,-0.000000,0.264855,0.003341,-0.001251,0.000000,-0.977878,3.156449,0.469220,-0.630709,1.208907,-0.014228,-0.029032,0.055853,-0.000645,0.523545,0.001809,0.008509,0.851954,-0.000791,0.001765,0.002281,0.017365,0.019886,-0.182728
4,164.229149,96,absolute_shifted,30,3.446352,0.102299,0.095688,-0.177578,0.999827,0.000422,0.005589,0.000119,0.999992,-0.002283,-0.001858,0.002593,0.000807,0.003532,-0.000000,0.264857,0.001166,-0.003792,0.000001,-1.047344,3.289597,0.467653,-0.633899,1.215043,-0.014299,-0.029032,0.055853,-0.000645,0.523545,0.001809,0.008509,0.851954,-0.000791,0.001765,0.002281,0.017365,0.019886,-0.182728
4,164.229149,96,absolute_shifted,31,3.548651,0.096130,0.095697,-0.177066,0.999839,-0.000175,0.004406,0.000117,0.999993,-0.002239,-0.001687,0.002593,0.000926,0.003144,-0.000000,0.264858,-0.000255,-0.003604,0.000000,-1.112343,3.414188,0.466186,-0.636869,1.220756,-0.014365,-0.029032,0.055853,-0.000645,0.523545,0.001809,0.008509,0.851954,-0.000791,0.001765,0.002281,0.017365,0.019886,-0.182728
4,164.229149,96,absolute_shifted,32,3.644781,0.097764,0.095666,-0.176700,0.999851,-0.000440,0.003211,0.000122,0.999993,-0.002196,-0.001545,0.002593,0.000902,0.002798,-0.000000,0.264858,0.002120,-0.001711,-0.000000,-1.173699,3.531797,0.464803,-0.639660,1.226126,-0.014427,-0.029032,0.055853,-0.000645,0.523545,0.001809,0.008509,0.851954,-0.000791,0.001765,0.002281,0.017365,0.019886,-0.182728
4,164.229149,96,absolute_shifted,33,3.742544,0.095977,0.095620,-0.176449,0.999863,-0.000447,0.001909,0.000129,0.999993,-0.002147,-0.001412,0.002592,0.001109,0.002631,-0.000000,0.264859,0.001778,-0.002370,0.000000,-1.236374,3.651934,0.463389,-0.642498,1.231586,-0.014490,-0.029032,0.055853,-0.000645,0.523545,0.001809,0.008509,0.851954,-0.000791,0.001765,0.002281,0.017365,0.019886,-0.182728
4,164.229149,96,absolute_shifted,34,3.838521,0.089756,0.095587,-0.176331,0.999876,-0.000213,0.000532,0.000140,0.999994,-0.002090,-0.001291,0.002592,0.001280,0.002403,-0.000000,0.264861,-0.000412,-0.004127,0.000000,-1.298172,3.770395,0.461995,-0.645284,1.236947,-0.014552,-0.029032,0.055853,-0.000645,0.523545,0.001809,0.008509,0.851954,-0.000791,0.001765,0.002281,0.017365,0.019886,-0.182728
4,164.229149,96,absolute_shifted,35,3.928277,0.082853,0.095585,-0.176344,0.999889,0.000200,-0.000856,0.000157,0.999994,-0.002034,-0.001191,0.002592,0.001243,0.002033,-0.000000,0.264862,-0.003153,-0.005551,0.000000,-1.356207,3.881644,0.460687,-0.647890,1.241960,-0.014610,-0.029032,0.055853,-0.000645,0.523545,0.001809,0.008509,0.851954,-0.000791,0.001765,0.002281,0.017365,0.019886,-0.182728
4,164.229149,96,absolute_shifted,36,4.011131,0.077640,0.095622,-0.176471,0.999903,0.000724,-0.002222,0.000177,0.999994,-0.001988,-0.001116,0.002592,0.000982,0.001573,-0.000000,0.264864,-0.005491,-0.006520,0.000000,-1.409987,3.984736,0.459474,-0.650295,1.246587,-0.014663,-0.029032,0.055853,-0.000645,0.523545,0.001809,0.008509,0.851954,-0.000791,0.001765,0.002281,0.017365,0.019886,-0.182728
4,164.229149,96,absolute_shifted,37,4.088770,0.074196,0.095701,-0.176695,0.999918,0.001312,-0.003559,0.000201,0.999994,-0.001958,-0.001065,0.002592,0.000555,0.001067,-0.000000,0.264865,-0.007361,-0.007379,0.000000,-1.460563,4.081689,0.458334,-0.652549,1.250924,-0.014713,-0.029032,0.055853,-0.000645,0.523545,0.001809,0.008509,0.851954,-0.000791,0.001765,0.002281,0.017365,0.019886,-0.182728
4,164.229149,96,absolute_shifted,38,4.162967,0.072186,0.095821,-0.177008,0.999934,0.001932,-0.004867,0.000228,0.999994,-0.001948,-0.001036,0.002592,0.000009,0.000519,-0.000000,0.264866,-0.007743,-0.007497,0.000000,-1.509060,4.174657,0.457240,-0.654704,1.255068,-0.014761,-0.029032,0.055853,-0.000645,0.523545,0.001809,0.008509,0.851954,-0.000791,0.001765,0.002281,0.017365,0.019886,-0.182728
4,164.229149,96,absolute_shifted,39,4.235153,0.071365,0.095983,-0.177405,0.999951,0.002562,-0.006140,0.000257,0.999994,-0.001957,-0.001027,0.002592,-0.000550,-0.000022,-0.000000,0.264868,-0.001100,-0.002686,0.000000,-1.556396,4.265400,0.456173,-0.656799,1.259100,-0.014808,-0.029032,0.055853,-0.000645,0.523545,0.001809,0.008509,0.851954,-0.000791,0.001765,0.002281,0.017365,0.019886,-0.182728
4,164.229149,96,absolute_shifted,40,4.306517,0.070000,0.096188,-0.177888,0.999971,0.003188,-0.007375,0.000290,0.999994,-0.001978,-0.001031,0.002592,-0.000628,-0.000214,-0.000000,0.000000,0.000000,0.000000,0.000000,-1.603342,4.355398,0.455114,-0.658871,1.263086,-0.014854,-0.029032,0.055853,-0.000645,0.523545,0.001809,0.008509,0.851954,-0.000791,0.001765,0.002281,0.017365,0.019886,-0.182728
5,175.109846,97,absolute_shifted,0,0.000000,0.118898,-0.052426,-0.199131,0.998276,0.143453,-0.035911,0.001595,0.999950,-0.009061,-0.003259,0.002550,0.018774,-0.016995,0.000001,0.264877,-0.148565,0.285661,-0.000041,0.393059,0.142948,0.507422,-0.737868,0.565354,-0.003801,-0.037817,0.030810,-0.000211,0.249836,-0.002237,0.006211,0.968266,0.020972,-0.000069,1.098881,0.056166,-0.026326,0.559705
5,175.109846,97,absolute_shifted,1,0.118898,0.118792,-0.035581,-0.202403,0.998457,0.139903,-0.019351,0.001449,0.999956,-0.008470,-0.003259,0.002552,0.001110,0.016969,-0.000002,0.264874,0.083214,-0.126770,-0.000040,0.305060,0.210385,0.506969,-0.742364,0.569017,-0.003826,-0.037817,0.030810,-0.000211,0.249836,-0.002237,0.006211,0.968266,0.020972,-0.000069,1.098881,0.056166,-0.026326,0.559705
5,175.109846,97,absolute_shifted,2,0.237690,0.118644,-0.019112,-0.203757,0.998621,0.137579,-0.003590,0.001309,0.999960,-0.008112,-0.002697,0.002548,0.010995,0.001910,-0.000005,0.264870,0.046245,-0.074376,0.000042,0.216606,0.278197,0.506513,-0.746857,0.572677,-0.003852,-0.037817,0.030810,-0.000211,0.249836,-0.002237,0.006211,0.968266,0.020972,-0.000069,1.098881,0.056166,-0.026326,0.559705
5,175.109846,97,absolute_shifted,3,0.356335,0.118472,-0.002899,-0.203315,0.998768,0.135673,0.010736,0.001178,0.999966,-0.007297,-0.002843,0.002551,0.016482,-0.006914,-0.000002,0.264868,0.014372,-0.026919,0.000028,0.127730,0.346359,0.506054,-0.751343,0.576333,-0.003877,-0.037817,0.030810,-0.000211,0.249836,-0.002237,0.006211,0.968266,0.020972,-0.000069,1.098881,0.056166,-0.026326,0.559705
5,175.109846,97,absolute_shifted,4,0.474807,0.118265,0.013025,-0.201301,0.998901,0.132958,0.022853,0.001063,0.999971,-0.006269,-0.003345,0.002558,0.018185,-0.010103,-0.000000,0.264866,-0.002257,-0.003311,0.000007,0.038451,0.414854,0.505594,-0.755824,0.579983,-0.003902,-0.037817,0.030810,-0.000211,0.249836,-0.002237,0.006211,0.968266,0.020972,-0.000069,1.098881,0.056166,-0.026326,0.559705
5,175.109846,97,absolute_shifted,5,0.593072,0.118019,0.028525,-0.198004,0.999020,0.128937,0.032490,0.000963,0.999975,-0.005200,-0.003951,0.002565,0.017918,-0.010495,0.000000,0.264865,-0.011481,0.009192,0.000000,-0.051201,0.483662,0.505131,-0.760296,0.583626,-0.003927,-0.037817,0.030810,-0.000211,0.249836,-0.002237,0.006211,0.968266,0.020972,-0.000069,1.098881,0.056166,-0.026326,0.559705
5,175.109846,97,absolute_shifted,6,0.711090,0.117731,0.043437,-0.193723,0.999129,0.123534,0.039674,0.000873,0.999978,-0.004181,-0.004536,0.002572,0.016563,-0.009410,0.000000,0.264865,-0.016490,0.015702,-0.000000,-0.141193,0.552755,0.504666,-0.764759,0.587263,-0.003952,-0.037817,0.030810,-0.000211,0.249836,-0.002237,0.006211,0.968266,0.020972,-0.000069,1.098881,0.056166,-0.026326,0.559705
5,175.109846,97,absolute_shifted,7,0.828822,0.117403,0.057601,-0.188742,0.999226,0.116893,0.044592,0.000791,0.999979,-0.003262,-0.005033,0.002578,0.014621,-0.007561,0.000000,0.264865,-0.018634,0.018220,0.000001,-0.231491,0.622107,0.504199,-0.769212,0.590890,-0.003976,-0.037817,0.030810,-0.000211,0.249836,-0.002237,0.006211,0.968266,0.020972,-0.000069,1.098881,0.056166,-0.026326,0.559705
5,175.109846,97,absolute_shifted,8,0.946225,0.117034,0.070885,-0.183317,0.999315,0.109263,0.047517,0.000714,0.999979,-0.002467,-0.005412,0.002584,0.012434,-0.005422,0.000000,0.264866,-0.018866,0.018161,0.000001,-0.322060,0.691692,0.503731,-0.773652,0.594507,-0.004001,-0.037817,0.030810,-0.000211,0.249836,-0.002237,0.006211,0.968266,0.020972,-0.000069,1.098881,0.056166,-0.026326,0.559705
5,175.109846,97,absolute_shifted,9,1.063259,0.116627,0.083191,-0.177668,0.999394,0.100935,0.048756,0.000640,0.999979,-0.001803,-0.005665,0.002588,0.010226,-0.003297,0.000000,0.264867,-0.017942,0.016628,-0.000000,-0.412863,0.761481,0.503261,-0.778077,0.598113,-0.004026,-0.037817,0.030810,-0.000211,0.249836,-0.002237,0.006211,0.968266,0.020972,-0.000069,1.098881,0.056166,-0.026326,0.559705
5,175.109846,97,absolute_shifted,10,1.179886,0.116182,0.094456,-0.171978,0.999465,0.092198,0.048619,0.000570,0.999979,-0.001268,-0.005800,0.002591,0.008133,-0.001357,0.000000,0.264867,-0.016380,0.014373,-0.000001,-0.503864,0.831446,0.502790,-0.782488,0.601706,-0.004051,-0.037817,0.030810,-0.000211,0.249836,-0.002237,0.006211,0.968266,0.020972,-0.000069,1.098881,0.056166,-0.026326,0.559705
5,175.109846,97,absolute_shifted,11,1.296068,0.115706,0.104652,-0.166391,0.999527,0.083314,0.047398,0.000503,0.999979,-0.000850,-0.005829,0.002594,0.006230,0.000312,0.000000,0.264868,-0.014512,0.011855,-0.000001,-0.595031,0.901562,0.502318,-0.786882,0.605286,-0.004075,-0.037817,0.030810,-0.000211,0.249836,-0.002237,0.006211,0.968266,0.020972,-0.000069,1.098881,0.056166,-0.026326,0.559705
5,175.109846,97,absolute_shifted,12,1.411774,0.115204,0.113781,-0.161018,0.999582,0.074505,0.045357,0.000441,0.999980,-0.000539,-0.005770,0.002595,0.004551,0.001684,0.000000,0.264868,-0.012543,0.009340,-0.000001,-0.686331,0.971803,0.501845,-0.791257,0.608850,-0.004099,-0.037817,0.030810,-0.000211,0.249836,-0.002237,0.006211,0.968266,0.020972,-0.000069,1.098881,0.056166,-0.026326,0.559705
5,175.109846,97,absolute_shifted,13,1.526978,0.114686,0.121869,-0.155940,0.999629,0.065951,0.042727,0.000384,0.999981,-0.000318,-0.005642,0.002597,0.003106,0.002760,0.000000,0.264869,-0.010603,0.006985,-0.000001,-0.777738,1.042150,0.501372,-0.795614,0.612400,-0.004124,-0.037817,0.030810,-0.000211,0.249836,-0.002237,0.006211,0.968266,0.020972,-0.000069,1.098881,0.056166,-0.026326,0.559705
5,175.109846,97,absolute_shifted,14,1.641664,0.114163,0.128961,-0.151210,0.999670,0.057788,0.039704,0.000332,0.999982,-0.000176,-0.005460,0.002597,0.001890,0.003561,0.000000,0.264869,-0.008771,0.004875,-0.000001,-0.869232,1.112586,0.500897,-0.799951,0.615933,-0.004148,-0.037817,0.030810,-0.000211,0.249836,-0.002237,0.006211,0.968266,0.020972,-0.000069,1.098881,0.056166,-0.026326,0.559705
5,175.109846,97,absolute_shifted,15,1.755827,0.113647,0.135115,-0.146861,0.999705,0.050114,0.036450,0.000286,0.999983,-0.000097,-0.005241,0.002598,0.000889,0.004118,0.000000,0.264869,-0.007097,0.003057,-0.000001,-0.960803,1.183103,0.500422,-0.804269,0.619451,-0.004172,-0.037817,0.030810,-0.000211,0.249836,-0.002237,0.006211,0.968266,0.020972,-0.000069,1.098881,0.056166,-0.026326,0.559705
5,175.109846,97,absolute_shifted,16,1.869474,0.113152,0.140401,-0.142909,0.999736,0.042995,0.033097,0.000246,0.999984,-0.000070,-0.004997,0.002598,0.000082,0.004465,-0.000000,0.264869,-0.005602,0.001534,-0.000000,-1.052451,1.253701,0.499947,-0.808566,0.622952,-0.004196,-0.037817,0.030810,-0.000211,0.249836,-0.002237,0.006211,0.968266,0.020972,-0.000069,1.098881,0.056166,-0.026326,0.559705
5,175.109846,97,absolute_shifted,17,1.982626,0.112688,0.144891,-0.139354,0.999761,0.036464,0.029747,0.000211,0.999985,-0.000084,-0.004739,0.002598,-0.000552,0.004639,-0.000000,0.264868,-0.004289,0.000317,-0.000000,-1.144184,1.324387,0.499471,-0.812846,0.626438,-0.004220,-0.037817,0.030810,-0.000211,0.249836,-0.002237,0.006211,0.968266,0.020972,-0.000069,1.098881,0.056166,-0.026326,0.559705
5,175.109846,97,absolute_shifted,18,2.095314,0.112264,0.148661,-0.136187,0.999784,0.030537,0.026479,0.000181,0.999987,-0.000129,-0.004477,0.002598,-0.001035,0.004674,-0.000000,0.264868,-0.003161,-0.000635,-0.000000,-1.236022,1.395174,0.498994,-0.817107,0.629910,-0.004244,-0.037817,0.030810,-0.000211,0.249836,-0.002237,0.006211,0.968266,0.020972,-0.000069,1.098881,0.056166,-0.026326,0.559705
5,175.109846,97,absolute_shifted,19,2.207578,0.111885,0.151784,-0.133391,0.999802,0.025207,0.023352,0.000156,0.999988,-0.000198,-0.004217,0.002597,-0.001390,0.004603,-0.000000,0.264868,-0.002182,-0.001324,-0.000000,-1.327991,1.466085,0.498516,-0.821353,0.633369,-0.004268,-0.037817,0.030810,-0.000211,0.249836,-0.002237,0.006211,0.968266,0.020972,-0.000069,1.098881,0.056166,-0.026326,0.559705
5,175.109846,97,absolute_shifted,20,2.319463,0.111555,0.154334,-0.130944,0.999819,0.020460,0.020408,0.000134,0.999989,-0.000283,-0.003964,0.002597,-0.001634,0.004455,-0.000000,0.264868,-0.001383,-0.001827,-0.000000,-1.420125,1.537142,0.498037,-0.825584,0.636816,-0.004291,-0.037817,0.030810,-0.000211,0.249836,-0.002237,0.006211,0.968266,0.020972,-0.000069,1.098881,0.056166,-0.026326,0.559705
5,175.109846,97,absolute_shifted,21,2.431018,0.111272,0.156378,-0.128822,0.999833,0.016269,0.017673,0.000116,0.999990,-0.000379,-0.003721,0.002596,-0.001788,0.004251,-0.000000,0.264868,-0.000714,-0.002096,-0.000000,-1.512459,1.608374,0.497557,-0.829802,0.640253,-0.004315,-0.037817,0.030810,-0.000211,0.249836,-0.002237,0.006211,0.968266,0.020972,-0.000069,1.098881,0.056166,-0.026326,0.559705
5,175.109846,97,absolute_shifted,22,2.542290,0.111033,0.157979,-0.126998,0.999845,0.012604,0.015163,0.000101,0.999990,-0.000482,-0.003491,0.002596,-0.001868,0.004018,-0.000000,0.264867,-0.000047,-0.002131,-0.000000,-1.605027,1.679807,0.497076,-0.834011,0.643681,-0.004338,-0.037817,0.030810,-0.000211,0.249836,-0.002237,0.006211,0.968266,0.020972,-0.000069,1.098881,0.056166,-0.026326,0.559705
5,175.109846,97,absolute_shifted,23,2.653323,0.110832,0.159198,-0.125443,0.999855,0.009432,0.012886,0.000088,0.999991,-0.000586,-0.003275,0.002595,-0.001873,0.003781,-0.000000,0.264867,0.000426,-0.002159,-0.000000,-1.697862,1.751467,0.496593,-0.838209,0.647102,-0.004362,-0.037817,0.030810,-0.000211,0.249836,-0.002237,0.006211,0.968266,0.020972,-0.000069,1.098881,0.056166,-0.026326,0.559705
5,175.109846,97,absolute_shifted,24,2.764155,0.110666,0.160089,-0.124130,0.999864,0.006720,0.010840,0.000077,0.999992,-0.000689,-0.003073,0.002595,-0.001826,0.003542,-0.000000,0.264867,0.000805,-0.001901,0.000000,-1.790995,1.823375,0.496108,-0.842401,0.650517,-0.004385,-0.037817,0.030810,-0.000211,0.249836,-0.002237,0.006211,0.968266,0.020972,-0.000069,1.098881,0.056166,-0.026326,0.559705
5,175.109846,97,absolute_shifted,25,2.874821,0.110531,0.160703,-0.123033,0.999872,0.004438,0.009018,0.000068,0.999992,-0.000788,-0.002883,0.002595,-0.001737,0.003332,-0.000000,0.264867,0.001416,-0.001408,-0.000000,-1.884452,1.895554,0.495622,-0.846586,0.653927,-0.004408,-0.037817,0.030810,-0.000211,0.249836,-0.002237,0.006211,0.968266,0.020972,-0.000069,1.098881,0.056166,-0.026326,0.559705
5,175.109846,97,absolute_shifted,26,2.985352,0.110415,0.161086,-0.122127,0.999879,0.002559,0.007407,0.000060,0.999993,-0.000880,-0.002703,0.002594,-0.001580,0.003176,-0.000000,0.264867,0.001806,-0.000826,-0.000000,-1.978257,1.968021,0.495133,-0.850766,0.657332,-0.004432,-0.037817,0.030810,-0.000211,0.249836,-0.002237,0.006211,0.968266,0.020972,-0.000069,1.098881,0.056166,-0.026326,0.559705
5,175.109846,97,absolute_shifted,27,3.095767,0.110293,0.161283,-0.121389,0.999885,0.001061,0.005989,0.000053,0.999993,-0.000962,-0.002530,0.002594,-0.001381,0.003085,-0.000000,0.264867,0.002419,-0.000154,0.000000,-2.072424,2.040789,0.494642,-0.854942,0.660734,-0.004455,-0.037817,0.030810,-0.000211,0.249836,-0.002237,0.006211,0.968266,0.020972,-0.000069,1.098881,0.056166,-0.026326,0.559705
5,175.109846,97,absolute_shifted,28,3.206060,0.109190,0.161334,-0.120799,0.999891,-0.000065,0.004737,0.000048,0.999993,-0.001032,-0.002361,0.002593,-0.001114,0.003068,-0.000000,0.264867,0.002861,-0.000872,0.000000,-2.166949,2.113850,0.494150,-0.859113,0.664132,-0.004478,-0.037817,0.030810,-0.000211,0.249836,-0.002237,0.006211,0.968266,0.020972,-0.000069,1.098881,0.056166,-0.026326,0.559705
5,175.109846,97,absolute_shifted,29,3.315250,0.101025,0.161282,-0.120343,0.999896,-0.000823,0.003630,0.000044,0.999994,-0.001084,-0.002196,0.002593,-0.000801,0.002973,-0.000000,0.264867,0.001959,-0.002246,0.000000,-2.260980,2.186550,0.493660,-0.863242,0.667496,-0.004501,-0.037817,0.030810,-0.000211,0.249836,-0.002237,0.006211,0.968266,0.020972,-0.000069,1.098881,0.056166,-0.026326,0.559705
5,175.109846,97,absolute_shifted,30,3.416275,0.104375,0.161177,-0.120025,0.999900,-0.001216,0.002693,0.000042,0.999994,-0.001120,-0.002052,0.002593,-0.000604,0.002746,-0.000000,0.264867,0.002975,0.000422,-0.000000,-2.348383,2.254141,0.493204,-0.867062,0.670609,-0.004523,-0.037817,0.030810,-0.000211,0.249836,-0.002237,0.006211,0.968266,0.020972,-0.000069,1.098881,0.056166,-0.026326,0.559705
5,175.109846,97,absolute_shifted,31,3.520650,0.100777,0.161042,-0.119791,0.999904,-0.001329,0.001787,0.000040,0.999994,-0.001144,-0.001908,0.002593,-0.000293,0.002790,-0.000000,0.264867,0.002694,-0.000944,0.000000,-2.439088,2.324304,0.492730,-0.871009,0.673824,-0.004545,-0.037817,0.030810,-0.000211,0.249836,-0.002237,0.006211,0.968266,0.020972,-0.000069,1.098881,0.056166,-0.026326,0.559705
5,175.109846,97,absolute_shifted,32,3.621427,0.094542,0.160914,-0.119654,0.999909,-0.001158,0.000945,0.000041,0.999994,-0.001152,-0.001769,0.002593,-0.000021,0.002695,-0.000000,0.264867,0.002471,-0.001772,0.000000,-2.527058,2.392366,0.492271,-0.874821,0.676929,-0.004566,-0.037817,0.030810,-0.000211,0.249836,-0.002237,0.006211,0.968266,0.020972,-0.000069,1.098881,0.056166,-0.026326,0.559705
5,175.109846,97,absolute_shifted,33,3.715968,0.090576,0.160822,-0.119601,0.999912,-0.000755,0.000159,0.000042,0.999995,-0.001148,-0.001646,0.002592,0.000212,0.002527,-0.000000,0.264867,0.001342,-0.002852,0.000000,-2.609934,2.456502,0.491839,-0.878396,0.679842,-0.004586,-0.037817,0.030810,-0.000211,0.249836,-0.002237,0.006211,0.968266,0.020972,-0.000069,1.098881,0.056166,-0.026326,0.559705
5,175.109846,97,absolute_shifted,34,3.806544,0.083771,0.160779,-0.119622,0.999916,-0.000161,-0.000608,0.000046,0.999995,-0.001136,-0.001537,0.002592,0.000334,0.002269,-0.000000,0.264868,0.000095,-0.004542,0.000000,-2.689651,2.518206,0.491423,-0.881821,0.682633,-0.004605,-0.037817,0.030810,-0.000211,0.249836,-0.002237,0.006211,0.968266,0.020972,-0.000069,1.098881,0.056166,-0.026326,0.559705
5,175.109846,97,absolute_shifted,35,3.890316,0.078053,0.160794,-0.119703,0.999920,0.000549,-0.001340,0.000050,0.999995,-0.001122,-0.001450,0.002592,0.000342,0.001888,-0.000000,0.264868,-0.001196,-0.005788,0.000000,-2.763655,2.575499,0.491036,-0.884989,0.685214,-0.004623,-0.037817,0.030810,-0.000211,0.249836,-0.002237,0.006211,0.968266,0.020972,-0.000069,1.098881,0.056166,-0.026326,0.559705
5,175.109846,97,absolute_shifted,36,3.968369,0.073793,0.160867,-0.119835,0.999925,0.001327,-0.002041,0.000056,0.999995,-0.001111,-0.001385,0.002592,0.000248,0.001437,-0.000000,0.264868,-0.002334,-0.006829,0.000000,-2.832846,2.629076,0.490675,-0.887941,0.687618,-0.004639,-0.037817,0.030810,-0.000211,0.249836,-0.002237,0.006211,0.968266,0.020972,-0.000069,1.098881,0.056166,-0.026326,0.559705
5,175.109846,97,absolute_shifted,37,4.042162,0.070939,0.160994,-0.120010,0.999929,0.002142,-0.002717,0.000062,0.999995,-0.001105,-0.001342,0.002592,0.000076,0.000933,-0.000000,0.264869,-0.003226,-0.007770,0.000000,-2.898473,2.679901,0.490332,-0.890732,0.689892,-0.004655,-0.037817,0.030810,-0.000211,0.249836,-0.002237,0.006211,0.968266,0.020972,-0.000069,1.098881,0.056166,-0.026326,0.559705
5,175.109846,97,absolute_shifted,38,4.113101,0.069301,0.161176,-0.120226,0.999934,0.002972,-0.003370,0.000069,0.999995,-0.001106,-0.001318,0.002592,-0.000153,0.000381,-0.000000,0.264869,-0.003305,-0.007765,0.000000,-2.961756,2.728919,0.490001,-0.893414,0.692078,-0.004670,-0.037817,0.030810,-0.000211,0.249836,-0.002237,0.006211,0.968266,0.020972,-0.000069,1.098881,0.056166,-0.026326,0.559705
5,175.109846,97,absolute_shifted,39,4.182401,0.068724,0.161410,-0.120482,0.999939,0.003801,-0.004000,0.000077,0.999995,-0.001116,-0.001314,0.002592,-0.000382,-0.000157,-0.000000,0.264869,-0.000128,-0.002603,0.000000,-3.023760,2.776954,0.489677,-0.896035,0.694213,-0.004684,-0.037817,0.030810,-0.000211,0.249836,-0.002237,0.006211,0.968266,0.020972,-0.000069,1.098881,0.056166,-0.026326,0.559705
5,175.109846,97,absolute_shifted,40,4.251125,0.070000,0.161700,-0.120778,0.999944,0.004619,-0.004609,0.000085,0.999995,-0.001129,-0.001323,0.002592,-0.000391,-0.000336,-0.000000,0.000000,0.000000,0.000000,0.000000,-3.085429,2.824736,0.489354,-0.898634,0.696330,-0.004699,-0.037817,0.030810,-0.000211,0.249836,-0.002237,0.006211,0.968266,0.020972,-0.000069,1.098881,0.056166,-0.026326,0.559705
6,177.003578,95,absolute_shifted,0,0.000000,0.119980,0.057601,-0.188742,0.999226,0.116893,0.044592,0.000791,0.999979,-0.003262,-0.005033,0.002578,0.014621,-0.007561,0.000000,0.189656,-1.609349,-2.802383,0.008507,-0.343810,0.290345,0.500368,-0.977749,0.008685,-0.012872,-0.048068,0.002238,-0.000651,-0.045901,-0.004310,0.010056,0.998886,-0.017971,0.014532,0.786315,-0.034349,0.073993,0.248049
6,177.003578,95,absolute_shifted,1,0.119980,0.119979,0.071276,-0.183012,0.979269,0.108102,0.052282,-0.333554,0.999842,-0.008149,-0.015584,0.002601,-0.178462,-0.343794,0.000581,0.186743,1.622822,2.345479,-0.003005,-0.461466,0.291403,0.498819,-0.983516,0.008953,-0.012950,-0.048068,0.002238,-0.000651,-0.045901,-0.004310,0.010056,0.998886,-0.017971,0.014532,0.786315,-0.034349,0.073993,0.248049
6,177.003578,95,absolute_shifted,2,0.239959,0.119973,0.082494,-0.175693,0.918370,0.075514,0.071050,-0.681784,0.999526,-0.012982,-0.027776,0.002663,0.016252,-0.062390,0.000376,0.237356,0.329390,1.251649,-0.003172,-0.579813,0.292494,0.497260,-0.989283,0.009222,-0.013028,-0.048068,0.002238,-0.000651,-0.045901,-0.004310,0.010056,0.998886,-0.017971,0.014532,0.786315,-0.034349,0.073993,0.248049
6,177.003578,95,absolute_shifted,3,0.359932,0.119970,0.088319,-0.165619,0.829124,0.021876,0.096130,-0.805947,0.999573,-0.010825,-0.027009,0.002732,0.055770,0.087775,0.000159,0.265925,-0.009143,0.318334,-0.001866,-0.698846,0.293616,0.495692,-0.995050,0.009491,-0.013107,-0.048068,0.002238,-0.000651,-0.045901,-0.004310,0.010056,0.998886,-0.017971,0.014532,0.786315,-0.034349,0.073993,0.248049
6,177.003578,95,absolute_shifted,4,0.479902,0.119962,0.087735,-0.152735,0.732617,-0.029092,0.117374,-0.802753,0.999756,-0.007532,-0.020591,0.002760,0.054672,0.125966,0.000032,0.266011,-0.087646,-0.139825,-0.000873,-0.818568,0.294771,0.494115,-1.000817,0.009759,-0.013185,-0.048068,0.002238,-0.000651,-0.045901,-0.004310,0.010056,0.998886,-0.017971,0.014532,0.786315,-0.034349,0.073993,0.248049
6,177.003578,95,absolute_shifted,5,0.599864,0.119951,0.082015,-0.137756,0.636573,-0.063488,0.131192,-0.798385,0.999894,-0.004588,-0.013531,0.002768,0.044157,0.109193,-0.000028,0.265697,-0.049221,-0.234061,-0.000265,-0.938974,0.295958,0.492529,-1.006583,0.010028,-0.013263,-0.048068,0.002238,-0.000651,-0.045901,-0.004310,0.010056,0.998886,-0.017971,0.014532,0.786315,-0.034349,0.073993,0.248049
6,177.003578,95,absolute_shifted,6,0.719815,0.119936,0.073118,-0.121511,0.541010,-0.082611,0.138718,-0.794931,0.999963,-0.002132,-0.007818,0.002772,0.038254,0.081117,-0.000046,0.265346,-0.005345,-0.193298,0.000165,-1.060061,0.297177,0.490933,-1.012349,0.010296,-0.013341,-0.048068,0.002238,-0.000651,-0.045901,-0.004310,0.010056,0.998886,-0.017971,0.014532,0.786315,-0.034349,0.073993,0.248049
6,177.003578,95,absolute_shifted,7,0.839750,0.119912,0.062663,-0.104698,0.445794,-0.090087,0.140765,-0.792821,0.999989,0.000131,-0.003642,0.002778,0.037613,0.057933,-0.000034,0.265445,-0.002126,-0.143495,0.000290,-1.181823,0.298428,0.489329,-1.018114,0.010565,-0.013419,-0.048068,0.002238,-0.000651,-0.045901,-0.004310,0.010056,0.998886,-0.017971,0.014532,0.786315,-0.034349,0.073993,0.248049
6,177.003578,95,absolute_shifted,8,0.959663,0.119873,0.051843,-0.087960,0.350882,-0.089206,0.137532,-0.790208,0.999993,0.002370,-0.000679,0.002785,0.037358,0.040726,-0.000015,0.278840,-0.044251,-0.124780,0.000183,-1.304253,0.299711,0.487715,-1.023878,0.010833,-0.013497,-0.048068,0.002238,-0.000651,-0.045901,-0.004310,0.010056,0.998886,-0.017971,0.014532,0.786315,-0.034349,0.073993,0.248049
6,177.003578,95,absolute_shifted,9,1.079536,0.119789,0.041505,-0.071948,0.259878,-0.082441,0.128764,-0.728137,0.999985,0.004445,0.001320,0.002790,0.032054,0.025769,-0.000002,0.312084,-0.101672,-0.123687,0.000041,-1.427334,0.301025,0.486092,-1.029640,0.011101,-0.013575,-0.048068,0.002238,-0.000651,-0.045901,-0.004310,0.010056,0.998886,-0.017971,0.014532,0.786315,-0.034349,0.073993,0.248049
6,177.003578,95,absolute_shifted,10,1.199325,0.119602,0.032269,-0.057371,0.185201,-0.071253,0.113887,-0.518679,0.999975,0.005997,0.002424,0.002793,0.019874,0.010952,0.000001,0.298490,-0.117206,-0.100851,-0.000020,-1.551018,0.302371,0.484462,-1.035398,0.011369,-0.013653,-0.048068,0.002238,-0.000651,-0.045901,-0.004310,0.010056,0.998886,-0.017971,0.014532,0.786315,-0.034349,0.073993,0.248049
6,177.003578,95,absolute_shifted,11,1.318927,0.119252,0.024502,-0.044765,0.132069,-0.058495,0.096580,-0.369801,0.999970,0.006765,0.002720,0.002793,0.005856,-0.001110,-0.000001,0.288966,-0.095363,-0.064861,-0.000018,-1.675198,0.303747,0.482824,-1.041147,0.011637,-0.013730,-0.048068,0.002238,-0.000651,-0.045901,-0.004310,0.010056,0.998886,-0.017971,0.014532,0.786315,-0.034349,0.073993,0.248049
6,177.003578,95,absolute_shifted,12,1.438179,0.118629,0.018276,-0.034301,0.094312,-0.046051,0.078906,-0.263435,0.999970,0.006776,0.002424,0.002791,-0.005516,-0.008844,-0.000002,0.282223,-0.061878,-0.032024,-0.000001,-1.799698,0.305151,0.481182,-1.046879,0.011904,-0.013808,-0.048068,0.002238,-0.000651,-0.045901,-0.004310,0.010056,0.998886,-0.017971,0.014532,0.786315,-0.034349,0.073993,0.248049
6,177.003578,95,absolute_shifted,13,1.556808,0.117613,0.013482,-0.025931,0.067580,-0.035038,0.062434,-0.187234,0.999975,0.006233,0.001785,0.002788,-0.012856,-0.012643,-0.000002,0.277455,-0.030368,-0.007741,0.000009,-1.924227,0.306579,0.479540,-1.052581,0.012170,-0.013885,-0.048068,0.002238,-0.000651,-0.045901,-0.004310,0.010056,0.998886,-0.017971,0.014532,0.786315,-0.034349,0.073993,0.248049
6,177.003578,95,absolute_shifted,14,1.674421,0.116153,0.009914,-0.019450,0.048782,-0.025954,0.048109,-0.132421,0.999981,0.005374,0.001012,0.002784,-0.016428,-0.013554,-0.000001,0.274061,-0.006051,0.007696,0.000011,-2.048357,0.308025,0.477902,-1.058235,0.012433,-0.013962,-0.048068,0.002238,-0.000651,-0.045901,-0.004310,0.010056,0.998886,-0.017971,0.014532,0.786315,-0.034349,0.073993,0.248049
6,177.003578,95,absolute_shifted,15,1.790574,0.114408,0.007329,-0.014569,0.035698,-0.018862,0.036319,-0.092862,0.999986,0.004402,0.000248,0.002781,-0.017131,-0.012660,-0.000001,0.271601,0.010051,0.015862,0.000008,-2.171599,0.309485,0.476276,-1.063818,0.012693,-0.014037,-0.048068,0.002238,-0.000651,-0.045901,-0.004310,0.010056,0.998886,-0.017971,0.014532,0.786315,-0.034349,0.073993,0.248049
6,177.003578,95,absolute_shifted,16,1.904983,0.112761,0.005489,-0.010966,0.026708,-0.013562,0.027031,-0.064300,0.999990,0.003457,-0.000427,0.002778,-0.015981,-0.010845,-0.000000,0.269786,0.018976,0.018826,0.000004,-2.293623,0.310951,0.474666,-1.069317,0.012949,-0.014112,-0.048068,0.002238,-0.000651,-0.045901,-0.004310,0.010056,0.998886,-0.017971,0.014532,0.786315,-0.034349,0.073993,0.248049
6,177.003578,95,absolute_shifted,17,2.017743,0.111542,0.004187,-0.008335,0.020618,-0.009731,0.019953,-0.043718,0.999992,0.002618,-0.000980,0.002776,-0.013841,-0.008722,0.000000,0.268427,0.022546,0.018563,0.000002,-2.414506,0.312426,0.473070,-1.074738,0.013201,-0.014185,-0.048068,0.002238,-0.000651,-0.045901,-0.004310,0.010056,0.998886,-0.017971,0.014532,0.786315,-0.034349,0.073993,0.248049
6,177.003578,95,absolute_shifted,18,2.129286,0.110810,0.003261,-0.006417,0.016564,-0.007029,0.014693,-0.028964,0.999993,0.001917,-0.001411,0.002774,-0.011326,-0.006652,0.000000,0.267392,0.022568,0.016473,-0.000000,-2.534683,0.313912,0.471484,-1.080099,0.013451,-0.014258,-0.048068,0.002238,-0.000651,-0.045901,-0.004310,0.010056,0.998886,-0.017971,0.014532,0.786315,-0.034349,0.073993,0.248049
6,177.003578,95,absolute_shifted,19,2.240096,0.110431,0.002593,-0.005012,0.013931,-0.005159,0.010865,-0.018554,0.999994,0.001360,-0.001731,0.002773,-0.008826,-0.004826,0.000000,0.266591,0.020321,0.013507,-0.000001,-2.654664,0.315416,0.469900,-1.085426,0.013699,-0.014330,-0.048068,0.002238,-0.000651,-0.045901,-0.004310,0.010056,0.998886,-0.017971,0.014532,0.786315,-0.034349,0.073993,0.248049
6,177.003578,95,absolute_shifted,20,2.350527,0.110252,0.002098,-0.003972,0.012274,-0.003880,0.008128,-0.011454,0.999994,0.000935,-0.001957,0.002772,-0.006581,-0.003335,0.000000,0.265985,0.017004,0.010473,-0.000001,-2.774822,0.316943,0.468314,-1.090734,0.013946,-0.014401,-0.048068,0.002238,-0.000651,-0.045901,-0.004310,0.010056,0.998886,-0.017971,0.014532,0.786315,-0.034349,0.073993,0.248049
6,177.003578,95,absolute_shifted,21,2.460779,0.110169,0.001722,-0.003189,0.011266,-0.003005,0.006194,-0.006839,0.999994,0.000624,-0.002110,0.002771,-0.004707,-0.002180,0.000000,0.265554,0.013437,0.007563,-0.000001,-2.895370,0.318494,0.466722,-1.096033,0.014193,-0.014473,-0.048068,0.002238,-0.000651,-0.045901,-0.004310,0.010056,0.998886,-0.017971,0.014532,0.786315,-0.034349,0.073993,0.248049
6,177.003578,95,absolute_shifted,22,2.570948,0.110130,0.001426,-0.002585,0.010670,-0.002393,0.004833,-0.003987,0.999994,0.000406,-0.002208,0.002771,-0.003226,-0.001347,0.000000,0.265269,0.009762,0.004743,-0.000000,-3.016411,0.320071,0.465124,-1.101329,0.014440,-0.014545,-0.048068,0.002238,-0.000651,-0.045901,-0.004310,0.010056,0.998886,-0.017971,0.014532,0.786315,-0.034349,0.073993,0.248049
6,177.003578,95,absolute_shifted,23,2.681078,0.110111,0.001189,-0.002109,0.010324,-0.001945,0.003866,-0.002298,0.999994,0.000258,-0.002268,0.002770,-0.002151,-0.000825,0.000000,0.265092,0.006997,0.003230,-0.000000,-3.137992,0.321675,0.463518,-1.106623,0.014686,-0.014616,-0.048068,0.002238,-0.000651,-0.045901,-0.004310,0.010056,0.998886,-0.017971,0.014532,0.786315,-0.034349,0.073993,0.248049
6,177.003578,95,absolute_shifted,24,2.791189,0.110100,0.000994,-0.001725,0.010124,-0.001597,0.003160,-0.001330,0.999993,0.000161,-0.002304,0.002770,-0.001381,-0.000469,0.000000,0.264987,0.004510,0.001348,-0.000000,-3.260134,0.323306,0.461904,-1.111916,0.014933,-0.014688,-0.048068,0.002238,-0.000651,-0.045901,-0.004310,0.010056,0.998886,-0.017971,0.014532,0.786315,-0.034349,0.073993,0.248049
6,177.003578,95,absolute_shifted,25,2.901289,0.110094,0.000835,-0.001407,0.010007,-0.001308,0.002625,-0.000792,0.999993,0.000099,-0.002326,0.002770,-0.000884,-0.000321,0.000000,0.264926,0.002816,0.000317,-0.000000,-3.382847,0.324963,0.460283,-1.117208,0.015179,-0.014760,-0.048068,0.002238,-0.000651,-0.045901,-0.004310,0.010056,0.998886,-0.017971,0.014532,0.786315,-0.034349,0.073993,0.248049
6,177.003578,95,absolute_shifted,26,3.011382,0.110090,0.000705,-0.001143,0.009936,-0.001058,0.002198,-0.000505,0.999993,0.000058,-0.002342,0.002770,-0.000574,-0.000286,0.000000,0.264889,0.001542,-0.000418,-0.000000,-3.506136,0.326648,0.458654,-1.122500,0.015425,-0.014831,-0.048068,0.002238,-0.000651,-0.045901,-0.004310,0.010056,0.998886,-0.017971,0.014532,0.786315,-0.034349,0.073993,0.248049
6,177.003578,95,absolute_shifted,27,3.121472,0.109883,0.000601,-0.000921,0.009888,-0.000844,0.001842,-0.000367,0.999993,0.000032,-0.002360,0.002770,-0.000405,-0.000332,-0.000000,0.264868,0.000789,-0.000873,-0.000000,-3.630003,0.328360,0.457018,-1.127792,0.015672,-0.014903,-0.048068,0.002238,-0.000651,-0.045901,-0.004310,0.010056,0.998886,-0.017971,0.014532,0.786315,-0.034349,0.073993,0.248049
6,177.003578,95,absolute_shifted,28,3.231355,0.104418,0.000518,-0.000736,0.009850,-0.000671,0.001536,-0.000316,0.999993,0.000012,-0.002380,0.002770,-0.000318,-0.000428,-0.000000,0.264850,0.000289,-0.001084,-0.000000,-3.754218,0.330095,0.455376,-1.133073,0.015918,-0.014974,-0.048068,0.002238,-0.000651,-0.045901,-0.004310,0.010056,0.998886,-0.017971,0.014532,0.786315,-0.034349,0.073993,0.248049
6,177.003578,95,absolute_shifted,29,3.335773,0.107015,0.000455,-0.000589,0.009816,-0.000553,0.001281,-0.000336,0.999993,-0.000004,-0.002406,0.002770,-0.000288,-0.000541,-0.000000,0.264841,0.000220,-0.000588,-0.000000,-3.872793,0.331770,0.453809,-1.138092,0.016151,-0.015042,-0.048068,0.002238,-0.000651,-0.045901,-0.004310,0.010056,0.998886,-0.017971,0.014532,0.786315,-0.034349,0.073993,0.248049
6,177.003578,95,absolute_shifted,30,3.442788,0.097100,0.000399,-0.000464,0.009777,-0.000491,0.001051,-0.000393,0.999993,-0.000019,-0.002436,0.002770,-0.000264,-0.000604,-0.000000,0.264832,0.000165,-0.000062,0.000000,-3.994862,0.333511,0.452196,-1.143236,0.016391,-0.015112,-0.048068,0.002238,-0.000651,-0.045901,-0.004310,0.010056,0.998886,-0.017971,0.014532,0.786315,-0.034349,0.073993,0.248049
6,177.003578,95,absolute_shifted,31,3.539888,0.094213,0.000352,-0.000372,0.009735,-0.000493,0.000868,-0.000476,0.999993,-0.000031,-0.002466,0.002770,-0.000248,-0.000610,-0.000000,0.264820,-0.000114,0.000124,0.000000,-4.106097,0.335113,0.450725,-1.147904,0.016608,-0.015175,-0.048068,0.002238,-0.000651,-0.045901,-0.004310,0.010056,0.998886,-0.017971,0.014532,0.786315,-0.034349,0.073993,0.248049
6,177.003578,95,absolute_shifted,32,3.634101,0.091964,0.000303,-0.000297,0.009684,-0.000548,0.000713,-0.000602,0.999993,-0.000043,-0.002494,0.002770,-0.000259,-0.000598,-0.000000,0.264813,0.000554,0.002151,-0.000000,-4.214458,0.336688,0.449293,-1.152432,0.016819,-0.015236,-0.048068,0.002238,-0.000651,-0.045901,-0.004310,0.010056,0.998886,-0.017971,0.014532,0.786315,-0.034349,0.073993,0.248049
6,177.003578,95,absolute_shifted,33,3.726065,0.088900,0.000249,-0.000238,0.009622,-0.000650,0.000582,-0.000747,0.999993,-0.000054,-0.002517,0.002770,-0.000208,-0.000400,-0.000000,0.264818,0.000353,0.003076,-0.000000,-4.320643,0.338244,0.447889,-1.156853,0.017025,-0.015296,-0.048068,0.002238,-0.000651,-0.045901,-0.004310,0.010056,0.998886,-0.017971,0.014532,0.786315,-0.034349,0.073993,0.248049
6,177.003578,95,absolute_shifted,34,3.814965,0.082553,0.000185,-0.000191,0.009550,-0.000779,0.000472,-0.000870,0.999993,-0.000062,-0.002529,0.002769,-0.000177,-0.000127,-0.000000,0.264835,0.000512,0.004818,-0.000000,-4.423677,0.339766,0.446526,-1.161126,0.017224,-0.015354,-0.048068,0.002238,-0.000651,-0.045901,-0.004310,0.010056,0.998886,-0.017971,0.014532,0.786315,-0.034349,0.073993,0.248049
6,177.003578,95,absolute_shifted,35,3.897518,0.077207,0.000116,-0.000156,0.009476,-0.000907,0.000381,-0.000933,0.999993,-0.000069,-0.002526,0.002769,-0.000134,0.000271,-0.000000,0.264857,0.000641,0.006937,-0.000000,-4.519695,0.341196,0.445257,-1.165094,0.017409,-0.015408,-0.048068,0.002238,-0.000651,-0.045901,-0.004310,0.010056,0.998886,-0.017971,0.014532,0.786315,-0.034349,0.073993,0.248049
6,177.003578,95,absolute_shifted,36,3.974725,0.073183,0.000041,-0.000130,0.009404,-0.001009,0.000305,-0.000928,0.999993,-0.000073,-0.002505,0.002769,-0.000085,0.000807,-0.000000,0.264811,0.000760,0.009499,-0.000000,-4.609792,0.342547,0.444065,-1.168806,0.017582,-0.015458,-0.048068,0.002238,-0.000651,-0.045901,-0.004310,0.010056,0.998886,-0.017971,0.014532,0.786315,-0.034349,0.073993,0.248049
6,177.003578,95,absolute_shifted,37,4.047909,0.070650,-0.000035,-0.000110,0.009332,-0.001061,0.000238,-0.001050,0.999993,-0.000075,-0.002463,0.002769,-0.000029,0.001502,-0.000000,0.265330,0.000851,0.011513,0.000000,-4.695458,0.343839,0.442932,-1.172323,0.017745,-0.015506,-0.048068,0.002238,-0.000651,-0.045901,-0.004310,0.010056,0.998886,-0.017971,0.014532,0.786315,-0.034349,0.073993,0.248049
6,177.003578,95,absolute_shifted,38,4.118559,0.070490,-0.000110,-0.000095,0.009301,-0.001042,0.000175,0.000190,0.999993,-0.000075,-0.002396,0.002769,0.000031,0.002315,-0.000000,0.263216,0.000727,0.008471,0.000000,-4.778403,0.345099,0.441835,-1.175719,0.017904,-0.015552,-0.048068,0.002238,-0.000651,-0.045901,-0.004310,0.010056,0.998886,-0.017971,0.014532,0.786315,-0.034349,0.073993,0.248049
6,177.003578,95,absolute_shifted,39,4.189049,0.092448,-0.000178,-0.000085,0.009164,-0.000886,0.000111,-0.004090,0.999994,-0.000073,-0.002304,0.002769,0.000082,0.002912,-0.000000,0.207681,-0.000564,-0.023066,0.000000,-4.861399,0.346366,0.440737,-1.179108,0.018061,-0.015597,-0.048068,0.002238,-0.000651,-0.045901,-0.004310,0.010056,0.998886,-0.017971,0.014532,0.786315,-0.034349,0.073993,0.248049
6,177.003578,95,absolute_shifted,40,4.281497,0.070000,-0.000204,-0.000080,-0.000263,0.000354,-0.000003,-0.199853,0.999994,-0.000071,-0.002218,0.002769,0.000030,0.000780,-0.000000,0.000000,0.000000,0.000000,0.000000,-4.970611,0.348046,0.439292,-1.183551,0.018268,-0.015658,-0.048068,0.002238,-0.000651,-0.045901,-0.004310,0.010056,0.998886,-0.017971,0.014532,0.786315,-0.034349,0.073993,0.248049
7,169.845924,95,absolute_shifted,0,0.000000,0.119885,0.062663,-0.104698,0.445794,-0.090087,0.140765,-0.792821,0.999989,0.000131,-0.003642,0.002778,0.037613,0.057933,-0.000034,0.265189,0.067284,-0.096033,0.000191,-0.944790,-0.006806,0.502040,-0.630430,-0.544630,0.002194,-0.029075,-0.025037,0.000106,-0.409163,-0.003351,0.007519,0.912424,0.010786,0.003550,0.881453,0.053496,-0.008194,-0.367113
7,169.845924,95,absolute_shifted,1,0.119885,0.119836,0.051713,-0.087773,0.350830,-0.091345,0.140611,-0.791436,0.999993,0.002619,-0.000508,0.002786,0.045679,0.046420,-0.000021,0.278368,-0.026486,-0.112324,0.000155,-1.020578,-0.072279,0.502304,-0.633916,-0.547631,0.002206,-0.029075,-0.025037,0.000106,-0.409163,-0.003351,0.007519,0.912424,0.010786,0.003550,0.881453,0.053496,-0.008194,-0.367113
7,169.845924,95,absolute_shifted,2,0.239720,0.119727,0.041030,-0.071263,0.259575,-0.085975,0.133851,-0.731581,0.999981,0.005254,0.001878,0.002792,0.042505,0.032960,-0.000011,0.312494,-0.115262,-0.132768,-0.000007,-1.096752,-0.138084,0.502569,-0.637400,-0.550632,0.002219,-0.029075,-0.025037,0.000106,-0.409163,-0.003351,0.007519,0.912424,0.010786,0.003550,0.881453,0.053496,-0.008194,-0.367113
7,169.845924,95,absolute_shifted,3,0.359447,0.119485,0.031355,-0.056058,0.184619,-0.074937,0.119172,-0.520549,0.999963,0.007381,0.003381,0.002795,0.028705,0.017064,-0.000011,0.298608,-0.143550,-0.118729,-0.000069,-1.173274,-0.204189,0.502835,-0.640881,-0.553629,0.002232,-0.029075,-0.025037,0.000106,-0.409163,-0.003351,0.007519,0.912424,0.010786,0.003550,0.881453,0.053496,-0.008194,-0.367113
7,169.845924,95,absolute_shifted,4,0.478932,0.119040,0.023189,-0.042880,0.131328,-0.061490,0.100873,-0.371469,0.999951,0.008582,0.003980,0.002794,0.011553,0.002877,-0.000016,0.289088,-0.123458,-0.084255,-0.000050,-1.250058,-0.270518,0.503103,-0.644356,-0.556621,0.002245,-0.029075,-0.025037,0.000106,-0.409163,-0.003351,0.007519,0.912424,0.010786,0.003550,0.881453,0.053496,-0.008194,-0.367113
7,169.845924,95,absolute_shifted,5,0.597972,0.118254,0.016684,-0.032019,0.093449,-0.047856,0.081502,-0.264943,0.999950,0.008833,0.003853,0.002791,-0.003143,-0.007152,-0.000019,0.282332,-0.086010,-0.049015,-0.000011,-1.326968,-0.336955,0.503371,-0.647817,-0.559601,0.002257,-0.029075,-0.025037,0.000106,-0.409163,-0.003351,0.007519,0.912424,0.010786,0.003550,0.881453,0.053496,-0.008194,-0.367113
7,169.845924,95,absolute_shifted,6,0.716226,0.117021,0.011770,-0.023479,0.066627,-0.035494,0.063120,-0.188691,0.999956,0.008348,0.003258,0.002787,-0.013314,-0.012948,-0.000020,0.277534,-0.047999,-0.020403,0.000014,-1.403778,-0.403306,0.503639,-0.651255,-0.562562,0.002270,-0.029075,-0.025037,0.000106,-0.409163,-0.003351,0.007519,0.912424,0.010786,0.003550,0.881453,0.053496,-0.008194,-0.367113
7,169.845924,95,absolute_shifted,7,0.833247,0.115433,0.008240,-0.017055,0.047746,-0.025172,0.047054,-0.133985,0.999966,0.007407,0.002428,0.002782,-0.018931,-0.015336,-0.000019,0.274092,-0.016501,0.000047,0.000023,-1.480188,-0.469309,0.503905,-0.654657,-0.565492,0.002282,-0.029075,-0.025037,0.000106,-0.409163,-0.003351,0.007519,0.912424,0.010786,0.003550,0.881453,0.053496,-0.008194,-0.367113
7,169.845924,95,absolute_shifted,8,0.948681,0.113800,0.005819,-0.012407,0.034548,-0.017122,0.033919,-0.094691,0.999975,0.006262,0.001540,0.002777,-0.020836,-0.015331,-0.000018,0.271587,0.006552,0.013241,0.000023,-1.555951,-0.534752,0.504169,-0.658014,-0.568382,0.002295,-0.029075,-0.025037,0.000106,-0.409163,-0.003351,0.007519,0.912424,0.010786,0.003550,0.881453,0.053496,-0.008194,-0.367113
7,169.845924,95,absolute_shifted,9,1.062480,0.112494,0.004225,-0.009150,0.025377,-0.011222,0.023779,-0.066469,0.999983,0.005100,0.000707,0.002772,-0.020090,-0.013824,-0.000016,0.269751,0.021942,0.021017,0.000019,-1.631021,-0.599596,0.504431,-0.661322,-0.571231,0.002307,-0.029075,-0.025037,0.000106,-0.409163,-0.003351,0.007519,0.912424,0.010786,0.003550,0.881453,0.053496,-0.008194,-0.367113
7,169.845924,95,absolute_shifted,10,1.174975,0.111679,0.003206,-0.006915,0.019040,-0.007161,0.016350,-0.046193,0.999988,0.004041,-0.000007,0.002769,-0.017622,-0.011459,-0.000015,0.268401,0.031473,0.025055,0.000016,-1.705600,-0.664015,0.504691,-0.664593,-0.574047,0.002319,-0.029075,-0.025037,0.000106,-0.409163,-0.003351,0.007519,0.912424,0.010786,0.003550,0.881453,0.053496,-0.008194,-0.367113
7,169.845924,95,absolute_shifted,11,1.286654,0.111198,0.002563,-0.005395,0.014694,-0.004563,0.011190,-0.031628,0.999991,0.003157,-0.000571,0.002766,-0.014107,-0.008661,-0.000014,0.267396,0.035184,0.025140,0.000017,-1.780002,-0.728280,0.504951,-0.667840,-0.576843,0.002331,-0.029075,-0.025037,0.000106,-0.409163,-0.003351,0.007519,0.912424,0.010786,0.003550,0.881453,0.053496,-0.008194,-0.367113
7,169.845924,95,absolute_shifted,12,1.397852,0.110948,0.002148,-0.004353,0.011754,-0.003047,0.007800,-0.021256,0.999993,0.002482,-0.000977,0.002763,-0.010195,-0.005866,-0.000013,0.266642,0.031583,0.020800,0.000018,-1.854444,-0.792578,0.505210,-0.671073,-0.579628,0.002342,-0.029075,-0.025037,0.000106,-0.409163,-0.003351,0.007519,0.912424,0.010786,0.003550,0.881453,0.053496,-0.008194,-0.367113
7,169.845924,95,absolute_shifted,13,1.508800,0.110793,0.001859,-0.003615,0.009798,-0.002259,0.005679,-0.013998,0.999993,0.002015,-0.001240,0.002761,-0.006690,-0.003558,-0.000012,0.266116,0.023292,0.014734,0.000017,-1.929078,-0.857041,0.505471,-0.674299,-0.582405,0.002354,-0.029075,-0.025037,0.000106,-0.409163,-0.003351,0.007519,0.912424,0.010786,0.003550,0.881453,0.053496,-0.008194,-0.367113
7,169.845924,95,absolute_shifted,14,1.619592,0.110659,0.001631,-0.003063,0.008529,-0.001917,0.004397,-0.008910,0.999994,0.001716,-0.001392,0.002760,-0.004110,-0.001926,-0.000011,0.265760,0.015470,0.009916,0.000014,-2.003963,-0.921721,0.505732,-0.677521,-0.585179,0.002366,-0.029075,-0.025037,0.000106,-0.409163,-0.003351,0.007519,0.912424,0.010786,0.003550,0.881453,0.053496,-0.008194,-0.367113
7,169.845924,95,absolute_shifted,15,1.730251,0.110616,0.001425,-0.002622,0.007744,-0.001818,0.003634,-0.005286,0.999994,0.001536,-0.001469,0.002759,-0.002398,-0.000828,-0.000010,0.265484,0.009892,0.006650,0.000012,-2.079115,-0.986629,0.505995,-0.680738,-0.587950,0.002378,-0.029075,-0.025037,0.000106,-0.409163,-0.003351,0.007519,0.912424,0.010786,0.003550,0.881453,0.053496,-0.008194,-0.367113
7,169.845924,95,absolute_shifted,16,1.840868,0.110605,0.001225,-0.002247,0.007297,-0.001824,0.003176,-0.002792,0.999994,0.001434,-0.001495,0.002758,-0.001304,-0.000093,-0.000009,0.265251,0.006761,0.005195,0.000010,-2.154594,-1.051820,0.506259,-0.683954,-0.590719,0.002390,-0.029075,-0.025037,0.000106,-0.409163,-0.003351,0.007519,0.912424,0.010786,0.003550,0.881453,0.053496,-0.008194,-0.367113
7,169.845924,95,absolute_shifted,17,1.951473,0.110600,0.001022,-0.001913,0.007074,-0.001842,0.002884,-0.001251,0.999994,0.001382,-0.001484,0.002758,-0.000556,0.000482,-0.000008,0.265071,0.004383,0.003148,0.000009,-2.230421,-1.117309,0.506524,-0.687170,-0.593489,0.002401,-0.029075,-0.025037,0.000106,-0.409163,-0.003351,0.007519,0.912424,0.010786,0.003550,0.881453,0.053496,-0.008194,-0.367113
7,169.845924,95,absolute_shifted,18,2.062073,0.110595,0.000819,-0.001607,0.006980,-0.001805,0.002666,-0.000446,0.999994,0.001365,-0.001448,0.002757,-0.000071,0.000830,-0.000008,0.264958,0.002692,0.001467,0.000008,-2.306599,-1.183102,0.506790,-0.690386,-0.596258,0.002413,-0.029075,-0.025037,0.000106,-0.409163,-0.003351,0.007519,0.912424,0.010786,0.003550,0.881453,0.053496,-0.008194,-0.367113
7,169.845924,95,absolute_shifted,19,2.172668,0.110588,0.000626,-0.001323,0.006949,-0.001671,0.002463,-0.000105,0.999994,0.001369,-0.001397,0.002757,0.000227,0.000992,-0.000007,0.264901,0.001141,-0.000388,0.000007,-2.383130,-1.249198,0.507057,-0.693601,-0.599027,0.002425,-0.029075,-0.025037,0.000106,-0.409163,-0.003351,0.007519,0.912424,0.010786,0.003550,0.881453,0.053496,-0.008194,-0.367113
7,169.845924,95,absolute_shifted,20,2.283256,0.110580,0.000454,-0.001063,0.006944,-0.001421,0.002236,0.000004,0.999994,0.001385,-0.001344,0.002757,0.000353,0.000949,-0.000007,0.264879,-0.000136,-0.002278,0.000006,-2.460012,-1.315597,0.507326,-0.696817,-0.601795,0.002437,-0.029075,-0.025037,0.000106,-0.409163,-0.003351,0.007519,0.912424,0.010786,0.003550,0.881453,0.053496,-0.008194,-0.367113
7,169.845924,95,absolute_shifted,21,2.393836,0.110572,0.000316,-0.000830,0.006945,-0.001061,0.001972,0.000022,0.999994,0.001404,-0.001298,0.002756,0.000338,0.000698,-0.000007,0.264873,-0.001242,-0.004001,0.000005,-2.537244,-1.382297,0.507596,-0.700032,-0.604564,0.002448,-0.029075,-0.025037,0.000106,-0.409163,-0.003351,0.007519,0.912424,0.010786,0.003550,0.881453,0.053496,-0.008194,-0.367113
7,169.845924,95,absolute_shifted,22,2.504408,0.110564,0.000222,-0.000628,0.006947,-0.000621,0.001670,0.000013,0.999994,0.001419,-0.001272,0.002756,0.000200,0.000255,-0.000006,0.264870,-0.001790,-0.004853,0.000004,-2.614826,-1.449297,0.507868,-0.703247,-0.607332,0.002460,-0.029075,-0.025037,0.000106,-0.409163,-0.003351,0.007519,0.912424,0.010786,0.003550,0.881453,0.053496,-0.008194,-0.367113
7,169.845924,95,absolute_shifted,23,2.614972,0.110559,0.000180,-0.000461,0.006947,-0.000152,0.001345,-0.000006,0.999994,0.001424,-0.001273,0.002756,0.000003,-0.000281,-0.000006,0.264866,-0.002045,-0.005317,0.000004,-2.692757,-1.516600,0.508140,-0.706462,-0.610100,0.002472,-0.029075,-0.025037,0.000106,-0.409163,-0.003351,0.007519,0.912424,0.010786,0.003550,0.881453,0.053496,-0.008194,-0.367113
7,169.845924,95,absolute_shifted,24,2.725532,0.110560,0.000187,-0.000331,0.006945,0.000282,0.001020,-0.000040,0.999994,0.001418,-0.001304,0.002755,-0.000224,-0.000869,-0.000006,0.264859,-0.002108,-0.005517,0.000005,-2.771041,-1.584205,0.508414,-0.709676,-0.612869,0.002484,-0.029075,-0.025037,0.000106,-0.409163,-0.003351,0.007519,0.912424,0.010786,0.003550,0.881453,0.053496,-0.008194,-0.367113
7,169.845924,95,absolute_shifted,25,2.836092,0.110568,0.000238,-0.000235,0.006937,0.000612,0.000722,-0.000107,0.999994,0.001400,-0.001369,0.002755,-0.000457,-0.001479,-0.000005,0.264849,-0.000835,-0.003225,0.000007,-2.849681,-1.652117,0.508690,-0.712891,-0.615637,0.002496,-0.029075,-0.025037,0.000106,-0.409163,-0.003351,0.007519,0.912424,0.010786,0.003550,0.881453,0.053496,-0.008194,-0.367113
7,169.845924,95,absolute_shifted,26,2.946660,0.110588,0.000316,-0.000169,0.006919,0.000769,0.000475,-0.000215,0.999994,0.001372,-0.001461,0.002755,-0.000549,-0.001836,-0.000005,0.264845,-0.000107,-0.001283,0.000010,-2.928681,-1.720339,0.508966,-0.716106,-0.618405,0.002507,-0.029075,-0.025037,0.000106,-0.409163,-0.003351,0.007519,0.912424,0.010786,0.003550,0.881453,0.053496,-0.008194,-0.367113
7,169.845924,95,absolute_shifted,27,3.057247,0.110621,0.000400,-0.000127,0.006888,0.000709,0.000290,-0.000338,0.999994,0.001342,-0.001567,0.002754,-0.000561,-0.001978,-0.000004,0.264863,0.001114,0.002197,0.000014,-3.008052,-1.788881,0.509244,-0.719321,-0.621174,0.002519,-0.029075,-0.025037,0.000106,-0.409163,-0.003351,0.007519,0.912424,0.010786,0.003550,0.881453,0.053496,-0.008194,-0.367113
7,169.845924,95,absolute_shifted,28,3.167869,0.110672,0.000465,-0.000103,0.006848,0.000420,0.000169,-0.000387,0.999994,0.001314,-0.001669,0.002754,-0.000438,-0.001735,-0.000003,0.264910,0.002180,0.006660,0.000018,-3.087802,-1.857749,0.509523,-0.722537,-0.623943,0.002531,-0.029075,-0.025037,0.000106,-0.409163,-0.003351,0.007519,0.912424,0.010786,0.003550,0.881453,0.053496,-0.008194,-0.367113
7,169.845924,95,absolute_shifted,29,3.278540,0.110512,0.000485,-0.000088,0.006813,-0.000069,0.000097,-0.000243,0.999994,0.001297,-0.001745,0.002753,-0.000196,-0.000998,-0.000002,0.264972,0.001752,0.011155,0.000021,-3.167944,-1.926955,0.509804,-0.725755,-0.626714,0.002543,-0.029075,-0.025037,0.000106,-0.409163,-0.003351,0.007519,0.912424,0.010786,0.003550,0.881453,0.053496,-0.008194,-0.367113
7,169.845924,95,absolute_shifted,30,3.389052,0.105941,0.000445,-0.000080,0.006809,-0.000668,0.000048,0.000153,0.999994,0.001292,-0.001766,0.002753,-0.000003,0.000235,-0.000001,0.264862,0.001631,0.015926,0.000022,-3.248326,-1.996367,0.510086,-0.728968,-0.629481,0.002554,-0.029075,-0.025037,0.000106,-0.409163,-0.003351,0.007519,0.912424,0.010786,0.003550,0.881453,0.053496,-0.008194,-0.367113
7,169.845924,95,absolute_shifted,31,3.494994,0.102064,0.000345,-0.000078,0.006822,-0.001207,0.000003,0.000098,0.999994,0.001296,-0.001709,0.002753,0.000170,0.001922,0.000000,0.264828,0.001104,0.015818,0.000022,-3.325717,-2.063196,0.510357,-0.732049,-0.632134,0.002566,-0.029075,-0.025037,0.000106,-0.409163,-0.003351,0.007519,0.912424,0.010786,0.003550,0.881453,0.053496,-0.008194,-0.367113
7,169.845924,95,absolute_shifted,32,3.597058,0.110166,0.000203,-0.000080,0.006823,-0.001528,-0.000056,-0.000081,0.999994,0.001307,-0.001569,0.002754,0.000283,0.003537,0.000002,0.264376,-0.000403,-0.011084,0.000023,-3.400585,-2.127845,0.510619,-0.735016,-0.634689,0.002577,-0.029075,-0.025037,0.000106,-0.409163,-0.003351,0.007519,0.912424,0.010786,0.003550,0.881453,0.053496,-0.008194,-0.367113
7,169.845924,95,absolute_shifted,33,3.707224,0.110690,0.000032,-0.000091,0.006702,-0.001517,-0.000142,-0.002116,0.999994,0.001321,-0.001408,0.002754,0.000238,0.002316,0.000003,0.264417,-0.002652,-0.009718,0.000020,-3.481735,-2.197918,0.510904,-0.738219,-0.637447,0.002588,-0.029075,-0.025037,0.000106,-0.409163,-0.003351,0.007519,0.912424,0.010786,0.003550,0.881453,0.053496,-0.008194,-0.367113
7,169.845924,95,absolute_shifted,34,3.817914,0.099833,-0.000122,-0.000112,0.006363,-0.001227,-0.000250,-0.003994,0.999994,0.001326,-0.001310,0.002754,-0.000055,0.001240,0.000004,0.262875,-0.004021,-0.010722,0.000014,-3.563627,-2.268630,0.511191,-0.741438,-0.640218,0.002600,-0.029075,-0.025037,0.000106,-0.409163,-0.003351,0.007519,0.912424,0.010786,0.003550,0.881453,0.053496,-0.008194,-0.367113
7,169.845924,95,absolute_shifted,35,3.917747,0.057920,-0.000225,-0.000141,0.005596,-0.000820,-0.000325,-0.011387,0.999995,0.001313,-0.001275,0.002755,-0.000457,0.000170,0.000005,0.278311,-0.003074,-0.016057,0.000009,-3.637792,-2.332670,0.511451,-0.744340,-0.642718,0.002611,-0.029075,-0.025037,0.000106,-0.409163,-0.003351,0.007519,0.912424,0.010786,0.003550,0.881453,0.053496,-0.008194,-0.367113
7,169.845924,95,absolute_shifted,36,3.975667,0.053030,-0.000267,-0.000163,0.005771,-0.000656,-0.000438,0.017436,0.999995,0.001297,-0.001283,0.002755,-0.000635,-0.000760,0.000005,0.283276,-0.003159,-0.017479,0.000006,-3.680953,-2.369938,0.511603,-0.746024,-0.644168,0.002617,-0.029075,-0.025037,0.000106,-0.409163,-0.003351,0.007519,0.912424,0.010786,0.003550,0.881453,0.053496,-0.008194,-0.367113
7,169.845924,95,absolute_shifted,37,4.028697,0.051905,-0.000299,-0.000190,0.007654,-0.000554,-0.000548,0.053577,0.999995,0.001278,-0.001316,0.002755,-0.000802,-0.001687,0.000006,0.240295,-0.002995,-0.018334,0.000004,-3.720555,-2.404134,0.511741,-0.747566,-0.645496,0.002623,-0.029075,-0.025037,0.000106,-0.409163,-0.003351,0.007519,0.912424,0.010786,0.003550,0.881453,0.053496,-0.008194,-0.367113
7,169.845924,95,absolute_shifted,38,4.080602,0.051507,-0.000321,-0.000215,0.009208,-0.000282,-0.000422,0.006327,0.999994,0.001255,-0.001372,0.002755,-0.000958,-0.002639,0.000006,0.211166,-0.002684,-0.019244,0.000003,-3.759397,-2.437672,0.511878,-0.749075,-0.646795,0.002628,-0.029075,-0.025037,0.000106,-0.409163,-0.003351,0.007519,0.912424,0.010786,0.003550,0.881453,0.053496,-0.008194,-0.367113
7,169.845924,95,absolute_shifted,39,4.132109,0.057345,-0.000326,-0.000229,0.006896,0.000082,-0.000137,-0.096131,0.999994,0.001229,-0.001453,0.002755,-0.001096,-0.003630,0.000006,0.217293,-0.002317,-0.019877,0.000003,-3.798018,-2.471019,0.512013,-0.750573,-0.648085,0.002634,-0.029075,-0.025037,0.000106,-0.409163,-0.003351,0.007519,0.912424,0.010786,0.003550,0.881453,0.053496,-0.008194,-0.367113
7,169.845924,95,absolute_shifted,40,4.189455,0.070000,-0.000312,-0.000228,-0.001515,0.000359,0.000175,-0.197190,0.999994,0.001196,-0.001573,0.002755,-0.001229,-0.004770,0.000006,0.000000,0.000000,0.000000,0.000000,-3.841108,-2.508225,0.512164,-0.752240,-0.649521,0.002640,-0.029075,-0.025037,0.000106,-0.409163,-0.003351,0.007519,0.912424,0.010786,0.003550,0.881453,0.053496,-0.008194,-0.367113
8,187.156226,95,absolute_shifted,0,0.000000,0.116879,0.008240,-0.017055,0.047746,-0.025172,0.047054,-0.133985,0.999966,0.007407,0.002428,0.002782,-0.018931,-0.015336,-0.000019,0.274086,-0.021268,0.062580,0.000001,-1.221223,-0.550097,0.505300,-0.211472,-0.562774,0.006140,-0.007351,-0.024709,0.000298,0.558619,0.000861,-0.010167,-0.829362,0.005793,0.006825,-0.007315,0.041695,0.010082,-0.400103
8,187.156226,95,absolute_shifted,1,0.116879,0.115265,0.005651,-0.012360,0.034408,-0.019405,0.033747,-0.094246,0.999975,0.006230,0.001742,0.002778,-0.021417,-0.008022,-0.000019,0.271330,0.006828,0.028420,0.000108,-1.245990,-0.616042,0.506020,-0.212331,-0.565662,0.006175,-0.007351,-0.024709,0.000298,0.558619,0.000861,-0.010167,-0.829362,0.005793,0.006825,-0.007315,0.041695,0.010082,-0.400103
8,187.156226,95,absolute_shifted,2,0.232144,0.113633,0.003679,-0.009083,0.025127,-0.014953,0.023585,-0.066781,0.999983,0.005019,0.001371,0.002777,-0.020630,-0.004746,-0.000012,0.269610,0.024375,0.009969,0.000114,-1.270513,-0.681407,0.506734,-0.213178,-0.568510,0.006209,-0.007351,-0.024709,0.000298,0.558619,0.000861,-0.010167,-0.829362,0.005793,0.006825,-0.007315,0.041695,0.010082,-0.400103
8,187.156226,95,absolute_shifted,3,0.345778,0.112325,0.002195,-0.006841,0.018667,-0.011264,0.016280,-0.046917,0.999988,0.003926,0.001130,0.002777,-0.017860,-0.003613,-0.000005,0.268345,0.034798,0.002388,0.000082,-1.294785,-0.746168,0.507441,-0.214014,-0.571317,0.006243,-0.007351,-0.024709,0.000298,0.558619,0.000861,-0.010167,-0.829362,0.005793,0.006825,-0.007315,0.041695,0.010082,-0.400103
8,187.156226,95,absolute_shifted,4,0.458103,0.111540,0.001111,-0.005309,0.014206,-0.008117,0.011333,-0.032522,0.999991,0.003034,0.000932,0.002777,-0.013951,-0.003345,0.000000,0.267415,0.039284,0.000380,0.000050,-1.318870,-0.810497,0.508144,-0.214839,-0.574093,0.006277,-0.007351,-0.024709,0.000298,0.558619,0.000861,-0.010167,-0.829362,0.005793,0.006825,-0.007315,0.041695,0.010082,-0.400103
8,187.156226,95,absolute_shifted,5,0.569643,0.111059,0.000359,-0.004236,0.011162,-0.005428,0.008161,-0.022059,0.999993,0.002378,0.000745,0.002777,-0.009570,-0.003302,0.000004,0.266714,0.035656,-0.000856,0.000028,-1.342879,-0.874685,0.508846,-0.215659,-0.576849,0.006310,-0.007351,-0.024709,0.000298,0.558619,0.000861,-0.010167,-0.829362,0.005793,0.006825,-0.007315,0.041695,0.010082,-0.400103
8,187.156226,95,absolute_shifted,6,0.680702,0.110830,-0.000114,-0.003447,0.009131,-0.003168,0.006193,-0.014517,0.999994,0.001957,0.000558,0.002777,-0.005610,-0.003397,0.000005,0.266165,0.024963,-0.002379,0.000014,-1.366875,-0.938902,0.509549,-0.216475,-0.579593,0.006343,-0.007351,-0.024709,0.000298,0.558619,0.000861,-0.010167,-0.829362,0.005793,0.006825,-0.007315,0.041695,0.010082,-0.400103
8,187.156226,95,absolute_shifted,7,0.791532,0.110722,-0.000360,-0.002835,0.007814,-0.001335,0.004940,-0.009242,0.999995,0.001724,0.000362,0.002777,-0.002843,-0.003661,0.000006,0.265741,0.013001,-0.002408,0.000005,-1.390912,-1.003290,0.510254,-0.217290,-0.582332,0.006376,-0.007351,-0.024709,0.000298,0.558619,0.000861,-0.010167,-0.829362,0.005793,0.006825,-0.007315,0.041695,0.010082,-0.400103
8,187.156226,95,absolute_shifted,8,0.902254,0.110662,-0.000427,-0.002339,0.006986,0.000051,0.004063,-0.005709,0.999995,0.001607,0.000151,0.002777,-0.001404,-0.003928,0.000007,0.265432,0.004656,-0.000118,-0.000001,-1.415016,-1.067919,0.510962,-0.218104,-0.585067,0.006409,-0.007351,-0.024709,0.000298,0.558619,0.000861,-0.010167,-0.829362,0.005793,0.006825,-0.007315,0.041695,0.010082,-0.400103
8,187.156226,95,absolute_shifted,9,1.012916,0.110634,-0.000366,-0.001929,0.006480,0.000966,0.003375,-0.003444,0.999995,0.001544,-0.000066,0.002778,-0.000888,-0.003941,0.000007,0.265222,0.001146,0.004240,-0.000004,-1.439197,-1.132815,0.511673,-0.218917,-0.587802,0.006442,-0.007351,-0.024709,0.000298,0.558619,0.000861,-0.010167,-0.829362,0.005793,0.006825,-0.007315,0.041695,0.010082,-0.400103
8,187.156226,95,absolute_shifted,10,1.123550,0.110622,-0.000230,-0.001588,0.006176,0.001417,0.002803,-0.002039,0.999995,0.001499,-0.000272,0.002778,-0.000762,-0.003472,0.000006,0.265088,0.000038,0.007352,-0.000007,-1.463462,-1.197997,0.512387,-0.219731,-0.590535,0.006475,-0.007351,-0.024709,0.000298,0.558619,0.000861,-0.010167,-0.829362,0.005793,0.006825,-0.007315,0.041695,0.010082,-0.400103
8,187.156226,95,absolute_shifted,11,1.234172,0.110614,-0.000068,-0.001305,0.005998,0.001456,0.002323,-0.001185,0.999995,0.001457,-0.000441,0.002778,-0.000757,-0.002658,0.000006,0.265003,0.000501,0.009658,-0.000009,-1.487814,-1.263474,0.513105,-0.220544,-0.593269,0.006508,-0.007351,-0.024709,0.000298,0.558619,0.000861,-0.010167,-0.829362,0.005793,0.006825,-0.007315,0.041695,0.010082,-0.400103
8,187.156226,95,absolute_shifted,12,1.344786,0.110605,0.000080,-0.001070,0.005895,0.001182,0.001933,-0.000677,0.999995,0.001417,-0.000559,0.002778,-0.000702,-0.001590,0.000005,0.264951,0.001392,0.010333,-0.000012,-1.512254,-1.329249,0.513827,-0.221357,-0.596002,0.006541,-0.007351,-0.024709,0.000298,0.558619,0.000861,-0.010167,-0.829362,0.005793,0.006825,-0.007315,0.041695,0.010082,-0.400103
8,187.156226,95,absolute_shifted,13,1.455391,0.110595,0.000186,-0.000874,0.005837,0.000717,0.001625,-0.000383,0.999995,0.001383,-0.000615,0.002778,-0.000548,-0.000447,0.000005,0.264919,0.002000,0.009204,-0.000015,-1.536782,-1.395321,0.514552,-0.222170,-0.598735,0.006574,-0.007351,-0.024709,0.000298,0.558619,0.000861,-0.010167,-0.829362,0.005793,0.006825,-0.007315,0.041695,0.010082,-0.400103
8,187.156226,95,absolute_shifted,14,1.565986,0.110583,0.000237,-0.000708,0.005803,0.000197,0.001381,-0.000220,0.999995,0.001359,-0.000612,0.002778,-0.000327,0.000571,0.000004,0.264900,0.001645,0.006501,-0.000017,-1.561398,-1.461689,0.515281,-0.222983,-0.601467,0.006607,-0.007351,-0.024709,0.000298,0.558619,0.000861,-0.010167,-0.829362,0.005793,0.006825,-0.007315,0.041695,0.010082,-0.400103
8,187.156226,95,absolute_shifted,15,1.676569,0.110570,0.000232,-0.000567,0.005784,-0.000262,0.001178,-0.000134,0.999995,0.001345,-0.000561,0.002778,-0.000145,0.001290,0.000002,0.264890,0.000890,0.003380,-0.000019,-1.586101,-1.528352,0.516014,-0.223796,-0.604200,0.006640,-0.007351,-0.024709,0.000298,0.558619,0.000861,-0.010167,-0.829362,0.005793,0.006825,-0.007315,0.041695,0.010082,-0.400103
8,187.156226,95,absolute_shifted,16,1.787139,0.110556,0.000185,-0.000447,0.005771,-0.000572,0.000995,-0.000090,0.999995,0.001340,-0.000479,0.002779,-0.000046,0.001663,0.000001,0.264885,-0.000105,-0.000173,-0.000019,-1.610891,-1.595310,0.516750,-0.224608,-0.606932,0.006673,-0.007351,-0.024709,0.000298,0.558619,0.000861,-0.010167,-0.829362,0.005793,0.006825,-0.007315,0.041695,0.010082,-0.400103
8,187.156226,95,absolute_shifted,17,1.897696,0.110541,0.000113,-0.000347,0.005762,-0.000691,0.000821,-0.000068,0.999995,0.001337,-0.000388,0.002779,-0.000058,0.001644,0.000000,0.264882,-0.001027,-0.003784,-0.000017,-1.635768,-1.662561,0.517489,-0.225421,-0.609663,0.006706,-0.007351,-0.024709,0.000298,0.558619,0.000861,-0.010167,-0.829362,0.005793,0.006825,-0.007315,0.041695,0.010082,-0.400103
8,187.156226,95,absolute_shifted,18,2.008237,0.110525,0.000039,-0.000265,0.005756,-0.000621,0.000657,-0.000056,0.999995,0.001330,-0.000308,0.002779,-0.000171,0.001226,-0.000001,0.264880,-0.000629,-0.005143,-0.000014,-1.660731,-1.730105,0.518232,-0.226234,-0.612395,0.006739,-0.007351,-0.024709,0.000298,0.558619,0.000861,-0.010167,-0.829362,0.005793,0.006825,-0.007315,0.041695,0.010082,-0.400103
8,187.156226,95,absolute_shifted,19,2.118762,0.110508,-0.000019,-0.000201,0.005750,-0.000407,0.000513,-0.000050,0.999995,0.001319,-0.000256,0.002779,-0.000241,0.000658,-0.000002,0.264880,-0.000626,-0.006694,-0.000008,-1.685780,-1.797941,0.518979,-0.227046,-0.615126,0.006772,-0.007351,-0.024709,0.000298,0.558619,0.000861,-0.010167,-0.829362,0.005793,0.006825,-0.007315,0.041695,0.010082,-0.400103
8,187.156226,95,absolute_shifted,20,2.229269,0.110490,-0.000048,-0.000151,0.005744,-0.000118,0.000399,-0.000047,0.999995,0.001303,-0.000240,0.002779,-0.000310,-0.000082,-0.000002,0.264879,0.000079,-0.006215,-0.000002,-1.710915,-1.866068,0.519729,-0.227858,-0.617856,0.006805,-0.007351,-0.024709,0.000298,0.558619,0.000861,-0.010167,-0.829362,0.005793,0.006825,-0.007315,0.041695,0.010082,-0.400103
8,187.156226,95,absolute_shifted,21,2.339760,0.110473,-0.000045,-0.000111,0.005739,0.000163,0.000320,-0.000046,0.999995,0.001287,-0.000264,0.002779,-0.000301,-0.000769,-0.000002,0.264880,0.000931,-0.003804,0.000004,-1.736136,-1.934486,0.520483,-0.228670,-0.620586,0.006838,-0.007351,-0.024709,0.000298,0.558619,0.000861,-0.010167,-0.829362,0.005793,0.006825,-0.007315,0.041695,0.010082,-0.400103
8,187.156226,95,absolute_shifted,22,2.450233,0.110460,-0.000016,-0.000079,0.005734,0.000356,0.000275,-0.000043,0.999995,0.001273,-0.000318,0.002778,-0.000198,-0.001189,-0.000002,0.264881,0.000667,0.000161,0.000009,-1.761443,-2.003194,0.521240,-0.229482,-0.623316,0.006871,-0.007351,-0.024709,0.000298,0.558619,0.000861,-0.010167,-0.829362,0.005793,0.006825,-0.007315,0.041695,0.010082,-0.400103
8,187.156226,95,absolute_shifted,23,2.560693,0.110453,0.000028,-0.000050,0.005730,0.000415,0.000254,-0.000032,0.999995,0.001264,-0.000383,0.002778,-0.000125,-0.001171,-0.000002,0.264885,0.001057,0.006516,0.000010,-1.786837,-2.072197,0.522001,-0.230294,-0.626045,0.006904,-0.007351,-0.024709,0.000298,0.558619,0.000861,-0.010167,-0.829362,0.005793,0.006825,-0.007315,0.041695,0.010082,-0.400103
8,187.156226,95,absolute_shifted,24,2.671146,0.110461,0.000071,-0.000022,0.005728,0.000349,0.000246,-0.000007,0.999995,0.001261,-0.000428,0.002778,-0.000008,-0.000452,-0.000001,0.264891,0.001326,0.010560,0.000009,-1.812318,-2.141496,0.522766,-0.231106,-0.628775,0.006937,-0.007351,-0.024709,0.000298,0.558619,0.000861,-0.010167,-0.829362,0.005793,0.006825,-0.007315,0.041695,0.010082,-0.400103
8,187.156226,95,absolute_shifted,25,2.781607,0.110490,0.000104,0.000005,0.005730,0.000237,0.000238,0.000041,0.999995,0.001264,-0.000421,0.002778,0.000139,0.000715,-0.000000,0.264894,0.000810,-0.009564,0.000010,-1.837891,-2.211102,0.523534,-0.231918,-0.631504,0.006970,-0.007351,-0.024709,0.000298,0.558619,0.000861,-0.010167,-0.829362,0.005793,0.006825,-0.007315,0.041695,0.010082,-0.400103
8,187.156226,95,absolute_shifted,26,2.892097,0.110519,0.000126,0.000030,0.005738,0.000166,0.000214,0.000104,0.999995,0.001274,-0.000410,0.002778,0.000228,-0.000342,0.000000,0.264889,-0.000403,-0.001212,0.000004,-1.863561,-2.281027,0.524306,-0.232730,-0.634234,0.007003,-0.007351,-0.024709,0.000298,0.558619,0.000861,-0.010167,-0.829362,0.005793,0.006825,-0.007315,0.041695,0.010082,-0.400103
8,187.156226,95,absolute_shifted,27,3.002616,0.110555,0.000139,0.000051,0.005752,0.000073,0.000166,0.000145,0.999995,0.001286,-0.000433,0.002778,0.000184,-0.000476,0.000000,0.264866,-0.000975,0.004560,-0.000002,-1.889327,-2.351273,0.525081,-0.233543,-0.636965,0.007036,-0.007351,-0.024709,0.000298,0.558619,0.000861,-0.010167,-0.829362,0.005793,0.006825,-0.007315,0.041695,0.010082,-0.400103
8,187.156226,95,absolute_shifted,28,3.113171,0.102675,0.000140,0.000066,0.005765,-0.000065,0.000098,0.000090,0.999995,0.001293,-0.000445,0.002778,0.000076,0.000028,0.000000,0.264826,0.000077,0.001279,-0.000007,-1.915191,-2.421844,0.525861,-0.234355,-0.639696,0.007069,-0.007351,-0.024709,0.000298,0.558619,0.000861,-0.010167,-0.829362,0.005793,0.006825,-0.007315,0.041695,0.010082,-0.400103
8,187.156226,95,absolute_shifted,29,3.215846,0.092989,0.000126,0.000072,0.005763,-0.000196,0.000024,-0.000112,0.999995,0.001297,-0.000441,0.002778,0.000084,0.000160,-0.000000,0.264772,-0.000249,0.001685,-0.000008,-1.939292,-2.487655,0.526588,-0.235110,-0.642233,0.007100,-0.007351,-0.024709,0.000298,0.558619,0.000861,-0.010167,-0.829362,0.005793,0.006825,-0.007315,0.041695,0.010082,-0.400103
8,187.156226,95,absolute_shifted,30,3.308835,0.086725,0.000103,0.000071,0.005736,-0.000300,-0.000049,-0.000480,0.999995,0.001300,-0.000429,0.002778,0.000061,0.000316,-0.000001,0.264753,-0.000473,0.002146,-0.000008,-1.961187,-2.547483,0.527250,-0.235794,-0.644531,0.007127,-0.007351,-0.024709,0.000298,0.558619,0.000861,-0.010167,-0.829362,0.005793,0.006825,-0.007315,0.041695,0.010082,-0.400103
8,187.156226,95,absolute_shifted,31,3.395560,0.080072,0.000074,0.000064,0.005677,-0.000373,-0.000122,-0.000885,0.999995,0.001302,-0.000412,0.002778,0.000020,0.000502,-0.000001,0.264645,-0.000641,0.000736,-0.000008,-1.981664,-2.603473,0.527869,-0.236431,-0.646674,0.007153,-0.007351,-0.024709,0.000298,0.558619,0.000861,-0.010167,-0.829362,0.005793,0.006825,-0.007315,0.041695,0.010082,-0.400103
8,187.156226,95,absolute_shifted,32,3.475632,0.087561,0.000042,0.000051,0.005578,-0.000409,-0.000189,-0.001578,0.999995,0.001302,-0.000390,0.002778,-0.000032,0.000561,-0.000001,0.264712,-0.000560,0.000872,-0.000007,-2.000619,-2.655332,0.528443,-0.237020,-0.648652,0.007177,-0.007351,-0.024709,0.000298,0.558619,0.000861,-0.010167,-0.829362,0.005793,0.006825,-0.007315,0.041695,0.010082,-0.400103
8,187.156226,95,absolute_shifted,33,3.563192,0.083848,0.000006,0.000031,0.005416,-0.000407,-0.000260,-0.002121,0.999995,0.001299,-0.000364,0.002778,-0.000081,0.000638,-0.000002,0.264796,-0.001065,-0.000595,-0.000005,-2.021400,-2.712223,0.529073,-0.237663,-0.650816,0.007203,-0.007351,-0.024709,0.000298,0.558619,0.000861,-0.010167,-0.829362,0.005793,0.006825,-0.007315,0.041695,0.010082,-0.400103
8,187.156226,95,absolute_shifted,34,3.647040,0.081882,-0.000026,0.000007,0.005228,-0.000363,-0.000323,-0.002378,0.999995,0.001294,-0.000339,0.002778,-0.000170,0.000588,-0.000002,0.264979,-0.001405,-0.001979,-0.000003,-2.041354,-2.766879,0.529678,-0.238280,-0.652888,0.007228,-0.007351,-0.024709,0.000298,0.558619,0.000861,-0.010167,-0.829362,0.005793,0.006825,-0.007315,0.041695,0.010082,-0.400103
8,187.156226,95,absolute_shifted,35,3.728922,0.075387,-0.000053,-0.000022,0.005045,-0.000282,-0.000374,-0.002076,0.999995,0.001284,-0.000318,0.002778,-0.000285,0.000426,-0.000002,0.265150,-0.001634,-0.004429,-0.000002,-2.060889,-2.820422,0.530270,-0.238881,-0.654911,0.007253,-0.007351,-0.024709,0.000298,0.558619,0.000861,-0.010167,-0.829362,0.005793,0.006825,-0.007315,0.041695,0.010082,-0.400103
8,187.156226,95,absolute_shifted,36,3.804309,0.063545,-0.000071,-0.000051,0.004917,-0.000184,-0.000405,-0.001319,0.999995,0.001271,-0.000308,0.002778,-0.000408,0.000092,-0.000002,0.265309,-0.001768,-0.007955,-0.000001,-2.078919,-2.869864,0.530818,-0.239436,-0.656774,0.007275,-0.007351,-0.024709,0.000298,0.558619,0.000861,-0.010167,-0.829362,0.005793,0.006825,-0.007315,0.041695,0.010082,-0.400103
8,187.156226,95,absolute_shifted,37,3.867855,0.056449,-0.000080,-0.000077,0.004866,-0.000099,-0.000415,-0.000307,0.999995,0.001257,-0.000313,0.002778,-0.000521,-0.000414,-0.000002,0.267855,-0.001783,-0.010353,0.000001,-2.094148,-2.911649,0.531281,-0.239903,-0.658344,0.007294,-0.007351,-0.024709,0.000298,0.558619,0.000861,-0.010167,-0.829362,0.005793,0.006825,-0.007315,0.041695,0.010082,-0.400103
8,187.156226,95,absolute_shifted,38,3.924304,0.055714,-0.000083,-0.000101,0.005024,-0.000040,-0.000420,0.005916,0.999995,0.001241,-0.000333,0.002778,-0.000621,-0.000998,-0.000002,0.254783,-0.001673,-0.011795,0.000001,-2.107702,-2.948851,0.531693,-0.240318,-0.659739,0.007311,-0.007351,-0.024709,0.000298,0.558619,0.000861,-0.010167,-0.829362,0.005793,0.006825,-0.007315,0.041695,0.010082,-0.400103
8,187.156226,95,absolute_shifted,39,3.980018,0.073715,-0.000084,-0.000122,0.004773,0.000004,-0.000339,-0.014917,0.999995,0.001222,-0.000370,0.002777,-0.000715,-0.001655,-0.000002,0.197399,-0.001280,-0.012506,0.000002,-2.121103,-2.985647,0.532101,-0.240727,-0.661115,0.007328,-0.007351,-0.024709,0.000298,0.558619,0.000861,-0.010167,-0.829362,0.005793,0.006825,-0.007315,0.041695,0.010082,-0.400103
8,187.156226,95,absolute_shifted,40,4.053734,0.070000,-0.000079,-0.000128,-0.003117,0.000112,0.000178,-0.199150,0.999995,0.001194,-0.000448,0.002777,-0.000809,-0.002577,-0.000002,0.000000,0.000000,0.000000,0.000000,-2.138868,-3.034448,0.532642,-0.241269,-0.662937,0.007350,-0.007351,-0.024709,0.000298,0.558619,0.000861,-0.010167,-0.829362,0.005793,0.006825,-0.007315,0.041695,0.010082,-0.400103
