solve_num,solve_time_ms,solve_iters,coord_mode,node,t,theta,tgt_x,tgt_y,tgt_z,tgt_vx,tgt_vy,tgt_vz,circle_center_x,circle_center_y,circle_center_z,circle_radius,circle_omega,circle_phi0,circle_t_abs,abs_x,abs_y,abs_z,abs_vx,abs_vy,abs_vz,abs_qw,abs_qx,abs_qy,abs_qz,abs_wx,abs_wy,abs_wz,fz,mx,my,mz,rel_x,rel_y,rel_z,rel_vx,rel_vy,rel_vz,rel_qw,rel_qx,rel_qy,rel_qz,rel_wx,rel_wy,rel_wz
0,90.869810,205,relative,0,0.000000,0.050000,0.757840,-0.652440,0.200000,0.260976,0.303136,0.000000,0.000000,0.000000,0.000000,0.000000,0.000000,0.000000,0.000000,-0.000064,-0.000097,2.485849,0.000317,0.000151,0.000489,1.000000,-0.000080,0.000002,0.000000,-0.000047,-0.001065,0.000000,0.116159,-0.046631,0.279281,0.004152,-0.757904,0.652343,2.285849,-0.260659,-0.302986,0.000489,1.000000,-0.000080,0.000002,0.000000,-0.000047,-0.001065,0.000000
0,90.869810,205,relative,1,0.050000,0.200000,0.770738,-0.637153,0.200000,0.254913,0.308356,0.000000,0.000000,0.000000,0.000000,0.000000,0.000000,0.000000,0.000000,-0.000048,-0.000088,2.478989,0.000337,0.000189,-0.274903,1.000000,-0.000110,0.000150,0.000002,-0.002378,0.012899,0.000118,0.242605,-0.033390,0.159245,0.002780,-0.770785,0.637065,2.278989,-0.254576,-0.308166,-0.274903,1.000000,-0.000110,0.000150,0.000002,-0.002378,0.012899,0.000118
0,90.869810,205,relative,2,0.250000,0.200000,0.819295,-0.573394,0.200000,0.230662,0.329234,0.000000,0.000000,0.000000,0.000000,0.000000,0.000000,0.000000,0.000000,0.000324,0.000038,2.407515,0.005103,0.001412,-0.439842,0.999995,-0.000682,0.003033,0.000029,-0.009058,0.044747,0.000434,0.264888,-0.027341,0.053274,0.003409,-0.818971,0.573431,2.207515,-0.225560,-0.327821,-0.439842,0.999995,-0.000682,0.003033,0.000029,-0.009058,0.044747,0.000434
0,90.869810,205,relative,3,0.450000,0.200000,0.863003,-0.505459,0.200000,0.206411,0.350112,0.000000,0.000000,0.000000,0.000000,0.000000,0.000000,0.000000,0.000000,0.003155,0.000724,2.319550,0.026479,0.006224,-0.439840,0.999966,-0.001861,0.008040,0.000092,-0.014531,0.055401,0.000822,0.264936,-0.019982,-0.022590,0.003710,-0.859848,0.506183,2.119550,-0.179932,-0.343887,-0.439840,0.999966,-0.001861,0.008040,0.000092,-0.014531,0.055401,0.000822
0,90.869810,205,relative,4,0.650000,0.200000,0.901860,-0.433349,0.200000,0.182161,0.370990,0.000000,0.000000,0.000000,0.000000,0.000000,0.000000,0.000000,0.000000,0.012316,0.002903,2.231590,0.068608,0.016648,-0.439842,0.999905,-0.003514,0.013354,0.000199,-0.018535,0.050880,0.001243,0.265011,-0.011821,-0.072779,0.003756,-0.889544,0.436252,2.031590,-0.113553,-0.354342,-0.439842,0.999905,-0.003514,0.013354,0.000199,-0.018535,0.050880,0.001243
0,90.869810,205,relative,5,0.850000,0.200000,0.935867,-0.357063,0.200000,0.157910,0.391868,0.000000,0.000000,0.000000,0.000000,0.000000,0.000000,0.000000,0.000000,0.031897,0.007864,2.143631,0.130057,0.034250,-0.439846,0.999828,-0.005485,0.017713,0.000357,-0.020909,0.036320,0.001670,0.265088,-0.003648,-0.101172,0.003632,-0.903970,0.364927,1.943631,-0.027853,-0.357618,-0.439846,0.999828,-0.005485,0.017713,0.000357,-0.020909,0.036320,0.001670
0,90.869810,205,relative,6,1.050000,0.200000,0.965024,-0.276602,0.200000,0.133659,0.412746,0.000000,0.000000,0.000000,0.000000,0.000000,0.000000,0.000000,0.000000,0.065272,0.017146,2.055670,0.205400,0.059969,-0.439849,0.999764,-0.007610,0.020333,0.000569,-0.021646,0.016080,0.002083,0.265139,0.003914,-0.111544,0.003408,-0.899752,0.293748,1.855670,0.071741,-0.352778,-0.439849,0.999764,-0.007610,0.020333,0.000569,-0.021646,0.016080,0.002083
0,90.869810,205,relative,7,1.250000,0.200000,0.989330,-0.191965,0.200000,0.109408,0.433624,0.000000,0.000000,0.000000,0.000000,0.000000,0.000000,0.000000,0.000000,0.114472,0.032414,1.967704,0.286921,0.094099,-0.439851,0.999735,-0.009730,0.020826,0.000836,-0.020865,-0.006236,0.002471,0.265147,0.010433,-0.107553,0.003132,-0.874859,0.224379,1.767704,0.177513,-0.339525,-0.439851,0.999735,-0.009730,0.020826,0.000836,-0.020865,-0.006236,0.002471
0,90.869810,205,relative,8,1.450000,0.200000,1.008787,-0.103152,0.200000,0.085157,0.454502,0.000000,0.000000,0.000000,0.000000,0.000000,0.000000,0.000000,0.000000,0.179878,0.055328,1.879732,0.366032,0.136336,-0.439849,0.999748,-0.011705,0.019127,0.001160,-0.018772,-0.027755,0.002827,0.265116,0.015636,-0.092651,0.002831,-0.828909,0.158480,1.679732,0.280875,-0.318167,-0.439849,0.999748,-0.011705,0.019127,0.001160,-0.018772,-0.027755,0.002827
0,90.869810,205,relative,9,1.650000,0.200000,1.023393,-0.010164,0.200000,0.060906,0.475380,0.000000,0.000000,0.000000,0.000000,0.000000,0.000000,0.000000,0.000000,0.260166,0.087434,1.791757,0.434415,0.185848,-0.439847,0.999790,-0.013414,0.015427,0.001536,-0.015627,-0.046293,0.003149,0.265066,0.019389,-0.070033,0.002515,-0.763228,0.097598,1.591757,0.373509,-0.289532,-0.439847,0.999790,-0.013414,0.015427,0.001536,-0.015627,-0.046293,0.003149
0,90.869810,205,relative,10,1.850000,0.200000,1.033149,0.087000,0.200000,0.036655,0.496258,0.000000,0.000000,0.000000,0.000000,0.000000,0.000000,0.000000,0.000000,0.352445,0.130070,1.703782,0.484890,0.241388,-0.439843,0.999838,-0.014768,0.010101,0.001958,-0.011723,-0.060306,0.003435,0.265021,0.021665,-0.042613,0.002178,-0.680704,0.043070,1.503782,0.448235,-0.254870,-0.439843,0.999838,-0.014768,0.010101,0.001958,-0.011723,-0.060306,0.003435
0,90.869810,205,relative,11,2.050000,0.200000,1.038055,0.188339,0.200000,0.012404,0.517136,0.000000,0.000000,0.000000,0.000000,0.000000,0.000000,0.000000,0.000000,0.452559,0.184288,1.615810,0.512023,0.301404,-0.439840,0.999867,-0.015705,0.003648,0.002419,-0.007355,-0.068834,0.003683,0.265008,0.022528,-0.013029,0.001805,-0.585496,-0.004051,1.415810,0.499619,-0.215732,-0.439840,0.999867,-0.015705,0.003648,0.002419,-0.007355,-0.068834,0.003683
0,90.869810,205,relative,12,2.250000,0.200000,1.038111,0.293855,0.200000,-0.011847,0.538015,0.000000,0.000000,0.000000,0.000000,0.000000,0.000000,0.000000,0.000000,0.555471,0.250814,1.527843,0.512506,0.364165,-0.439839,0.999859,-0.016195,-0.003360,0.002910,-0.002809,-0.071443,0.003888,0.265037,0.022119,0.016349,0.001377,-0.482640,-0.043040,1.327843,0.524352,-0.173849,-0.439839,0.999859,-0.016195,-0.003360,0.002910,-0.002809,-0.071443,0.003888
0,90.869810,205,relative,13,2.450000,0.200000,1.033317,0.403545,0.200000,-0.036097,0.558893,0.000000,0.000000,0.000000,0.000000,0.000000,0.000000,0.000000,0.000000,0.655710,0.330018,1.439881,0.485316,0.427877,-0.439840,0.999809,-0.016233,-0.010334,0.003420,0.001657,-0.068173,0.004044,0.265106,0.020629,0.043411,0.000878,-0.377606,-0.073528,1.239881,0.521414,-0.131016,-0.439840,0.999809,-0.016233,-0.010334,0.003420,0.001657,-0.068173,0.004044
0,90.869810,205,relative,14,2.650000,0.200000,1.023672,0.517412,0.200000,-0.060348,0.579771,0.000000,0.000000,0.000000,0.000000,0.000000,0.000000,0.000000,0.000000,0.747830,0.421912,1.351923,0.431710,0.490785,-0.439843,0.999727,-0.015841,-0.016707,0.003937,0.005822,-0.059489,0.004144,0.265199,0.018277,0.066301,0.000301,-0.275842,-0.095500,1.151923,0.492058,-0.088986,-0.439843,0.999727,-0.015841,-0.016707,0.003937,0.005822,-0.059489,0.004144
0,90.869810,205,relative,15,2.850000,0.200000,1.009177,0.635454,0.200000,-0.084599,0.600649,0.000000,0.000000,0.000000,0.000000,0.000000,0.000000,0.000000,0.000000,0.826851,0.526170,1.263966,0.355043,0.551267,-0.439847,0.999635,-0.015061,-0.021982,0.004450,0.009511,-0.046224,0.004178,0.265288,0.015259,0.083412,-0.000353,-0.182326,-0.109283,1.063966,0.439642,-0.049381,-0.439847,0.999635,-0.015061,-0.021982,0.004450,0.009511,-0.046224,0.004178
0,90.869810,205,relative,16,3.050000,0.200000,0.989832,0.757671,0.200000,-0.108850,0.621527,0.000000,0.000000,0.000000,0.000000,0.000000,0.000000,0.000000,0.000000,0.888648,0.642162,1.176006,0.260455,0.607904,-0.439850,0.999559,-0.013948,-0.025757,0.004948,0.012587,-0.029534,0.004138,0.265348,0.011713,0.093351,-0.001067,-0.101184,-0.115509,0.976006,0.369305,-0.013623,-0.439850,0.999559,-0.013948,-0.025757,0.004948,0.012587,-0.029534,0.004138
0,90.869810,205,relative,17,3.250000,0.200000,0.965637,0.884064,0.200000,-0.133101,0.642405,0.000000,0.000000,0.000000,0.000000,0.000000,0.000000,0.000000,0.000000,0.930267,0.768997,1.088040,0.154427,0.659533,-0.439852,0.999521,-0.012573,-0.027763,0.005419,0.014942,-0.010855,0.004017,0.265360,0.007701,0.094919,-0.001809,-0.035370,-0.115067,0.888040,0.287528,0.017128,-0.439852,0.999521,-0.012573,-0.027763,0.005419,0.014942,-0.010855,0.004017
0,90.869810,205,relative,18,3.450000,0.200000,0.936592,1.014633,0.200000,-0.157352,0.663283,0.000000,0.000000,0.000000,0.000000,0.000000,0.000000,0.000000,0.000000,0.950139,0.905583,1.000068,0.044213,0.705298,-0.439853,0.999533,-0.011013,-0.027885,0.005857,0.016483,0.008138,0.003811,0.265318,0.003274,0.087142,-0.002536,0.013547,-0.109050,0.800068,0.201565,0.042015,-0.439853,0.999533,-0.011013,-0.027885,0.005857,0.016483,0.008138,0.003811
0,90.869810,205,relative,19,3.650000,0.200000,0.902696,1.149377,0.200000,-0.181603,0.684161,0.000000,0.000000,0.000000,0.000000,0.000000,0.000000,0.000000,0.000000,0.948167,1.050689,0.912089,-0.062821,0.744676,-0.439851,0.999594,-0.009353,-0.026186,0.006252,0.017128,0.025575,0.003523,0.265232,-0.001382,0.069537,-0.003197,0.045470,-0.098688,0.712089,0.118782,0.060515,-0.439851,0.999594,-0.009353,-0.026186,0.006252,0.017128,0.025575,0.003523
0,90.869810,205,relative,20,3.850000,0.200000,0.863951,1.288298,0.200000,-0.205854,0.705039,0.000000,0.000000,0.000000,0.000000,0.000000,0.000000,0.000000,0.000000,0.925677,1.203016,0.824107,-0.159935,0.777502,-0.439847,0.999686,-0.007685,-0.022920,0.006600,0.016836,0.039491,0.003159,0.265126,-0.005820,0.042789,-0.003740,0.061726,-0.085282,0.624107,0.045919,0.072463,-0.439847,0.999686,-0.007685,-0.022920,0.006600,0.016836,0.039491,0.003159
0,90.869810,205,relative,21,4.050000,0.200000,0.820355,1.431393,0.200000,-0.230105,0.725917,0.000000,0.000000,0.000000,0.000000,0.000000,0.000000,0.000000,0.000000,0.885218,1.361265,0.736125,-0.241781,0.803968,-0.439844,0.999786,-0.006096,-0.018531,0.006899,0.015652,0.048056,0.002734,0.265024,-0.009336,0.009872,-0.004115,0.064863,-0.070128,0.536125,-0.011677,0.078051,-0.439844,0.999786,-0.006096,-0.018531,0.006899,0.015652,0.048056,0.002734
0,90.869810,205,relative,22,4.250000,0.200000,0.771909,1.578664,0.200000,-0.254355,0.746795,0.000000,0.000000,0.000000,0.000000,0.000000,0.000000,0.000000,0.000000,0.830209,1.524212,0.648145,-0.305091,0.824583,-0.439842,0.999871,-0.004664,-0.013615,0.007146,0.013766,0.050037,0.002266,0.264946,-0.011174,-0.023221,-0.004286,0.058300,-0.054452,0.448145,-0.050735,0.077788,-0.439842,0.999871,-0.004664,-0.013615,0.007146,0.013766,0.050037,0.002266
0,90.869810,205,relative,23,4.450000,0.200000,0.718613,1.730111,0.200000,-0.278606,0.767673,0.000000,0.000000,0.000000,0.000000,0.000000,0.000000,0.000000,0.000000,0.764476,1.690758,0.560169,-0.349108,0.840091,-0.439841,0.999928,-0.003437,-0.008834,0.007343,0.011517,0.045396,0.001779,0.264899,-0.011002,-0.049702,-0.004258,0.045863,-0.039354,0.360169,-0.070502,0.072418,-0.439841,0.999928,-0.003437,-0.008834,0.007343,0.011517,0.045396,0.001779
0,90.869810,205,relative,24,4.650000,0.200000,0.660466,1.885734,0.200000,-0.302857,0.788551,0.000000,0.000000,0.000000,0.000000,0.000000,0.000000,0.000000,0.000000,0.691741,1.859964,0.472196,-0.375587,0.851332,-0.439842,0.999958,-0.002427,-0.004784,0.007492,0.009307,0.035458,0.001295,0.264878,-0.008806,-0.069500,-0.004049,0.031274,-0.025770,0.272196,-0.072730,0.062780,-0.439842,0.999958,-0.002427,-0.004784,0.007492,0.009307,0.035458,0.001295
0,90.869810,205,relative,25,4.850000,0.200000,0.597470,2.045532,0.200000,-0.327108,0.809430,0.000000,0.000000,0.000000,0.000000,0.000000,0.000000,0.000000,0.000000,0.615159,2.031059,0.384226,-0.388356,0.859095,-0.439844,0.999968,-0.001607,-0.001926,0.007596,0.007541,0.021560,0.000835,0.264871,-0.004355,-0.074142,-0.003244,0.017689,-0.014473,0.184226,-0.061248,0.049666,-0.439844,0.999968,-0.001607,-0.001926,0.007596,0.007541,0.021560,0.000835
0,90.869810,205,relative,26,5.050000,0.200000,0.529623,2.209506,0.200000,-0.351359,0.830308,0.000000,0.000000,0.000000,0.000000,0.000000,0.000000,0.000000,0.000000,0.536962,2.203410,0.296257,-0.392681,0.863969,-0.439844,0.999970,-0.000907,-0.000506,0.007660,0.006669,0.006732,0.000466,0.287136,-0.003058,-0.022995,-0.002336,0.007339,-0.006095,0.096257,-0.041322,0.033662,-0.439844,0.999970,-0.000907,-0.000506,0.007660,0.006669,0.006732,0.000466
0,90.869810,205,relative,27,5.250000,0.050000,0.456926,2.377655,0.200000,-0.375610,0.851186,0.000000,0.000000,0.000000,0.000000,0.000000,0.000000,0.000000,0.000000,0.458288,2.376497,0.224781,-0.393737,0.866453,-0.274912,0.999970,-0.000274,-0.000058,0.007693,0.006057,0.002133,0.000200,0.353955,-0.028150,-0.024041,-0.002382,0.001362,-0.001158,0.024781,-0.018127,0.015267,-0.274912,0.999970,-0.000274,-0.000058,0.007693,0.006057,0.002133,0.000200
0,90.869810,205,relative,28,5.300000,0.050000,0.437994,2.420345,0.200000,-0.381673,0.856405,0.000000,0.000000,0.000000,0.000000,0.000000,0.000000,0.000000,0.000000,0.438600,2.419827,0.215160,-0.393786,0.866721,-0.109940,0.999970,-0.000141,-0.000019,0.007697,0.004649,0.000931,0.000133,0.264850,-0.042339,-0.012588,-0.002364,0.000606,-0.000517,0.015160,-0.012114,0.010315,-0.109940,0.999970,-0.000141,-0.000019,0.007697,0.004649,0.000931,0.000133
0,90.869810,205,relative,29,5.350000,0.050000,0.418759,2.463295,0.200000,-0.387735,0.861625,0.000000,0.000000,0.000000,0.000000,0.000000,0.000000,0.000000,0.000000,0.418910,2.463166,0.209662,-0.393796,0.866810,-0.109978,0.999970,-0.000051,-0.000003,0.007699,0.002532,0.000302,0.000065,0.269961,-0.050324,-0.006233,-0.002333,0.000151,-0.000130,0.009662,-0.006061,0.005185,-0.109978,0.999970,-0.000051,-0.000003,0.007699,0.002532,0.000302,0.000065
0,90.869810,205,relative,30,5.400000,0.100000,0.399221,2.506507,0.200000,-0.393798,0.866844,0.000000,0.000000,0.000000,0.000000,0.000000,0.000000,0.000000,0.000000,0.399221,2.506507,0.204399,-0.393796,0.866840,-0.100550,0.999970,-0.000019,0.000001,0.007700,0.000016,-0.000010,-0.000001,0,0,0,0,-0.000000,0.000000,0.004399,0.000002,-0.000004,-0.100550,0.999970,-0.000019,0.000001,0.007700,0.000016,-0.000010,-0.000001
1,84.406580,178,relative,0,0.000000,0.200000,0.783323,-0.621615,0.200000,0.248646,0.313329,0.000000,0.000000,0.000000,0.000000,0.000000,0.000000,0.000000,0.000000,-0.000042,-0.000082,2.485904,0.000251,0.000253,0.000514,1.000000,-0.000054,-0.000032,0.000000,0.001071,-0.001079,0.000000,0.204660,-0.034245,0.214854,-0.000480,-0.783365,0.621534,2.285904,-0.248396,-0.313076,0.000514,1.000000,-0.000054,-0.000032,0.000000,0.001071,-0.001079,0.000000
1,84.406580,178,relative,1,0.200000,0.200000,0.830545,-0.556960,0.200000,0.223580,0.333221,0.000000,0.000000,0.000000,0.000000,0.000000,0.000000,0.000000,0.000000,0.000096,-0.000008,2.441406,0.002162,0.000600,-0.445493,0.999998,-0.000289,0.002009,-0.000003,-0.005778,0.041892,-0.000055,0.264882,-0.030405,0.087411,0.000526,-0.830449,0.556952,2.241406,-0.221418,-0.332621,-0.445493,0.999998,-0.000289,0.002009,-0.000003,-0.005778,0.041892,-0.000055
1,84.406580,178,relative,2,0.400000,0.200000,0.872755,-0.488327,0.200000,0.198513,0.353112,0.000000,0.000000,0.000000,0.000000,0.000000,0.000000,0.000000,0.000000,0.001922,0.000321,2.352311,0.019408,0.003267,-0.445490,0.999974,-0.001171,0.007072,-0.000004,-0.011858,0.059374,0.000005,0.264927,-0.024694,-0.004442,0.001212,-0.870833,0.488648,2.152311,-0.179105,-0.349846,-0.445490,0.999974,-0.001171,0.007072,-0.000004,-0.011858,0.059374,0.000005
1,84.406580,178,relative,3,0.600000,0.200000,0.909951,-0.415715,0.200000,0.173447,0.373004,0.000000,0.000000,0.000000,0.000000,0.000000,0.000000,0.000000,0.000000,0.009353,0.001605,2.263221,0.058756,0.010512,-0.445491,0.999913,-0.002604,0.012965,0.000007,-0.016798,0.058485,0.000143,0.265007,-0.017852,-0.066584,0.001587,-0.900598,0.417320,2.063221,-0.114691,-0.362492,-0.445491,0.999913,-0.002604,0.012965,0.000007,-0.016798,0.058485,0.000143
1,84.406580,178,relative,4,0.800000,0.200000,0.942133,-0.339125,0.200000,0.148381,0.392896,0.000000,0.000000,0.000000,0.000000,0.000000,0.000000,0.000000,0.000000,0.026915,0.004961,2.174134,0.120256,0.024264,-0.445495,0.999825,-0.004462,0.018147,0.000041,-0.020370,0.045168,0.000323,0.265100,-0.010435,-0.105017,0.001728,-0.915218,0.344086,1.974134,-0.028125,-0.368631,-0.445495,0.999825,-0.004462,0.018147,0.000041,-0.020370,0.045168,0.000323
1,84.406580,178,relative,5,1.000000,0.200000,0.969303,-0.258557,0.200000,0.123314,0.412788,0.000000,0.000000,0.000000,0.000000,0.000000,0.000000,0.000000,0.000000,0.058614,0.011840,2.085045,0.199001,0.045923,-0.445499,0.999745,-0.006602,0.021613,0.000108,-0.022459,0.024163,0.000520,0.265168,-0.002856,-0.124344,0.001715,-0.910689,0.270397,1.885045,0.075686,-0.366865,-0.445499,0.999745,-0.006602,0.021613,0.000108,-0.022459,0.024163,0.000520
1,84.406580,178,relative,6,1.200000,0.200000,0.991459,-0.174010,0.200000,0.098248,0.432679,0.000000,0.000000,0.000000,0.000000,0.000000,0.000000,0.000000,0.000000,0.107137,0.023914,1.995951,0.286992,0.076309,-0.445502,0.999701,-0.008875,0.022785,0.000212,-0.023032,-0.000708,0.000715,0.265188,0.004547,-0.127743,0.001602,-0.884323,0.197924,1.795951,0.188744,-0.356370,-0.445502,0.999701,-0.008875,0.022785,0.000212,-0.023032,-0.000708,0.000715
1,84.406580,178,relative,7,1.400000,0.200000,1.008602,-0.085485,0.200000,0.073182,0.452571,0.000000,0.000000,0.000000,0.000000,0.000000,0.000000,0.000000,0.000000,0.173390,0.042962,1.906849,0.374661,0.115647,-0.445501,0.999708,-0.011129,0.021438,0.000357,-0.022121,-0.026259,0.000897,0.265157,0.011467,-0.117433,0.001418,-0.835212,0.128447,1.706849,0.301479,-0.336924,-0.445501,0.999708,-0.011129,0.021438,0.000357,-0.022121,-0.026259,0.000897
1,84.406580,178,relative,8,1.600000,0.200000,1.020732,0.007018,0.200000,0.048115,0.472463,0.000000,0.000000,0.000000,0.000000,0.000000,0.000000,0.000000,0.000000,0.256319,0.070747,1.817743,0.452138,0.163575,-0.445497,0.999757,-0.013222,0.017639,0.000543,-0.019822,-0.049749,0.001058,0.265095,0.017617,-0.095272,0.001173,-0.764413,0.063729,1.617743,0.404022,-0.308888,-0.445497,0.999757,-0.013222,0.017639,0.000543,-0.019822,-0.049749,0.001058
1,84.406580,178,relative,9,1.800000,0.200000,1.027848,0.103500,0.200000,0.023049,0.492354,0.000000,0.000000,0.000000,0.000000,0.000000,0.000000,0.000000,0.000000,0.352956,0.108904,1.728636,0.510348,0.219179,-0.445492,0.999818,-0.015022,0.011712,0.000766,-0.016288,-0.068806,0.001192,0.265039,0.022734,-0.063338,0.000866,-0.674893,0.005405,1.528636,0.487299,-0.273175,-0.445492,0.999818,-0.015022,0.011712,0.000766,-0.016288,-0.068806,0.001192
1,84.406580,178,relative,10,2.000000,0.200000,1.029952,0.203960,0.200000,-0.002017,0.512246,0.000000,0.000000,0.000000,0.000000,0.000000,0.000000,0.000000,0.000000,0.458677,0.158838,1.639533,0.541943,0.281065,-0.445487,0.999856,-0.016415,0.004200,0.001021,-0.011727,-0.081476,0.001290,0.265025,0.026579,-0.024348,0.000491,-0.571275,-0.045122,1.439533,0.543960,-0.231181,-0.445487,0.999856,-0.016415,0.004200,0.001021,-0.011727,-0.081476,0.001290
1,84.406580,178,relative,11,2.200000,0.200000,1.027042,0.308398,0.200000,-0.027084,0.532138,0.000000,0.000000,0.000000,0.000000,0.000000,0.000000,0.000000,0.000000,0.567625,0.221630,1.550438,0.542048,0.347439,-0.445486,0.999841,-0.017311,-0.004189,0.001295,-0.006394,-0.086348,0.001346,0.265074,0.028936,0.018197,0.000042,-0.459417,-0.086768,1.350438,0.569132,-0.184699,-0.445486,0.999841,-0.017311,-0.004189,0.001295,-0.006394,-0.086348,0.001346
1,84.406580,178,relative,12,2.400000,0.200000,1.019118,0.416815,0.200000,-0.052150,0.552029,0.000000,0.000000,0.000000,0.000000,0.000000,0.000000,0.000000,0.000000,0.673263,0.297974,1.461351,0.508798,0.416212,-0.445488,0.999763,-0.017649,-0.012638,0.001575,-0.000590,-0.082709,0.001351,0.265181,0.029581,0.060148,-0.000479,-0.345856,-0.118841,1.261351,0.560948,-0.135818,-0.445488,0.999763,-0.017649,-0.012638,0.001575,-0.000590,-0.082709,0.001351
1,84.406580,178,relative,13,2.600000,0.200000,1.006182,0.529210,0.200000,-0.077216,0.571921,0.000000,0.000000,0.000000,0.000000,0.000000,0.000000,0.000000,0.000000,0.769004,0.388125,1.372269,0.443600,0.485122,-0.445493,0.999641,-0.017401,-0.020302,0.001846,0.005342,-0.070679,0.001296,0.265318,0.028262,0.096901,-0.001054,-0.237177,-0.141085,1.172269,0.520817,-0.086799,-0.445493,0.999641,-0.017401,-0.020302,0.001846,0.005342,-0.070679,0.001296
1,84.406580,178,relative,14,2.800000,0.200000,0.988232,0.645583,0.200000,-0.102283,0.591813,0.000000,0.000000,0.000000,0.000000,0.000000,0.000000,0.000000,0.000000,0.848873,0.491879,1.283186,0.351098,0.551867,-0.445500,0.999512,-0.016575,-0.026395,0.002094,0.011006,-0.051297,0.001176,0.265437,0.024718,0.123405,-0.001650,-0.139359,-0.153704,1.083186,0.453381,-0.039946,-0.445500,0.999512,-0.016575,-0.026395,0.002094,0.011006,-0.051297,0.001176
1,84.406580,178,relative,15,3.000000,0.200000,0.965269,0.765935,0.200000,-0.127349,0.611704,0.000000,0.000000,0.000000,0.000000,0.000000,0.000000,0.000000,0.000000,0.908115,0.608582,1.194097,0.238771,0.614264,-0.445506,0.999423,-0.015222,-0.030284,0.002303,0.015956,-0.026614,0.000989,0.265495,0.018809,0.134144,-0.002222,-0.057154,-0.157353,0.994097,0.366120,0.002560,-0.445506,0.999423,-0.015222,-0.030284,0.002303,0.015956,-0.026614,0.000989
1,84.406580,178,relative,16,3.200000,0.200000,0.937292,0.890265,0.200000,-0.152415,0.631596,0.000000,0.000000,0.000000,0.000000,0.000000,0.000000,0.000000,0.000000,0.943691,0.737168,1.104998,0.116133,0.670424,-0.445508,0.999407,-0.013439,-0.031597,0.002464,0.019719,0.000217,0.000736,0.265468,0.010815,0.124195,-0.002713,0.006399,-0.153097,0.904998,0.268548,0.038828,-0.445508,0.999407,-0.013439,-0.031597,0.002464,0.019719,0.000217,0.000736
1,84.406580,178,relative,17,3.400000,0.200000,0.904303,1.018573,0.200000,-0.177481,0.651488,0.000000,0.000000,0.000000,0.000000,0.000000,0.000000,0.000000,0.000000,0.954570,0.876240,1.015888,-0.006506,0.718930,-0.445505,0.999472,-0.011365,-0.030328,0.002572,0.021881,0.025058,0.000428,0.265367,0.001780,0.092967,-0.003060,0.050268,-0.142334,0.815888,0.170975,0.067442,-0.445505,0.999472,-0.011365,-0.030328,0.002572,0.021881,0.025058,0.000428
1,84.406580,178,relative,18,3.600000,0.200000,0.866300,1.150860,0.200000,-0.202548,0.671379,0.000000,0.000000,0.000000,0.000000,0.000000,0.000000,0.000000,0.000000,0.941731,1.024175,0.926772,-0.119636,0.758991,-0.445499,0.999593,-0.009170,-0.026888,0.002625,0.022236,0.043652,0.000080,0.265226,-0.006611,0.048116,-0.003197,0.075431,-0.126685,0.726772,0.082912,0.087611,-0.445499,0.999593,-0.009170,-0.026888,0.002625,0.022236,0.043652,0.000080
1,84.406580,178,relative,19,3.800000,0.200000,0.823283,1.287125,0.200000,-0.227614,0.691271,0.000000,0.000000,0.000000,0.000000,0.000000,0.000000,0.000000,0.000000,0.907837,1.179263,0.837655,-0.216124,0.790499,-0.445494,0.999729,-0.007025,-0.022038,0.002629,0.020915,0.053275,-0.000284,0.265090,-0.012974,0.002001,-0.003101,0.084554,-0.107862,0.637655,0.011490,0.099228,-0.445494,0.999729,-0.007025,-0.022038,0.002629,0.020915,0.053275,-0.000284
1,84.406580,178,relative,20,4.000000,0.200000,0.775254,1.427369,0.200000,-0.252680,0.711163,0.000000,0.000000,0.000000,0.000000,0.000000,0.000000,0.000000,0.000000,0.856652,1.339837,0.748541,-0.292223,0.813975,-0.445490,0.999845,-0.005077,-0.016687,0.002589,0.018324,0.053674,-0.000636,0.264987,-0.016556,-0.040068,-0.002774,0.081398,-0.087531,0.548541,-0.039543,0.102813,-0.445490,0.999845,-0.005077,-0.016687,0.002589,0.018324,0.053674,-0.000636
1,84.406580,178,relative,21,4.200000,0.200000,0.722211,1.571590,0.200000,-0.277747,0.731055,0.000000,0.000000,0.000000,0.000000,0.000000,0.000000,0.000000,0.000000,0.792329,1.504383,0.659433,-0.347749,0.830406,-0.445490,0.999922,-0.003422,-0.011717,0.002512,0.015018,0.045658,-0.000952,0.264924,-0.016676,-0.066925,-0.001802,0.070118,-0.067208,0.459433,-0.070002,0.099352,-0.445490,0.999922,-0.003422,-0.011717,0.002512,0.015018,0.045658,-0.000952
1,84.406580,178,relative,22,4.400000,0.200000,0.664155,1.719790,0.200000,-0.302813,0.750946,0.000000,0.000000,0.000000,0.000000,0.000000,0.000000,0.000000,0.000000,0.718732,1.671612,0.570329,-0.385669,0.841030,-0.445492,0.999964,-0.002095,-0.007818,0.002409,0.011689,0.032271,-0.001157,0.264892,-0.015267,-0.016006,0.001641,0.054577,-0.048178,0.370329,-0.082856,0.090084,-0.445492,0.999964,-0.002095,-0.007818,0.002409,0.011689,0.032271,-0.001157
1,84.406580,178,relative,23,4.600000,0.200000,0.601086,1.871969,0.200000,-0.327879,0.770838,0.000000,0.000000,0.000000,0.000000,0.000000,0.000000,0.000000,0.000000,0.638941,1.840492,0.481228,-0.410235,0.847112,-0.445493,0.999985,-0.001085,-0.004748,0.002304,0.008641,0.029068,-0.000970,0.264877,-0.016247,-0.036507,0.001835,0.037855,-0.031477,0.281228,-0.082355,0.076274,-0.445493,0.999985,-0.001085,-0.004748,0.002304,0.008641,0.029068,-0.000970
1,84.406580,178,relative,24,4.800000,0.200000,0.533003,2.028126,0.200000,-0.352946,0.790730,0.000000,0.000000,0.000000,0.000000,0.000000,0.000000,0.000000,0.000000,0.555386,2.010235,0.392128,-0.423645,0.849867,-0.445493,0.999995,-0.000389,-0.002205,0.002218,0.005395,0.021766,-0.000761,0.264871,-0.015542,-0.038567,0.002049,0.022383,-0.017890,0.192128,-0.070700,0.059138,-0.445493,0.999995,-0.000389,-0.002205,0.002218,0.005395,0.021766,-0.000761
1,84.406580,178,relative,25,5.000000,0.200000,0.459908,2.188261,0.200000,-0.378012,0.810621,0.000000,0.000000,0.000000,0.000000,0.000000,0.000000,0.000000,0.000000,0.470051,2.180300,0.303029,-0.428532,0.850534,-0.445494,0.999998,-0.000008,-0.000414,0.002154,0.002288,0.014052,-0.000529,0.287423,-0.019301,-0.079305,0.002301,0.010144,-0.007961,0.103029,-0.050520,0.039913,-0.445494,0.999998,-0.000008,-0.000414,0.002154,0.002288,0.014052,-0.000529
1,84.406580,178,relative,26,5.200000,0.050000,0.381799,2.352374,0.200000,-0.403078,0.830513,0.000000,0.000000,0.000000,0.000000,0.000000,0.000000,0.000000,0.000000,0.384312,2.350392,0.230636,-0.428426,0.850361,-0.278434,0.999998,0.000026,0.000199,0.002114,-0.001572,-0.001809,-0.000267,0.355083,0.009908,-0.046298,0.001843,0.002513,-0.001982,0.030636,-0.025348,0.019848,-0.278434,0.999998,0.000026,0.000199,0.002114,-0.001572,-0.001809,-0.000267
1,84.406580,178,relative,27,5.250000,0.050000,0.361488,2.394024,0.200000,-0.409345,0.835486,0.000000,0.000000,0.000000,0.000000,0.000000,0.000000,0.000000,0.000000,0.362897,2.392909,0.220891,-0.428208,0.850350,-0.111374,0.999998,-0.000007,0.000124,0.002108,-0.001076,-0.004124,-0.000215,0.264870,0.017562,0.025496,0.002191,0.001409,-0.001115,0.020891,-0.018862,0.014864,-0.111374,0.999998,-0.000007,0.000124,0.002108,-0.001076,-0.004124,-0.000215
1,84.406580,178,relative,28,5.300000,0.050000,0.340864,2.435923,0.200000,-0.415612,0.840459,0.000000,0.000000,0.000000,0.000000,0.000000,0.000000,0.000000,0.000000,0.341489,2.435427,0.215322,-0.428131,0.850366,-0.111374,0.999998,-0.000022,0.000037,0.002104,-0.000198,-0.002849,-0.000152,0.264870,0.014080,0.038650,0.002516,0.000624,-0.000495,0.015322,-0.012519,0.009907,-0.111374,0.999998,-0.000022,0.000037,0.002104,-0.000198,-0.002849,-0.000152
1,84.406580,178,relative,29,5.350000,0.050000,0.319927,2.478070,0.200000,-0.421878,0.845432,0.000000,0.000000,0.000000,0.000000,0.000000,0.000000,0.000000,0.000000,0.320082,2.477946,0.209754,-0.428121,0.850388,-0.111374,0.999998,-0.000019,-0.000010,0.002101,0.000506,-0.000917,-0.000081,0.270711,-0.009937,0.018598,0.002835,0.000156,-0.000124,0.009754,-0.006243,0.004956,-0.111374,0.999998,-0.000019,-0.000010,0.002101,0.000506,-0.000917,-0.000081
1,84.406580,178,relative,30,5.400000,0.100000,0.298676,2.520466,0.200000,-0.428145,0.850405,0.000000,0.000000,0.000000,0.000000,0.000000,0.000000,0.000000,0.000000,0.298676,2.520466,0.204455,-0.428139,0.850402,-0.100557,0.999998,-0.000012,-0.000021,0.002100,0.000009,0.000013,-0.000000,0,0,0,0,-0.000000,0.000000,0.004455,0.000006,-0.000003,-0.100557,0.999998,-0.000012,-0.000021,0.002100,0.000009,0.000013,-0.000000
2,98.353133,221,relative,0,0.000000,0.200000,0.802810,-0.596235,0.200000,0.238494,0.321124,0.000000,0.000000,0.000000,0.000000,0.000000,0.000000,0.000000,0.000000,-0.000034,-0.000064,2.485958,0.000145,0.000284,0.000543,1.000000,-0.000017,-0.000042,0.000000,0.001072,0.000000,0.000000,0.201652,-0.049667,0.275444,-0.008259,-0.802844,0.596171,2.285958,-0.238349,-0.320840,0.000543,1.000000,-0.000017,-0.000042,0.000000,0.001072,0.000000,0.000000
2,98.353133,221,relative,1,0.200000,0.200000,0.847940,-0.530102,0.200000,0.212804,0.340203,0.000000,0.000000,0.000000,0.000000,0.000000,0.000000,0.000000,0.000000,0.000119,0.000012,2.439238,0.002762,0.000671,-0.467746,0.999996,-0.000407,0.002712,-0.000047,-0.008859,0.055089,-0.000939,0.264890,-0.038557,0.081355,-0.005580,-0.847820,0.530115,2.239238,-0.210043,-0.339533,-0.467746,0.999996,-0.000407,0.002712,-0.000047,-0.008859,0.055089,-0.000939
2,98.353133,221,relative,2,0.400000,0.200000,0.887932,-0.460154,0.200000,0.187114,0.359283,0.000000,0.000000,0.000000,0.000000,0.000000,0.000000,0.000000,0.000000,0.002510,0.000447,2.345694,0.025278,0.004507,-0.467743,0.999958,-0.001678,0.009035,-0.000171,-0.016558,0.071363,-0.001573,0.264957,-0.028029,-0.044597,-0.003770,-0.885422,0.460601,2.145694,-0.161836,-0.354776,-0.467743,0.999958,-0.001678,0.009035,-0.000171,-0.016558,0.071363,-0.001573
2,98.353133,221,relative,3,0.600000,0.200000,0.922785,-0.386389,0.200000,0.161424,0.378363,0.000000,0.000000,0.000000,0.000000,0.000000,0.000000,0.000000,0.000000,0.012016,0.002241,2.252157,0.074162,0.014695,-0.467747,0.999870,-0.003614,0.015725,-0.000343,-0.022146,0.062449,-0.002002,0.265063,-0.016031,-0.121943,-0.002547,-0.910769,0.388630,2.052157,-0.087262,-0.363667,-0.467747,0.999870,-0.003614,0.015725,-0.000343,-0.022146,0.062449,-0.002002
2,98.353133,221,relative,4,0.800000,0.200000,0.952501,-0.308809,0.200000,0.135734,0.397442,0.000000,0.000000,0.000000,0.000000,0.000000,0.000000,0.000000,0.000000,0.033760,0.006896,2.158620,0.146569,0.033409,-0.467754,0.999767,-0.005989,0.020750,-0.000537,-0.025336,0.038068,-0.002292,0.265158,-0.003637,-0.158265,-0.001758,-0.918741,0.315705,1.958620,0.010835,-0.364033,-0.467754,0.999767,-0.005989,0.020750,-0.000537,-0.025336,0.038068,-0.002292
2,98.353133,221,relative,5,1.000000,0.200000,0.977079,-0.227412,0.200000,0.110044,0.416522,0.000000,0.000000,0.000000,0.000000,0.000000,0.000000,0.000000,0.000000,0.071619,0.016259,2.065077,0.233477,0.061900,-0.467759,0.999699,-0.008562,0.022973,-0.000735,-0.026055,0.006424,-0.002492,0.265197,0.008137,-0.160836,-0.001264,-0.905460,0.243671,1.865077,0.123432,-0.354621,-0.467759,0.999699,-0.008562,0.022973,-0.000735,-0.026055,0.006424,-0.002492
2,98.353133,221,relative,6,1.200000,0.200000,0.996519,-0.142200,0.200000,0.084355,0.435601,0.000000,0.000000,0.000000,0.000000,0.000000,0.000000,0.000000,0.000000,0.127320,0.032331,1.971526,0.322896,0.100474,-0.467758,0.999696,-0.011092,0.022008,-0.000923,-0.024432,-0.025733,-0.002635,0.265169,0.018469,-0.137310,-0.000961,-0.869199,0.174531,1.771526,0.238542,-0.335127,-0.467758,0.999696,-0.011092,0.022008,-0.000923,-0.024432,-0.025733,-0.002635
2,98.353133,221,relative,7,1.400000,0.200000,1.010821,-0.053172,0.200000,0.058665,0.454681,0.000000,0.000000,0.000000,0.000000,0.000000,0.000000,0.000000,0.000000,0.200120,0.057083,1.877968,0.402527,0.148528,-0.467752,0.999747,-0.013360,0.018062,-0.001097,-0.020754,-0.053186,-0.002745,0.265102,0.026712,-0.095744,-0.000787,-0.810701,0.110255,1.677968,0.343862,-0.306152,-0.467752,0.999747,-0.013360,0.018062,-0.001097,-0.020754,-0.053186,-0.002745
2,98.353133,221,relative,8,1.600000,0.200000,1.019985,0.039672,0.200000,0.032975,0.473760,0.000000,0.000000,0.000000,0.000000,0.000000,0.000000,0.000000,0.000000,0.286965,0.092283,1.784410,0.461819,0.204666,-0.467746,0.999815,-0.015181,0.011786,-0.001258,-0.015438,-0.072327,-0.002834,0.265040,0.032356,-0.044358,-0.000704,-0.733020,0.052611,1.584410,0.428844,-0.269094,-0.467746,0.999815,-0.015181,0.011786,-0.001258,-0.015438,-0.072327,-0.002834
2,98.353133,221,relative,9,1.800000,0.200000,1.024011,0.136332,0.200000,0.007285,0.492840,0.000000,0.000000,0.000000,0.000000,0.000000,0.000000,0.000000,0.000000,0.382988,0.139353,1.690855,0.493391,0.266855,-0.467742,0.999856,-0.016415,0.004108,-0.001414,-0.009001,-0.081194,-0.002914,0.265022,0.034981,0.008739,-0.000690,-0.641023,0.003021,1.490855,0.486107,-0.225985,-0.467742,0.999856,-0.016415,0.004108,-0.001414,-0.009001,-0.081194,-0.002914
2,98.353133,221,relative,10,2.000000,0.200000,1.022899,0.236808,0.200000,-0.018405,0.511919,0.000000,0.000000,0.000000,0.000000,0.000000,0.000000,0.000000,0.000000,0.482231,0.199264,1.597308,0.493789,0.332630,-0.467743,0.999847,-0.016979,-0.003927,-0.001574,-0.002040,-0.079443,-0.002993,0.265056,0.034268,0.055626,-0.000722,-0.540667,-0.037544,1.397308,0.512194,-0.179289,-0.467743,0.999847,-0.016979,-0.003927,-0.001574,-0.002040,-0.079443,-0.002993
2,98.353133,221,relative,11,2.200000,0.200000,1.016649,0.341100,0.200000,-0.044095,0.530999,0.000000,0.000000,0.000000,0.000000,0.000000,0.000000,0.000000,0.000000,0.578455,0.272466,1.503766,0.463608,0.399316,-0.467747,0.999792,-0.016852,-0.011319,-0.001751,0.004779,-0.068319,-0.003075,0.265126,0.030113,0.088607,-0.000769,-0.438194,-0.068633,1.303766,0.507703,-0.131683,-0.467747,0.999792,-0.016852,-0.011319,-0.001751,0.004779,-0.068319,-0.003075
2,98.353133,221,relative,12,2.400000,0.200000,1.005261,0.449208,0.200000,-0.069785,0.550078,0.000000,0.000000,0.000000,0.000000,0.000000,0.000000,0.000000,0.000000,0.665906,0.358876,1.410226,0.407017,0.464280,-0.467752,0.999720,-0.016081,-0.017270,-0.001952,0.010774,-0.050601,-0.003162,0.265198,0.022896,0.101306,-0.000795,-0.339354,-0.090332,1.210226,0.476802,-0.085798,-0.467752,0.999720,-0.016081,-0.017270,-0.001952,0.010774,-0.050601,-0.003162
2,98.353133,221,relative,13,2.600000,0.200000,0.988735,0.561131,0.200000,-0.095475,0.569158,0.000000,0.000000,0.000000,0.000000,0.000000,0.000000,0.000000,0.000000,0.739942,0.457907,1.316683,0.330688,0.525191,-0.467755,0.999661,-0.014778,-0.021324,-0.002185,0.015333,-0.030346,-0.003252,0.265243,0.013783,0.092271,-0.000752,-0.248793,-0.103224,1.116683,0.426163,-0.043967,-0.467755,0.999661,-0.014778,-0.021324,-0.002185,0.015333,-0.030346,-0.003252
2,98.353133,221,relative,14,2.800000,0.200000,0.967071,0.676871,0.200000,-0.121165,0.588237,0.000000,0.000000,0.000000,0.000000,0.000000,0.000000,0.000000,0.000000,0.797378,0.568561,1.223135,0.242285,0.580254,-0.467756,0.999636,-0.013106,-0.023444,-0.002447,0.018079,-0.011900,-0.003338,0.265250,0.004543,0.068539,-0.000586,-0.169693,-0.108310,1.023135,0.363450,-0.007984,-0.467756,0.999636,-0.013106,-0.023444,-0.002447,0.018079,-0.011900,-0.003338
2,98.353133,221,relative,15,3.000000,0.200000,0.940269,0.796426,0.200000,-0.146855,0.607317,0.000000,0.000000,0.000000,0.000000,0.000000,0.000000,0.000000,0.000000,0.836526,0.689543,1.129582,0.148860,0.628357,-0.467754,0.999646,-0.011247,-0.023958,-0.002733,0.018985,0.001798,-0.003405,0.265226,-0.003428,0.041733,-0.000280,-0.103742,-0.106883,0.929582,0.295714,0.021040,-0.467754,0.999646,-0.011247,-0.023958,-0.002733,0.018985,0.001798,-0.003405
2,98.353133,221,relative,16,3.200000,0.200000,0.908329,0.919797,0.200000,-0.172545,0.626396,0.000000,0.000000,0.000000,0.000000,0.000000,0.000000,0.000000,0.000000,0.856949,0.819411,1.036027,0.055753,0.669100,-0.467752,0.999678,-0.009373,-0.023370,-0.003037,0.018303,0.010135,-0.003436,0.265185,-0.009405,0.016382,0.000175,-0.051379,-0.100387,0.836027,0.228298,0.042704,-0.467752,0.999678,-0.009373,-0.023370,-0.003037,0.018303,0.010135,-0.003436
2,98.353133,221,relative,17,3.400000,0.200000,0.871251,1.046985,0.200000,-0.198235,0.645476,0.000000,0.000000,0.000000,0.000000,0.000000,0.000000,0.000000,0.000000,0.859075,0.956706,0.942472,-0.033739,0.702706,-0.467751,0.999719,-0.007625,-0.022202,-0.003350,0.016428,0.013402,-0.003417,0.265141,-0.012597,0.002249,0.001209,-0.012176,-0.090279,0.742472,0.164496,0.057230,-0.467751,0.999719,-0.007625,-0.022202,-0.003350,0.016428,0.013402,-0.003417
2,98.353133,221,relative,18,3.600000,0.200000,0.829035,1.177988,0.200000,-0.223924,0.664555,0.000000,0.000000,0.000000,0.000000,0.000000,0.000000,0.000000,0.000000,0.843794,1.100062,0.848916,-0.118187,0.729863,-0.467752,0.999757,-0.006097,-0.020848,-0.003661,0.013915,0.013844,-0.003279,0.265097,-0.014043,0.056761,0.004667,0.014759,-0.077925,0.648916,0.105737,0.065307,-0.467752,0.999757,-0.006097,-0.020848,-0.003661,0.013915,0.013844,-0.003279
2,98.353133,221,relative,19,3.800000,0.200000,0.781681,1.312807,0.200000,-0.249614,0.683635,0.000000,0.000000,0.000000,0.000000,0.000000,0.000000,0.000000,0.000000,0.812196,1.248284,0.755360,-0.196517,0.751526,-0.467752,0.999802,-0.004832,-0.018903,-0.003948,0.011116,0.025191,-0.002749,0.265044,-0.015809,0.032293,0.004890,0.030515,-0.064523,0.555360,0.053097,0.067891,-0.467752,0.999802,-0.004832,-0.018903,-0.003948,0.011116,0.025191,-0.002749
2,98.353133,221,relative,20,4.000000,0.200000,0.729189,1.451442,0.200000,-0.275304,0.702714,0.000000,0.000000,0.000000,0.000000,0.000000,0.000000,0.000000,0.000000,0.765829,1.400377,0.661803,-0.265302,0.768769,-0.467750,0.999855,-0.003862,-0.016066,-0.004190,0.007964,0.031646,-0.002193,0.264988,-0.013463,0.017399,0.005175,0.036640,-0.051064,0.461803,0.010002,0.066055,-0.467750,0.999855,-0.003862,-0.016066,-0.004190,0.007964,0.031646,-0.002193
2,98.353133,221,relative,21,4.200000,0.200000,0.671559,1.593893,0.200000,-0.300994,0.721794,0.000000,0.000000,0.000000,0.000000,0.000000,0.000000,0.000000,0.000000,0.706893,1.555575,0.568246,-0.321878,0.782751,-0.467748,0.999904,-0.003183,-0.012732,-0.004382,0.005282,0.035124,-0.001604,0.264941,-0.015423,-0.041594,0.005535,0.035334,-0.038318,0.368246,-0.020883,0.060957,-0.467748,0.999904,-0.003183,-0.012732,-0.004382,0.005282,0.035124,-0.001604
2,98.353133,221,relative,22,4.400000,0.200000,0.608792,1.740159,0.200000,-0.326684,0.740873,0.000000,0.000000,0.000000,0.000000,0.000000,0.000000,0.000000,0.000000,0.637958,1.713333,0.474692,-0.365451,0.794570,-0.467748,0.999939,-0.002793,-0.009638,-0.004516,0.002203,0.026804,-0.000975,0.264910,0.008515,0.002920,0.002115,0.029166,-0.026826,0.274692,-0.038767,0.053697,-0.467748,0.999939,-0.002793,-0.009638,-0.004516,0.002203,0.026804,-0.000975
2,98.353133,221,relative,23,4.600000,0.200000,0.540886,1.890242,0.200000,-0.352374,0.759953,0.000000,0.000000,0.000000,0.000000,0.000000,0.000000,0.000000,0.000000,0.561442,1.873323,0.381139,-0.397932,0.805111,-0.467749,0.999962,-0.002475,-0.006930,-0.004606,0.003909,0.027388,-0.000734,0.288572,0.017398,-0.001094,0.001766,0.020557,-0.016919,0.181139,-0.045557,0.045158,-0.467749,0.999962,-0.002475,-0.006930,-0.004606,0.003909,0.027388,-0.000734
2,98.353133,221,relative,24,4.800000,0.050000,0.467842,2.044140,0.200000,-0.378064,0.779032,0.000000,0.000000,0.000000,0.000000,0.000000,0.000000,0.000000,0.000000,0.479287,2.035345,0.305129,-0.421680,0.814689,-0.292334,0.999978,-0.001897,-0.004205,-0.004673,0.007392,0.027168,-0.000534,0.359589,0.037570,0.011668,0.001263,0.011445,-0.008795,0.105129,-0.043616,0.035657,-0.292334,0.999978,-0.001897,-0.004205,-0.004673,0.007392,0.027168,-0.000534
2,98.353133,221,relative,25,4.850000,0.050000,0.448778,2.083211,0.200000,-0.384486,0.783802,0.000000,0.000000,0.000000,0.000000,0.000000,0.000000,0.000000,0.000000,0.458071,2.076141,0.294896,-0.426814,0.817103,-0.116953,0.999981,-0.001685,-0.003519,-0.004686,0.009271,0.027752,-0.000498,0.264893,0.044622,0.000281,0.001387,0.009293,-0.007070,0.094896,-0.042327,0.033301,-0.116953,0.999981,-0.001685,-0.003519,-0.004686,0.009271,0.027752,-0.000498
2,98.353133,221,relative,26,4.900000,0.050000,0.429393,2.122521,0.200000,-0.390909,0.788572,0.000000,0.000000,0.000000,0.000000,0.000000,0.000000,0.000000,0.000000,0.436650,2.117036,0.289049,-0.429919,0.818647,-0.116922,0.999984,-0.001422,-0.002827,-0.004698,0.011502,0.027766,-0.000458,0.170142,0.026813,0.001520,0.001544,0.007257,-0.005485,0.089049,-0.039010,0.030074,-0.116922,0.999984,-0.001422,-0.002827,-0.004698,0.011502,0.027766,-0.000458
2,98.353133,221,relative,27,4.950000,0.200000,0.409687,2.162069,0.200000,-0.397331,0.793342,0.000000,0.000000,0.000000,0.000000,0.000000,0.000000,0.000000,0.000000,0.415113,2.157989,0.278818,-0.431478,0.819455,-0.292349,0.999986,-0.001114,-0.002133,-0.004709,0.012843,0.027841,-0.000414,0.264872,-0.035558,-0.091893,0.002753,0.005426,-0.004079,0.078818,-0.034147,0.026113,-0.292349,0.999986,-0.001114,-0.002133,-0.004709,0.012843,0.027841,-0.000414
2,98.353133,221,relative,28,5.150000,0.050000,0.327652,2.322645,0.200000,-0.423021,0.812422,0.000000,0.000000,0.000000,0.000000,0.000000,0.000000,0.000000,0.000000,0.328285,2.322174,0.220348,-0.435587,0.821773,-0.292343,0.999989,-0.000177,-0.000272,-0.004735,0.005733,0.009462,-0.000101,0.359590,-0.044769,-0.083505,0.001732,0.000633,-0.000471,0.020348,-0.012565,0.009351,-0.292343,0.999989,-0.000177,-0.000272,-0.004735,0.005733,0.009462,-0.000101
2,98.353133,221,relative,29,5.200000,0.050000,0.306340,2.363385,0.200000,-0.429444,0.817192,0.000000,0.000000,0.000000,0.000000,0.000000,0.000000,0.000000,0.000000,0.306499,2.363267,0.210116,-0.435815,0.821926,-0.116936,0.999989,-0.000061,-0.000088,-0.004737,0.003494,0.005287,-0.000052,0.273700,-0.069600,-0.105417,0.001815,0.000159,-0.000118,0.010116,-0.006371,0.004734,-0.116936,0.999989,-0.000061,-0.000088,-0.004737,0.003494,0.005287,-0.000052
2,98.353133,221,relative,30,5.250000,0.100000,0.284708,2.404364,0.200000,-0.435866,0.821961,0.000000,0.000000,0.000000,0.000000,0.000000,0.000000,0.000000,0.000000,0.284707,2.404364,0.204678,-0.435859,0.821957,-0.100585,0.999989,-0.000016,-0.000022,-0.004738,0.000014,0.000016,-0.000001,0,0,0,0,-0.000000,0.000000,0.004678,0.000007,-0.000004,-0.100585,0.999989,-0.000016,-0.000022,-0.004738,0.000014,0.000016,-0.000001
3,64.789806,138,relative,0,0.000000,0.200000,0.826010,-0.563655,0.200000,0.225462,0.330404,0.000000,0.000000,0.000000,0.000000,0.000000,0.000000,0.000000,0.000000,0.000000,-0.000016,2.458776,0.011902,0.008125,-0.533691,0.999938,-0.006092,0.009258,-0.000541,0.035691,-0.047281,-0.003769,0.263652,-0.144172,0.293411,-0.003080,-0.826010,0.563639,2.258776,-0.213560,-0.322279,-0.533691,0.999938,-0.006092,0.009258,-0.000541,0.035691,-0.047281,-0.003769
3,64.789806,138,relative,1,0.200000,0.200000,0.868459,-0.495771,0.200000,0.199030,0.348441,0.000000,0.000000,0.000000,0.000000,0.000000,0.000000,0.000000,0.000000,0.005573,0.003616,2.351098,0.042652,0.026816,-0.543053,0.999964,-0.003970,0.007460,-0.000943,0.006846,0.011389,-0.004119,0.265814,-0.072663,0.093016,-0.000598,-0.862887,0.499387,2.151098,-0.156377,-0.321625,-0.543053,0.999964,-0.003970,0.007460,-0.000943,0.006846,0.011389,-0.004119
3,64.789806,138,relative,2,0.400000,0.200000,0.905622,-0.424279,0.200000,0.172597,0.366478,0.000000,0.000000,0.000000,0.000000,0.000000,0.000000,0.000000,0.000000,0.017253,0.010497,2.243156,0.075504,0.042019,-0.536396,0.999946,-0.004013,0.009527,-0.001365,-0.007674,0.029992,-0.004187,0.264623,-0.053618,-0.016761,0.001071,-0.888369,0.434776,2.043156,-0.097093,-0.324459,-0.536396,0.999946,-0.004013,0.009527,-0.001365,-0.007674,0.029992,-0.004187
3,64.789806,138,relative,3,0.600000,0.200000,0.937498,-0.349180,0.200000,0.146165,0.384515,0.000000,0.000000,0.000000,0.000000,0.000000,0.000000,0.000000,0.000000,0.036472,0.020603,2.135643,0.118539,0.059884,-0.538779,0.999908,-0.005315,0.012359,-0.001776,-0.018380,0.026648,-0.004065,0.264835,-0.027716,-0.072743,0.002095,-0.901027,0.369783,1.935643,-0.027626,-0.324631,-0.538779,0.999908,-0.005315,0.012359,-0.001776,-0.018380,0.026648,-0.004065
3,64.789806,138,relative,4,0.800000,0.200000,0.964088,-0.270473,0.200000,0.119733,0.402552,0.000000,0.000000,0.000000,0.000000,0.000000,0.000000,0.000000,0.000000,0.065334,0.034914,2.027779,0.171352,0.084600,-0.539911,0.999868,-0.007431,0.014299,-0.002154,-0.023911,0.012112,-0.003827,0.264991,-0.002732,-0.090495,0.002572,-0.898754,0.305387,1.827779,0.051619,-0.317951,-0.539911,0.999868,-0.007431,0.014299,-0.002154,-0.023911,0.012112,-0.003827
3,64.789806,138,relative,5,1.000000,0.200000,0.985391,-0.188159,0.200000,0.093300,0.420589,0.000000,0.000000,0.000000,0.000000,0.000000,0.000000,0.000000,0.000000,0.105324,0.055053,1.919777,0.228755,0.118371,-0.540144,0.999842,-0.009854,0.014608,-0.002489,-0.024456,-0.005973,-0.003535,0.265045,0.017426,-0.081933,0.002620,-0.880068,0.243212,1.719777,0.135454,-0.302218,-0.540144,0.999842,-0.009854,0.014608,-0.002489,-0.024456,-0.005973,-0.003535
3,64.789806,138,relative,6,1.200000,0.200000,1.001408,-0.102237,0.200000,0.066868,0.438626,0.000000,0.000000,0.000000,0.000000,0.000000,0.000000,0.000000,0.000000,0.156689,0.082891,1.811753,0.283980,0.161499,-0.540099,0.999835,-0.012133,0.013194,-0.002780,-0.020978,-0.022348,-0.003237,0.265055,0.031267,-0.058555,0.002391,-0.844719,0.185128,1.611753,0.217112,-0.277127,-0.540099,0.999835,-0.012133,0.013194,-0.002780,-0.020978,-0.022348,-0.003237
3,64.789806,138,relative,7,1.400000,0.200000,1.012139,-0.012708,0.200000,0.040436,0.456663,0.000000,0.000000,0.000000,0.000000,0.000000,0.000000,0.000000,0.000000,0.218349,0.120196,1.703747,0.330783,0.212732,-0.539956,0.999845,-0.013931,0.010376,-0.003032,-0.014738,-0.034051,-0.002965,0.265048,0.038340,-0.031777,0.002047,-0.793789,0.132904,1.503747,0.290347,-0.243931,-0.539956,0.999845,-0.013931,0.010376,-0.003032,-0.014738,-0.034051,-0.002965
3,64.789806,138,relative,8,1.600000,0.200000,1.017583,0.080428,0.200000,0.014003,0.474700,0.000000,0.000000,0.000000,0.000000,0.000000,0.000000,0.000000,0.000000,0.288131,0.168370,1.595773,0.364600,0.269739,-0.539762,0.999860,-0.015036,0.006653,-0.003253,-0.007086,-0.040401,-0.002732,0.265034,0.039045,-0.011603,0.001717,-0.729452,0.087942,1.395773,0.350597,-0.204961,-0.539762,0.999860,-0.015036,0.006653,-0.003253,-0.007086,-0.040401,-0.002732
3,64.789806,138,relative,9,1.800000,0.200000,1.017740,0.177172,0.200000,-0.012429,0.492737,0.000000,0.000000,0.000000,0.000000,0.000000,0.000000,0.000000,0.000000,0.363146,0.228283,1.487840,0.382835,0.329619,-0.539552,0.999873,-0.015370,0.002495,-0.003451,0.000706,-0.042721,-0.002537,0.265020,0.034728,-0.002823,0.001488,-0.654594,0.051112,1.287840,0.395264,-0.163118,-0.539552,0.999873,-0.015370,0.002495,-0.003451,0.000706,-0.042721,-0.002537
3,64.789806,138,relative,10,2.000000,0.200000,1.012611,0.277523,0.200000,-0.038861,0.510774,0.000000,0.000000,0.000000,0.000000,0.000000,0.000000,0.000000,0.000000,0.440152,0.300209,1.379948,0.384410,0.389392,-0.539355,0.999880,-0.014968,-0.001810,-0.003630,0.007636,-0.043287,-0.002368,0.265013,0.027397,-0.001598,0.001401,-0.572459,0.022687,1.179948,0.423271,-0.121382,-0.539355,0.999880,-0.014968,-0.001810,-0.003630,0.007636,-0.043287,-0.002368
3,64.789806,138,relative,11,2.200000,0.200000,1.002196,0.381481,0.200000,-0.065293,0.528811,0.000000,0.000000,0.000000,0.000000,0.000000,0.000000,0.000000,0.000000,0.515777,0.383853,1.272094,0.368985,0.446384,-0.539188,0.999877,-0.013947,-0.006162,-0.003792,0.013100,-0.043610,-0.002209,0.265019,0.018723,0.000545,0.001433,-0.486419,0.002372,1.072094,0.434278,-0.082426,-0.539188,0.999877,-0.013947,-0.006162,-0.003792,0.013100,-0.043610,-0.002209
3,64.789806,138,relative,12,2.400000,0.200000,0.986494,0.489047,0.200000,-0.091726,0.546848,0.000000,0.000000,0.000000,0.000000,0.000000,0.000000,0.000000,0.000000,0.586604,0.478435,1.164272,0.336428,0.498477,-0.539056,0.999859,-0.012466,-0.010525,-0.003934,0.016831,-0.043506,-0.002046,0.265041,0.009739,0.005446,0.001552,-0.399890,-0.010612,0.964272,0.428154,-0.048371,-0.539056,0.999859,-0.012466,-0.010525,-0.003934,0.016831,-0.043506,-0.002046
3,64.789806,138,relative,13,2.600000,0.200000,0.965505,0.600220,0.200000,-0.118158,0.564885,0.000000,0.000000,0.000000,0.000000,0.000000,0.000000,0.000000,0.000000,0.649209,0.582818,1.056475,0.286802,0.544214,-0.538955,0.999825,-0.010701,-0.014831,-0.004057,0.018766,-0.042422,-0.001869,0.265084,0.001543,0.019940,0.002167,-0.316297,-0.017402,0.856475,0.404960,-0.020670,-0.538955,0.999825,-0.010701,-0.014831,-0.004057,0.018766,-0.042422,-0.001869
3,64.789806,138,relative,14,2.800000,0.200000,0.939230,0.715001,0.200000,-0.144590,0.582922,0.000000,0.000000,0.000000,0.000000,0.000000,0.000000,0.000000,0.000000,0.700219,0.695644,0.948699,0.220644,0.582827,-0.538874,0.999774,-0.008823,-0.018882,-0.004160,0.019064,-0.038439,-0.001623,0.265139,-0.006461,0.095333,0.005116,-0.239012,-0.019357,0.748699,0.365235,-0.000095,-0.538874,0.999774,-0.008823,-0.018882,-0.004160,0.019064,-0.038439,-0.001623
3,64.789806,138,relative,15,3.000000,0.200000,0.907669,0.833389,0.200000,-0.171023,0.600959,0.000000,0.000000,0.000000,0.000000,0.000000,0.000000,0.000000,0.000000,0.736504,0.815463,0.840940,0.140308,0.614178,-0.538777,0.999729,-0.006992,-0.021781,-0.004233,0.017766,-0.019376,-0.001041,0.265175,-0.015793,0.088332,0.004799,-0.171165,-0.017925,0.640940,0.311331,0.013219,-0.538777,0.999729,-0.006992,-0.021781,-0.004233,0.017766,-0.019376,-0.001041
3,64.789806,138,relative,16,3.200000,0.200000,0.870821,0.955384,0.200000,-0.197455,0.618996,0.000000,0.000000,0.000000,0.000000,0.000000,0.000000,0.000000,0.000000,0.755825,0.940861,0.733199,0.052204,0.638740,-0.538650,0.999716,-0.005377,-0.022843,-0.004267,0.014606,-0.001711,-0.000495,0.265177,-0.021667,0.083070,0.004528,-0.114996,-0.014524,0.533199,0.249659,0.019744,-0.538650,0.999716,-0.005377,-0.022843,-0.004267,0.014606,-0.001711,-0.000495
3,64.789806,138,relative,17,3.400000,0.200000,0.828687,1.080987,0.200000,-0.223887,0.637032,0.000000,0.000000,0.000000,0.000000,0.000000,0.000000,0.000000,0.000000,0.757334,1.070581,0.625483,-0.036690,0.657647,-0.538481,0.999736,-0.004130,-0.022189,-0.004265,0.010272,0.014902,0.000019,0.265145,-0.031520,0.026517,0.004351,-0.071353,-0.010406,0.425483,0.187198,0.020615,-0.538481,0.999736,-0.004130,-0.022189,-0.004265,0.010272,0.014902,0.000019
3,64.789806,138,relative,18,3.600000,0.200000,0.781266,1.210197,0.200000,-0.250320,0.655069,0.000000,0.000000,0.000000,0.000000,0.000000,0.000000,0.000000,0.000000,0.741501,1.203654,0.517800,-0.120499,0.672604,-0.538294,0.999776,-0.003411,-0.020437,-0.004230,0.003967,0.020206,0.000514,0.265076,-0.015677,0.058493,0.000450,-0.039765,-0.006543,0.317800,0.129820,0.017535,-0.538294,0.999776,-0.003411,-0.020437,-0.004230,0.003967,0.020206,0.000514
3,64.789806,138,relative,19,3.800000,0.200000,0.728559,1.343015,0.200000,-0.276752,0.673106,0.000000,0.000000,0.000000,0.000000,0.000000,0.000000,0.000000,0.000000,0.709685,1.339504,0.410138,-0.195956,0.685722,-0.538264,0.999827,-0.003161,-0.017832,-0.004179,0.000830,0.031904,0.000565,0.264703,-0.013259,0.025778,-0.000312,-0.018874,-0.003511,0.210138,0.080796,0.012616,-0.538264,0.999827,-0.003161,-0.017832,-0.004179,0.000830,0.031904,0.000565
3,64.789806,138,relative,20,4.000000,0.200000,0.670566,1.479440,0.200000,-0.303184,0.691143,0.000000,0.000000,0.000000,0.000000,0.000000,0.000000,0.000000,0.000000,0.663941,1.477911,0.302248,-0.259234,0.698366,-0.540564,0.999883,-0.003197,-0.014384,-0.004136,-0.001825,0.037060,0.000530,0.290163,0.005858,-0.015163,-0.001201,-0.006625,-0.001529,0.102248,0.043951,0.007222,-0.540564,0.999883,-0.003197,-0.014384,-0.004136,-0.001825,0.037060,0.000530
3,64.789806,138,relative,21,4.200000,0.050000,0.607285,1.619472,0.200000,-0.329617,0.709180,0.000000,0.000000,0.000000,0.000000,0.000000,0.000000,0.000000,0.000000,0.606437,1.619002,0.212791,-0.313256,0.712610,-0.353936,0.999927,-0.003307,-0.010830,-0.004103,-0.000656,0.034027,0.000393,0.412676,0.037535,-0.012054,0.000678,-0.000848,-0.000470,0.012791,0.016361,0.003430,-0.353936,0.999927,-0.003307,-0.010830,-0.004103,-0.000656,0.034027,0.000393
3,64.789806,138,relative,22,4.250000,0.050000,0.590639,1.655044,0.200000,-0.336225,0.713690,0.000000,0.000000,0.000000,0.000000,0.000000,0.000000,0.000000,0.000000,0.590372,1.654760,0.201933,-0.329140,0.717728,-0.080404,0.999936,-0.003297,-0.009987,-0.004096,0.001220,0.033425,0.000412,0.311298,-0.021315,-0.033447,-0.001303,-0.000267,-0.000284,0.001933,0.007085,0.004038,-0.080404,0.999936,-0.003297,-0.009987,-0.004096,0.001220,0.033425,0.000412
3,64.789806,138,relative,23,4.300000,0.050000,0.573663,1.690841,0.200000,-0.342833,0.718199,0.000000,0.000000,0.000000,0.000000,0.000000,0.000000,0.000000,0.000000,0.573635,1.690743,0.200059,-0.340165,0.721560,0.005456,0.999944,-0.003277,-0.009172,-0.004089,0.000154,0.031752,0.000375,0.260802,-0.011460,-0.043707,-0.000840,-0.000027,-0.000098,0.000059,0.002668,0.003361,0.005456,0.999944,-0.003277,-0.009172,-0.004089,0.000154,0.031752,0.000375
3,64.789806,138,relative,24,4.350000,0.050000,0.556356,1.726864,0.200000,-0.349441,0.722708,0.000000,0.000000,0.000000,0.000000,0.000000,0.000000,0.000000,0.000000,0.556412,1.726901,0.200141,-0.348636,0.724758,-0.002162,0.999951,-0.003277,-0.008405,-0.004082,-0.000419,0.029567,0.000352,0.265744,-0.008223,-0.054591,-0.000799,0.000056,0.000037,0.000141,0.000805,0.002050,-0.002162,0.999951,-0.003277,-0.008405,-0.004082,-0.000419,0.029567,0.000352
3,64.789806,138,relative,25,4.400000,0.050000,0.538719,1.763112,0.200000,-0.356049,0.727217,0.000000,0.000000,0.000000,0.000000,0.000000,0.000000,0.000000,0.000000,0.538780,1.763220,0.200072,-0.356543,0.728021,-0.000617,0.999957,-0.003290,-0.007700,-0.004076,-0.000831,0.026837,0.000329,0.265504,-0.004650,-0.062480,-0.000728,0.000061,0.000108,0.000072,-0.000494,0.000804,-0.000617,0.999957,-0.003290,-0.007700,-0.004076,-0.000831,0.026837,0.000329
3,64.789806,138,relative,26,4.450000,0.050000,0.520751,1.799586,0.200000,-0.362657,0.731727,0.000000,0.000000,0.000000,0.000000,0.000000,0.000000,0.000000,0.000000,0.520769,1.799703,0.200069,-0.363784,0.731295,0.000492,0.999961,-0.003311,-0.007068,-0.004070,-0.001064,0.023713,0.000308,0.266756,-0.004526,-0.071870,-0.000716,0.000018,0.000117,0.000069,-0.001127,-0.000431,0.000492,0.999961,-0.003311,-0.007068,-0.004070,-0.001064,0.023713,0.000308
3,64.789806,138,relative,27,4.500000,0.050000,0.502453,1.836285,0.200000,-0.369265,0.736236,0.000000,0.000000,0.000000,0.000000,0.000000,0.000000,0.000000,0.000000,0.502410,1.836350,0.200179,-0.370476,0.734607,0.003928,0.999965,-0.003338,-0.006520,-0.004065,-0.001290,0.020120,0.000288,0.267959,-0.004692,-0.081066,-0.000700,-0.000043,0.000066,0.000179,-0.001211,-0.001629,0.003928,0.999965,-0.003338,-0.006520,-0.004065,-0.001290,0.020120,0.000288
3,64.789806,138,relative,28,4.550000,0.050000,0.483825,1.873209,0.200000,-0.375873,0.740745,0.000000,0.000000,0.000000,0.000000,0.000000,0.000000,0.000000,0.000000,0.483729,1.873165,0.200517,-0.376700,0.737961,0.009599,0.999968,-0.003371,-0.006068,-0.004060,-0.001525,0.016067,0.000268,0.269180,-0.005341,-0.090459,-0.000684,-0.000095,-0.000045,0.000517,-0.000827,-0.002784,0.009599,0.999968,-0.003371,-0.006068,-0.004060,-0.001525,0.016067,0.000268
3,64.789806,138,relative,29,4.600000,0.050000,0.464866,1.910359,0.200000,-0.382481,0.745254,0.000000,0.000000,0.000000,0.000000,0.000000,0.000000,0.000000,0.000000,0.464746,1.910148,0.201196,-0.382554,0.741365,0.017534,0.999970,-0.003412,-0.005723,-0.004055,-0.001792,0.011544,0.000248,0.201506,-0.006556,-0.100416,-0.000668,-0.000119,-0.000212,0.001196,-0.000073,-0.003889,0.017534,0.999970,-0.003412,-0.005723,-0.004055,-0.001792,0.011544,0.000248
3,64.789806,138,relative,30,4.650000,0.100000,0.445576,1.947735,0.200000,-0.389090,0.749764,0.000000,0.000000,0.000000,0.000000,0.000000,0.000000,0.000000,0.000000,0.445514,1.947280,0.199138,-0.386723,0.743945,-0.099838,0.999971,-0.003460,-0.005496,-0.004050,-0.002120,0.006523,0.000229,0,0,0,0,-0.000063,-0.000455,-0.000862,0.002367,-0.005818,-0.099838,0.999971,-0.003460,-0.005496,-0.004050,-0.002120,0.006523,0.000229
4,81.399353,165,relative,0,0.000000,0.200000,0.839302,-0.543666,0.200000,0.217466,0.335721,0.000000,0.000000,0.000000,0.000000,0.000000,0.000000,0.000000,0.000000,0.000643,0.000424,2.414971,0.019836,0.012741,-0.614746,0.999972,-0.003877,0.006422,-0.000408,0.073904,-0.097834,0.009630,0.269074,-0.304383,0.457230,-0.011940,-0.838659,0.544089,2.214971,-0.197630,-0.322980,-0.614746,0.999972,-0.003877,0.006422,-0.000408,0.073904,-0.097834,0.009630
4,81.399353,165,relative,1,0.200000,0.200000,0.880109,-0.474782,0.200000,0.190609,0.353118,0.000000,0.000000,0.000000,0.000000,0.000000,0.000000,0.000000,0.000000,0.006175,0.003736,2.295126,0.032019,0.017496,-0.583672,0.999999,0.000477,0.001215,0.000480,0.013100,-0.006328,0.008272,0.264751,-0.186791,0.240423,-0.009010,-0.873935,0.478518,2.095126,-0.158589,-0.335622,-0.583672,0.999999,0.000477,0.001215,0.000480,0.013100,-0.006328,0.008272
4,81.399353,165,relative,2,0.400000,0.200000,0.915545,-0.402419,0.200000,0.163751,0.370515,0.000000,0.000000,0.000000,0.000000,0.000000,0.000000,0.000000,0.000000,0.013130,0.006999,2.178303,0.038689,0.015504,-0.584568,0.999995,-0.000082,0.002986,0.001258,-0.024279,0.041750,0.007248,0.264874,-0.094033,0.088352,-0.006892,-0.902416,0.409418,1.978303,-0.125062,-0.355011,-0.584568,0.999995,-0.000082,0.002986,0.001258,-0.024279,0.041750,0.007248
4,81.399353,165,relative,3,0.599999,0.200000,0.945610,-0.326576,0.200000,0.136893,0.387913,0.000000,0.000000,0.000000,0.000000,0.000000,0.000000,0.000000,0.000000,0.022642,0.010515,2.061383,0.059731,0.021866,-0.584673,0.999960,-0.003457,0.008038,0.001954,-0.043138,0.059386,0.006464,0.264975,-0.024818,-0.016390,-0.005687,-0.922968,0.337091,1.861383,-0.077163,-0.366047,-0.584673,0.999960,-0.003457,0.008038,0.001954,-0.043138,0.059386,0.006464
4,81.399353,165,relative,4,0.799999,0.200000,0.970303,-0.247254,0.200000,0.110036,0.405310,0.000000,0.000000,0.000000,0.000000,0.000000,0.000000,0.000000,0.000000,0.038504,0.016836,1.944476,0.102654,0.044342,-0.584514,0.999869,-0.008028,0.013803,0.002586,-0.048155,0.056065,0.005818,0.265105,0.023913,-0.086827,-0.005137,-0.931799,0.264089,1.744476,-0.007382,-0.360968,-0.584514,0.999869,-0.008028,0.013803,0.002586,-0.048155,0.056065,0.005818
4,81.399353,165,relative,5,0.999999,0.200000,0.989624,-0.164452,0.200000,0.083178,0.422707,0.000000,0.000000,0.000000,0.000000,0.000000,0.000000,0.000000,0.000000,0.065120,0.029489,1.827616,0.166589,0.085205,-0.584254,0.999744,-0.012610,0.018531,0.003164,-0.043413,0.038662,0.005234,0.265229,0.055068,-0.131139,-0.004897,-0.924504,0.193941,1.627616,0.083410,-0.337502,-0.584254,0.999744,-0.012610,0.018531,0.003164,-0.043413,0.038662,0.005234
4,81.399353,165,relative,6,1.199999,0.200000,1.003574,-0.078171,0.200000,0.056321,0.440104,0.000000,0.000000,0.000000,0.000000,0.000000,0.000000,0.000000,0.000000,0.106118,0.052042,1.710802,0.245042,0.142815,-0.584019,0.999636,-0.016400,0.021078,0.003699,-0.032419,0.012405,0.004677,0.265294,0.071686,-0.152822,-0.004709,-0.897456,0.130213,1.510802,0.188722,-0.297290,-0.584019,0.999636,-0.016400,0.021078,0.003699,-0.032419,0.012405,0.004677
4,81.399353,165,relative,7,1.399998,0.200000,1.012152,0.011589,0.200000,0.029463,0.457502,0.000000,0.000000,0.000000,0.000000,0.000000,0.000000,0.000000,0.000000,0.163443,0.087456,1.594017,0.328004,0.212984,-0.583886,0.999596,-0.018913,0.020787,0.004199,-0.018080,-0.018176,0.004142,0.265271,0.076766,-0.153375,-0.004472,-0.848709,0.075867,1.394017,0.298541,-0.244518,-0.583886,0.999596,-0.018913,0.020787,0.004199,-0.018080,-0.018176,0.004142
4,81.399353,165,relative,8,1.599998,0.200000,1.015359,0.104829,0.200000,0.002605,0.474899,0.000000,0.000000,0.000000,0.000000,0.000000,0.000000,0.000000,0.000000,0.236838,0.137701,1.477233,0.403750,0.290124,-0.583896,0.999638,-0.019930,0.017440,0.004674,-0.002707,-0.048857,0.003633,0.265170,0.072701,-0.137873,-0.004152,-0.778521,0.032871,1.277233,0.401145,-0.184775,-0.583896,0.999638,-0.019930,0.017440,0.004674,-0.002707,-0.048857,0.003633
4,81.399353,165,relative,9,1.799998,0.200000,1.013194,0.201549,0.200000,-0.024252,0.492296,0.000000,0.000000,0.000000,0.000000,0.000000,0.000000,0.000000,0.000000,0.323670,0.203565,1.360425,0.460479,0.368183,-0.584059,0.999735,-0.019436,0.011186,0.005132,0.011865,-0.076430,0.003161,0.265043,0.062233,-0.107500,-0.003317,-0.689524,0.002016,1.160425,0.484731,-0.124113,-0.584059,0.999735,-0.019436,0.011186,0.005132,0.011865,-0.076430,0.003161
4,81.399353,165,relative,10,1.999998,0.200000,1.005658,0.301748,0.200000,-0.051110,0.509694,0.000000,0.000000,0.000000,0.000000,0.000000,0.000000,0.000000,0.000000,0.419050,0.284647,1.243571,0.487626,0.441393,-0.584356,0.999827,-0.017577,0.002486,0.005579,0.024351,-0.097921,0.002784,0.264964,0.048401,-0.024471,-0.000135,-0.586608,-0.017101,1.043571,0.538736,-0.068300,-0.584356,0.999827,-0.017577,0.002486,0.005579,0.024351,-0.097921,0.002784
4,81.399353,165,relative,11,2.199998,0.200000,0.992750,0.405426,0.200000,-0.077968,0.527091,0.000000,0.000000,0.000000,0.000000,0.000000,0.000000,0.000000,0.000000,0.516219,0.379465,1.126658,0.477522,0.504795,-0.584746,0.999847,-0.014599,-0.007527,0.006027,0.034074,-0.102803,0.002769,0.264994,0.014680,0.058889,0.000033,-0.476531,-0.025961,0.926658,0.555490,-0.022296,-0.584746,0.999847,-0.014599,-0.007527,0.006027,0.034074,-0.102803,0.002769
4,81.399353,165,relative,12,2.399997,0.200000,0.974471,0.512584,0.200000,-0.104825,0.544488,0.000000,0.000000,0.000000,0.000000,0.000000,0.000000,0.000000,0.000000,0.607433,0.485664,1.009682,0.428312,0.554794,-0.585116,0.999771,-0.010986,-0.017190,0.006473,0.037050,-0.091011,0.002772,0.265126,-0.017223,0.130076,0.000124,-0.367038,-0.026920,0.809682,0.533137,0.010306,-0.585116,0.999771,-0.010986,-0.017190,0.006473,0.037050,-0.091011,0.002772
4,81.399353,165,relative,13,2.599997,0.200000,0.950820,0.623221,0.200000,-0.131683,0.561885,0.000000,0.000000,0.000000,0.000000,0.000000,0.000000,0.000000,0.000000,0.685218,0.600404,0.892652,0.344463,0.590226,-0.585354,0.999637,-0.007406,-0.024962,0.006898,0.033639,-0.064981,0.002786,0.265294,-0.057119,0.148074,0.000197,-0.265602,-0.022817,0.692652,0.476146,0.028341,-0.585354,0.999637,-0.007406,-0.024962,0.006898,0.033639,-0.064981,0.002786
4,81.399353,165,relative,14,2.799997,0.200000,0.921798,0.737338,0.200000,-0.158541,0.579283,0.000000,0.000000,0.000000,0.000000,0.000000,0.000000,0.000000,0.000000,0.743535,0.720878,0.775594,0.235460,0.612629,-0.585381,0.999514,-0.004586,-0.029955,0.007285,0.022236,-0.035354,0.002809,0.265391,-0.052111,0.189903,-0.003613,-0.178262,-0.016460,0.575594,0.394000,0.033346,-0.585381,0.999514,-0.004586,-0.029955,0.007285,0.022236,-0.035354,0.002809
4,81.399353,165,relative,15,2.999997,0.200000,0.887404,0.854934,0.200000,-0.185398,0.596680,0.000000,0.000000,0.000000,0.000000,0.000000,0.000000,0.000000,0.000000,0.778508,0.844857,0.658525,0.113214,0.626037,-0.585373,0.999468,-0.002880,-0.031576,0.007604,0.011821,0.002633,0.002398,0.265235,-0.053057,0.164706,-0.004379,-0.108896,-0.010077,0.458525,0.298612,0.029357,-0.585373,0.999468,-0.002880,-0.031576,0.007604,0.011821,0.002633,0.002398
4,81.399353,165,relative,16,3.199997,0.200000,0.847639,0.976010,0.200000,-0.212256,0.614077,0.000000,0.000000,0.000000,0.000000,0.000000,0.000000,0.000000,0.000000,0.788885,0.970983,0.541335,-0.008187,0.634817,-0.586448,0.999527,-0.002250,-0.029661,0.007835,0.001203,0.035577,0.001900,0.266265,-0.029364,0.100057,-0.005271,-0.058753,-0.005026,0.341335,0.204068,0.020740,-0.586448,0.999527,-0.002250,-0.029661,0.007835,0.001203,0.035577,0.001900
4,81.399353,165,relative,17,3.399997,0.200000,0.802502,1.100565,0.200000,-0.239113,0.631475,0.000000,0.000000,0.000000,0.000000,0.000000,0.000000,0.000000,0.000000,0.776079,1.098754,0.424760,-0.116889,0.643054,-0.579137,0.999650,-0.002464,-0.025106,0.007980,-0.004680,0.055588,0.001301,0.263596,0.012909,0.039951,-0.002817,-0.026423,-0.001811,0.224760,0.122225,0.011580,-0.579137,0.999650,-0.002464,-0.025106,0.007980,-0.004680,0.055588,0.001301
4,81.399353,165,relative,18,3.599996,0.200000,0.751993,1.228599,0.200000,-0.265971,0.648872,0.000000,0.000000,0.000000,0.000000,0.000000,0.000000,0.000000,0.000000,0.743640,1.228313,0.307776,-0.203624,0.652823,-0.590539,0.999780,-0.002854,-0.019152,0.008070,-0.002109,0.063577,0.000981,0.288932,-0.024763,-0.038735,-0.003525,-0.008353,-0.000286,0.107776,0.062347,0.003951,-0.590539,0.999780,-0.002854,-0.019152,0.008070,-0.002109,0.063577,0.000981
4,81.399353,165,relative,19,3.799996,0.050000,0.696113,1.360113,0.200000,-0.292829,0.666269,0.000000,0.000000,0.000000,0.000000,0.000000,0.000000,0.000000,0.000000,0.695588,1.360095,0.207362,-0.272651,0.665394,-0.413463,0.999874,-0.003363,-0.013186,0.008123,-0.007069,0.055830,0.000580,0.552598,-0.008776,-0.051997,-0.003908,-0.000525,-0.000018,0.007362,0.020178,-0.000876,-0.413463,0.999874,-0.003363,-0.013186,0.008123,-0.007069,0.055830,0.000580
4,81.399353,165,relative,20,3.849996,0.050000,0.681304,1.393535,0.200000,-0.299543,0.670618,0.000000,0.000000,0.000000,0.000000,0.000000,0.000000,0.000000,0.000000,0.681303,1.393535,0.200001,-0.298287,0.672263,0.119024,0.999891,-0.003556,-0.011824,0.008129,-0.007508,0.053230,0.000469,0.137422,-0.005980,-0.057661,-0.004310,-0.000001,-0.000000,0.000001,0.001256,0.001645,0.119024,0.999891,-0.003556,-0.011824,0.008129,-0.007508,0.053230,0.000469
4,81.399353,165,relative,21,3.899997,0.050000,0.666159,1.427175,0.200000,-0.306258,0.674968,0.000000,0.000000,0.000000,0.000000,0.000000,0.000000,0.000000,0.000000,0.666243,1.427193,0.200050,-0.303988,0.674078,-0.117062,0.999904,-0.003758,-0.010531,0.008132,-0.007808,0.050347,0.000346,0.390332,0.008268,-0.104384,-0.001807,0.000084,0.000018,0.000050,0.002270,-0.000890,-0.117062,0.999904,-0.003758,-0.010531,0.008132,-0.007808,0.050347,0.000346
4,81.399353,165,relative,22,3.949997,0.050000,0.650678,1.461032,0.200000,-0.312972,0.679317,0.000000,0.000000,0.000000,0.000000,0.000000,0.000000,0.000000,0.000000,0.650677,1.461032,0.200001,-0.318379,0.679540,0.115111,0.999915,-0.003958,-0.009339,0.008134,-0.007395,0.045127,0.000295,0.194011,0.016331,-0.057639,-0.001105,-0.000001,0.000000,0.000001,-0.005407,0.000223,0.115111,0.999915,-0.003958,-0.009339,0.008134,-0.007395,0.045127,0.000295
4,81.399353,165,relative,23,3.999997,0.050001,0.634862,1.495107,0.200000,-0.319687,0.683667,0.000000,0.000000,0.000000,0.000000,0.000000,0.000000,0.000000,0.000000,0.634596,1.495081,0.202474,-0.324717,0.682400,-0.016178,0.999924,-0.004142,-0.008249,0.008135,-0.006579,0.042245,0.000263,0.269472,0.018680,-0.070695,-0.001022,-0.000266,-0.000027,0.002474,-0.005031,-0.001267,-0.016178,0.999924,-0.004142,-0.008249,0.008135,-0.006579,0.042245,0.000263
4,81.399353,165,relative,24,4.049998,0.050001,0.618709,1.529400,0.200000,-0.326401,0.688016,0.000000,0.000000,0.000000,0.000000,0.000000,0.000000,0.000000,0.000000,0.618162,1.529304,0.201876,-0.332472,0.686552,-0.007734,0.999931,-0.004303,-0.007238,0.008135,-0.005646,0.038711,0.000234,0.269391,0.019831,-0.081063,-0.000913,-0.000547,-0.000096,0.001876,-0.006071,-0.001464,-0.007734,0.999931,-0.004303,-0.007238,0.008135,-0.005646,0.038711,0.000234
4,81.399353,165,relative,25,4.099998,0.050001,0.602221,1.563910,0.200000,-0.333115,0.692365,0.000000,0.000000,0.000000,0.000000,0.000000,0.000000,0.000000,0.000000,0.601364,1.563739,0.201697,-0.339263,0.690860,0.000574,0.999937,-0.004439,-0.006322,0.008136,-0.004654,0.034657,0.000208,0.267221,0.020710,-0.093151,-0.000859,-0.000857,-0.000170,0.001697,-0.006148,-0.001505,0.000574,0.999937,-0.004439,-0.006322,0.008136,-0.004654,0.034657,0.000208
4,81.399353,165,relative,26,4.149999,0.050001,0.585397,1.598637,0.200000,-0.339830,0.696715,0.000000,0.000000,0.000000,0.000000,0.000000,0.000000,0.000000,0.000000,0.584251,1.598392,0.201833,-0.345147,0.695262,0.004873,0.999941,-0.004549,-0.005514,0.008137,-0.003619,0.030000,0.000184,0.266029,0.020460,-0.104015,-0.000824,-0.001147,-0.000245,0.001833,-0.005317,-0.001452,0.004873,0.999941,-0.004549,-0.005514,0.008137,-0.003619,0.030000,0.000184
4,81.399353,165,relative,27,4.199999,0.050001,0.568238,1.633582,0.200000,-0.346544,0.701064,0.000000,0.000000,0.000000,0.000000,0.000000,0.000000,0.000000,0.000000,0.566862,1.633267,0.202129,-0.350269,0.699746,0.006972,0.999944,-0.004632,-0.004830,0.008138,-0.002596,0.024799,0.000161,0.265690,0.018943,-0.113478,-0.000787,-0.001375,-0.000314,0.002129,-0.003724,-0.001318,0.006972,0.999944,-0.004632,-0.004830,0.008138,-0.002596,0.024799,0.000161
4,81.399353,165,relative,28,4.250000,0.050001,0.550742,1.668744,0.200000,-0.353259,0.705413,0.000000,0.000000,0.000000,0.000000,0.000000,0.000000,0.000000,0.000000,0.549234,1.668369,0.202515,-0.354777,0.704298,0.008449,0.999947,-0.004690,-0.004282,0.008138,-0.001649,0.019125,0.000138,0.255317,0.016273,-0.122044,-0.000750,-0.001509,-0.000376,0.002515,-0.001518,-0.001115,0.008449,0.999947,-0.004690,-0.004282,0.008138,-0.001649,0.019125,0.000138
4,81.399353,165,relative,29,4.300001,0.050001,0.532911,1.704124,0.200000,-0.359973,0.709763,0.000000,0.000000,0.000000,0.000000,0.000000,0.000000,0.000000,0.000000,0.531396,1.703694,0.202494,-0.358660,0.708719,-0.009278,0.999948,-0.004724,-0.003880,0.008140,-0.000836,0.013023,0.000117,0.215966,0.012528,-0.130028,-0.000712,-0.001515,-0.000430,0.002494,0.001313,-0.001043,-0.009278,0.999948,-0.004724,-0.003880,0.008140,-0.000836,0.013023,0.000117
4,81.399353,165,relative,30,4.350001,0.100000,0.514745,1.739722,0.200000,-0.366688,0.714112,0.000000,0.000000,0.000000,0.000000,0.000000,0.000000,0.000000,0.000000,0.513386,1.739225,0.199765,-0.361686,0.712481,-0.099872,0.999949,-0.004739,-0.003636,0.008141,-0.000209,0.006521,0.000097,0,0,0,0,-0.001358,-0.000497,-0.000235,0.005002,-0.001631,-0.099872,0.999949,-0.004739,-0.003636,0.008141,-0.000209,0.006521,0.000097
5,73.547152,129,relative,0,0.000000,0.199995,0.858322,-0.513111,0.200000,0.205244,0.343329,0.000000,0.000000,0.000000,0.000000,0.000000,0.000000,0.000000,0.000000,0.002149,0.001385,2.373794,0.025452,0.016068,-0.460205,0.999983,-0.003182,0.004962,-0.000206,-0.108265,0.125377,-0.009988,0.223275,0.226849,-0.271390,-0.004861,-0.856173,0.514496,2.173794,-0.179793,-0.327261,-0.460205,0.999983,-0.003182,0.004962,-0.000206,-0.108265,0.125377,-0.009988
5,73.547152,129,relative,1,0.199995,0.199994,0.896624,-0.442805,0.200000,0.177779,0.359748,0.000000,0.000000,0.000000,0.000000,0.000000,0.000000,0.000000,0.000000,0.010115,0.006718,2.250902,0.059629,0.041962,-0.768917,0.999821,-0.011735,0.014790,-0.001220,-0.062744,0.071234,-0.010541,0.297576,0.189513,-0.134217,-0.004363,-0.886509,0.449523,2.050902,-0.118149,-0.317786,-0.768917,0.999821,-0.011735,0.014790,-0.001220,-0.062744,0.071234,-0.010541
5,73.547152,129,relative,2,0.399989,0.199993,0.929432,-0.369215,0.200000,0.150313,0.376167,0.000000,0.000000,0.000000,0.000000,0.000000,0.000000,0.000000,0.000000,0.029515,0.021053,2.121140,0.138636,0.104591,-0.528983,0.999656,-0.016117,0.020565,-0.002304,-0.024748,0.044462,-0.011037,0.259223,0.160100,-0.126885,-0.003517,-0.899917,0.390269,1.921140,-0.011677,-0.271577,-0.528983,0.999656,-0.016117,0.020565,-0.002304,-0.024748,0.044462,-0.011037
5,73.547152,129,relative,3,0.599982,0.199993,0.956747,-0.292343,0.200000,0.122848,0.392586,0.000000,0.000000,0.000000,0.000000,0.000000,0.000000,0.000000,0.000000,0.065638,0.048350,2.010875,0.224646,0.168937,-0.573821,0.999568,-0.017004,0.023726,-0.003462,0.007325,0.019101,-0.011437,0.265928,0.095956,-0.141559,-0.003350,-0.891109,0.340693,1.810875,0.101798,-0.223649,-0.573821,0.999568,-0.017004,0.023726,-0.003462,0.007325,0.019101,-0.011437
5,73.547152,129,relative,4,0.799975,0.199992,0.978569,-0.212187,0.200000,0.095383,0.409005,0.000000,0.000000,0.000000,0.000000,0.000000,0.000000,0.000000,0.000000,0.120088,0.088639,1.896560,0.320187,0.232854,-0.569344,0.999579,-0.015338,0.024193,-0.004673,0.026524,-0.009240,-0.011818,0.268277,0.040532,-0.149947,-0.003051,-0.858481,0.300826,1.696560,0.224805,-0.176151,-0.569344,0.999579,-0.015338,0.024193,-0.004673,0.026524,-0.009240,-0.011818
5,73.547152,129,relative,5,0.999967,0.199992,0.994899,-0.128747,0.200000,0.067917,0.425424,0.000000,0.000000,0.000000,0.000000,0.000000,0.000000,0.000000,0.000000,0.193537,0.140881,1.784915,0.412706,0.287579,-0.547020,0.999670,-0.012325,0.021735,-0.005910,0.034586,-0.039284,-0.012164,0.268749,-0.000199,-0.151480,-0.001860,-0.801362,0.269628,1.584915,0.344789,-0.137845,-0.547020,0.999670,-0.012325,0.021735,-0.005910,0.034586,-0.039284,-0.012164
5,73.547152,129,relative,6,1.199959,0.199991,1.005735,-0.042024,0.200000,0.040452,0.441843,0.000000,0.000000,0.000000,0.000000,0.000000,0.000000,0.000000,0.000000,0.284127,0.202798,1.678176,0.489592,0.329375,-0.520230,0.999802,-0.008933,0.016255,-0.007146,0.034445,-0.069643,-0.012376,0.268686,-0.021314,-0.122731,0.002012,-0.721608,0.244822,1.478176,0.449140,-0.112468,-0.520230,0.999802,-0.008933,0.016255,-0.007146,0.034445,-0.069643,-0.012376
5,73.547152,129,relative,7,1.399950,0.199991,1.011079,0.047983,0.200000,0.012987,0.458262,0.000000,0.000000,0.000000,0.000000,0.000000,0.000000,0.000000,0.000000,0.387524,0.271752,1.576860,0.538951,0.358139,-0.492810,0.999916,-0.005789,0.008028,-0.008353,0.030030,-0.094248,-0.012147,0.268676,-0.033359,-0.082493,0.003482,-0.623555,0.223769,1.376860,0.525964,-0.100122,-0.492810,0.999916,-0.005789,0.008028,-0.008353,0.030030,-0.094248,-0.012147
5,73.547152,129,relative,8,1.599941,0.199990,1.010930,0.141272,0.200000,-0.014478,0.474680,0.000000,0.000000,0.000000,0.000000,0.000000,0.000000,0.000000,0.000000,0.497211,0.345300,1.481101,0.551147,0.375738,-0.464772,0.999947,-0.003224,-0.002252,-0.009511,0.023172,-0.110794,-0.011751,0.268854,-0.040858,-0.013364,0.004844,-0.513718,0.204028,1.281101,0.565625,-0.098942,-0.464772,0.999947,-0.003224,-0.002252,-0.009511,0.023172,-0.110794,-0.011751
5,73.547152,129,relative,9,1.799930,0.199989,1.005288,0.237846,0.200000,-0.041943,0.491099,0.000000,0.000000,0.000000,0.000000,0.000000,0.000000,0.000000,0.000000,0.605065,0.421486,1.391083,0.519982,0.385044,-0.435569,0.999852,-0.001429,-0.013487,-0.010619,0.014806,-0.113500,-0.011200,0.269276,-0.067664,0.069233,0.005993,-0.400222,0.183640,1.191083,0.561925,-0.106055,-0.435569,0.999852,-0.001429,-0.013487,-0.010619,0.014806,-0.113500,-0.011200
5,73.547152,129,relative,10,1.999919,0.199987,0.994153,0.337702,0.200000,-0.069408,0.507518,0.000000,0.000000,0.000000,0.000000,0.000000,0.000000,0.000000,0.000000,0.702218,0.498998,1.307116,0.444505,0.389751,-0.404408,0.999640,-0.000733,-0.024153,-0.011680,0.001098,-0.099667,-0.010519,0.269409,-0.069596,0.167822,0.002967,-0.291936,0.161297,1.107116,0.513913,-0.117766,-0.404408,0.999640,-0.000733,-0.024153,-0.011680,0.001098,-0.099667,-0.010519
5,73.547152,129,relative,11,2.199906,0.199984,0.977526,0.440840,0.200000,-0.096872,0.523936,0.000000,0.000000,0.000000,0.000000,0.000000,0.000000,0.000000,0.000000,0.780270,0.577409,1.229304,0.330576,0.394940,-0.374076,0.999392,-0.001397,-0.032430,-0.012725,-0.012951,-0.066096,-0.010182,0.269456,-0.069421,0.268527,0.002586,-0.197256,0.136569,1.029304,0.427448,-0.128996,-0.374076,0.999392,-0.001397,-0.032430,-0.012725,-0.012951,-0.066096,-0.010182
5,73.547152,129,relative,12,2.399891,0.199979,0.955407,0.547261,0.200000,-0.124336,0.540355,0.000000,0.000000,0.000000,0.000000,0.000000,0.000000,0.000000,0.000000,0.832758,0.657350,1.157423,0.191778,0.405921,-0.344976,0.999239,-0.003405,-0.036326,-0.013789,-0.026894,-0.012364,-0.009888,0.269668,-0.035012,0.293426,0.001883,-0.122649,0.110089,0.957423,0.316115,-0.134434,-0.344976,0.999239,-0.003405,-0.036326,-0.013789,-0.026894,-0.012364,-0.009888
5,73.547152,129,relative,13,2.599870,0.199973,0.927797,0.656963,0.200000,-0.151800,0.556772,0.000000,0.000000,0.000000,0.000000,0.000000,0.000000,0.000000,0.000000,0.856672,0.740465,1.091456,0.048569,0.427306,-0.314698,0.999270,-0.006381,-0.034589,-0.014885,-0.033871,0.046360,-0.009674,0.277000,0.049773,0.136648,0.004545,-0.071125,0.083503,0.891456,0.200369,-0.129467,-0.314698,0.999270,-0.006381,-0.034589,-0.014885,-0.033871,0.046360,-0.009674
5,73.547152,129,relative,14,2.799843,0.199852,0.894695,0.769943,0.200000,-0.179263,0.573190,0.000000,0.000000,0.000000,0.000000,0.000000,0.000000,0.000000,0.000000,0.852982,0.829149,1.037043,-0.081315,0.461498,-0.229277,0.999423,-0.009141,-0.028552,-0.015966,-0.023832,0.073727,-0.009157,0.143628,0.048972,-0.009137,0.004367,-0.041713,0.059205,0.837043,0.097947,-0.111692,-0.229277,0.999423,-0.009141,-0.028552,-0.015966,-0.023832,0.073727,-0.009157
5,73.547152,129,relative,15,2.999694,0.199916,0.856126,0.886136,0.200000,-0.206709,0.589597,0.000000,0.000000,0.000000,0.000000,0.000000,0.000000,0.000000,0.000000,0.831222,0.923552,0.901380,-0.133852,0.483824,-1.128246,0.999571,-0.010886,-0.021256,-0.016977,-0.013946,0.071927,-0.008661,0.080034,0.078291,-0.063398,0.004418,-0.024905,0.037416,0.701380,0.072856,-0.105773,-1.128246,0.999571,-0.010886,-0.021256,-0.016977,-0.013946,0.071927,-0.008661
5,73.547152,129,relative,16,3.199610,0.050000,0.812058,1.005646,0.200000,-0.234163,0.606010,0.000000,0.000000,0.000000,0.000000,0.000000,0.000000,0.000000,0.000000,0.802240,1.021638,0.538968,-0.154792,0.497525,-2.497355,0.999667,-0.011364,-0.014701,-0.017903,0.001789,0.059261,-0.008159,0.356931,0.017294,-0.061162,-0.002006,-0.009818,0.015992,0.338968,0.079372,-0.108484,-2.497355,0.999667,-0.011364,-0.014701,-0.017903,0.001789,0.059261,-0.008159
5,73.547152,129,relative,17,3.249610,0.185067,0.800178,1.036049,0.200000,-0.241030,0.610115,0.000000,0.000000,0.000000,0.000000,0.000000,0.000000,0.000000,0.000000,0.794037,1.046898,0.418351,-0.172990,0.512822,-2.327301,0.999684,-0.011279,-0.013261,-0.018123,0.002672,0.056202,-0.008216,0.599995,0.089460,-0.166604,0.006870,-0.006141,0.010848,0.218351,0.068040,-0.097293,-2.327301,0.999684,-0.011279,-0.013261,-0.018123,0.002672,0.056202,-0.008216
5,73.547152,129,relative,18,3.434677,0.199930,0.753219,1.150367,0.200000,-0.266445,0.625308,0.000000,0.000000,0.000000,0.000000,0.000000,0.000000,0.000000,0.000000,0.753219,1.150367,0.200000,-0.263008,0.603782,-0.032252,0.999725,-0.010186,-0.009516,-0.018880,0.019273,0.025357,-0.007493,0.275256,0.050389,-0.045666,0.008240,-0.000000,-0.000000,0.000000,0.003438,-0.021526,-0.032252,0.999725,-0.010186,-0.009516,-0.018880,0.019273,0.025357,-0.007493
5,73.547152,129,relative,19,3.634607,0.199986,0.697204,1.277026,0.200000,-0.293902,0.641722,0.000000,0.000000,0.000000,0.000000,0.000000,0.000000,0.000000,0.000000,0.697140,1.274996,0.201172,-0.296639,0.641243,0.044032,0.999750,-0.007709,-0.007492,-0.019580,0.029370,0.016201,-0.006556,0.254349,-0.021351,-0.059337,0.008600,-0.000065,-0.002029,0.001172,-0.002737,-0.000479,0.044032,0.999750,-0.007709,-0.007492,-0.019580,0.029370,0.016201,-0.006556
5,73.547152,129,relative,20,3.834594,0.199986,0.635682,1.407003,0.200000,-0.321367,0.658140,0.000000,0.000000,0.000000,0.000000,0.000000,0.000000,0.000000,0.000000,0.635203,1.405834,0.202150,-0.322199,0.665485,-0.034225,0.999763,-0.004961,-0.006525,-0.020175,0.025110,0.004309,-0.005579,0.271791,-0.070082,-0.028516,0.008465,-0.000479,-0.001169,0.002150,-0.000832,0.007344,-0.034225,0.999763,-0.004961,-0.006525,-0.020175,0.025110,0.004309,-0.005579
5,73.547152,129,relative,21,4.034579,0.199986,0.568667,1.540264,0.200000,-0.348831,0.674559,0.000000,0.000000,0.000000,0.000000,0.000000,0.000000,0.000000,0.000000,0.568208,1.540680,0.200407,-0.347745,0.681855,0.016806,0.999761,-0.003145,-0.006419,-0.020673,0.011095,-0.001408,-0.004616,0.261832,-0.051382,-0.046526,0.008506,-0.000458,0.000416,0.000407,0.001086,0.007297,0.016806,0.999761,-0.003145,-0.006419,-0.020673,0.011095,-0.001408,-0.004616
5,73.547152,129,relative,22,4.234565,0.199986,0.496159,1.676808,0.200000,-0.376295,0.690977,0.000000,0.000000,0.000000,0.000000,0.000000,0.000000,0.000000,0.000000,0.496148,1.678205,0.201498,-0.373320,0.693118,-0.005898,0.999750,-0.002560,-0.007039,-0.021081,0.000816,-0.010716,-0.003649,0.265532,-0.050128,0.041627,0.009240,-0.000012,0.001397,0.001498,0.002975,0.002141,-0.005898,0.999750,-0.002560,-0.007039,-0.021081,0.000816,-0.010716,-0.003649
5,73.547152,129,relative,23,4.434552,0.140989,0.418159,1.816635,0.200000,-0.403760,0.707396,0.000000,0.000000,0.000000,0.000000,0.000000,0.000000,0.000000,0.000000,0.418630,1.817911,0.200785,-0.402326,0.704332,-0.001242,0.999737,-0.002991,-0.007686,-0.021395,-0.009212,-0.002389,-0.002599,0.265237,-0.009312,0.020738,0.007667,0.000471,0.001275,0.000785,0.001434,-0.003064,-0.001242,0.999737,-0.002991,-0.007686,-0.021395,-0.009212,-0.002389,-0.002599
5,73.547152,129,relative,24,4.575540,0.056455,0.359868,1.917186,0.200000,-0.423122,0.718970,0.000000,0.000000,0.000000,0.000000,0.000000,0.000000,0.000000,0.000000,0.360413,1.917874,0.200731,-0.423530,0.714018,0.000476,0.999731,-0.003687,-0.007736,-0.021561,-0.010525,0.000537,-0.001984,0.263276,0.005116,0.012462,0.005962,0.000545,0.000688,0.000731,-0.000408,-0.004952,0.000476,0.999731,-0.003687,-0.007736,-0.021561,-0.010525,0.000537,-0.001984
5,73.547152,129,relative,25,4.631995,0.050036,0.335762,1.957906,0.200000,-0.430875,0.723605,0.000000,0.000000,0.000000,0.000000,0.000000,0.000000,0.000000,0.000000,0.336265,1.958306,0.200662,-0.431939,0.718422,-0.002939,0.999729,-0.003979,-0.007705,-0.021617,-0.010236,0.001241,-0.001793,0.267630,0.009476,0.008619,0.004363,0.000503,0.000400,0.000662,-0.001064,-0.005183,-0.002939,0.999729,-0.003979,-0.007705,-0.021617,-0.010236,0.001241,-0.001793
5,73.547152,129,relative,26,4.682031,0.050044,0.314031,1.994215,0.200000,-0.437746,0.727713,0.000000,0.000000,0.000000,0.000000,0.000000,0.000000,0.000000,0.000000,0.314464,1.994358,0.200641,-0.439472,0.722657,0.002101,0.999727,-0.004228,-0.007664,-0.021662,-0.009762,0.001673,-0.001669,0.269737,0.012154,0.003425,0.004584,0.000433,0.000143,0.000641,-0.001725,-0.005056,0.002101,0.999727,-0.004228,-0.007664,-0.021662,-0.009762,0.001673,-0.001669
5,73.547152,129,relative,27,4.732075,0.050041,0.291953,2.030736,0.200000,-0.444619,0.731822,0.000000,0.000000,0.000000,0.000000,0.000000,0.000000,0.000000,0.000000,0.292282,2.030635,0.200970,-0.447014,0.727168,0.011044,0.999725,-0.004463,-0.007615,-0.021705,-0.009154,0.001845,-0.001538,0.265600,0.012797,-0.003506,0.004629,0.000329,-0.000101,0.000970,-0.002395,-0.004654,0.011044,0.999725,-0.004463,-0.007615,-0.021705,-0.009154,0.001845,-0.001538
5,73.547152,129,relative,28,4.782116,0.050037,0.269532,2.067460,0.200000,-0.451491,0.735930,0.000000,0.000000,0.000000,0.000000,0.000000,0.000000,0.000000,0.000000,0.269728,2.067139,0.201554,-0.454386,0.731833,0.012320,0.999724,-0.004683,-0.007566,-0.021743,-0.008513,0.001670,-0.001407,0.228050,0.011478,-0.011744,0.004675,0.000197,-0.000321,0.001554,-0.002895,-0.004097,0.012320,0.999724,-0.004683,-0.007566,-0.021743,-0.008513,0.001670,-0.001407
5,73.547152,129,relative,29,4.832153,0.050041,0.246768,2.104386,0.200000,-0.458363,0.740038,0.000000,0.000000,0.000000,0.000000,0.000000,0.000000,0.000000,0.000000,0.246835,2.103861,0.200462,-0.460674,0.736016,-0.055983,0.999723,-0.004888,-0.007527,-0.021778,-0.007939,0.001083,-0.001274,0.242125,0.008546,-0.021257,0.004758,0.000066,-0.000525,0.000462,-0.002311,-0.004022,-0.055983,0.999723,-0.004888,-0.007527,-0.021778,-0.007939,0.001083,-0.001274
5,73.547152,129,relative,30,4.882194,0.100000,0.223660,2.141521,0.200000,-0.465235,0.744146,0.000000,0.000000,0.000000,0.000000,0.000000,0.000000,0.000000,0.000000,0.223616,2.140807,0.196604,-0.467321,0.740636,-0.098210,0.999721,-0.005080,-0.007509,-0.021810,-0.007511,0.000020,-0.001138,0,0,0,0,-0.000044,-0.000714,-0.003396,-0.002085,-0.003510,-0.098210,0.999721,-0.005080,-0.007509,-0.021810,-0.007511,0.000020,-0.001138
6,102.180315,221,relative,0,0.000000,0.200000,0.872352,-0.488878,0.200000,0.195551,0.348941,0.000000,0.000000,0.000000,0.000000,0.000000,0.000000,0.000000,0.000000,0.003964,0.002546,2.339537,0.033936,0.022614,-0.448730,0.999972,-0.004448,0.005938,-0.000917,0.011386,-0.044315,-0.020811,0.261695,-0.111549,0.448044,0.011295,-0.868388,0.491424,2.139537,-0.161615,-0.326327,-0.448730,0.999972,-0.004448,0.005938,-0.000917,0.011386,-0.044315,-0.020811
6,102.180315,221,relative,1,0.200000,0.200000,0.908671,-0.417525,0.200000,0.167636,0.364585,0.000000,0.000000,0.000000,0.000000,0.000000,0.000000,0.000000,0.000000,0.012772,0.008717,2.247421,0.054171,0.039081,-0.472427,0.999968,-0.004436,0.005978,-0.002934,-0.010924,0.045293,-0.019527,0.264954,-0.057045,0.178429,0.012012,-0.895899,0.426242,2.047421,-0.113465,-0.325504,-0.472427,0.999968,-0.004436,0.005978,-0.002934,-0.010924,0.045293,-0.019527
6,102.180315,221,relative,2,0.400000,0.200000,0.939407,-0.343044,0.200000,0.139720,0.380229,0.000000,0.000000,0.000000,0.000000,0.000000,0.000000,0.000000,0.000000,0.026668,0.018442,2.152964,0.088933,0.059221,-0.472233,0.999894,-0.006082,0.012291,-0.004836,-0.022153,0.081026,-0.018161,0.265039,-0.012950,-0.011132,0.015389,-0.912738,0.361486,1.952964,-0.050787,-0.321008,-0.472233,0.999894,-0.006082,0.012291,-0.004836,-0.022153,0.081026,-0.018161
6,102.180315,221,relative,3,0.600000,0.200000,0.964559,-0.265433,0.200000,0.111805,0.395873,0.000000,0.000000,0.000000,0.000000,0.000000,0.000000,0.000000,0.000000,0.050348,0.032937,2.058535,0.153108,0.087196,-0.472250,0.999737,-0.008398,0.020284,-0.006584,-0.024533,0.078861,-0.016411,0.265213,0.022485,-0.155562,0.016398,-0.914211,0.298371,1.858535,0.041303,-0.308677,-0.472250,0.999737,-0.008398,0.020284,-0.006584,-0.024533,0.078861,-0.016411
6,102.180315,221,relative,4,0.800000,0.200000,0.984129,-0.184694,0.200000,0.083890,0.411517,0.000000,0.000000,0.000000,0.000000,0.000000,0.000000,0.000000,0.000000,0.089893,0.053915,1.964103,0.246510,0.123976,-0.472290,0.999556,-0.010608,0.026617,-0.008139,-0.019887,0.047801,-0.014547,0.265358,0.049278,-0.253416,0.017325,-0.894235,0.238610,1.764103,0.162620,-0.287542,-0.472290,0.999556,-0.010608,0.026617,-0.008139,-0.019887,0.047801,-0.014547
6,102.180315,221,relative,5,1.000000,0.200000,0.998115,-0.100826,0.200000,0.055975,0.427161,0.000000,0.000000,0.000000,0.000000,0.000000,0.000000,0.000000,0.000000,0.150152,0.083014,1.869653,0.357561,0.167957,-0.472312,0.999465,-0.012119,0.028861,-0.009478,-0.009984,-0.002852,-0.012577,0.265364,0.058281,-0.304986,0.018557,-0.847963,0.183840,1.669653,0.301587,-0.259204,-0.472312,0.999465,-0.012119,0.028861,-0.009478,-0.009984,-0.002852,-0.012577
6,102.180315,221,relative,6,1.200000,0.200000,1.006519,-0.013830,0.200000,0.028059,0.442805,0.000000,0.000000,0.000000,0.000000,0.000000,0.000000,0.000000,0.000000,0.232814,0.121357,1.775182,0.466889,0.215793,-0.472285,0.999539,-0.012602,0.025518,-0.010576,0.001616,-0.063841,-0.010467,0.265211,0.022979,-0.275384,0.014688,-0.773704,0.135186,1.575182,0.438829,-0.227012,-0.472285,0.999539,-0.012602,0.025518,-0.010576,0.001616,-0.063841,-0.010467
6,102.180315,221,relative,7,1.400000,0.200000,1.009339,0.076296,0.200000,0.000144,0.458450,0.000000,0.000000,0.000000,0.000000,0.000000,0.000000,0.000000,0.000000,0.335250,0.169345,1.680708,0.551487,0.263975,-0.472200,0.999725,-0.012339,0.016367,-0.011432,0.006079,-0.118924,-0.008797,0.265024,-0.019991,-0.111611,0.013318,-0.674089,0.093049,1.480708,0.551343,-0.194475,-0.472200,0.999725,-0.012339,0.016367,-0.011432,0.006079,-0.118924,-0.008797
6,102.180315,221,relative,8,1.600000,0.200000,1.006576,0.169550,0.200000,-0.027771,0.474094,0.000000,0.000000,0.000000,0.000000,0.000000,0.000000,0.000000,0.000000,0.450397,0.226882,1.586262,0.591470,0.311338,-0.472090,0.999848,-0.012100,0.003346,-0.012082,0.001923,-0.141251,-0.007283,0.264967,-0.006631,0.058031,0.011333,-0.556179,0.057332,1.386262,0.619241,-0.162756,-0.472090,0.999848,-0.012100,0.003346,-0.012082,0.001923,-0.141251,-0.007283
6,102.180315,221,relative,9,1.800000,0.200000,0.998231,0.265933,0.200000,-0.055686,0.489738,0.000000,0.000000,0.000000,0.000000,0.000000,0.000000,0.000000,0.000000,0.568252,0.293907,1.491854,0.578214,0.359050,-0.472057,0.999795,-0.012146,-0.010206,-0.012582,0.000460,-0.129646,-0.005994,0.288933,0.060093,0.073369,0.013045,-0.429979,0.027974,1.291854,0.633901,-0.130688,-0.472057,0.999795,-0.012146,-0.010206,-0.012582,0.000460,-0.129646,-0.005994
6,102.180315,221,relative,10,2.000000,0.050000,0.984302,0.365445,0.200000,-0.083602,0.505382,0.000000,0.000000,0.000000,0.000000,0.000000,0.000000,0.000000,0.000000,0.677795,0.370966,1.415111,0.508486,0.411303,-0.295643,0.999596,-0.011653,-0.022448,-0.012948,0.012380,-0.114977,-0.004511,0.361668,0.190043,0.024249,0.011444,-0.306507,0.005521,1.215111,0.592088,-0.094078,-0.295643,0.999596,-0.011653,-0.022448,-0.012948,0.012380,-0.114977,-0.004511
6,102.180315,221,relative,11,2.050000,0.050000,0.979947,0.390812,0.200000,-0.090581,0.509293,0.000000,0.000000,0.000000,0.000000,0.000000,0.000000,0.000000,0.000000,0.702440,0.391928,1.404788,0.476708,0.427084,-0.117329,0.999531,-0.011259,-0.025313,-0.013014,0.021864,-0.113767,-0.004186,0.265023,0.724077,-0.057698,0.011623,-0.277507,0.001116,1.204788,0.567289,-0.082209,-0.117329,0.999531,-0.011259,-0.025313,-0.013014,0.021864,-0.113767,-0.004186
6,102.180315,221,relative,12,2.100000,0.050000,0.975244,0.416375,0.200000,-0.097559,0.513204,0.000000,0.000000,0.000000,0.000000,0.000000,0.000000,0.000000,0.000000,0.725635,0.413561,1.398908,0.450601,0.438074,-0.117865,0.999464,-0.010296,-0.028206,-0.013056,0.058050,-0.116658,-0.003856,0.265206,-0.088879,1.042604,0.002312,-0.249609,-0.002814,1.198908,0.548161,-0.075130,-0.117865,0.999464,-0.010296,-0.028206,-0.013056,0.058050,-0.116658,-0.003856
6,102.180315,221,relative,13,2.150000,0.050000,0.970191,0.442132,0.200000,-0.104538,0.517115,0.000000,0.000000,0.000000,0.000000,0.000000,0.000000,0.000000,0.000000,0.747455,0.435715,1.393007,0.421808,0.447880,-0.118186,0.999410,-0.008928,-0.030489,-0.013089,0.053593,-0.064536,-0.003790,0.264523,-0.825035,0.903205,0.016740,-0.222736,-0.006417,1.193007,0.526346,-0.069235,-0.118186,0.999410,-0.008928,-0.030489,-0.013089,0.053593,-0.064536,-0.003790
6,102.180315,221,relative,14,2.200000,0.050000,0.964790,0.468086,0.200000,-0.111517,0.521026,0.000000,0.000000,0.000000,0.000000,0.000000,0.000000,0.000000,0.000000,0.767791,0.458329,1.387057,0.391452,0.456541,-0.119846,0.999383,-0.008115,-0.031549,-0.013143,0.012335,-0.019381,-0.003314,0.259690,0.236751,-0.115737,0.007983,-0.196999,-0.009757,1.187057,0.502969,-0.064485,-0.119846,0.999383,-0.008115,-0.031549,-0.013143,0.012335,-0.019381,-0.003314
6,102.180315,221,relative,15,2.250000,0.050000,0.959039,0.494235,0.200000,-0.118496,0.524937,0.000000,0.000000,0.000000,0.000000,0.000000,0.000000,0.000000,0.000000,0.786603,0.481358,1.380799,0.360969,0.464551,-0.130474,0.999368,-0.007664,-0.032112,-0.013204,0.024170,-0.025170,-0.003087,0.229465,-0.093013,0.064224,0.010459,-0.172436,-0.012877,1.180799,0.479465,-0.060386,-0.130474,0.999368,-0.007664,-0.032112,-0.013204,0.024170,-0.025170,-0.003087
6,102.180315,221,relative,16,2.300000,0.172923,0.952940,0.520580,0.200000,-0.125475,0.528848,0.000000,0.000000,0.000000,0.000000,0.000000,0.000000,0.000000,0.000000,0.803968,0.504753,1.372613,0.333519,0.471187,-0.196979,0.999352,-0.007124,-0.032708,-0.013255,0.019517,-0.021961,-0.002790,0.236487,-0.093354,0.096568,0.009746,-0.148972,-0.015826,1.172613,0.458994,-0.057661,-0.196979,0.999352,-0.007124,-0.032708,-0.013255,0.019517,-0.021961,-0.002790
6,102.180315,221,relative,17,2.472923,0.200000,0.929156,0.613199,0.200000,-0.149611,0.542374,0.000000,0.000000,0.000000,0.000000,0.000000,0.000000,0.000000,0.000000,0.852968,0.588097,1.322533,0.232599,0.492272,-0.382270,0.999316,-0.006144,-0.033899,-0.013414,0.003370,-0.005266,-0.001832,0.253168,-0.046106,0.097593,0.009218,-0.076188,-0.025102,1.122533,0.382209,-0.050102,-0.382270,0.999316,-0.006144,-0.033899,-0.013414,0.003370,-0.005266,-0.001832
6,102.180315,221,relative,18,2.672923,0.200000,0.896442,0.723238,0.200000,-0.177526,0.558018,0.000000,0.000000,0.000000,0.000000,0.000000,0.000000,0.000000,0.000000,0.886807,0.689012,1.236966,0.106082,0.516944,-0.473387,0.999329,-0.006258,-0.033449,-0.013552,-0.005851,0.014253,-0.000784,0.265577,-0.023668,0.116923,0.009228,-0.009635,-0.034227,1.036966,0.283608,-0.041074,-0.473387,0.999329,-0.006258,-0.033449,-0.013552,-0.005851,0.014253,-0.000784
6,102.180315,221,relative,19,2.872923,0.200000,0.858146,0.836406,0.200000,-0.205441,0.573662,0.000000,0.000000,0.000000,0.000000,0.000000,0.000000,0.000000,0.000000,0.895171,0.795124,1.142373,-0.020733,0.544675,-0.472440,0.999407,-0.007043,-0.030845,-0.013622,-0.010584,0.037638,0.000266,0.265336,0.023001,0.034653,0.006836,0.037026,-0.041282,0.942373,0.184708,-0.028987,-0.472440,0.999407,-0.007043,-0.030845,-0.013622,-0.010584,0.037638,0.000266
6,102.180315,221,relative,20,3.072923,0.200000,0.814266,0.952703,0.200000,-0.233356,0.589306,0.000000,0.000000,0.000000,0.000000,0.000000,0.000000,0.000000,0.000000,0.879463,0.907101,1.047865,-0.133649,0.575562,-0.472485,0.999520,-0.007816,-0.026725,-0.013611,-0.005988,0.044568,0.001043,0.265217,0.034733,0.002196,0.004045,0.065197,-0.045602,0.847865,0.099707,-0.013744,-0.472485,0.999520,-0.007816,-0.026725,-0.013611,-0.005988,0.044568,0.001043
6,102.180315,221,relative,21,3.272923,0.200000,0.764803,1.072129,0.200000,-0.261272,0.604950,0.000000,0.000000,0.000000,0.000000,0.000000,0.000000,0.000000,0.000000,0.842865,1.025466,0.953350,-0.229398,0.608175,-0.472529,0.999629,-0.008011,-0.022244,-0.013526,0.000950,0.045007,0.001503,0.265112,0.032778,-0.020518,0.001592,0.078062,-0.046663,0.753350,0.031874,0.003225,-0.472529,0.999629,-0.008011,-0.022244,-0.013526,0.000950,0.045007,0.001503
6,102.180315,221,relative,22,3.472923,0.200000,0.709757,1.194683,0.200000,-0.289187,0.620594,0.000000,0.000000,0.000000,0.000000,0.000000,0.000000,0.000000,0.000000,0.788869,1.150315,0.858828,-0.307762,0.639964,-0.472568,0.999721,-0.007534,-0.017954,-0.013392,0.007495,0.040904,0.001684,0.265028,0.017669,-0.019983,-0.003296,0.079111,-0.044368,0.658828,-0.018575,0.019369,-0.472568,0.999721,-0.007534,-0.017954,-0.013392,0.007495,0.040904,0.001684
6,102.180315,221,relative,23,3.672923,0.200000,0.649128,1.320367,0.200000,-0.317102,0.636238,0.000000,0.000000,0.000000,0.000000,0.000000,0.000000,0.000000,0.000000,0.720827,1.281236,0.764302,-0.370125,0.668573,-0.472604,0.999792,-0.006559,-0.014076,-0.013255,0.011020,0.036909,0.001309,0.264965,0.012438,-0.012789,-0.003176,0.071699,-0.039131,0.564302,-0.053023,0.032334,-0.472604,0.999792,-0.006559,-0.014076,-0.013255,0.011020,0.036909,0.001309
6,102.180315,221,relative,24,3.872923,0.200000,0.582916,1.449179,0.200000,-0.345018,0.651883,0.000000,0.000000,0.000000,0.000000,0.000000,0.000000,0.000000,0.000000,0.641782,1.417433,0.669771,-0.418015,0.692536,-0.472637,0.999844,-0.005287,-0.010529,-0.013149,0.013502,0.034354,0.000948,0.264920,0.006656,-0.020283,-0.002062,0.058866,-0.031746,0.469771,-0.072998,0.040653,-0.472637,0.999844,-0.005287,-0.010529,-0.013149,0.013502,0.034354,0.000948
6,102.180315,221,relative,25,4.072923,0.200000,0.511121,1.581120,0.200000,-0.372933,0.667527,0.000000,0.000000,0.000000,0.000000,0.000000,0.000000,0.000000,0.000000,0.554506,1.557877,0.575236,-0.452658,0.710922,-0.472665,0.999881,-0.003829,-0.007315,-0.013068,0.014829,0.030299,0.000714,0.264891,-0.007321,-0.016555,-0.001430,0.043385,-0.023243,0.375236,-0.079725,0.043396,-0.472665,0.999881,-0.003829,-0.007315,-0.013068,0.014829,0.030299,0.000714
6,102.180315,221,relative,26,4.272923,0.200000,0.433743,1.716189,0.200000,-0.400848,0.683171,0.000000,0.000000,0.000000,0.000000,0.000000,0.000000,0.000000,0.000000,0.461504,1.701402,0.480698,-0.475512,0.723361,-0.472687,0.999903,-0.002383,-0.004469,-0.013005,0.013362,0.026989,0.000551,0.264875,-0.016680,-0.028680,-0.001436,0.027761,-0.014787,0.280698,-0.074663,0.040190,-0.472687,0.999903,-0.002383,-0.004469,-0.013005,0.013362,0.026989,0.000551
6,102.180315,221,relative,27,4.472923,0.200000,0.350782,1.854388,0.200000,-0.428763,0.698815,0.000000,0.000000,0.000000,0.000000,0.000000,0.000000,0.000000,0.000000,0.364990,1.846860,0.386158,-0.488069,0.730409,-0.472704,0.999913,-0.001183,-0.002072,-0.012959,0.010024,0.021254,0.000388,0.264859,-0.021642,-0.041309,-0.001441,0.014208,-0.007528,0.186158,-0.059305,0.031594,-0.472704,0.999913,-0.001183,-0.002072,-0.012959,0.010024,0.021254,0.000388
6,102.180315,221,relative,28,4.672923,0.200000,0.262238,1.995715,0.200000,-0.456679,0.714459,0.000000,0.000000,0.000000,0.000000,0.000000,0.000000,0.000000,0.000000,0.266817,1.993293,0.291608,-0.492554,0.733377,-0.472791,0.999916,-0.000375,-0.000370,-0.012928,0.005695,0.012993,0.000224,0.288641,-0.023514,-0.053702,-0.001530,0.004580,-0.002423,0.091608,-0.035875,0.018918,-0.472791,0.999916,-0.000375,-0.000370,-0.012928,0.005695,0.012993,0.000224
6,102.180315,221,relative,29,4.872923,0.050000,0.168110,2.140171,0.200000,-0.484594,0.730103,0.000000,0.000000,0.000000,0.000000,0.000000,0.000000,0.000000,0.000000,0.168296,2.140062,0.214658,-0.492126,0.734065,-0.296711,0.999917,-0.000030,0.000388,-0.012915,0.000992,0.002252,0.000050,0.370782,-0.017143,-0.055782,-0.001999,0.000185,-0.000109,0.014658,-0.007532,0.003962,-0.296711,0.999917,-0.000030,0.000388,-0.012915,0.000992,0.002252,0.000050
6,102.180315,221,relative,30,4.922923,0.100000,0.143706,2.176774,0.200000,-0.491573,0.734014,0.000000,0.000000,0.000000,0.000000,0.000000,0.000000,0.000000,0.000000,0.143703,2.176766,0.204726,-0.491571,0.734087,-0.100577,0.999917,-0.000016,0.000409,-0.012914,0.000135,-0.000537,-0.000007,0,0,0,0,-0.000003,-0.000008,0.004726,0.000002,0.000073,-0.100577,0.999917,-0.000016,0.000409,-0.012914,0.000135,-0.000537,-0.000007
7,53.486031,106,relative,0,0.000000,0.199947,0.891206,-0.453599,0.200000,0.181440,0.356482,0.000000,0.000000,0.000000,0.000000,0.000000,0.000000,0.000000,0.000000,0.007297,0.004789,2.281364,0.037048,0.026917,-0.579590,0.999995,-0.002373,0.001899,-0.000609,-0.148898,0.150671,0.022652,0.246923,0.360567,-0.188474,0.008470,-0.883908,0.458388,2.081364,-0.144391,-0.329566,-0.579590,0.999995,-0.002373,0.001899,-0.000609,-0.148898,0.150671,0.022652
7,53.486031,106,relative,1,0.199947,0.199944,0.924634,-0.380871,0.200000,0.152929,0.370994,0.000000,0.000000,0.000000,0.000000,0.000000,0.000000,0.000000,0.000000,0.017120,0.012634,2.152150,0.069211,0.058449,-0.713146,0.999792,-0.013664,0.015071,0.001685,-0.077266,0.112590,0.023615,0.267269,0.274233,-0.327936,0.007139,-0.907514,0.393505,1.952150,-0.083718,-0.312545,-0.713146,0.999792,-0.013664,0.015071,0.001685,-0.077266,0.112590,0.023615
7,53.486031,106,relative,2,0.399891,0.199935,0.952361,-0.305242,0.200000,0.124418,0.385505,0.000000,0.000000,0.000000,0.000000,0.000000,0.000000,0.000000,0.000000,0.038175,0.030580,2.011103,0.146630,0.124391,-0.698028,0.999552,-0.018637,0.023063,0.004051,-0.022724,0.046839,0.024426,0.266354,0.162686,-0.359057,0.000031,-0.914186,0.335823,1.811103,0.022212,-0.261114,-0.698028,0.999552,-0.018637,0.023063,0.004051,-0.022724,0.046839,0.024426
7,53.486031,106,relative,3,0.599826,0.199940,0.974386,-0.226716,0.200000,0.095909,0.400015,0.000000,0.000000,0.000000,0.000000,0.000000,0.000000,0.000000,0.000000,0.076929,0.063028,1.872268,0.241753,0.200627,-0.690815,0.999501,-0.019232,0.024198,0.006486,0.009762,-0.024973,0.024430,0.266420,0.061126,-0.236753,-0.004045,-0.897457,0.289744,1.672268,0.145844,-0.199388,-0.690815,0.999501,-0.019232,0.024198,0.006486,0.009762,-0.024973,0.024430
7,53.486031,106,relative,4,0.799766,0.199949,0.990712,-0.145286,0.200000,0.067399,0.414526,0.000000,0.000000,0.000000,0.000000,0.000000,0.000000,0.000000,0.000000,0.134276,0.110611,1.734947,0.328712,0.274245,-0.682637,0.999618,-0.017546,0.019398,0.008959,0.022162,-0.072251,0.023970,0.265724,0.030038,-0.093546,-0.007698,-0.856436,0.255897,1.534947,0.261314,-0.140281,-0.682637,0.999618,-0.017546,0.019398,0.008959,0.022162,-0.072251,0.023970
7,53.486031,106,relative,5,0.999715,0.199932,1.001338,-0.060951,0.200000,0.038887,0.429038,0.000000,0.000000,0.000000,0.000000,0.000000,0.000000,0.000000,0.000000,0.206568,0.172086,1.598863,0.389080,0.338895,-0.678329,0.999760,-0.014897,0.011311,0.011404,0.028459,-0.090865,0.023095,0.296275,0.063025,-0.087440,-0.006610,-0.794770,0.233037,1.398863,0.350193,-0.090142,-0.678329,0.999760,-0.014897,0.011311,0.011404,0.028459,-0.090865,0.023095
7,53.486031,106,relative,6,1.199648,0.050098,1.006263,0.026278,0.200000,0.010378,0.443548,0.000000,0.000000,0.000000,0.000000,0.000000,0.000000,0.000000,0.000000,0.287863,0.245935,1.486375,0.416940,0.397115,-0.446769,0.999841,-0.011266,0.001435,0.013784,0.041403,-0.108227,0.022343,0.441601,0.196582,-0.022930,0.006526,-0.718400,0.219657,1.286375,0.406562,-0.046433,-0.446769,0.999841,-0.011266,0.001435,0.013784,0.041403,-0.108227,0.022343
7,53.486031,106,relative,7,1.249746,0.050097,1.006604,0.048590,0.200000,0.003235,0.447184,0.000000,0.000000,0.000000,0.000000,0.000000,0.000000,0.000000,0.000000,0.308767,0.266277,1.472202,0.416835,0.414627,-0.119036,0.999845,-0.010066,-0.001267,0.014375,0.051344,-0.109336,0.022529,0.236715,0.748461,-0.111471,0.006929,-0.697837,0.217687,1.272202,0.413600,-0.032557,-0.119036,0.999845,-0.010066,-0.001267,0.014375,0.051344,-0.109336,0.022529
7,53.486031,106,relative,8,1.299843,0.050193,1.006587,0.071083,0.200000,-0.003909,0.450820,0.000000,0.000000,0.000000,0.000000,0.000000,0.000000,0.000000,0.000000,0.329598,0.287258,1.464928,0.414393,0.422713,-0.171357,0.999846,-0.008269,-0.004043,0.014972,0.088936,-0.114860,0.022727,0.267947,-0.066921,1.008821,-0.002164,-0.676989,0.216175,1.264928,0.418302,-0.028106,-0.171357,0.999846,-0.008269,-0.004043,0.014972,0.088936,-0.114860,0.022727
7,53.486031,106,relative,9,1.350036,0.050119,1.006211,0.093803,0.200000,-0.011066,0.454462,0.000000,0.000000,0.000000,0.000000,0.000000,0.000000,0.000000,0.000000,0.350273,0.308661,1.456468,0.409051,0.429755,-0.165717,0.999841,-0.006048,-0.006252,0.015570,0.085654,-0.064149,0.022665,0.273466,-0.821114,0.885016,0.012265,-0.655939,0.214858,1.256468,0.420117,-0.024707,-0.165717,0.999841,-0.006048,-0.006252,0.015570,0.085654,-0.064149,0.022665
7,53.486031,106,relative,10,1.400155,0.050070,1.005477,0.116671,0.200000,-0.018212,0.458100,0.000000,0.000000,0.000000,0.000000,0.000000,0.000000,0.000000,0.000000,0.370602,0.330335,1.448561,0.402011,0.434860,-0.149835,0.999833,-0.004404,-0.007274,0.016159,0.044537,-0.019736,0.023014,0.255746,0.243981,-0.138796,0.003560,-0.634876,0.213664,1.248561,0.420224,-0.023239,-0.149835,0.999833,-0.004404,-0.007274,0.016159,0.044537,-0.019736,0.023014
7,53.486031,106,relative,11,1.450225,0.050086,1.004387,0.139699,0.200000,-0.025352,0.461734,0.000000,0.000000,0.000000,0.000000,0.000000,0.000000,0.000000,0.000000,0.390552,0.352201,1.440633,0.394803,0.438340,-0.166823,0.999824,-0.003131,-0.007831,0.016748,0.056774,-0.026641,0.023116,0.110856,-0.088771,0.040149,0.006056,-0.613835,0.212502,1.240633,0.420155,-0.023394,-0.166823,0.999824,-0.003131,-0.007831,0.016748,0.056774,-0.026641,0.023116
7,53.486031,106,relative,12,1.500311,0.199935,1.002938,0.162917,0.200000,-0.032494,0.465369,0.000000,0.000000,0.000000,0.000000,0.000000,0.000000,0.000000,0.000000,0.410243,0.374182,1.425122,0.391437,0.439284,-0.452552,0.999812,-0.001758,-0.008448,0.017341,0.052350,-0.024582,0.023288,0.246864,-0.095424,0.030203,-0.002645,-0.592695,0.211265,1.225122,0.423931,-0.026084,-0.452552,0.999812,-0.001758,-0.008448,0.017341,0.052350,-0.024582,0.023288
7,53.486031,106,relative,13,1.700246,0.199917,0.993592,0.257411,0.200000,-0.061003,0.479879,0.000000,0.000000,0.000000,0.000000,0.000000,0.000000,0.000000,0.000000,0.485147,0.462009,1.321281,0.356639,0.436623,-0.586228,0.999748,0.002542,-0.010517,0.019693,0.033347,-0.018393,0.022987,0.265050,-0.190686,-0.046726,-0.006995,-0.508444,0.204599,1.121281,0.417642,-0.043256,-0.586228,0.999748,0.002542,-0.010517,0.019693,0.033347,-0.018393,0.022987
7,53.486031,106,relative,14,1.900162,0.199934,0.978546,0.354797,0.200000,-0.089510,0.494388,0.000000,0.000000,0.000000,0.000000,0.000000,0.000000,0.000000,0.000000,0.552082,0.547897,1.204163,0.311522,0.421613,-0.585474,0.999669,0.003995,-0.012797,0.021958,-0.004695,-0.027685,0.022192,0.267501,-0.100776,0.066752,-0.007641,-0.426464,0.193100,1.004163,0.401032,-0.072776,-0.585474,0.999669,0.003995,-0.012797,0.021958,-0.004695,-0.027685,0.022192
7,53.486031,106,relative,15,2.100097,0.199930,0.957800,0.455093,0.200000,-0.118019,0.508899,0.000000,0.000000,0.000000,0.000000,0.000000,0.000000,0.000000,0.000000,0.609007,0.630612,1.088976,0.256488,0.406720,-0.566814,0.999595,0.002541,-0.014941,0.024104,-0.024774,-0.014387,0.021324,0.266747,-0.025591,0.015525,-0.010420,-0.348793,0.175520,0.888976,0.374507,-0.102178,-0.566814,0.999595,0.002541,-0.014941,0.024104,-0.024774,-0.014387,0.021324
7,53.486031,106,relative,16,2.300027,0.199926,0.931355,0.558287,0.200000,-0.146528,0.523409,0.000000,0.000000,0.000000,0.000000,0.000000,0.000000,0.000000,0.000000,0.654218,0.711116,0.976947,0.194835,0.400352,-0.553890,0.999526,-0.000188,-0.016298,0.026131,-0.029850,-0.011369,0.020140,0.267158,0.008315,0.009910,-0.013429,-0.277137,0.152829,0.776947,0.341363,-0.123057,-0.553890,0.999526,-0.000188,-0.016298,0.026131,-0.029850,-0.011369,0.020140
7,53.486031,106,relative,17,2.499953,0.199922,0.899210,0.664381,0.200000,-0.175036,0.537919,0.000000,0.000000,0.000000,0.000000,0.000000,0.000000,0.000000,0.000000,0.686561,0.791442,0.867793,0.127934,0.405079,-0.538087,0.999451,-0.003090,-0.017415,0.028020,-0.028157,-0.009473,0.018613,0.267474,0.025004,0.010082,-0.015960,-0.212649,0.127062,0.667793,0.302970,-0.132840,-0.538087,0.999451,-0.003090,-0.017415,0.028020,-0.028157,-0.009473,0.018613
7,53.486031,106,relative,18,2.699875,0.199918,0.861367,0.773373,0.200000,-0.203543,0.552428,0.000000,0.000000,0.000000,0.000000,0.000000,0.000000,0.000000,0.000000,0.705074,0.873804,0.762014,0.056605,0.420514,-0.520152,0.999373,-0.005659,-0.018331,0.029747,-0.023135,-0.007526,0.016799,0.267892,0.026353,0.027002,-0.020824,-0.156293,0.100431,0.562014,0.260148,-0.131915,-0.520152,0.999373,-0.005659,-0.018331,0.029747,-0.023135,-0.007526,0.016799
7,53.486031,106,relative,19,2.899794,0.199915,0.817826,0.885264,0.200000,-0.232050,0.566937,0.000000,0.000000,0.000000,0.000000,0.000000,0.000000,0.000000,0.000000,0.708960,0.960182,0.660110,-0.018130,0.444949,-0.499333,0.999303,-0.007721,-0.018867,0.031272,-0.017855,-0.002177,0.014433,0.268456,0.035427,0.042410,-0.020621,-0.108866,0.074918,0.460110,0.213921,-0.121989,-0.499333,0.999303,-0.007721,-0.018867,0.031272,-0.017855,-0.002177,0.014433
7,53.486031,106,relative,20,3.099709,0.199913,0.768586,1.000054,0.200000,-0.260557,0.581446,0.000000,0.000000,0.000000,0.000000,0.000000,0.000000,0.000000,0.000000,0.697733,1.052178,0.562770,-0.094111,0.476356,-0.474487,0.999252,-0.009182,-0.018697,0.032568,-0.010777,0.006272,0.012089,0.269253,0.041347,0.034881,-0.019364,-0.070853,0.052124,0.362770,0.166446,-0.105090,-0.474487,0.999252,-0.009182,-0.018697,0.032568,-0.010777,0.006272,0.012089
7,53.486031,106,relative,21,3.299622,0.199911,0.713648,1.117743,0.200000,-0.289063,0.595955,0.000000,0.000000,0.000000,0.000000,0.000000,0.000000,0.000000,0.000000,0.671452,1.150944,0.470987,-0.168196,0.512222,-0.443736,0.999228,-0.009899,-0.017735,0.033643,-0.002527,0.013234,0.009888,0.270478,0.034581,0.030213,-0.018528,-0.042196,0.033201,0.270987,0.120867,-0.083733,-0.443736,0.999228,-0.009899,-0.017735,0.033643,-0.002527,0.013234,0.009888
7,53.486031,106,relative,22,3.499532,0.199908,0.653012,1.238331,0.200000,-0.317569,0.610464,0.000000,0.000000,0.000000,0.000000,0.000000,0.000000,0.000000,0.000000,0.630795,1.257088,0.386270,-0.237468,0.549705,-0.403767,0.999226,-0.009878,-0.016099,0.034511,0.004364,0.019275,0.007783,0.272579,0.040510,0.030999,-0.016863,-0.022216,0.018757,0.186270,0.080101,-0.060759,-0.403767,0.999226,-0.009878,-0.016099,0.034511,0.004364,0.019275,0.007783
7,53.486031,106,relative,23,3.699440,0.199905,0.586678,1.361817,0.200000,-0.346074,0.624972,0.000000,0.000000,0.000000,0.000000,0.000000,0.000000,0.000000,0.000000,0.576981,1.370670,0.311126,-0.299385,0.586183,-0.347972,0.999243,-0.009127,-0.013829,0.035184,0.012440,0.025481,0.005866,0.277504,0.017256,-0.013599,-0.016898,-0.009697,0.008853,0.111126,0.046690,-0.038790,-0.347972,0.999243,-0.009127,-0.013829,0.035184,0.012440,0.025481,0.005866
7,53.486031,106,relative,24,3.899346,0.199885,0.514647,1.488203,0.200000,-0.374579,0.639481,0.000000,0.000000,0.000000,0.000000,0.000000,0.000000,0.000000,0.000000,0.511676,1.491240,0.250813,-0.352256,0.619236,-0.255383,0.999268,-0.007805,-0.011365,0.035671,0.015871,0.022772,0.003946,0.267771,-0.000440,-0.035859,-0.017055,-0.002970,0.003037,0.050813,0.022323,-0.020245,-0.255383,0.999268,-0.007805,-0.011365,0.035671,0.015871,0.022772,0.003946
7,53.486031,106,relative,25,4.099231,0.199842,0.436925,1.617475,0.200000,-0.403082,0.653988,0.000000,0.000000,0.000000,0.000000,0.000000,0.000000,0.000000,0.000000,0.436947,1.617757,0.201846,-0.394133,0.645710,-0.234529,0.999289,-0.006297,-0.009389,0.035971,0.015774,0.015612,0.002008,0.335320,-0.013758,-0.017627,-0.005446,0.000021,0.000282,0.001846,0.008949,-0.008277,-0.234529,0.999289,-0.006297,-0.009389,0.035971,0.015774,0.015612,0.002008
7,53.486031,106,relative,26,4.299073,0.103639,0.353525,1.749619,0.200000,-0.431578,0.668491,0.000000,0.000000,0.000000,0.000000,0.000000,0.000000,0.000000,0.000000,0.353677,1.749519,0.207024,-0.437993,0.671850,0.286382,0.999303,-0.004910,-0.007953,0.036145,0.013021,0.012093,0.001389,0.080355,-0.016293,-0.014267,-0.005239,0.000152,-0.000100,0.007024,-0.006415,0.003359,0.286382,0.999303,-0.004910,-0.007953,0.036145,0.013021,0.012093,0.001389
7,53.486031,106,relative,27,4.402711,0.075695,0.308031,1.819290,0.200000,-0.446356,0.676013,0.000000,0.000000,0.000000,0.000000,0.000000,0.000000,0.000000,0.000000,0.308031,1.819290,0.200000,-0.442805,0.674515,-0.421921,0.999308,-0.004302,-0.007342,0.036211,0.011332,0.010616,0.001080,0.599759,-0.014353,-0.008137,-0.005067,-0.000000,-0.000000,0.000000,0.003550,-0.001498,-0.421921,0.999308,-0.004302,-0.007342,0.036211,0.011332,0.010616,0.001080
7,53.486031,106,relative,28,4.478406,0.098057,0.273836,1.870669,0.200000,-0.457149,0.681507,0.000000,0.000000,0.000000,0.000000,0.000000,0.000000,0.000000,0.000000,0.273578,1.870844,0.203588,-0.467290,0.687428,0.516716,0.999311,-0.003908,-0.006937,0.036250,0.010245,0.010000,0.000862,0.080762,-0.017222,-0.013078,-0.004895,-0.000258,0.000175,0.003588,-0.010141,0.005922,0.516716,0.999311,-0.003908,-0.006937,0.036250,0.010245,0.010000,0.000862
7,53.486031,106,relative,29,4.576463,0.199859,0.228324,1.937844,0.200000,-0.471132,0.688623,0.000000,0.000000,0.000000,0.000000,0.000000,0.000000,0.000000,0.000000,0.227558,1.938352,0.221471,-0.471293,0.689443,-0.151950,0.999315,-0.003464,-0.006462,0.036286,0.008555,0.008718,0.000589,0.272163,-0.032104,-0.028966,-0.004739,-0.000766,0.000508,0.021471,-0.000161,0.000820,-0.151950,0.999315,-0.003464,-0.006462,0.036286,0.008555,0.008718,0.000589
7,53.486031,106,relative,30,4.776323,0.100000,0.131316,2.076921,0.200000,-0.499630,0.703128,0.000000,0.000000,0.000000,0.000000,0.000000,0.000000,0.000000,0.000000,0.130819,2.077357,0.196477,-0.496360,0.701258,-0.098159,0.999319,-0.002952,-0.005861,0.036320,0.002139,0.002930,0.000051,0,0,0,0,-0.000497,0.000436,-0.003523,0.003270,-0.001870,-0.098159,0.999319,-0.002952,-0.005861,0.036320,0.002139,0.002930,0.000051
8,57.990482,135,relative,0,0.000000,0.200000,0.901834,-0.432084,0.200000,0.172833,0.360733,0.000000,0.000000,0.000000,0.000000,0.000000,0.000000,0.000000,0.000000,0.009487,0.006353,2.238203,0.056335,0.045380,-0.743652,0.999872,-0.011122,0.011476,-0.000377,-0.131104,0.121969,-0.010832,0.288115,0.223703,-0.410708,-0.106231,-0.892347,0.438436,2.038203,-0.116498,-0.315354,-0.743652,0.999872,-0.011122,0.011476,-0.000377,-0.131104,0.121969,-0.010832
8,57.990482,135,relative,1,0.200000,0.200000,0.933514,-0.358554,0.200000,0.143975,0.374560,0.000000,0.000000,0.000000,0.000000,0.000000,0.000000,0.000000,0.000000,0.027098,0.021876,2.106493,0.125556,0.117561,-0.573883,0.999565,-0.022003,0.019559,-0.002020,-0.086169,0.040098,-0.022910,0.265273,0.145534,-0.295213,-0.097480,-0.906416,0.380430,1.906493,-0.018419,-0.256999,-0.573883,0.999565,-0.022003,0.019559,-0.002020,-0.086169,0.040098,-0.022910
8,57.990482,135,relative,2,0.399999,0.200000,0.959423,-0.282260,0.200000,0.115116,0.388387,0.000000,0.000000,0.000000,0.000000,0.000000,0.000000,0.000000,0.000000,0.060247,0.055046,1.991612,0.206659,0.218816,-0.575204,0.999350,-0.029213,0.020580,-0.004741,-0.057024,-0.018639,-0.033993,0.265543,0.218924,-0.067506,-0.077474,-0.899176,0.337306,1.791612,0.091543,-0.169571,-0.575204,0.999350,-0.029213,0.020580,-0.004741,-0.057024,-0.018639,-0.033993
8,57.990482,135,relative,3,0.599999,0.199999,0.979561,-0.203200,0.200000,0.086258,0.402213,0.000000,0.000000,0.000000,0.000000,0.000000,0.000000,0.000000,0.000000,0.109442,0.110863,1.876542,0.283665,0.341678,-0.575575,0.999264,-0.032821,0.017955,-0.008429,-0.013388,-0.031940,-0.042802,0.294254,0.690213,-0.089093,-0.066938,-0.870118,0.314063,1.676542,0.197408,-0.060536,-0.575575,0.999264,-0.032821,0.017955,-0.008429,-0.013388,-0.031940,-0.042802
8,57.990482,135,relative,4,0.799998,0.050001,0.993926,-0.121375,0.200000,0.057399,0.416040,0.000000,0.000000,0.000000,0.000000,0.000000,0.000000,0.000000,0.000000,0.173582,0.193134,1.782620,0.354676,0.477086,-0.363314,0.999446,-0.027393,0.013652,-0.013043,0.124363,-0.050165,-0.050413,0.390199,-0.086366,1.029857,-0.019170,-0.820344,0.314509,1.582620,0.297277,0.061046,-0.363314,0.999446,-0.027393,0.013652,-0.013043,0.124363,-0.050165,-0.050413
8,57.990482,135,relative,5,0.850000,0.050002,0.996616,-0.100486,0.200000,0.050184,0.419497,0.000000,0.000000,0.000000,0.000000,0.000000,0.000000,0.000000,0.000000,0.191810,0.217935,1.770225,0.374256,0.514196,-0.132437,0.999516,-0.024365,0.012964,-0.014334,0.119997,0.001095,-0.050958,0.137913,-0.897366,0.888354,-0.003886,-0.804806,0.318421,1.570225,0.324072,0.094699,-0.132437,0.999516,-0.024365,0.012964,-0.014334,0.119997,0.001095,-0.050958
8,57.990482,135,relative,6,0.900002,0.199999,0.998945,-0.079424,0.200000,0.042969,0.422954,0.000000,0.000000,0.000000,0.000000,0.000000,0.000000,0.000000,0.000000,0.210695,0.243943,1.757715,0.381135,0.525868,-0.367912,0.999546,-0.021935,0.013478,-0.015654,0.075172,0.045325,-0.051068,0.289454,0.097773,-0.117610,-0.050301,-0.788250,0.323367,1.557715,0.338165,0.102915,-0.367912,0.999546,-0.021935,0.013478,-0.015654,0.075172,0.045325,-0.051068
8,57.990482,135,relative,7,1.100001,0.050003,1.004653,0.006549,0.200000,0.014111,0.436780,0.000000,0.000000,0.000000,0.000000,0.000000,0.000000,0.000000,0.000000,0.293368,0.357264,1.702089,0.447755,0.601187,-0.188201,0.999547,-0.013451,0.016547,-0.021235,0.094997,0.021105,-0.056787,0.080018,-0.006678,-0.097902,-0.012914,-0.711284,0.350715,1.502089,0.433644,0.164407,-0.188201,0.999547,-0.013451,0.016547,-0.021235,0.094997,0.021105,-0.056787
8,57.990482,135,relative,8,1.150004,0.200000,1.005178,0.028476,0.200000,0.006896,0.440237,0.000000,0.000000,0.000000,0.000000,0.000000,0.000000,0.000000,0.000000,0.315883,0.387417,1.684116,0.452798,0.604713,-0.530670,0.999537,-0.011094,0.016941,-0.022704,0.094703,0.016005,-0.057154,0.259031,0.164884,-0.471749,-0.029005,-0.689295,0.358941,1.484116,0.445902,0.164476,-0.530670,0.999537,-0.011094,0.016941,-0.022704,0.094703,0.016005,-0.057154
8,57.990482,135,relative,9,1.350004,0.200000,1.003671,0.117906,0.200000,-0.021963,0.454064,0.000000,0.000000,0.000000,0.000000,0.000000,0.000000,0.000000,0.000000,0.412874,0.511157,1.573526,0.514728,0.625706,-0.575087,0.999496,-0.000168,0.013457,-0.028749,0.127393,-0.079338,-0.060452,0.265004,-0.097603,-0.263637,-0.027168,-0.590797,0.393251,1.373526,0.536691,0.171642,-0.575087,0.999496,-0.000168,0.013457,-0.028749,0.127393,-0.079338,-0.060452
8,57.990482,135,relative,10,1.550003,0.200000,0.996393,0.210101,0.200000,-0.050822,0.467890,0.000000,0.000000,0.000000,0.000000,0.000000,0.000000,0.000000,0.000000,0.519793,0.634688,1.458557,0.547037,0.602401,-0.574579,0.999318,0.011150,0.002499,-0.035111,0.106871,-0.133167,-0.063541,0.265089,-0.198163,0.001067,-0.021296,-0.476600,0.424587,1.258557,0.597858,0.134511,-0.574579,0.999318,0.011150,0.002499,-0.035111,0.106871,-0.133167,-0.063541
8,57.990482,135,relative,11,1.750003,0.200000,0.983343,0.305062,0.200000,-0.079680,0.481717,0.000000,0.000000,0.000000,0.000000,0.000000,0.000000,0.000000,0.000000,0.628194,0.749625,1.343716,0.527828,0.542006,-0.574063,0.998880,0.019298,-0.011069,-0.041756,0.065926,-0.133802,-0.065962,0.265339,-0.209966,0.113764,-0.016591,-0.355149,0.444563,1.143716,0.607508,0.060289,-0.574063,0.998880,0.019298,-0.011069,-0.041756,0.065926,-0.133802,-0.065962
8,57.990482,135,relative,12,1.950002,0.200000,0.964521,0.402788,0.200000,-0.108539,0.495544,0.000000,0.000000,0.000000,0.000000,0.000000,0.000000,0.000000,0.000000,0.727361,0.850058,1.228981,0.455585,0.460174,-0.573683,0.998272,0.023284,-0.023373,-0.048629,0.022687,-0.111498,-0.067849,0.265619,-0.200265,0.184621,-0.010799,-0.237160,0.447271,1.028981,0.564123,-0.035370,-0.573683,0.998272,0.023284,-0.023373,-0.048629,0.022687,-0.111498,-0.067849
8,57.990482,135,relative,13,2.150002,0.199999,0.939927,0.503279,0.200000,-0.137398,0.509370,0.000000,0.000000,0.000000,0.000000,0.000000,0.000000,0.000000,0.000000,0.807501,0.933368,1.114297,0.339746,0.373427,-0.573494,0.997649,0.023209,-0.032510,-0.055678,-0.018333,-0.074596,-0.069077,0.265788,-0.162461,0.201340,-0.004344,-0.132426,0.430089,0.914297,0.477143,-0.135944,-0.573494,0.997649,0.023209,-0.032510,-0.055678,-0.018333,-0.074596,-0.069077
8,57.990482,135,relative,14,2.350001,0.199999,0.909562,0.606535,0.200000,-0.166256,0.523197,0.000000,0.000000,0.000000,0.000000,0.000000,0.000000,0.000000,0.000000,0.861371,1.000093,0.999612,0.195698,0.296526,-0.573494,0.997123,0.019655,-0.037567,-0.062836,-0.051396,-0.033960,-0.069570,0.265782,-0.118021,0.189197,-0.000599,-0.048191,0.393558,0.799612,0.361954,-0.226671,-0.573494,0.997123,0.019655,-0.037567,-0.062836,-0.051396,-0.033960,-0.069570
8,57.990482,135,relative,15,2.550001,0.199999,0.873425,0.712557,0.200000,-0.195115,0.537024,0.000000,0.000000,0.000000,0.000000,0.000000,0.000000,0.000000,0.000000,0.885055,1.053399,0.884889,0.040730,0.240772,-0.573652,0.996709,0.013515,-0.038497,-0.070044,-0.075156,0.004548,-0.069639,0.265631,-0.070157,0.159398,0.007726,0.011630,0.340842,0.684889,0.235845,-0.296252,-0.573652,0.996709,0.013515,-0.038497,-0.070044,-0.075156,0.004548,-0.069639
8,57.990482,135,relative,16,2.750000,0.199999,0.831516,0.821344,0.200000,-0.223973,0.550850,0.000000,0.000000,0.000000,0.000000,0.000000,0.000000,0.000000,0.000000,0.878040,1.098309,0.770109,-0.108737,0.213457,-0.573913,0.996356,0.005749,-0.035741,-0.077229,-0.088968,0.037290,-0.068760,0.265417,-0.028400,0.115215,0.016759,0.046524,0.276966,0.570109,0.115236,-0.337393,-0.573913,0.996356,0.005749,-0.035741,-0.077229,-0.088968,0.037290,-0.068760
8,57.990482,135,relative,17,2.950000,0.199999,0.783836,0.932896,0.200000,-0.252832,0.564677,0.000000,0.000000,0.000000,0.000000,0.000000,0.000000,0.000000,0.000000,0.842861,1.140913,0.655271,-0.238913,0.217977,-0.574216,0.995984,-0.002749,-0.030081,-0.084281,-0.094141,0.061275,-0.066855,0.265234,-0.000118,0.069696,0.025054,0.059025,0.208016,0.455271,0.013919,-0.346700,-0.574216,0.995984,-0.002749,-0.030081,-0.084281,-0.094141,0.061275,-0.066855
8,57.990482,135,relative,18,3.149999,0.199999,0.730384,1.047214,0.200000,-0.281691,0.578504,0.000000,0.000000,0.000000,0.000000,0.000000,0.000000,0.000000,0.000000,0.784445,1.187647,0.540381,-0.339743,0.254633,-0.574499,0.995525,-0.011315,-0.022462,-0.091093,-0.093483,0.076146,-0.064006,0.265148,0.033372,0.040177,0.033719,0.054062,0.140433,0.340381,-0.058053,-0.323871,-0.574499,0.995525,-0.011315,-0.022462,-0.091093,-0.093483,0.076146,-0.064006
8,57.990482,135,relative,19,3.349998,0.199999,0.671160,1.164297,0.200000,-0.310549,0.592330,0.000000,0.000000,0.000000,0.000000,0.000000,0.000000,0.000000,0.000000,0.709348,1.244792,0.425455,-0.404949,0.321596,-0.574714,0.994947,-0.019375,-0.013690,-0.097561,-0.086049,0.085028,-0.060172,0.265198,0.116972,0.011646,0.039385,0.038188,0.080495,0.225455,-0.094400,-0.270734,-0.574714,0.994947,-0.019375,-0.013690,-0.097561,-0.086049,0.085028,-0.060172
8,57.990482,135,relative,20,3.549998,0.200000,0.606164,1.284145,0.200000,-0.339408,0.606157,0.000000,0.000000,0.000000,0.000000,0.000000,0.000000,0.000000,0.000000,0.625058,1.318014,0.310523,-0.431432,0.414242,-0.574692,0.994275,-0.025809,-0.004471,-0.103589,-0.061894,0.088009,-0.055694,0.296244,0.477128,-0.204177,0.042276,0.018893,0.033869,0.110523,-0.092024,-0.191914,-0.574692,0.994275,-0.025809,-0.004471,-0.103589,-0.061894,0.088009,-0.055694
8,57.990482,135,relative,21,3.749997,0.050001,0.535397,1.406759,0.200000,-0.368266,0.619983,0.000000,0.000000,0.000000,0.000000,0.000000,0.000000,0.000000,0.000000,0.539224,1.412631,0.218507,-0.421859,0.531876,-0.345493,0.993679,-0.026466,0.002260,-0.109075,0.034082,0.047292,-0.050888,0.269726,1.207014,0.028638,0.012563,0.003827,0.005872,0.018507,-0.053593,-0.088107,-0.345493,0.993679,-0.026466,0.002260,-0.109075,0.034082,0.047292,-0.050888
8,57.990482,135,relative,22,3.799998,0.050008,0.516803,1.437845,0.200000,-0.375481,0.623440,0.000000,0.000000,0.000000,0.000000,0.000000,0.000000,0.000000,0.000000,0.518266,1.439864,0.201439,-0.416298,0.557112,-0.337169,0.993577,-0.024740,0.003242,-0.110370,0.094526,0.048600,-0.050531,0.599998,1.594330,-1.988739,0.052123,0.001463,0.002019,0.001439,-0.040817,-0.066328,-0.337169,0.993577,-0.024740,0.003242,-0.110370,0.094526,0.048600,-0.050531
8,57.990482,135,relative,23,3.850006,0.050002,0.497846,1.469109,0.200000,-0.382697,0.626897,0.000000,0.000000,0.000000,0.000000,0.000000,0.000000,0.000000,0.000000,0.497778,1.469016,0.200066,-0.403393,0.607578,0.282313,0.993517,-0.021409,0.002809,-0.111617,0.174253,-0.051106,-0.049049,0.080072,-0.228052,-0.048122,0.030705,-0.000068,-0.000093,0.000066,-0.020697,-0.019319,0.282313,0.993517,-0.021409,0.002809,-0.111617,0.174253,-0.051106,-0.049049
8,57.990482,135,relative,24,3.900008,0.199998,0.478530,1.500541,0.200000,-0.389912,0.630354,0.000000,0.000000,0.000000,0.000000,0.000000,0.000000,0.000000,0.000000,0.477640,1.499542,0.205623,-0.402186,0.613221,-0.060031,0.993464,-0.017373,0.001009,-0.112807,0.162753,-0.053823,-0.048176,0.274130,-0.378272,0.045128,0.076615,-0.000890,-0.000999,0.005623,-0.012274,-0.017133,-0.060031,0.993464,-0.017373,0.001009,-0.112807,0.162753,-0.053823,-0.048176
8,57.990482,135,relative,25,4.100006,0.199994,0.397662,1.627993,0.200000,-0.418770,0.644181,0.000000,0.000000,0.000000,0.000000,0.000000,0.000000,0.000000,0.000000,0.397283,1.627413,0.200404,-0.406599,0.658046,0.007997,0.993092,-0.005544,-0.005416,-0.117080,0.086767,-0.045636,-0.039465,0.264992,-0.305644,0.123333,0.076895,-0.000379,-0.000581,0.000404,0.012171,0.013865,0.007997,0.993092,-0.005544,-0.005416,-0.117080,0.086767,-0.045636,-0.039465
8,57.990482,135,relative,26,4.300000,0.199994,0.311025,1.758208,0.200000,-0.447628,0.658007,0.000000,0.000000,0.000000,0.000000,0.000000,0.000000,0.000000,0.000000,0.313387,1.760641,0.202068,-0.435384,0.671227,0.008626,0.992667,-0.000345,-0.009415,-0.120514,0.025459,-0.021276,-0.030722,0.264190,-0.170758,0.127753,0.071986,0.002362,0.002433,0.002068,0.012245,0.013220,0.008626,0.992667,-0.000345,-0.009415,-0.120514,0.025459,-0.021276,-0.030722
8,57.990482,135,relative,27,4.499994,0.199992,0.218616,1.891188,0.200000,-0.476486,0.671833,0.000000,0.000000,0.000000,0.000000,0.000000,0.000000,0.000000,0.000000,0.222429,1.895293,0.203250,-0.474889,0.674941,0.003186,0.992334,0.000408,-0.010363,-0.123149,-0.008729,0.004236,-0.022538,0.265711,-0.067606,0.072591,0.066096,0.003813,0.004105,0.003250,0.001597,0.003108,0.003186,0.992334,0.000408,-0.010363,-0.123149,-0.008729,0.004236,-0.022538
8,57.990482,135,relative,28,4.699986,0.199979,0.120438,2.026932,0.200000,-0.505343,0.685659,0.000000,0.000000,0.000000,0.000000,0.000000,0.000000,0.000000,0.000000,0.123527,2.030747,0.204471,-0.513191,0.680455,0.009035,0.992112,-0.000966,-0.009028,-0.125028,-0.022218,0.018797,-0.015023,0.266701,-0.000662,0.017831,0.064250,0.003089,0.003815,0.004471,-0.007847,-0.005205,0.009035,0.992112,-0.000966,-0.009028,-0.125028,-0.022218,0.018797,-0.015023
8,57.990482,135,relative,29,4.899965,0.199892,0.016494,2.165432,0.200000,-0.534199,0.699485,0.000000,0.000000,0.000000,0.000000,0.000000,0.000000,0.000000,0.000000,0.017733,2.167868,0.207605,-0.543179,0.691973,0.022329,0.991981,-0.002906,-0.006707,-0.126177,-0.022315,0.022401,-0.007719,0.248383,0.100710,-0.093576,0.063412,0.001239,0.002436,0.007605,-0.008981,-0.007512,0.022329,0.991981,-0.002906,-0.006707,-0.126177,-0.022315,0.022401,-0.007719
8,57.990482,135,relative,30,5.099857,0.100000,-0.093170,2.306634,0.200000,-0.563042,0.713304,0.000000,0.000000,0.000000,0.000000,0.000000,0.000000,0.000000,0.000000,-0.092891,2.307708,0.199851,-0.562703,0.707719,-0.099903,0.991932,-0.003953,-0.005259,-0.126597,-0.002174,0.003706,-0.000513,0,0,0,0,0.000279,0.001074,-0.000149,0.000339,-0.005585,-0.099903,0.991932,-0.003953,-0.005259,-0.126597,-0.002174,0.003706,-0.000513
9,61.984578,132,relative,0,0.000000,0.145887,0.910293,-0.413964,0.200000,0.165585,0.364117,0.000000,0.000000,0.000000,0.000000,0.000000,0.000000,0.000000,0.000000,0.012414,0.008641,2.190828,0.071838,0.063477,-0.697754,0.999821,-0.013924,0.012793,-0.000860,-0.050655,-0.050451,0.002416,0.350345,-0.003559,0.926292,-0.058244,-0.897879,0.422605,1.990828,-0.093747,-0.300641,-0.697754,0.999821,-0.013924,0.012793,-0.000860,-0.050655,-0.050451,0.002416
9,61.984578,132,relative,1,0.145887,0.059463,0.932900,-0.360139,0.200000,0.144337,0.373780,0.000000,0.000000,0.000000,0.000000,0.000000,0.000000,0.000000,0.000000,0.026318,0.022084,2.122617,0.119570,0.123157,-0.237465,0.999745,-0.017636,0.014043,-0.000835,-0.051169,0.084683,-0.002414,0.123691,-0.861877,0.861036,-0.018606,-0.906582,0.382223,1.922617,-0.024768,-0.250623,-0.237465,0.999745,-0.017636,0.014043,-0.000835,-0.051169,0.084683,-0.002414
9,61.984578,132,relative,2,0.205350,0.199841,0.941225,-0.337796,0.200000,0.135677,0.377719,0.000000,0.000000,0.000000,0.000000,0.000000,0.000000,0.000000,0.000000,0.033672,0.029703,2.099243,0.128051,0.133307,-0.548709,0.999651,-0.019916,0.017322,-0.000942,-0.102405,0.135892,-0.003043,0.301422,0.302852,-0.244817,-0.098032,-0.907554,0.367499,1.899243,-0.007626,-0.244412,-0.548709,0.999651,-0.019916,0.017322,-0.000942,-0.102405,0.135892,-0.003043
9,61.984578,132,relative,3,0.405191,0.093784,0.965431,-0.260990,0.200000,0.106571,0.390955,0.000000,0.000000,0.000000,0.000000,0.000000,0.000000,0.000000,0.000000,0.068826,0.066501,2.016178,0.232060,0.240287,-0.283237,0.999226,-0.027122,0.028442,-0.001905,-0.041744,0.087054,-0.014181,0.129783,0.056991,-0.126110,-0.037791,-0.896604,0.327491,1.816178,0.125490,-0.150668,-0.283237,0.999226,-0.027122,0.028442,-0.001905,-0.041744,0.087054,-0.014181
9,61.984578,132,relative,4,0.498974,0.199936,0.974785,-0.224033,0.200000,0.092911,0.397167,0.000000,0.000000,0.000000,0.000000,0.000000,0.000000,0.000000,0.000000,0.091849,0.090206,1.967542,0.259486,0.265505,-0.753999,0.999057,-0.028964,0.032228,-0.002667,-0.036311,0.075269,-0.016196,0.281822,0.368169,-0.465774,-0.064959,-0.882936,0.314239,1.767542,0.166575,-0.131662,-0.753999,0.999057,-0.028964,0.032228,-0.002667,-0.036311,0.075269,-0.016196
9,61.984578,132,relative,5,0.698911,0.199902,0.990450,-0.143301,0.200000,0.063791,0.410409,0.000000,0.000000,0.000000,0.000000,0.000000,0.000000,0.000000,0.000000,0.157919,0.155570,1.828492,0.403413,0.388288,-0.637076,0.998955,-0.028968,0.035036,-0.004742,0.037377,-0.017865,-0.023579,0.263841,0.265439,-0.344521,-0.053408,-0.832531,0.298871,1.628492,0.339622,-0.022121,-0.637076,0.998955,-0.028968,0.035036,-0.004742,0.037377,-0.017865,-0.023579
9,61.984578,132,relative,6,0.898813,0.199872,1.000292,-0.059936,0.200000,0.034676,0.423649,0.000000,0.000000,0.000000,0.000000,0.000000,0.000000,0.000000,0.000000,0.251821,0.243773,1.699639,0.532620,0.490077,-0.651655,0.999273,-0.022715,0.029693,-0.007473,0.090222,-0.086997,-0.029648,0.264570,0.176508,-0.274612,-0.041696,-0.748471,0.303710,1.499639,0.497944,0.066427,-0.651655,0.999273,-0.022715,0.029693,-0.007473,0.090222,-0.086997,-0.029648
9,61.984578,132,relative,7,1.098685,0.199843,1.004314,0.026062,0.200000,0.005565,0.436888,0.000000,0.000000,0.000000,0.000000,0.000000,0.000000,0.000000,0.000000,0.368626,0.349259,1.568746,0.628581,0.558582,-0.657510,0.999705,-0.012149,0.018083,-0.010732,0.124941,-0.142409,-0.034386,0.267152,0.028205,-0.136545,-0.035498,-0.635688,0.323196,1.368746,0.623015,0.121694,-0.657510,0.999705,-0.012149,0.018083,-0.010732,0.124941,-0.142409,-0.034386
9,61.984578,132,relative,8,1.298528,0.199796,1.002518,0.114694,0.200000,-0.023541,0.450124,0.000000,0.000000,0.000000,0.000000,0.000000,0.000000,0.000000,0.000000,0.499436,0.463997,1.438934,0.670038,0.581576,-0.641322,0.999894,0.000340,0.002278,-0.014411,0.129712,-0.170400,-0.038419,0.267633,-0.098404,0.028050,-0.028953,-0.503082,0.349303,1.238934,0.693580,0.131452,-0.641322,0.999894,0.000340,0.002278,-0.014411,0.129712,-0.170400,-0.038419
9,61.984578,132,relative,9,1.498324,0.199589,0.994907,0.205949,0.200000,-0.052641,0.463358,0.000000,0.000000,0.000000,0.000000,0.000000,0.000000,0.000000,0.000000,0.631927,0.578474,1.312820,0.644905,0.556866,-0.621333,0.999650,0.012013,-0.014668,-0.018447,0.109031,-0.165521,-0.041708,0.267635,-0.179331,0.151139,-0.021657,-0.362980,0.372525,1.112820,0.697546,0.093508,-0.621333,0.999650,0.012013,-0.014668,-0.018447,0.109031,-0.165521,-0.041708
9,61.984578,132,relative,10,1.697913,0.197807,0.981500,0.299749,0.200000,-0.081710,0.476577,0.000000,0.000000,0.000000,0.000000,0.000000,0.000000,0.000000,0.000000,0.752641,0.683755,1.190592,0.554579,0.492575,-0.604106,0.999078,0.020841,-0.029816,-0.022779,0.072259,-0.135943,-0.044165,0.267396,-0.240419,0.235943,-0.016330,-0.228859,0.384006,0.990592,0.636290,0.015998,-0.604106,0.999078,0.020841,-0.029816,-0.022779,0.072259,-0.135943,-0.044165
9,61.984578,132,relative,11,1.895719,0.194560,0.962488,0.395315,0.200000,-0.110520,0.489679,0.000000,0.000000,0.000000,0.000000,0.000000,0.000000,0.000000,0.000000,0.848995,0.772696,1.072275,0.412233,0.403971,-0.592839,0.998462,0.025472,-0.040970,-0.027328,0.023940,-0.089596,-0.046001,0.266225,-0.281961,0.291920,-0.005796,-0.113493,0.377381,0.872275,0.522754,-0.085708,-0.592839,0.998462,0.025472,-0.040970,-0.027328,0.023940,-0.089596,-0.046001
9,61.984578,132,relative,12,2.090279,0.194505,0.938228,0.491841,0.200000,-0.138857,0.502565,0.000000,0.000000,0.000000,0.000000,0.000000,0.000000,0.000000,0.000000,0.912756,0.842150,0.956930,0.239438,0.310450,-0.593178,0.998076,0.025135,-0.046786,-0.031998,-0.031337,-0.032774,-0.046642,0.264263,-0.278198,0.300222,0.005811,-0.025472,0.350309,0.756930,0.378295,-0.192116,-0.593178,0.998076,0.025135,-0.046786,-0.031998,-0.031337,-0.032774,-0.046642
9,61.984578,132,relative,13,2.284784,0.197875,0.908465,0.590845,0.200000,-0.167186,0.515448,0.000000,0.000000,0.000000,0.000000,0.000000,0.000000,0.000000,0.000000,0.941558,0.894351,0.840091,0.056752,0.229914,-0.608063,0.998033,0.019667,-0.046817,-0.036773,-0.085471,0.026019,-0.046000,0.266245,-0.220193,0.247069,0.016680,0.033094,0.303506,0.640091,0.223938,-0.285534,-0.608063,0.998033,0.019667,-0.046817,-0.036773,-0.085471,0.026019,-0.046000
9,61.984578,132,relative,14,2.482659,0.199145,0.872531,0.694136,0.200000,-0.196006,0.528554,0.000000,0.000000,0.000000,0.000000,0.000000,0.000000,0.000000,0.000000,0.935045,0.934115,0.719862,-0.118804,0.178605,-0.606627,0.998234,0.009487,-0.041316,-0.041622,-0.128699,0.075632,-0.044124,0.269141,-0.157529,0.178796,0.027671,0.062514,0.239979,0.519862,0.077202,-0.349950,-0.606627,0.998234,0.009487,-0.041316,-0.041622,-0.128699,0.075632,-0.044124
9,61.984578,132,relative,15,2.681804,0.199509,0.830610,0.800708,0.200000,-0.225011,0.541744,0.000000,0.000000,0.000000,0.000000,0.000000,0.000000,0.000000,0.000000,0.896182,0.968306,0.601597,-0.264513,0.173688,-0.580583,0.998424,-0.004269,-0.031338,-0.046353,-0.159468,0.112164,-0.040991,0.269082,-0.051499,0.100584,0.034785,0.065573,0.167598,0.401597,-0.039502,-0.368056,-0.580583,0.998424,-0.004269,-0.031338,-0.046353,-0.159468,0.112164,-0.040991
9,61.984578,132,relative,16,2.881313,0.199944,0.782819,0.910109,0.200000,-0.254069,0.554959,0.000000,0.000000,0.000000,0.000000,0.000000,0.000000,0.000000,0.000000,0.832820,1.007204,0.488532,-0.361552,0.226270,-0.552667,0.998341,-0.019934,-0.018368,-0.050798,-0.169018,0.133202,-0.037046,0.233014,0.290852,-0.133476,0.038571,0.050001,0.097095,0.288532,-0.107483,-0.328688,-0.552667,0.998341,-0.019934,-0.018368,-0.050798,-0.169018,0.133202,-0.037046
9,61.984578,132,relative,17,3.081256,0.199851,0.729109,1.022393,0.200000,-0.283190,0.568202,0.000000,0.000000,0.000000,0.000000,0.000000,0.000000,0.000000,0.000000,0.756186,1.061246,0.354160,-0.397278,0.321549,-0.791671,0.997931,-0.033189,-0.005726,-0.054769,-0.110227,0.107256,-0.032661,0.288802,1.151277,-0.083750,0.008245,0.027078,0.038853,0.154160,-0.114088,-0.246653,-0.791671,0.997931,-0.033189,-0.005726,-0.054769,-0.110227,0.107256,-0.032661
9,61.984578,132,relative,18,3.281107,0.080993,0.669604,1.137272,0.200000,-0.312298,0.581439,0.000000,0.000000,0.000000,0.000000,0.000000,0.000000,0.000000,0.000000,0.676667,1.140370,0.213121,-0.391555,0.469133,-0.619707,0.997772,-0.032123,0.003996,-0.058340,0.120340,0.090496,-0.031725,0.584593,1.471991,-1.947948,0.051576,0.007063,0.003098,0.013121,-0.079257,-0.112306,-0.619707,0.997772,-0.032123,0.003996,-0.058340,0.120340,0.090496,-0.031725
9,61.984578,132,relative,19,3.362100,0.050038,0.643832,1.184582,0.200000,-0.324094,0.586803,0.000000,0.000000,0.000000,0.000000,0.000000,0.000000,0.000000,0.000000,0.645849,1.182589,0.201637,-0.369665,0.569143,0.336373,0.997904,-0.024829,0.003992,-0.059624,0.239585,-0.067611,-0.029350,0.080060,-0.347602,0.015989,0.031334,0.002017,-0.001992,0.001637,-0.045571,-0.017661,0.336373,0.997904,-0.024829,0.003992,-0.059624,0.239585,-0.067611,-0.029350
9,61.984578,132,relative,20,3.412138,0.191653,0.627433,1.214027,0.200000,-0.331382,0.590118,0.000000,0.000000,0.000000,0.000000,0.000000,0.000000,0.000000,0.000000,0.627387,1.211236,0.209895,-0.368395,0.575594,-0.006275,0.997993,-0.019168,0.001949,-0.060326,0.222118,-0.067064,-0.028459,0.287617,-0.691446,0.188804,0.078437,-0.000046,-0.002791,0.009895,-0.037013,-0.014524,-0.006275,0.997993,-0.019168,0.001949,-0.060326,0.222118,-0.067064,-0.028459
9,61.984578,132,relative,21,3.603792,0.188007,0.561248,1.328341,0.200000,-0.359296,0.602812,0.000000,0.000000,0.000000,0.000000,0.000000,0.000000,0.000000,0.000000,0.556986,1.326735,0.224088,-0.370701,0.620016,0.154613,0.998023,-0.004560,-0.003709,-0.062571,0.089423,-0.031441,-0.019913,0.243743,-0.456296,0.132910,0.081106,-0.004261,-0.001606,0.024088,-0.011405,0.017205,0.154613,0.998023,-0.004560,-0.003709,-0.062571,0.089423,-0.031441,-0.019913
9,61.984578,132,relative,22,3.791798,0.190179,0.491124,1.442845,0.200000,-0.386678,0.615264,0.000000,0.000000,0.000000,0.000000,0.000000,0.000000,0.000000,0.000000,0.485866,1.444186,0.239318,-0.387185,0.627092,0.007400,0.997933,-0.000303,-0.005772,-0.064008,0.003591,-0.006565,-0.011244,0.254069,-0.072638,-0.005934,0.006554,-0.005258,0.001342,0.039318,-0.000507,0.011827,0.007400,0.997933,-0.000303,-0.005772,-0.064008,0.003591,-0.006565,-0.011244
9,61.984578,132,relative,23,3.981977,0.189461,0.414952,1.561053,0.200000,-0.414377,0.627860,0.000000,0.000000,0.000000,0.000000,0.000000,0.000000,0.000000,0.000000,0.410204,1.563683,0.233478,-0.408882,0.629820,-0.068814,0.997862,-0.000656,-0.006429,-0.065043,-0.010234,-0.007689,-0.010535,0.254352,-0.016491,-0.002917,0.008192,-0.004747,0.002630,0.033478,0.005495,0.001959,-0.068814,0.997862,-0.000656,-0.006429,-0.065043,-0.010234,-0.007689,-0.010535
9,61.984578,132,relative,24,4.171438,0.184670,0.333830,1.681196,0.200000,-0.441972,0.640409,0.000000,0.000000,0.000000,0.000000,0.000000,0.000000,0.000000,0.000000,0.330515,1.683499,0.213434,-0.432699,0.635712,-0.142785,0.997792,-0.001814,-0.007109,-0.066004,-0.013370,-0.008224,-0.009653,0.287345,0.020112,0.003096,0.009049,-0.003315,0.002303,0.013434,0.009273,-0.004698,-0.142785,0.997792,-0.001814,-0.007109,-0.066004,-0.013370,-0.008224,-0.009653
9,61.984578,132,relative,25,4.356108,0.186100,0.249727,1.800590,0.200000,-0.468868,0.652641,0.000000,0.000000,0.000000,0.000000,0.000000,0.000000,0.000000,0.000000,0.248006,1.801873,0.201239,-0.461261,0.647046,0.010698,0.997728,-0.002918,-0.007771,-0.066856,-0.009666,-0.007637,-0.008703,0.260340,0.043545,0.000636,0.009143,-0.001721,0.001283,0.001239,0.007608,-0.005594,0.010698,0.997728,-0.002918,-0.007771,-0.066856,-0.009666,-0.007637,-0.008703
9,61.984578,132,relative,26,4.542208,0.184166,0.159949,1.923193,0.200000,-0.495973,0.664967,0.000000,0.000000,0.000000,0.000000,0.000000,0.000000,0.000000,0.000000,0.159575,1.923523,0.200300,-0.489486,0.660680,-0.020797,0.997669,-0.003480,-0.008441,-0.067621,-0.001571,-0.007513,-0.007736,0.272050,0.019934,0.030080,0.008633,-0.000374,0.000329,0.000300,0.006487,-0.004286,-0.020797,0.997669,-0.003480,-0.008441,-0.067621,-0.001571,-0.007513,-0.007736
9,61.984578,132,relative,27,4.726374,0.181463,0.066137,2.046781,0.200000,-0.522796,0.677165,0.000000,0.000000,0.000000,0.000000,0.000000,0.000000,0.000000,0.000000,0.066568,2.046595,0.200950,-0.520818,0.675876,0.027854,0.997620,-0.003480,-0.008881,-0.068288,0.002095,-0.001973,-0.006832,0.255599,-0.006476,0.043684,0.008307,0.000430,-0.000186,0.000950,0.001978,-0.001289,0.027854,0.997620,-0.003480,-0.008881,-0.068288,0.002095,-0.001973,-0.006832
9,61.984578,132,relative,28,4.907837,0.181238,-0.031129,2.170752,0.200000,-0.549226,0.689184,0.000000,0.000000,0.000000,0.000000,0.000000,0.000000,0.000000,0.000000,-0.030631,2.170496,0.200323,-0.550374,0.689611,-0.034766,0.997582,-0.003326,-0.008712,-0.068867,0.000921,0.005953,-0.005975,0.274820,0.003195,0.026111,0.008517,0.000497,-0.000256,0.000323,-0.001148,0.000427,-0.034766,0.997582,-0.003326,-0.008712,-0.068867,0.000921,0.005953,-0.005975
9,61.984578,132,relative,29,5.089075,0.178195,-0.133062,2.296746,0.200000,-0.575623,0.701188,0.000000,0.000000,0.000000,0.000000,0.000000,0.000000,0.000000,0.000000,-0.133139,2.296769,0.200047,-0.580373,0.703708,0.031727,0.997554,-0.003160,-0.007969,-0.069369,0.001507,0.010684,-0.005097,0.245375,0.036820,-0.017651,0.008978,-0.000078,0.000023,0.000047,-0.004751,0.002520,0.031727,0.997554,-0.003160,-0.007969,-0.069369,0.001507,0.010684,-0.005097
9,61.984578,132,relative,30,5.267269,0.100000,-0.237947,2.422745,0.200000,-0.601576,0.712991,0.000000,0.000000,0.000000,0.000000,0.000000,0.000000,0.000000,0.000000,-0.238710,2.423197,0.194217,-0.604109,0.714988,-0.097150,0.997533,-0.002675,-0.007191,-0.069781,0.008074,0.007536,-0.004188,0,0,0,0,-0.000763,0.000451,-0.005783,-0.002533,0.001998,-0.097150,0.997533,-0.002675,-0.007191,-0.069781,0.008074,0.007536,-0.004188
10,73.308821,149,relative,0,0.000000,0.110924,0.921526,-0.388316,0.200000,0.155326,0.368611,0.000000,0.000000,0.000000,0.000000,0.000000,0.000000,0.000000,0.000000,0.016402,0.012118,2.152706,0.082642,0.080017,-0.533203,0.999847,-0.014047,0.010421,0.000047,0.070290,-0.131513,0.043701,0.359431,0.065356,0.373144,-0.050128,-0.905124,0.400434,1.952706,-0.072685,-0.288593,-0.533203,0.999847,-0.014047,0.010421,0.000047,0.070290,-0.131513,0.043701
10,73.308821,149,relative,1,0.110924,0.050004,0.937849,-0.347046,0.200000,0.138971,0.375502,0.000000,0.000000,0.000000,0.000000,0.000000,0.000000,0.000000,0.000000,0.026909,0.023075,2.115069,0.103792,0.115518,-0.145313,0.999939,-0.009912,0.004317,0.002428,0.077933,-0.089860,0.040540,0.266875,0.013641,0.355997,-0.041123,-0.910939,0.370121,1.915069,-0.035179,-0.259984,-0.145313,0.999939,-0.009912,0.004317,0.002428,0.077933,-0.089860,0.040540
10,73.308821,149,relative,2,0.160928,0.050970,0.944614,-0.328191,0.200000,0.131598,0.378609,0.000000,0.000000,0.000000,0.000000,0.000000,0.000000,0.000000,0.000000,0.032188,0.029081,2.107893,0.107004,0.124354,-0.141689,0.999960,-0.007944,0.002309,0.003438,0.078738,-0.071940,0.039371,0.188898,0.001140,0.267166,-0.033037,-0.912426,0.357272,1.907893,-0.024594,-0.254256,-0.141689,0.999960,-0.007944,0.002309,0.003438,0.078738,-0.071940,0.039371
10,73.308821,149,relative,3,0.211899,0.199997,0.951130,-0.308813,0.200000,0.124083,0.381776,0.000000,0.000000,0.000000,0.000000,0.000000,0.000000,0.000000,0.000000,0.037673,0.035551,2.097015,0.108024,0.129304,-0.285145,0.999972,-0.005927,0.000665,0.004438,0.078894,-0.058204,0.038414,0.238199,-0.168862,0.371678,-0.021551,-0.913457,0.344364,1.897015,-0.016059,-0.252472,-0.285145,0.999972,-0.005927,0.000665,0.004438,0.078894,-0.058204,0.038414
10,73.308821,149,relative,4,0.411895,0.199999,0.972997,-0.231216,0.200000,0.094595,0.394202,0.000000,0.000000,0.000000,0.000000,0.000000,0.000000,0.000000,0.000000,0.059047,0.062670,2.020225,0.104539,0.138223,-0.482749,0.999966,0.000290,-0.001371,0.008172,0.045242,0.016482,0.035964,0.265232,-0.173528,0.272420,-0.017680,-0.913950,0.293887,1.820225,0.009944,-0.255979,-0.482749,0.999966,0.000290,-0.001371,0.008172,0.045242,0.016482,0.035964
10,73.308821,149,relative,5,0.611894,0.199998,0.988967,-0.151134,0.200000,0.065106,0.406628,0.000000,0.000000,0.000000,0.000000,0.000000,0.000000,0.000000,0.000000,0.079820,0.089725,1.923943,0.106099,0.130567,-0.480090,0.999923,0.003026,0.003030,0.011677,0.010306,0.071114,0.033954,0.265071,-0.116846,0.008776,-0.018015,-0.909147,0.240859,1.723943,0.040993,-0.276061,-0.480090,0.999923,0.003026,0.003030,0.011677,0.010306,0.071114,0.033954
10,73.308821,149,relative,6,0.811892,0.199998,0.999039,-0.068567,0.200000,0.035618,0.419054,0.000000,0.000000,0.000000,0.000000,0.000000,0.000000,0.000000,0.000000,0.103181,0.114631,1.828058,0.132219,0.118716,-0.478830,0.999831,0.002795,0.010216,0.014995,-0.013423,0.072862,0.031905,0.265061,-0.092369,-0.150086,-0.017456,-0.895858,0.183197,1.628058,0.096601,-0.300338,-0.478830,0.999831,0.002795,0.010216,0.014995,-0.013423,0.072862,0.031905
10,73.308821,149,relative,7,1.011890,0.199998,1.003214,0.016486,0.200000,0.006129,0.431480,0.000000,0.000000,0.000000,0.000000,0.000000,0.000000,0.000000,0.000000,0.134499,0.137600,1.732372,0.184692,0.112600,-0.478136,0.999708,0.000461,0.015951,0.018127,-0.032168,0.042739,0.029921,0.265240,-0.098406,-0.196141,-0.011907,-0.868715,0.121114,1.532372,0.178563,-0.318879,-0.478136,0.999708,0.000461,0.015951,0.018127,-0.032168,0.042739,0.029921
10,73.308821,149,relative,8,1.211888,0.199997,1.001491,0.104023,0.200000,-0.023360,0.443906,0.000000,0.000000,0.000000,0.000000,0.000000,0.000000,0.000000,0.000000,0.178118,0.160555,1.636905,0.252903,0.119758,-0.476601,0.999605,-0.003738,0.018175,0.021122,-0.051952,0.003325,0.028567,0.265298,-0.092394,-0.171187,-0.006228,-0.823373,0.056531,1.436905,0.276262,-0.324147,-0.476601,0.999605,-0.003738,0.018175,0.021122,-0.051952,0.003325,0.028567
10,73.308821,149,relative,9,1.411885,0.199998,0.993870,0.194046,0.200000,-0.052848,0.456332,0.000000,0.000000,0.000000,0.000000,0.000000,0.000000,0.000000,0.000000,0.235706,0.186863,1.541763,0.321888,0.147288,-0.474847,0.999524,-0.009771,0.016664,0.024061,-0.070371,-0.031174,0.027859,0.265402,-0.054303,-0.151245,-0.003240,-0.758164,-0.007183,1.341763,0.374736,-0.309044,-0.474847,0.999524,-0.009771,0.016664,0.024061,-0.070371,-0.031174,0.027859
10,73.308821,149,relative,10,1.611883,0.199998,0.980352,0.286554,0.200000,-0.082336,0.468758,0.000000,0.000000,0.000000,0.000000,0.000000,0.000000,0.000000,0.000000,0.305984,0.221248,1.447037,0.377603,0.201370,-0.472464,0.999417,-0.017179,0.011865,0.027001,-0.081037,-0.061741,0.027490,0.265521,-0.033781,-0.081716,0.001360,-0.674368,-0.065305,1.247037,0.459940,-0.267388,-0.472464,0.999417,-0.017179,0.011865,0.027001,-0.081037,-0.061741,0.027490
10,73.308821,149,relative,11,1.811880,0.199998,0.960936,0.381547,0.200000,-0.111825,0.481184,0.000000,0.000000,0.000000,0.000000,0.000000,0.000000,0.000000,0.000000,0.385062,0.269435,1.352834,0.408287,0.285752,-0.469733,0.999217,-0.025377,0.004679,0.029976,-0.087500,-0.078436,0.027645,0.265786,0.016786,0.006615,0.004905,-0.575874,-0.112112,1.152834,0.520112,-0.195432,-0.469733,0.999217,-0.025377,0.004679,0.029976,-0.087500,-0.078436,0.027645
10,73.308821,149,relative,12,2.011878,0.199997,0.935622,0.479025,0.200000,-0.141313,0.493610,0.000000,0.000000,0.000000,0.000000,0.000000,0.000000,0.000000,0.000000,0.467166,0.337694,1.259250,0.407300,0.402123,-0.466436,0.998882,-0.033687,-0.003296,0.033002,-0.083812,-0.077476,0.028203,0.266551,0.288475,-0.052449,0.008981,-0.468457,-0.141331,1.059250,0.548614,-0.091486,-0.466436,0.998882,-0.033687,-0.003296,0.033002,-0.083812,-0.077476,0.028203
10,73.308821,149,relative,13,2.211875,0.199998,0.904411,0.578988,0.200000,-0.170802,0.506036,0.000000,0.000000,0.000000,0.000000,0.000000,0.000000,0.000000,0.000000,0.545772,0.432198,1.166683,0.373085,0.546141,-0.459575,0.998522,-0.038894,-0.011653,0.036139,-0.025757,-0.088204,0.029224,0.264115,1.067777,0.118053,-0.020236,-0.358640,-0.146790,0.966683,0.543887,0.040106,-0.459575,0.998522,-0.038894,-0.011653,0.036139,-0.025757,-0.088204,0.029224
10,73.308821,149,relative,14,2.411873,0.050003,0.867303,0.681437,0.200000,-0.200290,0.518461,0.000000,0.000000,0.000000,0.000000,0.000000,0.000000,0.000000,0.000000,0.614242,0.556016,1.073564,0.307064,0.686407,-0.471388,0.998580,-0.030543,-0.018857,0.039361,0.188122,-0.064254,0.026923,0.468276,1.506839,-1.713004,0.034280,-0.253061,-0.125420,0.873564,0.507354,0.167945,-0.471388,0.998580,-0.030543,-0.018857,0.039361,0.188122,-0.064254,0.026923
10,73.308821,149,relative,15,2.461875,0.199921,0.857103,0.707439,0.200000,-0.207663,0.521568,0.000000,0.000000,0.000000,0.000000,0.000000,0.000000,0.000000,0.000000,0.628702,0.591552,1.059359,0.270677,0.733256,-0.096728,0.998656,-0.024811,-0.021284,0.040231,0.263579,-0.149673,0.027897,0.215845,-0.315684,0.218940,-0.000130,-0.228401,-0.115887,0.859359,0.478340,0.211687,-0.096728,0.998656,-0.024811,-0.021284,0.040231,0.263579,-0.149673,0.027897
10,73.308821,149,relative,16,2.661796,0.199990,0.812640,0.812953,0.200000,-0.237140,0.533989,0.000000,0.000000,0.000000,0.000000,0.000000,0.000000,0.000000,0.000000,0.674453,0.743037,1.003426,0.181296,0.769301,-0.462831,0.998494,-0.001164,-0.032980,0.043815,0.201006,-0.104920,0.027883,0.268132,-0.656064,0.440687,0.040882,-0.138188,-0.069916,0.803426,0.418436,0.235311,-0.462831,0.998494,-0.001164,-0.032980,0.043815,0.201006,-0.104920,0.027883
10,73.308821,149,relative,17,2.861786,0.199987,0.762266,0.920988,0.200000,-0.266627,0.546415,0.000000,0.000000,0.000000,0.000000,0.000000,0.000000,0.000000,0.000000,0.696721,0.894461,0.912764,0.038238,0.735717,-0.444203,0.998063,0.012532,-0.038427,0.047286,0.070072,-0.016173,0.032531,0.265744,-0.466444,0.350893,0.041819,-0.065545,-0.026527,0.712764,0.304866,0.189302,-0.444203,0.998063,0.012532,-0.038427,0.047286,0.070072,-0.016173,0.032531
10,73.308821,149,relative,18,3.061774,0.199995,0.705996,1.031506,0.200000,-0.296114,0.558840,0.000000,0.000000,0.000000,0.000000,0.000000,0.000000,0.000000,0.000000,0.689582,1.035348,0.823919,-0.108245,0.671836,-0.444238,0.997931,0.014640,-0.036468,0.050889,-0.023316,0.054120,0.037285,0.266205,-0.135283,0.143905,-0.031830,-0.016413,0.003841,0.623919,0.187870,0.112995,-0.444238,0.997931,0.014640,-0.036468,0.050889,-0.023316,0.054120,0.037285
10,73.308821,149,relative,19,3.261768,0.199997,0.643826,1.144514,0.200000,-0.325603,0.571266,0.000000,0.000000,0.000000,0.000000,0.000000,0.000000,0.000000,0.000000,0.654634,1.163694,0.735521,-0.237047,0.614557,-0.439413,0.998017,0.010466,-0.029881,0.054393,-0.050739,0.082702,0.033666,0.265986,-0.024146,0.030736,-0.028666,0.010808,0.019181,0.535521,0.088555,0.043291,-0.439413,0.998017,0.010466,-0.029881,0.054393,-0.050739,0.082702,0.033666
10,73.308821,149,relative,20,3.461765,0.199998,0.575757,1.260008,0.200000,-0.355091,0.583692,0.000000,0.000000,0.000000,0.000000,0.000000,0.000000,0.000000,0.000000,0.596719,1.282648,0.648145,-0.336915,0.579109,-0.434029,0.998099,0.004577,-0.021657,0.057518,-0.055984,0.088590,0.030407,0.263835,0.068267,-0.068584,-0.026530,0.020962,0.022641,0.448145,0.018176,-0.004583,-0.434029,0.998099,0.004577,-0.021657,0.057518,-0.055984,0.088590,0.030407
10,73.308821,149,relative,21,3.661763,0.199999,0.501791,1.377988,0.200000,-0.384580,0.596118,0.000000,0.000000,0.000000,0.000000,0.000000,0.000000,0.000000,0.000000,0.522012,1.397007,0.560428,-0.405270,0.568303,-0.442949,0.998083,-0.000880,-0.013807,0.060329,-0.042690,0.074656,0.027391,0.267288,0.125329,-0.141039,-0.025763,0.020221,0.019019,0.360428,-0.020691,-0.027815,-0.442949,0.998083,-0.000880,-0.013807,0.060329,-0.042690,0.074656,0.027391
10,73.308821,149,relative,22,3.861763,0.199997,0.421926,1.498453,0.200000,-0.414068,0.608544,0.000000,0.000000,0.000000,0.000000,0.000000,0.000000,0.000000,0.000000,0.436307,1.511272,0.473573,-0.448068,0.576822,-0.425533,0.997981,-0.004302,-0.007949,0.062867,-0.017863,0.046328,0.024461,0.266830,0.059186,-0.123420,-0.033872,0.014380,0.012818,0.273573,-0.034000,-0.031722,-0.425533,0.997981,-0.004302,-0.007949,0.062867,-0.017863,0.046328,0.024461
10,73.308821,149,relative,23,4.061760,0.199929,0.336165,1.621403,0.200000,-0.443557,0.620970,0.000000,0.000000,0.000000,0.000000,0.000000,0.000000,0.000000,0.000000,0.343951,1.628396,0.389892,-0.473381,0.595512,-0.411268,0.997852,-0.005732,-0.004625,0.065091,-0.006143,0.021603,0.020610,0.267026,0.059067,-0.126552,-0.033678,0.007786,0.006993,0.189892,-0.029824,-0.025458,-0.411268,0.997852,-0.005732,-0.004625,0.065091,-0.006143,0.021603,0.020610
10,73.308821,149,relative,24,4.261689,0.197407,0.244539,1.746795,0.200000,-0.473035,0.633392,0.000000,0.000000,0.000000,0.000000,0.000000,0.000000,0.000000,0.000000,0.247531,1.749666,0.309244,-0.490585,0.617715,-0.395500,0.997732,-0.005824,-0.003723,0.066951,0.005639,-0.003700,0.016783,0.271246,0.013116,-0.047776,-0.033941,0.002992,0.002872,0.109244,-0.017550,-0.015677,-0.395500,0.997732,-0.005824,-0.003723,0.066951,0.005639,-0.003700,0.016783
10,73.308821,149,relative,25,4.459096,0.177587,0.148285,1.873041,0.200000,-0.502142,0.645657,0.000000,0.000000,0.000000,0.000000,0.000000,0.000000,0.000000,0.000000,0.149013,1.873694,0.235752,-0.508020,0.638329,-0.349065,0.997633,-0.005090,-0.004497,0.068423,0.008247,-0.013116,0.012974,0.309944,0.004022,-0.022331,-0.034864,0.000727,0.000653,0.035752,-0.005878,-0.007327,-0.349065,0.997633,-0.005090,-0.004497,0.068423,0.008247,-0.013116,0.012974
10,73.308821,149,relative,26,4.636682,0.119224,0.056787,1.988681,0.200000,-0.528326,0.656690,0.000000,0.000000,0.000000,0.000000,0.000000,0.000000,0.000000,0.000000,0.056908,1.988669,0.200070,-0.530106,0.655895,-0.052795,0.997561,-0.004239,-0.005776,0.069427,0.008984,-0.017068,0.009454,0.288567,-0.010279,0.012957,-0.036247,0.000121,-0.000012,0.000070,-0.001780,-0.000795,-0.052795,0.997561,-0.004239,-0.005776,0.069427,0.008984,-0.017068,0.009454
10,73.308821,149,relative,27,4.755906,0.115587,-0.007250,2.067415,0.200000,-0.545904,0.664098,0.000000,0.000000,0.000000,0.000000,0.000000,0.000000,0.000000,0.000000,-0.007260,2.067416,0.200006,-0.546694,0.664830,0.051706,0.997523,-0.003676,-0.006708,0.069923,0.007771,-0.015517,0.006997,0.245291,-0.026235,0.054312,-0.037578,-0.000010,0.000001,0.000006,-0.000790,0.000733,0.051706,0.997523,-0.003676,-0.006708,0.069923,0.007771,-0.015517,0.006997
10,73.308821,149,relative,28,4.871493,0.074138,-0.071335,2.144592,0.200000,-0.562947,0.671279,0.000000,0.000000,0.000000,0.000000,0.000000,0.000000,0.000000,0.000000,-0.071324,2.144629,0.201131,-0.562037,0.671027,-0.032240,0.997496,-0.003268,-0.007395,0.070260,0.004745,-0.009236,0.004528,0.277556,-0.020219,0.050693,-0.037082,0.000011,0.000038,0.001131,0.000911,-0.000252,-0.032240,0.997496,-0.003268,-0.007395,0.070260,0.004745,-0.009236,0.004528
10,73.308821,149,relative,29,4.945631,0.050067,-0.113476,2.194530,0.200000,-0.573878,0.675885,0.000000,0.000000,0.000000,0.000000,0.000000,0.000000,0.000000,0.000000,-0.113427,2.194529,0.200028,-0.573837,0.675052,0.002492,0.997485,-0.003102,-0.007656,0.070400,0.003247,-0.005477,0.002965,0.209961,-0.012953,-0.001496,-0.036263,0.000048,-0.000001,0.000028,0.000042,-0.000833,0.002492,0.997485,-0.003102,-0.007656,0.070400,0.003247,-0.005477,0.002965
10,73.308821,149,relative,30,4.995698,0.100000,-0.142393,2.228447,0.200000,-0.581260,0.678996,0.000000,0.000000,0.000000,0.000000,0.000000,0.000000,0.000000,0.000000,-0.142311,2.228376,0.197602,-0.580002,0.677005,-0.099381,0.997479,-0.003020,-0.007789,0.070462,0.002599,-0.005552,0.001933,0,0,0,0,0.000081,-0.000071,-0.002398,0.001258,-0.001991,-0.099381,0.997479,-0.003020,-0.007789,0.070462,0.002599,-0.005552,0.001933
11,60.399830,134,relative,0,0.000000,0.112644,0.932038,-0.362361,0.200000,0.144945,0.372815,0.000000,0.000000,0.000000,0.000000,0.000000,0.000000,0.000000,0.000000,0.022010,0.017541,2.114525,0.100037,0.107727,-0.494385,0.999654,-0.021795,0.014738,0.000543,-0.160488,0.093471,-0.029026,0.308676,0.484159,0.097331,0.000125,-0.910028,0.379902,1.914525,-0.044908,-0.265088,-0.494385,0.999654,-0.021795,0.014738,0.000543,-0.160488,0.093471,-0.029026
11,60.399830,134,relative,1,0.112644,0.199976,0.947419,-0.319998,0.200000,0.128146,0.379346,0.000000,0.000000,0.000000,0.000000,0.000000,0.000000,0.000000,0.000000,0.035675,0.033236,2.069001,0.144992,0.174161,-0.314148,0.999364,-0.029315,0.020278,-0.001106,-0.105705,0.104765,-0.029018,0.248829,0.463070,-0.220421,0.015259,-0.911743,0.353235,1.869001,0.016845,-0.205185,-0.314148,0.999364,-0.029315,0.020278,-0.001106,-0.105705,0.104765,-0.029018
11,60.399830,134,relative,2,0.312620,0.199991,0.970063,-0.242979,0.200000,0.098325,0.390940,0.000000,0.000000,0.000000,0.000000,0.000000,0.000000,0.000000,0.000000,0.073304,0.079858,1.993715,0.236439,0.295707,-0.439281,0.998963,-0.035279,0.028478,-0.004050,-0.012747,0.060941,-0.027284,0.266225,0.373815,-0.332450,0.028443,-0.896759,0.322837,1.793715,0.138114,-0.095233,-0.439281,0.998963,-0.035279,0.028478,-0.004050,-0.012747,0.060941,-0.027284
11,60.399830,134,relative,3,0.512611,0.199992,0.986745,-0.163635,0.200000,0.068501,0.402535,0.000000,0.000000,0.000000,0.000000,0.000000,0.000000,0.000000,0.000000,0.132447,0.152765,1.906027,0.356810,0.431750,-0.437643,0.998951,-0.032875,0.031138,-0.006788,0.062124,-0.005640,-0.024050,0.265774,0.154825,-0.270715,0.030673,-0.854298,0.316399,1.706027,0.288309,0.029215,-0.437643,0.998951,-0.032875,0.031138,-0.006788,0.062124,-0.005640,-0.024050
11,60.399830,134,relative,4,0.712603,0.199992,0.997462,-0.081972,0.200000,0.038677,0.414130,0.000000,0.000000,0.000000,0.000000,0.000000,0.000000,0.000000,0.000000,0.215876,0.251047,1.818437,0.475297,0.546073,-0.437870,0.999255,-0.025220,0.027729,-0.009155,0.092979,-0.060042,-0.020562,0.265430,-0.006167,-0.165203,0.031367,-0.781586,0.333019,1.618437,0.436620,0.131943,-0.437870,0.999255,-0.025220,0.027729,-0.009155,0.092979,-0.060042,-0.020562
11,60.399830,134,relative,5,0.912595,0.199992,1.002215,0.002011,0.200000,0.008853,0.425725,0.000000,0.000000,0.000000,0.000000,0.000000,0.000000,0.000000,0.000000,0.321001,0.368873,1.730830,0.570856,0.626298,-0.437736,0.999610,-0.016124,0.019931,-0.011098,0.091528,-0.093344,-0.016996,0.265116,-0.093169,-0.087476,0.029287,-0.681214,0.366862,1.530830,0.562003,0.200572,-0.437736,0.999610,-0.016124,0.019931,-0.011098,0.091528,-0.093344,-0.016996
11,60.399830,134,relative,6,1.112588,0.199992,1.001003,0.088312,0.200000,-0.020971,0.437320,0.000000,0.000000,0.000000,0.000000,0.000000,0.000000,0.000000,0.000000,0.441758,0.499265,1.643287,0.629955,0.672466,-0.437401,0.999842,-0.008062,0.009599,-0.012634,0.072658,-0.111030,-0.013666,0.264953,-0.162285,0.007799,0.029557,-0.559245,0.410953,1.443287,0.650926,0.235146,-0.437401,0.999842,-0.008062,0.009599,-0.012634,0.072658,-0.111030,-0.013666
11,60.399830,134,relative,7,1.312580,0.199992,0.993827,0.176932,0.200000,-0.050795,0.448916,0.000000,0.000000,0.000000,0.000000,0.000000,0.000000,0.000000,0.000000,0.570082,0.636063,1.555841,0.646025,0.692081,-0.437000,0.999900,-0.002582,-0.001511,-0.013803,0.040001,-0.109575,-0.010306,0.264944,-0.169790,0.098921,0.029728,-0.423745,0.459131,1.355841,0.696820,0.243165,-0.437000,0.999900,-0.002582,-0.001511,-0.013803,0.040001,-0.109575,-0.010306
11,60.399830,134,relative,8,1.512572,0.199992,0.980686,0.267871,0.200000,-0.080619,0.460511,0.000000,0.000000,0.000000,0.000000,0.000000,0.000000,0.000000,0.000000,0.697323,0.775122,1.468486,0.619875,0.697248,-0.436665,0.999826,-0.000423,-0.011513,-0.014639,0.005913,-0.089823,-0.006926,0.265112,0.064601,0.028669,0.030903,-0.283363,0.507251,1.268486,0.700495,0.236737,-0.436665,0.999826,-0.000423,-0.011513,-0.014639,0.005913,-0.089823,-0.006926
11,60.399830,134,relative,9,1.712564,0.199980,0.961580,0.361129,0.200000,-0.110443,0.472106,0.000000,0.000000,0.000000,0.000000,0.000000,0.000000,0.000000,0.000000,0.815616,0.914714,1.381252,0.557383,0.698084,-0.435890,0.999681,0.000688,-0.020225,-0.015135,0.018765,-0.084098,-0.003413,0.286680,0.794700,0.146720,-0.009319,-0.145965,0.553585,1.181252,0.667827,0.225978,-0.435890,0.999681,0.000688,-0.020225,-0.015135,0.018765,-0.084098,-0.003413
11,60.399830,134,relative,10,1.912544,0.050085,0.936512,0.456700,0.200000,-0.140266,0.483700,0.000000,0.000000,0.000000,0.000000,0.000000,0.000000,0.000000,0.000000,0.917382,1.053361,1.310008,0.455258,0.681725,-0.276939,0.999455,0.010407,-0.027315,-0.015311,0.177648,-0.054818,-0.004472,0.270434,1.444331,-1.716943,0.038677,-0.019130,0.596660,1.110008,0.595524,0.198024,-0.276939,0.999455,0.010407,-0.027315,-0.015311,0.177648,-0.054818,-0.004472
11,60.399830,134,relative,11,1.962630,0.199985,0.929300,0.480999,0.200000,-0.147735,0.486604,0.000000,0.000000,0.000000,0.000000,0.000000,0.000000,0.000000,0.000000,0.939476,1.087214,1.296373,0.426586,0.669209,-0.267598,0.999314,0.015723,-0.029844,-0.015290,0.249974,-0.140844,-0.003371,0.243162,-0.503384,0.211496,0.016489,0.010177,0.606215,1.096373,0.574320,0.182605,-0.267598,0.999314,0.015723,-0.029844,-0.015290,0.249974,-0.140844,-0.003371
11,60.399830,134,relative,12,2.162615,0.199991,0.896773,0.579472,0.200000,-0.177558,0.498199,0.000000,0.000000,0.000000,0.000000,0.000000,0.000000,0.000000,0.000000,1.012320,1.212906,1.226149,0.294399,0.576073,-0.435830,0.998368,0.035487,-0.042101,-0.015127,0.149259,-0.098624,-0.001496,0.266944,-0.745716,0.381003,0.056966,0.115547,0.633433,1.026149,0.471957,0.077874,-0.435830,0.998368,0.035487,-0.042101,-0.015127,0.149259,-0.098624,-0.001496
11,60.399830,134,relative,13,2.362606,0.199991,0.858281,0.680267,0.200000,-0.207381,0.509794,0.000000,0.000000,0.000000,0.000000,0.000000,0.000000,0.000000,0.000000,1.053280,1.312921,1.139117,0.111116,0.419354,-0.435274,0.997805,0.042843,-0.048261,-0.014859,0.000132,-0.022419,0.004981,0.267071,-0.511607,0.283285,0.057009,0.194999,0.632654,0.939117,0.318498,-0.090440,-0.435274,0.997805,0.042843,-0.048261,-0.014859,0.000132,-0.022419,0.004981
11,60.399830,134,relative,14,2.562598,0.199991,0.813824,0.783381,0.200000,-0.237205,0.521389,0.000000,0.000000,0.000000,0.000000,0.000000,0.000000,0.000000,0.000000,1.056099,1.380497,1.052066,-0.082456,0.259777,-0.434957,0.998051,0.037720,-0.047634,-0.014263,-0.102197,0.034164,0.011462,0.266573,-0.233382,0.171870,-0.017170,0.242275,0.597116,0.852066,0.154750,-0.261612,-0.434957,0.998051,0.037720,-0.047634,-0.014263,-0.102197,0.034164,0.011462
11,60.399830,134,relative,15,2.762589,0.199992,0.763403,0.888814,0.200000,-0.267029,0.532984,0.000000,0.000000,0.000000,0.000000,0.000000,0.000000,0.000000,0.000000,1.021219,1.419330,0.965040,-0.262789,0.136707,-0.434515,0.998691,0.025207,-0.042376,-0.013623,-0.148952,0.068337,0.009510,0.265905,-0.083108,0.170528,-0.017970,0.257817,0.530516,0.765040,0.004240,-0.396277,-0.434515,0.998691,0.025207,-0.042376,-0.013623,-0.148952,0.068337,0.009510
11,60.399830,134,relative,16,2.962581,0.199992,0.707017,0.996566,0.200000,-0.296853,0.544579,0.000000,0.000000,0.000000,0.000000,0.000000,0.000000,0.000000,0.000000,0.952914,1.438961,0.878118,-0.414448,0.069767,-0.433942,0.999300,0.009573,-0.033660,-0.013232,-0.165682,0.102239,0.007467,0.265397,0.095131,0.103613,-0.018693,0.245897,0.442395,0.678118,-0.117595,-0.474812,-0.433942,0.999300,0.009573,-0.033660,-0.013232,-0.165682,0.102239,0.007467
11,60.399830,134,relative,17,3.162572,0.199991,0.644666,1.106636,0.200000,-0.326677,0.556174,0.000000,0.000000,0.000000,0.000000,0.000000,0.000000,0.000000,0.000000,0.858213,1.451398,0.791354,-0.524980,0.064654,-0.433278,0.999651,-0.005912,-0.022211,-0.013016,-0.146765,0.122808,0.005342,0.265187,0.247735,-0.071605,-0.018722,0.213546,0.344762,0.591354,-0.198303,-0.491520,-0.433278,0.999651,-0.005912,-0.022211,-0.013016,-0.146765,0.122808,0.005342
11,60.399830,134,relative,18,3.362563,0.199990,0.576352,1.219026,0.200000,-0.356501,0.567769,0.000000,0.000000,0.000000,0.000000,0.000000,0.000000,0.000000,0.000000,0.746135,1.468483,0.704758,-0.588075,0.113987,-0.432658,0.999700,-0.017968,-0.010491,-0.012933,-0.097296,0.108407,0.003213,0.265226,0.236225,-0.181975,-0.026435,0.169783,0.249457,0.504758,-0.231574,-0.453782,-0.432658,0.999700,-0.017968,-0.010491,-0.012933,-0.097296,0.108407,0.003213
11,60.399830,134,relative,19,3.562554,0.199990,0.502073,1.333733,0.200000,-0.386325,0.579364,0.000000,0.000000,0.000000,0.000000,0.000000,0.000000,0.000000,0.000000,0.625825,1.499475,0.618301,-0.609049,0.200616,-0.432089,0.999596,-0.025219,-0.001376,-0.013003,-0.050078,0.071993,0.000208,0.265336,0.248298,-0.241481,-0.025279,0.123753,0.165741,0.418301,-0.222724,-0.378748,-0.432089,0.999596,-0.025219,-0.001376,-0.013003,-0.050078,0.071993,0.000208
11,60.399830,134,relative,20,3.762544,0.199990,0.421829,1.450760,0.200000,-0.416149,0.590959,0.000000,0.000000,0.000000,0.000000,0.000000,0.000000,0.000000,0.000000,0.504407,1.549983,0.531956,-0.602014,0.306064,-0.431496,0.999523,-0.027680,0.003436,-0.013252,-0.000414,0.023702,-0.002666,0.265294,0.188447,-0.153670,-0.023991,0.082578,0.099224,0.331956,-0.185865,-0.284895,-0.431496,0.999523,-0.027680,0.003436,-0.013252,-0.000414,0.023702,-0.002666
11,60.399830,134,relative,21,3.962533,0.199990,0.335622,1.570105,0.200000,-0.445972,0.602554,0.000000,0.000000,0.000000,0.000000,0.000000,0.000000,0.000000,0.000000,0.385711,1.621924,0.445675,-0.584495,0.412163,-0.431299,0.999564,-0.025828,0.004233,-0.013685,0.037278,-0.007043,-0.005394,0.265423,0.131523,-0.075615,-0.022760,0.050090,0.051819,0.245675,-0.138523,-0.190391,-0.431299,0.999564,-0.025828,0.004233,-0.013685,0.037278,-0.007043,-0.005394
11,60.399830,134,relative,22,4.162523,0.199947,0.243449,1.691769,0.200000,-0.475796,0.614149,0.000000,0.000000,0.000000,0.000000,0.000000,0.000000,0.000000,0.000000,0.270463,1.713911,0.359589,-0.569096,0.504475,-0.429442,0.999677,-0.020811,0.002685,-0.014338,0.063566,-0.022217,-0.007982,0.296539,0.037290,-0.007424,0.012762,0.027014,0.022142,0.159589,-0.093300,-0.109674,-0.429442,0.999677,-0.020811,0.002685,-0.014338,0.063566,-0.022217,-0.007982
11,60.399830,134,relative,23,4.362470,0.050012,0.145334,1.815726,0.200000,-0.505613,0.625742,0.000000,0.000000,0.000000,0.000000,0.000000,0.000000,0.000000,0.000000,0.157625,1.822950,0.297014,-0.561409,0.581340,-0.196299,0.999787,-0.014121,0.000275,-0.015033,0.070996,-0.023775,-0.006531,0.277398,-0.000870,-0.015305,0.013290,0.012291,0.007225,0.097014,-0.055796,-0.044402,-0.196299,0.999787,-0.014121,0.000275,-0.015033,0.070996,-0.023775,-0.006531
11,60.399830,134,relative,24,4.412483,0.050040,0.119861,1.847093,0.200000,-0.513071,0.628641,0.000000,0.000000,0.000000,0.000000,0.000000,0.000000,0.000000,0.000000,0.129555,1.852372,0.287773,-0.561245,0.594942,-0.173274,0.999808,-0.012356,-0.000359,-0.015183,0.070947,-0.024558,-0.006153,0.261716,-0.081324,0.036661,0.015862,0.009694,0.005279,0.087773,-0.048174,-0.033699,-0.173274,0.999808,-0.012356,-0.000359,-0.015183,0.070947,-0.024558,-0.006153
11,60.399830,134,relative,25,4.462523,0.113716,0.094000,1.878623,0.200000,-0.520534,0.631542,0.000000,0.000000,0.000000,0.000000,0.000000,0.000000,0.000000,0.000000,0.101460,1.882429,0.278952,-0.561727,0.606097,-0.179248,0.999825,-0.010641,-0.000978,-0.015323,0.066872,-0.022739,-0.005702,0.236889,-0.132889,0.067747,0.017229,0.007460,0.003806,0.078952,-0.041193,-0.025446,-0.179248,0.999825,-0.010641,-0.000978,-0.015323,0.066872,-0.022739,-0.005702
11,60.399830,134,relative,26,4.576239,0.180824,0.033843,1.950814,0.200000,-0.537492,0.638135,0.000000,0.000000,0.000000,0.000000,0.000000,0.000000,0.000000,0.000000,0.037442,1.952426,0.251858,-0.564606,0.623886,-0.297262,0.999850,-0.007285,-0.002107,-0.015601,0.051752,-0.015061,-0.004588,0.278842,-0.215998,0.132241,0.021646,0.003599,0.001613,0.051858,-0.027114,-0.014250,-0.297262,0.999850,-0.007285,-0.002107,-0.015601,0.051752,-0.015061,-0.004588
11,60.399830,134,relative,27,4.757063,0.052828,-0.065786,2.067152,0.200000,-0.564457,0.648619,0.000000,0.000000,0.000000,0.000000,0.000000,0.000000,0.000000,0.000000,-0.065432,2.067287,0.206551,-0.573454,0.644716,-0.203832,0.999861,-0.004376,-0.002437,-0.015906,0.012692,0.008835,-0.002363,0.346549,-0.105301,-0.007193,0.024030,0.000355,0.000135,0.006551,-0.008997,-0.003903,-0.203832,0.999861,-0.004376,-0.002437,-0.015906,0.012692,0.008835,-0.002363
11,60.399830,134,relative,28,4.809890,0.050010,-0.095813,2.101498,0.200000,-0.572335,0.651682,0.000000,0.000000,0.000000,0.000000,0.000000,0.000000,0.000000,0.000000,-0.095808,2.101500,0.200003,-0.576514,0.650503,-0.044053,0.999862,-0.004111,-0.002213,-0.015959,0.007130,0.008454,-0.001641,0.313357,-0.009203,-0.065298,0.025634,0.000005,0.000002,0.000003,-0.004179,-0.001179,-0.044053,0.999862,-0.004111,-0.002213,-0.015959,0.007130,0.008454,-0.001641
11,60.399830,134,relative,29,4.859900,0.050009,-0.124622,2.134161,0.200000,-0.579793,0.654582,0.000000,0.000000,0.000000,0.000000,0.000000,0.000000,0.000000,0.000000,-0.124700,2.134150,0.200045,-0.578903,0.655211,0.045731,0.999862,-0.003935,-0.002045,-0.015992,0.006670,0.005188,-0.000912,0.186128,-0.035408,-0.022604,0.026044,-0.000078,-0.000011,0.000045,0.000890,0.000629,0.045731,0.999862,-0.003935,-0.002045,-0.015992,0.006670,0.005188,-0.000912
11,60.399830,134,relative,30,4.909909,0.100000,-0.153803,2.166968,0.200000,-0.587251,0.657481,0.000000,0.000000,0.000000,0.000000,0.000000,0.000000,0.000000,0.000000,-0.153683,2.166984,0.198685,-0.580229,0.657892,-0.100126,0.999863,-0.003789,-0.001932,-0.016005,0.004900,0.004057,-0.000172,0,0,0,0,0.000120,0.000016,-0.001315,0.007021,0.000411,-0.100126,0.999863,-0.003789,-0.001932,-0.016005,0.004900,0.004057,-0.000172
12,113.052261,248,relative,0,0.000000,0.200000,0.940464,-0.339893,0.200000,0.135957,0.376186,0.000000,0.000000,0.000000,0.000000,0.000000,0.000000,0.000000,0.000000,0.027815,0.023724,2.081245,0.114197,0.133911,-0.434326,0.999677,-0.021998,0.012677,-0.000639,0.293979,-0.460058,0.001922,0.289315,-0.692272,1.152929,0.083445,-0.912649,0.363617,1.881245,-0.021761,-0.242274,-0.434326,0.999677,-0.021998,0.012677,-0.000639,0.293979,-0.460058,0.001922
12,113.052261,248,relative,1,0.200000,0.050000,0.964646,-0.263569,0.200000,0.105862,0.387062,0.000000,0.000000,0.000000,0.000000,0.000000,0.000000,0.000000,0.000000,0.050339,0.056230,2.012353,0.086440,0.175091,-0.254479,0.999762,0.000475,-0.021785,0.000508,0.155846,-0.229261,0.011409,0.265180,-0.675355,1.286395,0.092204,-0.914307,0.319798,1.812353,-0.019422,-0.211971,-0.254479,0.999762,0.000475,-0.021785,0.000508,0.155846,-0.229261,0.011409
12,113.052261,248,relative,2,0.250000,0.200000,0.969751,-0.244147,0.200000,0.098339,0.389781,0.000000,0.000000,0.000000,0.000000,0.000000,0.000000,0.000000,0.000000,0.054083,0.064942,1.999629,0.062503,0.172836,-0.254498,0.999635,0.003945,-0.026709,0.000899,0.122172,-0.164874,0.014030,0.244723,-0.831109,1.450967,0.163162,-0.915668,0.309090,1.799629,-0.035836,-0.216946,-0.254498,0.999635,0.003945,-0.026709,0.000899,0.122172,-0.164874,0.014030
12,113.052261,248,relative,3,0.450000,0.200000,0.986409,-0.165104,0.200000,0.068244,0.400658,0.000000,0.000000,0.000000,0.000000,0.000000,0.000000,0.000000,0.000000,0.055794,0.097094,1.933461,-0.046569,0.146318,-0.407278,0.999552,0.007785,-0.028690,0.003339,-0.044048,0.125418,0.032581,0.265140,-0.454157,0.562341,0.128336,-0.930615,0.262198,1.733461,-0.114813,-0.254340,-0.407278,0.999552,0.007785,-0.028690,0.003339,-0.044048,0.125418,0.032581
12,113.052261,248,relative,4,0.650000,0.200000,0.997049,-0.083884,0.200000,0.038149,0.411535,0.000000,0.000000,0.000000,0.000000,0.000000,0.000000,0.000000,0.000000,0.037225,0.124156,1.851968,-0.127322,0.130319,-0.407147,0.999917,-0.001384,-0.010615,0.007218,-0.135998,0.237325,0.047173,0.264936,-0.011601,-0.170104,0.100609,-0.959824,0.208041,1.651968,-0.165471,-0.281216,-0.407147,0.999917,-0.001384,-0.010615,0.007218,-0.135998,0.237325,0.047173
12,113.052261,248,relative,5,0.850000,0.200000,1.001669,-0.000490,0.200000,0.008054,0.422411,0.000000,0.000000,0.000000,0.000000,0.000000,0.000000,0.000000,0.000000,0.010551,0.152575,1.770554,-0.125226,0.163174,-0.407152,0.999742,-0.015391,0.011273,0.012336,-0.140078,0.202196,0.058612,0.265326,0.679548,-0.048086,0.011567,-0.991118,0.153065,1.570554,-0.133280,-0.259237,-0.407152,0.999742,-0.015391,0.011273,0.012336,-0.140078,0.202196,0.058612
12,113.052261,248,relative,6,1.050000,0.200000,1.000270,0.085080,0.200000,-0.022041,0.433288,0.000000,0.000000,0.000000,0.000000,0.000000,0.000000,0.000000,0.000000,-0.007566,0.192778,1.689182,-0.043198,0.244010,-0.407308,0.999097,-0.022862,0.030973,0.017995,-0.005941,0.191924,0.059927,0.265720,1.465801,-1.850993,0.051824,-1.007836,0.107697,1.489182,-0.021157,-0.189278,-0.407308,0.999097,-0.022862,0.030973,0.017995,-0.005941,0.191924,0.059927
12,113.052261,248,relative,7,1.250000,0.200000,0.992853,0.172825,0.200000,-0.052135,0.444164,0.000000,0.000000,0.000000,0.000000,0.000000,0.000000,0.000000,0.000000,-0.002847,0.249959,1.607704,0.091269,0.318611,-0.407217,0.999165,-0.008623,0.032119,0.023731,0.287178,-0.176914,0.065820,0.265253,-0.857958,0.553493,0.021520,-0.995700,0.077134,1.407704,0.143404,-0.125553,-0.407217,0.999165,-0.008623,0.032119,0.023731,0.287178,-0.176914,0.065820
12,113.052261,248,relative,8,1.450000,0.200000,0.979416,0.262746,0.200000,-0.082230,0.455041,0.000000,0.000000,0.000000,0.000000,0.000000,0.000000,0.000000,0.000000,0.026158,0.314068,1.526230,0.191616,0.308849,-0.407174,0.999268,0.012058,0.020598,0.029881,0.116808,-0.064164,0.068266,0.265169,-0.757425,0.208503,0.072914,-0.953258,0.051322,1.326230,0.273846,-0.146192,-0.407174,0.999268,0.012058,0.020598,0.029881,0.116808,-0.064164,0.068266
12,113.052261,248,relative,9,1.650000,0.200000,0.959961,0.354842,0.200000,-0.112325,0.465917,0.000000,0.000000,0.000000,0.000000,0.000000,0.000000,0.000000,0.000000,0.072073,0.370269,1.444788,0.264908,0.250270,-0.407226,0.999047,0.016460,0.016322,0.036971,-0.034209,-0.022024,0.076557,0.265090,-0.443333,-0.018166,0.063973,-0.887887,0.015427,1.244788,0.377233,-0.215647,-0.407226,0.999047,0.016460,0.016322,0.036971,-0.034209,-0.022024,0.076557
12,113.052261,248,relative,10,1.850000,0.200000,0.934486,0.449113,0.200000,-0.142420,0.476794,0.000000,0.000000,0.000000,0.000000,0.000000,0.000000,0.000000,0.000000,0.131339,0.414812,1.363327,0.325747,0.200148,-0.407202,0.998854,0.008848,0.013468,0.045065,-0.122580,-0.026620,0.083830,0.264952,-0.121190,-0.152708,-0.021194,-0.803147,-0.034301,1.163327,0.468167,-0.276646,-0.407202,0.998854,0.008848,0.013468,0.045065,-0.122580,-0.026620,0.083830
12,113.052261,248,relative,11,2.050000,0.200000,0.902993,0.545559,0.200000,-0.172515,0.487671,0.000000,0.000000,0.000000,0.000000,0.000000,0.000000,0.000000,0.000000,0.201316,0.453242,1.281878,0.370372,0.192629,-0.407182,0.998524,-0.004275,0.008517,0.053460,-0.146283,-0.058848,0.081421,0.264959,0.066644,-0.051490,-0.031790,-0.701677,-0.092317,1.081878,0.542886,-0.295042,-0.407182,0.998524,-0.004275,0.008517,0.053460,-0.146283,-0.058848,0.081421
12,113.052261,248,relative,12,2.250000,0.200000,0.865480,0.644181,0.200000,-0.202610,0.498547,0.000000,0.000000,0.000000,0.000000,0.000000,0.000000,0.000000,0.000000,0.277627,0.495389,1.200455,0.387481,0.237397,-0.407188,0.997945,-0.017761,0.001331,0.061552,-0.132171,-0.070829,0.077806,0.265166,0.243323,-0.015943,-0.045731,-0.587853,-0.148792,1.000455,0.590091,-0.261150,-0.407188,0.997945,-0.017761,0.001331,0.061552,-0.132171,-0.070829,0.077806
12,113.052261,248,relative,13,2.450000,0.200000,0.821949,0.744978,0.200000,-0.232705,0.509424,0.000000,0.000000,0.000000,0.000000,0.000000,0.000000,0.000000,0.000000,0.354082,0.551298,1.119049,0.371410,0.328038,-0.407212,0.997188,-0.028017,-0.006486,0.069201,-0.082673,-0.075247,0.072607,0.265434,0.324264,-0.031473,-0.054626,-0.467867,-0.193680,0.919049,0.604114,-0.181386,-0.407212,0.997188,-0.028017,-0.006486,0.069201,-0.082673,-0.075247,0.072607
12,113.052261,248,relative,14,2.650000,0.200000,0.772398,0.847951,0.200000,-0.262799,0.520300,0.000000,0.000000,0.000000,0.000000,0.000000,0.000000,0.000000,0.000000,0.423937,0.628431,1.037634,0.321569,0.445758,-0.407224,0.996449,-0.032484,-0.014478,0.076324,-0.016990,-0.082073,0.066396,0.265606,0.249231,-0.003605,-0.067170,-0.348462,-0.219520,0.837634,0.584368,-0.074543,-0.407224,0.996449,-0.032484,-0.014478,0.076324,-0.016990,-0.082073,0.066396
12,113.052261,248,relative,15,2.850000,0.200000,0.716829,0.953098,0.200000,-0.292894,0.531177,0.000000,0.000000,0.000000,0.000000,0.000000,0.000000,0.000000,0.000000,0.480524,0.729771,0.956203,0.239062,0.566245,-0.407219,0.995825,-0.031113,-0.022418,0.082842,0.033639,-0.082720,0.058759,0.265670,0.202150,0.016249,-0.069735,-0.236305,-0.223327,0.756203,0.531957,0.035068,-0.407219,0.995825,-0.031113,-0.022418,0.082842,0.033639,-0.082720,0.058759
12,113.052261,248,relative,16,3.050000,0.200000,0.655241,1.060421,0.200000,-0.322989,0.542054,0.000000,0.000000,0.000000,0.000000,0.000000,0.000000,0.000000,0.000000,0.517575,0.853734,0.874763,0.126826,0.668979,-0.407212,0.995295,-0.025166,-0.029848,0.088672,0.074743,-0.079023,0.050830,0.265683,0.101165,0.122594,-0.072183,-0.137666,-0.206687,0.674763,0.449816,0.126925,-0.407212,0.995295,-0.025166,-0.029848,0.088672,0.074743,-0.079023,0.050830
12,113.052261,248,relative,17,3.250000,0.200000,0.587633,1.169920,0.200000,-0.353084,0.552930,0.000000,0.000000,0.000000,0.000000,0.000000,0.000000,0.000000,0.000000,0.529618,0.995144,0.793321,-0.009666,0.738836,-0.407214,0.994828,-0.016244,-0.035586,0.093743,0.095450,-0.053903,0.042623,0.265671,-0.005554,0.228155,-0.073694,-0.058015,-0.174776,0.593321,0.343418,0.185906,-0.407214,0.994828,-0.016244,-0.035586,0.093743,0.095450,-0.053903,0.042623
12,113.052261,248,relative,18,3.450000,0.200000,0.514007,1.281593,0.200000,-0.383179,0.563807,0.000000,0.000000,0.000000,0.000000,0.000000,0.000000,0.000000,0.000000,0.512843,1.146627,0.711873,-0.158887,0.769489,-0.407222,0.994454,-0.006642,-0.037694,0.097957,0.094524,-0.007717,0.034244,0.265594,-0.125108,0.271932,-0.040600,-0.001164,-0.134967,0.511873,0.224292,0.205682,-0.407222,0.994454,-0.006642,-0.037694,0.097957,0.094524,-0.007717,0.034244
12,113.052261,248,relative,19,3.650000,0.200000,0.434362,1.395442,0.200000,-0.413274,0.574683,0.000000,0.000000,0.000000,0.000000,0.000000,0.000000,0.000000,0.000000,0.466364,1.300551,0.630413,-0.303573,0.764745,-0.407221,0.994229,0.001195,-0.034911,0.101433,0.069410,0.047068,0.029628,0.265415,-0.159167,0.179137,-0.041266,0.032002,-0.094891,0.430413,0.109701,0.190061,-0.407221,0.994229,0.001195,-0.034911,0.101433,0.069410,0.047068,0.029628
12,113.052261,248,relative,20,3.850000,0.200000,0.348698,1.511467,0.200000,-0.443368,0.585560,0.000000,0.000000,0.000000,0.000000,0.000000,0.000000,0.000000,0.000000,0.392931,1.451002,0.548943,-0.425875,0.737215,-0.407210,0.994134,0.005743,-0.027900,0.104342,0.037309,0.083118,0.024936,0.265190,-0.163116,0.051566,-0.039400,0.044233,-0.060464,0.348943,0.017493,0.151655,-0.407210,0.994134,0.005743,-0.027900,0.104342,0.037309,0.083118,0.024936
12,113.052261,248,relative,21,4.050000,0.200000,0.257014,1.629666,0.200000,-0.473463,0.596436,0.000000,0.000000,0.000000,0.000000,0.000000,0.000000,0.000000,0.000000,0.298271,1.594920,0.467475,-0.514795,0.701843,-0.407200,0.994087,0.006829,-0.018915,0.106707,0.004382,0.093505,0.020456,0.265005,-0.137430,-0.055042,-0.038131,0.041256,-0.034746,0.267475,-0.041332,0.105406,-0.407200,0.994087,0.006829,-0.018915,0.106707,0.004382,0.093505,0.020456
12,113.052261,248,relative,22,4.250000,0.200000,0.159312,1.750041,0.200000,-0.503558,0.607313,0.000000,0.000000,0.000000,0.000000,0.000000,0.000000,0.000000,0.000000,0.189368,1.732117,0.386018,-0.568742,0.671962,-0.407197,0.994024,0.004911,-0.010282,0.108567,-0.023349,0.082472,0.016120,0.264904,0.046689,-0.219424,-0.054007,0.030056,-0.017924,0.186018,-0.065184,0.064648,-0.407197,0.994024,0.004911,-0.010282,0.108567,-0.023349,0.082472,0.016120
12,113.052261,248,relative,23,4.450000,0.200000,0.055591,1.872592,0.200000,-0.533653,0.618190,0.000000,0.000000,0.000000,0.000000,0.000000,0.000000,0.000000,0.000000,0.072671,1.864627,0.304571,-0.594631,0.655193,-0.407203,0.993933,0.002377,-0.004477,0.109873,-0.014135,0.038549,0.009980,0.285491,0.019351,-0.068828,-0.034948,0.017080,-0.007965,0.104571,-0.060978,0.037003,-0.407203,0.993933,0.002377,-0.004477,0.109873,-0.014135,0.038549,0.009980
12,113.052261,248,relative,24,4.650000,0.050000,-0.054149,1.997317,0.200000,-0.563748,0.629066,0.000000,0.000000,0.000000,0.000000,0.000000,0.000000,0.000000,0.000000,-0.047585,1.994748,0.238398,-0.605936,0.647347,-0.254504,0.993856,0.000811,-0.001466,0.110669,-0.010304,0.024769,0.006006,0.347330,0.063750,-0.164800,-0.057133,0.006565,-0.002569,0.038398,-0.042188,0.018280,-0.254504,0.993856,0.000811,-0.001466,0.110669,-0.010304,0.024769,0.006006
12,113.052261,248,relative,25,4.700000,0.050000,-0.082525,2.028839,0.200000,-0.571272,0.631785,0.000000,0.000000,0.000000,0.000000,0.000000,0.000000,0.000000,0.000000,-0.077920,2.027088,0.229491,-0.607383,0.646325,-0.101802,0.993842,0.000537,-0.000978,0.110798,-0.007120,0.016527,0.004382,0.264870,0.015253,-0.057655,-0.030259,0.004605,-0.001750,0.029491,-0.036111,0.014539,-0.101802,0.993842,0.000537,-0.000978,0.110798,-0.007120,0.016527,0.004382
12,113.052261,248,relative,26,4.750000,0.050000,-0.111276,2.060496,0.200000,-0.578795,0.634505,0.000000,0.000000,0.000000,0.000000,0.000000,0.000000,0.000000,0.000000,-0.108309,2.059391,0.224401,-0.608110,0.645819,-0.101802,0.993832,0.000327,-0.000622,0.110896,-0.006360,0.013643,0.003522,0.264870,0.040414,-0.077421,-0.031561,0.002968,-0.001105,0.024401,-0.029315,0.011315,-0.101802,0.993832,0.000327,-0.000622,0.110896,-0.006360,0.013643,0.003522
12,113.052261,248,relative,27,4.800000,0.050000,-0.140404,2.092289,0.200000,-0.586319,0.637224,0.000000,0.000000,0.000000,0.000000,0.000000,0.000000,0.000000,0.000000,-0.138726,2.091674,0.219310,-0.608548,0.645534,-0.101802,0.993823,0.000162,-0.000346,0.110973,-0.004340,0.009771,0.002625,0.264870,0.038812,-0.070890,-0.030961,0.001678,-0.000615,0.019310,-0.022229,0.008310,-0.101802,0.993823,0.000162,-0.000346,0.110973,-0.004340,0.009771,0.002625
12,113.052261,248,relative,28,4.850000,0.050000,-0.169908,2.124218,0.200000,-0.593843,0.639943,0.000000,0.000000,0.000000,0.000000,0.000000,0.000000,0.000000,0.000000,-0.169160,2.123947,0.214220,-0.608774,0.645406,-0.101802,0.993817,0.000056,-0.000156,0.111027,-0.002400,0.006227,0.001745,0.264870,0.028679,-0.062953,-0.030167,0.000748,-0.000272,0.014220,-0.014932,0.005463,-0.101802,0.993817,0.000056,-0.000156,0.111027,-0.002400,0.006227,0.001745
12,113.052261,248,relative,29,4.900000,0.050000,-0.199788,2.156283,0.200000,-0.601366,0.642662,0.000000,0.000000,0.000000,0.000000,0.000000,0.000000,0.000000,0.000000,-0.199601,2.156216,0.209130,-0.608864,0.645371,-0.101802,0.993814,0.000001,-0.000045,0.111060,-0.000967,0.003079,0.000887,0.265568,0.019548,-0.061571,-0.031299,0.000187,-0.000067,0.009130,-0.007498,0.002709,-0.101802,0.993814,0.000001,-0.000045,0.111060,-0.000967,0.003079,0.000887
12,113.052261,248,relative,30,4.950000,0.100000,-0.230045,2.188484,0.200000,-0.608890,0.645381,0.000000,0.000000,0.000000,0.000000,0.000000,0.000000,0.000000,0.000000,-0.230045,2.188484,0.204072,-0.608885,0.645378,-0.100509,0.993812,-0.000015,-0.000008,0.111071,0.000011,0.000000,-0.000002,0,0,0,0,-0.000000,0.000000,0.004072,0.000005,-0.000003,-0.100509,0.993812,-0.000015,-0.000008,0.111071,0.000011,0.000000,-0.000002
13,142.872133,304,relative,0,0.000000,0.054708,0.955689,-0.294378,0.200000,0.117751,0.382276,0.000000,0.000000,0.000000,0.000000,0.000000,0.000000,0.000000,0.000000,0.042144,0.042519,2.087305,0.119812,0.164185,0.132202,0.999940,-0.008274,-0.005660,0.004404,0.006507,-0.230029,-0.033935,0.080000,-0.555854,1.463289,0.174603,-0.913545,0.336897,1.887305,0.002061,-0.218091,0.132202,0.999940,-0.008274,-0.005660,0.004404,0.006507,-0.230029,-0.033935
13,142.872133,304,relative,1,0.054708,0.200000,0.961902,-0.273394,0.200000,0.109386,0.384852,0.000000,0.000000,0.000000,0.000000,0.000000,0.000000,0.000000,0.000000,0.048631,0.051574,2.084290,0.117064,0.166868,-0.242434,0.999899,-0.008488,-0.010865,0.003590,-0.024151,-0.149964,-0.028505,0.234867,0.117234,1.088465,0.091999,-0.913271,0.324968,1.884290,0.007678,-0.217985,-0.242434,0.999899,-0.008488,-0.010865,0.003590,-0.024151,-0.149964,-0.028505
13,142.872133,304,relative,2,0.254708,0.200000,0.980721,-0.195481,0.200000,0.078804,0.394273,0.000000,0.000000,0.000000,0.000000,0.000000,0.000000,0.000000,0.000000,0.067145,0.088094,2.013477,0.065686,0.199041,-0.465766,0.999840,-0.009698,-0.014997,0.001282,-0.000878,0.067777,-0.018044,0.265032,1.418275,-1.065014,0.098417,-0.913576,0.283575,1.813477,-0.013118,-0.195232,-0.465766,0.999840,-0.009698,-0.014997,0.001282,-0.000878,0.067777,-0.018044
13,142.872133,304,relative,3,0.454708,0.200000,0.993424,-0.115685,0.200000,0.048222,0.403693,0.000000,0.000000,0.000000,0.000000,0.000000,0.000000,0.000000,0.000000,0.074581,0.130786,1.920334,0.006141,0.218650,-0.465706,0.999812,0.004415,-0.018879,0.000254,0.282734,-0.145452,-0.006855,0.265267,-0.902095,1.156938,0.071772,-0.918843,0.246470,1.720334,-0.042081,-0.185043,-0.465706,0.999812,0.004415,-0.018879,0.000254,0.282734,-0.145452,-0.006855
13,142.872133,304,relative,4,0.654708,0.200000,1.000010,-0.034004,0.200000,0.017640,0.413113,0.000000,0.000000,0.000000,0.000000,0.000000,0.000000,0.000000,0.000000,0.067246,0.169667,1.827222,-0.081418,0.157565,-0.465841,0.999481,0.023664,-0.021854,0.000392,0.102278,0.085836,0.001306,0.265380,-0.845566,0.552457,0.104149,-0.932764,0.203672,1.627222,-0.099058,-0.255548,-0.465841,0.999481,0.023664,-0.021854,0.000392,0.102278,0.085836,0.001306
13,142.872133,304,relative,5,0.854708,0.200000,1.000480,0.049560,0.200000,-0.012943,0.422533,0.000000,0.000000,0.000000,0.000000,0.000000,0.000000,0.000000,0.000000,0.043866,0.191093,1.734039,-0.143142,0.055551,-0.465773,0.999646,0.025406,-0.007771,0.001530,-0.067006,0.196321,0.013147,0.265127,-0.487131,0.012913,0.095231,-0.956614,0.141533,1.534039,-0.130199,-0.366982,-0.465773,0.999646,0.025406,-0.007771,0.001530,-0.067006,0.196321,0.013147
13,142.872133,304,relative,6,1.054708,0.200000,0.994833,0.135009,0.200000,-0.043525,0.431953,0.000000,0.000000,0.000000,0.000000,0.000000,0.000000,0.000000,0.000000,0.014775,0.193429,1.640867,-0.134885,-0.024535,-0.465700,0.999827,0.013766,0.011904,0.003828,-0.164989,0.198563,0.023975,0.265133,-0.108071,-0.342666,0.012274,-0.980058,0.058420,1.440867,-0.091360,-0.456488,-0.465700,0.999827,0.013766,0.011904,0.003828,-0.164989,0.198563,0.023975
13,142.872133,304,relative,7,1.254708,0.200000,0.983070,0.222342,0.200000,-0.074107,0.441373,0.000000,0.000000,0.000000,0.000000,0.000000,0.000000,0.000000,0.000000,-0.005154,0.185389,1.547757,-0.053799,-0.044229,-0.465718,0.999572,-0.003875,0.028192,0.006755,-0.187216,0.129370,0.025371,0.265558,0.119505,-0.377613,0.001327,-0.988224,-0.036953,1.347757,0.020307,-0.485602,-0.465718,0.999572,-0.003875,0.028192,0.006755,-0.187216,0.129370,0.025371
13,142.872133,304,relative,8,1.454708,0.200000,0.965190,0.311558,0.200000,-0.104689,0.450793,0.000000,0.000000,0.000000,0.000000,0.000000,0.000000,0.000000,0.000000,-0.003431,0.180540,1.454675,0.076801,0.007334,-0.465773,0.999031,-0.021398,0.037200,0.009775,-0.163668,0.053170,0.025521,0.266093,0.308068,-0.395765,-0.014879,-0.968621,-0.131018,1.254675,0.181490,-0.443459,-0.465773,0.999031,-0.021398,0.037200,0.009775,-0.163668,0.053170,0.025521
13,142.872133,304,relative,9,1.654708,0.200000,0.941194,0.402659,0.200000,-0.135271,0.460213,0.000000,0.000000,0.000000,0.000000,0.000000,0.000000,0.000000,0.000000,0.026888,0.192532,1.361570,0.227049,0.121313,-0.465823,0.998580,-0.034592,0.038453,0.012721,-0.102106,-0.026483,0.023830,0.266340,0.390027,-0.391965,-0.024900,-0.914306,-0.210127,1.161570,0.362320,-0.338900,-0.465823,0.998580,-0.034592,0.038453,0.012721,-0.102106,-0.026483,0.023830
13,142.872133,304,relative,10,1.854708,0.200000,0.911082,0.495643,0.200000,-0.165853,0.469633,0.000000,0.000000,0.000000,0.000000,0.000000,0.000000,0.000000,0.000000,0.086638,0.231685,1.268406,0.366012,0.274239,-0.465820,0.998543,-0.040709,0.031880,0.015445,-0.023879,-0.105093,0.020999,0.266119,0.313886,-0.298112,-0.036559,-0.824443,-0.263958,1.068406,0.531864,-0.195394,-0.465820,0.998543,-0.040709,0.031880,0.015445,-0.023879,-0.105093,0.020999
13,142.872133,304,relative,11,2.054708,0.200000,0.874853,0.590512,0.200000,-0.196435,0.479053,0.000000,0.000000,0.000000,0.000000,0.000000,0.000000,0.000000,0.000000,0.170566,0.302812,1.175197,0.464436,0.436248,-0.465770,0.998882,-0.039665,0.018498,0.017871,0.039282,-0.164697,0.016842,0.265659,0.251575,-0.176694,-0.037089,-0.704287,-0.287700,0.975197,0.660871,-0.042806,-0.465770,0.998882,-0.039665,0.018498,0.017871,0.039282,-0.164697,0.016842
13,142.872133,304,relative,12,2.254708,0.200000,0.832508,0.687265,0.200000,-0.227017,0.488473,0.000000,0.000000,0.000000,0.000000,0.000000,0.000000,0.000000,0.000000,0.268199,0.405024,1.081993,0.500107,0.581205,-0.465718,0.999261,-0.032845,0.000462,0.019954,0.090003,-0.199894,0.012625,0.265346,0.131866,0.045023,-0.037393,-0.564309,-0.282241,0.881993,0.727123,0.092732,-0.465718,0.999261,-0.032845,0.000462,0.019954,0.090003,-0.199894,0.012625
13,142.872133,304,relative,13,2.454708,0.200000,0.784046,0.785901,0.200000,-0.257599,0.497894,0.000000,0.000000,0.000000,0.000000,0.000000,0.000000,0.000000,0.000000,0.365608,0.532801,0.988835,0.461487,0.689268,-0.465707,0.999344,-0.022118,-0.018811,0.021645,0.116688,-0.190726,0.008373,0.265417,-0.001121,0.264230,-0.037432,-0.418438,-0.253101,0.788835,0.719086,0.191375,-0.465707,0.999344,-0.022118,-0.018811,0.021645,0.116688,-0.190726,0.008373
13,142.872133,304,relative,14,2.654708,0.200000,0.729468,0.886422,0.200000,-0.288181,0.507314,0.000000,0.000000,0.000000,0.000000,0.000000,0.000000,0.000000,0.000000,0.448070,0.677554,0.895721,0.352729,0.750148,-0.465748,0.999076,-0.010111,-0.034952,0.022858,0.116622,-0.137769,0.004117,0.265751,-0.144165,0.399977,-0.003912,-0.281398,-0.208868,0.695721,0.640910,0.242835,-0.465748,0.999076,-0.010111,-0.034952,0.022858,0.116622,-0.137769,0.004117
13,142.872133,304,relative,15,2.854708,0.200000,0.668774,0.988827,0.200000,-0.318763,0.516734,0.000000,0.000000,0.000000,0.000000,0.000000,0.000000,0.000000,0.000000,0.503303,0.829740,0.802610,0.193526,0.764707,-0.465795,0.998729,0.000313,-0.044475,0.023710,0.087848,-0.057713,0.003673,0.266008,-0.194731,0.367553,-0.004709,-0.165471,-0.159087,0.602610,0.512289,0.247974,-0.465795,0.998729,0.000313,-0.044475,0.023710,0.087848,-0.057713,0.003673
13,142.872133,304,relative,16,3.054708,0.200000,0.601963,1.093116,0.200000,-0.349345,0.526154,0.000000,0.000000,0.000000,0.000000,0.000000,0.000000,0.000000,0.000000,0.524042,0.981093,0.709465,0.012711,0.744273,-0.465806,0.998600,0.007176,-0.046403,0.024360,0.048913,0.015833,0.003137,0.265978,-0.204182,0.266961,-0.002950,-0.077921,-0.112023,0.509465,0.362056,0.218119,-0.465806,0.998600,0.007176,-0.046403,0.024360,0.048913,0.015833,0.003137
13,142.872133,304,relative,17,3.254708,0.200000,0.529036,1.199288,0.200000,-0.379927,0.535574,0.000000,0.000000,0.000000,0.000000,0.000000,0.000000,0.000000,0.000000,0.508800,1.126189,0.616283,-0.162254,0.704956,-0.465789,0.998756,0.009903,-0.042088,0.024824,0.008058,0.069239,0.002802,0.265699,-0.174587,0.155585,-0.001283,-0.020235,-0.073099,0.416283,0.217673,0.169382,-0.465789,0.998756,0.009903,-0.042088,0.024824,0.008058,0.069239,0.002802
13,142.872133,304,relative,18,3.454708,0.200000,0.449992,1.307345,0.200000,-0.410509,0.544994,0.000000,0.000000,0.000000,0.000000,0.000000,0.000000,0.000000,0.000000,0.460906,1.262934,0.523085,-0.311185,0.663385,-0.465758,0.999079,0.008740,-0.033643,0.025145,-0.026895,0.100352,0.002656,0.265345,0.015822,-0.044375,-0.016214,0.010913,-0.044411,0.323085,0.099325,0.118391,-0.465758,0.999079,0.008740,-0.033643,0.025145,-0.026895,0.100352,0.002656
13,142.872133,304,relative,19,3.654708,0.200000,0.364832,1.417286,0.200000,-0.441091,0.554414,0.000000,0.000000,0.000000,0.000000,0.000000,0.000000,0.000000,0.000000,0.386806,1.392252,0.429896,-0.423629,0.631764,-0.465747,0.999371,0.005962,-0.024125,0.025315,-0.023756,0.091470,0.000812,0.265088,0.005185,0.021040,0.003537,0.021974,-0.025034,0.229896,0.017463,0.077350,-0.465747,0.999371,0.005962,-0.024125,0.025315,-0.023756,0.091470,0.000812
13,142.872133,304,relative,20,3.854708,0.200000,0.273556,1.529111,0.200000,-0.471673,0.563834,0.000000,0.000000,0.000000,0.000000,0.000000,0.000000,0.000000,0.000000,0.293864,1.516393,0.336722,-0.499758,0.611478,-0.465745,0.999561,0.003399,-0.014832,0.025414,-0.022733,0.095674,0.001215,0.288522,0.057125,-0.200144,-0.029178,0.020308,-0.012717,0.136722,-0.028085,0.047644,-0.465745,0.999561,0.003399,-0.014832,0.025414,-0.022733,0.095674,0.001215
13,142.872133,304,relative,21,4.054708,0.050000,0.176163,1.642820,0.200000,-0.502255,0.573254,0.000000,0.000000,0.000000,0.000000,0.000000,0.000000,0.000000,0.000000,0.188817,1.637421,0.261026,-0.545398,0.600277,-0.291087,0.999650,0.001506,-0.007312,0.025369,-0.011305,0.055646,-0.002103,0.359212,0.037011,-0.101170,-0.017156,0.012654,-0.005399,0.061026,-0.043142,0.027022,-0.291087,0.999650,0.001506,-0.007312,0.025369,-0.011305,0.055646,-0.002103
13,142.872133,304,relative,22,4.104708,0.050000,0.150859,1.671541,0.200000,-0.509901,0.575609,0.000000,0.000000,0.000000,0.000000,0.000000,0.000000,0.000000,0.000000,0.161320,1.667382,0.250838,-0.554185,0.598250,-0.116440,0.999661,0.001213,-0.005991,0.025311,-0.009449,0.050589,-0.002591,0.264886,0.018678,-0.062774,0.012705,0.010461,-0.004159,0.050838,-0.044284,0.022641,-0.116440,0.999661,0.001213,-0.005991,0.025311,-0.009449,0.050589,-0.002591
13,142.872133,304,relative,23,4.154708,0.050000,0.125173,1.700381,0.200000,-0.517546,0.577964,0.000000,0.000000,0.000000,0.000000,0.000000,0.000000,0.000000,0.000000,0.133474,1.697263,0.245016,-0.559430,0.597054,-0.116440,0.999669,0.000958,-0.004772,0.025251,-0.008511,0.047451,-0.002229,0.264880,0.018080,-0.081155,0.012139,0.008302,-0.003117,0.045016,-0.041883,0.019090,-0.116440,0.999669,0.000958,-0.004772,0.025251,-0.008511,0.047451,-0.002229
13,142.872133,304,relative,24,4.204708,0.050000,0.099104,1.729338,0.200000,-0.525192,0.580319,0.000000,0.000000,0.000000,0.000000,0.000000,0.000000,0.000000,0.000000,0.105396,1.727092,0.239194,-0.563526,0.596126,-0.116440,0.999676,0.000728,-0.003642,0.025200,-0.007604,0.043394,-0.001884,0.264875,0.018250,-0.099433,0.011510,0.006292,-0.002246,0.039194,-0.038334,0.015806,-0.116440,0.999676,0.000728,-0.003642,0.025200,-0.007604,0.043394,-0.001884
13,142.872133,304,relative,25,4.254708,0.050000,0.072654,1.758413,0.200000,-0.532837,0.582674,0.000000,0.000000,0.000000,0.000000,0.000000,0.000000,0.000000,0.000000,0.077139,1.756880,0.233372,-0.566573,0.595437,-0.116440,0.999680,0.000524,-0.002624,0.025157,-0.006688,0.038422,-0.001557,0.264873,0.019571,-0.117667,0.010903,0.004486,-0.001533,0.033372,-0.033736,0.012762,-0.116440,0.999680,0.000524,-0.002624,0.025157,-0.006688,0.038422,-0.001557
13,142.872133,304,relative,26,4.304708,0.050000,0.045821,1.787605,0.200000,-0.540483,0.585029,0.000000,0.000000,0.000000,0.000000,0.000000,0.000000,0.000000,0.000000,0.048754,1.786639,0.227550,-0.568691,0.594958,-0.116440,0.999683,0.000347,-0.001741,0.025122,-0.005708,0.032539,-0.001247,0.264871,0.022237,-0.135878,0.010941,0.002934,-0.000966,0.027550,-0.028208,0.009929,-0.116440,0.999683,0.000347,-0.001741,0.025122,-0.005708,0.032539,-0.001247
13,142.872133,304,relative,27,4.354708,0.050000,0.018605,1.816915,0.200000,-0.548128,0.587384,0.000000,0.000000,0.000000,0.000000,0.000000,0.000000,0.000000,0.000000,0.020283,1.816379,0.221728,-0.570022,0.594659,-0.116440,0.999685,0.000200,-0.001016,0.025094,-0.004595,0.025746,-0.000936,0.264870,0.026195,-0.153838,0.010960,0.001678,-0.000537,0.021728,-0.021894,0.007275,-0.116440,0.999685,0.000200,-0.001016,0.025094,-0.004595,0.025746,-0.000936
13,142.872133,304,relative,28,4.404708,0.050000,-0.008992,1.846344,0.200000,-0.555774,0.589739,0.000000,0.000000,0.000000,0.000000,0.000000,0.000000,0.000000,0.000000,-0.008238,1.846107,0.215906,-0.570732,0.594503,-0.116440,0.999685,0.000088,-0.000471,0.025075,-0.003284,0.018054,-0.000625,0.264870,0.030657,-0.171513,0.010967,0.000755,-0.000236,0.015906,-0.014958,0.004764,-0.116440,0.999685,0.000088,-0.000471,0.025075,-0.003284,0.018054,-0.000625
13,142.872133,304,relative,29,4.454708,0.050000,-0.036972,1.875889,0.200000,-0.563419,0.592094,0.000000,0.000000,0.000000,0.000000,0.000000,0.000000,0.000000,0.000000,-0.036783,1.875831,0.210084,-0.571008,0.594449,-0.116440,0.999686,0.000016,-0.000129,0.025063,-0.001751,0.009478,-0.000313,0.273433,0.035134,-0.189439,0.010980,0.000190,-0.000059,0.010084,-0.007588,0.002354,-0.116440,0.999686,0.000016,-0.000129,0.025063,-0.001751,0.009478,-0.000313
13,142.872133,304,relative,30,4.504708,0.100000,-0.065334,1.905553,0.200000,-0.571065,0.594449,0.000000,0.000000,0.000000,0.000000,0.000000,0.000000,0.000000,0.000000,-0.065335,1.905553,0.204658,-0.571058,0.594448,-0.100582,0.999686,-0.000009,-0.000011,0.025059,0.000005,0.000006,-0.000001,0,0,0,0,-0.000001,-0.000000,0.004658,0.000007,-0.000002,-0.100582,0.999686,-0.000009,-0.000011,0.025059,0.000005,0.000006,-0.000001
14,145.884666,293,relative,0,0.000000,0.200000,0.970667,-0.240427,0.200000,0.096171,0.388267,0.000000,0.000000,0.000000,0.000000,0.000000,0.000000,0.000000,0.000000,0.058469,0.067573,2.032092,0.087097,0.201660,-0.423340,0.999760,-0.011411,-0.018727,0.000186,0.506964,-0.527144,0.021527,0.252618,-1.744202,2.619489,0.012572,-0.912199,0.308000,1.832092,-0.009074,-0.186607,-0.423340,0.999760,-0.011411,-0.018727,0.000186,0.506964,-0.527144,0.021527
14,145.884666,293,relative,1,0.200000,0.200000,0.986795,-0.162004,0.200000,0.065109,0.395961,0.000000,0.000000,0.000000,0.000000,0.000000,0.000000,0.000000,0.000000,0.063960,0.106922,1.937881,-0.048557,0.171023,-0.520044,0.998736,0.021835,-0.045130,0.003472,0.159007,-0.002128,0.022956,0.266157,-1.111176,1.266301,0.018615,-0.922835,0.268926,1.737881,-0.113666,-0.224937,-0.520044,0.998736,0.021835,-0.045130,0.003472,0.159007,-0.002128,0.022956
14,145.884666,293,relative,2,0.400000,0.200000,0.996711,-0.082043,0.200000,0.034048,0.403654,0.000000,0.000000,0.000000,0.000000,0.000000,0.000000,0.000000,0.000000,0.037323,0.131114,1.833834,-0.209621,0.067835,-0.519931,0.999094,0.026436,-0.032723,0.006423,-0.063689,0.251301,0.025073,0.265384,-0.507338,0.296526,-0.038654,-0.959388,0.213157,1.633834,-0.243670,-0.335819,-0.519931,0.999094,0.026436,-0.032723,0.006423,-0.063689,0.251301,0.025073
14,145.884666,293,relative,3,0.600000,0.200000,1.000414,-0.000543,0.200000,0.002987,0.411348,0.000000,0.000000,0.000000,0.000000,0.000000,0.000000,0.000000,0.000000,-0.013926,0.135428,1.729771,-0.284605,-0.016898,-0.519694,0.999839,0.014685,-0.004800,0.009108,-0.166129,0.310213,0.020678,0.264993,-0.109035,-0.183346,-0.029674,-1.014340,0.135971,1.529771,-0.287592,-0.428246,-0.519694,0.999839,0.014685,-0.004800,0.009108,-0.166129,0.310213,0.020678
14,145.884666,293,relative,4,0.800000,0.200000,0.997906,0.082496,0.200000,-0.028075,0.419042,0.000000,0.000000,0.000000,0.000000,0.000000,0.000000,0.000000,0.000000,-0.068785,0.128592,1.625856,-0.245155,-0.039471,-0.519692,0.999638,-0.003340,0.024163,0.011366,-0.188778,0.273033,0.017304,0.265656,0.201374,-0.502633,-0.034789,-1.066690,0.046095,1.425856,-0.217081,-0.458513,-0.519692,0.999638,-0.003340,0.024163,0.011366,-0.188778,0.273033,0.017304
14,145.884666,293,relative,5,1.000000,0.200000,0.989185,0.167074,0.200000,-0.059136,0.426735,0.000000,0.000000,0.000000,0.000000,0.000000,0.000000,0.000000,0.000000,-0.105137,0.124541,1.522032,-0.104099,0.010380,-0.519832,0.998635,-0.020438,0.046211,0.013241,-0.149026,0.172111,0.013349,0.266717,0.365006,-0.677584,-0.039217,-1.094322,-0.042533,1.322032,-0.044963,-0.416355,-0.519832,0.998635,-0.020438,0.046211,0.013241,-0.149026,0.172111,0.013349
14,145.884666,293,relative,6,1.200000,0.200000,0.974251,0.253190,0.200000,-0.090197,0.434429,0.000000,0.000000,0.000000,0.000000,0.000000,0.000000,0.000000,0.000000,-0.106070,0.136690,1.418163,0.101372,0.118684,-0.519940,0.997790,-0.031769,0.056489,0.014670,-0.076209,0.036400,0.008890,0.267188,0.341130,-0.661819,-0.046349,-1.080322,-0.116501,1.218163,0.191569,-0.315745,-0.519940,0.997790,-0.031769,0.056489,0.014670,-0.076209,0.036400,0.008890
14,145.884666,293,relative,7,1.400000,0.200000,0.953106,0.340846,0.200000,-0.121259,0.442123,0.000000,0.000000,0.000000,0.000000,0.000000,0.000000,0.000000,0.000000,-0.063652,0.174082,1.314174,0.320759,0.257950,-0.519922,0.997802,-0.035887,0.053473,0.015639,-0.007963,-0.096008,0.003620,0.266729,0.306263,-0.537062,-0.041485,-1.016758,-0.166764,1.114174,0.442017,-0.184173,-0.519922,0.997802,-0.035887,0.053473,0.015639,-0.007963,-0.096008,0.003620
14,145.884666,293,relative,8,1.600000,0.200000,0.925748,0.430039,0.200000,-0.152320,0.449816,0.000000,0.000000,0.000000,0.000000,0.000000,0.000000,0.000000,0.000000,0.019755,0.240010,1.210099,0.503558,0.399560,-0.519812,0.998567,-0.033377,0.038570,0.016190,0.053312,-0.203420,-0.001097,0.265789,0.196129,-0.253784,-0.035627,-0.905992,-0.190030,1.010099,0.655878,-0.050256,-0.519812,0.998567,-0.033377,0.038570,0.016190,0.053312,-0.203420,-0.001097
14,145.884666,293,relative,9,1.800000,0.200000,0.892178,0.520772,0.200000,-0.183381,0.457510,0.000000,0.000000,0.000000,0.000000,0.000000,0.000000,0.000000,0.000000,0.132620,0.332379,1.106035,0.610263,0.518896,-0.519714,0.999410,-0.025730,0.015821,0.016365,0.092426,-0.254213,-0.005148,0.265135,0.060375,0.063530,-0.029932,-0.759558,-0.188393,0.906035,0.793644,0.061387,-0.519714,0.999410,-0.025730,0.015821,0.016365,0.092426,-0.254213,-0.005148
14,145.884666,293,relative,10,2.000000,0.200000,0.852395,0.613043,0.200000,-0.214443,0.465204,0.000000,0.000000,0.000000,0.000000,0.000000,0.000000,0.000000,0.000000,0.257474,0.445008,1.002054,0.622274,0.600437,-0.519713,0.999710,-0.015497,-0.008814,0.016164,0.104244,-0.241610,-0.008551,0.265149,-0.091729,0.312585,0.007733,-0.594921,-0.168036,0.802054,0.836716,0.135233,-0.519713,0.999710,-0.015497,-0.008814,0.016164,0.104244,-0.241610,-0.008551
14,145.884666,293,relative,11,2.200000,0.200000,0.806401,0.706853,0.200000,-0.245504,0.472897,0.000000,0.000000,0.000000,0.000000,0.000000,0.000000,0.000000,0.000000,0.375454,0.569726,0.898143,0.543964,0.640089,-0.519786,0.999418,-0.005656,-0.029704,0.015762,0.085639,-0.179210,-0.007672,0.265613,-0.155267,0.391728,0.009231,-0.430947,-0.137128,0.698143,0.789468,0.167191,-0.519786,0.999418,-0.005656,-0.029704,0.015762,0.085639,-0.179210,-0.007672
14,145.884666,293,relative,12,2.400000,0.200000,0.754194,0.802202,0.200000,-0.276565,0.480591,0.000000,0.000000,0.000000,0.000000,0.000000,0.000000,0.000000,0.000000,0.470473,0.698697,0.794243,0.397214,0.644747,-0.519855,0.998930,0.001586,-0.043593,0.015335,0.054432,-0.100941,-0.006622,0.266068,-0.178274,0.385966,0.012039,-0.283721,-0.103505,0.594243,0.673780,0.164156,-0.519855,0.998930,0.001586,-0.043593,0.015335,0.054432,-0.100941,-0.006622
14,145.884666,293,relative,13,2.600000,0.200000,0.695775,0.899090,0.200000,-0.307627,0.488285,0.000000,0.000000,0.000000,0.000000,0.000000,0.000000,0.000000,0.000000,0.531711,0.826128,0.690309,0.211161,0.627044,-0.519882,0.998636,0.005361,-0.049764,0.014892,0.018720,-0.023782,-0.005254,0.266212,-0.161790,0.342051,0.014356,-0.164064,-0.072962,0.490309,0.518787,0.138759,-0.519882,0.998636,0.005361,-0.049764,0.014892,0.018720,-0.023782,-0.005254
14,145.884666,293,relative,14,2.800000,0.200000,0.631143,0.997516,0.200000,-0.338688,0.495978,0.000000,0.000000,0.000000,0.000000,0.000000,0.000000,0.000000,0.000000,0.554292,0.948991,0.586329,0.015333,0.601436,-0.519857,0.998692,0.005622,-0.048717,0.014468,-0.013633,0.044626,-0.003621,0.266010,0.009639,0.177263,0.000202,-0.076851,-0.048525,0.386329,0.354021,0.105458,-0.519857,0.998692,0.005622,-0.048717,0.014468,-0.013633,0.044626,-0.003621
14,145.884666,293,relative,15,3.000000,0.200000,0.560299,1.097481,0.200000,-0.369749,0.503672,0.000000,0.000000,0.000000,0.000000,0.000000,0.000000,0.000000,0.000000,0.538911,1.066980,0.482322,-0.165091,0.579402,-0.519825,0.998988,0.004286,-0.042505,0.014079,-0.011670,0.080086,-0.003598,0.265645,-0.014978,0.220357,0.020507,-0.021389,-0.030501,0.282322,0.204659,0.075730,-0.519825,0.998988,0.004286,-0.042505,0.014079,-0.011670,0.080086,-0.003598
14,145.884666,293,relative,16,3.200000,0.200000,0.483243,1.198985,0.200000,-0.400811,0.511366,0.000000,0.000000,0.000000,0.000000,0.000000,0.000000,0.000000,0.000000,0.490391,1.181136,0.378311,-0.313448,0.563202,-0.519784,0.999378,0.002839,-0.032318,0.013823,-0.014630,0.124162,-0.001267,0.291606,0.028213,-0.087469,-0.011795,0.007148,-0.017849,0.178311,0.087363,0.051836,-0.519784,0.999378,0.002839,-0.032318,0.013823,-0.014630,0.124162,-0.001267
14,145.884666,293,relative,17,3.400000,0.050000,0.399975,1.302027,0.200000,-0.431872,0.519059,0.000000,0.000000,0.000000,0.000000,0.000000,0.000000,0.000000,0.000000,0.415482,1.292595,0.293806,-0.427378,0.552465,-0.324819,0.999690,0.001507,-0.020798,0.013622,-0.008953,0.106672,-0.002608,0.370384,0.032201,-0.093486,-0.012805,0.015507,-0.009432,0.093806,0.004494,0.033406,-0.324819,0.999690,0.001507,-0.020798,0.013622,-0.008953,0.106672,-0.002608
14,145.884666,293,relative,18,3.450000,0.050000,0.378187,1.328028,0.200000,-0.439637,0.520983,0.000000,0.000000,0.000000,0.000000,0.000000,0.000000,0.000000,0.000000,0.393430,1.320160,0.282436,-0.454075,0.550203,-0.129948,0.999742,0.001269,-0.018193,0.013552,-0.007332,0.101998,-0.002972,0.265023,0.015544,-0.074097,0.017071,0.015243,-0.007868,0.082436,-0.014437,0.029220,-0.129948,0.999742,0.001269,-0.018193,0.013552,-0.007332,0.101998,-0.002972
14,145.884666,293,relative,19,3.500000,0.050000,0.356011,1.354126,0.200000,-0.447403,0.522906,0.000000,0.000000,0.000000,0.000000,0.000000,0.000000,0.000000,0.000000,0.370301,1.347635,0.275939,-0.470678,0.548836,-0.129947,0.999785,0.001063,-0.015692,0.013484,-0.006545,0.098294,-0.002486,0.264982,0.016143,-0.111994,0.016524,0.014290,-0.006490,0.075939,-0.023275,0.025930,-0.129947,0.999785,0.001063,-0.015692,0.013484,-0.006545,0.098294,-0.002486
14,145.884666,293,relative,20,3.550000,0.050000,0.333447,1.380319,0.200000,-0.455168,0.524829,0.000000,0.000000,0.000000,0.000000,0.000000,0.000000,0.000000,0.000000,0.346403,1.375048,0.269441,-0.484881,0.547694,-0.129947,0.999821,0.000878,-0.013307,0.013428,-0.005729,0.092695,-0.002017,0.264949,0.017543,-0.150557,0.015914,0.012956,-0.005271,0.069441,-0.029713,0.022864,-0.129947,0.999821,0.000878,-0.013307,0.013428,-0.005729,0.092695,-0.002017
14,145.884666,293,relative,21,3.600000,0.050000,0.310494,1.406608,0.200000,-0.462933,0.526753,0.000000,0.000000,0.000000,0.000000,0.000000,0.000000,0.000000,0.000000,0.321851,1.402408,0.262943,-0.496822,0.546753,-0.129947,0.999849,0.000717,-0.011086,0.013383,-0.004846,0.085168,-0.001564,0.264924,0.020191,-0.189491,0.015328,0.011357,-0.004201,0.062943,-0.033889,0.020000,-0.129947,0.999849,0.000717,-0.011086,0.013383,-0.004846,0.085168,-0.001564
14,145.884666,293,relative,22,3.650000,0.050000,0.287154,1.432994,0.200000,-0.470699,0.528676,0.000000,0.000000,0.000000,0.000000,0.000000,0.000000,0.000000,0.000000,0.296755,1.429726,0.256446,-0.506685,0.545986,-0.129947,0.999870,0.000582,-0.009077,0.013350,-0.003833,0.075693,-0.001129,0.264905,0.001880,-0.092145,0.004440,0.009602,-0.003268,0.056446,-0.035986,0.017310,-0.129947,0.999870,0.000582,-0.009077,0.013350,-0.003833,0.075693,-0.001129
14,145.884666,293,relative,23,3.700000,0.050000,0.263425,1.459476,0.200000,-0.478464,0.530600,0.000000,0.000000,0.000000,0.000000,0.000000,0.000000,0.000000,0.000000,0.271214,1.457009,0.249948,-0.514674,0.545367,-0.129947,0.999885,0.000463,-0.007244,0.013323,-0.003736,0.071086,-0.001003,0.264892,0.004329,-0.119864,0.004643,0.007789,-0.002467,0.049948,-0.036210,0.014767,-0.129947,0.999885,0.000463,-0.007244,0.013323,-0.003736,0.071086,-0.001003
14,145.884666,293,relative,24,3.750000,0.050000,0.239307,1.486054,0.200000,-0.486230,0.532523,0.000000,0.000000,0.000000,0.000000,0.000000,0.000000,0.000000,0.000000,0.245317,1.484265,0.243451,-0.520928,0.544885,-0.129948,0.999896,0.000350,-0.005543,0.013300,-0.003517,0.065093,-0.000871,0.264882,0.007084,-0.149454,0.004850,0.006009,-0.001789,0.043451,-0.034699,0.012362,-0.129948,0.999896,0.000350,-0.005543,0.013300,-0.003517,0.065093,-0.000871
14,145.884666,293,relative,25,3.800000,0.050000,0.214802,1.512728,0.200000,-0.493995,0.534447,0.000000,0.000000,0.000000,0.000000,0.000000,0.000000,0.000000,0.000000,0.219147,1.511500,0.236953,-0.525594,0.544532,-0.129948,0.999904,0.000246,-0.004010,0.013280,-0.003161,0.057620,-0.000733,0.264876,0.010109,-0.181138,0.005062,0.004346,-0.001229,0.036953,-0.031600,0.010085,-0.129948,0.999904,0.000246,-0.004010,0.013280,-0.003161,0.057620,-0.000733
14,145.884666,293,relative,26,3.850000,0.050000,0.189908,1.539499,0.200000,-0.501760,0.536370,0.000000,0.000000,0.000000,0.000000,0.000000,0.000000,0.000000,0.000000,0.192781,1.538720,0.230456,-0.528857,0.544292,-0.129948,0.999908,0.000156,-0.002684,0.013263,-0.002654,0.048564,-0.000589,0.264872,0.013132,-0.211406,0.005218,0.002873,-0.000779,0.030456,-0.027096,0.007922,-0.129948,0.999908,0.000156,-0.002684,0.013263,-0.002654,0.048564,-0.000589
14,145.884666,293,relative,27,3.900000,0.050000,0.164626,1.566365,0.200000,-0.509526,0.538293,0.000000,0.000000,0.000000,0.000000,0.000000,0.000000,0.000000,0.000000,0.166281,1.565931,0.223959,-0.530936,0.544149,-0.129949,0.999911,0.000084,-0.001603,0.013251,-0.001996,0.037993,-0.000441,0.264870,0.013613,-0.231483,0.005176,0.001656,-0.000435,0.023959,-0.021410,0.005856,-0.129949,0.999911,0.000084,-0.001603,0.013251,-0.001996,0.037993,-0.000441
14,145.884666,293,relative,28,3.950000,0.050000,0.138955,1.593328,0.200000,-0.517291,0.540217,0.000000,0.000000,0.000000,0.000000,0.000000,0.000000,0.000000,0.000000,0.139702,1.593136,0.217461,-0.532089,0.544079,-0.129950,0.999912,0.000032,-0.000798,0.013241,-0.001315,0.026419,-0.000293,0.264870,0.013541,-0.252166,0.005132,0.000747,-0.000192,0.017461,-0.014798,0.003862,-0.129950,0.999912,0.000032,-0.000798,0.013241,-0.001315,0.026419,-0.000293
14,145.884666,293,relative,29,4.000000,0.050000,0.112896,1.620387,0.200000,-0.525056,0.542140,0.000000,0.000000,0.000000,0.000000,0.000000,0.000000,0.000000,0.000000,0.113083,1.620339,0.210964,-0.532600,0.544058,-0.129951,0.999912,0.000000,-0.000296,0.013236,-0.000638,0.013811,-0.000148,0.280692,0.012970,-0.273811,0.005089,0.000187,-0.000048,0.010964,-0.007544,0.001918,-0.129951,0.999912,0.000000,-0.000296,0.013236,-0.000638,0.013811,-0.000148
14,145.884666,293,relative,30,4.050000,0.100000,0.086450,1.647542,0.200000,-0.532822,0.544064,0.000000,0.000000,0.000000,0.000000,0.000000,0.000000,0.000000,0.000000,0.086448,1.647542,0.205199,-0.532788,0.544062,-0.100650,0.999912,-0.000010,-0.000122,0.013234,0.000010,0.000120,-0.000003,0,0,0,0,-0.000002,-0.000000,0.005199,0.000034,-0.000001,-0.100650,0.999912,-0.000010,-0.000122,0.013234,0.000010,0.000120,-0.000003
15,152.222174,314,relative,0,0.000000,0.200000,0.982603,-0.185720,0.200000,0.074288,0.393041,0.000000,0.000000,0.000000,0.000000,0.000000,0.000000,0.000000,0.000000,0.068026,0.098208,1.975465,0.014534,0.197998,-0.376221,0.999795,0.001007,-0.020094,0.002149,-0.094289,0.206985,-0.006281,0.247269,0.081796,0.299061,-0.048743,-0.914576,0.283929,1.775465,-0.059754,-0.195043,-0.376221,0.999795,0.001007,-0.020094,0.002149,-0.094289,0.206985,-0.006281
15,152.222174,314,relative,1,0.200000,0.200000,0.994316,-0.106518,0.200000,0.042845,0.398984,0.000000,0.000000,0.000000,0.000000,0.000000,0.000000,0.000000,0.000000,0.066279,0.138535,1.887111,-0.017559,0.210559,-0.507121,0.999964,-0.007621,0.003581,0.001079,-0.077600,0.266914,-0.011823,0.265178,0.242659,-0.341747,-0.040678,-0.928037,0.245052,1.687111,-0.060403,-0.188425,-0.507121,0.999964,-0.007621,0.003581,0.001079,-0.077600,0.266914,-0.011823
15,152.222174,314,relative,2,0.400000,0.200000,0.999741,-0.026127,0.200000,0.011402,0.404927,0.000000,0.000000,0.000000,0.000000,0.000000,0.000000,0.000000,0.000000,0.067441,0.184502,1.785806,0.044404,0.252592,-0.506460,0.999556,-0.012961,0.026839,-0.000506,-0.028572,0.198676,-0.016448,0.265612,0.213024,-0.615565,-0.044324,-0.932300,0.210629,1.585806,0.033002,-0.152335,-0.506460,0.999556,-0.012961,0.026839,-0.000506,-0.028572,0.198676,-0.016448
15,152.222174,314,relative,3,0.600000,0.200000,0.998877,0.055453,0.200000,-0.020042,0.410870,0.000000,0.000000,0.000000,0.000000,0.000000,0.000000,0.000000,0.000000,0.089079,0.240340,1.684571,0.180950,0.306221,-0.506509,0.999081,-0.013714,0.040518,-0.002569,0.014420,0.075581,-0.021488,0.265906,0.179862,-0.673447,-0.037453,-0.909798,0.184887,1.484571,0.200991,-0.104650,-0.506509,0.999081,-0.013714,0.040518,-0.002569,0.014420,0.075581,-0.021488
15,152.222174,314,relative,4,0.800000,0.200000,0.991724,0.138221,0.200000,-0.051485,0.416813,0.000000,0.000000,0.000000,0.000000,0.000000,0.000000,0.000000,0.000000,0.141776,0.306629,1.583277,0.346540,0.354535,-0.506418,0.999078,-0.010570,0.041293,-0.005078,0.050414,-0.059227,-0.025746,0.265651,0.082698,-0.490057,-0.028081,-0.849948,0.168408,1.383277,0.398025,-0.062278,-0.506418,0.999078,-0.010570,0.041293,-0.005078,0.050414,-0.059227,-0.025746
15,152.222174,314,relative,5,1.000000,0.200000,0.978283,0.222178,0.200000,-0.082928,0.422756,0.000000,0.000000,0.000000,0.000000,0.000000,0.000000,0.000000,0.000000,0.226238,0.380909,1.481956,0.490945,0.384527,-0.506223,0.999494,-0.004898,0.030407,-0.007943,0.066500,-0.157482,-0.028939,0.265164,-0.027897,-0.208387,-0.017521,-0.752045,0.158731,1.281956,0.573873,-0.038230,-0.506223,0.999494,-0.004898,0.030407,-0.007943,0.066500,-0.157482,-0.028939
15,152.222174,314,relative,6,1.200000,0.200000,0.958553,0.307324,0.200000,-0.114372,0.428699,0.000000,0.000000,0.000000,0.000000,0.000000,0.000000,0.000000,0.000000,0.334170,0.458831,1.380678,0.576629,0.390774,-0.506040,0.999860,0.001198,0.012500,-0.011045,0.060108,-0.199447,-0.030931,0.264915,-0.143363,0.054601,0.024495,-0.624383,0.151507,1.180678,0.691000,-0.037926,-0.506040,0.999860,0.001198,0.012500,-0.011045,0.060108,-0.199447,-0.030931
15,152.222174,314,relative,7,1.400000,0.200000,0.932534,0.393658,0.200000,-0.145815,0.434642,0.000000,0.000000,0.000000,0.000000,0.000000,0.000000,0.000000,0.000000,0.451806,0.535833,1.279477,0.586968,0.376601,-0.505919,0.999862,0.005477,-0.006954,-0.014084,0.030565,-0.188731,-0.028146,0.265049,-0.165300,0.186102,0.028446,-0.480728,0.142175,1.079477,0.732783,-0.058041,-0.505919,0.999862,0.005477,-0.006954,-0.014084,0.030565,-0.188731,-0.028146
15,152.222174,314,relative,8,1.600000,0.200000,0.900227,0.481181,0.200000,-0.177258,0.440585,0.000000,0.000000,0.000000,0.000000,0.000000,0.000000,0.000000,0.000000,0.564084,0.608822,1.178338,0.524657,0.352738,-0.505823,0.999549,0.006623,-0.023969,-0.016827,-0.003182,-0.151567,-0.024911,0.265407,-0.147044,0.256056,0.031881,-0.336143,0.127641,0.978338,0.701915,-0.087848,-0.505823,0.999549,0.006623,-0.023969,-0.016827,-0.003182,-0.151567,-0.024911
15,152.222174,314,relative,9,1.800000,0.200000,0.861631,0.569892,0.200000,-0.208701,0.446529,0.000000,0.000000,0.000000,0.000000,0.000000,0.000000,0.000000,0.000000,0.657741,0.677129,1.077231,0.403728,0.331818,-0.505732,0.999137,0.004655,-0.036508,-0.019269,-0.033035,-0.100294,-0.021287,0.265761,-0.095265,0.296224,0.034114,-0.203890,0.107237,0.877231,0.612430,-0.114711,-0.505732,0.999137,0.004655,-0.036508,-0.019269,-0.033035,-0.100294,-0.021287
15,152.222174,314,relative,10,2.000000,0.200000,0.816746,0.659792,0.200000,-0.240145,0.452472,0.000000,0.000000,0.000000,0.000000,0.000000,0.000000,0.000000,0.000000,0.722992,0.742479,0.976130,0.244284,0.324673,-0.505635,0.998826,0.000327,-0.043469,-0.021397,-0.052298,-0.040924,-0.017408,0.265949,0.092130,0.217129,0.020359,-0.093754,0.082687,0.776130,0.484428,-0.127798,-0.505635,0.998826,0.000327,-0.043469,-0.021397,-0.052298,-0.040924,-0.017408
15,152.222174,314,relative,11,2.200000,0.200000,0.765573,0.750881,0.200000,-0.271588,0.458415,0.000000,0.000000,0.000000,0.000000,0.000000,0.000000,0.000000,0.000000,0.754375,0.808295,0.875023,0.068413,0.336367,-0.505549,0.998696,-0.003949,-0.045289,-0.023210,-0.033920,0.002608,-0.015093,0.265932,0.067099,0.326842,0.041558,-0.011198,0.057414,0.675023,0.340001,-0.122047,-0.505549,0.998696,-0.003949,-0.045289,-0.023210,-0.033920,0.002608,-0.015093
15,152.222174,314,relative,12,2.400000,0.200000,0.708111,0.843158,0.200000,-0.303031,0.464358,0.000000,0.000000,0.000000,0.000000,0.000000,0.000000,0.000000,0.000000,0.750541,0.877925,0.773904,-0.104357,0.361610,-0.505448,0.998805,-0.006523,-0.041703,-0.024622,-0.020436,0.068030,-0.010368,0.265708,0.084082,0.073857,0.010504,0.042430,0.034767,0.573904,0.198674,-0.102748,-0.505448,0.998805,-0.006523,-0.041703,-0.024622,-0.020436,0.068030,-0.010368
15,152.222174,314,relative,13,2.600000,0.200000,0.644360,0.936624,0.200000,-0.334475,0.470301,0.000000,0.000000,0.000000,0.000000,0.000000,0.000000,0.000000,0.000000,0.714284,0.953382,0.672807,-0.253244,0.393496,-0.505160,0.999058,-0.007491,-0.034145,-0.025699,-0.003508,0.082820,-0.009174,0.265455,0.029839,-0.035472,-0.009882,0.069924,0.016758,0.472807,0.081231,-0.076805,-0.505160,0.999058,-0.007491,-0.034145,-0.025699,-0.003508,0.082820,-0.009174
15,152.222174,314,relative,14,2.800000,0.200000,0.574321,1.031278,0.200000,-0.365918,0.476244,0.000000,0.000000,0.000000,0.000000,0.000000,0.000000,0.000000,0.000000,0.651356,1.035341,0.571796,-0.370859,0.425855,-0.504634,0.999272,-0.007301,-0.026231,-0.026732,0.002577,0.075726,-0.010297,0.264561,0.021784,-0.003348,0.020372,0.077035,0.004063,0.371796,-0.004942,-0.050389,-0.504634,0.999272,-0.007301,-0.026231,-0.026732,0.002577,0.075726,-0.010297
15,152.222174,314,relative,15,3.000000,0.200000,0.497993,1.127122,0.200000,-0.397361,0.482187,0.000000,0.000000,0.000000,0.000000,0.000000,0.000000,0.000000,0.000000,0.567969,1.123545,0.470398,-0.458114,0.455607,-0.509114,0.999420,-0.006594,-0.018716,-0.027688,0.007038,0.075050,-0.007981,0.266006,0.027528,-0.034018,0.020872,0.069976,-0.003576,0.270398,-0.060753,-0.026580,-0.509114,0.999420,-0.006594,-0.018716,-0.027688,0.007038,0.075050,-0.007981
15,152.222174,314,relative,16,3.200000,0.200000,0.415377,1.224153,0.200000,-0.428804,0.488130,0.000000,0.000000,0.000000,0.000000,0.000000,0.000000,0.000000,0.000000,0.470002,1.217304,0.369296,-0.516897,0.481072,-0.501755,0.999515,-0.005400,-0.011587,-0.028395,0.012618,0.068236,-0.005608,0.296403,0.027665,-0.088715,0.021367,0.054625,-0.006849,0.169296,-0.088092,-0.007058,-0.501755,0.999515,-0.005400,-0.011587,-0.028395,0.012618,0.068236,-0.005608
15,152.222174,314,relative,17,3.400000,0.050000,0.326471,1.322373,0.200000,-0.460248,0.494073,0.000000,0.000000,0.000000,0.000000,0.000000,0.000000,0.000000,0.000000,0.362524,1.315775,0.292252,-0.553605,0.502266,-0.268598,0.999561,-0.003687,-0.005700,-0.028849,0.018191,0.050483,-0.003178,0.321086,0.025614,-0.143685,0.021296,0.036053,-0.006598,0.092252,-0.093357,0.008193,-0.268598,0.999561,-0.003687,-0.005700,-0.028849,0.018191,0.050483,-0.003178
15,152.222174,314,relative,18,3.450000,0.050000,0.303262,1.347114,0.200000,-0.468109,0.495559,0.000000,0.000000,0.000000,0.000000,0.000000,0.000000,0.000000,0.000000,0.334690,1.340998,0.281424,-0.559557,0.506526,-0.164539,0.999566,-0.003182,-0.004542,-0.028923,0.019477,0.043297,-0.002573,0.280387,-0.000300,-0.049356,0.010464,0.031427,-0.006117,0.081424,-0.091448,0.010968,-0.164539,0.999566,-0.003182,-0.004542,-0.028923,0.019477,0.043297,-0.002573
15,152.222174,314,relative,19,3.500000,0.050000,0.279660,1.371929,0.200000,-0.475969,0.497044,0.000000,0.000000,0.000000,0.000000,0.000000,0.000000,0.000000,0.000000,0.306605,1.366405,0.273914,-0.563640,0.509681,-0.135829,0.999570,-0.002664,-0.003506,-0.028984,0.019465,0.040827,-0.002276,0.269160,-0.005068,-0.081966,0.010707,0.026945,-0.005524,0.073914,-0.087671,0.012637,-0.135829,0.999570,-0.002664,-0.003506,-0.028984,0.019465,0.040827,-0.002276
15,152.222174,314,relative,20,3.550000,0.050000,0.255665,1.396819,0.200000,-0.483830,0.498530,0.000000,0.000000,0.000000,0.000000,0.000000,0.000000,0.000000,0.000000,0.278346,1.391954,0.267321,-0.566580,0.512168,-0.127899,0.999573,-0.002153,-0.002551,-0.029038,0.019215,0.036727,-0.001971,0.265937,-0.009124,-0.118395,0.010943,0.022681,-0.004865,0.067321,-0.082749,0.013638,-0.127899,0.999573,-0.002153,-0.002551,-0.029038,0.019215,0.036727,-0.001971
15,152.222174,314,relative,21,3.600000,0.050000,0.231277,1.421782,0.200000,-0.491691,0.500016,0.000000,0.000000,0.000000,0.000000,0.000000,0.000000,0.000000,0.000000,0.249963,1.417613,0.260975,-0.568616,0.514101,-0.125931,0.999574,-0.001654,-0.001721,-0.029084,0.018761,0.030806,-0.001660,0.265064,-0.012497,-0.158779,0.011176,0.018685,-0.004170,0.060975,-0.076925,0.014085,-0.125931,0.999574,-0.001654,-0.001721,-0.029084,0.018761,0.030806,-0.001660
15,152.222174,314,relative,22,3.650000,0.050000,0.206496,1.446820,0.200000,-0.499552,0.501502,0.000000,0.000000,0.000000,0.000000,0.000000,0.000000,0.000000,0.000000,0.221497,1.443355,0.254688,-0.569926,0.515526,-0.125574,0.999575,-0.001173,-0.001064,-0.029122,0.018138,0.022866,-0.001342,0.264846,-0.028835,0.015211,0.006121,0.015000,-0.003465,0.054688,-0.070374,0.014024,-0.125574,0.999575,-0.001173,-0.001064,-0.029122,0.018138,0.022866,-0.001342
15,152.222174,314,relative,23,3.700000,0.050000,0.181322,1.471933,0.200000,-0.507413,0.502987,0.000000,0.000000,0.000000,0.000000,0.000000,0.000000,0.000000,0.000000,0.192980,1.469157,0.248408,-0.570665,0.516474,-0.125621,0.999575,-0.000721,-0.000495,-0.029154,0.016697,0.023626,-0.001168,0.264813,-0.034127,-0.004672,0.006214,0.011657,-0.002775,0.048408,-0.063252,0.013486,-0.125621,0.999575,-0.000721,-0.000495,-0.029154,0.016697,0.023626,-0.001168
15,152.222174,314,relative,24,3.750000,0.050000,0.155755,1.497119,0.200000,-0.515273,0.504473,0.000000,0.000000,0.000000,0.000000,0.000000,0.000000,0.000000,0.000000,0.164439,1.494995,0.242124,-0.570853,0.516980,-0.125726,0.999574,-0.000308,0.000080,-0.029181,0.014992,0.023392,-0.000992,0.264845,-0.039229,-0.028125,0.006306,0.008684,-0.002124,0.042124,-0.055580,0.012507,-0.125726,0.999574,-0.000308,0.000080,-0.029181,0.014992,0.023392,-0.000992
15,152.222174,314,relative,25,3.800000,0.050000,0.129795,1.522380,0.200000,-0.523134,0.505959,0.000000,0.000000,0.000000,0.000000,0.000000,0.000000,0.000000,0.000000,0.135903,1.520849,0.235837,-0.570495,0.517088,-0.125773,0.999573,0.000059,0.000637,-0.029204,0.013031,0.021985,-0.000813,0.264912,-0.044277,-0.055751,0.006396,0.006109,-0.001531,0.035837,-0.047361,0.011129,-0.125773,0.999573,0.000059,0.000637,-0.029204,0.013031,0.021985,-0.000813
15,152.222174,314,relative,26,3.850000,0.050000,0.103442,1.547715,0.200000,-0.530995,0.507445,0.000000,0.000000,0.000000,0.000000,0.000000,0.000000,0.000000,0.000000,0.107398,1.546698,0.229550,-0.569623,0.516846,-0.125696,0.999572,0.000372,0.001143,-0.029222,0.010818,0.019197,-0.000631,0.265000,-0.048371,-0.085867,0.006403,0.003957,-0.001017,0.029550,-0.038628,0.009402,-0.125696,0.999572,0.000372,0.001143,-0.029222,0.010818,0.019197,-0.000631
15,152.222174,314,relative,27,3.900000,0.050000,0.076695,1.573124,0.200000,-0.538856,0.508931,0.000000,0.000000,0.000000,0.000000,0.000000,0.000000,0.000000,0.000000,0.078949,1.572528,0.223271,-0.568302,0.516313,-0.125457,0.999571,0.000624,0.001562,-0.029236,0.008400,0.014904,-0.000449,0.264995,-0.053857,-0.103311,0.006325,0.002253,-0.000596,0.023271,-0.029446,0.007383,-0.125457,0.999571,0.000624,0.001562,-0.029236,0.008400,0.014904,-0.000449
15,152.222174,314,relative,28,3.950000,0.050000,0.049556,1.598608,0.200000,-0.546717,0.510416,0.000000,0.000000,0.000000,0.000000,0.000000,0.000000,0.000000,0.000000,0.050574,1.598326,0.217004,-0.566631,0.515555,-0.125230,0.999570,0.000810,0.001865,-0.029245,0.005707,0.009738,-0.000269,0.264383,-0.060102,-0.123388,0.006250,0.001018,-0.000282,0.017004,-0.019914,0.005138,-0.125230,0.999570,0.000810,0.001865,-0.029245,0.005707,0.009738,-0.000269
15,152.222174,314,relative,29,4.000000,0.050000,0.022024,1.624166,0.200000,-0.554578,0.511902,0.000000,0.000000,0.000000,0.000000,0.000000,0.000000,0.000000,0.000000,0.022289,1.624081,0.210720,-0.564739,0.514646,-0.126136,0.999570,0.000920,0.002028,-0.029249,0.002702,0.003568,-0.000091,0.278639,-0.067273,-0.146433,0.006187,0.000266,-0.000085,0.010720,-0.010161,0.002744,-0.126136,0.999570,0.000920,0.002028,-0.029249,0.002702,0.003568,-0.000091
15,152.222174,314,relative,30,4.050000,0.100000,-0.005902,1.649798,0.200000,-0.562438,0.513388,0.000000,0.000000,0.000000,0.000000,0.000000,0.000000,0.000000,0.000000,-0.005896,1.649788,0.205050,-0.562661,0.513614,-0.100643,0.999570,0.000945,0.002025,-0.029249,-0.000661,-0.003753,0.000085,0,0,0,0,0.000006,-0.000010,0.005050,-0.000223,0.000227,-0.100643,0.999570,0.000945,0.002025,-0.029249,-0.000661,-0.003753,0.000085
16,51.793163,133,relative,0,0.000000,0.191150,0.992469,-0.122498,0.200000,0.048999,0.396988,0.000000,0.000000,0.000000,0.000000,0.000000,0.000000,0.000000,0.000000,0.069417,0.127770,1.898206,-0.073547,0.147339,-0.540527,0.998724,0.025803,-0.043358,0.002367,0.448877,-0.410970,0.027595,0.190752,-2.502702,3.658779,0.046615,-0.923052,0.250268,1.698206,-0.122546,-0.249649,-0.540527,0.998724,0.025803,-0.043358,0.002367,0.448877,-0.410970,0.027595
16,51.793163,133,relative,1,0.191150,0.198383,0.998934,-0.046256,0.200000,0.018646,0.400734,0.000000,0.000000,0.000000,0.000000,0.000000,0.000000,0.000000,0.000000,0.042292,0.146546,1.743688,-0.212759,0.040095,-1.077081,0.997725,0.045694,-0.049195,0.006140,-0.029291,0.289292,0.032660,0.247654,-1.161654,1.169507,0.041920,-0.956642,0.192801,1.543688,-0.231405,-0.360639,-1.077081,0.997725,0.045694,-0.049195,0.006140,-0.029291,0.289292,0.032660
16,51.793163,133,relative,2,0.389533,0.199215,0.999508,0.033629,0.200000,-0.012857,0.404622,0.000000,0.000000,0.000000,0.000000,0.000000,0.000000,0.000000,0.000000,-0.013422,0.139017,1.516263,-0.324783,-0.106904,-1.213597,0.999422,0.030828,-0.009343,0.010823,-0.261894,0.520522,0.037388,0.290824,-0.304822,-0.310193,0.091606,-1.012930,0.105388,1.316263,-0.311926,-0.511527,-1.213597,0.999422,0.030828,-0.009343,0.010823,-0.261894,0.520522,0.037388
16,51.793163,133,relative,3,0.588748,0.199339,0.993796,0.114625,0.200000,-0.044491,0.408527,0.000000,0.000000,0.000000,0.000000,0.000000,0.000000,0.000000,0.000000,-0.074906,0.108618,1.293274,-0.258283,-0.176431,-1.025415,0.999111,0.000992,0.038852,0.016351,-0.325757,0.456827,0.047762,0.288427,0.289961,-1.133022,0.087470,-1.068702,-0.006007,1.093274,-0.213792,-0.584958,-1.025415,0.999111,0.000992,0.038852,0.016351,-0.325757,0.456827,0.047762
16,51.793163,133,relative,4,0.788087,0.199611,0.981772,0.196449,0.200000,-0.076145,0.412434,0.000000,0.000000,0.000000,0.000000,0.000000,0.000000,0.000000,0.000000,-0.104460,0.077891,1.104957,-0.015029,-0.109884,-0.867245,0.996688,-0.029031,0.072446,0.022851,-0.270661,0.228599,0.057675,0.287491,0.618084,-1.404936,0.058431,-1.086232,-0.118559,0.904957,0.061116,-0.522318,-0.867245,0.996688,-0.029031,0.072446,0.022851,-0.270661,0.228599,0.057675
16,51.793163,133,relative,5,0.987699,0.199584,0.963409,0.279166,0.200000,-0.107842,0.416346,0.000000,0.000000,0.000000,0.000000,0.000000,0.000000,0.000000,0.000000,-0.075090,0.072409,0.945381,0.314524,0.069983,-0.733674,0.995034,-0.049592,0.080830,0.030251,-0.148068,-0.053769,0.064305,0.276351,0.691188,-1.186594,0.021055,-1.038499,-0.206757,0.745381,0.422366,-0.346363,-0.733674,0.995034,-0.049592,0.080830,0.030251,-0.148068,-0.053769,0.064305
16,51.793163,133,relative,6,1.187282,0.199588,0.938723,0.362653,0.200000,-0.139535,0.420258,0.000000,0.000000,0.000000,0.000000,0.000000,0.000000,0.000000,0.000000,0.018238,0.108930,0.803843,0.608730,0.300555,-0.683465,0.995639,-0.056290,0.063775,0.038303,-0.008397,-0.291368,0.066694,0.272111,0.663212,-0.703114,-0.021313,-0.920484,-0.253722,0.603843,0.748266,-0.119702,-0.683465,0.995639,-0.056290,0.063775,0.038303,-0.008397,-0.291368,0.066694
16,51.793163,133,relative,7,1.386870,0.199823,0.907710,0.446921,0.200000,-0.171229,0.424170,0.000000,0.000000,0.000000,0.000000,0.000000,0.000000,0.000000,0.000000,0.160072,0.191736,0.670407,0.788920,0.523342,-0.650922,0.997333,-0.048525,0.028450,0.046499,0.127552,-0.431115,0.064276,0.268451,0.302122,0.134473,-0.015826,-0.747638,-0.255185,0.470407,0.960149,0.099172,-0.650922,0.997333,-0.048525,0.028450,0.046499,0.127552,-0.431115,0.064276
16,51.793163,133,relative,8,1.586694,0.199894,0.870325,0.532072,0.200000,-0.202960,0.428086,0.000000,0.000000,0.000000,0.000000,0.000000,0.000000,0.000000,0.000000,0.322696,0.313634,0.542121,0.812401,0.683475,-0.631689,0.997983,-0.030445,-0.012054,0.054383,0.191932,-0.402710,0.062478,0.275093,-0.012993,0.526868,-0.056830,-0.547628,-0.218438,0.342121,1.015361,0.255389,-0.631689,0.997983,-0.030445,-0.012054,0.054383,0.191932,-0.402710,0.062478
16,51.793163,133,relative,9,1.786587,0.199922,0.826582,0.618035,0.200000,-0.234702,0.432004,0.000000,0.000000,0.000000,0.000000,0.000000,0.000000,0.000000,0.000000,0.474747,0.459194,0.422914,0.686922,0.757197,-0.561756,0.997014,-0.009424,-0.045635,0.061575,0.192482,-0.295663,0.056020,0.280279,-0.292025,0.786355,-0.089415,-0.351835,-0.158841,0.222914,0.921624,0.325193,-0.561756,0.997014,-0.009424,-0.045635,0.061575,0.192482,-0.295663,0.056020
16,51.793163,133,relative,10,1.986510,0.199763,0.776486,0.704794,0.200000,-0.266449,0.435922,0.000000,0.000000,0.000000,0.000000,0.000000,0.000000,0.000000,0.000000,0.589778,0.610413,0.320786,0.450547,0.742397,-0.461488,0.995486,0.008037,-0.066121,0.067604,0.135793,-0.137176,0.045858,0.292361,-0.388757,0.871293,-0.072525,-0.186708,-0.094381,0.120786,0.716995,0.306475,-0.461488,0.995486,0.008037,-0.066121,0.067604,0.135793,-0.137176,0.045858
16,51.793163,133,relative,11,2.186272,0.197745,0.720091,0.792266,0.200000,-0.298170,0.439838,0.000000,0.000000,0.000000,0.000000,0.000000,0.000000,0.000000,0.000000,0.650486,0.751485,0.246789,0.154723,0.662582,-0.279966,0.994728,0.017752,-0.070449,0.072372,0.058467,0.037499,0.037622,0.293919,-0.389690,0.698259,-0.082468,-0.069605,-0.040781,0.046789,0.452893,0.222744,-0.279966,0.994728,0.017752,-0.070449,0.072372,0.058467,0.037499,0.037622
16,51.793163,133,relative,12,2.384018,0.050005,0.658025,0.879625,0.200000,-0.329571,0.443713,0.000000,0.000000,0.000000,0.000000,0.000000,0.000000,0.000000,0.000000,0.652870,0.872423,0.210341,-0.122983,0.560310,-0.087707,0.995136,0.018688,-0.059880,0.075953,-0.019104,0.175683,0.028351,0.286323,-0.406256,0.601782,-0.078333,-0.005154,-0.007202,0.010341,0.206588,0.116596,-0.087707,0.995136,0.018688,-0.059880,0.075953,-0.019104,0.175683,0.028351
16,51.793163,133,relative,13,2.434023,0.050000,0.641346,0.901838,0.200000,-0.337512,0.444694,0.000000,0.000000,0.000000,0.000000,0.000000,0.000000,0.000000,0.000000,0.645217,0.899839,0.206849,-0.182311,0.536470,-0.051847,0.995372,0.017554,-0.055202,0.076676,-0.039616,0.205745,0.026124,0.330514,-0.098808,0.034899,-0.013329,0.003871,-0.001998,0.006849,0.155201,0.091777,-0.051847,0.995372,0.017554,-0.055202,0.076676,-0.039616,0.205745,0.026124
16,51.793163,133,relative,14,2.484023,0.050001,0.624272,0.924097,0.200000,-0.345451,0.445673,0.000000,0.000000,0.000000,0.000000,0.000000,0.000000,0.000000,0.000000,0.634511,0.926017,0.207199,-0.244922,0.511002,0.065970,0.995612,0.016073,-0.050153,0.077352,-0.044760,0.207448,0.025745,0.255385,-0.111790,0.107321,-0.024750,0.010239,0.001920,0.007199,0.100530,0.065328,0.065970,0.995612,0.016073,-0.050153,0.077352,-0.044760,0.207448,0.025745
16,51.793163,133,relative,15,2.534024,0.050003,0.606800,0.946405,0.200000,-0.353391,0.446653,0.000000,0.000000,0.000000,0.000000,0.000000,0.000000,0.000000,0.000000,0.621152,0.951113,0.209998,-0.288630,0.493120,0.046040,0.995831,0.014448,-0.045025,0.078008,-0.050552,0.212769,0.025042,0.254518,-0.095543,0.036977,-0.025261,0.014352,0.004707,0.009998,0.064761,0.046466,0.046040,0.995831,0.014448,-0.045025,0.078008,-0.050552,0.212769,0.025042
16,51.793163,133,relative,16,2.584027,0.050007,0.588931,0.968764,0.200000,-0.361331,0.447634,0.000000,0.000000,0.000000,0.000000,0.000000,0.000000,0.000000,0.000000,0.605729,0.975365,0.211772,-0.327458,0.477241,0.024995,0.996027,0.012683,-0.039817,0.078639,-0.055529,0.214568,0.024323,0.256066,-0.075102,-0.044902,-0.025878,0.016798,0.006601,0.011772,0.033873,0.029608,0.024995,0.996027,0.012683,-0.039817,0.078639,-0.055529,0.214568,0.024323
16,51.793163,133,relative,17,2.634034,0.050012,0.570663,0.991173,0.200000,-0.369272,0.448614,0.000000,0.000000,0.000000,0.000000,0.000000,0.000000,0.000000,0.000000,0.588477,0.998874,0.212576,-0.361740,0.463350,0.007242,0.996195,0.010807,-0.034622,0.079245,-0.059479,0.212270,0.023588,0.257052,-0.051857,-0.136082,-0.026543,0.017814,0.007701,0.012576,0.007532,0.014737,0.007242,0.996195,0.010807,-0.034622,0.079245,-0.059479,0.212270,0.023588
16,51.793163,133,relative,18,2.684047,0.050018,0.551997,1.013634,0.200000,-0.377214,0.449594,0.000000,0.000000,0.000000,0.000000,0.000000,0.000000,0.000000,0.000000,0.569624,1.021744,0.212548,-0.391420,0.451590,-0.008313,0.996331,0.008856,-0.029546,0.079826,-0.062257,0.205411,0.022833,0.257967,-0.040696,-0.012779,-0.032568,0.017627,0.008110,0.012548,-0.014206,0.001996,-0.008313,0.996331,0.008856,-0.029546,0.079826,-0.062257,0.205411,0.022833
16,51.793163,133,relative,19,2.734064,0.050024,0.532931,1.036146,0.200000,-0.385157,0.450574,0.000000,0.000000,0.000000,0.000000,0.000000,0.000000,0.000000,0.000000,0.549398,1.044083,0.211792,-0.416583,0.442035,-0.021862,0.996438,0.006852,-0.024567,0.080381,-0.064466,0.204718,0.021907,0.259392,-0.017975,-0.086648,-0.033352,0.016467,0.007937,0.011792,-0.031426,-0.008539,-0.021862,0.996438,0.006852,-0.024567,0.080381,-0.064466,0.204718,0.021907
16,51.793163,133,relative,20,2.784089,0.050031,0.513465,1.058711,0.200000,-0.393100,0.451555,0.000000,0.000000,0.000000,0.000000,0.000000,0.000000,0.000000,0.000000,0.528021,1.066003,0.210431,-0.437299,0.434735,-0.032516,0.996516,0.004811,-0.019654,0.080909,-0.065530,0.200330,0.020959,0.260840,0.004359,-0.166014,-0.034101,0.014556,0.007293,0.010431,-0.044199,-0.016819,-0.032516,0.996516,0.004811,-0.019654,0.080909,-0.065530,0.200330,0.020959
16,51.793163,133,relative,21,2.834120,0.050039,0.493599,1.081327,0.200000,-0.401045,0.452535,0.000000,0.000000,0.000000,0.000000,0.000000,0.000000,0.000000,0.000000,0.505716,1.087619,0.208609,-0.453628,0.429731,-0.040287,0.996566,0.002771,-0.014899,0.081409,-0.065465,0.191974,0.019989,0.262515,0.025233,-0.249655,-0.034793,0.012117,0.006292,0.008609,-0.052583,-0.022804,-0.040287,0.996566,0.002771,-0.014899,0.081409,-0.065465,0.191974,0.019989
16,51.793163,133,relative,22,2.884159,0.050044,0.473332,1.103996,0.200000,-0.408991,0.453516,0.000000,0.000000,0.000000,0.000000,0.000000,0.000000,0.000000,0.000000,0.482696,1.109045,0.206479,-0.465730,0.427017,-0.044812,0.996587,0.000767,-0.010402,0.081883,-0.064340,0.179433,0.018999,0.266557,0.093528,-0.247373,-0.041906,0.009364,0.005049,0.006479,-0.056739,-0.026499,-0.044812,0.996587,0.000767,-0.010402,0.081883,-0.064340,0.179433,0.018999
16,51.793163,133,relative,23,2.934203,0.050048,0.452665,1.126716,0.200000,-0.416938,0.454497,0.000000,0.000000,0.000000,0.000000,0.000000,0.000000,0.000000,0.000000,0.459168,1.130393,0.204313,-0.473900,0.426540,-0.041756,0.996585,-0.001140,-0.006210,0.082328,-0.059780,0.167010,0.017807,0.275311,0.114586,-0.297038,-0.042480,0.006503,0.003677,0.004313,-0.056963,-0.027957,-0.041756,0.996585,-0.001140,-0.006210,0.082328,-0.059780,0.167010,0.017807
16,51.793163,133,relative,24,2.984251,0.050055,0.431600,1.149487,0.200000,-0.424885,0.455478,0.000000,0.000000,0.000000,0.000000,0.000000,0.000000,0.000000,0.000000,0.435322,1.151775,0.202707,-0.478393,0.428247,-0.022425,0.996564,-0.002892,-0.002347,0.082743,-0.054150,0.152107,0.016598,0.277911,0.132439,-0.342013,-0.042917,0.003722,0.002287,0.002707,-0.053508,-0.027231,-0.022425,0.996564,-0.002892,-0.002347,0.082743,-0.054150,0.152107,0.016598
16,51.793163,133,relative,25,3.034306,0.050062,0.410133,1.172311,0.200000,-0.432833,0.456459,0.000000,0.000000,0.000000,0.000000,0.000000,0.000000,0.000000,0.000000,0.411339,1.173296,0.202189,-0.479299,0.431989,0.001735,0.996528,-0.004459,0.001128,0.083128,-0.047608,0.134956,0.015377,0.266254,0.147104,-0.382165,-0.043251,0.001206,0.000985,0.002189,-0.046465,-0.024470,0.001735,0.996528,-0.004459,0.001128,0.083128,-0.047608,0.134956,0.015377
16,51.793163,133,relative,26,3.084368,0.050071,0.388266,1.195187,0.200000,-0.440783,0.457440,0.000000,0.000000,0.000000,0.000000,0.000000,0.000000,0.000000,0.000000,0.387388,1.195048,0.202339,-0.477081,0.437283,0.004266,0.996484,-0.005816,0.004166,0.083483,-0.040314,0.115800,0.014146,0.266607,0.158455,-0.416592,-0.043456,-0.000878,-0.000138,0.002339,-0.036298,-0.020157,0.004266,0.996484,-0.005816,0.004166,0.083483,-0.040314,0.115800,0.014146
16,51.793163,133,relative,27,3.134439,0.050077,0.365996,1.218116,0.200000,-0.448734,0.458421,0.000000,0.000000,0.000000,0.000000,0.000000,0.000000,0.000000,0.000000,0.363612,1.217107,0.202632,-0.472205,0.444042,0.007416,0.996435,-0.006942,0.006720,0.083808,-0.032434,0.094922,0.012909,0.263560,0.166809,-0.444574,-0.043529,-0.002384,-0.001009,0.002632,-0.023471,-0.014379,0.007416,0.996435,-0.006942,0.006720,0.083808,-0.032434,0.094922,0.012909
16,51.793163,133,relative,28,3.184516,0.050085,0.343326,1.241097,0.200000,-0.456686,0.459403,0.000000,0.000000,0.000000,0.000000,0.000000,0.000000,0.000000,0.000000,0.340132,1.239536,0.202940,-0.465233,0.451893,0.004874,0.996388,-0.007822,0.008753,0.084105,-0.024120,0.072645,0.011670,0.242192,0.172424,-0.466281,-0.043501,-0.003194,-0.001561,0.002940,-0.008546,-0.007510,0.004874,0.996388,-0.007822,0.008753,0.084105,-0.024120,0.072645,0.011670
16,51.793163,133,relative,29,3.234601,0.050111,0.320254,1.264130,0.200000,-0.464639,0.460385,0.000000,0.000000,0.000000,0.000000,0.000000,0.000000,0.000000,0.000000,0.317024,1.262367,0.202127,-0.457308,0.459915,-0.037335,0.996346,-0.008442,0.010235,0.084373,-0.015510,0.049284,0.010431,0.231354,0.176474,-0.484220,-0.043577,-0.003229,-0.001764,0.002127,0.007332,-0.000470,-0.037335,0.996346,-0.008442,0.010235,0.084373,-0.015510,0.049284,0.010431
16,51.793163,133,relative,30,3.284712,0.100000,0.296771,1.287225,0.200000,-0.472597,0.461367,0.000000,0.000000,0.000000,0.000000,0.000000,0.000000,0.000000,0.000000,0.294320,1.285617,0.198694,-0.448748,0.468087,-0.099702,0.996313,-0.008795,0.011141,0.084613,-0.006681,0.025015,0.009190,0,0,0,0,-0.002451,-0.001609,-0.001306,0.023849,0.006721,-0.099702,0.996313,-0.008795,0.011141,0.084613,-0.006681,0.025015,0.009190
