solve_num,solve_time_ms,solve_iters,coord_mode,node,t,theta,tgt_x,tgt_y,tgt_z,tgt_vx,tgt_vy,tgt_vz,circle_center_x,circle_center_y,circle_center_z,circle_radius,circle_omega,circle_phi0,circle_t_abs,abs_x,abs_y,abs_z,abs_vx,abs_vy,abs_vz,abs_qw,abs_qx,abs_qy,abs_qz,abs_wx,abs_wy,abs_wz,fz,mx,my,mz,rel_x,rel_y,rel_z,rel_vx,rel_vy,rel_vz,rel_qw,rel_qx,rel_qy,rel_qz,rel_wx,rel_wy,rel_wz
0,85.831340,186,relative,0,0.000000,0.050000,-0.976144,-0.217126,0.200000,0.086850,-0.390457,0.000000,0.000000,0.000000,0.000000,0.000000,0.000000,0.000000,0.000000,0.000021,0.000045,2.485976,0.000130,-0.000242,0.000427,1.000000,-0.000008,0.000065,0.000000,-0.000448,0.000002,0.000000,0.116184,0.199186,-0.093174,0.004949,0.976165,0.217170,2.285976,-0.086720,0.390215,0.000427,1.000000,-0.000008,0.000065,0.000000,-0.000448,0.000002,0.000000
0,85.831340,186,relative,1,0.050000,0.200000,-0.971606,-0.236605,0.200000,0.094659,-0.388720,0.000000,0.000000,0.000000,0.000000,0.000000,0.000000,0.000000,0.000000,0.000028,0.000032,2.479114,0.000150,-0.000254,-0.274918,1.000000,0.000106,0.000007,0.000002,0.009512,-0.004657,0.000141,0.242603,0.112505,-0.045437,0.004479,0.971634,0.236637,2.279114,-0.094509,0.388466,-0.274918,1.000000,0.000106,0.000007,0.000002,0.009512,-0.004657,0.000141
0,85.831340,186,relative,2,0.250000,0.200000,-0.949550,-0.313654,0.200000,0.125896,-0.381772,0.000000,0.000000,0.000000,0.000000,0.000000,0.000000,0.000000,0.000000,-0.000022,-0.000238,2.407636,-0.001206,-0.003691,-0.439867,0.999997,0.002182,-0.000913,0.000041,0.032013,-0.013743,0.000650,0.264881,0.051626,-0.005711,0.004730,0.949528,0.313417,2.207636,-0.127102,0.378081,-0.439867,0.999997,0.002182,-0.000913,0.000041,0.032013,-0.013743,0.000650
0,85.831340,186,relative,3,0.450000,0.200000,-0.921248,-0.389314,0.200000,0.157133,-0.374824,0.000000,0.000000,0.000000,0.000000,0.000000,0.000000,0.000000,0.000000,-0.000805,-0.002285,2.319665,-0.007559,-0.019210,-0.439866,0.999980,0.005899,-0.002344,0.000134,0.042340,-0.014880,0.001188,0.264910,0.008447,0.019791,0.004675,0.920442,0.387029,2.119665,-0.164692,0.355614,-0.439866,0.999980,0.005899,-0.002344,0.000134,0.042340,-0.014880,0.001188
0,85.831340,186,relative,4,0.650000,0.200000,-0.886697,-0.463584,0.200000,0.188369,-0.367876,0.000000,0.000000,0.000000,0.000000,0.000000,0.000000,0.000000,0.000000,-0.003418,-0.009001,2.231696,-0.019414,-0.050783,-0.439866,0.999941,0.010218,-0.003634,0.000282,0.044033,-0.010912,0.001719,0.264960,-0.024608,0.036117,0.004478,0.883279,0.454583,2.031696,-0.207783,0.317093,-0.439866,0.999941,0.010218,-0.003634,0.000282,0.044033,-0.010912,0.001719
0,85.831340,186,relative,5,0.850000,0.200000,-0.845900,-0.536465,0.200000,0.219606,-0.360928,0.000000,0.000000,0.000000,0.000000,0.000000,0.000000,0.000000,0.000000,-0.008845,-0.023729,2.143730,-0.035330,-0.099212,-0.439868,0.999887,0.014374,-0.004365,0.000487,0.039113,-0.003677,0.002228,0.265019,-0.048718,0.044938,0.004201,0.837055,0.512736,1.943730,-0.254936,0.261717,-0.439868,0.999887,0.014374,-0.004365,0.000487,0.039113,-0.003677,0.002228
0,85.831340,186,relative,6,1.050000,0.200000,-0.798855,-0.607955,0.200000,0.250842,-0.353980,0.000000,0.000000,0.000000,0.000000,0.000000,0.000000,0.000000,0.000000,-0.017640,-0.049695,2.055763,-0.052561,-0.162687,-0.439870,0.999832,0.017797,-0.004284,0.000751,0.029369,0.005324,0.002706,0.265070,-0.064451,0.047450,0.003875,0.781215,0.558260,1.855763,-0.303403,0.191293,-0.439870,0.999832,0.017797,-0.004284,0.000751,0.029369,0.005324,0.002706
0,85.831340,186,relative,7,1.250000,0.200000,-0.745563,-0.678057,0.200000,0.282079,-0.347032,0.000000,0.000000,0.000000,0.000000,0.000000,0.000000,0.000000,0.000000,-0.029728,-0.089563,1.967795,-0.067654,-0.237492,-0.439871,0.999792,0.020086,-0.003281,0.001072,0.016475,0.014824,0.003147,0.265100,-0.072440,0.044749,0.003520,0.715835,0.588494,1.767795,-0.349733,0.109540,-0.439871,0.999792,0.020086,-0.003281,0.001072,0.016475,0.014824,0.003147
0,85.831340,186,relative,8,1.450000,0.200000,-0.686023,-0.746768,0.200000,0.313316,-0.340084,0.000000,0.000000,0.000000,0.000000,0.000000,0.000000,0.000000,0.000000,-0.044314,-0.145118,1.879822,-0.076948,-0.318653,-0.439872,0.999777,0.021006,-0.001357,0.001449,0.001977,0.023778,0.003547,0.265101,-0.073418,0.037858,0.003143,0.641709,0.601651,1.679822,-0.390263,0.021431,-0.439872,0.999777,0.021006,-0.001357,0.001449,0.001977,0.023778,0.003547
0,85.831340,186,relative,9,1.650000,0.200000,-0.620237,-0.814090,0.200000,0.344552,-0.333136,0.000000,0.000000,0.000000,0.000000,0.000000,0.000000,0.000000,0.000000,-0.059889,-0.217074,1.791846,-0.076992,-0.400551,-0.439871,0.999788,0.020464,0.001390,0.001879,-0.012723,0.031347,0.003904,0.265079,-0.068187,0.027737,0.002745,0.560348,0.597017,1.591846,-0.421544,-0.067415,-0.439871,0.999788,0.020464,0.001390,0.001879,-0.012723,0.031347,0.003904
0,85.831340,186,relative,10,1.850000,0.200000,-0.548203,-0.880023,0.200000,0.375789,-0.326188,0.000000,0.000000,0.000000,0.000000,0.000000,0.000000,0.000000,0.000000,-0.074298,-0.305005,1.703869,-0.064878,-0.477471,-0.439869,0.999815,0.018503,0.004789,0.002358,-0.026381,0.036882,0.004216,0.265048,-0.057622,0.015290,0.002318,0.473904,0.575018,1.503869,-0.440667,-0.151282,-0.439869,0.999815,0.018503,0.004789,0.002358,-0.026381,0.036882,0.004216
0,85.831340,186,relative,11,2.050000,0.200000,-0.469921,-0.944566,0.200000,0.407025,-0.319240,0.000000,0.000000,0.000000,0.000000,0.000000,0.000000,0.000000,0.000000,-0.084886,-0.407373,1.615891,-0.038495,-0.544097,-0.439867,0.999842,0.015281,0.008613,0.002880,-0.037931,0.039919,0.004480,0.265024,-0.042695,0.001401,0.001852,0.385035,0.537192,1.415891,-0.445520,-0.224857,-0.439867,0.999842,0.015281,0.008613,0.002880,-0.037931,0.039919,0.004480
0,85.831340,186,relative,12,2.250000,0.200000,-0.385392,-1.007719,0.200000,0.438262,-0.312292,0.000000,0.000000,0.000000,0.000000,0.000000,0.000000,0.000000,0.000000,-0.088667,-0.521654,1.527917,0.003293,-0.595934,-0.439865,0.999854,0.011052,0.012597,0.003436,-0.046497,0.040169,0.004690,0.265024,-0.024518,-0.013043,0.001333,0.296726,0.486065,1.327917,-0.434969,-0.283642,-0.439865,0.999854,0.011052,0.012597,0.003436,-0.046497,0.040169,0.004690
0,85.831340,186,relative,13,2.450000,0.200000,-0.294616,-1.069483,0.200000,0.469499,-0.305344,0.000000,0.000000,0.000000,0.000000,0.000000,0.000000,0.000000,0.000000,-0.082535,-0.644535,1.439945,0.060538,-0.629646,-0.439864,0.999838,0.006149,0.016459,0.004018,-0.051429,0.037526,0.004842,0.265055,-0.004361,-0.027130,0.000752,0.212081,0.424948,1.239945,-0.408960,-0.324302,-0.439864,0.999838,0.006149,0.016459,0.004018,-0.051429,0.037526,0.004842
0,85.831340,186,relative,14,2.650000,0.200000,-0.197593,-1.129857,0.200000,0.500735,-0.298396,0.000000,0.000000,0.000000,0.000000,0.000000,0.000000,0.000000,0.000000,-0.063488,-0.772172,1.351978,0.132176,-0.643314,-0.439865,0.999791,0.000956,0.019914,0.004613,-0.052327,0.032061,0.004927,0.265115,0.016343,-0.039914,0.000101,0.134105,0.357685,1.151978,-0.368559,-0.344917,-0.439865,0.999791,0.000956,0.019914,0.004613,-0.052327,0.032061,0.004927
0,85.831340,186,relative,15,2.850000,0.200000,-0.094322,-1.188841,0.200000,0.531972,-0.291448,0.000000,0.000000,0.000000,0.000000,0.000000,0.000000,0.000000,0.000000,-0.028845,-0.900496,1.264014,0.216059,-0.636590,-0.439867,0.999720,-0.004116,0.022694,0.005211,-0.049080,0.024040,0.004939,0.265191,0.036031,-0.050390,-0.000614,0.065477,0.288345,1.064014,-0.315913,-0.345142,-0.439867,0.999720,-0.004116,0.022694,0.005211,-0.049080,0.024040,0.004939
0,85.831340,186,relative,16,3.050000,0.200000,0.015196,-1.246436,0.200000,0.563208,-0.284500,0.000000,0.000000,0.000000,0.000000,0.000000,0.000000,0.000000,0.000000,0.023546,-1.025529,1.176050,0.309062,-0.610747,-0.439871,0.999644,-0.008662,0.024570,0.005797,-0.041888,0.013928,0.004869,0.265263,0.053033,-0.057476,-0.001379,0.008351,0.220907,0.976050,-0.254146,-0.326247,-0.439871,0.999644,-0.008662,0.024570,0.005797,-0.041888,0.013928,0.004869
0,85.831340,186,relative,17,3.250000,0.200000,0.130961,-1.302641,0.200000,0.594445,-0.277552,0.000000,0.000000,0.000000,0.000000,0.000000,0.000000,0.000000,0.000000,0.095129,-1.143704,1.088083,0.407271,-0.568604,-0.439874,0.999582,-0.012312,0.025369,0.006359,-0.031287,0.002406,0.004712,0.265308,0.065596,-0.060049,-0.002166,-0.035832,0.158937,0.888083,-0.187174,-0.291051,-0.439874,0.999582,-0.012312,0.025369,0.006359,-0.031287,0.002406,0.004712
0,85.831340,186,relative,18,3.450000,0.200000,0.252974,-1.357457,0.200000,0.625682,-0.270604,0.000000,0.000000,0.000000,0.000000,0.000000,0.000000,0.000000,0.000000,0.186507,-1.252158,1.000111,0.506247,-0.514315,-0.439876,0.999555,-0.014770,0.024998,0.006886,-0.018165,-0.009621,0.004466,0.265310,0.071926,-0.057104,-0.002932,-0.066467,0.105299,0.800111,-0.119435,-0.243710,-0.439876,0.999555,-0.014770,0.024998,0.006886,-0.018165,-0.009621,0.004466
0,85.831340,186,relative,19,3.650000,0.200000,0.381234,-1.410883,0.200000,0.656918,-0.263656,0.000000,0.000000,0.000000,0.000000,0.000000,0.000000,0.000000,0.000000,0.297371,-1.348962,0.912133,0.601385,-0.453021,-0.439876,0.999572,-0.015844,0.023464,0.007366,-0.003770,-0.021048,0.004133,0.265266,0.070376,-0.048109,-0.003629,-0.083862,0.061921,0.712133,-0.055533,-0.189365,-0.439876,0.999572,-0.015844,0.023464,0.007366,-0.003770,-0.021048,0.004133
0,85.831340,186,relative,20,3.850000,0.200000,0.515741,-1.462919,0.200000,0.688155,-0.256708,0.000000,0.000000,0.000000,0.000000,0.000000,0.000000,0.000000,0.000000,0.426513,-1.433275,0.824150,0.688340,-0.390353,-0.439874,0.999631,-0.015489,0.020888,0.007792,0.010320,-0.030668,0.003720,0.265183,0.059929,-0.033423,-0.004209,-0.089228,0.029644,0.624150,0.000186,-0.133644,-0.439874,0.999631,-0.015489,0.020888,0.007792,0.010320,-0.030668,0.003720
0,85.831340,186,relative,21,4.050000,0.200000,0.656495,-1.513566,0.200000,0.719391,-0.249760,0.000000,0.000000,0.000000,0.000000,0.000000,0.000000,0.000000,0.000000,0.571916,-1.505380,0.736164,0.763489,-0.331796,-0.439870,0.999718,-0.013823,0.017507,0.008159,0.022324,-0.037344,0.003242,0.265084,0.040840,-0.014460,-0.004631,-0.084579,0.008186,0.536164,0.044097,-0.082036,-0.439870,0.999718,-0.013823,0.017507,0.008159,0.022324,-0.037344,0.003242
0,85.831340,186,relative,22,4.250000,0.200000,0.803497,-1.562823,0.200000,0.750628,-0.242812,0.000000,0.000000,0.000000,0.000000,0.000000,0.000000,0.000000,0.000000,0.730950,-1.566583,0.648178,0.824345,-0.282003,-0.439867,0.999809,-0.011145,0.013655,0.008465,0.030510,-0.040225,0.002715,0.264992,0.014875,0.006563,-0.004870,-0.072547,-0.003759,0.448178,0.073717,-0.039191,-0.439867,0.999809,-0.011145,0.013655,0.008465,0.030510,-0.040225,0.002715
0,85.831340,186,relative,23,4.450000,0.200000,0.956747,-1.610691,0.200000,0.781865,-0.235864,0.000000,0.000000,0.000000,0.000000,0.000000,0.000000,0.000000,0.000000,0.900627,-1.618981,0.560195,0.869873,-0.244117,-0.439865,0.999883,-0.007908,0.009729,0.008709,0.033499,-0.038900,0.002161,0.264925,-0.014603,0.026738,-0.004892,-0.056119,-0.008290,0.360195,0.088009,-0.008253,-0.439865,0.999883,-0.007908,0.009729,0.008709,0.033499,-0.038900,0.002161
0,85.831340,186,relative,24,4.650000,0.200000,1.116243,-1.657169,0.200000,0.813101,-0.228916,0.000000,0.000000,0.000000,0.000000,0.000000,0.000000,0.000000,0.000000,1.077909,-1.665105,0.472215,0.900615,-0.219259,-0.439865,0.999931,-0.004671,0.006137,0.008895,0.030589,-0.033543,0.001605,0.264887,-0.040261,0.042315,-0.004633,-0.038334,-0.007936,0.272215,0.087514,0.009657,-0.439865,0.999931,-0.004671,0.006137,0.008895,0.030589,-0.033543,0.001605
0,85.831340,186,relative,25,4.850000,0.200000,1.281987,-1.702257,0.200000,0.844338,-0.221968,0.000000,0.000000,0.000000,0.000000,0.000000,0.000000,0.000000,0.000000,1.260020,-1.707484,0.384239,0.918605,-0.206299,-0.439866,0.999952,-0.001987,0.003230,0.009026,0.022543,-0.025075,0.001079,0.264873,-0.052886,0.051463,-0.004019,-0.021967,-0.005226,0.184239,0.074267,0.015669,-0.439866,0.999952,-0.001987,0.003230,0.009026,0.022543,-0.025075,0.001079
0,85.831340,186,relative,26,5.050000,0.200000,1.453978,-1.745956,0.200000,0.875574,-0.215020,0.000000,0.000000,0.000000,0.000000,0.000000,0.000000,0.000000,0.000000,1.444712,-1.748218,0.296265,0.927031,-0.202194,-0.439867,0.999958,-0.000244,0.001253,0.009110,0.011968,-0.014780,0.000622,0.287133,-0.077545,0.046057,-0.003533,-0.009267,-0.002261,0.096265,0.051457,0.012826,-0.439867,0.999958,-0.000244,0.001253,0.009110,0.011968,-0.014780,0.000622
0,85.831340,186,relative,27,5.250000,0.050000,1.632217,-1.788265,0.200000,0.906811,-0.208072,0.000000,0.000000,0.000000,0.000000,0.000000,0.000000,0.000000,0.000000,1.630475,-1.788666,0.224783,0.929890,-0.202601,-0.274960,0.999958,0.000187,0.000240,0.009151,-0.003540,-0.005568,0.000220,0.354015,0.001333,0.033860,-0.002593,-0.001741,-0.000401,0.024783,0.023079,0.005471,-0.274960,0.999958,0.000187,0.000240,0.009151,-0.003540,-0.005568,0.000220
0,85.831340,186,relative,28,5.300000,0.050000,1.677753,-1.798626,0.200000,0.914620,-0.206335,0.000000,0.000000,0.000000,0.000000,0.000000,0.000000,0.000000,0.000000,1.676976,-1.798801,0.215162,0.930123,-0.202787,-0.109877,0.999958,0.000101,0.000121,0.009156,-0.003473,-0.003875,0.000146,0.264784,0.026599,0.037380,-0.002593,-0.000776,-0.000176,0.015162,0.015503,0.003548,-0.109877,0.999958,0.000101,0.000121,0.009156,-0.003473,-0.003875,0.000146
0,85.831340,186,relative,29,5.350000,0.050000,1.723679,-1.808899,0.200000,0.922429,-0.204598,0.000000,0.000000,0.000000,0.000000,0.000000,0.000000,0.000000,0.000000,1.723485,-1.808942,0.209664,0.930203,-0.202848,-0.110037,0.999958,0.000031,0.000047,0.009159,-0.002143,-0.002006,0.000072,0.269993,0.042692,0.039833,-0.002586,-0.000194,-0.000043,0.009664,0.007773,0.001750,-0.110037,0.999958,0.000031,0.000047,0.009159,-0.002143,-0.002006,0.000072
0,85.831340,186,relative,30,5.400000,0.100000,1.769996,-1.819085,0.200000,0.930238,-0.202861,0.000000,0.000000,0.000000,0.000000,0.000000,0.000000,0.000000,0.000000,1.769996,-1.819085,0.204399,0.930233,-0.202861,-0.100550,0.999958,0.000004,0.000021,0.009159,-0.000009,-0.000015,-0.000001,0,0,0,0,0.000000,0.000000,0.004399,-0.000006,-0.000000,-0.100550,0.999958,0.000004,0.000021,0.009159,-0.000009,-0.000015,-0.000001
1,59.779666,137,relative,0,0.000000,0.197321,-0.967696,-0.252121,0.200000,0.100848,-0.387078,0.000000,0.000000,0.000000,0.000000,0.000000,0.000000,0.000000,0.000000,0.000035,0.000017,2.486025,0.000230,-0.000205,0.000452,1.000000,-0.000047,0.000046,0.000000,-0.001065,-0.000386,0.000000,0.181141,0.175378,-0.078583,0.002251,0.967730,0.252138,2.286025,-0.100619,0.386873,0.000452,1.000000,-0.000047,0.000046,0.000000,-0.001065,-0.000386,0.000000
1,59.779666,137,relative,1,0.197321,0.198084,-0.944782,-0.327714,0.200000,0.131400,-0.379118,0.000000,0.000000,0.000000,0.000000,0.000000,0.000000,0.000000,0.000000,0.000056,-0.000076,2.425744,-0.000373,-0.001448,-0.611454,0.999999,0.001555,-0.000757,0.000013,0.033541,-0.015892,0.000252,0.263116,0.086195,-0.019008,0.002808,0.944837,0.327638,2.225744,-0.131773,0.377671,-0.611454,0.999999,0.001555,-0.000757,0.000013,0.033541,-0.015892,0.000252
1,59.779666,137,relative,2,0.395405,0.197975,-0.915716,-0.402020,0.200000,0.162069,-0.371128,0.000000,0.000000,0.000000,0.000000,0.000000,0.000000,0.000000,0.000000,-0.000520,-0.001435,2.303346,-0.006572,-0.014951,-0.624387,0.999980,0.005722,-0.002517,0.000054,0.050616,-0.019654,0.000569,0.267407,0.017974,0.022156,0.003108,0.915196,0.400586,2.103346,-0.168642,0.356177,-0.624387,0.999980,0.005722,-0.002517,0.000054,0.050616,-0.019654,0.000569
1,59.779666,137,relative,3,0.593379,0.197797,-0.880596,-0.474704,0.200000,0.192722,-0.363142,0.000000,0.000000,0.000000,0.000000,0.000000,0.000000,0.000000,0.000000,-0.003036,-0.007276,2.181549,-0.019970,-0.047445,-0.606110,0.999931,0.010909,-0.004245,0.000131,0.054176,-0.015262,0.000918,0.266958,-0.032344,0.048105,0.003177,0.877561,0.467428,1.981549,-0.212692,0.315697,-0.606110,0.999931,0.010909,-0.004245,0.000131,0.054176,-0.015262,0.000918
1,59.779666,137,relative,4,0.791176,0.197612,-0.839448,-0.545743,0.200000,0.223347,-0.355163,0.000000,0.000000,0.000000,0.000000,0.000000,0.000000,0.000000,0.000000,-0.008791,-0.021550,2.063104,-0.038901,-0.100175,-0.591624,0.999859,0.015949,-0.005284,0.000251,0.047780,-0.005738,0.001276,0.266783,-0.067318,0.061568,0.003073,0.830657,0.524193,1.863104,-0.262248,0.254988,-0.591624,0.999859,0.015949,-0.005284,0.000251,0.047780,-0.005738,0.001276
1,59.779666,137,relative,5,0.988788,0.197431,-0.792289,-0.615139,0.200000,0.253944,-0.347191,0.000000,0.000000,0.000000,0.000000,0.000000,0.000000,0.000000,0.000000,-0.018549,-0.048064,1.947447,-0.059835,-0.170814,-0.579019,0.999786,0.020012,-0.005251,0.000416,0.034477,0.006437,0.001621,0.266731,-0.088862,0.064779,0.002848,0.773739,0.567075,1.747447,-0.313779,0.176377,-0.579019,0.999786,0.020012,-0.005251,0.000416,0.034477,0.006437,0.001621
1,59.779666,137,relative,6,1.186218,0.197266,-0.739135,-0.682899,0.200000,0.284512,-0.339227,0.000000,0.000000,0.000000,0.000000,0.000000,0.000000,0.000000,0.000000,-0.032258,-0.089874,1.834295,-0.078214,-0.254373,-0.567290,0.999738,0.022547,-0.003987,0.000632,0.016930,0.019233,0.001941,0.266721,-0.098463,0.059616,0.002537,0.706876,0.593025,1.634295,-0.362726,0.084854,-0.567290,0.999738,0.022547,-0.003987,0.000632,0.016930,0.019233,0.001941
1,59.779666,137,relative,7,1.383484,0.197127,-0.679998,-0.749032,0.200000,0.315055,-0.331269,0.000000,0.000000,0.000000,0.000000,0.000000,0.000000,0.000000,0.000000,-0.048934,-0.148871,1.723516,-0.089239,-0.344236,-0.555876,0.999728,0.023256,-0.001514,0.000897,-0.002501,0.030996,0.002225,0.266725,-0.097399,0.047735,0.002152,0.631064,0.600161,1.523516,-0.404294,-0.012966,-0.555876,0.999728,0.023256,-0.001514,0.000897,-0.002501,0.030996,0.002225
1,59.779666,137,relative,8,1.580611,0.197022,-0.614883,-0.813551,0.200000,0.345577,-0.323317,0.000000,0.000000,0.000000,0.000000,0.000000,0.000000,0.000000,0.000000,-0.066678,-0.225562,1.615068,-0.088507,-0.433072,-0.544365,0.999754,0.022059,0.001997,0.001209,-0.021714,0.040401,0.002466,0.266727,-0.086923,0.030695,0.001696,0.548206,0.587989,1.415068,-0.434083,-0.109754,-0.544365,0.999754,0.022059,0.001997,0.001209,-0.021714,0.040401,0.002466
1,59.779666,137,relative,9,1.777634,0.196952,-0.543792,-0.876469,0.200000,0.376082,-0.315370,0.000000,0.000000,0.000000,0.000000,0.000000,0.000000,0.000000,0.000000,-0.082813,-0.319015,1.508974,-0.072514,-0.513634,-0.532556,0.999797,0.019072,0.006264,0.001562,-0.038856,0.046437,0.002656,0.266715,-0.068434,0.010080,0.001161,0.460979,0.557454,1.308974,-0.448596,-0.198264,-0.532556,0.999797,0.019072,0.006264,0.001562,-0.038856,0.046437,0.002656
1,59.779666,137,relative,10,1.974586,0.196910,-0.466719,-0.937799,0.200000,0.406576,-0.307425,0.000000,0.000000,0.000000,0.000000,0.000000,0.000000,0.000000,0.000000,-0.094095,-0.426945,1.405268,-0.039035,-0.579456,-0.520510,0.999832,0.014576,0.010920,0.001948,-0.052354,0.048404,0.002786,0.266686,-0.043616,-0.012405,0.000545,0.372624,0.510853,1.205268,-0.445611,-0.272032,-0.520510,0.999832,0.014576,0.010920,0.001948,-0.052354,0.048404,0.002786
1,59.779666,137,relative,11,2.171496,0.196890,-0.383658,-0.997552,0.200000,0.437064,-0.299481,0.000000,0.000000,0.000000,0.000000,0.000000,0.000000,0.000000,0.000000,-0.096991,-0.545932,1.303954,0.012614,-0.625449,-0.508515,0.999836,0.008992,0.015548,0.002355,-0.060962,0.045937,0.002847,0.266639,-0.014521,-0.034855,-0.000145,0.286667,0.451620,1.103954,-0.424450,-0.325968,-0.508515,0.999836,0.008992,0.015548,0.002355,-0.060962,0.045937,0.002847
1,59.779666,137,relative,12,2.368386,0.196880,-0.294604,-1.055735,0.200000,0.467549,-0.291539,0.000000,0.000000,0.000000,0.000000,0.000000,0.000000,0.000000,0.000000,-0.087996,-0.671727,1.204973,0.081443,-0.648374,-0.496987,0.999798,0.002844,0.019713,0.002768,-0.063839,0.039048,0.002831,0.266580,0.016374,-0.055119,-0.000888,0.206607,0.384008,1.004973,-0.386106,-0.356835,-0.496987,0.999798,0.002844,0.019713,0.002768,-0.063839,0.039048,0.002831
1,59.779666,137,relative,13,2.565265,0.196870,-0.199552,-1.112351,0.200000,0.498032,-0.283597,0.000000,0.000000,0.000000,0.000000,0.000000,0.000000,0.000000,0.000000,-0.063965,-0.799651,1.108185,0.164801,-0.647166,-0.486324,0.999725,-0.003285,0.023003,0.003173,-0.060629,0.028170,0.002731,0.266518,0.046149,-0.070809,-0.001651,0.135588,0.312700,0.908185,-0.333231,-0.363569,-0.486324,0.999725,-0.003285,0.023003,0.003173,-0.060629,0.028170,0.002731
1,59.779666,137,relative,14,2.762135,0.196857,-0.098504,-1.167401,0.200000,0.528514,-0.275655,0.000000,0.000000,0.000000,0.000000,0.000000,0.000000,0.000000,0.000000,-0.022422,-0.925040,1.013397,0.258558,-0.623073,-0.476728,0.999641,-0.008805,0.025071,0.003554,-0.051553,0.014208,0.002547,0.266476,0.071409,-0.079417,-0.002392,0.076082,0.242361,0.813397,-0.269956,-0.347418,-0.476728,0.999641,-0.008805,0.025071,0.003554,-0.051553,0.014208,0.002547
1,59.779666,137,relative,15,2.958993,0.196845,0.008538,-1.220884,0.200000,0.558993,-0.267714,0.000000,0.000000,0.000000,0.000000,0.000000,0.000000,0.000000,0.000000,0.038175,-1.043693,0.920414,0.357468,-0.579553,-0.468036,0.999576,-0.013182,0.025685,0.003897,-0.037497,-0.001442,0.002279,0.266484,0.088339,-0.078617,-0.003067,0.029637,0.177192,0.720414,-0.201526,-0.311839,-0.468036,0.999576,-0.013182,0.025685,0.003897,-0.037497,-0.001442,0.002279
1,59.779666,137,relative,16,3.155837,0.196848,0.121572,-1.272801,0.200000,0.589471,-0.259774,0.000000,0.000000,0.000000,0.000000,0.000000,0.000000,0.000000,0.000000,0.118270,-1.152282,0.829115,0.455716,-0.521916,-0.459611,0.999556,-0.016007,0.024773,0.004190,-0.020106,-0.016926,0.001936,0.266585,0.093185,-0.066898,-0.003636,-0.003303,0.120519,0.629115,-0.133755,-0.262142,-0.459611,0.999556,-0.016007,0.024773,0.004190,-0.020106,-0.016926,0.001936
1,59.779666,137,relative,17,3.352686,0.196888,0.240608,-1.323156,0.200000,0.619949,-0.251833,0.000000,0.000000,0.000000,0.000000,0.000000,0.000000,0.000000,0.000000,0.217170,-1.248667,0.739545,0.547613,-0.456676,-0.450378,0.999592,-0.017068,0.022458,0.004425,-0.001756,-0.030098,0.001529,0.266807,0.083573,-0.044535,-0.004071,-0.023439,0.074489,0.539545,-0.072336,-0.204843,-0.450378,0.999592,-0.017068,0.022458,0.004425,-0.001756,-0.030098,0.001529
1,59.779666,137,relative,18,3.549574,0.196976,0.365670,-1.371957,0.200000,0.650434,-0.243891,0.000000,0.000000,0.000000,0.000000,0.000000,0.000000,0.000000,0.000000,0.333154,-1.332040,0.651975,0.628362,-0.390668,-0.439054,0.999673,-0.016413,0.019070,0.004597,0.014705,-0.038865,0.001073,0.267140,0.060002,-0.014207,-0.004346,-0.032517,0.039916,0.451975,-0.022071,-0.146778,-0.439054,0.999673,-0.016413,0.019070,0.004597,0.014705,-0.038865,0.001073
1,59.779666,137,relative,19,3.746550,0.197103,0.496794,-1.419215,0.200000,0.680932,-0.235945,0.000000,0.000000,0.000000,0.000000,0.000000,0.000000,0.000000,0.000000,0.463719,-1.402887,0.566905,0.694777,-0.330017,-0.424574,0.999771,-0.014363,0.015117,0.004706,0.026529,-0.041661,0.000587,0.267506,0.026240,0.019285,-0.004411,-0.033074,0.016327,0.366905,0.013846,-0.094073,-0.424574,0.999771,-0.014363,0.015117,0.004706,0.026529,-0.041661,0.000587
1,59.779666,137,relative,20,3.943653,0.197232,0.634015,-1.464937,0.200000,0.711449,-0.227994,0.000000,0.000000,0.000000,0.000000,0.000000,0.000000,0.000000,0.000000,0.605942,-1.462737,0.484974,0.745823,-0.279162,-0.406666,0.999860,-0.011475,0.011213,0.004753,0.031703,-0.037859,0.000092,0.267729,-0.009339,0.049824,-0.004176,-0.028073,0.002200,0.284974,0.034373,-0.051168,-0.406666,0.999860,-0.011475,0.011213,0.004753,0.031703,-0.037859,0.000092
1,59.779666,137,relative,21,4.140885,0.197319,0.777347,-1.509120,0.200000,0.741987,-0.220038,0.000000,0.000000,0.000000,0.000000,0.000000,0.000000,0.000000,0.000000,0.756901,-1.513750,0.406744,0.782852,-0.240132,-0.386530,0.999921,-0.008424,0.007979,0.004742,0.029860,-0.028032,-0.000376,0.267581,-0.036683,0.073248,-0.003536,-0.020446,-0.004631,0.206744,0.040865,-0.020094,-0.386530,0.999921,-0.008424,0.007979,0.004742,0.029860,-0.028032,-0.000376
1,59.779666,137,relative,22,4.338204,0.197277,0.926769,-1.551752,0.200000,0.772538,-0.212078,0.000000,0.000000,0.000000,0.000000,0.000000,0.000000,0.000000,0.000000,0.914129,-1.558227,0.332388,0.809471,-0.212375,-0.367096,0.999954,-0.005826,0.005938,0.004683,0.022620,-0.013581,-0.000773,0.264237,-0.003948,0.034558,0.000564,-0.012640,-0.006475,0.132388,0.036933,-0.000297,-0.367096,0.999954,-0.005826,0.005938,0.004683,0.022620,-0.013581,-0.000773
1,59.779666,137,relative,23,4.535481,0.196761,1.082186,-1.592805,0.200000,0.803083,-0.204120,0.000000,0.000000,0.000000,0.000000,0.000000,0.000000,0.000000,0.000000,1.075924,-1.598176,0.259490,0.830179,-0.194048,-0.371922,0.999971,-0.003630,0.004944,0.004602,0.021840,-0.006766,-0.000709,0.302250,-0.026746,0.041976,0.000648,-0.006262,-0.005371,0.059490,0.027096,0.010072,-0.371922,0.999971,-0.003630,0.004944,0.004602,0.021840,-0.006766,-0.000709
1,59.779666,137,relative,24,4.732242,0.195990,1.243199,-1.632187,0.200000,0.833548,-0.196183,0.000000,0.000000,0.000000,0.000000,0.000000,0.000000,0.000000,0.000000,1.241342,-1.635066,0.213096,0.851055,-0.182319,-0.099647,0.999977,-0.001739,0.004693,0.004528,0.016577,0.001491,-0.000637,0.284067,-0.051254,0.046147,0.000819,-0.001857,-0.002879,0.013096,0.017507,0.013863,-0.099647,0.999977,-0.001739,0.004693,0.004528,0.016577,0.001491,-0.000637
1,59.779666,137,relative,25,4.928232,0.196488,1.409539,-1.669862,0.200000,0.863893,-0.188276,0.000000,0.000000,0.000000,0.000000,0.000000,0.000000,0.000000,0.000000,1.410085,-1.670273,0.207211,0.871311,-0.177725,0.039594,0.999976,-0.000610,0.005287,0.004464,0.006533,0.010534,-0.000546,0.256368,-0.045574,0.021626,0.000992,0.000545,-0.000411,0.007211,0.007418,0.010551,0.039594,0.999976,-0.000610,0.005287,0.004464,0.006533,0.010534,-0.000546
1,59.779666,137,relative,26,5.124720,0.196430,1.582272,-1.706077,0.200000,0.894315,-0.180350,0.000000,0.000000,0.000000,0.000000,0.000000,0.000000,0.000000,0.000000,1.583363,-1.705012,0.208901,0.893226,-0.175993,-0.022408,0.999969,-0.000413,0.006532,0.004414,-0.002421,0.014783,-0.000435,0.267986,-0.017571,-0.013928,0.001190,0.001091,0.001065,0.008901,-0.001090,0.004357,-0.022408,0.999969,-0.000413,0.006532,0.004414,-0.002421,0.014783,-0.000435
1,59.779666,137,relative,27,5.321150,0.196607,1.760930,-1.740725,0.200000,0.924729,-0.172426,0.000000,0.000000,0.000000,0.000000,0.000000,0.000000,0.000000,0.000000,1.761497,-1.739370,0.206707,0.921337,-0.173562,0.000059,0.999959,-0.000827,0.007848,0.004380,-0.005872,0.012048,-0.000302,0.265909,-0.002768,-0.029641,0.001407,0.000567,0.001355,0.006707,-0.003392,-0.001135,0.000059,0.999959,-0.000827,0.007848,0.004380,-0.005872,0.012048,-0.000302
1,59.779666,137,relative,28,5.517757,0.196563,1.945731,-1.773846,0.200000,0.955170,-0.164495,0.000000,0.000000,0.000000,0.000000,0.000000,0.000000,0.000000,0.000000,1.945756,-1.773090,0.207436,0.953626,-0.169058,0.007350,0.999951,-0.001435,0.008743,0.004362,-0.006416,0.006220,-0.000145,0.261860,0.008830,-0.028580,0.001637,0.000025,0.000756,0.007436,-0.001544,-0.004563,0.007350,0.999951,-0.001435,0.008743,0.004362,-0.006416,0.006220,-0.000145
1,59.779666,137,relative,29,5.714320,0.196666,2.136473,-1.805400,0.200000,0.985604,-0.156566,0.000000,0.000000,0.000000,0.000000,0.000000,0.000000,0.000000,0.000000,2.136536,-1.805694,0.206697,0.987739,-0.162342,-0.014877,0.999947,-0.001982,0.009076,0.004362,-0.004680,0.000603,0.000038,0.253285,0.008485,-0.001572,0.001863,0.000063,-0.000294,0.006697,0.002135,-0.005776,-0.014877,0.999947,-0.001982,0.009076,0.004362,-0.004680,0.000603,0.000038
1,59.779666,137,relative,30,5.910986,0.100000,2.333302,-1.835411,0.200000,1.016054,-0.148633,0.000000,0.000000,0.000000,0.000000,0.000000,0.000000,0.000000,0.000000,2.334086,-1.836837,0.195442,1.021278,-0.154136,-0.099582,0.999946,-0.002360,0.009118,0.004379,-0.003011,0.000293,0.000247,0,0,0,0,0.000784,-0.001426,-0.004558,0.005223,-0.005503,-0.099582,0.999946,-0.002360,0.009118,0.004379,-0.003011,0.000293,0.000247
2,98.149133,189,relative,0,0.000000,0.199998,-0.961366,-0.275272,0.200000,0.110109,-0.384547,0.000000,0.000000,0.000000,0.000000,0.000000,0.000000,0.000000,0.000000,0.000046,0.000006,2.486013,0.000261,-0.000151,-0.000096,1.000000,-0.000054,0.000027,0.000000,0.060712,-0.009800,0.000000,0.203781,0.056530,-0.058716,0.008381,0.961413,0.275278,2.286013,-0.109848,0.384396,-0.000096,1.000000,-0.000054,0.000027,0.000000,0.060712,-0.009800,0.000000
2,98.149133,189,relative,1,0.199998,0.200000,-0.936269,-0.351299,0.200000,0.140872,-0.375738,0.000000,0.000000,0.000000,0.000000,0.000000,0.000000,0.000000,0.000000,-0.000022,-0.000647,2.440742,-0.001727,-0.009722,-0.452645,0.999977,0.006583,-0.001540,0.000047,0.072019,-0.021539,0.000953,0.265447,-0.008648,-0.003466,0.008110,0.936247,0.350652,2.240742,-0.142599,0.366016,-0.452645,0.999977,0.006583,-0.001540,0.000047,0.072019,-0.021539,0.000953
2,98.149133,189,relative,2,0.399998,0.200000,-0.905018,-0.425566,0.200000,0.171636,-0.366929,0.000000,0.000000,0.000000,0.000000,0.000000,0.000000,0.000000,0.000000,-0.001257,-0.006119,2.350605,-0.012059,-0.049654,-0.448822,0.999899,0.013698,-0.003729,0.000185,0.070294,-0.022216,0.001875,0.265116,-0.055613,0.033815,0.007444,0.903761,0.419447,2.150605,-0.183695,0.317275,-0.448822,0.999899,0.013698,-0.003729,0.000185,0.070294,-0.022216,0.001875
2,98.149133,189,relative,3,0.599998,0.200000,-0.867614,-0.498071,0.200000,0.202400,-0.358121,0.000000,0.000000,0.000000,0.000000,0.000000,0.000000,0.000000,0.000000,-0.005400,-0.022313,2.260914,-0.030603,-0.116523,-0.448240,0.999781,0.020170,-0.005613,0.000413,0.059178,-0.015431,0.002721,0.265221,-0.089093,0.057575,0.006571,0.862214,0.475758,2.060914,-0.233002,0.241597,-0.448240,0.999781,0.020170,-0.005613,0.000413,0.059178,-0.015431,0.002721
2,98.149133,189,relative,4,0.799998,0.200000,-0.824058,-0.568814,0.200000,0.233163,-0.349312,0.000000,0.000000,0.000000,0.000000,0.000000,0.000000,0.000000,0.000000,-0.013886,-0.054258,2.171321,-0.054881,-0.206217,-0.447848,0.999661,0.025194,-0.006583,0.000732,0.041364,-0.003892,0.003468,0.265369,-0.111358,0.070451,0.005567,0.810172,0.514556,1.971321,-0.288044,0.143095,-0.447848,0.999661,0.025194,-0.006583,0.000732,0.041364,-0.003892,0.003468
2,98.149133,189,relative,5,0.999998,0.200000,-0.774349,-0.637796,0.200000,0.263927,-0.340503,0.000000,0.000000,0.000000,0.000000,0.000000,0.000000,0.000000,0.000000,-0.027446,-0.105873,2.081830,-0.080507,-0.311912,-0.447168,0.999582,0.028213,-0.006274,0.001139,0.019090,0.010215,0.004101,0.265434,-0.123713,0.074045,0.004455,0.746903,0.531923,1.881830,-0.344434,0.028591,-0.447168,0.999582,0.028213,-0.006274,0.001139,0.019090,0.010215,0.004101
2,98.149133,189,relative,6,1.199998,0.200000,-0.718487,-0.705016,0.200000,0.294691,-0.331695,0.000000,0.000000,0.000000,0.000000,0.000000,0.000000,0.000000,0.000000,-0.045818,-0.179516,1.992478,-0.102058,-0.424958,-0.446364,0.999571,0.028879,-0.004525,0.001629,-0.005664,0.025028,0.004608,0.265423,-0.126564,0.069108,0.003252,0.672669,0.525499,1.792478,-0.396749,-0.093263,-0.446364,0.999571,0.028879,-0.004525,0.001629,-0.005664,0.025028,0.004608
2,98.149133,189,relative,7,1.399998,0.200000,-0.656473,-0.770474,0.200000,0.325454,-0.322886,0.000000,0.000000,0.000000,0.000000,0.000000,0.000000,0.000000,0.000000,-0.067617,-0.275703,1.903291,-0.113842,-0.535707,-0.445431,0.999631,0.027039,-0.001350,0.002193,-0.031000,0.038836,0.004978,0.265350,-0.119172,0.055575,0.001994,0.588856,0.494770,1.703291,-0.439296,-0.212821,-0.445431,0.999631,0.027039,-0.001350,0.002193,-0.031000,0.038836,0.004978
2,98.149133,189,relative,8,1.599998,0.200000,-0.588306,-0.834170,0.200000,0.356218,-0.314077,0.000000,0.000000,0.000000,0.000000,0.000000,0.000000,0.000000,0.000000,-0.090349,-0.392985,1.814298,-0.110589,-0.634286,-0.444362,0.999733,0.022736,0.003063,0.002817,-0.054869,0.049918,0.005204,0.265256,-0.099814,0.033144,0.000744,0.497956,0.441185,1.614298,-0.466807,-0.320209,-0.444362,0.999733,0.022736,0.003063,0.002817,-0.054869,0.049918,0.005204
2,98.149133,189,relative,9,1.799998,0.200000,-0.513986,-0.896104,0.200000,0.386982,-0.305268,0.000000,0.000000,0.000000,0.000000,0.000000,0.000000,0.000000,0.000000,-0.110568,-0.527984,1.725532,-0.088135,-0.711430,-0.443167,0.999827,0.016237,0.008352,0.003483,-0.074874,0.056495,0.005289,0.265196,-0.067222,0.002803,-0.000423,0.403418,0.368121,1.525532,-0.475117,-0.406162,-0.443167,0.999827,0.016237,0.008352,0.003483,-0.074874,0.056495,0.005289
2,98.149133,189,relative,10,1.999998,0.200000,-0.433513,-0.956277,0.200000,0.417746,-0.296460,0.000000,0.000000,0.000000,0.000000,0.000000,0.000000,0.000000,0.000000,-0.124158,-0.675606,1.637024,-0.044088,-0.759425,-0.441869,0.999861,0.008060,0.013988,0.004171,-0.088364,0.056991,0.005241,0.265215,-0.023034,-0.031611,-0.001453,0.309355,0.280671,1.437024,-0.461834,-0.462966,-0.441869,0.999861,0.008060,0.013988,0.004171,-0.088364,0.056991,0.005241
2,98.149133,189,relative,11,2.199998,0.200000,-0.346887,-1.014688,0.200000,0.448509,-0.287651,0.000000,0.000000,0.000000,0.000000,0.000000,0.000000,0.000000,0.000000,-0.126752,-0.829456,1.548795,0.021615,-0.773102,-0.440493,0.999801,-0.001023,0.019324,0.004858,-0.093013,0.050597,0.005076,0.265331,0.027105,-0.063872,-0.002327,0.220136,0.185232,1.348795,-0.426894,-0.485451,-0.440493,0.999801,-0.001023,0.019324,0.004858,-0.093013,0.050597,0.005076
2,98.149133,189,relative,12,2.399998,0.200000,-0.254109,-1.071338,0.200000,0.479273,-0.278842,0.000000,0.000000,0.000000,0.000000,0.000000,0.000000,0.000000,0.000000,-0.114228,-0.982430,1.460858,0.106448,-0.750696,-0.439068,0.999653,-0.010065,0.023696,0.005524,-0.087625,0.037755,0.004811,0.265516,0.075537,-0.087984,-0.003056,0.139881,0.088907,1.260858,-0.372825,-0.471854,-0.439068,0.999653,-0.010065,0.023696,0.005524,-0.087625,0.037755,0.004811
2,98.149133,189,relative,13,2.599997,0.200000,-0.155178,-1.126225,0.200000,0.510037,-0.270034,0.000000,0.000000,0.000000,0.000000,0.000000,0.000000,0.000000,0.000000,-0.083219,-1.127457,1.373214,0.205470,-0.694298,-0.437614,0.999465,-0.018075,0.026547,0.006149,-0.072538,0.020102,0.004464,0.265706,0.115494,-0.100055,-0.003675,0.071959,-0.001231,1.173214,-0.304567,-0.424265,-0.437614,0.999465,-0.018075,0.026547,0.006149,-0.072538,0.020102,0.004464
2,98.149133,189,relative,14,2.799997,0.200000,-0.050095,-1.179351,0.200000,0.540800,-0.261225,0.000000,0.000000,0.000000,0.000000,0.000000,0.000000,0.000000,0.000000,-0.031539,-1.258263,1.285860,0.311938,-0.609764,-0.436132,0.999306,-0.024165,0.027524,0.006720,-0.049446,0.000051,0.004046,0.265833,0.141056,-0.097151,-0.004215,0.018556,-0.078912,1.085860,-0.228863,-0.348539,-0.436132,0.999306,-0.024165,0.027524,0.006720,-0.049446,0.000051,0.004046
2,98.149133,189,relative,15,2.999997,0.200000,0.061142,-1.230715,0.200000,0.571564,-0.252416,0.000000,0.000000,0.000000,0.000000,0.000000,0.000000,0.000000,0.000000,0.041545,-1.370078,1.198794,0.418236,-0.506076,-0.434610,0.999238,-0.027679,0.026543,0.007222,-0.021229,-0.019400,0.003567,0.265847,0.144367,-0.075414,-0.004647,-0.019596,-0.139363,0.998794,-0.153329,-0.253659,-0.434610,0.999238,-0.027679,0.026543,0.007222,-0.021229,-0.019400,0.003567
2,98.149133,189,relative,16,3.199997,0.200000,0.178531,-1.280318,0.200000,0.602328,-0.243608,0.000000,0.000000,0.000000,0.000000,0.000000,0.000000,0.000000,0.000000,0.135253,-1.460145,1.112022,0.517065,-0.394174,-0.433045,0.999285,-0.028329,0.023855,0.007646,0.007657,-0.034486,0.003038,0.265738,0.120300,-0.034293,-0.004831,-0.043278,-0.179828,0.912022,-0.085263,-0.150566,-0.433045,0.999285,-0.028329,0.023855,0.007646,0.007657,-0.034486,0.003038
2,98.149133,189,relative,17,3.399997,0.200000,0.302073,-1.328158,0.200000,0.633092,-0.234799,0.000000,0.000000,0.000000,0.000000,0.000000,0.000000,0.000000,0.000000,0.247493,-1.527949,1.025548,0.602879,-0.285195,-0.431518,0.999420,-0.026325,0.020089,0.007984,0.031733,-0.041336,0.002489,0.265639,0.077136,0.017400,-0.004589,-0.054579,-0.199791,0.825548,-0.030213,-0.050396,-0.431518,0.999420,-0.026325,0.020089,0.007984,0.031733,-0.041336,0.002489
2,98.149133,189,relative,18,3.599997,0.200000,0.431767,-1.374237,0.200000,0.663855,-0.225990,0.000000,0.000000,0.000000,0.000000,0.000000,0.000000,0.000000,0.000000,0.375365,-1.575046,0.939426,0.673290,-0.188393,-0.429480,0.999586,-0.022345,0.016169,0.008233,0.047174,-0.037843,0.001967,0.265427,0.076124,0.014159,-0.000820,-0.056402,-0.200809,0.739426,0.009434,0.037597,-0.429480,0.999586,-0.022345,0.016169,0.008233,0.047174,-0.037843,0.001967
2,98.149133,189,relative,19,3.799997,0.200000,0.567615,-1.418554,0.200000,0.694619,-0.217182,0.000000,0.000000,0.000000,0.000000,0.000000,0.000000,0.000000,0.000000,0.515831,-1.604564,0.853686,0.729049,-0.110419,-0.427710,0.999744,-0.016835,0.012578,0.008419,0.062409,-0.034995,0.001874,0.265098,0.024863,0.039731,-0.001073,-0.051783,-0.186010,0.653686,0.034430,0.106762,-0.427710,0.999744,-0.016835,0.012578,0.008419,0.062409,-0.034995,0.001874
2,98.149133,189,relative,20,3.999997,0.200000,0.709615,-1.461110,0.200000,0.725383,-0.208373,0.000000,0.000000,0.000000,0.000000,0.000000,0.000000,0.000000,0.000000,0.666106,-1.620837,0.768175,0.771748,-0.056584,-0.427240,0.999865,-0.010317,0.009535,0.008571,0.067391,-0.027031,0.001752,0.265417,-0.038382,0.057184,-0.001128,-0.043508,-0.159727,0.568175,0.046365,0.151789,-0.427240,0.999865,-0.010317,0.009535,0.008571,0.067391,-0.027031,0.001752
2,98.149133,189,relative,21,4.199996,0.200000,0.857767,-1.501903,0.200000,0.756146,-0.199564,0.000000,0.000000,0.000000,0.000000,0.000000,0.000000,0.000000,0.000000,0.823868,-1.628928,0.683075,0.804547,-0.028520,-0.423681,0.999927,-0.003943,0.007461,0.008702,0.059720,-0.015578,0.001624,0.265296,-0.075221,0.039011,-0.001075,-0.033899,-0.127025,0.483075,0.048401,0.171044,-0.423681,0.999927,-0.003943,0.007461,0.008702,0.059720,-0.015578,0.001624
2,98.149133,189,relative,22,4.399996,0.200000,1.012073,-1.540935,0.200000,0.786910,-0.190756,0.000000,0.000000,0.000000,0.000000,0.000000,0.000000,0.000000,0.000000,0.987530,-1.633793,0.598633,0.831373,-0.023563,-0.420721,0.999940,0.001288,0.006340,0.008824,0.044678,-0.007764,0.001501,0.264862,-0.070331,0.017741,-0.002138,-0.024543,-0.092858,0.398633,0.044463,0.167193,-0.420721,0.999940,0.001288,0.006340,0.008824,0.044678,-0.007764,0.001501
2,98.149133,189,relative,23,4.599995,0.200000,1.172531,-1.578205,0.200000,0.817674,-0.181947,0.000000,0.000000,0.000000,0.000000,0.000000,0.000000,0.000000,0.000000,1.156216,-1.639529,0.514465,0.855141,-0.036265,-0.420974,0.999931,0.005059,0.005774,0.008938,0.030613,-0.004208,0.001258,0.265135,-0.095753,0.013849,-0.002189,-0.016315,-0.061324,0.314465,0.037468,0.145682,-0.420974,0.999931,0.005059,0.005774,0.008938,0.030613,-0.004208,0.001258
2,98.149133,189,relative,24,4.799995,0.199999,1.339141,-1.613714,0.200000,0.848437,-0.173138,0.000000,0.000000,0.000000,0.000000,0.000000,0.000000,0.000000,0.000000,1.329490,-1.649087,0.430440,0.877439,-0.060699,-0.419292,0.999918,0.007165,0.005511,0.009038,0.011463,-0.001434,0.001009,0.265435,-0.097103,0.007067,-0.002215,-0.009652,-0.035374,0.230440,0.029002,0.112439,-0.419292,0.999918,0.007165,0.005511,0.009038,0.011463,-0.001434,0.001009
2,98.149133,189,relative,25,4.999994,0.199999,1.511905,-1.647460,0.200000,0.879201,-0.164330,0.000000,0.000000,0.000000,0.000000,0.000000,0.000000,0.000000,0.000000,1.507157,-1.664112,0.346967,0.899190,-0.089662,-0.415441,0.999917,0.007342,0.005439,0.009124,-0.007957,-0.000020,0.000757,0.269675,-0.073651,-0.002220,-0.002183,-0.004748,-0.016652,0.146967,0.019989,0.074667,-0.415441,0.999917,0.007342,0.005439,0.009124,-0.007957,-0.000020,0.000757
2,98.149133,189,relative,26,5.199993,0.175600,1.690820,-1.679445,0.200000,0.909965,-0.155521,0.000000,0.000000,0.000000,0.000000,0.000000,0.000000,0.000000,0.000000,1.689188,-1.684803,0.267407,0.921104,-0.116225,-0.380149,0.999926,0.005810,0.005400,0.009196,-0.022687,-0.000466,0.000509,0.286620,-0.022094,-0.010644,-0.002080,-0.001632,-0.005357,0.067407,0.011139,0.039296,-0.380149,0.999926,0.005810,0.005400,0.009196,-0.022687,-0.000466,0.000509
2,98.149133,189,relative,27,5.375593,0.097863,1.852982,-1.706076,0.200000,0.936975,-0.147787,0.000000,0.000000,0.000000,0.000000,0.000000,0.000000,0.000000,0.000000,1.852706,-1.706871,0.213055,0.941183,-0.133779,-0.238888,0.999937,0.003650,0.005257,0.009242,-0.026567,-0.002336,0.000302,0.323104,0.046422,-0.017327,-0.001954,-0.000276,-0.000795,0.013055,0.004208,0.014008,-0.238888,0.999937,0.003650,0.005257,0.009242,-0.026567,-0.002336,0.000302
2,98.149133,189,relative,28,5.473456,0.053661,1.945413,-1.720328,0.200000,0.952028,-0.143477,0.000000,0.000000,0.000000,0.000000,0.000000,0.000000,0.000000,0.000000,1.945413,-1.720328,0.200000,0.953381,-0.140780,-0.027902,0.999941,0.002462,0.005090,0.009260,-0.022024,-0.004032,0.000193,0.293122,0.095739,-0.014303,-0.001926,-0.000000,-0.000000,0.000000,0.001353,0.002696,-0.027902,0.999941,0.002462,0.005090,0.009260,-0.022024,-0.004032,0.000193
2,98.149133,189,relative,29,5.527117,0.058321,1.996721,-1.727963,0.200000,0.960282,-0.141113,0.000000,0.000000,0.000000,0.000000,0.000000,0.000000,0.000000,0.000000,1.996731,-1.727952,0.200009,0.959265,-0.143278,0.028213,0.999943,0.001941,0.004967,0.009267,-0.016887,-0.004800,0.000134,0.205914,0.112444,0.007288,-0.001943,0.000009,0.000011,0.000009,-0.001017,-0.002165,0.028213,0.999943,0.001941,0.004967,0.009267,-0.016887,-0.004800,0.000134
2,98.149133,189,relative,30,5.585438,0.100000,2.052988,-1.736118,0.200000,0.969253,-0.138545,0.000000,0.000000,0.000000,0.000000,0.000000,0.000000,0.000000,0.000000,2.052804,-1.736353,0.197940,0.963635,-0.144774,-0.099158,0.999944,0.001546,0.004829,0.009272,-0.010329,-0.004375,0.000070,0,0,0,0,-0.000183,-0.000235,-0.002060,-0.005618,-0.006230,-0.099158,0.999944,0.001546,0.004829,0.009272,-0.010329,-0.004375,0.000070
3,59.399341,120,relative,0,0.000000,0.200000,-0.949590,-0.313495,0.200000,0.125398,-0.379836,0.000000,0.000000,0.000000,0.000000,0.000000,0.000000,0.000000,0.000000,0.000063,-0.000076,2.454557,-0.000491,-0.006458,-0.512695,0.999991,0.004219,-0.000489,0.000000,-0.006545,-0.002029,0.000000,0.268730,0.232815,-0.070462,0.002927,0.949653,0.313419,2.254557,-0.125889,0.373378,-0.512695,0.999991,0.004219,-0.000489,0.000000,-0.006545,-0.002029,0.000000
3,59.399341,120,relative,1,0.200000,0.200000,-0.921472,-0.388459,0.200000,0.155785,-0.369804,0.000000,0.000000,0.000000,0.000000,0.000000,0.000000,0.000000,0.000000,-0.000304,-0.003115,2.354869,-0.003777,-0.025043,-0.484194,0.999982,0.005893,-0.001397,0.000014,0.040018,-0.016121,0.000333,0.265377,0.106107,-0.012990,0.002950,0.921168,0.385344,2.154869,-0.159561,0.344761,-0.484194,0.999982,0.005893,-0.001397,0.000014,0.040018,-0.016121,0.000333
3,59.399341,120,relative,2,0.400000,0.200000,-0.887276,-0.461417,0.200000,0.186172,-0.359772,0.000000,0.000000,0.000000,0.000000,0.000000,0.000000,0.000000,0.000000,-0.001828,-0.011034,2.258382,-0.012605,-0.057468,-0.480736,0.999935,0.010956,-0.003139,0.000061,0.061241,-0.018715,0.000668,0.265119,0.008974,0.028625,0.002515,0.885448,0.450382,2.058382,-0.198777,0.302304,-0.480736,0.999935,0.010956,-0.003139,0.000061,0.061241,-0.018715,0.000668
3,59.399341,120,relative,3,0.600000,0.200000,-0.847003,-0.532368,0.200000,0.216559,-0.349740,0.000000,0.000000,0.000000,0.000000,0.000000,0.000000,0.000000,0.000000,-0.005807,-0.027638,2.162347,-0.028226,-0.112638,-0.479741,0.999841,0.017169,-0.004724,0.000145,0.063038,-0.012982,0.000954,0.265196,-0.062856,0.056632,0.001631,0.841195,0.504729,1.962347,-0.244785,0.237103,-0.479741,0.999841,0.017169,-0.004724,0.000145,0.063038,-0.012982,0.000954
3,59.399341,120,relative,4,0.800000,0.200000,-0.800653,-0.601313,0.200000,0.246945,-0.339709,0.000000,0.000000,0.000000,0.000000,0.000000,0.000000,0.000000,0.000000,-0.013440,-0.057694,2.066485,-0.048575,-0.191635,-0.479034,0.999724,0.022843,-0.005456,0.000265,0.050468,-0.001647,0.001140,0.265320,-0.113097,0.072789,0.000387,0.787213,0.543618,1.866485,-0.295520,0.148073,-0.479034,0.999724,0.022843,-0.005456,0.000265,0.050468,-0.001647,0.001140
3,59.399341,120,relative,5,1.000000,0.200000,-0.748225,-0.668251,0.200000,0.277332,-0.329677,0.000000,0.000000,0.000000,0.000000,0.000000,0.000000,0.000000,0.000000,-0.025270,-0.105585,1.970767,-0.069354,-0.289830,-0.478268,0.999630,0.026756,-0.004894,0.000417,0.027847,0.012918,0.001184,0.265405,-0.144581,0.078100,-0.001045,0.722955,0.562667,1.770767,-0.346686,0.039847,-0.478268,0.999630,0.026756,-0.004894,0.000417,0.027847,0.012918,0.001184
3,59.399341,120,relative,6,1.200000,0.200000,-0.689720,-0.733183,0.200000,0.307719,-0.319645,0.000000,0.000000,0.000000,0.000000,0.000000,0.000000,0.000000,0.000000,-0.040839,-0.174337,1.875206,-0.084980,-0.398574,-0.477382,0.999601,0.028093,-0.002825,0.000592,-0.001072,0.028540,0.001065,0.265409,-0.158489,0.072192,-0.002433,0.648880,0.558846,1.675206,-0.392699,-0.078929,-0.477382,0.999601,0.028093,-0.002825,0.000592,-0.001072,0.028540,0.001065
3,59.399341,120,relative,7,1.400000,0.200000,-0.625137,-0.796109,0.200000,0.338106,-0.309613,0.000000,0.000000,0.000000,0.000000,0.000000,0.000000,0.000000,0.000000,-0.058518,-0.264976,1.779823,-0.089464,-0.506705,-0.476377,0.999651,0.026399,0.000746,0.000782,-0.032775,0.042976,0.000788,0.265339,-0.151596,0.052356,-0.003551,0.566619,0.531133,1.579823,-0.427570,-0.197092,-0.476377,0.999651,0.026399,0.000746,0.000782,-0.032775,0.042976,0.000788
3,59.399341,120,relative,8,1.600000,0.200000,-0.554477,-0.857029,0.200000,0.368493,-0.299581,0.000000,0.000000,0.000000,0.000000,0.000000,0.000000,0.000000,0.000000,-0.075513,-0.376162,1.684646,-0.077332,-0.602004,-0.475265,0.999751,0.021602,0.005560,0.000973,-0.063099,0.053443,0.000384,0.265249,-0.117922,0.017194,-0.004292,0.478965,0.480867,1.484646,-0.445825,-0.302423,-0.475265,0.999751,0.021602,0.005560,0.000973,-0.063099,0.053443,0.000384
3,59.399341,120,relative,9,1.800000,0.200000,-0.477740,-0.915942,0.200000,0.398880,-0.289549,0.000000,0.000000,0.000000,0.000000,0.000000,0.000000,0.000000,0.000000,-0.088077,-0.504142,1.589704,-0.044708,-0.672893,-0.474037,0.999839,0.014109,0.011066,0.001150,-0.086684,0.056881,-0.000104,0.265207,-0.059135,-0.026698,-0.004718,0.389663,0.411799,1.389704,-0.443588,-0.383344,-0.474037,0.999839,0.014109,0.011066,0.001150,-0.086684,0.056881,-0.000104
3,59.399341,120,relative,10,2.000000,0.200000,-0.394925,-0.972848,0.200000,0.429267,-0.279518,0.000000,0.000000,0.000000,0.000000,0.000000,0.000000,0.000000,0.000000,-0.091940,-0.643083,1.495030,0.009612,-0.710440,-0.472692,0.999852,0.004843,0.016476,0.001293,-0.098508,0.051546,-0.000640,0.265255,0.010735,-0.066285,-0.004980,0.302985,0.329766,1.295030,-0.419655,-0.430922,-0.472692,0.999852,0.004843,0.016476,0.001293,-0.098508,0.051546,-0.000640
3,59.399341,120,relative,11,2.200000,0.200000,-0.306033,-1.027749,0.200000,0.459654,-0.269486,0.000000,0.000000,0.000000,0.000000,0.000000,0.000000,0.000000,0.000000,-0.082914,-0.785780,1.400645,0.083576,-0.710148,-0.471269,0.999767,-0.004906,0.020954,0.001385,-0.096355,0.038303,-0.001206,0.265389,0.073394,-0.090169,-0.005168,0.223119,0.241968,1.200645,-0.376077,-0.440662,-0.471269,0.999767,-0.004906,0.020954,0.001385,-0.096355,0.038303,-0.001206
3,59.399341,120,relative,12,2.400000,0.200000,-0.211064,-1.080643,0.200000,0.490040,-0.259454,0.000000,0.000000,0.000000,0.000000,0.000000,0.000000,0.000000,0.000000,-0.057526,-0.924655,1.306557,0.172203,-0.672757,-0.469806,0.999619,-0.013812,0.023869,0.001409,-0.081670,0.020289,-0.001794,0.265553,0.117800,-0.093836,-0.005213,0.153538,0.155988,1.106557,-0.317837,-0.413303,-0.469806,0.999619,-0.013812,0.023869,0.001409,-0.081670,0.020289,-0.001794
3,59.399341,120,relative,13,2.600000,0.200000,-0.110017,-1.131530,0.200000,0.520427,-0.249422,0.000000,0.000000,0.000000,0.000000,0.000000,0.000000,0.000000,0.000000,-0.013505,-1.052767,1.212761,0.268701,-0.603791,-0.468343,0.999471,-0.020804,0.024947,0.001354,-0.058106,0.001544,-0.002387,0.265668,0.139469,-0.072147,-0.004772,0.096512,0.078763,1.012761,-0.251726,-0.354369,-0.468343,0.999471,-0.020804,0.024947,0.001354,-0.058106,0.001544,-0.002387
3,59.399341,120,relative,14,2.800000,0.200000,-0.002893,-1.180412,0.200000,0.550814,-0.239390,0.000000,0.000000,0.000000,0.000000,0.000000,0.000000,0.000000,0.000000,0.050008,-1.164658,1.119240,0.366048,-0.512226,-0.466984,0.999384,-0.025223,0.024369,0.001212,-0.030215,-0.012868,-0.002929,0.265733,0.167194,-0.059352,-0.000303,0.052901,0.015753,0.919240,-0.184766,-0.272835,-0.466984,0.999384,-0.025223,0.024369,0.001212,-0.030215,-0.012868,-0.002929
3,59.399341,120,relative,15,3.000000,0.200000,0.110309,-1.227286,0.200000,0.581201,-0.229358,0.000000,0.000000,0.000000,0.000000,0.000000,0.000000,0.000000,0.000000,0.132585,-1.256882,1.025993,0.458484,-0.409126,-0.465469,0.999393,-0.026577,0.022481,0.000999,0.003215,-0.024732,-0.002964,0.265646,0.172527,-0.043038,-0.000277,0.022276,-0.029595,0.825993,-0.122717,-0.179767,-0.465469,0.999393,-0.026577,0.022481,0.000999,0.003215,-0.024732,-0.002964
3,59.399341,120,relative,16,3.200000,0.200000,0.229588,-1.272155,0.200000,0.611588,-0.219327,0.000000,0.000000,0.000000,0.000000,0.000000,0.000000,0.000000,0.000000,0.232761,-1.328400,0.933021,0.541382,-0.307401,-0.464107,0.999507,-0.024536,0.019573,0.000734,0.037708,-0.033349,-0.002995,0.265479,0.124755,-0.011087,0.000042,0.003173,-0.056245,0.733021,-0.070206,-0.088074,-0.464107,0.999507,-0.024536,0.019573,0.000734,0.037708,-0.033349,-0.002995
3,59.399341,120,relative,17,3.400000,0.200000,0.354944,-1.315017,0.200000,0.641975,-0.209295,0.000000,0.000000,0.000000,0.000000,0.000000,0.000000,0.000000,0.000000,0.348282,-1.380805,0.840306,0.611572,-0.219934,-0.462810,0.999679,-0.019524,0.016124,0.000422,0.062643,-0.035589,-0.002990,0.265328,0.030203,0.021151,0.000564,-0.006662,-0.065788,0.640306,-0.030403,-0.010639,-0.462810,0.999679,-0.019524,0.016124,0.000422,0.062643,-0.035589,-0.002990
3,59.399341,120,relative,18,3.600000,0.200000,0.486378,-1.355873,0.200000,0.672362,-0.199263,0.000000,0.000000,0.000000,0.000000,0.000000,0.000000,0.000000,0.000000,0.476477,-1.417957,0.747876,0.668196,-0.155887,-0.461294,0.999834,-0.012963,0.012772,0.000087,0.068668,-0.031389,-0.002926,0.265215,-0.033603,0.038154,-0.000286,-0.009900,-0.062085,0.547876,-0.004166,0.043376,-0.461294,0.999834,-0.012963,0.012772,0.000087,0.068668,-0.031389,-0.002926
3,59.399341,120,relative,19,3.800000,0.200000,0.623889,-1.394722,0.200000,0.702749,-0.189231,0.000000,0.000000,0.000000,0.000000,0.000000,0.000000,0.000000,0.000000,0.614748,-1.444919,0.655772,0.712703,-0.118001,-0.459623,0.999929,-0.006437,0.010010,-0.000255,0.061935,-0.023787,-0.002959,0.265123,-0.091203,0.038952,-0.000210,-0.009141,-0.050197,0.455772,0.009954,0.071230,-0.459623,0.999929,-0.006437,0.010010,-0.000255,0.061935,-0.023787,-0.002959
3,59.399341,120,relative,20,4.000000,0.200000,0.767477,-1.431565,0.200000,0.733135,-0.179199,0.000000,0.000000,0.000000,0.000000,0.000000,0.000000,0.000000,0.000000,0.760934,-1.466743,0.563992,0.747856,-0.103694,-0.458129,0.999967,-0.001160,0.008017,-0.000592,0.043686,-0.016020,-0.002983,0.265095,-0.124272,0.040318,-0.000021,-0.006543,-0.035177,0.363992,0.014720,0.075506,-0.458129,0.999967,-0.001160,0.008017,-0.000592,0.043686,-0.016020,-0.002983
3,59.399341,120,relative,21,4.200000,0.200000,0.917143,-1.466402,0.200000,0.763522,-0.169167,0.000000,0.000000,0.000000,0.000000,0.000000,0.000000,0.000000,0.000000,0.913470,-1.487518,0.472509,0.776714,-0.106104,-0.456683,0.999974,0.001962,0.006815,-0.000914,0.018826,-0.007971,-0.002985,0.264849,-0.113146,0.029056,0.000351,-0.003673,-0.021116,0.272509,0.013191,0.063064,-0.456683,0.999974,0.001962,0.006815,-0.000914,0.018826,-0.007971,-0.002985
3,59.399341,120,relative,22,4.400000,0.200000,1.072886,-1.499232,0.200000,0.793909,-0.159136,0.000000,0.000000,0.000000,0.000000,0.000000,0.000000,0.000000,0.000000,1.071400,-1.509683,0.381138,0.802258,-0.116038,-0.457027,0.999976,0.002711,0.006308,-0.001217,-0.003805,-0.002163,-0.002945,0.261341,-0.040388,0.023174,0.002964,-0.001486,-0.010451,0.181138,0.008349,0.043097,-0.457027,0.999976,0.002711,0.006308,-0.001217,-0.003805,-0.002163,-0.002945
3,59.399341,120,relative,23,4.600000,0.200000,1.234706,-1.530056,0.200000,0.824296,-0.149104,0.000000,0.000000,0.000000,0.000000,0.000000,0.000000,0.000000,0.000000,1.234280,-1.533868,0.287101,0.826553,-0.125305,-0.483341,0.999977,0.001925,0.006326,-0.001489,-0.011883,0.002475,-0.002608,0.297521,-0.029716,0.009178,0.003451,-0.000426,-0.003812,0.087101,0.002257,0.023798,-0.483341,0.999977,0.001925,0.006326,-0.001489,-0.011883,0.002475,-0.002608
3,59.399341,120,relative,24,4.800000,0.120668,1.402604,-1.558874,0.200000,0.854683,-0.139072,0.000000,0.000000,0.000000,0.000000,0.000000,0.000000,0.000000,0.000000,1.402421,-1.559585,0.214600,0.855111,-0.130777,-0.241674,0.999976,0.000438,0.006668,-0.001720,-0.017825,0.004316,-0.002216,0.319159,-0.001828,0.001204,0.003870,-0.000183,-0.000712,0.014600,0.000428,0.008295,-0.241674,0.999976,0.000438,0.006668,-0.001720,-0.017825,0.004316,-0.002216
3,59.399341,120,relative,25,4.920667,0.091854,1.506843,-1.575290,0.200000,0.873017,-0.133019,0.000000,0.000000,0.000000,0.000000,0.000000,0.000000,0.000000,0.000000,1.506768,-1.575381,0.200068,0.874512,-0.130521,0.000821,0.999974,-0.000644,0.006935,-0.001839,-0.018045,0.004465,-0.001950,0.263977,0.042799,0.017606,0.004219,-0.000075,-0.000091,0.000068,0.001495,0.002498,0.000821,0.999974,-0.000644,0.006935,-0.001839,-0.018045,0.004465,-0.001950
3,59.399341,120,relative,26,5.012521,0.140191,1.587674,-1.587297,0.200000,0.886972,-0.128412,0.000000,0.000000,0.000000,0.000000,0.000000,0.000000,0.000000,0.000000,1.587674,-1.587297,0.200000,0.887178,-0.128698,-0.002307,0.999971,-0.001383,0.007178,-0.001918,-0.014113,0.006084,-0.001730,0.266438,0.043283,-0.010872,0.004612,0.000000,0.000000,0.000000,0.000205,-0.000286,-0.002307,0.999971,-0.001383,0.007178,-0.001918,-0.014113,0.006084,-0.001730
3,59.399341,120,relative,27,5.152712,0.131513,1.713512,-1.604806,0.200000,0.908272,-0.121380,0.000000,0.000000,0.000000,0.000000,0.000000,0.000000,0.000000,0.000000,1.713466,-1.605016,0.200236,0.907590,-0.123740,0.005673,0.999967,-0.002159,0.007553,-0.002022,-0.008044,0.004562,-0.001362,0.268912,0.023331,-0.046696,0.004915,-0.000046,-0.000210,0.000236,-0.000682,-0.002360,0.005673,0.999967,-0.002159,0.007553,-0.002022,-0.008044,0.004562,-0.001362
3,59.399341,120,relative,28,5.284225,0.146080,1.834275,-1.620335,0.200000,0.928253,-0.114784,0.000000,0.000000,0.000000,0.000000,0.000000,0.000000,0.000000,0.000000,1.834139,-1.620893,0.202266,0.927606,-0.117520,0.025193,0.999965,-0.002588,0.007651,-0.002096,-0.004976,-0.001579,-0.000995,0.260891,0.015176,-0.027109,0.005233,-0.000136,-0.000558,0.002266,-0.000648,-0.002736,0.025193,0.999965,-0.002588,0.007651,-0.002096,-0.004976,-0.001579,-0.000995
3,59.399341,120,relative,29,5.430305,0.100938,1.971496,-1.636568,0.200000,0.950448,-0.107456,0.000000,0.000000,0.000000,0.000000,0.000000,0.000000,0.000000,0.000000,1.971210,-1.637508,0.204360,0.948923,-0.109822,0.003485,0.999966,-0.002871,0.007392,-0.002150,-0.002759,-0.005538,-0.000560,0.237343,0.002027,0.031741,0.005364,-0.000286,-0.000940,0.004360,-0.001525,-0.002366,0.003485,0.999966,-0.002871,0.007392,-0.002150,-0.002759,-0.005538,-0.000560
3,59.399341,120,relative,30,5.531242,0.100000,2.068206,-1.647159,0.200000,0.965784,-0.102393,0.000000,0.000000,0.000000,0.000000,0.000000,0.000000,0.000000,0.000000,2.067648,-1.648333,0.199513,0.961852,-0.104634,-0.099532,0.999967,-0.003006,0.007193,-0.002169,-0.002555,-0.002335,-0.000252,0,0,0,0,-0.000558,-0.001175,-0.000487,-0.003932,-0.002241,-0.099532,0.999967,-0.003006,0.007193,-0.002169,-0.002555,-0.002335,-0.000252
4,126.040017,263,relative,0,0.000000,0.200000,-0.941794,-0.336190,0.200000,0.134476,-0.376718,0.000000,0.000000,0.000000,0.000000,0.000000,0.000000,0.000000,0.000000,0.000041,-0.000367,2.417232,-0.001179,-0.010300,-0.660156,0.999994,0.003444,-0.000528,-0.000000,-0.036645,0.002993,0.000000,0.292205,0.337038,-0.096825,-0.013179,0.941836,0.335823,2.217232,-0.135655,0.366418,-0.660156,0.999994,0.003444,-0.000528,-0.000000,-0.036645,0.002993,0.000000
4,126.040017,263,relative,1,0.200000,0.200000,-0.911885,-0.410458,0.200000,0.164613,-0.365960,0.000000,0.000000,0.000000,0.000000,0.000000,0.000000,0.000000,0.000000,-0.000449,-0.003632,2.305445,-0.004212,-0.022139,-0.457714,0.999994,0.003150,-0.001196,-0.000077,0.030761,-0.016373,-0.001498,0.264888,0.158503,-0.014783,-0.011574,0.911436,0.406826,2.105445,-0.168826,0.343821,-0.457714,0.999994,0.003150,-0.001196,-0.000077,0.030761,-0.016373,-0.001498
4,126.040017,263,relative,2,0.400000,0.200000,-0.875949,-0.482574,0.200000,0.194751,-0.355202,0.000000,0.000000,0.000000,0.000000,0.000000,0.000000,0.000000,0.000000,-0.001985,-0.009801,2.213906,-0.012317,-0.042605,-0.457712,0.999965,0.007810,-0.002982,-0.000292,0.062456,-0.019345,-0.002814,0.264944,0.022190,0.040598,-0.010459,0.873963,0.472772,2.013906,-0.207068,0.312596,-0.457712,0.999965,0.007810,-0.002982,-0.000292,0.062456,-0.019345,-0.002814
4,126.040017,263,relative,3,0.600000,0.200000,-0.833985,-0.552538,0.200000,0.224888,-0.344443,0.000000,0.000000,0.000000,0.000000,0.000000,0.000000,0.000000,0.000000,-0.005847,-0.022219,2.122373,-0.027306,-0.085799,-0.457714,0.999888,0.014278,-0.004511,-0.000624,0.066886,-0.011259,-0.004004,0.265043,-0.074725,0.071175,-0.009749,0.828138,0.530319,1.922373,-0.252194,0.258644,-0.457714,0.999888,0.014278,-0.004511,-0.000624,0.066886,-0.011259,-0.004004
4,126.040017,263,relative,4,0.800000,0.200000,-0.785994,-0.620351,0.200000,0.255026,-0.333685,0.000000,0.000000,0.000000,0.000000,0.000000,0.000000,0.000000,0.000000,-0.013185,-0.045809,2.030844,-0.046349,-0.153989,-0.457721,0.999783,0.020220,-0.004924,-0.001058,0.051939,0.002935,-0.005112,0.265146,-0.134312,0.079315,-0.009257,0.772809,0.574542,1.830844,-0.301375,0.179696,-0.457721,0.999783,0.020220,-0.004924,-0.001058,0.051939,0.002935,-0.005112
4,126.040017,263,relative,5,1.000000,0.200000,-0.731975,-0.686012,0.200000,0.285163,-0.322927,0.000000,0.000000,0.000000,0.000000,0.000000,0.000000,0.000000,0.000000,-0.024308,-0.085138,1.939309,-0.064176,-0.241816,-0.457727,0.999702,0.024074,-0.003832,-0.001579,0.025086,0.018766,-0.006165,0.265200,-0.159907,0.068991,-0.008780,0.707667,0.600875,1.739309,-0.349339,0.081111,-0.457727,0.999702,0.024074,-0.003832,-0.001579,0.025086,0.018766,-0.006165
4,126.040017,263,relative,6,1.200000,0.200000,-0.671928,-0.749522,0.200000,0.315300,-0.312169,0.000000,0.000000,0.000000,0.000000,0.000000,0.000000,0.000000,0.000000,-0.038373,-0.143179,1.847766,-0.074795,-0.339197,-0.457728,0.999685,0.024991,-0.001252,-0.002179,-0.006870,0.032555,-0.007163,0.265181,-0.151804,0.043225,-0.008128,0.633555,0.606343,1.647766,-0.390096,-0.027028,-0.457728,0.999685,0.024991,-0.001252,-0.002179,-0.006870,0.032555,-0.007163
4,126.040017,263,relative,7,1.400000,0.200000,-0.605855,-0.810880,0.200000,0.345438,-0.301411,0.000000,0.000000,0.000000,0.000000,0.000000,0.000000,0.000000,0.000000,-0.053389,-0.220645,1.756214,-0.072947,-0.434038,-0.457723,0.999733,0.022798,0.002460,-0.002850,-0.037188,0.041226,-0.008087,0.265108,-0.113618,0.009677,-0.007255,0.552465,0.590235,1.556214,-0.418384,-0.132627,-0.457723,0.999733,0.022798,0.002460,-0.002850,-0.037188,0.041226,-0.008087
4,126.040017,263,relative,8,1.600000,0.200000,-0.533753,-0.870087,0.200000,0.375575,-0.290653,0.000000,0.000000,0.000000,0.000000,0.000000,0.000000,0.000000,0.000000,-0.066489,-0.315850,1.664660,-0.055260,-0.514850,-0.457716,0.999810,0.017956,0.006715,-0.003590,-0.059857,0.043224,-0.008912,0.265030,-0.061058,-0.018668,-0.006185,0.467265,0.554237,1.464660,-0.430836,-0.224197,-0.457716,0.999810,0.017956,0.006715,-0.003590,-0.059857,0.043224,-0.008912
4,126.040017,263,relative,9,1.800000,0.200000,-0.455624,-0.927141,0.200000,0.405713,-0.279895,0.000000,0.000000,0.000000,0.000000,0.000000,0.000000,0.000000,0.000000,-0.074370,-0.425059,1.573109,-0.020809,-0.572955,-0.457711,0.999866,0.011372,0.010894,-0.004396,-0.072010,0.039583,-0.009615,0.264992,-0.011631,-0.029134,-0.004721,0.381255,0.502082,1.373109,-0.426521,-0.293060,-0.457711,0.999866,0.011372,0.010894,-0.004396,-0.072010,0.039583,-0.009615
4,126.040017,263,relative,10,2.000000,0.200000,-0.371468,-0.982045,0.200000,0.435850,-0.269137,0.000000,0.000000,0.000000,0.000000,0.000000,0.000000,0.000000,0.000000,-0.073767,-0.543188,1.481566,0.029287,-0.603568,-0.457710,0.999871,0.004063,0.014609,-0.005262,-0.074282,0.033866,-0.010152,0.265011,0.046625,-0.041810,0.000618,0.297701,0.438857,1.281566,-0.406563,-0.334431,-0.457710,0.999871,0.004063,0.014609,-0.005262,-0.074282,0.033866,-0.010152
4,126.040017,263,relative,11,2.200000,0.200000,-0.281284,-1.034796,0.200000,0.465988,-0.258379,0.000000,0.000000,0.000000,0.000000,0.000000,0.000000,0.000000,0.000000,-0.061757,-0.664590,1.390030,0.092813,-0.605921,-0.457714,0.999822,-0.002895,0.017623,-0.006159,-0.064911,0.025611,-0.010082,0.265075,0.095105,-0.049284,0.001529,0.219528,0.370206,1.190030,-0.373175,-0.347542,-0.457714,0.999822,-0.002895,0.017623,-0.006159,-0.064911,0.025611,-0.010082
4,126.040017,263,relative,12,2.400000,0.200000,-0.185073,-1.085396,0.200000,0.496125,-0.247621,0.000000,0.000000,0.000000,0.000000,0.000000,0.000000,0.000000,0.000000,-0.035955,-0.783897,1.298495,0.166608,-0.583543,-0.457720,0.999745,-0.008437,0.019726,-0.007066,-0.045858,0.015838,-0.009908,0.265148,0.109211,-0.043735,0.002704,0.149118,0.301499,1.098495,-0.329517,-0.335922,-0.457720,0.999745,-0.008437,0.019726,-0.007066,-0.045858,0.015838,-0.009908
4,126.040017,263,relative,13,2.600000,0.200000,-0.082834,-1.133844,0.200000,0.526262,-0.236863,0.000000,0.000000,0.000000,0.000000,0.000000,0.000000,0.000000,0.000000,0.005323,-0.896821,1.206959,0.246955,-0.543423,-0.457723,0.999679,-0.011940,0.020891,-0.007982,-0.023999,0.007143,-0.009600,0.265195,0.089342,-0.032892,0.004088,0.088158,0.237023,1.006959,-0.279307,-0.306560,-0.457723,0.999679,-0.011940,0.020891,-0.007982,-0.023999,0.007143,-0.009600
4,126.040017,263,relative,14,2.800000,0.200000,0.025432,-1.180141,0.200000,0.556400,-0.226105,0.000000,0.000000,0.000000,0.000000,0.000000,0.000000,0.000000,0.000000,0.063033,-1.000627,1.115418,0.330409,-0.493658,-0.457723,0.999643,-0.013462,0.021278,-0.008892,-0.006125,0.000586,-0.009136,0.265207,0.061063,-0.022293,0.003905,0.037601,0.179514,0.915418,-0.225991,-0.267553,-0.457723,0.999643,-0.013462,0.021278,-0.008892,-0.006125,0.000586,-0.009136
4,126.040017,263,relative,15,3.000000,0.200000,0.139726,-1.224286,0.200000,0.586537,-0.215347,0.000000,0.000000,0.000000,0.000000,0.000000,0.000000,0.000000,0.000000,0.137512,-1.094105,1.023873,0.414281,-0.441121,-0.457722,0.999639,-0.013485,0.021102,-0.009780,0.006085,-0.003872,-0.008692,0.265192,0.017367,-0.017817,0.004535,-0.002213,0.130181,0.823873,-0.172257,-0.225774,-0.457722,0.999639,-0.013485,0.021102,-0.009780,0.006085,-0.003872,-0.008692
4,126.040017,263,relative,16,3.200000,0.200000,0.260047,-1.266280,0.200000,0.616675,-0.204588,0.000000,0.000000,0.000000,0.000000,0.000000,0.000000,0.000000,0.000000,0.228644,-1.177204,0.932326,0.496651,-0.390374,-0.457720,0.999652,-0.012726,0.020517,-0.010632,0.009551,-0.007445,-0.008176,0.265165,-0.024095,-0.015788,0.005145,-0.031403,0.089075,0.732326,-0.120024,-0.185785,-0.457720,0.999652,-0.012726,0.020517,-0.010632,0.009551,-0.007445,-0.008176
4,126.040017,263,relative,17,3.400000,0.200000,0.386395,-1.306122,0.200000,0.646812,-0.193830,0.000000,0.000000,0.000000,0.000000,0.000000,0.000000,0.000000,0.000000,0.335974,-1.250474,0.840778,0.576051,-0.342776,-0.457719,0.999670,-0.012039,0.019597,-0.011424,0.004722,-0.010612,-0.007591,0.265136,-0.033813,-0.023867,0.005915,-0.050422,0.055648,0.640778,-0.070761,-0.148946,-0.457719,0.999670,-0.012039,0.019597,-0.011424,0.004722,-0.010612,-0.007591
4,126.040017,263,relative,18,3.600000,0.200000,0.518772,-1.343812,0.200000,0.676949,-0.183072,0.000000,0.000000,0.000000,0.000000,0.000000,0.000000,0.000000,0.000000,0.458778,-1.314426,0.749231,0.651135,-0.296810,-0.457720,0.999688,-0.011935,0.018287,-0.012136,-0.002055,-0.015387,-0.006918,0.265107,0.025408,-0.028922,0.008907,-0.059994,0.029386,0.549231,-0.025815,-0.113737,-0.457720,0.999688,-0.011935,0.018287,-0.012136,-0.002055,-0.015387,-0.006918
4,126.040017,263,relative,19,3.800000,0.200000,0.657175,-1.379351,0.200000,0.707087,-0.172314,0.000000,0.000000,0.000000,0.000000,0.000000,0.000000,0.000000,0.000000,0.596021,-1.369173,0.657683,0.720108,-0.250665,-0.457722,0.999712,-0.011921,0.016451,-0.012756,0.003009,-0.021171,-0.005906,0.265066,0.044153,-0.037153,0.009770,-0.061154,0.010177,0.457683,0.013021,-0.078351,-0.457722,0.999712,-0.011921,0.016451,-0.012756,0.003009,-0.021171,-0.005906
4,126.040017,263,relative,20,4.000000,0.200000,0.801606,-1.412738,0.200000,0.737224,-0.161556,0.000000,0.000000,0.000000,0.000000,0.000000,0.000000,0.000000,0.000000,0.746258,-1.414769,0.566132,0.780620,-0.205736,-0.457721,0.999752,-0.011220,0.013947,-0.013273,0.011819,-0.028608,-0.004795,0.288195,0.064227,-0.032752,0.010550,-0.055348,-0.002032,0.366132,0.043396,-0.044180,-0.457721,0.999752,-0.011220,0.013947,-0.013273,0.011819,-0.028608,-0.004795
4,126.040017,263,relative,21,4.200000,0.050000,0.952065,-1.443973,0.200000,0.767362,-0.150798,0.000000,0.000000,0.000000,0.000000,0.000000,0.000000,0.000000,0.000000,0.907963,-1.451408,0.491745,0.834128,-0.161888,-0.286066,0.999804,-0.009446,0.010730,-0.013682,0.024644,-0.035170,-0.003595,0.264962,0.090485,0.002075,0.008772,-0.044102,-0.007435,0.291745,0.066767,-0.011090,-0.286066,0.999804,-0.009446,0.010730,-0.013682,0.024644,-0.035170,-0.003595
4,126.040017,263,relative,22,4.250000,0.200000,0.990621,-1.451446,0.200000,0.774896,-0.148109,0.000000,0.000000,0.000000,0.000000,0.000000,0.000000,0.000000,0.000000,0.949929,-1.459280,0.477441,0.844343,-0.153073,-0.286081,0.999818,-0.008786,0.009842,-0.013767,0.029164,-0.035069,-0.003346,0.241758,0.020220,0.001011,0.007302,-0.040693,-0.007834,0.277441,0.069447,-0.004964,-0.286081,0.999818,-0.008786,0.009842,-0.013767,0.029164,-0.035069,-0.003346
4,126.040017,263,relative,23,4.450000,0.200000,1.148614,-1.479992,0.200000,0.805033,-0.137350,0.000000,0.000000,0.000000,0.000000,0.000000,0.000000,0.000000,0.000000,1.121937,-1.487145,0.403056,0.873604,-0.127381,-0.457714,0.999865,-0.005720,0.006300,-0.014060,0.033192,-0.034881,-0.002516,0.264892,-0.032308,0.035103,0.007704,-0.026677,-0.007153,0.203056,0.068571,0.009970,-0.457714,0.999865,-0.005720,0.006300,-0.014060,0.033192,-0.034881,-0.002516
4,126.040017,263,relative,24,4.650000,0.200000,1.312635,-1.506386,0.200000,0.835171,-0.126592,0.000000,0.000000,0.000000,0.000000,0.000000,0.000000,0.000000,0.000000,1.298717,-1.510812,0.311509,0.892083,-0.111190,-0.457714,0.999890,-0.002770,0.003119,-0.014268,0.026721,-0.027870,-0.001640,0.288046,-0.072131,0.076444,0.007931,-0.013918,-0.004426,0.111509,0.056913,0.015402,-0.457714,0.999890,-0.002770,0.003119,-0.014268,0.026721,-0.027870,-0.001640
4,126.040017,263,relative,25,4.850000,0.050000,1.482683,-1.530628,0.200000,0.865308,-0.115834,0.000000,0.000000,0.000000,0.000000,0.000000,0.000000,0.000000,0.000000,1.478130,-1.532206,0.237130,0.900569,-0.104094,-0.286072,0.999896,-0.000849,0.001068,-0.014388,0.012291,-0.012585,-0.000738,0.357558,-0.037359,0.022239,0.004521,-0.004553,-0.001577,0.037130,0.035261,0.011741,-0.286072,0.999896,-0.000849,0.001068,-0.014388,0.012291,-0.012585,-0.000738
4,126.040017,263,relative,26,4.900000,0.050000,1.526136,-1.536353,0.200000,0.872843,-0.113145,0.000000,0.000000,0.000000,0.000000,0.000000,0.000000,0.000000,0.000000,1.523191,-1.537386,0.227117,0.901792,-0.103177,-0.114429,0.999896,-0.000570,0.000763,-0.014405,0.010423,-0.011473,-0.000610,0.264870,-0.042088,0.025574,0.004856,-0.002946,-0.001033,0.027117,0.028950,0.009968,-0.114429,0.999896,-0.000570,0.000763,-0.014405,0.010423,-0.011473,-0.000610
4,126.040017,263,relative,27,4.950000,0.050000,1.569967,-1.541943,0.200000,0.880377,-0.110455,0.000000,0.000000,0.000000,0.000000,0.000000,0.000000,0.000000,0.000000,1.568297,-1.542533,0.221396,0.902410,-0.102744,-0.114429,0.999896,-0.000339,0.000489,-0.014418,0.008318,-0.010195,-0.000472,0.264870,-0.046036,0.036978,0.005102,-0.001670,-0.000590,0.021396,0.022033,0.007711,-0.114429,0.999896,-0.000339,0.000489,-0.014418,0.008318,-0.010195,-0.000472
4,126.040017,263,relative,28,5.000000,0.050000,1.614174,-1.547398,0.200000,0.887911,-0.107766,0.000000,0.000000,0.000000,0.000000,0.000000,0.000000,0.000000,0.000000,1.613427,-1.547664,0.215674,0.902775,-0.102508,-0.114429,0.999896,-0.000163,0.000255,-0.014428,0.006016,-0.008346,-0.000327,0.264870,-0.053399,0.061162,0.005502,-0.000747,-0.000265,0.015674,0.014864,0.005258,-0.114429,0.999896,-0.000163,0.000255,-0.014428,0.006016,-0.008346,-0.000327
4,126.040017,263,relative,29,5.050000,0.050000,1.658758,-1.552720,0.200000,0.895446,-0.105076,0.000000,0.000000,0.000000,0.000000,0.000000,0.000000,0.000000,0.000000,1.658571,-1.552786,0.209953,0.902936,-0.102411,-0.114430,0.999896,-0.000049,0.000083,-0.014434,0.003346,-0.005288,-0.000170,0.272353,-0.066834,0.105557,0.005988,-0.000187,-0.000066,0.009953,0.007490,0.002665,-0.114430,0.999896,-0.000049,0.000083,-0.014434,0.003346,-0.005288,-0.000170
4,126.040017,263,relative,30,5.100000,0.100000,1.703719,-1.557906,0.200000,0.902980,-0.102387,0.000000,0.000000,0.000000,0.000000,0.000000,0.000000,0.000000,0.000000,1.703719,-1.557906,0.204578,0.902975,-0.102390,-0.100572,0.999896,-0.000008,0.000016,-0.014436,0.000004,-0.000010,-0.000000,0,0,0,0,0.000000,0.000000,0.004578,-0.000005,-0.000003,-0.100572,0.999896,-0.000008,0.000016,-0.014436,0.000004,-0.000010,-0.000000
5,89.908723,194,relative,0,0.000000,0.200000,-0.923046,-0.384689,0.200000,0.153876,-0.369219,0.000000,0.000000,0.000000,0.000000,0.000000,0.000000,0.000000,0.000000,-0.000113,-0.001665,2.353644,-0.001907,-0.018326,-0.349609,0.999991,0.004176,-0.000269,0.000001,0.013525,0.007457,0.000000,0.246794,0.196548,-0.098521,-0.019887,0.922933,0.383023,2.153644,-0.155783,0.350893,-0.349609,0.999991,0.004176,-0.000269,0.000001,0.013525,0.007457,0.000000
5,89.908723,194,relative,1,0.200000,0.200000,-0.889317,-0.457301,0.200000,0.183413,-0.356908,0.000000,0.000000,0.000000,0.000000,0.000000,0.000000,0.000000,0.000000,-0.000562,-0.007142,2.270324,-0.002728,-0.038460,-0.483621,0.999972,0.007494,-0.000508,-0.000113,0.052833,-0.012254,-0.002261,0.264927,0.021595,-0.011178,-0.016893,0.888756,0.450160,2.070324,-0.186141,0.318448,-0.483621,0.999972,0.007494,-0.000508,-0.000113,0.052833,-0.012254,-0.002261
5,89.908723,194,relative,2,0.400000,0.200000,-0.849681,-0.527452,0.200000,0.212950,-0.344598,0.000000,0.000000,0.000000,0.000000,0.000000,0.000000,0.000000,0.000000,-0.001475,-0.018480,2.173607,-0.007281,-0.078517,-0.483623,0.999914,0.012992,-0.001844,-0.000443,0.057146,-0.014517,-0.004182,0.265002,-0.079924,0.033228,-0.014629,0.848206,0.508972,1.973607,-0.220231,0.266081,-0.483623,0.999914,0.012992,-0.001844,-0.000443,0.057146,-0.014517,-0.004182
5,89.908723,194,relative,3,0.600000,0.200000,-0.804137,-0.595141,0.200000,0.242488,-0.332288,0.000000,0.000000,0.000000,0.000000,0.000000,0.000000,0.000000,0.000000,-0.003826,-0.039978,2.076892,-0.016972,-0.139681,-0.483629,0.999835,0.017907,-0.002961,-0.000949,0.041152,-0.007908,-0.005845,0.265078,-0.121078,0.047596,-0.012718,0.800311,0.555162,1.876892,-0.259460,0.192608,-0.483629,0.999835,0.017907,-0.002961,-0.000949,0.041152,-0.007908,-0.005845
5,89.908723,194,relative,4,0.800000,0.200000,-0.752686,-0.660368,0.200000,0.272025,-0.319978,0.000000,0.000000,0.000000,0.000000,0.000000,0.000000,0.000000,0.000000,-0.008463,-0.075403,1.980173,-0.029609,-0.216469,-0.483633,0.999777,0.020812,-0.003268,-0.001603,0.016934,0.001583,-0.007291,0.265114,-0.122257,0.048576,-0.010871,0.744223,0.584964,1.780173,-0.301635,0.103510,-0.483633,0.999777,0.020812,-0.003268,-0.001603,0.016934,0.001583,-0.007291
5,89.908723,194,relative,5,1.000000,0.200000,-0.695327,-0.723132,0.200000,0.301563,-0.307668,0.000000,0.000000,0.000000,0.000000,0.000000,0.000000,0.000000,0.000000,-0.015630,-0.127009,1.883448,-0.041632,-0.299901,-0.483633,0.999767,0.021287,-0.002608,-0.002378,-0.007510,0.011293,-0.008527,0.265097,-0.105001,0.051854,-0.008684,0.679698,0.596123,1.683448,-0.343195,0.007768,-0.483633,0.999767,0.021287,-0.002608,-0.002378,-0.007510,0.011293,-0.008527
5,89.908723,194,relative,6,1.200000,0.200000,-0.632061,-0.783435,0.200000,0.331100,-0.295358,0.000000,0.000000,0.000000,0.000000,0.000000,0.000000,0.000000,0.000000,-0.024817,-0.195180,1.786716,-0.049160,-0.380630,-0.483629,0.999804,0.019494,-0.000936,-0.003249,-0.028487,0.021688,-0.009515,0.265041,-0.061715,0.040711,-0.002627,0.607243,0.588255,1.586716,-0.380260,-0.085271,-0.483629,0.999804,0.019494,-0.000936,-0.003249,-0.028487,0.021688,-0.009515
5,89.908723,194,relative,7,1.400000,0.200000,-0.562887,-0.841276,0.200000,0.360638,-0.283048,0.000000,0.000000,0.000000,0.000000,0.000000,0.000000,0.000000,0.000000,-0.034728,-0.278546,1.689983,-0.048245,-0.450787,-0.483624,0.999861,0.016040,0.001672,-0.004169,-0.040792,0.029881,-0.009813,0.264981,-0.014670,0.025434,-0.001024,0.528159,0.562729,1.489983,-0.408882,-0.167738,-0.483624,0.999861,0.016040,0.001672,-0.004169,-0.040792,0.029881,-0.009813
5,89.908723,194,relative,8,1.600000,0.200000,-0.487806,-0.896654,0.200000,0.390175,-0.270738,0.000000,0.000000,0.000000,0.000000,0.000000,0.000000,0.000000,0.000000,-0.043335,-0.374463,1.593253,-0.035669,-0.505635,-0.483621,0.999905,0.011828,0.004950,-0.005097,-0.043678,0.035031,-0.009930,0.264945,0.008941,0.016171,0.000768,0.444471,0.522191,1.393253,-0.425844,-0.234896,-0.483621,0.999905,0.011828,0.004950,-0.005097,-0.043678,0.035031,-0.009930
5,89.908723,194,relative,9,1.800000,0.200000,-0.406817,-0.949571,0.200000,0.419713,-0.258428,0.000000,0.000000,0.000000,0.000000,0.000000,0.000000,0.000000,0.000000,-0.048074,-0.479682,1.496526,-0.009294,-0.543784,-0.483620,0.999916,0.007567,0.008652,-0.006021,-0.041835,0.038330,-0.009842,0.264947,0.007317,0.007474,0.002673,0.358743,0.469889,1.296526,-0.429007,-0.285356,-0.483620,0.999916,0.007567,0.008652,-0.006021,-0.041835,0.038330,-0.009842
5,89.908723,194,relative,10,2.000000,0.200000,-0.319921,-1.000025,0.200000,0.449250,-0.246118,0.000000,0.000000,0.000000,0.000000,0.000000,0.000000,0.000000,0.000000,-0.046042,-0.590893,1.399805,0.032209,-0.565673,-0.483621,0.999891,0.003475,0.012594,-0.006925,-0.040314,0.039885,-0.009538,0.264985,0.003360,-0.004010,0.002942,0.273879,0.409133,1.199805,-0.417042,-0.319555,-0.483621,0.999891,0.003475,0.012594,-0.006925,-0.040314,0.039885,-0.009538
5,89.908723,194,relative,11,2.200000,0.200000,-0.227117,-1.048018,0.200000,0.478788,-0.233808,0.000000,0.000000,0.000000,0.000000,0.000000,0.000000,0.000000,0.000000,-0.034139,-0.704908,1.303087,0.089439,-0.571903,-0.483621,0.999832,-0.000504,0.016575,-0.007798,-0.039585,0.039140,-0.009204,0.265055,-0.011910,-0.021967,0.003967,0.192978,0.343110,1.103087,-0.389349,-0.338095,-0.483621,0.999832,-0.000504,0.016575,-0.007798,-0.039585,0.039140,-0.009204
5,89.908723,194,relative,12,2.400000,0.200000,-0.128405,-1.093549,0.200000,0.508325,-0.221498,0.000000,0.000000,0.000000,0.000000,0.000000,0.000000,0.000000,0.000000,-0.009236,-0.818624,1.206373,0.162054,-0.562629,-0.483623,0.999746,-0.004564,0.020303,-0.008629,-0.041917,0.034802,-0.008753,0.265150,-0.023141,-0.040813,0.004910,0.119169,0.274925,1.006373,-0.346271,-0.341131,-0.483623,0.999746,-0.004564,0.020303,-0.008629,-0.041917,0.034802,-0.008753
5,89.908723,194,relative,13,2.600000,0.200000,-0.023787,-1.136617,0.200000,0.537863,-0.209188,0.000000,0.000000,0.000000,0.000000,0.000000,0.000000,0.000000,0.000000,0.031602,-0.928870,1.109661,0.248389,-0.536974,-0.483625,0.999641,-0.008975,0.023411,-0.009400,-0.046506,0.026696,-0.008195,0.265258,-0.004227,-0.066019,0.005902,0.055389,0.207747,0.909661,-0.289473,-0.327786,-0.483625,0.999641,-0.008975,0.023411,-0.009400,-0.046506,0.026696,-0.008195
5,89.908723,194,relative,14,2.800000,0.200000,0.086740,-1.177224,0.200000,0.567400,-0.196878,0.000000,0.000000,0.000000,0.000000,0.000000,0.000000,0.000000,0.000000,0.090828,-1.032220,1.012949,0.345239,-0.493481,-0.483631,0.999532,-0.013664,0.025460,-0.010092,-0.047327,0.013549,-0.007524,0.265357,0.076630,-0.082786,0.008958,0.004088,0.145004,0.812949,-0.222161,-0.296603,-0.483631,0.999532,-0.013664,0.025460,-0.010092,-0.047327,0.013549,-0.007524
5,89.908723,194,relative,15,3.000000,0.200000,0.203174,-1.215368,0.200000,0.596938,-0.184568,0.000000,0.000000,0.000000,0.000000,0.000000,0.000000,0.000000,0.000000,0.170068,-1.125081,0.916232,0.447565,-0.432540,-0.483638,0.999449,-0.017641,0.026019,-0.010699,-0.031995,-0.002966,-0.006505,0.265406,0.109042,-0.095419,0.009753,-0.033105,0.090288,0.716232,-0.149373,-0.247973,-0.483638,0.999449,-0.017641,0.026019,-0.010699,-0.031995,-0.002966,-0.006505
5,89.908723,194,relative,16,3.200000,0.200000,0.325515,-1.251051,0.200000,0.626475,-0.172258,0.000000,0.000000,0.000000,0.000000,0.000000,0.000000,0.000000,0.000000,0.269786,-1.204416,0.819506,0.548827,-0.359411,-0.483641,0.999434,-0.019778,0.024782,-0.011215,-0.010198,-0.022031,-0.005396,0.265371,0.131191,-0.087352,0.010385,-0.055728,0.046635,0.619506,-0.077648,-0.187153,-0.483641,0.999434,-0.019778,0.024782,-0.011215,-0.010198,-0.022031,-0.005396
5,89.908723,194,relative,17,3.400000,0.200000,0.453764,-1.284272,0.200000,0.656013,-0.159948,0.000000,0.000000,0.000000,0.000000,0.000000,0.000000,0.000000,0.000000,0.389032,-1.268581,0.722768,0.641609,-0.282375,-0.483636,0.999506,-0.019534,0.021694,-0.011640,0.016018,-0.039503,-0.004215,0.265256,0.108241,-0.023847,0.009356,-0.064732,0.015691,0.522768,-0.014403,-0.122427,-0.483636,0.999506,-0.019534,0.021694,-0.011640,0.016018,-0.039503,-0.004215
5,89.908723,194,relative,18,3.600000,0.200000,0.587920,-1.315030,0.200000,0.685550,-0.147638,0.000000,0.000000,0.000000,0.000000,0.000000,0.000000,0.000000,0.000000,0.525425,-1.317750,0.626024,0.719541,-0.211006,-0.483628,0.999633,-0.016909,0.017468,-0.011984,0.037643,-0.044287,-0.003152,0.265111,0.066314,-0.034380,0.007072,-0.062495,-0.002720,0.426024,0.033991,-0.063368,-0.483628,0.999633,-0.016909,0.017468,-0.011984,0.037643,-0.044287,-0.003152
5,89.908723,194,relative,19,3.800000,0.200000,0.727984,-1.343327,0.200000,0.715088,-0.135328,0.000000,0.000000,0.000000,0.000000,0.000000,0.000000,0.000000,0.000000,0.675656,-1.353916,0.529282,0.779581,-0.153470,-0.483620,0.999766,-0.012546,0.012638,-0.012254,0.050886,-0.051181,-0.002348,0.264981,-0.020723,0.028496,0.007452,-0.052327,-0.010589,0.329282,0.064493,-0.018142,-0.483620,0.999766,-0.012546,0.012638,-0.012254,0.050886,-0.051181,-0.002348
5,89.908723,194,relative,20,4.000000,0.200000,0.873955,-1.369161,0.200000,0.744625,-0.123018,0.000000,0.000000,0.000000,0.000000,0.000000,0.000000,0.000000,0.000000,0.835926,-1.380382,0.432545,0.819879,-0.114309,-0.483616,0.999863,-0.007728,0.007743,-0.012447,0.046727,-0.045496,-0.001500,0.264906,-0.098708,0.102194,0.007689,-0.038029,-0.011221,0.232545,0.075254,0.008708,-0.483616,0.999863,-0.007728,0.007743,-0.012447,0.046727,-0.045496,-0.001500
5,89.908723,194,relative,21,4.200000,0.200000,1.025834,-1.392534,0.200000,0.774163,-0.110708,0.000000,0.000000,0.000000,0.000000,0.000000,0.000000,0.000000,0.000000,1.002436,-1.400783,0.335816,0.842853,-0.092048,-0.483620,0.999904,-0.004088,0.004168,-0.012555,0.026980,-0.025064,-0.000626,0.289364,-0.050927,0.042238,0.005069,-0.023398,-0.008249,0.135816,0.068691,0.018659,-0.483620,0.999904,-0.004088,0.004168,-0.012555,0.026980,-0.025064,-0.000626
5,89.908723,194,relative,22,4.400000,0.050000,1.183620,-1.413444,0.200000,0.803700,-0.098398,0.000000,0.000000,0.000000,0.000000,0.000000,0.000000,0.000000,0.000000,1.172479,-1.417804,0.257226,0.856046,-0.079685,-0.302263,0.999917,-0.001925,0.002057,-0.012589,0.016793,-0.016617,-0.000050,0.362807,-0.021755,0.019153,-0.000049,-0.011141,-0.004359,0.057226,0.052346,0.018713,-0.302263,0.999917,-0.001925,0.002057,-0.012589,0.016793,-0.016617,-0.000050
5,89.908723,194,relative,23,4.450000,0.050000,1.223990,-1.418287,0.200000,0.811085,-0.095320,0.000000,0.000000,0.000000,0.000000,0.000000,0.000000,0.000000,0.000000,1.215346,-1.421729,0.246646,0.858561,-0.077402,-0.120907,0.999918,-0.001524,0.001648,-0.012590,0.015705,-0.015660,-0.000051,0.264873,-0.028074,0.024036,0.000036,-0.008643,-0.003441,0.046646,0.047476,0.017918,-0.120907,0.999918,-0.001524,0.001648,-0.012590,0.015705,-0.015660,-0.000051
5,89.908723,194,relative,24,4.500000,0.050000,1.264728,-1.422976,0.200000,0.818469,-0.092243,0.000000,0.000000,0.000000,0.000000,0.000000,0.000000,0.000000,0.000000,1.258312,-1.425565,0.240601,0.860005,-0.076109,-0.120905,0.999919,-0.001154,0.001267,-0.012592,0.014302,-0.014458,-0.000050,0.264870,-0.034993,0.030530,0.000128,-0.006416,-0.002588,0.040601,0.041536,0.016134,-0.120905,0.999919,-0.001154,0.001267,-0.012592,0.014302,-0.014458,-0.000050
5,89.908723,194,relative,25,4.550000,0.050000,1.305837,-1.427512,0.200000,0.825853,-0.089165,0.000000,0.000000,0.000000,0.000000,0.000000,0.000000,0.000000,0.000000,1.301341,-1.429345,0.234556,0.861086,-0.075157,-0.120907,0.999920,-0.000823,0.000920,-0.012593,0.012552,-0.012931,-0.000046,0.264871,-0.042082,0.038688,0.000230,-0.004496,-0.001834,0.034556,0.035233,0.014009,-0.120907,0.999920,-0.000823,0.000920,-0.012593,0.012552,-0.012931,-0.000046
5,89.908723,194,relative,26,4.600000,0.050000,1.347314,-1.431893,0.200000,0.833238,-0.086088,0.000000,0.000000,0.000000,0.000000,0.000000,0.000000,0.000000,0.000000,1.344415,-1.433085,0.228510,0.861845,-0.074502,-0.120906,0.999920,-0.000539,0.000618,-0.012594,0.010448,-0.010997,-0.000040,0.264870,-0.048131,0.048247,0.000339,-0.002899,-0.001193,0.028510,0.028607,0.011585,-0.120906,0.999920,-0.000539,0.000618,-0.012594,0.010448,-0.010997,-0.000040
5,89.908723,194,relative,27,4.650000,0.050000,1.389160,-1.436120,0.200000,0.840622,-0.083010,0.000000,0.000000,0.000000,0.000000,0.000000,0.000000,0.000000,0.000000,1.387521,-1.436799,0.222465,0.862330,-0.074096,-0.120906,0.999921,-0.000311,0.000370,-0.012595,0.008041,-0.008585,-0.000030,0.264870,-0.050656,0.052377,0.000340,-0.001640,-0.000679,0.022465,0.021708,0.008914,-0.120906,0.999921,-0.000311,0.000370,-0.012595,0.008041,-0.008585,-0.000030
5,89.908723,194,relative,28,4.700000,0.050000,1.431376,-1.440194,0.200000,0.848006,-0.079933,0.000000,0.000000,0.000000,0.000000,0.000000,0.000000,0.000000,0.000000,1.430645,-1.440498,0.216420,0.862600,-0.073882,-0.120906,0.999921,-0.000144,0.000186,-0.012595,0.005509,-0.005966,-0.000021,0.264870,-0.053462,0.056906,0.000341,-0.000731,-0.000304,0.016420,0.014593,0.006051,-0.120906,0.999921,-0.000144,0.000186,-0.012595,0.005509,-0.005966,-0.000021
5,89.908723,194,relative,29,4.750000,0.050000,1.473961,-1.444114,0.200000,0.855391,-0.076855,0.000000,0.000000,0.000000,0.000000,0.000000,0.000000,0.000000,0.000000,1.473778,-1.444190,0.210375,0.862721,-0.073798,-0.120906,0.999921,-0.000041,0.000071,-0.012596,0.002835,-0.003121,-0.000011,0.275833,-0.056644,0.061848,0.000342,-0.000183,-0.000076,0.010375,0.007330,0.003057,-0.120906,0.999921,-0.000041,0.000071,-0.012596,0.002835,-0.003121,-0.000011
5,89.908723,194,relative,30,4.800000,0.100000,1.516915,-1.447879,0.200000,0.862775,-0.073778,0.000000,0.000000,0.000000,0.000000,0.000000,0.000000,0.000000,0.000000,1.516916,-1.447879,0.204837,0.862767,-0.073781,-0.100605,0.999921,-0.000006,0.000031,-0.012596,0.000003,-0.000028,-0.000001,0,0,0,0,0.000000,0.000000,0.004837,-0.000008,-0.000003,-0.100605,0.999921,-0.000006,0.000031,-0.012596,0.000003,-0.000028,-0.000001
6,81.554355,188,relative,0,0.000000,0.200000,-0.908601,-0.417665,0.200000,0.167066,-0.363440,0.000000,0.000000,0.000000,0.000000,0.000000,0.000000,0.000000,0.000000,-0.000310,-0.003591,2.315541,-0.002859,-0.030045,-0.417969,0.999974,0.007161,-0.000635,-0.000000,0.014564,-0.000766,0.000000,0.254568,0.096863,-0.082436,-0.025284,0.908291,0.414074,2.115541,-0.169925,0.333396,-0.417969,0.999974,0.007161,-0.000635,-0.000000,0.014564,-0.000766,0.000000
6,81.554355,188,relative,1,0.200000,0.200000,-0.872280,-0.489016,0.200000,0.196141,-0.350075,0.000000,0.000000,0.000000,0.000000,0.000000,0.000000,0.000000,0.000000,-0.001183,-0.012544,2.224293,-0.006435,-0.061014,-0.494543,0.999953,0.009586,-0.001535,-0.000149,0.033934,-0.017260,-0.002875,0.264941,0.009233,-0.003800,-0.021023,0.871098,0.476472,2.024293,-0.202577,0.289061,-0.494543,0.999953,0.009586,-0.001535,-0.000149,0.033934,-0.017260,-0.002875
6,81.554355,188,relative,2,0.400000,0.200000,-0.830145,-0.557695,0.200000,0.225216,-0.336710,0.000000,0.000000,0.000000,0.000000,0.000000,0.000000,0.000000,0.000000,-0.003301,-0.028959,2.125390,-0.015908,-0.105414,-0.494544,0.999909,0.013072,-0.003296,-0.000568,0.035770,-0.018041,-0.005265,0.264994,-0.029273,0.040509,-0.013182,0.826843,0.528736,1.925390,-0.241124,0.231296,-0.494544,0.999909,0.013072,-0.003296,-0.000568,0.035770,-0.018041,-0.005265
6,81.554355,188,relative,3,0.600000,0.200000,-0.782194,-0.623700,0.200000,0.254292,-0.323345,0.000000,0.000000,0.000000,0.000000,0.000000,0.000000,0.000000,0.000000,-0.007990,-0.055621,2.026487,-0.031900,-0.163348,-0.494547,0.999855,0.016356,-0.004691,-0.001176,0.029903,-0.009969,-0.006764,0.265049,-0.043542,0.063195,-0.010011,0.774204,0.568079,1.826487,-0.286191,0.159996,-0.494547,0.999855,0.016356,-0.004691,-0.001176,0.029903,-0.009969,-0.006764
6,81.554355,188,relative,4,0.800000,0.200000,-0.728428,-0.687033,0.200000,0.283367,-0.309979,0.000000,0.000000,0.000000,0.000000,0.000000,0.000000,0.000000,0.000000,-0.016309,-0.095072,1.927584,-0.051537,-0.232836,-0.494550,0.999807,0.018913,-0.005048,-0.001903,0.021191,0.002641,-0.007902,0.265089,-0.060262,0.076056,-0.006889,0.712119,0.591960,1.727584,-0.334904,0.077143,-0.494550,0.999807,0.018913,-0.005048,-0.001903,0.021191,0.002641,-0.007902
6,81.554355,188,relative,5,1.000000,0.200000,-0.668847,-0.747692,0.200000,0.312442,-0.296614,0.000000,0.000000,0.000000,0.000000,0.000000,0.000000,0.000000,0.000000,-0.028530,-0.149300,1.828677,-0.070000,-0.310439,-0.494552,0.999779,0.020436,-0.004012,-0.002705,0.009151,0.017833,-0.008685,0.265100,-0.083534,0.076927,-0.003855,0.640317,0.598392,1.628677,-0.382442,-0.013825,-0.494552,0.999779,0.020436,-0.004012,-0.002705,0.009151,0.017833,-0.008685
6,81.554355,188,relative,6,1.200000,0.200000,-0.603451,-0.805678,0.200000,0.341517,-0.283249,0.000000,0.000000,0.000000,0.000000,0.000000,0.000000,0.000000,0.000000,-0.043843,-0.219475,1.729766,-0.081464,-0.391373,-0.494551,0.999782,0.020528,-0.001441,-0.003542,-0.007521,0.033218,-0.009124,0.265080,-0.095651,0.065389,-0.002548,0.559608,0.586203,1.529766,-0.422981,-0.108124,-0.494551,0.999782,0.020528,-0.001441,-0.003542,-0.007521,0.033218,-0.009124
6,81.554355,188,relative,7,1.400000,0.200000,-0.532240,-0.860992,0.200000,0.370593,-0.269884,0.000000,0.000000,0.000000,0.000000,0.000000,0.000000,0.000000,0.000000,-0.060252,-0.305650,1.630852,-0.080008,-0.469285,-0.494549,0.999810,0.018838,0.002560,-0.004388,-0.026595,0.046320,-0.009413,0.265042,-0.106547,0.040502,-0.000534,0.471989,0.555341,1.430852,-0.450601,-0.199401,-0.494549,0.999810,0.018838,0.002560,-0.004388,-0.026595,0.046320,-0.009413
6,81.554355,188,relative,8,1.600000,0.200000,-0.455214,-0.913632,0.200000,0.399668,-0.256518,0.000000,0.000000,0.000000,0.000000,0.000000,0.000000,0.000000,0.000000,-0.074644,-0.406496,1.531938,-0.060595,-0.536765,-0.494544,0.999843,0.015137,0.007632,-0.005226,-0.047832,0.054473,-0.009474,0.265013,-0.104726,0.009335,0.001415,0.380570,0.507136,1.331938,-0.460263,-0.280247,-0.494544,0.999843,0.015137,0.007632,-0.005226,-0.047832,0.054473,-0.009474
6,81.554355,188,relative,9,1.800000,0.200000,-0.372373,-0.963599,0.200000,0.428743,-0.243153,0.000000,0.000000,0.000000,0.000000,0.000000,0.000000,0.000000,0.000000,-0.083071,-0.519120,1.433028,-0.020005,-0.585706,-0.494538,0.999851,0.009333,0.013221,-0.006035,-0.068698,0.056423,-0.009313,0.265026,-0.069226,-0.030916,0.003389,0.289302,0.444479,1.233028,-0.448748,-0.342553,-0.494538,0.999851,0.009333,0.013221,-0.006035,-0.068698,0.056423,-0.009313
6,81.554355,188,relative,10,2.000000,0.200000,-0.283717,-1.010893,0.200000,0.457818,-0.229788,0.000000,0.000000,0.000000,0.000000,0.000000,0.000000,0.000000,0.000000,-0.081174,-0.639021,1.334127,0.042532,-0.608404,-0.494536,0.999802,0.001795,0.018612,-0.006795,-0.082470,0.050345,-0.008928,0.265108,0.026116,-0.065511,0.007294,0.202543,0.371872,1.134127,-0.415286,-0.378616,-0.494536,0.999802,0.001795,0.018612,-0.006795,-0.082470,0.050345,-0.008928
6,81.554355,188,relative,11,2.200000,0.200000,-0.189246,-1.055514,0.200000,0.486894,-0.216422,0.000000,0.000000,0.000000,0.000000,0.000000,0.000000,0.000000,0.000000,-0.064733,-0.760403,1.235233,0.124819,-0.600229,-0.494542,0.999687,-0.006172,0.023051,-0.007488,-0.077190,0.037346,-0.008098,0.265243,0.081850,-0.096264,0.008898,0.124513,0.295111,1.035233,-0.362075,-0.383807,-0.494542,0.999687,-0.006172,0.023051,-0.007488,-0.077190,0.037346,-0.008098
6,81.554355,188,relative,12,2.400000,0.200000,-0.088959,-1.097462,0.200000,0.515969,-0.203057,0.000000,0.000000,0.000000,0.000000,0.000000,0.000000,0.000000,0.000000,-0.030256,-0.877141,1.136342,0.221837,-0.562670,-0.494552,0.999547,-0.013065,0.025872,-0.008104,-0.060787,0.018173,-0.007087,0.265372,0.128498,-0.106286,0.010204,0.058703,0.220321,0.936342,-0.294132,-0.359613,-0.494552,0.999547,-0.013065,0.025872,-0.008104,-0.060787,0.018173,-0.007087
6,81.554355,188,relative,13,2.600000,0.200000,0.017142,-1.136737,0.200000,0.545044,-0.189692,0.000000,0.000000,0.000000,0.000000,0.000000,0.000000,0.000000,0.000000,0.024500,-0.983915,1.037443,0.326264,-0.501932,-0.494559,0.999448,-0.017867,0.026659,-0.008639,-0.035080,-0.003037,-0.005926,0.265433,0.131740,-0.062750,0.009740,0.007358,0.152822,0.837443,-0.218780,-0.312240,-0.494559,0.999448,-0.017867,0.026659,-0.008639,-0.035080,-0.003037,-0.005926
6,81.554355,188,relative,14,2.800000,0.200000,0.129058,-1.173339,0.200000,0.574119,-0.176327,0.000000,0.000000,0.000000,0.000000,0.000000,0.000000,0.000000,0.000000,0.100216,-1.076995,0.938533,0.430315,-0.427424,-0.494561,0.999426,-0.020079,0.025738,-0.009100,-0.008739,-0.015568,-0.004819,0.265410,0.115376,-0.084762,0.008005,-0.028842,0.096344,0.738533,-0.143805,-0.251097,-0.494561,0.999426,-0.020079,0.025738,-0.009100,-0.008739,-0.015568,-0.004819
6,81.554355,188,relative,15,3.000000,0.200000,0.246790,-1.207268,0.200000,0.603195,-0.162961,0.000000,0.000000,0.000000,0.000000,0.000000,0.000000,0.000000,0.000000,0.196207,-1.154637,0.839613,0.528016,-0.349151,-0.494556,0.999486,-0.019833,0.023324,-0.009494,0.014320,-0.032522,-0.003909,0.265310,0.050658,-0.031768,0.008832,-0.050583,0.052630,0.639613,-0.075178,-0.186190,-0.494556,0.999486,-0.019833,0.023324,-0.009494,0.014320,-0.032522,-0.003909
6,81.554355,188,relative,16,3.200000,0.200000,0.370336,-1.238523,0.200000,0.632270,-0.149596,0.000000,0.000000,0.000000,0.000000,0.000000,0.000000,0.000000,0.000000,0.310596,-1.216974,0.740688,0.613520,-0.275443,-0.494546,0.999596,-0.017938,0.019730,-0.009808,0.024433,-0.038886,-0.002905,0.265190,-0.010356,0.035927,0.009466,-0.059740,0.021549,0.540688,-0.018749,-0.125847,-0.494546,0.999596,-0.017938,0.019730,-0.009808,0.024433,-0.038886,-0.002905
6,81.554355,188,relative,17,3.400000,0.200000,0.499697,-1.267106,0.200000,0.661345,-0.136231,0.000000,0.000000,0.000000,0.000000,0.000000,0.000000,0.000000,0.000000,0.440627,-1.265397,0.641766,0.684442,-0.210270,-0.494545,0.999697,-0.015640,0.016174,-0.010027,0.022349,-0.031709,-0.001829,0.265092,0.039168,-0.016713,0.007259,-0.059071,0.001709,0.441766,0.023097,-0.074039,-0.494545,0.999697,-0.015640,0.016174,-0.010027,0.022349,-0.031709,-0.001829
6,81.554355,188,relative,18,3.600000,0.200000,0.634874,-1.293016,0.200000,0.690420,-0.122865,0.000000,0.000000,0.000000,0.000000,0.000000,0.000000,0.000000,0.000000,0.583495,-1.301684,0.542845,0.742022,-0.154269,-0.494547,0.999781,-0.013050,0.012808,-0.010159,0.030176,-0.035057,-0.001003,0.265005,0.043988,-0.014523,0.002643,-0.051379,-0.008668,0.342845,0.051602,-0.031404,-0.494547,0.999781,-0.013050,0.012808,-0.010159,0.030176,-0.035057,-0.001003
6,81.554355,188,relative,19,3.800000,0.200000,0.775866,-1.316252,0.200000,0.719495,-0.109500,0.000000,0.000000,0.000000,0.000000,0.000000,0.000000,0.000000,0.000000,0.736502,-1.327881,0.443926,0.785617,-0.109908,-0.494544,0.999860,-0.009631,0.009121,-0.010240,0.038969,-0.037966,-0.000703,0.264931,-0.013310,0.034112,0.003071,-0.039364,-0.011628,0.243926,0.066121,-0.000407,-0.494544,0.999860,-0.009631,0.009121,-0.010240,0.038969,-0.037966,-0.000703
6,81.554355,188,relative,20,4.000000,0.200000,0.922672,-1.336816,0.200000,0.748571,-0.096135,0.000000,0.000000,0.000000,0.000000,0.000000,0.000000,0.000000,0.000000,0.896759,-1.346610,0.345010,0.814645,-0.079803,-0.494542,0.999914,-0.005904,0.005627,-0.010294,0.036304,-0.031147,-0.000354,0.289928,-0.047801,0.039991,0.001077,-0.025913,-0.009795,0.145010,0.066074,0.016332,-0.494542,0.999914,-0.005904,0.005627,-0.010294,0.036304,-0.031147,-0.000354
6,81.554355,188,relative,21,4.200000,0.050000,1.075294,-1.354706,0.200000,0.777646,-0.082770,0.000000,0.000000,0.000000,0.000000,0.000000,0.000000,0.000000,0.000000,1.061704,-1.360537,0.264643,0.832812,-0.061679,-0.309088,0.999939,-0.002780,0.002880,-0.010324,0.026742,-0.023150,-0.000231,0.365023,-0.093840,0.066795,0.000911,-0.013590,-0.005831,0.064643,0.055166,0.021091,-0.309088,0.999939,-0.002780,0.002880,-0.010324,0.026742,-0.023150,-0.000231
6,81.554355,188,relative,22,4.250000,0.050000,1.114358,-1.358761,0.200000,0.784915,-0.079428,0.000000,0.000000,0.000000,0.000000,0.000000,0.000000,0.000000,0.000000,1.103436,-1.363535,0.253825,0.836363,-0.058378,-0.123637,0.999942,-0.002176,0.002336,-0.010330,0.022050,-0.019811,-0.000205,0.264874,-0.059868,0.032283,0.000782,-0.010922,-0.004774,0.053825,0.051448,0.021050,-0.123637,0.999942,-0.002176,0.002336,-0.010330,0.022050,-0.019811,-0.000205
6,81.554355,188,relative,23,4.300000,0.050000,1.153785,-1.362649,0.200000,0.792184,-0.076087,0.000000,0.000000,0.000000,0.000000,0.000000,0.000000,0.000000,0.000000,1.145308,-1.366405,0.247643,0.838435,-0.056521,-0.123636,0.999943,-0.001667,0.001856,-0.010335,0.019057,-0.018197,-0.000183,0.264872,-0.058528,0.034945,0.000851,-0.008477,-0.003756,0.047643,0.046252,0.019566,-0.123636,0.999943,-0.001667,0.001856,-0.010335,0.019057,-0.018197,-0.000183
6,81.554355,188,relative,24,4.350000,0.050000,1.193576,-1.366370,0.200000,0.799452,-0.072746,0.000000,0.000000,0.000000,0.000000,0.000000,0.000000,0.000000,0.000000,1.187272,-1.369195,0.241462,0.840052,-0.055122,-0.123637,0.999945,-0.001232,0.001418,-0.010340,0.016130,-0.016449,-0.000159,0.264872,-0.053850,0.038527,0.000895,-0.006304,-0.002825,0.041462,0.040600,0.017624,-0.123637,0.999945,-0.001232,0.001418,-0.010340,0.016130,-0.016449,-0.000159
6,81.554355,188,relative,25,4.400000,0.050000,1.233731,-1.369923,0.200000,0.806721,-0.069404,0.000000,0.000000,0.000000,0.000000,0.000000,0.000000,0.000000,0.000000,1.229306,-1.371924,0.235280,0.841258,-0.054111,-0.123636,0.999946,-0.000866,0.001028,-0.010343,0.013437,-0.014523,-0.000133,0.264870,-0.047296,0.042229,0.000915,-0.004424,-0.002000,0.035280,0.034537,0.015294,-0.123636,0.999946,-0.000866,0.001028,-0.010343,0.013437,-0.014523,-0.000133
6,81.554355,188,relative,26,4.450000,0.050000,1.274248,-1.373310,0.200000,0.813990,-0.066063,0.000000,0.000000,0.000000,0.000000,0.000000,0.000000,0.000000,0.000000,1.271392,-1.374611,0.229098,0.842103,-0.053423,-0.123637,0.999946,-0.000563,0.000688,-0.010346,0.011073,-0.012412,-0.000107,0.264871,-0.050080,0.049118,0.000926,-0.002856,-0.001301,0.029098,0.028113,0.012640,-0.123637,0.999946,-0.000563,0.000688,-0.010346,0.011073,-0.012412,-0.000107
6,81.554355,188,relative,27,4.500000,0.050000,1.315130,-1.376530,0.200000,0.821259,-0.062722,0.000000,0.000000,0.000000,0.000000,0.000000,0.000000,0.000000,0.000000,1.313512,-1.377271,0.222916,0.842638,-0.053000,-0.123636,0.999946,-0.000321,0.000406,-0.010349,0.008569,-0.009956,-0.000081,0.264869,-0.053129,0.056986,0.000935,-0.001618,-0.000741,0.022916,0.021379,0.009721,-0.123636,0.999946,-0.000321,0.000406,-0.010349,0.008569,-0.009956,-0.000081
6,81.554355,188,relative,28,4.550000,0.050000,1.356374,-1.379582,0.200000,0.828528,-0.059380,0.000000,0.000000,0.000000,0.000000,0.000000,0.000000,0.000000,0.000000,1.355652,-1.379914,0.216734,0.842927,-0.052782,-0.123637,0.999946,-0.000142,0.000190,-0.010350,0.005912,-0.007107,-0.000054,0.264871,-0.056804,0.065907,0.000945,-0.000723,-0.000332,0.016734,0.014399,0.006598,-0.123637,0.999946,-0.000142,0.000190,-0.010350,0.005912,-0.007107,-0.000054
6,81.554355,188,relative,29,4.600000,0.050000,1.397982,-1.382468,0.200000,0.835796,-0.056039,0.000000,0.000000,0.000000,0.000000,0.000000,0.000000,0.000000,0.000000,1.397801,-1.382551,0.210552,0.843040,-0.052704,-0.123636,0.999946,-0.000031,0.000053,-0.010351,0.003072,-0.003811,-0.000028,0.277300,-0.061673,0.076248,0.000957,-0.000181,-0.000083,0.010552,0.007244,0.003335,-0.123636,0.999946,-0.000031,0.000053,-0.010351,0.003072,-0.003811,-0.000028
6,81.554355,188,relative,30,4.650000,0.100000,1.439954,-1.385186,0.200000,0.843065,-0.052698,0.000000,0.000000,0.000000,0.000000,0.000000,0.000000,0.000000,0.000000,1.439954,-1.385186,0.204946,0.843062,-0.052699,-0.100618,0.999946,0.000007,0.000005,-0.010352,-0.000012,0.000001,-0.000000,0,0,0,0,0.000000,0.000000,0.004946,-0.000004,-0.000001,-0.100618,0.999946,0.000007,0.000005,-0.010352,-0.000012,0.000001,-0.000000
7,66.246457,146,relative,0,0.000000,0.200000,-0.894774,-0.446520,0.200000,0.178608,-0.357910,0.000000,0.000000,0.000000,0.000000,0.000000,0.000000,0.000000,0.000000,-0.000534,-0.005978,2.279404,-0.002638,-0.039703,-0.425293,0.999976,0.006893,0.000214,-0.000004,-0.042645,0.022771,-0.001065,0.224464,0.331270,-0.129586,-0.017369,0.894239,0.440542,2.079404,-0.181246,0.318206,-0.425293,0.999976,0.006893,0.000214,-0.000004,-0.042645,0.022771,-0.001065
7,66.246457,146,relative,1,0.200000,0.200000,-0.856189,-0.516673,0.200000,0.207241,-0.343621,0.000000,0.000000,0.000000,0.000000,0.000000,0.000000,0.000000,0.000000,-0.000810,-0.015922,2.164403,0.000424,-0.059208,-0.724715,0.999982,0.005942,0.001197,-0.000203,0.023612,-0.003145,-0.003040,0.266737,0.148967,-0.034049,-0.011989,0.855379,0.500751,1.964403,-0.206817,0.284413,-0.724715,0.999982,0.005942,0.001197,-0.000203,0.023612,-0.003145,-0.003040
7,66.246457,146,relative,2,0.400000,0.200000,-0.811878,-0.583968,0.200000,0.235873,-0.329332,0.000000,0.000000,0.000000,0.000000,0.000000,0.000000,0.000000,0.000000,-0.000317,-0.030520,2.020822,0.004072,-0.089314,-0.711126,0.999952,0.009792,0.000542,-0.000584,0.053401,-0.009977,-0.004403,0.266919,0.014067,0.024849,-0.008896,0.811560,0.553448,1.820822,-0.231801,0.240018,-0.711126,0.999952,0.009792,0.000542,-0.000584,0.053401,-0.009977,-0.004403
7,66.246457,146,relative,3,0.599999,0.200000,-0.761840,-0.648405,0.200000,0.264506,-0.315044,0.000000,0.000000,0.000000,0.000000,0.000000,0.000000,0.000000,0.000000,0.000593,-0.052968,1.880061,0.004529,-0.138771,-0.696576,0.999883,0.015271,-0.000207,-0.001085,0.056209,-0.005048,-0.005415,0.266479,-0.089059,0.051185,-0.005685,0.762433,0.595438,1.680061,-0.259977,0.176273,-0.696576,0.999883,0.015271,-0.000207,-0.001085,0.056209,-0.005048,-0.005415
7,66.246457,146,relative,4,0.799999,0.200000,-0.706075,-0.709985,0.200000,0.293139,-0.300755,0.000000,0.000000,0.000000,0.000000,0.000000,0.000000,0.000000,0.000000,0.001376,-0.087431,1.741823,0.003294,-0.208967,-0.685917,0.999799,0.020001,-0.000199,-0.001657,0.038397,0.005148,-0.006061,0.266507,-0.153748,0.055423,-0.002994,0.707451,0.622555,1.541823,-0.289844,0.091788,-0.685917,0.999799,0.020001,-0.000199,-0.001657,0.038397,0.005148,-0.006061
7,66.246457,146,relative,5,0.999999,0.200000,-0.644584,-0.768707,0.200000,0.321772,-0.286466,0.000000,0.000000,0.000000,0.000000,0.000000,0.000000,0.000000,0.000000,0.002046,-0.137523,1.605678,0.004103,-0.293477,-0.675605,0.999748,0.022305,0.000878,-0.002257,0.007658,0.016211,-0.006402,0.266680,-0.163778,0.037965,-0.000522,0.646630,0.631184,1.405678,-0.317668,-0.007010,-0.675605,0.999748,0.022305,0.000878,-0.002257,0.007658,0.016211,-0.006402
7,66.246457,146,relative,6,1.199999,0.200000,-0.577367,-0.824572,0.200000,0.350404,-0.272178,0.000000,0.000000,0.000000,0.000000,0.000000,0.000000,0.000000,0.000000,0.003432,-0.205023,1.471701,0.011077,-0.380960,-0.664149,0.999762,0.021438,0.002895,-0.002854,-0.025078,0.023813,-0.006461,0.266875,-0.098230,0.015341,0.003825,0.580799,0.619548,1.271701,-0.339327,-0.108783,-0.664149,0.999762,0.021438,0.002895,-0.002854,-0.025078,0.023813,-0.006461
7,66.246457,146,relative,7,1.399998,0.199999,-0.504423,-0.877578,0.200000,0.379037,-0.257889,0.000000,0.000000,0.000000,0.000000,0.000000,0.000000,0.000000,0.000000,0.007094,-0.289300,1.340185,0.027229,-0.459516,-0.650929,0.999818,0.017955,0.005454,-0.003413,-0.044700,0.026914,-0.006026,0.267107,-0.054532,-0.012043,0.005881,0.511517,0.588279,1.140185,-0.351808,-0.201627,-0.650929,0.999818,0.017955,0.005454,-0.003413,-0.044700,0.026914,-0.006026
7,66.246457,146,relative,8,1.599998,0.199999,-0.425753,-0.927727,0.200000,0.407670,-0.243601,0.000000,0.000000,0.000000,0.000000,0.000000,0.000000,0.000000,0.000000,0.015025,-0.387691,1.211534,0.053803,-0.521108,-0.635508,0.999876,0.012947,0.008054,-0.003907,-0.055584,0.024548,-0.005357,0.267338,-0.006247,-0.026338,0.007690,0.440777,0.540036,1.011534,-0.353866,-0.277507,-0.635508,0.999876,0.012947,0.008054,-0.003907,-0.055584,0.024548,-0.005357
7,66.246457,146,relative,9,1.799997,0.199999,-0.341356,-0.975018,0.200000,0.436302,-0.229312,0.000000,0.000000,0.000000,0.000000,0.000000,0.000000,0.000000,0.000000,0.029268,-0.496317,1.086181,0.090105,-0.561455,-0.617983,0.999911,0.007333,0.010276,-0.004325,-0.056817,0.019323,-0.004483,0.267615,0.011934,0.004328,0.007762,0.370623,0.478701,0.886181,-0.346198,-0.332143,-0.617983,0.999911,0.007333,0.010276,-0.004325,-0.056817,0.019323,-0.004483
7,66.246457,146,relative,10,1.999996,0.199999,-0.251232,-1.019452,0.200000,0.464935,-0.215024,0.000000,0.000000,0.000000,0.000000,0.000000,0.000000,0.000000,0.000000,0.051614,-0.610791,0.964558,0.134703,-0.579631,-0.598248,0.999912,0.001776,0.012280,-0.004658,-0.054418,0.020222,-0.003601,0.267912,0.021698,-0.032492,0.006491,0.302847,0.408660,0.764558,-0.330232,-0.364607,-0.598248,0.999912,0.001776,0.012280,-0.004658,-0.054418,0.020222,-0.003601
7,66.246457,146,relative,11,2.199995,0.199999,-0.155382,-1.061027,0.200000,0.493568,-0.200735,0.000000,0.000000,0.000000,0.000000,0.000000,0.000000,0.000000,0.000000,0.083678,-0.726741,0.847095,0.187088,-0.576428,-0.576415,0.999884,-0.003444,0.014003,-0.004913,-0.050070,0.013750,-0.002862,0.268275,-0.004952,-0.002258,0.007700,0.239060,0.334286,0.647095,-0.306480,-0.375693,-0.576415,0.999884,-0.003444,0.014003,-0.004913,-0.050070,0.013750,-0.002862
7,66.246457,146,relative,12,2.399994,0.199999,-0.053806,-1.099745,0.200000,0.522200,-0.186446,0.000000,0.000000,0.000000,0.000000,0.000000,0.000000,0.000000,0.000000,0.126854,-0.840020,0.734241,0.245602,-0.553027,-0.552204,0.999833,-0.008497,0.015380,-0.005089,-0.051055,0.013317,-0.001987,0.268712,-0.018748,0.036568,0.008584,0.180660,0.259725,0.534241,-0.276598,-0.366581,-0.552204,0.999833,-0.008497,0.015380,-0.005089,-0.051055,0.013317,-0.001987
7,66.246457,146,relative,13,2.599993,0.199999,0.053496,-1.135605,0.200000,0.550833,-0.172158,0.000000,0.000000,0.000000,0.000000,0.000000,0.000000,0.000000,0.000000,0.182320,-0.946586,0.626504,0.310228,-0.509145,-0.525286,0.999745,-0.013782,0.017103,-0.005173,-0.054801,0.020642,-0.001011,0.269391,0.079952,-0.043960,0.006459,0.128824,0.189019,0.426504,-0.240605,-0.336988,-0.525286,0.999745,-0.013782,0.017103,-0.005173,-0.054801,0.020642,-0.001011
7,66.246457,146,relative,14,2.799992,0.200000,0.166526,-1.168608,0.200000,0.579465,-0.157869,0.000000,0.000000,0.000000,0.000000,0.000000,0.000000,0.000000,0.000000,0.251470,-1.042279,0.524574,0.382382,-0.444681,-0.494155,0.999640,-0.018454,0.018751,-0.005179,-0.038809,0.011855,-0.000277,0.273566,0.136744,-0.072108,0.001797,0.084944,0.126329,0.324574,-0.197083,-0.286812,-0.494155,0.999640,-0.018454,0.018751,-0.005179,-0.038809,0.011855,-0.000277
7,66.246457,146,relative,15,2.999992,0.200000,0.285282,-1.198753,0.200000,0.608098,-0.143581,0.000000,0.000000,0.000000,0.000000,0.000000,0.000000,0.000000,0.000000,0.335697,-1.123347,0.431883,0.460221,-0.364316,-0.432834,0.999582,-0.020964,0.019228,-0.005157,-0.011460,-0.002566,-0.000072,0.269637,0.130502,-0.054223,0.002083,0.050415,0.075405,0.231883,-0.147877,-0.220735,-0.432834,0.999582,-0.020964,0.019228,-0.005157,-0.011460,-0.002566,-0.000072
7,66.246457,146,relative,16,3.199992,0.200000,0.409765,-1.226040,0.200000,0.636731,-0.129292,0.000000,0.000000,0.000000,0.000000,0.000000,0.000000,0.000000,0.000000,0.435392,-1.187813,0.348524,0.536199,-0.280439,-0.400732,0.999600,-0.020809,0.018428,-0.005139,0.014640,-0.013410,0.000164,0.257830,0.127750,-0.067292,-0.000083,0.025627,0.038227,0.148524,-0.100531,-0.151147,-0.400732,0.999600,-0.020809,0.018428,-0.005139,0.014640,-0.013410,0.000164
7,66.246457,146,relative,17,3.399992,0.199999,0.539974,-1.250470,0.200000,0.665364,-0.115003,0.000000,0.000000,0.000000,0.000000,0.000000,0.000000,0.000000,0.000000,0.549493,-1.236257,0.262886,0.603513,-0.205728,-0.455535,0.999689,-0.018079,0.016401,-0.005131,0.040191,-0.026868,0.000155,0.309604,0.069186,-0.033570,-0.000339,0.009519,0.014213,0.062886,-0.061851,-0.090725,-0.455535,0.999689,-0.018079,0.016401,-0.005131,0.040191,-0.026868,0.000155
7,66.246457,146,relative,18,3.599991,0.077442,0.675910,-1.272041,0.200000,0.693996,-0.100715,0.000000,0.000000,0.000000,0.000000,0.000000,0.000000,0.000000,0.000000,0.677316,-1.269813,0.204679,0.672372,-0.133415,-0.126357,0.999808,-0.013384,0.013356,-0.005140,0.054029,-0.033581,0.000116,0.313200,0.024093,-0.019308,-0.000076,0.001406,0.002228,0.004679,-0.021624,-0.032700,-0.126357,0.999808,-0.013384,0.013356,-0.005140,0.054029,-0.033581,0.000116
7,66.246457,146,relative,19,3.677433,0.059976,0.730083,-1.279627,0.200000,0.705083,-0.095182,0.000000,0.000000,0.000000,0.000000,0.000000,0.000000,0.000000,0.000000,0.730288,-1.279268,0.200239,0.695283,-0.111384,0.011700,0.999851,-0.011263,0.012016,-0.005146,0.055895,-0.035076,0.000113,0.259426,-0.018250,0.006646,0.000103,0.000205,0.000359,0.000239,-0.009800,-0.016202,0.011700,0.999851,-0.011263,0.012016,-0.005146,0.055895,-0.035076,0.000113
7,66.246457,146,relative,20,3.737408,0.052932,0.772629,-1.285207,0.200000,0.713669,-0.090897,0.000000,0.000000,0.000000,0.000000,0.000000,0.000000,0.000000,0.000000,0.772393,-1.285580,0.200569,0.708583,-0.099429,-0.000670,0.999880,-0.009609,0.010962,-0.005151,0.054800,-0.034677,0.000117,0.264806,-0.051410,0.032520,0.000254,-0.000235,-0.000373,0.000569,-0.005086,-0.008532,-0.000670,0.999880,-0.009609,0.010962,-0.005151,0.054800,-0.034677,0.000117
7,66.246457,146,relative,21,3.790341,0.050109,0.810605,-1.289918,0.200000,0.721247,-0.087116,0.000000,0.000000,0.000000,0.000000,0.000000,0.000000,0.000000,0.000000,0.810194,-1.290594,0.200525,0.719539,-0.090247,-0.000992,0.999902,-0.008199,0.010059,-0.005155,0.052079,-0.032956,0.000124,0.265291,-0.067724,0.050710,0.000385,-0.000411,-0.000675,0.000525,-0.001709,-0.003132,-0.000992,0.999902,-0.008199,0.010059,-0.005155,0.052079,-0.032956,0.000124
7,66.246457,146,relative,22,3.840450,0.050005,0.846926,-1.294194,0.200000,0.728421,-0.083536,0.000000,0.000000,0.000000,0.000000,0.000000,0.000000,0.000000,0.000000,0.846492,-1.294925,0.200491,0.729083,-0.082849,-0.000360,0.999920,-0.006941,0.009259,-0.005158,0.048686,-0.030414,0.000135,0.263913,-0.036854,0.018918,-0.000466,-0.000434,-0.000731,0.000491,0.000661,0.000686,-0.000360,0.999920,-0.006941,0.009259,-0.005158,0.048686,-0.030414,0.000135
7,66.246457,146,relative,23,3.890455,0.050000,0.883530,-1.298282,0.200000,0.735580,-0.079963,0.000000,0.000000,0.000000,0.000000,0.000000,0.000000,0.000000,0.000000,0.883171,-1.298909,0.200426,0.737795,-0.076695,-0.002248,0.999934,-0.005751,0.008505,-0.005160,0.046843,-0.029468,0.000122,0.265156,-0.047824,0.026332,-0.000406,-0.000359,-0.000628,0.000426,0.002214,0.003269,-0.002248,0.999934,-0.005751,0.008505,-0.005160,0.046843,-0.029468,0.000122
7,66.246457,146,relative,24,3.940455,0.050000,0.920488,-1.302191,0.200000,0.742738,-0.076391,0.000000,0.000000,0.000000,0.000000,0.000000,0.000000,0.000000,0.000000,0.920264,-1.302613,0.200324,0.745813,-0.071652,-0.001811,0.999946,-0.004614,0.007778,-0.005163,0.044452,-0.028151,0.000110,0.267126,-0.054267,0.031202,-0.000353,-0.000224,-0.000423,0.000324,0.003075,0.004739,-0.001811,0.999946,-0.004614,0.007778,-0.005163,0.044452,-0.028151,0.000110
7,66.246457,146,relative,25,3.990455,0.050000,0.957804,-1.305921,0.200000,0.749897,-0.072819,0.000000,0.000000,0.000000,0.000000,0.000000,0.000000,0.000000,0.000000,0.957742,-1.306092,0.200336,0.753185,-0.067662,0.002295,0.999955,-0.003540,0.007089,-0.005165,0.041739,-0.026591,0.000100,0.269074,-0.063437,0.037742,-0.000311,-0.000062,-0.000171,0.000336,0.003288,0.005157,0.002295,0.999955,-0.003540,0.007089,-0.005165,0.041739,-0.026591,0.000100
7,66.246457,146,relative,26,4.040455,0.050000,0.995478,-1.309472,0.200000,0.757055,-0.069247,0.000000,0.000000,0.000000,0.000000,0.000000,0.000000,0.000000,0.000000,0.995573,-1.309396,0.200644,0.759938,-0.064675,0.010026,0.999963,-0.002539,0.006442,-0.005168,0.038567,-0.024704,0.000092,0.266585,-0.070792,0.043682,-0.000297,0.000095,0.000076,0.000644,0.002884,0.004572,0.010026,0.999963,-0.002539,0.006442,-0.005168,0.038567,-0.024704,0.000092
7,66.246457,146,relative,27,4.090455,0.050000,1.033509,-1.312846,0.200000,0.764213,-0.065675,0.000000,0.000000,0.000000,0.000000,0.000000,0.000000,0.000000,0.000000,1.033724,-1.312576,0.201224,0.766011,-0.062659,0.013162,0.999968,-0.001622,0.005847,-0.005170,0.035027,-0.022520,0.000083,0.257359,-0.076612,0.049069,-0.000283,0.000215,0.000270,0.001224,0.001798,0.003016,0.013162,0.999968,-0.001622,0.005847,-0.005170,0.035027,-0.022520,0.000083
7,66.246457,146,relative,28,4.140455,0.050000,1.071899,-1.316040,0.200000,0.771371,-0.062102,0.000000,0.000000,0.000000,0.000000,0.000000,0.000000,0.000000,0.000000,1.072160,-1.315678,0.201533,0.771330,-0.061541,-0.000779,0.999972,-0.000797,0.005311,-0.005172,0.031197,-0.020066,0.000075,0.237187,-0.081232,0.054184,-0.000269,0.000261,0.000362,0.001533,-0.000041,0.000562,-0.000779,0.999972,-0.000797,0.005311,-0.005172,0.031197,-0.020066,0.000075
7,66.246457,146,relative,29,4.190455,0.050000,1.110647,-1.319056,0.200000,0.778529,-0.058530,0.000000,0.000000,0.000000,0.000000,0.000000,0.000000,0.000000,0.000000,1.110840,-1.318743,0.200212,0.775785,-0.061190,-0.052067,0.999975,-0.000071,0.004839,-0.005174,0.027135,-0.017357,0.000067,0.239576,-0.085481,0.059617,-0.000257,0.000193,0.000313,0.000212,-0.002744,-0.002660,-0.052067,0.999975,-0.000071,0.004839,-0.005174,0.027135,-0.017357,0.000067
7,66.246457,146,relative,30,4.240455,0.100000,1.149752,-1.321893,0.200000,0.785688,-0.054958,0.000000,0.000000,0.000000,0.000000,0.000000,0.000000,0.000000,0.000000,1.149733,-1.321806,0.196437,0.779895,-0.061433,-0.098927,0.999977,0.000552,0.004439,-0.005175,0.022861,-0.014376,0.000060,0,0,0,0,-0.000019,0.000087,-0.003563,-0.005793,-0.006475,-0.098927,0.999977,0.000552,0.004439,-0.005175,0.022861,-0.014376,0.000060
8,91.286531,174,relative,0,0.000000,0.200000,-0.881921,-0.471398,0.200000,0.188559,-0.352768,0.000000,0.000000,0.000000,0.000000,0.000000,0.000000,0.000000,0.000000,-0.000692,-0.008518,2.249343,-0.001378,-0.046600,-0.400635,0.999979,0.006444,0.000694,-0.000028,0.162806,-0.016064,0.000000,0.236562,-0.282061,-0.020009,-0.016332,0.881229,0.462880,2.049343,-0.189937,0.306168,-0.400635,0.999979,0.006444,0.000694,-0.000028,0.162806,-0.016064,0.000000
8,91.286531,174,relative,1,0.200000,0.200000,-0.841387,-0.540443,0.200000,0.216781,-0.337684,0.000000,0.000000,0.000000,0.000000,0.000000,0.000000,0.000000,0.000000,-0.000924,-0.021833,2.148197,-0.001999,-0.094409,-0.611035,0.999801,0.019902,-0.001113,-0.000145,0.106392,-0.020084,-0.001857,0.265079,-0.298577,0.035761,-0.012525,0.840463,0.518610,1.948197,-0.218780,0.243275,-0.611035,0.999801,0.019902,-0.001113,-0.000145,0.106392,-0.020084,-0.001857
8,91.286531,174,relative,2,0.400000,0.200000,-0.795208,-0.606471,0.200000,0.245002,-0.322599,0.000000,0.000000,0.000000,0.000000,0.000000,0.000000,0.000000,0.000000,-0.002001,-0.049725,2.025935,-0.009862,-0.189513,-0.611831,0.999616,0.027553,-0.002760,-0.000427,0.046670,-0.012960,-0.003281,0.265243,-0.261326,0.068055,-0.007196,0.793207,0.556746,1.825935,-0.254865,0.133086,-0.611831,0.999616,0.027553,-0.002760,-0.000427,0.046670,-0.012960,-0.003281
8,91.286531,174,relative,3,0.600000,0.200000,-0.743386,-0.669483,0.200000,0.273224,-0.307514,0.000000,0.000000,0.000000,0.000000,0.000000,0.000000,0.000000,0.000000,-0.005188,-0.098889,1.903517,-0.022411,-0.303473,-0.612423,0.999556,0.029607,-0.003366,-0.000807,-0.005598,0.000640,-0.004099,0.265275,-0.208613,0.068260,-0.004167,0.738198,0.570593,1.703517,-0.295635,0.004042,-0.612423,0.999556,0.029607,-0.003366,-0.000807,-0.005598,0.000640,-0.004099
8,91.286531,174,relative,4,0.800000,0.200000,-0.685919,-0.729477,0.200000,0.301445,-0.292429,0.000000,0.000000,0.000000,0.000000,0.000000,0.000000,0.000000,0.000000,-0.010949,-0.171004,1.780996,-0.034702,-0.415940,-0.612684,0.999632,0.026964,-0.002604,-0.001227,-0.047316,0.014310,-0.004573,0.265195,-0.129820,0.052007,-0.000870,0.674970,0.558473,1.580996,-0.336147,-0.123511,-0.612684,0.999632,0.026964,-0.002604,-0.001227,-0.047316,0.014310,-0.004573
8,91.286531,174,relative,5,1.000000,0.200000,-0.622808,-0.786454,0.200000,0.329666,-0.277345,0.000000,0.000000,0.000000,0.000000,0.000000,0.000000,0.000000,0.000000,-0.018702,-0.264077,1.658449,-0.041536,-0.510856,-0.612599,0.999779,0.020940,-0.000632,-0.001652,-0.073266,0.024753,-0.004672,0.265073,-0.054265,0.057679,0.000929,0.604106,0.522377,1.458449,-0.371202,-0.233511,-0.612599,0.999779,0.020940,-0.000632,-0.001652,-0.073266,0.024753,-0.004672
8,91.286531,174,relative,6,1.200000,0.200000,-0.554052,-0.840415,0.200000,0.357888,-0.262260,0.000000,0.000000,0.000000,0.000000,0.000000,0.000000,0.000000,0.000000,-0.026905,-0.373477,1.535945,-0.038479,-0.578002,-0.612267,0.999909,0.013079,0.002445,-0.002056,-0.084098,0.036344,-0.004566,0.264988,0.008345,0.011134,0.001041,0.527148,0.466938,1.335945,-0.396367,-0.315742,-0.612267,0.999909,0.013079,0.002445,-0.002056,-0.084098,0.036344,-0.004566
8,91.286531,174,relative,7,1.400000,0.200000,-0.479653,-0.891358,0.200000,0.386109,-0.247175,0.000000,0.000000,0.000000,0.000000,0.000000,0.000000,0.000000,0.000000,-0.033164,-0.493120,1.413530,-0.021631,-0.612999,-0.611806,0.999966,0.004760,0.006216,-0.002438,-0.082403,0.038628,-0.004448,0.264975,0.035058,0.002316,0.003833,0.446489,0.398238,1.213530,-0.407740,-0.365824,-0.611806,0.999966,0.004760,0.006216,-0.002438,-0.082403,0.038628,-0.004448
8,91.286531,174,relative,8,1.600000,0.200000,-0.399609,-0.939285,0.200000,0.414331,-0.232090,0.000000,0.000000,0.000000,0.000000,0.000000,0.000000,0.000000,0.000000,-0.034542,-0.616542,1.291221,0.010420,-0.616071,-0.611321,0.999940,-0.003121,0.010126,-0.002794,-0.075367,0.039142,-0.004012,0.265041,0.027172,0.025482,0.005916,0.365067,0.322743,1.091221,-0.403911,-0.383981,-0.611321,0.999940,-0.003121,0.010126,-0.002794,-0.075367,0.039142,-0.004012
8,91.286531,174,relative,9,1.800000,0.200000,-0.313920,-0.984194,0.200000,0.442552,-0.217006,0.000000,0.000000,0.000000,0.000000,0.000000,0.000000,0.000000,0.000000,-0.027944,-0.737577,1.169018,0.058311,-0.589538,-0.610841,0.999839,-0.010376,0.014315,-0.003102,-0.069909,0.044279,-0.003339,0.265174,0.053368,-0.011303,0.004725,0.285976,0.246618,0.969018,-0.384241,-0.372532,-0.610841,0.999839,-0.010376,0.014315,-0.003102,-0.069909,0.044279,-0.003339
8,91.286531,174,relative,10,2.000000,0.200000,-0.222588,-1.026087,0.200000,0.470774,-0.201921,0.000000,0.000000,0.000000,0.000000,0.000000,0.000000,0.000000,0.000000,-0.010069,-0.850550,1.046913,0.123291,-0.535988,-0.610415,0.999679,-0.016822,0.018647,-0.003361,-0.059215,0.042049,-0.002802,0.265327,0.130220,-0.069022,0.001137,0.212519,0.175537,0.846913,-0.347482,-0.334067,-0.610415,0.999679,-0.016822,0.018647,-0.003361,-0.059215,0.042049,-0.002802
8,91.286531,174,relative,11,2.200000,0.200000,-0.125611,-1.064963,0.200000,0.498995,-0.186836,0.000000,0.000000,0.000000,0.000000,0.000000,0.000000,0.000000,0.000000,0.022449,-0.950476,0.924876,0.204205,-0.460265,-0.610171,0.999518,-0.021432,0.022172,-0.003608,-0.033157,0.028263,-0.002673,0.265420,0.177539,-0.100582,0.002339,0.148060,0.114487,0.724876,-0.294790,-0.273429,-0.610171,0.999518,-0.021432,0.022172,-0.003608,-0.033157,0.028263,-0.002673
8,91.286531,174,relative,12,2.400000,0.200000,-0.022990,-1.100822,0.200000,0.527217,-0.171752,0.000000,0.000000,0.000000,0.000000,0.000000,0.000000,0.000000,0.000000,0.072341,-1.033822,0.802847,0.295914,-0.372195,-0.610215,0.999441,-0.022970,0.023992,-0.003868,0.002358,0.008153,-0.002407,0.265400,0.175417,-0.128453,0.000981,0.095330,0.067000,0.602847,-0.231303,-0.200444,-0.610215,0.999441,-0.022970,0.023992,-0.003868,0.002358,0.008153,-0.002407
8,91.286531,174,relative,13,2.600000,0.200000,0.085276,-1.133663,0.200000,0.555438,-0.156667,0.000000,0.000000,0.000000,0.000000,0.000000,0.000000,0.000000,0.000000,0.141008,-1.099417,0.680768,0.390445,-0.285055,-0.610501,0.999495,-0.020989,0.023510,-0.004140,0.037440,-0.017544,-0.002295,0.265346,0.082015,-0.093585,0.001573,0.055732,0.034247,0.480768,-0.164993,-0.128388,-0.610501,0.999495,-0.020989,0.023510,-0.004140,0.037440,-0.017544,-0.002295
8,91.286531,174,relative,14,2.800000,0.200000,0.199186,-1.163488,0.200000,0.583660,-0.141582,0.000000,0.000000,0.000000,0.000000,0.000000,0.000000,0.000000,0.000000,0.228074,-1.148760,0.558665,0.478424,-0.211354,-0.610336,0.999639,-0.016443,0.020796,-0.004412,0.053834,-0.036277,-0.002117,0.264829,-0.022276,-0.035974,0.002763,0.028888,0.014728,0.358665,-0.105236,-0.069772,-0.610336,0.999639,-0.016443,0.020796,-0.004412,0.053834,-0.036277,-0.002117
8,91.286531,174,relative,15,3.000000,0.200000,0.318740,-1.190296,0.200000,0.611881,-0.126497,0.000000,0.000000,0.000000,0.000000,0.000000,0.000000,0.000000,0.000000,0.331440,-1.185302,0.436333,0.552603,-0.157414,-0.612796,0.999784,-0.011307,0.016783,-0.004651,0.049367,-0.043487,-0.001802,0.265053,-0.061483,0.027584,0.002707,0.012700,0.004994,0.236333,-0.059278,-0.030917,-0.612796,0.999784,-0.011307,0.016783,-0.004651,0.049367,-0.043487,-0.001802
8,91.286531,174,relative,16,3.200000,0.200000,0.443938,-1.214087,0.200000,0.640103,-0.111413,0.000000,0.000000,0.000000,0.000000,0.000000,0.000000,0.000000,0.000000,0.448014,-1.212977,0.313778,0.610444,-0.122138,-0.612619,0.999883,-0.007008,0.012688,-0.004842,0.037060,-0.037981,-0.001495,0.300612,-0.079326,0.040268,0.002711,0.004076,0.001110,0.113778,-0.029659,-0.010725,-0.612619,0.999883,-0.007008,0.012688,-0.004842,0.037060,-0.037981,-0.001495
8,91.286531,174,relative,17,3.400000,0.050000,0.574781,-1.234861,0.200000,0.668324,-0.096328,0.000000,0.000000,0.000000,0.000000,0.000000,0.000000,0.000000,0.000000,0.575229,-1.234798,0.217655,0.659170,-0.098201,-0.348535,0.999936,-0.004114,0.009278,-0.004990,0.021188,-0.029933,-0.001186,0.364695,-0.136939,0.105260,0.003628,0.000448,0.000064,0.017655,-0.009154,-0.001873,-0.348535,0.999936,-0.004114,0.009278,-0.004990,0.021188,-0.029933,-0.001186
8,91.286531,174,relative,18,3.450000,0.050000,0.608373,-1.239583,0.200000,0.675379,-0.092557,0.000000,0.000000,0.000000,0.000000,0.000000,0.000000,0.000000,0.000000,0.608493,-1.239576,0.204847,0.671250,-0.093022,-0.163802,0.999944,-0.003673,0.008593,-0.005020,0.014340,-0.024671,-0.001083,0.337145,-0.103843,0.087054,0.002569,0.000120,0.000008,0.004847,-0.004129,-0.000465,-0.163802,0.999944,-0.003673,0.008593,-0.005020,0.014340,-0.024671,-0.001083
8,91.286531,174,relative,19,3.500000,0.050000,0.642319,-1.244117,0.200000,0.682435,-0.088785,0.000000,0.000000,0.000000,0.000000,0.000000,0.000000,0.000000,0.000000,0.642319,-1.244117,0.200000,0.681638,-0.088682,-0.030060,0.999949,-0.003383,0.008029,-0.005046,0.009147,-0.020319,-0.001010,0.297398,-0.142957,0.144021,0.004304,-0.000000,-0.000000,0.000000,-0.000797,0.000103,-0.030060,0.999949,-0.003383,0.008029,-0.005046,0.009147,-0.020319,-0.001010
8,91.286531,174,relative,20,3.550000,0.050000,0.676617,-1.248462,0.200000,0.689490,-0.085014,0.000000,0.000000,0.000000,0.000000,0.000000,0.000000,0.000000,0.000000,0.676618,-1.248461,0.200001,0.690253,-0.085091,0.030098,0.999953,-0.003246,0.007610,-0.005070,0.001999,-0.013118,-0.000888,0.252013,-0.129993,0.115585,0.004577,0.000001,0.000001,0.000001,0.000763,-0.000077,0.030098,0.999953,-0.003246,0.007610,-0.005070,0.001999,-0.013118,-0.000888
8,91.286531,174,relative,21,3.600000,0.050000,0.711268,-1.252618,0.200000,0.696545,-0.081243,0.000000,0.000000,0.000000,0.000000,0.000000,0.000000,0.000000,0.000000,0.711306,-1.252640,0.200909,0.697241,-0.082095,0.006226,0.999955,-0.003279,0.007355,-0.005089,-0.004501,-0.007339,-0.000758,0.263218,-0.058183,0.054949,0.004696,0.000038,-0.000022,0.000909,0.000695,-0.000852,0.006226,0.999955,-0.003279,0.007355,-0.005089,-0.004501,-0.007339,-0.000758
8,91.286531,174,relative,22,3.650000,0.050000,0.746271,-1.256586,0.200000,0.703601,-0.077472,0.000000,0.000000,0.000000,0.000000,0.000000,0.000000,0.000000,0.000000,0.746346,-1.256665,0.201142,0.704349,-0.078868,0.003105,0.999955,-0.003428,0.007206,-0.005105,-0.007411,-0.004591,-0.000624,0.264774,0.024832,-0.017287,0.005085,0.000075,-0.000079,0.001142,0.000748,-0.001396,0.003105,0.999955,-0.003428,0.007206,-0.005105,-0.007411,-0.004591,-0.000624
8,91.286531,174,relative,23,3.700000,0.050000,0.781628,-1.260366,0.200000,0.710656,-0.073701,0.000000,0.000000,0.000000,0.000000,0.000000,0.000000,0.000000,0.000000,0.781740,-1.260524,0.201292,0.711374,-0.075455,0.002865,0.999955,-0.003599,0.007082,-0.005117,-0.006169,-0.005455,-0.000480,0.264955,0.027014,-0.011939,0.002878,0.000112,-0.000158,0.001292,0.000718,-0.001755,0.002865,0.999955,-0.003599,0.007082,-0.005117,-0.006169,-0.005455,-0.000480
8,91.286531,174,relative,24,3.750000,0.050000,0.817337,-1.263956,0.200000,0.717712,-0.069930,0.000000,0.000000,0.000000,0.000000,0.000000,0.000000,0.000000,0.000000,0.817482,-1.264208,0.201437,0.718272,-0.071889,0.002960,0.999956,-0.003737,0.006938,-0.005127,-0.004819,-0.006052,-0.000398,0.265004,0.020107,-0.002473,0.002090,0.000145,-0.000252,0.001437,0.000561,-0.001959,0.002960,0.999956,-0.003737,0.006938,-0.005127,-0.004819,-0.006052,-0.000398
8,91.286531,174,relative,25,3.800000,0.050000,0.853399,-1.267358,0.200000,0.724767,-0.066158,0.000000,0.000000,0.000000,0.000000,0.000000,0.000000,0.000000,0.000000,0.853565,-1.267711,0.201590,0.725027,-0.068200,0.003149,0.999956,-0.003846,0.006786,-0.005134,-0.003813,-0.006176,-0.000339,0.265079,0.016106,0.004302,0.002125,0.000166,-0.000352,0.001590,0.000260,-0.002042,0.003149,0.999956,-0.003846,0.006786,-0.005134,-0.003813,-0.006176,-0.000339
8,91.286531,174,relative,26,3.850000,0.050000,0.889814,-1.270572,0.200000,0.731822,-0.062387,0.000000,0.000000,0.000000,0.000000,0.000000,0.000000,0.000000,0.000000,0.889982,-1.271026,0.201756,0.731634,-0.064414,0.003477,0.999957,-0.003932,0.006635,-0.005141,-0.003008,-0.005960,-0.000278,0.265133,0.010034,0.014564,0.002276,0.000168,-0.000454,0.001756,-0.000188,-0.002027,0.003477,0.999957,-0.003932,0.006635,-0.005141,-0.003008,-0.005960,-0.000278
8,91.286531,174,relative,27,3.900000,0.050000,0.926581,-1.273597,0.200000,0.738878,-0.058616,0.000000,0.000000,0.000000,0.000000,0.000000,0.000000,0.000000,0.000000,0.926726,-1.274151,0.201940,0.738099,-0.060552,0.003906,0.999958,-0.004002,0.006495,-0.005146,-0.002506,-0.005232,-0.000214,0.265227,0.001512,0.030164,0.002523,0.000145,-0.000554,0.001940,-0.000779,-0.001936,0.003906,0.999958,-0.004002,0.006495,-0.005146,-0.002506,-0.005232,-0.000214
8,91.286531,174,relative,28,3.950000,0.050000,0.963701,-1.276434,0.200000,0.745933,-0.054845,0.000000,0.000000,0.000000,0.000000,0.000000,0.000000,0.000000,0.000000,0.963790,-1.277080,0.202150,0.744442,-0.056623,0.004510,0.999958,-0.004064,0.006384,-0.005150,-0.002431,-0.003724,-0.000142,0.263545,-0.009832,0.053379,0.002890,0.000089,-0.000647,0.002150,-0.001491,-0.001778,0.004510,0.999958,-0.004064,0.006384,-0.005150,-0.002431,-0.003724,-0.000142
8,91.286531,174,relative,29,4.000000,0.050000,1.001174,-1.279082,0.200000,0.752988,-0.051074,0.000000,0.000000,0.000000,0.000000,0.000000,0.000000,0.000000,0.000000,1.001168,-1.279813,0.202313,0.750659,-0.052656,0.002002,0.999958,-0.004131,0.006324,-0.005152,-0.002922,-0.001055,-0.000060,0.209849,-0.031569,0.086173,0.002731,-0.000007,-0.000731,0.002313,-0.002330,-0.001583,0.002002,0.999958,-0.004131,0.006324,-0.005152,-0.002922,-0.001055,-0.000060
8,91.286531,174,relative,30,4.050000,0.100000,1.039000,-1.281541,0.200000,0.760044,-0.047302,0.000000,0.000000,0.000000,0.000000,0.000000,0.000000,0.000000,0.000000,1.038824,-1.282365,0.199865,0.755594,-0.049437,-0.099934,0.999958,-0.004224,0.006352,-0.005152,-0.004501,0.003254,0.000018,0,0,0,0,-0.000176,-0.000824,-0.000135,-0.004449,-0.002135,-0.099934,0.999958,-0.004224,0.006352,-0.005152,-0.004501,0.003254,0.000018
9,63.217306,146,relative,0,0.000000,0.199999,-0.864386,-0.502829,0.200000,0.201132,-0.345754,0.000000,0.000000,0.000000,0.000000,0.000000,0.000000,0.000000,0.000000,-0.000820,-0.012854,2.205220,-0.000231,-0.059967,-0.443604,0.999972,0.007497,0.000798,-0.000045,-0.010729,0.073904,-0.001065,0.225702,0.449787,-0.487858,0.002680,0.863566,0.489974,2.005220,-0.201362,0.285787,-0.443604,0.999972,0.007497,0.000798,-0.000045,-0.010729,0.073904,-0.001065
9,63.217306,146,relative,1,0.199999,0.200000,-0.821394,-0.570371,0.200000,0.228792,-0.329664,0.000000,0.000000,0.000000,0.000000,0.000000,0.000000,0.000000,0.000000,-0.000048,-0.027486,2.087462,0.009355,-0.088255,-0.734015,0.999935,0.010922,0.003310,-0.000130,0.079232,-0.023672,-0.000761,0.265289,0.090630,-0.150441,0.003102,0.821346,0.542885,1.887462,-0.219437,0.241409,-0.734015,0.999935,0.010922,0.003310,-0.000130,0.079232,-0.023672,-0.000761
9,63.217306,146,relative,2,0.399999,0.200000,-0.772869,-0.634694,0.200000,0.256452,-0.313573,0.000000,0.000000,0.000000,0.000000,0.000000,0.000000,0.000000,0.000000,0.002714,-0.050526,1.940892,0.015729,-0.147929,-0.731857,0.999805,0.019750,-0.000562,-0.000263,0.097354,-0.053768,-0.000408,0.265350,-0.135871,0.032330,0.001469,0.775584,0.584168,1.740892,-0.240723,0.165644,-0.731857,0.999805,0.019750,-0.000562,-0.000263,0.097354,-0.053768,-0.000408
9,63.217306,146,relative,3,0.599999,0.200000,-0.718813,-0.695800,0.200000,0.284113,-0.297483,0.000000,0.000000,0.000000,0.000000,0.000000,0.000000,0.000000,0.000000,0.004953,-0.089059,1.794668,0.003346,-0.242881,-0.730664,0.999589,0.028122,-0.005616,-0.000392,0.070178,-0.047306,-0.000241,0.265573,-0.271718,0.158161,0.003200,0.723766,0.606741,1.594668,-0.280766,0.054602,-0.730664,0.999589,0.028122,-0.005616,-0.000392,0.070178,-0.047306,-0.000241
9,63.217306,146,relative,4,0.799999,0.200000,-0.659224,-0.753687,0.200000,0.311773,-0.281392,0.000000,0.000000,0.000000,0.000000,0.000000,0.000000,0.000000,0.000000,0.002893,-0.149435,1.648682,-0.026020,-0.363685,-0.729401,0.999436,0.032419,-0.008765,-0.000463,0.015834,-0.015674,0.000123,0.265592,-0.335514,0.236119,0.004817,0.662117,0.604253,1.448682,-0.337793,-0.082293,-0.729401,0.999436,0.032419,-0.008765,-0.000463,0.015834,-0.015674,0.000123
9,63.217306,146,relative,5,0.999999,0.200000,-0.594104,-0.808357,0.200000,0.339433,-0.265302,0.000000,0.000000,0.000000,0.000000,0.000000,0.000000,0.000000,0.000000,-0.005815,-0.234906,1.502892,-0.060535,-0.489874,-0.728415,0.999498,0.030648,-0.007973,-0.000414,-0.051270,0.031548,0.000671,0.265356,-0.288013,0.199655,0.003368,0.588289,0.573450,1.302892,-0.399968,-0.224572,-0.728415,0.999498,0.030648,-0.007973,-0.000414,-0.051270,0.031548,0.000671
9,63.217306,146,relative,6,1.199999,0.200000,-0.523451,-0.859808,0.200000,0.367093,-0.249211,0.000000,0.000000,0.000000,0.000000,0.000000,0.000000,0.000000,0.000000,-0.020515,-0.344064,1.357232,-0.083089,-0.596465,-0.727871,0.999740,0.022645,-0.002823,-0.000234,-0.108879,0.071468,0.001054,0.265065,-0.134943,0.099369,-0.000405,0.502936,0.515744,1.157232,-0.450183,-0.347254,-0.727871,0.999740,0.022645,-0.002823,-0.000234,-0.108879,0.071468,0.001054
9,63.217306,146,relative,7,1.399998,0.200000,-0.447267,-0.908041,0.200000,0.394754,-0.233121,0.000000,0.000000,0.000000,0.000000,0.000000,0.000000,0.000000,0.000000,-0.037242,-0.470735,1.211660,-0.078856,-0.662241,-0.727602,0.999932,0.010410,0.005315,0.000019,-0.135881,0.091323,0.001008,0.264989,0.028502,-0.006456,0.000540,0.410024,0.437307,1.011660,-0.473610,-0.429120,-0.727602,0.999932,0.010410,0.005315,0.000019,-0.135881,0.091323,0.001008
9,63.217306,146,relative,8,1.599998,0.200000,-0.365550,-0.953056,0.200000,0.422414,-0.217030,0.000000,0.000000,0.000000,0.000000,0.000000,0.000000,0.000000,0.000000,-0.049737,-0.605509,1.066181,-0.040159,-0.676802,-0.727241,0.999892,-0.002893,0.014378,0.000287,-0.130194,0.090010,0.001069,0.265208,0.155311,-0.117225,-0.001127,0.315813,0.347547,0.866181,-0.462573,-0.459772,-0.727241,0.999892,-0.002893,0.014378,0.000287,-0.130194,0.090010,0.001069
9,63.217306,146,relative,9,1.799998,0.200000,-0.278301,-0.994853,0.200000,0.450074,-0.200940,0.000000,0.000000,0.000000,0.000000,0.000000,0.000000,0.000000,0.000000,-0.051020,-0.738128,0.920843,0.032438,-0.641871,-0.726450,0.999650,-0.014359,0.022201,0.000530,-0.099144,0.066548,0.000941,0.265582,0.184843,-0.160594,-0.000863,0.227281,0.256725,0.720843,-0.417637,-0.440931,-0.726450,0.999650,-0.014359,0.022201,0.000530,-0.099144,0.066548,0.000941
9,63.217306,146,relative,10,1.999998,0.200000,-0.185520,-1.033432,0.200000,0.477735,-0.184849,0.000000,0.000000,0.000000,0.000000,0.000000,0.000000,0.000000,0.000000,-0.035039,-0.859671,0.775730,0.130665,-0.568273,-0.725042,0.999377,-0.022422,0.027243,0.000727,-0.062182,0.034418,0.000843,0.265923,0.181673,-0.165932,-0.000141,0.150481,0.173761,0.575730,-0.347070,-0.383424,-0.725042,0.999377,-0.022422,0.027243,0.000727,-0.062182,0.034418,0.000843
9,63.217306,146,relative,11,2.199998,0.200000,-0.087207,-1.068793,0.200000,0.505395,-0.168759,0.000000,0.000000,0.000000,0.000000,0.000000,0.000000,0.000000,0.000000,0.002154,-0.963793,0.630958,0.242425,-0.470062,-0.722880,0.999218,-0.026820,0.029023,0.000892,-0.025850,0.001226,0.000827,0.266042,0.214852,-0.151035,-0.000934,0.089361,0.105000,0.430958,-0.262970,-0.301304,-0.722880,0.999218,-0.026820,0.029023,0.000892,-0.025850,0.001226,0.000827
9,63.217306,146,relative,12,2.399998,0.200000,0.016638,-1.100936,0.200000,0.533056,-0.152668,0.000000,0.000000,0.000000,0.000000,0.000000,0.000000,0.000000,0.000000,0.061975,-1.047035,0.486629,0.354882,-0.362068,-0.720381,0.999246,-0.027253,0.027638,0.001020,0.017122,-0.028981,0.000720,0.267149,0.215392,-0.150574,-0.001846,0.045338,0.053901,0.286629,-0.178173,-0.209400,-0.720381,0.999246,-0.027253,0.027638,0.001020,0.017122,-0.028981,0.000720
9,63.217306,146,relative,13,2.599998,0.200000,0.126015,-1.129860,0.200000,0.560716,-0.136578,0.000000,0.000000,0.000000,0.000000,0.000000,0.000000,0.000000,0.000000,0.143391,-1.109027,0.343689,0.456384,-0.260406,-0.708735,0.999456,-0.023382,0.023243,0.001096,0.060204,-0.059093,0.000511,0.282406,0.099612,-0.048616,-0.001822,0.017376,0.020833,0.143689,-0.104332,-0.123828,-0.708735,0.999456,-0.023382,0.023243,0.001096,0.060204,-0.059093,0.000511
9,63.217306,146,relative,14,2.799998,0.050000,0.240924,-1.155567,0.200000,0.588376,-0.120487,0.000000,0.000000,0.000000,0.000000,0.000000,0.000000,0.000000,0.000000,0.243522,-1.152229,0.214554,0.540482,-0.176513,-0.582249,0.999723,-0.016361,0.016859,0.001124,0.080130,-0.068812,0.000303,0.600000,-0.071294,0.066812,0.000985,0.002598,0.003337,0.014554,-0.047894,-0.056026,-0.582249,0.999723,-0.016361,0.016859,0.001124,0.080130,-0.068812,0.000303
9,63.217306,146,relative,15,2.849998,0.050035,0.270516,-1.161490,0.200000,0.595291,-0.116465,0.000000,0.000000,0.000000,0.000000,0.000000,0.000000,0.000000,0.000000,0.271450,-1.160182,0.200928,0.576021,-0.142319,0.037265,0.999780,-0.014400,0.015183,0.001126,0.076567,-0.065470,0.000331,0.235930,-0.062012,0.097071,-0.000553,0.000934,0.001308,0.000928,-0.019271,-0.025855,0.037265,0.999780,-0.014400,0.015183,0.001126,0.076567,-0.065470,0.000331
9,63.217306,146,relative,16,2.900033,0.050036,0.300474,-1.167217,0.200000,0.602211,-0.112439,0.000000,0.000000,0.000000,0.000000,0.000000,0.000000,0.000000,0.000000,0.300591,-1.167002,0.201442,0.588584,-0.130542,-0.016704,0.999828,-0.012522,0.013608,0.001129,0.073465,-0.060612,0.000316,0.269263,-0.140642,0.149246,0.000675,0.000117,0.000216,0.001442,-0.013627,-0.018103,-0.016704,0.999828,-0.012522,0.013608,0.001129,0.073465,-0.060612,0.000316
9,63.217306,146,relative,17,2.950069,0.050043,0.330780,-1.172742,0.200000,0.609131,-0.108414,0.000000,0.000000,0.000000,0.000000,0.000000,0.000000,0.000000,0.000000,0.330369,-1.173235,0.200802,0.601425,-0.118921,-0.008864,0.999867,-0.010771,0.012188,0.001131,0.066428,-0.053144,0.000335,0.271243,-0.173757,0.159233,0.001155,-0.000411,-0.000493,0.000802,-0.007706,-0.010507,-0.008864,0.999867,-0.010771,0.012188,0.001131,0.066428,-0.053144,0.000335
9,63.217306,146,relative,18,3.000112,0.050039,0.361435,-1.178067,0.200000,0.616052,-0.104388,0.000000,0.000000,0.000000,0.000000,0.000000,0.000000,0.000000,0.000000,0.360761,-1.178929,0.200648,0.613032,-0.108879,0.002714,0.999897,-0.009216,0.010959,0.001134,0.057734,-0.045174,0.000368,0.263290,-0.125030,0.099744,0.001748,-0.000674,-0.000862,0.000648,-0.003020,-0.004492,0.002714,0.999897,-0.009216,0.010959,0.001134,0.057734,-0.045174,0.000368
9,63.217306,146,relative,19,3.050150,0.050028,0.392435,-1.183190,0.200000,0.622973,-0.100362,0.000000,0.000000,0.000000,0.000000,0.000000,0.000000,0.000000,0.000000,0.391695,-1.184163,0.200706,0.623187,-0.100554,-0.000392,0.999920,-0.007849,0.009893,0.001139,0.051478,-0.040182,0.000417,0.264230,-0.123476,0.097641,0.000022,-0.000740,-0.000973,0.000706,0.000214,-0.000193,-0.000392,0.999920,-0.007849,0.009893,0.001139,0.051478,-0.040182,0.000417
9,63.217306,146,relative,20,3.100178,0.050020,0.423774,-1.188110,0.200000,0.629892,-0.096337,0.000000,0.000000,0.000000,0.000000,0.000000,0.000000,0.000000,0.000000,0.423106,-1.189011,0.200653,0.632394,-0.093465,-0.001716,0.999937,-0.006637,0.008951,0.001145,0.045301,-0.035297,0.000418,0.264265,-0.121404,0.097341,-0.000466,-0.000668,-0.000901,0.000653,0.002503,0.002872,-0.001716,0.999937,-0.006637,0.008951,0.001145,0.045301,-0.035297,0.000418
9,63.217306,146,relative,21,3.150199,0.050013,0.455454,-1.192828,0.200000,0.636810,-0.092313,0.000000,0.000000,0.000000,0.000000,0.000000,0.000000,0.000000,0.000000,0.454950,-1.193533,0.200536,0.640740,-0.087487,-0.002945,0.999951,-0.005579,0.008130,0.001151,0.039229,-0.030427,0.000405,0.265601,-0.111175,0.092865,-0.000172,-0.000504,-0.000705,0.000536,0.003930,0.004826,-0.002945,0.999951,-0.005579,0.008130,0.001151,0.039229,-0.030427,0.000405
9,63.217306,146,relative,22,3.200212,0.050007,0.487476,-1.197344,0.200000,0.643726,-0.088289,0.000000,0.000000,0.000000,0.000000,0.000000,0.000000,0.000000,0.000000,0.487190,-1.197778,0.200421,0.648379,-0.082449,-0.001676,0.999961,-0.004667,0.007429,0.001157,0.033669,-0.025782,0.000400,0.265583,-0.112306,0.076461,-0.002075,-0.000287,-0.000434,0.000421,0.004653,0.005840,-0.001676,0.999961,-0.004667,0.007429,0.001157,0.033669,-0.025782,0.000400
9,63.217306,146,relative,23,3.250219,0.050003,0.519840,-1.201659,0.200000,0.650643,-0.084266,0.000000,0.000000,0.000000,0.000000,0.000000,0.000000,0.000000,0.000000,0.519791,-1.201793,0.200368,0.655381,-0.078241,-0.000423,0.999968,-0.003894,0.006833,0.001164,0.028053,-0.021958,0.000341,0.265391,-0.097081,0.065615,-0.001848,-0.000049,-0.000134,0.000368,0.004739,0.006024,-0.000423,0.999968,-0.003894,0.006833,0.001164,0.028053,-0.021958,0.000341
9,63.217306,146,relative,24,3.300222,0.050000,0.552547,-1.205772,0.200000,0.657558,-0.080243,0.000000,0.000000,0.000000,0.000000,0.000000,0.000000,0.000000,0.000000,0.552726,-1.205615,0.200370,0.661838,-0.074731,0.000487,0.999974,-0.003253,0.006326,0.001169,0.023199,-0.018677,0.000288,0.265157,-0.082772,0.056346,-0.001625,0.000178,0.000157,0.000370,0.004279,0.005512,0.000487,0.999974,-0.003253,0.006326,0.001169,0.023199,-0.018677,0.000288
9,63.217306,146,relative,25,3.350222,0.050000,0.585598,-1.209683,0.200000,0.664473,-0.076220,0.000000,0.000000,0.000000,0.000000,0.000000,0.000000,0.000000,0.000000,0.585969,-1.209276,0.200406,0.667829,-0.071797,0.000974,0.999978,-0.002724,0.005895,0.001174,0.019061,-0.015859,0.000242,0.265324,-0.071171,0.049446,-0.001438,0.000371,0.000407,0.000406,0.003356,0.004423,0.000974,0.999978,-0.002724,0.005895,0.001174,0.019061,-0.015859,0.000242
9,63.217306,146,relative,26,3.400222,0.050000,0.618995,-1.213394,0.200000,0.671388,-0.072198,0.000000,0.000000,0.000000,0.000000,0.000000,0.000000,0.000000,0.000000,0.619502,-1.212802,0.200475,0.673434,-0.069333,0.001776,0.999981,-0.002292,0.005530,0.001178,0.015502,-0.013387,0.000201,0.264001,-0.067666,0.048306,-0.001413,0.000507,0.000591,0.000475,0.002046,0.002864,0.001776,0.999981,-0.002292,0.005530,0.001178,0.015502,-0.013387,0.000201
9,63.217306,146,relative,27,3.450222,0.050000,0.652737,-1.216903,0.200000,0.678303,-0.068175,0.000000,0.000000,0.000000,0.000000,0.000000,0.000000,0.000000,0.000000,0.653307,-1.216216,0.200523,0.678684,-0.067262,0.000134,0.999984,-0.001946,0.005225,0.001181,0.012119,-0.010972,0.000161,0.264265,-0.063863,0.047652,-0.001378,0.000569,0.000687,0.000523,0.000381,0.000913,0.000134,0.999984,-0.001946,0.005225,0.001181,0.012119,-0.010972,0.000161
9,63.217306,146,relative,28,3.500223,0.050000,0.686825,-1.220211,0.200000,0.685218,-0.064152,0.000000,0.000000,0.000000,0.000000,0.000000,0.000000,0.000000,0.000000,0.687366,-1.219533,0.200501,0.683672,-0.065486,-0.001014,0.999985,-0.001683,0.004981,0.001184,0.008926,-0.008589,0.000122,0.265158,-0.061107,0.048391,-0.001342,0.000541,0.000678,0.000501,-0.001546,-0.001334,-0.001014,0.999985,-0.001683,0.004981,0.001184,0.008926,-0.008589,0.000122
9,63.217306,146,relative,29,3.550223,0.050000,0.721259,-1.223318,0.200000,0.692134,-0.060130,0.000000,0.000000,0.000000,0.000000,0.000000,0.000000,0.000000,0.000000,0.721671,-1.222768,0.200463,0.688467,-0.063925,-0.000507,0.999987,-0.001498,0.004797,0.001186,0.005871,-0.006169,0.000084,0.211364,-0.060026,0.050965,-0.001310,0.000412,0.000550,0.000463,-0.003667,-0.003796,-0.000507,0.999987,-0.001498,0.004797,0.001186,0.005871,-0.006169,0.000084
9,63.217306,146,relative,30,3.600223,0.100000,0.756039,-1.226224,0.200000,0.699049,-0.056107,0.000000,0.000000,0.000000,0.000000,0.000000,0.000000,0.000000,0.000000,0.756187,-1.225936,0.197960,0.692169,-0.062796,-0.099610,0.999987,-0.001388,0.004675,0.001187,0.002870,-0.003621,0.000047,0,0,0,0,0.000148,0.000288,-0.002040,-0.006880,-0.006689,-0.099610,0.999987,-0.001388,0.004675,0.001187,0.002870,-0.003621,0.000047
10,78.025993,164,relative,0,0.000000,0.096966,-0.821438,-0.570298,0.200000,0.228119,-0.328575,0.000000,0.000000,0.000000,0.000000,0.000000,0.000000,0.000000,0.000000,-0.000097,-0.027063,2.074103,0.010582,-0.102905,-0.464600,0.999886,0.014910,0.002518,0.000111,-0.029026,0.131445,-0.000001,0.311281,0.175003,-0.531366,0.012207,0.821341,0.543235,1.874103,-0.217537,0.225670,-0.464600,0.999886,0.014910,0.002518,0.000111,-0.029026,0.131445,-0.000001
10,78.025993,164,relative,1,0.096966,0.192440,-0.798700,-0.601729,0.200000,0.240863,-0.319727,0.000000,0.000000,0.000000,0.000000,0.000000,0.000000,0.000000,0.000000,0.001410,-0.038614,2.037108,0.022409,-0.134969,-0.298449,0.999874,0.013914,0.007641,0.000206,-0.012059,0.079920,0.000672,0.244062,0.079018,-0.378056,0.003233,0.800111,0.563115,1.837108,-0.218455,0.184758,-0.298449,0.999874,0.013914,0.007641,0.000206,-0.012059,0.079920,0.000672
10,78.025993,164,relative,2,0.289406,0.199443,-0.749915,-0.661568,0.200000,0.266156,-0.302168,0.000000,0.000000,0.000000,0.000000,0.000000,0.000000,0.000000,0.000000,0.008944,-0.069155,1.965310,0.058315,-0.182188,-0.447778,0.999839,0.013485,0.011829,0.000349,0.003142,0.007167,0.001025,0.261439,0.096485,-0.221556,-0.004744,0.758859,0.592413,1.765310,-0.207841,0.119979,-0.447778,0.999839,0.013485,0.011829,0.000349,0.003142,0.007167,0.001025
10,78.025993,164,relative,3,0.488849,0.199790,-0.694218,-0.720019,0.200000,0.292369,-0.283969,0.000000,0.000000,0.000000,0.000000,0.000000,0.000000,0.000000,0.000000,0.025082,-0.110784,1.873351,0.102559,-0.236088,-0.474382,0.999838,0.014759,0.010340,0.000388,0.022387,-0.037020,0.000487,0.265245,-0.041946,-0.075953,-0.009770,0.719300,0.609234,1.673351,-0.189809,0.047881,-0.474382,0.999838,0.014759,0.010340,0.000388,0.022387,-0.037020,0.000487
10,78.025993,164,relative,4,0.688639,0.199807,-0.633183,-0.774931,0.200000,0.318627,-0.265739,0.000000,0.000000,0.000000,0.000000,0.000000,0.000000,0.000000,0.000000,0.049096,-0.164003,1.778726,0.134918,-0.297846,-0.472854,0.999845,0.016578,0.005886,0.000296,0.014005,-0.052195,-0.000622,0.266035,-0.092427,0.022651,-0.018024,0.682279,0.610929,1.578726,-0.183709,-0.032107,-0.472854,0.999845,0.016578,0.005886,0.000296,0.014005,-0.052195,-0.000622
10,78.025993,164,relative,5,0.888446,0.199809,-0.566895,-0.826206,0.200000,0.344888,-0.247507,0.000000,0.000000,0.000000,0.000000,0.000000,0.000000,0.000000,0.000000,0.077701,-0.230157,1.684988,0.148141,-0.364651,-0.465421,0.999854,0.017054,0.000901,0.000045,-0.004475,-0.047669,-0.002670,0.265927,-0.092762,0.076302,-0.024831,0.644597,0.596049,1.484988,-0.196747,-0.117144,-0.465421,0.999854,0.017054,0.000901,0.000045,-0.004475,-0.047669,-0.002670
10,78.025993,164,relative,6,1.088255,0.199812,-0.495360,-0.873839,0.200000,0.371148,-0.229275,0.000000,0.000000,0.000000,0.000000,0.000000,0.000000,0.000000,0.000000,0.107081,-0.309603,1.592663,0.143317,-0.429669,-0.458686,0.999872,0.015680,-0.003092,-0.000432,-0.023033,-0.032414,-0.005490,0.265848,-0.100477,0.130196,-0.024021,0.602442,0.564236,1.392663,-0.227831,-0.200395,-0.458686,0.999872,0.015680,-0.003092,-0.000432,-0.023033,-0.032414,-0.005490
10,78.025993,164,relative,7,1.288067,0.199804,-0.418577,-0.917829,0.200000,0.397410,-0.211042,0.000000,0.000000,0.000000,0.000000,0.000000,0.000000,0.000000,0.000000,0.134161,-0.401252,1.501643,0.126469,-0.485507,-0.452319,0.999910,0.012377,-0.005017,-0.001159,-0.043129,-0.006365,-0.008219,0.265861,-0.086633,0.142998,-0.016916,0.552738,0.516578,1.301643,-0.270941,-0.274465,-0.452319,0.999910,0.012377,-0.005017,-0.001159,-0.043129,-0.006365,-0.008219
10,78.025993,164,relative,8,1.487871,0.199791,-0.336549,-0.958175,0.200000,0.423670,-0.192811,0.000000,0.000000,0.000000,0.000000,0.000000,0.000000,0.000000,0.000000,0.157465,-0.502500,1.411944,0.107326,-0.524577,-0.445479,0.999963,0.007210,-0.004205,-0.002094,-0.060427,0.022280,-0.010140,0.264943,-0.045013,0.113351,-0.009400,0.494014,0.455675,1.211944,-0.316344,-0.331766,-0.445479,0.999963,0.007210,-0.004205,-0.002094,-0.060427,0.022280,-0.010140
10,78.025993,164,relative,9,1.687662,0.199783,-0.249280,-0.994876,0.200000,0.449929,-0.174580,0.000000,0.000000,0.000000,0.000000,0.000000,0.000000,0.000000,0.000000,0.177623,-0.609311,1.322980,0.096690,-0.540425,-0.445047,0.999994,0.000739,-0.000822,-0.003165,-0.069365,0.045031,-0.011208,0.263194,-0.016607,0.086790,-0.000211,0.426904,0.385565,1.122980,-0.353239,-0.365845,-0.445047,0.999994,0.000739,-0.000822,-0.003165,-0.069365,0.045031,-0.011208
10,78.025993,164,relative,10,1.887445,0.199695,-0.156769,-1.027933,0.200000,0.476186,-0.156350,0.000000,0.000000,0.000000,0.000000,0.000000,0.000000,0.000000,0.000000,0.197266,-0.716660,1.232825,0.103469,-0.529661,-0.457519,0.999960,-0.006333,0.004572,-0.004290,-0.072592,0.062491,-0.011232,0.272335,0.065702,0.006294,-0.002528,0.354035,0.311273,1.032825,-0.372717,-0.373311,-0.457519,0.999960,-0.006333,0.004572,-0.004290,-0.072592,0.062491,-0.011232
10,78.025993,164,relative,11,2.087141,0.199098,-0.059057,-1.057336,0.200000,0.502432,-0.138129,0.000000,0.000000,0.000000,0.000000,0.000000,0.000000,0.000000,0.000000,0.220628,-0.818972,1.146924,0.134781,-0.490639,-0.402954,0.999843,-0.012898,0.010900,-0.005437,-0.059363,0.063862,-0.011519,0.276430,0.061885,-0.025061,0.002052,0.279684,0.238364,0.946924,-0.367652,-0.352511,-0.402954,0.999843,-0.012898,0.010900,-0.005437,-0.059363,0.063862,-0.011519
10,78.025993,164,relative,12,2.286238,0.199783,0.043581,-1.083029,0.200000,0.528600,-0.119961,0.000000,0.000000,0.000000,0.000000,0.000000,0.000000,0.000000,0.000000,0.252765,-0.910701,1.075025,0.192247,-0.427259,-0.319527,0.999668,-0.018167,0.017027,-0.006593,-0.046935,0.058964,-0.011287,0.235215,0.112759,-0.096299,-0.002810,0.209184,0.172328,0.875025,-0.336353,-0.307297,-0.319527,0.999668,-0.018167,0.017027,-0.006593,-0.046935,0.058964,-0.011287
10,78.025993,164,relative,13,2.486022,0.199852,0.151810,-1.105174,0.200000,0.554857,-0.101732,0.000000,0.000000,0.000000,0.000000,0.000000,0.000000,0.000000,0.000000,0.297766,-0.989316,0.989013,0.261135,-0.357725,-0.541720,0.999493,-0.021711,0.021959,-0.007766,-0.024322,0.039787,-0.011606,0.292426,0.139831,-0.116640,0.000336,0.145956,0.115858,0.789013,-0.293722,-0.255993,-0.541720,0.999493,-0.021711,0.021959,-0.007766,-0.024322,0.039787,-0.011606
10,78.025993,164,relative,14,2.685874,0.199866,0.265324,-1.123683,0.200000,0.581124,-0.083496,0.000000,0.000000,0.000000,0.000000,0.000000,0.000000,0.000000,0.000000,0.360014,-1.051253,0.900684,0.363847,-0.261403,-0.342346,0.999395,-0.022746,0.024753,-0.008962,0.003672,0.016494,-0.011568,0.220985,0.123883,-0.165565,0.014712,0.094691,0.072430,0.700684,-0.217276,-0.177907,-0.342346,0.999395,-0.022746,0.024753,-0.008962,0.003672,0.016494,-0.011568
10,78.025993,164,relative,15,2.885739,0.199941,0.384095,-1.138548,0.200000,0.607392,-0.065258,0.000000,0.000000,0.000000,0.000000,0.000000,0.000000,0.000000,0.000000,0.440977,-1.096248,0.799428,0.446303,-0.189721,-0.670857,0.999420,-0.021170,0.024707,-0.010075,0.028433,-0.016622,-0.009896,0.081254,0.058515,-0.103410,0.015996,0.056881,0.042300,0.599428,-0.161089,-0.124463,-0.670857,0.999420,-0.021170,0.024707,-0.010075,0.028433,-0.016622,-0.009896
10,78.025993,164,relative,16,3.085680,0.199870,0.508165,-1.149772,0.200000,0.633670,-0.047014,0.000000,0.000000,0.000000,0.000000,0.000000,0.000000,0.000000,0.000000,0.533118,-1.131789,0.529248,0.474823,-0.166471,-2.031698,0.999540,-0.017796,0.021957,-0.011001,0.040096,-0.037345,-0.008078,0.412747,0.068429,-0.077575,0.014969,0.024953,0.017983,0.329248,-0.158847,-0.119457,-2.031698,0.999540,-0.017796,0.021957,-0.011001,0.040096,-0.037345,-0.008078
10,78.025993,164,relative,17,3.285550,0.050000,0.637442,-1.157346,0.200000,0.659939,-0.028777,0.000000,0.000000,0.000000,0.000000,0.000000,0.000000,0.000000,0.000000,0.640686,-1.155212,0.232145,0.596864,-0.072570,-0.940926,0.999693,-0.013175,0.017385,-0.011745,0.053724,-0.052901,-0.006377,0.600000,0.023043,-0.065308,0.009388,0.003244,0.002134,0.032145,-0.063076,-0.043793,-0.940926,0.999693,-0.013175,0.017385,-0.011745,0.053724,-0.052901,-0.006377
10,78.025993,164,relative,18,3.335550,0.050010,0.670603,-1.158671,0.200000,0.666511,-0.024214,0.000000,0.000000,0.000000,0.000000,0.000000,0.000000,0.000000,0.000000,0.671478,-1.158144,0.200589,0.634295,-0.045220,-0.321283,0.999731,-0.011837,0.016004,-0.011907,0.054863,-0.056179,-0.006110,0.599934,-0.020013,-0.011132,0.004738,0.000875,0.000527,0.000589,-0.032216,-0.021006,-0.321283,0.999731,-0.011837,0.016004,-0.011907,0.054863,-0.056179,-0.006110
10,78.025993,164,relative,19,3.385560,0.050262,0.704099,-1.159768,0.200000,0.673084,-0.019651,0.000000,0.000000,0.000000,0.000000,0.000000,0.000000,0.000000,0.000000,0.704069,-1.159783,0.200020,0.668565,-0.020820,0.298528,0.999766,-0.010497,0.014574,-0.012063,0.053850,-0.056748,-0.005975,0.098277,-0.035543,-0.007969,0.006136,-0.000031,-0.000015,0.000020,-0.004519,-0.001169,0.298528,0.999766,-0.010497,0.014574,-0.012063,0.053850,-0.056748,-0.005975
10,78.025993,164,relative,20,3.435822,0.198542,0.738096,-1.160640,0.200000,0.679689,-0.015065,0.000000,0.000000,0.000000,0.000000,0.000000,0.000000,0.000000,0.000000,0.737803,-1.160739,0.207228,0.673675,-0.017283,-0.011703,0.999797,-0.009186,0.013126,-0.012215,0.052050,-0.057160,-0.005800,0.264025,-0.116126,0.080592,0.015143,-0.000293,-0.000099,0.007228,-0.006014,-0.002218,-0.011703,0.999797,-0.009186,0.013126,-0.012215,0.052050,-0.057160,-0.005800
10,78.025993,164,relative,21,3.634364,0.198491,0.875633,-1.161833,0.200000,0.705784,0.003052,0.000000,0.000000,0.000000,0.000000,0.000000,0.000000,0.000000,0.000000,0.875965,-1.161265,0.204214,0.714871,0.009463,-0.018554,0.999872,-0.005233,0.008191,-0.012714,0.028957,-0.041190,-0.004091,0.267274,-0.119067,0.128684,0.014097,0.000332,0.000568,0.004214,0.009087,0.006411,-0.018554,0.999872,-0.005233,0.008191,-0.012714,0.028957,-0.041190,-0.004091
10,78.025993,164,relative,22,3.832854,0.074708,1.018314,-1.159430,0.200000,0.731871,0.021164,0.000000,0.000000,0.000000,0.000000,0.000000,0.000000,0.000000,0.000000,1.020624,-1.157673,0.202257,0.740841,0.025670,-0.001126,0.999894,-0.003571,0.005347,-0.013041,0.005309,-0.015657,-0.002500,0.269451,-0.049421,0.089651,0.010478,0.002310,0.001757,0.002257,0.008969,0.004506,-0.001126,0.999894,-0.003571,0.005347,-0.013041,0.005309,-0.015657,-0.002500
10,78.025993,164,relative,23,3.907562,0.050445,1.073357,-1.157594,0.200000,0.741690,0.027980,0.000000,0.000000,0.000000,0.000000,0.000000,0.000000,0.000000,0.000000,1.076261,-1.155563,0.202645,0.748505,0.030786,0.011494,0.999896,-0.003448,0.004885,-0.013125,0.001615,-0.008960,-0.002055,0.258297,-0.032601,0.064277,0.008401,0.002904,0.002031,0.002645,0.006815,0.002806,0.011494,0.999896,-0.003448,0.004885,-0.013125,0.001615,-0.008960,-0.002055
10,78.025993,164,relative,24,3.958006,0.050458,1.110938,-1.156066,0.200000,0.748320,0.032583,0.000000,0.000000,0.000000,0.000000,0.000000,0.000000,0.000000,0.000000,1.114137,-1.153927,0.202914,0.753167,0.034041,-0.000821,0.999896,-0.003431,0.004700,-0.013173,-0.000030,-0.005717,-0.001814,0.265954,-0.012461,0.028403,0.007252,0.003199,0.002139,0.002914,0.004847,0.001458,-0.000821,0.999896,-0.003431,0.004700,-0.013173,-0.000030,-0.005717,-0.001814
10,78.025993,164,relative,25,4.008465,0.050415,1.148865,-1.154306,0.200000,0.754952,0.037188,0.000000,0.000000,0.000000,0.000000,0.000000,0.000000,0.000000,0.000000,1.152259,-1.152125,0.202923,0.757818,0.037394,0.001172,0.999896,-0.003441,0.004573,-0.013216,-0.000659,-0.004284,-0.001606,0.262861,0.003212,0.009429,0.006005,0.003394,0.002181,0.002923,0.002866,0.000207,0.001172,0.999896,-0.003441,0.004573,-0.013216,-0.000659,-0.004284,-0.001606
10,78.025993,164,relative,26,4.058880,0.050422,1.187093,-1.152315,0.200000,0.761578,0.041788,0.000000,0.000000,0.000000,0.000000,0.000000,0.000000,0.000000,0.000000,1.190578,-1.150156,0.202886,0.762301,0.040722,-0.002610,0.999896,-0.003457,0.004472,-0.013254,-0.000497,-0.003809,-0.001434,0.265920,0.009919,-0.000468,0.006136,0.003485,0.002159,0.002886,0.000723,-0.001066,-0.002610,0.999896,-0.003457,0.004472,-0.013254,-0.000497,-0.003809,-0.001434
10,78.025993,164,relative,27,4.109302,0.050423,1.225660,-1.150092,0.200000,0.768205,0.046389,0.000000,0.000000,0.000000,0.000000,0.000000,0.000000,0.000000,0.000000,1.229126,-1.148018,0.202803,0.766739,0.044102,-0.000681,0.999896,-0.003465,0.004375,-0.013287,0.000003,-0.003832,-0.001258,0.272993,0.011614,-0.004520,0.006215,0.003466,0.002075,0.002803,-0.001466,-0.002287,-0.000681,0.999896,-0.003465,0.004375,-0.013287,0.000003,-0.003832,-0.001258
10,78.025993,164,relative,28,4.159725,0.050414,1.264562,-1.147637,0.200000,0.774832,0.050990,0.000000,0.000000,0.000000,0.000000,0.000000,0.000000,0.000000,0.000000,1.267901,-1.145706,0.203151,0.771196,0.047574,0.014458,0.999896,-0.003459,0.004276,-0.013317,0.000588,-0.004060,-0.001080,0.239305,0.007679,-0.001078,0.006407,0.003338,0.001931,0.003151,-0.003636,-0.003416,0.014458,0.999896,-0.003459,0.004276,-0.013317,0.000588,-0.004060,-0.001080
10,78.025993,164,relative,29,4.210139,0.050443,1.303792,-1.144951,0.200000,0.781458,0.055590,0.000000,0.000000,0.000000,0.000000,0.000000,0.000000,0.000000,0.000000,1.306877,-1.143231,0.202676,0.775012,0.050607,-0.033304,0.999896,-0.003441,0.004172,-0.013341,0.000975,-0.004114,-0.000896,0.229462,-0.004254,0.012282,0.006377,0.003084,0.001719,0.002676,-0.006446,-0.004982,-0.033304,0.999896,-0.003441,0.004172,-0.013341,0.000975,-0.004114,-0.000896
10,78.025993,164,relative,30,4.260582,0.100000,1.343378,-1.142031,0.200000,0.788088,0.060193,0.000000,0.000000,0.000000,0.000000,0.000000,0.000000,0.000000,0.000000,1.346061,-1.140606,0.199327,0.778586,0.053501,-0.099480,0.999897,-0.003420,0.004076,-0.013361,0.000760,-0.003495,-0.000713,0,0,0,0,0.002683,0.001425,-0.000673,-0.009502,-0.006692,-0.099480,0.999897,-0.003420,0.004076,-0.013361,0.000760,-0.003495,-0.000713
11,71.698904,161,relative,0,0.000000,0.199999,-0.802772,-0.596287,0.200000,0.238515,-0.321109,0.000000,0.000000,0.000000,0.000000,0.000000,0.000000,0.000000,0.000000,0.000737,-0.034761,2.019307,0.019882,-0.114990,-0.666504,0.999938,0.009902,0.005147,0.000153,-0.021646,-0.012689,-0.001065,0.288424,0.257432,-0.058156,-0.005762,0.803509,0.561525,1.819307,-0.218632,0.206118,-0.666504,0.999938,0.009902,0.005147,0.000153,-0.021646,-0.012689,-0.001065
11,71.698904,161,relative,1,0.199999,0.199999,-0.752500,-0.658600,0.200000,0.264203,-0.302028,0.000000,0.000000,0.000000,0.000000,0.000000,0.000000,0.000000,0.000000,0.006691,-0.061865,1.903405,0.038341,-0.156338,-0.492514,0.999941,0.010311,0.003298,-0.000005,0.029836,-0.024322,-0.001720,0.266440,0.092591,-0.018498,-0.014882,0.759191,0.596735,1.703405,-0.225862,0.145690,-0.492514,0.999941,0.010311,0.003298,-0.000005,0.029836,-0.024322,-0.001720
11,71.698904,161,relative,2,0.399998,0.199999,-0.697091,-0.717097,0.200000,0.289892,-0.282946,0.000000,0.000000,0.000000,0.000000,0.000000,0.000000,0.000000,0.000000,0.015329,-0.097655,1.806011,0.046313,-0.204140,-0.481489,0.999899,0.014219,0.000683,-0.000301,0.048344,-0.028037,-0.003412,0.265531,-0.049020,0.037425,-0.015638,0.712420,0.619442,1.606011,-0.243579,0.078807,-0.481489,0.999899,0.014219,0.000683,-0.000301,0.048344,-0.028037,-0.003412
11,71.698904,161,relative,3,0.599997,0.199999,-0.636544,-0.771778,0.200000,0.315580,-0.263865,0.000000,0.000000,0.000000,0.000000,0.000000,0.000000,0.000000,0.000000,0.024515,-0.144677,1.710105,0.043950,-0.268925,-0.477671,0.999826,0.018561,-0.001742,-0.000769,0.038524,-0.020580,-0.005191,0.265511,-0.135098,0.078915,-0.010154,0.661059,0.627101,1.510105,-0.271630,-0.005060,-0.477671,0.999826,0.018561,-0.001742,-0.000769,0.038524,-0.020580,-0.005191
11,71.698904,161,relative,4,0.799996,0.199999,-0.570859,-0.822643,0.200000,0.341269,-0.244784,0.000000,0.000000,0.000000,0.000000,0.000000,0.000000,0.000000,0.000000,0.032395,-0.206177,1.614892,0.034017,-0.347710,-0.474532,0.999773,0.021061,-0.003003,-0.001364,0.011494,-0.004819,-0.006345,0.265558,-0.164851,0.091615,-0.004333,0.603255,0.616466,1.414892,-0.307252,-0.102925,-0.474532,0.999773,0.021061,-0.003003,-0.001364,0.011494,-0.004819,-0.006345
11,71.698904,161,relative,5,0.999994,0.199999,-0.500037,-0.869691,0.200000,0.366957,-0.225703,0.000000,0.000000,0.000000,0.000000,0.000000,0.000000,0.000000,0.000000,0.038003,-0.284043,1.520316,0.022345,-0.430634,-0.471222,0.999783,0.020565,-0.002554,-0.002016,-0.021472,0.013509,-0.006838,0.265709,-0.175420,0.105678,0.003086,0.538040,0.585648,1.320316,-0.344613,-0.204930,-0.471222,0.999783,0.020565,-0.002554,-0.002016,-0.021472,0.013509,-0.006838
11,71.698904,161,relative,6,1.199993,0.199999,-0.424077,-0.912923,0.200000,0.392646,-0.206622,0.000000,0.000000,0.000000,0.000000,0.000000,0.000000,0.000000,0.000000,0.041699,-0.377865,1.426541,0.016206,-0.505046,-0.466431,0.999858,0.016672,-0.000123,-0.002642,-0.056531,0.034684,-0.006487,0.265083,-0.132382,0.098888,-0.001155,0.465776,0.535058,1.226541,-0.376440,-0.298423,-0.466431,0.999858,0.016672,-0.000123,-0.002642,-0.056531,0.034684,-0.006487
11,71.698904,161,relative,7,1.399992,0.199999,-0.342980,-0.952339,0.200000,0.418334,-0.187541,0.000000,0.000000,0.000000,0.000000,0.000000,0.000000,0.000000,0.000000,0.045398,-0.484597,1.333328,0.023732,-0.557730,-0.465598,0.999938,0.009710,0.004366,-0.003224,-0.082963,0.054531,-0.006618,0.266067,-0.075078,0.044309,0.001819,0.388378,0.467743,1.133328,-0.394603,-0.370189,-0.465598,0.999938,0.009710,0.004366,-0.003224,-0.082963,0.054531,-0.006618
11,71.698904,161,relative,8,1.599990,0.199999,-0.256745,-0.987939,0.200000,0.444023,-0.168460,0.000000,0.000000,0.000000,0.000000,0.000000,0.000000,0.000000,0.000000,0.052606,-0.598841,1.241060,0.052271,-0.578803,-0.457091,0.999940,0.000682,0.010302,-0.003778,-0.097920,0.063482,-0.006411,0.265394,0.002767,-0.006024,-0.004391,0.309351,0.389099,1.041060,-0.391752,-0.410343,-0.457091,0.999940,0.000682,0.010302,-0.003778,-0.097920,0.063482,-0.006411
11,71.698904,161,relative,9,1.799989,0.199999,-0.165372,-1.019723,0.200000,0.469711,-0.149379,0.000000,0.000000,0.000000,0.000000,0.000000,0.000000,0.000000,0.000000,0.067947,-0.713609,1.149964,0.105315,-0.562530,-0.454034,0.999811,-0.009061,0.016630,-0.004339,-0.097303,0.062376,-0.006911,0.263981,0.098274,-0.063985,-0.002323,0.233319,0.306114,0.949964,-0.364396,-0.413151,-0.454034,0.999811,-0.009061,0.016630,-0.004339,-0.097303,0.062376,-0.006911
11,71.698904,161,relative,10,1.999988,0.199999,-0.068861,-1.047691,0.200000,0.495400,-0.130298,0.000000,0.000000,0.000000,0.000000,0.000000,0.000000,0.000000,0.000000,0.096310,-0.821403,1.058304,0.182009,-0.509755,-0.462874,0.999582,-0.017791,0.022262,-0.004948,-0.077588,0.049672,-0.007175,0.268039,0.185815,-0.180066,0.011614,0.165171,0.226287,0.858304,-0.313391,-0.379457,-0.462874,0.999582,-0.017791,0.022262,-0.004948,-0.077588,0.049672,-0.007175
11,71.698904,161,relative,11,2.199986,0.199998,0.032787,-1.071842,0.200000,0.521089,-0.111217,0.000000,0.000000,0.000000,0.000000,0.000000,0.000000,0.000000,0.000000,0.142129,-0.915439,0.967693,0.278318,-0.426728,-0.443496,0.999380,-0.023686,0.025448,-0.005523,-0.040394,0.013718,-0.005854,0.307197,0.172040,-0.161739,0.012533,0.109342,0.156403,0.767693,-0.242771,-0.315511,-0.443496,0.999380,-0.023686,0.025448,-0.005523,-0.040394,0.013718,-0.005854
11,71.698904,161,relative,12,2.399984,0.151464,0.139572,-1.092177,0.200000,0.546777,-0.092136,0.000000,0.000000,0.000000,0.000000,0.000000,0.000000,0.000000,0.000000,0.209515,-0.989594,0.909769,0.395389,-0.313076,-0.135829,0.999326,-0.026018,0.025204,-0.005970,-0.005987,-0.018611,-0.004429,0.089579,0.182369,-0.110740,0.011124,0.069943,0.102583,0.709769,-0.151388,-0.220940,-0.135829,0.999326,-0.026018,0.025204,-0.005970,-0.005987,-0.018611,-0.004429
11,71.698904,161,relative,13,2.551448,0.199999,0.223862,-1.105038,0.200000,0.566231,-0.077686,0.000000,0.000000,0.000000,0.000000,0.000000,0.000000,0.000000,0.000000,0.271288,-1.035048,0.814628,0.419937,-0.287206,-1.120440,0.999389,-0.025446,0.023149,-0.006231,0.021623,-0.035387,-0.003471,0.080118,0.128528,-0.063916,0.005501,0.047425,0.069990,0.614628,-0.146294,-0.209520,-1.120440,0.999389,-0.025446,0.023149,-0.006231,0.021623,-0.035387,-0.003471
11,71.698904,161,relative,14,2.751447,0.199950,0.339677,-1.118667,0.200000,0.591920,-0.058604,0.000000,0.000000,0.000000,0.000000,0.000000,0.000000,0.000000,0.000000,0.357886,-1.089596,0.453561,0.445213,-0.258950,-2.490184,0.999556,-0.022034,0.018943,-0.006519,0.047308,-0.048186,-0.002846,0.599983,0.066141,0.007464,0.000320,0.018209,0.029071,0.253561,-0.146707,-0.200346,-2.490184,0.999556,-0.022034,0.018943,-0.006519,0.047308,-0.048186,-0.002846
11,71.698904,161,relative,15,2.951397,0.050000,0.460599,-1.128478,0.200000,0.617602,-0.039528,0.000000,0.000000,0.000000,0.000000,0.000000,0.000000,0.000000,0.000000,0.462422,-1.123393,0.203119,0.593291,-0.086981,-0.014318,0.999737,-0.016683,0.014159,-0.006797,0.060513,-0.046717,-0.002809,0.259323,-0.007025,-0.016099,0.004789,0.001823,0.005085,0.003119,-0.024312,-0.047453,-0.014318,0.999737,-0.016683,0.014159,-0.006797,0.060513,-0.046717,-0.002809
11,71.698904,161,relative,16,3.001398,0.199998,0.491640,-1.130335,0.200000,0.624025,-0.034758,0.000000,0.000000,0.000000,0.000000,0.000000,0.000000,0.000000,0.000000,0.492420,-1.127356,0.202135,0.606422,-0.071771,-0.025012,0.999777,-0.015184,0.012970,-0.006868,0.060157,-0.047528,-0.002673,0.269883,-0.063137,0.069364,0.010395,0.000780,0.002979,0.002135,-0.017602,-0.037013,-0.025012,0.999777,-0.015184,0.012970,-0.006868,0.060157,-0.047528,-0.002673
11,71.698904,161,relative,17,3.201396,0.199999,0.619013,-1.135378,0.200000,0.649713,-0.015677,0.000000,0.000000,0.000000,0.000000,0.000000,0.000000,0.000000,0.000000,0.618332,-1.136427,0.200722,0.649958,-0.022489,0.011027,0.999887,-0.009832,0.008870,-0.007083,0.047516,-0.033673,-0.001491,0.261842,-0.107492,0.097730,0.009075,-0.000680,-0.001049,0.000722,0.000245,-0.006812,0.011027,0.999887,-0.009832,0.008870,-0.007083,0.047516,-0.033673,-0.001491
11,71.698904,161,relative,18,3.401395,0.199999,0.751523,-1.136605,0.200000,0.675402,0.003404,0.000000,0.000000,0.000000,0.000000,0.000000,0.000000,0.000000,0.000000,0.751411,-1.137675,0.200631,0.679257,0.007654,-0.011867,0.999934,-0.006173,0.006453,-0.007190,0.026014,-0.014133,-0.000460,0.267661,-0.074060,0.063415,0.005551,-0.000112,-0.001069,0.000631,0.003855,0.004250,-0.011867,0.999934,-0.006173,0.006453,-0.007190,0.026014,-0.014133,-0.000460
11,71.698904,161,relative,19,3.601394,0.199999,0.889172,-1.134016,0.200000,0.701090,0.022485,0.000000,0.000000,0.000000,0.000000,0.000000,0.000000,0.000000,0.000000,0.889689,-1.134007,0.200299,0.702997,0.027799,0.008557,0.999949,-0.004319,0.005661,-0.007211,0.011202,-0.001450,0.000172,0.262948,-0.064342,0.039451,0.003698,0.000517,0.000009,0.000299,0.001907,0.005313,0.008557,0.999949,-0.004319,0.005661,-0.007211,0.011202,-0.001450,0.000172
11,71.698904,161,relative,20,3.801392,0.199999,1.031958,-1.127611,0.200000,0.726779,0.041566,0.000000,0.000000,0.000000,0.000000,0.000000,0.000000,0.000000,0.000000,1.032509,-1.126885,0.200567,0.725378,0.043112,-0.005866,0.999949,-0.003840,0.005907,-0.007176,-0.001666,0.006440,0.000592,0.266245,-0.031646,0.000925,0.002812,0.000552,0.000726,0.000567,-0.001400,0.001546,-0.005866,0.999949,-0.003840,0.005907,-0.007176,-0.001666,0.006440,0.000592
11,71.698904,161,relative,21,4.001391,0.199999,1.179881,-1.117390,0.200000,0.752467,0.060648,0.000000,0.000000,0.000000,0.000000,0.000000,0.000000,0.000000,0.000000,1.180011,-1.116724,0.200392,0.750077,0.058816,0.004103,0.999944,-0.004318,0.006564,-0.007101,-0.007996,0.006624,0.000912,0.263703,0.007743,-0.021591,0.001815,0.000129,0.000666,0.000392,-0.002390,-0.001832,0.004103,0.999944,-0.004318,0.006564,-0.007101,-0.007996,0.006624,0.000912
11,71.698904,161,relative,22,4.201389,0.199997,1.332942,-1.103353,0.200000,0.778156,0.079729,0.000000,0.000000,0.000000,0.000000,0.000000,0.000000,0.000000,0.000000,1.332675,-1.103194,0.200322,0.776871,0.076947,-0.004807,0.999938,-0.005036,0.007016,-0.006996,-0.006448,0.002305,0.001118,0.266091,0.024914,-0.030780,-0.003935,-0.000268,0.000158,0.000322,-0.001285,-0.002782,-0.004807,0.999938,-0.005036,0.007016,-0.006996,-0.006448,0.002305,0.001118
11,71.698904,161,relative,23,4.401387,0.051068,1.491140,-1.085499,0.200000,0.803844,0.098809,0.000000,0.000000,0.000000,0.000000,0.000000,0.000000,0.000000,0.000000,1.490837,-1.085771,0.200235,0.804728,0.097547,0.003934,0.999937,-0.005432,0.006942,-0.006904,-0.001466,-0.003851,0.000671,0.261945,0.016082,-0.013885,-0.002791,-0.000303,-0.000272,0.000235,0.000884,-0.001262,0.003934,0.999937,-0.005432,0.006942,-0.006904,-0.001466,-0.003851,0.000671
11,71.698904,161,relative,24,4.452454,0.050009,1.532358,-1.080329,0.200000,0.810403,0.103682,0.000000,0.000000,0.000000,0.000000,0.000000,0.000000,0.000000,0.000000,1.532108,-1.080653,0.200293,0.811591,0.102898,-0.001675,0.999938,-0.005459,0.006835,-0.006887,-0.000644,-0.004561,0.000590,0.266290,0.017740,-0.012140,-0.001871,-0.000250,-0.000324,0.000293,0.001188,-0.000784,-0.001675,0.999938,-0.005459,0.006835,-0.006887,-0.000644,-0.004561,0.000590
11,71.698904,161,relative,25,4.502463,0.050003,1.573046,-1.075024,0.200000,0.816827,0.108453,0.000000,0.000000,0.000000,0.000000,0.000000,0.000000,0.000000,0.000000,1.572863,-1.075374,0.200273,0.818311,0.108241,0.000881,0.999939,-0.005465,0.006713,-0.006872,0.000243,-0.005168,0.000536,0.263711,0.016570,-0.009635,-0.001430,-0.000183,-0.000349,0.000273,0.001485,-0.000212,0.000881,0.999939,-0.005465,0.006713,-0.006872,0.000243,-0.005168,0.000536
11,71.698904,161,relative,26,4.552466,0.050003,1.614050,-1.069482,0.200000,0.823249,0.113223,0.000000,0.000000,0.000000,0.000000,0.000000,0.000000,0.000000,0.000000,1.613945,-1.069829,0.200262,0.824839,0.113528,-0.001338,0.999940,-0.005449,0.006578,-0.006859,0.001072,-0.005649,0.000496,0.266084,0.013685,-0.005715,-0.001417,-0.000105,-0.000347,0.000262,0.001590,0.000305,-0.001338,0.999940,-0.005449,0.006578,-0.006859,0.001072,-0.005649,0.000496
11,71.698904,161,relative,27,4.602469,0.050003,1.655376,-1.063701,0.200000,0.829672,0.117994,0.000000,0.000000,0.000000,0.000000,0.000000,0.000000,0.000000,0.000000,1.655352,-1.064019,0.200249,0.831288,0.118839,0.000840,0.999941,-0.005415,0.006433,-0.006846,0.001756,-0.005935,0.000455,0.272129,0.009445,-0.000607,-0.001367,-0.000024,-0.000318,0.000249,0.001616,0.000845,0.000840,0.999941,-0.005415,0.006433,-0.006846,0.001756,-0.005935,0.000455
11,71.698904,161,relative,28,4.652472,0.050003,1.697023,-1.057682,0.200000,0.836094,0.122765,0.000000,0.000000,0.000000,0.000000,0.000000,0.000000,0.000000,0.000000,1.697080,-1.057942,0.200625,0.837733,0.124229,0.014213,0.999943,-0.005366,0.006284,-0.006835,0.002228,-0.005965,0.000417,0.244636,0.004506,0.005297,-0.001311,0.000058,-0.000260,0.000625,0.001639,0.001465,0.014213,0.999943,-0.005366,0.006284,-0.006835,0.002228,-0.005965,0.000417
11,71.698904,161,relative,29,4.702475,0.050003,1.738990,-1.051424,0.200000,0.842517,0.127535,0.000000,0.000000,0.000000,0.000000,0.000000,0.000000,0.000000,0.000000,1.739111,-1.051610,0.200398,0.843393,0.129027,-0.023319,0.999944,-0.005308,0.006138,-0.006824,0.002454,-0.005701,0.000379,0.223938,-0.000592,0.011971,-0.001284,0.000121,-0.000186,0.000398,0.000876,0.001492,-0.023319,0.999944,-0.005308,0.006138,-0.006824,0.002454,-0.005701,0.000379
11,71.698904,161,relative,30,4.752478,0.100000,1.781279,-1.044928,0.200000,0.848939,0.132306,0.000000,0.000000,0.000000,0.000000,0.000000,0.000000,0.000000,0.000000,1.781410,-1.045050,0.197335,0.848456,0.133371,-0.099178,0.999945,-0.005248,0.006002,-0.006815,0.002424,-0.005102,0.000343,0,0,0,0,0.000131,-0.000122,-0.002665,-0.000483,0.001065,-0.099178,0.999945,-0.005248,0.006002,-0.006815,0.002424,-0.005102,0.000343
12,71.184076,154,relative,0,0.000000,0.199878,-0.783283,-0.621665,0.200000,0.248666,-0.313313,0.000000,0.000000,0.000000,0.000000,0.000000,0.000000,0.000000,0.000000,0.001949,-0.042427,1.968487,0.025848,-0.130493,-0.646973,0.999921,0.011674,0.004616,0.000124,-0.053996,-0.023129,-0.000212,0.265542,0.577193,-0.174432,0.006743,0.785232,0.579239,1.768487,-0.222818,0.182820,-0.646973,0.999921,0.011674,0.004616,0.000124,-0.053996,-0.023129,-0.000212
12,71.184076,154,relative,1,0.199878,0.199932,-0.731077,-0.682303,0.200000,0.273716,-0.293432,0.000000,0.000000,0.000000,0.000000,0.000000,0.000000,0.000000,0.000000,0.008513,-0.072767,1.839616,0.037174,-0.173333,-0.642511,0.999927,0.012043,0.000562,0.000100,0.061374,-0.057993,0.000555,0.263293,0.123035,0.033494,0.012763,0.739590,0.609536,1.639616,-0.236542,0.120099,-0.642511,0.999927,0.012043,0.000562,0.000100,0.061374,-0.057993,0.000555
12,71.184076,154,relative,2,0.399810,0.199902,-0.673847,-0.738981,0.200000,0.298772,-0.273546,0.000000,0.000000,0.000000,0.000000,0.000000,0.000000,0.000000,0.000000,0.015433,-0.112992,1.709908,0.028508,-0.233844,-0.655174,0.999800,0.019407,-0.004900,0.000161,0.085983,-0.051282,0.002005,0.263792,-0.142309,0.155247,0.007873,0.689281,0.625989,1.509908,-0.270265,0.039701,-0.655174,0.999800,0.019407,-0.004900,0.000161,0.085983,-0.051282,0.002005
12,71.184076,154,relative,3,0.599712,0.199820,-0.611618,-0.791676,0.200000,0.323825,-0.253662,0.000000,0.000000,0.000000,0.000000,0.000000,0.000000,0.000000,0.000000,0.018655,-0.168339,1.577933,0.001405,-0.324561,-0.665475,0.999611,0.026577,-0.008476,0.000374,0.057548,-0.020221,0.002900,0.263754,-0.292275,0.201189,0.009355,0.630274,0.623337,1.377933,-0.322420,-0.070898,-0.665475,0.999611,0.026577,-0.008476,0.000374,0.057548,-0.020221,0.002900
12,71.184076,154,relative,4,0.799533,0.199749,-0.544409,-0.840377,0.200000,0.348868,-0.233787,0.000000,0.000000,0.000000,0.000000,0.000000,0.000000,0.000000,0.000000,0.015504,-0.244113,1.443795,-0.032954,-0.435705,-0.677208,0.999531,0.029405,-0.008496,0.000742,-0.000855,0.019994,0.003963,0.264066,-0.350034,0.210494,0.001397,0.559913,0.596264,1.243795,-0.381822,-0.201919,-0.677208,0.999531,0.029405,-0.008496,0.000742,-0.000855,0.019994,0.003963
12,71.184076,154,relative,5,0.999281,0.199808,-0.472223,-0.885092,0.200000,0.373901,-0.213918,0.000000,0.000000,0.000000,0.000000,0.000000,0.000000,0.000000,0.000000,0.006012,-0.342379,1.307584,-0.059425,-0.545851,-0.686456,0.999656,0.025822,-0.004417,0.001238,-0.070799,0.062018,0.004121,0.264556,-0.309279,0.179066,0.001038,0.478235,0.542713,1.107584,-0.433327,-0.331932,-0.686456,0.999656,0.025822,-0.004417,0.001238,-0.070799,0.062018,0.004121
12,71.184076,154,relative,6,1.199089,0.199908,-0.395013,-0.925849,0.200000,0.398942,-0.194044,0.000000,0.000000,0.000000,0.000000,0.000000,0.000000,0.000000,0.000000,-0.006656,-0.460419,1.169982,-0.062184,-0.629044,-0.690604,0.999870,0.015649,0.003537,0.001818,-0.132646,0.097733,0.004239,0.264487,-0.125516,0.017046,0.013058,0.388357,0.465430,0.969982,-0.461126,-0.435000,-0.690604,0.999870,0.015649,0.003537,0.001818,-0.132646,0.097733,0.004239
12,71.184076,154,relative,7,1.398998,0.199918,-0.312757,-0.962652,0.200000,0.423996,-0.174160,0.000000,0.000000,0.000000,0.000000,0.000000,0.000000,0.000000,0.000000,-0.016413,-0.590476,1.031569,-0.028988,-0.662622,-0.694109,0.999906,0.001117,0.013434,0.002526,-0.157813,0.101030,0.005723,0.269490,0.055216,-0.109598,0.012767,0.296344,0.372176,0.831569,-0.452984,-0.488462,-0.694109,0.999906,0.001117,0.013434,0.002526,-0.157813,0.101030,0.005723
12,71.184076,154,relative,8,1.598916,0.199883,-0.225488,-0.995482,0.200000,0.449051,-0.154275,0.000000,0.000000,0.000000,0.000000,0.000000,0.000000,0.000000,0.000000,-0.015591,-0.721310,0.896100,0.043130,-0.636096,-0.661482,0.999644,-0.014122,0.022389,0.003389,-0.146862,0.078970,0.007174,0.279649,0.265727,-0.200153,0.010376,0.209897,0.274172,0.696100,-0.405920,-0.481821,-0.661482,0.999644,-0.014122,0.022389,0.003389,-0.146862,0.078970,0.007174
12,71.184076,154,relative,9,1.798799,0.199881,-0.133227,-1.024332,0.200000,0.474101,-0.134393,0.000000,0.000000,0.000000,0.000000,0.000000,0.000000,0.000000,0.000000,0.003206,-0.840735,0.774415,0.148932,-0.550535,-0.556616,0.999250,-0.026145,0.028241,0.004353,-0.093817,0.038822,0.008353,0.257662,0.309513,-0.211441,0.003062,0.136433,0.183597,0.574415,-0.325169,-0.416141,-0.556616,0.999250,-0.026145,0.028241,0.004353,-0.093817,0.038822,0.008353
12,71.184076,154,relative,10,1.998680,0.199965,-0.035959,-1.049208,0.200000,0.499151,-0.114512,0.000000,0.000000,0.000000,0.000000,0.000000,0.000000,0.000000,0.000000,0.044038,-0.939773,0.657184,0.260705,-0.436431,-0.616696,0.999010,-0.032409,0.029999,0.005339,-0.031973,-0.003522,0.008701,0.103209,0.323617,-0.198603,-0.003741,0.079998,0.109435,0.457184,-0.238446,-0.321920,-0.616696,0.999010,-0.032409,0.029999,0.005339,-0.031973,-0.003522,0.008701
12,71.184076,154,relative,11,2.198644,0.191403,0.066359,-1.070117,0.200000,0.524212,-0.094622,0.000000,0.000000,0.000000,0.000000,0.000000,0.000000,0.000000,0.000000,0.100655,-1.021991,0.413861,0.304966,-0.385910,-1.816929,0.999074,-0.032331,0.027692,0.006263,0.032768,-0.043235,0.008276,0.501609,0.241773,-0.145197,0.000664,0.034296,0.048127,0.213861,-0.219245,-0.291288,-1.816929,0.999074,-0.032331,0.027692,0.006263,0.032768,-0.043235,0.008276
12,71.184076,154,relative,12,2.390047,0.118093,0.168990,-1.086406,0.200000,0.548199,-0.075584,0.000000,0.000000,0.000000,0.000000,0.000000,0.000000,0.000000,0.000000,0.176645,-1.074726,0.225590,0.482689,-0.171540,-0.149640,0.999364,-0.026925,0.022291,0.007088,0.079113,-0.070959,0.008348,0.317124,0.272125,-0.129241,0.004085,0.007654,0.011680,0.025590,-0.065511,-0.095956,-0.149640,0.999364,-0.026925,0.022291,0.007088,0.079113,-0.070959,0.008348
12,71.184076,154,relative,13,2.508141,0.050127,0.234603,-1.094639,0.200000,0.563000,-0.063837,0.000000,0.000000,0.000000,0.000000,0.000000,0.000000,0.000000,0.000000,0.237028,-1.090834,0.221238,0.537852,-0.103889,0.076149,0.999588,-0.021262,0.017708,0.007589,0.111309,-0.086149,0.008622,0.121112,0.021268,0.027236,0.002405,0.002425,0.003804,0.021238,-0.025148,-0.040052,0.076149,0.999588,-0.021262,0.017708,0.007589,0.111309,-0.086149,0.008622
12,71.184076,154,relative,14,2.558268,0.173325,0.262982,-1.097714,0.200000,0.569282,-0.058851,0.000000,0.000000,0.000000,0.000000,0.000000,0.000000,0.000000,0.000000,0.264179,-1.095812,0.218358,0.545267,-0.094907,-0.191051,0.999678,-0.018439,0.015593,0.007802,0.112404,-0.084747,0.008691,0.292639,-0.172179,0.157177,-0.001540,0.001197,0.001902,0.018358,-0.024015,-0.036056,-0.191051,0.999678,-0.018439,0.015593,0.007802,0.112404,-0.084747,0.008691
12,71.184076,154,relative,15,2.731593,0.181763,0.363535,-1.106420,0.200000,0.591004,-0.041611,0.000000,0.000000,0.000000,0.000000,0.000000,0.000000,0.000000,0.000000,0.363000,-1.107218,0.200555,0.591263,-0.042061,-0.014129,0.999869,-0.009930,0.009515,0.008530,0.082641,-0.057394,0.008539,0.268940,-0.258031,0.195631,-0.003765,-0.000535,-0.000798,0.000555,0.000260,-0.000449,-0.014129,0.999869,-0.009930,0.009515,0.008530,0.082641,-0.057394,0.008539
12,71.184076,154,relative,16,2.913356,0.184814,0.473028,-1.112340,0.200000,0.613783,-0.023532,0.000000,0.000000,0.000000,0.000000,0.000000,0.000000,0.000000,0.000000,0.473102,-1.112284,0.200435,0.618115,-0.016971,0.012881,0.999929,-0.004511,0.005972,0.009273,0.035786,-0.021767,0.008150,0.261326,-0.198752,0.124758,-0.004702,0.000074,0.000056,0.000435,0.004331,0.006561,0.012881,0.999929,-0.004511,0.005972,0.009273,0.035786,-0.021767,0.008150
12,71.184076,154,relative,17,3.098170,0.193931,0.588604,-1.114991,0.200000,0.636945,-0.005149,0.000000,0.000000,0.000000,0.000000,0.000000,0.000000,0.000000,0.000000,0.589141,-1.114185,0.200559,0.637076,-0.004571,-0.011522,0.999933,-0.002888,0.005045,0.009998,-0.000934,0.001310,0.007656,0.267496,-0.086261,0.055957,-0.005762,0.000537,0.000806,0.000559,0.000131,0.000578,-0.011522,0.999933,-0.002888,0.005045,0.009998,-0.000934,0.001310,0.007656
12,71.184076,154,relative,18,3.292101,0.199279,0.714484,-1.114119,0.200000,0.661250,0.014140,0.000000,0.000000,0.000000,0.000000,0.000000,0.000000,0.000000,0.000000,0.714606,-1.113914,0.200140,0.657241,0.007951,0.007192,0.999919,-0.003793,0.005690,0.010712,-0.017670,0.012152,0.007021,0.263955,0.002088,-0.006163,-0.011489,0.000121,0.000205,0.000140,-0.004008,-0.006190,0.007192,0.999919,-0.003793,0.005690,0.010712,-0.017670,0.012152,0.007021
12,71.184076,154,relative,19,3.491380,0.199782,0.848746,-1.109326,0.200000,0.686224,0.033962,0.000000,0.000000,0.000000,0.000000,0.000000,0.000000,0.000000,0.000000,0.847921,-1.110604,0.200878,0.681456,0.026417,0.000196,0.999897,-0.005542,0.006823,0.011352,-0.017265,0.010907,0.005719,0.265899,0.045885,-0.027537,-0.010289,-0.000825,-0.001278,0.000878,-0.004768,-0.007544,0.000196,0.999897,-0.005542,0.006823,0.011352,-0.017265,0.010907,0.005719
12,71.184076,154,relative,20,3.691162,0.199781,0.988342,-1.100556,0.200000,0.711262,0.053833,0.000000,0.000000,0.000000,0.000000,0.000000,0.000000,0.000000,0.000000,0.986840,-1.102919,0.201644,0.709770,0.051360,0.007451,0.999877,-0.006815,0.007625,0.011869,-0.008105,0.005395,0.004551,0.262633,0.069626,-0.045336,-0.009334,-0.001502,-0.002363,0.001644,-0.001492,-0.002474,0.007451,0.999877,-0.006815,0.007625,0.011869,-0.008105,0.005395,0.004551
12,71.184076,154,relative,21,3.890943,0.199599,1.132939,-1.087816,0.200000,0.736300,0.073705,0.000000,0.000000,0.000000,0.000000,0.000000,0.000000,0.000000,0.000000,1.131606,-1.089917,0.201436,0.739533,0.078878,-0.009528,0.999871,-0.006927,0.007713,0.012271,0.005805,-0.003663,0.003491,0.265944,0.061285,-0.041165,-0.008851,-0.001333,-0.002101,0.001436,0.003233,0.005173,-0.009528,0.999871,-0.006927,0.007713,0.012271,0.005805,-0.003663,0.003491
12,71.184076,154,relative,22,4.090541,0.199484,1.282400,-1.071124,0.200000,0.761314,0.093558,0.000000,0.000000,0.000000,0.000000,0.000000,0.000000,0.000000,0.000000,1.282137,-1.071535,0.200287,0.768316,0.104515,-0.001968,0.999880,-0.005726,0.006955,0.012566,0.018040,-0.011874,0.002486,0.266755,0.022202,-0.019107,-0.007373,-0.000263,-0.000412,0.000287,0.007001,0.010957,-0.001968,0.999880,-0.005726,0.006955,0.012566,0.018040,-0.011874,0.002486
12,71.184076,154,relative,23,4.290025,0.137943,1.436764,-1.050481,0.200000,0.786315,0.113400,0.000000,0.000000,0.000000,0.000000,0.000000,0.000000,0.000000,0.000000,1.437948,-1.048656,0.201257,0.792957,0.123526,0.011708,0.999896,-0.003687,0.005607,0.012766,0.022474,-0.015680,0.001650,0.262632,-0.000423,-0.004537,-0.006666,0.001184,0.001826,0.001257,0.006642,0.010126,0.011708,0.999896,-0.003687,0.005607,0.012766,0.022474,-0.015680,0.001650
12,71.184076,154,relative,24,4.427968,0.053405,1.546422,-1.033892,0.200000,0.803602,0.127121,0.000000,0.000000,0.000000,0.000000,0.000000,0.000000,0.000000,0.000000,1.548295,-1.031018,0.202076,0.806460,0.131496,0.000182,0.999905,-0.002124,0.004525,0.012857,0.022417,-0.016302,0.001128,0.265402,-0.008564,-0.000130,-0.004695,0.001872,0.002874,0.002076,0.002858,0.004375,0.000182,0.999905,-0.002124,0.004525,0.012857,0.022417,-0.016302,0.001128
12,71.184076,154,relative,25,4.481373,0.050533,1.589518,-1.026961,0.200000,0.810295,0.132433,0.000000,0.000000,0.000000,0.000000,0.000000,0.000000,0.000000,0.000000,1.591486,-1.023940,0.202113,0.810961,0.133469,0.001212,0.999907,-0.001526,0.004097,0.012883,0.021961,-0.016308,0.000985,0.262661,-0.010736,0.004501,-0.003306,0.001968,0.003022,0.002113,0.000666,0.001036,0.001212,0.999907,-0.001526,0.004097,0.012883,0.021961,-0.016308,0.000985
12,71.184076,154,relative,26,4.531906,0.050418,1.630624,-1.020142,0.200000,0.816628,0.137459,0.000000,0.000000,0.000000,0.000000,0.000000,0.000000,0.000000,0.000000,1.632564,-1.017161,0.202070,0.814775,0.134746,-0.002940,0.999909,-0.000973,0.003695,0.012905,0.021419,-0.016080,0.000890,0.265707,-0.014366,0.008170,-0.003338,0.001940,0.002982,0.002070,-0.001854,-0.002713,-0.002940,0.999909,-0.000973,0.003695,0.012905,0.021419,-0.016080,0.000890
12,71.184076,154,relative,27,4.582324,0.050315,1.671956,-1.013085,0.200000,0.822947,0.142474,0.000000,0.000000,0.000000,0.000000,0.000000,0.000000,0.000000,0.000000,1.673732,-1.010346,0.201960,0.818236,0.135488,-0.001389,0.999911,-0.000437,0.003302,0.012925,0.020695,-0.015667,0.000794,0.266828,-0.017907,0.012668,-0.003270,0.001776,0.002739,0.001960,-0.004711,-0.006986,-0.001389,0.999911,-0.000437,0.003302,0.012925,0.020695,-0.015667,0.000794
12,71.184076,154,relative,28,4.632639,0.050250,1.713522,-1.005791,0.200000,0.829253,0.147479,0.000000,0.000000,0.000000,0.000000,0.000000,0.000000,0.000000,0.000000,1.714981,-1.003521,0.201982,0.821327,0.135705,0.002249,0.999912,0.000078,0.002922,0.012942,0.019794,-0.015029,0.000701,0.243738,-0.021786,0.018001,-0.003202,0.001460,0.002269,0.001982,-0.007926,-0.011774,0.002249,0.999912,0.000078,0.002922,0.012942,0.019794,-0.015029,0.000701
12,71.184076,154,relative,29,4.682889,0.050235,1.755350,-0.998254,0.200000,0.835551,0.152477,0.000000,0.000000,0.000000,0.000000,0.000000,0.000000,0.000000,0.000000,1.756317,-0.996707,0.201107,0.823817,0.135443,-0.037087,0.999913,0.000566,0.002562,0.012957,0.018700,-0.014124,0.000609,0.230991,-0.026442,0.024351,-0.003154,0.000967,0.001548,0.001107,-0.011734,-0.017034,-0.037087,0.999913,0.000566,0.002562,0.012957,0.018700,-0.014124,0.000609
12,71.184076,154,relative,30,4.733124,0.100000,1.797482,-0.990469,0.200000,0.841846,0.157474,0.000000,0.000000,0.000000,0.000000,0.000000,0.000000,0.000000,0.000000,1.797755,-0.989918,0.197660,0.825882,0.134785,-0.100128,0.999913,0.001023,0.002229,0.012970,0.017372,-0.012901,0.000519,0,0,0,0,0.000273,0.000551,-0.002340,-0.015964,-0.022689,-0.100128,0.999913,0.001023,0.002229,0.012970,0.017372,-0.012901,0.000519
13,70.849907,154,relative,0,0.000000,0.199973,-0.765572,-0.643350,0.200000,0.257340,-0.306229,0.000000,0.000000,0.000000,0.000000,0.000000,0.000000,0.000000,0.000000,0.003677,-0.051322,1.924574,0.033966,-0.139160,-0.480469,0.999931,0.009831,0.006462,0.000112,-0.085971,0.012187,-0.005331,0.201443,0.458987,-0.013624,0.012819,0.769249,0.592028,1.724574,-0.223374,0.167069,-0.480469,0.999931,0.009831,0.006462,0.000112,-0.085971,0.012187,-0.005331
13,70.849907,154,relative,1,0.199973,0.199954,-0.711662,-0.702529,0.200000,0.281835,-0.285644,0.000000,0.000000,0.000000,0.000000,0.000000,0.000000,0.000000,0.000000,0.012512,-0.081457,1.781490,0.054936,-0.160231,-0.950541,0.999955,0.005821,0.007550,-0.000313,0.005821,0.009492,-0.003873,0.278570,0.303700,-0.149097,-0.004688,0.724174,0.621073,1.581490,-0.226899,0.125414,-0.950541,0.999955,0.005821,0.007550,-0.000313,0.005821,0.009492,-0.003873
13,70.849907,154,relative,2,0.399926,0.199987,-0.652859,-0.757587,0.200000,0.306328,-0.265062,0.000000,0.000000,0.000000,0.000000,0.000000,0.000000,0.000000,0.000000,0.026638,-0.116186,1.601528,0.085979,-0.189631,-0.849532,0.999931,0.009435,0.007009,-0.000758,0.066544,-0.020344,-0.004406,0.248329,0.143852,-0.242971,0.009705,0.679497,0.641401,1.401528,-0.220348,0.075431,-0.849532,0.999931,0.009435,0.007009,-0.000758,0.066544,-0.020344,-0.004406
13,70.849907,154,relative,3,0.599913,0.199993,-0.589148,-0.808538,0.200000,0.330824,-0.244476,0.000000,0.000000,0.000000,0.000000,0.000000,0.000000,0.000000,0.000000,0.046008,-0.158485,1.419314,0.104983,-0.238341,-0.972825,0.999843,0.017518,0.002540,-0.001247,0.095287,-0.068982,-0.003303,0.264121,-0.266917,0.081011,0.014744,0.635156,0.650053,1.219314,-0.225842,0.006136,-0.972825,0.999843,0.017518,0.002540,-0.001247,0.095287,-0.068982,-0.003303
13,70.849907,154,relative,4,0.799907,0.199993,-0.520536,-0.855373,0.200000,0.355322,-0.223890,0.000000,0.000000,0.000000,0.000000,0.000000,0.000000,0.000000,0.000000,0.067139,-0.214071,1.224039,0.102351,-0.321999,-0.980190,0.999695,0.024366,-0.003553,-0.001621,0.041882,-0.052807,-0.001626,0.264207,-0.317120,0.214134,0.013913,0.587675,0.641301,1.024039,-0.252971,-0.098109,-0.980190,0.999695,0.024366,-0.003553,-0.001621,0.041882,-0.052807,-0.001626
13,70.849907,154,relative,5,0.999899,0.199989,-0.447025,-0.898090,0.200000,0.379819,-0.203303,0.000000,0.000000,0.000000,0.000000,0.000000,0.000000,0.000000,0.000000,0.085652,-0.288338,1.027257,0.080742,-0.421343,-0.987753,0.999654,0.025378,-0.006691,-0.001780,-0.021545,-0.009984,-0.000045,0.296241,-0.267201,0.211979,0.006585,0.532677,0.609753,0.827257,-0.299078,-0.218040,-0.987753,0.999654,0.025378,-0.006691,-0.001780,-0.021545,-0.009984,-0.000045
13,70.849907,154,relative,6,1.199889,0.199992,-0.368615,-0.936690,0.200000,0.404316,-0.182717,0.000000,0.000000,0.000000,0.000000,0.000000,0.000000,0.000000,0.000000,0.098855,-0.383219,0.852674,0.052129,-0.524000,-0.757992,0.999772,0.020555,-0.005562,-0.001753,-0.074983,0.032407,0.000704,0.204028,-0.139114,0.136639,0.000340,0.467471,0.553471,0.652674,-0.352188,-0.341283,-0.757992,0.999772,0.020555,-0.005562,-0.001753,-0.074983,0.032407,0.000704
13,70.849907,154,relative,7,1.399881,0.199993,-0.285305,-0.971174,0.200000,0.428814,-0.162131,0.000000,0.000000,0.000000,0.000000,0.000000,0.000000,0.000000,0.000000,0.107987,-0.493400,0.655914,0.041527,-0.573380,-1.209525,0.999930,0.011674,-0.000943,-0.001637,-0.102810,0.059724,0.000743,0.365706,-0.029002,0.038606,0.005437,0.393293,0.477774,0.455914,-0.387287,-0.411250,-1.209525,0.999930,0.011674,-0.000943,-0.001637,-0.102810,0.059724,0.000743
13,70.849907,154,relative,8,1.599874,0.050025,-0.197096,-1.001540,0.200000,0.453311,-0.141544,0.000000,0.000000,0.000000,0.000000,0.000000,0.000000,0.000000,0.000000,0.116891,-0.612516,0.488664,0.053281,-0.608299,-0.462940,0.999984,0.001114,0.005431,-0.001469,-0.108620,0.067428,0.001361,0.441639,0.209972,-0.094881,0.005815,0.313987,0.389024,0.288664,-0.400030,-0.466755,-0.462940,0.999984,0.001114,0.005431,-0.001469,-0.108620,0.067428,0.001361
13,70.849907,154,relative,9,1.649900,0.050037,-0.174266,-1.008492,0.200000,0.459439,-0.136395,0.000000,0.000000,0.000000,0.000000,0.000000,0.000000,0.000000,0.000000,0.119801,-0.642956,0.473696,0.063519,-0.607987,-0.135490,0.999973,-0.001469,0.007061,-0.001417,-0.098120,0.062676,0.001526,0.122665,0.049469,0.004329,0.004440,0.294067,0.365536,0.273696,-0.395920,-0.471592,-0.135490,0.999973,-0.001469,0.007061,-0.001417,-0.098120,0.062676,0.001526
13,70.849907,154,relative,10,1.699936,0.199970,-0.151123,-1.015188,0.200000,0.465568,-0.131244,0.000000,0.000000,0.000000,0.000000,0.000000,0.000000,0.000000,0.000000,0.123066,-0.673352,0.460322,0.067089,-0.606771,-0.399057,0.999954,-0.003891,0.008635,-0.001362,-0.095648,0.062886,0.001653,0.268583,-0.015140,0.024403,0.003730,0.274189,0.341836,0.260322,-0.398479,-0.475527,-0.399057,0.999954,-0.003891,0.008635,-0.001362,-0.095648,0.062886,0.001653
13,70.849907,154,relative,11,1.899906,0.199955,-0.055575,-1.039375,0.200000,0.490062,-0.110660,0.000000,0.000000,0.000000,0.000000,0.000000,0.000000,0.000000,0.000000,0.140771,-0.791870,0.383203,0.114336,-0.572152,-0.372467,0.999792,-0.013595,0.015179,-0.001118,-0.098694,0.067739,0.002077,0.280218,0.039280,-0.025526,0.001512,0.196346,0.247505,0.183203,-0.375726,-0.461492,-0.372467,0.999792,-0.013595,0.015179,-0.001118,-0.098694,0.067739,0.002077
13,70.849907,154,relative,12,2.099861,0.199950,0.044864,-1.059444,0.200000,0.514555,-0.090078,0.000000,0.000000,0.000000,0.000000,0.000000,0.000000,0.000000,0.000000,0.170857,-0.899307,0.319844,0.191105,-0.495922,-0.261675,0.999498,-0.023057,0.021706,-0.000846,-0.090862,0.062604,0.002249,0.270368,0.177359,-0.137471,-0.000373,0.125993,0.160138,0.119844,-0.323451,-0.405845,-0.261675,0.999498,-0.023057,0.021706,-0.000846,-0.090862,0.062604,0.002249
13,70.849907,154,relative,13,2.299812,0.199969,0.150199,-1.075398,0.200000,0.539048,-0.069495,0.000000,0.000000,0.000000,0.000000,0.000000,0.000000,0.000000,0.000000,0.218505,-0.988157,0.271101,0.288747,-0.387939,-0.226286,0.999185,-0.030355,0.026597,-0.000577,-0.055415,0.035091,0.002206,0.265651,0.314208,-0.229321,-0.002652,0.068306,0.087240,0.071101,-0.250301,-0.318444,-0.226286,0.999185,-0.030355,0.026597,-0.000577,-0.055415,0.035091,0.002206
13,70.849907,154,relative,14,2.499781,0.199879,0.260440,-1.087236,0.200000,0.563542,-0.048911,0.000000,0.000000,0.000000,0.000000,0.000000,0.000000,0.000000,0.000000,0.287017,-1.053287,0.225739,0.397274,-0.261893,-0.227551,0.999076,-0.032747,0.027819,-0.000344,0.007413,-0.010773,0.001905,0.295951,0.317539,-0.230738,-0.009041,0.026576,0.033949,0.025739,-0.166268,-0.212982,-0.227551,0.999076,-0.032747,0.027819,-0.000344,0.007413,-0.010773,0.001905
13,70.849907,154,relative,15,2.699659,0.199537,0.375527,-1.094957,0.200000,0.588025,-0.028337,0.000000,0.000000,0.000000,0.000000,0.000000,0.000000,0.000000,0.000000,0.378275,-1.091649,0.202482,0.513400,-0.124809,-0.004851,0.999285,-0.028834,0.024445,-0.000203,0.070888,-0.056886,0.000877,0.270818,0.130388,-0.089281,-0.007982,0.002748,0.003307,0.002482,-0.074625,-0.096472,-0.004851,0.999285,-0.028834,0.024445,-0.000203,0.070888,-0.056886,0.000877
13,70.849907,154,relative,16,2.899196,0.199911,0.495299,-1.098562,0.200000,0.612467,-0.007797,0.000000,0.000000,0.000000,0.000000,0.000000,0.000000,0.000000,0.000000,0.489662,-1.106074,0.205422,0.598683,-0.025338,0.034778,0.999631,-0.020468,0.017884,-0.000175,0.096910,-0.074695,-0.000028,0.254857,-0.046798,0.039365,-0.006969,-0.005637,-0.007512,0.005422,-0.013784,-0.017541,0.034778,0.999631,-0.020468,0.017884,-0.000175,0.096910,-0.074695,-0.000028
13,70.849907,154,relative,17,3.099108,0.199943,0.620185,-1.098063,0.200000,0.636955,0.012781,0.000000,0.000000,0.000000,0.000000,0.000000,0.000000,0.000000,0.000000,0.615177,-1.104609,0.204758,0.652581,0.034202,-0.041110,0.999878,-0.011254,0.010810,-0.000238,0.087550,-0.066831,-0.000820,0.271239,-0.162783,0.126657,-0.006038,-0.005008,-0.006545,0.004758,0.015626,0.021421,-0.041110,0.999878,-0.011254,0.010810,-0.000238,0.087550,-0.066831,-0.000820
13,70.849907,154,relative,18,3.299051,0.199951,0.749989,-1.093450,0.200000,0.661446,0.033362,0.000000,0.000000,0.000000,0.000000,0.000000,0.000000,0.000000,0.000000,0.749188,-1.094314,0.201191,0.684283,0.064004,0.005559,0.999977,-0.004131,0.005392,-0.000370,0.054993,-0.041520,-0.001507,0.265826,-0.201147,0.156500,-0.004026,-0.000800,-0.000864,0.001191,0.022837,0.030642,0.005559,0.999977,-0.004131,0.005392,-0.000370,0.054993,-0.041520,-0.001507
13,70.849907,154,relative,19,3.499002,0.199957,0.884694,-1.084722,0.200000,0.685938,0.053944,0.000000,0.000000,0.000000,0.000000,0.000000,0.000000,0.000000,0.000000,0.887692,-1.080480,0.202999,0.699390,0.072083,0.012556,0.999996,-0.000646,0.002802,-0.000552,0.014767,-0.010236,-0.001964,0.263168,-0.161645,0.120126,-0.003094,0.002998,0.004242,0.002999,0.013452,0.018139,0.012556,0.999996,-0.000646,0.002802,-0.000552,0.014767,-0.010236,-0.001964
13,70.849907,154,relative,20,3.698959,0.199963,1.024301,-1.071878,0.200000,0.710431,0.074527,0.000000,0.000000,0.000000,0.000000,0.000000,0.000000,0.000000,0.000000,1.028577,-1.065902,0.204247,0.709880,0.073819,-0.000079,0.999995,-0.000786,0.002980,-0.000765,-0.017554,0.013785,-0.002316,0.263325,-0.067345,0.044683,-0.000845,0.004276,0.005975,0.004247,-0.000551,-0.000709,-0.000079,0.999995,-0.000786,0.002980,-0.000765,-0.017554,0.013785,-0.002316
13,70.849907,154,relative,21,3.898922,0.199966,1.168810,-1.054917,0.200000,0.734925,0.095111,0.000000,0.000000,0.000000,0.000000,0.000000,0.000000,0.000000,0.000000,1.171898,-1.050564,0.203081,0.724781,0.081168,-0.011594,0.999983,-0.003213,0.004807,-0.000996,-0.031014,0.022728,-0.002412,0.265437,0.020690,-0.018467,0.001034,0.003088,0.004353,0.003081,-0.010144,-0.013943,-0.011594,0.999983,-0.003213,0.004807,-0.000996,-0.031014,0.022728,-0.002412
13,70.849907,154,relative,22,4.098889,0.199969,1.318219,-1.033840,0.200000,0.759419,0.115694,0.000000,0.000000,0.000000,0.000000,0.000000,0.000000,0.000000,0.000000,1.319007,-1.032680,0.201163,0.747930,0.099597,-0.007624,0.999957,-0.006106,0.006897,-0.001224,-0.026870,0.019046,-0.002294,0.266813,0.084806,-0.062379,0.004862,0.000788,0.001160,0.001163,-0.011489,-0.016097,-0.007624,0.999957,-0.006106,0.006897,-0.001224,-0.026870,0.019046,-0.002294
13,70.849907,154,relative,23,4.298857,0.199727,1.472528,-1.008647,0.200000,0.783914,0.136278,0.000000,0.000000,0.000000,0.000000,0.000000,0.000000,0.000000,0.000000,1.471509,-1.010057,0.201037,0.778170,0.127878,0.006333,0.999934,-0.007944,0.008179,-0.001421,-0.009907,0.006578,-0.001742,0.263720,0.088651,-0.065606,0.004850,-0.001020,-0.001410,0.001037,-0.005744,-0.008400,0.006333,0.999934,-0.007944,0.008179,-0.001421,-0.009907,0.006578,-0.001742
13,70.849907,154,relative,24,4.498584,0.050125,1.631540,-0.979375,0.200000,0.808379,0.156837,0.000000,0.000000,0.000000,0.000000,0.000000,0.000000,0.000000,0.000000,1.630164,-0.981355,0.201400,0.810556,0.159605,-0.002701,0.999933,-0.008051,0.008181,-0.001566,0.007799,-0.006525,-0.001191,0.264762,0.044225,-0.032827,0.003495,-0.001376,-0.001979,0.001400,0.002178,0.002768,-0.002701,0.999933,-0.008051,0.008181,-0.001566,0.007799,-0.006525,-0.001191
13,70.849907,154,relative,25,4.548709,0.050052,1.672214,-0.971384,0.200000,0.814518,0.161997,0.000000,0.000000,0.000000,0.000000,0.000000,0.000000,0.000000,0.000000,1.670993,-0.973158,0.201256,0.818523,0.167401,-0.003027,0.999936,-0.007828,0.007996,-0.001595,0.010015,-0.008171,-0.001091,0.264865,0.034594,-0.026659,0.002630,-0.001220,-0.001774,0.001256,0.004004,0.005404,-0.003027,0.999936,-0.007828,0.007996,-0.001595,0.010015,-0.008171,-0.001091
13,70.849907,154,relative,26,4.598761,0.050054,1.713135,-0.963147,0.200000,0.820649,0.167149,0.000000,0.000000,0.000000,0.000000,0.000000,0.000000,0.000000,0.000000,1.712157,-0.964589,0.201101,0.826280,0.174946,-0.003157,0.999940,-0.007556,0.007774,-0.001622,0.011747,-0.009506,-0.001016,0.264931,0.030821,-0.023374,0.002743,-0.000978,-0.001442,0.001101,0.005631,0.007796,-0.003157,0.999940,-0.007556,0.007774,-0.001622,0.011747,-0.009506,-0.001016
13,70.849907,154,relative,27,4.648815,0.050053,1.754366,-0.954652,0.200000,0.826781,0.172302,0.000000,0.000000,0.000000,0.000000,0.000000,0.000000,0.000000,0.000000,1.753705,-0.955650,0.200943,0.833806,0.182205,-0.003155,0.999944,-0.007244,0.007521,-0.001647,0.013289,-0.010676,-0.000938,0.273086,0.024920,-0.017686,0.002778,-0.000661,-0.000998,0.000943,0.007026,0.009903,-0.003155,0.999944,-0.007244,0.007521,-0.001647,0.013289,-0.010676,-0.000938
13,70.849907,154,relative,28,4.698868,0.050049,1.795902,-0.945898,0.200000,0.832912,0.177454,0.000000,0.000000,0.000000,0.000000,0.000000,0.000000,0.000000,0.000000,1.795629,-0.946349,0.201164,0.841293,0.189353,0.011970,0.999949,-0.006896,0.007242,-0.001670,0.014536,-0.011562,-0.000859,0.244347,0.017564,-0.010288,0.002809,-0.000274,-0.000451,0.001164,0.008382,0.011899,0.011970,0.999949,-0.006896,0.007242,-0.001670,0.014536,-0.011562,-0.000859
13,70.849907,154,relative,29,4.748918,0.050053,1.837742,-0.936888,0.200000,0.839042,0.182606,0.000000,0.000000,0.000000,0.000000,0.000000,0.000000,0.000000,0.000000,1.837897,-0.936719,0.200809,0.847730,0.195421,-0.026159,0.999953,-0.006522,0.006945,-0.001691,0.015415,-0.012077,-0.000779,0.225339,0.011432,-0.002972,0.002869,0.000155,0.000169,0.000809,0.008688,0.012815,-0.026159,0.999953,-0.006522,0.006945,-0.001691,0.015415,-0.012077,-0.000779
13,70.849907,154,relative,30,4.798971,0.100000,1.879893,-0.927619,0.200000,0.845173,0.187758,0.000000,0.000000,0.000000,0.000000,0.000000,0.000000,0.000000,0.000000,1.880472,-0.926804,0.197664,0.853415,0.200697,-0.099515,0.999958,-0.006130,0.006641,-0.001710,0.015986,-0.012226,-0.000698,0,0,0,0,0.000579,0.000815,-0.002336,0.008241,0.012939,-0.099515,0.999958,-0.006130,0.006641,-0.001710,0.015986,-0.012226,-0.000698
14,79.230738,160,relative,0,0.000000,0.200000,-0.739233,-0.673450,0.200000,0.269380,-0.295693,0.000000,0.000000,0.000000,0.000000,0.000000,0.000000,0.000000,0.000000,0.007909,-0.067427,1.866074,0.047638,-0.152588,-0.527832,0.999931,0.010151,0.005890,-0.000056,0.003748,-0.069779,0.002128,0.275258,0.350406,-0.090186,0.016405,0.747142,0.606023,1.666074,-0.221742,0.143105,-0.527832,0.999931,0.010151,0.005890,-0.000056,0.003748,-0.069779,0.002128
14,79.230738,160,relative,1,0.200000,0.200000,-0.682991,-0.730434,0.200000,0.293035,-0.274143,0.000000,0.000000,0.000000,0.000000,0.000000,0.000000,0.000000,0.000000,0.018828,-0.102373,1.768149,0.056202,-0.199510,-0.451471,0.999900,0.014032,-0.001992,0.000155,0.073866,-0.087797,0.003994,0.265111,-0.095095,0.206579,0.014913,0.701819,0.628061,1.568149,-0.236834,0.074633,-0.451471,0.999900,0.014032,-0.001992,0.000155,0.073866,-0.087797,0.003994
14,79.230738,160,relative,2,0.399999,0.200000,-0.622019,-0.783107,0.200000,0.316691,-0.252592,0.000000,0.000000,0.000000,0.000000,0.000000,0.000000,0.000000,0.000000,0.028274,-0.148690,1.677918,0.033864,-0.267879,-0.451031,0.999752,0.020468,-0.008708,0.000560,0.054895,-0.046434,0.005689,0.265153,-0.316853,0.318279,0.014196,0.650292,0.634417,1.477918,-0.282827,-0.015287,-0.451031,0.999752,0.020468,-0.008708,0.000560,0.054895,-0.046434,0.005689
14,79.230738,160,relative,3,0.599999,0.200000,-0.556315,-0.831470,0.200000,0.340346,-0.231042,0.000000,0.000000,0.000000,0.000000,0.000000,0.000000,0.000000,0.000000,0.031233,-0.210817,1.587697,-0.005228,-0.354915,-0.451257,0.999688,0.022784,-0.010180,0.001201,-0.008462,0.017243,0.007303,0.265195,-0.279321,0.253551,0.011399,0.587548,0.620653,1.387697,-0.345575,-0.123873,-0.451257,0.999688,0.022784,-0.010180,0.001201,-0.008462,0.017243,0.007303
14,79.230738,160,relative,4,0.799999,0.200000,-0.485880,-0.875524,0.200000,0.364002,-0.209492,0.000000,0.000000,0.000000,0.000000,0.000000,0.000000,0.000000,0.000000,0.026590,-0.290459,1.497462,-0.038417,-0.439113,-0.450949,0.999797,0.019130,-0.005946,0.002056,-0.064379,0.067909,0.008599,0.264923,-0.226529,0.174397,0.007576,0.512470,0.585064,1.297462,-0.402419,-0.229622,-0.450949,0.999797,0.019130,-0.005946,0.002056,-0.064379,0.067909,0.008599
14,79.230738,160,relative,5,0.999999,0.200000,-0.410715,-0.915267,0.200000,0.387657,-0.187941,0.000000,0.000000,0.000000,0.000000,0.000000,0.000000,0.000000,0.000000,0.017586,-0.384798,1.407196,-0.046071,-0.498557,-0.451526,0.999938,0.010398,0.002546,0.003072,-0.109802,0.102668,0.009461,0.289584,0.084465,-0.100391,0.002148,0.428301,0.530468,1.207196,-0.433728,-0.310616,-0.451526,0.999938,0.010398,0.002546,0.003072,-0.109802,0.102668,0.009461
14,79.230738,160,relative,6,1.199998,0.057057,-0.330818,-0.950700,0.200000,0.411313,-0.166391,0.000000,0.000000,0.000000,0.000000,0.000000,0.000000,0.000000,0.000000,0.010864,-0.487447,1.335159,-0.014589,-0.520636,-0.268871,0.999922,0.000230,0.011760,0.004152,-0.093044,0.082442,0.009705,0.249798,0.247096,-0.219594,-0.008382,0.341682,0.463253,1.135159,-0.425901,-0.354246,-0.268871,0.999922,0.000230,0.011760,0.004152,-0.093044,0.082442,0.009705
14,79.230738,160,relative,7,1.257055,0.200000,-0.307157,-0.960018,0.200000,0.418061,-0.160243,0.000000,0.000000,0.000000,0.000000,0.000000,0.000000,0.000000,0.000000,0.010408,-0.517133,1.318904,-0.001007,-0.519487,-0.300898,0.999891,-0.002229,0.013922,0.004455,-0.078977,0.069877,0.009433,0.245006,0.146629,-0.155125,-0.004888,0.317565,0.442885,1.118904,-0.419068,-0.359245,-0.300898,0.999891,-0.002229,0.013922,0.004455,-0.078977,0.069877,0.009433
14,79.230738,160,relative,8,1.457055,0.199999,-0.221179,-0.989912,0.200000,0.441716,-0.138692,0.000000,0.000000,0.000000,0.000000,0.000000,0.000000,0.000000,0.000000,0.015999,-0.619325,1.243908,0.060155,-0.498508,-0.449214,0.999761,-0.008675,0.019326,0.005448,-0.049727,0.038763,0.008877,0.265342,0.171921,-0.144340,-0.005756,0.237178,0.370587,1.043908,-0.381561,-0.359815,-0.449214,0.999761,-0.008675,0.019326,0.005448,-0.049727,0.038763,0.008877
14,79.230738,160,relative,9,1.657054,0.200000,-0.130471,-1.015495,0.200000,0.465372,-0.117142,0.000000,0.000000,0.000000,0.000000,0.000000,0.000000,0.000000,0.000000,0.036013,-0.715032,1.154212,0.141551,-0.456416,-0.447861,0.999672,-0.011926,0.021746,0.006345,-0.015374,0.009852,0.008223,0.265207,0.054879,-0.081291,-0.005186,0.166483,0.300463,0.954212,-0.323821,-0.339274,-0.447861,0.999672,-0.011926,0.021746,0.006345,-0.015374,0.009852,0.008223
14,79.230738,160,relative,10,1.857054,0.200000,-0.035031,-1.036769,0.200000,0.489027,-0.095592,0.000000,0.000000,0.000000,0.000000,0.000000,0.000000,0.000000,0.000000,0.072908,-0.801410,1.064640,0.227502,-0.406722,-0.447879,0.999651,-0.012898,0.021921,0.007157,-0.004401,-0.006418,0.007633,0.265355,-0.037535,-0.016490,-0.004431,0.107939,0.235358,0.864640,-0.261526,-0.311130,-0.447879,0.999651,-0.012898,0.021921,0.007157,-0.004401,-0.006418,0.007633
14,79.230738,160,relative,11,2.057054,0.200000,0.065140,-1.053732,0.200000,0.512683,-0.074041,0.000000,0.000000,0.000000,0.000000,0.000000,0.000000,0.000000,0.000000,0.126890,-0.877544,0.975171,0.311785,-0.354084,-0.446802,0.999652,-0.013691,0.021117,0.007923,-0.011899,-0.009725,0.007130,0.265305,-0.053643,-0.000644,-0.004812,0.061750,0.176188,0.775171,-0.200898,-0.280043,-0.446802,0.999652,-0.013691,0.021117,0.007923,-0.011899,-0.009725,0.007130
14,79.230738,160,relative,12,2.257053,0.200000,0.170042,-1.066385,0.200000,0.536338,-0.052491,0.000000,0.000000,0.000000,0.000000,0.000000,0.000000,0.000000,0.000000,0.197370,-0.942726,0.885884,0.392359,-0.296627,-0.446076,0.999641,-0.015393,0.020133,0.008658,-0.022617,-0.009872,0.006582,0.265338,0.009492,-0.029279,-0.004184,0.027328,0.123659,0.685884,-0.143979,-0.244136,-0.446076,0.999641,-0.015393,0.020133,0.008658,-0.022617,-0.009872,0.006582
14,79.230738,160,relative,13,2.457053,0.200000,0.279675,-1.074728,0.200000,0.559993,-0.030941,0.000000,0.000000,0.000000,0.000000,0.000000,0.000000,0.000000,0.000000,0.283547,-0.995647,0.796760,0.468547,-0.231175,-0.445177,0.999625,-0.017535,0.018844,0.009356,-0.020706,-0.015749,0.006107,0.265359,0.053577,-0.035166,-0.003888,0.003873,0.079081,0.596760,-0.091446,-0.200235,-0.445177,0.999625,-0.017535,0.018844,0.009356,-0.020706,-0.015749,0.006107
14,79.230738,160,relative,14,2.657052,0.199999,0.394038,-1.078761,0.200000,0.583649,-0.009390,0.000000,0.000000,0.000000,0.000000,0.000000,0.000000,0.000000,0.000000,0.384363,-1.034690,0.707827,0.538333,-0.158276,-0.444150,0.999626,-0.019039,0.016913,0.010008,-0.009974,-0.022795,0.005665,0.265314,0.135921,-0.061139,-0.001364,-0.009675,0.044071,0.507827,-0.045316,-0.148886,-0.444150,0.999626,-0.019039,0.016913,0.010008,-0.009974,-0.022795,0.005665
14,79.230738,160,relative,15,2.857052,0.199999,0.513133,-1.078484,0.200000,0.607304,0.012160,0.000000,0.000000,0.000000,0.000000,0.000000,0.000000,0.000000,0.000000,0.498261,-1.058763,0.619081,0.598757,-0.082731,-0.443247,0.999671,-0.018638,0.014038,0.010616,0.017235,-0.035020,0.005509,0.265248,0.115481,-0.029961,-0.002263,-0.014873,0.019721,0.419081,-0.008547,-0.094891,-0.443247,0.999671,-0.018638,0.014038,0.010616,0.017235,-0.035020,0.005509
14,79.230738,160,relative,16,3.057051,0.200000,0.636960,-1.073897,0.200000,0.630960,0.033710,0.000000,0.000000,0.000000,0.000000,0.000000,0.000000,0.000000,0.000000,0.622977,-1.068241,0.530521,0.645965,-0.013982,-0.442223,0.999761,-0.015711,0.010279,0.011186,0.040362,-0.040989,0.005252,0.265134,0.009821,0.047824,-0.004058,-0.013983,0.005657,0.330521,0.015005,-0.047692,-0.442223,0.999761,-0.015711,0.010279,0.011186,0.040362,-0.040989,0.005252
14,79.230738,160,relative,17,3.257051,0.200000,0.765517,-1.065000,0.200000,0.654615,0.055261,0.000000,0.000000,0.000000,0.000000,0.000000,0.000000,0.000000,0.000000,0.755644,-1.065368,0.442159,0.678407,0.039947,-0.441286,0.999842,-0.011530,0.006715,0.011703,0.042353,-0.031393,0.004791,0.264543,-0.037752,0.069443,-0.005139,-0.009872,-0.000368,0.242159,0.023792,-0.015314,-0.441286,0.999842,-0.011530,0.006715,0.011703,0.042353,-0.031393,0.004791
14,79.230738,160,relative,18,3.457050,0.199999,0.898805,-1.051793,0.200000,0.678270,0.076811,0.000000,0.000000,0.000000,0.000000,0.000000,0.000000,0.000000,0.000000,0.893552,-1.053367,0.353606,0.699137,0.077508,-0.444184,0.999888,-0.007640,0.004322,0.012155,0.034820,-0.017478,0.004207,0.263833,-0.093122,0.088893,-0.007764,-0.005253,-0.001574,0.153606,0.020866,0.000697,-0.444184,0.999888,-0.007640,0.004322,0.012155,0.034820,-0.017478,0.004207
14,79.230738,160,relative,19,3.657050,0.199992,1.036824,-1.034276,0.200000,0.701926,0.098361,0.000000,0.000000,0.000000,0.000000,0.000000,0.000000,0.000000,0.000000,1.034872,-1.035256,0.263978,0.713548,0.101928,-0.452074,0.999903,-0.005077,0.003498,0.012528,0.016201,0.000315,0.003324,0.308159,-0.079782,0.053426,-0.007537,-0.001952,-0.000980,0.063978,0.011622,0.003566,-0.452074,0.999903,-0.005077,0.003498,0.012528,0.016201,0.000315,0.003324
14,79.230738,160,relative,20,3.857042,0.105218,1.179569,-1.012450,0.200000,0.725580,0.119911,0.000000,0.000000,0.000000,0.000000,0.000000,0.000000,0.000000,0.000000,1.179194,-1.012718,0.205614,0.730173,0.122844,-0.131586,0.999901,-0.004261,0.004076,0.012812,0.000242,0.011004,0.002467,0.305108,-0.059176,0.019824,-0.007020,-0.000375,-0.000269,0.005614,0.004593,0.002933,-0.131586,0.999901,-0.004261,0.004076,0.012812,0.000242,0.011004,0.002467
14,79.230738,160,relative,21,3.962260,0.107904,1.256568,-0.999236,0.200000,0.738025,0.131248,0.000000,0.000000,0.000000,0.000000,0.000000,0.000000,0.000000,0.000000,1.256549,-0.999250,0.200013,0.740463,0.133235,0.025130,0.999896,-0.004420,0.004708,0.012928,-0.005986,0.013089,0.002047,0.254571,-0.008803,-0.025811,-0.006563,-0.000019,-0.000013,0.000013,0.002438,0.001986,0.025130,0.999896,-0.004420,0.004708,0.012928,-0.005986,0.013089,0.002047
14,79.230738,160,relative,22,4.070164,0.115752,1.336892,-0.984447,0.200000,0.750788,0.142875,0.000000,0.000000,0.000000,0.000000,0.000000,0.000000,0.000000,0.000000,1.336983,-0.984368,0.200499,0.750584,0.142715,-0.016124,0.999890,-0.004776,0.005335,0.013027,-0.006938,0.010303,0.001644,0.270428,0.015286,-0.037943,-0.005944,0.000091,0.000079,0.000499,-0.000204,-0.000161,-0.016124,0.999890,-0.004776,0.005335,0.013027,-0.006938,0.010303,0.001644
14,79.230738,160,relative,23,4.185915,0.123150,1.424589,-0.967187,0.200000,0.764479,0.155348,0.000000,0.000000,0.000000,0.000000,0.000000,0.000000,0.000000,0.000000,1.424595,-0.967181,0.200005,0.763390,0.154391,0.007574,0.999884,-0.005132,0.005800,0.013110,-0.005169,0.005910,0.001253,0.262544,0.031840,-0.038243,-0.005571,0.000006,0.000006,0.000005,-0.001088,-0.000957,0.007574,0.999884,-0.005132,0.005800,0.013110,-0.005169,0.005910,0.001253
14,79.230738,160,relative,24,4.309065,0.050001,1.519632,-0.947239,0.200000,0.779044,0.168617,0.000000,0.000000,0.000000,0.000000,0.000000,0.000000,0.000000,0.000000,1.519466,-0.947387,0.200275,0.777431,0.167157,-0.003184,0.999881,-0.005333,0.006017,0.013175,-0.001249,0.001201,0.000863,0.267389,0.026830,-0.023973,-0.004257,-0.000166,-0.000148,0.000275,-0.001613,-0.001460,-0.003184,0.999881,-0.005333,0.006017,0.013175,-0.001249,0.001201,0.000863
14,79.230738,160,relative,25,4.359066,0.050001,1.558733,-0.938673,0.200000,0.784958,0.174005,0.000000,0.000000,0.000000,0.000000,0.000000,0.000000,0.000000,0.000000,1.558485,-0.938895,0.200231,0.783329,0.172526,0.001417,0.999880,-0.005347,0.006032,0.013195,0.000093,0.000002,0.000742,0.264681,0.010661,-0.008711,-0.002763,-0.000247,-0.000222,0.000231,-0.001629,-0.001479,0.001417,0.999880,-0.005347,0.006032,0.013195,0.000093,0.000002,0.000742
14,79.230738,160,relative,26,4.409067,0.050001,1.598129,-0.929838,0.200000,0.790872,0.179393,0.000000,0.000000,0.000000,0.000000,0.000000,0.000000,0.000000,0.000000,1.597798,-0.930135,0.200291,0.789170,0.177842,0.001003,0.999880,-0.005338,0.006026,0.013213,0.000626,-0.000434,0.000664,0.264543,0.008230,-0.003491,-0.002673,-0.000330,-0.000297,0.000291,-0.001702,-0.001551,0.001003,0.999880,-0.005338,0.006026,0.013213,0.000626,-0.000434,0.000664
14,79.230738,160,relative,27,4.459067,0.050001,1.637821,-0.920734,0.200000,0.796786,0.184780,0.000000,0.000000,0.000000,0.000000,0.000000,0.000000,0.000000,0.000000,1.637403,-0.921111,0.200325,0.794999,0.183140,0.000334,0.999880,-0.005317,0.006014,0.013228,0.001037,-0.000608,0.000588,0.270668,0.001878,0.004712,-0.002554,-0.000418,-0.000377,0.000325,-0.001787,-0.001641,0.000334,0.999880,-0.005317,0.006014,0.013228,0.001037,-0.000608,0.000588
14,79.230738,160,relative,28,4.509068,0.050001,1.677808,-0.911360,0.200000,0.802700,0.190168,0.000000,0.000000,0.000000,0.000000,0.000000,0.000000,0.000000,0.000000,1.677302,-0.911819,0.200608,0.800950,0.188535,0.011007,0.999880,-0.005289,0.006002,0.013242,0.001131,-0.000373,0.000515,0.262509,-0.007330,0.014777,-0.002413,-0.000506,-0.000459,0.000608,-0.001750,-0.001633,0.011007,0.999880,-0.005289,0.006002,0.013242,0.001131,-0.000373,0.000515
14,79.230738,160,relative,29,4.559068,0.050001,1.718092,-0.901717,0.200000,0.808614,0.195556,0.000000,0.000000,0.000000,0.000000,0.000000,0.000000,0.000000,0.000000,1.717495,-0.902261,0.201048,0.806716,0.193743,0.006573,0.999880,-0.005266,0.006002,0.013254,0.000765,0.000366,0.000446,0.207704,-0.016957,0.025911,-0.002343,-0.000597,-0.000545,0.001048,-0.001898,-0.001813,0.006573,0.999880,-0.005266,0.006002,0.013254,0.000765,0.000366,0.000446
14,79.230738,160,relative,30,4.609069,0.100000,1.758671,-0.891804,0.200000,0.814528,0.200943,0.000000,0.000000,0.000000,0.000000,0.000000,0.000000,0.000000,0.000000,1.757945,-0.892471,0.198729,0.811287,0.197850,-0.099339,0.999880,-0.005257,0.006028,0.013264,-0.000083,0.001662,0.000380,0,0,0,0,-0.000726,-0.000667,-0.001271,-0.003241,-0.003094,-0.099339,0.999880,-0.005257,0.006028,0.013264,-0.000083,0.001662,0.000380
15,181.139997,357,relative,0,0.000000,0.200000,-0.717307,-0.696757,0.200000,0.278703,-0.286923,0.000000,0.000000,0.000000,0.000000,0.000000,0.000000,0.000000,0.000000,0.011490,-0.079411,1.808558,0.058807,-0.161743,-0.745605,0.999937,0.007673,0.008216,0.000097,-0.089857,0.236847,0.001444,0.316408,-0.001607,-0.449565,0.013002,0.728797,0.617346,1.608558,-0.219895,0.125180,-0.745605,0.999937,0.007673,0.008216,0.000097,-0.089857,0.236847,0.001444
15,181.139997,357,relative,1,0.200000,0.200000,-0.659271,-0.751912,0.200000,0.301657,-0.264627,0.000000,0.000000,0.000000,0.000000,0.000000,0.000000,0.000000,0.000000,0.030450,-0.113949,1.697478,0.145775,-0.176588,-0.365681,0.999624,-0.001331,0.027397,0.000550,-0.090241,0.146904,0.002923,0.265413,0.484321,-0.903449,-0.008677,0.689722,0.637963,1.497478,-0.155881,0.088038,-0.365681,0.999624,-0.001331,0.027397,0.000550,-0.090241,0.146904,0.002923
15,181.139997,357,relative,2,0.400000,0.200000,-0.596645,-0.802608,0.200000,0.324610,-0.242330,0.000000,0.000000,0.000000,0.000000,0.000000,0.000000,0.000000,0.000000,0.071703,-0.147870,1.624362,0.270448,-0.159881,-0.365724,0.999438,-0.005508,0.033047,0.000904,0.006600,-0.033803,0.001936,0.265368,0.360727,-0.392673,-0.030774,0.668348,0.654738,1.424362,-0.054163,0.082449,-0.365724,0.999438,-0.005508,0.033047,0.000904,0.006600,-0.033803,0.001936
15,181.139997,357,relative,3,0.600000,0.200000,-0.529427,-0.848844,0.200000,0.347564,-0.220034,0.000000,0.000000,0.000000,0.000000,0.000000,0.000000,0.000000,0.000000,0.138077,-0.177994,1.551192,0.388520,-0.144165,-0.365677,0.999667,-0.001235,0.025747,0.000825,0.078745,-0.112339,-0.001563,0.265086,0.098073,-0.321378,-0.020071,0.667504,0.670850,1.351192,0.040955,0.075869,-0.365677,0.999667,-0.001235,0.025747,0.000825,0.078745,-0.112339,-0.001563
15,181.139997,357,relative,4,0.800000,0.200000,-0.457619,-0.890621,0.200000,0.370518,-0.197738,0.000000,0.000000,0.000000,0.000000,0.000000,0.000000,0.000000,0.000000,0.224211,-0.207432,1.478029,0.463375,-0.156014,-0.365636,0.999907,0.007620,0.011307,0.000340,0.098298,-0.176652,-0.003845,0.264972,-0.038958,0.004838,-0.019237,0.681830,0.683190,1.278029,0.092857,0.041724,-0.365636,0.999907,0.007620,0.011307,0.000340,0.098298,-0.176652,-0.003845
15,181.139997,357,relative,5,1.000000,0.200000,-0.381220,-0.927939,0.200000,0.393472,-0.175442,0.000000,0.000000,0.000000,0.000000,0.000000,0.000000,0.000000,0.000000,0.319018,-0.242885,1.404911,0.473159,-0.204691,-0.365636,0.999835,0.017052,-0.006305,-0.000397,0.090374,-0.175755,-0.006032,0.265218,-0.191379,0.240357,-0.014373,0.700237,0.685054,1.204911,0.079687,-0.029249,-0.365636,0.999835,0.017052,-0.006305,-0.000397,0.090374,-0.175755,-0.006032
15,181.139997,357,relative,6,1.200000,0.200000,-0.300230,-0.960798,0.200000,0.416426,-0.153146,0.000000,0.000000,0.000000,0.000000,0.000000,0.000000,0.000000,0.000000,0.409025,-0.291575,1.331827,0.416973,-0.286839,-0.365676,0.999477,0.024163,-0.021467,-0.001300,0.051942,-0.127756,-0.007666,0.265599,-0.288736,0.375345,-0.008694,0.709255,0.669223,1.131827,0.000548,-0.133693,-0.365676,0.999477,0.024163,-0.021467,-0.001300,0.051942,-0.127756,-0.007666
15,181.139997,357,relative,7,1.400000,0.200000,-0.214650,-0.989198,0.200000,0.439380,-0.130849,0.000000,0.000000,0.000000,0.000000,0.000000,0.000000,0.000000,0.000000,0.482536,-0.358919,1.258726,0.312224,-0.388082,-0.365712,0.999183,0.026468,-0.030468,-0.002290,-0.005916,-0.052715,-0.008655,0.265743,-0.312137,0.407041,-0.004726,0.697185,0.630278,1.058726,-0.127156,-0.257232,-0.365712,0.999183,0.026468,-0.030468,-0.002290,-0.005916,-0.052715,-0.008655
15,181.139997,357,relative,8,1.600000,0.200000,-0.124478,-1.013138,0.200000,0.462333,-0.108553,0.000000,0.000000,0.000000,0.000000,0.000000,0.000000,0.000000,0.000000,0.532549,-0.446635,1.185577,0.187130,-0.486636,-0.365708,0.999234,0.022782,-0.031633,-0.003333,-0.068360,0.028744,-0.009192,0.265512,-0.247805,0.342262,-0.000523,0.657027,0.566503,0.985577,-0.275203,-0.378083,-0.365708,0.999234,0.022782,-0.031633,-0.003333,-0.068360,0.028744,-0.009192
15,181.139997,357,relative,9,1.800000,0.200000,-0.029716,-1.032619,0.200000,0.485287,-0.086257,0.000000,0.000000,0.000000,0.000000,0.000000,0.000000,0.000000,0.000000,0.558118,-0.551823,1.112394,0.072734,-0.559180,-0.365670,0.999579,0.013529,-0.025280,-0.004410,-0.117832,0.097326,-0.009251,0.265122,-0.128207,0.218844,0.002841,0.587834,0.480796,0.912394,-0.412553,-0.472923,-0.365670,0.999579,0.013529,-0.025280,-0.004410,-0.117832,0.097326,-0.009251
15,181.139997,357,relative,10,2.000000,0.200000,0.069637,-1.047641,0.200000,0.508241,-0.063961,0.000000,0.000000,0.000000,0.000000,0.000000,0.000000,0.000000,0.000000,0.564148,-0.667315,1.039221,-0.004555,-0.587275,-0.365634,0.999897,0.000552,-0.013281,-0.005491,-0.143309,0.141275,-0.008928,0.264929,0.067968,0.039374,0.007325,0.494511,0.380326,0.839221,-0.512797,-0.523314,-0.365634,0.999897,0.000552,-0.013281,-0.005491,-0.143309,0.141275,-0.008928
15,181.139997,357,relative,11,2.200000,0.200000,0.173580,-1.058203,0.200000,0.531195,-0.041664,0.000000,0.000000,0.000000,0.000000,0.000000,0.000000,0.000000,0.000000,0.559918,-0.783150,0.966094,-0.028125,-0.562266,-0.365631,0.999893,-0.012996,0.001325,-0.006520,-0.129528,0.149326,-0.008096,0.265107,0.185802,-0.094313,0.007362,0.386338,0.275053,0.766094,-0.559320,-0.520602,-0.365631,0.999893,-0.012996,0.001325,-0.006520,-0.129528,0.149326,-0.008096
15,181.139997,357,relative,12,2.400000,0.200000,0.282115,-1.064306,0.200000,0.554149,-0.019368,0.000000,0.000000,0.000000,0.000000,0.000000,0.000000,0.000000,0.000000,0.556761,-0.888956,0.893008,0.005812,-0.488677,-0.365655,0.999566,-0.023988,0.015381,-0.007459,-0.092204,0.130594,-0.007259,0.265529,0.209546,-0.169541,0.005950,0.274647,0.175350,0.693008,-0.548337,-0.469309,-0.365655,0.999566,-0.023988,0.015381,-0.007459,-0.092204,0.130594,-0.007259
15,181.139997,357,relative,13,2.600000,0.200000,0.395240,-1.065950,0.200000,0.577103,0.002928,0.000000,0.000000,0.000000,0.000000,0.000000,0.000000,0.000000,0.000000,0.565657,-0.976261,0.819931,0.090663,-0.379837,-0.365684,0.999125,-0.031028,0.026778,-0.008317,-0.050175,0.096761,-0.006582,0.265947,0.228697,-0.234727,0.005484,0.170418,0.089689,0.619931,-0.486440,-0.382765,-0.365684,0.999125,-0.031028,0.026778,-0.008317,-0.050175,0.096761,-0.006582
15,181.139997,357,relative,14,2.800000,0.200000,0.512956,-1.063135,0.200000,0.600056,0.025224,0.000000,0.000000,0.000000,0.000000,0.000000,0.000000,0.000000,0.000000,0.595555,-1.039616,0.746833,0.213147,-0.252018,-0.365703,0.998808,-0.033707,0.034104,-0.009101,-0.004366,0.049842,-0.005958,0.266143,0.176896,-0.238784,0.003795,0.082600,0.023519,0.546833,-0.386909,-0.277242,-0.365703,0.998808,-0.033707,0.034104,-0.009101,-0.004366,0.049842,-0.005958
15,181.139997,357,relative,15,3.000000,0.200000,0.635262,-1.055861,0.200000,0.623010,0.047520,0.000000,0.000000,0.000000,0.000000,0.000000,0.000000,0.000000,0.000000,0.652232,-1.076937,0.673698,0.355309,-0.122100,-0.365704,0.998755,-0.032371,0.036665,-0.009810,0.031036,0.002073,-0.005527,0.266052,0.138104,-0.233229,0.004826,0.016970,-0.021076,0.473698,-0.267702,-0.169621,-0.365704,0.998755,-0.032371,0.036665,-0.009810,0.031036,0.002073,-0.005527
15,181.139997,357,relative,16,3.200000,0.200000,0.762160,-1.044127,0.200000,0.645964,0.069817,0.000000,0.000000,0.000000,0.000000,0.000000,0.000000,0.000000,0.000000,0.737718,-1.089250,0.600530,0.498103,-0.003939,-0.365693,0.998961,-0.027933,0.034479,-0.010432,0.058640,-0.044608,-0.004978,0.265733,0.077563,-0.194309,0.004554,-0.024442,-0.045123,0.400530,-0.147861,-0.073756,-0.365693,0.998961,-0.027933,0.034479,-0.010432,0.058640,-0.044608,-0.004978
15,181.139997,357,relative,17,3.400000,0.200000,0.893648,-1.027934,0.200000,0.668918,0.092113,0.000000,0.000000,0.000000,0.000000,0.000000,0.000000,0.000000,0.000000,0.850286,-1.079997,0.527346,0.623293,0.092217,-0.365671,0.999319,-0.021385,0.027995,-0.010956,0.074107,-0.083517,-0.004461,0.265341,0.002775,-0.048156,0.005575,-0.043362,-0.052063,0.327346,-0.045625,0.000104,-0.365671,0.999319,-0.021385,0.027995,-0.010956,0.074107,-0.083517,-0.004461
15,181.139997,357,relative,18,3.600000,0.200000,1.029727,-1.007282,0.200000,0.691872,0.114409,0.000000,0.000000,0.000000,0.000000,0.000000,0.000000,0.000000,0.000000,0.984889,-1.054219,0.454169,0.716854,0.160827,-0.365655,0.999654,-0.014061,0.019074,-0.011390,0.074607,-0.093195,-0.003827,0.265049,-0.083047,0.068621,0.005572,-0.044838,-0.046937,0.254169,0.024982,0.046418,-0.365655,0.999654,-0.014061,0.019074,-0.011390,0.074607,-0.093195,-0.003827
15,181.139997,357,relative,19,3.800000,0.200000,1.170397,-0.982170,0.200000,0.714826,0.136705,0.000000,0.000000,0.000000,0.000000,0.000000,0.000000,0.000000,0.000000,1.134615,-1.017513,0.381012,0.774658,0.202026,-0.365655,0.999849,-0.007540,0.010360,-0.011746,0.057951,-0.079506,-0.003193,0.264911,-0.127245,0.153608,0.005750,-0.035782,-0.035343,0.181012,0.059832,0.065321,-0.365655,0.999849,-0.007540,0.010360,-0.011746,0.057951,-0.079506,-0.003193
15,181.139997,357,relative,20,4.000000,0.200000,1.315657,-0.952600,0.200000,0.737779,0.159002,0.000000,0.000000,0.000000,0.000000,0.000000,0.000000,0.000000,0.000000,1.292691,-0.974849,0.307871,0.801841,0.221758,-0.365663,0.999915,-0.003098,0.003890,-0.012031,0.032474,-0.048805,-0.002539,0.283386,-0.090323,0.171229,0.007356,-0.022966,-0.022250,0.107871,0.064062,0.062757,-0.365663,0.999915,-0.003098,0.003890,-0.012031,0.032474,-0.048805,-0.002539
15,181.139997,357,relative,21,4.200000,0.050000,1.465509,-0.918570,0.200000,0.760733,0.181298,0.000000,0.000000,0.000000,0.000000,0.000000,0.000000,0.000000,0.000000,1.454135,-0.929594,0.248449,0.810346,0.229206,-0.228542,0.999925,-0.000793,0.000693,-0.012242,0.014399,-0.014567,-0.001703,0.338918,-0.130988,0.162793,0.009464,-0.011373,-0.011024,0.048449,0.049612,0.047909,-0.228542,0.999925,-0.000793,0.000693,-0.012242,0.014399,-0.014567,-0.001703
15,181.139997,357,relative,22,4.250000,0.050000,1.503689,-0.909365,0.200000,0.766472,0.186872,0.000000,0.000000,0.000000,0.000000,0.000000,0.000000,0.000000,0.000000,1.494671,-0.918112,0.240450,0.811036,0.230005,-0.091418,0.999924,-0.000519,0.000427,-0.012281,0.007849,-0.006428,-0.001434,0.264870,-0.079354,0.082823,0.012056,-0.009017,-0.008747,0.040450,0.044565,0.043133,-0.091418,0.999924,-0.000519,0.000427,-0.012281,0.007849,-0.006428,-0.001434
15,181.139997,357,relative,23,4.300000,0.050000,1.542156,-0.899882,0.200000,0.772210,0.192446,0.000000,0.000000,0.000000,0.000000,0.000000,0.000000,0.000000,0.000000,1.535233,-0.906601,0.235879,0.811397,0.230430,-0.091418,0.999924,-0.000373,0.000316,-0.012312,0.003881,-0.002287,-0.001091,0.264870,-0.019840,0.006190,0.009614,-0.006923,-0.006718,0.035879,0.039187,0.037984,-0.091418,0.999924,-0.000373,0.000316,-0.012312,0.003881,-0.002287,-0.001091
15,181.139997,357,relative,24,4.350000,0.050000,1.580910,-0.890121,0.200000,0.777949,0.198020,0.000000,0.000000,0.000000,0.000000,0.000000,0.000000,0.000000,0.000000,1.575810,-0.895071,0.231308,0.811684,0.230749,-0.091418,0.999924,-0.000289,0.000262,-0.012336,0.002889,-0.001977,-0.000818,0.264870,-0.008646,-0.000523,0.006768,-0.005100,-0.004950,0.031308,0.033735,0.032729,-0.091418,0.999924,-0.000289,0.000262,-0.012336,0.002889,-0.001977,-0.000818
15,181.139997,357,relative,25,4.400000,0.050000,1.619951,-0.880080,0.200000,0.783687,0.203594,0.000000,0.000000,0.000000,0.000000,0.000000,0.000000,0.000000,0.000000,1.616400,-0.883527,0.226737,0.811919,0.230997,-0.091418,0.999924,-0.000223,0.000211,-0.012354,0.002457,-0.002004,-0.000626,0.264870,-0.003483,-0.001107,0.004410,-0.003550,-0.003447,0.026737,0.028232,0.027402,-0.091418,0.999924,-0.000223,0.000211,-0.012354,0.002457,-0.002004,-0.000626
15,181.139997,357,relative,26,4.450000,0.050000,1.659278,-0.869761,0.200000,0.789426,0.209168,0.000000,0.000000,0.000000,0.000000,0.000000,0.000000,0.000000,0.000000,1.657001,-0.871972,0.222167,0.812103,0.231184,-0.091418,0.999923,-0.000164,0.000160,-0.012368,0.002282,-0.002059,-0.000500,0.264870,-0.003449,0.000655,0.004544,-0.002277,-0.002211,0.022167,0.022678,0.022016,-0.091418,0.999923,-0.000164,0.000160,-0.012368,0.002282,-0.002059,-0.000500
15,181.139997,357,relative,27,4.500000,0.050000,1.698893,-0.859164,0.200000,0.795164,0.214742,0.000000,0.000000,0.000000,0.000000,0.000000,0.000000,0.000000,0.000000,1.697610,-0.860410,0.217596,0.812236,0.231317,-0.091418,0.999923,-0.000110,0.000108,-0.012379,0.002110,-0.002026,-0.000371,0.264870,-0.006962,0.005825,0.004433,-0.001283,-0.001246,0.017596,0.017072,0.016575,-0.091418,0.999923,-0.000110,0.000108,-0.012379,0.002110,-0.002026,-0.000371
15,181.139997,357,relative,28,4.550000,0.050000,1.738795,-0.848287,0.200000,0.800902,0.220316,0.000000,0.000000,0.000000,0.000000,0.000000,0.000000,0.000000,0.000000,1.738224,-0.848842,0.213025,0.812319,0.231400,-0.091418,0.999923,-0.000062,0.000060,-0.012387,0.001762,-0.001735,-0.000245,0.264870,-0.013530,0.013355,0.004327,-0.000571,-0.000554,0.013025,0.011416,0.011084,-0.091418,0.999923,-0.000062,0.000060,-0.012387,0.001762,-0.001735,-0.000245
15,181.139997,357,relative,29,4.600000,0.050000,1.778983,-0.837132,0.200000,0.806641,0.225890,0.000000,0.000000,0.000000,0.000000,0.000000,0.000000,0.000000,0.000000,1.778841,-0.837270,0.208454,0.812359,0.231442,-0.091418,0.999923,-0.000027,0.000025,-0.012392,0.001085,-0.001067,-0.000122,0.259989,-0.021548,0.021240,0.004304,-0.000143,-0.000138,0.008454,0.005718,0.005552,-0.091418,0.999923,-0.000027,0.000025,-0.012392,0.001085,-0.001067,-0.000122
15,181.139997,357,relative,30,4.650000,0.100000,1.819459,-0.825698,0.200000,0.812379,0.231464,0.000000,0.000000,0.000000,0.000000,0.000000,0.000000,0.000000,0.000000,1.819459,-0.825698,0.203657,0.812375,0.231459,-0.100457,0.999923,-0.000014,0.000011,-0.012393,0.000008,-0.000005,0.000000,0,0,0,0,0.000000,0.000000,0.003657,-0.000005,-0.000005,-0.100457,0.999923,-0.000014,0.000011,-0.012393,0.000008,-0.000005,0.000000
16,173.297678,345,relative,0,0.000000,0.050164,-0.662334,-0.749209,0.200000,0.299683,-0.264934,0.000000,0.000000,0.000000,0.000000,0.000000,0.000000,0.000000,0.000000,0.022765,-0.106750,1.702351,0.080139,-0.162720,-0.003656,0.999967,0.007551,0.003039,0.000371,0.692132,-0.232620,0.001635,0.116140,-2.429768,0.530133,-0.032222,0.685099,0.642459,1.502351,-0.219544,0.102214,-0.003656,0.999967,0.007551,0.003039,0.000371,0.692132,-0.232620,0.001635
16,173.297678,345,relative,1,0.050164,0.200000,-0.647168,-0.762348,0.200000,0.304999,-0.258920,0.000000,0.000000,0.000000,0.000000,0.000000,0.000000,0.000000,0.000000,0.026798,-0.115054,1.695235,0.080243,-0.169503,-0.280101,0.999724,0.023382,-0.002456,0.000309,0.570256,-0.205998,0.000716,0.242766,-1.959875,0.545840,0.005889,0.673965,0.647294,1.495235,-0.224756,0.089417,-0.280101,0.999724,0.023382,-0.002456,0.000309,0.570256,-0.205998,0.000716
16,173.297678,345,relative,2,0.250164,0.200000,-0.584048,-0.811734,0.200000,0.326194,-0.234946,0.000000,0.000000,0.000000,0.000000,0.000000,0.000000,0.000000,0.000000,0.039829,-0.163010,1.622208,0.041034,-0.332397,-0.452233,0.997997,0.060775,-0.017575,0.000121,0.178304,-0.096773,0.001386,0.267331,-1.337636,0.504466,0.018601,0.623878,0.648724,1.422208,-0.285160,-0.097452,-0.452233,0.997997,0.060775,-0.017575,0.000121,0.178304,-0.096773,0.001386
16,173.297678,345,relative,3,0.450164,0.200000,-0.516690,-0.856326,0.200000,0.347389,-0.210971,0.000000,0.000000,0.000000,0.000000,0.000000,0.000000,0.000000,0.000000,0.040152,-0.254969,1.531773,-0.040850,-0.590099,-0.452611,0.997624,0.065215,-0.022212,0.000149,-0.089208,0.004129,0.003501,0.266922,-0.806747,0.406580,0.015523,0.556842,0.601358,1.331773,-0.388239,-0.379128,-0.452611,0.997624,0.065215,-0.022212,0.000149,-0.089208,0.004129,0.003501
16,173.297678,345,relative,4,0.650164,0.200000,-0.445093,-0.896123,0.200000,0.368584,-0.186996,0.000000,0.000000,0.000000,0.000000,0.000000,0.000000,0.000000,0.000000,0.023540,-0.397024,1.441118,-0.122360,-0.819330,-0.452554,0.998677,0.048247,-0.017776,0.000490,-0.250589,0.085328,0.005266,0.265648,-0.339747,0.255703,0.008592,0.468633,0.499099,1.241118,-0.490943,-0.632334,-0.452554,0.998677,0.048247,-0.017776,0.000490,-0.250589,0.085328,0.005266
16,173.297678,345,relative,5,0.850164,0.200000,-0.369256,-0.931125,0.200000,0.389778,-0.163022,0.000000,0.000000,0.000000,0.000000,0.000000,0.000000,0.000000,0.000000,-0.006632,-0.576357,1.350474,-0.172146,-0.955380,-0.452440,0.999781,0.019790,-0.006747,0.001081,-0.318636,0.136220,0.006243,0.264938,0.046796,0.085621,0.003147,0.362624,0.354767,1.150474,-0.561925,-0.792358,-0.452440,0.999781,0.019790,-0.006747,0.001081,-0.318636,0.136220,0.006243
16,173.297678,345,relative,6,1.050164,0.200000,-0.289181,-0.961331,0.200000,0.410973,-0.139047,0.000000,0.000000,0.000000,0.000000,0.000000,0.000000,0.000000,0.000000,-0.041874,-0.771060,1.259974,-0.170876,-0.971084,-0.452393,0.999901,-0.011631,0.007667,0.001785,-0.309418,0.153038,0.006601,0.265381,0.389351,-0.104955,0.003283,0.247307,0.190272,1.059974,-0.581849,-0.832037,-0.452393,0.999901,-0.011631,0.007667,0.001785,-0.309418,0.153038,0.006601
16,173.297678,345,relative,7,1.250164,0.200000,-0.204867,-0.986743,0.200000,0.432168,-0.115072,0.000000,0.000000,0.000000,0.000000,0.000000,0.000000,0.000000,0.000000,-0.071125,-0.956894,1.169611,-0.112392,-0.869526,-0.452412,0.999009,-0.038695,0.021860,0.002496,-0.231694,0.131768,0.006974,0.266548,0.554300,-0.221725,0.002351,0.133743,0.029849,0.969611,-0.544559,-0.754454,-0.452412,0.999009,-0.038695,0.021860,0.002496,-0.231694,0.131768,0.006974
16,173.297678,345,relative,8,1.450164,0.200000,-0.116314,-1.007360,0.200000,0.453362,-0.091098,0.000000,0.000000,0.000000,0.000000,0.000000,0.000000,0.000000,0.000000,-0.083452,-1.112833,1.079277,-0.003778,-0.678289,-0.452420,0.997870,-0.056312,0.032778,0.003160,-0.120952,0.087233,0.007241,0.267545,0.547956,-0.259488,0.001020,0.032863,-0.105473,0.879277,-0.457141,-0.587191,-0.452420,0.997870,-0.056312,0.032778,0.003160,-0.120952,0.087233,0.007241
16,173.297678,345,relative,9,1.650164,0.200000,-0.023522,-1.023182,0.200000,0.474557,-0.067123,0.000000,0.000000,0.000000,0.000000,0.000000,0.000000,0.000000,0.000000,-0.070348,-1.224947,0.988879,0.138798,-0.438499,-0.452373,0.997253,-0.062910,0.038908,0.003755,-0.011429,0.035263,0.007357,0.267783,0.477757,-0.271825,-0.000115,-0.046826,-0.201765,0.788879,-0.335759,-0.371376,-0.452373,0.997253,-0.062910,0.038908,0.003755,-0.011429,0.035263,0.007357
16,173.297678,345,relative,10,1.850164,0.200000,0.073508,-1.034210,0.200000,0.495752,-0.043148,0.000000,0.000000,0.000000,0.000000,0.000000,0.000000,0.000000,0.000000,-0.027001,-1.287863,0.898388,0.295235,-0.193041,-0.452279,0.997441,-0.059260,0.039776,0.004291,0.084113,-0.019062,0.007344,0.267229,0.299578,-0.215970,-0.003899,-0.100510,-0.253653,0.698388,-0.200516,-0.149893,-0.452279,0.997441,-0.059260,0.039776,0.004291,0.084113,-0.019062,0.007344
16,173.297678,345,relative,11,2.050164,0.200000,0.174778,-1.040442,0.200000,0.516946,-0.019174,0.000000,0.000000,0.000000,0.000000,0.000000,0.000000,0.000000,0.000000,0.047277,-1.304304,0.807842,0.444972,0.021132,-0.452184,0.998202,-0.047830,0.035815,0.004784,0.144073,-0.062133,0.006901,0.266306,0.119631,-0.152183,-0.005932,-0.127502,-0.263862,0.607842,-0.071974,0.040306,-0.452184,0.998202,-0.047830,0.035815,0.004784,0.144073,-0.062133,0.006901
16,173.297678,345,relative,12,2.250164,0.200000,0.280287,-1.041879,0.200000,0.538141,0.004801,0.000000,0.000000,0.000000,0.000000,0.000000,0.000000,0.000000,0.000000,0.149396,-1.283146,0.717296,0.571282,0.180183,-0.452130,0.999070,-0.032183,0.028203,0.005244,0.168076,-0.092414,0.006226,0.265482,-0.064188,-0.071044,-0.009163,-0.130891,-0.241267,0.517296,0.033141,0.175382,-0.452130,0.999070,-0.032183,0.028203,0.005244,0.168076,-0.092414,0.006226
16,173.297678,345,relative,13,2.450164,0.200000,0.390035,-1.038521,0.200000,0.559336,0.028776,0.000000,0.000000,0.000000,0.000000,0.000000,0.000000,0.000000,0.000000,0.273438,-1.236575,0.626789,0.662758,0.274879,-0.452129,0.999688,-0.015955,0.018366,0.005671,0.155324,-0.106483,0.005185,0.265013,-0.210527,0.083361,-0.010132,-0.116596,-0.198053,0.426789,0.103423,0.246103,-0.452129,0.999688,-0.015955,0.018366,0.005671,0.155324,-0.106483,0.005185
16,173.297678,345,relative,14,2.650164,0.200000,0.504021,-1.030369,0.200000,0.580530,0.052750,0.000000,0.000000,0.000000,0.000000,0.000000,0.000000,0.000000,0.000000,0.411848,-1.177205,0.536325,0.715024,0.309956,-0.452174,0.999941,-0.002463,0.008641,0.006038,0.113287,-0.089716,0.004033,0.264883,-0.297691,0.170479,-0.010986,-0.092174,-0.146836,0.336325,0.134493,0.257206,-0.452174,0.999941,-0.002463,0.008641,0.006038,0.113287,-0.089716,0.004033
16,173.297678,345,relative,15,2.850164,0.200000,0.622247,-1.017421,0.200000,0.601725,0.076725,0.000000,0.000000,0.000000,0.000000,0.000000,0.000000,0.000000,0.000000,0.557191,-1.115527,0.445882,0.733729,0.301301,-0.452230,0.999961,0.005937,0.001428,0.006321,0.053787,-0.055576,0.002783,0.264899,-0.276459,0.192500,-0.011129,-0.065056,-0.098106,0.245882,0.132004,0.224576,-0.452230,0.999961,0.005937,0.001428,0.006321,0.053787,-0.055576,0.002783
16,173.297678,345,relative,16,3.050164,0.200000,0.744711,-0.999679,0.200000,0.622920,0.100700,0.000000,0.000000,0.000000,0.000000,0.000000,0.000000,0.000000,0.000000,0.703918,-1.058124,0.355435,0.731182,0.270992,-0.452261,0.999940,0.008575,-0.002189,0.006509,-0.001492,-0.017067,0.001518,0.287811,-0.128344,0.131008,-0.009898,-0.040794,-0.058445,0.155435,0.108263,0.170292,-0.452261,0.999940,0.008575,-0.002189,0.006509,-0.001492,-0.017067,0.001518
16,173.297678,345,relative,17,3.250164,0.050000,0.871415,-0.977141,0.200000,0.644115,0.124674,0.000000,0.000000,0.000000,0.000000,0.000000,0.000000,0.000000,0.000000,0.849094,-1.007477,0.281944,0.720283,0.236488,-0.282635,0.999949,0.007145,-0.002596,0.006598,-0.027160,0.009133,0.000393,0.356454,-0.131799,0.145768,0.005134,-0.022321,-0.030336,0.081944,0.076168,0.111814,-0.282635,0.999949,0.007145,-0.002596,0.006598,-0.027160,0.009133,0.000393
16,173.297678,345,relative,18,3.300164,0.050000,0.903753,-0.970758,0.200000,0.649413,0.130668,0.000000,0.000000,0.000000,0.000000,0.000000,0.000000,0.000000,0.000000,0.885027,-0.995881,0.272051,0.717103,0.227520,-0.113104,0.999955,0.006382,-0.002282,0.006610,-0.033750,0.016421,0.000539,0.264910,-0.062242,0.058485,0.007705,-0.018726,-0.025124,0.072051,0.067690,0.096852,-0.113104,0.999955,0.006382,-0.002282,0.006610,-0.033750,0.016421,0.000539
16,173.297678,345,relative,19,3.350164,0.050000,0.936356,-0.964074,0.200000,0.654712,0.136662,0.000000,0.000000,0.000000,0.000000,0.000000,0.000000,0.000000,0.000000,0.920830,-0.984655,0.266396,0.715113,0.221673,-0.113069,0.999961,0.005496,-0.001840,0.006627,-0.036863,0.019344,0.000758,0.264885,0.015286,-0.026799,0.005262,-0.015526,-0.020581,0.066396,0.060402,0.085012,-0.113069,0.999961,0.005496,-0.001840,0.006627,-0.036863,0.019344,0.000758
16,173.297678,345,relative,20,3.400164,0.050000,0.969224,-0.957091,0.200000,0.660011,0.142655,0.000000,0.000000,0.000000,0.000000,0.000000,0.000000,0.000000,0.000000,0.956546,-0.973699,0.260743,0.713569,0.216722,-0.113069,0.999966,0.004581,-0.001380,0.006648,-0.036099,0.018003,0.000907,0.264880,0.043036,-0.040869,0.002414,-0.012679,-0.016607,0.060743,0.053559,0.074066,-0.113069,0.999966,0.004581,-0.001380,0.006648,-0.036099,0.018003,0.000907
16,173.297678,345,relative,21,3.450164,0.050000,1.002357,-0.949809,0.200000,0.665309,0.148649,0.000000,0.000000,0.000000,0.000000,0.000000,0.000000,0.000000,0.000000,0.992195,-0.962968,0.255089,0.712452,0.212655,-0.113068,0.999970,0.003703,-0.000961,0.006673,-0.033948,0.015959,0.000976,0.264876,0.061506,-0.046532,0.000053,-0.010163,-0.013159,0.055089,0.047143,0.064006,-0.113068,0.999970,0.003703,-0.000961,0.006673,-0.033948,0.015959,0.000976
16,173.297678,345,relative,22,3.500164,0.050000,1.035755,-0.942227,0.200000,0.670608,0.154643,0.000000,0.000000,0.000000,0.000000,0.000000,0.000000,0.000000,0.000000,1.027797,-0.952420,0.249436,0.711715,0.209423,-0.113068,0.999973,0.002890,-0.000597,0.006698,-0.030873,0.013631,0.000977,0.264874,0.074935,-0.048222,-0.004366,-0.007958,-0.010193,0.049436,0.041107,0.054780,-0.113068,0.999973,0.002890,-0.000597,0.006698,-0.030873,0.013631,0.000977
16,173.297678,345,relative,23,3.550164,0.050000,1.069418,-0.934345,0.200000,0.675907,0.160636,0.000000,0.000000,0.000000,0.000000,0.000000,0.000000,0.000000,0.000000,1.063371,-0.942013,0.243783,0.711301,0.206950,-0.113067,0.999975,0.002163,-0.000291,0.006721,-0.027127,0.011219,0.000853,0.264872,0.081577,-0.048890,-0.004294,-0.006047,-0.007669,0.043783,0.035394,0.046313,-0.113067,0.999975,0.002163,-0.000291,0.006721,-0.027127,0.011219,0.000853
16,173.297678,345,relative,24,3.600164,0.050000,1.103346,-0.926163,0.200000,0.681205,0.166630,0.000000,0.000000,0.000000,0.000000,0.000000,0.000000,0.000000,0.000000,1.098932,-0.931713,0.238129,0.711153,0.205144,-0.113067,0.999976,0.001534,-0.000045,0.006741,-0.023048,0.008773,0.000731,0.264871,0.085324,-0.047372,-0.004219,-0.004414,-0.005551,0.038129,0.029947,0.038514,-0.113067,0.999976,0.001534,-0.000045,0.006741,-0.023048,0.008773,0.000731
16,173.297678,345,relative,25,3.650164,0.050000,1.137538,-0.917682,0.200000,0.686504,0.172624,0.000000,0.000000,0.000000,0.000000,0.000000,0.000000,0.000000,0.000000,1.134490,-0.921489,0.232476,0.711212,0.203905,-0.113066,0.999977,0.001010,0.000141,0.006758,-0.018782,0.006404,0.000611,0.264871,0.086219,-0.043554,-0.004143,-0.003048,-0.003808,0.032476,0.024709,0.031281,-0.113066,0.999977,0.001010,0.000141,0.006758,-0.018782,0.006404,0.000611
16,173.297678,345,relative,26,3.700164,0.050000,1.171996,-0.908901,0.200000,0.691803,0.178617,0.000000,0.000000,0.000000,0.000000,0.000000,0.000000,0.000000,0.000000,1.170055,-0.911315,0.226823,0.711424,0.203129,-0.113066,0.999977,0.000593,0.000271,0.006772,-0.014471,0.004226,0.000493,0.264870,0.082099,-0.036054,-0.004038,-0.001941,-0.002415,0.026823,0.019621,0.024512,-0.113066,0.999977,0.000593,0.000271,0.006772,-0.014471,0.004226,0.000493
16,173.297678,345,relative,27,3.750164,0.050000,1.206719,-0.899820,0.200000,0.697101,0.184611,0.000000,0.000000,0.000000,0.000000,0.000000,0.000000,0.000000,0.000000,1.205634,-0.901171,0.221169,0.711736,0.202710,-0.113066,0.999977,0.000282,0.000352,0.006783,-0.010366,0.002423,0.000379,0.264870,0.077056,-0.028037,-0.004011,-0.001085,-0.001351,0.021169,0.014635,0.018099,-0.113066,0.999977,0.000282,0.000352,0.006783,-0.010366,0.002423,0.000379
16,173.297678,345,relative,28,3.800164,0.050000,1.241706,-0.890439,0.200000,0.702400,0.190605,0.000000,0.000000,0.000000,0.000000,0.000000,0.000000,0.000000,0.000000,1.241230,-0.891040,0.215516,0.712105,0.202548,-0.113066,0.999977,0.000071,0.000393,0.006791,-0.006513,0.001021,0.000265,0.264883,0.070573,-0.018712,-0.003987,-0.000476,-0.000600,0.015516,0.009705,0.011943,-0.113066,0.999977,0.000071,0.000393,0.006791,-0.006513,0.001021,0.000265
16,173.297678,345,relative,29,3.850164,0.050000,1.276959,-0.880759,0.200000,0.707699,0.196598,0.000000,0.000000,0.000000,0.000000,0.000000,0.000000,0.000000,0.000000,1.276845,-0.880913,0.209863,0.712499,0.202546,-0.113042,0.999977,-0.000048,0.000406,0.006797,-0.002985,0.000086,0.000151,0.271608,0.063688,-0.008668,-0.003964,-0.000114,-0.000154,0.009863,0.004801,0.005948,-0.113042,0.999977,-0.000048,0.000406,0.006797,-0.002985,0.000086,0.000151
16,173.297678,345,relative,30,3.900164,0.100000,1.312476,-0.870780,0.200000,0.712997,0.202592,0.000000,0.000000,0.000000,0.000000,0.000000,0.000000,0.000000,0.000000,1.312480,-0.870784,0.204523,0.712907,0.202621,-0.100566,0.999977,-0.000083,0.000403,0.006799,0.000200,-0.000348,0.000039,0,0,0,0,0.000004,-0.000004,0.004523,-0.000090,0.000029,-0.100566,0.999977,-0.000083,0.000403,0.006799,0.000200,-0.000348,0.000039
17,146.090860,310,relative,0,0.000000,0.200000,-0.609897,-0.792481,0.200000,0.316992,-0.243959,0.000000,0.000000,0.000000,0.000000,0.000000,0.000000,0.000000,0.000000,0.037683,-0.140450,1.641377,0.132568,-0.194946,-0.330078,0.999204,-0.002125,0.039806,0.001403,-0.455422,0.403062,-0.023453,0.244898,2.217441,-2.527553,0.157484,0.647580,0.652030,1.441377,-0.184424,0.049013,-0.330078,0.999204,-0.002125,0.039806,0.001403,-0.455422,0.403062,-0.023453
17,146.090860,310,relative,1,0.200000,0.200000,-0.544547,-0.838736,0.200000,0.336509,-0.218599,0.000000,0.000000,0.000000,0.000000,0.000000,0.000000,0.000000,0.000000,0.081948,-0.174481,1.559572,0.319092,-0.131248,-0.489223,0.998170,-0.025519,0.054812,0.000935,-0.011487,-0.101834,-0.005547,0.266367,0.975098,-1.052039,0.074657,0.626495,0.664255,1.359572,-0.017417,0.087352,-0.489223,0.998170,-0.025519,0.054812,0.000935,-0.011487,-0.101834,-0.005547
17,146.090860,310,relative,2,0.400000,0.200000,-0.475294,-0.879920,0.200000,0.356026,-0.193240,0.000000,0.000000,0.000000,0.000000,0.000000,0.000000,0.000000,0.000000,0.165329,-0.191147,1.461621,0.501169,-0.041055,-0.488838,0.999274,-0.016918,0.034137,0.000899,0.183514,-0.312238,0.002941,0.265159,0.207171,-0.087951,0.038279,0.640622,0.688774,1.261621,0.145143,0.152185,-0.488838,0.999274,-0.016918,0.034137,0.000899,0.183514,-0.312238,0.002941
17,146.090860,310,relative,3,0.600000,0.200000,-0.402137,-0.916032,0.200000,0.375542,-0.167881,0.000000,0.000000,0.000000,0.000000,0.000000,0.000000,0.000000,0.000000,0.274823,-0.195248,1.363776,0.572816,-0.013372,-0.488673,0.999991,0.003553,0.002073,0.001272,0.225198,-0.329668,0.007293,0.265094,-0.264277,0.480284,0.027919,0.676960,0.720784,1.163776,0.197274,0.154508,-0.488673,0.999991,0.003553,0.002073,0.001272,0.225198,-0.329668,0.007293
17,146.090860,310,relative,4,0.800000,0.200000,-0.325077,-0.947073,0.200000,0.395059,-0.142521,0.000000,0.000000,0.000000,0.000000,0.000000,0.000000,0.000000,0.000000,0.386210,-0.202103,1.266106,0.522687,-0.068250,-0.488816,0.999383,0.023477,-0.026053,0.002025,0.172719,-0.233345,0.010468,0.266026,-0.498388,0.716377,0.024101,0.711287,0.744969,1.066106,0.127628,0.074272,-0.488816,0.999383,0.023477,-0.026053,0.002025,0.172719,-0.233345,0.010468
17,146.090860,310,relative,5,1.000000,0.200000,-0.244113,-0.973041,0.200000,0.414576,-0.117162,0.000000,0.000000,0.000000,0.000000,0.000000,0.000000,0.000000,0.000000,0.477928,-0.226968,1.168448,0.383959,-0.188496,-0.488973,0.998464,0.035766,-0.042200,0.003151,0.073326,-0.089852,0.013208,0.266689,-0.488990,0.662284,0.016626,0.722041,0.746073,0.968448,-0.030617,-0.071334,-0.488973,0.998464,0.035766,-0.042200,0.003151,0.073326,-0.089852,0.013208
17,146.090860,310,relative,6,1.200000,0.200000,-0.159246,-0.993937,0.200000,0.434092,-0.091803,0.000000,0.000000,0.000000,0.000000,0.000000,0.000000,0.000000,0.000000,0.537379,-0.279474,1.070678,0.209023,-0.338175,-0.488983,0.998266,0.038154,-0.044600,0.004585,-0.024424,0.042655,0.015098,0.266454,-0.402046,0.481906,0.002591,0.696625,0.714464,0.870678,-0.225070,-0.246373,-0.488983,0.998266,0.038154,-0.044600,0.004585,-0.024424,0.042655,0.015098
17,146.090860,310,relative,7,1.400000,0.200000,-0.070476,-1.009762,0.200000,0.453609,-0.066443,0.000000,0.000000,0.000000,0.000000,0.000000,0.000000,0.000000,0.000000,0.562544,-0.361634,0.972813,0.048526,-0.479128,-0.488890,0.998847,0.031579,-0.035624,0.006166,-0.105044,0.138887,0.015393,0.265661,-0.249983,0.236150,-0.008975,0.633020,0.648128,0.772813,-0.405083,-0.412685,-0.488890,0.998847,0.031579,-0.035624,0.006166,-0.105044,0.138887,0.015393
17,146.090860,310,relative,8,1.600000,0.200000,0.022197,-1.020515,0.200000,0.473126,-0.041084,0.000000,0.000000,0.000000,0.000000,0.000000,0.000000,0.000000,0.000000,0.560270,-0.468397,0.874942,-0.060764,-0.579843,-0.488799,0.999610,0.018412,-0.019529,0.007703,-0.155407,0.185823,0.014373,0.265013,-0.120623,0.025093,-0.017965,0.538073,0.552118,0.674942,-0.533890,-0.538760,-0.488799,0.999610,0.018412,-0.019529,0.007703,-0.155407,0.185823,0.014373
17,146.090860,310,relative,9,1.800000,0.200000,0.118774,-1.026196,0.200000,0.492643,-0.015724,0.000000,0.000000,0.000000,0.000000,0.000000,0.000000,0.000000,0.000000,0.542919,-0.589499,0.777139,-0.100623,-0.620008,-0.488766,0.999957,0.001476,-0.000871,0.009060,-0.179912,0.190502,0.012330,0.264963,0.003401,-0.072075,-0.021221,0.424145,0.436696,0.577139,-0.593266,-0.604284,-0.488766,0.999957,0.001476,-0.000871,0.009060,-0.179912,0.190502,0.012330
17,146.090860,310,relative,10,2.000000,0.200000,0.219254,-1.026805,0.200000,0.512159,0.009635,0.000000,0.000000,0.000000,0.000000,0.000000,0.000000,0.000000,0.000000,0.524858,-0.711685,0.679420,-0.068244,-0.589867,-0.488794,0.999660,-0.016663,0.017275,0.010185,-0.179542,0.175784,0.009917,0.265548,0.191808,-0.242344,-0.022922,0.305604,0.315119,0.479420,-0.580403,-0.599502,-0.488794,0.999660,-0.016663,0.017275,0.010185,-0.179542,0.175784,0.009917
17,146.090860,310,relative,11,2.200000,0.200000,0.323638,-1.022342,0.200000,0.531676,0.034994,0.000000,0.000000,0.000000,0.000000,0.000000,0.000000,0.000000,0.000000,0.520031,-0.820766,0.581753,0.029650,-0.490243,-0.488896,0.998879,-0.032838,0.032259,0.011072,-0.141380,0.127104,0.007311,0.266375,0.476938,-0.477945,-0.023723,0.196393,0.201575,0.381753,-0.502026,-0.525238,-0.488896,0.998879,-0.032838,0.032259,0.011072,-0.141380,0.127104,0.007311
17,146.090860,310,relative,12,2.400000,0.200000,0.431925,-1.012807,0.200000,0.551193,0.060354,0.000000,0.000000,0.000000,0.000000,0.000000,0.000000,0.000000,0.000000,0.539848,-0.904160,0.484046,0.173566,-0.337447,-0.489005,0.998233,-0.042266,0.040089,0.011711,-0.046068,0.031427,0.004614,0.266686,0.636729,-0.571054,-0.023495,0.107923,0.108646,0.284046,-0.377627,-0.397801,-0.489005,0.998233,-0.042266,0.040089,0.011711,-0.046068,0.031427,0.004614
17,146.090860,310,relative,13,2.600000,0.200000,0.544115,-0.998200,0.200000,0.570709,0.085713,0.000000,0.000000,0.000000,0.000000,0.000000,0.000000,0.000000,0.000000,0.590209,-0.954607,0.386230,0.328391,-0.168212,-0.488932,0.998402,-0.040465,0.037561,0.012078,0.081287,-0.082779,0.001942,0.291066,0.019332,0.003114,0.001175,0.046094,0.043593,0.186230,-0.242318,-0.253926,-0.488932,0.998402,-0.040465,0.037561,0.012078,0.081287,-0.082779,0.001942
17,146.090860,310,relative,14,2.800000,0.050000,0.660209,-0.978522,0.200000,0.590226,0.111072,0.000000,0.000000,0.000000,0.000000,0.000000,0.000000,0.000000,0.000000,0.670695,-0.971838,0.306709,0.470718,-0.010182,-0.305449,0.998977,-0.032045,0.029435,0.012300,0.085179,-0.082131,0.002076,0.365107,0.065071,-0.059510,0.003824,0.010487,0.006684,0.106709,-0.119508,-0.121255,-0.305449,0.998977,-0.032045,0.029435,0.012300,0.085179,-0.082131,0.002076
17,146.090860,310,relative,15,2.850000,0.050000,0.689842,-0.972809,0.200000,0.595105,0.117412,0.000000,0.000000,0.000000,0.000000,0.000000,0.000000,0.000000,0.000000,0.695189,-0.971277,0.296016,0.508583,0.032109,-0.122214,0.999103,-0.029850,0.027375,0.012356,0.088439,-0.085100,0.002185,0.265676,0.105770,-0.112857,0.001308,0.005347,0.001533,0.096016,-0.086522,-0.085304,-0.122214,0.999103,-0.029850,0.027375,0.012356,0.088439,-0.085100,0.002185
17,146.090860,310,relative,16,2.900000,0.050000,0.719719,-0.966780,0.200000,0.599985,0.123752,0.000000,0.000000,0.000000,0.000000,0.000000,0.000000,0.000000,0.000000,0.721265,-0.968948,0.289904,0.534094,0.060655,-0.122214,0.999226,-0.027546,0.025209,0.012414,0.093735,-0.090735,0.002222,0.265547,0.096354,-0.093987,-0.001621,0.001546,-0.002168,0.089904,-0.065890,-0.063098,-0.122214,0.999226,-0.027546,0.025209,0.012414,0.093735,-0.090735,0.002222
17,146.090860,310,relative,17,2.950000,0.050000,0.749840,-0.960434,0.200000,0.604864,0.130092,0.000000,0.000000,0.000000,0.000000,0.000000,0.000000,0.000000,0.000000,0.748562,-0.965251,0.283792,0.557429,0.086836,-0.122214,0.999344,-0.025113,0.022915,0.012472,0.098560,-0.095426,0.002176,0.265423,0.077732,-0.066217,-0.004062,-0.001278,-0.004817,0.083792,-0.047435,-0.043256,-0.122214,0.999344,-0.025113,0.022915,0.012472,0.098560,-0.095426,0.002176
17,146.090860,310,relative,18,3.000000,0.050000,0.780206,-0.953771,0.200000,0.609743,0.136432,0.000000,0.000000,0.000000,0.000000,0.000000,0.000000,0.000000,0.000000,0.776970,-0.960306,0.277681,0.578480,0.110535,-0.122213,0.999456,-0.022571,0.020522,0.012529,0.102455,-0.098729,0.002060,0.265308,0.054337,-0.034301,-0.008566,-0.003236,-0.006535,0.077681,-0.031263,-0.025897,-0.122213,0.999456,-0.022571,0.020522,0.012529,0.102455,-0.098729,0.002060
17,146.090860,310,relative,19,3.050000,0.050000,0.810815,-0.946791,0.200000,0.614622,0.142772,0.000000,0.000000,0.000000,0.000000,0.000000,0.000000,0.000000,0.000000,0.806371,-0.954241,0.271569,0.597171,0.131656,-0.122213,0.999559,-0.019944,0.018067,0.012580,0.105179,-0.100436,0.001817,0.265205,0.024499,-0.001542,-0.008570,-0.004444,-0.007450,0.071569,-0.017451,-0.011116,-0.122213,0.999559,-0.019944,0.018067,0.012580,0.105179,-0.100436,0.001817
17,146.090860,310,relative,20,3.100000,0.050000,0.841668,-0.939494,0.200000,0.619501,0.149112,0.000000,0.000000,0.000000,0.000000,0.000000,0.000000,0.000000,0.000000,0.836647,-0.947185,0.265458,0.613464,0.150136,-0.122213,0.999650,-0.017268,0.015590,0.012625,0.106410,-0.100507,0.001573,0.265115,-0.007582,0.032864,-0.008566,-0.005021,-0.007691,0.065458,-0.006038,0.001024,-0.122213,0.999650,-0.017268,0.015590,0.012625,0.106410,-0.100507,0.001573
17,146.090860,310,relative,21,3.150000,0.050000,0.872765,-0.931880,0.200000,0.624380,0.155451,0.000000,0.000000,0.000000,0.000000,0.000000,0.000000,0.000000,0.000000,0.867677,-0.939272,0.259346,0.627360,0.165945,-0.122212,0.999727,-0.014581,0.013133,0.012662,0.106037,-0.098858,0.001330,0.265039,-0.041595,0.068738,-0.008561,-0.005088,-0.007392,0.059346,0.002980,0.010493,-0.122212,0.999727,-0.014581,0.013133,0.012662,0.106037,-0.098858,0.001330
17,146.090860,310,relative,22,3.200000,0.050000,0.904106,-0.923949,0.200000,0.629260,0.161791,0.000000,0.000000,0.000000,0.000000,0.000000,0.000000,0.000000,0.000000,0.899343,-0.930635,0.253235,0.638902,0.179096,-0.122212,0.999791,-0.011926,0.010739,0.012693,0.103961,-0.095416,0.001086,0.264979,-0.163368,0.144260,-0.004484,-0.004762,-0.006686,0.053235,0.009643,0.017305,-0.122212,0.999791,-0.011926,0.010739,0.012693,0.103961,-0.095416,0.001086
17,146.090860,310,relative,23,3.250000,0.050000,0.935691,-0.915701,0.200000,0.634139,0.168131,0.000000,0.000000,0.000000,0.000000,0.000000,0.000000,0.000000,0.000000,0.931530,-0.921405,0.247124,0.648182,0.189661,-0.122212,0.999839,-0.009400,0.008476,0.012720,0.095797,-0.088199,0.000959,0.264935,-0.193470,0.173313,-0.004609,-0.004161,-0.005704,0.047124,0.014044,0.021530,-0.122212,0.999839,-0.009400,0.008476,0.012720,0.095797,-0.088199,0.000959
17,146.090860,310,relative,24,3.300000,0.050000,0.967520,-0.907136,0.200000,0.639018,0.174471,0.000000,0.000000,0.000000,0.000000,0.000000,0.000000,0.000000,0.000000,0.964127,-0.911708,0.241013,0.655364,0.197828,-0.122212,0.999873,-0.007099,0.006409,0.012742,0.086126,-0.079530,0.000828,0.264905,-0.222729,0.201991,-0.004725,-0.003393,-0.004573,0.041013,0.016346,0.023357,-0.122212,0.999873,-0.007099,0.006409,0.012742,0.086126,-0.079530,0.000828
17,146.090860,310,relative,25,3.350000,0.050000,0.999593,-0.898254,0.200000,0.643897,0.180811,0.000000,0.000000,0.000000,0.000000,0.000000,0.000000,0.000000,0.000000,0.997034,-0.901658,0.234903,0.660655,0.203838,-0.122212,0.999895,-0.005062,0.004573,0.012761,0.074992,-0.069428,0.000694,0.264887,-0.251018,0.230280,-0.004826,-0.002558,-0.003405,0.034903,0.016758,0.023027,-0.122212,0.999895,-0.005062,0.004573,0.012761,0.074992,-0.069428,0.000694
17,146.090860,310,relative,26,3.400000,0.050000,1.031909,-0.889055,0.200000,0.648776,0.187151,0.000000,0.000000,0.000000,0.000000,0.000000,0.000000,0.000000,0.000000,1.030165,-0.891356,0.228792,0.664296,0.207972,-0.122213,0.999908,-0.003324,0.003004,0.012777,0.062442,-0.057913,0.000556,0.264876,-0.274688,0.254997,-0.004897,-0.001745,-0.002301,0.028792,0.015519,0.020822,-0.122213,0.999908,-0.003324,0.003004,0.012777,0.062442,-0.057913,0.000556
17,146.090860,310,relative,27,3.450000,0.050000,1.064470,-0.879539,0.200000,0.653655,0.193490,0.000000,0.000000,0.000000,0.000000,0.000000,0.000000,0.000000,0.000000,1.063441,-0.880887,0.222681,0.666561,0.210544,-0.122213,0.999915,-0.001918,0.001733,0.012790,0.048709,-0.045162,0.000417,0.264871,-0.300367,0.278680,-0.004895,-0.001029,-0.001349,0.022681,0.012905,0.017054,-0.122213,0.999915,-0.001918,0.001733,0.012790,0.048709,-0.045162,0.000417
17,146.090860,310,relative,28,3.500000,0.050000,1.097275,-0.869706,0.200000,0.658535,0.199830,0.000000,0.000000,0.000000,0.000000,0.000000,0.000000,0.000000,0.000000,1.096803,-0.870322,0.216571,0.667754,0.211899,-0.122214,0.999917,-0.000876,0.000791,0.012798,0.033691,-0.031227,0.000278,0.264870,-0.324634,0.300989,-0.004890,-0.000472,-0.000616,0.016571,0.009219,0.012068,-0.122214,0.999917,-0.000876,0.000791,0.012798,0.033691,-0.031227,0.000278
17,146.090860,310,relative,29,3.550000,0.050000,1.130324,-0.859556,0.200000,0.663414,0.206170,0.000000,0.000000,0.000000,0.000000,0.000000,0.000000,0.000000,0.000000,1.130204,-0.859711,0.210460,0.668206,0.212413,-0.122215,0.999918,-0.000229,0.000207,0.012803,0.017459,-0.016178,0.000139,0.276536,-0.349370,0.323722,-0.004895,-0.000120,-0.000156,0.010460,0.004793,0.006243,-0.122215,0.999918,-0.000229,0.000207,0.012803,0.017459,-0.016178,0.000139
17,146.090860,310,relative,30,3.600000,0.100000,1.163616,-0.849089,0.200000,0.668293,0.212510,0.000000,0.000000,0.000000,0.000000,0.000000,0.000000,0.000000,0.000000,1.163617,-0.849088,0.204889,0.668281,0.212497,-0.100611,0.999918,-0.000008,0.000008,0.012805,-0.000009,0.000008,-0.000000,0,0,0,0,0.000001,0.000001,0.004889,-0.000012,-0.000013,-0.100611,0.999918,-0.000008,0.000008,0.012805,-0.000009,0.000008,-0.000000
18,45.906415,97,relative,0,0.000000,0.199748,-0.561268,-0.827634,0.200000,0.331054,-0.224507,0.000000,0.000000,0.000000,0.000000,0.000000,0.000000,0.000000,0.000000,0.064030,-0.165942,1.589127,0.275391,-0.154663,-0.312988,0.999464,0.002437,0.032655,0.000143,2.517637,-2.354013,0.028328,0.266023,-11.701273,10.124846,-0.084763,0.625298,0.661692,1.389127,-0.055663,0.069844,-0.312988,0.999464,0.002437,0.032655,0.000143,2.517637,-2.354013,0.028328
18,45.906415,97,relative,1,0.199748,0.085091,-0.493349,-0.869837,0.200000,0.348992,-0.198056,0.000000,0.000000,0.000000,0.000000,0.000000,0.000000,0.000000,0.000000,0.107631,-0.222992,1.523425,0.075174,-0.502157,-0.362635,0.985474,0.136588,-0.100883,-0.002859,0.185348,-0.326486,0.018702,0.084086,-6.435791,5.757370,-0.015866,0.600980,0.646845,1.323425,-0.273818,-0.304101,-0.362635,0.985474,0.136588,-0.100883,-0.002859,0.185348,-0.326486,0.018702
18,45.906415,97,relative,2,0.284840,0.190712,-0.463328,-0.886211,0.200000,0.356633,-0.186788,0.000000,0.000000,0.000000,0.000000,0.000000,0.000000,0.000000,0.000000,0.111713,-0.268763,1.467660,0.020476,-0.573312,-0.948049,0.985626,0.132792,-0.104395,-0.002971,-0.362182,0.163313,0.017935,0.214047,-2.388158,2.394110,-0.047898,0.575041,0.617448,1.267660,-0.336157,-0.386523,-0.948049,0.985626,0.132792,-0.104395,-0.002971,-0.362182,0.163313,0.017935
18,45.906415,97,relative,3,0.475552,0.199081,-0.393680,-0.919425,0.200000,0.373760,-0.161534,0.000000,0.000000,0.000000,0.000000,0.000000,0.000000,0.000000,0.000000,0.088248,-0.411589,1.245926,-0.248415,-0.897225,-1.368179,0.994742,0.077014,-0.067460,-0.002586,-0.818473,0.618617,0.012742,0.295260,0.299425,0.047209,-0.061545,0.481928,0.507836,1.045926,-0.622175,-0.735691,-1.368179,0.994742,0.077014,-0.067460,-0.002586,-0.818473,0.618617,0.012742
18,45.906415,97,relative,4,0.674633,0.198686,-0.317492,-0.948960,0.200000,0.391638,-0.135171,0.000000,0.000000,0.000000,0.000000,0.000000,0.000000,0.000000,0.000000,0.018486,-0.611949,0.993552,-0.407555,-1.059270,-1.159627,0.999982,-0.001286,-0.005439,-0.002254,-0.759733,0.626906,0.005776,0.305770,1.555568,-1.153108,-0.050883,0.335978,0.337011,0.793552,-0.799193,-0.924099,-1.159627,0.999982,-0.001286,-0.005439,-0.002254,-0.759733,0.626906,0.005776
18,45.906415,97,relative,5,0.873319,0.194299,-0.237907,-0.973203,0.200000,0.409480,-0.108861,0.000000,0.000000,0.000000,0.000000,0.000000,0.000000,0.000000,0.000000,-0.056448,-0.811772,0.792513,-0.308527,-0.907469,-0.868389,0.997081,-0.061248,0.045535,-0.002383,-0.450904,0.397512,0.000029,0.296265,1.819252,-1.443182,-0.032669,0.181459,0.161431,0.592513,-0.718008,-0.798608,-0.868389,0.997081,-0.061248,0.045535,-0.002383,-0.450904,0.397512,0.000029
18,45.906415,97,relative,6,1.067619,0.166991,-0.156650,-0.991855,0.200000,0.426929,-0.083132,0.000000,0.000000,0.000000,0.000000,0.000000,0.000000,0.000000,0.000000,-0.093172,-0.958078,0.642168,-0.051914,-0.580063,-0.684035,0.993646,-0.087707,0.070474,-0.002894,-0.097370,0.117159,-0.003580,0.281782,1.648148,-1.382489,-0.020907,0.063478,0.033776,0.442168,-0.478843,-0.496931,-0.684035,0.993646,-0.087707,0.070474,-0.002894,-0.097370,0.117159,-0.003580
18,45.906415,97,relative,7,1.234610,0.164271,-0.084104,-1.003890,0.200000,0.441925,-0.061018,0.000000,0.000000,0.000000,0.000000,0.000000,0.000000,0.000000,0.000000,-0.080913,-1.029421,0.532877,0.198834,-0.276311,-0.624577,0.993924,-0.084396,0.070572,-0.003534,0.177853,-0.113734,-0.005564,0.259125,1.392961,-1.227479,-0.016591,0.003192,-0.025531,0.332877,-0.243091,-0.215293,-0.624577,0.993924,-0.084396,0.070572,-0.003534,0.177853,-0.113734,-0.005564
18,45.906415,97,relative,8,1.398881,0.194648,-0.010297,-1.012127,0.200000,0.456677,-0.039265,0.000000,0.000000,0.000000,0.000000,0.000000,0.000000,0.000000,0.000000,-0.031155,-1.054776,0.424690,0.397784,-0.044704,-0.689646,0.996750,-0.060609,0.052889,-0.004266,0.406503,-0.315607,-0.007114,0.262828,0.316839,-0.348632,-0.013056,-0.020858,-0.042649,0.224690,-0.058893,-0.005438,-0.689646,0.996750,-0.060609,0.052889,-0.004266,0.406503,-0.315607,-0.007114
18,45.906415,97,relative,9,1.593529,0.199318,0.080295,-1.017262,0.200000,0.474157,-0.013490,0.000000,0.000000,0.000000,0.000000,0.000000,0.000000,0.000000,0.000000,0.061824,-1.046247,0.287496,0.535965,0.105832,-0.716362,0.999644,-0.018319,0.018668,-0.005220,0.467769,-0.383975,-0.008558,0.344847,-2.036629,1.629459,0.019034,-0.018471,-0.028986,0.087496,0.061808,0.119322,-0.716362,0.999644,-0.018319,0.018668,-0.005220,0.467769,-0.383975,-0.008558
18,45.906415,97,relative,10,1.792847,0.050534,0.176587,-1.017320,0.200000,0.492056,0.012904,0.000000,0.000000,0.000000,0.000000,0.000000,0.000000,0.000000,0.000000,0.172998,-1.022025,0.203417,0.560591,0.115062,-0.126789,0.999944,0.007924,-0.003581,-0.006056,0.061572,-0.059505,-0.006402,0.372850,-0.557920,0.414377,0.010630,-0.003589,-0.004705,0.003417,0.068534,0.102158,-0.126789,0.999944,0.007924,-0.003581,-0.006056,0.061572,-0.059505,-0.006402
18,45.906415,97,relative,11,1.843382,0.050508,0.201568,-1.016499,0.200000,0.496595,0.019596,0.000000,0.000000,0.000000,0.000000,0.000000,0.000000,0.000000,0.000000,0.201183,-1.016505,0.202113,0.554588,0.103126,0.075182,0.999927,0.009116,-0.004826,-0.006220,0.033366,-0.038576,-0.006096,0.243726,-0.472678,0.327649,0.008641,-0.000385,-0.000006,0.002113,0.057993,0.083530,0.075182,0.999927,0.009116,-0.004826,-0.006220,0.033366,-0.038576,-0.006096
18,45.906415,97,relative,12,1.893889,0.050517,0.226764,-1.015340,0.200000,0.501130,0.026284,0.000000,0.000000,0.000000,0.000000,0.000000,0.000000,0.000000,0.000000,0.229075,-1.011511,0.204909,0.549751,0.094554,0.035522,0.999917,0.009653,-0.005594,-0.006375,0.009485,-0.022032,-0.005848,0.257950,-0.420227,0.299371,0.006328,0.002311,0.003829,0.004909,0.048621,0.068269,0.035522,0.999917,0.009653,-0.005594,-0.006375,0.009485,-0.022032,-0.005848
18,45.906415,97,relative,13,1.944406,0.050534,0.252194,-1.013843,0.200000,0.505667,0.032974,0.000000,0.000000,0.000000,0.000000,0.000000,0.000000,0.000000,0.000000,0.256705,-1.006970,0.206373,0.544086,0.085244,0.022451,0.999915,0.009623,-0.005958,-0.006524,-0.011746,-0.006909,-0.005666,0.261118,-0.364656,0.270873,0.004525,0.004511,0.006874,0.006373,0.038419,0.052270,0.022451,0.999915,0.009623,-0.005958,-0.006524,-0.011746,-0.006909,-0.005666
18,45.906415,97,relative,14,1.994941,0.050558,0.277863,-1.012008,0.200000,0.510205,0.039666,0.000000,0.000000,0.000000,0.000000,0.000000,0.000000,0.000000,0.000000,0.284051,-1.002895,0.207327,0.538176,0.076098,0.015307,0.999919,0.009094,-0.005954,-0.006669,-0.030174,0.006784,-0.005536,0.261361,-0.305808,0.240937,0.000636,0.006188,0.009113,0.007327,0.027971,0.036433,0.015307,0.999919,0.009094,-0.005954,-0.006669,-0.030174,0.006784,-0.005536
18,45.906415,97,relative,15,2.045499,0.050588,0.303772,-1.009833,0.200000,0.514745,0.046361,0.000000,0.000000,0.000000,0.000000,0.000000,0.000000,0.000000,0.000000,0.311113,-0.999265,0.207932,0.532429,0.067671,0.008630,0.999928,0.008139,-0.005621,-0.006811,-0.045632,0.018974,-0.005518,0.261227,-0.249497,0.209302,0.001204,0.007341,0.010569,0.007932,0.017683,0.021311,0.008630,0.999928,0.008139,-0.005621,-0.006811,-0.045632,0.018974,-0.005518
18,45.906415,97,relative,16,2.096087,0.050624,0.329927,-1.007319,0.200000,0.519288,0.053060,0.000000,0.000000,0.000000,0.000000,0.000000,0.000000,0.000000,0.000000,0.337912,-0.996032,0.208194,0.527159,0.060355,0.001721,0.999940,0.006831,-0.004997,-0.006953,-0.058249,0.029573,-0.005484,0.261375,-0.195085,0.179470,0.001720,0.007985,0.011287,0.008194,0.007871,0.007295,0.001721,0.999940,0.006831,-0.004997,-0.006953,-0.058249,0.029573,-0.005484
18,45.906415,97,relative,17,2.146711,0.050659,0.356331,-1.004463,0.200000,0.523834,0.059763,0.000000,0.000000,0.000000,0.000000,0.000000,0.000000,0.000000,0.000000,0.364480,-0.993132,0.208113,0.522630,0.054452,-0.004889,0.999953,0.005238,-0.004121,-0.007093,-0.068118,0.038672,-0.005434,0.261807,-0.145454,0.153630,0.002169,0.008150,0.011331,0.008113,-0.001204,-0.005311,-0.004889,0.999953,0.005238,-0.004121,-0.007093,-0.068118,0.038672,-0.005434
18,45.906415,97,relative,18,2.197370,0.050672,0.382983,-1.001265,0.200000,0.528384,0.066472,0.000000,0.000000,0.000000,0.000000,0.000000,0.000000,0.000000,0.000000,0.390862,-0.990489,0.207719,0.519071,0.050206,-0.010667,0.999963,0.003428,-0.003030,-0.007232,-0.075478,0.046469,-0.005372,0.262466,-0.192942,0.173667,0.006624,0.007879,0.010777,0.007719,-0.009313,-0.016266,-0.010667,0.999963,0.003428,-0.003030,-0.007232,-0.075478,0.046469,-0.005372
18,45.906415,97,relative,19,2.248042,0.050698,0.409873,-0.997727,0.200000,0.532934,0.073182,0.000000,0.000000,0.000000,0.000000,0.000000,0.000000,0.000000,0.000000,0.417098,-0.988013,0.207064,0.516693,0.047824,-0.015191,0.999970,0.001402,-0.001725,-0.007367,-0.085244,0.055286,-0.005181,0.263878,-0.155566,0.152518,0.006817,0.007226,0.009714,0.007064,-0.016241,-0.025358,-0.015191,0.999970,0.001402,-0.001725,-0.007367,-0.085244,0.055286,-0.005181
18,45.906415,97,relative,20,2.298741,0.050724,0.437007,-0.993847,0.200000,0.537487,0.079895,0.000000,0.000000,0.000000,0.000000,0.000000,0.000000,0.000000,0.000000,0.443263,-0.985605,0.206247,0.515716,0.047541,-0.017056,0.999972,-0.000848,-0.000209,-0.007498,-0.093119,0.063035,-0.004984,0.266364,-0.125277,0.137040,0.006960,0.006256,0.008241,0.006247,-0.021771,-0.032355,-0.017056,0.999972,-0.000848,-0.000209,-0.007498,-0.093119,0.063035,-0.004984
18,45.906415,97,relative,21,2.349464,0.050752,0.464386,-0.989624,0.200000,0.542042,0.086612,0.000000,0.000000,0.000000,0.000000,0.000000,0.000000,0.000000,0.000000,0.469431,-0.983152,0.205452,0.516361,0.049587,-0.014254,0.999964,-0.003277,0.001496,-0.007623,-0.099461,0.070005,-0.004784,0.268046,-0.102407,0.127408,0.007065,0.005045,0.006471,0.005452,-0.025681,-0.037026,-0.014254,0.999964,-0.003277,0.001496,-0.007623,-0.099461,0.070005,-0.004784
18,45.906415,97,relative,22,2.400216,0.050958,0.492011,-0.985057,0.200000,0.546600,0.093333,0.000000,0.000000,0.000000,0.000000,0.000000,0.000000,0.000000,0.000000,0.495692,-0.980531,0.204880,0.518836,0.054157,-0.008313,0.999947,-0.005853,0.003374,-0.007744,-0.104645,0.076489,-0.004580,0.268141,0.199277,-0.141584,0.012191,0.003681,0.004527,0.004880,-0.027764,-0.039176,-0.008313,0.999947,-0.005853,0.003374,-0.007744,-0.104645,0.076489,-0.004580
18,45.906415,97,relative,23,2.451174,0.051012,0.519981,-0.980129,0.200000,0.551176,0.100081,0.000000,0.000000,0.000000,0.000000,0.000000,0.000000,0.000000,0.000000,0.522235,-0.977599,0.204612,0.523273,0.061344,-0.002211,0.999920,-0.008375,0.005250,-0.007859,-0.094478,0.069291,-0.004227,0.269907,0.225123,-0.159619,0.012263,0.002254,0.002531,0.004612,-0.027903,-0.038737,-0.002211,0.999920,-0.008375,0.005250,-0.007859,-0.094478,0.069291,-0.004227
18,45.906415,97,relative,24,2.502185,0.051071,0.548214,-0.974852,0.200000,0.555757,0.106836,0.000000,0.000000,0.000000,0.000000,0.000000,0.000000,0.000000,0.000000,0.549082,-0.974233,0.204739,0.529579,0.071008,0.007174,0.999888,-0.010626,0.006931,-0.007964,-0.082984,0.061163,-0.003871,0.277459,0.241328,-0.170795,0.012305,0.000867,0.000619,0.004739,-0.026179,-0.035828,0.007174,0.999888,-0.010626,0.006931,-0.007964,-0.082984,0.061163,-0.003871
18,45.906415,97,relative,25,2.553256,0.051076,0.576714,-0.969223,0.200000,0.560343,0.113599,0.000000,0.000000,0.000000,0.000000,0.000000,0.000000,0.000000,0.000000,0.576329,-0.970305,0.205708,0.537739,0.083146,0.030781,0.999853,-0.012576,0.008396,-0.008060,-0.070651,0.052451,-0.003514,0.236009,0.247322,-0.174649,0.012312,-0.000385,-0.001082,0.005708,-0.022605,-0.030453,0.030781,0.999853,-0.012576,0.008396,-0.008060,-0.070651,0.052451,-0.003514
18,45.906415,97,relative,26,2.604332,0.051148,0.605452,-0.963248,0.200000,0.564930,0.120362,0.000000,0.000000,0.000000,0.000000,0.000000,0.000000,0.000000,0.000000,0.603999,-0.965760,0.205881,0.545901,0.095061,-0.024050,0.999819,-0.014210,0.009634,-0.008147,-0.058013,0.043539,-0.003156,0.276669,0.243311,-0.171878,0.012370,-0.001453,-0.002512,0.005881,-0.019029,-0.025301,-0.024050,0.999819,-0.014210,0.009634,-0.008147,-0.058013,0.043539,-0.003156
18,45.906415,97,relative,27,2.655480,0.051194,0.634464,-0.956919,0.200000,0.569523,0.127135,0.000000,0.000000,0.000000,0.000000,0.000000,0.000000,0.000000,0.000000,0.632191,-0.960507,0.205214,0.556674,0.110584,-0.002039,0.999789,-0.015526,0.010644,-0.008225,-0.045563,0.034754,-0.002797,0.260137,0.252280,-0.182251,0.012524,-0.002273,-0.003588,0.005214,-0.012849,-0.016552,-0.002039,0.999789,-0.015526,0.010644,-0.008225,-0.045563,0.034754,-0.002797
18,45.906415,97,relative,28,2.706674,0.051231,0.663738,-0.950236,0.200000,0.574121,0.133915,0.000000,0.000000,0.000000,0.000000,0.000000,0.000000,0.000000,0.000000,0.660969,-0.954447,0.204870,0.567706,0.126324,-0.011388,0.999764,-0.016521,0.011421,-0.008293,-0.032645,0.025428,-0.002432,0.249717,0.254274,-0.187207,0.012620,-0.002769,-0.004210,0.004870,-0.006415,-0.007590,-0.011388,0.999764,-0.016521,0.011421,-0.008293,-0.032645,0.025428,-0.002432
18,45.906415,97,relative,29,2.757905,0.051294,0.693269,-0.943202,0.200000,0.578721,0.140699,0.000000,0.000000,0.000000,0.000000,0.000000,0.000000,0.000000,0.000000,0.690338,-0.947570,0.203540,0.578932,0.142226,-0.040540,0.999746,-0.017187,0.011954,-0.008351,-0.019617,0.015839,-0.002064,0.233915,0.253950,-0.190497,0.012779,-0.002930,-0.004368,0.003540,0.000211,0.001527,-0.040540,0.999746,-0.017187,0.011954,-0.008351,-0.019617,0.015839,-0.002064
18,45.906415,97,relative,30,2.809199,0.100000,0.723072,-0.935811,0.200000,0.583328,0.147491,0.000000,0.000000,0.000000,0.000000,0.000000,0.000000,0.000000,0.000000,0.720313,-0.939882,0.199942,0.589828,0.157580,-0.099747,0.999736,-0.017521,0.012237,-0.008400,-0.006590,0.006069,-0.001692,0,0,0,0,-0.002759,-0.004071,-0.000058,0.006500,0.010089,-0.099747,0.999736,-0.017521,0.012237,-0.008400,-0.006590,0.006069,-0.001692
