solve_num,solve_time_ms,node,t,x,y,z,vx,vy,vz,qw,qx,qy,qz,wx,wy,wz,fz,mx,my,mz
0,160.566334,0,0.000000,1.007135,1.009967,1.060103,-0.016708,0.009628,-0.012253,0.999995,0.003238,-0.000656,0.000097,0.000000,0.000000,0.000000,0.080000,10.130705,-9.535581,0.000488
0,160.566334,1,0.050000,1.006300,1.010448,1.059490,-0.016903,0.008669,-0.354608,0.999995,0.003238,-0.000656,0.000097,0.506535,-0.476779,0.000014,0.080000,4.376252,-4.327168,0.002637
0,160.566334,2,0.100000,1.005455,1.010881,1.041760,-0.017097,0.007710,-0.696963,0.999795,0.015900,-0.012573,0.000067,0.725348,-0.693137,0.000089,0.178244,0.193849,-0.417855,-0.009034
0,160.566334,3,0.150000,1.004600,1.011267,1.006912,-0.025395,-0.002785,-0.857652,0.998974,0.034020,-0.029887,0.000022,0.735043,-0.714027,-0.000168,0.326415,-2.550215,2.166021,-0.008422
0,160.566334,4,0.200000,1.003330,1.011128,0.964029,-0.061488,-0.043873,-0.746158,0.997488,0.052361,-0.047703,-0.000040,0.607528,-0.605731,-0.000407,0.331808,-3.971056,3.714217,-0.005885
0,160.566334,5,0.250000,1.000256,1.008934,0.926721,-0.119967,-0.108056,-0.628364,0.995742,0.067495,-0.062794,-0.000119,0.408965,-0.420030,-0.000575,0.317671,-4.518357,4.314002,-0.004198
0,160.566334,6,0.300000,0.994257,1.003531,0.895303,-0.193543,-0.187121,-0.540584,0.994285,0.077667,-0.073242,-0.000200,0.183038,-0.204338,-0.000694,0.297146,-4.424014,4.287515,-0.002256
0,160.566334,7,0.350000,0.984580,0.994175,0.868274,-0.273705,-0.272092,-0.493355,0.993532,0.082215,-0.078319,-0.000279,-0.038168,0.010032,-0.000758,0.278656,-3.904119,3.834503,-0.000460
0,160.566334,8,0.400000,0.970895,0.980571,0.843606,-0.354036,-0.356372,-0.481132,0.993630,0.081269,-0.078068,-0.000352,-0.233373,0.201759,-0.000771,0.266293,-3.130047,3.119467,0.000967
0,160.566334,9,0.450000,0.953193,0.962752,0.819550,-0.430571,-0.435987,-0.491021,0.994468,0.075473,-0.073051,-0.000416,-0.389870,0.357739,-0.000744,0.260882,-2.234639,2.271612,0.001961
0,160.566334,10,0.500000,0.931665,0.940953,0.794999,-0.500794,-0.508478,-0.509067,0.995770,0.065779,-0.064146,-0.000472,-0.501592,0.471330,-0.000688,0.261127,-1.318918,1.390611,0.002560
0,160.566334,11,0.550000,0.906625,0.915529,0.769545,-0.562599,-0.571797,-0.524163,0.997203,0.053291,-0.052397,-0.000518,-0.567525,0.540874,-0.000615,0.264810,-0.457722,0.551521,0.002856
0,160.566334,12,0.600000,0.878495,0.886939,0.743337,-0.613873,-0.623891,-0.529752,0.998476,0.039143,-0.038898,-0.000556,-0.590399,0.568463,-0.000534,0.269723,0.296380,-0.191876,0.002947
0,160.566334,13,0.650000,0.847801,0.855744,0.716849,-0.652693,-0.662913,-0.523807,0.999397,0.024409,-0.024694,-0.000587,-0.575568,0.558882,-0.000450,0.274200,0.910274,-0.804680,0.002922
0,160.566334,14,0.700000,0.815167,0.822599,0.690659,-0.677770,-0.687672,-0.507754,0.999892,0.010035,-0.010719,-0.000613,-0.530045,0.518657,-0.000367,0.277294,1.367775,-1.268650,0.002842
0,160.566334,15,0.750000,0.781278,0.788215,0.665271,-0.688784,-0.697970,-0.484967,0.999992,-0.003206,0.002254,-0.000634,-0.461649,0.455232,-0.000286,0.278712,1.666914,-1.579714,0.002749
0,160.566334,16,0.800000,0.746839,0.753317,0.641023,-0.686456,-0.694661,-0.459349,0.999798,-0.014738,0.013640,-0.000651,-0.378298,0.376252,-0.000208,0.278639,1.816942,-1.745132,0.002662
0,160.566334,17,0.850000,0.712516,0.718584,0.618056,-0.672373,-0.679463,-0.434268,0.999442,-0.024186,0.023048,-0.000666,-0.287448,0.288998,-0.000133,0.277525,1.835217,-1.780492,0.002586
0,160.566334,18,0.900000,0.678898,0.684610,0.596342,-0.648679,-0.654633,-0.411980,0.999049,-0.031362,0.030272,-0.000678,-0.195686,0.199975,-0.000059,0.275901,1.744230,-1.706800,0.002515
0,160.566334,19,0.950000,0.646464,0.651879,0.575743,-0.617753,-0.622638,-0.393495,0.998720,-0.036245,0.035269,-0.000688,-0.108474,0.114635,0.000012,0.274233,1.568987,-1.547885,0.002441
0,160.566334,20,1.000000,0.615576,0.620747,0.556068,-0.581951,-0.585897,-0.378754,0.998513,-0.038951,0.038133,-0.000696,-0.030025,0.037241,0.000082,0.272844,1.334860,-1.328256,0.002355
0,160.566334,21,1.050000,0.586478,0.591452,0.537131,-0.543447,-0.546621,-0.366990,0.998448,-0.039700,0.039063,-0.000702,0.036718,-0.029172,0.000149,0.271886,1.065946,-1.071439,0.002252
0,160.566334,22,1.100000,0.559306,0.564121,0.518781,-0.504144,-0.506733,-0.357121,0.998512,-0.038783,0.038335,-0.000705,0.090016,-0.082744,0.000213,0.271364,0.783888,-0.798771,0.002127
0,160.566334,23,1.150000,0.534099,0.538784,0.500925,-0.465645,-0.467839,-0.348085,0.998674,-0.036538,0.036267,-0.000706,0.129211,-0.122682,0.000273,0.271183,0.507110,-0.528598,0.001983
0,160.566334,24,1.200000,0.510817,0.515392,0.483521,-0.429241,-0.431216,-0.339055,0.998893,-0.033313,0.033202,-0.000704,0.154568,-0.149110,0.000330,0.271206,0.250387,-0.275802,0.001824
0,160.566334,25,1.250000,0.489355,0.493832,0.466568,-0.395904,-0.397815,-0.329544,0.999131,-0.029455,0.029476,-0.000700,0.167089,-0.162898,0.000381,0.271293,0.024701,-0.051615,0.001654
0,160.566334,26,1.300000,0.469559,0.473941,0.450091,-0.366292,-0.368265,-0.319394,0.999357,-0.025284,0.025404,-0.000694,0.168326,-0.165477,0.000429,0.271340,-0.162673,0.136338,0.001481
0,160.566334,27,1.350000,0.451245,0.455528,0.434121,-0.340761,-0.342890,-0.308703,0.999551,-0.021080,0.021266,-0.000685,0.160195,-0.158657,0.000471,0.271287,-0.307902,0.283809,0.001310
0,160.566334,28,1.400000,0.434207,0.438383,0.418686,-0.319389,-0.321733,-0.297721,0.999704,-0.017080,0.017299,-0.000675,0.144803,-0.144464,0.000508,0.271117,-0.410181,0.389553,0.001145
0,160.566334,29,1.450000,0.418237,0.422296,0.403800,-0.302012,-0.304599,-0.286747,0.999815,-0.013463,0.013686,-0.000663,0.124297,-0.124983,0.000540,0.270847,-0.471235,0.454863,0.000990
0,160.566334,30,1.500000,0.403137,0.407066,0.389463,-0.288276,-0.291106,-0.276048,0.999890,-0.010358,0.010560,-0.000650,0.100737,-0.102237,0.000569,0.270515,-0.494775,0.483044,0.000846
0,160.566334,31,1.550000,0.388723,0.392511,0.375660,-0.277691,-0.280737,-0.265813,0.999937,-0.007841,0.008003,-0.000636,0.076001,-0.078083,0.000593,0.270163,-0.485938,0.478874,0.000714
0,160.566334,32,1.600000,0.374838,0.378474,0.362370,-0.269678,-0.272897,-0.256137,0.999964,-0.005942,0.006050,-0.000621,0.051706,-0.054138,0.000613,0.269828,-0.450753,0.448090,0.000594
0,160.566334,33,1.650000,0.361354,0.364829,0.349563,-0.263629,-0.266963,-0.247027,0.999978,-0.004650,0.004696,-0.000606,0.029169,-0.031732,0.000630,0.269535,-0.395661,0.396901,0.000484
0,160.566334,34,1.700000,0.348173,0.351481,0.337211,-0.258939,-0.262323,-0.238432,0.999985,-0.003921,0.003902,-0.000590,0.009387,-0.011886,0.000644,0.269295,-0.327094,0.331579,0.000384
0,160.566334,35,1.750000,0.335226,0.338365,0.325290,-0.255045,-0.258415,-0.230268,0.999987,-0.003687,0.003605,-0.000573,-0.006967,0.004693,0.000654,0.269107,-0.251131,0.258107,0.000291
0,160.566334,36,1.800000,0.322474,0.325444,0.313776,-0.251450,-0.254742,-0.222449,0.999985,-0.003861,0.003722,-0.000557,-0.019524,0.017598,0.000663,0.268960,-0.173235,0.181913,0.000205
0,160.566334,37,1.850000,0.309901,0.312707,0.302654,-0.247740,-0.250898,-0.214904,0.999982,-0.004349,0.004163,-0.000540,-0.028186,0.026693,0.000669,0.268841,-0.098065,0.107675,0.000124
0,160.566334,38,1.900000,0.297514,0.300162,0.291909,-0.243593,-0.246570,-0.207587,0.999975,-0.005053,0.004830,-0.000523,-0.033090,0.032076,0.000672,0.268734,-0.029366,0.039195,0.000049
0,160.566334,39,1.950000,0.285335,0.287834,0.281529,-0.238783,-0.241544,-0.200480,0.999967,-0.005880,0.005633,-0.000507,-0.034559,0.034035,0.000673,0.268630,0.030077,-0.020652,-0.000021
0,160.566334,40,2.000000,0.273396,0.275757,0.271505,-0.233176,-0.235697,-0.193583,0.999956,-0.006743,0.006484,-0.000490,-0.033056,0.033002,0.000673,0.268519,0.078431,-0.069917,-0.000086
0,160.566334,41,2.050000,0.261737,0.263972,0.261826,-0.226724,-0.228995,-0.186913,0.999945,-0.007569,0.007310,-0.000473,-0.029135,0.029505,0.000670,0.268399,0.114750,-0.107530,-0.000146
0,160.566334,42,2.100000,0.250401,0.252522,0.252481,-0.219455,-0.221474,-0.180488,0.999933,-0.008297,0.008048,-0.000457,-0.023399,0.024128,0.000666,0.268271,0.138884,-0.133215,-0.000202
0,160.566334,43,2.150000,0.239428,0.241448,0.243456,-0.211455,-0.213235,-0.174322,0.999923,-0.008881,0.008651,-0.000440,-0.016455,0.017466,0.000661,0.268139,0.151359,-0.147373,-0.000253
0,160.566334,44,2.200000,0.228855,0.230787,0.234740,-0.202860,-0.204419,-0.168422,0.999915,-0.009292,0.009088,-0.000424,-0.008888,0.010097,0.000653,0.268006,0.153238,-0.150953,-0.000299
0,160.566334,45,2.250000,0.218712,0.220566,0.226319,-0.193836,-0.195200,-0.162782,0.999911,-0.009514,0.009341,-0.000408,-0.001226,0.002550,0.000645,0.267877,0.145983,-0.145321,-0.000341
0,160.566334,46,2.300000,0.209020,0.210806,0.218180,-0.184566,-0.185766,-0.157389,0.999910,-0.009545,0.009405,-0.000392,0.006073,-0.004717,0.000635,0.267756,0.131318,-0.132119,-0.000378
0,160.566334,47,2.350000,0.199792,0.201517,0.210310,-0.175236,-0.176305,-0.152223,0.999913,-0.009393,0.009287,-0.000377,0.012639,-0.011322,0.000624,0.267643,0.111094,-0.113141,-0.000410
0,160.566334,48,2.400000,0.191030,0.192702,0.202699,-0.166028,-0.166998,-0.147261,0.999918,-0.009077,0.009004,-0.000361,0.018194,-0.016979,0.000613,0.267539,0.087182,-0.090217,-0.000438
0,160.566334,49,2.450000,0.182729,0.184352,0.195336,-0.157103,-0.158008,-0.142480,0.999926,-0.008622,0.008579,-0.000346,0.022554,-0.021490,0.000600,0.267442,0.061371,-0.065115,-0.000463
0,160.566334,50,2.500000,0.174874,0.176452,0.188212,-0.148603,-0.149472,-0.137863,0.999935,-0.008058,0.008042,-0.000332,0.025623,-0.024745,0.000587,0.267352,0.035290,-0.039461,-0.000484
0,160.566334,51,2.550000,0.167444,0.168978,0.181319,-0.140637,-0.141496,-0.133395,0.999945,-0.007418,0.007424,-0.000317,0.027388,-0.026717,0.000573,0.267266,0.010352,-0.014684,-0.000501
0,160.566334,52,2.600000,0.160412,0.161903,0.174649,-0.133287,-0.134156,-0.129068,0.999954,-0.006733,0.006756,-0.000303,0.027906,-0.027451,0.000559,0.267182,-0.012282,0.008034,-0.000516
0,160.566334,53,2.650000,0.153747,0.155196,0.168196,-0.126600,-0.127495,-0.124877,0.999963,-0.006036,0.006069,-0.000289,0.027292,-0.027049,0.000544,0.267099,-0.031727,0.027770,-0.000527
0,160.566334,54,2.700000,0.147417,0.148821,0.161952,-0.120595,-0.121526,-0.120822,0.999971,-0.005354,0.005393,-0.000275,0.025706,-0.025660,0.000529,0.267016,-0.047374,0.043877,-0.000536
0,160.566334,55,2.750000,0.141388,0.142745,0.155911,-0.115260,-0.116233,-0.116905,0.999978,-0.004711,0.004751,-0.000262,0.023338,-0.023465,0.000514,0.266934,-0.058880,0.055965,-0.000542
0,160.566334,56,2.800000,0.135625,0.136933,0.150066,-0.110562,-0.111577,-0.113126,0.999983,-0.004128,0.004165,-0.000249,0.020395,-0.020666,0.000499,0.266853,-0.066147,0.063894,-0.000546
0,160.566334,57,2.850000,0.130096,0.131354,0.144409,-0.106445,-0.107499,-0.109488,0.999987,-0.003618,0.003648,-0.000237,0.017088,-0.017471,0.000483,0.266774,-0.069292,0.067737,-0.000548
0,160.566334,58,2.900000,0.124774,0.125979,0.138935,-0.102840,-0.103925,-0.105988,0.999990,-0.003191,0.003211,-0.000225,0.013624,-0.014084,0.000468,0.266697,-0.068614,0.067754,-0.000548
0,160.566334,59,2.950000,0.119632,0.120783,0.133636,-0.099667,-0.100774,-0.102626,0.999992,-0.002850,0.002859,-0.000213,0.010193,-0.010696,0.000452,0.266622,-0.064556,0.064354,-0.000546
0,160.566334,60,3.000000,0.114649,0.115744,0.128504,-0.096844,-0.097960,-0.099397,0.999993,-0.002595,0.002591,-0.000202,0.006965,-0.007478,0.000437,0.266551,-0.057668,0.058059,-0.000542
0,160.566334,61,3.050000,0.109807,0.110846,0.123535,-0.094285,-0.095399,-0.096297,0.999994,-0.002421,0.002404,-0.000191,0.004082,-0.004575,0.000421,0.266483,-0.048567,0.049466,-0.000536
0,160.566334,62,3.100000,0.105092,0.106076,0.118720,-0.091911,-0.093009,-0.093322,0.999995,-0.002319,0.002290,-0.000180,0.001654,-0.002102,0.000406,0.266418,-0.037911,0.039216,-0.000530
0,160.566334,63,3.150000,0.100497,0.101426,0.114054,-0.089651,-0.090721,-0.090465,0.999995,-0.002278,0.002238,-0.000170,-0.000242,-0.000141,0.000391,0.266356,-0.026362,0.027967,-0.000522
0,160.566334,64,3.200000,0.096014,0.096890,0.109530,-0.087443,-0.088475,-0.087722,0.999995,-0.002284,0.002234,-0.000160,-0.001560,0.001257,0.000376,0.266297,-0.014566,0.016360,-0.000513
0,160.566334,65,3.250000,0.091642,0.092466,0.105144,-0.085240,-0.086222,-0.085090,0.999995,-0.002323,0.002266,-0.000151,-0.002288,0.002075,0.000362,0.266240,-0.003130,0.005007,-0.000503
0,160.566334,66,3.300000,0.087380,0.088155,0.100890,-0.083005,-0.083932,-0.082564,0.999994,-0.002380,0.002317,-0.000142,-0.002445,0.002326,0.000347,0.266184,0.007395,-0.005532,-0.000492
0,160.566334,67,3.350000,0.083230,0.083958,0.096762,-0.080720,-0.081586,-0.080141,0.999994,-0.002441,0.002376,-0.000133,-0.002075,0.002049,0.000333,0.266130,0.016523,-0.014762,-0.000481
0,160.566334,68,3.400000,0.079194,0.079879,0.092754,-0.078379,-0.079180,-0.077819,0.999994,-0.002493,0.002427,-0.000125,-0.001249,0.001311,0.000320,0.266077,0.023848,-0.022261,-0.000469
0,160.566334,69,3.450000,0.075275,0.075920,0.088864,-0.075987,-0.076724,-0.075596,0.999994,-0.002524,0.002460,-0.000117,-0.000056,0.000198,0.000306,0.266026,0.029046,-0.027691,-0.000457
0,160.566334,70,3.500000,0.071476,0.072084,0.085084,-0.073563,-0.074237,-0.073468,0.999994,-0.002526,0.002465,-0.000109,0.001396,-0.001187,0.000293,0.265975,0.031881,-0.030801,-0.000445
0,160.566334,71,3.550000,0.067797,0.068372,0.081410,-0.071135,-0.071750,-0.071434,0.999994,-0.002491,0.002435,-0.000102,0.002990,-0.002727,0.000281,0.265926,0.032214,-0.031435,-0.000432
0,160.566334,72,3.600000,0.064241,0.064784,0.077839,-0.068736,-0.069297,-0.069490,0.999994,-0.002416,0.002367,-0.000095,0.004601,-0.004299,0.000268,0.265878,0.030000,-0.029534,-0.000420
0,160.566334,73,3.650000,0.060804,0.061320,0.074364,-0.066406,-0.066918,-0.067634,0.999995,-0.002301,0.002259,-0.000088,0.006101,-0.005775,0.000256,0.265832,0.025297,-0.025143,-0.000407
0,160.566334,74,3.700000,0.057484,0.057974,0.070982,-0.064181,-0.064653,-0.065862,0.999995,-0.002148,0.002115,-0.000082,0.007366,-0.007032,0.000245,0.265787,0.018265,-0.018411,-0.000395
0,160.566334,75,3.750000,0.054275,0.054741,0.067689,-0.062099,-0.062539,-0.064173,0.999996,-0.001964,0.001939,-0.000076,0.008279,-0.007953,0.000234,0.265743,0.009174,-0.009598,-0.000383
0,160.566334,76,3.800000,0.051170,0.051614,0.064481,-0.060190,-0.060606,-0.062563,0.999997,-0.001757,0.001740,-0.000070,0.008738,-0.008433,0.000223,0.265701,-0.001600,0.000928,-0.000371
0,160.566334,77,3.850000,0.048160,0.048584,0.061352,-0.058478,-0.058876,-0.061031,0.999998,-0.001539,0.001529,-0.000064,0.008658,-0.008386,0.000212,0.265659,-0.013567,0.012685,-0.000360
0,160.566334,78,3.900000,0.045236,0.045640,0.058301,-0.056973,-0.057363,-0.059574,0.999998,-0.001322,0.001320,-0.000059,0.007980,-0.007752,0.000202,0.265619,-0.026133,0.025082,-0.000349
0,160.566334,79,3.950000,0.042388,0.042772,0.055322,-0.055674,-0.056062,-0.058191,0.999999,-0.001123,0.001126,-0.000054,0.006673,-0.006498,0.000192,0.265579,-0.038603,0.037429,-0.000338
0,160.566334,80,4.000000,0.039604,0.039969,0.052413,-0.054566,-0.054957,-0.056881,0.999999,-0.000956,0.000964,-0.000049,0.004743,-0.004626,0.000182,0.265541,-0.050197,0.048948,-0.000329
0,160.566334,81,4.050000,0.036876,0.037221,0.049569,-0.053619,-0.054017,-0.055641,0.999999,-0.000837,0.000848,-0.000044,0.002233,-0.002179,0.000173,0.265503,-0.060069,0.058797,-0.000320
0,160.566334,82,4.100000,0.034195,0.034520,0.046787,-0.052785,-0.053194,-0.054470,0.999999,-0.000782,0.000793,-0.000040,-0.000770,0.000761,0.000164,0.265467,-0.067342,0.066096,-0.000312
0,160.566334,83,4.150000,0.031555,0.031860,0.044063,-0.052005,-0.052425,-0.053366,0.999999,-0.000801,0.000812,-0.000036,-0.004137,0.004066,0.000155,0.265431,-0.071145,0.069977,-0.000306
0,160.566334,84,4.200000,0.028955,0.029239,0.041395,-0.051206,-0.051638,-0.052327,0.999999,-0.000904,0.000914,-0.000032,-0.007695,0.007565,0.000146,0.265397,-0.070670,0.069631,-0.000300
0,160.566334,85,4.250000,0.026395,0.026657,0.038778,-0.050307,-0.050749,-0.051353,0.999999,-0.001097,0.001103,-0.000029,-0.011228,0.011046,0.000138,0.265363,-0.065243,0.064378,-0.000296
0,160.566334,86,4.300000,0.023879,0.024120,0.036211,-0.049223,-0.049672,-0.050443,0.999998,-0.001377,0.001379,-0.000025,-0.014490,0.014265,0.000129,0.265329,-0.054397,0.053750,-0.000293
0,160.566334,87,4.350000,0.021418,0.021636,0.033689,-0.047867,-0.048318,-0.049597,0.999997,-0.001740,0.001736,-0.000022,-0.017210,0.016952,0.000121,0.265294,-0.037970,0.037576,-0.000291
0,160.566334,88,4.400000,0.019025,0.019220,0.031209,-0.046162,-0.046609,-0.048817,0.999995,-0.002170,0.002160,-0.000019,-0.019109,0.018831,0.000113,0.265258,-0.016207,0.016095,-0.000291
0,160.566334,89,4.450000,0.016717,0.016890,0.028768,-0.044040,-0.044477,-0.048108,0.999993,-0.002648,0.002631,-0.000016,-0.019919,0.019636,0.000105,0.265221,0.010128,-0.009940,-0.000292
0,160.566334,90,4.500000,0.014515,0.014666,0.026363,-0.041455,-0.041877,-0.047473,0.999990,-0.003145,0.003122,-0.000013,-0.019413,0.019139,0.000096,0.265183,0.039634,-0.039141,-0.000296
0,160.566334,91,4.550000,0.012442,0.012572,0.023989,-0.038390,-0.038787,-0.046913,0.999987,-0.003631,0.003600,-0.000011,-0.017431,0.017182,0.000088,0.265145,0.070151,-0.069366,-0.000301
0,160.566334,92,4.600000,0.010523,0.010633,0.021643,-0.034854,-0.035222,-0.046429,0.999984,-0.004067,0.004030,-0.000009,-0.013924,0.013713,0.000079,0.265111,0.098649,-0.097606,-0.000309
0,160.566334,93,4.650000,0.008780,0.008872,0.019322,-0.030898,-0.031229,-0.046015,0.999981,-0.004415,0.004372,-0.000007,-0.008992,0.008833,0.000071,0.265081,0.121115,-0.119877,-0.000318
0,160.566334,94,4.700000,0.007235,0.007310,0.017021,-0.026605,-0.026895,-0.045662,0.999979,-0.004639,0.004593,-0.000005,-0.002936,0.002839,0.000062,0.265059,0.132460,-0.131125,-0.000330
0,160.566334,95,4.750000,0.005905,0.005965,0.014738,-0.022096,-0.022341,-0.045354,0.999978,-0.004713,0.004664,-0.000003,0.003687,-0.003717,0.000052,0.265044,0.126435,-0.125151,-0.000345
0,160.566334,96,4.800000,0.004800,0.004848,0.012470,-0.017517,-0.017714,-0.045074,0.999979,-0.004621,0.004571,-0.000002,0.010009,-0.009975,0.000042,0.265035,0.095572,-0.094544,-0.000361
0,160.566334,97,4.850000,0.003924,0.003963,0.010217,-0.013030,-0.013179,-0.044810,0.999981,-0.004370,0.004322,-0.000001,0.014788,-0.014702,0.000032,0.265023,0.031139,-0.030642,-0.000380
0,160.566334,98,4.900000,0.003273,0.003304,0.007976,-0.008788,-0.008889,-0.044564,0.999984,-0.004001,0.003954,-0.000000,0.016345,-0.016234,0.000021,0.265005,-0.076937,0.076557,-0.000402
0,160.566334,99,4.950000,0.002833,0.002859,0.005748,-0.004906,-0.004963,-0.044345,0.999987,-0.003592,0.003549,0.000000,0.012498,-0.012406,0.000010,0.288839,-0.244132,0.242444,-0.000426
0,160.566334,100,5.000000,0.002588,0.002611,0.003531,-0.001110,-0.001120,0.000016,0.999989,-0.003280,0.003238,0.000001,0.000291,-0.000284,-0.000002,0,0,0,0
1,167.752240,0,0.000000,1.006940,1.015560,1.065334,-0.004013,0.005596,-0.050079,0.999999,-0.000149,-0.001109,-0.000599,0.000000,0.000000,0.000000,0.080000,10.909311,-10.531877,0.208434
1,167.752240,1,0.050000,1.006740,1.015840,1.062830,-0.004342,0.005640,-0.392432,0.999999,-0.000149,-0.001109,-0.000599,0.545466,-0.526594,0.005925,0.080000,4.542474,-4.426532,0.193277
1,167.752240,2,0.100000,1.006523,1.016122,1.043208,-0.004670,0.005685,-0.734784,0.999807,0.013477,-0.014280,-0.000433,0.772708,-0.747798,0.011418,0.190166,-0.010082,0.041026,0.178691
1,167.752240,3,0.150000,1.006289,1.016406,1.006469,-0.014730,-0.003802,-0.873396,0.998919,0.032767,-0.032972,-0.000124,0.772528,-0.745412,0.016498,0.332352,-2.963786,2.832989,0.159861
1,167.752240,4,0.200000,1.005553,1.016216,0.962799,-0.055277,-0.044087,-0.751089,0.997313,0.052025,-0.051584,0.000314,0.624805,-0.603278,0.021042,0.336492,-4.339385,4.240716,0.142318
1,167.752240,5,0.250000,1.002789,1.014012,0.925245,-0.119371,-0.108771,-0.625144,0.995487,0.067565,-0.066632,0.000860,0.408318,-0.390744,0.025087,0.319317,-4.740704,4.676321,0.123821
1,167.752240,6,0.300000,0.996820,1.008573,0.893988,-0.197750,-0.188384,-0.534966,0.994046,0.077686,-0.076383,0.001504,0.171654,-0.156539,0.028607,0.296750,-4.498477,4.450920,0.105430
1,167.752240,7,0.350000,0.986933,0.999154,0.867239,-0.281072,-0.273384,-0.488974,0.993396,0.081901,-0.080321,0.002239,-0.053100,0.066193,0.031603,0.277465,-3.850392,3.813505,0.087875
1,167.752240,8,0.400000,0.972879,0.985485,0.842791,-0.362880,-0.357179,-0.479173,0.993633,0.080515,-0.078744,0.003052,-0.245699,0.256805,0.034101,0.265258,-2.981535,2.954967,0.071472
1,167.752240,9,0.450000,0.954735,0.967626,0.818832,-0.439507,-0.436012,-0.490915,0.994591,0.074322,-0.072449,0.003933,-0.395108,0.404235,0.036133,0.260421,-2.031573,2.016141,0.056354
1,167.752240,10,0.500000,0.932760,0.945825,0.794286,-0.508726,-0.507585,-0.509544,0.995954,0.064386,-0.062498,0.004866,-0.497241,0.504501,0.037735,0.261200,-1.101928,1.097578,0.042558
1,167.752240,11,0.550000,0.907323,0.920446,0.768809,-0.568639,-0.569915,-0.524129,0.997381,0.051877,-0.050050,0.005840,-0.553060,0.558667,0.038944,0.265137,-0.262460,0.267696,0.030060
1,167.752240,12,0.600000,0.878891,0.891950,0.742603,-0.617361,-0.621011,-0.528738,0.998599,0.037949,-0.036244,0.006842,-0.567008,0.571235,0.039799,0.270002,0.442985,-0.430936,0.018796
1,167.752240,13,0.650000,0.848023,0.860900,0.716166,-0.653295,-0.659155,-0.521988,0.999445,0.023655,-0.022113,0.007862,-0.545722,0.548832,0.040333,0.274242,0.991828,-0.976521,0.008690
1,167.752240,14,0.700000,0.815359,0.827942,0.690066,-0.675554,-0.683345,-0.505698,0.999875,0.009888,-0.008530,0.008891,-0.496971,0.499170,0.040580,0.277060,1.378394,-1.363581,-0.000332
1,167.752240,15,0.750000,0.781581,0.793775,0.664781,-0.684216,-0.693568,-0.483299,0.999940,-0.002654,0.003827,0.009921,-0.428820,0.430226,0.040571,0.278283,1.609755,-1.598834,-0.008333
1,167.752240,16,0.800000,0.747370,0.759096,0.640616,-0.680299,-0.690793,-0.458484,0.999744,-0.013475,0.014477,0.010947,-0.348994,0.349624,0.040334,0.278152,1.701833,-1.697416,-0.015366
1,167.752240,17,0.850000,0.713355,0.724557,0.617692,-0.665541,-0.676751,-0.434291,0.999413,-0.022277,0.023131,0.011963,-0.264438,0.264219,0.039897,0.277114,1.675915,-1.679535,-0.021491
1,167.752240,18,0.900000,0.680078,0.690719,0.595978,-0.642087,-0.653616,-0.412676,0.999056,-0.028939,0.029675,0.012965,-0.181042,0.179842,0.039286,0.275652,1.555695,-1.567679,-0.026783
1,167.752240,19,0.950000,0.647974,0.658038,0.575344,-0.612203,-0.623707,-0.394463,0.998759,-0.033489,0.034136,0.013950,-0.103526,0.101188,0.038525,0.274168,1.373285,-1.392841,-0.031335
1,167.752240,20,1.000000,0.617364,0.626853,0.555621,-0.578058,-0.589259,-0.379567,0.998565,-0.036076,0.036658,0.014915,-0.035009,0.031394,0.037634,0.272926,1.151791,-1.177130,-0.035275
1,167.752240,21,1.050000,0.588461,0.597390,0.536642,-0.541600,-0.552291,-0.367322,0.998490,-0.036928,0.037463,0.015858,0.022535,-0.027512,0.036631,0.272042,0.911671,-0.940285,-0.038755
1,167.752240,22,1.100000,0.561381,0.569775,0.518276,-0.504501,-0.514542,-0.356829,0.998521,-0.036320,0.036819,0.016777,0.068157,-0.074495,0.035530,0.271514,0.670060,-0.699067,-0.041936
1,167.752240,23,1.150000,0.536156,0.544048,0.500435,-0.468143,-0.477451,-0.347214,0.998633,-0.034554,0.035020,0.017669,0.101761,-0.109357,0.034338,0.271269,0.440501,-0.466995,-0.044974
1,167.752240,24,1.200000,0.512749,0.520176,0.483074,-0.433621,-0.442161,-0.337797,0.998794,-0.031935,0.032364,0.018531,0.123928,-0.132574,0.033059,0.271198,0.232964,-0.254333,-0.047998
1,167.752240,25,1.250000,0.491068,0.498068,0.466184,-0.401747,-0.409520,-0.328155,0.998974,-0.028752,0.029137,0.019362,0.135743,-0.145135,0.031695,0.271199,0.054076,-0.068267,-0.051105
1,167.752240,26,1.300000,0.470980,0.477592,0.449777,-0.373070,-0.380103,-0.318118,0.999150,-0.025268,0.025601,0.020159,0.138621,-0.148385,0.030242,0.271189,-0.092493,0.086810,-0.054353
1,167.752240,27,1.350000,0.452327,0.458587,0.433871,-0.347890,-0.354227,-0.307717,0.999304,-0.021711,0.021983,0.020919,0.134167,-0.143885,0.028698,0.271119,-0.205578,0.208925,-0.057759
1,167.752240,28,1.400000,0.434932,0.440875,0.418485,-0.326288,-0.331979,-0.297103,0.999428,-0.018268,0.018474,0.021640,0.124045,-0.133293,0.027056,0.270971,-0.286025,0.298125,-0.061305
1,167.752240,29,1.450000,0.418618,0.424276,0.403630,-0.308155,-0.313254,-0.286483,0.999521,-0.015084,0.015222,0.022320,0.109880,-0.118259,0.025313,0.270751,-0.336202,0.356067,-0.064951
1,167.752240,30,1.500000,0.403210,0.408614,0.389305,-0.293235,-0.297794,-0.276053,0.999585,-0.012263,0.012338,0.022955,0.093184,-0.100350,0.023467,0.270479,-0.359544,0.385615,-0.068638
1,167.752240,31,1.550000,0.388548,0.393724,0.375503,-0.281162,-0.285231,-0.265970,0.999625,-0.009869,0.009891,0.023543,0.075296,-0.080987,0.021516,0.270182,-0.360146,0.390470,-0.072304
1,167.752240,32,1.600000,0.374490,0.379462,0.362204,-0.271501,-0.275126,-0.256330,0.999647,-0.007935,0.007917,0.024082,0.057355,-0.061402,0.019461,0.269885,-0.342414,0.374835,-0.075883
1,167.752240,33,1.650000,0.360915,0.365706,0.349388,-0.263781,-0.267007,-0.247168,0.999657,-0.006460,0.006421,0.024569,0.040279,-0.042618,0.017304,0.269609,-0.310780,0.343129,-0.079318
1,167.752240,34,1.700000,0.347726,0.352356,0.337029,-0.257530,-0.260400,-0.238474,0.999658,-0.005425,0.005383,0.025002,0.024768,-0.025435,0.015049,0.269365,-0.269481,0.299740,-0.082556
1,167.752240,35,1.750000,0.334850,0.339336,0.325106,-0.252297,-0.254856,-0.230207,0.999655,-0.004788,0.004765,0.025378,0.011309,-0.010434,0.012703,0.269158,-0.222397,0.248829,-0.085548
1,167.752240,36,1.800000,0.322235,0.326593,0.313595,-0.247670,-0.249964,-0.222313,0.999650,-0.004497,0.004513,0.025695,0.000194,0.002013,0.010271,0.268984,-0.172935,0.194181,-0.088253
1,167.752240,37,1.850000,0.309851,0.314095,0.302480,-0.243290,-0.245370,-0.214735,0.999643,-0.004492,0.004565,0.025952,-0.008453,0.011723,0.007762,0.268837,-0.123960,0.139095,-0.090631
1,167.752240,38,1.900000,0.297687,0.301826,0.291743,-0.238863,-0.240780,-0.207431,0.999635,-0.004710,0.004853,0.026146,-0.014655,0.018675,0.005186,0.268709,-0.077766,0.086315,-0.092641
1,167.752240,39,1.950000,0.285744,0.289787,0.281371,-0.234158,-0.235968,-0.200368,0.999628,-0.005088,0.005311,0.026275,-0.018547,0.022988,0.002553,0.268591,-0.036076,0.037998,-0.094242
1,167.752240,40,2.000000,0.274036,0.277989,0.271353,-0.229010,-0.230769,-0.193530,0.999620,-0.005566,0.005873,0.026338,-0.020353,0.024886,-0.000126,0.268478,-0.000063,-0.004287,-0.095394
1,167.752240,41,2.050000,0.262585,0.266450,0.261676,-0.223318,-0.225082,-0.186914,0.999614,-0.006092,0.006482,0.026334,-0.020356,0.024672,-0.002837,0.268364,0.029600,-0.039536,-0.096056
1,167.752240,42,2.100000,0.251419,0.255196,0.252331,-0.217038,-0.218861,-0.180522,0.999608,-0.006617,0.007084,0.026263,-0.018873,0.022697,-0.005568,0.268248,0.052685,-0.067256,-0.096188
1,167.752240,43,2.150000,0.240567,0.244253,0.243305,-0.210175,-0.212104,-0.174360,0.999604,-0.007104,0.007638,0.026123,-0.016234,0.019338,-0.008302,0.268128,0.069329,-0.087402,-0.095754
1,167.752240,44,2.200000,0.230059,0.233648,0.234587,-0.202776,-0.204854,-0.168434,0.999603,-0.007524,0.008109,0.025916,-0.012762,0.014973,-0.011024,0.268007,0.079966,-0.100300,-0.094725
1,167.752240,45,2.250000,0.219920,0.223405,0.226165,-0.194924,-0.197179,-0.162746,0.999604,-0.007855,0.008473,0.025640,-0.008757,0.009963,-0.013716,0.267886,0.085236,-0.106558,-0.093077
1,167.752240,46,2.300000,0.210174,0.213546,0.218028,-0.186720,-0.189173,-0.157293,0.999609,-0.008083,0.008714,0.025297,-0.004490,0.004640,-0.016362,0.267768,0.085917,-0.106985,-0.090796
1,167.752240,47,2.350000,0.200838,0.204088,0.210163,-0.178284,-0.180941,-0.152066,0.999618,-0.008202,0.008824,0.024888,-0.000191,-0.000706,-0.018943,0.267654,0.082847,-0.102509,-0.087879
1,167.752240,48,2.400000,0.191924,0.195041,0.202560,-0.169743,-0.172596,-0.147055,0.999629,-0.008211,0.008802,0.024415,0.003950,-0.005832,-0.021441,0.267545,0.076865,-0.094104,-0.084330
1,167.752240,49,2.450000,0.183436,0.186411,0.195207,-0.161222,-0.164250,-0.142246,0.999644,-0.008113,0.008654,0.023880,0.007789,-0.010540,-0.023838,0.267442,0.068761,-0.082729,-0.080166
1,167.752240,50,2.500000,0.175375,0.178198,0.188095,-0.152845,-0.156012,-0.137622,0.999662,-0.007917,0.008391,0.023284,0.011217,-0.014684,-0.026116,0.267345,0.059238,-0.069283,-0.075412
1,167.752240,51,2.550000,0.167733,0.170398,0.181214,-0.144722,-0.147982,-0.133170,0.999683,-0.007634,0.008025,0.022632,0.014165,-0.018159,-0.028260,0.267254,0.048892,-0.054569,-0.070104
1,167.752240,52,2.600000,0.160497,0.162999,0.174555,-0.136952,-0.140248,-0.128876,0.999704,-0.007275,0.007574,0.021926,0.016590,-0.020902,-0.030253,0.267168,0.038197,-0.039280,-0.064283
1,167.752240,53,2.650000,0.153649,0.155986,0.168111,-0.129617,-0.132887,-0.124730,0.999727,-0.006855,0.007055,0.021171,0.018476,-0.022885,-0.032080,0.267086,0.027519,-0.023997,-0.058002
1,167.752240,54,2.700000,0.147169,0.149342,0.161875,-0.122784,-0.125960,-0.120722,0.999751,-0.006387,0.006487,0.020370,0.019824,-0.024108,-0.033729,0.267006,0.017120,-0.009201,-0.051318
1,167.752240,55,2.750000,0.141029,0.143044,0.155839,-0.116498,-0.119515,-0.116848,0.999775,-0.005884,0.005890,0.019528,0.020649,-0.024593,-0.035187,0.266929,0.007191,0.004715,-0.044292
1,167.752240,56,2.800000,0.135204,0.137068,0.149996,-0.110791,-0.113585,-0.113103,0.999798,-0.005361,0.005280,0.018649,0.020976,-0.024385,-0.036446,0.266853,-0.002134,0.017415,-0.036994
1,167.752240,57,2.850000,0.129665,0.131389,0.144341,-0.105672,-0.108190,-0.109486,0.999820,-0.004831,0.004675,0.017738,0.020835,-0.023543,-0.037498,0.266779,-0.010753,0.028614,-0.029496
1,167.752240,58,2.900000,0.124381,0.125979,0.138867,-0.101138,-0.103336,-0.105996,0.999841,-0.004304,0.004091,0.016801,0.020264,-0.022142,-0.038336,0.266705,-0.018591,0.038072,-0.021872
1,167.752240,59,2.950000,0.119324,0.120813,0.133567,-0.097169,-0.099018,-0.102632,0.999861,-0.003792,0.003542,0.015843,0.019302,-0.020268,-0.038958,0.266633,-0.025610,0.045607,-0.014204
1,167.752240,60,3.000000,0.114466,0.115862,0.128435,-0.093730,-0.095218,-0.099394,0.999879,-0.003305,0.003040,0.014870,0.017992,-0.018016,-0.039362,0.266562,-0.031818,0.051132,-0.006572
1,167.752240,61,3.050000,0.109779,0.111101,0.123466,-0.090778,-0.091912,-0.096282,0.999896,-0.002851,0.002593,0.013886,0.016374,-0.015487,-0.039548,0.266492,-0.037293,0.054680,0.000940
1,167.752240,62,3.100000,0.105240,0.106505,0.118652,-0.088259,-0.089062,-0.093293,0.999911,-0.002439,0.002209,0.012897,0.014486,-0.012777,-0.039522,0.266424,-0.042176,0.056428,0.008245
1,167.752240,63,3.150000,0.100828,0.102052,0.113987,-0.086111,-0.086627,-0.090425,0.999925,-0.002075,0.001891,0.011909,0.012358,-0.009978,-0.039287,0.266359,-0.046632,0.056677,0.015263
1,167.752240,64,3.200000,0.096522,0.097721,0.109466,-0.084269,-0.084558,-0.087676,0.999937,-0.001765,0.001644,0.010927,0.010012,-0.007162,-0.038853,0.266296,-0.050783,0.055793,0.021917
1,167.752240,65,3.250000,0.092309,0.093493,0.105082,-0.082667,-0.082800,-0.085042,0.999948,-0.001514,0.001466,0.009956,0.007462,-0.004387,-0.038231,0.266235,-0.054608,0.054109,0.028139
1,167.752240,66,3.300000,0.088175,0.089353,0.100830,-0.081237,-0.081292,-0.082518,0.999958,-0.001328,0.001356,0.009000,0.004725,-0.001693,-0.037431,0.266178,-0.057849,0.051817,0.033878
1,167.752240,67,3.350000,0.084113,0.085288,0.096704,-0.079912,-0.079971,-0.080099,0.999966,-0.001211,0.001314,0.008064,0.001830,0.000892,-0.036468,0.266123,-0.059958,0.048874,0.039101
1,167.752240,68,3.400000,0.080118,0.081290,0.092699,-0.078627,-0.078767,-0.077782,0.999973,-0.001167,0.001335,0.007152,-0.001166,0.003333,-0.035356,0.266071,-0.060097,0.044952,0.043798
1,167.752240,69,3.450000,0.076186,0.077351,0.088810,-0.077319,-0.077608,-0.075562,0.999979,-0.001198,0.001417,0.006268,-0.004167,0.005582,-0.034111,0.266021,-0.057220,0.039446,0.047986
1,167.752240,70,3.500000,0.072320,0.073471,0.085032,-0.075930,-0.076419,-0.073434,0.999983,-0.001304,0.001555,0.005416,-0.007020,0.007560,-0.032747,0.265973,-0.050219,0.031562,0.051707
1,167.752240,71,3.550000,0.068524,0.069650,0.081360,-0.074405,-0.075127,-0.071395,0.999987,-0.001482,0.001742,0.004597,-0.009522,0.009146,-0.031278,0.265927,-0.038119,0.020446,0.055030
1,167.752240,72,3.600000,0.064804,0.065894,0.077790,-0.072695,-0.073659,-0.069442,0.999989,-0.001722,0.001969,0.003815,-0.011417,0.010180,-0.029713,0.265882,-0.020279,0.005360,0.058041
1,167.752240,73,3.650000,0.061169,0.062211,0.074318,-0.070763,-0.071956,-0.067575,0.999991,-0.002010,0.002221,0.003072,-0.012420,0.010461,-0.028064,0.265837,0.003435,-0.014146,0.060838
1,167.752240,74,3.700000,0.057631,0.058613,0.070939,-0.068583,-0.069971,-0.065792,0.999991,-0.002323,0.002480,0.002371,-0.012237,0.009767,-0.026334,0.265792,0.032541,-0.038087,0.063516
1,167.752240,75,3.750000,0.054202,0.055114,0.067650,-0.066147,-0.067678,-0.064095,0.999991,-0.002631,0.002722,0.001713,-0.010600,0.007875,-0.024529,0.265747,0.065898,-0.065913,0.066162
1,167.752240,76,3.800000,0.050894,0.051730,0.064445,-0.063472,-0.065084,-0.062485,0.999991,-0.002898,0.002917,0.001100,-0.007298,0.004589,-0.022648,0.265701,0.101670,-0.096353,0.068842
1,167.752240,77,3.850000,0.047721,0.048476,0.061321,-0.060605,-0.062230,-0.060962,0.999991,-0.003082,0.003030,0.000534,-0.002210,-0.000223,-0.020691,0.265656,0.136979,-0.126893,0.071601
1,167.752240,78,3.900000,0.044690,0.045365,0.058273,-0.057626,-0.059196,-0.059525,0.999991,-0.003139,0.003022,0.000017,0.004638,-0.006565,-0.018656,0.265613,0.165992,-0.151736,0.074480
1,167.752240,79,3.950000,0.041809,0.042405,0.055296,-0.054653,-0.056108,-0.058167,0.999991,-0.003024,0.002857,-0.000450,0.012933,-0.014156,-0.016539,0.265573,0.172949,-0.155201,0.077549
1,167.752240,80,4.000000,0.039076,0.039599,0.052388,-0.051842,-0.053134,-0.056882,0.999993,-0.002702,0.002501,-0.000863,0.021572,-0.021924,-0.014335,0.265537,0.133832,-0.114314,0.080937
1,167.752240,81,4.050000,0.036484,0.036943,0.049544,-0.049379,-0.050479,-0.055660,0.999995,-0.002164,0.001952,-0.001221,0.028252,-0.027651,-0.012034,0.265505,0.056960,-0.038181,0.084600
1,167.752240,82,4.100000,0.034015,0.034419,0.046761,-0.047457,-0.048353,-0.054491,0.999997,-0.001460,0.001259,-0.001522,0.031087,-0.029573,-0.009629,0.265474,-0.045445,0.060955,0.087704
1,167.752240,83,4.150000,0.031643,0.032001,0.044036,-0.046217,-0.046919,-0.053377,0.999998,-0.000684,0.000518,-0.001762,0.028804,-0.026537,-0.007136,0.265439,-0.191663,0.192059,0.089422
1,167.752240,84,4.200000,0.029332,0.029655,0.041367,-0.045706,-0.046248,-0.052324,0.999998,0.000035,-0.000146,-0.001941,0.019214,-0.016942,-0.004595,0.265401,-0.297040,0.284395,0.088148
1,167.752240,85,4.250000,0.027046,0.027343,0.038751,-0.045850,-0.046282,-0.051341,0.999998,0.000515,-0.000571,-0.002056,0.004359,-0.002725,-0.002089,0.265361,-0.341989,0.331029,0.083433
1,167.752240,86,4.300000,0.024754,0.025029,0.036184,-0.046413,-0.046787,-0.050432,0.999997,0.000623,-0.000639,-0.002108,-0.012741,0.013826,0.000283,0.265325,-0.364474,0.349214,0.076510
1,167.752240,87,4.350000,0.022433,0.022689,0.033663,-0.047042,-0.047398,-0.049591,0.999998,0.000306,-0.000293,-0.002101,-0.030965,0.031287,0.002457,0.265293,-0.274334,0.256580,0.067486
1,167.752240,88,4.400000,0.020081,0.020319,0.031183,-0.047331,-0.047698,-0.048808,0.999998,-0.000467,0.000491,-0.002039,-0.044684,0.044113,0.004376,0.265263,-0.103232,0.093704,0.056839
1,167.752240,89,4.450000,0.017715,0.017935,0.028743,-0.046847,-0.047240,-0.048080,0.999996,-0.001582,0.001596,-0.001930,-0.049853,0.048790,0.005991,0.265229,0.062871,-0.062906,0.045068
1,167.752240,90,4.500000,0.015372,0.015573,0.026339,-0.045277,-0.045689,-0.047420,0.999990,-0.002825,0.002818,-0.001780,-0.046721,0.045634,0.007272,0.265187,0.201420,-0.194363,0.032465
1,167.752240,91,4.550000,0.013108,0.013288,0.023968,-0.042504,-0.042919,-0.046848,0.999983,-0.003991,0.003962,-0.001598,-0.036663,0.035903,0.008195,0.265143,0.298637,-0.288658,0.019249
1,167.752240,92,4.600000,0.010983,0.011142,0.021625,-0.038607,-0.039006,-0.046374,0.999975,-0.004905,0.004862,-0.001393,-0.021742,0.021458,0.008742,0.265106,0.333018,-0.324653,0.005638
1,167.752240,93,4.650000,0.009053,0.009192,0.019306,-0.033827,-0.034197,-0.045985,0.999970,-0.005447,0.005400,-0.001175,-0.005098,0.005219,0.008902,0.265083,0.278520,-0.275673,-0.008099
1,167.752240,94,4.700000,0.007362,0.007482,0.017007,-0.028519,-0.028856,-0.045647,0.999969,-0.005573,0.005532,-0.000952,0.008826,-0.008567,0.008672,0.265075,0.115767,-0.120797,-0.021621
1,167.752240,95,4.750000,0.005936,0.006039,0.014725,-0.023084,-0.023390,-0.045328,0.999971,-0.005351,0.005319,-0.000735,0.014617,-0.014604,0.008058,0.265059,0.088465,-0.099539,-0.034521
1,167.752240,96,4.800000,0.004781,0.004870,0.012458,-0.017859,-0.018140,-0.045035,0.999975,-0.004985,0.004954,-0.000534,0.019045,-0.019576,0.007076,0.265049,0.022702,-0.036071,-0.046424
1,167.752240,97,4.850000,0.003888,0.003963,0.010207,-0.012993,-0.013249,-0.044752,0.999980,-0.004508,0.004465,-0.000357,0.020185,-0.021375,0.005757,0.265027,-0.052160,0.043217,-0.057015
1,167.752240,98,4.900000,0.003239,0.003300,0.007969,-0.008608,-0.008825,-0.044502,0.999984,-0.004003,0.003932,-0.000213,0.017582,-0.019209,0.004136,0.264994,-0.115092,0.119336,-0.066126
1,167.752240,99,4.950000,0.002808,0.002859,0.005744,-0.004749,-0.004897,-0.044303,0.999988,-0.003563,0.003452,-0.000109,0.011830,-0.013240,0.002257,0.288816,-0.230130,0.258772,-0.073791
1,167.752240,100,5.000000,0.002571,0.002614,0.003529,-0.001056,-0.001086,0.000015,0.999990,-0.003268,0.003121,-0.000053,0.000325,-0.000300,0.000159,0,0,0,0
2,162.302055,0,0.000000,1.008396,1.022115,1.042360,-0.008156,0.007061,-0.015106,0.999996,0.001626,-0.001800,-0.001678,0.000000,0.000000,0.000000,0.080000,10.687831,-10.169195,0.537437
2,162.302055,1,0.050000,1.007988,1.022468,1.041605,-0.008690,0.006580,-0.357460,0.999996,0.001626,-0.001800,-0.001678,0.534392,-0.508460,0.015276,0.080000,4.361185,-4.152173,0.497813
2,162.302055,2,0.100000,1.007554,1.022797,1.023732,-0.009224,0.006099,-0.699813,0.999782,0.014961,-0.014532,-0.001293,0.752746,-0.715759,0.029427,0.181252,-0.164554,-0.000257,0.444197
2,162.302055,3,0.150000,1.007093,1.023102,0.988741,-0.018990,-0.003929,-0.854954,0.998904,0.033730,-0.032446,-0.000551,0.745317,-0.714931,0.042053,0.330681,-2.858241,2.611464,0.396512
2,162.302055,4,0.200000,1.006143,1.022905,0.945994,-0.058708,-0.045173,-0.735765,0.997363,0.052282,-0.050329,0.000500,0.603546,-0.583168,0.053323,0.334187,-4.219933,3.982463,0.351200
2,162.302055,5,0.250000,1.003208,1.020647,0.909205,-0.120804,-0.109744,-0.613918,0.995620,0.067256,-0.064917,0.001827,0.393730,-0.382823,0.063306,0.318061,-4.601966,4.417254,0.309937
2,162.302055,6,0.300000,0.997167,1.015159,0.878509,-0.196798,-0.188765,-0.525710,0.994239,0.076963,-0.074527,0.003397,0.164551,-0.161015,0.072116,0.296375,-4.336263,4.238218,0.273068
2,162.302055,7,0.350000,0.987328,1.005721,0.852224,-0.277847,-0.273037,-0.479967,0.993598,0.080931,-0.078653,0.005187,-0.051821,0.051346,0.079878,0.277674,-3.680860,3.679210,0.240308
2,162.302055,8,0.400000,0.973435,0.992069,0.828226,-0.357786,-0.356156,-0.469353,0.993790,0.079480,-0.077546,0.007173,-0.236020,0.235150,0.086709,0.265676,-2.825211,2.912554,0.211192
2,162.302055,9,0.450000,0.955546,0.974262,0.804758,-0.433055,-0.434424,-0.479993,0.994662,0.073403,-0.071915,0.009336,-0.378054,0.380001,0.092712,0.260707,-1.905184,2.063213,0.185187
2,162.302055,10,0.500000,0.933893,0.952540,0.780758,-0.501463,-0.505571,-0.497897,0.995925,0.063741,-0.062719,0.011658,-0.474651,0.481831,0.097976,0.261160,-1.015834,1.220013,0.161788
2,162.302055,11,0.550000,0.908820,0.927262,0.755863,-0.561162,-0.567681,-0.512502,0.997263,0.051621,-0.051009,0.014119,-0.527234,0.541067,0.102574,0.264752,-0.220897,0.444241,0.140573
2,162.302055,12,0.600000,0.880762,0.898878,0.730238,-0.610328,-0.618867,-0.517885,0.998416,0.038148,-0.037831,0.016699,-0.540385,0.561227,0.106570,0.269381,0.440364,-0.224148,0.121231
2,162.302055,13,0.650000,0.850246,0.867934,0.704344,-0.647376,-0.657498,-0.512410,0.999225,0.024320,-0.024145,0.019380,-0.520637,0.547834,0.110016,0.273549,0.947965,-0.761955,0.103546
2,162.302055,14,0.700000,0.817877,0.835059,0.678724,-0.671342,-0.682592,-0.497528,0.999636,0.010980,-0.010777,0.022143,-0.475526,0.507562,0.112959,0.276445,1.305226,-1.167507,0.087381
2,162.302055,15,0.750000,0.784310,0.800930,0.653847,-0.682123,-0.694075,-0.476335,0.999686,-0.001215,0.001613,0.024973,-0.412441,0.447148,0.115443,0.277851,1.519334,-1.441803,0.072606
2,162.302055,16,0.800000,0.750204,0.766226,0.630030,-0.680495,-0.692784,-0.452300,0.999464,-0.011796,0.012533,0.027858,-0.338433,0.373251,0.117507,0.277935,1.605327,-1.593285,0.059064
2,162.302055,17,0.850000,0.716179,0.731587,0.607415,-0.667939,-0.680289,-0.428410,0.999082,-0.020473,0.021656,0.030788,-0.259831,0.292077,0.119186,0.277081,1.582998,-1.635351,0.046541
2,162.302055,18,0.900000,0.682782,0.697572,0.585995,-0.646382,-0.658613,-0.406709,0.998647,-0.027122,0.028811,0.033754,-0.182002,0.209135,0.120509,0.275730,1.474284,-1.584265,0.034761
2,162.302055,19,0.950000,0.650463,0.664642,0.565660,-0.617935,-0.629960,-0.388197,0.998242,-0.031755,0.033959,0.036751,-0.109245,0.129089,0.121497,0.274275,1.301184,-1.457452,0.023401
2,162.302055,20,1.000000,0.619566,0.633144,0.546250,-0.584684,-0.596492,-0.372977,0.997921,-0.034496,0.037177,0.039773,-0.044781,0.055713,0.122162,0.272996,1.092348,-1.280635,0.012150
2,162.302055,21,1.050000,0.590332,0.603319,0.527601,-0.548560,-0.560190,-0.360529,0.997703,-0.035555,0.038627,0.042814,0.009578,-0.008527,0.122507,0.272040,0.866667,-1.071007,0.000697
2,162.302055,22,1.100000,0.562904,0.575310,0.509574,-0.511264,-0.522783,-0.350029,0.997584,-0.035188,0.038533,0.045867,0.052951,-0.062033,0.122527,0.271435,0.640014,-0.844233,-0.011204
2,162.302055,23,1.150000,0.537341,0.549170,0.492073,-0.474242,-0.485716,-0.340609,0.997543,-0.033678,0.037154,0.048926,0.085240,-0.103998,0.122209,0.271128,0.424977,-0.614042,-0.023706
2,162.302055,24,1.200000,0.513628,0.524885,0.475042,-0.438679,-0.450155,-0.331546,0.997551,-0.031312,0.034768,0.051982,0.106972,-0.134305,0.121535,0.271025,0.230858,-0.391975,-0.036853
2,162.302055,25,1.250000,0.491695,0.502377,0.458465,-0.405499,-0.416987,-0.322345,0.997580,-0.028363,0.031652,0.055024,0.119134,-0.153410,0.120487,0.271024,0.063860,-0.187278,-0.050581
2,162.302055,26,1.300000,0.471420,0.481528,0.442348,-0.375370,-0.386837,-0.312763,0.997604,-0.025085,0.028075,0.058043,0.123029,-0.162229,0.119049,0.271036,-0.072599,-0.006878,-0.064733
2,162.302055,27,1.350000,0.452651,0.462186,0.426710,-0.348716,-0.360080,-0.302767,0.997605,-0.021698,0.024282,0.061026,0.120132,-0.162017,0.117209,0.271002,-0.177479,0.144533,-0.079086
2,162.302055,28,1.400000,0.435215,0.444182,0.411571,-0.325732,-0.336867,-0.292477,0.997573,-0.018383,0.020487,0.063963,0.111978,-0.154256,0.114961,0.270891,-0.251675,0.264357,-0.093382
2,162.302055,29,1.450000,0.418929,0.427338,0.396948,-0.306407,-0.317154,-0.282087,0.997504,-0.015284,0.016872,0.066843,0.100068,-0.140550,0.112307,0.270702,-0.297566,0.351880,-0.107363
2,162.302055,30,1.500000,0.403608,0.411481,0.382843,-0.290557,-0.300737,-0.271807,0.997400,-0.012507,0.013577,0.069654,0.085788,-0.122529,0.109255,0.270449,-0.318572,0.408016,-0.120797
2,162.302055,31,1.550000,0.389080,0.396444,0.369253,-0.277866,-0.287295,-0.261817,0.997268,-0.010117,0.010705,0.072387,0.070368,-0.101773,0.105822,0.270158,-0.318758,0.435024,-0.133495
2,162.302055,32,1.600000,0.375187,0.382079,0.356162,-0.267916,-0.276424,-0.252242,0.997113,-0.008150,0.008322,0.075031,0.054839,-0.079739,0.102027,0.269857,-0.302470,0.436198,-0.145330
2,162.302055,33,1.650000,0.361791,0.368258,0.343550,-0.260234,-0.267678,-0.243142,0.996943,-0.006612,0.006458,0.077579,0.040024,-0.057717,0.097896,0.269569,-0.274040,0.415564,-0.156237
2,162.302055,34,1.700000,0.348780,0.354874,0.331393,-0.254318,-0.260597,-0.234525,0.996765,-0.005487,0.005113,0.080022,0.026536,-0.036790,0.093455,0.269311,-0.237553,0.377575,-0.166206
2,162.302055,35,1.750000,0.336064,0.341844,0.319667,-0.249673,-0.254734,-0.226357,0.996583,-0.004740,0.004262,0.082352,0.014789,-0.017817,0.088731,0.269090,-0.196663,0.326831,-0.175277
2,162.302055,36,1.800000,0.323580,0.329107,0.308349,-0.245829,-0.249676,-0.218582,0.996401,-0.004325,0.003859,0.084563,0.005016,-0.001426,0.083749,0.268907,-0.154482,0.267835,-0.183526
2,162.302055,37,1.850000,0.311289,0.316624,0.297420,-0.242363,-0.245059,-0.211140,0.996223,-0.004189,0.003843,0.086649,-0.002704,0.011982,0.078532,0.268756,-0.113514,0.204779,-0.191050
2,162.302055,38,1.900000,0.299171,0.304371,0.286863,-0.238913,-0.240573,-0.203976,0.996049,-0.004275,0.004144,0.088603,-0.008415,0.022213,0.073101,0.268629,-0.075639,0.141379,-0.197953
2,162.302055,39,1.950000,0.287225,0.292342,0.276664,-0.235183,-0.235971,-0.197049,0.995882,-0.004526,0.004686,0.090422,-0.012259,0.029259,0.067475,0.268517,-0.042135,0.080760,-0.204337
2,162.302055,40,2.000000,0.275466,0.280543,0.266811,-0.230949,-0.231067,-0.190337,0.995723,-0.004890,0.005395,0.092100,-0.014440,0.033265,0.061667,0.268412,-0.013730,0.025389,-0.210291
2,162.302055,41,2.050000,0.263918,0.268990,0.257295,-0.226057,-0.225733,-0.183831,0.995573,-0.005317,0.006197,0.093633,-0.015205,0.034501,0.055689,0.268306,0.009326,-0.022954,-0.215887
2,162.302055,42,2.100000,0.252615,0.257704,0.248103,-0.220420,-0.219896,-0.177534,0.995434,-0.005768,0.007028,0.095016,-0.014811,0.033321,0.049553,0.268197,0.027170,-0.063149,-0.221177
2,162.302055,43,2.150000,0.241594,0.246709,0.239226,-0.214016,-0.213529,-0.171454,0.995307,-0.006207,0.007829,0.096247,-0.013516,0.030136,0.043266,0.268084,0.040236,-0.094687,-0.226192
2,162.302055,44,2.200000,0.230894,0.236032,0.230654,-0.206872,-0.206647,-0.165602,0.995194,-0.006607,0.008553,0.097322,-0.011553,0.025379,0.036836,0.267967,0.049156,-0.117584,-0.230945
2,162.302055,45,2.250000,0.220550,0.225700,0.222374,-0.199063,-0.199295,-0.159983,0.995097,-0.006949,0.009162,0.098236,-0.009131,0.019484,0.030272,0.267848,0.054671,-0.132282,-0.235431
2,162.302055,46,2.300000,0.210597,0.215735,0.214374,-0.190695,-0.191543,-0.154600,0.995016,-0.007217,0.009630,0.098988,-0.006420,0.012859,0.023580,0.267729,0.057550,-0.139540,-0.239634
2,162.302055,47,2.350000,0.201062,0.206158,0.206644,-0.181902,-0.183477,-0.149449,0.994953,-0.007402,0.009938,0.099574,-0.003554,0.005876,0.016768,0.267614,0.058517,-0.140322,-0.243527
2,162.302055,48,2.400000,0.191967,0.196984,0.199172,-0.172833,-0.175196,-0.144520,0.994909,-0.007501,0.010078,0.099991,-0.000632,-0.001142,0.009846,0.267503,0.058197,-0.135691,-0.247075
2,162.302055,49,2.450000,0.183325,0.188224,0.191946,-0.163641,-0.166804,-0.139801,0.994885,-0.007512,0.010050,0.100236,0.002279,-0.007927,0.002823,0.267399,0.057080,-0.126725,-0.250240
2,162.302055,50,2.500000,0.175143,0.179884,0.184956,-0.154484,-0.158405,-0.135273,0.994880,-0.007434,0.009859,0.100307,0.005133,-0.014263,-0.004290,0.267302,0.055492,-0.114439,-0.252978
2,162.302055,51,2.550000,0.167419,0.171964,0.178192,-0.145512,-0.150103,-0.130921,0.994895,-0.007272,0.009517,0.100202,0.007906,-0.019986,-0.011481,0.267211,0.053587,-0.099731,-0.255244
2,162.302055,52,2.600000,0.160143,0.164459,0.171646,-0.136863,-0.141999,-0.126727,0.994930,-0.007028,0.009037,0.099918,0.010576,-0.024976,-0.018736,0.267127,0.051345,-0.083345,-0.256987
2,162.302055,53,2.650000,0.153300,0.157359,0.165310,-0.128662,-0.134188,-0.122677,0.994984,-0.006707,0.008439,0.099454,0.013126,-0.029150,-0.026041,0.267048,0.048577,-0.065848,-0.258156
2,162.302055,54,2.700000,0.146867,0.150649,0.159176,-0.121016,-0.126757,-0.118759,0.995056,-0.006313,0.007742,0.098808,0.015526,-0.032456,-0.033379,0.266972,0.044929,-0.047603,-0.258694
2,162.302055,55,2.750000,0.140816,0.144312,0.153238,-0.114015,-0.119789,-0.114964,0.995147,-0.005853,0.006968,0.097980,0.017731,-0.034856,-0.040732,0.266900,0.039901,-0.028776,-0.258542
2,162.302055,56,2.800000,0.135116,0.138322,0.147490,-0.107728,-0.113356,-0.111287,0.995254,-0.005334,0.006138,0.096968,0.019672,-0.036322,-0.048081,0.266829,0.032873,-0.009338,-0.257635
2,162.302055,57,2.850000,0.129729,0.132654,0.141926,-0.102201,-0.107521,-0.107726,0.995378,-0.004764,0.005276,0.095774,0.021250,-0.036825,-0.055404,0.266758,0.023182,0.010880,-0.255904
2,162.302055,58,2.900000,0.124619,0.127278,0.136539,-0.097463,-0.102337,-0.104280,0.995516,-0.004154,0.004404,0.094396,0.022331,-0.036325,-0.062678,0.266687,0.010226,0.032102,-0.253267
2,162.302055,59,2.950000,0.119746,0.122161,0.131325,-0.093520,-0.097842,-0.100951,0.995669,-0.003520,0.003546,0.092838,0.022756,-0.034773,-0.069877,0.266616,-0.006376,0.054466,-0.249633
2,162.302055,60,3.000000,0.115070,0.117269,0.126278,-0.090357,-0.094056,-0.097742,0.995834,-0.002879,0.002727,0.091099,0.022345,-0.032110,-0.076973,0.266544,-0.026600,0.077860,-0.244887
2,162.302055,61,3.050000,0.110552,0.112566,0.121391,-0.087935,-0.090981,-0.094658,0.996011,-0.002254,0.001973,0.089183,0.020922,-0.028283,-0.083934,0.266471,-0.049848,0.101762,-0.238894
2,162.302055,62,3.100000,0.106155,0.108017,0.116658,-0.086194,-0.088591,-0.091703,0.996198,-0.001675,0.001311,0.087094,0.018339,-0.023261,-0.090724,0.266399,-0.074829,0.125107,-0.231489
2,162.302055,63,3.150000,0.101846,0.103588,0.112073,-0.085049,-0.086833,-0.088876,0.996394,-0.001170,0.000768,0.084834,0.014518,-0.017069,-0.097304,0.266328,-0.099522,0.146240,-0.222479
2,162.302055,64,3.200000,0.097593,0.099246,0.107629,-0.084393,-0.085618,-0.086178,0.996598,-0.000774,0.000370,0.082411,0.009478,-0.009811,-0.103628,0.266261,-0.121260,0.162960,-0.211647
2,162.302055,65,3.250000,0.093374,0.094965,0.103320,-0.084092,-0.084827,-0.083603,0.996808,-0.000519,0.000143,0.079829,0.003377,-0.001700,-0.109644,0.266199,-0.136920,0.172657,-0.198766
2,162.302055,66,3.300000,0.089169,0.090724,0.099140,-0.083992,-0.084306,-0.081142,0.997024,-0.000432,0.000106,0.077096,-0.003476,0.006919,-0.115294,0.266144,-0.143208,0.172538,-0.183615
2,162.302055,67,3.350000,0.084970,0.086509,0.095083,-0.083920,-0.083874,-0.078783,0.997242,-0.000532,0.000271,0.074222,-0.010606,0.015561,-0.120513,0.266096,-0.136993,0.159889,-0.166014
2,162.302055,68,3.400000,0.080774,0.082315,0.091143,-0.083693,-0.083331,-0.076512,0.997460,-0.000826,0.000637,0.071217,-0.017385,0.023604,-0.125232,0.266054,-0.115643,0.132330,-0.145853
2,162.302055,69,3.450000,0.076589,0.078148,0.087318,-0.083124,-0.082475,-0.074320,0.997677,-0.001304,0.001193,0.068093,-0.023055,0.030303,-0.129378,0.266016,-0.077314,0.088030,-0.123132
2,162.302055,70,3.500000,0.072433,0.074025,0.083602,-0.082040,-0.081113,-0.072200,0.997890,-0.001934,0.001905,0.064866,-0.026772,0.034818,-0.132878,0.265977,-0.021236,0.025948,-0.097993
2,162.302055,71,3.550000,0.068331,0.069969,0.079992,-0.080291,-0.079090,-0.070158,0.998097,-0.002665,0.002724,0.061550,-0.027658,0.036250,-0.135663,0.265933,0.051876,-0.053703,-0.070732
2,162.302055,72,3.600000,0.064316,0.066014,0.076484,-0.077775,-0.076306,-0.068203,0.998295,-0.003420,0.003577,0.058164,-0.024878,0.033708,-0.137674,0.265883,0.138816,-0.148209,-0.041796
2,162.302055,73,3.650000,0.060427,0.062199,0.073074,-0.074454,-0.072739,-0.066352,0.998483,-0.004102,0.004370,0.054727,-0.017761,0.026427,-0.138862,0.265825,0.231017,-0.249059,-0.011730
2,162.302055,74,3.700000,0.056705,0.058562,0.069756,-0.070380,-0.068471,-0.064619,0.998662,-0.004597,0.004991,0.051260,-0.006071,0.014068,-0.139195,0.265764,0.306655,-0.333990,0.018949
2,162.302055,75,3.750000,0.053186,0.055139,0.066525,-0.065706,-0.063701,-0.063008,0.998832,-0.004784,0.005318,0.047783,0.009337,-0.002600,-0.138657,0.265709,0.332103,-0.369062,0.049898
2,162.302055,76,3.800000,0.049900,0.051954,0.063375,-0.060703,-0.058749,-0.061504,0.998993,-0.004566,0.005248,0.044320,0.025928,-0.021102,-0.137238,0.265668,0.303699,-0.349086,0.080854
2,162.302055,77,3.850000,0.046865,0.049016,0.060300,-0.055743,-0.054032,-0.060075,0.999145,-0.003913,0.004734,0.040891,0.041003,-0.038691,-0.134940,0.265641,0.222286,-0.271480,0.111082
2,162.302055,78,3.900000,0.044078,0.046315,0.057296,-0.051247,-0.049995,-0.058683,0.999285,-0.002865,0.003796,0.037519,0.051919,-0.052475,-0.131783,0.265623,0.062142,-0.115651,0.140032
2,162.302055,79,3.950000,0.041516,0.043815,0.054362,-0.047621,-0.047038,-0.057311,0.999410,-0.001531,0.002525,0.034225,0.054764,-0.058517,-0.127802,0.265602,-0.093899,0.052805,0.166241
2,162.302055,80,4.000000,0.039135,0.041463,0.051496,-0.045190,-0.045448,-0.055963,0.999518,-0.000121,0.001104,0.031031,0.049785,-0.056143,-0.123077,0.265566,-0.222870,0.222457,0.189087
2,162.302055,81,4.050000,0.036875,0.039191,0.048698,-0.044108,-0.045295,-0.054676,0.999609,0.001163,-0.000260,0.027954,0.038379,-0.045253,-0.117702,0.265514,-0.359253,0.395701,0.209256
2,162.302055,82,4.100000,0.034670,0.036926,0.045964,-0.044332,-0.046446,-0.053486,0.999684,0.002155,-0.001361,0.025011,0.020215,-0.025639,-0.111754,0.265454,-0.410358,0.466171,0.226175
2,162.302055,83,4.150000,0.032453,0.034603,0.043290,-0.045617,-0.048597,-0.052412,0.999748,0.002680,-0.001983,0.022218,-0.000412,-0.002416,-0.105325,0.265401,-0.399088,0.447447,0.239618
2,162.302055,84,4.200000,0.030172,0.032174,0.040669,-0.047507,-0.051274,-0.051439,0.999803,0.002676,-0.002036,0.019585,-0.020376,0.019958,-0.098514,0.265366,-0.363636,0.374714,0.248802
2,162.302055,85,4.250000,0.027797,0.029610,0.038097,-0.049456,-0.053943,-0.050531,0.999850,0.002162,-0.001541,0.017123,-0.038483,0.038770,-0.091442,0.265348,-0.284051,0.208983,0.252759
2,162.302055,86,4.300000,0.025324,0.026913,0.035571,-0.050934,-0.056093,-0.049653,0.999889,0.001187,-0.000583,0.014838,-0.052551,0.049352,-0.084258,0.265336,-0.181780,0.036457,0.251500
2,162.302055,87,4.350000,0.022777,0.024108,0.033088,-0.051490,-0.057268,-0.048790,0.999919,-0.000144,0.000633,0.012732,-0.061482,0.051343,-0.077109,0.265319,-0.025644,-0.106328,0.244836
2,162.302055,88,4.400000,0.020203,0.021245,0.030649,-0.050870,-0.057119,-0.047960,0.999938,-0.001698,0.001897,0.010805,-0.062614,0.046207,-0.070149,0.265286,0.108586,-0.183415,0.234834
2,162.302055,89,4.450000,0.017659,0.018389,0.028251,-0.049024,-0.055430,-0.047197,0.999949,-0.003279,0.003032,0.009053,-0.057062,0.037203,-0.063474,0.265238,0.152102,-0.146362,0.223320
2,162.302055,90,4.500000,0.015208,0.015617,0.025891,-0.046075,-0.052182,-0.046536,0.999953,-0.004719,0.003944,0.007467,-0.049367,0.030022,-0.057126,0.265186,0.320799,-0.223369,0.211799
2,162.302055,91,4.550000,0.012905,0.013008,0.023564,-0.042236,-0.047518,-0.045989,0.999953,-0.005964,0.004678,0.006040,-0.033262,0.018961,-0.051106,0.265130,0.419826,-0.236403,0.201531
2,162.302055,92,4.600000,0.010793,0.010632,0.021265,-0.037678,-0.041634,-0.045563,0.999952,-0.006805,0.005140,0.004764,-0.012234,0.007205,-0.045378,0.265089,0.450786,-0.209737,0.193485
2,162.302055,93,4.650000,0.008909,0.008550,0.018987,-0.032664,-0.034929,-0.045229,0.999954,-0.007117,0.005311,0.003630,0.010317,-0.003261,-0.039878,0.265071,0.404622,-0.158475,0.188205
2,162.302055,94,4.700000,0.007276,0.006804,0.016725,-0.027475,-0.027924,-0.044934,0.999959,-0.006864,0.005223,0.002632,0.030544,-0.011200,-0.034528,0.265074,0.211802,-0.020664,0.185708
2,162.302055,95,4.750000,0.005902,0.005408,0.014478,-0.022365,-0.021171,-0.044630,0.999968,-0.006105,0.004939,0.001767,0.041119,-0.012273,-0.029250,0.265074,0.075213,-0.017949,0.191980
2,162.302055,96,4.800000,0.004784,0.004349,0.012247,-0.017527,-0.015170,-0.044313,0.999976,-0.005080,0.004630,0.001032,0.044866,-0.013216,-0.023793,0.265067,-0.102106,-0.009500,0.199909
2,162.302055,97,4.850000,0.003907,0.003591,0.010031,-0.012987,-0.010178,-0.043994,0.999983,-0.003960,0.004297,0.000434,0.039749,-0.013732,-0.018110,0.265038,-0.240050,-0.017797,0.210093
2,162.302055,98,4.900000,0.003258,0.003082,0.007832,-0.008771,-0.006289,-0.043717,0.999988,-0.002969,0.003953,-0.000022,0.027737,-0.014649,-0.012138,0.264997,-0.300234,0.024478,0.223814
2,162.302055,99,4.950000,0.002819,0.002767,0.005646,-0.004891,-0.003376,-0.043505,0.999991,-0.002276,0.003586,-0.000327,0.012718,-0.013438,-0.005777,0.288379,-0.252497,0.261821,0.242994
2,162.302055,100,5.000000,0.002575,0.002599,0.003470,-0.001060,-0.000946,0.000012,0.999993,-0.001959,0.003249,-0.000472,0.000091,-0.000350,0.001130,0,0,0,0
3,160.787883,0,0.000000,1.009228,1.027049,1.019885,-0.006245,0.002104,-0.023849,0.999997,0.000896,-0.001137,-0.002024,0.000000,0.000000,0.000000,0.080000,10.584296,-10.143354,0.474576
3,160.787883,1,0.050000,1.008916,1.027154,1.018692,-0.006582,0.001839,-0.366202,0.999997,0.000896,-0.001137,-0.002024,0.529215,-0.507168,0.013490,0.080000,4.319119,-4.351206,0.424382
3,160.787883,2,0.100000,1.008587,1.027246,1.000382,-0.006920,0.001574,-0.708554,0.999803,0.014098,-0.013841,-0.001683,0.745430,-0.724457,0.025553,0.193053,-0.120675,-0.039215,0.379164
3,160.787883,3,0.150000,1.008241,1.027325,0.964955,-0.016831,-0.008488,-0.841828,0.998954,0.032680,-0.031978,-0.001041,0.740099,-0.725695,0.036330,0.330382,-2.789321,2.581106,0.335487
3,160.787883,4,0.200000,1.007399,1.026900,0.922863,-0.055962,-0.048393,-0.723067,0.997435,0.051098,-0.050134,-0.000135,0.601634,-0.595619,0.045866,0.334206,-4.098586,3.979961,0.296589
3,160.787883,5,0.250000,1.004601,1.024481,0.886710,-0.117867,-0.111472,-0.601010,0.995696,0.066026,-0.065032,0.001002,0.397741,-0.395574,0.054297,0.318270,-4.489522,4.451113,0.261935
3,160.787883,6,0.300000,0.998708,1.018907,0.856659,-0.194117,-0.189043,-0.512246,0.994296,0.075841,-0.074951,0.002347,0.174080,-0.172199,0.061742,0.296740,-4.258469,4.297291,0.231627
3,160.787883,7,0.350000,0.989002,1.009455,0.831047,-0.275826,-0.272113,-0.465724,0.993620,0.080061,-0.079337,0.003881,-0.038440,0.043074,0.068326,0.277976,-3.647175,3.752601,0.205066
3,160.787883,8,0.400000,0.975211,0.995849,0.807761,-0.356665,-0.354330,-0.454533,0.993773,0.078966,-0.078407,0.005588,-0.220910,0.230604,0.074155,0.265760,-2.838024,2.991634,0.181801
3,160.787883,9,0.450000,0.957377,0.978133,0.785034,-0.432926,-0.432003,-0.465074,0.994618,0.073298,-0.072853,0.007452,-0.363460,0.379564,0.079323,0.260532,-1.955073,2.134506,0.161659
3,160.787883,10,0.500000,0.935731,0.956533,0.761780,-0.502319,-0.502873,-0.483412,0.995872,0.064039,-0.063622,0.009458,-0.462357,0.485195,0.083918,0.260785,-1.091082,1.273559,0.144609
3,160.787883,11,0.550000,0.910615,0.931389,0.737610,-0.562931,-0.565052,-0.498847,0.997222,0.052272,-0.051779,0.011587,-0.518456,0.547401,0.088028,0.264288,-0.309086,0.473931,0.130608
3,160.787883,12,0.600000,0.882469,0.903136,0.712667,-0.612881,-0.616664,-0.505224,0.998403,0.039067,-0.038390,0.013823,-0.535739,0.569365,0.091741,0.268934,0.351114,-0.220742,0.119492
3,160.787883,13,0.650000,0.851825,0.872303,0.687406,-0.650520,-0.656043,-0.500686,0.999248,0.025405,-0.024449,0.016152,-0.520166,0.556463,0.095137,0.273186,0.868152,-0.784199,0.110917
3,160.787883,14,0.700000,0.819299,0.839501,0.662372,-0.674823,-0.682129,-0.486544,0.999696,0.012126,-0.010816,0.018560,-0.478767,0.515375,0.098290,0.276190,1.235175,-1.204212,0.104380
3,160.787883,15,0.750000,0.785557,0.805395,0.638045,-0.685653,-0.694734,-0.465852,0.999777,-0.000105,0.001812,0.021040,-0.418931,0.453378,0.101257,0.277682,1.464462,-1.487985,0.099291
3,160.787883,16,0.800000,0.751275,0.770658,0.614752,-0.683792,-0.694587,-0.442129,0.999580,-0.010809,0.012923,0.023586,-0.347450,0.377369,0.104079,0.277824,1.568913,-1.643515,0.094995
3,160.787883,17,0.850000,0.717085,0.735928,0.592646,-0.670763,-0.683156,-0.418432,0.999217,-0.019679,0.022174,0.026195,-0.270495,0.293821,0.106779,0.276993,1.566474,-1.684635,0.090868
3,160.787883,18,0.900000,0.683547,0.701771,0.571724,-0.648561,-0.662388,-0.396883,0.998798,-0.026567,0.029388,0.028866,-0.193362,0.208493,0.109362,0.275638,1.477629,-1.628714,0.086372
3,160.787883,19,0.950000,0.651119,0.668651,0.551880,-0.619379,-0.634432,-0.378544,0.998408,-0.031465,0.034526,0.031600,-0.120346,0.126255,0.111817,0.274162,1.323366,-1.494724,0.081096
3,160.787883,20,1.000000,0.620150,0.636930,0.532953,-0.585386,-0.601425,-0.363552,0.998103,-0.034471,0.037670,0.034395,-0.054713,0.051008,0.114123,0.272857,1.123622,-1.301711,0.074775
3,160.787883,21,1.050000,0.590881,0.606858,0.514775,-0.548588,-0.565346,-0.351396,0.997904,-0.035773,0.038993,0.037250,0.001247,-0.014315,0.116248,0.271881,0.904235,-1.076483,0.067310
3,160.787883,22,1.100000,0.563451,0.578591,0.497205,-0.510747,-0.527937,-0.341231,0.997806,-0.035615,0.038741,0.040161,0.046522,-0.068133,0.118161,0.271268,0.680994,-0.836045,0.058708
3,160.787883,23,1.150000,0.537914,0.552194,0.480144,-0.473346,-0.490670,-0.332166,0.997789,-0.034271,0.037193,0.043124,0.080877,-0.109727,0.119830,0.270963,0.466631,-0.595120,0.049088
3,160.787883,24,1.200000,0.514247,0.527661,0.463536,-0.437586,-0.454743,-0.323450,0.997821,-0.032024,0.034646,0.046132,0.104707,-0.139115,0.121225,0.270869,0.270753,-0.365847,0.038655
3,160.787883,25,1.250000,0.492367,0.504924,0.447363,-0.404386,-0.421082,-0.314574,0.997871,-0.029146,0.031393,0.049176,0.118885,-0.156926,0.122324,0.270879,0.099969,-0.157647,0.027678
3,160.787883,26,1.300000,0.472148,0.483870,0.431634,-0.374396,-0.390355,-0.305288,0.997914,-0.025891,0.027713,0.052247,0.124612,-0.164256,0.123111,0.270901,-0.041846,0.022748,0.016458
3,160.787883,27,1.350000,0.453428,0.464352,0.416370,-0.348006,-0.362979,-0.295561,0.997929,-0.022482,0.023857,0.055338,0.123287,-0.162537,0.123579,0.270876,-0.153187,0.171154,0.005296
3,160.787883,28,1.400000,0.436028,0.446203,0.401592,-0.325369,-0.339146,-0.285518,0.997907,-0.019107,0.020042,0.058438,0.116390,-0.153401,0.123729,0.270771,-0.234502,0.285705,-0.005529
3,160.787883,29,1.450000,0.419759,0.429246,0.387316,-0.306432,-0.318850,-0.275359,0.997842,-0.015917,0.016444,0.061538,0.105385,-0.138569,0.123572,0.270585,-0.287758,0.366538,-0.015791
3,160.787883,30,1.500000,0.404438,0.413303,0.373548,-0.290970,-0.301919,-0.265300,0.997737,-0.013024,0.013198,0.064632,0.091647,-0.119748,0.123123,0.270335,-0.316012,0.415446,-0.025329
3,160.787883,31,1.550000,0.389889,0.398207,0.360283,-0.278629,-0.288054,-0.255524,0.997595,-0.010504,0.010399,0.067711,0.076406,-0.098547,0.122403,0.270046,-0.323014,0.435504,-0.034062
3,160.787883,32,1.600000,0.375958,0.383804,0.347507,-0.268964,-0.276869,-0.246156,0.997424,-0.008400,0.008103,0.070769,0.060713,-0.076417,0.121435,0.269748,-0.312848,0.430692,-0.041993
3,160.787883,33,1.650000,0.362510,0.369961,0.335199,-0.261483,-0.267926,-0.237260,0.997230,-0.006726,0.006330,0.073800,0.045423,-0.054603,0.120241,0.269463,-0.289639,0.405538,-0.049205
3,160.787883,34,1.700000,0.349435,0.356565,0.323336,-0.255679,-0.260766,-0.228839,0.997019,-0.005474,0.005073,0.076799,0.031190,-0.034118,0.118843,0.269208,-0.257307,0.364795,-0.055850
3,160.787883,35,1.750000,0.336651,0.343526,0.311894,-0.251055,-0.254937,-0.220862,0.996794,-0.004615,0.004299,0.079762,0.018479,-0.015738,0.117255,0.268990,-0.219392,0.313152,-0.062137
3,160.787883,36,1.800000,0.324099,0.330779,0.300851,-0.247153,-0.250012,-0.213273,0.996560,-0.004111,0.003957,0.082683,0.007579,0.000002,0.115489,0.268810,-0.178931,0.255001,-0.068311
3,160.787883,37,1.850000,0.311741,0.318279,0.290187,-0.243566,-0.245607,-0.206009,0.996317,-0.003911,0.003984,0.085560,-0.001367,0.012785,0.113547,0.268662,-0.138393,0.194255,-0.074637
3,160.787883,38,1.900000,0.299563,0.305999,0.279887,-0.239949,-0.241391,-0.199018,0.996069,-0.003961,0.004311,0.088386,-0.008342,0.022492,0.111426,0.268538,-0.099655,0.134224,-0.081382
3,160.787883,39,1.950000,0.287565,0.293929,0.269936,-0.236026,-0.237088,-0.192259,0.995816,-0.004206,0.004864,0.091159,-0.013420,0.029168,0.109112,0.268429,-0.064027,0.077537,-0.088797
3,160.787883,40,2.000000,0.275764,0.282075,0.260323,-0.231592,-0.232483,-0.185709,0.995558,-0.004593,0.005571,0.093874,-0.016742,0.032989,0.106588,0.268327,-0.032299,0.026128,-0.097109
3,160.787883,41,2.050000,0.264184,0.270450,0.251038,-0.226509,-0.227419,-0.179359,0.995297,-0.005073,0.006365,0.096525,-0.018490,0.034228,0.103828,0.268225,-0.004817,-0.018745,-0.106507
3,160.787883,42,2.100000,0.252859,0.259080,0.242070,-0.220703,-0.221793,-0.173211,0.995035,-0.005599,0.007185,0.099107,-0.018866,0.033218,0.100801,0.268120,0.018423,-0.056434,-0.117144
3,160.787883,43,2.150000,0.241824,0.247990,0.233409,-0.214155,-0.215553,-0.167275,0.994773,-0.006132,0.007978,0.101612,-0.018072,0.030324,0.097471,0.268011,0.037685,-0.086813,-0.129127
3,160.787883,44,2.200000,0.231116,0.237212,0.225045,-0.206895,-0.208693,-0.161559,0.994513,-0.006639,0.008702,0.104035,-0.016300,0.025916,0.093800,0.267897,0.053386,-0.110162,-0.142521
3,160.787883,45,2.250000,0.220771,0.226778,0.216967,-0.198994,-0.201244,-0.156072,0.994258,-0.007092,0.009319,0.106366,-0.013723,0.020350,0.089749,0.267781,0.066007,-0.127050,-0.157348
3,160.787883,46,2.300000,0.210822,0.216715,0.209164,-0.190552,-0.193268,-0.150818,0.994010,-0.007466,0.009804,0.108596,-0.010492,0.013951,0.085277,0.267664,0.076002,-0.138202,-0.173589
3,160.787883,47,2.350000,0.201294,0.207052,0.201623,-0.181695,-0.184855,-0.145794,0.993770,-0.007744,0.010138,0.110715,-0.006737,0.007007,0.080343,0.267550,0.083721,-0.144383,-0.191183
3,160.787883,48,2.400000,0.192209,0.197809,0.194333,-0.172561,-0.176117,-0.140992,0.993543,-0.007910,0.010309,0.112711,-0.002572,-0.000233,0.074908,0.267441,0.089335,-0.146273,-0.210031
3,160.787883,49,2.450000,0.183581,0.189003,0.187284,-0.163298,-0.167182,-0.136398,0.993330,-0.007954,0.010311,0.114572,0.001895,-0.007554,0.068938,0.267338,0.092784,-0.144368,-0.229994
3,160.787883,50,2.500000,0.175416,0.180644,0.180464,-0.154059,-0.158189,-0.131997,0.993133,-0.007867,0.010143,0.116285,0.006554,-0.014767,0.062401,0.267242,0.093737,-0.138895,-0.250893
3,160.787883,51,2.550000,0.167713,0.172735,0.173864,-0.144995,-0.149289,-0.127768,0.992955,-0.007646,0.009807,0.117836,0.011276,-0.021696,0.055269,0.267153,0.091589,-0.129763,-0.272508
3,160.787883,52,2.600000,0.160464,0.165270,0.167475,-0.136250,-0.140633,-0.123692,0.992799,-0.007288,0.009312,0.119209,0.015901,-0.028161,0.047523,0.267072,0.085512,-0.116579,-0.294578
3,160.787883,53,2.650000,0.153651,0.158239,0.161291,-0.127965,-0.132377,-0.119752,0.992666,-0.006799,0.008670,0.120390,0.020227,-0.033961,0.039150,0.266998,0.074574,-0.098725,-0.316790
3,160.787883,54,2.700000,0.147253,0.151620,0.155303,-0.120264,-0.124671,-0.115932,0.992558,-0.006186,0.007894,0.121363,0.024007,-0.038867,0.030145,0.266927,0.057922,-0.075521,-0.338780
3,160.787883,55,2.750000,0.141240,0.145386,0.149507,-0.113260,-0.117654,-0.112222,0.992477,-0.005467,0.007007,0.122112,0.026947,-0.042616,0.020516,0.266860,0.035023,-0.046443,-0.360125
3,160.787883,56,2.800000,0.135577,0.139504,0.143896,-0.107046,-0.111446,-0.108615,0.992424,-0.004664,0.006035,0.122622,0.028731,-0.044917,0.010279,0.266792,0.005907,-0.011375,-0.380337
3,160.787883,57,2.850000,0.130224,0.133931,0.138465,-0.101693,-0.106141,-0.105114,0.992402,-0.003812,0.005010,0.122878,0.029044,-0.045475,-0.000532,0.266722,-0.028613,0.029152,-0.398857
3,160.787883,58,2.900000,0.125140,0.128624,0.133209,-0.097244,-0.101795,-0.101722,0.992411,-0.002952,0.003971,0.122865,0.027613,-0.044018,-0.011869,0.266650,-0.066797,0.073775,-0.415063
3,160.787883,59,2.950000,0.120278,0.123534,0.128123,-0.093710,-0.098420,-0.098451,0.992453,-0.002133,0.002963,0.122571,0.024253,-0.040341,-0.023667,0.266573,-0.105942,0.120194,-0.428277
3,160.787883,60,3.000000,0.115592,0.118613,0.123201,-0.091066,-0.095972,-0.095310,0.992529,-0.001409,0.002035,0.121984,0.018920,-0.034354,-0.035841,0.266495,-0.142458,0.165184,-0.437788
3,160.787883,61,3.050000,0.111039,0.113815,0.118435,-0.089242,-0.094347,-0.092307,0.992640,-0.000837,0.001239,0.121095,0.011750,-0.026120,-0.048285,0.266417,-0.172065,0.204699,-0.442891
3,160.787883,62,3.100000,0.106577,0.109097,0.113820,-0.088129,-0.093379,-0.089444,0.992786,-0.000468,0.000625,0.119897,0.003099,-0.015907,-0.060874,0.266343,-0.190077,0.234064,-0.442940
3,160.787883,63,3.150000,0.102170,0.104429,0.109347,-0.087572,-0.092847,-0.086717,0.992968,-0.000344,0.000239,0.118386,-0.006442,-0.004211,-0.073464,0.266277,-0.191745,0.248206,-0.437408
3,160.787883,64,3.200000,0.097792,0.099786,0.105012,-0.087378,-0.092482,-0.084111,0.993183,-0.000492,0.000115,0.116562,-0.016041,0.008218,-0.085897,0.266221,-0.172655,0.241937,-0.425960
3,160.787883,65,3.250000,0.093423,0.095162,0.100806,-0.087322,-0.091987,-0.081609,0.993431,-0.000914,0.000271,0.114429,-0.024646,0.020367,-0.098005,0.266175,-0.129207,0.210316,-0.408511
3,160.787883,66,3.300000,0.089057,0.090563,0.096726,-0.087160,-0.091061,-0.079193,0.993707,-0.001585,0.000704,0.111994,-0.031031,0.030974,-0.109617,0.266135,-0.059363,0.149363,-0.385273
3,160.787883,67,3.350000,0.084699,0.086010,0.092766,-0.086645,-0.089431,-0.076854,0.994008,-0.002445,0.001382,0.109270,-0.033870,0.038571,-0.120568,0.266096,0.035910,0.057643,-0.356762
3,160.787883,68,3.400000,0.080366,0.081538,0.088923,-0.085554,-0.086887,-0.074591,0.994329,-0.003396,0.002241,0.106272,-0.031898,0.041609,-0.130709,0.266052,0.149240,-0.059940,-0.323741
3,160.787883,69,3.450000,0.076089,0.077194,0.085194,-0.083715,-0.083325,-0.072419,0.994665,-0.004307,0.003179,0.103020,-0.024230,0.038770,-0.139911,0.265998,0.258399,-0.183508,-0.287075
3,160.787883,70,3.500000,0.071903,0.073027,0.081573,-0.081036,-0.078782,-0.070358,0.995013,-0.005020,0.004066,0.099538,-0.011104,0.029723,-0.148071,0.265938,0.327290,-0.279281,-0.247529
3,160.787883,71,3.550000,0.067851,0.069088,0.078055,-0.077544,-0.073463,-0.068422,0.995370,-0.005386,0.004759,0.095852,0.005427,0.015821,-0.155107,0.265877,0.347650,-0.338640,-0.205772
3,160.787883,72,3.600000,0.063974,0.065415,0.074634,-0.073387,-0.067735,-0.066608,0.995733,-0.005307,0.005145,0.091988,0.022903,-0.001143,-0.160956,0.265825,0.314537,-0.351016,-0.162834
3,160.787883,73,3.650000,0.060305,0.062029,0.071303,-0.068824,-0.062066,-0.064893,0.996098,-0.004755,0.005148,0.087978,0.038623,-0.018833,-0.165585,0.265786,0.196173,-0.283773,-0.119490
3,160.787883,74,3.700000,0.056863,0.058925,0.068059,-0.064189,-0.056958,-0.063245,0.996460,-0.003773,0.004744,0.083851,0.048313,-0.033265,-0.168981,0.265757,0.069691,-0.187960,-0.077475
3,160.787883,75,3.750000,0.053654,0.056077,0.064897,-0.059847,-0.052867,-0.061638,0.996813,-0.002519,0.004000,0.079638,0.051584,-0.042972,-0.171183,0.265730,-0.044827,-0.061335,-0.037723
3,160.787883,76,3.800000,0.050662,0.053434,0.061815,-0.056120,-0.050081,-0.060068,0.997150,-0.001166,0.003021,0.075369,0.049064,-0.046374,-0.172256,0.265695,-0.181323,0.105491,-0.000064
3,160.787883,77,3.850000,0.047856,0.050930,0.058811,-0.053242,-0.048713,-0.058550,0.997469,0.000132,0.001953,0.071072,0.039695,-0.041421,-0.172257,0.265650,-0.244531,0.204878,0.034303
3,160.787883,78,3.900000,0.045194,0.048494,0.055884,-0.051316,-0.048706,-0.057110,0.997767,0.001187,0.000991,0.066773,0.027197,-0.031436,-0.171282,0.265597,-0.253803,0.242274,0.064682
3,160.787883,79,3.950000,0.042628,0.046059,0.053028,-0.050265,-0.049806,-0.055767,0.998043,0.001914,0.000257,0.062499,0.014303,-0.019499,-0.169444,0.265545,-0.247745,0.242523,0.089953
3,160.787883,80,4.000000,0.040114,0.043569,0.050240,-0.049895,-0.051669,-0.054521,0.998298,0.002300,-0.000199,0.058269,0.001790,-0.007465,-0.166887,0.265499,-0.213994,0.162108,0.109041
3,160.787883,81,4.050000,0.037620,0.040985,0.047514,-0.049958,-0.053938,-0.053361,0.998532,0.002356,-0.000373,0.054103,-0.008957,0.000629,-0.163788,0.265463,-0.182583,0.084433,0.122041
3,160.787883,82,4.100000,0.035122,0.038288,0.044846,-0.050199,-0.056271,-0.052268,0.998746,0.002133,-0.000360,0.050014,-0.018082,0.004906,-0.160319,0.265434,-0.124992,0.038919,0.128849
3,160.787883,83,4.150000,0.032612,0.035475,0.042232,-0.050447,-0.058383,-0.051228,0.998939,0.001677,-0.000251,0.046011,-0.024302,0.006962,-0.156656,0.265408,-0.107712,0.049901,0.131613
3,160.787883,84,4.200000,0.030089,0.032556,0.039671,-0.050618,-0.060041,-0.050234,0.999113,0.001063,-0.000099,0.042099,-0.029646,0.009602,-0.152915,0.265382,-0.181375,0.152678,0.132196
3,160.787883,85,4.250000,0.027559,0.029553,0.037159,-0.050671,-0.061089,-0.049287,0.999267,0.000313,0.000114,0.038279,-0.038659,0.017408,-0.149157,0.265358,-0.125979,0.116403,0.132427
3,160.787883,86,4.300000,0.025025,0.026499,0.034695,-0.050547,-0.061392,-0.048384,0.999403,-0.000670,0.000513,0.034553,-0.044859,0.023447,-0.145393,0.265334,-0.098752,0.110061,0.134007
3,160.787883,87,4.350000,0.022498,0.023429,0.032276,-0.050066,-0.060717,-0.047525,0.999520,-0.001813,0.001058,0.030920,-0.049668,0.029197,-0.141584,0.265306,-0.015085,0.075988,0.138129
3,160.787883,88,4.400000,0.019994,0.020394,0.029899,-0.049082,-0.058904,-0.046721,0.999619,-0.003080,0.001742,0.027382,-0.050265,0.033264,-0.137658,0.265269,0.104130,0.014011,0.147057
3,160.787883,89,4.450000,0.017540,0.017448,0.027563,-0.047454,-0.055832,-0.045995,0.999701,-0.004365,0.002529,0.023941,-0.044885,0.034227,-0.133478,0.265220,0.149049,0.017618,0.163059
3,160.787883,90,4.500000,0.015168,0.014657,0.025264,-0.045073,-0.051486,-0.045372,0.999767,-0.005516,0.003343,0.020604,-0.037259,0.035335,-0.128843,0.265169,0.279491,-0.109062,0.194204
3,160.787883,91,4.550000,0.012914,0.012082,0.022995,-0.041903,-0.046003,-0.044859,0.999819,-0.006476,0.004189,0.017382,-0.023112,0.030064,-0.123323,0.265113,0.352438,-0.208043,0.235006
3,160.787883,92,4.600000,0.010819,0.009782,0.020752,-0.037901,-0.039574,-0.044468,0.999861,-0.007080,0.004910,0.014297,-0.005349,0.019770,-0.116643,0.265072,0.392223,-0.294740,0.286761
3,160.787883,93,4.650000,0.008924,0.007804,0.018529,-0.033180,-0.032555,-0.044167,0.999895,-0.007235,0.005382,0.011379,0.014350,0.005057,-0.108492,0.265055,0.381488,-0.298326,0.350231
3,160.787883,94,4.700000,0.007265,0.006176,0.016320,-0.027978,-0.025394,-0.043903,0.999924,-0.006892,0.005493,0.008664,0.033445,-0.009919,-0.098536,0.265066,0.333556,-0.078768,0.425732
3,160.787883,95,4.750000,0.005866,0.004906,0.014125,-0.022645,-0.018581,-0.043617,0.999949,-0.006067,0.005235,0.006198,0.050086,-0.013982,-0.086435,0.265081,0.136323,-0.075695,0.486385
3,160.787883,96,4.800000,0.004734,0.003977,0.011944,-0.017543,-0.012593,-0.043290,0.999968,-0.004824,0.004880,0.004032,0.056856,-0.017931,-0.072610,0.265092,-0.130185,-0.055043,0.550252
3,160.787883,97,4.850000,0.003856,0.003347,0.009780,-0.012771,-0.007837,-0.042925,0.999982,-0.003410,0.004429,0.002212,0.050297,-0.020840,-0.056969,0.265068,-0.357184,-0.020785,0.616189
3,160.787883,98,4.900000,0.003218,0.002956,0.007634,-0.008430,-0.004480,-0.042588,0.999990,-0.002158,0.003906,0.000784,0.032393,-0.021988,-0.039454,0.265011,-0.432175,0.085776,0.684907
3,160.787883,99,4.950000,0.002796,0.002732,0.005504,-0.004598,-0.002359,-0.042347,0.999993,-0.001351,0.003355,-0.000204,0.010751,-0.017748,-0.019986,0.287750,-0.217652,0.349508,0.759281
3,160.787883,100,5.000000,0.002566,0.002614,0.003387,-0.001023,-0.000920,0.000009,0.999995,-0.001084,0.002910,-0.000704,-0.000145,-0.000280,0.001596,0,0,0,0
4,156.632226,0,0.000000,1.010949,1.031537,0.994266,-0.005817,0.003063,-0.036469,0.999995,0.001151,-0.001721,-0.002289,0.000000,0.000000,0.000000,0.080000,10.439505,-10.066858,0.139766
4,156.632226,1,0.050000,1.010658,1.031690,0.992443,-0.006328,0.002723,-0.378822,0.999995,0.001151,-0.001721,-0.002289,0.521975,-0.503343,0.003973,0.080000,4.366649,-4.212623,0.107281
4,156.632226,2,0.100000,1.010342,1.031826,0.973502,-0.006839,0.002384,-0.721175,0.999795,0.014169,-0.014332,-0.002181,0.740384,-0.713895,0.007022,0.211039,-0.003171,0.005207,0.081549
4,156.632226,3,0.150000,1.010000,1.031945,0.937443,-0.018063,-0.008664,-0.821178,0.998947,0.032622,-0.032208,-0.001993,0.740415,-0.713438,0.009340,0.329387,-2.671563,2.607670,0.063087
4,156.632226,4,0.200000,1.009097,1.031512,0.896384,-0.057393,-0.048341,-0.704266,0.997439,0.051053,-0.050053,-0.001745,0.607090,-0.582792,0.011133,0.333543,-4.045151,3.944744,0.050007
4,156.632226,5,0.250000,1.006227,1.029095,0.861171,-0.119177,-0.111140,-0.583408,0.995715,0.066137,-0.064612,-0.001451,0.405079,-0.385298,0.012555,0.317897,-4.484949,4.373746,0.041154
4,156.632226,6,0.300000,1.000268,1.023538,0.832000,-0.195038,-0.188566,-0.495275,0.994326,0.076179,-0.074231,-0.001121,0.181015,-0.166418,0.013725,0.296535,-4.295800,4.191936,0.035641
4,156.632226,7,0.350000,0.990516,1.014110,0.807237,-0.276196,-0.271666,-0.449063,0.993654,0.080647,-0.078398,-0.000761,-0.033688,0.043273,0.014738,0.277836,-3.717245,3.630731,0.033015
4,156.632226,8,0.400000,0.976706,1.000526,0.784783,-0.356420,-0.354066,-0.438068,0.993806,0.079782,-0.077352,-0.000373,-0.219575,0.224791,0.015676,0.265600,-2.928839,2.863521,0.033098
4,156.632226,9,0.450000,0.958885,0.982823,0.762880,-0.432069,-0.432034,-0.448864,0.994649,0.074296,-0.071794,0.000040,-0.366151,0.367837,0.016617,0.260304,-2.061753,2.017381,0.035767
4,156.632226,10,0.500000,0.937282,0.961221,0.740437,-0.500912,-0.503282,-0.467611,0.995905,0.065156,-0.062673,0.000479,-0.469470,0.468475,0.017634,0.260471,-1.201790,1.175397,0.040831
4,156.632226,11,0.550000,0.912236,0.936057,0.717056,-0.561095,-0.565910,-0.483642,0.997266,0.053427,-0.051037,0.000946,-0.529873,0.526930,0.018794,0.263901,-0.413153,0.400568,0.047919
4,156.632226,12,0.600000,0.884182,0.907762,0.692874,-0.610793,-0.618034,-0.490772,0.998472,0.040173,-0.037930,0.001442,-0.550907,0.546581,0.020156,0.268511,0.262729,-0.265993,0.056508
4,156.632226,13,0.650000,0.853642,0.876860,0.668336,-0.648399,-0.657978,-0.487065,0.999354,0.026377,-0.024322,0.001971,-0.538188,0.532860,0.021763,0.272770,0.802603,-0.800694,0.065984
4,156.632226,14,0.700000,0.821222,0.843961,0.643982,-0.672903,-0.684658,-0.473735,0.999853,0.012889,-0.011048,0.002538,-0.498498,0.492381,0.023638,0.275816,1.197623,-1.193892,0.075724
4,156.632226,15,0.750000,0.787577,0.809728,0.620296,-0.684154,-0.697851,-0.453758,0.999994,0.000391,0.001220,0.003150,-0.439059,0.432239,0.025791,0.277372,1.449955,-1.446661,0.085166
4,156.632226,16,0.800000,0.753369,0.774836,0.597608,-0.682899,-0.698249,-0.430609,0.999864,-0.010617,0.011990,0.003812,-0.366984,0.359476,0.028211,0.277575,1.577686,-1.576661,0.093884
4,156.632226,17,0.850000,0.719224,0.739923,0.576077,-0.670616,-0.687288,-0.407344,0.999574,-0.019815,0.020946,0.004531,-0.288485,0.280250,0.030880,0.276803,1.596799,-1.598759,0.101572
4,156.632226,18,0.900000,0.685693,0.705559,0.555710,-0.649244,-0.666886,-0.386099,0.999230,-0.027038,0.027931,0.005315,-0.208973,0.199974,0.033767,0.275492,1.526063,-1.530754,0.108069
4,156.632226,19,0.950000,0.653231,0.672215,0.536405,-0.620913,-0.639167,-0.367970,0.998918,-0.032261,0.032920,0.006169,-0.132926,0.123168,0.036839,0.274042,1.385053,-1.391443,0.113357
4,156.632226,20,1.000000,0.622186,0.640256,0.518007,-0.587738,-0.606253,-0.353142,0.998693,-0.035568,0.036005,0.007099,-0.063846,0.053410,0.040061,0.272743,1.200428,-1.207569,0.117523
4,156.632226,21,1.050000,0.592799,0.609944,0.500349,-0.551670,-0.570112,-0.341150,0.998579,-0.037136,0.037363,0.008109,-0.003906,-0.007065,0.043402,0.271755,0.990143,-0.996868,0.120737
4,156.632226,22,1.100000,0.565215,0.581438,0.483292,-0.514421,-0.532483,-0.331193,0.998572,-0.037191,0.037226,0.009203,0.045613,-0.056915,0.046834,0.271118,0.769853,-0.774982,0.123222
4,156.632226,23,1.150000,0.539494,0.554814,0.466732,-0.477438,-0.494847,-0.322403,0.998654,-0.035996,0.035859,0.010382,0.084207,-0.095583,0.050336,0.270789,0.552556,-0.555058,0.125225
4,156.632226,24,1.200000,0.515622,0.530071,0.450612,-0.441898,-0.458421,-0.314031,0.998797,-0.033823,0.033540,0.011649,0.112017,-0.123175,0.053896,0.270677,0.348483,-0.347580,0.126997
4,156.632226,25,1.250000,0.493527,0.507150,0.434911,-0.408709,-0.424162,-0.305553,0.998970,-0.030945,0.030542,0.013005,0.129693,-0.140325,0.057505,0.270679,0.165149,-0.160380,0.128768
4,156.632226,26,1.300000,0.473092,0.485942,0.419633,-0.378526,-0.392773,-0.296690,0.999146,-0.027616,0.027124,0.014451,0.138257,-0.148061,0.061166,0.270708,0.007537,0.001222,0.130728
4,156.632226,27,1.350000,0.454166,0.466304,0.404798,-0.351754,-0.364715,-0.287382,0.999306,-0.024067,0.023517,0.015987,0.138978,-0.147679,0.064882,0.270697,-0.121630,0.134177,0.133019
4,156.632226,28,1.400000,0.436578,0.448068,0.390429,-0.328579,-0.340225,-0.277726,0.999436,-0.020498,0.019922,0.017615,0.133260,-0.140628,0.068663,0.270614,-0.221566,0.237411,0.135718
4,156.632226,29,1.450000,0.420149,0.431057,0.376543,-0.308985,-0.319341,-0.267907,0.999531,-0.017072,0.016502,0.019336,0.122548,-0.128410,0.072520,0.270451,-0.293069,0.311489,0.138833
4,156.632226,30,1.500000,0.404700,0.415090,0.363148,-0.292793,-0.301929,-0.258136,0.999590,-0.013917,0.013383,0.021152,0.108248,-0.112498,0.076467,0.270221,-0.338160,0.358264,0.142304
4,156.632226,31,1.550000,0.390060,0.399993,0.350241,-0.279699,-0.287722,-0.248600,0.999615,-0.011127,0.010656,0.023065,0.091666,-0.094271,0.080512,0.269946,-0.359734,0.380535,0.146001
4,156.632226,32,1.600000,0.376075,0.385607,0.337811,-0.269306,-0.276356,-0.239437,0.999612,-0.008761,0.008375,0.025079,0.073968,-0.074964,0.084662,0.269655,-0.361232,0.381723,0.149729
4,156.632226,33,1.650000,0.362610,0.371789,0.325839,-0.261165,-0.267400,-0.230723,0.999585,-0.006847,0.006567,0.027196,0.056147,-0.055640,0.088918,0.269370,-0.346351,0.365579,0.153241
4,156.632226,34,1.700000,0.349551,0.358419,0.314303,-0.254802,-0.260393,-0.222479,0.999539,-0.005392,0.005229,0.029418,0.039017,-0.037172,0.093273,0.269111,-0.318796,0.335927,0.156246
4,156.632226,35,1.750000,0.336811,0.345400,0.303179,-0.249750,-0.254868,-0.214683,0.999477,-0.004377,0.004342,0.031748,0.023209,-0.020237,0.097715,0.268886,-0.282080,0.296455,0.158420
4,156.632226,36,1.800000,0.324324,0.332656,0.292445,-0.245567,-0.250374,-0.207283,0.999401,-0.003771,0.003865,0.034189,0.009180,-0.005328,0.102218,0.268700,-0.239377,0.250552,0.159428
4,156.632226,37,1.850000,0.312045,0.320137,0.282081,-0.241851,-0.246492,-0.200220,0.999311,-0.003527,0.003750,0.036743,-0.002768,0.007235,0.106749,0.268548,-0.193418,0.201182,0.158928
4,156.632226,38,1.900000,0.299953,0.307813,0.272070,-0.238253,-0.242850,-0.193436,0.999209,-0.003593,0.003937,0.039409,-0.012468,0.017283,0.111267,0.268424,-0.146444,0.150819,0.156589
4,156.632226,39,1.950000,0.288040,0.295670,0.262398,-0.234483,-0.239127,-0.186883,0.999092,-0.003910,0.004367,0.042188,-0.019864,0.024771,0.115718,0.268318,-0.100198,0.101407,0.152102
4,156.632226,40,2.000000,0.276316,0.283714,0.253054,-0.230311,-0.235061,-0.180532,0.998961,-0.004420,0.004976,0.045078,-0.024982,0.029754,0.120041,0.268222,-0.055959,0.054381,0.145189
4,156.632226,41,2.050000,0.264801,0.271961,0.244027,-0.225571,-0.230452,-0.174368,0.998815,-0.005062,0.005704,0.048076,-0.027916,0.032359,0.124168,0.268129,-0.014609,0.010708,0.135611
4,156.632226,42,2.100000,0.253522,0.260438,0.235309,-0.220156,-0.225159,-0.168390,0.998652,-0.005781,0.006494,0.051176,-0.028799,0.032763,0.128023,0.268034,0.023268,-0.029027,0.123171
4,156.632226,43,2.150000,0.242514,0.249180,0.226889,-0.214011,-0.219098,-0.162606,0.998473,-0.006521,0.007294,0.054372,-0.027795,0.031172,0.131524,0.267932,0.057268,-0.064509,0.107725
4,156.632226,44,2.200000,0.231814,0.238225,0.218759,-0.207136,-0.212244,-0.157030,0.998278,-0.007233,0.008055,0.057654,-0.025087,0.027808,0.134586,0.267824,0.087037,-0.095554,0.089178
4,156.632226,45,2.250000,0.221457,0.227613,0.210907,-0.199573,-0.204621,-0.151675,0.998068,-0.007872,0.008737,0.061013,-0.020877,0.022902,0.137121,0.267712,0.112138,-0.121970,0.067485
4,156.632226,46,2.300000,0.211478,0.217382,0.203324,-0.191403,-0.196303,-0.146550,0.997843,-0.008398,0.009304,0.064434,-0.015389,0.016695,0.139039,0.267596,0.131958,-0.143422,0.042657
4,156.632226,47,2.350000,0.201908,0.207567,0.195996,-0.182738,-0.187404,-0.141658,0.997606,-0.008776,0.009725,0.067902,-0.008879,0.009442,0.140252,0.267481,0.145660,-0.159352,0.014763
4,156.632226,48,2.400000,0.192771,0.198197,0.188913,-0.173717,-0.178076,-0.136993,0.997357,-0.008979,0.009976,0.071400,-0.001647,0.001428,0.140671,0.267370,0.152223,-0.168952,-0.016072
4,156.632226,49,2.450000,0.184085,0.189293,0.182063,-0.164500,-0.168502,-0.132542,0.997099,-0.008988,0.010040,0.074907,0.005957,-0.007029,0.140215,0.267266,0.150563,-0.171237,-0.049652
4,156.632226,50,2.500000,0.175860,0.180868,0.175436,-0.155257,-0.158887,-0.128285,0.996834,-0.008791,0.009907,0.078401,0.013522,-0.015559,0.138803,0.267171,0.139738,-0.165188,-0.085703
4,156.632226,51,2.550000,0.168097,0.172924,0.169022,-0.146166,-0.149447,-0.124197,0.996563,-0.008389,0.009577,0.081860,0.020591,-0.023747,0.136367,0.267086,0.119196,-0.149958,-0.123862
4,156.632226,52,2.600000,0.160789,0.165451,0.162812,-0.137405,-0.140402,-0.120253,0.996287,-0.007795,0.009056,0.085257,0.026674,-0.031138,0.132846,0.267011,0.089030,-0.125112,-0.163661
4,156.632226,53,2.650000,0.153919,0.158431,0.156800,-0.129140,-0.131958,-0.116430,0.996010,-0.007034,0.008363,0.088565,0.031282,-0.037260,0.128194,0.266942,0.050195,-0.090854,-0.204519
4,156.632226,54,2.700000,0.147462,0.151833,0.150978,-0.121520,-0.124300,-0.112711,0.995734,-0.006146,0.007527,0.091757,0.033974,-0.041650,0.122381,0.266876,0.004654,-0.048218,-0.245740
4,156.632226,55,2.750000,0.141386,0.145618,0.145343,-0.114670,-0.117568,-0.109089,0.995461,-0.005181,0.006587,0.094803,0.034400,-0.043903,0.115396,0.266811,-0.044577,0.000799,-0.286512
4,156.632226,56,2.800000,0.135652,0.139740,0.139888,-0.108676,-0.111855,-0.105564,0.995194,-0.004202,0.005591,0.097674,0.032363,-0.043713,0.107252,0.266742,-0.093483,0.053176,-0.325937
4,156.632226,57,2.850000,0.130219,0.134147,0.134610,-0.103585,-0.107184,-0.102145,0.994937,-0.003275,0.004593,0.100342,0.027867,-0.040922,0.097987,0.266669,-0.137191,0.104863,-0.363062
4,156.632226,58,2.900000,0.125039,0.128788,0.129503,-0.099396,-0.103510,-0.098844,0.994694,-0.002468,0.003653,0.102779,0.021160,-0.035575,0.087667,0.266593,-0.170203,0.150825,-0.396940
4,156.632226,59,2.950000,0.120070,0.123612,0.124561,-0.096058,-0.100715,-0.095673,0.994471,-0.001842,0.002828,0.104959,0.012768,-0.027964,0.076384,0.266515,-0.186704,0.185133,-0.426697
4,156.632226,60,3.000000,0.115267,0.118577,0.119777,-0.093473,-0.098614,-0.092638,0.994271,-0.001446,0.002170,0.106859,0.003514,-0.018670,0.064256,0.266439,-0.181017,0.201205,-0.451608
4,156.632226,61,3.050000,0.110593,0.113646,0.115145,-0.091496,-0.096966,-0.089739,0.994099,-0.001306,0.001718,0.108456,-0.005492,-0.008601,0.051419,0.266369,-0.148398,0.192422,-0.471173
4,156.632226,62,3.100000,0.106018,0.108798,0.110658,-0.089951,-0.095502,-0.086968,0.993959,-0.001417,0.001491,0.109734,-0.012895,0.001009,0.038026,0.266306,-0.086625,0.153735,-0.485166
4,156.632226,63,3.150000,0.101521,0.104023,0.106310,-0.088643,-0.093952,-0.084313,0.993854,-0.001738,0.001482,0.110680,-0.017228,0.008677,0.024235,0.266250,0.000334,0.085579,-0.493635
4,156.632226,64,3.200000,0.097088,0.099325,0.102094,-0.087380,-0.092086,-0.081763,0.993785,-0.002189,0.001651,0.111282,-0.017219,0.012940,0.010204,0.266199,0.093452,0.002827,-0.496817
4,156.632226,65,3.250000,0.092719,0.094721,0.098006,-0.086003,-0.089760,-0.079310,0.993755,-0.002653,0.001925,0.111536,-0.012551,0.013075,-0.003918,0.266150,0.159025,-0.065668,-0.494961
4,156.632226,66,3.300000,0.088419,0.090233,0.094040,-0.084409,-0.086950,-0.076950,0.993764,-0.003001,0.002215,0.111438,-0.004598,0.009794,-0.017987,0.266100,0.189742,-0.115209,-0.488316
4,156.632226,67,3.350000,0.084199,0.085885,0.090193,-0.082569,-0.083767,-0.074686,0.993813,-0.003144,0.002444,0.110991,0.004896,0.004036,-0.031867,0.266050,0.180162,-0.137410,-0.477499
4,156.632226,68,3.400000,0.080070,0.081697,0.086459,-0.080520,-0.080421,-0.072517,0.993902,-0.003035,0.002555,0.110198,0.013909,-0.002840,-0.045440,0.265999,0.096553,-0.099603,-0.462865
4,156.632226,69,3.450000,0.076044,0.077676,0.082833,-0.078348,-0.077172,-0.070441,0.994027,-0.002685,0.002519,0.109068,0.018732,-0.007844,-0.058597,0.265949,0.012569,-0.050073,-0.445717
4,156.632226,70,3.500000,0.072127,0.073817,0.079311,-0.076169,-0.074272,-0.068456,0.994188,-0.002202,0.002372,0.107611,0.019343,-0.010390,-0.071266,0.265900,-0.055051,0.018352,-0.426483
4,156.632226,71,3.550000,0.068319,0.070104,0.075888,-0.074081,-0.071866,-0.066559,0.994379,-0.001697,0.002161,0.105839,0.016562,-0.009524,-0.083389,0.265853,-0.143210,0.120825,-0.404588
4,156.632226,72,3.600000,0.064615,0.066510,0.072560,-0.072141,-0.069979,-0.064747,0.994599,-0.001265,0.001965,0.103766,0.009371,-0.003536,-0.094889,0.265807,-0.159291,0.155634,-0.380970
4,156.632226,73,3.650000,0.061007,0.063011,0.069323,-0.070346,-0.068540,-0.063016,0.994843,-0.001027,0.001898,0.101406,0.001394,0.004212,-0.105718,0.265766,-0.123684,0.133155,-0.356227
4,156.632226,74,3.700000,0.057490,0.059584,0.066172,-0.068590,-0.067344,-0.061362,0.995107,-0.001008,0.002004,0.098776,-0.004773,0.010865,-0.115844,0.265727,-0.076026,0.081244,-0.331851
4,156.632226,75,3.750000,0.054061,0.056217,0.063104,-0.066725,-0.066162,-0.059780,0.995388,-0.001160,0.002260,0.095893,-0.008527,0.014948,-0.125276,0.265689,-0.006033,-0.041396,-0.309674
4,156.632226,76,3.800000,0.050724,0.052909,0.060115,-0.064622,-0.064813,-0.058270,0.995683,-0.001415,0.002607,0.092775,-0.008757,0.012919,-0.134079,0.265648,0.053264,-0.149392,-0.290605
4,156.632226,77,3.850000,0.047493,0.049668,0.057201,-0.062196,-0.063189,-0.056838,0.995987,-0.001671,0.002904,0.089438,-0.006028,0.005493,-0.142339,0.265606,0.125043,-0.210178,-0.275906
4,156.632226,78,3.900000,0.044383,0.046509,0.054359,-0.059498,-0.061296,-0.055487,0.996298,-0.001844,0.003021,0.085893,0.000253,-0.004983,-0.150182,0.265564,0.136842,-0.195074,-0.264303
4,156.632226,79,3.950000,0.041409,0.043444,0.051585,-0.056693,-0.059234,-0.054214,0.996614,-0.001838,0.002891,0.082152,0.007067,-0.014738,-0.157694,0.265526,0.032551,-0.064911,-0.254432
4,156.632226,80,4.000000,0.038574,0.040482,0.048874,-0.054009,-0.057199,-0.053010,0.996931,-0.001643,0.002531,0.078223,0.008606,-0.018026,-0.164927,0.265494,0.028700,-0.047495,-0.244662
4,156.632226,81,4.050000,0.035873,0.037622,0.046224,-0.051654,-0.055393,-0.051864,0.997247,-0.001404,0.002092,0.074112,0.009929,-0.020455,-0.171881,0.265460,-0.029153,0.024839,-0.233281
4,156.632226,82,4.100000,0.033291,0.034853,0.043631,-0.049706,-0.053864,-0.050777,0.997557,-0.001128,0.001594,0.069826,0.008338,-0.019277,-0.178512,0.265428,-0.061498,0.094850,-0.219183
4,156.632226,83,4.150000,0.030805,0.032160,0.041092,-0.048220,-0.052649,-0.049746,0.997860,-0.000893,0.001123,0.065374,0.005132,-0.014591,-0.184742,0.265396,-0.112617,0.176518,-0.199651
4,156.632226,84,4.200000,0.028394,0.029527,0.038604,-0.047176,-0.051701,-0.048774,0.998152,-0.000746,0.000763,0.060764,-0.000601,-0.005801,-0.190417,0.265364,-0.240544,0.309558,-0.172494
4,156.632226,85,4.250000,0.026036,0.026942,0.036166,-0.046472,-0.050923,-0.047860,0.998430,-0.000756,0.000614,0.056012,-0.012670,0.009681,-0.195320,0.265333,-0.183239,0.215554,-0.130488
4,156.632226,86,4.300000,0.023712,0.024396,0.033773,-0.045912,-0.050147,-0.047003,0.998691,-0.001089,0.000834,0.051136,-0.021760,0.020552,-0.199029,0.265298,-0.098846,0.084964,-0.078134
4,156.632226,87,4.350000,0.021416,0.021889,0.031422,-0.045148,-0.049037,-0.046212,0.998932,-0.001663,0.001314,0.046166,-0.026548,0.024965,-0.201250,0.265263,0.008537,-0.059403,-0.012705
4,156.632226,88,4.400000,0.019159,0.019437,0.029112,-0.043934,-0.047345,-0.045490,0.999149,-0.002361,0.001898,0.041140,-0.025930,0.022198,-0.201611,0.265226,0.109314,-0.129347,0.067910
4,156.632226,89,4.450000,0.016962,0.017070,0.026837,-0.042167,-0.044951,-0.044839,0.999341,-0.003041,0.002414,0.036103,-0.020294,0.015929,-0.199681,0.265192,0.204960,0.022210,0.165311
4,156.632226,90,4.500000,0.014854,0.014822,0.024595,-0.039905,-0.041880,-0.044258,0.999506,-0.003575,0.002779,0.031114,-0.009926,0.017193,-0.194982,0.265159,0.163737,-0.038438,0.253976
4,156.632226,91,4.550000,0.012859,0.012728,0.022383,-0.037287,-0.038287,-0.043743,0.999643,-0.003849,0.003183,0.026241,-0.001612,0.015345,-0.187763,0.265131,0.042974,-0.077216,0.353004
4,156.632226,92,4.600000,0.010994,0.010814,0.020195,-0.034261,-0.034426,-0.043285,0.999754,-0.003915,0.003547,0.021547,0.000646,0.011495,-0.177729,0.265104,-0.076941,-0.100676,0.461705
4,156.632226,93,4.650000,0.009281,0.009092,0.018031,-0.030862,-0.030508,-0.042880,0.999839,-0.003920,0.003817,0.017103,-0.003123,0.006457,-0.164605,0.265073,-0.106393,-0.055968,0.580524
4,156.632226,94,4.700000,0.007738,0.007567,0.015887,-0.027181,-0.026596,-0.042533,0.999900,-0.004017,0.003961,0.012989,-0.008402,0.003678,-0.148104,0.265038,0.100723,0.128662,0.711447
4,156.632226,95,4.750000,0.006379,0.006237,0.013760,-0.023344,-0.022603,-0.042253,0.999940,-0.004243,0.004036,0.009287,-0.003346,0.010159,-0.127881,0.265003,0.080175,0.025091,0.773083
4,156.632226,96,4.800000,0.005212,0.005107,0.011648,-0.019422,-0.018402,-0.042040,0.999963,-0.004342,0.004275,0.006089,0.000712,0.011429,-0.105907,0.264982,0.050611,-0.090393,0.838929
4,156.632226,97,4.850000,0.004241,0.004187,0.009546,-0.015252,-0.014115,-0.041869,0.999974,-0.004337,0.004550,0.003440,0.003289,0.006907,-0.082060,0.264971,0.030721,-0.174830,0.907702
4,156.632226,98,4.900000,0.003478,0.003481,0.007452,-0.010802,-0.009844,-0.041720,0.999979,-0.004265,0.004714,0.001388,0.004847,-0.001845,-0.056259,0.264979,0.011416,-0.148715,0.979169
4,156.632226,99,4.950000,0.002938,0.002989,0.005366,-0.006182,-0.005652,-0.041557,0.999981,-0.004150,0.004662,-0.000019,0.005413,-0.009291,-0.028427,0.287345,-0.099252,0.174806,1.054211
4,156.632226,100,5.000000,0.002629,0.002706,0.003288,-0.001221,-0.001236,0.000022,0.999982,-0.004018,0.004426,-0.000729,0.000441,-0.000557,0.001539,0,0,0,0
5,155.674086,0,0.000000,1.012494,1.035583,0.966343,-0.005749,0.000690,-0.051178,0.999994,0.001139,-0.001355,-0.003052,0.000000,0.000000,0.000000,0.080000,10.920314,-10.014321,-0.812269
5,155.674086,1,0.050000,1.012207,1.035617,0.963784,-0.006151,0.000354,-0.393531,0.999994,0.001139,-0.001355,-0.003052,0.546016,-0.500716,-0.023088,0.080000,4.457303,-4.170202,-0.714334
5,155.674086,2,0.100000,1.011899,1.035635,0.944108,-0.006554,0.000017,-0.735884,0.999788,0.014749,-0.013912,-0.003624,0.768442,-0.709705,-0.043393,0.229671,-0.088530,0.033081,-0.641466
5,155.674086,3,0.150000,1.011572,1.035636,0.907314,-0.018431,-0.012483,-0.801417,0.998912,0.033896,-0.031694,-0.004702,0.762847,-0.709316,-0.061627,0.330106,-2.847282,2.621791,-0.584751
5,155.674086,4,0.200000,1.010650,1.035012,0.867243,-0.057333,-0.053697,-0.683243,0.997357,0.052893,-0.049428,-0.006235,0.618824,-0.580011,-0.078248,0.333829,-4.255615,3.939921,-0.535506
5,155.674086,5,0.250000,1.007784,1.032327,0.833081,-0.118691,-0.118541,-0.562021,0.995584,0.068314,-0.063868,-0.008187,0.404321,-0.384852,-0.093470,0.317627,-4.698365,4.336386,-0.488606
5,155.674086,6,0.300000,1.001849,1.026400,0.804979,-0.194152,-0.197935,-0.474611,0.994160,0.078440,-0.073363,-0.010524,0.168037,-0.169467,-0.107358,0.295843,-4.497236,4.114197,-0.441911
5,155.674086,7,0.350000,0.992141,1.016503,0.781249,-0.274972,-0.282535,-0.429893,0.993470,0.082767,-0.077407,-0.013216,-0.057515,0.035558,-0.119919,0.276979,-3.899249,3.511461,-0.395011
5,155.674086,8,0.400000,0.978393,1.002376,0.759754,-0.354983,-0.365838,-0.420643,0.993613,0.081582,-0.076256,-0.016232,-0.252316,0.211393,-0.131147,0.264814,-3.086533,2.707543,-0.348328
5,155.674086,9,0.450000,0.960644,0.984084,0.738722,-0.430595,-0.444127,-0.432978,0.994438,0.075647,-0.070632,-0.019539,-0.405590,0.348026,-0.141048,0.259731,-2.190535,1.834287,-0.302518
5,155.674086,10,0.500000,0.939114,0.961878,0.717073,-0.499585,-0.515165,-0.452798,0.995656,0.065976,-0.061509,-0.023101,-0.513254,0.441911,-0.149647,0.260148,-1.304789,0.986498,-0.258144
5,155.674086,11,0.550000,0.914135,0.936120,0.694433,-0.560061,-0.577088,-0.469383,0.996945,0.053678,-0.049959,-0.026882,-0.575984,0.494151,-0.156985,0.263771,-0.486395,0.221068,-0.215546
5,155.674086,12,0.600000,0.886132,0.907265,0.670964,-0.610128,-0.628056,-0.476671,0.998043,0.039843,-0.037038,-0.030846,-0.597359,0.508636,-0.163112,0.268484,0.222325,-0.420697,-0.174911
5,155.674086,13,0.650000,0.855625,0.875863,0.647131,-0.648108,-0.666461,-0.472921,0.998783,0.025476,-0.023719,-0.034955,-0.583094,0.491299,-0.168084,0.272761,0.796564,-0.916649,-0.136312
5,155.674086,14,0.700000,0.823220,0.842540,0.623485,-0.672940,-0.691330,-0.459533,0.999108,0.011444,-0.010833,-0.039177,-0.540132,0.449186,-0.171958,0.275760,1.225391,-1.259927,-0.099761
5,155.674086,15,0.750000,0.789573,0.807973,0.600508,-0.684453,-0.702573,-0.439619,0.999052,-0.001561,0.000965,-0.043483,-0.475931,0.389715,-0.174794,0.277238,1.516393,-1.463753,-0.065237
5,155.674086,16,0.800000,0.755350,0.772844,0.578527,-0.683393,-0.701015,-0.416718,0.998707,-0.013027,0.011207,-0.047846,-0.397526,0.319684,-0.176648,0.277368,1.678118,-1.542210,-0.032668
5,155.674086,17,0.850000,0.721180,0.737794,0.557691,-0.671255,-0.688201,-0.393877,0.998186,-0.022617,0.019605,-0.052245,-0.311477,0.245239,-0.177577,0.276535,1.724573,-1.514664,-0.001905
5,155.674086,18,0.900000,0.687618,0.703384,0.537997,-0.650001,-0.666128,-0.373193,0.997599,-0.030155,0.026030,-0.056659,-0.223596,0.171605,-0.177631,0.275189,1.672955,-1.403025,0.027300
5,155.674086,19,0.950000,0.655118,0.670077,0.519338,-0.621793,-0.636971,-0.355700,0.997032,-0.035603,0.030492,-0.061071,-0.138791,0.102961,-0.176855,0.273732,1.541786,-1.229518,0.055295
5,155.674086,20,1.000000,0.624028,0.638229,0.501553,-0.588767,-0.602871,-0.341517,0.996541,-0.039039,0.033112,-0.065463,-0.061011,0.042417,-0.175283,0.272449,1.357867,-1.022723,0.082449
5,155.674086,21,1.050000,0.594590,0.608085,0.484477,-0.552891,-0.565802,-0.330126,0.996148,-0.040634,0.034097,-0.069820,0.007165,-0.008314,-0.172940,0.271493,1.139368,-0.801746,0.109203
5,155.674086,22,1.100000,0.566945,0.579795,0.467970,-0.515885,-0.527494,-0.320691,0.995851,-0.040617,0.033702,-0.074124,0.064078,-0.048448,-0.169836,0.270893,0.902760,-0.582481,0.135976
5,155.674086,23,1.150000,0.541151,0.553420,0.451936,-0.479191,-0.489418,-0.312332,0.995632,-0.039254,0.032204,-0.078356,0.108904,-0.077985,-0.165970,0.270597,0.662373,-0.377282,0.163108
5,155.674086,24,1.200000,0.517191,0.528949,0.436319,-0.443975,-0.452777,-0.304309,0.995462,-0.036830,0.029886,-0.082498,0.141532,-0.097535,-0.161334,0.270511,0.430155,-0.194939,0.190820
5,155.674086,25,1.250000,0.494993,0.506311,0.421104,-0.411124,-0.418516,-0.296117,0.995315,-0.033628,0.027018,-0.086527,0.162442,-0.108149,-0.155910,0.270530,0.215581,-0.040907,0.219184
5,155.674086,26,1.300000,0.474436,0.485385,0.406298,-0.381264,-0.387322,-0.287500,0.995168,-0.029925,0.023844,-0.090424,0.172581,-0.111155,-0.149680,0.270565,0.025677,0.082305,0.248121
5,155.674086,27,1.350000,0.455373,0.466019,0.391923,-0.354774,-0.359639,-0.278421,0.995005,-0.025971,0.020576,-0.094165,0.173234,-0.108020,-0.142627,0.270554,-0.134848,0.174633,0.277411
5,155.674086,28,1.400000,0.437634,0.448037,0.378002,-0.331809,-0.335686,-0.268995,0.994818,-0.021989,0.017388,-0.097730,0.165907,-0.100226,-0.134742,0.270467,-0.263414,0.237904,0.306723
5,155.674086,29,1.450000,0.421044,0.431252,0.364552,-0.312328,-0.315475,-0.259418,0.994606,-0.018166,0.014416,-0.101097,0.152223,-0.089179,-0.126023,0.270298,-0.359309,0.275281,0.335644
5,155.674086,30,1.500000,0.405428,0.415479,0.351581,-0.296135,-0.298846,-0.249904,0.994374,-0.014652,0.011756,-0.104243,0.133831,-0.076143,-0.116483,0.270063,-0.423398,0.290728,0.363725
5,155.674086,31,1.550000,0.390621,0.400536,0.339086,-0.282915,-0.285499,-0.240640,0.994131,-0.011557,0.009472,-0.107149,0.112325,-0.062199,-0.106144,0.269787,-0.457817,0.288547,0.390510
5,155.674086,32,1.600000,0.376475,0.386261,0.327054,-0.272269,-0.275033,-0.231759,0.993885,-0.008957,0.007594,-0.109795,0.089183,-0.048224,-0.095044,0.269496,-0.465646,0.272990,0.415570
5,155.674086,33,1.650000,0.362862,0.372510,0.315466,-0.263753,-0.266979,-0.223329,0.993647,-0.006892,0.006130,-0.112162,0.065727,-0.034896,-0.083232,0.269216,-0.450611,0.247965,0.438518
5,155.674086,34,1.700000,0.349674,0.359161,0.304300,-0.256909,-0.260836,-0.215366,0.993427,-0.005370,0.005064,-0.114233,0.043086,-0.022705,-0.070767,0.268964,-0.416790,0.216831,0.459026
5,155.674086,35,1.750000,0.336829,0.346119,0.293531,-0.251286,-0.256098,-0.207839,0.993231,-0.004373,0.004368,-0.115993,0.022186,-0.011980,-0.057719,0.268749,-0.368367,0.182296,0.476826
5,155.674086,36,1.800000,0.324264,0.333314,0.283139,-0.246463,-0.252279,-0.200693,0.993066,-0.003864,0.004000,-0.117427,0.003741,-0.002913,-0.044166,0.268573,-0.309425,0.146392,0.491707
5,155.674086,37,1.850000,0.311941,0.320700,0.273105,-0.242061,-0.248930,-0.193867,0.992936,-0.003784,0.003912,-0.118523,-0.011735,0.004400,-0.030189,0.268432,-0.243794,0.110533,0.503504
5,155.674086,38,1.900000,0.299838,0.308254,0.263411,-0.237753,-0.245655,-0.187300,0.992845,-0.004065,0.004053,-0.119272,-0.023919,0.009940,-0.015877,0.268317,-0.174959,0.075625,0.512091
5,155.674086,39,1.950000,0.287950,0.295971,0.254046,-0.233271,-0.242125,-0.180950,0.992794,-0.004631,0.004370,-0.119665,-0.032661,0.013736,-0.001321,0.268219,-0.106029,0.042238,0.517368
5,155.674086,40,2.000000,0.276287,0.283865,0.244999,-0.228411,-0.238078,-0.174789,0.992784,-0.005400,0.004808,-0.119695,-0.037962,0.015849,0.013385,0.268128,-0.039751,0.010786,0.519249
5,155.674086,41,2.050000,0.264866,0.271961,0.236259,-0.223029,-0.233325,-0.168807,0.992817,-0.006293,0.005317,-0.119361,-0.039958,0.016369,0.028144,0.268037,0.021443,-0.018289,0.517660
5,155.674086,42,2.100000,0.253715,0.260294,0.227819,-0.217042,-0.227753,-0.163009,0.992891,-0.007233,0.005847,-0.118659,-0.038903,0.015412,0.042859,0.267942,0.075388,-0.044376,0.512533
5,155.674086,43,2.150000,0.242863,0.248907,0.219669,-0.210430,-0.221315,-0.157406,0.993008,-0.008146,0.006353,-0.117592,-0.035159,0.013130,0.057427,0.267839,0.120173,-0.066630,0.503806
5,155.674086,44,2.200000,0.232341,0.237841,0.211798,-0.203221,-0.214031,-0.152014,0.993166,-0.008971,0.006794,-0.116164,-0.029179,0.009722,0.071748,0.267729,0.154173,-0.083987,0.491438
5,155.674086,45,2.250000,0.222180,0.227140,0.204198,-0.195497,-0.205979,-0.146845,0.993365,-0.009655,0.007136,-0.114379,-0.021497,0.005443,0.085717,0.267616,0.176126,-0.095276,0.475413
5,155.674086,46,2.300000,0.212405,0.216841,0.196855,-0.187377,-0.197281,-0.141903,0.993601,-0.010158,0.007353,-0.112248,-0.012708,0.000609,0.099230,0.267501,0.185259,-0.099397,0.455762
5,155.674086,47,2.350000,0.203036,0.206977,0.189760,-0.179008,-0.188099,-0.137186,0.993873,-0.010454,0.007429,-0.109780,-0.003447,-0.004408,0.112185,0.267390,0.181418,-0.095536,0.432581
5,155.674086,48,2.400000,0.194086,0.197572,0.182901,-0.170560,-0.178617,-0.132682,0.994177,-0.010531,0.007358,-0.106991,0.005642,-0.009200,0.124481,0.267286,0.165193,-0.083384,0.406047
5,155.674086,49,2.450000,0.185558,0.188641,0.176267,-0.162202,-0.169032,-0.128371,0.994508,-0.010392,0.007147,-0.103895,0.013945,-0.013342,0.136023,0.267190,0.138011,-0.063325,0.376437
5,155.674086,50,2.500000,0.177448,0.180189,0.169848,-0.154099,-0.159539,-0.124232,0.994862,-0.010056,0.006815,-0.100511,0.020915,-0.016437,0.146723,0.267103,0.102184,-0.036577,0.344137
5,155.674086,51,2.550000,0.169743,0.172212,0.163637,-0.146392,-0.150320,-0.120243,0.995232,-0.009552,0.006390,-0.096861,0.026116,-0.018149,0.156505,0.267023,0.060905,-0.005278,0.309640
5,155.674086,52,2.600000,0.162423,0.164696,0.157624,-0.139188,-0.141530,-0.116387,0.995612,-0.008921,0.005913,-0.092966,0.029269,-0.018258,0.165306,0.266949,0.018204,0.027468,0.273529
5,155.674086,53,2.650000,0.155464,0.157620,0.151805,-0.132547,-0.133292,-0.112651,0.995996,-0.008210,0.005427,-0.088851,0.030293,-0.016701,0.173081,0.266878,-0.021143,0.057579,0.236448
5,155.674086,54,2.700000,0.148837,0.150955,0.146173,-0.126483,-0.125686,-0.109028,0.996380,-0.007470,0.004980,-0.084541,0.029346,-0.013623,0.179802,0.266808,-0.051755,0.080011,0.199052
5,155.674086,55,2.750000,0.142512,0.144671,0.140721,-0.120956,-0.118747,-0.105519,0.996756,-0.006745,0.004612,-0.080063,0.026851,-0.009422,0.185460,0.266738,-0.067938,0.088914,0.161959
5,155.674086,56,2.800000,0.136465,0.138733,0.135445,-0.115882,-0.112470,-0.102125,0.997122,-0.006073,0.004354,-0.075442,0.023521,-0.004787,0.190064,0.266668,-0.064299,0.078166,0.125684
5,155.674086,57,2.850000,0.130671,0.133110,0.130339,-0.111141,-0.106813,-0.098850,0.997473,-0.005475,0.004219,-0.070705,0.020340,-0.000709,0.193636,0.266597,-0.037197,0.042912,0.090610
5,155.674086,58,2.900000,0.125114,0.127769,0.125396,-0.106603,-0.101715,-0.095698,0.997807,-0.004949,0.004192,-0.065877,0.018486,0.001586,0.196212,0.266528,0.011665,-0.016542,0.056975
5,155.674086,59,2.950000,0.119783,0.122684,0.120612,-0.102152,-0.097113,-0.092669,0.998120,-0.004465,0.004226,-0.060984,0.019057,0.000896,0.197831,0.266462,0.066298,-0.085712,0.024960
5,155.674086,60,3.000000,0.114676,0.117828,0.115978,-0.097721,-0.092970,-0.089758,0.998411,-0.003967,0.004241,-0.056049,0.022365,-0.003246,0.198541,0.266401,0.096391,-0.136198,-0.005181
5,155.674086,61,3.050000,0.109790,0.113179,0.111490,-0.093323,-0.089297,-0.086957,0.998679,-0.003392,0.004148,-0.051095,0.027209,-0.009888,0.198394,0.266344,0.097467,-0.163643,-0.033172
5,155.674086,62,3.100000,0.105124,0.108715,0.107142,-0.089066,-0.086164,-0.084256,0.998924,-0.002705,0.003883,-0.046143,0.032157,-0.017865,0.197451,0.266291,0.065646,-0.160262,-0.059210
5,155.674086,63,3.150000,0.100670,0.104406,0.102930,-0.085117,-0.083676,-0.081647,0.999143,-0.001903,0.003413,-0.041214,0.035573,-0.025637,0.195768,0.266236,-0.032440,-0.094304,-0.083364
5,155.674086,64,3.200000,0.096415,0.100223,0.098847,-0.081676,-0.081940,-0.079132,0.999336,-0.001024,0.002746,-0.036325,0.034142,-0.030088,0.193398,0.266176,-0.124306,-0.014980,-0.106782
5,155.674086,65,3.250000,0.092331,0.096126,0.094891,-0.078935,-0.081030,-0.076722,0.999502,-0.000185,0.001968,-0.031494,0.028147,-0.030586,0.190363,0.266111,-0.195237,0.082841,-0.129953
5,155.674086,66,3.300000,0.088384,0.092074,0.091054,-0.076990,-0.080908,-0.074428,0.999642,0.000503,0.001182,-0.026739,0.018606,-0.026241,0.186669,0.266044,-0.283281,0.212095,-0.152315
5,155.674086,67,3.350000,0.084534,0.088029,0.087333,-0.075839,-0.081435,-0.072255,0.999756,0.000956,0.000512,-0.022074,0.004628,-0.015504,0.182339,0.265979,-0.296879,0.269394,-0.174692
5,155.674086,68,3.400000,0.080742,0.083957,0.083720,-0.075356,-0.082388,-0.070203,0.999846,0.001066,0.000117,-0.017517,-0.010109,-0.002003,0.177374,0.265928,-0.256442,0.262254,-0.197569
5,155.674086,69,3.450000,0.076975,0.079837,0.080210,-0.075259,-0.083440,-0.068245,0.999914,0.000813,0.000067,-0.013083,-0.022917,0.011042,0.171758,0.265892,-0.199053,0.215649,-0.222095
5,155.674086,70,3.500000,0.073212,0.075665,0.076798,-0.075203,-0.084241,-0.066352,0.999961,0.000244,0.000347,-0.008789,-0.032942,0.021675,0.165445,0.265866,-0.111331,0.086339,-0.249638
5,155.674086,71,3.550000,0.069452,0.071453,0.073480,-0.074863,-0.084484,-0.064508,0.999989,-0.000574,0.000895,-0.004653,-0.038645,0.025785,0.158349,0.265842,-0.023615,-0.041741,-0.280772
5,155.674086,72,3.600000,0.065708,0.067229,0.070255,-0.073980,-0.083924,-0.062708,0.999997,-0.001533,0.001546,-0.000694,-0.039980,0.023466,0.150368,0.265812,0.089686,-0.136050,-0.316535
5,155.674086,73,3.650000,0.062009,0.063033,0.067120,-0.072456,-0.082416,-0.060969,0.999990,-0.002526,0.002140,0.003066,-0.035630,0.016435,0.141371,0.265769,0.156408,-0.165749,-0.355670
5,155.674086,74,3.700000,0.058387,0.058912,0.064071,-0.070358,-0.079922,-0.059315,0.999969,-0.003411,0.002557,0.006601,-0.027898,0.007957,0.131261,0.265718,0.117088,-0.086681,-0.396999
5,155.674086,75,3.750000,0.054869,0.054916,0.061105,-0.067864,-0.076549,-0.057763,0.999939,-0.004101,0.002762,0.009884,-0.022083,0.003484,0.119977,0.265668,0.180697,-0.119740,-0.439218
5,155.674086,76,3.800000,0.051476,0.051089,0.058217,-0.065186,-0.072487,-0.056309,0.999902,-0.004646,0.002856,0.012884,-0.013064,-0.002604,0.107492,0.265617,0.184533,-0.092367,-0.481202
5,155.674086,77,3.850000,0.048216,0.047464,0.055402,-0.062436,-0.067881,-0.054955,0.999863,-0.004964,0.002799,0.015572,-0.003827,-0.007276,0.093814,0.265572,0.200598,-0.056585,-0.522055
5,155.674086,78,3.900000,0.045095,0.044070,0.052654,-0.059759,-0.062957,-0.053687,0.999823,-0.005050,0.002627,0.017918,0.006229,-0.010119,0.078975,0.265531,0.177339,0.005539,-0.559105
5,155.674086,79,3.950000,0.042107,0.040922,0.049970,-0.057264,-0.057945,-0.052495,0.999787,-0.004884,0.002387,0.019893,0.015126,-0.009823,0.063082,0.265498,0.051131,0.136018,-0.589826
5,155.674086,80,4.000000,0.039243,0.038025,0.047345,-0.055013,-0.053096,-0.051360,0.999757,-0.004498,0.002157,0.021470,0.017706,-0.002986,0.046317,0.265477,0.079755,0.057076,-0.606271
5,155.674086,81,4.050000,0.036493,0.035370,0.044777,-0.052987,-0.048630,-0.050261,0.999734,-0.004051,0.002097,0.022627,0.021699,-0.000101,0.029084,0.265444,0.105482,-0.044721,-0.612110
5,155.674086,82,4.100000,0.033843,0.032939,0.042264,-0.051016,-0.044601,-0.049219,0.999719,-0.003507,0.002110,0.023353,0.026974,-0.002313,0.011685,0.265412,0.129075,-0.149739,-0.603465
5,155.674086,83,4.150000,0.031293,0.030709,0.039803,-0.049024,-0.041106,-0.048231,0.999714,-0.002831,0.002069,0.023644,0.033428,-0.009788,-0.005469,0.265384,0.124291,-0.168450,-0.577087
5,155.674086,84,4.200000,0.028841,0.028653,0.037391,-0.047057,-0.038276,-0.047291,0.999720,-0.001990,0.001843,0.023506,0.039641,-0.018217,-0.021872,0.265361,0.096541,0.051028,-0.530244
5,155.674086,85,4.250000,0.026489,0.026740,0.035027,-0.045291,-0.036278,-0.046389,0.999735,-0.000990,0.001410,0.022958,0.044453,-0.015699,-0.036944,0.265340,-0.068426,0.072930,-0.486906
5,155.674086,86,4.300000,0.024224,0.024926,0.032707,-0.043928,-0.035274,-0.045522,0.999757,0.000129,0.001043,0.022034,0.041010,-0.012115,-0.050784,0.265307,-0.293539,0.116808,-0.426115
5,155.674086,87,4.350000,0.022028,0.023162,0.030431,-0.042901,-0.035379,-0.044713,0.999783,0.001159,0.000763,0.020763,0.026309,-0.006353,-0.062896,0.265262,-0.503256,0.173696,-0.346904
5,155.674086,88,4.400000,0.019883,0.021393,0.028196,-0.042128,-0.036502,-0.043989,0.999814,0.001819,0.000619,0.019191,0.001131,0.002269,-0.072757,0.265207,-0.580573,0.265847,-0.246688
5,155.674086,89,4.450000,0.017776,0.019568,0.025996,-0.041486,-0.038277,-0.043368,0.999847,0.001845,0.000680,0.017372,-0.027891,0.015558,-0.079769,0.265156,-0.337628,0.421776,-0.121824
5,155.674086,90,4.500000,0.015702,0.017654,0.023828,-0.040787,-0.040077,-0.042842,0.999881,0.001140,0.001060,0.015379,-0.044725,0.036731,-0.083232,0.265125,-0.240651,0.212947,-0.054057
5,155.674086,91,4.550000,0.013663,0.015650,0.021686,-0.039729,-0.041180,-0.042373,0.999910,0.000006,0.001964,0.013301,-0.056642,0.047520,-0.084768,0.265095,-0.099561,-0.054967,0.028518
5,155.674086,92,4.600000,0.011676,0.013591,0.019567,-0.037801,-0.041160,-0.041959,0.999932,-0.001430,0.003133,0.011185,-0.061467,0.044954,-0.083958,0.265071,0.070264,-0.297512,0.122598
5,155.674086,93,4.650000,0.009786,0.011533,0.017469,-0.034741,-0.039721,-0.041598,0.999945,-0.002986,0.004236,0.009089,-0.057811,0.030274,-0.080473,0.265054,0.231248,-0.397188,0.225777
5,155.674086,94,4.700000,0.008049,0.009547,0.015389,-0.030610,-0.036753,-0.041284,0.999953,-0.004447,0.004974,0.007081,-0.046156,0.010591,-0.074055,0.265043,0.275774,-0.149520,0.336853
5,155.674086,95,4.750000,0.006518,0.007710,0.013325,-0.025758,-0.032353,-0.041007,0.999957,-0.005611,0.005222,0.005235,-0.032337,0.003245,-0.064480,0.265014,0.396373,-0.180533,0.375369
5,155.674086,96,4.800000,0.005231,0.006092,0.011275,-0.020662,-0.026819,-0.040798,0.999959,-0.006429,0.005290,0.003626,-0.012511,-0.005703,-0.053811,0.265020,0.433099,-0.154888,0.414525
5,155.674086,97,4.850000,0.004197,0.004751,0.009235,-0.015492,-0.020490,-0.040588,0.999961,-0.006748,0.005138,0.002284,0.009133,-0.013422,-0.042028,0.265036,0.324093,-0.070972,0.452583
5,155.674086,98,4.900000,0.003423,0.003726,0.007205,-0.010464,-0.013855,-0.040351,0.999966,-0.006524,0.004796,0.001234,0.025316,-0.016985,-0.029163,0.265042,0.021825,0.067092,0.488201
5,155.674086,99,4.950000,0.002900,0.003034,0.005188,-0.005765,-0.007445,-0.040096,0.999973,-0.005894,0.004367,0.000505,0.026388,-0.013658,-0.015286,0.286566,-0.511437,0.263171,0.520464
5,155.674086,100,5.000000,0.002611,0.002661,0.003183,-0.001133,-0.001186,0.000024,0.999978,-0.005236,0.004024,0.000122,0.000809,-0.000515,-0.000492,0,0,0,0
6,160.476336,0,0.000000,1.014380,1.039160,0.933118,-0.004856,0.000954,-0.061340,0.999983,0.001082,-0.001672,-0.005562,0.000000,0.000000,0.000000,0.080000,11.017539,-10.189071,-0.669822
6,160.476336,1,0.050000,1.014138,1.039208,0.930051,-0.005353,0.000636,-0.403693,0.999983,0.001082,-0.001672,-0.005562,0.550877,-0.509454,-0.019039,0.080000,4.491560,-4.063399,-0.602544
6,160.476336,2,0.100000,1.013870,1.039240,0.909866,-0.005851,0.000318,-0.746046,0.999768,0.014781,-0.014482,-0.006028,0.775087,-0.713022,-0.036167,0.248102,-0.065571,0.186421,-0.537291
6,160.476336,3,0.150000,1.013577,1.039256,0.872564,-0.019237,-0.013180,-0.777491,0.998871,0.034047,-0.032395,-0.006912,0.770830,-0.704764,-0.051439,0.330417,-2.833494,2.738303,-0.477386
6,160.476336,4,0.200000,1.012616,1.038597,0.833689,-0.059124,-0.054525,-0.658811,0.997295,0.053198,-0.050067,-0.008169,0.627779,-0.569354,-0.065008,0.333658,-4.271602,3.994551,-0.424012
6,160.476336,5,0.250000,1.009659,1.035870,0.800749,-0.121365,-0.119582,-0.538021,0.995509,0.068799,-0.064290,-0.009759,0.412794,-0.371175,-0.077061,0.317143,-4.745194,4.336253,-0.376059
6,160.476336,6,0.300000,1.003591,1.029891,0.773848,-0.197329,-0.199294,-0.451634,0.994086,0.079098,-0.073488,-0.011651,0.174449,-0.155570,-0.087750,0.295218,-4.560669,4.071484,-0.332411
6,160.476336,7,0.350000,0.993725,1.019927,0.751266,-0.278214,-0.284332,-0.408181,0.993410,0.083548,-0.077230,-0.013819,-0.054103,0.047423,-0.097199,0.276331,-3.965182,3.444378,-0.292273
6,160.476336,8,0.400000,0.979814,1.005710,0.730857,-0.357916,-0.368184,-0.400205,0.993577,0.082408,-0.075830,-0.016238,-0.252187,0.219842,-0.105507,0.264230,-3.143892,2.635301,-0.255232
6,160.476336,9,0.450000,0.961918,0.987301,0.710847,-0.432959,-0.447108,-0.413663,0.994432,0.076430,-0.070047,-0.018883,-0.408501,0.352617,-0.112761,0.259250,-2.232540,1.773777,-0.221183
6,160.476336,10,0.500000,0.940270,0.964945,0.690164,-0.501228,-0.518816,-0.434391,0.995682,0.066632,-0.060867,-0.021726,-0.518619,0.443054,-0.119049,0.259762,-1.321440,0.941942,-0.190178
6,160.476336,11,0.550000,0.915209,0.939005,0.668444,-0.560927,-0.581373,-0.451686,0.997006,0.054136,-0.049351,-0.024737,-0.582689,0.492494,-0.124454,0.263462,-0.478840,0.199390,-0.162263
6,160.476336,12,0.600000,0.887162,0.909936,0.645860,-0.610246,-0.632849,-0.459529,0.998139,0.040063,-0.036540,-0.027886,-0.604305,0.505216,-0.129067,0.268223,0.250078,-0.417730,-0.137352
6,160.476336,13,0.650000,0.856650,0.878294,0.622883,-0.647587,-0.671563,-0.456241,0.998917,0.025449,-0.023378,-0.031146,-0.589326,0.487289,-0.132971,0.272518,0.838714,-0.891639,-0.115175
6,160.476336,14,0.700000,0.824271,0.844715,0.600071,-0.671957,-0.696486,-0.443282,0.999285,0.011187,-0.010663,-0.034495,-0.544932,0.445681,-0.136245,0.275518,1.275380,-1.218734,-0.095263
6,160.476336,15,0.750000,0.790673,0.809891,0.577907,-0.683225,-0.707518,-0.423807,0.999279,-0.002006,0.000979,-0.037913,-0.478858,0.387562,-0.138952,0.276987,1.568366,-1.413608,-0.077052
6,160.476336,16,0.800000,0.756512,0.774515,0.556717,-0.682143,-0.705500,-0.401373,0.998989,-0.013603,0.011106,-0.041387,-0.398396,0.319407,-0.141143,0.277107,1.727054,-1.491132,-0.059839
6,160.476336,17,0.850000,0.722405,0.739240,0.536648,-0.670178,-0.692025,-0.379028,0.998531,-0.023259,0.019446,-0.044906,-0.310332,0.246985,-0.142843,0.276268,1.766784,-1.470487,-0.042904
6,160.476336,18,0.900000,0.688896,0.704639,0.517697,-0.649241,-0.669154,-0.358861,0.998015,-0.030797,0.025875,-0.048462,-0.220654,0.175143,-0.144063,0.274921,1.706443,-1.372715,-0.025581
6,160.476336,19,0.950000,0.656434,0.671181,0.499754,-0.621427,-0.639135,-0.341896,0.997526,-0.036182,0.030401,-0.052047,-0.134375,0.107713,-0.144790,0.273466,1.566524,-1.218807,-0.007314
6,160.476336,20,1.000000,0.625362,0.639224,0.482659,-0.588805,-0.604182,-0.328239,0.997118,-0.039502,0.033130,-0.055652,-0.055456,0.047511,-0.144998,0.272189,1.371236,-1.031005,0.012274
6,160.476336,21,1.050000,0.595922,0.609015,0.466247,-0.553286,-0.566332,-0.317366,0.996814,-0.040938,0.034248,-0.059267,0.013367,-0.003734,-0.144649,0.271241,1.140196,-0.826482,0.033398
6,160.476336,22,1.100000,0.568258,0.580699,0.450379,-0.516552,-0.527376,-0.308430,0.996610,-0.040734,0.033987,-0.062879,0.070356,-0.045131,-0.143700,0.270653,0.891228,-0.619550,0.056088
6,160.476336,23,1.150000,0.542430,0.554330,0.434957,-0.480031,-0.488824,-0.300543,0.996486,-0.039174,0.032606,-0.066473,0.114671,-0.076492,-0.142106,0.270373,0.639845,-0.421479,0.080193
6,160.476336,24,1.200000,0.518429,0.529889,0.419930,-0.444888,-0.451904,-0.292954,0.996412,-0.036560,0.030370,-0.070031,0.146251,-0.098185,-0.139826,0.270303,0.398939,-0.240565,0.105414
6,160.476336,25,1.250000,0.496184,0.507294,0.405282,-0.412030,-0.417563,-0.285154,0.996360,-0.033194,0.027540,-0.073534,0.165677,-0.110989,-0.136830,0.270337,0.178643,-0.082369,0.131333
6,160.476336,26,1.300000,0.475583,0.486416,0.391025,-0.382112,-0.386476,-0.276892,0.996304,-0.029365,0.024357,-0.076963,0.174033,-0.115968,-0.133097,0.270384,-0.013667,0.049927,0.157456
6,160.476336,27,1.350000,0.456477,0.467092,0.377180,-0.355548,-0.359055,-0.268139,0.996227,-0.025334,0.021035,-0.080297,0.172764,-0.114351,-0.128621,0.270380,-0.173241,0.155105,0.183259
6,160.476336,28,1.400000,0.438700,0.449139,0.363773,-0.332525,-0.335472,-0.259021,0.996120,-0.021328,0.017758,-0.083517,0.163543,-0.107439,-0.123412,0.270295,-0.297726,0.233482,0.208229
6,160.476336,29,1.450000,0.422073,0.432365,0.350822,-0.313033,-0.315688,-0.249746,0.995980,-0.017534,0.014675,-0.086605,0.148154,-0.096531,-0.117493,0.270125,-0.386849,0.286500,0.231898
6,160.476336,30,1.500000,0.406422,0.416581,0.338335,-0.296891,-0.299487,-0.240537,0.995812,-0.014097,0.011899,-0.089541,0.128381,-0.082866,-0.110901,0.269888,-0.442061,0.316351,0.253870
6,160.476336,31,1.550000,0.391577,0.401607,0.326308,-0.283784,-0.286520,-0.231584,0.995623,-0.011120,0.009510,-0.092310,0.105929,-0.067589,-0.103685,0.269610,-0.466153,0.325674,0.273834
6,160.476336,32,1.600000,0.377388,0.387281,0.314729,-0.273305,-0.276342,-0.223020,0.995421,-0.008663,0.007554,-0.094896,0.082356,-0.051722,-0.095902,0.269321,-0.462881,0.317328,0.291572
6,160.476336,33,1.650000,0.363723,0.373464,0.303578,-0.264984,-0.268455,-0.214909,0.995215,-0.006755,0.006051,-0.097286,0.059023,-0.036156,-0.087614,0.269047,-0.436639,0.294238,0.306950
6,160.476336,34,1.700000,0.350474,0.360041,0.292832,-0.258328,-0.262342,-0.207256,0.995014,-0.005387,0.004993,-0.099469,0.037071,-0.021640,-0.078889,0.268803,-0.392168,0.259324,0.319911
6,160.476336,35,1.750000,0.337557,0.346924,0.282470,-0.252849,-0.257500,-0.200026,0.994823,-0.004529,0.004352,-0.101433,0.017398,-0.008785,-0.069795,0.268600,-0.334343,0.215490,0.330453
6,160.476336,36,1.800000,0.324915,0.334049,0.272468,-0.248085,-0.253457,-0.193159,0.994647,-0.004126,0.004081,-0.103169,0.000657,0.001944,-0.060402,0.268436,-0.268000,0.165657,0.338614
6,160.476336,37,1.850000,0.312510,0.321376,0.262810,-0.243626,-0.249795,-0.186589,0.994490,-0.004111,0.004122,-0.104671,-0.012738,0.010225,-0.050777,0.268305,-0.197797,0.112791,0.344459
6,160.476336,38,1.900000,0.300329,0.308886,0.253481,-0.239125,-0.246162,-0.180261,0.994354,-0.004406,0.004404,-0.105933,-0.022608,0.015889,-0.040986,0.268199,-0.128091,0.059902,0.348066
6,160.476336,39,1.950000,0.288373,0.296578,0.244468,-0.234311,-0.242273,-0.174135,0.994240,-0.004931,0.004854,-0.106951,-0.028988,0.018919,-0.031093,0.268105,-0.062805,0.009995,0.349523
6,160.476336,40,2.000000,0.276657,0.284464,0.235761,-0.228995,-0.237921,-0.168192,0.994150,-0.005604,0.005398,-0.107723,-0.032106,0.019453,-0.021158,0.268016,-0.005278,-0.034055,0.348926
6,160.476336,41,2.050000,0.265208,0.272568,0.227352,-0.223069,-0.232968,-0.162427,0.994086,-0.006353,0.005965,-0.108247,-0.032354,0.017776,-0.011240,0.267923,0.041875,-0.069673,0.346390
6,160.476336,42,2.100000,0.254054,0.260920,0.219230,-0.216502,-0.227342,-0.156847,0.994047,-0.007110,0.006493,-0.108524,-0.030253,0.014307,-0.001393,0.267826,0.076902,-0.094789,0.342057
6,160.476336,43,2.150000,0.243229,0.249553,0.211388,-0.209334,-0.221030,-0.151466,0.994035,-0.007824,0.006930,-0.108557,-0.026407,0.009569,0.008329,0.267722,0.099021,-0.108039,0.336112
6,160.476336,44,2.200000,0.232762,0.238501,0.203815,-0.201661,-0.214065,-0.146293,0.994051,-0.008452,0.007241,-0.108347,-0.021459,0.004158,0.017883,0.267615,0.108489,-0.108952,0.328789
6,160.476336,45,2.250000,0.222679,0.227798,0.196500,-0.193619,-0.206514,-0.141333,0.994094,-0.008971,0.007407,-0.107899,-0.016037,-0.001304,0.027229,0.267507,0.106626,-0.098085,0.320385
6,160.476336,46,2.300000,0.212998,0.217472,0.189433,-0.185365,-0.198470,-0.136584,0.994164,-0.009368,0.007424,-0.107219,-0.010705,-0.006225,0.036336,0.267401,0.095796,-0.077117,0.311249
6,160.476336,47,2.350000,0.203730,0.207549,0.182604,-0.177061,-0.190035,-0.132039,0.994259,-0.009644,0.007306,-0.106313,-0.005906,-0.010095,0.045183,0.267300,0.079361,-0.048911,0.301772
6,160.476336,48,2.400000,0.194877,0.198047,0.176002,-0.168855,-0.181311,-0.127685,0.994379,-0.009810,0.007082,-0.105186,-0.001921,-0.012551,0.053761,0.267204,0.061592,-0.017554,0.292355
6,160.476336,49,2.450000,0.186434,0.188982,0.169618,-0.160865,-0.172395,-0.123506,0.994521,-0.009881,0.006788,-0.103846,0.001184,-0.013432,0.062071,0.267115,0.047539,0.011647,0.283366
6,160.476336,50,2.500000,0.178391,0.180362,0.163443,-0.153171,-0.163370,-0.119491,0.994684,-0.009876,0.006466,-0.102300,0.003593,-0.012847,0.070125,0.267031,0.042776,0.032286,0.275095
6,160.476336,51,2.550000,0.170732,0.172193,0.157468,-0.145811,-0.154310,-0.115628,0.994864,-0.009808,0.006155,-0.100553,0.005766,-0.011223,0.077945,0.266950,0.052815,0.037378,0.267709
6,160.476336,52,2.600000,0.163442,0.164478,0.151687,-0.138782,-0.145274,-0.111909,0.995061,-0.009681,0.005880,-0.098613,0.008440,-0.009337,0.085554,0.266871,0.081716,0.020894,0.261223
6,160.476336,53,2.650000,0.156503,0.157214,0.146091,-0.132055,-0.136326,-0.108331,0.995273,-0.009481,0.005648,-0.096483,0.012556,-0.008265,0.092980,0.266794,0.128556,-0.018325,0.255523
6,160.476336,54,2.700000,0.149900,0.150398,0.140675,-0.125596,-0.127540,-0.104888,0.995499,-0.009175,0.005434,-0.094169,0.019013,-0.009137,0.100243,0.266720,0.178505,-0.067449,0.250458
6,160.476336,55,2.750000,0.143620,0.144021,0.135430,-0.119399,-0.119023,-0.101574,0.995737,-0.008710,0.005185,-0.091674,0.027973,-0.012437,0.107362,0.266653,0.202629,-0.099704,0.245994
6,160.476336,56,2.800000,0.137650,0.138070,0.130352,-0.113512,-0.110927,-0.098373,0.995987,-0.008028,0.004834,-0.089002,0.038155,-0.017309,0.114354,0.266595,0.197557,-0.112051,0.242142
6,160.476336,57,2.850000,0.131975,0.132523,0.125433,-0.108052,-0.103456,-0.095266,0.996247,-0.007103,0.004341,-0.086156,0.048108,-0.022746,0.121237,0.266543,0.159807,-0.097820,0.238403
6,160.476336,58,2.900000,0.126572,0.127350,0.120670,-0.103178,-0.096840,-0.092236,0.996514,-0.005941,0.003693,-0.083137,0.056203,-0.027415,0.128014,0.266494,0.055664,-0.026077,0.234349
6,160.476336,59,2.950000,0.121413,0.122508,0.116058,-0.099058,-0.091300,-0.089276,0.996784,-0.004586,0.002912,-0.079948,0.059119,-0.028446,0.134675,0.266441,-0.043872,0.053816,0.228413
6,160.476336,60,3.000000,0.116460,0.117944,0.111594,-0.095832,-0.087019,-0.086396,0.997055,-0.003159,0.002100,-0.076593,0.057071,-0.025453,0.141167,0.266377,-0.126466,0.146624,0.219534
6,160.476336,61,3.050000,0.111669,0.113593,0.107274,-0.093527,-0.084070,-0.083620,0.997324,-0.001778,0.001368,-0.073074,0.050884,-0.017816,0.147408,0.266303,-0.232289,0.265460,0.207732
6,160.476336,62,3.100000,0.106992,0.109389,0.103093,-0.092054,-0.082420,-0.080971,0.997588,-0.000537,0.000837,-0.069400,0.039369,-0.004258,0.153312,0.266224,-0.272126,0.308193,0.191747
6,160.476336,63,3.150000,0.102390,0.105268,0.099045,-0.091193,-0.081949,-0.078463,0.997847,0.000441,0.000665,-0.065576,0.025788,0.011380,0.158763,0.266152,-0.268206,0.282789,0.170710
6,160.476336,64,3.200000,0.097830,0.101171,0.095121,-0.090568,-0.082425,-0.076091,0.998099,0.001105,0.000905,-0.061616,0.012309,0.025675,0.163615,0.266091,-0.256569,0.214398,0.143398
6,160.476336,65,3.250000,0.093302,0.097049,0.091317,-0.089745,-0.083568,-0.073831,0.998341,0.001456,0.001522,-0.057532,-0.000679,0.036471,0.167691,0.266041,-0.220354,0.060172,0.108653
6,160.476336,66,3.300000,0.088814,0.092871,0.087625,-0.088331,-0.085086,-0.071666,0.998572,0.001498,0.002427,-0.053345,-0.011929,0.039476,0.170779,0.265998,-0.184427,-0.095845,0.066258
6,160.476336,67,3.350000,0.084398,0.088617,0.084042,-0.086022,-0.086687,-0.069585,0.998788,0.001263,0.003422,-0.049079,-0.021406,0.034606,0.172663,0.265957,-0.114756,-0.220547,0.015687
6,160.476336,68,3.400000,0.080097,0.084282,0.080563,-0.082716,-0.088095,-0.067586,0.998988,0.000786,0.004307,-0.044764,-0.027370,0.023439,0.173109,0.265917,-0.074930,-0.280528,-0.041248
6,160.476336,69,3.450000,0.075961,0.079878,0.077183,-0.078514,-0.089058,-0.065666,0.999170,0.000147,0.004919,-0.040437,-0.031271,0.009232,0.171936,0.265877,-0.118339,-0.225660,-0.102759
6,160.476336,70,3.500000,0.072035,0.075425,0.073900,-0.073679,-0.089398,-0.063824,0.999333,-0.000604,0.005181,-0.036138,-0.037248,-0.002255,0.169015,0.265841,-0.035460,-0.269289,-0.166998
6,160.476336,71,3.550000,0.068351,0.070955,0.070709,-0.068560,-0.088988,-0.062053,0.999476,-0.001514,0.005161,-0.031910,-0.039007,-0.015958,0.164269,0.265808,0.005731,-0.235260,-0.232479
6,160.476336,72,3.600000,0.064923,0.066505,0.067606,-0.063435,-0.087660,-0.060344,0.999599,-0.002481,0.004799,-0.027800,-0.038621,-0.027964,0.157660,0.265775,0.075402,-0.174741,-0.297906
6,160.476336,73,3.650000,0.061752,0.062122,0.064589,-0.058645,-0.085351,-0.058697,0.999701,-0.003446,0.004137,-0.023853,-0.034683,-0.036932,0.149193,0.265739,0.116498,-0.072353,-0.360354
6,160.476336,74,3.700000,0.058819,0.057855,0.061654,-0.054493,-0.082057,-0.057116,0.999783,-0.004320,0.003247,-0.020118,-0.028649,-0.040746,0.138950,0.265697,0.060385,0.107573,-0.417130
6,160.476336,75,3.750000,0.056095,0.053752,0.058798,-0.051213,-0.077872,-0.055613,0.999846,-0.005045,0.002258,-0.016638,-0.025415,-0.035519,0.127093,0.265654,0.158477,0.078758,-0.460064
6,160.476336,76,3.800000,0.053534,0.049858,0.056018,-0.048908,-0.072946,-0.054192,0.999892,-0.005688,0.001397,-0.013455,-0.017320,-0.031704,0.114016,0.265600,0.244925,0.015683,-0.492689
6,160.476336,77,3.850000,0.051089,0.046211,0.053308,-0.047459,-0.067370,-0.052874,0.999925,-0.006127,0.000627,-0.010600,-0.004936,-0.030994,0.100011,0.265549,0.321988,-0.067287,-0.510801
6,160.476336,78,3.900000,0.048716,0.042843,0.050665,-0.046779,-0.061350,-0.051654,0.999948,-0.006257,-0.000131,-0.008095,0.011281,-0.034377,0.085492,0.265506,0.362618,-0.076358,-0.510758
6,160.476336,79,3.950000,0.046377,0.039775,0.048082,-0.046858,-0.055197,-0.050514,0.999964,-0.005983,-0.000980,-0.005952,0.029523,-0.038159,0.070974,0.265472,0.369938,0.148296,-0.489557
6,160.476336,80,4.000000,0.044034,0.037015,0.045556,-0.047786,-0.049309,-0.049435,0.999976,-0.005252,-0.001927,-0.004171,0.048123,-0.030664,0.057058,0.265435,0.224597,0.177876,-0.470990
6,160.476336,81,4.050000,0.041644,0.034550,0.043084,-0.049660,-0.044138,-0.048419,0.999984,-0.004055,-0.002692,-0.002739,0.059419,-0.021666,0.043670,0.265420,-0.009001,0.235032,-0.434578
6,160.476336,82,4.100000,0.039162,0.032343,0.040663,-0.052295,-0.040145,-0.047424,0.999990,-0.002574,-0.003233,-0.001641,0.059005,-0.009816,0.031318,0.265403,-0.257597,0.308490,-0.380150
6,160.476336,83,4.150000,0.036547,0.030336,0.038292,-0.055468,-0.037610,-0.046454,0.999993,-0.001102,-0.003479,-0.000852,0.046137,0.005678,0.020512,0.265375,-0.401969,0.418789,-0.305941
6,160.476336,84,4.200000,0.033773,0.028455,0.035970,-0.058886,-0.036524,-0.045532,0.999994,0.000050,-0.003337,-0.000336,0.026034,0.026654,0.011816,0.265340,-0.251864,0.597222,-0.208988
6,160.476336,85,4.250000,0.030829,0.026629,0.033693,-0.062166,-0.036572,-0.044673,0.999996,0.000700,-0.002671,-0.000038,0.013429,0.056526,0.005875,0.265320,-0.270822,0.415876,-0.171568
6,160.476336,86,4.300000,0.027721,0.024800,0.031459,-0.064791,-0.037260,-0.043847,0.999999,0.001036,-0.001258,0.000111,-0.000125,0.077323,0.000999,0.265316,-0.259770,0.170200,-0.122614
6,160.476336,87,4.350000,0.024481,0.022937,0.029267,-0.066027,-0.038278,-0.043023,0.999999,0.001032,0.000675,0.000138,-0.013117,0.085833,-0.002487,0.265297,-0.208086,-0.079617,-0.065899
6,160.476336,88,4.400000,0.021180,0.021024,0.027116,-0.065363,-0.039292,-0.042232,0.999996,0.000704,0.002821,0.000078,-0.023513,0.081854,-0.004360,0.265254,-0.123377,-0.255593,-0.003339
6,160.476336,89,4.450000,0.017912,0.019059,0.025004,-0.062592,-0.039983,-0.041529,0.999988,0.000116,0.004867,-0.000028,-0.029668,0.069078,-0.004455,0.265195,-0.090837,-0.174330,0.064658
6,160.476336,90,4.500000,0.014782,0.017060,0.022928,-0.057811,-0.040097,-0.040951,0.999978,-0.000626,0.006594,-0.000135,-0.034198,0.060366,-0.002617,0.265144,0.057036,-0.421703,0.057870
6,160.476336,91,4.550000,0.011892,0.015055,0.020880,-0.051336,-0.039483,-0.040487,0.999966,-0.001482,0.008103,-0.000196,-0.031340,0.039285,-0.000972,0.265075,0.135940,-0.613277,0.050182
6,160.476336,92,4.600000,0.009325,0.013081,0.018856,-0.043380,-0.038030,-0.040174,0.999956,-0.002265,0.009086,-0.000216,-0.024542,0.008622,0.000455,0.265020,0.107913,-0.700665,0.041950
6,160.476336,93,4.650000,0.007156,0.011179,0.016847,-0.034462,-0.035808,-0.039982,0.999953,-0.002879,0.009301,-0.000199,-0.019146,-0.026412,0.001647,0.264997,-0.047949,-0.635576,0.034682
6,160.476336,94,4.700000,0.005433,0.009389,0.014848,-0.025333,-0.032985,-0.039840,0.999957,-0.003357,0.008641,-0.000152,-0.021542,-0.058192,0.002633,0.265003,-0.355975,-0.376869,0.030205
6,160.476336,95,4.750000,0.004166,0.007740,0.012856,-0.016852,-0.029692,-0.039677,0.999967,-0.003895,0.007187,-0.000076,-0.039335,-0.077037,0.003491,0.265002,-0.072321,-0.169987,0.001336
6,160.476336,96,4.800000,0.003323,0.006255,0.010872,-0.009798,-0.025870,-0.039499,0.999974,-0.004878,0.005261,0.000026,-0.042941,-0.085542,0.003529,0.265044,0.245309,0.134812,-0.019310
6,160.476336,97,4.850000,0.002833,0.004962,0.008897,-0.004633,-0.021081,-0.039227,0.999977,-0.005951,0.003123,0.000130,-0.030664,-0.078807,0.002981,0.265077,0.473753,0.473883,-0.033062
6,160.476336,98,4.900000,0.002602,0.003907,0.006936,-0.001568,-0.015238,-0.038888,0.999977,-0.006717,0.001153,0.000219,-0.006968,-0.055116,0.002041,0.265077,0.409005,0.688207,-0.043434
6,160.476336,99,4.950000,0.002523,0.003146,0.004992,-0.000437,-0.008644,-0.038550,0.999976,-0.006891,-0.000224,0.000279,0.013487,-0.020707,0.000806,0.285724,-0.247921,0.423694,-0.057828
6,160.476336,100,5.000000,0.002502,0.002713,0.003064,-0.000676,-0.001352,0.000018,0.999978,-0.006553,-0.000742,0.000303,0.001092,0.000479,-0.000838,0,0,0,0
7,156.269387,0,0.000000,1.016217,1.042467,0.898017,-0.005573,-0.000680,-0.071106,0.999959,0.001229,-0.001467,-0.008878,0.000000,0.000000,0.000000,0.080000,11.250664,-10.145714,-0.685138
7,156.269387,1,0.050000,1.015939,1.042433,0.894462,-0.006011,-0.001041,-0.413459,0.999959,0.001229,-0.001467,-0.008878,0.562533,-0.507286,-0.019475,0.080000,4.514239,-4.048474,-0.594077
7,156.269387,2,0.100000,1.015638,1.042381,0.873789,-0.006449,-0.001401,-0.755812,0.999739,0.015177,-0.014270,-0.009358,0.787870,-0.710125,-0.036361,0.267303,-0.117151,0.148310,-0.517801
7,156.269387,3,0.150000,1.015316,1.042311,0.835998,-0.020714,-0.016290,-0.751736,0.998827,0.034703,-0.032178,-0.010252,0.781033,-0.703797,-0.051080,0.330261,-2.939867,2.694048,-0.455781
7,156.269387,4,0.200000,1.014280,1.041496,0.798411,-0.060463,-0.058285,-0.633381,0.997225,0.054048,-0.049891,-0.011506,0.632675,-0.570609,-0.064035,0.333377,-4.388478,3.960622,-0.405047
7,156.269387,5,0.250000,1.011257,1.038582,0.766742,-0.122661,-0.124125,-0.513196,0.995413,0.069721,-0.064197,-0.013081,0.411864,-0.374115,-0.075548,0.316665,-4.843473,4.316433,-0.361874
7,156.269387,6,0.300000,1.005124,1.032376,0.741082,-0.198678,-0.204536,-0.427815,0.993972,0.079961,-0.073503,-0.014951,0.168618,-0.159474,-0.085834,0.294579,-4.632439,4.072485,-0.323970
7,156.269387,7,0.350000,0.995190,1.022149,0.719692,-0.279694,-0.290051,-0.385668,0.993291,0.084248,-0.077356,-0.017092,-0.063523,0.043601,-0.095043,0.275646,-4.009028,3.465077,-0.290259
7,156.269387,8,0.400000,0.981205,1.007647,0.700408,-0.359607,-0.374133,-0.379067,0.993463,0.082872,-0.076046,-0.019483,-0.263818,0.217084,-0.103294,0.263590,-3.161780,2.669219,-0.260351
7,156.269387,9,0.450000,0.963225,0.988940,0.681455,-0.434939,-0.453063,-0.393788,0.994333,0.076619,-0.070309,-0.022100,-0.421056,0.351579,-0.110694,0.258714,-2.228153,1.812205,-0.234085
7,156.269387,10,0.500000,0.941478,0.966287,0.661765,-0.503549,-0.524574,-0.415549,0.995599,0.066534,-0.061118,-0.024916,-0.530986,0.443958,-0.117348,0.259357,-1.298610,0.976909,-0.211259
7,156.269387,11,0.550000,0.916300,0.940058,0.640988,-0.563592,-0.586742,-0.433599,0.996934,0.053766,-0.049535,-0.027905,-0.593940,0.495168,-0.123353,0.263181,-0.441533,0.224421,-0.191403
7,156.269387,12,0.600000,0.888121,0.910721,0.619308,-0.613190,-0.637642,-0.441936,0.998068,0.039453,-0.036606,-0.031043,-0.613698,0.509170,-0.128793,0.268034,0.298100,-0.407057,-0.173822
7,156.269387,13,0.650000,0.857461,0.878839,0.597211,-0.650675,-0.675604,-0.438952,0.998836,0.024649,-0.023294,-0.034309,-0.596304,0.491817,-0.133734,0.272377,0.894173,-0.897740,-0.157699
7,156.269387,14,0.700000,0.824928,0.845059,0.575264,-0.675000,-0.699635,-0.426211,0.999183,0.010256,-0.010417,-0.037686,-0.549099,0.449956,-0.138217,0.275379,1.335793,-1.242466,-0.142214
7,156.269387,15,0.750000,0.791178,0.810077,0.553953,-0.686009,-0.709687,-0.406967,0.999147,-0.003000,0.001376,-0.041159,-0.479950,0.390713,-0.142259,0.276816,1.627650,-1.449895,-0.126663
7,156.269387,16,0.800000,0.756877,0.774592,0.533605,-0.684474,-0.706672,-0.384857,0.998825,-0.014589,0.011617,-0.044720,-0.396458,0.320810,-0.145860,0.276879,1.779768,-1.533849,-0.110485
7,156.269387,17,0.850000,0.722653,0.739259,0.514362,-0.671906,-0.692261,-0.362975,0.998337,-0.024171,0.020016,-0.048360,-0.305693,0.246312,-0.149000,0.275981,1.808244,-1.513041,-0.093299
7,156.269387,18,0.900000,0.689058,0.704646,0.496213,-0.650285,-0.668586,-0.343406,0.997794,-0.031575,0.026442,-0.052071,-0.213888,0.172388,-0.151652,0.274590,1.732725,-1.408523,-0.074899
7,156.269387,19,0.950000,0.656544,0.671217,0.479043,-0.621781,-0.637945,-0.327131,0.997283,-0.036785,0.030900,-0.055847,-0.126260,0.103193,-0.153781,0.273118,1.574311,-1.241628,-0.055228
7,156.269387,20,1.000000,0.625455,0.639319,0.462686,-0.588532,-0.602581,-0.314192,0.996857,-0.039907,0.033507,-0.059678,-0.046942,0.041849,-0.155351,0.271852,1.362871,-1.039340,-0.034395
7,156.269387,21,1.050000,0.596028,0.609190,0.446977,-0.552503,-0.564540,-0.303996,0.996534,-0.041145,0.034464,-0.063551,0.021448,-0.009842,-0.156329,0.270936,1.118856,-0.820105,-0.012562
7,156.269387,22,1.100000,0.568403,0.580963,0.431777,-0.515415,-0.525594,-0.295653,0.996309,-0.040760,0.034024,-0.067454,0.077333,-0.050974,-0.156686,0.270390,0.860607,-0.599503,0.010029
7,156.269387,23,1.150000,0.542632,0.554684,0.416994,-0.478714,-0.487224,-0.288255,0.996156,-0.039053,0.032464,-0.071370,0.120060,-0.081409,-0.156401,0.270147,0.603826,-0.389969,0.033068
7,156.269387,24,1.200000,0.518697,0.530322,0.402581,-0.443569,-0.450618,-0.281062,0.996046,-0.036335,0.030069,-0.075281,0.149768,-0.101620,-0.155461,0.270105,0.361315,-0.200779,0.056186
7,156.269387,25,1.250000,0.496518,0.507791,0.388528,-0.410870,-0.416677,-0.273592,0.995948,-0.032913,0.027115,-0.079171,0.167234,-0.112543,-0.153864,0.270153,0.142898,-0.038232,0.078974
7,156.269387,26,1.300000,0.475975,0.486958,0.374849,-0.381242,-0.386028,-0.265628,0.995838,-0.029075,0.023855,-0.083022,0.173722,-0.115431,-0.151619,0.270202,-0.044498,0.094040,0.101000
7,156.269387,27,1.350000,0.456912,0.467656,0.361567,-0.355053,-0.359034,-0.257170,0.995698,-0.025080,0.020510,-0.086814,0.170833,-0.111728,-0.148748,0.270192,-0.196654,0.194689,0.121835
7,156.269387,28,1.400000,0.439160,0.449705,0.348709,-0.332438,-0.335826,-0.248366,0.995519,-0.021146,0.017265,-0.090533,0.160369,-0.102958,-0.145285,0.270098,-0.311791,0.264248,0.141084
7,156.269387,29,1.450000,0.422538,0.432913,0.336290,-0.313329,-0.316331,-0.239430,0.995302,-0.017450,0.014262,-0.094162,0.144212,-0.090630,-0.141274,0.269922,-0.390267,0.304740,0.158413
7,156.269387,30,1.500000,0.406871,0.417097,0.324319,-0.297496,-0.300311,-0.230582,0.995049,-0.014125,0.011606,-0.097687,0.124213,-0.076166,-0.136772,0.269684,-0.434246,0.319327,0.173576
7,156.269387,31,1.550000,0.391997,0.402081,0.312790,-0.284583,-0.287404,-0.222000,0.994769,-0.011261,0.009359,-0.101097,0.102105,-0.060845,-0.131838,0.269413,-0.447363,0.312008,0.186431
7,156.269387,32,1.600000,0.377768,0.387711,0.301690,-0.274157,-0.277171,-0.213801,0.994469,-0.008906,0.007551,-0.104382,0.079433,-0.045755,-0.126539,0.269136,-0.434376,0.287346,0.196951
7,156.269387,33,1.650000,0.364060,0.373852,0.291000,-0.265745,-0.269129,-0.206037,0.994157,-0.007074,0.006178,-0.107532,0.057494,-0.031769,-0.120940,0.268877,-0.400808,0.250217,0.205220
7,156.269387,34,1.700000,0.350772,0.360396,0.280698,-0.258872,-0.262787,-0.198705,0.993841,-0.005749,0.005212,-0.110540,0.037308,-0.019523,-0.115107,0.268649,-0.352576,0.205561,0.211428
7,156.269387,35,1.750000,0.337829,0.347257,0.270763,-0.253085,-0.257675,-0.191768,0.993526,-0.004891,0.004607,-0.113402,0.019594,-0.009407,-0.109097,0.268458,-0.295611,0.158121,0.215852
7,156.269387,36,1.800000,0.325175,0.334373,0.261174,-0.247982,-0.253362,-0.185169,0.993217,-0.004444,0.004305,-0.116112,0.004774,-0.001583,-0.102962,0.268301,-0.235489,0.112185,0.218837
7,156.269387,37,1.850000,0.312776,0.321705,0.251916,-0.243221,-0.249473,-0.178853,0.992915,-0.004341,0.004240,-0.118669,-0.007006,0.004008,-0.096741,0.268174,-0.177103,0.071347,0.220778
7,156.269387,38,1.900000,0.300614,0.309231,0.242973,-0.238527,-0.245692,-0.172772,0.992624,-0.004513,0.004350,-0.121069,-0.015847,0.007601,-0.090466,0.268065,-0.124373,0.038289,0.222096
7,156.269387,39,1.950000,0.288688,0.296947,0.234335,-0.233698,-0.241767,-0.166893,0.992345,-0.004893,0.004576,-0.123313,-0.022039,0.009570,-0.084153,0.267969,-0.080026,0.014619,0.223230
7,156.269387,40,2.000000,0.277003,0.284858,0.225990,-0.228592,-0.237507,-0.161199,0.992080,-0.005420,0.004871,-0.125399,-0.026010,0.010371,-0.077808,0.267877,-0.045440,0.000758,0.224620
7,156.269387,41,2.050000,0.265574,0.272983,0.217930,-0.223123,-0.232779,-0.155684,0.991829,-0.006042,0.005200,-0.127327,-0.028252,0.010486,-0.071423,0.267786,-0.020556,-0.004126,0.226696
7,156.269387,42,2.100000,0.254418,0.261344,0.210146,-0.217245,-0.227491,-0.150348,0.991594,-0.006719,0.005539,-0.129096,-0.029251,0.010356,-0.064979,0.267694,-0.003841,-0.002145,0.229860
7,156.269387,43,2.150000,0.243555,0.249969,0.202628,-0.210939,-0.221595,-0.145194,0.991376,-0.007419,0.005879,-0.130704,-0.029417,0.010321,-0.058445,0.267600,0.007691,0.003292,0.234470
7,156.269387,44,2.200000,0.233008,0.238890,0.195369,-0.204202,-0.215067,-0.140227,0.991177,-0.008123,0.006220,-0.132150,-0.029010,0.010551,-0.051781,0.267506,0.018383,0.007497,0.240814
7,156.269387,45,2.250000,0.222798,0.228136,0.188357,-0.197030,-0.207904,-0.135448,0.990997,-0.008815,0.006567,-0.133430,-0.028070,0.010983,-0.044936,0.267412,0.033704,0.004630,0.249082
7,156.269387,46,2.300000,0.212947,0.217741,0.181585,-0.189420,-0.200120,-0.130860,0.990838,-0.009481,0.006923,-0.134541,-0.026366,0.011262,-0.037856,0.267318,0.059665,-0.011779,0.259346
7,156.269387,47,2.350000,0.203476,0.207735,0.175042,-0.181365,-0.191740,-0.126463,0.990702,-0.010103,0.007281,-0.135477,-0.023367,0.010711,-0.030484,0.267222,0.101403,-0.047304,0.271555
7,156.269387,48,2.400000,0.194407,0.198148,0.168719,-0.172871,-0.182810,-0.122261,0.990591,-0.010651,0.007618,-0.136231,-0.018284,0.008373,-0.022765,0.267124,0.159604,-0.102709,0.285570
7,156.269387,49,2.450000,0.185764,0.189008,0.162606,-0.163970,-0.173398,-0.118256,0.990506,-0.011080,0.007882,-0.136793,-0.010297,0.003253,-0.014648,0.267025,0.221447,-0.164800,0.301279
7,156.269387,50,2.500000,0.177565,0.180338,0.156693,-0.154750,-0.163611,-0.114449,0.990453,-0.011327,0.007993,-0.137155,0.000777,-0.004981,-0.006084,0.266927,0.260035,-0.206341,0.318735
7,156.269387,51,2.550000,0.169828,0.172157,0.150971,-0.145387,-0.153604,-0.110829,0.990433,-0.011326,0.007866,-0.137304,0.013778,-0.015298,0.002976,0.266841,0.273357,-0.223595,0.338048
7,156.269387,52,2.600000,0.162559,0.164477,0.145429,-0.136151,-0.143585,-0.107367,0.990450,-0.011036,0.007440,-0.137229,0.027448,-0.026476,0.012585,0.266769,0.258071,-0.209220,0.358733
7,156.269387,53,2.650000,0.155751,0.157298,0.140061,-0.127374,-0.133794,-0.104026,0.990505,-0.010445,0.006694,-0.136915,0.040364,-0.036924,0.022782,0.266712,0.179352,-0.131631,0.380271
7,156.269387,54,2.700000,0.149382,0.150608,0.134859,-0.119411,-0.124479,-0.100768,0.990599,-0.009568,0.005648,-0.136348,0.049363,-0.043471,0.033591,0.266667,0.105434,-0.039250,0.400872
7,156.269387,55,2.750000,0.143412,0.144384,0.129821,-0.112597,-0.115878,-0.097562,0.990730,-0.008489,0.004411,-0.135512,0.054690,-0.045371,0.044986,0.266620,0.044757,0.072937,0.419024
7,156.269387,56,2.800000,0.137782,0.138590,0.124943,-0.107146,-0.108163,-0.094413,0.990896,-0.007283,0.003111,-0.134394,0.057006,-0.041630,0.056896,0.266565,-0.046783,0.218323,0.434279
7,156.269387,57,2.850000,0.132425,0.133182,0.120222,-0.103136,-0.101451,-0.091336,0.991099,-0.006007,0.001899,-0.132981,0.054757,-0.030591,0.069240,0.266500,-0.084439,0.295377,0.444929
7,156.269387,58,2.900000,0.127268,0.128109,0.115655,-0.100490,-0.095824,-0.088357,0.991336,-0.004748,0.000969,-0.131263,0.050615,-0.015678,0.081887,0.266428,-0.094127,0.310954,0.449515
7,156.269387,59,2.950000,0.122243,0.123318,0.111238,-0.098927,-0.091305,-0.085495,0.991608,-0.003543,0.000424,-0.129233,0.045957,0.000027,0.094665,0.266356,-0.112941,0.287866,0.446360
7,156.269387,60,3.000000,0.117297,0.118753,0.106963,-0.098060,-0.087892,-0.082755,0.991914,-0.002403,0.000285,-0.126886,0.040310,0.014585,0.107352,0.266289,-0.122968,0.179821,0.433926
7,156.269387,61,3.050000,0.112394,0.114358,0.102825,-0.097481,-0.085577,-0.080133,0.992253,-0.001356,0.000525,-0.124224,0.034102,0.023740,0.119686,0.266227,-0.145939,0.065626,0.411544
7,156.269387,62,3.100000,0.107520,0.110079,0.098818,-0.096801,-0.084315,-0.077623,0.992621,-0.000435,0.001012,-0.121256,0.026698,0.027177,0.131384,0.266166,-0.141832,-0.027732,0.378302
7,156.269387,63,3.150000,0.102680,0.105864,0.094937,-0.095758,-0.084010,-0.075225,0.993013,0.000313,0.001607,-0.117996,0.019470,0.025923,0.142138,0.266107,-0.167341,-0.072304,0.335620
7,156.269387,64,3.200000,0.097892,0.101663,0.091176,-0.094222,-0.084503,-0.072937,0.993424,0.000879,0.002192,-0.114467,0.010964,0.022413,0.151677,0.266048,-0.269915,-0.020748,0.284992
7,156.269387,65,3.250000,0.093181,0.097438,0.087529,-0.092175,-0.085610,-0.070761,0.993849,0.001223,0.002714,-0.110699,-0.002661,0.021439,0.159778,0.265990,-0.236199,-0.086890,0.227897
7,156.269387,66,3.300000,0.088572,0.093158,0.083991,-0.089652,-0.087104,-0.068695,0.994282,0.001227,0.003249,-0.106728,-0.014601,0.017078,0.166256,0.265946,-0.231369,-0.095784,0.165130
7,156.269387,67,3.350000,0.084090,0.088802,0.080556,-0.086599,-0.088648,-0.066714,0.994716,0.000924,0.003707,-0.102593,-0.026277,0.012197,0.170950,0.265908,-0.179989,-0.096355,0.097847
7,156.269387,68,3.400000,0.079760,0.084370,0.077221,-0.083060,-0.089927,-0.064805,0.995145,0.000317,0.004074,-0.098338,-0.035356,0.007208,0.173731,0.265878,-0.136479,-0.068560,0.028786
7,156.269387,69,3.450000,0.075607,0.079874,0.073980,-0.079098,-0.090632,-0.062956,0.995562,-0.000527,0.004339,-0.094011,-0.042227,0.003547,0.174549,0.265849,-0.168806,0.031110,-0.039284
7,156.269387,70,3.500000,0.071652,0.075342,0.070833,-0.074796,-0.090518,-0.061162,0.995961,-0.001551,0.004529,-0.089661,-0.050691,0.004823,0.173433,0.265820,-0.028654,-0.074087,-0.097961
7,156.269387,71,3.550000,0.067912,0.070816,0.067775,-0.070219,-0.089397,-0.059425,0.996337,-0.002782,0.004769,-0.085337,-0.052156,0.000785,0.170648,0.265784,0.112704,-0.204596,-0.150611
7,156.269387,72,3.600000,0.064401,0.066346,0.064803,-0.065308,-0.087068,-0.057763,0.996687,-0.004059,0.004912,-0.081079,-0.046526,-0.009783,0.166367,0.265737,0.258742,-0.341115,-0.192181
7,156.269387,73,3.650000,0.061136,0.061993,0.061915,-0.060166,-0.083478,-0.056198,0.997012,-0.005218,0.004779,-0.076926,-0.033527,-0.027132,0.160905,0.265686,0.380725,-0.384578,-0.218255
7,156.269387,74,3.700000,0.058127,0.057819,0.059105,-0.055082,-0.078721,-0.054736,0.997311,-0.006087,0.004188,-0.072907,-0.014325,-0.046566,0.154701,0.265640,0.476933,-0.169757,-0.225128
7,156.269387,75,3.750000,0.055373,0.053883,0.056368,-0.050536,-0.073049,-0.053365,0.997588,-0.006512,0.003077,-0.069041,0.009795,-0.055138,0.148302,0.265597,0.416957,-0.119407,-0.235673
7,156.269387,76,3.800000,0.052846,0.050230,0.053700,-0.047074,-0.066867,-0.052070,0.997842,-0.006352,0.001709,-0.065334,0.030953,-0.061053,0.141603,0.265567,0.244579,-0.008307,-0.228819
7,156.269387,77,3.850000,0.050493,0.046887,0.051097,-0.044988,-0.060743,-0.050822,0.998073,-0.005673,0.000158,-0.061793,0.043510,-0.061302,0.135098,0.265544,0.025108,0.140042,-0.203844
7,156.269387,78,3.900000,0.048243,0.043850,0.048556,-0.044489,-0.055184,-0.049605,0.998281,-0.004682,-0.001420,-0.058413,0.045080,-0.054077,0.129304,0.265515,-0.124911,0.332293,-0.158317
7,156.269387,79,3.950000,0.046019,0.041091,0.046075,-0.045613,-0.050506,-0.048434,0.998466,-0.003640,-0.002820,-0.055177,0.039100,-0.037241,0.124804,0.265468,-0.010702,0.589457,-0.088262
7,156.269387,80,4.000000,0.043738,0.038565,0.043654,-0.048184,-0.046779,-0.047348,0.998633,-0.002724,-0.003792,-0.052055,0.038741,-0.007583,0.122295,0.265406,-0.086118,0.483166,-0.074605
7,156.269387,81,4.050000,0.041329,0.036226,0.041286,-0.051767,-0.043911,-0.046376,0.998789,-0.001779,-0.004024,-0.048998,0.034471,0.016755,0.120175,0.265382,-0.146936,0.319624,-0.045866
7,156.269387,82,4.100000,0.038741,0.034031,0.038967,-0.055632,-0.041971,-0.045448,0.998935,-0.000909,-0.003642,-0.045994,0.027047,0.032894,0.118871,0.265368,-0.173275,0.162000,-0.006051
7,156.269387,83,4.150000,0.035959,0.031932,0.036695,-0.059166,-0.040913,-0.044540,0.999070,-0.000207,-0.002849,-0.043024,0.018235,0.041116,0.118699,0.265353,-0.162683,0.085633,0.042238
7,156.269387,84,4.200000,0.033001,0.029887,0.034468,-0.061955,-0.040590,-0.043652,0.999196,0.000284,-0.001841,-0.040058,0.009916,0.045480,0.119900,0.265333,-0.191589,0.263712,0.097655
7,156.269387,85,4.250000,0.029903,0.027857,0.032285,-0.063774,-0.040796,-0.042799,0.999313,0.000572,-0.000716,-0.037062,0.000129,0.058710,0.122675,0.265311,-0.091707,0.099905,0.078960
7,156.269387,86,4.300000,0.026714,0.025817,0.030146,-0.064497,-0.041332,-0.041983,0.999421,0.000627,0.000749,-0.033996,-0.004729,0.063706,0.124920,0.265293,-0.054490,-0.040221,0.058147
7,156.269387,87,4.350000,0.023489,0.023751,0.028046,-0.063782,-0.041973,-0.041201,0.999520,0.000566,0.002343,-0.030873,-0.007756,0.061673,0.126573,0.265260,-0.098830,-0.158734,0.033888
7,156.269387,88,4.400000,0.020300,0.021652,0.025986,-0.061499,-0.042600,-0.040484,0.999608,0.000427,0.003888,-0.027709,-0.012994,0.053699,0.127536,0.265213,-0.236813,-0.235839,0.005642
7,156.269387,89,4.450000,0.017225,0.019522,0.023962,-0.057693,-0.043125,-0.039864,0.999686,0.000152,0.005238,-0.024520,-0.025094,0.041844,0.127696,0.265157,-0.506847,-0.218796,-0.027438
7,156.269387,90,4.500000,0.014341,0.017366,0.021969,-0.052554,-0.043400,-0.039360,0.999753,-0.000433,0.006298,-0.021325,-0.050639,0.030782,0.126916,0.265100,-0.182514,-0.322824,-0.095400
7,156.269387,91,4.550000,0.011713,0.015196,0.020001,-0.046362,-0.043107,-0.038974,0.999809,-0.001662,0.007096,-0.018145,-0.059913,0.014397,0.124205,0.265061,0.171404,-0.355779,-0.167793
7,156.269387,92,4.600000,0.009395,0.013041,0.018052,-0.039368,-0.041601,-0.038671,0.999854,-0.003131,0.007488,-0.015030,-0.051411,-0.003674,0.119435,0.265042,0.443378,-0.301143,-0.245828
7,156.269387,93,4.650000,0.007426,0.010961,0.016119,-0.031972,-0.038639,-0.038418,0.999890,-0.004395,0.007425,-0.012035,-0.029225,-0.018964,0.112448,0.265044,0.440387,-0.224723,-0.329977
7,156.269387,94,4.700000,0.005828,0.009029,0.014198,-0.024632,-0.034412,-0.038169,0.999920,-0.005111,0.006972,-0.009217,-0.007125,-0.030325,0.103068,0.265052,-0.121225,-0.436335,-0.422848
7,156.269387,95,4.750000,0.004596,0.007308,0.012289,-0.017742,-0.029459,-0.037906,0.999945,-0.005278,0.006229,-0.006635,-0.013068,-0.052170,0.091049,0.265019,0.010887,-0.234423,-0.501640
7,156.269387,96,4.800000,0.003709,0.005835,0.010394,-0.011594,-0.024319,-0.037696,0.999963,-0.005599,0.004939,-0.004350,-0.012343,-0.063936,0.076790,0.265044,0.179462,0.060199,-0.578340
7,156.269387,97,4.850000,0.003129,0.004619,0.008509,-0.006722,-0.018844,-0.037428,0.999974,-0.005905,0.003353,-0.002420,-0.003184,-0.060962,0.060351,0.265055,0.291589,0.350485,-0.652029
7,156.269387,98,4.900000,0.002793,0.003677,0.006638,-0.003417,-0.013056,-0.037131,0.999980,-0.005983,0.001838,-0.000902,0.011535,-0.043445,0.041817,0.265038,0.191075,0.507364,-0.725067
7,156.269387,99,4.950000,0.002623,0.003024,0.004781,-0.001608,-0.007184,-0.036857,0.999983,-0.005694,0.000758,0.000150,0.021158,-0.018059,0.021207,0.284800,-0.406836,0.366316,-0.803182
7,156.269387,100,5.000000,0.002542,0.002665,0.002938,-0.000810,-0.001178,0.000015,0.999986,-0.005164,0.000309,0.000682,0.000831,0.000274,-0.001623,0,0,0,0
8,159.878146,0,0.000000,1.018161,1.045127,0.859451,-0.004349,-0.001297,-0.073730,0.999930,0.000969,-0.001406,-0.011682,0.000000,0.000000,0.000000,0.080000,11.414303,-10.180428,-0.505768
8,159.878146,1,0.050000,1.017943,1.045062,0.855765,-0.004769,-0.001579,-0.416083,0.999930,0.000969,-0.001406,-0.011682,0.570715,-0.509021,-0.014376,0.080000,4.422839,-4.119787,-0.409738
8,159.878146,2,0.100000,1.017705,1.044983,0.834961,-0.005189,-0.001862,-0.758435,0.999712,0.015085,-0.014295,-0.012032,0.791579,-0.715322,-0.026023,0.282160,-0.208066,0.200377,-0.368068
8,159.878146,3,0.150000,1.017446,1.044890,0.797039,-0.020313,-0.017442,-0.726869,0.998794,0.034651,-0.032389,-0.012665,0.780470,-0.706085,-0.036485,0.330620,-2.967800,2.748580,-0.342714
8,159.878146,4,0.200000,1.016430,1.044018,0.760695,-0.060464,-0.059319,-0.607864,0.997189,0.053926,-0.050218,-0.013551,0.631102,-0.569737,-0.046227,0.333288,-4.386808,4.002974,-0.319101
8,159.878146,5,0.250000,1.013407,1.041052,0.730302,-0.123181,-0.124858,-0.487867,0.995382,0.069509,-0.064559,-0.014676,0.410762,-0.370695,-0.055297,0.316349,-4.812720,4.348403,-0.297101
8,159.878146,6,0.300000,1.007248,1.034809,0.705909,-0.199668,-0.204813,-0.403080,0.993954,0.079676,-0.073831,-0.016031,0.169348,-0.154137,-0.063742,0.294155,-4.588609,4.094411,-0.276975
8,159.878146,7,0.350000,0.997264,1.024568,0.685755,-0.281009,-0.289803,-0.361703,0.993289,0.083938,-0.077600,-0.017609,-0.060455,0.050174,-0.071615,0.275208,-3.963715,3.476941,-0.258462
8,159.878146,8,0.400000,0.983214,1.010078,0.667670,-0.361082,-0.373393,-0.355879,0.993478,0.082598,-0.076177,-0.019400,-0.258505,0.224185,-0.078962,0.263165,-3.121632,2.670654,-0.241319
8,159.878146,9,0.450000,0.965160,0.991408,0.649876,-0.436408,-0.451935,-0.371341,0.994362,0.076434,-0.070318,-0.021389,-0.413914,0.358492,-0.085821,0.258298,-2.195802,1.802301,-0.225396
8,159.878146,10,0.500000,0.943339,0.968812,0.631309,-0.504863,-0.523205,-0.393831,0.995642,0.066480,-0.061015,-0.023563,-0.522537,0.449956,-0.092228,0.258938,-1.278024,0.959178,-0.210579
8,159.878146,11,0.550000,0.918096,0.942651,0.611617,-0.564626,-0.585305,-0.412625,0.996991,0.053871,-0.049347,-0.025904,-0.584863,0.499744,-0.098213,0.262749,-0.434587,0.202591,-0.196682
8,159.878146,12,0.600000,0.889865,0.913386,0.590986,-0.613861,-0.636328,-0.421746,0.998144,0.039731,-0.036373,-0.028395,-0.604730,0.512053,-0.103804,0.267587,0.291002,-0.429066,-0.183457
8,159.878146,13,0.650000,0.859172,0.881570,0.569899,-0.650960,-0.674607,-0.419591,0.998938,0.025094,-0.023058,-0.031021,-0.588162,0.492982,-0.109019,0.271922,0.873437,-0.915873,-0.170629
8,159.878146,14,0.700000,0.826624,0.847839,0.548919,-0.674941,-0.699132,-0.407702,0.999319,0.010849,-0.010220,-0.033767,-0.542451,0.449622,-0.113869,0.274932,1.301939,-1.252559,-0.157942
8,159.878146,15,0.750000,0.792877,0.812883,0.528534,-0.685714,-0.709820,-0.389295,0.999325,-0.002295,0.001501,-0.036622,-0.475411,0.389338,-0.118358,0.276393,1.585955,-1.451853,-0.145231
8,159.878146,16,0.800000,0.758591,0.777392,0.509069,-0.684093,-0.707529,-0.367963,0.999053,-0.013818,0.011655,-0.039579,-0.394364,0.318881,-0.122486,0.276500,1.735248,-1.528098,-0.132348
8,159.878146,17,0.850000,0.724386,0.742015,0.490671,-0.671608,-0.693864,-0.346761,0.998618,-0.023386,0.019966,-0.042630,-0.306120,0.244309,-0.126248,0.275653,1.765298,-1.500513,-0.119196
8,159.878146,18,0.900000,0.690806,0.707322,0.473333,-0.650235,-0.670890,-0.327757,0.998129,-0.030829,0.026316,-0.045769,-0.216684,0.170751,-0.129636,0.274311,1.694893,-1.390614,-0.105728
8,159.878146,19,0.950000,0.658294,0.673778,0.456945,-0.622115,-0.640851,-0.311944,0.997673,-0.036125,0.030724,-0.048992,-0.131099,0.102286,-0.132642,0.272875,1.544161,-1.220139,-0.091941
8,159.878146,20,1.000000,0.627188,0.641735,0.441348,-0.589348,-0.605947,-0.299393,0.997299,-0.039371,0.033315,-0.052291,-0.053376,0.041939,-0.135255,0.271629,1.342089,-1.016496,-0.077895
8,159.878146,21,1.050000,0.597721,0.611438,0.426378,-0.553850,-0.568198,-0.289552,0.997028,-0.040759,0.034298,-0.055660,0.013943,-0.008612,-0.137469,0.270718,1.108281,-0.798374,-0.063678
8,159.878146,22,1.100000,0.570029,0.583028,0.411901,-0.517289,-0.529366,-0.281568,0.996852,-0.040542,0.033923,-0.059089,0.069312,-0.048603,-0.139279,0.270163,0.860398,-0.581492,-0.049433
8,159.878146,23,1.150000,0.544164,0.556560,0.397822,-0.481055,-0.490933,-0.274562,0.996750,-0.039004,0.032468,-0.062569,0.112075,-0.078044,-0.140684,0.269908,0.613648,-0.378279,-0.035372
8,159.878146,24,1.200000,0.520111,0.532013,0.384094,-0.446264,-0.454100,-0.267808,0.996690,-0.036447,0.030210,-0.066089,0.142341,-0.097557,-0.141690,0.269853,0.380485,-0.197812,-0.021757
8,159.878146,25,1.250000,0.497798,0.509308,0.370704,-0.413763,-0.419789,-0.260820,0.996644,-0.033168,0.027415,-0.069637,0.160841,-0.108213,-0.142308,0.269894,0.170463,-0.045935,-0.008894
8,159.878146,26,1.300000,0.477110,0.488318,0.357663,-0.384142,-0.388654,-0.253367,0.996586,-0.029446,0.024320,-0.073202,0.168780,-0.111378,-0.142561,0.269944,-0.009778,0.074495,0.002902
8,159.878146,27,1.350000,0.457903,0.468886,0.344994,-0.357755,-0.361095,-0.245429,0.996498,-0.025531,0.021131,-0.076773,0.167688,-0.108567,-0.142479,0.269945,-0.156406,0.163253,0.013341
8,159.878146,28,1.400000,0.440015,0.450831,0.332723,-0.334742,-0.337281,-0.237129,0.996370,-0.021636,0.018013,-0.080340,0.159281,-0.101311,-0.142099,0.269870,-0.268171,0.222312,0.022198
8,159.878146,29,1.450000,0.423278,0.433967,0.320867,-0.315065,-0.317180,-0.228662,0.996199,-0.017936,0.015093,-0.083895,0.145326,-0.091054,-0.141468,0.269717,-0.346080,0.255338,0.029343
8,159.878146,30,1.500000,0.407525,0.418108,0.309434,-0.298543,-0.300596,-0.220236,0.995986,-0.014561,0.012457,-0.087431,0.127533,-0.079067,-0.140634,0.269503,-0.392978,0.267148,0.034774
8,159.878146,31,1.550000,0.392598,0.403078,0.298422,-0.284888,-0.287208,-0.212023,0.995737,-0.011602,0.010158,-0.090942,0.107462,-0.066391,-0.139646,0.269251,-0.413069,0.263136,0.038623
8,159.878146,32,1.600000,0.378353,0.388718,0.287821,-0.273750,-0.276609,-0.204147,0.995456,-0.009113,0.008220,-0.094426,0.086457,-0.053803,-0.138548,0.268989,-0.411410,0.248739,0.041165
8,159.878146,33,1.650000,0.364666,0.374887,0.277613,-0.264740,-0.268344,-0.196670,0.995151,-0.007117,0.006645,-0.097878,0.065603,-0.041821,-0.137378,0.268735,-0.393398,0.228933,0.042805
8,159.878146,34,1.700000,0.351429,0.361470,0.267780,-0.257465,-0.261943,-0.189607,0.994825,-0.005610,0.005420,-0.101299,0.045715,-0.030716,-0.136161,0.268506,-0.364287,0.207816,0.044052
8,159.878146,35,1.750000,0.338555,0.348373,0.258299,-0.251538,-0.256939,-0.182934,0.994485,-0.004569,0.004521,-0.104686,0.027342,-0.020562,-0.134909,0.268308,-0.328725,0.188284,0.045494
8,159.878146,36,1.800000,0.325979,0.335526,0.249153,-0.246595,-0.252894,-0.176609,0.994131,-0.003958,0.003923,-0.108041,0.010801,-0.011288,-0.133616,0.268142,-0.290359,0.171788,0.047763
8,159.878146,37,1.850000,0.313649,0.322881,0.240322,-0.242297,-0.249407,-0.170581,0.993767,-0.003733,0.003600,-0.111361,-0.003774,-0.002753,-0.132258,0.268006,-0.251471,0.158182,0.051489
8,159.878146,38,1.900000,0.301534,0.310411,0.231793,-0.238333,-0.246123,-0.164800,0.993393,-0.003847,0.003530,-0.114645,-0.016362,0.005175,-0.130795,0.267896,-0.212698,0.145621,0.057261
8,159.878146,39,1.950000,0.289617,0.298105,0.223553,-0.234416,-0.242733,-0.159223,0.993010,-0.004250,0.003693,-0.117892,-0.026971,0.012537,-0.129167,0.267805,-0.172848,0.130535,0.065583
8,159.878146,40,2.000000,0.277896,0.285968,0.215592,-0.230283,-0.238979,-0.153820,0.992620,-0.004894,0.004069,-0.121097,-0.035552,0.019196,-0.127303,0.267726,-0.128900,0.107763,0.076841
8,159.878146,41,2.050000,0.266382,0.274019,0.207901,-0.225690,-0.234650,-0.148571,0.992223,-0.005731,0.004638,-0.124254,-0.041904,0.024756,-0.125119,0.267656,-0.076412,0.071104,0.091273
8,159.878146,42,2.100000,0.255098,0.262287,0.200472,-0.220422,-0.229585,-0.143466,0.991820,-0.006708,0.005364,-0.127355,-0.045607,0.028510,-0.122524,0.267585,-0.010823,0.014910,0.108979
8,159.878146,43,2.150000,0.244077,0.250807,0.193299,-0.214302,-0.223668,-0.138511,0.991413,-0.007765,0.006196,-0.130391,-0.046016,0.029468,-0.119427,0.267509,0.068994,-0.061887,0.129968
8,159.878146,44,2.200000,0.233362,0.239624,0.186374,-0.207213,-0.216841,-0.133721,0.991005,-0.008828,0.007053,-0.133349,-0.042433,0.026582,-0.115732,0.267421,0.151570,-0.146474,0.154281
8,159.878146,45,2.250000,0.223001,0.228782,0.179688,-0.199125,-0.209108,-0.129123,0.990600,-0.009811,0.007827,-0.136214,-0.034737,0.019445,-0.111347,0.267320,0.211909,-0.211797,0.182156
8,159.878146,46,2.300000,0.213045,0.218327,0.173231,-0.190125,-0.200542,-0.124743,0.990204,-0.010626,0.008400,-0.138969,-0.024060,0.009002,-0.106169,0.267208,0.249754,-0.253819,0.213893
8,159.878146,47,2.350000,0.203539,0.208300,0.166994,-0.180432,-0.191284,-0.120594,0.989823,-0.011213,0.008678,-0.141594,-0.011536,-0.003592,-0.100090,0.267097,0.262843,-0.264561,0.249151
8,159.878146,48,2.400000,0.194517,0.198735,0.160965,-0.170364,-0.181520,-0.116668,0.989463,-0.011533,0.008602,-0.144067,0.001593,-0.016777,-0.093007,0.266995,0.216574,-0.211363,0.287495
8,159.878146,49,2.450000,0.185999,0.189659,0.155131,-0.160304,-0.171461,-0.112937,0.989130,-0.011574,0.008154,-0.146363,0.012362,-0.027350,-0.084836,0.266910,0.177960,-0.140811,0.327151
8,159.878146,50,2.500000,0.177983,0.181086,0.149484,-0.150656,-0.161324,-0.109358,0.988826,-0.011385,0.007408,-0.148455,0.021172,-0.034431,-0.075536,0.266837,0.153238,-0.046269,0.366479
8,159.878146,51,2.550000,0.170451,0.173020,0.144016,-0.141746,-0.151284,-0.105897,0.988556,-0.011004,0.006457,-0.150316,0.028735,-0.036805,-0.065119,0.266771,0.095752,0.087702,0.404939
8,159.878146,52,2.600000,0.163363,0.165456,0.138722,-0.133805,-0.141495,-0.102537,0.988323,-0.010442,0.005421,-0.151920,0.033432,-0.032491,-0.053609,0.266711,0.086655,0.162187,0.440784
8,159.878146,53,2.650000,0.156673,0.158381,0.133595,-0.126946,-0.132114,-0.099264,0.988131,-0.009747,0.004478,-0.153240,0.037699,-0.024449,-0.041080,0.266648,0.096632,0.185251,0.472429
8,159.878146,54,2.700000,0.150326,0.151775,0.128632,-0.121101,-0.123280,-0.096085,0.987984,-0.008914,0.003719,-0.154253,0.042492,-0.015246,-0.027651,0.266585,0.086593,0.180100,0.498135
8,159.878146,55,2.750000,0.144271,0.145611,0.123827,-0.116115,-0.115151,-0.093000,0.987888,-0.007926,0.003173,-0.154936,0.046806,-0.006285,-0.013492,0.266527,0.073309,0.099946,0.516255
8,159.878146,56,2.800000,0.138465,0.139854,0.119177,-0.111809,-0.107907,-0.090004,0.987844,-0.006795,0.002833,-0.155272,0.050468,-0.001312,0.001182,0.266470,0.034913,0.021331,0.525764
8,159.878146,57,2.850000,0.132875,0.134459,0.114677,-0.108005,-0.101716,-0.087094,0.987857,-0.005554,0.002605,-0.155246,0.052214,-0.000243,0.016127,0.266414,0.012978,-0.031956,0.525249
8,159.878146,58,2.900000,0.127474,0.129373,0.110322,-0.104615,-0.096702,-0.084271,0.987926,-0.004264,0.002399,-0.154851,0.052863,-0.001809,0.031057,0.266356,-0.047040,-0.035374,0.515462
8,159.878146,59,2.950000,0.122244,0.124538,0.106109,-0.101626,-0.092912,-0.081543,0.988051,-0.002964,0.002153,-0.154087,0.050513,-0.003515,0.045709,0.266293,-0.191184,0.056057,0.497181
8,159.878146,60,3.000000,0.117162,0.119892,0.102032,-0.099077,-0.090351,-0.078921,0.988229,-0.001727,0.001875,-0.152960,0.040960,-0.000625,0.059841,0.266222,-0.205749,0.026880,0.471034
8,159.878146,61,3.050000,0.112208,0.115375,0.098086,-0.096990,-0.088951,-0.076423,0.988458,-0.000715,0.001705,-0.151483,0.030674,0.000812,0.073230,0.266154,-0.254504,0.048186,0.436618
8,159.878146,62,3.100000,0.107359,0.110927,0.094264,-0.095221,-0.088509,-0.074048,0.988734,0.000049,0.001611,-0.149674,0.017946,0.003307,0.085641,0.266089,-0.258599,0.068814,0.394360
8,159.878146,63,3.150000,0.102598,0.106502,0.090562,-0.093659,-0.088795,-0.071793,0.989052,0.000509,0.001625,-0.147558,0.005006,0.006806,0.096850,0.266033,-0.268877,0.106760,0.346242
8,159.878146,64,3.200000,0.097915,0.102062,0.086972,-0.092149,-0.089527,-0.069641,0.989406,0.000662,0.001774,-0.145163,-0.008463,0.012162,0.106692,0.265986,-0.349816,0.204840,0.294548
8,159.878146,65,3.250000,0.093307,0.097585,0.083490,-0.090515,-0.090425,-0.067578,0.989789,0.000501,0.002103,-0.142523,-0.026003,0.022370,0.115065,0.265946,-0.250728,0.086714,0.247332
8,159.878146,66,3.300000,0.088782,0.093064,0.080111,-0.088535,-0.091209,-0.065591,0.990194,-0.000057,0.002748,-0.139673,-0.038637,0.026592,0.122095,0.265917,-0.139528,-0.070760,0.200759
8,159.878146,67,3.350000,0.084355,0.088504,0.076832,-0.085847,-0.091532,-0.063659,0.990613,-0.000912,0.003542,-0.136647,-0.045737,0.022875,0.127801,0.265886,-0.005460,-0.249303,0.160242
8,159.878146,68,3.400000,0.080063,0.083927,0.073649,-0.082270,-0.091119,-0.061790,0.991041,-0.001955,0.004267,-0.133478,-0.046121,0.010188,0.132356,0.265848,0.129854,-0.349088,0.130687
8,159.878146,69,3.450000,0.075949,0.079371,0.070559,-0.077849,-0.089772,-0.060000,0.991473,-0.003050,0.004680,-0.130193,-0.039679,-0.007498,0.136071,0.265805,0.270075,-0.200965,0.116412
8,159.878146,70,3.500000,0.072057,0.074882,0.067559,-0.072890,-0.087396,-0.058299,0.991907,-0.004042,0.004634,-0.126815,-0.026137,-0.017751,0.139380,0.265762,0.284155,-0.218798,0.095380
8,159.878146,71,3.550000,0.068412,0.070513,0.064645,-0.067862,-0.084028,-0.056684,0.992342,-0.004730,0.004290,-0.123353,-0.011835,-0.028829,0.142091,0.265715,0.202210,-0.166437,0.089209
8,159.878146,72,3.600000,0.065019,0.066311,0.061810,-0.063098,-0.079930,-0.055159,0.992776,-0.005097,0.003628,-0.119822,-0.001569,-0.037215,0.144627,0.265677,0.080444,-0.064922,0.098905
8,159.878146,73,3.650000,0.061864,0.062315,0.059052,-0.058952,-0.075378,-0.053703,0.993205,-0.005234,0.002728,-0.116227,0.002657,-0.040470,0.147438,0.265645,0.024079,0.092369,0.126941
8,159.878146,74,3.700000,0.058917,0.058546,0.056367,-0.055688,-0.070575,-0.052302,0.993629,-0.005276,0.001734,-0.112560,0.004088,-0.035836,0.151046,0.265609,0.217830,0.324930,0.177688
8,159.878146,75,3.750000,0.056132,0.055017,0.053752,-0.053408,-0.065611,-0.050964,0.994049,-0.005269,0.000853,-0.108803,0.015185,-0.019567,0.156097,0.265559,0.200507,0.205376,0.171905
8,159.878146,76,3.800000,0.053462,0.051737,0.051204,-0.052011,-0.060551,-0.049717,0.994468,-0.004941,0.000346,-0.104920,0.025326,-0.009208,0.160983,0.265524,0.164690,0.048017,0.182936
8,159.878146,77,3.850000,0.050861,0.048709,0.048718,-0.051163,-0.055754,-0.048530,0.994885,-0.004334,0.000070,-0.100916,0.033617,-0.006652,0.166183,0.265499,0.130161,-0.083551,0.208116
8,159.878146,78,3.900000,0.048303,0.045921,0.046292,-0.050664,-0.051521,-0.047383,0.995299,-0.003514,-0.000162,-0.096781,0.040167,-0.010618,0.172099,0.265477,0.102549,-0.112727,0.245665
8,159.878146,79,3.950000,0.045770,0.043345,0.043922,-0.050488,-0.048066,-0.046271,0.995710,-0.002541,-0.000508,-0.092497,0.045363,-0.015992,0.179082,0.265452,0.008705,0.135356,0.294675
8,159.878146,80,4.000000,0.043245,0.040942,0.041609,-0.050755,-0.045532,-0.045200,0.996116,-0.001451,-0.001000,-0.088037,0.045907,-0.008916,0.187458,0.265414,0.019093,0.067171,0.274369
8,159.878146,81,4.050000,0.040708,0.038665,0.039349,-0.051608,-0.044024,-0.044195,0.996518,-0.000332,-0.001316,-0.083366,0.046925,-0.005230,0.195257,0.265384,-0.055697,0.046634,0.256014
8,159.878146,82,4.100000,0.038127,0.036464,0.037139,-0.052870,-0.043591,-0.043245,0.996913,0.000819,-0.001543,-0.078499,0.044179,-0.002551,0.202534,0.265350,-0.219870,0.068950,0.237590
8,159.878146,83,4.150000,0.035484,0.034285,0.034977,-0.054445,-0.044275,-0.042359,0.997296,0.001907,-0.001697,-0.073449,0.033205,0.001236,0.209287,0.265310,-0.471558,0.149298,0.217496
8,159.878146,84,4.200000,0.032762,0.032071,0.032859,-0.056245,-0.046021,-0.041551,0.997664,0.002729,-0.001737,-0.068228,0.009618,0.008965,0.215470,0.265269,-0.830618,0.318344,0.193772
8,159.878146,85,4.250000,0.029949,0.029770,0.030781,-0.058131,-0.048580,-0.040823,0.998017,0.002974,-0.001545,-0.062852,-0.031987,0.024961,0.220977,0.265241,-0.551913,0.328968,0.135296
8,159.878146,86,4.300000,0.027043,0.027341,0.028740,-0.059829,-0.051400,-0.040148,0.998352,0.002207,-0.000888,-0.057337,-0.059792,0.041141,0.224823,0.265249,-0.194840,0.345929,0.070643
8,159.878146,87,4.350000,0.024051,0.024771,0.026733,-0.060824,-0.053515,-0.039452,0.998661,0.000769,0.000212,-0.051724,-0.069885,0.057927,0.226831,0.265258,0.154866,0.292122,-0.002610
8,159.878146,88,4.400000,0.021010,0.022095,0.024760,-0.060655,-0.054280,-0.038734,0.998937,-0.000900,0.001744,-0.046058,-0.062640,0.071931,0.226757,0.265248,0.284297,0.131605,-0.087736
8,159.878146,89,4.450000,0.017977,0.019381,0.022824,-0.058903,-0.053476,-0.038037,0.999174,-0.002372,0.003618,-0.040394,-0.049044,0.077973,0.224263,0.265207,-0.135946,-0.384209,-0.189991
8,159.878146,90,4.500000,0.015032,0.016707,0.020922,-0.055258,-0.051292,-0.037431,0.999373,-0.003498,0.005628,-0.034791,-0.056505,0.058345,0.218863,0.265129,0.117916,-0.510807,-0.289342
8,159.878146,91,4.550000,0.012269,0.014143,0.019050,-0.049615,-0.048052,-0.036994,0.999533,-0.004828,0.007154,-0.029320,-0.051094,0.032335,0.210638,0.265057,0.390922,-0.534677,-0.399771
8,159.878146,92,4.600000,0.009789,0.011740,0.017200,-0.042456,-0.043521,-0.036720,0.999660,-0.006043,0.008025,-0.024051,-0.031806,0.005193,0.199275,0.265006,0.589231,-0.482669,-0.520496
8,159.878146,93,4.650000,0.007666,0.009564,0.015364,-0.034439,-0.037781,-0.036567,0.999762,-0.006795,0.008204,-0.019065,-0.002384,-0.019181,0.184480,0.264996,0.554243,-0.410275,-0.651853
8,159.878146,94,4.700000,0.005944,0.007675,0.013536,-0.026262,-0.031267,-0.036446,0.999842,-0.006825,0.007757,-0.014450,0.025462,-0.039712,0.165951,0.265027,0.000269,-0.451748,-0.796417
8,159.878146,95,4.750000,0.004631,0.006112,0.011714,-0.018553,-0.024679,-0.036261,0.999905,-0.006171,0.006783,-0.010300,0.025726,-0.062139,0.143313,0.265058,0.022204,-0.211884,-0.868100
8,159.878146,96,4.800000,0.003703,0.004878,0.009901,-0.011832,-0.018690,-0.035996,0.999948,-0.005520,0.005245,-0.006712,0.027174,-0.072593,0.118638,0.265092,0.024783,0.118513,-0.943062
8,159.878146,97,4.850000,0.003111,0.003943,0.008101,-0.006646,-0.013305,-0.035643,0.999975,-0.004837,0.003442,-0.003740,0.028740,-0.066545,0.091832,0.265086,0.003168,0.425002,-1.019805
8,159.878146,98,4.900000,0.002779,0.003278,0.006319,-0.003249,-0.008569,-0.035277,0.999989,-0.004117,0.001787,-0.001438,0.029130,-0.045195,0.062844,0.265031,-0.124379,0.565028,-1.099270
8,159.878146,99,4.950000,0.002617,0.002850,0.004555,-0.001488,-0.004531,-0.034999,0.999994,-0.003387,0.000663,0.000136,0.023019,-0.016874,0.031598,0.283780,-0.454338,0.342587,-1.185290
8,159.878146,100,5.000000,0.002542,0.002623,0.002805,-0.000792,-0.000970,0.000008,0.999996,-0.002811,0.000244,0.000927,0.000323,0.000283,-0.002094,0,0,0,0
9,158.185026,0,0.000000,1.020308,1.047749,0.818960,-0.004211,-0.001245,-0.080750,0.999892,0.001030,-0.001488,-0.014552,0.000000,0.000000,0.000000,0.080000,11.579897,-10.520156,-0.102272
9,158.185026,1,0.050000,1.020098,1.047687,0.814922,-0.004657,-0.001543,-0.423102,0.999892,0.001030,-0.001488,-0.014552,0.578995,-0.526008,-0.002907,0.094203,4.458793,-4.196632,-0.063238
9,158.185026,2,0.100000,1.019865,1.047610,0.793767,-0.005181,-0.001895,-0.739153,0.999666,0.015309,-0.014844,-0.014614,0.801876,-0.735903,-0.004705,0.286601,-0.209117,0.415970,-0.025945
9,158.185026,3,0.150000,1.019606,1.047515,0.756810,-0.021170,-0.017910,-0.699393,0.998714,0.035069,-0.033514,-0.014711,0.791289,-0.715248,-0.005442,0.331696,-3.050527,2.887530,-0.015428
9,158.185026,4,0.200000,1.018547,1.046619,0.721840,-0.062923,-0.060331,-0.578532,0.997065,0.054548,-0.051640,-0.014805,0.638615,-0.571035,-0.005881,0.333428,-4.451683,4.122112,-0.011505
9,158.185026,5,0.250000,1.015401,1.043603,0.692913,-0.127505,-0.126552,-0.458541,0.995226,0.070247,-0.066088,-0.014903,0.415904,-0.365072,-0.006208,0.315746,-4.875458,4.456884,-0.011954
9,158.185026,6,0.300000,1.009026,1.037275,0.669986,-0.205645,-0.207156,-0.375204,0.993795,0.080461,-0.075308,-0.015010,0.172045,-0.142326,-0.006547,0.293185,-4.642260,4.191034,-0.014140
9,158.185026,7,0.350000,0.998744,1.026917,0.651226,-0.288223,-0.292757,-0.335956,0.993164,0.084693,-0.078894,-0.015134,-0.060104,0.067183,-0.006949,0.274119,-3.998184,3.559751,-0.016663
9,158.185026,8,0.400000,0.984333,1.012279,0.634428,-0.369075,-0.376942,-0.332430,0.993418,0.083240,-0.077188,-0.015283,-0.259995,0.245187,-0.007423,0.262167,-3.129842,2.739306,-0.019066
9,158.185026,9,0.450000,0.965879,0.993432,0.617807,-0.444765,-0.456090,-0.349949,0.994390,0.076888,-0.070981,-0.015459,-0.416418,0.382225,-0.007965,0.257533,-2.176368,1.858251,-0.021456
9,158.185026,10,0.500000,0.943641,0.970628,0.600309,-0.513223,-0.527969,-0.373980,0.995766,0.066691,-0.061297,-0.015659,-0.525121,0.475264,-0.008575,0.258455,-1.230728,1.001144,-0.024216
9,158.185026,11,0.550000,0.917979,0.944229,0.581610,-0.572650,-0.590619,-0.393714,0.997210,0.053809,-0.049238,-0.015882,-0.586503,0.525492,-0.009263,0.262519,-0.364182,0.229774,-0.027706
9,158.185026,12,0.600000,0.889347,0.914698,0.561925,-0.621221,-0.642031,-0.403240,0.998449,0.039400,-0.035885,-0.016125,-0.604527,0.537187,-0.010051,0.267528,0.376315,-0.417143,-0.032171
9,158.185026,13,0.650000,0.858286,0.882597,0.541763,-0.657352,-0.680436,-0.401132,0.999318,0.024531,-0.022218,-0.016386,-0.585507,0.516560,-0.010965,0.271935,0.963786,-0.919372,-0.037690
9,158.185026,14,0.700000,0.825418,0.848575,0.521706,-0.680118,-0.704759,-0.389152,0.999769,0.010119,-0.009064,-0.016665,-0.537102,0.470835,-0.012036,0.274927,1.387441,-1.271284,-0.044182
9,158.185026,15,0.750000,0.791412,0.813337,0.502248,-0.689518,-0.714907,-0.370715,0.999847,-0.003106,0.002930,-0.016966,-0.467515,0.407516,-0.013292,0.276309,1.658126,-1.485298,-0.051464
9,158.185026,16,0.800000,0.756936,0.777592,0.483713,-0.686466,-0.711779,-0.349550,0.999655,-0.014619,0.013312,-0.017294,-0.384403,0.333487,-0.014755,0.276310,1.787868,-1.575323,-0.059276
9,158.185026,17,0.850000,0.722613,0.742003,0.466235,-0.672589,-0.697059,-0.328764,0.999316,-0.024084,0.021805,-0.017655,-0.294823,0.254936,-0.016440,0.275362,1.794893,-1.560148,-0.067368
9,158.185026,18,0.900000,0.688984,0.707150,0.449797,-0.649932,-0.672906,-0.310410,0.998945,-0.031345,0.028293,-0.018057,-0.204919,0.177113,-0.018355,0.273946,1.700835,-1.460865,-0.075549
9,158.185026,19,0.950000,0.656487,0.673505,0.434276,-0.620681,-0.641655,-0.295411,0.998628,-0.036395,0.032794,-0.018509,-0.119754,0.104212,-0.020502,0.272475,1.528430,-1.298794,-0.083726
9,158.185026,20,1.000000,0.625453,0.641422,0.419506,-0.586952,-0.605590,-0.283749,0.998416,-0.039353,0.035432,-0.019018,-0.043252,0.039366,-0.022882,0.271232,1.308537,-1.101025,-0.091896
9,158.185026,21,1.050000,0.596105,0.611142,0.405318,-0.550663,-0.566797,-0.274784,0.998326,-0.040434,0.036413,-0.019589,0.022209,-0.015648,-0.025494,0.270351,1.062164,-0.885806,-0.100139
9,158.185026,22,1.100000,0.568572,0.582802,0.391579,-0.513471,-0.527093,-0.267599,0.998350,-0.039910,0.035985,-0.020230,0.075302,-0.059960,-0.028341,0.269843,0.807553,-0.668372,-0.108592
9,158.185026,23,1.150000,0.542899,0.556448,0.378199,-0.476759,-0.488000,-0.261275,0.998462,-0.038086,0.034422,-0.020945,0.115616,-0.093459,-0.031427,0.269639,0.559663,-0.460624,-0.117419
9,158.185026,24,1.200000,0.519061,0.532048,0.365135,-0.441639,-0.450743,-0.255076,0.998629,-0.035276,0.031999,-0.021740,0.143487,-0.116628,-0.034765,0.269630,0.329945,-0.271101,-0.126769
9,158.185026,25,1.250000,0.496979,0.509511,0.352382,-0.408962,-0.416258,-0.248527,0.998818,-0.031785,0.028978,-0.022620,0.159831,-0.130373,-0.038368,0.269706,0.126393,-0.105188,-0.136749
9,158.185026,26,1.300000,0.476531,0.488698,0.339955,-0.379331,-0.385200,-0.241420,0.999004,-0.027895,0.025602,-0.023589,0.165960,-0.135865,-0.042255,0.269778,-0.046225,0.034492,-0.147389
9,158.185026,27,1.350000,0.457564,0.469438,0.327884,-0.353119,-0.357959,-0.233764,0.999167,-0.023857,0.022081,-0.024656,0.163431,-0.134406,-0.046445,0.269789,-0.185963,0.147568,-0.158629
9,158.185026,28,1.400000,0.439908,0.451540,0.316196,-0.330486,-0.334685,-0.225710,0.999296,-0.019883,0.018595,-0.025826,0.153896,-0.127316,-0.050954,0.269713,-0.293192,0.235339,-0.170301
9,158.185026,29,1.450000,0.423384,0.434806,0.304911,-0.311411,-0.315317,-0.217482,0.999385,-0.016144,0.015289,-0.027107,0.138990,-0.115847,-0.055795,0.269551,-0.370021,0.300165,-0.182134
9,158.185026,30,1.500000,0.407813,0.419040,0.294036,-0.295720,-0.299624,-0.209307,0.999437,-0.012771,0.012278,-0.028507,0.120244,-0.101133,-0.060972,0.269322,-0.419672,0.344877,-0.193751
9,158.185026,31,1.550000,0.393027,0.404058,0.283571,-0.283117,-0.287241,-0.201376,0.999454,-0.009857,0.009646,-0.030034,0.099026,-0.084167,-0.066479,0.269053,-0.445843,0.372213,-0.204695
9,158.185026,32,1.600000,0.378872,0.389696,0.273502,-0.273215,-0.277713,-0.193819,0.999442,-0.007462,0.007452,-0.031698,0.076522,-0.065806,-0.072297,0.268773,-0.452076,0.384299,-0.214447
9,158.185026,33,1.650000,0.365211,0.375811,0.263811,-0.265566,-0.270524,-0.186702,0.999406,-0.005615,0.005733,-0.033507,0.053738,-0.046801,-0.078393,0.268507,-0.441159,0.382176,-0.222463
9,158.185026,34,1.700000,0.351933,0.362285,0.254476,-0.259681,-0.265134,-0.180030,0.999351,-0.004323,0.004508,-0.035466,0.031540,-0.027852,-0.084716,0.268274,-0.414615,0.365414,-0.228215
9,158.185026,35,1.750000,0.338948,0.349028,0.245475,-0.255052,-0.261000,-0.173765,0.999280,-0.003569,0.003775,-0.037583,0.010720,-0.009683,-0.091203,0.268084,-0.372368,0.331897,-0.231224
9,158.185026,36,1.800000,0.326196,0.335978,0.236787,-0.251173,-0.257600,-0.167840,0.999194,-0.003319,0.003515,-0.039862,-0.007932,0.006875,-0.097776,0.267939,-0.312838,0.278096,-0.231095
9,158.185026,37,1.850000,0.313637,0.323098,0.228395,-0.247557,-0.254447,-0.162179,0.999092,-0.003519,0.003686,-0.042304,-0.023548,0.020809,-0.104345,0.267836,-0.233957,0.200425,-0.227526
9,158.185026,38,1.900000,0.301259,0.310375,0.220286,-0.243755,-0.251114,-0.156712,0.998974,-0.004095,0.004222,-0.044910,-0.035164,0.030924,-0.110812,0.267764,-0.136499,0.099137,-0.220264
9,158.185026,39,1.950000,0.289072,0.297820,0.212450,-0.239390,-0.247245,-0.151387,0.998838,-0.004950,0.005022,-0.047676,-0.041859,0.036028,-0.117073,0.267707,-0.033132,-0.012376,-0.208992
9,158.185026,40,2.000000,0.277102,0.285457,0.204881,-0.234183,-0.242580,-0.146182,0.998683,-0.005967,0.005957,-0.050599,-0.043355,0.035595,-0.123013,0.267648,0.050524,-0.106962,-0.193176
9,158.185026,41,2.050000,0.265393,0.273328,0.197572,-0.227986,-0.236972,-0.141109,0.998510,-0.007023,0.006883,-0.053669,-0.040663,0.030450,-0.128504,0.267572,0.113807,-0.180470,-0.172209
9,158.185026,42,2.100000,0.253994,0.261480,0.190516,-0.220802,-0.230388,-0.136200,0.998320,-0.008019,0.007675,-0.056874,-0.034824,0.021625,-0.133399,0.267481,0.154205,-0.224608,-0.146122
9,158.185026,43,2.150000,0.242954,0.249960,0.183706,-0.212760,-0.222890,-0.131488,0.998113,-0.008883,0.008237,-0.060201,-0.027004,0.010570,-0.137553,0.267376,0.136904,-0.206012,-0.115047
9,158.185026,44,2.200000,0.232316,0.238816,0.177132,-0.204088,-0.214601,-0.126992,0.997891,-0.009569,0.008511,-0.063630,-0.020104,0.000411,-0.140823,0.267268,0.128169,-0.169682,-0.080460
9,158.185026,45,2.250000,0.222111,0.228086,0.170782,-0.195079,-0.205684,-0.122713,0.997656,-0.010100,0.008519,-0.067138,-0.013693,-0.007966,-0.143110,0.267165,0.133722,-0.107167,-0.043707
9,158.185026,46,2.300000,0.212357,0.217802,0.164646,-0.185998,-0.196280,-0.118636,0.997408,-0.010485,0.008307,-0.070702,-0.007050,-0.013250,-0.144352,0.267069,0.106537,-0.001003,-0.004939
9,158.185026,47,2.350000,0.203057,0.207988,0.158715,-0.177068,-0.186516,-0.114740,0.997147,-0.010714,0.007952,-0.074296,-0.001796,-0.013261,-0.144493,0.266983,0.126730,0.052317,0.034590
9,158.185026,48,2.400000,0.194204,0.198662,0.152978,-0.168441,-0.176536,-0.111004,0.996874,-0.010813,0.007586,-0.077894,0.004468,-0.010636,-0.143510,0.266900,0.164393,0.062208,0.073832
9,158.185026,49,2.450000,0.185782,0.189835,0.147427,-0.160133,-0.166465,-0.107417,0.996591,-0.010749,0.007273,-0.081468,0.012629,-0.007550,-0.141411,0.266820,0.179992,0.052170,0.111645
9,158.185026,50,2.500000,0.177775,0.181512,0.142057,-0.152105,-0.156464,-0.103971,0.996302,-0.010475,0.007021,-0.084991,0.021588,-0.005009,-0.138237,0.266746,0.189503,-0.024955,0.146932
9,158.185026,51,2.550000,0.170170,0.173689,0.136858,-0.144315,-0.146743,-0.100654,0.996009,-0.009973,0.006814,-0.088436,0.031037,-0.006370,-0.134061,0.266677,0.170258,-0.094164,0.178983
9,158.185026,52,2.600000,0.162954,0.166352,0.131825,-0.136740,-0.137528,-0.097451,0.995715,-0.009237,0.006554,-0.091777,0.039518,-0.011236,-0.128973,0.266616,0.162980,-0.133385,0.206470
9,158.185026,53,2.650000,0.156117,0.159475,0.126953,-0.129459,-0.129040,-0.094345,0.995424,-0.008300,0.006153,-0.094991,0.047612,-0.018099,-0.123105,0.266559,0.112440,-0.119433,0.230018
9,158.185026,54,2.700000,0.149644,0.153023,0.122236,-0.122634,-0.121460,-0.091322,0.995139,-0.007177,0.005564,-0.098058,0.053149,-0.024293,-0.116566,0.266509,-0.028827,-0.007787,0.250097
9,158.185026,55,2.750000,0.143513,0.146950,0.117669,-0.116474,-0.114950,-0.088369,0.994861,-0.005930,0.004809,-0.100960,0.051600,-0.024917,-0.109457,0.266458,-0.049581,-0.013133,0.266804
9,158.185026,56,2.800000,0.137689,0.141203,0.113251,-0.111161,-0.109606,-0.085485,0.994591,-0.004723,0.004043,-0.103685,0.049018,-0.025788,-0.101874,0.266397,-0.114123,0.034575,0.278843
9,158.185026,57,2.850000,0.132131,0.135722,0.108977,-0.106711,-0.105385,-0.082696,0.994331,-0.003581,0.003262,-0.106219,0.043212,-0.024249,-0.093948,0.266332,-0.143996,0.083660,0.285816
9,158.185026,58,2.900000,0.126795,0.130453,0.104842,-0.103136,-0.102215,-0.080011,0.994084,-0.002579,0.002536,-0.108555,0.035926,-0.020220,-0.085823,0.266265,-0.189403,0.151372,0.288717
9,158.185026,59,2.950000,0.121638,0.125342,0.100841,-0.100374,-0.099958,-0.077440,0.993852,-0.001747,0.001931,-0.110689,0.026390,-0.012768,-0.077617,0.266198,-0.313812,0.279862,0.288829
9,158.185026,60,3.000000,0.116620,0.120344,0.096969,-0.098292,-0.098457,-0.074989,0.993637,-0.001130,0.001537,-0.112618,0.010661,0.001147,-0.069407,0.266130,-0.265783,0.192535,0.293115
9,158.185026,61,3.050000,0.111705,0.115422,0.093220,-0.096661,-0.097521,-0.072660,0.993440,-0.000865,0.001534,-0.114342,-0.002625,0.010746,-0.061075,0.266075,-0.209353,0.062560,0.296374
9,158.185026,62,3.100000,0.106872,0.110546,0.089587,-0.095062,-0.096848,-0.070431,0.993264,-0.000901,0.001807,-0.115859,-0.013067,0.013880,-0.052651,0.266030,-0.128633,-0.095936,0.303045
9,158.185026,63,3.150000,0.102119,0.105703,0.086065,-0.093191,-0.096172,-0.068286,0.993109,-0.001188,0.002188,-0.117166,-0.019471,0.009109,-0.044037,0.265991,-0.038970,-0.187209,0.317160
9,158.185026,64,3.200000,0.097459,0.100895,0.082651,-0.090913,-0.095262,-0.066216,0.992978,-0.001647,0.002470,-0.118259,-0.021405,-0.000219,-0.035022,0.265953,0.069742,-0.044476,0.342403
9,158.185026,65,3.250000,0.092914,0.096132,0.079340,-0.088306,-0.093939,-0.064219,0.992873,-0.002181,0.002526,-0.119127,-0.017918,-0.002414,-0.025289,0.265914,0.071283,-0.079876,0.356543
9,158.185026,66,3.300000,0.088499,0.091435,0.076129,-0.085580,-0.092102,-0.062297,0.992797,-0.002635,0.002518,-0.119753,-0.014356,-0.006391,-0.015154,0.265870,-0.004861,-0.055018,0.380820
9,158.185026,67,3.350000,0.084220,0.086829,0.073015,-0.082807,-0.089823,-0.060457,0.992751,-0.003011,0.002402,-0.120128,-0.014603,-0.009134,-0.004330,0.265828,-0.102637,0.010150,0.415746
9,158.185026,68,3.400000,0.080079,0.082338,0.069992,-0.080104,-0.087164,-0.058699,0.992737,-0.003401,0.002218,-0.120234,-0.019736,-0.008624,0.007488,0.265788,-0.118450,0.124031,0.463062
9,158.185026,69,3.450000,0.076074,0.077980,0.067057,-0.077533,-0.084103,-0.057014,0.992758,-0.003917,0.002064,-0.120046,-0.025656,-0.002428,0.020650,0.265752,0.130287,0.308474,0.526540
9,158.185026,70,3.500000,0.072197,0.073775,0.064206,-0.075053,-0.080519,-0.055401,0.992818,-0.004560,0.002083,-0.119532,-0.019140,0.012976,0.035617,0.265710,0.180055,0.139831,0.527384
9,158.185026,71,3.550000,0.068445,0.069749,0.061436,-0.072481,-0.076309,-0.053869,0.992921,-0.004994,0.002466,-0.118648,-0.010155,0.019942,0.050607,0.265669,0.212946,-0.063223,0.539945
9,158.185026,72,3.600000,0.064821,0.065934,0.058743,-0.069489,-0.071718,-0.052421,0.993067,-0.005184,0.002998,-0.117394,0.000454,0.016761,0.065955,0.265628,0.243758,-0.237419,0.562385
9,158.185026,73,3.650000,0.061346,0.062348,0.056122,-0.065961,-0.067000,-0.051053,0.993258,-0.005118,0.003421,-0.115758,0.012600,0.004891,0.081941,0.265591,0.274948,-0.305532,0.593892
9,158.185026,74,3.700000,0.058048,0.058998,0.053569,-0.062035,-0.062389,-0.049756,0.993494,-0.004784,0.003517,-0.113725,0.026333,-0.010346,0.098822,0.265560,0.230731,-0.089904,0.634823
9,158.185026,75,3.750000,0.054946,0.055878,0.051081,-0.058064,-0.058107,-0.048513,0.993776,-0.004151,0.003197,-0.111271,0.037908,-0.014743,0.116867,0.265537,0.276628,-0.177258,0.606266
9,158.185026,76,3.800000,0.052043,0.052973,0.048655,-0.054485,-0.054400,-0.047304,0.994102,-0.003241,0.002737,-0.108369,0.051805,-0.023438,0.134100,0.265516,0.216546,-0.200770,0.580840
9,158.185026,77,3.850000,0.049319,0.050253,0.046290,-0.051464,-0.051523,-0.046124,0.994464,-0.002008,0.002025,-0.105037,0.062751,-0.033212,0.150610,0.265497,0.042250,-0.164281,0.558198
9,158.185026,78,3.900000,0.046746,0.047677,0.043984,-0.049277,-0.049769,-0.044970,0.994856,-0.000527,0.001042,-0.101293,0.065054,-0.041068,0.166476,0.265470,-0.249820,-0.049950,0.537640
9,158.185026,79,3.950000,0.044282,0.045188,0.041736,-0.048205,-0.049357,-0.043861,0.995269,0.000991,-0.000142,-0.097153,0.052822,-0.043154,0.181759,0.265424,-0.682899,0.175419,0.517232
9,158.185026,80,4.000000,0.041872,0.042721,0.039542,-0.048438,-0.050313,-0.042837,0.995697,0.002200,-0.001348,-0.092630,0.018975,-0.034019,0.196461,0.265359,-0.511901,0.268674,0.465036
9,158.185026,81,4.050000,0.039450,0.040205,0.037401,-0.049958,-0.052343,-0.041938,0.996137,0.002587,-0.002250,-0.087740,-0.006367,-0.020444,0.209679,0.265320,-0.284862,0.397001,0.408549
9,158.185026,82,4.100000,0.036952,0.037588,0.035304,-0.052383,-0.054681,-0.041117,0.996583,0.002372,-0.002759,-0.082519,-0.020447,-0.000644,0.221292,0.265296,-0.072131,0.487448,0.345227
9,158.185026,83,4.150000,0.034333,0.034854,0.033248,-0.055277,-0.056780,-0.040340,0.997025,0.001845,-0.002746,-0.077006,-0.024048,0.023556,0.231105,0.265285,-0.061594,0.489172,0.271889
9,158.185026,84,4.200000,0.031569,0.032015,0.031231,-0.058106,-0.058380,-0.039583,0.997456,0.001276,-0.002123,-0.071245,-0.027334,0.047804,0.238833,0.265279,-0.538733,0.097472,0.183887
9,158.185026,85,4.250000,0.028664,0.029096,0.029252,-0.060276,-0.059481,-0.038832,0.997866,0.000666,-0.000890,-0.065288,-0.054704,0.052430,0.244060,0.265280,-0.286921,0.082553,0.100067
9,158.185026,86,4.300000,0.025650,0.026122,0.027310,-0.061190,-0.060077,-0.038074,0.998246,-0.000618,0.000504,-0.059198,-0.069536,0.056051,0.246905,0.265277,0.031677,0.082906,0.005830
9,158.185026,87,4.350000,0.022590,0.023118,0.025406,-0.060661,-0.059500,-0.037320,0.998588,-0.002267,0.002009,-0.053036,-0.068477,0.059544,0.247070,0.265250,0.349369,-0.023707,-0.098767
9,158.185026,88,4.400000,0.019557,0.020143,0.023540,-0.058572,-0.057381,-0.036625,0.998887,-0.003885,0.003600,-0.046866,-0.051567,0.057717,0.244263,0.265193,0.465629,-0.191672,-0.217349
9,158.185026,89,4.450000,0.016629,0.017274,0.021709,-0.054860,-0.053734,-0.036055,0.999143,-0.005083,0.005126,-0.040767,-0.028821,0.047655,0.238085,0.265124,0.063887,-0.493489,-0.354799
9,158.185026,90,4.500000,0.013886,0.014587,0.019906,-0.049628,-0.048952,-0.035635,0.999357,-0.005724,0.006376,-0.034821,-0.026057,0.022720,0.228000,0.265076,0.219750,-0.498196,-0.427319
9,158.185026,91,4.550000,0.011404,0.012139,0.018125,-0.043177,-0.043554,-0.035325,0.999531,-0.006319,0.006998,-0.029124,-0.015266,-0.002415,0.215853,0.265033,0.332654,-0.369013,-0.512527
9,158.185026,92,4.600000,0.009245,0.009962,0.016358,-0.036130,-0.037554,-0.035110,0.999672,-0.006664,0.006983,-0.023727,0.001386,-0.020991,0.201285,0.265023,0.389227,-0.182464,-0.609304
9,158.185026,93,4.650000,0.007439,0.008084,0.014603,-0.029123,-0.031177,-0.034918,0.999782,-0.006607,0.006491,-0.018693,0.021008,-0.030103,0.183966,0.265039,0.297701,-0.046645,-0.717997
9,158.185026,94,4.700000,0.005983,0.006525,0.012857,-0.022631,-0.024812,-0.034690,0.999866,-0.006066,0.005759,-0.014093,0.036103,-0.032289,0.163557,0.265062,-0.038508,-0.160593,-0.841309
9,158.185026,95,4.750000,0.004851,0.005284,0.011122,-0.016894,-0.018938,-0.034404,0.999924,-0.005151,0.004964,-0.010005,0.034378,-0.040094,0.139643,0.265071,-0.071809,0.004791,-0.885405
9,158.185026,96,4.800000,0.004006,0.004338,0.009402,-0.011970,-0.013930,-0.034082,0.999962,-0.004285,0.003971,-0.006513,0.031000,-0.039673,0.114476,0.265059,-0.110358,0.178364,-0.935265
9,158.185026,97,4.850000,0.003408,0.003641,0.007698,-0.008044,-0.009749,-0.033765,0.999983,-0.003505,0.002987,-0.003650,0.025655,-0.030620,0.087891,0.265014,-0.127141,0.274410,-0.989685
9,158.185026,98,4.900000,0.003006,0.003154,0.006010,-0.005100,-0.006320,-0.033520,0.999992,-0.002860,0.002227,-0.001452,0.019400,-0.016814,0.059760,0.264954,-0.142209,0.247003,-1.048521
9,158.185026,99,4.950000,0.002751,0.002838,0.004334,-0.002911,-0.003517,-0.033377,0.999996,-0.002372,0.001810,0.000042,0.012327,-0.004419,0.029956,0.282903,-0.245724,0.088994,-1.112812
9,158.185026,100,5.000000,0.002605,0.002662,0.002665,-0.001015,-0.001031,0.000008,0.999996,-0.002062,0.001701,0.000791,0.000046,0.000044,-0.001676,0,0,0,0
10,154.790144,0,0.000000,1.022476,1.050346,0.776341,-0.004208,-0.001750,-0.074951,0.999845,0.001238,-0.001515,-0.017516,0.000000,0.000000,0.000000,0.080000,11.323999,-10.021692,0.624669
10,154.790144,1,0.050000,1.022266,1.050259,0.772593,-0.004663,-0.002109,-0.417304,0.999845,0.001238,-0.001515,-0.017516,0.566200,-0.501085,0.017756,0.108482,4.438827,-4.100573,0.606441
10,154.790144,2,0.100000,1.022033,1.050153,0.751728,-0.005280,-0.002596,-0.706913,0.999637,0.015168,-0.014286,-0.017063,0.788479,-0.705732,0.034994,0.284462,-0.233751,0.012972,0.570931
10,154.790144,3,0.150000,1.021769,1.050024,0.716382,-0.020599,-0.018313,-0.671089,0.998751,0.034547,-0.032262,-0.016169,0.777729,-0.704036,0.051222,0.329014,-3.027415,2.557607,0.525616
10,154.790144,4,0.200000,1.020739,1.049108,0.682828,-0.060544,-0.059723,-0.555026,0.997189,0.053622,-0.050182,-0.014866,0.627727,-0.574644,0.066163,0.332355,-4.400741,3.880241,0.478542
10,154.790144,5,0.250000,1.017712,1.046122,0.655076,-0.123122,-0.124625,-0.436693,0.995424,0.068958,-0.064815,-0.013196,0.409132,-0.379055,0.079765,0.315750,-4.770741,4.316743,0.433674
10,154.790144,6,0.300000,1.011555,1.039890,0.633242,-0.199637,-0.203898,-0.352944,0.994033,0.078878,-0.074513,-0.011201,0.171743,-0.161980,0.092092,0.293683,-4.482276,4.156349,0.392321
10,154.790144,7,0.350000,1.001574,1.029696,0.615594,-0.281163,-0.288275,-0.312393,0.993398,0.082927,-0.078766,-0.008911,-0.051805,0.046438,0.103244,0.274687,-3.798987,3.624740,0.354338
10,154.790144,8,0.400000,0.987515,1.015282,0.599975,-0.361519,-0.371371,-0.307521,0.993615,0.081447,-0.077815,-0.006353,-0.241936,0.227472,0.113316,0.262509,-2.915229,2.890188,0.318941
10,154.790144,9,0.450000,0.969439,0.996713,0.584599,-0.437196,-0.449572,-0.324230,0.994530,0.075250,-0.072354,-0.003546,-0.388676,0.370941,0.122382,0.257482,-1.970956,2.075009,0.285219
10,154.790144,10,0.500000,0.947580,0.974235,0.568387,-0.506072,-0.520697,-0.348303,0.995848,0.065392,-0.063321,-0.000508,-0.488946,0.472886,0.130489,0.257985,-1.055685,1.259497,0.252392
10,154.790144,11,0.550000,0.922276,0.948200,0.550972,-0.566356,-0.582888,-0.368969,0.997249,0.053010,-0.051747,0.002739,-0.544073,0.533440,0.137663,0.261716,-0.235135,0.503543,0.219969
10,154.790144,12,0.600000,0.893958,0.919055,0.532524,-0.616237,-0.634268,-0.380129,0.998463,0.039224,-0.038661,0.006173,-0.558616,0.555774,0.143916,0.266546,0.450035,-0.153745,0.187739
10,154.790144,13,0.650000,0.863146,0.887342,0.513517,-0.654106,-0.673167,-0.380019,0.999326,0.025050,-0.025010,0.009769,-0.539150,0.545036,0.149252,0.270942,0.979015,-0.689618,0.155718
10,154.790144,14,0.700000,0.830441,0.853684,0.494516,-0.678940,-0.698533,-0.370031,0.999777,0.011352,-0.011616,0.013499,-0.493287,0.507501,0.153678,0.274062,1.346528,-1.094174,0.124054
10,154.790144,15,0.750000,0.796494,0.818757,0.476015,-0.690573,-0.710212,-0.353277,0.999849,-0.001193,0.000858,0.017338,-0.428920,0.449915,0.157204,0.275654,1.567746,-1.374391,0.092937
10,154.790144,16,0.800000,0.761965,0.783246,0.458351,-0.689718,-0.708979,-0.333309,0.999630,-0.012105,0.011922,0.021261,-0.353217,0.378637,0.159846,0.275885,1.658123,-1.537883,0.062507
10,154.790144,17,0.850000,0.727480,0.747797,0.441685,-0.677804,-0.696356,-0.313205,0.999233,-0.021083,0.021243,0.025244,-0.272608,0.299600,0.161623,0.275135,1.638076,-1.596940,0.032786
10,154.790144,18,0.900000,0.693589,0.712980,0.426025,-0.656716,-0.674342,-0.295108,0.998769,-0.027995,0.028639,0.029267,-0.192542,0.218081,0.162555,0.273849,1.530180,-1.566412,0.003658
10,154.790144,19,0.950000,0.660754,0.679263,0.411270,-0.628536,-0.645132,-0.280107,0.998325,-0.032845,0.034056,0.033309,-0.117378,0.138572,0.162659,0.272428,1.356913,-1.462034,-0.025118
10,154.790144,20,1.000000,0.629327,0.647006,0.397264,-0.595335,-0.610903,-0.268370,0.997956,-0.035750,0.037549,0.037355,-0.050388,0.064746,0.161945,0.271165,1.147454,-1.306985,-0.053815
10,154.790144,21,1.050000,0.599560,0.616461,0.383846,-0.559042,-0.573663,-0.259413,0.997689,-0.036916,0.039262,0.041384,0.006587,-0.000913,0.160415,0.270220,0.920516,-1.116322,-0.082746
10,154.790144,22,1.100000,0.571608,0.587778,0.370875,-0.521368,-0.535177,-0.252413,0.997522,-0.036593,0.039394,0.045379,0.052618,-0.056689,0.158063,0.269633,0.691434,-0.903628,-0.112165
10,154.790144,23,1.150000,0.545540,0.561019,0.358255,-0.483784,-0.496939,-0.246480,0.997437,-0.035060,0.038184,0.049320,0.087530,-0.101555,0.154875,0.269360,0.471973,-0.680808,-0.142210
10,154.790144,24,1.200000,0.521350,0.536172,0.345931,-0.447514,-0.460173,-0.240847,0.997406,-0.032604,0.035895,0.053187,0.111725,-0.135081,0.150833,0.269310,0.270497,-0.458059,-0.172863
10,154.790144,25,1.250000,0.498975,0.513163,0.333888,-0.413533,-0.425832,-0.234971,0.997402,-0.029503,0.032797,0.056957,0.126023,-0.157344,0.145919,0.269377,0.092384,-0.243973,-0.203932
10,154.790144,26,1.300000,0.478298,0.491872,0.322140,-0.382573,-0.394611,-0.228565,0.997396,-0.026016,0.029160,0.060607,0.131514,-0.168845,0.140122,0.269469,-0.059361,-0.045747,-0.235056
10,154.790144,27,1.350000,0.459169,0.472141,0.310712,-0.355120,-0.366949,-0.221573,0.997372,-0.022378,0.025240,0.064114,0.129444,-0.170433,0.133441,0.269516,-0.183373,0.130523,-0.265736
10,154.790144,28,1.400000,0.441413,0.453794,0.299633,-0.331423,-0.343054,-0.214105,0.997319,-0.018793,0.021272,0.067453,0.121138,-0.163251,0.125887,0.269479,-0.279128,0.279466,-0.295378
10,154.790144,29,1.450000,0.424842,0.436641,0.288928,-0.311514,-0.322916,-0.206374,0.997232,-0.015430,0.017465,0.070603,0.107962,-0.148699,0.117491,0.269349,-0.346181,0.396012,-0.323348
10,154.790144,30,1.500000,0.409266,0.420495,0.278609,-0.295226,-0.306335,-0.198621,0.997117,-0.012425,0.013994,0.073541,0.091316,-0.128417,0.108300,0.269140,-0.383557,0.475042,-0.349033
10,154.790144,31,1.550000,0.394505,0.405178,0.268678,-0.282228,-0.292960,-0.191063,0.996979,-0.009874,0.010994,0.076248,0.072666,-0.104290,0.098379,0.268881,-0.389571,0.511413,-0.371893
10,154.790144,32,1.600000,0.380394,0.390530,0.259125,-0.272063,-0.282322,-0.183852,0.996830,-0.007837,0.008557,0.078705,0.053577,-0.078448,0.087808,0.268606,-0.362603,0.501004,-0.391493
10,154.790144,33,1.650000,0.366791,0.376414,0.249932,-0.264190,-0.273880,-0.177069,0.996680,-0.006329,0.006725,0.080897,0.035708,-0.053219,0.076680,0.268347,-0.304231,0.444271,-0.407490
10,154.790144,34,1.700000,0.353581,0.362720,0.241079,-0.258038,-0.267070,-0.170715,0.996536,-0.005319,0.005483,0.082810,0.020651,-0.030902,0.065097,0.268128,-0.228171,0.355268,-0.419549
10,154.790144,35,1.750000,0.340679,0.349367,0.232543,-0.253049,-0.261356,-0.164741,0.996407,-0.004731,0.004765,0.084433,0.009319,-0.013087,0.053172,0.267956,-0.161342,0.262204,-0.427206
10,154.790144,36,1.800000,0.328027,0.336299,0.224306,-0.248734,-0.256278,-0.159070,0.996296,-0.004465,0.004465,0.085758,0.001278,0.000042,0.041029,0.267825,-0.105999,0.170989,-0.429992
10,154.790144,37,1.850000,0.315590,0.323485,0.216352,-0.244701,-0.251485,-0.153637,0.996208,-0.004429,0.004473,0.086779,-0.004022,0.008593,0.028806,0.267721,-0.066128,0.092590,-0.428117
10,154.790144,38,1.900000,0.303355,0.310911,0.208671,-0.240664,-0.246726,-0.148396,0.996143,-0.004544,0.004681,0.087496,-0.007337,0.013218,0.016637,0.267633,-0.077879,0.063820,-0.421878
10,154.790144,39,1.950000,0.291322,0.298575,0.201251,-0.236436,-0.241833,-0.143323,0.996105,-0.004754,0.004996,0.087910,-0.011240,0.016405,0.004646,0.267543,-0.076488,0.044078,-0.412860
10,154.790144,40,2.000000,0.279500,0.286483,0.194085,-0.231918,-0.236705,-0.138419,0.996091,-0.005069,0.005381,0.088025,-0.015067,0.018607,-0.007090,0.267460,-0.056714,0.046910,-0.402366
10,154.790144,41,2.050000,0.267904,0.274648,0.187164,-0.227051,-0.231234,-0.133677,0.996102,-0.005486,0.005810,0.087848,-0.017898,0.020956,-0.018527,0.267379,-0.065591,0.094187,-0.390357
10,154.790144,42,2.100000,0.256552,0.263086,0.180480,-0.221797,-0.225316,-0.129094,0.996137,-0.005981,0.006290,0.087386,-0.021162,0.025678,-0.029623,0.267297,-0.022952,0.093121,-0.377712
10,154.790144,43,2.150000,0.245462,0.251820,0.174025,-0.216111,-0.218874,-0.124675,0.996194,-0.006569,0.006879,0.086648,-0.022281,0.030358,-0.040359,0.267225,0.042322,0.055863,-0.364882
10,154.790144,44,2.200000,0.234656,0.240876,0.167791,-0.209892,-0.211808,-0.120403,0.996271,-0.007196,0.007580,0.085642,-0.020119,0.033185,-0.050731,0.267153,0.090918,0.006431,-0.352375
10,154.790144,45,2.250000,0.224162,0.230286,0.161771,-0.203030,-0.204072,-0.116283,0.996369,-0.007778,0.008354,0.084376,-0.015509,0.033546,-0.060747,0.267075,0.137889,-0.102872,-0.340692
10,154.790144,46,2.300000,0.214010,0.220082,0.155957,-0.195445,-0.195709,-0.112329,0.996485,-0.008248,0.009145,0.082859,-0.008537,0.028438,-0.070431,0.266988,0.159083,-0.198284,-0.330052
10,154.790144,47,2.350000,0.204238,0.210297,0.150341,-0.187110,-0.186832,-0.108558,0.996621,-0.008535,0.009822,0.081101,-0.000507,0.018546,-0.079813,0.266892,0.192193,-0.258837,-0.321524
10,154.790144,48,2.400000,0.194882,0.200955,0.144913,-0.178118,-0.177636,-0.104980,0.996776,-0.008605,0.010266,0.079108,0.009159,0.005606,-0.088952,0.266797,0.179420,-0.261847,-0.314308
10,154.790144,49,2.450000,0.185976,0.192074,0.139664,-0.168680,-0.168358,-0.101590,0.996950,-0.008411,0.010404,0.076888,0.018149,-0.007517,-0.097886,0.266710,0.071256,-0.163318,-0.307826
10,154.790144,50,2.500000,0.177542,0.183656,0.134584,-0.159072,-0.159285,-0.098359,0.997141,-0.007970,0.010231,0.074445,0.021684,-0.015751,-0.106636,0.266643,0.076676,-0.176487,-0.301853
10,154.790144,51,2.550000,0.169589,0.175692,0.129666,-0.149583,-0.150684,-0.095241,0.997344,-0.007427,0.009858,0.071784,0.025454,-0.024663,-0.115216,0.266576,0.031927,-0.129783,-0.297353
10,154.790144,52,2.600000,0.162110,0.168157,0.124904,-0.140402,-0.142673,-0.092232,0.997557,-0.006776,0.009267,0.068909,0.026942,-0.031263,-0.123668,0.266520,0.014061,-0.075337,-0.294733
10,154.790144,53,2.650000,0.155090,0.161024,0.120292,-0.131738,-0.135369,-0.089307,0.997776,-0.006079,0.008513,0.065824,0.027499,-0.035156,-0.132046,0.266468,-0.027352,0.004692,-0.292876
10,154.790144,54,2.700000,0.148503,0.154255,0.115827,-0.123750,-0.128830,-0.086456,0.997999,-0.005364,0.007661,0.062529,0.025955,-0.035060,-0.140370,0.266418,-0.155727,0.152366,-0.290412
10,154.790144,55,2.750000,0.142315,0.147814,0.111504,-0.116537,-0.123076,-0.083675,0.998222,-0.004688,0.006808,0.059026,0.017982,-0.027580,-0.148625,0.266371,-0.120166,0.092165,-0.280286
10,154.790144,56,2.800000,0.136488,0.141660,0.107321,-0.110106,-0.118063,-0.080964,0.998441,-0.004224,0.006129,0.055317,0.011818,-0.023073,-0.156592,0.266307,-0.082257,-0.002814,-0.267462
10,154.790144,57,2.850000,0.130983,0.135757,0.103272,-0.104301,-0.113569,-0.078358,0.998655,-0.003921,0.005553,0.051408,0.007568,-0.023284,-0.164195,0.266246,-0.026119,-0.122468,-0.247903
10,154.790144,58,2.900000,0.125768,0.130078,0.099355,-0.099032,-0.109426,-0.075855,0.998861,-0.003725,0.004965,0.047310,0.006117,-0.029454,-0.171241,0.266192,0.032725,-0.174774,-0.218147
10,154.790144,59,2.950000,0.120816,0.124607,0.095562,-0.094316,-0.105526,-0.073445,0.999058,-0.003558,0.004221,0.043035,0.007562,-0.038233,-0.177442,0.266146,0.104407,0.004088,-0.175122
10,154.790144,60,3.000000,0.116101,0.119331,0.091890,-0.090311,-0.101843,-0.071112,0.999244,-0.003347,0.003258,0.038606,0.012525,-0.038079,-0.182420,0.266098,0.064491,0.001528,-0.141188
10,154.790144,61,3.050000,0.111585,0.114239,0.088334,-0.087230,-0.098423,-0.068859,0.999413,-0.003012,0.002303,0.034050,0.015486,-0.038090,-0.186433,0.266048,-0.051510,0.052447,-0.094950
10,154.790144,62,3.100000,0.107224,0.109317,0.084891,-0.085062,-0.095379,-0.066692,0.999564,-0.002604,0.001351,0.029394,0.012641,-0.035577,-0.189132,0.265995,-0.187851,0.137839,-0.035999
10,154.790144,63,3.150000,0.102970,0.104548,0.081556,-0.083807,-0.092776,-0.064617,0.999693,-0.002268,0.000459,0.024669,0.002993,-0.028775,-0.190155,0.265937,-0.240421,0.268957,0.037412
10,154.790144,64,3.200000,0.098780,0.099910,0.078325,-0.083410,-0.090532,-0.062646,0.999799,-0.002178,-0.000269,0.019918,-0.009236,-0.015349,-0.189092,0.265878,-0.023987,0.470551,0.129227
10,154.790144,65,3.250000,0.094610,0.095383,0.075193,-0.083718,-0.088393,-0.060784,0.999881,-0.002400,-0.000668,0.015192,-0.010546,0.008245,-0.185419,0.265822,0.005068,0.319105,0.161365
10,154.790144,66,3.300000,0.090424,0.090963,0.072154,-0.084411,-0.086041,-0.059027,0.999941,-0.002663,-0.000477,0.010557,-0.010234,0.024274,-0.180832,0.265793,0.037121,0.122805,0.208415
10,154.790144,67,3.350000,0.086203,0.086661,0.069203,-0.084908,-0.083424,-0.057326,0.999978,-0.002923,0.000115,0.006034,-0.008212,0.030485,-0.174908,0.265771,0.083569,-0.058289,0.268280
10,154.790144,68,3.400000,0.081958,0.082490,0.066336,-0.084812,-0.080546,-0.055666,0.999993,-0.003134,0.000863,0.001660,-0.003831,0.027625,-0.167282,0.265746,0.142566,-0.148224,0.339746
10,154.790144,69,3.450000,0.077717,0.078463,0.063553,-0.083968,-0.077461,-0.054055,0.999990,-0.003234,0.001541,-0.002525,0.003473,0.020238,-0.157625,0.265712,0.134532,0.031597,0.422849
10,154.790144,70,3.500000,0.073519,0.074590,0.060850,-0.082443,-0.074282,-0.052508,0.999972,-0.003152,0.002034,-0.006467,0.010321,0.021797,-0.145606,0.265671,0.221893,-0.101165,0.438755
10,154.790144,71,3.550000,0.069396,0.070876,0.058225,-0.080422,-0.071193,-0.051038,0.999941,-0.002898,0.002565,-0.010109,0.021536,0.016682,-0.133134,0.265640,0.211260,-0.178798,0.460450
10,154.790144,72,3.600000,0.065375,0.067316,0.055673,-0.077870,-0.068368,-0.049627,0.999902,-0.002364,0.002967,-0.013440,0.032183,0.007633,-0.120046,0.265603,0.091148,-0.205082,0.487547
10,154.790144,73,3.650000,0.061482,0.063898,0.053192,-0.074920,-0.066082,-0.048284,0.999859,-0.001566,0.003140,-0.016443,0.036775,-0.002768,-0.106188,0.265563,-0.147603,-0.158546,0.519389
10,154.790144,74,3.700000,0.057736,0.060594,0.050777,-0.071806,-0.064593,-0.047014,0.999813,-0.000656,0.003052,-0.019100,0.029384,-0.010843,-0.091424,0.265521,-0.534832,-0.000054,0.553967
10,154.790144,75,3.750000,0.054146,0.057364,0.048427,-0.068794,-0.064006,-0.045817,0.999767,0.000066,0.002765,-0.021388,0.002605,-0.010948,-0.075678,0.265484,-0.332329,0.035933,0.558890
10,154.790144,76,3.800000,0.050706,0.054164,0.046136,-0.066077,-0.064129,-0.044688,0.999726,0.000120,0.002490,-0.023279,-0.014043,-0.009159,-0.059792,0.265460,-0.087187,0.125039,0.561576
10,154.790144,77,3.850000,0.047402,0.050957,0.043902,-0.063632,-0.064305,-0.043602,0.999691,-0.000240,0.002270,-0.024773,-0.018423,-0.002875,-0.043829,0.265440,0.132071,0.195966,0.559240
10,154.790144,78,3.900000,0.044220,0.047742,0.041721,-0.061395,-0.064124,-0.042552,0.999663,-0.000704,0.002209,-0.025867,-0.011825,0.006954,-0.027933,0.265417,0.137271,0.199825,0.548759
10,154.790144,79,3.950000,0.041151,0.044536,0.039594,-0.059207,-0.063489,-0.041544,0.999644,-0.000997,0.002390,-0.026565,-0.004954,0.016958,-0.012334,0.265388,-0.359406,-0.167762,0.525284
10,154.790144,80,4.000000,0.038190,0.041361,0.037517,-0.056832,-0.062572,-0.040591,0.999634,-0.001110,0.002817,-0.026873,-0.022916,0.008572,0.002597,0.265351,-0.146240,-0.138130,0.506080
10,154.790144,81,4.050000,0.035349,0.038233,0.035487,-0.054036,-0.061555,-0.039709,0.999635,-0.001677,0.003046,-0.026807,-0.030229,0.001663,0.016982,0.265327,0.113623,-0.064458,0.475520
10,154.790144,82,4.100000,0.032647,0.035155,0.033502,-0.050999,-0.059988,-0.038875,0.999644,-0.002430,0.003109,-0.026380,-0.024549,-0.001579,0.030498,0.265298,0.355108,-0.068726,0.432580
10,154.790144,83,4.150000,0.030097,0.032155,0.031558,-0.047883,-0.057682,-0.038098,0.999662,-0.003042,0.003087,-0.025616,-0.006791,-0.005044,0.042794,0.265262,0.382568,-0.112681,0.372816
10,154.790144,84,4.200000,0.027703,0.029271,0.029653,-0.044774,-0.054772,-0.037391,0.999689,-0.003212,0.002969,-0.024545,0.012345,-0.010689,0.053391,0.265233,-0.111659,-0.285885,0.290421
10,154.790144,85,4.250000,0.025464,0.026533,0.027783,-0.041781,-0.051690,-0.036737,0.999723,-0.002906,0.002699,-0.023211,0.006784,-0.024958,0.061646,0.265225,-0.040299,-0.181017,0.267796
10,154.790144,86,4.300000,0.023375,0.023948,0.025947,-0.039064,-0.048898,-0.036096,0.999759,-0.002747,0.002075,-0.021669,0.004827,-0.033993,0.069258,0.265209,0.008492,0.029263,0.226272
10,154.790144,87,4.350000,0.021422,0.021503,0.024142,-0.036968,-0.046245,-0.035480,0.999797,-0.002641,0.001228,-0.019936,0.005341,-0.032518,0.075690,0.265188,0.034551,0.258859,0.165740
10,154.790144,88,4.400000,0.019574,0.019191,0.022368,-0.035710,-0.043676,-0.034899,0.999834,-0.002521,0.000417,-0.018042,0.007162,-0.019559,0.080401,0.265158,-0.036553,0.386730,0.084713
10,154.790144,89,4.450000,0.017788,0.017007,0.020623,-0.035256,-0.041208,-0.034373,0.999869,-0.002350,-0.000070,-0.016031,0.005394,-0.000201,0.082809,0.265121,-0.296254,0.212402,-0.020175
10,154.790144,90,4.500000,0.016025,0.014947,0.018904,-0.035287,-0.038899,-0.033913,0.999900,-0.002215,-0.000072,-0.013961,-0.009418,0.010436,0.082236,0.265091,-0.207083,0.271960,-0.055303
10,154.790144,91,4.550000,0.014261,0.013002,0.017208,-0.035328,-0.036723,-0.033510,0.999926,-0.002447,0.000197,-0.011906,-0.019805,0.024005,0.080664,0.265049,-0.096188,0.307980,-0.105208
10,154.790144,92,4.600000,0.012494,0.011166,0.015533,-0.035106,-0.034323,-0.033184,0.999946,-0.002935,0.000808,-0.009891,-0.024687,0.039343,0.077673,0.265009,0.037923,0.247941,-0.167759
10,154.790144,93,4.650000,0.010739,0.009450,0.013874,-0.034285,-0.031451,-0.032937,0.999960,-0.003541,0.001803,-0.007951,-0.022907,0.051667,0.072905,0.264978,0.146084,0.061405,-0.241431
10,154.790144,94,4.700000,0.009025,0.007877,0.012227,-0.032488,-0.027990,-0.032753,0.999968,-0.004100,0.003106,-0.006132,-0.015746,0.054674,0.066042,0.264965,0.121776,-0.245584,-0.325675
10,154.790144,95,4.750000,0.007401,0.006478,0.010589,-0.029416,-0.023985,-0.032603,0.999970,-0.004480,0.004482,-0.004486,-0.009794,0.042356,0.056785,0.264969,0.159448,-0.369811,-0.349141
10,154.790144,96,4.800000,0.005930,0.005278,0.008959,-0.024998,-0.019609,-0.032459,0.999969,-0.004714,0.005548,-0.003070,-0.001913,0.023844,0.046861,0.264982,0.145866,-0.423873,-0.374284
10,154.790144,97,4.850000,0.004680,0.004298,0.007336,-0.019539,-0.015000,-0.032304,0.999968,-0.004753,0.006150,-0.001901,0.005338,0.002647,0.036222,0.265002,0.085026,-0.349821,-0.399259
10,154.790144,98,4.900000,0.003703,0.003548,0.005721,-0.013495,-0.010346,-0.032119,0.999970,-0.004614,0.006220,-0.000997,0.009585,-0.014837,0.024873,0.265015,-0.017454,-0.096890,-0.422463
10,154.790144,99,4.950000,0.003028,0.003031,0.004115,-0.007385,-0.005823,-0.031910,0.999973,-0.004371,0.005852,-0.000375,0.008727,-0.019672,0.012865,0.282145,-0.165616,0.377740,-0.442618
10,154.790144,100,5.000000,0.002659,0.002740,0.002520,-0.001269,-0.001258,0.000026,0.999977,-0.004151,0.005361,-0.000052,0.000456,-0.000781,0.000283,0,0,0,0
11,153.706816,0,0.000000,1.024546,1.052434,0.731391,-0.003933,-0.002499,-0.083313,0.999822,0.000813,-0.001403,-0.018817,0.000000,0.000000,0.000000,0.080000,11.139629,-10.258357,0.817334
11,153.706816,1,0.050000,1.024349,1.052309,0.727225,-0.004353,-0.002732,-0.425666,0.999822,0.000813,-0.001403,-0.018817,0.556981,-0.512918,0.023232,0.129555,4.452435,-4.169041,0.726750
11,153.706816,2,0.100000,1.024132,1.052173,0.705942,-0.005034,-0.003109,-0.676250,0.999624,0.014490,-0.014484,-0.018224,0.780055,-0.720879,0.043890,0.283707,-0.109373,0.036205,0.650347
11,153.706816,3,0.150000,1.023880,1.052017,0.672130,-0.020524,-0.018052,-0.641807,0.998748,0.033628,-0.032858,-0.017100,0.775788,-0.717769,0.062376,0.328468,-2.881810,2.626532,0.587242
11,153.706816,4,0.200000,1.022854,1.051115,0.640039,-0.061148,-0.058228,-0.526721,0.997183,0.052622,-0.051146,-0.015503,0.633396,-0.584606,0.079068,0.332117,-4.283067,3.975150,0.533655
11,153.706816,5,0.250000,1.019796,1.048203,0.613703,-0.124887,-0.121799,-0.408814,0.995400,0.068069,-0.066054,-0.013488,0.420997,-0.383948,0.094237,0.315697,-4.697048,4.427331,0.485608
11,153.706816,6,0.300000,1.013552,1.042113,0.593263,-0.202839,-0.199981,-0.325209,0.993978,0.078252,-0.075903,-0.011100,0.187518,-0.161076,0.108040,0.293607,-4.452863,4.273315,0.440369
11,153.706816,7,0.350000,1.003410,1.032114,0.577002,-0.285827,-0.283646,-0.284916,0.993313,0.082660,-0.080168,-0.008374,-0.034465,0.053359,0.120558,0.274440,-3.807122,3.737872,0.396709
11,153.706816,8,0.400000,0.989119,1.017932,0.562756,-0.367472,-0.366421,-0.280671,0.993510,0.081574,-0.079084,-0.005339,-0.225065,0.240095,0.131834,0.262055,-2.951412,2.988843,0.354532
11,153.706816,9,0.450000,0.970745,0.999611,0.548723,-0.444153,-0.444671,-0.298413,0.994423,0.075752,-0.073357,-0.002020,-0.373837,0.388411,0.141911,0.256882,-2.025080,2.149316,0.314342
11,153.706816,10,0.500000,0.948538,0.977377,0.533802,-0.513702,-0.516199,-0.323785,0.995753,0.066211,-0.063944,0.001558,-0.477183,0.493863,0.150846,0.257344,-1.118400,1.301532,0.276786
11,153.706816,11,0.550000,0.922852,0.951567,0.517613,-0.574291,-0.579134,-0.345798,0.997173,0.054063,-0.051910,0.005367,-0.535930,0.556208,0.158714,0.261131,-0.298236,0.508479,0.242331
11,153.706816,12,0.600000,0.894138,0.922611,0.500323,-0.624074,-0.631543,-0.358155,0.998404,0.040415,-0.038323,0.009378,-0.554192,0.578404,0.165602,0.266075,0.393241,-0.187009,0.211101
11,153.706816,13,0.650000,0.862934,0.891033,0.482415,-0.661406,-0.671660,-0.358980,0.999270,0.026282,-0.024178,0.013562,-0.538165,0.565570,0.171603,0.270594,0.933497,-0.758256,0.182851
11,153.706816,14,0.700000,0.829864,0.857450,0.464466,-0.685263,-0.698310,-0.349658,0.999708,0.012540,-0.010343,0.017891,-0.495174,0.524153,0.176800,0.273807,1.315410,-1.191637,0.157035
11,153.706816,15,0.750000,0.795601,0.822535,0.446983,-0.695521,-0.711210,-0.333377,0.999747,-0.000116,0.002480,0.022342,-0.432920,0.461248,0.181264,0.275442,1.551914,-1.491611,0.132950
11,153.706816,16,0.800000,0.760825,0.786974,0.430314,-0.692994,-0.711035,-0.313806,0.999481,-0.011181,0.013765,0.026895,-0.358498,0.383689,0.185043,0.275666,1.656513,-1.663506,0.109789
11,153.706816,17,0.850000,0.726175,0.751423,0.414624,-0.679254,-0.699247,-0.294133,0.999028,-0.020331,0.023161,0.031532,-0.278367,0.297997,0.188164,0.274874,1.647789,-1.718345,0.086779
11,153.706816,18,0.900000,0.692212,0.716460,0.399917,-0.656351,-0.677826,-0.276574,0.998502,-0.027408,0.030478,0.036238,-0.198105,0.210091,0.190630,0.273533,1.546761,-1.670831,0.063262
11,153.706816,19,0.950000,0.659395,0.682569,0.386089,-0.626527,-0.648982,-0.262234,0.997996,-0.032397,0.035672,0.041003,-0.122287,0.125117,0.192428,0.272068,1.374818,-1.537699,0.038767
11,153.706816,20,1.000000,0.628068,0.650120,0.372977,-0.591992,-0.614928,-0.251244,0.997567,-0.035404,0.038823,0.045810,-0.054460,0.047339,0.193530,0.270787,1.160169,-1.345076,0.013071
11,153.706816,21,1.050000,0.598469,0.619374,0.360415,-0.554777,-0.577723,-0.243055,0.997238,-0.036628,0.040112,0.050647,0.003201,-0.020315,0.193902,0.269855,0.921953,-1.111298,-0.013869
11,153.706816,22,1.100000,0.570730,0.590487,0.348262,-0.516651,-0.539186,-0.236773,0.997004,-0.036328,0.039787,0.055496,0.049448,-0.075857,0.193508,0.269305,0.677023,-0.854152,-0.041883
11,153.706816,23,1.150000,0.544897,0.563528,0.336424,-0.479096,-0.500858,-0.231456,0.996842,-0.034797,0.038140,0.060338,0.083856,-0.118201,0.192317,0.269078,0.439948,-0.590606,-0.070614
11,153.706816,24,1.200000,0.520943,0.538485,0.324851,-0.443299,-0.463996,-0.226319,0.996719,-0.032345,0.035488,0.065153,0.106716,-0.147119,0.190310,0.269070,0.223272,-0.336741,-0.099551
11,153.706816,25,1.250000,0.498778,0.515285,0.313535,-0.410150,-0.429564,-0.220839,0.996605,-0.029277,0.032149,0.069917,0.118943,-0.163185,0.187480,0.269161,0.037863,-0.107765,-0.128077
11,153.706816,26,1.300000,0.478270,0.493807,0.302493,-0.380250,-0.398236,-0.214777,0.996472,-0.025877,0.028427,0.074611,0.121997,-0.167727,0.183840,0.269254,-0.106971,0.082225,-0.155518
11,153.706816,27,1.350000,0.459258,0.473895,0.291754,-0.353927,-0.370407,-0.208132,0.996303,-0.022393,0.024595,0.079210,0.117818,-0.162765,0.179419,0.269283,-0.204169,0.221383,-0.181200
11,153.706816,28,1.400000,0.441561,0.455375,0.281347,-0.331257,-0.346213,-0.201064,0.996091,-0.019026,0.020874,0.083696,0.108718,-0.150894,0.174269,0.269221,-0.251871,0.303660,-0.204466
11,153.706816,29,1.450000,0.424998,0.438065,0.271294,-0.312113,-0.325574,-0.193803,0.995837,-0.015911,0.017426,0.088049,0.097123,-0.134992,0.168457,0.269074,-0.262128,0.337791,-0.224651
11,153.706816,30,1.500000,0.409393,0.421786,0.261604,-0.296214,-0.308254,-0.186572,0.995546,-0.013123,0.014346,0.092253,0.084879,-0.117481,0.162071,0.268872,-0.261798,0.347938,-0.241014
11,153.706816,31,1.550000,0.394582,0.406373,0.252276,-0.283197,-0.293926,-0.179536,0.995227,-0.010681,0.011671,0.096293,0.072512,-0.099562,0.155220,0.268645,-0.254465,0.337531,-0.252919
11,153.706816,32,1.600000,0.380422,0.391677,0.243299,-0.272663,-0.282231,-0.172794,0.994890,-0.008592,0.009410,0.100159,0.060375,-0.082258,0.148031,0.268414,-0.246209,0.316797,-0.260536
11,153.706816,33,1.650000,0.366789,0.377565,0.234659,-0.264212,-0.272797,-0.166394,0.994541,-0.006849,0.007547,0.103843,0.048527,-0.066079,0.140626,0.268192,-0.275771,0.323428,-0.264255
11,153.706816,34,1.700000,0.353578,0.363925,0.226339,-0.257463,-0.265252,-0.160344,0.994189,-0.005445,0.006054,0.107341,0.035091,-0.049649,0.133114,0.267986,-0.281486,0.319435,-0.265853
11,153.706816,35,1.750000,0.340705,0.350663,0.218322,-0.252070,-0.259234,-0.154640,0.993837,-0.004419,0.004932,0.110650,0.021268,-0.033500,0.125558,0.267801,-0.260370,0.322329,-0.266850
11,153.706816,36,1.800000,0.328102,0.337701,0.210590,-0.247693,-0.254337,-0.149255,0.993491,-0.003782,0.004172,0.113770,0.008409,-0.017282,0.117972,0.267644,-0.261254,0.358086,-0.267404
11,153.706816,37,1.850000,0.315717,0.324984,0.203127,-0.244011,-0.250142,-0.144151,0.993154,-0.003512,0.003778,0.116701,-0.004577,0.000660,0.110372,0.267509,-0.205492,0.337894,-0.268505
11,153.706816,38,1.900000,0.303517,0.312477,0.195920,-0.240699,-0.246249,-0.139290,0.992827,-0.003617,0.003791,0.119441,-0.014854,0.017535,0.102739,0.267413,-0.122100,0.277302,-0.270593
11,153.706816,39,1.950000,0.291482,0.300165,0.188955,-0.237399,-0.242244,-0.134607,0.992514,-0.004028,0.004191,0.121991,-0.021027,0.031343,0.095048,0.267349,-0.050872,0.202073,-0.274137
11,153.706816,40,2.000000,0.279612,0.288053,0.182225,-0.233767,-0.237778,-0.130051,0.992216,-0.004636,0.004914,0.124348,-0.023684,0.041370,0.087256,0.267297,0.022208,0.065356,-0.279617
11,153.706816,41,2.050000,0.267923,0.276164,0.175722,-0.229511,-0.232620,-0.125601,0.991934,-0.005341,0.005877,0.126510,-0.022711,0.044560,0.079308,0.267253,0.071910,-0.058959,-0.287301
11,153.706816,42,2.100000,0.256448,0.264533,0.169442,-0.224409,-0.226640,-0.121251,0.991670,-0.006034,0.006921,0.128474,-0.019249,0.041543,0.071141,0.267194,0.133671,-0.149670,-0.298455
11,153.706816,43,2.150000,0.245227,0.253201,0.163380,-0.218385,-0.219839,-0.117030,0.991430,-0.006632,0.007899,0.130234,-0.012678,0.034008,0.062658,0.267118,0.148067,-0.183617,-0.312496
11,153.706816,44,2.200000,0.234308,0.242209,0.157528,-0.211491,-0.212316,-0.112972,0.991215,-0.007045,0.008711,0.131784,-0.005355,0.024797,0.053775,0.267027,0.064516,-0.116797,-0.329034
11,153.706816,45,2.250000,0.223733,0.231593,0.151880,-0.203870,-0.204275,-0.109101,0.991031,-0.007247,0.009318,0.133113,-0.002180,0.018946,0.044422,0.266933,0.090773,-0.160926,-0.347896
11,153.706816,46,2.300000,0.213540,0.221379,0.146425,-0.195694,-0.195948,-0.105419,0.990877,-0.007354,0.009788,0.134210,0.002327,0.010896,0.034534,0.266845,0.064464,-0.142965,-0.369823
11,153.706816,47,2.350000,0.203755,0.211582,0.141154,-0.187084,-0.187448,-0.101909,0.990759,-0.007324,0.010072,0.135063,0.005535,0.003751,0.024022,0.266760,0.061732,-0.115271,-0.395217
11,153.706816,48,2.400000,0.194401,0.202209,0.136058,-0.178202,-0.178934,-0.098561,0.990677,-0.007194,0.010188,0.135656,0.008619,-0.002007,0.012788,0.266682,0.032311,-0.059292,-0.422769
11,153.706816,49,2.450000,0.185491,0.193263,0.131130,-0.169197,-0.170530,-0.095359,0.990636,-0.006970,0.010170,0.135971,0.010235,-0.004968,0.000771,0.266613,-0.087015,0.067188,-0.450869
11,153.706816,50,2.500000,0.177031,0.184736,0.126362,-0.160185,-0.162346,-0.092282,0.990636,-0.006700,0.010082,0.135988,0.005885,-0.001608,-0.012045,0.266558,-0.045937,-0.009849,-0.472126
11,153.706816,51,2.550000,0.169022,0.176619,0.121748,-0.151225,-0.154440,-0.089301,0.990679,-0.006552,0.010060,0.135689,0.003587,-0.002103,-0.025465,0.266489,-0.004201,-0.116335,-0.490894
11,153.706816,52,2.600000,0.161461,0.168897,0.117283,-0.142266,-0.146686,-0.086444,0.990766,-0.006462,0.010016,0.135058,0.003375,-0.007924,-0.039419,0.266418,0.052974,-0.244247,-0.503115
11,153.706816,53,2.650000,0.154347,0.161563,0.112961,-0.133335,-0.139034,-0.083717,0.990901,-0.006362,0.009824,0.134082,0.006012,-0.020141,-0.053720,0.266349,0.108587,-0.303096,-0.505428
11,153.706816,54,2.700000,0.147681,0.154611,0.108775,-0.124573,-0.131516,-0.081113,0.991086,-0.006158,0.009337,0.132752,0.011400,-0.035308,-0.068086,0.266294,0.171298,-0.129843,-0.494900
11,153.706816,55,2.750000,0.141452,0.148035,0.104719,-0.116253,-0.124274,-0.078599,0.991320,-0.005775,0.008490,0.131068,0.019874,-0.041830,-0.082154,0.266262,0.117033,-0.135790,-0.493569
11,153.706816,56,2.800000,0.135639,0.141821,0.100789,-0.108699,-0.117531,-0.076125,0.991598,-0.005162,0.007506,0.129033,0.025595,-0.048681,-0.096183,0.266222,-0.013429,-0.088195,-0.479345
11,153.706816,57,2.850000,0.130204,0.135945,0.096983,-0.102017,-0.111529,-0.073703,0.991917,-0.004389,0.006370,0.126650,0.024746,-0.053184,-0.109808,0.266185,-0.166605,-0.002613,-0.451370
11,153.706816,58,2.900000,0.125103,0.130368,0.093298,-0.096336,-0.106442,-0.071327,0.992271,-0.003624,0.005117,0.123928,0.016194,-0.053418,-0.122638,0.266144,-0.239996,0.137411,-0.407248
11,153.706816,59,2.950000,0.120287,0.125046,0.089732,-0.091774,-0.102272,-0.069007,0.992654,-0.003073,0.003831,0.120888,0.003945,-0.046623,-0.134214,0.266091,-0.047868,0.361896,-0.342134
11,153.706816,60,3.000000,0.115698,0.119933,0.086281,-0.088393,-0.098809,-0.066769,0.993058,-0.002847,0.002675,0.117560,0.001315,-0.028548,-0.143939,0.266024,-0.040464,0.249396,-0.332653
11,153.706816,61,3.050000,0.111278,0.114992,0.082943,-0.086105,-0.095714,-0.064647,0.993476,-0.002740,0.001960,0.113988,-0.000865,-0.016086,-0.153395,0.265963,-0.016615,0.097877,-0.303304
11,153.706816,62,3.100000,0.106973,0.110207,0.079711,-0.084494,-0.092812,-0.062634,0.993907,-0.002723,0.001548,0.110178,-0.001789,-0.011187,-0.162016,0.265915,0.030938,-0.035206,-0.256010
11,153.706816,63,3.150000,0.102748,0.105566,0.076579,-0.083274,-0.089979,-0.060708,0.994345,-0.002743,0.001254,0.106152,-0.000311,-0.012936,-0.169293,0.265877,0.095650,-0.077398,-0.192153
11,153.706816,64,3.200000,0.098585,0.101067,0.073543,-0.082333,-0.087162,-0.058852,0.994786,-0.002722,0.000920,0.101944,0.004389,-0.016804,-0.174755,0.265839,0.094227,0.145925,-0.111971
11,153.706816,65,3.250000,0.094468,0.096709,0.070601,-0.081705,-0.084404,-0.057065,0.995222,-0.002574,0.000501,0.097598,0.008988,-0.009537,-0.177938,0.265784,0.187328,0.049962,-0.094231
11,153.706816,66,3.300000,0.090383,0.092489,0.067748,-0.081462,-0.081835,-0.055379,0.995647,-0.002329,0.000274,0.093170,0.018290,-0.007099,-0.180616,0.265752,0.188854,-0.002268,-0.065283
11,153.706816,67,3.350000,0.086310,0.088397,0.064979,-0.081406,-0.079527,-0.053751,0.996059,-0.001858,0.000130,0.088674,0.027684,-0.007338,-0.182472,0.265720,0.083883,-0.020086,-0.025870
11,153.706816,68,3.400000,0.082239,0.084421,0.062291,-0.081441,-0.077694,-0.052181,0.996454,-0.001153,0.000000,0.084129,0.031828,-0.008534,-0.183207,0.265682,-0.142708,0.017706,0.023176
11,153.706816,69,3.450000,0.078167,0.080536,0.059682,-0.081536,-0.076563,-0.050679,0.996830,-0.000342,-0.000151,0.079565,0.024633,-0.007870,-0.182549,0.265637,-0.527824,0.155648,0.079705
11,153.706816,70,3.500000,0.074090,0.076708,0.057148,-0.081711,-0.076239,-0.049258,0.997182,0.000288,-0.000300,0.075015,-0.001813,-0.000258,-0.180283,0.265588,-0.339334,0.170893,0.110998
11,153.706816,71,3.550000,0.070005,0.072896,0.054685,-0.081984,-0.076544,-0.047929,0.997510,0.000244,-0.000308,0.070520,-0.018781,0.008299,-0.177128,0.265566,-0.118985,0.253378,0.144430
11,153.706816,72,3.600000,0.065906,0.069069,0.052289,-0.082269,-0.076805,-0.046639,0.997813,-0.000237,-0.000133,0.066102,-0.024675,0.021094,-0.173022,0.265551,0.082634,0.322326,0.176692
11,153.706816,73,3.650000,0.061792,0.065228,0.049957,-0.082415,-0.076581,-0.045378,0.998089,-0.000887,0.000351,0.061785,-0.020404,0.037372,-0.168000,0.265541,0.090943,0.318693,0.204672
11,153.706816,74,3.700000,0.057671,0.061399,0.047688,-0.082125,-0.075689,-0.044136,0.998338,-0.001455,0.001248,0.057592,-0.015619,0.053437,-0.162182,0.265532,-0.376050,-0.072729,0.223579
11,153.706816,75,3.750000,0.053565,0.057615,0.045481,-0.080981,-0.074189,-0.042914,0.998560,-0.001927,0.002554,0.053542,-0.034093,0.049897,-0.155827,0.265507,-0.114179,-0.089943,0.249625
11,153.706816,76,3.800000,0.049516,0.053906,0.043335,-0.078575,-0.072162,-0.041744,0.998756,-0.002855,0.003746,0.049651,-0.039506,0.045601,-0.148732,0.265472,0.189907,-0.070607,0.265659
11,153.706816,77,3.850000,0.045587,0.050297,0.041248,-0.075036,-0.069176,-0.040652,0.998925,-0.003912,0.004825,0.045938,-0.029754,0.042294,-0.141180,0.265426,0.472653,-0.137168,0.269811
11,153.706816,78,3.900000,0.041836,0.046839,0.039216,-0.070474,-0.065116,-0.039660,0.999072,-0.004720,0.005833,0.042411,-0.005894,0.035595,-0.133511,0.265366,0.537484,-0.254148,0.257350
11,153.706816,79,3.950000,0.038312,0.043583,0.037233,-0.064943,-0.060238,-0.038796,0.999202,-0.004925,0.006700,0.039073,0.021160,0.022917,-0.126196,0.265309,0.070571,-0.513143,0.222257
11,153.706816,80,4.000000,0.035065,0.040571,0.035293,-0.058554,-0.055145,-0.038051,0.999319,-0.004440,0.007278,0.035914,0.024798,-0.002841,-0.119878,0.265267,0.147968,-0.500813,0.245924
11,153.706816,81,4.050000,0.032137,0.037814,0.033390,-0.051565,-0.050530,-0.037387,0.999425,-0.003840,0.007216,0.032915,0.032184,-0.027995,-0.112888,0.265251,0.171601,-0.361783,0.249685
11,153.706816,82,4.100000,0.029559,0.035287,0.031521,-0.044604,-0.046526,-0.036747,0.999521,-0.003033,0.006532,0.030091,0.040644,-0.046222,-0.105791,0.265263,0.153523,-0.171023,0.233710
11,153.706816,83,4.150000,0.027329,0.032961,0.029683,-0.038280,-0.043355,-0.036070,0.999607,-0.002000,0.005399,0.027444,0.048135,-0.054936,-0.099148,0.265282,0.032104,-0.040746,0.197045
11,153.706816,84,4.200000,0.025415,0.030793,0.027880,-0.033030,-0.041246,-0.035340,0.999680,-0.000772,0.004055,0.024962,0.049533,-0.057154,-0.093547,0.265285,-0.285401,-0.164483,0.136906
11,153.706816,85,4.250000,0.023763,0.028731,0.026113,-0.029067,-0.040388,-0.034589,0.999740,0.000492,0.002655,0.022621,0.035060,-0.065554,-0.089655,0.265267,-0.300002,0.004954,0.147423
11,153.706816,86,4.300000,0.022310,0.026711,0.024384,-0.026448,-0.040812,-0.033862,0.999791,0.001399,0.001038,0.020377,0.019837,-0.065426,-0.085465,0.265244,-0.359820,0.208424,0.145404
11,153.706816,87,4.350000,0.020987,0.024671,0.022690,-0.025400,-0.042165,-0.033173,0.999832,0.001926,-0.000584,0.018237,0.001634,-0.055069,-0.081332,0.265199,-0.409223,0.416897,0.126330
11,153.706816,88,4.400000,0.019717,0.022562,0.021032,-0.025940,-0.044067,-0.032568,0.999865,0.001993,-0.001956,0.016202,-0.018997,-0.034229,-0.077741,0.265136,-0.644535,0.790817,0.098353
11,153.706816,89,4.450000,0.018420,0.020359,0.019403,-0.027829,-0.046055,-0.032083,0.999893,0.001536,-0.002816,0.014256,-0.051325,0.005367,-0.074945,0.265045,-0.512002,0.514062,0.051794
11,153.706816,90,4.500000,0.017029,0.018056,0.017799,-0.030571,-0.047602,-0.031769,0.999920,0.000256,-0.002697,0.012379,-0.076910,0.031217,-0.073473,0.265020,-0.141075,0.317889,0.069611
11,153.706816,91,4.550000,0.015500,0.015676,0.016211,-0.033215,-0.047887,-0.031499,0.999941,-0.001671,-0.001940,0.010537,-0.083877,0.047325,-0.071494,0.265012,0.236878,0.147506,0.093201
11,153.706816,92,4.600000,0.013840,0.013282,0.014636,-0.035136,-0.046267,-0.031242,0.999954,-0.003777,-0.000782,0.008744,-0.071904,0.054928,-0.068845,0.265004,0.513918,0.060057,0.125628
11,153.706816,93,4.650000,0.012083,0.010969,0.013074,-0.035936,-0.042567,-0.031009,0.999960,-0.005585,0.000569,0.007016,-0.046065,0.058119,-0.065274,0.264986,0.608012,0.079712,0.166635
11,153.706816,94,4.700000,0.010286,0.008840,0.011523,-0.035416,-0.037082,-0.030825,0.999961,-0.006748,0.002005,0.005377,-0.015520,0.062219,-0.060538,0.264961,0.492768,0.228026,0.213412
11,153.706816,95,4.750000,0.008515,0.006986,0.009982,-0.033484,-0.030450,-0.030706,0.999961,-0.007147,0.003548,0.003854,0.009261,0.073656,-0.054472,0.264918,0.403765,-0.159773,0.278446
11,153.706816,96,4.800000,0.006841,0.005464,0.008447,-0.030030,-0.023425,-0.030679,0.999958,-0.006927,0.005380,0.002478,0.029602,0.065648,-0.046557,0.264969,0.215441,-0.510636,0.339227
11,153.706816,97,4.850000,0.005340,0.004292,0.006913,-0.024767,-0.016614,-0.030571,0.999955,-0.006198,0.007015,0.001299,0.040490,0.040064,-0.036914,0.265033,-0.036099,-0.644445,0.395113
11,153.706816,98,4.900000,0.004101,0.003462,0.005384,-0.017889,-0.010521,-0.030356,0.999954,-0.005193,0.008012,0.000363,0.038741,0.007785,-0.025683,0.265070,-0.267711,-0.481337,0.448962
11,153.706816,99,4.950000,0.003207,0.002936,0.003866,-0.010025,-0.005420,-0.030075,0.999957,-0.004230,0.008204,-0.000288,0.025363,-0.016320,-0.012922,0.281176,-0.496994,0.300372,0.506705
11,153.706816,100,5.000000,0.002706,0.002665,0.002363,-0.001480,-0.001018,0.000033,0.999963,-0.003599,0.007794,-0.000614,0.000505,-0.001314,0.001481,0,0,0,0
12,157.531829,0,0.000000,1.026776,1.054884,0.686116,-0.004047,-0.001490,-0.091797,0.999817,0.001157,-0.001560,-0.019028,0.000000,0.000000,0.000000,0.080000,10.577184,-10.509632,0.734703
12,157.531829,1,0.050000,1.026574,1.054810,0.681526,-0.004516,-0.001824,-0.434150,0.999817,0.001157,-0.001560,-0.019028,0.528859,-0.525482,0.020884,0.153194,4.927235,-4.029312,0.534469
12,157.531829,2,0.100000,1.026348,1.054719,0.659819,-0.005414,-0.002463,-0.640959,0.999617,0.014123,-0.014944,-0.018498,0.775637,-0.726528,0.036076,0.280919,0.180320,0.172091,0.474604
12,157.531829,3,0.150000,1.026077,1.054595,0.627771,-0.021228,-0.016865,-0.611677,0.998736,0.033146,-0.033460,-0.017557,0.785648,-0.716862,0.049566,0.327523,-2.796328,2.713631,0.437210
12,157.531829,4,0.200000,1.025016,1.053752,0.597187,-0.062472,-0.056308,-0.498344,0.997154,0.052387,-0.051727,-0.016250,0.647180,-0.579702,0.061994,0.332046,-4.305134,4.028269,0.399485
12,157.531829,5,0.250000,1.021892,1.050937,0.572270,-0.126951,-0.119517,-0.380609,0.995346,0.068189,-0.066506,-0.014624,0.433287,-0.376766,0.073349,0.315706,-4.768671,4.452075,0.361846
12,157.531829,6,0.300000,1.015545,1.044961,0.553239,-0.205520,-0.197741,-0.297078,0.993904,0.078703,-0.076157,-0.012719,0.195903,-0.152956,0.083634,0.293405,-4.545130,4.270181,0.326328
12,157.531829,7,0.350000,1.005269,1.035074,0.538385,-0.288862,-0.281692,-0.257269,0.993232,0.083361,-0.080183,-0.010568,-0.030868,0.061175,0.092910,0.274011,-3.903724,3.707287,0.294146
12,157.531829,8,0.400000,0.990826,1.020989,0.525522,-0.370580,-0.364858,-0.253919,0.993439,0.082424,-0.078849,-0.008196,-0.226270,0.246430,0.101271,0.261486,-3.041227,2.933247,0.265890
12,157.531829,9,0.450000,0.972297,1.002746,0.512826,-0.447096,-0.443534,-0.272786,0.994374,0.076652,-0.072888,-0.005619,-0.379279,0.392223,0.108829,0.256279,-2.099976,2.073710,0.241723
12,157.531829,10,0.500000,0.949942,0.980570,0.499187,-0.516299,-0.515492,-0.299316,0.995735,0.067074,-0.063287,-0.002852,-0.485898,0.494342,0.115700,0.256780,-1.173266,1.212659,0.221485
12,157.531829,11,0.550000,0.924127,0.954795,0.484221,-0.576413,-0.578838,-0.322385,0.997186,0.054822,-0.051133,0.000088,-0.546731,0.552841,0.121995,0.260637,-0.330835,0.414884,0.204650
12,157.531829,12,0.600000,0.895306,0.925853,0.468102,-0.625629,-0.631615,-0.335648,0.998449,0.041027,-0.037512,0.003187,-0.565833,0.571054,0.127813,0.265643,0.382238,-0.275705,0.190430
12,157.531829,13,0.650000,0.864025,0.894272,0.451319,-0.662349,-0.672035,-0.337256,0.999347,0.026732,-0.023429,0.006431,-0.549491,0.554524,0.133226,0.270197,0.940735,-0.832171,0.177906
12,157.531829,14,0.700000,0.830907,0.860671,0.434456,-0.685608,-0.698920,-0.328656,0.999822,0.012834,-0.009750,0.009807,-0.505258,0.510137,0.138282,0.273416,1.335366,-1.241461,0.166174
12,157.531829,15,0.750000,0.796627,0.825725,0.418024,-0.695352,-0.712011,-0.313094,0.999908,0.000046,0.002832,0.013301,-0.441167,0.445413,0.143006,0.275040,1.577131,-1.510285,0.154511
12,157.531829,16,0.800000,0.761859,0.790124,0.402369,-0.692466,-0.712020,-0.294269,0.999700,-0.011118,0.013818,0.016906,-0.364728,0.367504,0.147398,0.275253,1.679153,-1.646346,0.142360
12,157.531829,17,0.850000,0.727236,0.754523,0.387655,-0.678576,-0.700450,-0.275362,0.999319,-0.020336,0.022888,0.020612,-0.282826,0.283147,0.151444,0.274464,1.660927,-1.663861,0.129397
12,157.531829,18,0.900000,0.693307,0.719501,0.373887,-0.655752,-0.679312,-0.258549,0.998878,-0.027460,0.029891,0.024412,-0.201407,0.198328,0.155122,0.273148,1.545865,-1.581594,0.115526
12,157.531829,19,0.950000,0.660520,0.685535,0.360960,-0.626224,-0.650825,-0.244887,0.998464,-0.032494,0.034826,0.028299,-0.125281,0.118063,0.158406,0.271726,1.359353,-1.421282,0.100836
12,157.531829,20,1.000000,0.629209,0.652994,0.348716,-0.592155,-0.617182,-0.234474,0.998130,-0.035566,0.037812,0.032265,-0.058023,0.046245,0.161272,0.270496,1.135444,-1.215429,0.085588
12,157.531829,21,1.050000,0.599601,0.622135,0.336992,-0.555494,-0.580395,-0.226756,0.997895,-0.036898,0.039063,0.036303,-0.001534,-0.014881,0.163705,0.269605,0.899880,-0.989057,0.070110
12,157.531829,22,1.100000,0.571826,0.593115,0.325654,-0.517908,-0.542213,-0.220870,0.997751,-0.036763,0.038841,0.040402,0.043552,-0.064344,0.165698,0.269074,0.675733,-0.765945,0.054803
12,157.531829,23,1.150000,0.545931,0.566004,0.314611,-0.480768,-0.504095,-0.215936,0.997676,-0.035450,0.037432,0.044552,0.077743,-0.102367,0.167256,0.268837,0.479630,-0.564489,0.040150
12,157.531829,24,1.200000,0.521892,0.540799,0.303814,-0.445156,-0.467219,-0.211235,0.997640,-0.033240,0.035113,0.048741,0.102375,-0.130098,0.168397,0.268795,0.312464,-0.388209,0.026762
12,157.531829,25,1.250000,0.499635,0.517438,0.293252,-0.411896,-0.432501,-0.206294,0.997617,-0.030380,0.032132,0.052958,0.118829,-0.148854,0.169158,0.268850,0.158041,-0.224553,0.015443
12,157.531829,26,1.300000,0.479040,0.495813,0.282937,-0.381579,-0.400628,-0.200870,0.997583,-0.027083,0.028705,0.057193,0.127687,-0.159319,0.169597,0.268933,0.020826,-0.080364,0.006986
12,157.531829,27,1.350000,0.459961,0.475782,0.272894,-0.354599,-0.372083,-0.194896,0.997519,-0.023548,0.025028,0.061438,0.129754,-0.162515,0.169795,0.268985,-0.099625,0.046078,0.001435
12,157.531829,28,1.400000,0.442231,0.457178,0.263149,-0.331168,-0.347149,-0.188453,0.997414,-0.019956,0.021274,0.065685,0.125820,-0.159375,0.169836,0.268971,-0.238682,0.185968,-0.001368
12,157.531829,29,1.450000,0.425672,0.439820,0.253726,-0.311336,-0.325929,-0.181707,0.997261,-0.016466,0.017591,0.069931,0.114913,-0.149266,0.169797,0.268885,-0.333660,0.297265,-0.002988
12,157.531829,30,1.500000,0.410106,0.423524,0.244641,-0.295012,-0.308350,-0.174849,0.997057,-0.013265,0.014140,0.074174,0.099192,-0.133662,0.169712,0.268715,-0.381563,0.395561,-0.004755
12,157.531829,31,1.550000,0.395355,0.408106,0.235899,-0.281960,-0.294143,-0.168102,0.996805,-0.010485,0.011048,0.078412,0.080975,-0.113245,0.169577,0.268486,-0.432162,0.506456,-0.006648
12,157.531829,32,1.600000,0.381257,0.393399,0.227493,-0.271826,-0.282889,-0.161637,0.996510,-0.008198,0.008429,0.082644,0.060095,-0.087401,0.169388,0.268227,-0.408713,0.542160,-0.009478
12,157.531829,33,1.650000,0.367666,0.379255,0.219412,-0.264154,-0.274081,-0.155558,0.996178,-0.006485,0.006411,0.086868,0.040222,-0.059907,0.169119,0.267967,-0.341700,0.519798,-0.013505
12,157.531829,34,1.700000,0.354458,0.365551,0.211634,-0.258375,-0.267117,-0.149904,0.995816,-0.005326,0.005034,0.091082,0.023521,-0.033659,0.168735,0.267744,-0.272881,0.466523,-0.019067
12,157.531829,35,1.750000,0.341539,0.352195,0.204138,-0.253885,-0.261403,-0.144635,0.995430,-0.004642,0.004272,0.095283,0.010092,-0.010182,0.168193,0.267570,-0.190755,0.337037,-0.026616
12,157.531829,36,1.800000,0.328845,0.339125,0.196907,-0.250110,-0.256420,-0.139673,0.995023,-0.004349,0.004062,0.099468,0.000620,0.006734,0.167436,0.267451,-0.123024,0.206641,-0.036543
12,157.531829,37,1.850000,0.316339,0.326304,0.189923,-0.246535,-0.251734,-0.134928,0.994597,-0.004333,0.004249,0.103632,-0.005574,0.017070,0.166398,0.267368,-0.037421,0.098524,-0.050456
12,157.531829,38,1.900000,0.304013,0.313717,0.183177,-0.242795,-0.247030,-0.130339,0.994155,-0.004498,0.004677,0.107767,-0.007553,0.021961,0.164963,0.267302,0.004137,0.038346,-0.068222
12,157.531829,39,1.950000,0.291873,0.301366,0.176660,-0.238672,-0.242104,-0.125876,0.993699,-0.004726,0.005221,0.111864,-0.007484,0.023831,0.163024,0.267236,-0.051052,0.072525,-0.089915
12,157.531829,40,2.000000,0.279939,0.289260,0.170366,-0.234060,-0.236878,-0.121544,0.993230,-0.004957,0.005811,0.115911,-0.010184,0.027411,0.160468,0.267155,0.002451,-0.007035,-0.115760
12,157.531829,41,2.050000,0.268236,0.277417,0.164289,-0.228917,-0.231340,-0.117370,0.992752,-0.005266,0.006482,0.119893,-0.010228,0.026997,0.157178,0.267095,0.002500,-0.024542,-0.146717
12,157.531829,42,2.100000,0.256791,0.265850,0.158420,-0.223176,-0.225400,-0.113318,0.992267,-0.005575,0.007142,0.123791,-0.010264,0.025709,0.153008,0.267023,0.023833,-0.030758,-0.183488
12,157.531829,43,2.150000,0.245632,0.254580,0.152754,-0.216849,-0.219054,-0.109411,0.991780,-0.005882,0.007770,0.127584,-0.009222,0.024112,0.147792,0.266951,0.015963,-0.005475,-0.224910
12,157.531829,44,2.200000,0.234789,0.243627,0.147284,-0.209973,-0.212306,-0.105652,0.991295,-0.006159,0.008360,0.131246,-0.008559,0.023786,0.141399,0.266875,-0.084442,0.094298,-0.269432
12,157.531829,45,2.250000,0.224291,0.233012,0.142001,-0.202581,-0.205187,-0.102045,0.990819,-0.006419,0.008943,0.134747,-0.012909,0.028455,0.133741,0.266803,-0.027864,-0.004082,-0.309605
12,157.531829,46,2.300000,0.214162,0.222752,0.136899,-0.194680,-0.197712,-0.098584,0.990354,-0.006805,0.009626,0.138058,-0.014446,0.028186,0.124940,0.266738,0.027677,-0.126797,-0.349515
12,157.531829,47,2.350000,0.204428,0.212867,0.131970,-0.186190,-0.189741,-0.095262,0.989908,-0.007230,0.010295,0.141149,-0.013196,0.021777,0.115005,0.266662,0.096376,-0.268281,-0.385282
12,157.531829,48,2.400000,0.195118,0.203380,0.127207,-0.177133,-0.181237,-0.092100,0.989490,-0.007604,0.010808,0.143994,-0.008472,0.008306,0.104054,0.266574,0.160572,-0.340257,-0.413865
12,157.531829,49,2.450000,0.186261,0.194318,0.122602,-0.167656,-0.172272,-0.089116,0.989109,-0.007815,0.011003,0.146568,-0.000477,-0.008741,0.092290,0.266488,0.228174,-0.181041,-0.432691
12,157.531829,50,2.500000,0.177879,0.185704,0.118146,-0.158045,-0.163051,-0.086299,0.988770,-0.007769,0.010803,0.148852,0.010963,-0.017794,0.079991,0.266426,0.175455,-0.201196,-0.463696
12,157.531829,51,2.550000,0.169976,0.177551,0.113831,-0.148647,-0.153884,-0.083593,0.988477,-0.007411,0.010419,0.150829,0.019790,-0.027821,0.066810,0.266364,0.046414,-0.170975,-0.484408
12,157.531829,52,2.600000,0.162544,0.169857,0.109651,-0.139589,-0.145107,-0.080987,0.988234,-0.006799,0.009819,0.152480,0.022181,-0.036320,0.053041,0.266317,-0.107952,-0.103340,-0.493785
12,157.531829,53,2.650000,0.155565,0.162602,0.105602,-0.131041,-0.137003,-0.078448,0.988043,-0.006100,0.009015,0.153791,0.016856,-0.041442,0.039005,0.266278,-0.187248,0.022294,-0.489084
12,157.531829,54,2.700000,0.149013,0.155752,0.101680,-0.123182,-0.129692,-0.075957,0.987904,-0.005515,0.008062,0.154757,0.007555,-0.040302,0.025103,0.266241,-0.006252,0.240442,-0.464804
12,157.531829,55,2.750000,0.142854,0.149267,0.097882,-0.116170,-0.123089,-0.073513,0.987816,-0.005168,0.007099,0.155381,0.007281,-0.028273,0.011892,0.266197,-0.011195,0.132011,-0.496197
12,157.531829,56,2.800000,0.137045,0.143113,0.094206,-0.110048,-0.116969,-0.071131,0.987775,-0.004876,0.006431,0.155677,0.006734,-0.021669,-0.002213,0.266137,0.005514,-0.012832,-0.506854
12,157.531829,57,2.850000,0.131543,0.137264,0.090650,-0.104535,-0.111235,-0.068849,0.987788,-0.004626,0.005922,0.155623,0.007008,-0.022311,-0.016620,0.266082,0.047973,-0.136384,-0.498322
12,157.531829,58,2.900000,0.126316,0.131702,0.087207,-0.099480,-0.105824,-0.066660,0.987856,-0.004368,0.005396,0.155215,0.009393,-0.029135,-0.030784,0.266036,0.106708,-0.165965,-0.471780
12,157.531829,59,2.950000,0.121342,0.126411,0.083874,-0.094895,-0.100747,-0.064549,0.987980,-0.004027,0.004710,0.154456,0.014694,-0.037444,-0.044195,0.265998,0.096645,0.073229,-0.427207
12,157.531829,60,3.000000,0.116597,0.121374,0.080647,-0.090924,-0.096110,-0.062499,0.988156,-0.003525,0.003837,0.153366,0.019463,-0.033807,-0.056338,0.265956,0.178013,-0.002368,-0.442643
12,157.531829,61,3.050000,0.112051,0.116568,0.077522,-0.087722,-0.092100,-0.060515,0.988375,-0.002920,0.003071,0.151976,0.028292,-0.033967,-0.068920,0.265914,0.171205,-0.033569,-0.443233
12,157.531829,62,3.100000,0.107665,0.111963,0.074496,-0.085169,-0.088798,-0.058600,0.988640,-0.002097,0.002335,0.150273,0.036763,-0.035720,-0.081519,0.265873,0.060061,-0.032453,-0.429438
12,157.531829,63,3.150000,0.103406,0.107524,0.071566,-0.083207,-0.086410,-0.056751,0.988947,-0.001059,0.001586,0.148257,0.039656,-0.037456,-0.093725,0.265829,-0.173262,0.021622,-0.401750
12,157.531829,64,3.200000,0.099246,0.103203,0.068728,-0.081817,-0.085148,-0.054979,0.989293,0.000056,0.000804,0.145939,0.030859,-0.036516,-0.105145,0.265774,-0.569747,0.175479,-0.362005
12,157.531829,65,3.250000,0.095155,0.098946,0.065979,-0.081026,-0.085087,-0.053305,0.989673,0.000951,0.000014,0.143337,0.002226,-0.027865,-0.115435,0.265709,-0.402048,0.212471,-0.342693
12,157.531829,66,3.300000,0.091104,0.094691,0.063314,-0.080879,-0.086011,-0.051753,0.990083,0.001106,-0.000665,0.140480,-0.017998,-0.017252,-0.125176,0.265667,-0.208163,0.330218,-0.315727
12,157.531829,67,3.350000,0.087060,0.090391,0.060726,-0.081374,-0.087181,-0.050279,0.990518,0.000723,-0.001152,0.137380,-0.028488,-0.000655,-0.134150,0.265631,-0.027114,0.439001,-0.284410
12,157.531829,68,3.400000,0.082991,0.086032,0.058213,-0.082399,-0.088041,-0.048872,0.990973,0.000024,-0.001263,0.134056,-0.029847,0.021440,-0.142234,0.265607,-0.022014,0.468993,-0.251448
12,157.531829,69,3.450000,0.078871,0.081630,0.055769,-0.083627,-0.088230,-0.047508,0.991444,-0.000783,-0.000832,0.130531,-0.030832,0.045051,-0.149382,0.265599,-0.467950,0.094194,-0.221298
12,157.531829,70,3.500000,0.074690,0.077218,0.053394,-0.084540,-0.087573,-0.046160,0.991924,-0.001691,0.000181,0.126825,-0.053974,0.049935,-0.155672,0.265614,-0.164896,0.071181,-0.178699
12,157.531829,71,3.550000,0.070463,0.072839,0.051086,-0.084574,-0.085900,-0.044785,0.992405,-0.003189,0.001241,0.122962,-0.061924,0.053813,-0.160751,0.265596,0.181130,0.082679,-0.142714
12,157.531829,72,3.600000,0.066234,0.068544,0.048846,-0.083748,-0.082637,-0.043451,0.992883,-0.004896,0.002373,0.118970,-0.052539,0.058325,-0.164808,0.265559,0.515360,-0.000242,-0.116485
12,157.531829,73,3.650000,0.062047,0.064413,0.046674,-0.082003,-0.077579,-0.042204,0.993353,-0.006383,0.003645,0.114874,-0.026407,0.058641,-0.168119,0.265504,0.647475,-0.150763,-0.105513
12,157.531829,74,3.700000,0.057947,0.060534,0.044564,-0.079164,-0.070932,-0.041084,0.993816,-0.007222,0.004998,0.110691,0.006341,0.051272,-0.171118,0.265446,0.259836,-0.467565,-0.116636
12,157.531829,75,3.750000,0.053988,0.056987,0.042509,-0.075066,-0.063332,-0.040094,0.994274,-0.007228,0.006259,0.106428,0.019666,0.027852,-0.174434,0.265396,0.410620,-0.534891,-0.070232
12,157.531829,76,3.800000,0.050235,0.053820,0.040505,-0.069706,-0.055613,-0.039210,0.994728,-0.006840,0.006972,0.102083,0.040381,0.000978,-0.176430,0.265355,0.474673,-0.470815,-0.046066
12,157.531829,77,3.850000,0.046750,0.051040,0.038544,-0.063577,-0.048226,-0.038406,0.995175,-0.005869,0.007069,0.097688,0.064122,-0.022834,-0.177739,0.265352,0.457558,-0.342785,-0.044558
12,157.531829,78,3.900000,0.043571,0.048629,0.036624,-0.057226,-0.041807,-0.037597,0.995611,-0.004250,0.006631,0.093257,0.086845,-0.040405,-0.179006,0.265374,0.296301,-0.255076,-0.066435
12,157.531829,79,3.950000,0.040710,0.046538,0.034744,-0.051127,-0.037040,-0.036724,0.996031,-0.002024,0.005809,0.088790,0.101386,-0.053749,-0.180894,0.265393,-0.097730,-0.395280,-0.114071
12,157.531829,80,4.000000,0.038153,0.044686,0.032908,-0.045617,-0.034552,-0.035793,0.996432,0.000594,0.004686,0.084272,0.096131,-0.074209,-0.184137,0.265373,-0.219916,-0.211959,-0.093618
12,157.531829,81,4.050000,0.035873,0.042959,0.031118,-0.040978,-0.034746,-0.034882,0.996812,0.003123,0.003043,0.079672,0.084616,-0.085479,-0.186798,0.265347,-0.416310,0.043556,-0.087815
12,157.531829,82,4.100000,0.033824,0.041221,0.029374,-0.037752,-0.037568,-0.034018,0.997168,0.005388,0.001096,0.075002,0.063195,-0.083901,-0.189294,0.265287,-0.618547,0.333368,-0.100622
12,157.531829,83,4.150000,0.031936,0.039343,0.027673,-0.036282,-0.042766,-0.033276,0.997502,0.007116,-0.000852,0.070269,0.031664,-0.067687,-0.192154,0.265204,-1.016979,0.801898,-0.123285
12,157.531829,84,4.200000,0.030122,0.037205,0.026009,-0.036625,-0.049796,-0.032709,0.997820,0.008028,-0.002450,0.065465,-0.019678,-0.027823,-0.195658,0.265111,-1.050491,0.617412,-0.165233
12,157.531829,85,4.250000,0.028291,0.034715,0.024374,-0.038509,-0.057819,-0.032332,0.998130,0.007595,-0.003137,0.060577,-0.072409,0.003194,-0.200355,0.265109,-0.801199,0.486674,-0.142971
12,157.531829,86,4.300000,0.026365,0.031824,0.022757,-0.041132,-0.065449,-0.031955,0.998433,0.005799,-0.003129,0.055572,-0.112445,0.028078,-0.204419,0.265174,-0.433530,0.326819,-0.114114
12,157.531829,87,4.350000,0.024309,0.028551,0.021160,-0.043883,-0.071306,-0.031435,0.998718,0.002969,-0.002554,0.050464,-0.133904,0.045292,-0.207663,0.265244,-0.055364,0.211077,-0.072771
12,157.531829,88,4.400000,0.022115,0.024986,0.019588,-0.046242,-0.074345,-0.030757,0.998973,-0.000418,-0.001577,0.045273,-0.136315,0.056901,-0.209731,0.265268,0.266918,0.179126,-0.015463
12,157.531829,89,4.450000,0.019802,0.021269,0.018050,-0.047808,-0.074005,-0.030023,0.999191,-0.003879,-0.000312,0.040028,-0.122516,0.066942,-0.210171,0.265225,0.463790,0.283987,0.059210
12,157.531829,90,4.500000,0.017412,0.017569,0.016549,-0.048267,-0.070210,-0.029380,0.999370,-0.007004,0.001217,0.034770,-0.098792,0.082119,-0.208488,0.265135,0.734638,-0.135306,0.167635
12,157.531829,91,4.550000,0.014999,0.014058,0.015080,-0.047312,-0.063294,-0.028938,0.999513,-0.009550,0.003146,0.029549,-0.061411,0.076135,-0.203723,0.265023,0.909396,-0.516080,0.289543
12,157.531829,92,4.600000,0.012633,0.010893,0.013633,-0.044503,-0.053833,-0.028755,0.999627,-0.011157,0.004954,0.024445,-0.015352,0.050806,-0.195492,0.264925,0.942271,-0.695124,0.423517
12,157.531829,93,4.650000,0.010408,0.008202,0.012195,-0.039911,-0.042772,-0.028800,0.999723,-0.011596,0.006160,0.019547,0.032138,0.016164,-0.183454,0.264895,0.828796,-0.604558,0.568824
12,157.531829,94,4.700000,0.008412,0.006063,0.010755,-0.034092,-0.031280,-0.028923,0.999808,-0.010828,0.006527,0.014952,0.073690,-0.014288,-0.167286,0.264948,0.505075,0.079313,0.726686
12,157.531829,95,4.750000,0.006708,0.004499,0.009309,-0.027847,-0.020561,-0.028936,0.999883,-0.009008,0.006152,0.010762,0.098854,-0.010790,-0.146630,0.265016,0.226442,-0.021682,0.831406
12,157.531829,96,4.800000,0.005315,0.003471,0.007862,-0.021905,-0.011655,-0.028783,0.999936,-0.006557,0.005875,0.007084,0.110116,-0.012424,-0.122997,0.265090,-0.187704,-0.096997,0.937889
12,157.531829,97,4.850000,0.004220,0.002888,0.006423,-0.016183,-0.005176,-0.028451,0.999969,-0.003820,0.005564,0.003995,0.100672,-0.017788,-0.096338,0.265123,-0.613051,-0.121401,1.044387
12,157.531829,98,4.900000,0.003411,0.002630,0.005001,-0.010734,-0.001404,-0.028028,0.999985,-0.001315,0.005120,0.001574,0.069955,-0.024227,-0.066652,0.265080,-0.842297,0.026735,1.152387
12,157.531829,99,4.950000,0.002874,0.002559,0.003599,-0.005709,-0.000105,-0.027665,0.999990,0.000426,0.004515,-0.000100,0.027779,-0.023067,-0.033896,0.279826,-0.563750,0.450358,1.267604
12,157.531829,100,5.000000,0.002589,0.002554,0.002216,-0.001030,-0.000547,0.000009,0.999991,0.001117,0.003939,-0.000951,-0.000439,-0.000585,0.002136,0,0,0,0
13,156.246115,0,0.000000,1.028797,1.057040,0.639688,-0.003971,-0.003227,-0.090881,0.999809,0.001131,-0.001119,-0.019466,0.000000,0.000000,0.000000,0.080000,10.811622,-10.556770,-0.214298
13,156.246115,1,0.050000,1.028598,1.056878,0.635144,-0.004309,-0.003556,-0.433233,0.999809,0.001131,-0.001119,-0.019466,0.540581,-0.527839,-0.006091,0.168733,5.003454,-4.036355,-0.304004
13,156.246115,2,0.100000,1.028383,1.056700,0.613482,-0.005022,-0.004249,-0.611267,0.999598,0.014384,-0.014573,-0.019614,0.790632,-0.729781,-0.014733,0.280794,0.258570,0.274349,-0.313223
13,156.246115,3,0.150000,1.028131,1.056488,0.582919,-0.020465,-0.018904,-0.582214,0.998679,0.033777,-0.033180,-0.019950,0.803152,-0.716506,-0.023636,0.327701,-2.815570,2.837261,-0.287233
13,156.246115,4,0.200000,1.027108,1.055543,0.553808,-0.061501,-0.059042,-0.468582,0.997034,0.053472,-0.051431,-0.020471,0.661731,-0.575363,-0.031800,0.332244,-4.418949,4.082276,-0.253757
13,156.246115,5,0.250000,1.024033,1.052591,0.530379,-0.125948,-0.123351,-0.350589,0.995154,0.069696,-0.066053,-0.021177,0.440089,-0.372048,-0.039013,0.315505,-4.942415,4.415997,-0.219602
13,156.246115,6,0.300000,1.017736,1.046423,0.512850,-0.204484,-0.202764,-0.267594,0.993648,0.080504,-0.075466,-0.022067,0.192418,-0.151900,-0.045255,0.292810,-4.747954,4.153013,-0.186521
13,156.246115,7,0.350000,1.007512,1.036285,0.499470,-0.287733,-0.287708,-0.229058,0.992930,0.085284,-0.079253,-0.023133,-0.045241,0.055420,-0.050557,0.273213,-4.111710,3.529034,-0.154653
13,156.246115,8,0.400000,0.993125,1.021900,0.488017,-0.369358,-0.371541,-0.227324,0.993105,0.084293,-0.077743,-0.024360,-0.250720,0.231959,-0.054953,0.260688,-3.237938,2.718191,-0.123711
13,156.246115,9,0.450000,0.974657,1.003323,0.476651,-0.445885,-0.450537,-0.247765,0.994013,0.078313,-0.071713,-0.025722,-0.412133,0.368391,-0.058470,0.255608,-2.275033,1.847707,-0.093359
13,156.246115,10,0.500000,0.952363,0.980796,0.464263,-0.515276,-0.522486,-0.275592,0.995347,0.068407,-0.062173,-0.027190,-0.525067,0.461691,-0.061123,0.256274,-1.321290,1.000500,-0.063314
13,156.246115,11,0.550000,0.926599,0.954671,0.450483,-0.575780,-0.585508,-0.299621,0.996768,0.055741,-0.050215,-0.028733,-0.590061,0.512934,-0.062923,0.260264,-0.449575,0.239132,-0.033469
13,156.246115,12,0.600000,0.897810,0.925396,0.435502,-0.625572,-0.637675,-0.313577,0.997997,0.041477,-0.036915,-0.030321,-0.611315,0.526300,-0.063874,0.265343,0.293156,-0.396682,-0.003847
13,156.246115,13,0.650000,0.866531,0.893512,0.419823,-0.663013,-0.677254,-0.315730,0.998864,0.026677,-0.023249,-0.031926,-0.595381,0.507948,-0.063984,0.269916,0.881133,-0.886222,0.025431
13,156.246115,14,0.700000,0.833381,0.859650,0.404037,-0.687080,-0.703151,-0.307638,0.999312,0.012250,-0.010045,-0.033525,-0.550091,0.465082,-0.063261,0.273123,1.305994,-1.224561,0.054200
13,156.246115,15,0.750000,0.799027,0.824492,0.388655,-0.697650,-0.715193,-0.292607,0.999381,-0.001087,0.002054,-0.035095,-0.483675,0.405175,-0.061720,0.274732,1.581519,-1.428600,0.082325
13,156.246115,16,0.800000,0.764144,0.788732,0.374024,-0.695522,-0.714161,-0.274349,0.999168,-0.012818,0.012598,-0.036619,-0.403650,0.334878,-0.059380,0.274943,1.724547,-1.516975,0.109700
13,156.246115,17,0.850000,0.729368,0.753024,0.360307,-0.682226,-0.701589,-0.256024,0.998792,-0.022611,0.021312,-0.038079,-0.316668,0.259939,-0.056262,0.274166,1.758305,-1.514228,0.136324
13,156.246115,18,0.900000,0.695257,0.717945,0.347506,-0.659737,-0.679481,-0.239789,0.998367,-0.030299,0.028071,-0.039460,-0.228198,0.184904,-0.052387,0.272863,1.706386,-1.444700,0.162344
13,156.246115,19,0.950000,0.662270,0.683971,0.335516,-0.630207,-0.650030,-0.226710,0.997985,-0.035848,0.032870,-0.040747,-0.142511,0.113122,-0.047772,0.271438,1.589949,-1.329559,0.188089
13,156.246115,20,1.000000,0.630760,0.651469,0.324181,-0.595760,-0.615410,-0.216926,0.997705,-0.039327,0.035794,-0.041922,-0.062808,0.046903,-0.042426,0.270176,1.408297,-1.168348,0.214191
13,156.246115,21,1.050000,0.600972,0.620699,0.313335,-0.558375,-0.577650,-0.209929,0.997554,-0.040882,0.036988,-0.042970,0.007682,-0.011414,-0.036338,0.269243,1.182530,-0.980431,0.241354
13,156.246115,22,1.100000,0.573053,0.591816,0.302838,-0.519829,-0.538567,-0.204863,0.997533,-0.040737,0.036658,-0.043872,0.066793,-0.060446,-0.029477,0.268688,0.928742,-0.776288,0.269607
13,156.246115,23,1.150000,0.547061,0.564888,0.292595,-0.481660,-0.499729,-0.200781,0.997621,-0.039164,0.035048,-0.044607,0.113163,-0.099335,-0.021814,0.268467,0.627117,-0.535913,0.298833
13,156.246115,24,1.200000,0.522978,0.539902,0.282556,-0.445157,-0.462434,-0.196866,0.997788,-0.036471,0.032422,-0.045152,0.144436,-0.126224,-0.013320,0.268498,0.353743,-0.310671,0.327548
13,156.246115,25,1.250000,0.500720,0.516780,0.272713,-0.411349,-0.427702,-0.192516,0.997995,-0.033021,0.029098,-0.045486,0.162059,-0.141831,-0.004009,0.268634,0.123201,-0.093060,0.354539
13,156.246115,26,1.300000,0.480153,0.495395,0.263087,-0.380962,-0.396230,-0.187473,0.998213,-0.029142,0.025371,-0.045586,0.168198,-0.146508,0.006069,0.268770,-0.104426,0.136320,0.380022
13,156.246115,27,1.350000,0.461105,0.475583,0.253713,-0.354429,-0.368424,-0.181737,0.998420,-0.025107,0.021528,-0.045434,0.163010,-0.139654,0.016871,0.268846,-0.245190,0.285701,0.403442
13,156.246115,28,1.400000,0.443384,0.457162,0.244626,-0.331891,-0.344438,-0.175463,0.998602,-0.021187,0.017867,-0.045012,0.150840,-0.125264,0.028338,0.268799,-0.323930,0.368620,0.424837
13,156.246115,29,1.450000,0.426789,0.439940,0.235853,-0.313179,-0.324175,-0.168952,0.998757,-0.017550,0.014585,-0.044305,0.134779,-0.106671,0.040414,0.268651,-0.377964,0.409593,0.444199
13,156.246115,30,1.500000,0.411130,0.423731,0.227406,-0.297911,-0.307377,-0.162467,0.998890,-0.014288,0.011790,-0.043298,0.116044,-0.085985,0.053040,0.268442,-0.393091,0.361584,0.461402
13,156.246115,31,1.550000,0.396234,0.408363,0.219282,-0.285587,-0.293695,-0.156193,0.999007,-0.011467,0.009536,-0.041977,0.096563,-0.067672,0.066155,0.268203,-0.395763,0.297954,0.476266
13,156.246115,32,1.600000,0.381955,0.393678,0.211473,-0.275646,-0.282713,-0.150242,0.999115,-0.009111,0.007763,-0.040328,0.076944,-0.052532,0.079693,0.267970,-0.353707,0.240781,0.487256
13,156.246115,33,1.650000,0.368173,0.379542,0.203961,-0.267583,-0.273990,-0.144643,0.999218,-0.007226,0.006392,-0.038340,0.059418,-0.040260,0.093543,0.267760,-0.329949,0.215544,0.494466
13,156.246115,34,1.700000,0.354794,0.365843,0.196728,-0.260975,-0.267072,-0.139383,0.999321,-0.005766,0.005346,-0.036005,0.043063,-0.029272,0.107598,0.267576,-0.380183,0.269963,0.497673
13,156.246115,35,1.750000,0.341745,0.352489,0.189759,-0.255475,-0.261553,-0.134433,0.999423,-0.004702,0.004591,-0.033319,0.024174,-0.015598,0.121744,0.267406,-0.304365,0.198788,0.496413
13,156.246115,36,1.800000,0.328971,0.339411,0.183038,-0.250775,-0.257050,-0.129780,0.999524,-0.004097,0.004196,-0.030277,0.009027,-0.005547,0.135855,0.267283,-0.269167,0.178668,0.489364
13,156.246115,37,1.850000,0.316432,0.326559,0.176549,-0.246501,-0.253122,-0.125346,0.999623,-0.003861,0.004064,-0.026883,-0.004402,0.003433,0.149765,0.267182,-0.204085,0.161451,0.475388
13,156.246115,38,1.900000,0.304107,0.313903,0.170281,-0.242378,-0.249411,-0.121096,0.999716,-0.003954,0.004167,-0.023140,-0.014626,0.011481,0.163278,0.267107,-0.163640,0.169730,0.455180
13,156.246115,39,1.950000,0.291988,0.301432,0.164226,-0.238166,-0.245596,-0.116987,0.999799,-0.004295,0.004479,-0.019059,-0.022879,0.019876,0.176216,0.267042,-0.215101,0.249270,0.429838
13,156.246115,40,2.000000,0.280080,0.289152,0.158377,-0.233656,-0.241433,-0.113003,0.999868,-0.004838,0.005005,-0.014654,-0.033767,0.032187,0.188434,0.266975,-0.113714,0.130749,0.406382
13,156.246115,41,2.050000,0.268397,0.277081,0.152727,-0.228637,-0.236723,-0.109152,0.999918,-0.005647,0.005845,-0.009943,-0.039683,0.038483,0.199985,0.266947,-0.019371,-0.012507,0.380200
13,156.246115,42,2.100000,0.256965,0.265245,0.147269,-0.222803,-0.231198,-0.105371,0.999943,-0.006600,0.006845,-0.004943,-0.040944,0.037556,0.210792,0.266908,0.082462,-0.175285,0.354487
13,156.246115,43,2.150000,0.245825,0.253685,0.142001,-0.216004,-0.224707,-0.101686,0.999941,-0.007583,0.007824,0.000327,-0.037121,0.028465,0.220868,0.266851,0.175262,-0.270147,0.331408
13,156.246115,44,2.200000,0.235025,0.242449,0.136917,-0.208275,-0.217211,-0.098135,0.999910,-0.008467,0.008577,0.005850,-0.028597,0.014646,0.230289,0.266770,0.268368,-0.135409,0.312641
13,156.246115,45,2.250000,0.224611,0.231589,0.132010,-0.199850,-0.208796,-0.094761,0.999850,-0.009135,0.008987,0.011610,-0.015306,0.007626,0.239175,0.266676,0.238970,-0.178796,0.275931
13,156.246115,46,2.300000,0.214619,0.221149,0.127272,-0.191080,-0.199672,-0.091578,0.999758,-0.009466,0.009228,0.017590,-0.003427,-0.001453,0.247019,0.266588,0.129590,-0.170414,0.243223
13,156.246115,47,2.350000,0.205065,0.211165,0.122693,-0.182135,-0.190168,-0.088569,0.999630,-0.009494,0.009248,0.023764,0.003066,-0.010006,0.253932,0.266510,-0.010014,-0.123203,0.214912
13,156.246115,48,2.400000,0.195958,0.201657,0.118264,-0.173232,-0.180583,-0.085705,0.999462,-0.009352,0.009060,0.030111,0.002662,-0.016136,0.260041,0.266448,-0.081082,-0.016035,0.193035
13,156.246115,49,2.450000,0.187297,0.192628,0.113979,-0.164574,-0.171090,-0.082950,0.999249,-0.009214,0.008720,0.036611,-0.001233,-0.016912,0.265528,0.266396,0.101066,0.187001,0.182668
13,156.246115,50,2.500000,0.179068,0.184073,0.109832,-0.156310,-0.161691,-0.080283,0.998987,-0.009172,0.008357,0.043248,0.003991,-0.007574,0.270720,0.266340,0.092994,0.069084,0.109205
13,156.246115,51,2.550000,0.171252,0.175989,0.105817,-0.148466,-0.152296,-0.077712,0.998674,-0.009007,0.008234,0.050009,0.008718,-0.004079,0.273824,0.266281,0.102880,-0.081627,0.049096
13,156.246115,52,2.600000,0.163829,0.168374,0.101932,-0.140800,-0.143019,-0.075245,0.998311,-0.008728,0.008205,0.056843,0.013905,-0.008070,0.275220,0.266221,0.135945,-0.210096,0.000618
13,156.246115,53,2.650000,0.156789,0.161223,0.098170,-0.133214,-0.133968,-0.072884,0.997901,-0.008313,0.008083,0.063709,0.020786,-0.018429,0.275237,0.266166,0.183844,-0.245458,-0.037718
13,156.246115,54,2.700000,0.150128,0.154525,0.094525,-0.125784,-0.125283,-0.070616,0.997447,-0.007709,0.007713,0.070574,0.030171,-0.030485,0.274165,0.266124,0.162355,-0.013089,-0.066051
13,156.246115,55,2.750000,0.143839,0.148261,0.090995,-0.118738,-0.117168,-0.068411,0.996951,-0.006850,0.007059,0.077408,0.038606,-0.030826,0.272288,0.266101,0.230892,-0.093295,-0.161809
13,156.246115,56,2.800000,0.137902,0.142402,0.087574,-0.112324,-0.109899,-0.066226,0.996412,-0.005780,0.006412,0.084191,0.050469,-0.035092,0.267688,0.266065,0.210992,-0.128446,-0.249513
13,156.246115,57,2.850000,0.132286,0.136907,0.084263,-0.106508,-0.103692,-0.064087,0.995838,-0.004405,0.005682,0.090854,0.061375,-0.041001,0.260596,0.266034,0.085822,-0.130841,-0.329069
13,156.246115,58,2.900000,0.126961,0.131723,0.081058,-0.101327,-0.098861,-0.061982,0.995236,-0.002747,0.004830,0.097336,0.066072,-0.046936,0.251242,0.265999,-0.164541,-0.079058,-0.400275
13,156.246115,59,2.950000,0.121894,0.126780,0.077959,-0.096855,-0.095704,-0.059922,0.994613,-0.000959,0.003840,0.103580,0.058292,-0.050259,0.239865,0.265946,-0.584421,0.076125,-0.464057
13,156.246115,60,3.000000,0.117051,0.121994,0.074963,-0.093191,-0.094373,-0.057945,0.993979,0.000644,0.002747,0.109538,0.029529,-0.045922,0.226674,0.265866,-0.451106,0.122966,-0.551629
13,156.246115,61,3.050000,0.112392,0.117276,0.072066,-0.090434,-0.094707,-0.056109,0.993344,0.001519,0.001683,0.115166,0.007368,-0.039520,0.210994,0.265804,-0.298204,0.262563,-0.632390
13,156.246115,62,3.100000,0.107870,0.112540,0.069261,-0.088616,-0.096001,-0.054384,0.992723,0.001824,0.000714,0.120402,-0.007225,-0.026333,0.193019,0.265752,-0.158322,0.405706,-0.706706
13,156.246115,63,3.150000,0.103439,0.107740,0.066541,-0.087702,-0.097699,-0.052755,0.992131,0.001728,0.000030,0.125190,-0.014949,-0.006100,0.172931,0.265708,-0.187532,0.479900,-0.773531
13,156.246115,64,3.200000,0.099054,0.102855,0.063904,-0.087459,-0.099383,-0.051206,0.991581,0.001376,-0.000175,0.129477,-0.024285,0.017797,0.150943,0.265676,-0.655928,0.153220,-0.833463
13,156.246115,65,3.250000,0.094681,0.097886,0.061343,-0.087455,-0.100748,-0.049716,0.991086,0.000716,0.000182,0.133219,-0.057184,0.025319,0.127253,0.265674,-0.364209,0.173269,-0.868917
13,156.246115,66,3.300000,0.090309,0.092849,0.058857,-0.087183,-0.101422,-0.048227,0.990657,-0.000785,0.000617,0.136371,-0.075516,0.033706,0.102554,0.265679,-0.017560,0.226222,-0.897358
13,156.246115,67,3.350000,0.085950,0.087778,0.056446,-0.086687,-0.100575,-0.046729,0.990300,-0.002768,0.001196,0.138911,-0.076525,0.044723,0.077047,0.265666,0.337540,0.177140,-0.919764
13,156.246115,68,3.400000,0.081615,0.082749,0.054110,-0.085900,-0.097714,-0.045264,0.990022,-0.004816,0.002043,0.140817,-0.059779,0.053356,0.050903,0.265628,0.517190,0.043278,-0.939836
13,156.246115,69,3.450000,0.077320,0.077863,0.051846,-0.084577,-0.092740,-0.043886,0.989830,-0.006481,0.003159,0.142073,-0.034023,0.055405,0.024188,0.265573,0.203109,-0.283399,-0.963763
13,156.246115,70,3.500000,0.073091,0.073226,0.049652,-0.082407,-0.085989,-0.042635,0.989733,-0.007517,0.004413,0.142665,-0.023918,0.041203,-0.003206,0.265526,0.441550,-0.391384,-0.913289
13,156.246115,71,3.550000,0.068971,0.068927,0.047520,-0.079166,-0.078053,-0.041495,0.989734,-0.008256,0.005347,0.142581,-0.001836,0.021637,-0.029166,0.265460,0.592524,-0.385220,-0.870691
13,156.246115,72,3.600000,0.065013,0.065024,0.045446,-0.075121,-0.069269,-0.040497,0.989835,-0.008383,0.005870,0.141855,0.027814,0.002378,-0.053915,0.265420,0.654303,-0.327326,-0.838562
13,156.246115,73,3.650000,0.061257,0.061561,0.043421,-0.070578,-0.060294,-0.039581,0.990030,-0.007711,0.006016,0.140516,0.060535,-0.014045,-0.077751,0.265414,0.557152,-0.315704,-0.819610
13,156.246115,74,3.700000,0.057728,0.058546,0.041442,-0.065789,-0.051959,-0.038667,0.990314,-0.006175,0.005866,0.138585,0.088351,-0.030009,-0.101048,0.265435,0.207412,-0.531694,-0.818549
13,156.246115,75,3.750000,0.054438,0.055948,0.039508,-0.060919,-0.045148,-0.037692,0.990676,-0.003898,0.005413,0.136074,0.098606,-0.056932,-0.124315,0.265454,0.104589,-0.415219,-0.745585
13,156.246115,76,3.800000,0.051392,0.053691,0.037624,-0.056168,-0.040627,-0.036654,0.991108,-0.001279,0.004327,0.132986,0.103567,-0.078159,-0.145508,0.265465,-0.105087,-0.195287,-0.688163
13,156.246115,77,3.850000,0.048584,0.051659,0.035791,-0.052119,-0.038814,-0.035573,0.991591,0.001531,0.002730,0.129370,0.097881,-0.088495,-0.165069,0.265441,-0.354671,0.103547,-0.653504
13,156.246115,78,3.900000,0.045978,0.049719,0.034012,-0.049263,-0.039959,-0.034524,0.992114,0.004232,0.000859,0.125267,0.079593,-0.083931,-0.183645,0.265370,-0.835891,0.630470,-0.635328
13,156.246115,79,3.950000,0.043515,0.047721,0.032286,-0.047905,-0.043980,-0.033617,0.992668,0.006465,-0.000954,0.120699,0.037214,-0.052962,-0.201704,0.265243,-0.981338,0.539147,-0.644712
13,156.246115,80,4.000000,0.041120,0.045522,0.030605,-0.048069,-0.050398,-0.032968,0.993255,0.007553,-0.002124,0.115684,-0.012259,-0.026289,-0.220029,0.265164,-0.845655,0.500115,-0.599040
13,156.246115,81,4.050000,0.038716,0.043002,0.028957,-0.049282,-0.058007,-0.032484,0.993877,0.007336,-0.002770,0.110213,-0.054761,-0.001181,-0.237057,0.265156,-0.590156,0.411719,-0.556303
13,156.246115,82,4.100000,0.036252,0.040101,0.027333,-0.051192,-0.065468,-0.032016,0.994522,0.005995,-0.002907,0.104317,-0.084279,0.019897,-0.252870,0.265198,-0.328731,0.347019,-0.509268
13,156.246115,83,4.150000,0.033692,0.036828,0.025732,-0.053417,-0.071622,-0.031451,0.995173,0.003866,-0.002594,0.098025,-0.100525,0.038057,-0.267345,0.265251,-0.099371,0.335594,-0.453208
13,156.246115,84,4.200000,0.031021,0.033247,0.024159,-0.055581,-0.075652,-0.030766,0.995815,0.001289,-0.001868,0.091368,-0.105107,0.055857,-0.280228,0.265286,0.042296,0.454797,-0.384887
13,156.246115,85,4.250000,0.028242,0.029464,0.022621,-0.057293,-0.077081,-0.030001,0.996432,-0.001442,-0.000708,0.084386,-0.102399,0.079714,-0.291168,0.265293,0.291144,0.035692,-0.285016
13,156.246115,86,4.300000,0.025378,0.025610,0.021121,-0.058106,-0.075728,-0.029219,0.997012,-0.004156,0.001051,0.077126,-0.086960,0.082631,-0.299269,0.265254,0.494100,-0.355065,-0.170573
13,156.246115,87,4.350000,0.022472,0.021824,0.019660,-0.057391,-0.071578,-0.028526,0.997546,-0.006490,0.002912,0.069658,-0.061317,0.065865,-0.304118,0.265160,0.610026,-0.563123,-0.040012
13,156.246115,88,4.400000,0.019603,0.018245,0.018234,-0.054983,-0.065021,-0.028039,0.998029,-0.008156,0.004398,0.062066,-0.030055,0.038417,-0.305255,0.265055,0.631141,-0.523901,0.108665
13,156.246115,89,4.450000,0.016854,0.014994,0.016832,-0.051171,-0.056762,-0.027781,0.998463,-0.008999,0.005248,0.054443,0.001947,0.012570,-0.302166,0.264989,0.482704,0.088382,0.279112
13,156.246115,90,4.500000,0.014295,0.012156,0.015443,-0.046509,-0.047664,-0.027666,0.998844,-0.009007,0.005496,0.046896,0.026226,0.016966,-0.294233,0.265000,0.401107,-0.093895,0.408214
13,156.246115,91,4.550000,0.011970,0.009773,0.014059,-0.041536,-0.038581,-0.027534,0.999165,-0.008412,0.005884,0.039540,0.046471,0.011979,-0.282629,0.264997,0.185933,-0.254253,0.552628
13,156.246115,92,4.600000,0.009893,0.007844,0.012683,-0.036093,-0.030104,-0.027402,0.999427,-0.007304,0.006169,0.032470,0.055896,-0.001232,-0.266921,0.265022,-0.080812,-0.358388,0.710726
13,156.246115,93,4.650000,0.008088,0.006338,0.011313,-0.030273,-0.022742,-0.027211,0.999631,-0.005948,0.006135,0.025792,0.051843,-0.019718,-0.246719,0.265052,-0.238612,-0.272141,0.882903
13,156.246115,94,4.700000,0.006575,0.005201,0.009952,-0.024403,-0.016750,-0.026946,0.999781,-0.004677,0.005639,0.019621,0.039728,-0.033810,-0.221623,0.265063,0.004237,0.117611,1.073258
13,156.246115,95,4.750000,0.005354,0.004364,0.008605,-0.018959,-0.012051,-0.026641,0.999883,-0.003699,0.004787,0.014080,0.039655,-0.028264,-0.191116,0.265048,-0.105915,0.110108,1.157946
13,156.246115,96,4.800000,0.004407,0.003761,0.007273,-0.014311,-0.008355,-0.026348,0.999945,-0.002720,0.004077,0.009300,0.034154,-0.023046,-0.158202,0.265021,-0.253531,0.111833,1.250734
13,156.246115,97,4.850000,0.003691,0.003344,0.005955,-0.010334,-0.005648,-0.026092,0.999978,-0.001877,0.003498,0.005343,0.021339,-0.017660,-0.122650,0.264966,-0.348917,0.112968,1.350220
13,156.246115,98,4.900000,0.003174,0.003061,0.004651,-0.006911,-0.003787,-0.025930,0.999992,-0.001352,0.003054,0.002276,0.003811,-0.012111,-0.084270,0.264895,-0.262746,0.115703,1.456305
13,156.246115,99,4.950000,0.002829,0.002872,0.003354,-0.003918,-0.002454,-0.025894,0.999995,-0.001263,0.002748,0.000170,-0.009365,-0.006338,-0.042875,0.278863,0.183796,0.123192,1.570607
13,156.246115,100,5.000000,0.002633,0.002749,0.002060,-0.001080,-0.001149,0.000009,0.999995,-0.001500,0.002588,-0.000901,-0.000185,-0.000163,0.001769,0,0,0,0
14,158.941381,0,0.000000,1.031071,1.058826,0.593679,-0.003529,-0.003105,-0.097961,0.999778,0.001024,-0.001383,-0.021004,0.000000,0.000000,0.000000,0.099176,11.460227,-10.168061,-1.039676
14,158.941381,1,0.050000,1.030894,1.058671,0.588781,-0.004044,-0.003471,-0.404802,0.999778,0.001024,-0.001383,-0.021004,0.573011,-0.508403,-0.029552,0.168114,4.688650,-3.912520,-0.946087
14,158.941381,2,0.100000,1.030692,1.058497,0.568541,-0.004918,-0.004090,-0.583981,0.999547,0.015078,-0.014388,-0.021732,0.806874,-0.704672,-0.056445,0.282389,0.036890,0.286571,-0.854564
14,158.941381,3,0.150000,1.030446,1.058293,0.539342,-0.020302,-0.019526,-0.551993,0.998599,0.034865,-0.032402,-0.023110,0.807209,-0.692072,-0.080735,0.327731,-2.906408,2.695910,-0.770458
14,158.941381,4,0.200000,1.029431,1.057316,0.511742,-0.060555,-0.060878,-0.438334,0.996934,0.054664,-0.050058,-0.025066,0.659768,-0.559750,-0.102635,0.331263,-4.434746,3.887739,-0.690201
14,158.941381,5,0.250000,1.026403,1.054272,0.489825,-0.123463,-0.126200,-0.322124,0.995032,0.070868,-0.064266,-0.027556,0.435850,-0.367932,-0.122254,0.314587,-4.943506,4.206976,-0.615088
14,158.941381,6,0.300000,1.020230,1.047962,0.473719,-0.200245,-0.206297,-0.240720,0.993479,0.081644,-0.073495,-0.030546,0.186968,-0.159606,-0.139738,0.292263,-4.770171,3.945527,-0.545069
14,158.941381,7,0.350000,1.010218,1.037648,0.461683,-0.281981,-0.291667,-0.203055,0.992672,0.086421,-0.077315,-0.033998,-0.052387,0.036679,-0.155231,0.272951,-4.172620,3.335832,-0.479631
14,158.941381,8,0.400000,0.996119,1.023064,0.451531,-0.362538,-0.375735,-0.201683,0.992716,0.085451,-0.076024,-0.037872,-0.260802,0.203779,-0.168864,0.260508,-3.341579,2.552031,-0.418280
14,158.941381,9,0.450000,0.977992,1.004278,0.441446,-0.438477,-0.454803,-0.222383,0.993457,0.079489,-0.070356,-0.042121,-0.426575,0.333052,-0.180754,0.255335,-2.415013,1.719212,-0.360592
14,158.941381,10,0.500000,0.956068,0.981537,0.430327,-0.507742,-0.526681,-0.250697,0.994599,0.069556,-0.061269,-0.046694,-0.545041,0.421939,-0.191004,0.255825,-1.482204,0.914421,-0.306137
14,158.941381,11,0.550000,0.930681,0.955203,0.417792,-0.568559,-0.589518,-0.275588,0.995811,0.056780,-0.049801,-0.051537,-0.616093,0.471611,-0.199705,0.259658,-0.608549,0.191723,-0.254496
14,158.941381,12,0.600000,0.902253,0.925727,0.404013,-0.619066,-0.641426,-0.290725,0.996816,0.042290,-0.036976,-0.056594,-0.642946,0.485867,-0.206939,0.264669,0.164519,-0.418829,-0.205209
14,158.941381,13,0.650000,0.871300,0.893656,0.389477,-0.657542,-0.680697,-0.294190,0.997436,0.027140,-0.023734,-0.061819,-0.630904,0.469975,-0.212772,0.269280,0.811609,-0.902987,-0.157766
14,158.941381,14,0.700000,0.838423,0.859621,0.374767,-0.682826,-0.706232,-0.287320,0.997607,0.012258,-0.010893,-0.067166,-0.586529,0.429920,-0.217257,0.272602,1.319123,-1.257442,-0.111579
14,158.941381,15,0.750000,0.804281,0.824310,0.360401,-0.694629,-0.717840,-0.273273,0.997360,-0.001589,0.000880,-0.072599,-0.517028,0.371884,-0.220428,0.274342,1.664228,-1.469279,-0.065859
14,158.941381,16,0.800000,0.769550,0.788418,0.346737,-0.693619,-0.716295,-0.255735,0.996789,-0.013808,0.011081,-0.078088,-0.430705,0.302745,-0.222300,0.274626,1.856436,-1.554915,-0.019805
14,158.941381,17,0.850000,0.734869,0.752603,0.333951,-0.681288,-0.703175,-0.237987,0.996021,-0.024010,0.019387,-0.083604,-0.335329,0.228633,-0.222863,0.273863,1.908639,-1.529190,0.026691
14,158.941381,18,0.900000,0.700805,0.717444,0.322051,-0.659666,-0.680563,-0.222300,0.995177,-0.031987,0.025646,-0.089122,-0.237963,0.155010,-0.222105,0.272538,1.804162,-1.381426,0.073629
14,158.941381,19,0.950000,0.667821,0.683416,0.310936,-0.631026,-0.650738,-0.209797,0.994352,-0.037703,0.029854,-0.094616,-0.146449,0.087945,-0.220012,0.271094,1.635628,-1.182151,0.119656
14,158.941381,20,1.000000,0.636270,0.650879,0.300446,-0.597639,-0.615932,-0.200594,0.993603,-0.041299,0.032178,-0.100056,-0.063933,0.030060,-0.216611,0.269862,1.428675,-0.938287,0.163819
14,158.941381,21,1.050000,0.606388,0.620083,0.290417,-0.561553,-0.578136,-0.194089,0.992955,-0.042985,0.032861,-0.105415,0.007748,-0.016329,-0.211954,0.268980,1.156394,-0.644425,0.206707
14,158.941381,22,1.100000,0.578310,0.591176,0.280712,-0.524532,-0.539065,-0.189395,0.992404,-0.043010,0.032207,-0.110663,0.065436,-0.048613,-0.206079,0.268480,0.915967,-0.404599,0.248187
14,158.941381,23,1.150000,0.552084,0.564222,0.271243,-0.488017,-0.500167,-0.185580,0.991929,-0.041686,0.030598,-0.115775,0.110854,-0.069354,-0.199024,0.268275,0.695842,-0.216727,0.288604
14,158.941381,24,1.200000,0.527683,0.539214,0.261964,-0.453065,-0.462601,-0.181931,0.991504,-0.039289,0.028349,-0.120721,0.145123,-0.081028,-0.190820,0.268258,0.472261,-0.065387,0.328122
14,158.941381,25,1.250000,0.505030,0.516084,0.252867,-0.420426,-0.427297,-0.177989,0.991108,-0.036071,0.025714,-0.125471,0.168149,-0.085348,-0.181494,0.268341,0.272317,-0.004408,0.366624
14,158.941381,26,1.300000,0.484008,0.494719,0.243968,-0.390599,-0.394973,-0.173511,0.990724,-0.032288,0.022908,-0.129997,0.181177,-0.086727,-0.171073,0.268434,0.081338,0.033912,0.403738
14,158.941381,27,1.350000,0.464478,0.474971,0.235292,-0.363862,-0.366130,-0.168468,0.990342,-0.028180,0.020033,-0.134265,0.184681,-0.086208,-0.159596,0.268497,-0.057377,0.067881,0.437648
14,158.941381,28,1.400000,0.446285,0.456664,0.226869,-0.340371,-0.341052,-0.162941,0.989959,-0.023977,0.017166,-0.138245,0.181290,-0.083932,-0.147156,0.268491,-0.197764,0.120714,0.468191
14,158.941381,29,1.450000,0.429267,0.439611,0.218722,-0.320176,-0.319809,-0.157100,0.989576,-0.019843,0.014373,-0.141912,0.170933,-0.078909,-0.133848,0.268420,-0.389621,0.240034,0.494977
14,158.941381,30,1.500000,0.413258,0.423621,0.210867,-0.303236,-0.302315,-0.151122,0.989198,-0.015942,0.011748,-0.145243,0.151051,-0.067775,-0.119779,0.268284,-0.430753,0.221736,0.517405
14,158.941381,31,1.550000,0.398096,0.408505,0.203311,-0.289388,-0.288342,-0.145190,0.988830,-0.012487,0.009476,-0.148220,0.129205,-0.057375,-0.105072,0.268068,-0.487782,0.241566,0.534004
14,158.941381,32,1.600000,0.383627,0.394088,0.196051,-0.278248,-0.277476,-0.139512,0.988485,-0.009531,0.007546,-0.150829,0.104587,-0.045812,-0.089893,0.267835,-0.489791,0.253607,0.543615
14,158.941381,33,1.650000,0.369714,0.380214,0.189075,-0.269423,-0.269260,-0.134168,0.988173,-0.007136,0.005998,-0.153058,0.079941,-0.033489,-0.074441,0.267604,-0.492972,0.281960,0.546971
14,158.941381,34,1.700000,0.356243,0.366751,0.182367,-0.262466,-0.263181,-0.129191,0.987904,-0.005300,0.004851,-0.154903,0.055198,-0.019616,-0.058893,0.267393,-0.567650,0.374716,0.545316
14,158.941381,35,1.750000,0.343120,0.353592,0.175907,-0.256907,-0.258740,-0.124570,0.987683,-0.004020,0.004145,-0.156361,0.026772,-0.001004,-0.043393,0.267202,-0.474017,0.264947,0.545805
14,158.941381,36,1.800000,0.330275,0.340655,0.169679,-0.252233,-0.255452,-0.120284,0.987515,-0.003367,0.004011,-0.157435,0.003069,0.012199,-0.027878,0.267074,-0.376604,0.124433,0.543859
14,158.941381,37,1.850000,0.317663,0.327883,0.163665,-0.247790,-0.252787,-0.116229,0.987404,-0.003246,0.004298,-0.158125,-0.015748,0.018418,-0.012419,0.266992,-0.260471,-0.041034,0.542885
14,158.941381,38,1.900000,0.305273,0.315243,0.157853,-0.243085,-0.250289,-0.112327,0.987352,-0.003564,0.004814,-0.158431,-0.028763,0.016373,0.003012,0.266944,-0.141070,-0.144209,0.545299
14,158.941381,39,1.950000,0.293119,0.302729,0.152237,-0.237828,-0.247565,-0.108522,0.987359,-0.004208,0.005332,-0.158354,-0.035818,0.009160,0.018512,0.266907,-0.007736,-0.023002,0.553090
14,158.941381,40,2.000000,0.281228,0.290351,0.146811,-0.231964,-0.244292,-0.104795,0.987427,-0.005054,0.005702,-0.157894,-0.036211,0.007984,0.034233,0.266868,0.015656,-0.082164,0.544475
14,158.941381,41,2.050000,0.269630,0.278136,0.141571,-0.225610,-0.240249,-0.101153,0.987555,-0.005911,0.006047,-0.157044,-0.035439,0.003829,0.049710,0.266813,-0.037727,-0.088364,0.541744
14,158.941381,42,2.100000,0.258349,0.266124,0.136514,-0.218792,-0.235419,-0.097626,0.987744,-0.006764,0.006288,-0.155812,-0.037333,-0.000656,0.065109,0.266748,-0.119490,-0.056086,0.545255
14,158.941381,43,2.150000,0.247409,0.254353,0.131632,-0.211615,-0.229786,-0.094232,0.987989,-0.007678,0.006428,-0.154198,-0.043305,-0.003553,0.080607,0.266687,-0.133703,0.033854,0.556634
14,158.941381,44,2.200000,0.236829,0.242863,0.126921,-0.204173,-0.223272,-0.090966,0.988290,-0.008748,0.006523,-0.152199,-0.049980,-0.001992,0.096429,0.266636,0.101594,0.216350,0.580390
14,158.941381,45,2.250000,0.226620,0.231700,0.122372,-0.196492,-0.215715,-0.087814,0.988642,-0.009975,0.006685,-0.149807,-0.044893,0.008642,0.112927,0.266578,0.140831,0.077358,0.541834
14,158.941381,46,2.300000,0.216795,0.220914,0.117982,-0.188492,-0.206967,-0.084794,0.989048,-0.011033,0.007094,-0.147010,-0.037888,0.012318,0.128328,0.266505,0.184175,-0.087401,0.517539
14,158.941381,47,2.350000,0.207371,0.210566,0.113742,-0.179965,-0.197225,-0.081935,0.989501,-0.011902,0.007574,-0.143833,-0.028739,0.007763,0.143039,0.266427,0.243528,-0.226805,0.505589
14,158.941381,48,2.400000,0.198373,0.200705,0.109645,-0.170881,-0.186679,-0.079249,0.989999,-0.012558,0.007911,-0.140291,-0.016605,-0.003733,0.157410,0.266346,0.317006,-0.272851,0.504243
14,158.941381,49,2.450000,0.189828,0.191371,0.105683,-0.161417,-0.175510,-0.076733,0.990539,-0.012951,0.007927,-0.136389,-0.000733,-0.017475,0.171743,0.266267,0.324727,-0.051422,0.513130
14,158.941381,50,2.500000,0.181758,0.182595,0.101846,-0.151932,-0.163925,-0.074373,0.991119,-0.012994,0.007552,-0.132129,0.015618,-0.020051,0.186329,0.266204,0.425012,-0.138734,0.454840
14,158.941381,51,2.550000,0.174161,0.174399,0.098127,-0.142859,-0.152211,-0.072125,0.991732,-0.012638,0.007064,-0.127507,0.037010,-0.026877,0.199257,0.266148,0.429868,-0.174090,0.403997
14,158.941381,52,2.600000,0.167018,0.166788,0.094521,-0.134365,-0.140744,-0.069966,0.992371,-0.011771,0.006343,-0.122563,0.058707,-0.035302,0.210741,0.266116,0.324855,-0.170420,0.360407
14,158.941381,53,2.650000,0.160300,0.159751,0.091023,-0.126740,-0.129997,-0.067835,0.993024,-0.010389,0.005349,-0.117332,0.075232,-0.043353,0.220985,0.266103,0.088625,-0.107698,0.323532
14,158.941381,54,2.700000,0.153963,0.153251,0.087631,-0.120303,-0.120448,-0.065686,0.993680,-0.008619,0.004109,-0.111843,0.080027,-0.048107,0.230182,0.266094,-0.326792,0.060548,0.291180
14,158.941381,55,2.750000,0.147948,0.147229,0.084347,-0.115329,-0.112460,-0.063510,0.994327,-0.006742,0.002740,-0.106121,0.064107,-0.044381,0.238458,0.266064,-0.205278,0.119108,0.230295
14,158.941381,56,2.800000,0.142181,0.141606,0.081171,-0.111940,-0.106141,-0.061351,0.994954,-0.005249,0.001507,-0.100188,0.054245,-0.037845,0.245004,0.265995,-0.083245,0.261709,0.169004
14,158.941381,57,2.850000,0.136584,0.136299,0.078104,-0.109945,-0.101145,-0.059298,0.995556,-0.003985,0.000462,-0.094089,0.050435,-0.024255,0.249808,0.265931,0.008911,0.405177,0.106685
14,158.941381,58,2.900000,0.131087,0.131242,0.075139,-0.109123,-0.097279,-0.057348,0.996128,-0.002784,-0.000236,-0.087868,0.051110,-0.003518,0.252841,0.265879,-0.086136,0.484741,0.044557
14,158.941381,59,2.950000,0.125631,0.126378,0.072271,-0.109113,-0.094528,-0.055487,0.996666,-0.001521,-0.000418,-0.081569,0.046837,0.021209,0.254107,0.265834,-0.640356,0.173657,-0.017540
14,158.941381,60,3.000000,0.120175,0.121651,0.069497,-0.109401,-0.093002,-0.053704,0.997166,-0.000313,0.000025,-0.075236,0.014615,0.030344,0.253609,0.265771,-0.456943,0.213817,-0.062682
14,158.941381,61,3.050000,0.114705,0.117001,0.066812,-0.109354,-0.092696,-0.052036,0.997622,0.000108,0.000756,-0.068913,-0.008524,0.041175,0.251827,0.265737,-0.219175,0.265796,-0.109877
14,158.941381,62,3.100000,0.109237,0.112366,0.064210,-0.108619,-0.092854,-0.050431,0.998035,-0.000028,0.001796,-0.062631,-0.019877,0.054384,0.248704,0.265726,0.035728,0.201812,-0.159029
14,158.941381,63,3.150000,0.103806,0.107724,0.061689,-0.106853,-0.092937,-0.048848,0.998402,-0.000428,0.003185,-0.056423,-0.018604,0.064287,0.244183,0.265720,0.130552,0.048524,-0.212045
14,158.941381,64,3.200000,0.098464,0.103077,0.059246,-0.103700,-0.092693,-0.047284,0.998721,-0.000782,0.004818,-0.050327,-0.012672,0.066541,0.238156,0.265691,-0.244614,-0.294433,-0.272983
14,158.941381,65,3.250000,0.093279,0.098442,0.056882,-0.098927,-0.092163,-0.045787,0.998993,-0.000986,0.006500,-0.044379,-0.025504,0.051704,0.230397,0.265613,-0.038412,-0.415031,-0.262549
14,158.941381,66,3.300000,0.088332,0.093834,0.054593,-0.092496,-0.091478,-0.044453,0.999222,-0.001528,0.007825,-0.038622,-0.027877,0.030730,0.222934,0.265569,0.125880,-0.437072,-0.263853
14,158.941381,67,3.350000,0.083708,0.089260,0.052370,-0.084747,-0.090273,-0.043222,0.999414,-0.002151,0.008628,-0.033048,-0.021843,0.008640,0.215434,0.265531,0.253617,-0.411987,-0.278514
14,158.941381,68,3.400000,0.079470,0.084746,0.050209,-0.076197,-0.088439,-0.042076,0.999574,-0.002644,0.008873,-0.027660,-0.009232,-0.012138,0.207517,0.265503,0.269132,-0.423551,-0.308565
14,158.941381,69,3.450000,0.075660,0.080324,0.048105,-0.067404,-0.086082,-0.040987,0.999707,-0.002837,0.008590,-0.022472,0.004320,-0.033388,0.198746,0.265482,0.063246,-0.640973,-0.358524
14,158.941381,70,3.500000,0.072290,0.076020,0.046056,-0.058897,-0.083483,-0.039934,0.999813,-0.002705,0.007767,-0.017503,0.007734,-0.065404,0.188555,0.265468,0.115002,-0.503180,-0.339674
14,158.941381,71,3.550000,0.069345,0.071846,0.044059,-0.051215,-0.080958,-0.038892,0.999896,-0.002503,0.006142,-0.012787,0.013952,-0.090508,0.178900,0.265491,0.063083,-0.255476,-0.341314
14,158.941381,72,3.600000,0.066785,0.067798,0.042114,-0.045145,-0.078574,-0.037785,0.999956,-0.002156,0.003886,-0.008311,0.017721,-0.103187,0.169199,0.265504,-0.041442,0.077289,-0.371449
14,158.941381,73,3.650000,0.064527,0.063870,0.040225,-0.041307,-0.076486,-0.036631,0.999989,-0.001718,0.001312,-0.004077,0.016311,-0.099208,0.158640,0.265483,-0.404775,0.635997,-0.424187
14,158.941381,74,3.700000,0.062462,0.060045,0.038394,-0.040010,-0.074802,-0.035500,0.999998,-0.001315,-0.001163,-0.000108,-0.003330,-0.067310,0.146583,0.265416,-0.469336,0.563396,-0.509491
14,158.941381,75,3.750000,0.060462,0.056305,0.036619,-0.041154,-0.073509,-0.034491,0.999989,-0.001403,-0.002841,0.003559,-0.026423,-0.039159,0.132101,0.265359,-0.307651,0.512020,-0.543749
14,158.941381,76,3.800000,0.058404,0.052630,0.034894,-0.043951,-0.072140,-0.033597,0.999967,-0.002069,-0.003818,0.006861,-0.041609,-0.013691,0.116645,0.265310,-0.071937,0.374579,-0.583587
14,158.941381,77,3.850000,0.056206,0.049023,0.033214,-0.047717,-0.070133,-0.032800,0.999939,-0.003118,-0.004161,0.009774,-0.045145,0.004854,0.100057,0.265276,0.133264,0.247669,-0.621120
14,158.941381,78,3.900000,0.053820,0.045516,0.031574,-0.051835,-0.067109,-0.032075,0.999907,-0.004258,-0.004043,0.012270,-0.038500,0.017066,0.082402,0.265247,0.280015,0.193294,-0.651431
14,158.941381,79,3.950000,0.051229,0.042161,0.029970,-0.055858,-0.062975,-0.031410,0.999877,-0.005234,-0.003620,0.014324,-0.024553,0.026610,0.063885,0.265219,0.317520,0.312240,-0.670821
14,158.941381,80,4.000000,0.048436,0.039012,0.028400,-0.059486,-0.057885,-0.030803,0.999852,-0.005863,-0.002955,0.015915,-0.008741,0.042163,0.044817,0.265192,0.437202,-0.057507,-0.658788
14,158.941381,81,4.050000,0.045461,0.036118,0.026860,-0.062480,-0.052173,-0.030249,0.999835,-0.006102,-0.001898,0.017029,0.013047,0.039273,0.026091,0.265207,0.483917,-0.361904,-0.631628
14,158.941381,82,4.100000,0.042338,0.033509,0.025347,-0.064446,-0.046213,-0.029665,0.999827,-0.005794,-0.000907,0.017675,0.037204,0.021190,0.008137,0.265214,0.439970,-0.460675,-0.587121
14,158.941381,83,4.150000,0.039115,0.031198,0.023864,-0.065437,-0.040538,-0.029062,0.999828,-0.004873,-0.000359,0.017877,0.059196,-0.001832,-0.008551,0.265208,0.311067,-0.294509,-0.522474
14,158.941381,84,4.200000,0.035843,0.029171,0.022411,-0.065875,-0.035759,-0.028459,0.999838,-0.003393,-0.000380,0.017664,0.074749,-0.016577,-0.023403,0.265195,0.026915,0.459551,-0.433410
14,158.941381,85,4.250000,0.032550,0.027383,0.020988,-0.066307,-0.032433,-0.027869,0.999853,-0.001517,-0.000763,0.017081,0.076080,0.006335,-0.035722,0.265192,-0.160089,0.419275,-0.382465
14,158.941381,86,4.300000,0.029234,0.025762,0.019595,-0.067082,-0.030957,-0.027275,0.999869,0.000383,-0.000574,0.016189,0.068084,0.027195,-0.046594,0.265195,-0.434819,0.363862,-0.312686
14,158.941381,87,4.350000,0.025880,0.024214,0.018231,-0.067639,-0.031342,-0.026675,0.999885,0.002074,0.000134,0.015025,0.046391,0.045268,-0.055482,0.265171,-0.708454,0.351976,-0.226538
14,158.941381,88,4.400000,0.022498,0.022647,0.016897,-0.067477,-0.033377,-0.026121,0.999901,0.003217,0.001286,0.013641,0.011064,0.062769,-0.061921,0.265131,-0.794515,0.338735,-0.117143
14,158.941381,89,4.450000,0.019124,0.020978,0.015591,-0.066171,-0.036518,-0.025650,0.999917,0.003470,0.002864,0.012097,-0.028515,0.079680,-0.065251,0.265097,-0.380365,0.413259,0.019736
14,158.941381,90,4.500000,0.015816,0.019152,0.014309,-0.063318,-0.039891,-0.025250,0.999930,0.002728,0.004853,0.010475,-0.047336,0.100413,-0.064690,0.265117,-0.296163,-0.059552,0.056273
14,158.941381,91,4.550000,0.012650,0.017158,0.013046,-0.058525,-0.042520,-0.024822,0.999932,0.001511,0.007355,0.008871,-0.061897,0.097552,-0.063090,0.265031,-0.270013,-0.582539,0.102837
14,158.941381,92,4.600000,0.009724,0.015032,0.011805,-0.051293,-0.043939,-0.024580,0.999925,-0.000070,0.009782,0.007309,-0.075164,0.068573,-0.060167,0.264898,-0.209830,-1.051744,0.156673
14,158.941381,93,4.650000,0.007159,0.012835,0.010576,-0.041697,-0.043800,-0.024623,0.999915,-0.001976,0.011482,0.005823,-0.085499,0.016158,-0.055713,0.264781,0.017616,-1.324036,0.219048
14,158.941381,94,4.700000,0.005074,0.010645,0.009345,-0.030449,-0.041797,-0.024921,0.999911,-0.004131,0.011871,0.004454,-0.084584,-0.049863,-0.049487,0.264764,0.587740,-1.272719,0.296380
14,158.941381,95,4.750000,0.003552,0.008555,0.008099,-0.018827,-0.037694,-0.025272,0.999919,-0.006255,0.010610,0.003247,-0.055291,-0.113341,-0.041063,0.264906,0.680370,-0.852924,0.273392
14,158.941381,96,4.800000,0.002610,0.006670,0.006835,-0.008438,-0.031524,-0.025354,0.999938,-0.007639,0.007766,0.002253,-0.021449,-0.155901,-0.033292,0.265097,0.678186,-0.067189,0.267950
14,158.941381,97,4.850000,0.002189,0.005094,0.005567,-0.000830,-0.024007,-0.025050,0.999958,-0.008173,0.003861,0.001455,0.012263,-0.159233,-0.025675,0.265257,0.527164,0.869362,0.278587
14,158.941381,98,4.900000,0.002147,0.003894,0.004315,0.002951,-0.015973,-0.024414,0.999969,-0.007863,-0.000125,0.000844,0.038466,-0.115777,-0.017756,0.265258,0.088283,1.471634,0.296085
14,158.941381,99,4.950000,0.002295,0.003095,0.003094,0.002822,-0.008249,-0.023756,0.999972,-0.006899,-0.003022,0.000423,0.042802,-0.042221,-0.009340,0.277737,-0.834951,0.867965,0.302343
14,158.941381,100,5.000000,0.002436,0.002682,0.001907,-0.000289,-0.001154,0.000014,0.999975,-0.005827,-0.004078,0.000200,0.001040,0.001162,-0.000746,0,0,0,0
15,158.442451,0,0.000000,1.033461,1.060736,0.546425,-0.003786,-0.003164,-0.097412,0.999692,0.001081,-0.001520,-0.024737,0.000000,0.000000,0.000000,0.116747,11.255076,-10.327997,-0.849359
15,158.442451,1,0.050000,1.033272,1.060577,0.541555,-0.004455,-0.003615,-0.371716,0.999692,0.001081,-0.001520,-0.024737,0.562754,-0.516400,-0.024143,0.168001,5.074998,-3.646308,-0.890711
15,158.442451,2,0.100000,1.033049,1.060397,0.522969,-0.005417,-0.004264,-0.551105,0.999460,0.014824,-0.014771,-0.025329,0.816031,-0.699231,-0.049461,0.281183,0.201368,0.290540,-0.804346
15,158.442451,3,0.150000,1.032778,1.060184,0.495414,-0.021182,-0.019304,-0.521352,0.998507,0.034777,-0.032729,-0.026513,0.824786,-0.686236,-0.072324,0.326888,-2.889167,2.686506,-0.698906
15,158.442451,4,0.200000,1.031719,1.059218,0.469346,-0.061863,-0.060295,-0.409265,0.996820,0.054950,-0.050324,-0.028230,0.678444,-0.554174,-0.092190,0.331073,-4.521799,3.897643,-0.607822
15,158.442451,5,0.250000,1.028626,1.056204,0.448883,-0.125277,-0.125719,-0.293475,0.994885,0.071565,-0.064471,-0.030428,0.450416,-0.361666,-0.109467,0.314521,-5.084123,4.215620,-0.531918
15,158.442451,6,0.300000,1.022362,1.049918,0.434209,-0.202532,-0.206373,-0.212336,0.993306,0.082660,-0.073606,-0.033068,0.194707,-0.152756,-0.124587,0.291946,-4.927292,3.956142,-0.466681
15,158.442451,7,0.350000,1.012235,1.039599,0.423592,-0.284543,-0.292521,-0.175442,0.992495,0.087596,-0.077301,-0.036118,-0.052380,0.044130,-0.137852,0.272353,-4.310702,3.342181,-0.408815
15,158.442451,8,0.400000,0.998008,1.024973,0.414820,-0.365123,-0.377401,-0.175351,0.992564,0.086602,-0.075856,-0.039543,-0.267684,0.211513,-0.149473,0.259742,-3.428266,2.538287,-0.356225
15,158.442451,9,0.450000,0.979752,1.006103,0.406052,-0.440849,-0.457208,-0.197598,0.993353,0.080449,-0.070016,-0.043300,-0.437898,0.339946,-0.159598,0.254581,-2.425126,1.665928,-0.307547
15,158.442451,10,0.500000,0.957710,0.983242,0.396173,-0.509712,-0.529700,-0.227376,0.994553,0.070214,-0.060773,-0.047341,-0.557095,0.425895,-0.168340,0.255242,-1.427985,0.830888,-0.261616
15,158.442451,11,0.550000,0.932224,0.956757,0.384804,-0.569992,-0.592995,-0.253357,0.995817,0.057113,-0.049220,-0.051617,-0.625773,0.470999,-0.175777,0.259284,-0.509887,0.089243,-0.217416
15,158.442451,12,0.600000,0.903724,0.927108,0.372136,-0.619893,-0.645172,-0.269159,0.996862,0.042350,-0.036429,-0.056079,-0.648125,0.479635,-0.181957,0.264435,0.277285,-0.518899,-0.174661
15,158.442451,13,0.650000,0.872730,0.894849,0.358678,-0.657785,-0.684518,-0.273021,0.997517,0.027030,-0.023369,-0.060683,-0.630949,0.458166,-0.186921,0.269073,0.867872,-0.943496,-0.133174
15,158.442451,14,0.700000,0.839840,0.860623,0.345027,-0.682650,-0.709975,-0.266511,0.997727,0.012097,-0.010858,-0.065391,-0.584305,0.415467,-0.190707,0.272292,1.319360,-1.229261,-0.094122
15,158.442451,15,0.750000,0.805708,0.825124,0.331701,-0.694373,-0.721431,-0.253032,0.997533,-0.001746,0.000518,-0.070168,-0.515330,0.358233,-0.193382,0.273945,1.634957,-1.369584,-0.058226
15,158.442451,16,0.800000,0.770989,0.789053,0.319050,-0.693725,-0.719701,-0.236231,0.997033,-0.013970,0.010346,-0.074990,-0.430953,0.293536,-0.195037,0.274207,1.776220,-1.355214,-0.024535
15,158.442451,17,0.850000,0.736303,0.753068,0.307238,-0.682185,-0.706344,-0.219247,0.996344,-0.024209,0.018401,-0.079835,-0.339970,0.228965,-0.195734,0.273465,1.836870,-1.293434,0.007347
15,158.442451,18,0.900000,0.702194,0.717751,0.296276,-0.661658,-0.683401,-0.204267,0.995578,-0.032308,0.024662,-0.084687,-0.246425,0.166819,-0.195526,0.272231,1.808549,-1.191444,0.038413
15,158.442451,19,0.950000,0.669111,0.683580,0.286063,-0.634144,-0.653076,-0.192302,0.994823,-0.038208,0.029177,-0.089533,-0.154760,0.109075,-0.194434,0.270862,1.685036,-1.052685,0.069466
15,158.442451,20,1.000000,0.637404,0.650927,0.276447,-0.601593,-0.617565,-0.183525,0.994138,-0.041953,0.032050,-0.094357,-0.069703,0.057583,-0.192459,0.269637,1.505740,-0.945810,0.101011
15,158.442451,21,1.050000,0.607324,0.620048,0.267271,-0.565821,-0.578934,-0.177481,0.993550,-0.043704,0.033443,-0.099144,0.006004,0.010802,-0.189588,0.268717,1.270250,-0.818921,0.133080
15,158.442451,22,1.100000,0.579033,0.591102,0.258397,-0.528439,-0.539018,-0.173370,0.993067,-0.043686,0.033489,-0.103869,0.069595,-0.030187,-0.185805,0.268153,1.037221,-0.668569,0.164084
15,158.442451,23,1.150000,0.552611,0.564151,0.249729,-0.490904,-0.499387,-0.170300,0.992673,-0.042191,0.032355,-0.108506,0.121243,-0.064107,-0.181141,0.267908,0.768010,-0.484698,0.193970
15,158.442451,24,1.200000,0.528066,0.539181,0.241214,-0.454492,-0.461313,-0.167480,0.992345,-0.039502,0.030244,-0.113030,0.159203,-0.089175,-0.175628,0.267913,0.426402,-0.230085,0.222351
15,158.442451,25,1.250000,0.505341,0.516116,0.232840,-0.420281,-0.425808,-0.164299,0.992054,-0.035937,0.027408,-0.117417,0.179928,-0.101740,-0.169307,0.268084,0.225418,-0.116392,0.248510
15,158.442451,26,1.300000,0.484327,0.494825,0.224625,-0.389094,-0.393606,-0.160376,0.991766,-0.031888,0.024204,-0.121645,0.190545,-0.108716,-0.162244,0.268220,0.007803,0.024789,0.270643
15,158.442451,27,1.350000,0.464873,0.475145,0.216606,-0.361395,-0.365113,-0.155763,0.991467,-0.027592,0.020799,-0.125693,0.190266,-0.108650,-0.154551,0.268325,-0.147512,0.144269,0.287207
15,158.442451,28,1.400000,0.446803,0.456889,0.208818,-0.337455,-0.340525,-0.150552,0.991147,-0.023297,0.017401,-0.129545,0.182253,-0.102553,-0.146387,0.268332,-0.291003,0.264132,0.298496
15,158.442451,29,1.450000,0.429930,0.439863,0.201290,-0.317315,-0.319817,-0.144981,0.990804,-0.019176,0.014184,-0.133189,0.167133,-0.090358,-0.137902,0.268250,-0.489682,0.432503,0.305333
15,158.442451,30,1.500000,0.414064,0.423872,0.194041,-0.300815,-0.302817,-0.139288,0.990440,-0.015386,0.011323,-0.136619,0.142176,-0.069608,-0.129223,0.268088,-0.503304,0.383940,0.314471
15,158.442451,31,1.550000,0.399024,0.408732,0.187077,-0.287592,-0.289222,-0.133690,0.990060,-0.012140,0.009064,-0.139830,0.116670,-0.051108,-0.120285,0.267843,-0.496472,0.289254,0.320904
15,158.442451,32,1.600000,0.384644,0.394270,0.180392,-0.277006,-0.278556,-0.128411,0.989677,-0.009458,0.007355,-0.142817,0.091613,-0.037178,-0.111163,0.267600,-0.452797,0.155390,0.327770
15,158.442451,33,1.650000,0.370794,0.380343,0.173972,-0.268453,-0.270320,-0.123497,0.989301,-0.007344,0.006081,-0.145574,0.068816,-0.029795,-0.101846,0.267385,-0.386573,0.070339,0.337404
15,158.442451,34,1.700000,0.357371,0.366827,0.167797,-0.261437,-0.264001,-0.118931,0.988943,-0.005766,0.005075,-0.148097,0.049372,-0.026544,-0.092256,0.267207,-0.286477,0.197560,0.351967
15,158.442451,35,1.750000,0.344299,0.353627,0.161850,-0.255624,-0.259102,-0.114661,0.988608,-0.004656,0.004223,-0.150380,0.034956,-0.016839,-0.082251,0.267063,-0.277665,0.135819,0.350175
15,158.442451,36,1.800000,0.331518,0.340672,0.156117,-0.250803,-0.255177,-0.110638,0.988302,-0.003864,0.003666,-0.152414,0.021020,-0.010157,-0.072297,0.266940,-0.334446,0.121009,0.355026
15,158.442451,37,1.850000,0.318978,0.327913,0.150585,-0.246639,-0.251955,-0.106832,0.988028,-0.003390,0.003328,-0.154201,0.004270,-0.004164,-0.062206,0.266829,-0.410608,0.138632,0.367277
15,158.442451,38,1.900000,0.306646,0.315315,0.145244,-0.242873,-0.249152,-0.103226,0.987788,-0.003305,0.003203,-0.155738,-0.016271,0.002757,-0.051766,0.266737,-0.413210,0.207244,0.388739
15,158.442451,39,1.950000,0.294502,0.302857,0.140082,-0.239239,-0.246419,-0.099789,0.987584,-0.003700,0.003330,-0.157015,-0.036926,0.013151,-0.040716,0.266682,-0.162760,0.361555,0.423951
15,158.442451,40,2.000000,0.282540,0.290536,0.135093,-0.235416,-0.243326,-0.096458,0.987418,-0.004564,0.003796,-0.158018,-0.045043,0.031286,-0.028666,0.266681,-0.106133,0.189931,0.398538
15,158.442451,41,2.050000,0.270769,0.278370,0.130270,-0.231002,-0.239468,-0.093139,0.987296,-0.005555,0.004743,-0.158725,-0.050316,0.040832,-0.017337,0.266664,-0.049764,-0.007108,0.389688
15,158.442451,42,2.100000,0.259219,0.266397,0.125613,-0.225506,-0.234795,-0.089869,0.987214,-0.006637,0.005948,-0.159152,-0.052777,0.040509,-0.006261,0.266636,0.024113,-0.181023,0.395646
15,158.442451,43,2.150000,0.247944,0.254657,0.121120,-0.218664,-0.229259,-0.086677,0.987173,-0.007779,0.007157,-0.159305,-0.051562,0.031471,0.004985,0.266591,0.119458,-0.265587,0.414821
15,158.442451,44,2.200000,0.237011,0.243194,0.116786,-0.210465,-0.222802,-0.083600,0.987176,-0.008925,0.008140,-0.159179,-0.045595,0.018182,0.016776,0.266527,0.160753,-0.086395,0.447060
15,158.442451,45,2.250000,0.226488,0.232054,0.112606,-0.201130,-0.215384,-0.080675,0.987228,-0.009975,0.008774,-0.158760,-0.037569,0.013833,0.029484,0.266452,0.306382,-0.215108,0.415361
15,158.442451,46,2.300000,0.216431,0.221285,0.108572,-0.191020,-0.207040,-0.077920,0.987332,-0.010841,0.009272,-0.158027,-0.022265,0.003035,0.041291,0.266366,0.361999,-0.288084,0.394199
15,158.442451,47,2.350000,0.206880,0.210933,0.104676,-0.180299,-0.197926,-0.075350,0.987487,-0.011369,0.009446,-0.157003,-0.004170,-0.011404,0.052495,0.266278,0.315509,-0.316370,0.383612
15,158.442451,48,2.400000,0.197865,0.201036,0.100909,-0.169339,-0.188317,-0.072958,0.987694,-0.011504,0.009195,-0.155703,0.011628,-0.027231,0.063400,0.266206,0.144472,-0.278659,0.382910
15,158.442451,49,2.450000,0.189398,0.191621,0.097261,-0.158619,-0.178526,-0.070698,0.987949,-0.011308,0.008496,-0.154132,0.018917,-0.041136,0.074284,0.266164,-0.202577,-0.128121,0.389269
15,158.442451,50,2.500000,0.181467,0.182694,0.093726,-0.148626,-0.168803,-0.068499,0.988247,-0.010984,0.007428,-0.152289,0.008904,-0.047488,0.085348,0.266155,-0.016129,-0.080040,0.368411
15,158.442451,51,2.550000,0.174036,0.174254,0.090301,-0.139741,-0.159218,-0.066292,0.988580,-0.010929,0.006244,-0.150169,0.008252,-0.051461,0.095820,0.266098,0.164347,0.055704,0.346721
15,158.442451,52,2.600000,0.167049,0.166293,0.086986,-0.132040,-0.149494,-0.064174,0.988947,-0.010903,0.004968,-0.147787,0.016656,-0.048646,0.105676,0.266034,0.305644,0.204064,0.323631
15,158.442451,53,2.650000,0.160447,0.158818,0.083778,-0.125612,-0.139593,-0.062160,0.989343,-0.010658,0.003732,-0.145163,0.032133,-0.038376,0.114875,0.265973,0.244716,0.308503,0.300519
15,158.442451,54,2.700000,0.154166,0.151839,0.080670,-0.120450,-0.129740,-0.060242,0.989767,-0.009992,0.002697,-0.142314,0.044536,-0.022811,0.123417,0.265937,-0.296988,0.047458,0.277236
15,158.442451,55,2.750000,0.148144,0.145352,0.077657,-0.116420,-0.120378,-0.058372,0.990214,-0.008962,0.002005,-0.139256,0.029794,-0.020229,0.131297,0.265945,-0.129796,0.157713,0.269330
15,158.442451,56,2.800000,0.142323,0.139333,0.074739,-0.113236,-0.111911,-0.056465,0.990673,-0.008289,0.001430,-0.136002,0.023405,-0.012195,0.138953,0.265881,0.077237,0.278839,0.256024
15,158.442451,57,2.850000,0.136661,0.133737,0.071916,-0.110731,-0.104017,-0.054662,0.991144,-0.007745,0.001077,-0.132558,0.027331,0.001870,0.146230,0.265829,0.285526,0.287501,0.237329
15,158.442451,58,2.900000,0.131125,0.128537,0.069183,-0.108669,-0.096599,-0.052946,0.991627,-0.007058,0.001061,-0.128935,0.041597,0.016397,0.152976,0.265801,0.316606,0.213122,0.211486
15,158.442451,59,2.950000,0.125691,0.123707,0.066535,-0.106737,-0.089844,-0.051273,0.992119,-0.005970,0.001360,-0.125146,0.057332,0.027294,0.158988,0.265794,-0.137745,-0.046362,0.174831
15,158.442451,60,3.000000,0.120354,0.119214,0.063972,-0.104673,-0.084181,-0.049599,0.992615,-0.004457,0.001882,-0.121207,0.050280,0.025322,0.163957,0.265770,-0.024827,-0.088345,0.206369
15,158.442451,61,3.050000,0.115121,0.115005,0.061492,-0.102303,-0.080051,-0.047955,0.993107,-0.003125,0.002376,-0.117143,0.048881,0.021218,0.169823,0.265732,0.047562,-0.061177,0.221735
15,158.442451,62,3.100000,0.110005,0.111003,0.059094,-0.099620,-0.077270,-0.046374,0.993597,-0.001839,0.002773,-0.112930,0.051123,0.018474,0.176126,0.265697,0.090964,-0.017616,0.219600
15,158.442451,63,3.150000,0.105024,0.107139,0.056775,-0.096704,-0.075780,-0.044853,0.994085,-0.000505,0.003096,-0.108558,0.055547,0.017935,0.182368,0.265664,0.032830,-0.040022,0.198134
15,158.442451,64,3.200000,0.100189,0.103350,0.054532,-0.093623,-0.075618,-0.043392,0.994568,0.000939,0.003393,-0.104029,0.057065,0.016318,0.188000,0.265618,-0.234143,-0.295516,0.152955
15,158.442451,65,3.250000,0.095508,0.099569,0.052363,-0.090399,-0.076883,-0.042019,0.995042,0.002416,0.003646,-0.099358,0.045241,0.001950,0.192348,0.265530,-0.227889,-0.225754,0.172250
15,158.442451,66,3.300000,0.090988,0.095725,0.050262,-0.087068,-0.079603,-0.040815,0.995505,0.003564,0.003570,-0.094576,0.033832,-0.009008,0.197244,0.265481,-0.294312,-0.087287,0.165479
15,158.442451,67,3.350000,0.086635,0.091745,0.048221,-0.083905,-0.083424,-0.039708,0.995957,0.004402,0.003248,-0.089670,0.019184,-0.013119,0.201948,0.265440,-0.383146,0.108494,0.123859
15,158.442451,68,3.400000,0.082439,0.087574,0.046236,-0.081112,-0.088020,-0.038683,0.996395,0.004866,0.002856,-0.084643,0.000127,-0.007547,0.205468,0.265414,-0.707101,0.518759,0.052307
15,158.442451,69,3.450000,0.078384,0.083173,0.044302,-0.078719,-0.093024,-0.037706,0.996817,0.004868,0.002643,-0.079525,-0.035169,0.018392,0.206955,0.265406,-0.722626,0.306639,-0.059566
15,158.442451,70,3.500000,0.074448,0.078522,0.042416,-0.076510,-0.098001,-0.036743,0.997218,0.004042,0.003146,-0.074362,-0.071444,0.033448,0.205262,0.265431,-0.528062,0.134786,-0.128772
15,158.442451,71,3.550000,0.070622,0.073622,0.040579,-0.073721,-0.102193,-0.035729,0.997589,0.002339,0.004092,-0.069235,-0.098108,0.039630,0.201602,0.265482,-0.259695,-0.112176,-0.210503
15,158.442451,72,3.600000,0.066936,0.068512,0.038793,-0.069867,-0.104766,-0.034617,0.997924,-0.000018,0.005238,-0.064194,-0.111396,0.033271,0.195618,0.265507,-0.009000,-0.329982,-0.294484
15,158.442451,73,3.650000,0.063443,0.063274,0.037062,-0.064725,-0.105079,-0.033464,0.998217,-0.002718,0.006247,-0.059298,-0.112093,0.015945,0.187247,0.265491,0.209183,-0.442498,-0.373197
15,158.442451,74,3.700000,0.060207,0.058020,0.035389,-0.058435,-0.102775,-0.032359,0.998470,-0.005463,0.006824,-0.054608,-0.101747,-0.006977,0.176639,0.265441,0.347521,-0.330286,-0.440531
15,158.442451,75,3.750000,0.057285,0.052881,0.033771,-0.051443,-0.097779,-0.031376,0.998685,-0.007982,0.006813,-0.050179,-0.084324,-0.024173,0.164118,0.265375,0.585877,-0.636951,-0.473600
15,158.442451,76,3.800000,0.054713,0.047992,0.032202,-0.044362,-0.090280,-0.030549,0.998867,-0.010090,0.006348,-0.046062,-0.054880,-0.056546,0.150656,0.265293,0.738723,-0.804435,-0.487387
15,158.442451,77,3.850000,0.052495,0.043478,0.030674,-0.037676,-0.080665,-0.029906,0.999027,-0.011501,0.005037,-0.042277,-0.017620,-0.097081,0.136802,0.265251,0.788589,-0.718175,-0.479745
15,158.442451,78,3.900000,0.050611,0.039445,0.029179,-0.032255,-0.069586,-0.029355,0.999170,-0.012026,0.002670,-0.038830,0.022313,-0.133082,0.123165,0.265255,0.737850,-0.342699,-0.448733
15,158.442451,79,3.950000,0.048998,0.035965,0.027711,-0.029176,-0.057883,-0.028792,0.999295,-0.011590,-0.000639,-0.035714,0.059828,-0.150112,0.110410,0.265266,0.511084,0.622491,-0.390723
15,158.442451,80,4.000000,0.047539,0.033071,0.026272,-0.029396,-0.046482,-0.028190,0.999396,-0.010231,-0.004411,-0.032911,0.086011,-0.118737,0.099304,0.265206,0.355608,0.778209,-0.367026
15,158.442451,81,4.050000,0.046070,0.030747,0.024862,-0.033395,-0.036296,-0.027690,0.999477,-0.008191,-0.007422,-0.030390,0.104239,-0.079503,0.088871,0.265174,0.058800,0.887517,-0.320249
15,158.442451,82,4.100000,0.044400,0.028932,0.023478,-0.040437,-0.028034,-0.027246,0.999543,-0.005663,-0.009470,-0.028133,0.107447,-0.034775,0.079768,0.265160,-0.282881,0.983044,-0.251977
15,158.442451,83,4.150000,0.042378,0.027531,0.022116,-0.049576,-0.022214,-0.026828,0.999600,-0.003021,-0.010403,-0.026109,0.093408,0.014702,0.072606,0.265149,-0.471305,1.026207,-0.155791
15,158.442451,84,4.200000,0.039899,0.026420,0.020774,-0.059711,-0.018982,-0.026426,0.999654,-0.000696,-0.010091,-0.024272,0.069802,0.066270,0.068178,0.265153,-0.183197,1.125316,-0.029329
15,158.442451,85,4.250000,0.036914,0.025471,0.019453,-0.069601,-0.018058,-0.026003,0.999709,0.001071,-0.008476,-0.022551,0.060471,0.122717,0.067344,0.265214,-0.248519,0.670144,-0.003574
15,158.442451,86,4.300000,0.033434,0.024568,0.018153,-0.077948,-0.018922,-0.025437,0.999764,0.002638,-0.005445,-0.020852,0.047731,0.156378,0.067242,0.265329,-0.429448,0.184960,0.027548
15,158.442451,87,4.350000,0.029536,0.023622,0.016881,-0.083351,-0.021402,-0.024623,0.999808,0.003903,-0.001566,-0.019154,0.025860,0.165748,0.068026,0.265352,-0.634723,-0.202179,0.056130
15,158.442451,88,4.400000,0.025369,0.022552,0.015650,-0.084963,-0.025207,-0.023749,0.999834,0.004626,0.002558,-0.017437,-0.006304,0.155706,0.069621,0.265259,-0.658946,-0.503673,0.083644
15,158.442451,89,4.450000,0.021120,0.021292,0.014462,-0.082530,-0.029795,-0.023056,0.999846,0.004541,0.006445,-0.015678,-0.039663,0.130506,0.071999,0.265107,-0.185560,-0.829195,0.119936
15,158.442451,90,4.500000,0.016994,0.019802,0.013309,-0.076273,-0.034351,-0.022679,0.999850,0.003612,0.009714,-0.013857,-0.049297,0.088937,0.075408,0.264988,-0.106296,-1.009617,0.045654
15,158.442451,91,4.550000,0.013180,0.018084,0.012175,-0.066789,-0.038028,-0.022565,0.999854,0.002429,0.011948,-0.011952,-0.054867,0.038316,0.076705,0.264844,-0.033102,-0.915616,-0.024786
15,158.442451,92,4.600000,0.009841,0.016183,0.011047,-0.055100,-0.040550,-0.022759,0.999866,0.001092,0.012917,-0.010016,-0.056633,-0.007625,0.076001,0.264793,-0.002003,-0.617351,-0.093075
15,158.442451,93,4.650000,0.007086,0.014155,0.009909,-0.042445,-0.041747,-0.023067,0.999886,-0.000301,0.012738,-0.008098,-0.056711,-0.038656,0.073355,0.264832,-0.151660,-0.417027,-0.164499
15,158.442451,94,4.700000,0.004964,0.012068,0.008756,-0.029949,-0.041553,-0.023296,0.999910,-0.001703,0.011784,-0.006246,-0.064187,-0.059665,0.068679,0.264858,-0.677891,-1.051075,-0.248969
15,158.442451,95,4.750000,0.003466,0.009990,0.007591,-0.018380,-0.039954,-0.023457,0.999931,-0.003297,0.010306,-0.004508,-0.097926,-0.112386,0.061603,0.264722,-0.135018,-0.713559,-0.332533
15,158.442451,96,4.800000,0.002547,0.007993,0.006418,-0.008262,-0.036767,-0.023845,0.999951,-0.005742,0.007512,-0.002933,-0.104414,-0.148293,0.052150,0.264952,0.533641,-0.088854,-0.401561
15,158.442451,97,4.850000,0.002134,0.006154,0.005226,-0.000874,-0.031155,-0.023782,0.999957,-0.008353,0.003820,-0.001588,-0.077438,-0.152942,0.040736,0.265192,1.029162,0.683481,-0.453801
15,158.442451,98,4.900000,0.002090,0.004597,0.004037,0.002891,-0.022957,-0.023269,0.999947,-0.010291,0.000008,-0.000531,-0.025744,-0.118888,0.027837,0.265328,0.926654,1.259815,-0.494274
15,158.442451,99,4.950000,0.002235,0.003449,0.002873,0.002904,-0.012845,-0.022525,0.999936,-0.010936,-0.002956,0.000196,0.020714,-0.055925,0.013787,0.277123,-0.374379,1.139145,-0.537656
15,158.442451,100,5.000000,0.002380,0.002806,0.001747,-0.000132,-0.001621,0.000035,0.999936,-0.010419,-0.004350,0.000557,0.002025,0.001043,-0.001495,0,0,0,0
16,153.709187,0,0.000000,1.035575,1.062548,0.500144,-0.004005,-0.003443,-0.096802,0.999581,0.001095,-0.001486,-0.028878,0.000000,0.000000,0.000000,0.133792,11.613763,-9.748304,-0.729169
16,153.709187,1,0.050000,1.035374,1.062376,0.495303,-0.004757,-0.003964,-0.339540,0.999581,0.001095,-0.001486,-0.028878,0.580688,-0.487415,-0.020726,0.166945,4.712691,-3.905162,-0.646235
16,153.709187,2,0.100000,1.035137,1.062178,0.478326,-0.005695,-0.004614,-0.520884,0.999353,0.015252,-0.014082,-0.029382,0.815939,-0.683130,-0.039095,0.280472,-0.013416,0.143893,-0.568749
16,153.709187,3,0.150000,1.034852,1.061947,0.452282,-0.020780,-0.020017,-0.492439,0.998419,0.035137,-0.031723,-0.030321,0.814255,-0.677146,-0.055262,0.326261,-2.969981,2.565137,-0.500015
16,153.709187,4,0.200000,1.033813,1.060946,0.427660,-0.060340,-0.061246,-0.381460,0.996774,0.054972,-0.049176,-0.031639,0.664336,-0.550597,-0.069475,0.330352,-4.470318,3.758680,-0.440601
16,153.709187,5,0.250000,1.030796,1.057884,0.408587,-0.122442,-0.126385,-0.266854,0.994896,0.071160,-0.063312,-0.033302,0.439368,-0.364415,-0.081999,0.313847,-4.952254,4.080628,-0.388294
16,153.709187,6,0.300000,1.024674,1.051565,0.395245,-0.198414,-0.206229,-0.186701,0.993366,0.081906,-0.072588,-0.035291,0.190621,-0.161751,-0.093036,0.291614,-4.749313,3.830058,-0.340483
16,153.709187,7,0.350000,1.014753,1.041253,0.385910,-0.279415,-0.291338,-0.150113,0.992578,0.086664,-0.076581,-0.037586,-0.047416,0.029079,-0.102714,0.272327,-4.126422,3.241227,-0.295875
16,153.709187,8,0.400000,1.000782,1.026686,0.378404,-0.359368,-0.375197,-0.149794,0.992636,0.085711,-0.075592,-0.040162,-0.253623,0.191326,-0.111124,0.259850,-3.315567,2.516102,-0.253822
16,153.709187,9,0.450000,0.982814,1.007926,0.370914,-0.434895,-0.454157,-0.171660,0.993394,0.079817,-0.070349,-0.042987,-0.418595,0.318200,-0.118339,0.254564,-2.388990,1.728641,-0.215397
16,153.709187,10,0.500000,0.961069,0.985219,0.362331,-0.504019,-0.526063,-0.201418,0.994572,0.069965,-0.061755,-0.046023,-0.536615,0.406512,-0.124461,0.254885,-1.445370,0.978186,-0.181458
16,153.709187,11,0.550000,0.935868,0.958915,0.352260,-0.565040,-0.589069,-0.228131,0.995849,0.057274,-0.050805,-0.049228,-0.606963,0.457956,-0.129619,0.258588,-0.603183,0.346144,-0.151265
16,153.709187,12,0.600000,0.907616,0.929462,0.340854,-0.616195,-0.641299,-0.245378,0.996955,0.042883,-0.038463,-0.052561,-0.634870,0.478249,-0.133919,0.263490,0.168643,-0.219636,-0.124509
16,153.709187,13,0.650000,0.876806,0.897397,0.328585,-0.655817,-0.681048,-0.251171,0.997717,0.027811,-0.025561,-0.055985,-0.624007,0.470494,-0.137458,0.268127,0.814810,-0.687038,-0.100049
16,153.709187,14,0.700000,0.844016,0.863345,0.316026,-0.682688,-0.707181,-0.246557,0.998063,0.012990,-0.012854,-0.059473,-0.580812,0.439398,-0.140302,0.271571,1.296141,-1.033991,-0.076750
16,153.709187,15,0.750000,0.809881,0.827986,0.303699,-0.696369,-0.719453,-0.234484,0.998012,-0.000803,-0.000981,-0.063007,-0.513665,0.390791,-0.142483,0.273466,1.630938,-1.315404,-0.053706
16,153.709187,16,0.800000,0.775063,0.792013,0.291974,-0.697309,-0.718578,-0.218566,0.997651,-0.012999,0.009575,-0.066574,-0.430005,0.327798,-0.144010,0.273947,1.807863,-1.475939,-0.030535
16,153.709187,17,0.850000,0.740197,0.756084,0.281046,-0.686739,-0.706068,-0.202022,0.997095,-0.023210,0.018417,-0.070162,-0.337820,0.256351,-0.144878,0.273327,1.882951,-1.516161,-0.008599
16,153.709187,18,0.900000,0.705860,0.720781,0.270945,-0.666500,-0.683948,-0.187250,0.996465,-0.031246,0.025314,-0.073762,-0.242263,0.182401,-0.145122,0.272083,1.821399,-1.435267,0.012245
16,153.709187,19,0.950000,0.672535,0.686583,0.261582,-0.638758,-0.654453,-0.175522,0.995857,-0.037036,0.030191,-0.077364,-0.150189,0.111972,-0.144774,0.270645,1.598956,-1.210733,0.031822
16,153.709187,20,1.000000,0.640597,0.653861,0.252806,-0.605748,-0.619824,-0.167116,0.995336,-0.040667,0.033134,-0.080957,-0.069626,0.052260,-0.143870,0.269378,1.438653,-1.067484,0.049704
16,153.709187,21,1.050000,0.610310,0.622869,0.244451,-0.569560,-0.582117,-0.161513,0.994922,-0.042412,0.034429,-0.084532,0.002592,-0.000734,-0.142457,0.268452,1.195693,-0.852346,0.064372
16,153.709187,22,1.100000,0.581832,0.593763,0.236375,-0.531938,-0.543055,-0.157847,0.994618,-0.042472,0.034254,-0.088076,0.062373,-0.043365,-0.140627,0.267895,0.962349,-0.627913,0.074606
16,153.709187,23,1.150000,0.555235,0.566611,0.228483,-0.494422,-0.504135,-0.155200,0.994404,-0.041136,0.032889,-0.091579,0.110259,-0.075094,-0.138507,0.267661,0.701586,-0.384459,0.080989
16,153.709187,24,1.200000,0.530514,0.541404,0.220723,-0.458266,-0.466569,-0.152781,0.994251,-0.038681,0.030627,-0.095035,0.144944,-0.094896,-0.136205,0.267669,0.358988,-0.084035,0.084554
16,153.709187,25,1.250000,0.507601,0.518075,0.213083,-0.424434,-0.431329,-0.150012,0.994125,-0.035407,0.027791,-0.098438,0.162402,-0.099847,-0.133801,0.267835,0.185399,0.000207,0.092123
16,153.709187,26,1.300000,0.486379,0.496509,0.205583,-0.393570,-0.399125,-0.146530,0.993992,-0.031709,0.024791,-0.101786,0.171165,-0.100661,-0.131183,0.267945,0.026439,0.030921,0.098523
16,153.709187,27,1.350000,0.466700,0.476553,0.198256,-0.365912,-0.370351,-0.142443,0.993838,-0.027793,0.021750,-0.105071,0.171986,-0.099968,-0.128382,0.268013,-0.091712,0.009886,0.106584
16,153.709187,28,1.400000,0.448405,0.458035,0.191134,-0.341556,-0.345201,-0.137858,0.993658,-0.023851,0.018725,-0.108283,0.166913,-0.100311,-0.125352,0.268014,-0.174921,0.021381,0.118273
16,153.709187,29,1.450000,0.431327,0.440775,0.184241,-0.320523,-0.323688,-0.132948,0.993448,-0.020035,0.015706,-0.111413,0.157690,-0.100036,-0.121991,0.267957,-0.205215,0.227367,0.135449
16,153.709187,30,1.500000,0.415301,0.424591,0.177594,-0.302822,-0.305672,-0.127874,0.993211,-0.016445,0.012721,-0.114453,0.146966,-0.089398,-0.118140,0.267852,-0.303654,0.228418,0.136697
16,153.709187,31,1.550000,0.400160,0.409307,0.171200,-0.288421,-0.290913,-0.122782,0.992948,-0.013089,0.010032,-0.117395,0.131383,-0.078636,-0.114255,0.267685,-0.445766,0.261674,0.144924
16,153.709187,32,1.600000,0.385739,0.394762,0.165061,-0.277021,-0.279195,-0.117839,0.992664,-0.010087,0.007657,-0.120237,0.108753,-0.066122,-0.110136,0.267480,-0.585959,0.313842,0.160771
16,153.709187,33,1.650000,0.371888,0.380802,0.159169,-0.268290,-0.270188,-0.113165,0.992365,-0.007608,0.005661,-0.122973,0.079179,-0.050884,-0.105566,0.267246,-0.633788,0.404674,0.185955
16,153.709187,34,1.700000,0.358473,0.367292,0.153511,-0.261803,-0.263405,-0.108853,0.992056,-0.005815,0.004136,-0.125593,0.047286,-0.030968,-0.100280,0.267018,-0.412861,0.570483,0.224949
16,153.709187,35,1.750000,0.345383,0.354122,0.148068,-0.257023,-0.258214,-0.104926,0.991747,-0.004749,0.003204,-0.128080,0.026525,-0.002624,-0.093886,0.266852,-0.372366,0.402695,0.203478
16,153.709187,36,1.800000,0.332532,0.341211,0.142822,-0.253281,-0.253964,-0.101287,0.991447,-0.004108,0.003043,-0.130409,0.007897,0.017416,-0.088102,0.266735,-0.325119,0.204533,0.198964
16,153.709187,37,1.850000,0.319868,0.328513,0.137758,-0.249771,-0.250333,-0.097860,0.991157,-0.003862,0.003440,-0.132595,-0.008300,0.027617,-0.082447,0.266662,-0.252951,0.023375,0.209779
16,153.709187,38,1.900000,0.307379,0.315997,0.132865,-0.245898,-0.247003,-0.094568,0.990878,-0.003983,0.004144,-0.134639,-0.020862,0.028811,-0.076484,0.266619,-0.151220,-0.075694,0.234562
16,153.709187,39,1.950000,0.295084,0.303646,0.128136,-0.241314,-0.243657,-0.091362,0.990613,-0.004411,0.004920,-0.136534,-0.028339,0.025087,-0.069816,0.266589,-0.095062,0.081604,0.273501
16,153.709187,40,2.000000,0.283019,0.291464,0.123568,-0.235906,-0.240006,-0.088222,0.990367,-0.005036,0.005631,-0.138262,-0.033026,0.029243,-0.062042,0.266548,0.072318,-0.073604,0.250054
16,153.709187,41,2.050000,0.271223,0.279463,0.119157,-0.229714,-0.235851,-0.085171,0.990142,-0.005761,0.006461,-0.139797,-0.029341,0.025640,-0.054934,0.266527,0.152335,-0.177568,0.238869
16,153.709187,42,2.100000,0.259738,0.267671,0.114898,-0.222604,-0.231112,-0.082177,0.989941,-0.006406,0.007190,-0.141156,-0.021671,0.016823,-0.048145,0.266478,0.133948,-0.240271,0.240338
16,153.709187,43,2.150000,0.248607,0.256115,0.110790,-0.214686,-0.225854,-0.079290,0.989763,-0.006892,0.007675,-0.142346,-0.014942,0.004849,-0.041313,0.266410,-0.005531,-0.239670,0.253992
16,153.709187,44,2.200000,0.237873,0.244822,0.106825,-0.206222,-0.220202,-0.076542,0.989612,-0.007252,0.007841,-0.143366,-0.015211,-0.007111,-0.034093,0.266338,-0.318807,-0.128463,0.276982
16,153.709187,45,2.250000,0.227562,0.233812,0.102998,-0.197542,-0.214231,-0.073935,0.989488,-0.007661,0.007714,-0.144205,-0.031161,-0.013515,-0.026220,0.266283,-0.099368,-0.121347,0.274599
16,153.709187,46,2.300000,0.217685,0.223101,0.099301,-0.188925,-0.207852,-0.071434,0.989390,-0.008486,0.007487,-0.144845,-0.036143,-0.019551,-0.018415,0.266254,0.114528,-0.030147,0.272381
16,153.709187,47,2.350000,0.208239,0.212708,0.095729,-0.180408,-0.200642,-0.068999,0.989318,-0.009454,0.007130,-0.145290,-0.030430,-0.021033,-0.010673,0.266201,0.289778,0.077007,0.269848
16,153.709187,48,2.400000,0.199218,0.202676,0.092279,-0.172099,-0.192443,-0.066672,0.989276,-0.010285,0.006718,-0.145543,-0.015950,-0.017170,-0.003002,0.266130,0.261746,0.150335,0.268625
16,153.709187,49,2.450000,0.190613,0.193054,0.088946,-0.164073,-0.183378,-0.064488,0.989263,-0.010742,0.006351,-0.145610,-0.002864,-0.009652,0.004633,0.266064,-0.251015,-0.126723,0.268790
16,153.709187,50,2.500000,0.182410,0.183885,0.085722,-0.156341,-0.173817,-0.062430,0.989281,-0.010847,0.006124,-0.145493,-0.015413,-0.015988,0.012274,0.266054,-0.063404,-0.019690,0.285273
16,153.709187,51,2.550000,0.174593,0.175194,0.082600,-0.148816,-0.164121,-0.060390,0.989324,-0.011285,0.005788,-0.145182,-0.018576,-0.016980,0.020382,0.265997,0.168142,0.100872,0.296507
16,153.709187,52,2.600000,0.167152,0.166988,0.079580,-0.141561,-0.153950,-0.058463,0.989394,-0.011803,0.005441,-0.144671,-0.010156,-0.011951,0.028810,0.265924,0.402677,0.118141,0.302599
16,153.709187,53,2.650000,0.160074,0.159291,0.076657,-0.134577,-0.143224,-0.056678,0.989497,-0.012093,0.005190,-0.143953,0.009991,-0.006055,0.037412,0.265851,0.459286,0.066219,0.302055
16,153.709187,54,2.700000,0.153345,0.152129,0.073823,-0.127806,-0.132177,-0.055031,0.989635,-0.011863,0.005016,-0.143027,0.032964,-0.002730,0.045997,0.265811,0.028080,-0.155184,0.291484
16,153.709187,55,2.750000,0.146955,0.145521,0.071072,-0.121249,-0.121325,-0.053451,0.989809,-0.011052,0.004844,-0.141892,0.034373,-0.010431,0.054283,0.265833,0.158147,-0.147570,0.349413
16,153.709187,56,2.800000,0.140892,0.139454,0.068399,-0.114984,-0.111231,-0.051812,0.990011,-0.010232,0.004479,-0.140550,0.042301,-0.017739,0.064215,0.265797,0.249997,-0.072849,0.390582
16,153.709187,57,2.850000,0.135143,0.133893,0.065809,-0.109203,-0.101880,-0.050217,0.990247,-0.009240,0.003908,-0.138961,0.054845,-0.021278,0.075317,0.265776,0.312650,0.017902,0.413569
16,153.709187,58,2.900000,0.129683,0.128799,0.063298,-0.104130,-0.093408,-0.048640,0.990521,-0.007948,0.003208,-0.137096,0.070538,-0.020227,0.087072,0.265766,0.269055,0.043745,0.416353
16,153.709187,59,2.950000,0.124476,0.124128,0.060866,-0.099930,-0.086091,-0.047053,0.990831,-0.006264,0.002483,-0.134941,0.084057,-0.017806,0.098907,0.265762,0.006437,-0.162448,0.394232
16,153.709187,60,3.000000,0.119480,0.119824,0.058513,-0.096676,-0.080311,-0.045446,0.991173,-0.004236,0.001773,-0.132493,0.084446,-0.025613,0.110113,0.265741,0.002578,-0.047604,0.434563
16,153.709187,61,3.050000,0.114646,0.115808,0.056241,-0.094394,-0.076411,-0.043854,0.991542,-0.002223,0.000871,-0.129765,0.084682,-0.027640,0.122465,0.265699,-0.081742,0.121420,0.446027
16,153.709187,62,3.100000,0.109926,0.111988,0.054048,-0.093260,-0.074352,-0.042325,0.991937,-0.000211,-0.000082,-0.126728,0.080723,-0.021176,0.135144,0.265642,-0.200942,0.336365,0.419465
16,153.709187,63,3.150000,0.105263,0.108270,0.051932,-0.093315,-0.074136,-0.040895,0.992358,0.001723,-0.000863,-0.123376,0.070785,-0.003944,0.147067,0.265574,-0.573035,0.756888,0.359298
16,153.709187,64,3.200000,0.100598,0.104563,0.049887,-0.094366,-0.075714,-0.039595,0.992800,0.003464,-0.001185,-0.119725,0.042155,0.034296,0.157280,0.265486,-0.662902,0.550237,0.254867
16,153.709187,65,3.250000,0.095879,0.100778,0.047907,-0.095930,-0.078956,-0.038468,0.993260,0.004608,-0.000474,-0.115816,0.008805,0.062059,0.164524,0.265437,-0.579575,0.373456,0.187994
16,153.709187,66,3.300000,0.091083,0.096830,0.045984,-0.096917,-0.083402,-0.037438,0.993726,0.005005,0.001023,-0.111722,-0.020561,0.080787,0.169868,0.265433,-0.444611,0.097232,0.103378
16,153.709187,67,3.350000,0.086237,0.092660,0.044112,-0.096468,-0.088403,-0.036421,0.994190,0.004724,0.003066,-0.107490,-0.043312,0.085516,0.172806,0.265440,-0.333832,-0.178159,0.011844
16,153.709187,68,3.400000,0.081414,0.088240,0.042291,-0.093970,-0.093344,-0.035396,0.994641,0.003890,0.005288,-0.103180,-0.060565,0.076324,0.173143,0.265436,-0.241110,-0.376053,-0.078188
16,153.709187,69,3.450000,0.076715,0.083572,0.040521,-0.089194,-0.097685,-0.034390,0.995071,0.002604,0.007325,-0.098858,-0.073122,0.057124,0.170920,0.265423,-0.193844,-0.370667,-0.159541
16,153.709187,70,3.500000,0.072255,0.078688,0.038802,-0.082282,-0.100944,-0.033426,0.995476,0.000957,0.008915,-0.094588,-0.083185,0.038116,0.166386,0.265417,0.000280,-0.792332,-0.208110
16,153.709187,71,3.550000,0.068141,0.073641,0.037131,-0.073647,-0.102710,-0.032492,0.995852,-0.000986,0.010056,-0.090427,-0.083411,-0.002026,0.160470,0.265385,0.154897,-1.069564,-0.237737
16,153.709187,72,3.600000,0.064459,0.068506,0.035506,-0.063716,-0.102639,-0.031638,0.996203,-0.003026,0.010198,-0.086410,-0.075654,-0.056012,0.153713,0.265376,0.272517,-1.080893,-0.245634
16,153.709187,73,3.650000,0.061273,0.063374,0.033924,-0.053473,-0.100542,-0.030813,0.996533,-0.004992,0.008978,-0.082557,-0.061701,-0.110498,0.146730,0.265405,0.360223,-0.776640,-0.229849
16,153.709187,74,3.700000,0.058599,0.058347,0.032383,-0.044273,-0.096380,-0.029926,0.996842,-0.006725,0.006371,-0.078873,-0.043075,-0.149674,0.140197,0.265445,0.328941,0.159494,-0.187322
16,153.709187,75,3.750000,0.056386,0.053528,0.030887,-0.037507,-0.090284,-0.028945,0.997121,-0.008071,0.002750,-0.075346,-0.025832,-0.141928,0.134873,0.265424,0.400356,0.340089,-0.179471
16,153.709187,76,3.800000,0.054510,0.049013,0.029440,-0.034214,-0.082576,-0.027990,0.997367,-0.008973,-0.000713,-0.071953,-0.005087,-0.125056,0.129771,0.265335,0.316951,0.522269,-0.149157
16,153.709187,77,3.850000,0.052800,0.044885,0.028040,-0.034278,-0.073732,-0.027209,0.997587,-0.009327,-0.003792,-0.068689,0.011376,-0.098968,0.125531,0.265238,0.173108,0.712051,-0.097822
16,153.709187,78,3.900000,0.051086,0.041198,0.026680,-0.037366,-0.064336,-0.026627,0.997788,-0.009225,-0.006251,-0.065533,0.020503,-0.063311,0.122751,0.265148,0.147828,0.857426,-0.017655
16,153.709187,79,3.950000,0.049218,0.037981,0.025349,-0.042897,-0.054895,-0.026234,0.997978,-0.008836,-0.007835,-0.062453,0.028189,-0.020344,0.122249,0.265071,0.536044,1.062621,0.095908
16,153.709187,80,4.000000,0.047073,0.035236,0.024037,-0.050032,-0.045757,-0.025998,0.998166,-0.008188,-0.008360,-0.059393,0.055086,0.032918,0.124975,0.265004,0.489091,0.715957,0.114257
16,153.709187,81,4.050000,0.044571,0.032949,0.022737,-0.057745,-0.037247,-0.025885,0.998364,-0.006791,-0.007595,-0.056269,0.079384,0.068977,0.128223,0.265105,0.237384,0.348375,0.143736
16,153.709187,82,4.100000,0.041684,0.031086,0.021443,-0.064814,-0.030171,-0.025551,0.998562,-0.004737,-0.005963,-0.053065,0.090918,0.086782,0.132309,0.265233,-0.110263,0.076690,0.174967
16,153.709187,83,4.150000,0.038443,0.029578,0.020165,-0.070416,-0.025213,-0.024935,0.998751,-0.002372,-0.003901,-0.049758,0.084969,0.091073,0.137282,0.265306,-0.342996,-0.092147,0.207203
16,153.709187,84,4.200000,0.034922,0.028317,0.018918,-0.074129,-0.022695,-0.024148,0.998925,-0.000150,-0.001725,-0.046327,0.067345,0.086908,0.143172,0.265300,-0.183255,-0.216710,0.247270
16,153.709187,85,4.250000,0.031216,0.027182,0.017711,-0.075815,-0.022469,-0.023354,0.999084,0.001626,0.000368,-0.042748,0.057710,0.076439,0.150200,0.265254,-0.451911,-0.175538,0.172814
16,153.709187,86,4.300000,0.027425,0.026059,0.016543,-0.075522,-0.024080,-0.022646,0.999232,0.003150,0.002209,-0.038994,0.034679,0.067991,0.155112,0.265175,-0.445080,-0.023286,0.101424
16,153.709187,87,4.350000,0.023649,0.024855,0.015411,-0.073475,-0.027257,-0.022097,0.999367,0.004092,0.003862,-0.035115,0.012024,0.067031,0.157995,0.265112,-0.356993,0.150026,0.031893
16,153.709187,88,4.400000,0.019975,0.023492,0.014306,-0.069826,-0.031405,-0.021680,0.999489,0.004466,0.005510,-0.031162,-0.006227,0.074604,0.158902,0.265080,-0.449624,0.104516,-0.044485
16,153.709187,89,4.450000,0.016484,0.021922,0.013222,-0.064556,-0.035956,-0.021340,0.999594,0.004390,0.007361,-0.027182,-0.029158,0.079792,0.157637,0.265021,-0.976762,-0.848038,-0.141037
16,153.709187,90,4.500000,0.013256,0.020124,0.012155,-0.057451,-0.040460,-0.021133,0.999679,0.003745,0.009357,-0.023228,-0.078474,0.037216,0.153628,0.264792,-0.492769,-0.897711,-0.245668
16,153.709187,91,4.550000,0.010384,0.018101,0.011098,-0.048362,-0.044344,-0.021377,0.999758,0.001841,0.010319,-0.019367,-0.103329,-0.008127,0.146645,0.264802,0.150157,-0.744955,-0.344646
16,153.709187,92,4.600000,0.007966,0.015884,0.010030,-0.038280,-0.046346,-0.021611,0.999825,-0.000708,0.010159,-0.015675,-0.095776,-0.045950,0.136849,0.264904,0.666341,-0.387111,-0.435757
16,153.709187,93,4.650000,0.006052,0.013566,0.008949,-0.028304,-0.045808,-0.021650,0.999880,-0.003085,0.009050,-0.012229,-0.062221,-0.065803,0.124463,0.265035,0.650909,-0.031462,-0.518846
16,153.709187,94,4.700000,0.004636,0.011276,0.007867,-0.019384,-0.042889,-0.021433,0.999920,-0.004632,0.007434,-0.009099,-0.029364,-0.067670,0.109715,0.265090,-0.419752,-0.156625,-0.600461
16,153.709187,95,4.750000,0.003667,0.009132,0.006795,-0.012045,-0.038408,-0.021101,0.999949,-0.005361,0.005761,-0.006343,-0.050070,-0.075623,0.092647,0.264951,-0.039019,0.001504,-0.631014
16,153.709187,96,4.800000,0.003065,0.007211,0.005740,-0.006358,-0.033183,-0.021012,0.999963,-0.006611,0.003891,-0.004009,-0.051755,-0.075724,0.074710,0.265000,0.364095,0.226667,-0.653053
16,153.709187,97,4.850000,0.002747,0.005552,0.004689,-0.002513,-0.026710,-0.020830,0.999964,-0.007905,0.002016,-0.002124,-0.033336,-0.064538,0.056148,0.265037,0.617754,0.440184,-0.667341
16,153.709187,98,4.900000,0.002621,0.004217,0.003648,-0.000518,-0.018954,-0.020586,0.999961,-0.008739,0.000415,-0.000706,-0.002310,-0.042599,0.037179,0.265049,0.483727,0.530163,-0.677385
16,153.709187,99,4.950000,0.002596,0.003269,0.002618,-0.000104,-0.010376,-0.020329,0.999961,-0.008797,-0.000642,0.000233,0.021936,-0.016095,0.017924,0.275903,-0.407112,0.333467,-0.689940
16,153.709187,100,5.000000,0.002590,0.002750,0.001602,-0.000762,-0.001387,0.000023,0.999965,-0.008249,-0.001040,0.000685,0.001591,0.000594,-0.001687,0,0,0,0
17,161.379013,0,0.000000,1.037664,1.064420,0.453801,-0.004288,-0.003757,-0.105103,0.999455,0.001438,-0.001555,-0.032947,0.000000,0.000000,0.000000,0.156145,11.559171,-9.652830,-0.570081
17,161.379013,1,0.050000,1.037449,1.064232,0.448546,-0.005214,-0.004559,-0.306447,0.999455,0.001438,-0.001555,-0.032947,0.577959,-0.482642,-0.016204,0.166612,4.709097,-3.874876,-0.501206
17,161.379013,2,0.100000,1.037189,1.064005,0.433223,-0.006202,-0.005414,-0.488409,0.999225,0.015479,-0.014088,-0.033341,0.813117,-0.676741,-0.030451,0.279605,0.005063,0.054873,-0.436237
17,161.379013,3,0.150000,1.036878,1.063734,0.408803,-0.021314,-0.020945,-0.461576,0.998297,0.035226,-0.031648,-0.034065,0.812588,-0.674937,-0.042851,0.325144,-2.929364,2.467685,-0.377760
17,161.379013,4,0.200000,1.035813,1.062687,0.385724,-0.060806,-0.061995,-0.352658,0.996663,0.054946,-0.049130,-0.035074,0.665022,-0.552874,-0.053589,0.329571,-4.445995,3.685042,-0.327215
17,161.379013,5,0.250000,1.032772,1.059587,0.368091,-0.122928,-0.126736,-0.239473,0.994790,0.071080,-0.063400,-0.036343,0.441598,-0.369974,-0.062890,0.313470,-4.939191,4.068072,-0.284624
17,161.379013,6,0.300000,1.026626,1.053250,0.356117,-0.199151,-0.206155,-0.160006,0.993258,0.081818,-0.072883,-0.037861,0.193755,-0.167625,-0.070980,0.291439,-4.786496,3.928417,-0.248402
17,161.379013,7,0.350000,1.016669,1.042942,0.348117,-0.280635,-0.290895,-0.123763,0.992467,0.086598,-0.077082,-0.039612,-0.046021,0.028274,-0.078041,0.272158,-4.165961,3.400699,-0.217779
17,161.379013,8,0.400000,1.002637,1.028398,0.341929,-0.361205,-0.374450,-0.123814,0.992541,0.085634,-0.076166,-0.041576,-0.254236,0.198445,-0.084231,0.259431,-3.296221,2.663299,-0.191408
17,161.379013,9,0.450000,0.984577,1.009675,0.335738,-0.437264,-0.453075,-0.146507,0.993341,0.079689,-0.070795,-0.043724,-0.418412,0.332423,-0.089672,0.253972,-2.343158,1.851636,-0.167958
17,161.379013,10,0.500000,0.962713,0.987021,0.328413,-0.506691,-0.524623,-0.177375,0.994573,0.069814,-0.061898,-0.046025,-0.534439,0.426429,-0.094446,0.254284,-1.387990,0.998999,-0.146232
17,161.379013,11,0.550000,0.937379,0.960790,0.319544,-0.567695,-0.587333,-0.205178,0.995909,0.057154,-0.050507,-0.048449,-0.602310,0.478294,-0.098602,0.258082,-0.520452,0.228579,-0.125379
17,161.379013,12,0.600000,0.908994,0.931423,0.309285,-0.618423,-0.639402,-0.223308,0.997067,0.042854,-0.037722,-0.050971,-0.626543,0.491977,-0.102166,0.263133,0.254531,-0.408813,-0.106420
17,161.379013,13,0.650000,0.878073,0.899453,0.298120,-0.657206,-0.679170,-0.229702,0.997871,0.027954,-0.024545,-0.053571,-0.611908,0.473966,-0.105191,0.267821,0.856625,-0.875213,-0.089109
17,161.379013,14,0.700000,0.845213,0.865495,0.286635,-0.682986,-0.705534,-0.225611,0.998258,0.013385,-0.011826,-0.056229,-0.567185,0.432648,-0.107724,0.271190,1.229310,-1.123234,-0.073608
17,161.379013,15,0.750000,0.811063,0.830218,0.275354,-0.695600,-0.718287,-0.214228,0.998262,-0.000130,-0.000195,-0.058930,-0.503951,0.378805,-0.109816,0.272936,1.574364,-1.363190,-0.060375
17,161.379013,16,0.800000,0.776283,0.794304,0.264643,-0.695789,-0.718145,-0.199291,0.997973,-0.012146,0.009999,-0.061667,-0.423654,0.312746,-0.111532,0.273426,1.736491,-1.437689,-0.050925
17,161.379013,17,0.850000,0.741494,0.758397,0.254678,-0.684925,-0.706494,-0.183697,0.997504,-0.022260,0.018419,-0.064433,-0.335505,0.242655,-0.112980,0.272835,1.805283,-1.411303,-0.046408
17,161.379013,18,0.900000,0.707248,0.723072,0.245494,-0.664910,-0.685256,-0.169791,0.996966,-0.030286,0.024947,-0.067227,-0.244201,0.173528,-0.114299,0.271671,1.747009,-1.281499,-0.046077
17,161.379013,19,0.950000,0.674002,0.688809,0.237004,-0.637836,-0.656562,-0.158745,0.996449,-0.036151,0.029595,-0.070052,-0.156098,0.110513,-0.115609,0.270329,1.518523,-1.023173,-0.048640
17,161.379013,20,1.000000,0.642110,0.655981,0.229067,-0.605775,-0.622571,-0.150820,0.996008,-0.039931,0.032516,-0.072916,-0.079687,0.060039,-0.116991,0.269143,1.380126,-0.921076,-0.046928
17,161.379013,21,1.050000,0.611822,0.624852,0.221526,-0.570589,-0.585289,-0.145550,0.995659,-0.041900,0.034039,-0.075823,-0.010414,0.014339,-0.118325,0.268263,1.189836,-0.827127,-0.045866
17,161.379013,22,1.100000,0.583292,0.595588,0.214248,-0.533759,-0.546404,-0.142162,0.995407,-0.042233,0.034292,-0.078774,0.049142,-0.026971,-0.119629,0.267687,0.987894,-0.753170,-0.042438
17,161.379013,23,1.150000,0.556604,0.568268,0.207140,-0.496618,-0.507403,-0.139880,0.995241,-0.041166,0.033398,-0.081765,0.098415,-0.064852,-0.120835,0.267396,0.783001,-0.627781,-0.034600
17,161.379013,24,1.200000,0.531773,0.542898,0.200146,-0.460367,-0.469533,-0.137986,0.995141,-0.038950,0.031458,-0.084786,0.137267,-0.096693,-0.121819,0.267342,0.607341,-0.299648,-0.020398
17,161.379013,25,1.250000,0.508755,0.519421,0.193247,-0.426100,-0.433795,-0.135890,0.995079,-0.035835,0.028643,-0.087829,0.167187,-0.112310,-0.122399,0.267464,0.352628,-0.174927,-0.020921
17,161.379013,26,1.300000,0.487450,0.497731,0.186452,-0.394748,-0.400963,-0.133171,0.995023,-0.032010,0.025371,-0.090891,0.184297,-0.121833,-0.122993,0.267632,0.051809,-0.022909,-0.013306
17,161.379013,27,1.350000,0.467713,0.477683,0.179794,-0.366840,-0.371677,-0.129709,0.994948,-0.027780,0.021823,-0.093969,0.186319,-0.123838,-0.123372,0.267792,-0.241605,0.138334,0.002926
17,161.379013,28,1.400000,0.449370,0.459099,0.173308,-0.342716,-0.346298,-0.125537,0.994835,-0.023503,0.018219,-0.097051,0.173659,-0.117794,-0.123288,0.267862,-0.431634,0.325303,0.029268
17,161.379013,29,1.450000,0.432235,0.441784,0.167031,-0.322472,-0.324856,-0.120873,0.994673,-0.019525,0.014795,-0.100125,0.151526,-0.102341,-0.122456,0.267804,-0.337862,0.572865,0.069966
17,161.379013,30,1.500000,0.416111,0.425542,0.160988,-0.305936,-0.307062,-0.116034,0.994463,-0.016059,0.011811,-0.103175,0.134157,-0.074402,-0.120468,0.267631,-0.405641,0.473487,0.050675
17,161.379013,31,1.550000,0.400814,0.410188,0.155186,-0.292650,-0.292440,-0.111314,0.994217,-0.012951,0.009567,-0.106178,0.113535,-0.051341,-0.119027,0.267424,-0.448909,0.331263,0.048570
17,161.379013,32,1.600000,0.386182,0.395566,0.149620,-0.281868,-0.280693,-0.106842,0.993941,-0.010293,0.007951,-0.109146,0.090858,-0.035291,-0.117647,0.267210,-0.447161,0.192589,0.061692
17,161.379013,33,1.650000,0.372088,0.381532,0.144278,-0.272935,-0.271426,-0.102676,0.993643,-0.008155,0.006796,-0.112078,0.068342,-0.026067,-0.115893,0.267015,-0.394376,0.122079,0.088488
17,161.379013,34,1.700000,0.358442,0.367960,0.139144,-0.265353,-0.264166,-0.098815,0.993331,-0.006550,0.005933,-0.114962,0.048509,-0.020264,-0.113378,0.266851,-0.365644,0.294730,0.129149
17,161.379013,35,1.750000,0.345174,0.354752,0.134204,-0.258784,-0.258409,-0.095223,0.993011,-0.005421,0.005272,-0.117781,0.030139,-0.005736,-0.109707,0.266709,-0.206715,0.145176,0.107356
17,161.379013,36,1.800000,0.332235,0.341832,0.129443,-0.252982,-0.253705,-0.091874,0.992689,-0.004704,0.005026,-0.120507,0.019780,0.001397,-0.106655,0.266619,-0.121176,0.037424,0.097947
17,161.379013,37,1.850000,0.319586,0.329146,0.124849,-0.247496,-0.249692,-0.088681,0.992366,-0.004222,0.004988,-0.123156,0.013726,0.003188,-0.103871,0.266550,-0.121981,-0.036874,0.101595
17,161.379013,38,1.900000,0.307211,0.316662,0.120415,-0.242095,-0.246162,-0.085612,0.992044,-0.003885,0.005014,-0.125735,0.007640,0.001291,-0.100983,0.266482,-0.234963,-0.054684,0.118149
17,161.379013,39,1.950000,0.295106,0.304354,0.116134,-0.236704,-0.242981,-0.082666,0.991724,-0.003704,0.005012,-0.128240,-0.004103,-0.001473,-0.097625,0.266404,-0.516903,0.031884,0.144964
17,161.379013,40,2.000000,0.283271,0.292205,0.112001,-0.231330,-0.239991,-0.079863,0.991407,-0.003823,0.004980,-0.130660,-0.029954,0.000137,-0.093504,0.266315,-0.266690,0.008737,0.147261
17,161.379013,41,2.050000,0.271705,0.280205,0.108008,-0.225968,-0.236895,-0.077226,0.991096,-0.004576,0.005072,-0.132973,-0.043288,0.000680,-0.089319,0.266322,-0.022900,0.062070,0.150161
17,161.379013,42,2.100000,0.260406,0.268360,0.104146,-0.220409,-0.233086,-0.074583,0.990791,-0.005658,0.005223,-0.135180,-0.044431,0.003930,-0.085050,0.266319,0.179938,0.129244,0.153370
17,161.379013,43,2.150000,0.249386,0.256706,0.100417,-0.214551,-0.228253,-0.071959,0.990494,-0.006756,0.005458,-0.137281,-0.035421,0.010536,-0.080691,0.266292,0.175327,0.165404,0.158911
17,161.379013,44,2.200000,0.238658,0.245293,0.096819,-0.208304,-0.222393,-0.069399,0.990207,-0.007608,0.005827,-0.139276,-0.026622,0.018914,-0.076174,0.266237,-0.320704,-0.142539,0.167286
17,161.379013,45,2.250000,0.228243,0.234174,0.093349,-0.201570,-0.215764,-0.066959,0.989932,-0.008212,0.006373,-0.141161,-0.042603,0.011864,-0.071419,0.266181,-0.126748,-0.062757,0.193122
17,161.379013,46,2.300000,0.218164,0.223386,0.090001,-0.194207,-0.208637,-0.064638,0.989667,-0.009236,0.006803,-0.142924,-0.048908,0.008842,-0.065929,0.266154,0.113705,0.027429,0.214269
17,161.379013,47,2.350000,0.208454,0.212954,0.086770,-0.186269,-0.200584,-0.062389,0.989417,-0.010426,0.007181,-0.144549,-0.043201,0.010336,-0.059839,0.266102,0.358845,0.016986,0.231068
17,161.379013,48,2.400000,0.199141,0.202925,0.083650,-0.177782,-0.191441,-0.060266,0.989186,-0.011468,0.007577,-0.146023,-0.025235,0.011283,-0.053271,0.266024,0.427660,-0.055547,0.242519
17,161.379013,49,2.450000,0.190252,0.193353,0.080637,-0.168747,-0.181354,-0.058316,0.988981,-0.012061,0.007933,-0.147339,-0.003829,0.008557,-0.046377,0.265945,0.010928,-0.287727,0.245813
17,161.379013,50,2.500000,0.181814,0.184285,0.077721,-0.159269,-0.170757,-0.056531,0.988806,-0.012133,0.008145,-0.148487,-0.003268,-0.005823,-0.039390,0.265920,0.156444,-0.282716,0.319351
17,161.379013,51,2.550000,0.173851,0.175747,0.074894,-0.149563,-0.160132,-0.054798,0.988660,-0.012243,0.008001,-0.149459,0.004546,-0.019954,-0.030313,0.265863,0.274803,-0.210055,0.377448
17,161.379013,52,2.600000,0.166373,0.167740,0.072155,-0.139972,-0.149390,-0.053169,0.988552,-0.012212,0.007481,-0.150203,0.018263,-0.030462,-0.019584,0.265816,0.373197,-0.116441,0.418918
17,161.379013,53,2.650000,0.159374,0.160271,0.069496,-0.130885,-0.138612,-0.051619,0.988489,-0.011878,0.006654,-0.150681,0.036900,-0.036297,-0.007676,0.265781,0.371266,-0.079110,0.441934
17,161.379013,54,2.700000,0.152830,0.153340,0.066915,-0.122648,-0.128041,-0.050115,0.988476,-0.011105,0.005616,-0.150866,0.055453,-0.040264,0.004886,0.265767,0.151623,-0.262980,0.441834
17,161.379013,55,2.750000,0.146697,0.146938,0.064409,-0.115535,-0.118070,-0.048605,0.988514,-0.009885,0.004413,-0.150741,0.063041,-0.053402,0.017445,0.265777,0.187632,-0.117394,0.505398
17,161.379013,56,2.800000,0.140921,0.141035,0.061979,-0.109774,-0.109106,-0.047042,0.988599,-0.008527,0.002860,-0.150304,0.072458,-0.059230,0.031810,0.265759,0.144166,0.085599,0.540800
17,161.379013,57,2.850000,0.135432,0.135579,0.059627,-0.105730,-0.101232,-0.045475,0.988735,-0.006956,0.001131,-0.149509,0.079738,-0.054863,0.047182,0.265735,0.059230,0.341017,0.538623
17,161.379013,58,2.900000,0.130145,0.130518,0.057353,-0.103606,-0.094629,-0.043922,0.988923,-0.005189,-0.000515,-0.148335,0.082798,-0.037669,0.062493,0.265697,-0.292834,0.809891,0.502862
17,161.379013,59,2.950000,0.124965,0.125786,0.055157,-0.103350,-0.089504,-0.042418,0.989162,-0.003282,-0.001746,-0.146784,0.068246,0.003022,0.076786,0.265639,-0.387346,0.661417,0.422457
17,161.379013,60,3.000000,0.119798,0.121311,0.053036,-0.104575,-0.086058,-0.041008,0.989446,-0.001587,-0.001915,-0.144882,0.048870,0.036291,0.088794,0.265591,-0.342659,0.544284,0.377637
17,161.379013,61,3.050000,0.114569,0.117008,0.050986,-0.106212,-0.084240,-0.039679,0.989768,-0.000251,-0.001191,-0.142684,0.031614,0.063670,0.099529,0.265562,-0.273880,0.318628,0.312346
17,161.379013,62,3.100000,0.109258,0.112796,0.049002,-0.107336,-0.083829,-0.038398,0.990120,0.000755,0.000273,-0.140220,0.017680,0.079721,0.108407,0.265544,-0.251527,0.078273,0.236913
17,161.379013,63,3.150000,0.103891,0.108605,0.047082,-0.107175,-0.084602,-0.037151,0.990493,0.001473,0.002182,-0.137534,0.004775,0.083707,0.115141,0.265516,-0.259902,-0.106422,0.159443
17,161.379013,64,3.200000,0.098533,0.104375,0.045225,-0.105249,-0.086332,-0.035961,0.990878,0.001886,0.004234,-0.134680,-0.008585,0.078407,0.119673,0.265476,-0.315129,-0.114640,0.086917
17,161.379013,65,3.250000,0.093270,0.100058,0.043426,-0.101374,-0.088730,-0.034860,0.991267,0.001950,0.006200,-0.131710,-0.024698,0.072636,0.122144,0.265436,-0.215319,-0.577612,0.043479
17,161.379013,66,3.300000,0.088202,0.095622,0.041683,-0.095585,-0.091433,-0.033853,0.991653,0.001596,0.008075,-0.128674,-0.035801,0.043641,0.123380,0.265377,-0.140793,-0.925459,0.015207
17,161.379013,67,3.350000,0.083422,0.091050,0.039991,-0.087916,-0.094009,-0.032981,0.992037,0.000873,0.009267,-0.125606,-0.043045,-0.002799,0.123812,0.265331,-0.068338,-1.037249,0.005281
17,161.379013,68,3.400000,0.079026,0.086349,0.038342,-0.078990,-0.096005,-0.032212,0.992422,-0.000174,0.009330,-0.122525,-0.046448,-0.054864,0.123962,0.265333,0.021886,-0.853619,0.015901
17,161.379013,69,3.450000,0.075077,0.081549,0.036731,-0.069869,-0.096958,-0.031441,0.992808,-0.001466,0.008112,-0.119437,-0.045096,-0.097764,0.124414,0.265379,0.040169,-0.039014,0.050167
17,161.379013,70,3.500000,0.071584,0.076701,0.035159,-0.061782,-0.096480,-0.030565,0.993189,-0.002852,0.005824,-0.116336,-0.042626,-0.099927,0.125840,0.265433,0.190601,0.047463,0.047149
17,161.379013,71,3.550000,0.068494,0.071877,0.033631,-0.055769,-0.094361,-0.029564,0.993558,-0.004182,0.003476,-0.113197,-0.032619,-0.097758,0.127180,0.265418,0.175361,0.182926,0.064353
17,161.379013,72,3.600000,0.065706,0.067159,0.032153,-0.051909,-0.090663,-0.028578,0.993914,-0.005258,0.001153,-0.110024,-0.023379,-0.088769,0.129009,0.265379,0.089053,0.367228,0.101141
17,161.379013,73,3.650000,0.063111,0.062626,0.030724,-0.050213,-0.085651,-0.027664,0.994261,-0.006080,-0.000971,-0.106805,-0.018492,-0.070522,0.131884,0.265321,0.110124,0.536766,0.166049
17,161.379013,74,3.700000,0.060600,0.058344,0.029341,-0.050524,-0.079610,-0.026867,0.994601,-0.006731,-0.002655,-0.103516,-0.012632,-0.043776,0.136604,0.265249,0.539154,0.781323,0.264663
17,161.379013,75,3.750000,0.058074,0.054363,0.027997,-0.052433,-0.072763,-0.026216,0.994944,-0.007167,-0.003687,-0.100112,0.014552,-0.004776,0.144127,0.265156,0.539485,0.482075,0.270460
17,161.379013,76,3.800000,0.055452,0.050725,0.026686,-0.055332,-0.065398,-0.025750,0.995300,-0.006830,-0.003817,-0.096524,0.041553,0.019408,0.151815,0.265144,0.335386,0.182425,0.291737
17,161.379013,77,3.850000,0.052685,0.047455,0.025399,-0.058415,-0.058360,-0.025302,0.995667,-0.005764,-0.003408,-0.092745,0.058210,0.028768,0.160107,0.265172,0.031047,-0.002533,0.319902
17,161.379013,78,3.900000,0.049765,0.044537,0.024134,-0.061222,-0.052413,-0.024788,0.996040,-0.004262,-0.002804,-0.088758,0.059588,0.028996,0.169201,0.265198,-0.170876,-0.075725,0.354099
17,161.379013,79,3.950000,0.046704,0.041916,0.022894,-0.063594,-0.047999,-0.024205,0.996414,-0.002726,-0.002196,-0.084543,0.050858,0.025592,0.179266,0.265201,0.001356,-0.108764,0.400513
17,161.379013,80,4.000000,0.043524,0.039516,0.021684,-0.065517,-0.045149,-0.023603,0.996786,-0.001414,-0.001654,-0.080076,0.050751,0.020500,0.190650,0.265183,-0.270856,0.011628,0.335963
17,161.379013,81,4.050000,0.040248,0.037259,0.020504,-0.067025,-0.043635,-0.023029,0.997158,-0.000117,-0.001238,-0.075322,0.037060,0.021448,0.200200,0.265162,-0.280553,0.237585,0.277026
17,161.379013,82,4.100000,0.036897,0.035077,0.019353,-0.068228,-0.043429,-0.022489,0.997523,0.000842,-0.000772,-0.070330,0.022870,0.033609,0.208074,0.265141,-0.223640,0.479696,0.220909
17,161.379013,83,4.150000,0.033485,0.032906,0.018228,-0.069043,-0.044200,-0.021988,0.997875,0.001467,0.000021,-0.065139,0.011422,0.057775,0.214353,0.265140,-0.350188,0.496820,0.157412
17,161.379013,84,4.200000,0.030033,0.030696,0.017129,-0.069116,-0.045639,-0.021490,0.998208,0.001846,0.001436,-0.059788,-0.006557,0.082708,0.218828,0.265147,-0.905064,-0.410246,0.071767
17,161.379013,85,4.250000,0.026577,0.028414,0.016054,-0.067817,-0.047533,-0.020983,0.998516,0.001814,0.003500,-0.054322,-0.052497,0.062142,0.220868,0.265088,-0.439543,-0.474649,-0.025219
17,161.379013,86,4.300000,0.023187,0.026037,0.015005,-0.064483,-0.049497,-0.020594,0.998795,0.000607,0.005112,-0.048800,-0.074995,0.037969,0.220151,0.265048,0.213406,-0.444440,-0.120481
17,161.379013,87,4.350000,0.019962,0.023562,0.013975,-0.059499,-0.050338,-0.020290,0.999043,-0.001191,0.006148,-0.043292,-0.064642,0.015121,0.216726,0.265019,0.742434,-0.270720,-0.214379
17,161.379013,88,4.400000,0.016987,0.021045,0.012961,-0.053420,-0.049431,-0.020052,0.999257,-0.002756,0.006602,-0.037869,-0.027645,0.001053,0.210633,0.265010,0.718166,-0.098472,-0.308699
17,161.379013,89,4.450000,0.014316,0.018574,0.011958,-0.046842,-0.046973,-0.019844,0.999440,-0.003411,0.006669,-0.032602,0.008255,-0.004092,0.201858,0.265010,-0.415621,-0.343416,-0.410537
17,161.379013,90,4.500000,0.011974,0.016225,0.010966,-0.040191,-0.043841,-0.019640,0.999593,-0.003174,0.006577,-0.027559,-0.012495,-0.021199,0.190189,0.264968,-0.173494,-0.220860,-0.469921
17,161.379013,91,4.550000,0.009965,0.014033,0.009984,-0.033653,-0.040905,-0.019511,0.999716,-0.003470,0.006071,-0.022803,-0.021016,-0.032332,0.176831,0.264976,0.101407,-0.042486,-0.525972
17,161.379013,92,4.600000,0.008282,0.011988,0.009009,-0.027619,-0.037637,-0.019363,0.999809,-0.003986,0.005290,-0.018377,-0.015729,-0.034598,0.161881,0.264992,0.313751,0.111416,-0.576911
17,161.379013,93,4.650000,0.006901,0.010106,0.008040,-0.022355,-0.033821,-0.019180,0.999878,-0.004374,0.004449,-0.014325,0.000171,-0.029124,0.145482,0.265004,0.244917,0.178114,-0.624350
17,161.379013,94,4.700000,0.005783,0.008415,0.007081,-0.017928,-0.029591,-0.018970,0.999926,-0.004364,0.003737,-0.010685,0.012578,-0.020217,0.127735,0.264995,-0.477894,0.019085,-0.673264
17,161.379013,95,4.750000,0.004887,0.006936,0.006133,-0.014215,-0.025347,-0.018771,0.999959,-0.004043,0.003242,-0.007491,-0.011219,-0.019202,0.108598,0.264914,-0.241800,0.100982,-0.708021
17,161.379013,96,4.800000,0.004176,0.005668,0.005194,-0.011005,-0.021404,-0.018716,0.999975,-0.004318,0.002775,-0.004773,-0.023230,-0.014199,0.088473,0.264888,0.031981,0.158998,-0.741512
17,161.379013,97,4.850000,0.003626,0.004598,0.004259,-0.008262,-0.017181,-0.018708,0.999982,-0.004895,0.002432,-0.002558,-0.021583,-0.006327,0.067395,0.264880,0.265022,0.155417,-0.775047
17,161.379013,98,4.900000,0.003213,0.003739,0.003323,-0.005864,-0.012385,-0.018719,0.999982,-0.005430,0.002284,-0.000871,-0.008316,0.001389,0.045365,0.264903,0.311679,0.068320,-0.810908
17,161.379013,99,4.950000,0.002920,0.003120,0.002387,-0.003619,-0.007059,-0.018692,0.999981,-0.005636,0.002325,0.000263,0.007266,0.004790,0.022315,0.274995,-0.128290,-0.095739,-0.852319
17,161.379013,100,5.000000,0.002739,0.002767,0.001453,-0.001252,-0.001319,0.000021,0.999982,-0.005453,0.002448,0.000820,0.000847,0.000009,-0.001912,0,0,0,0
18,157.437188,0,0.000000,1.039700,1.065875,0.409431,-0.003551,-0.004124,-0.099854,0.999334,0.001012,-0.001446,-0.036458,0.000000,0.000000,0.000000,0.169480,12.263005,-10.106486,-0.602629
18,157.437188,1,0.050000,1.039522,1.065669,0.404439,-0.004482,-0.004725,-0.276504,0.999334,0.001012,-0.001446,-0.036458,0.613150,-0.505324,-0.017130,0.162733,4.839745,-3.965291,-0.552123
18,157.437188,2,0.100000,1.039298,1.065433,0.390613,-0.005375,-0.005303,-0.465649,0.999087,0.015867,-0.014626,-0.036869,0.854809,-0.703987,-0.032823,0.281372,-0.146576,0.225891,-0.487243
18,157.437188,3,0.150000,1.039029,1.065168,0.367331,-0.021213,-0.021262,-0.435575,0.998078,0.036567,-0.032972,-0.037642,0.846603,-0.693758,-0.046673,0.327842,-3.173012,2.778832,-0.422017
18,157.437188,4,0.200000,1.037969,1.064105,0.345552,-0.062843,-0.064070,-0.321904,0.996314,0.057056,-0.051018,-0.038728,0.686724,-0.556316,-0.058669,0.331006,-4.733954,4.020193,-0.363499
18,157.437188,5,0.250000,1.034827,1.060901,0.329457,-0.127866,-0.131337,-0.206613,0.994325,0.073679,-0.065439,-0.040097,0.448787,-0.356835,-0.069001,0.313273,-5.223133,4.296493,-0.312286
18,157.437188,6,0.300000,1.028433,1.054334,0.319126,-0.206790,-0.213295,-0.128244,0.992742,0.084581,-0.074625,-0.041731,0.186696,-0.143186,-0.077878,0.289923,-5.007784,3.980245,-0.267294
18,157.437188,7,0.350000,1.018094,1.043670,0.312714,-0.290130,-0.300114,-0.095511,0.991979,0.089209,-0.078207,-0.043618,-0.064116,0.055275,-0.085476,0.270116,-4.317195,3.323698,-0.228350
18,157.437188,8,0.400000,1.003587,1.028664,0.307939,-0.371635,-0.385233,-0.099876,0.992133,0.087846,-0.076575,-0.045739,-0.279797,0.221668,-0.091966,0.257691,-3.407315,2.521987,-0.194226
18,157.437188,9,0.450000,0.985005,1.009402,0.302945,-0.447979,-0.465071,-0.126133,0.993024,0.081332,-0.070552,-0.048067,-0.449389,0.348744,-0.097487,0.252895,-2.472269,1.744476,-0.164481
18,157.437188,10,0.500000,0.962606,0.986149,0.296638,-0.517263,-0.537543,-0.159167,0.994332,0.070759,-0.061150,-0.050565,-0.571712,0.437630,-0.102162,0.253797,-1.419877,0.876589,-0.139335
18,157.437188,11,0.550000,0.936743,0.959272,0.288680,-0.577780,-0.600772,-0.187894,0.995719,0.057247,-0.049359,-0.053196,-0.641009,0.483676,-0.106123,0.258098,-0.490707,0.148073,-0.120175
18,157.437188,12,0.600000,0.907854,0.929233,0.279285,-0.627673,-0.652752,-0.205896,0.996888,0.042056,-0.036307,-0.055925,-0.663596,0.493661,-0.109539,0.263428,0.338581,-0.450856,-0.108142
18,157.437188,13,0.650000,0.876471,0.896595,0.268990,-0.665281,-0.691676,-0.211578,0.997664,0.026302,-0.022956,-0.058726,-0.644615,0.473877,-0.112613,0.268198,0.985376,-0.879131,-0.102499
18,157.437188,14,0.700000,0.843207,0.862012,0.258411,-0.689565,-0.716402,-0.206626,0.997990,0.010982,-0.010115,-0.061580,-0.593321,0.432676,-0.115526,0.271493,1.372770,-1.087095,-0.101834
18,157.437188,15,0.750000,0.808728,0.826192,0.248080,-0.700396,-0.726796,-0.194586,0.997913,-0.003125,0.001625,-0.064483,-0.522785,0.380922,-0.118421,0.273062,1.739543,-1.346406,-0.098720
18,157.437188,16,0.800000,0.773709,0.789852,0.238351,-0.698551,-0.723749,-0.179429,0.997531,-0.015556,0.011960,-0.067436,-0.434096,0.315952,-0.121227,0.273361,1.934974,-1.508608,-0.097756
18,157.437188,17,0.850000,0.738781,0.753664,0.229379,-0.685410,-0.708854,-0.164094,0.996969,-0.025883,0.020522,-0.070446,-0.335894,0.242518,-0.124006,0.272590,2.000010,-1.592345,-0.095667
18,157.437188,18,0.900000,0.704511,0.718222,0.221175,-0.662913,-0.684262,-0.150899,0.996350,-0.033889,0.027077,-0.073517,-0.234752,0.164482,-0.126725,0.271244,1.950698,-1.538254,-0.090275
18,157.437188,19,0.950000,0.671365,0.684008,0.213630,-0.633307,-0.652341,-0.140986,0.995776,-0.039519,0.031497,-0.076652,-0.136426,0.088698,-0.129291,0.269760,1.840671,-1.216018,-0.079455
18,157.437188,20,1.000000,0.639700,0.651391,0.206580,-0.598945,-0.615436,-0.134482,0.995311,-0.042846,0.033838,-0.079849,-0.043957,0.028567,-0.131549,0.268493,1.577080,-1.044864,-0.083524
18,157.437188,21,1.050000,0.609752,0.620620,0.199856,-0.562051,-0.575716,-0.130736,0.994971,-0.043994,0.034496,-0.083116,0.035039,-0.023457,-0.133924,0.267641,1.206640,-0.808999,-0.079284
18,157.437188,22,1.100000,0.581650,0.591834,0.193319,-0.524404,-0.535167,-0.128702,0.994745,-0.043286,0.033692,-0.086451,0.095252,-0.064085,-0.136177,0.267226,0.797694,-0.540288,-0.066025
18,157.437188,23,1.150000,0.555430,0.565075,0.186884,-0.487530,-0.495434,-0.127317,0.994598,-0.041170,0.031745,-0.089847,0.134806,-0.091592,-0.138054,0.267164,0.459786,-0.234072,-0.042112
18,157.437188,24,1.200000,0.531053,0.540304,0.180519,-0.452628,-0.457738,-0.125742,0.994485,-0.038133,0.029022,-0.093291,0.157315,-0.104002,-0.139251,0.267292,0.386231,0.135464,-0.003086
18,157.437188,25,1.250000,0.508422,0.517417,0.174231,-0.420534,-0.422876,-0.123530,0.994369,-0.034565,0.025936,-0.096767,0.176077,-0.098060,-0.139339,0.267429,0.145228,0.155603,-0.022625
18,157.437188,26,1.300000,0.487395,0.496273,0.168055,-0.391676,-0.391318,-0.120640,0.994229,-0.030515,0.022952,-0.100258,0.182820,-0.091211,-0.139982,0.267554,-0.069576,0.125320,-0.023722
18,157.437188,27,1.350000,0.467811,0.476707,0.162023,-0.366032,-0.363535,-0.117114,0.994050,-0.026279,0.020119,-0.103771,0.178857,-0.085916,-0.140656,0.267614,-0.227672,0.085277,-0.008863
18,157.437188,28,1.400000,0.449510,0.458530,0.156167,-0.343506,-0.339712,-0.113118,0.993828,-0.022128,0.017427,-0.107298,0.167014,-0.082607,-0.140908,0.267593,-0.315003,0.096342,0.019806
18,157.437188,29,1.450000,0.432334,0.441545,0.150511,-0.323988,-0.319770,-0.108863,0.993561,-0.018261,0.014849,-0.110824,0.150822,-0.078683,-0.140345,0.267502,-0.401061,0.332456,0.061999
18,157.437188,30,1.500000,0.416135,0.425556,0.145068,-0.307366,-0.303425,-0.104538,0.993255,-0.014784,0.012412,-0.114328,0.130350,-0.062863,-0.138583,0.267372,-0.330047,0.231819,0.041318
18,157.437188,31,1.550000,0.400767,0.410385,0.139841,-0.293484,-0.290289,-0.100273,0.992915,-0.011770,0.010427,-0.117785,0.113517,-0.051958,-0.137408,0.267179,-0.307448,0.158737,0.032415
18,157.437188,32,1.600000,0.386092,0.395871,0.134828,-0.281867,-0.279940,-0.096242,0.992546,-0.009141,0.008763,-0.121209,0.097874,-0.044613,-0.136487,0.267001,-0.346293,0.106630,0.035858
18,157.437188,33,1.650000,0.371999,0.381874,0.130016,-0.272170,-0.272018,-0.092454,0.992155,-0.006877,0.007328,-0.124606,0.080328,-0.039789,-0.135468,0.266830,-0.475371,0.100203,0.051518
18,157.437188,34,1.700000,0.358391,0.368273,0.125393,-0.264139,-0.266177,-0.088924,0.991746,-0.005034,0.006067,-0.127973,0.056355,-0.035191,-0.134003,0.266657,-0.756763,0.189026,0.076724
18,157.437188,35,1.750000,0.345184,0.354964,0.120947,-0.257560,-0.262013,-0.085676,0.991323,-0.003769,0.004998,-0.131299,0.018338,-0.026027,-0.131822,0.266469,-0.497248,0.161219,0.076406
18,157.437188,36,1.800000,0.332306,0.341863,0.116663,-0.252182,-0.258973,-0.082754,0.990890,-0.003417,0.004280,-0.134565,-0.006655,-0.018058,-0.129651,0.266385,-0.236884,0.202153,0.075270
18,157.437188,37,1.850000,0.319697,0.328915,0.112525,-0.247544,-0.256201,-0.079979,0.990450,-0.003656,0.003844,-0.137773,-0.018588,-0.007917,-0.127511,0.266348,-0.012906,0.254450,0.073445
18,157.437188,38,1.900000,0.307319,0.316105,0.108526,-0.243291,-0.253151,-0.077269,0.990004,-0.004156,0.003700,-0.140927,-0.019271,0.004895,-0.125424,0.266329,0.004493,0.277500,0.073898
18,157.437188,39,1.950000,0.295155,0.303447,0.104663,-0.239100,-0.249607,-0.074598,0.989555,-0.004627,0.003876,-0.144030,-0.019023,0.018862,-0.123323,0.266289,-0.473685,-0.039424,0.078207
18,157.437188,40,2.000000,0.283200,0.290967,0.100933,-0.234660,-0.245642,-0.072006,0.989102,-0.005042,0.004397,-0.147080,-0.042619,0.016980,-0.121100,0.266210,-0.273170,0.031310,0.100757
18,157.437188,41,2.050000,0.271467,0.278685,0.097332,-0.229640,-0.241363,-0.069569,0.988644,-0.006047,0.004958,-0.150071,-0.056200,0.018741,-0.118236,0.266221,-0.024240,0.105712,0.118708
18,157.437188,42,2.100000,0.259985,0.266616,0.093854,-0.223912,-0.236202,-0.067128,0.988184,-0.007380,0.005615,-0.152989,-0.057328,0.024279,-0.114862,0.266222,0.230054,0.077083,0.132987
18,157.437188,43,2.150000,0.248789,0.254806,0.090498,-0.217328,-0.229858,-0.064710,0.987726,-0.008719,0.006412,-0.155822,-0.045719,0.028383,-0.111082,0.266195,0.308530,-0.013549,0.143611
18,157.437188,44,2.200000,0.237923,0.243313,0.087262,-0.209744,-0.222353,-0.062372,0.987274,-0.009756,0.007267,-0.158563,-0.030173,0.027898,-0.107000,0.266133,-0.097422,-0.263063,0.148867
18,157.437188,45,2.250000,0.227436,0.232196,0.084144,-0.201148,-0.213995,-0.060180,0.986833,-0.010409,0.008049,-0.161205,-0.034931,0.014868,-0.102768,0.266072,0.057988,-0.277435,0.227011
18,157.437188,46,2.300000,0.217378,0.221496,0.081135,-0.191666,-0.205151,-0.058125,0.986403,-0.011232,0.008530,-0.163736,-0.031973,0.001132,-0.096315,0.266018,0.197944,-0.232197,0.291757
18,157.437188,47,2.350000,0.207795,0.211238,0.078228,-0.181565,-0.195612,-0.056195,0.985997,-0.012036,0.008662,-0.166104,-0.022072,-0.010361,-0.088022,0.265954,0.329389,-0.169447,0.342352
18,157.437188,48,2.400000,0.198717,0.201458,0.075419,-0.171183,-0.185339,-0.054405,0.985624,-0.012642,0.008471,-0.168266,-0.005637,-0.018759,-0.078291,0.265886,0.369964,-0.161868,0.377526
18,157.437188,49,2.450000,0.190157,0.192191,0.072698,-0.160866,-0.174473,-0.052751,0.985295,-0.012876,0.008008,-0.170187,0.012805,-0.026836,-0.067560,0.265831,0.198520,-0.370825,0.393090
18,157.437188,50,2.500000,0.182114,0.183467,0.070061,-0.150940,-0.163323,-0.051198,0.985015,-0.012689,0.007271,-0.171845,0.022662,-0.045410,-0.056387,0.265810,0.284273,-0.245921,0.475300
18,157.437188,51,2.550000,0.174567,0.175301,0.067501,-0.141742,-0.152249,-0.049669,0.984787,-0.012336,0.006037,-0.173223,0.036779,-0.057755,-0.042876,0.265776,0.297484,-0.059710,0.532013
18,157.437188,52,2.600000,0.167480,0.167689,0.065017,-0.133786,-0.141320,-0.048177,0.984619,-0.011687,0.004443,-0.174266,0.051559,-0.060800,-0.027754,0.265751,0.268952,0.189207,0.554017
18,157.437188,53,2.650000,0.160791,0.160623,0.062609,-0.127476,-0.130756,-0.046699,0.984518,-0.010686,0.002714,-0.174937,0.064943,-0.051394,-0.012006,0.265728,-0.034944,0.667014,0.545459
18,157.437188,54,2.700000,0.154417,0.154085,0.060274,-0.123007,-0.120870,-0.045229,0.984484,-0.009313,0.001161,-0.175223,0.063172,-0.018073,0.003498,0.265711,-0.101310,0.549148,0.495518
18,157.437188,55,2.750000,0.148267,0.148041,0.058012,-0.120275,-0.112047,-0.043758,0.984513,-0.007837,0.000441,-0.175134,0.058109,0.009393,0.017583,0.265685,-0.057689,0.480039,0.482842
18,157.437188,56,2.800000,0.142253,0.142439,0.055824,-0.118498,-0.104531,-0.042310,0.984600,-0.006366,0.000421,-0.174703,0.055218,0.033434,0.031308,0.265660,-0.014322,0.312043,0.450629
18,157.437188,57,2.850000,0.136328,0.137212,0.053709,-0.116996,-0.098436,-0.040887,0.984744,-0.004860,0.001008,-0.173938,0.054462,0.049101,0.044117,0.265642,-0.039964,0.132981,0.408308
18,157.437188,58,2.900000,0.130478,0.132291,0.051664,-0.115188,-0.093900,-0.039482,0.984939,-0.003305,0.001985,-0.172859,0.052382,0.055842,0.055723,0.265617,-0.115651,0.006968,0.362769
18,157.437188,59,2.950000,0.124719,0.127596,0.049690,-0.112702,-0.091035,-0.038112,0.985179,-0.001771,0.003138,-0.171494,0.046481,0.056301,0.066034,0.265579,-0.253050,0.049183,0.319469
18,157.437188,60,3.000000,0.119084,0.123044,0.047785,-0.109362,-0.089849,-0.036813,0.985456,-0.000379,0.004329,-0.169873,0.033688,0.058877,0.075115,0.265530,-0.246266,-0.374675,0.301105
18,157.437188,61,3.050000,0.113616,0.118551,0.045944,-0.105104,-0.090204,-0.035609,0.985766,0.000709,0.005637,-0.168026,0.021206,0.040239,0.083674,0.265462,-0.271630,-0.701380,0.291828
18,157.437188,62,3.100000,0.108360,0.114041,0.044164,-0.099758,-0.091823,-0.034544,0.986109,0.001412,0.006538,-0.165966,0.007497,0.005237,0.091969,0.265397,-0.291278,-0.817456,0.293677
18,157.437188,63,3.150000,0.103373,0.109450,0.042437,-0.093651,-0.094258,-0.033611,0.986487,0.001634,0.006633,-0.163699,-0.007085,-0.035610,0.100317,0.265363,-0.271057,-0.665234,0.307928
18,157.437188,64,3.200000,0.098690,0.104737,0.040756,-0.087484,-0.096909,-0.032744,0.986900,0.001330,0.005779,-0.161225,-0.020502,-0.068898,0.109069,0.265370,-0.290370,0.095901,0.337084
18,157.437188,65,3.250000,0.094316,0.099892,0.039119,-0.082089,-0.099115,-0.031853,0.987345,0.000562,0.004158,-0.158532,-0.034736,-0.064188,0.118651,0.265403,-0.143390,0.121491,0.320644
18,157.437188,66,3.300000,0.090211,0.094936,0.037526,-0.078140,-0.100309,-0.030883,0.987816,-0.000537,0.002710,-0.155600,-0.041616,-0.058270,0.127765,0.265405,-0.141051,0.199388,0.316321
18,157.437188,67,3.350000,0.086304,0.089921,0.035982,-0.075427,-0.100201,-0.029901,0.988310,-0.001783,0.001435,-0.152440,-0.048386,-0.048502,0.136757,0.265392,-0.186627,0.329814,0.324638
18,157.437188,68,3.400000,0.082533,0.084910,0.034487,-0.073766,-0.098684,-0.028940,0.988824,-0.003158,0.000427,-0.149056,-0.057466,-0.032263,0.145984,0.265371,-0.098814,0.448718,0.354801
18,157.437188,69,3.450000,0.078845,0.079976,0.033040,-0.072889,-0.095677,-0.028022,0.989355,-0.004698,-0.000145,-0.145443,-0.062228,-0.010145,0.156069,0.265344,0.425212,0.644276,0.413347
18,157.437188,70,3.500000,0.075200,0.075192,0.031639,-0.072359,-0.091089,-0.027166,0.989907,-0.006274,-0.000152,-0.141581,-0.040907,0.021700,0.167819,0.265294,0.547432,0.298235,0.377136
18,157.437188,71,3.550000,0.071582,0.070638,0.030281,-0.071633,-0.084965,-0.026420,0.990485,-0.007210,0.000557,-0.137430,-0.013674,0.036351,0.178539,0.265251,0.464927,-0.037174,0.359756
18,157.437188,72,3.600000,0.068001,0.066390,0.028960,-0.070118,-0.078024,-0.025765,0.991085,-0.007421,0.001536,-0.133014,0.009327,0.034400,0.188764,0.265229,0.264602,-0.246261,0.355370
18,157.437188,73,3.650000,0.064495,0.062488,0.027671,-0.067653,-0.071000,-0.025158,0.991702,-0.007069,0.002392,-0.128342,0.022310,0.022154,0.198866,0.265222,0.145574,-0.335279,0.363850
18,157.437188,74,3.700000,0.061112,0.058939,0.026413,-0.064432,-0.064415,-0.024561,0.992330,-0.006432,0.002905,-0.123415,0.029422,0.005558,0.209208,0.265215,0.381417,-0.379350,0.391248
18,157.437188,75,3.750000,0.057890,0.055718,0.025185,-0.060821,-0.058497,-0.023970,0.992966,-0.005670,0.002986,-0.118227,0.048448,-0.013176,0.220329,0.265199,0.151756,-0.264313,0.315315
18,157.437188,76,3.800000,0.054849,0.052793,0.023987,-0.057250,-0.053314,-0.023401,0.993609,-0.004490,0.002547,-0.112757,0.056146,-0.025986,0.229292,0.265204,0.143236,-0.022885,0.254248
18,157.437188,77,3.850000,0.051987,0.050127,0.022817,-0.054268,-0.049214,-0.022809,0.994246,-0.003154,0.001768,-0.107060,0.063534,-0.026642,0.236519,0.265195,0.146290,0.263782,0.205224
18,157.437188,78,3.900000,0.049273,0.047666,0.021676,-0.052209,-0.046320,-0.022220,0.994866,-0.001635,0.000955,-0.101180,0.071088,-0.012883,0.242352,0.265182,-0.098380,0.358336,0.158845
18,157.437188,79,3.950000,0.046663,0.045350,0.020565,-0.051114,-0.044817,-0.021646,0.995463,0.000106,0.000464,-0.095152,0.066288,0.005688,0.246867,0.265160,-0.837685,-0.432806,0.099572
18,157.437188,80,4.000000,0.044107,0.043110,0.019483,-0.050669,-0.044964,-0.021109,0.996029,0.001772,0.000448,-0.089007,0.024350,-0.015331,0.249698,0.265127,-0.606435,-0.334071,0.032921
18,157.437188,81,4.050000,0.041574,0.040861,0.018428,-0.050386,-0.046736,-0.020637,0.996564,0.002347,0.000001,-0.082789,-0.005826,-0.031804,0.250633,0.265094,-0.161560,-0.117585,-0.031334
18,157.437188,82,4.100000,0.039055,0.038525,0.017396,-0.050576,-0.049033,-0.020226,0.997064,0.002136,-0.000794,-0.076545,-0.013602,-0.037739,0.249743,0.265083,0.267564,0.218820,-0.092113
18,157.437188,83,4.150000,0.036526,0.036073,0.016384,-0.051515,-0.051064,-0.019837,0.997522,0.001720,-0.001722,-0.070320,0.000134,-0.026926,0.247125,0.265075,0.246141,0.512916,-0.150159
18,157.437188,84,4.200000,0.033950,0.033520,0.015393,-0.053320,-0.052629,-0.019463,0.997936,0.001665,-0.002405,-0.064157,0.012694,-0.001279,0.242856,0.265056,-0.829741,0.292652,-0.211819
18,157.437188,85,4.250000,0.031284,0.030888,0.014419,-0.055780,-0.054109,-0.019128,0.998306,0.001965,-0.002467,-0.058097,-0.028782,0.013470,0.236835,0.265028,-0.505539,0.377024,-0.230344
18,157.437188,86,4.300000,0.028495,0.028183,0.013463,-0.058310,-0.055893,-0.018845,0.998634,0.001252,-0.002101,-0.052186,-0.054180,0.032063,0.230288,0.265055,-0.117734,0.455114,-0.249369
18,157.437188,87,4.350000,0.025580,0.025388,0.012521,-0.060433,-0.057013,-0.018509,0.998920,-0.000071,-0.001237,-0.046438,-0.060347,0.054345,0.223200,0.265081,0.215101,0.436916,-0.270509
18,157.437188,88,4.400000,0.022558,0.022538,0.011595,-0.061643,-0.056886,-0.018120,0.999164,-0.001522,0.000191,-0.040865,-0.050052,0.075680,0.215511,0.265090,0.270027,0.279426,-0.298287
18,157.437188,89,4.450000,0.019476,0.019693,0.010689,-0.061394,-0.055401,-0.017715,0.999364,-0.002694,0.002141,-0.035484,-0.037170,0.089241,0.207032,0.265075,-0.340398,-0.136422,-0.339478
18,157.437188,90,4.500000,0.016406,0.016923,0.009804,-0.059200,-0.052832,-0.017347,0.999524,-0.003532,0.004417,-0.030315,-0.054891,0.082128,0.197382,0.265039,-0.019483,-0.319668,-0.380478
18,157.437188,91,4.550000,0.013446,0.014282,0.008936,-0.054761,-0.049498,-0.017066,0.999645,-0.004820,0.006528,-0.025383,-0.056480,0.065734,0.186567,0.264971,0.314596,-0.510369,-0.434974
18,157.437188,92,4.600000,0.010708,0.011807,0.008083,-0.048236,-0.044932,-0.016943,0.999732,-0.006159,0.008229,-0.020719,-0.041216,0.039815,0.174203,0.264894,0.585028,-0.689865,-0.503380
18,157.437188,93,4.650000,0.008296,0.009560,0.007236,-0.040040,-0.039058,-0.017001,0.999798,-0.007133,0.009273,-0.016363,-0.012227,0.005050,0.159895,0.264849,0.650247,-0.813397,-0.585563
18,157.437188,94,4.700000,0.006294,0.007607,0.006386,-0.030831,-0.032212,-0.017174,0.999852,-0.007399,0.009432,-0.012364,0.020254,-0.035694,0.143251,0.264875,0.212078,-0.823460,-0.681772
18,157.437188,95,4.750000,0.004753,0.005997,0.005527,-0.021490,-0.025069,-0.017305,0.999901,-0.006870,0.008560,-0.008782,0.031052,-0.076757,0.123871,0.264960,0.188118,-0.472605,-0.742765
18,157.437188,96,4.800000,0.003678,0.004743,0.004662,-0.013031,-0.018401,-0.017256,0.999943,-0.006084,0.006656,-0.005678,0.040819,-0.100242,0.102759,0.265067,0.112485,0.042849,-0.808642
18,157.437188,97,4.850000,0.003027,0.003823,0.003799,-0.006463,-0.012466,-0.016970,0.999974,-0.005061,0.004160,-0.003101,0.046834,-0.097940,0.079773,0.265121,-0.044556,0.584435,-0.879402
18,157.437188,98,4.900000,0.002703,0.003200,0.002950,-0.002363,-0.007509,-0.016548,0.999990,-0.003889,0.001718,-0.001099,0.044903,-0.068576,0.054777,0.265063,-0.304407,0.868830,-0.957479
18,157.437188,99,4.950000,0.002585,0.002824,0.002123,-0.000673,-0.003693,-0.016209,0.999996,-0.002766,0.000007,0.000275,0.029825,-0.025042,0.027561,0.273630,-0.593588,0.508937,-1.048345
18,157.437188,100,5.000000,0.002552,0.002640,0.001313,-0.000666,-0.000890,0.000005,0.999997,-0.002020,-0.000616,0.000965,0.000172,0.000437,-0.002238,0,0,0,0
19,165.053775,0,0.000000,1.041676,1.067454,0.365037,-0.003748,-0.003426,-0.097107,0.999200,0.001097,-0.001442,-0.039951,0.000000,0.000000,0.000000,0.184720,11.950510,-9.508435,-0.553137
19,165.053775,1,0.050000,1.041489,1.067283,0.360181,-0.004764,-0.004136,-0.245534,0.999200,0.001097,-0.001442,-0.039951,0.597525,-0.475422,-0.015723,0.163466,4.769450,-3.888251,-0.447075
19,165.053775,2,0.100000,1.041251,1.067076,0.347905,-0.005663,-0.004765,-0.433322,0.998969,0.015546,-0.013912,-0.040328,0.835714,-0.670191,-0.028431,0.278780,-0.074678,0.036775,-0.383754
19,165.053775,3,0.150000,1.040968,1.066838,0.326239,-0.020660,-0.020221,-0.408013,0.998024,0.035739,-0.031470,-0.040993,0.831257,-0.669254,-0.039339,0.325214,-3.027870,2.445899,-0.335603
19,165.053775,4,0.200000,1.039935,1.065827,0.305838,-0.060255,-0.061630,-0.298997,0.996359,0.055805,-0.048967,-0.041903,0.678865,-0.548200,-0.048878,0.329513,-4.610051,3.731329,-0.294500
19,165.053775,5,0.250000,1.036922,1.062745,0.290888,-0.122652,-0.126983,-0.186015,0.994453,0.072183,-0.063250,-0.043044,0.447345,-0.362893,-0.057249,0.313324,-5.043797,4.040133,-0.258860
19,165.053775,6,0.300000,1.030789,1.056396,0.281587,-0.199250,-0.207124,-0.106974,0.992906,0.082996,-0.072643,-0.044411,0.194367,-0.161858,-0.064607,0.290652,-4.837653,3.833422,-0.229371
19,165.053775,7,0.350000,1.020827,1.046040,0.276239,-0.280862,-0.292361,-0.072325,0.992116,0.087756,-0.076741,-0.045996,-0.047913,0.029336,-0.071127,0.271144,-4.180675,3.287369,-0.207026
19,165.053775,8,0.400000,1.006784,1.031422,0.272622,-0.361374,-0.376250,-0.074355,0.992193,0.086738,-0.075802,-0.047788,-0.256867,0.193834,-0.077012,0.258448,-3.319518,2.589309,-0.191548
19,165.053775,9,0.450000,0.988715,1.012609,0.268905,-0.437334,-0.455161,-0.098949,0.992991,0.080741,-0.070517,-0.049763,-0.422277,0.324050,-0.082456,0.253051,-2.458146,1.904172,-0.182217
19,165.053775,10,0.500000,0.966848,0.989851,0.263957,-0.506727,-0.527014,-0.131606,0.994222,0.070800,-0.061776,-0.051895,-0.544170,0.420581,-0.087636,0.253275,-1.458768,1.052655,-0.172203
19,165.053775,11,0.550000,0.941512,0.963501,0.257377,-0.567788,-0.590038,-0.161361,0.995572,0.057947,-0.050453,-0.054161,-0.615710,0.475023,-0.092531,0.257066,-0.551070,0.254149,-0.166225
19,165.053775,12,0.600000,0.913123,0.933999,0.249309,-0.618600,-0.642363,-0.181433,0.996747,0.043374,-0.037655,-0.056542,-0.641595,0.489893,-0.097256,0.262214,0.243779,-0.455519,-0.160905
19,165.053775,13,0.650000,0.882193,0.901881,0.240237,-0.657432,-0.682281,-0.189554,0.997560,0.028164,-0.024430,-0.059026,-0.627598,0.469485,-0.101829,0.267039,0.894101,-0.977337,-0.153973
19,165.053775,14,0.700000,0.849321,0.867766,0.230759,-0.683179,-0.708642,-0.186913,0.997944,0.013265,-0.011722,-0.061606,-0.581078,0.423044,-0.106206,0.270530,1.418939,-1.153907,-0.143352
19,165.053775,15,0.750000,0.815162,0.832334,0.221414,-0.695719,-0.721182,-0.176744,0.997932,-0.000549,-0.000237,-0.064275,-0.508426,0.367690,-0.110281,0.272341,1.702538,-1.386646,-0.149242
19,165.053775,16,0.800000,0.780376,0.796275,0.212577,-0.695922,-0.720614,-0.162910,0.997623,-0.012641,0.009750,-0.067026,-0.421760,0.300486,-0.114523,0.272764,1.776615,-1.453704,-0.148135
19,165.053775,17,0.850000,0.745580,0.760245,0.204431,-0.685239,-0.708535,-0.148548,0.997137,-0.022682,0.017914,-0.069869,-0.331624,0.229634,-0.118733,0.272127,1.702876,-1.388370,-0.139114
19,165.053775,18,0.900000,0.711318,0.724818,0.197004,-0.665639,-0.687001,-0.135951,0.996584,-0.030599,0.024149,-0.072806,-0.245445,0.161710,-0.122688,0.270964,1.590223,-1.192974,-0.120363
19,165.053775,19,0.950000,0.678036,0.690468,0.190206,-0.639251,-0.658162,-0.126191,0.996044,-0.036493,0.028530,-0.075836,-0.165181,0.103204,-0.126109,0.269702,1.646433,-0.858675,-0.086995
19,165.053775,20,1.000000,0.646073,0.657560,0.183897,-0.608102,-0.624015,-0.119386,0.995564,-0.040500,0.031297,-0.078951,-0.082365,0.061061,-0.128582,0.268583,1.451202,-0.809936,-0.111387
19,165.053775,21,1.050000,0.615668,0.626359,0.177927,-0.573926,-0.586365,-0.115116,0.995170,-0.042529,0.032849,-0.082148,-0.009507,0.020966,-0.131748,0.267723,1.208559,-0.762534,-0.116188
19,165.053775,22,1.100000,0.586972,0.597041,0.172171,-0.538047,-0.547073,-0.112695,0.994867,-0.042831,0.033250,-0.085440,0.051025,-0.017113,-0.135051,0.267168,0.963657,-0.691742,-0.103871
19,165.053775,23,1.150000,0.560070,0.569687,0.166537,-0.501694,-0.507720,-0.111348,0.994641,-0.041710,0.032570,-0.088822,0.099121,-0.051962,-0.138003,0.266901,0.746007,-0.551246,-0.076729
19,165.053775,24,1.200000,0.534985,0.544301,0.160969,-0.466008,-0.469569,-0.110355,0.994470,-0.039473,0.030914,-0.092280,0.136149,-0.080043,-0.140184,0.266862,0.501293,-0.178882,-0.035150
19,165.053775,25,1.250000,0.511685,0.520823,0.155452,-0.432022,-0.433591,-0.109151,0.994329,-0.036380,0.028471,-0.095790,0.160788,-0.089712,-0.141183,0.267013,0.398133,-0.143184,-0.055295
19,165.053775,26,1.300000,0.490084,0.499143,0.149994,-0.400579,-0.400514,-0.107294,0.994184,-0.032698,0.025727,-0.099330,0.180214,-0.097733,-0.142755,0.267129,0.241473,-0.088444,-0.062869
19,165.053775,27,1.350000,0.470055,0.479117,0.144629,-0.372061,-0.370880,-0.104824,0.994021,-0.028553,0.022733,-0.102913,0.191758,-0.103131,-0.144542,0.267259,0.029132,-0.026149,-0.057728
19,165.053775,28,1.400000,0.451452,0.460573,0.139388,-0.346784,-0.345101,-0.101717,0.993823,-0.024135,0.019573,-0.106538,0.192649,-0.105490,-0.146183,0.267356,-0.259991,0.065075,-0.040453
19,165.053775,29,1.450000,0.434112,0.443318,0.134302,-0.324976,-0.323415,-0.098070,0.993580,-0.019700,0.016351,-0.110198,0.179064,-0.103306,-0.147333,0.267379,-0.683562,0.233080,-0.014203
19,165.053775,30,1.500000,0.417864,0.427148,0.129399,-0.306738,-0.305815,-0.094073,0.993284,-0.015597,0.013219,-0.113878,0.144308,-0.092653,-0.147736,0.267300,-0.547874,0.266059,-0.014678
19,165.053775,31,1.550000,0.402527,0.411857,0.124695,-0.291981,-0.291968,-0.089987,0.992935,-0.012326,0.010449,-0.117556,0.116395,-0.080159,-0.148154,0.267075,-0.388691,0.347767,-0.017781
19,165.053775,32,1.600000,0.387928,0.397258,0.120196,-0.280284,-0.281077,-0.086162,0.992543,-0.009711,0.008072,-0.121238,0.096510,-0.063425,-0.148659,0.266866,-0.242068,0.426072,-0.023447
19,165.053775,33,1.650000,0.373913,0.383205,0.115888,-0.271202,-0.272517,-0.082622,0.992118,-0.007538,0.006169,-0.124929,0.084048,-0.042666,-0.149325,0.266685,-0.279472,0.465291,-0.028312
19,165.053775,34,1.700000,0.360353,0.369579,0.111757,-0.264227,-0.265892,-0.079354,0.991664,-0.005610,0.004820,-0.128636,0.069833,-0.019878,-0.150130,0.266517,-0.794118,0.158426,-0.030173
19,165.053775,35,1.750000,0.347142,0.356284,0.107789,-0.258796,-0.261012,-0.076358,0.991185,-0.003961,0.004082,-0.132363,0.030014,-0.012354,-0.150988,0.266312,-0.619616,0.230991,-0.014793
19,165.053775,36,1.800000,0.334202,0.343233,0.103971,-0.254288,-0.257673,-0.073719,0.990682,-0.003273,0.003661,-0.136105,-0.001038,-0.000977,-0.151408,0.266205,-0.377704,0.295401,-0.005533
19,165.053775,37,1.850000,0.321488,0.330350,0.100285,-0.250273,-0.254967,-0.071271,0.990160,-0.003316,0.003628,-0.139854,-0.019929,0.013799,-0.151566,0.266162,-0.115916,0.249857,-0.000984
19,165.053775,38,1.900000,0.308974,0.317601,0.096722,-0.246274,-0.252231,-0.068902,0.989620,-0.003775,0.004027,-0.143604,-0.025645,0.026407,-0.151594,0.266161,-0.019280,0.138679,-0.000263
19,165.053775,39,1.950000,0.296660,0.304990,0.093276,-0.241811,-0.249119,-0.066542,0.989063,-0.004330,0.004758,-0.147353,-0.026457,0.033488,-0.151601,0.266149,-0.399549,-0.133146,-0.004122
19,165.053775,40,2.000000,0.284570,0.292534,0.089949,-0.236544,-0.245588,-0.064213,0.988490,-0.004878,0.005667,-0.151101,-0.046242,0.026983,-0.151718,0.266087,-0.215943,-0.173308,0.065771
19,165.053775,41,2.050000,0.272743,0.280255,0.086739,-0.230297,-0.241680,-0.062016,0.987899,-0.005941,0.006490,-0.154846,-0.056884,0.018584,-0.149849,0.266096,-0.036353,-0.162285,0.122877
19,165.053775,42,2.100000,0.261228,0.268171,0.083638,-0.223071,-0.236886,-0.059821,0.987300,-0.007298,0.007147,-0.158539,-0.058596,0.010793,-0.146356,0.266089,0.143597,-0.138071,0.166891
19,165.053775,43,2.150000,0.250074,0.256326,0.080647,-0.214977,-0.230902,-0.057666,0.986699,-0.008728,0.007619,-0.162142,-0.051356,0.004215,-0.141612,0.266061,0.238718,-0.169489,0.197145
19,165.053775,44,2.200000,0.239325,0.244781,0.077764,-0.206175,-0.223633,-0.055593,0.986106,-0.010004,0.007900,-0.165625,-0.039397,-0.003983,-0.136008,0.266009,0.124487,-0.414848,0.210034
19,165.053775,45,2.250000,0.229017,0.233599,0.074984,-0.196868,-0.215203,-0.053644,0.985528,-0.011019,0.007931,-0.168968,-0.033194,-0.024522,-0.130038,0.265953,0.267383,-0.323939,0.291673
19,165.053775,46,2.300000,0.219173,0.222839,0.072302,-0.187335,-0.205827,-0.051819,0.984969,-0.011966,0.007431,-0.172158,-0.019945,-0.040555,-0.121748,0.265896,0.344466,-0.169051,0.350081
19,165.053775,47,2.350000,0.209806,0.212548,0.069711,-0.178098,-0.195480,-0.050115,0.984441,-0.012654,0.006482,-0.175139,-0.002910,-0.048916,-0.111797,0.265834,0.380766,0.056775,0.376581
19,165.053775,48,2.400000,0.200902,0.202774,0.067205,-0.169634,-0.184332,-0.048529,0.983954,-0.012958,0.005255,-0.177873,0.015921,-0.046065,-0.101092,0.265773,0.136631,0.524216,0.375944
19,165.053775,49,2.450000,0.192420,0.193557,0.064779,-0.162275,-0.172702,-0.047050,0.983512,-0.012784,0.004019,-0.180347,0.022576,-0.019915,-0.090406,0.265733,0.115292,0.414412,0.338170
19,165.053775,50,2.500000,0.184306,0.184922,0.062426,-0.156116,-0.161041,-0.045629,0.983111,-0.012328,0.003398,-0.182565,0.028272,0.000728,-0.080794,0.265703,0.181089,0.367242,0.341340
19,165.053775,51,2.550000,0.176500,0.176870,0.060145,-0.150613,-0.149724,-0.044247,0.982748,-0.011637,0.003262,-0.184553,0.037329,0.019004,-0.071092,0.265676,0.229569,0.231545,0.329069
19,165.053775,52,2.600000,0.168970,0.169384,0.057932,-0.145346,-0.139064,-0.042898,0.982427,-0.010638,0.003536,-0.186308,0.048859,0.030480,-0.061738,0.265659,0.193681,0.092286,0.311018
19,165.053775,53,2.650000,0.161702,0.162431,0.055787,-0.139978,-0.129429,-0.041561,0.982148,-0.009301,0.004041,-0.187836,0.058614,0.034980,-0.052897,0.265648,0.095253,0.009842,0.294014
19,165.053775,54,2.700000,0.154703,0.155959,0.053709,-0.134354,-0.121188,-0.040221,0.981907,-0.007703,0.004612,-0.189149,0.063447,0.035354,-0.044540,0.265635,-0.074672,0.095160,0.283003
19,165.053775,55,2.750000,0.147986,0.149900,0.051698,-0.128465,-0.114605,-0.038884,0.981703,-0.005983,0.005171,-0.190256,0.059773,0.040005,-0.036496,0.265616,-0.109353,-0.288841,0.299931
19,165.053775,56,2.800000,0.141563,0.144170,0.049754,-0.122351,-0.109794,-0.037564,0.981531,-0.004331,0.005863,-0.191165,0.054361,0.025480,-0.027970,0.265571,-0.185144,-0.586107,0.327201
19,165.053775,57,2.850000,0.135445,0.138680,0.047876,-0.115876,-0.106715,-0.036318,0.981398,-0.002879,0.006226,-0.191861,0.045131,-0.003883,-0.018670,0.265520,-0.253766,-0.689214,0.365634
19,165.053775,58,2.900000,0.129651,0.133344,0.046060,-0.109324,-0.105111,-0.035160,0.981312,-0.001794,0.005913,-0.192326,0.032440,-0.038375,-0.008277,0.265477,-0.273380,-0.542752,0.415119
19,165.053775,59,2.950000,0.124185,0.128089,0.044302,-0.103280,-0.104499,-0.034073,0.981278,-0.001183,0.004815,-0.192532,0.018759,-0.065523,0.003523,0.265452,-0.320449,0.196547,0.476862
19,165.053775,60,3.000000,0.119021,0.122864,0.042598,-0.098411,-0.104268,-0.033019,0.981302,-0.001038,0.003117,-0.192446,0.002745,-0.055693,0.017078,0.265443,-0.193614,0.195164,0.489929
19,165.053775,61,3.050000,0.114100,0.117650,0.040947,-0.095207,-0.103856,-0.031968,0.981388,-0.001238,0.001738,-0.192025,-0.006900,-0.045933,0.031004,0.265418,-0.219245,0.247428,0.510783
19,165.053775,62,3.100000,0.109340,0.112458,0.039349,-0.093297,-0.102991,-0.030957,0.981537,-0.001626,0.000645,-0.191263,-0.017808,-0.033570,0.045522,0.265392,-0.296590,0.354992,0.540009
19,165.053775,63,3.150000,0.104675,0.107308,0.037801,-0.092369,-0.101543,-0.029993,0.981754,-0.002223,-0.000091,-0.190144,-0.032579,-0.015851,0.060872,0.265369,-0.240627,0.454289,0.586474
19,165.053775,64,3.200000,0.100057,0.102231,0.036301,-0.092041,-0.099381,-0.029074,0.982040,-0.003098,-0.000322,-0.188649,-0.044574,0.006788,0.077542,0.265355,0.255676,0.633039,0.656444
19,165.053775,65,3.250000,0.095455,0.097262,0.034848,-0.091778,-0.096332,-0.028185,0.982400,-0.004161,0.000061,-0.186745,-0.031810,0.038309,0.096201,0.265350,0.360088,0.274164,0.628071
19,165.053775,66,3.300000,0.090866,0.092445,0.033438,-0.090956,-0.092326,-0.027313,0.982842,-0.004763,0.001160,-0.184386,-0.013946,0.051901,0.114054,0.265330,0.260425,-0.063643,0.617650
19,165.053775,67,3.350000,0.086318,0.087829,0.032073,-0.088972,-0.087936,-0.026485,0.983359,-0.004863,0.002513,-0.181588,-0.001149,0.048658,0.131611,0.265304,0.056062,-0.272345,0.620003
19,165.053775,68,3.400000,0.081869,0.083432,0.030748,-0.085676,-0.083685,-0.025710,0.983948,-0.004662,0.003731,-0.178358,0.001411,0.035035,0.149234,0.265279,-0.042906,-0.365602,0.634272
19,165.053775,69,3.450000,0.077586,0.079248,0.029463,-0.081253,-0.079832,-0.024988,0.984603,-0.004457,0.004603,-0.174690,-0.000933,0.016763,0.167263,0.265255,0.243291,-0.423743,0.665100
19,165.053775,70,3.500000,0.073523,0.075256,0.028214,-0.076035,-0.076310,-0.024316,0.985322,-0.004388,0.005039,-0.170573,0.011125,-0.004430,0.186168,0.265229,0.095321,-0.333043,0.589706
19,165.053775,71,3.550000,0.069721,0.071441,0.026998,-0.070423,-0.072908,-0.023696,0.986107,-0.004109,0.004903,-0.165986,0.015923,-0.021003,0.202930,0.265218,0.185438,-0.113016,0.527255
19,165.053775,72,3.600000,0.066200,0.067795,0.025813,-0.065004,-0.069727,-0.023091,0.986941,-0.003779,0.004339,-0.160981,0.025356,-0.026532,0.217918,0.265212,0.291260,0.156750,0.474609
19,165.053775,73,3.650000,0.062950,0.064309,0.024658,-0.060200,-0.066750,-0.022489,0.987808,-0.003236,0.003603,-0.155602,0.040139,-0.018484,0.231408,0.265207,0.131987,0.245924,0.424289
19,165.053775,74,3.700000,0.059940,0.060972,0.023534,-0.056209,-0.064160,-0.021889,0.988696,-0.002296,0.003009,-0.149887,0.046901,-0.005836,0.243468,0.265193,-0.564603,-0.534729,0.363037
19,165.053775,75,3.750000,0.057129,0.057764,0.022439,-0.052949,-0.062374,-0.021305,0.989592,-0.001140,0.002703,-0.143869,0.018724,-0.032139,0.253788,0.265174,-0.347762,-0.420427,0.295247
19,165.053775,76,3.800000,0.054482,0.054645,0.021374,-0.050160,-0.061647,-0.020750,0.990488,-0.000775,0.001848,-0.137588,0.001646,-0.052980,0.262180,0.265169,0.062983,-0.209208,0.228328
19,165.053775,77,3.850000,0.051974,0.051563,0.020337,-0.048258,-0.061143,-0.020200,0.991370,-0.000905,0.000536,-0.131092,0.005322,-0.063424,0.268670,0.265166,0.448881,0.110415,0.165766
19,165.053775,78,3.900000,0.049561,0.048505,0.019327,-0.047620,-0.060331,-0.019654,0.992227,-0.000977,-0.001048,-0.124429,0.028413,-0.057849,0.273382,0.265149,0.383883,0.390835,0.109937
19,165.053775,79,3.950000,0.047180,0.045489,0.018344,-0.048521,-0.059251,-0.019140,0.993053,-0.000459,-0.002564,-0.117642,0.048207,-0.038012,0.276507,0.265107,-0.750188,0.189457,0.056635
19,165.053775,80,4.000000,0.044754,0.042526,0.017387,-0.050969,-0.058506,-0.018708,0.993839,0.000608,-0.003647,-0.110771,0.011097,-0.028033,0.278117,0.265059,-0.514582,0.345310,0.050729
19,165.053775,81,4.050000,0.042205,0.039601,0.016452,-0.054593,-0.058703,-0.018372,0.994582,0.000781,-0.004378,-0.103858,-0.014337,-0.010651,0.279559,0.265042,-0.215147,0.518618,0.044974
19,165.053775,82,4.100000,0.039476,0.036666,0.015533,-0.058946,-0.059019,-0.018073,0.995283,0.000366,-0.004611,-0.096907,-0.024981,0.015128,0.280837,0.265040,0.090617,0.622766,0.037954
19,165.053775,83,4.150000,0.036529,0.033715,0.014629,-0.063486,-0.058937,-0.017780,0.995940,-0.000252,-0.004176,-0.089919,-0.020611,0.046000,0.281916,0.265052,0.128788,0.594158,0.025538
19,165.053775,84,4.200000,0.033354,0.030768,0.013740,-0.067547,-0.058323,-0.017459,0.996553,-0.000691,-0.002983,-0.082900,-0.014664,0.075487,0.282642,0.265078,-0.521486,0.260946,0.001000
19,165.053775,85,4.250000,0.029977,0.027852,0.012867,-0.070409,-0.057404,-0.017082,0.997118,-0.000921,-0.001067,-0.075859,-0.041548,0.088377,0.282670,0.265120,-0.239493,0.116654,-0.024115
19,165.053775,86,4.300000,0.026456,0.024982,0.012013,-0.071385,-0.056423,-0.016622,0.997627,-0.001796,0.001221,-0.068814,-0.054471,0.093764,0.281985,0.265126,0.080958,-0.086775,-0.066256
19,165.053775,87,4.350000,0.022887,0.022161,0.011182,-0.070067,-0.054746,-0.016151,0.998078,-0.002985,0.003666,-0.061782,-0.051426,0.088843,0.280101,0.265089,0.350955,-0.337636,-0.127832
19,165.053775,88,4.400000,0.019384,0.019423,0.010375,-0.066294,-0.052044,-0.015768,0.998471,-0.004105,0.005983,-0.054793,-0.034823,0.071414,0.276468,0.265014,0.441822,-0.593392,-0.210960
19,165.053775,89,4.450000,0.016069,0.016821,0.009586,-0.060209,-0.048343,-0.015553,0.998810,-0.004835,0.007842,-0.047893,-0.013481,0.041379,0.270471,0.264932,0.065530,-0.790067,-0.318021
19,165.053775,90,4.500000,0.013059,0.014404,0.008809,-0.052297,-0.043973,-0.015521,0.999101,-0.005069,0.008924,-0.041140,-0.010630,0.001737,0.261432,0.264890,0.140123,-0.662676,-0.402083
19,165.053775,91,4.550000,0.010444,0.012205,0.008033,-0.043345,-0.039364,-0.015588,0.999346,-0.005274,0.009011,-0.034608,-0.003641,-0.031502,0.250003,0.264889,0.196069,-0.381352,-0.505015
19,165.053775,92,4.600000,0.008277,0.010237,0.007253,-0.034332,-0.034499,-0.015661,0.999550,-0.005336,0.008260,-0.028356,0.006462,-0.050604,0.235648,0.264932,0.182886,-0.028783,-0.627316
19,165.053775,93,4.650000,0.006560,0.008512,0.006470,-0.026082,-0.029496,-0.015641,0.999710,-0.005162,0.007022,-0.022462,0.016059,-0.051985,0.217817,0.264984,0.048771,0.172511,-0.770281
19,165.053775,94,4.700000,0.005256,0.007037,0.005688,-0.019079,-0.024586,-0.015504,0.999827,-0.004751,0.005742,-0.017014,0.018927,-0.043227,0.195922,0.265002,-0.154936,-0.135187,-0.936963
19,165.053775,95,4.750000,0.004302,0.005808,0.004913,-0.013365,-0.020020,-0.015315,0.999907,-0.004268,0.004676,-0.012114,0.011502,-0.049846,0.169289,0.264990,-0.097001,0.019238,-1.021045
19,165.053775,96,4.800000,0.003634,0.004807,0.004147,-0.008725,-0.015887,-0.015131,0.999955,-0.003976,0.003445,-0.007878,0.006972,-0.048810,0.140266,0.264988,-0.030212,0.215112,-1.110843
19,165.053775,97,4.850000,0.003197,0.004013,0.003391,-0.005314,-0.012011,-0.014940,0.999981,-0.003799,0.002237,-0.004367,0.005721,-0.038017,0.108691,0.264961,0.031550,0.362295,-1.204768
19,165.053775,98,4.900000,0.002932,0.003412,0.002644,-0.003102,-0.008293,-0.014791,0.999991,-0.003654,0.001297,-0.001647,0.007455,-0.019879,0.074445,0.264916,0.029389,0.350728,-1.303001
19,165.053775,99,4.950000,0.002777,0.002998,0.001904,-0.001824,-0.004710,-0.014722,0.999994,-0.003466,0.000806,0.000216,0.008981,-0.002321,0.037408,0.272832,-0.174409,0.051977,-1.407689
19,165.053775,100,5.000000,0.002685,0.002762,0.001168,-0.001010,-0.001207,0.000010,0.999994,-0.003241,0.000751,0.001151,0.000264,0.000290,-0.002605,0,0,0,0
20,156.931931,0,0.000000,1.043593,1.068968,0.321996,-0.004177,-0.004765,-0.090576,0.999047,0.001102,-0.001364,-0.043618,0.000000,0.000000,0.000000,0.197183,11.810261,-9.523394,-0.240925
20,156.931931,1,0.050000,1.043384,1.068730,0.317467,-0.005208,-0.005525,-0.215925,0.999047,0.001102,-0.001364,-0.043618,0.590513,-0.476170,-0.006848,0.163406,4.810930,-3.867110,-0.188128
20,156.931931,2,0.100000,1.043124,1.068454,0.306671,-0.006062,-0.006155,-0.403823,0.998827,0.015329,-0.013898,-0.043774,0.830936,-0.669679,-0.012196,0.277843,0.024187,0.015477,-0.146718
20,156.931931,3,0.150000,1.042821,1.068146,0.286479,-0.021037,-0.021284,-0.380240,0.997908,0.035337,-0.031514,-0.044031,0.831835,-0.669289,-0.016366,0.324189,-2.942858,2.464747,-0.117686
20,156.931931,4,0.200000,1.041769,1.067082,0.267467,-0.060665,-0.061958,-0.273082,0.996272,0.055345,-0.049095,-0.044359,0.684277,-0.546569,-0.019711,0.329002,-4.574798,3.801793,-0.100982
20,156.931931,5,0.250000,1.038736,1.063984,0.253813,-0.123258,-0.126493,-0.160989,0.994395,0.071789,-0.063425,-0.044756,0.455128,-0.356991,-0.022582,0.313137,-5.039015,4.113930,-0.087930
20,156.931931,6,0.300000,1.032573,1.057659,0.245764,-0.200130,-0.205993,-0.082248,0.992882,0.082731,-0.072761,-0.045232,0.202871,-0.151685,-0.025081,0.290405,-4.831765,3.841815,-0.081797
20,156.931931,7,0.350000,1.022566,1.047360,0.241651,-0.281857,-0.290803,-0.048016,0.992138,0.087639,-0.076702,-0.045798,-0.038862,0.040213,-0.027406,0.270730,-4.187861,3.199743,-0.077895
20,156.931931,8,0.400000,1.008474,1.032819,0.239251,-0.362186,-0.374467,-0.050765,0.992268,0.086774,-0.075600,-0.046464,-0.248213,0.200241,-0.029620,0.258000,-3.305071,2.427296,-0.073077
20,156.931931,9,0.450000,0.990364,1.014096,0.236712,-0.437720,-0.453387,-0.076143,0.993119,0.080903,-0.070278,-0.047232,-0.413241,0.321884,-0.031697,0.252669,-2.293188,1.792857,-0.065187
20,156.931931,10,0.500000,0.968478,0.991427,0.232905,-0.506610,-0.525469,-0.109484,0.994397,0.071072,-0.061728,-0.048090,-0.527513,0.412024,-0.033550,0.253019,-1.368891,0.985331,-0.075426
20,156.931931,11,0.550000,0.943148,0.965153,0.227431,-0.567335,-0.588917,-0.139734,0.995790,0.058497,-0.050785,-0.048999,-0.595433,0.461963,-0.035694,0.256774,-0.581395,0.296089,-0.080302
20,156.931931,12,0.600000,0.914781,0.935708,0.220444,-0.618155,-0.641948,-0.160433,0.997026,0.044278,-0.038496,-0.049959,-0.623877,0.477574,-0.037977,0.261732,0.067027,-0.253862,-0.079012
20,156.931931,13,0.650000,0.883873,0.903610,0.212423,-0.657505,-0.682877,-0.169581,0.997936,0.029354,-0.025766,-0.050968,-0.619838,0.465780,-0.040223,0.266352,0.636339,-0.626288,-0.069949
20,156.931931,14,0.700000,0.850998,0.869466,0.203944,-0.684346,-0.710480,-0.168341,0.998452,0.014507,-0.013323,-0.052019,-0.587310,0.435412,-0.042211,0.269825,1.299970,-0.783936,-0.048376
20,156.931931,15,0.750000,0.816781,0.833942,0.195527,-0.698394,-0.724263,-0.159553,0.998588,0.000427,-0.001676,-0.053101,-0.521614,0.397156,-0.043586,0.271925,1.618219,-1.132992,-0.086130
20,156.931931,16,0.800000,0.781861,0.797729,0.187549,-0.700102,-0.724603,-0.146490,0.998417,-0.012064,0.008931,-0.054200,-0.440046,0.341369,-0.046034,0.272611,1.783115,-1.383889,-0.105197
20,156.931931,17,0.850000,0.746856,0.761499,0.180224,-0.690439,-0.712930,-0.132383,0.998049,-0.022593,0.018032,-0.055348,-0.350294,0.272943,-0.049025,0.272161,1.836731,-1.514536,-0.107689
20,156.931931,18,0.900000,0.712334,0.725853,0.173605,-0.671037,-0.691207,-0.119724,0.997598,-0.030976,0.025298,-0.056564,-0.257949,0.197868,-0.052086,0.271018,1.812083,-1.486478,-0.095741
20,156.931931,19,0.950000,0.678782,0.691292,0.167619,-0.643946,-0.661625,-0.109944,0.997165,-0.037161,0.030556,-0.057851,-0.166954,0.124054,-0.054807,0.269617,1.672808,-1.154935,-0.069500
20,156.931931,20,1.000000,0.646585,0.658211,0.162122,-0.611372,-0.626387,-0.103465,0.996822,-0.041185,0.033839,-0.059204,-0.083055,0.066655,-0.056782,0.268334,1.599077,-1.098581,-0.104318
20,156.931931,21,1.050000,0.616016,0.626892,0.156949,-0.575426,-0.587577,-0.099873,0.996591,-0.043204,0.035564,-0.060618,-0.002958,0.011905,-0.059748,0.267370,1.409663,-0.976667,-0.125657
20,156.931931,22,1.100000,0.587245,0.597513,0.151955,-0.537734,-0.547075,-0.098344,0.996486,-0.043313,0.035801,-0.062116,0.067552,-0.036922,-0.063319,0.266758,1.116685,-0.814476,-0.133209
20,156.931931,23,1.150000,0.560358,0.570159,0.147038,-0.499830,-0.506630,-0.097967,0.996491,-0.041744,0.034707,-0.063714,0.123298,-0.077808,-0.067106,0.266523,0.711915,-0.603209,-0.127559
20,156.931931,24,1.200000,0.535367,0.544827,0.142139,-0.463064,-0.467751,-0.097814,0.996572,-0.038854,0.032502,-0.065411,0.158695,-0.108283,-0.070732,0.266602,0.148384,-0.305611,-0.112047
20,156.931931,25,1.250000,0.512214,0.521440,0.137249,-0.428571,-0.431617,-0.097141,0.996685,-0.035134,0.029476,-0.067196,0.165824,-0.123989,-0.073917,0.266888,0.127192,-0.141225,-0.122778
20,156.931931,26,1.300000,0.490785,0.499859,0.132392,-0.397198,-0.398961,-0.095483,0.996783,-0.031265,0.026043,-0.069050,0.171836,-0.131516,-0.077406,0.267021,0.124770,0.065933,-0.135848
20,156.931931,27,1.350000,0.470925,0.479911,0.127618,-0.369390,-0.369919,-0.093136,0.996853,-0.027259,0.022408,-0.070987,0.177688,-0.128724,-0.081268,0.267127,0.114852,0.260366,-0.151172
20,156.931931,28,1.400000,0.452456,0.461415,0.122961,-0.345376,-0.344608,-0.090189,0.996885,-0.023105,0.018829,-0.073023,0.183033,-0.116253,-0.085565,0.267178,-0.066775,0.404407,-0.165224
20,156.931931,29,1.450000,0.435187,0.444185,0.118451,-0.325133,-0.323177,-0.086794,0.996872,-0.018795,0.015548,-0.075173,0.179317,-0.096628,-0.090261,0.267174,-0.710216,0.189741,-0.175715
20,156.931931,30,1.500000,0.418930,0.428026,0.114112,-0.308398,-0.305793,-0.083117,0.996809,-0.014543,0.012760,-0.077446,0.143475,-0.087755,-0.095256,0.267075,-0.652519,0.337150,-0.169366
20,156.931931,31,1.550000,0.403510,0.412736,0.109956,-0.294702,-0.292431,-0.079403,0.996693,-0.011168,0.010261,-0.079832,0.110532,-0.071416,-0.100070,0.266856,-0.508761,0.457939,-0.170191
20,156.931931,32,1.600000,0.388775,0.398115,0.105986,-0.283713,-0.282239,-0.075952,0.996534,-0.008582,0.008232,-0.082334,0.084823,-0.048939,-0.104908,0.266636,-0.325211,0.452968,-0.176883
20,156.931931,33,1.650000,0.374590,0.384003,0.102188,-0.274914,-0.274463,-0.072822,0.996340,-0.006591,0.006816,-0.084954,0.068367,-0.026628,-0.109936,0.266451,-0.286280,0.368166,-0.188342
20,156.931931,34,1.700000,0.360844,0.370280,0.098547,-0.267659,-0.268554,-0.069982,0.996117,-0.004963,0.005989,-0.087699,0.053942,-0.008505,-0.115289,0.266304,-0.705048,0.109424,-0.205008
20,156.931931,35,1.750000,0.347461,0.356852,0.095048,-0.261345,-0.264196,-0.067386,0.995867,-0.003656,0.005645,-0.090576,0.018653,-0.003270,-0.121116,0.266141,-0.546907,0.067913,-0.148968
20,156.931931,36,1.800000,0.334394,0.343642,0.091679,-0.255478,-0.261111,-0.065077,0.995590,-0.003216,0.005510,-0.093594,-0.008708,0.000040,-0.125351,0.266064,-0.376159,0.062719,-0.107066
20,156.931931,37,1.850000,0.321620,0.330586,0.088425,-0.249775,-0.258465,-0.062906,0.995291,-0.003450,0.005522,-0.096712,-0.027515,0.003217,-0.128394,0.266030,-0.189875,0.059385,-0.079449
20,156.931931,38,1.900000,0.309131,0.317663,0.085279,-0.244031,-0.255608,-0.060799,0.994973,-0.004144,0.005657,-0.099903,-0.036993,0.006321,-0.130652,0.266022,-0.074782,-0.007371,-0.066345
20,156.931931,39,1.950000,0.296930,0.304883,0.082239,-0.238078,-0.252102,-0.058714,0.994636,-0.005067,0.005893,-0.103147,-0.040701,0.006136,-0.132538,0.266016,-0.157785,-0.293043,-0.070839
20,156.931931,40,2.000000,0.285026,0.292278,0.079304,-0.231788,-0.247736,-0.056652,0.994282,-0.006083,0.006134,-0.106437,-0.048560,-0.008312,-0.134552,0.265999,0.024224,-0.247329,-0.006910
20,156.931931,41,2.050000,0.273436,0.279891,0.076471,-0.225142,-0.242420,-0.054635,0.993911,-0.007333,0.006036,-0.109772,-0.047391,-0.020430,-0.134748,0.265988,0.151203,-0.139978,0.033758
20,156.931931,42,2.100000,0.262179,0.267770,0.073739,-0.218439,-0.235894,-0.052654,0.993530,-0.008586,0.005634,-0.113109,-0.039935,-0.027187,-0.133789,0.265952,0.244919,0.041173,0.043158
20,156.931931,43,2.150000,0.251257,0.255975,0.071107,-0.211969,-0.228118,-0.050753,0.993140,-0.009674,0.005043,-0.116420,-0.027827,-0.024925,-0.132562,0.265898,0.062112,0.471757,0.026978
20,156.931931,44,2.200000,0.240659,0.244569,0.068569,-0.205928,-0.219235,-0.048966,0.992745,-0.010454,0.004473,-0.119701,-0.024847,-0.001198,-0.131795,0.265829,0.098588,0.339782,-0.023590
20,156.931931,45,2.250000,0.230362,0.233608,0.066121,-0.200324,-0.209544,-0.047318,0.992339,-0.011089,0.004483,-0.122968,-0.019924,0.015916,-0.132466,0.265801,0.214005,0.283047,-0.030049
20,156.931931,46,2.300000,0.220346,0.223130,0.063755,-0.194602,-0.199253,-0.045734,0.991918,-0.011549,0.004902,-0.126256,-0.009144,0.030168,-0.133320,0.265768,0.305805,0.148333,-0.047835
20,156.931931,47,2.350000,0.210616,0.213168,0.061468,-0.188381,-0.188586,-0.044226,0.991485,-0.011697,0.005641,-0.129569,0.006299,0.037631,-0.134679,0.265731,0.306518,0.017942,-0.066515
20,156.931931,48,2.400000,0.201197,0.203738,0.059257,-0.181385,-0.177892,-0.042796,0.991040,-0.011438,0.006513,-0.132918,0.021818,0.038496,-0.136570,0.265693,0.237667,-0.051014,-0.078778
20,156.931931,49,2.450000,0.192128,0.194844,0.057117,-0.173537,-0.167589,-0.041443,0.990579,-0.010792,0.007356,-0.136315,0.033900,0.035832,-0.138809,0.265658,0.089714,0.049382,-0.079550
20,156.931931,50,2.500000,0.183451,0.186464,0.055045,-0.164920,-0.158057,-0.040151,0.990102,-0.009855,0.008090,-0.139768,0.038575,0.038123,-0.141070,0.265635,0.067532,-0.318969,-0.046904
20,156.931931,51,2.550000,0.175205,0.178562,0.053037,-0.155685,-0.149570,-0.038893,0.989604,-0.008796,0.008864,-0.143276,0.042156,0.021968,-0.142404,0.265593,-0.006203,-0.605806,0.000576
20,156.931931,52,2.600000,0.167421,0.171083,0.051093,-0.145816,-0.142257,-0.037708,0.989091,-0.007706,0.009225,-0.146812,0.041964,-0.008550,-0.142387,0.265553,-0.079014,-0.707897,0.062762
20,156.931931,53,2.650000,0.160130,0.163970,0.049207,-0.135730,-0.136093,-0.036586,0.988572,-0.006732,0.008832,-0.150340,0.037967,-0.044172,-0.140603,0.265529,-0.106021,-0.570330,0.138407
20,156.931931,54,2.700000,0.153343,0.157166,0.047378,-0.126147,-0.130853,-0.035486,0.988053,-0.005991,0.007574,-0.153815,0.032431,-0.072891,-0.136669,0.265524,-0.162615,0.153885,0.227794
20,156.931931,55,2.750000,0.147036,0.150623,0.045604,-0.117882,-0.126178,-0.034367,0.987538,-0.005496,0.005628,-0.157185,0.023922,-0.065365,-0.130194,0.265529,-0.050590,0.142365,0.270247
20,156.931931,56,2.800000,0.141142,0.144314,0.043885,-0.111566,-0.121710,-0.033207,0.987032,-0.005180,0.003903,-0.160392,0.021069,-0.058365,-0.122513,0.265496,-0.103448,0.193056,0.321520
20,156.931931,57,2.850000,0.135564,0.138229,0.042225,-0.106961,-0.117298,-0.032089,0.986543,-0.004907,0.002362,-0.163409,0.015626,-0.048810,-0.113373,0.265465,-0.218542,0.308737,0.382515
20,156.931931,58,2.900000,0.130216,0.132364,0.040621,-0.103882,-0.112918,-0.031016,0.986080,-0.004727,0.001081,-0.166199,0.004488,-0.033440,-0.102501,0.265430,-0.208933,0.426516,0.462062
20,156.931931,59,2.950000,0.125021,0.126718,0.039070,-0.102062,-0.108512,-0.030003,0.985652,-0.004758,0.000225,-0.168721,-0.006088,-0.012132,-0.089367,0.265392,0.235795,0.633645,0.566337
20,156.931931,60,3.000000,0.119918,0.121292,0.037570,-0.101054,-0.103940,-0.029058,0.985272,-0.004960,-0.000058,-0.170922,0.005660,0.019571,-0.073269,0.265364,0.289814,0.312532,0.574606
20,156.931931,61,3.050000,0.114866,0.116095,0.036117,-0.100278,-0.099127,-0.028167,0.984958,-0.004737,0.000390,-0.172729,0.020205,0.035182,-0.056936,0.265354,0.136410,0.019444,0.604454
20,156.931931,62,3.100000,0.109852,0.111139,0.034708,-0.099096,-0.094608,-0.027293,0.984713,-0.004088,0.001163,-0.174135,0.027102,0.036110,-0.039754,0.265343,-0.117532,-0.146875,0.650782
20,156.931931,63,3.150000,0.104897,0.106408,0.033344,-0.097271,-0.090851,-0.026436,0.984540,-0.003265,0.001930,-0.175118,0.021280,0.028726,-0.021256,0.265322,-0.254298,-0.208272,0.711543
20,156.931931,64,3.200000,0.100033,0.101866,0.032022,-0.094842,-0.088024,-0.025614,0.984447,-0.002616,0.002542,-0.175644,0.008588,0.018295,-0.001031,0.265296,0.012941,-0.251067,0.789343
20,156.931931,65,3.250000,0.095291,0.097465,0.030741,-0.091932,-0.085932,-0.024838,0.984442,-0.002325,0.002954,-0.175671,0.009236,0.005741,0.021406,0.265278,-0.128645,-0.164788,0.759843
20,156.931931,66,3.300000,0.090695,0.093168,0.029499,-0.088674,-0.084194,-0.024097,0.984536,-0.002070,0.003056,-0.175145,0.002799,-0.002491,0.043004,0.265255,-0.012742,0.035839,0.741725
20,156.931931,67,3.350000,0.086261,0.088958,0.028295,-0.085361,-0.082717,-0.023396,0.984724,-0.002009,0.002985,-0.174087,0.002166,-0.000694,0.064088,0.265243,0.138423,0.272433,0.730112
20,156.931931,68,3.400000,0.081993,0.084822,0.027125,-0.082130,-0.081284,-0.022717,0.985002,-0.001954,0.002962,-0.172509,0.009089,0.012933,0.084841,0.265235,0.036105,0.320638,0.717606
20,156.931931,69,3.450000,0.077886,0.080758,0.025989,-0.078934,-0.079895,-0.022053,0.985365,-0.001668,0.003245,-0.170421,0.010852,0.028994,0.105238,0.265218,-0.604440,-0.504116,0.691465
20,156.931931,70,3.500000,0.073940,0.076763,0.024886,-0.075514,-0.078824,-0.021422,0.985807,-0.001269,0.003917,-0.167830,-0.019485,0.003831,0.124893,0.265177,-0.338932,-0.444956,0.653384
20,156.931931,71,3.550000,0.070164,0.072822,0.023815,-0.071512,-0.078241,-0.020869,0.986326,-0.001721,0.004097,-0.164749,-0.036450,-0.018509,0.143465,0.265177,0.145586,-0.313864,0.605528
20,156.931931,72,3.600000,0.066589,0.068910,0.022772,-0.067264,-0.077237,-0.020320,0.986910,-0.002681,0.003797,-0.161206,-0.029070,-0.034400,0.160677,0.265178,0.620899,-0.082988,0.552793
20,156.931931,73,3.650000,0.063225,0.065048,0.021756,-0.063159,-0.075240,-0.019771,0.987550,-0.003522,0.003076,-0.157235,0.002185,-0.038727,0.176390,0.265170,0.644643,0.119429,0.501749
20,156.931931,74,3.700000,0.060067,0.061286,0.020767,-0.059631,-0.072299,-0.019237,0.988237,-0.003606,0.002127,-0.152875,0.034676,-0.032741,0.190652,0.265153,-0.426181,-0.130809,0.452979
20,156.931931,75,3.750000,0.057086,0.057671,0.019805,-0.057026,-0.069119,-0.018731,0.988958,-0.002865,0.001203,-0.148162,0.013604,-0.039031,0.203528,0.265138,-0.177881,0.011866,0.451238
20,156.931931,76,3.800000,0.054235,0.054215,0.018869,-0.055441,-0.066512,-0.018243,0.989701,-0.002667,0.000202,-0.143126,0.005011,-0.038332,0.216354,0.265125,0.105066,0.190565,0.445102
20,156.931931,77,3.850000,0.051462,0.050890,0.017957,-0.054869,-0.063949,-0.017778,0.990461,-0.002679,-0.000750,-0.137768,0.010579,-0.028763,0.229006,0.265104,0.356866,0.329487,0.436979
20,156.931931,78,3.900000,0.048719,0.047692,0.017068,-0.055236,-0.061242,-0.017353,0.991233,-0.002520,-0.001483,-0.132093,0.028673,-0.012197,0.241427,0.265082,0.293900,0.378043,0.426458
20,156.931931,79,3.950000,0.045957,0.044630,0.016200,-0.056353,-0.058598,-0.016969,0.992013,-0.001859,-0.001865,-0.126106,0.043479,0.006968,0.253549,0.265066,-0.507357,0.175099,0.409130
20,156.931931,80,4.000000,0.043140,0.041700,0.015352,-0.057938,-0.056557,-0.016614,0.992794,-0.000770,-0.001817,-0.119814,0.018045,0.016142,0.265179,0.265061,-0.410730,0.215775,0.395499
20,156.931931,81,4.050000,0.040243,0.038873,0.014521,-0.059619,-0.055592,-0.016264,0.993568,-0.000286,-0.001465,-0.113229,-0.002654,0.027112,0.276420,0.265055,-0.238502,0.199996,0.366706
20,156.931931,82,4.100000,0.037262,0.036093,0.013708,-0.061017,-0.055151,-0.015923,0.994327,-0.000285,-0.000783,-0.106361,-0.014864,0.037084,0.286844,0.265055,-0.026773,0.074233,0.322184
20,156.931931,83,4.150000,0.034211,0.033335,0.012912,-0.061751,-0.054790,-0.015582,0.995064,-0.000562,0.000181,-0.099229,-0.016606,0.040634,0.296002,0.265052,0.114689,-0.108719,0.259861
20,156.931931,84,4.200000,0.031123,0.030596,0.012132,-0.061519,-0.054259,-0.015246,0.995771,-0.000873,0.001237,-0.091863,-0.011328,0.035011,0.303388,0.265039,-0.204005,-0.293078,0.176557
20,156.931931,85,4.250000,0.028047,0.027883,0.011370,-0.060231,-0.053518,-0.014935,0.996437,-0.001065,0.002141,-0.084308,-0.021932,0.020227,0.308407,0.265025,-0.079858,-0.218021,0.116617
20,156.931931,86,4.300000,0.025036,0.025207,0.010623,-0.058049,-0.052653,-0.014653,0.997055,-0.001552,0.002699,-0.076623,-0.026161,0.009069,0.311722,0.265007,0.035886,-0.031570,0.034362
20,156.931931,87,4.350000,0.022133,0.022574,0.009891,-0.055290,-0.051337,-0.014409,0.997620,-0.002166,0.002988,-0.068849,-0.024474,0.007181,0.312698,0.264994,0.089771,0.196523,-0.073538
20,156.931931,88,4.400000,0.019369,0.020008,0.009170,-0.052219,-0.049419,-0.014192,0.998126,-0.002740,0.003226,-0.061047,-0.020071,0.016717,0.310608,0.264987,0.027527,0.253131,-0.210791
20,156.931931,89,4.450000,0.016758,0.017537,0.008461,-0.048895,-0.046928,-0.013992,0.998567,-0.003191,0.003695,-0.053294,-0.018892,0.029137,0.304617,0.264977,-0.104662,-0.209790,-0.382448
20,156.931931,90,4.500000,0.014313,0.015190,0.007761,-0.045107,-0.043994,-0.013818,0.998939,-0.003595,0.004471,-0.045689,-0.024462,0.018429,0.293746,0.264945,0.017675,-0.211121,-0.484360
20,156.931931,91,4.550000,0.012058,0.012990,0.007070,-0.040563,-0.040671,-0.013710,0.999243,-0.004152,0.004986,-0.038351,-0.023783,0.007600,0.279978,0.264928,0.141525,-0.151425,-0.605552
20,156.931931,92,4.600000,0.010030,0.010957,0.006385,-0.035519,-0.036787,-0.013644,0.999484,-0.004704,0.005227,-0.031354,-0.016788,-0.000224,0.262765,0.264921,0.244757,-0.085551,-0.744305
20,156.931931,93,4.650000,0.008254,0.009118,0.005702,-0.030247,-0.032335,-0.013598,0.999666,-0.005089,0.005266,-0.024785,-0.004548,-0.004669,0.241609,0.264925,0.259060,-0.089620,-0.899627
20,156.931931,94,4.700000,0.006741,0.007501,0.005023,-0.024959,-0.027472,-0.013550,0.999797,-0.005174,0.005182,-0.018746,0.008448,-0.009192,0.216037,0.264937,0.045284,-0.284511,-1.071752
20,156.931931,95,4.750000,0.005493,0.006127,0.004345,-0.019779,-0.022491,-0.013479,0.999886,-0.004939,0.004977,-0.013345,0.010787,-0.023348,0.185573,0.264952,0.020620,-0.119152,-1.147579
20,156.931931,96,4.800000,0.004504,0.005003,0.003671,-0.014832,-0.017711,-0.013374,0.999942,-0.004654,0.004412,-0.008705,0.011983,-0.029229,0.152953,0.264961,-0.002653,0.062132,-1.229975
20,156.931931,97,4.850000,0.003763,0.004117,0.003002,-0.010462,-0.013182,-0.013247,0.999972,-0.004344,0.003697,-0.004879,0.012020,-0.026053,0.117992,0.264945,-0.015838,0.193195,-1.317618
20,156.931931,98,4.900000,0.003240,0.003458,0.002340,-0.006814,-0.008937,-0.013140,0.999985,-0.004035,0.003057,-0.001928,0.011345,-0.016340,0.080539,0.264911,-0.043836,0.218850,-1.410114
20,156.931931,99,4.950000,0.002899,0.003011,0.001683,-0.003807,-0.004984,-0.013089,0.999989,-0.003746,0.002656,0.000086,0.009203,-0.005363,0.040457,0.271958,-0.177644,0.104634,-1.507820
20,156.931931,100,5.000000,0.002709,0.002762,0.001029,-0.001132,-0.001210,0.000015,0.999990,-0.003514,0.002526,0.001098,0.000329,-0.000117,-0.002402,0,0,0,0
21,155.950123,0,0.000000,1.045567,1.070480,0.281017,-0.003647,-0.003746,-0.089050,0.998896,0.001030,-0.001446,-0.046945,0.000000,0.000000,0.000000,0.211735,11.570610,-9.508394,0.744121
21,155.950123,1,0.050000,1.045384,1.070292,0.276564,-0.004817,-0.004500,-0.187450,0.998896,0.001030,-0.001446,-0.046945,0.578531,-0.475420,0.021151,0.163236,4.755009,-3.804243,0.682600
21,155.950123,2,0.100000,1.045143,1.070067,0.267192,-0.005720,-0.005081,-0.375664,0.998714,0.014916,-0.013995,-0.046400,0.816663,-0.665167,0.040554,0.277028,0.040580,-0.032361,0.630163
21,155.950123,3,0.150000,1.044857,1.069813,0.248409,-0.020771,-0.019700,-0.353579,0.997877,0.034509,-0.031554,-0.045334,0.819715,-0.665529,0.058466,0.323052,-2.846612,2.235658,0.586755
21,155.950123,4,0.200000,1.043819,1.068828,0.230730,-0.060317,-0.059190,-0.248451,0.996363,0.054139,-0.049120,-0.043787,0.678862,-0.551927,0.075145,0.327795,-4.296644,3.601531,0.552249
21,155.950123,5,0.250000,1.040803,1.065869,0.218307,-0.122612,-0.122068,-0.138410,0.994609,0.070335,-0.063697,-0.041819,0.465603,-0.369914,0.090842,0.312510,-4.817631,3.980531,0.502264
21,155.950123,6,0.300000,1.034672,1.059765,0.211387,-0.199345,-0.199955,-0.060611,0.993184,0.081372,-0.073533,-0.039465,0.225997,-0.169282,0.105119,0.290728,-4.717222,3.863266,0.458881
21,155.950123,7,0.350000,1.024705,1.049768,0.208356,-0.281442,-0.283852,-0.025678,0.992488,0.086621,-0.078171,-0.036783,-0.009189,0.024782,0.118162,0.271401,-4.209522,3.436367,0.422780
21,155.950123,8,0.400000,1.010633,1.035575,0.207072,-0.362631,-0.367378,-0.027269,0.992661,0.086184,-0.077803,-0.033815,-0.219776,0.196560,0.130180,0.258349,-3.403263,2.870421,0.395714
21,155.950123,9,0.450000,0.992502,1.017206,0.205709,-0.439319,-0.446720,-0.052245,0.993594,0.080641,-0.073018,-0.030587,-0.390910,0.338995,0.141428,0.252320,-2.257211,2.307993,0.382051
21,155.950123,10,0.500000,0.970536,0.994870,0.203096,-0.509423,-0.519510,-0.086546,0.995020,0.070925,-0.064578,-0.027102,-0.505590,0.452296,0.152287,0.252196,-1.311909,1.427852,0.308774
21,155.950123,11,0.550000,0.945065,0.968895,0.198769,-0.571238,-0.583794,-0.118610,0.996599,0.058400,-0.053246,-0.023324,-0.573800,0.520767,0.161064,0.255871,-0.456177,0.583137,0.254403
21,155.950123,12,0.600000,0.916503,0.939705,0.192839,-0.622816,-0.637773,-0.141194,0.998029,0.044184,-0.040164,-0.019311,-0.599792,0.546416,0.168295,0.261059,0.288888,-0.153699,0.217070
21,155.950123,13,0.650000,0.885362,0.907816,0.185779,-0.662398,-0.679660,-0.151698,0.999107,0.029308,-0.026421,-0.015107,-0.588838,0.534900,0.174466,0.266019,0.909638,-0.705422,0.194517
21,155.950123,14,0.700000,0.852242,0.873833,0.178194,-0.688843,-0.708117,-0.151105,0.999750,0.014684,-0.012963,-0.010745,-0.546897,0.495730,0.179995,0.269705,1.338134,-0.898278,0.186339
21,155.950123,15,0.750000,0.817800,0.838427,0.170639,-0.701946,-0.722641,-0.142534,0.999980,0.001089,-0.000492,-0.006240,-0.483377,0.447081,0.185291,0.271664,1.735616,-1.288560,0.117377
21,155.950123,16,0.800000,0.782702,0.802295,0.163512,-0.702448,-0.723734,-0.129955,0.999881,-0.010926,0.010754,-0.001601,-0.399740,0.379253,0.188628,0.272380,1.915445,-1.525797,0.062507
21,155.950123,17,0.850000,0.747580,0.766109,0.157014,-0.691583,-0.712731,-0.116284,0.999572,-0.020850,0.020299,0.003117,-0.306683,0.300102,0.190404,0.271866,1.889673,-1.632479,0.022320
21,155.950123,18,0.900000,0.713001,0.730472,0.151200,-0.671218,-0.691682,-0.104181,0.999176,-0.028439,0.027872,0.007874,-0.214368,0.216262,0.191039,0.270648,1.654793,-1.601446,-0.003651
21,155.950123,19,0.950000,0.679440,0.695888,0.145991,-0.643526,-0.662979,-0.095072,0.998795,-0.033702,0.033366,0.012641,-0.133196,0.134635,0.190935,0.269233,1.180611,-1.407242,-0.018902
21,155.950123,20,1.000000,0.647264,0.662739,0.141237,-0.610720,-0.628993,-0.089235,0.998487,-0.036910,0.036846,0.017406,-0.075141,0.063308,0.190398,0.268031,1.176786,-1.274927,-0.060141
21,155.950123,21,1.050000,0.616728,0.631289,0.136776,-0.574835,-0.591771,-0.086081,0.998263,-0.038637,0.038569,0.022169,-0.016759,-0.000981,0.188688,0.267163,1.136970,-1.036001,-0.103507
21,155.950123,22,1.100000,0.587986,0.601701,0.132472,-0.537586,-0.552760,-0.084784,0.998132,-0.038872,0.038717,0.026895,0.040096,-0.052901,0.185746,0.266596,1.051005,-0.758601,-0.148659
21,155.950123,23,1.150000,0.561107,0.574063,0.128232,-0.500461,-0.513421,-0.084560,0.998085,-0.037656,0.037604,0.031542,0.093019,-0.090549,0.181521,0.266345,0.769812,-0.493403,-0.191604
21,155.950123,24,1.200000,0.536084,0.548392,0.124004,-0.464609,-0.475176,-0.084623,0.998099,-0.035093,0.035588,0.036069,0.132134,-0.114578,0.176074,0.266379,0.014129,-0.561506,-0.229868
21,155.950123,25,1.250000,0.512853,0.524633,0.119773,-0.430813,-0.439353,-0.084294,0.998139,-0.031535,0.033002,0.040445,0.133606,-0.141770,0.169540,0.266580,-0.051132,-0.255960,-0.251735
21,155.950123,26,1.300000,0.491313,0.502665,0.115559,-0.399549,-0.406958,-0.083184,0.998169,-0.027917,0.029733,0.044676,0.131961,-0.153709,0.162385,0.266755,-0.036722,0.033436,-0.281370
21,155.950123,27,1.350000,0.471335,0.482317,0.111399,-0.371460,-0.378115,-0.081337,0.998173,-0.024331,0.026157,0.048736,0.131072,-0.151224,0.154387,0.266881,0.021068,0.197507,-0.317182
21,155.950123,28,1.400000,0.452762,0.463412,0.107333,-0.346824,-0.352848,-0.078875,0.998143,-0.020775,0.022637,0.052594,0.133012,-0.140580,0.145371,0.266916,-0.053756,0.271410,-0.357642
21,155.950123,29,1.450000,0.435421,0.445769,0.103389,-0.325568,-0.331172,-0.076019,0.998082,-0.017188,0.019379,0.056218,0.131100,-0.126276,0.135205,0.266896,-0.571170,0.151237,-0.402971
21,155.950123,30,1.500000,0.419143,0.429211,0.099588,-0.307404,-0.313137,-0.072930,0.997994,-0.013674,0.016470,0.059582,0.103189,-0.118041,0.123751,0.266828,-0.502163,0.221220,-0.376109
21,155.950123,31,1.550000,0.403772,0.413554,0.095941,-0.291965,-0.298681,-0.069757,0.997881,-0.010872,0.013721,0.062666,0.078635,-0.106496,0.113060,0.266672,-0.413579,0.305991,-0.364127
21,155.950123,32,1.600000,0.389174,0.398620,0.092453,-0.279116,-0.287116,-0.066723,0.997752,-0.008705,0.011218,0.065488,0.058413,-0.090859,0.102710,0.266504,-0.299528,0.367984,-0.367284
21,155.950123,33,1.650000,0.375218,0.384264,0.089117,-0.268631,-0.277818,-0.063896,0.997615,-0.007070,0.009069,0.068053,0.043791,-0.072232,0.092270,0.266339,-0.243668,0.340630,-0.385779
21,155.950123,34,1.700000,0.361787,0.370373,0.085923,-0.260181,-0.270251,-0.061306,0.997478,-0.005834,0.007358,0.070357,0.031861,-0.055047,0.081305,0.266194,-0.371301,0.067858,-0.422721
21,155.950123,35,1.750000,0.348778,0.356860,0.082857,-0.253349,-0.264003,-0.058941,0.997346,-0.004928,0.006054,0.072386,0.013466,-0.051556,0.069289,0.266090,-0.221924,0.099737,-0.392848
21,155.950123,36,1.800000,0.336110,0.343660,0.079910,-0.247750,-0.258728,-0.056742,0.997228,-0.004488,0.004801,0.074118,0.002505,-0.046534,0.058122,0.266005,-0.119683,0.175612,-0.388155
21,155.950123,37,1.850000,0.323723,0.330724,0.077073,-0.243361,-0.253968,-0.054683,0.997124,-0.004333,0.003652,0.075572,-0.003377,-0.037748,0.047089,0.265927,-0.039647,0.311160,-0.416616
21,155.950123,38,1.900000,0.311555,0.318026,0.074339,-0.240097,-0.249441,-0.052757,0.997037,-0.004341,0.002710,0.076750,-0.005292,-0.022196,0.035247,0.265850,-0.222452,0.687781,-0.472056
21,155.950123,39,1.950000,0.299550,0.305554,0.071701,-0.237765,-0.244974,-0.050968,0.996970,-0.004428,0.002150,0.077631,-0.016384,0.012186,0.021829,0.265739,-0.173198,0.502577,-0.562257
21,155.950123,40,2.000000,0.287662,0.293305,0.069153,-0.235993,-0.240464,-0.049383,0.996925,-0.004859,0.002425,0.078175,-0.025054,0.037302,0.005847,0.265754,-0.027495,0.398807,-0.607489
21,155.950123,41,2.050000,0.275862,0.281282,0.066684,-0.233988,-0.235510,-0.047774,0.996907,-0.005556,0.003306,0.078318,-0.026437,0.057237,-0.011421,0.265785,0.107354,0.224743,-0.662062
21,155.950123,42,2.100000,0.264163,0.269506,0.064295,-0.231172,-0.229802,-0.046121,0.996920,-0.006328,0.004679,0.078027,-0.021045,0.068485,-0.030240,0.265819,0.161662,0.059851,-0.714585
21,155.950123,43,2.150000,0.252604,0.258016,0.061989,-0.227065,-0.223232,-0.044424,0.996966,-0.006990,0.006340,0.077265,-0.012883,0.071502,-0.050551,0.265828,0.152180,-0.041427,-0.757124
21,155.950123,44,2.200000,0.241251,0.246854,0.059768,-0.221374,-0.215889,-0.042738,0.997048,-0.007457,0.008089,0.075994,-0.005137,0.069455,-0.072072,0.265806,0.063745,0.028301,-0.784194
21,155.950123,45,2.250000,0.230182,0.236060,0.057631,-0.213992,-0.207965,-0.041125,0.997166,-0.007731,0.009797,0.074186,-0.001760,0.070884,-0.094363,0.265766,0.095784,-0.366761,-0.773402
21,155.950123,46,2.300000,0.219483,0.225662,0.055574,-0.204941,-0.199661,-0.039619,0.997319,-0.007930,0.011542,0.071820,0.003283,0.052553,-0.116347,0.265712,0.071140,-0.679338,-0.743311
21,155.950123,47,2.350000,0.209235,0.215679,0.053593,-0.194173,-0.191062,-0.038253,0.997509,-0.007976,0.012835,0.068907,0.007072,0.018571,-0.137475,0.265625,0.033580,-0.809508,-0.695398
21,155.950123,48,2.400000,0.199527,0.206126,0.051681,-0.182118,-0.182365,-0.037080,0.997735,-0.007876,0.013283,0.065472,0.008848,-0.021941,-0.157241,0.265545,0.022356,-0.701561,-0.632550
21,155.950123,49,2.450000,0.190421,0.197007,0.049827,-0.169591,-0.173782,-0.036064,0.997993,-0.007671,0.012719,0.061551,0.009835,-0.057072,-0.175221,0.265504,-0.037842,-0.004663,-0.555567
21,155.950123,50,2.500000,0.181941,0.188318,0.048024,-0.157573,-0.165484,-0.035107,0.998272,-0.007393,0.011277,0.057187,0.007563,-0.057371,-0.191013,0.265531,0.055631,-0.031493,-0.524307
21,155.950123,51,2.550000,0.174063,0.180044,0.046268,-0.146918,-0.157591,-0.034061,0.998551,-0.007176,0.009820,0.052427,0.009929,-0.059000,-0.205916,0.265512,-0.012711,0.015103,-0.481444
21,155.950123,52,2.600000,0.166717,0.172165,0.044565,-0.137645,-0.150038,-0.033017,0.998822,-0.006902,0.008323,0.047294,0.008832,-0.058323,-0.219601,0.265501,-0.141234,0.135985,-0.425527
21,155.950123,53,2.650000,0.159835,0.164663,0.042914,-0.129791,-0.142872,-0.031964,0.999080,-0.006658,0.006839,0.041818,0.001285,-0.051597,-0.231697,0.265492,-0.145054,0.271383,-0.347016
21,155.950123,54,2.700000,0.153345,0.157519,0.041316,-0.123345,-0.136050,-0.030902,0.999313,-0.006611,0.005513,0.036039,-0.006422,-0.038039,-0.241561,0.265472,0.286968,0.511824,-0.238600
21,155.950123,55,2.750000,0.147178,0.150717,0.039771,-0.118162,-0.129359,-0.029861,0.999516,-0.006771,0.004517,0.030011,0.007578,-0.012389,-0.248343,0.265429,0.335672,0.238951,-0.218433
21,155.950123,56,2.800000,0.141270,0.144249,0.038278,-0.113924,-0.122573,-0.028891,0.999686,-0.006600,0.004171,0.023806,0.024245,-0.000513,-0.254552,0.265389,0.191069,-0.008156,-0.167793
21,155.950123,57,2.850000,0.135574,0.138120,0.036833,-0.109979,-0.115990,-0.027990,0.999821,-0.006020,0.004131,0.017441,0.033793,-0.001155,-0.259321,0.265370,-0.051250,-0.135553,-0.091847
21,155.950123,58,2.900000,0.130075,0.132320,0.035434,-0.106023,-0.110003,-0.027115,0.999918,-0.005202,0.004078,0.010956,0.031219,-0.008265,-0.261932,0.265361,-0.184739,-0.163561,0.006621
21,155.950123,59,2.950000,0.124773,0.126820,0.034078,-0.102072,-0.104848,-0.026249,0.999973,-0.004445,0.003845,0.004406,0.021900,-0.016754,-0.261744,0.265347,0.072186,-0.174410,0.129346
21,155.950123,60,3.000000,0.119670,0.121578,0.032766,-0.098312,-0.100462,-0.025400,0.999984,-0.003921,0.003400,-0.002138,0.025343,-0.025692,-0.258067,0.265326,-0.088900,-0.057475,0.151746
21,155.950123,61,3.050000,0.114754,0.116555,0.031496,-0.094963,-0.096616,-0.024582,0.999954,-0.003311,0.002731,-0.008589,0.020647,-0.028814,-0.253754,0.265308,0.001213,0.166583,0.191267
21,155.950123,62,3.100000,0.110006,0.111724,0.030267,-0.092252,-0.093386,-0.023789,0.999883,-0.002818,0.001985,-0.014931,0.020430,-0.020683,-0.248317,0.265281,0.123514,0.423659,0.242886
21,155.950123,63,3.150000,0.105393,0.107055,0.029077,-0.090261,-0.090647,-0.023040,0.999773,-0.002327,0.001443,-0.021137,0.026411,0.000307,-0.241413,0.265253,-0.003352,0.486997,0.299505
21,155.950123,64,3.200000,0.100880,0.102522,0.027925,-0.088795,-0.088391,-0.022338,0.999628,-0.001676,0.001422,-0.027172,0.026246,0.024415,-0.232900,0.265229,-0.660239,-0.333154,0.348359
21,155.950123,65,3.250000,0.096441,0.098103,0.026808,-0.087354,-0.086783,-0.021677,0.999453,-0.001012,0.002005,-0.032993,-0.006550,0.007525,-0.222998,0.265221,-0.407887,-0.287781,0.388458
21,155.950123,66,3.300000,0.092073,0.093764,0.025724,-0.085353,-0.085855,-0.021032,0.999253,-0.001180,0.002193,-0.038564,-0.026881,-0.006808,-0.211956,0.265208,0.055287,-0.173667,0.419896
21,155.950123,67,3.350000,0.087805,0.089471,0.024673,-0.083156,-0.084779,-0.020413,0.999034,-0.001870,0.002042,-0.043857,-0.024171,-0.015275,-0.200020,0.265202,0.512199,0.036124,0.445825
21,155.950123,68,3.400000,0.083647,0.085232,0.023652,-0.081071,-0.083032,-0.019805,0.998802,-0.002501,0.001678,-0.048850,0.001323,-0.013286,-0.187348,0.265193,0.530816,0.209640,0.472255
21,155.950123,69,3.450000,0.079594,0.081080,0.022662,-0.079305,-0.080660,-0.019216,0.998562,-0.002492,0.001333,-0.053527,0.027769,-0.002813,-0.173924,0.265173,-0.528485,-0.080647,0.499804
21,155.950123,70,3.500000,0.075629,0.077047,0.021701,-0.077867,-0.078286,-0.018662,0.998322,-0.001808,0.001215,-0.057869,0.001326,-0.007029,-0.159718,0.265144,-0.262329,0.011305,0.571599
21,155.950123,71,3.550000,0.071735,0.073133,0.020768,-0.076574,-0.076583,-0.018159,0.998083,-0.001790,0.001030,-0.061854,-0.011833,-0.006472,-0.143470,0.265137,0.040364,0.145766,0.636899
21,155.950123,72,3.600000,0.067907,0.069304,0.019860,-0.075455,-0.074891,-0.017668,0.997854,-0.002099,0.000880,-0.065433,-0.009850,0.000881,-0.125366,0.265130,0.320713,0.245776,0.697904
21,155.950123,73,3.650000,0.064134,0.065559,0.018977,-0.074458,-0.072891,-0.017191,0.997644,-0.002346,0.000912,-0.068560,0.006190,0.013217,-0.105529,0.265123,0.298705,0.258030,0.754955
21,155.950123,74,3.700000,0.060411,0.061915,0.018117,-0.073406,-0.070655,-0.016730,0.997459,-0.002171,0.001225,-0.071193,0.021178,0.026094,-0.084069,0.265113,-0.451934,0.018208,0.804669
21,155.950123,75,3.750000,0.056741,0.058382,0.017281,-0.072055,-0.068614,-0.016286,0.997308,-0.001599,0.001833,-0.073291,-0.001335,0.026936,-0.061197,0.265103,-0.306394,0.020977,0.857277
21,155.950123,76,3.800000,0.053138,0.054951,0.016466,-0.070145,-0.067180,-0.015862,0.997193,-0.001586,0.002505,-0.074818,-0.016592,0.027988,-0.036829,0.265096,-0.091167,-0.024808,0.894667
21,155.950123,77,3.850000,0.049631,0.051592,0.015673,-0.067576,-0.065811,-0.015451,0.997121,-0.001950,0.003232,-0.075736,-0.021112,0.026771,-0.011399,0.265084,0.157114,-0.169613,0.915853
21,155.950123,78,3.900000,0.046252,0.048302,0.014901,-0.064267,-0.064143,-0.015069,0.997096,-0.002426,0.003939,-0.076020,-0.013244,0.018300,0.014634,0.265062,0.326818,-0.358261,0.918171
21,155.950123,79,3.950000,0.043039,0.045095,0.014147,-0.060230,-0.062062,-0.014734,0.997121,-0.002720,0.004421,-0.075655,0.003086,0.000379,0.040733,0.265036,0.022734,-0.531420,0.897519
21,155.950123,80,4.000000,0.040027,0.041991,0.013411,-0.055701,-0.059728,-0.014454,0.997197,-0.002638,0.004427,-0.074640,0.004222,-0.026187,0.066245,0.265025,0.135731,-0.420430,0.896595
21,155.950123,81,4.050000,0.037242,0.039005,0.012688,-0.051174,-0.057471,-0.014193,0.997322,-0.002574,0.003771,-0.072987,0.011075,-0.047198,0.091730,0.265025,0.202604,-0.157707,0.869136
21,155.950123,82,4.100000,0.034683,0.036131,0.011978,-0.047298,-0.055221,-0.013926,0.997492,-0.002375,0.002580,-0.070698,0.021369,-0.055045,0.116435,0.265031,0.154139,0.200549,0.811529
21,155.950123,83,4.150000,0.032318,0.033370,0.011282,-0.044607,-0.053074,-0.013640,0.997697,-0.001932,0.001176,-0.067792,0.029320,-0.044923,0.139502,0.265032,-0.058439,0.429027,0.719711
21,155.950123,84,4.200000,0.030088,0.030717,0.010600,-0.043326,-0.051260,-0.013344,0.997929,-0.001273,0.000013,-0.064310,0.026635,-0.023316,0.159960,0.265022,-0.329443,0.119003,0.586796
21,155.950123,85,4.250000,0.027922,0.028154,0.009933,-0.043233,-0.050014,-0.013064,0.998179,-0.000646,-0.000606,-0.060318,0.010305,-0.017204,0.176639,0.265006,-0.337641,0.258469,0.514858
21,155.950123,86,4.300000,0.025760,0.025653,0.009279,-0.043789,-0.049345,-0.012812,0.998435,-0.000417,-0.001048,-0.055910,-0.006462,-0.004212,0.191274,0.264990,-0.320552,0.427324,0.413559
21,155.950123,87,4.350000,0.023571,0.023186,0.008639,-0.044793,-0.048879,-0.012590,0.998691,-0.000590,-0.001142,-0.051135,-0.022459,0.017107,0.203029,0.264975,-0.191847,0.445173,0.282179
21,155.950123,88,4.400000,0.021331,0.020742,0.008009,-0.045883,-0.048244,-0.012398,0.998938,-0.001134,-0.000684,-0.046066,-0.032183,0.039193,0.211050,0.264963,-0.053450,0.291729,0.120755
21,155.950123,89,4.450000,0.019037,0.018330,0.007389,-0.046502,-0.047101,-0.012228,0.999166,-0.001896,0.000338,-0.040796,-0.035170,0.053522,0.214482,0.264954,-0.089053,-0.110096,-0.071215
21,155.950123,90,4.500000,0.016712,0.015975,0.006778,-0.046095,-0.045255,-0.012077,0.999367,-0.002718,0.001721,-0.035440,-0.040058,0.047731,0.212458,0.264945,0.065481,-0.155402,-0.180801
21,155.950123,91,4.550000,0.014407,0.013712,0.006174,-0.044312,-0.042649,-0.011948,0.999535,-0.003668,0.002964,-0.030133,-0.037169,0.039638,0.207319,0.264928,0.194557,-0.155669,-0.310310
21,155.950123,92,4.600000,0.012191,0.011579,0.005577,-0.041297,-0.039140,-0.011862,0.999670,-0.004551,0.004001,-0.024953,-0.027753,0.031562,0.198499,0.264913,0.288411,-0.155300,-0.457094
21,155.950123,93,4.650000,0.010126,0.009622,0.004984,-0.037262,-0.034773,-0.011819,0.999775,-0.005205,0.004830,-0.019993,-0.013570,0.023588,0.185506,0.264906,0.308499,-0.194524,-0.618491
21,155.950123,94,4.700000,0.008263,0.007884,0.004393,-0.032422,-0.029762,-0.011801,0.999852,-0.005510,0.005450,-0.015358,0.001689,0.013766,0.167925,0.264913,0.162894,-0.307978,-0.791933
21,155.950123,95,4.750000,0.006642,0.006396,0.003803,-0.026993,-0.024439,-0.011780,0.999906,-0.005440,0.005817,-0.011162,0.009746,-0.001622,0.145415,0.264929,0.107914,-0.259668,-0.871431
21,155.950123,96,4.800000,0.005293,0.005174,0.003214,-0.021226,-0.019166,-0.011734,0.999941,-0.005175,0.005793,-0.007528,0.015151,-0.014552,0.120645,0.264947,0.029657,-0.174856,-0.951528
21,155.950123,97,4.850000,0.004231,0.004215,0.002627,-0.015504,-0.014130,-0.011651,0.999964,-0.004782,0.005442,-0.004513,0.016700,-0.023225,0.093598,0.264955,-0.041759,-0.063768,-1.029530
21,155.950123,98,4.900000,0.003456,0.003509,0.002044,-0.010142,-0.009462,-0.011545,0.999976,-0.004354,0.004871,-0.002172,0.014695,-0.026354,0.064334,0.264946,-0.101594,0.106297,-1.103537
21,155.950123,99,4.950000,0.002949,0.003036,0.001467,-0.005354,-0.005200,-0.011445,0.999983,-0.003981,0.004218,-0.000563,0.009679,-0.021004,0.032966,0.271079,-0.186037,0.410807,-1.172460
21,155.950123,100,5.000000,0.002681,0.002776,0.000895,-0.001117,-0.001206,0.000019,0.999986,-0.003735,0.003696,0.000262,0.000404,-0.000451,-0.000360,0,0,0,0
22,157.026789,0,0.000000,1.047497,1.072045,0.240607,-0.004044,-0.004665,-0.088440,0.998814,0.001228,-0.001452,-0.048651,0.000000,0.000000,0.000000,0.226732,12.115004,-9.648922,0.970049
22,157.026789,1,0.050000,1.047295,1.071812,0.236185,-0.005311,-0.005636,-0.159069,0.998814,0.001228,-0.001452,-0.048651,0.605750,-0.482446,0.027573,0.160414,4.739799,-4.112476,0.922705
22,157.026789,2,0.100000,1.047029,1.071530,0.228231,-0.006208,-0.006323,-0.352507,0.998624,0.015763,-0.014233,-0.047946,0.843245,-0.687436,0.053801,0.277373,-0.298325,-0.154113,0.857878
22,157.026789,3,0.150000,1.046719,1.071214,0.210606,-0.021587,-0.021794,-0.329816,0.997742,0.035959,-0.032416,-0.046556,0.829732,-0.693420,0.078186,0.324929,-3.302521,2.420348,0.794548
22,157.026789,4,0.200000,1.045640,1.070124,0.194115,-0.062524,-0.063154,-0.221416,0.996159,0.055765,-0.050729,-0.044541,0.666664,-0.569940,0.100771,0.329302,-4.572886,3.938482,0.748018
22,157.026789,5,0.250000,1.042513,1.066967,0.183044,-0.127187,-0.128150,-0.109029,0.994377,0.071587,-0.065790,-0.041970,0.440199,-0.370467,0.122033,0.312148,-4.987218,4.308553,0.647195
22,157.026789,6,0.300000,1.036154,1.060559,0.177593,-0.206293,-0.207255,-0.032407,0.993000,0.081932,-0.075672,-0.038871,0.192554,-0.153000,0.140429,0.289207,-4.721723,4.089523,0.570014
22,157.026789,7,0.350000,1.025839,1.050196,0.175973,-0.290191,-0.291250,-0.000662,0.992428,0.086296,-0.079943,-0.035333,-0.042717,0.052502,0.156631,0.269453,-4.024963,3.521661,0.514386
22,157.026789,8,0.400000,1.011330,1.035634,0.175939,-0.372411,-0.373900,-0.005984,0.992755,0.084968,-0.078940,-0.031419,-0.244277,0.228331,0.171253,0.256778,-3.085747,2.814129,0.477941
22,157.026789,9,0.450000,0.992709,1.016939,0.175640,-0.449480,-0.451763,-0.033762,0.993815,0.078744,-0.073441,-0.027165,-0.400048,0.367450,0.184838,0.251559,-2.106628,2.244750,0.459794
22,157.026789,10,0.500000,0.970235,0.994351,0.173952,-0.519475,-0.522817,-0.069213,0.995300,0.068707,-0.064397,-0.022581,-0.507957,0.476881,0.197907,0.251993,-1.031278,1.342443,0.383728
22,157.026789,11,0.550000,0.944262,0.968210,0.170491,-0.580743,-0.585283,-0.101336,0.996889,0.056010,-0.052576,-0.017652,-0.563103,0.540188,0.208815,0.256023,-0.125860,0.523169,0.324389
22,157.026789,12,0.600000,0.915224,0.938946,0.165425,-0.631380,-0.637348,-0.123315,0.998276,0.041931,-0.039149,-0.012429,-0.573677,0.561884,0.218035,0.261296,0.560053,-0.183755,0.282175
22,157.026789,13,0.650000,0.883655,0.907078,0.159259,-0.669706,-0.677387,-0.133119,0.999279,0.027569,-0.025171,-0.006959,-0.550324,0.547949,0.226056,0.266082,0.977216,-0.730604,0.256420
22,157.026789,14,0.700000,0.850170,0.873209,0.152603,-0.694683,-0.704364,-0.132248,0.999838,0.013771,-0.011540,-0.001280,-0.506164,0.506698,0.233345,0.269458,1.063718,-1.061556,0.243298
22,157.026789,15,0.750000,0.815436,0.837991,0.145991,-0.706215,-0.718091,-0.124073,0.999988,0.001068,0.001061,0.004580,-0.457465,0.449137,0.240260,0.271184,1.509124,-1.379648,0.205520
22,157.026789,16,0.800000,0.780125,0.802086,0.139787,-0.705145,-0.719158,-0.112383,0.999815,-0.010412,0.012229,0.010609,-0.386104,0.375984,0.246102,0.271874,1.803676,-1.502935,0.166232
22,157.026789,17,0.850000,0.744868,0.766128,0.134168,-0.692945,-0.708545,-0.099672,0.999424,-0.020085,0.021586,0.016779,-0.299432,0.297231,0.250827,0.271399,1.941466,-1.495181,0.125490
22,157.026789,18,0.900000,0.710221,0.730701,0.129184,-0.671598,-0.688004,-0.088455,0.998933,-0.027554,0.029011,0.023057,-0.205188,0.219621,0.254394,0.270251,1.791688,-1.415871,0.087409
22,157.026789,19,0.950000,0.676641,0.696301,0.124761,-0.643228,-0.659784,-0.080093,0.998438,-0.032619,0.034550,0.029406,-0.117724,0.146847,0.256879,0.268892,1.088067,-1.592397,0.054439
22,157.026789,20,1.000000,0.644479,0.663312,0.120757,-0.609828,-0.626338,-0.074892,0.997994,-0.035442,0.038338,0.035799,-0.064753,0.066079,0.258426,0.267703,1.005324,-1.328744,0.036683
22,157.026789,21,1.050000,0.613988,0.631995,0.117012,-0.573151,-0.589908,-0.072349,0.997619,-0.036868,0.040156,0.042249,-0.015135,-0.000993,0.259469,0.266872,0.947119,-1.018018,0.009520
22,157.026789,22,1.100000,0.585330,0.602499,0.113395,-0.535094,-0.551876,-0.071579,0.997311,-0.036983,0.040354,0.048735,0.032231,-0.052043,0.259740,0.266374,0.895608,-0.781682,-0.025382
22,157.026789,23,1.150000,0.558576,0.574906,0.109816,-0.497167,-0.513548,-0.071749,0.997054,-0.035853,0.039335,0.055226,0.077525,-0.090810,0.259018,0.266150,0.691848,-0.598831,-0.066291
22,157.026789,24,1.200000,0.533717,0.549228,0.106228,-0.460459,-0.476168,-0.072170,0.996830,-0.033540,0.037410,0.061686,0.113010,-0.119989,0.257134,0.266158,0.038022,-0.587735,-0.113438
22,157.026789,25,1.250000,0.510694,0.525420,0.102620,-0.425738,-0.440935,-0.072274,0.996612,-0.030297,0.034808,0.068087,0.116082,-0.148273,0.253909,0.266341,-0.032568,-0.376866,-0.090677
22,157.026789,26,1.300000,0.489408,0.503373,0.099006,-0.393553,-0.408812,-0.071650,0.996365,-0.026931,0.031503,0.074422,0.115882,-0.165998,0.251332,0.266514,-0.081017,-0.143740,-0.085075
22,157.026789,27,1.350000,0.469730,0.482932,0.095424,-0.364548,-0.380011,-0.070301,0.996074,-0.023537,0.027752,0.080700,0.113415,-0.172079,0.248914,0.266667,-0.094274,0.064245,-0.096461
22,157.026789,28,1.400000,0.451503,0.463932,0.091909,-0.339122,-0.354644,-0.068280,0.995725,-0.020192,0.023841,0.086918,0.110327,-0.167796,0.246172,0.266750,-0.150312,0.172498,-0.124521
22,157.026789,29,1.450000,0.434546,0.446200,0.088495,-0.317403,-0.332732,-0.065764,0.995315,-0.016934,0.020028,0.093062,0.104379,-0.158140,0.242632,0.266746,-0.371327,0.018199,-0.171971
22,157.026789,30,1.500000,0.418676,0.429563,0.085206,-0.299266,-0.314240,-0.062968,0.994844,-0.013847,0.016438,0.099111,0.087268,-0.156269,0.237744,0.266671,-0.298229,0.146146,-0.153752
22,157.026789,31,1.550000,0.403713,0.413851,0.082058,-0.284470,-0.299025,-0.060089,0.994322,-0.011191,0.012849,0.105040,0.073767,-0.148174,0.233374,0.266560,-0.258722,0.300149,-0.162058
22,157.026789,32,1.600000,0.389490,0.398900,0.079054,-0.273017,-0.286706,-0.057247,0.993752,-0.008893,0.009425,0.110856,0.062143,-0.132513,0.228767,0.266406,-0.226304,0.494465,-0.204749
22,157.026789,33,1.650000,0.375839,0.384565,0.076191,-0.264748,-0.276955,-0.054568,0.993140,-0.006928,0.006356,0.116551,0.051978,-0.107251,0.222948,0.266215,-0.440375,0.911971,-0.275557
22,157.026789,34,1.700000,0.362601,0.370717,0.073463,-0.259321,-0.269441,-0.052164,0.992497,-0.005289,0.003883,0.122095,0.030867,-0.061212,0.215115,0.265974,-0.407248,0.754642,-0.381967
22,157.026789,35,1.750000,0.349635,0.357245,0.070855,-0.256161,-0.263802,-0.050163,0.991834,-0.004316,0.002487,0.127435,0.011005,-0.023228,0.204258,0.265806,-0.257908,0.668752,-0.443756
22,157.026789,36,1.800000,0.336827,0.344055,0.068346,-0.254274,-0.259276,-0.048454,0.991173,-0.003956,0.001968,0.132500,-0.001711,0.010295,0.191644,0.265711,-0.105001,0.505192,-0.515227
22,157.026789,37,1.850000,0.324114,0.331091,0.065924,-0.252870,-0.255161,-0.046916,0.990526,-0.004023,0.002236,0.137247,-0.007036,0.035542,0.176999,0.265690,-0.020603,0.341413,-0.585064
22,157.026789,38,1.900000,0.311470,0.318333,0.063578,-0.251234,-0.250937,-0.045417,0.989906,-0.004309,0.003110,0.141625,-0.008305,0.052565,0.160369,0.265706,0.007774,0.230591,-0.645757
22,157.026789,39,1.950000,0.298908,0.305786,0.061307,-0.248805,-0.246306,-0.043897,0.989325,-0.004689,0.004399,0.145587,-0.008236,0.064044,0.142013,0.265726,-0.039591,0.280980,-0.692392
22,157.026789,40,2.000000,0.286468,0.293471,0.059112,-0.245195,-0.241110,-0.042352,0.988792,-0.005110,0.005969,0.149092,-0.010561,0.078049,0.122332,0.265726,0.032701,-0.140227,-0.702958
22,157.026789,41,2.050000,0.274208,0.281415,0.056995,-0.240135,-0.235262,-0.040828,0.988317,-0.005643,0.007875,0.152107,-0.009288,0.070988,0.102351,0.265771,0.048597,-0.487565,-0.696218
22,157.026789,42,2.100000,0.262202,0.269652,0.054953,-0.233320,-0.228593,-0.039252,0.987907,-0.006123,0.009608,0.154627,-0.007134,0.046574,0.082561,0.265760,0.042253,-0.660757,-0.675197
22,157.026789,43,2.150000,0.250536,0.258222,0.052991,-0.224909,-0.221177,-0.037731,0.987573,-0.006459,0.010743,0.156660,-0.005167,0.013514,0.063369,0.265702,0.046211,-0.601188,-0.644406
22,157.026789,44,2.200000,0.239290,0.247164,0.051104,-0.215464,-0.213244,-0.036345,0.987319,-0.006622,0.011067,0.158223,-0.002889,-0.016558,0.045052,0.265625,-0.015955,0.045934,-0.605659
22,157.026789,45,2.250000,0.228517,0.236501,0.049287,-0.205745,-0.205089,-0.035112,0.987144,-0.006616,0.010654,0.159339,-0.003658,-0.014266,0.027836,0.265564,0.062429,-0.025041,-0.618306
22,157.026789,46,2.300000,0.218230,0.226247,0.047531,-0.196438,-0.196995,-0.033982,0.987036,-0.006642,0.010292,0.160029,-0.000522,-0.015522,0.010261,0.265538,-0.014948,-0.021185,-0.622903
22,157.026789,47,2.350000,0.208408,0.216397,0.045832,-0.187493,-0.188928,-0.032892,0.986999,-0.006590,0.009909,0.160285,-0.001263,-0.016581,-0.007445,0.265510,-0.148921,0.058656,-0.617709
22,157.026789,48,2.400000,0.199033,0.206951,0.044188,-0.178914,-0.180970,-0.031845,0.987033,-0.006557,0.009493,0.160104,-0.008714,-0.013648,-0.025003,0.265491,-0.157324,0.159953,-0.592530
22,157.026789,49,2.450000,0.190087,0.197902,0.042595,-0.170733,-0.173112,-0.030827,0.987134,-0.006723,0.009117,0.159492,-0.016593,-0.005642,-0.041845,0.265479,0.271152,0.378495,-0.538866
22,157.026789,50,2.500000,0.181551,0.189247,0.041054,-0.162938,-0.165157,-0.029826,0.987299,-0.007119,0.008905,0.158464,-0.003045,0.013309,-0.057162,0.265472,0.323647,0.096743,-0.572780
22,157.026789,51,2.550000,0.173404,0.180989,0.039563,-0.155403,-0.156858,-0.028838,0.987521,-0.007260,0.009211,0.157051,0.013167,0.018152,-0.073444,0.265431,0.201054,-0.163638,-0.574400
22,157.026789,52,2.600000,0.165634,0.173146,0.038121,-0.147581,-0.148388,-0.027936,0.987806,-0.007023,0.009698,0.155231,0.023270,0.009934,-0.089771,0.265387,-0.013051,-0.307765,-0.548992
22,157.026789,53,2.650000,0.158255,0.165726,0.036724,-0.139237,-0.140090,-0.027119,0.988153,-0.006509,0.010018,0.153006,0.022651,-0.005534,-0.105376,0.265356,-0.125018,-0.349500,-0.499513
22,157.026789,54,2.700000,0.151293,0.158722,0.035368,-0.130487,-0.132262,-0.026360,0.988558,-0.005954,0.009950,0.150398,0.016378,-0.023099,-0.119574,0.265338,0.138829,-0.363252,-0.424047
22,157.026789,55,2.750000,0.144768,0.152109,0.034050,-0.121701,-0.125007,-0.025625,0.989011,-0.005493,0.009423,0.147441,0.023215,-0.041336,-0.131627,0.265327,-0.027990,-0.235975,-0.446377
22,157.026789,56,2.800000,0.138683,0.145858,0.032769,-0.113338,-0.118303,-0.024895,0.989503,-0.004797,0.008469,0.144186,0.021609,-0.053251,-0.144316,0.265335,0.048671,0.004165,-0.449300
22,157.026789,57,2.850000,0.133017,0.139943,0.031524,-0.105783,-0.112439,-0.024127,0.990029,-0.004101,0.007212,0.140617,0.023751,-0.053161,-0.157087,0.265339,0.151414,0.289092,-0.436491
22,157.026789,58,2.900000,0.127727,0.134321,0.030318,-0.099333,-0.107452,-0.023326,0.990585,-0.003355,0.005963,0.136729,0.031005,-0.038848,-0.169494,0.265326,0.009244,0.388450,-0.413196
22,157.026789,59,2.950000,0.122761,0.128949,0.029151,-0.093979,-0.103385,-0.022527,0.991163,-0.002479,0.005093,0.132529,0.031217,-0.019625,-0.181239,0.265293,-0.650050,-0.394129,-0.390251
22,157.026789,60,3.000000,0.118062,0.123780,0.028025,-0.089342,-0.100307,-0.021775,0.991757,-0.001664,0.004699,0.128034,-0.001421,-0.039546,-0.192332,0.265278,-0.393543,-0.314486,-0.368855
22,157.026789,61,3.050000,0.113595,0.118764,0.026936,-0.084972,-0.098095,-0.021044,0.992366,-0.001595,0.003706,0.123265,-0.021386,-0.055260,-0.202816,0.265277,0.043928,-0.143478,-0.351248
22,157.026789,62,3.100000,0.109346,0.113859,0.025884,-0.081552,-0.096091,-0.020305,0.992981,-0.001974,0.002261,0.118236,-0.019615,-0.062269,-0.212800,0.265263,0.462979,0.135549,-0.334551
22,157.026789,63,3.150000,0.105269,0.109055,0.024869,-0.079576,-0.093902,-0.019586,0.993597,-0.002289,0.000646,0.112956,0.003031,-0.055334,-0.222310,0.265221,0.453202,0.372632,-0.312217
22,157.026789,64,3.200000,0.101290,0.104360,0.023890,-0.079199,-0.091597,-0.018941,0.994210,-0.002061,-0.000732,0.107435,0.025224,-0.036727,-0.231184,0.265168,-0.607990,0.121177,-0.282197
22,157.026789,65,3.250000,0.097330,0.099780,0.022943,-0.080131,-0.089661,-0.018394,0.994814,-0.001331,-0.001589,0.101690,-0.005498,-0.030890,-0.239206,0.265170,-0.324296,0.222432,-0.200912
22,157.026789,66,3.300000,0.093323,0.095297,0.022023,-0.081817,-0.088520,-0.017843,0.995403,-0.001380,-0.002379,0.095739,-0.021993,-0.019718,-0.244917,0.265138,-0.023818,0.380052,-0.119521
22,157.026789,67,3.350000,0.089232,0.090871,0.021131,-0.084272,-0.087395,-0.017354,0.995968,-0.001865,-0.002931,0.089642,-0.023367,-0.000511,-0.248314,0.265106,0.255210,0.503073,-0.035910
22,157.026789,68,3.400000,0.085019,0.086501,0.020263,-0.087303,-0.085828,-0.016929,0.996504,-0.002428,-0.003008,0.083456,-0.010612,0.024863,-0.249335,0.265091,0.250121,0.522704,0.051028
22,157.026789,69,3.450000,0.080654,0.082210,0.019417,-0.090445,-0.083699,-0.016535,0.997006,-0.002725,-0.002425,0.077241,0.002130,0.051098,-0.247884,0.265106,-0.457016,0.258476,0.138925
22,157.026789,70,3.500000,0.076131,0.078025,0.018590,-0.093026,-0.081216,-0.016111,0.997468,-0.002756,-0.001165,0.071058,-0.020240,0.064002,-0.243935,0.265159,-0.254061,0.202094,0.237516
22,157.026789,71,3.550000,0.071480,0.073964,0.017784,-0.094359,-0.078597,-0.015585,0.997882,-0.003367,0.000379,0.064968,-0.032351,0.074294,-0.237184,0.265173,0.000086,0.097791,0.326836
22,157.026789,72,3.600000,0.066762,0.070034,0.017005,-0.094202,-0.075274,-0.015036,0.998244,-0.004297,0.002159,0.059044,-0.031678,0.079475,-0.227894,0.265171,0.282516,-0.109883,0.404757
22,157.026789,73,3.650000,0.062052,0.066270,0.016253,-0.092334,-0.070936,-0.014500,0.998554,-0.005217,0.004072,0.053349,-0.016865,0.074255,-0.216389,0.265145,0.490153,-0.372147,0.467789
22,157.026789,74,3.700000,0.057435,0.062724,0.015528,-0.088615,-0.065607,-0.014034,0.998816,-0.005759,0.005874,0.047938,0.008253,0.055786,-0.203092,0.265095,0.227055,-0.635967,0.511135
22,157.026789,75,3.750000,0.053004,0.059443,0.014827,-0.083125,-0.059683,-0.013683,0.999039,-0.005649,0.007248,0.042857,0.020036,0.023924,-0.188563,0.265040,0.370432,-0.631854,0.575952
22,157.026789,76,3.800000,0.048848,0.056459,0.014142,-0.076255,-0.053837,-0.013450,0.999228,-0.005209,0.007840,0.038140,0.038728,-0.007812,-0.172192,0.265010,0.436164,-0.463351,0.615006
22,157.026789,77,3.850000,0.045035,0.053767,0.013470,-0.068761,-0.048435,-0.013278,0.999389,-0.004268,0.007660,0.033832,0.060485,-0.031233,-0.154711,0.265024,0.356871,-0.172943,0.624797
22,157.026789,78,3.900000,0.041597,0.051346,0.012806,-0.061389,-0.043994,-0.013068,0.999523,-0.002760,0.006914,0.029958,0.078146,-0.040235,-0.136951,0.265066,0.091376,0.024220,0.601726
22,157.026789,79,3.950000,0.038528,0.049146,0.012153,-0.054686,-0.041083,-0.012759,0.999630,-0.000800,0.005957,0.026525,0.082505,-0.039430,-0.119847,0.265085,-0.243324,-0.272970,0.538822
22,157.026789,80,4.000000,0.035794,0.047092,0.011515,-0.048860,-0.040143,-0.012396,0.999710,0.001270,0.005024,0.023518,0.070160,-0.053454,-0.104531,0.265042,-0.320297,-0.072707,0.537173
22,157.026789,81,4.050000,0.033351,0.045085,0.010895,-0.043900,-0.041273,-0.012103,0.999770,0.003042,0.003733,0.020895,0.053933,-0.057368,-0.089262,0.265034,-0.394675,0.206860,0.506127
22,157.026789,82,4.100000,0.031156,0.043021,0.010290,-0.040174,-0.044181,-0.011822,0.999814,0.004411,0.002334,0.018654,0.034005,-0.047208,-0.074876,0.265016,-0.384927,0.373136,0.445029
22,157.026789,83,4.150000,0.029147,0.040812,0.009699,-0.037803,-0.048467,-0.011577,0.999845,0.005279,0.001178,0.016776,0.014624,-0.028647,-0.062226,0.264989,-0.398665,0.378613,0.353843
22,157.026789,84,4.200000,0.027257,0.038388,0.009120,-0.036560,-0.053628,-0.011385,0.999868,0.005654,0.000476,0.015216,-0.005377,-0.009751,-0.052168,0.264963,-0.599419,0.112993,0.231832
22,157.026789,85,4.250000,0.025429,0.035707,0.008550,-0.036008,-0.059169,-0.011245,0.999888,0.005523,0.000238,0.013911,-0.035367,-0.004091,-0.045578,0.264952,-0.573526,0.144862,0.191964
22,157.026789,86,4.300000,0.023628,0.032749,0.007988,-0.035699,-0.064585,-0.011123,0.999908,0.004640,0.000130,0.012771,-0.064050,0.003213,-0.040122,0.264982,-0.534467,0.094994,0.133932
22,157.026789,87,4.350000,0.021844,0.029519,0.007432,-0.035514,-0.069137,-0.010936,0.999926,0.003038,0.000194,0.011769,-0.090769,0.008060,-0.036315,0.265027,-0.369452,0.031943,0.058590
22,157.026789,88,4.400000,0.020068,0.026062,0.006885,-0.035288,-0.072117,-0.010655,0.999941,0.000766,0.000372,0.010862,-0.109230,0.009783,-0.034650,0.265068,-0.146169,-0.058079,-0.028863
22,157.026789,89,4.450000,0.018303,0.022457,0.006353,-0.034915,-0.072865,-0.010289,0.999948,-0.001967,0.000587,0.009997,-0.116526,0.007022,-0.035470,0.265081,0.016833,-0.137640,-0.123362
22,157.026789,90,4.500000,0.016558,0.018813,0.005838,-0.034358,-0.070928,-0.009902,0.999946,-0.004882,0.000732,0.009111,-0.115675,0.000297,-0.038976,0.265062,0.354560,-0.015184,-0.115425
22,157.026789,91,4.550000,0.014840,0.015267,0.005343,-0.033683,-0.066129,-0.009570,0.999936,-0.007775,0.000708,0.008139,-0.097946,-0.000291,-0.042257,0.264972,0.698303,0.152663,-0.097310
22,157.026789,92,4.600000,0.013156,0.011961,0.004864,-0.033050,-0.058493,-0.009440,0.999922,-0.010224,0.000673,0.007084,-0.063032,0.007499,-0.045023,0.264844,1.000315,0.308009,-0.066177
22,157.026789,93,4.650000,0.011503,0.009036,0.004392,-0.032461,-0.048461,-0.009592,0.999912,-0.011802,0.000838,0.005958,-0.013003,0.023008,-0.046904,0.264726,1.166137,0.424031,-0.022807
22,157.026789,94,4.700000,0.009880,0.006613,0.003913,-0.031709,-0.036885,-0.009996,0.999914,-0.012131,0.001397,0.004779,0.045345,0.044232,-0.047553,0.264679,1.065995,0.525011,0.028363
22,157.026789,95,4.750000,0.008295,0.004769,0.003413,-0.030396,-0.024988,-0.010496,0.999930,-0.011005,0.002494,0.003575,0.098724,0.070401,-0.046747,0.264723,0.751498,0.163793,0.144251
22,157.026789,96,4.800000,0.006775,0.003519,0.002888,-0.027990,-0.014190,-0.010894,0.999952,-0.008546,0.004250,0.002381,0.136424,0.078416,-0.042646,0.264894,0.127970,-0.293542,0.250330
22,157.026789,97,4.850000,0.005375,0.002810,0.002344,-0.023841,-0.005796,-0.010939,0.999967,-0.005145,0.006209,0.001284,0.142950,0.063518,-0.035531,0.265081,-0.673410,-0.701159,0.344680
22,157.026789,98,4.900000,0.004183,0.002520,0.001797,-0.017752,-0.000738,-0.010611,0.999968,-0.001579,0.007797,0.000365,0.109365,0.028267,-0.025733,0.265183,-1.229178,-0.700718,0.432569
22,157.026789,99,4.950000,0.003296,0.002483,0.001266,-0.010095,0.000815,-0.010093,0.999963,0.001150,0.008503,-0.000301,0.047933,-0.006876,-0.013438,0.270374,-0.971435,0.108906,0.528948
22,157.026789,100,5.000000,0.002791,0.002524,0.000761,-0.001581,-0.000339,0.000026,0.999962,0.002346,0.008331,-0.000647,-0.000642,-0.001455,0.001598,0,0,0,0
23,153.531930,0,0.000000,1.049381,1.073472,0.202700,-0.004002,-0.004677,-0.084106,0.998804,0.000976,-0.001313,-0.048864,0.000000,0.000000,0.000000,0.238268,11.915948,-9.607997,0.697436
23,153.531930,1,0.050000,1.049181,1.073239,0.198495,-0.005201,-0.005480,-0.133372,0.998804,0.000976,-0.001313,-0.048864,0.595797,-0.480400,0.019824,0.160385,4.735492,-4.028705,0.617740
23,153.531930,2,0.100000,1.048921,1.072965,0.191826,-0.006009,-0.006021,-0.326864,0.998615,0.015262,-0.014035,-0.048352,0.832933,-0.681387,0.037383,0.276554,-0.137730,-0.140141,0.551988
23,153.531930,3,0.150000,1.048621,1.072664,0.175483,-0.021121,-0.020937,-0.305668,0.997742,0.035207,-0.032055,-0.047370,0.827014,-0.687212,0.053073,0.323627,-3.064612,2.327630,0.507677
23,153.531930,4,0.200000,1.047565,1.071617,0.160200,-0.061455,-0.061222,-0.199577,0.996165,0.054960,-0.050205,-0.045971,0.675167,-0.569165,0.067504,0.328299,-4.558199,3.859759,0.486923
23,153.531930,5,0.250000,1.044492,1.068556,0.150221,-0.125338,-0.124986,-0.088854,0.994357,0.071018,-0.065232,-0.044214,0.448716,-0.374447,0.081345,0.312355,-4.883437,4.219878,0.412298
23,153.531930,6,0.300000,1.038225,1.062306,0.145778,-0.204010,-0.203344,-0.011677,0.992932,0.081617,-0.075173,-0.042120,0.205700,-0.162068,0.093064,0.289347,-4.589710,4.033988,0.356608
23,153.531930,7,0.350000,1.028025,1.052139,0.145194,-0.287684,-0.286799,0.020457,0.992282,0.086376,-0.079600,-0.039753,-0.023213,0.040358,0.103201,0.269670,-3.953510,3.500648,0.319413
23,153.531930,8,0.400000,1.013640,1.037799,0.146217,-0.370003,-0.369242,0.015565,0.992511,0.085634,-0.078799,-0.037152,-0.221047,0.215299,0.112280,0.256931,-3.201926,2.800942,0.300240
23,153.531930,9,0.450000,0.995140,1.019337,0.146995,-0.447453,-0.447335,-0.012024,0.993479,0.080126,-0.073489,-0.034339,-0.382061,0.354405,0.120814,0.251417,-2.536481,2.095990,0.296069
23,153.531930,10,0.500000,0.972768,0.996970,0.146394,-0.518000,-0.519110,-0.047945,0.994910,0.070712,-0.064595,-0.031328,-0.510510,0.457452,0.129230,0.251433,-1.379145,1.267640,0.270525
23,153.531930,11,0.550000,0.946868,0.971015,0.143997,-0.579909,-0.582739,-0.081371,0.996501,0.058155,-0.053037,-0.028125,-0.581711,0.518331,0.136919,0.255267,-0.321787,0.564857,0.246189
23,153.531930,12,0.600000,0.917872,0.941878,0.139928,-0.631424,-0.636119,-0.105012,0.997935,0.043838,-0.039907,-0.024727,-0.600493,0.543551,0.143917,0.260584,0.567105,-0.023231,0.222564
23,153.531930,13,0.650000,0.886301,0.910072,0.134678,-0.670905,-0.677388,-0.116340,0.999013,0.029043,-0.026127,-0.021135,-0.575107,0.539109,0.150243,0.265566,1.110473,-0.514600,0.203638
23,153.531930,14,0.700000,0.852756,0.876203,0.128861,-0.697182,-0.705382,-0.116553,0.999661,0.014863,-0.012465,-0.017364,-0.522657,0.510100,0.156032,0.269136,1.009254,-1.206769,0.192170
23,153.531930,15,0.750000,0.817897,0.840933,0.123033,-0.709860,-0.719977,-0.109027,0.999908,0.001973,0.000452,-0.013435,-0.475215,0.446667,0.161494,0.271029,1.413849,-1.387174,0.197985
23,153.531930,16,0.800000,0.782404,0.804935,0.117582,-0.709433,-0.721963,-0.097626,0.999839,-0.009753,0.011767,-0.009369,-0.407260,0.374395,0.167122,0.271701,1.721178,-1.435131,0.195410
23,153.531930,17,0.850000,0.746932,0.768836,0.112700,-0.697502,-0.712262,-0.085210,0.999565,-0.019794,0.021260,-0.005163,-0.323576,0.300056,0.172676,0.271275,1.917021,-1.467291,0.185626
23,153.531930,18,0.900000,0.712057,0.733223,0.108440,-0.676048,-0.692494,-0.074198,0.999197,-0.027747,0.028883,-0.000824,-0.229691,0.224571,0.177953,0.270181,1.852505,-1.464313,0.170203
23,153.531930,19,0.950000,0.678255,0.698599,0.104730,-0.647146,-0.664774,-0.065967,0.998837,-0.033350,0.034619,0.003631,-0.138583,0.149804,0.182790,0.268802,1.250395,-1.559210,0.148607
23,153.531930,20,1.000000,0.645897,0.665360,0.101432,-0.612841,-0.631485,-0.060987,0.998552,-0.036665,0.038499,0.008190,-0.077102,0.070882,0.187015,0.267542,1.154439,-1.391200,0.195425
23,153.531930,21,1.050000,0.615255,0.633786,0.098382,-0.575045,-0.594894,-0.058840,0.998361,-0.038424,0.040424,0.012868,-0.019883,0.000775,0.192570,0.266642,1.020312,-1.145184,0.223166
23,153.531930,22,1.100000,0.586503,0.604041,0.095440,-0.535678,-0.556496,-0.058629,0.998267,-0.038726,0.040621,0.017693,0.031126,-0.056630,0.198913,0.266095,0.878646,-0.879490,0.231866
23,153.531930,23,1.150000,0.559719,0.576216,0.092509,-0.496389,-0.517688,-0.059465,0.998253,-0.037721,0.039414,0.022680,0.075486,-0.100370,0.205504,0.265879,0.668146,-0.679760,0.221892
23,153.531930,24,1.200000,0.534899,0.550332,0.089536,-0.458488,-0.479728,-0.060528,0.998289,-0.035577,0.037145,0.027829,0.109676,-0.133769,0.211811,0.265909,0.280710,-0.720146,0.190485
23,153.531930,25,1.250000,0.511975,0.526345,0.086509,-0.422944,-0.443731,-0.061209,0.998340,-0.032550,0.034070,0.033131,0.124787,-0.168894,0.217225,0.266070,0.184943,-0.467935,0.222045
23,153.531930,26,1.300000,0.490828,0.504159,0.083449,-0.390488,-0.410597,-0.061175,0.998377,-0.029109,0.030134,0.038583,0.135427,-0.191262,0.223537,0.266300,0.061756,-0.184826,0.224542
23,153.531930,27,1.350000,0.471304,0.483629,0.080390,-0.361923,-0.380786,-0.060258,0.998371,-0.025375,0.025653,0.044198,0.140137,-0.199355,0.229919,0.266520,-0.054217,0.136680,0.190453
23,153.531930,28,1.400000,0.453207,0.464590,0.077377,-0.337749,-0.354659,-0.058488,0.998299,-0.021509,0.020977,0.049971,0.139166,-0.191298,0.235333,0.266656,-0.396503,0.675162,0.126391
23,153.531930,29,1.450000,0.436320,0.446857,0.074453,-0.318129,-0.332418,-0.056072,0.998145,-0.017673,0.016502,0.055873,0.121049,-0.156297,0.238926,0.266710,-0.470088,0.632261,0.025251
23,153.531930,30,1.500000,0.420413,0.430236,0.071649,-0.302833,-0.314082,-0.053243,0.997899,-0.014335,0.012876,0.061852,0.098962,-0.123586,0.239643,0.266523,-0.401885,0.650819,-0.032512
23,153.531930,31,1.550000,0.405272,0.414532,0.068987,-0.291025,-0.299175,-0.050548,0.997578,-0.011598,0.010032,0.067841,0.079992,-0.090145,0.238719,0.266306,-0.305937,0.580012,-0.100855
23,153.531930,32,1.600000,0.390721,0.399573,0.066460,-0.281930,-0.287092,-0.048121,0.997197,-0.009390,0.007988,0.073799,0.065512,-0.060420,0.235852,0.266101,-0.255424,0.493654,-0.168174
23,153.531930,33,1.650000,0.376624,0.385218,0.064054,-0.274762,-0.277283,-0.045991,0.996769,-0.007598,0.006658,0.079678,0.053281,-0.035151,0.231072,0.265938,-0.240962,0.442438,-0.226910
23,153.531930,34,1.700000,0.362886,0.371354,0.061754,-0.268821,-0.269301,-0.044114,0.996307,-0.006161,0.005932,0.085433,0.041541,-0.012562,0.224622,0.265811,-0.286279,0.534222,-0.272309
23,153.531930,35,1.750000,0.349445,0.357889,0.059548,-0.263521,-0.262759,-0.042442,0.995819,-0.005066,0.005743,0.091022,0.027335,0.014503,0.216882,0.265699,-0.200456,0.138473,-0.282524
23,153.531930,36,1.800000,0.336269,0.344751,0.057426,-0.258347,-0.257280,-0.040965,0.995312,-0.004388,0.006193,0.096414,0.017192,0.021652,0.208851,0.265674,-0.160704,-0.201388,-0.276574
23,153.531930,37,1.850000,0.323351,0.331887,0.055378,-0.252698,-0.252395,-0.039532,0.994794,-0.003980,0.006796,0.101604,0.008986,0.011719,0.200990,0.265679,-0.140207,-0.384279,-0.258486
23,153.531930,38,1.900000,0.310717,0.319268,0.053401,-0.246443,-0.247820,-0.038095,0.994269,-0.003752,0.007130,0.106599,0.001886,-0.007426,0.193642,0.265675,-0.112125,-0.348413,-0.234056
23,153.531930,39,1.950000,0.298394,0.306877,0.051497,-0.239861,-0.243401,-0.036667,0.993743,-0.003651,0.006969,0.111411,-0.003666,-0.024833,0.186989,0.265642,-0.155365,0.265904,-0.206186
23,153.531930,40,2.000000,0.286401,0.294706,0.049663,-0.233448,-0.239068,-0.035298,0.993215,-0.003640,0.006359,0.116058,-0.011258,-0.011564,0.181129,0.265533,-0.063129,0.162023,-0.234330
23,153.531930,41,2.050000,0.274729,0.282753,0.047898,-0.227652,-0.234787,-0.034124,0.992680,-0.003857,0.006055,0.120558,-0.014335,-0.003540,0.174468,0.265531,-0.121528,0.130888,-0.258360
23,153.531930,42,2.100000,0.263346,0.271014,0.046192,-0.222198,-0.230303,-0.032950,0.992144,-0.004176,0.005941,0.124889,-0.020388,0.002909,0.167124,0.265516,-0.234601,0.176190,-0.276570
23,153.531930,43,2.150000,0.252236,0.259499,0.044545,-0.216914,-0.225500,-0.031805,0.991611,-0.004666,0.005967,0.129035,-0.032136,0.011589,0.159263,0.265501,-0.222692,0.247995,-0.278649
23,153.531930,44,2.200000,0.241391,0.248224,0.042954,-0.211687,-0.220193,-0.030694,0.991084,-0.005476,0.006169,0.132986,-0.043341,0.023795,0.151342,0.265502,0.225764,0.445871,-0.255605
23,153.531930,45,2.250000,0.230806,0.237214,0.041420,-0.206391,-0.214050,-0.029591,0.990563,-0.006605,0.006635,0.136738,-0.032189,0.045840,0.144077,0.265510,0.303451,0.152778,-0.322194
23,153.531930,46,2.300000,0.220487,0.226511,0.039940,-0.200816,-0.206723,-0.028492,0.990050,-0.007535,0.007684,0.140303,-0.017267,0.053303,0.134918,0.265510,0.217068,-0.124188,-0.357988
23,153.531930,47,2.350000,0.210446,0.216175,0.038516,-0.194374,-0.198327,-0.027420,0.989557,-0.008124,0.008968,0.143635,-0.006687,0.047005,0.124743,0.265479,0.042130,-0.290491,-0.368541
23,153.531930,48,2.400000,0.200727,0.206259,0.037145,-0.186796,-0.189156,-0.026436,0.989091,-0.008430,0.010132,0.146712,-0.004803,0.032448,0.114267,0.265433,-0.036094,-0.356856,-0.357319
23,153.531930,49,2.450000,0.191388,0.196801,0.035823,-0.178159,-0.179498,-0.025565,0.988659,-0.008639,0.010941,0.149531,-0.006748,0.014585,0.104110,0.265384,0.251309,-0.393634,-0.322730
23,153.531930,50,2.500000,0.182480,0.187826,0.034545,-0.168797,-0.169495,-0.024804,0.988261,-0.008832,0.011299,0.152102,0.005759,-0.005124,0.094937,0.265327,0.100042,-0.287478,-0.388384
23,153.531930,51,2.550000,0.174040,0.179352,0.033304,-0.159144,-0.159229,-0.024160,0.987900,-0.008643,0.011215,0.154447,0.010780,-0.019477,0.083897,0.265307,0.184963,-0.072466,-0.437659
23,153.531930,52,2.600000,0.166083,0.171390,0.032096,-0.149569,-0.149137,-0.023547,0.987581,-0.008278,0.010794,0.156520,0.020090,-0.023066,0.071457,0.265305,0.289796,0.188315,-0.473521
23,153.531930,53,2.650000,0.158604,0.163933,0.030919,-0.140367,-0.139444,-0.022923,0.987310,-0.007672,0.010318,0.158283,0.034643,-0.013595,0.057997,0.265316,0.149219,0.262945,-0.500031
23,153.531930,54,2.700000,0.151586,0.156961,0.029773,-0.131551,-0.130396,-0.022260,0.987089,-0.006748,0.010130,0.159708,0.042133,-0.000372,0.043784,0.265316,-0.505809,-0.547730,-0.526790
23,153.531930,55,2.750000,0.145008,0.150441,0.028660,-0.122784,-0.122260,-0.021580,0.986920,-0.005696,0.010297,0.160778,0.016844,-0.027688,0.028810,0.265250,-0.250614,-0.501145,-0.555578
23,153.531930,56,2.800000,0.138869,0.144328,0.027581,-0.113700,-0.115111,-0.021012,0.986814,-0.005162,0.009685,0.161488,0.004343,-0.052727,0.013018,0.265250,0.155626,-0.341899,-0.589538
23,153.531930,57,2.850000,0.133184,0.138573,0.026530,-0.105129,-0.108570,-0.020428,0.986773,-0.004839,0.008404,0.161815,0.012151,-0.069820,-0.003739,0.265267,0.527022,-0.060183,-0.625440
23,153.531930,58,2.900000,0.127928,0.133144,0.025509,-0.097751,-0.102543,-0.019784,0.986803,-0.004257,0.006730,0.161728,0.038492,-0.072831,-0.021517,0.265289,0.468314,0.184762,-0.655696
23,153.531930,59,2.950000,0.123040,0.128017,0.024520,-0.091902,-0.097346,-0.019071,0.986904,-0.003017,0.005087,0.161198,0.061848,-0.063624,-0.040155,0.265289,-0.631864,-0.062179,-0.676878
23,153.531930,60,3.000000,0.118445,0.123150,0.023566,-0.087448,-0.093615,-0.018330,0.987076,-0.001240,0.003763,0.160204,0.030158,-0.066828,-0.059395,0.265257,-0.384065,0.041161,-0.645033
23,153.531930,61,3.050000,0.114072,0.118469,0.022650,-0.083994,-0.091821,-0.017629,0.987318,-0.000233,0.002233,0.158737,0.010804,-0.064837,-0.077730,0.265224,-0.137482,0.232145,-0.609556
23,153.531930,62,3.100000,0.109873,0.113878,0.021768,-0.081864,-0.091246,-0.016979,0.987627,0.000286,0.000675,0.156818,0.003739,-0.053262,-0.095056,0.265181,0.087059,0.409928,-0.567290
23,153.531930,63,3.150000,0.105780,0.109316,0.020919,-0.081166,-0.091420,-0.016403,0.987997,0.000586,-0.000625,0.154470,0.007899,-0.032779,-0.111181,0.265133,0.042668,0.495164,-0.515692
23,153.531930,64,3.200000,0.101721,0.104745,0.020099,-0.081683,-0.092083,-0.015916,0.988422,0.000909,-0.001402,0.151723,0.009894,-0.008054,-0.125840,0.265090,-0.678814,0.296501,-0.455806
23,153.531930,65,3.250000,0.097637,0.100140,0.019303,-0.082908,-0.093175,-0.015511,0.988894,0.001189,-0.001561,0.148612,-0.024085,0.006724,-0.138796,0.265082,-0.471613,0.302476,-0.377368
23,153.531930,66,3.300000,0.093492,0.095482,0.018528,-0.084250,-0.094556,-0.015123,0.989404,0.000574,-0.001480,0.145179,-0.047630,0.021974,-0.149522,0.265089,-0.214188,0.278173,-0.299602
23,153.531930,67,3.350000,0.089279,0.090754,0.017772,-0.085606,-0.095325,-0.014719,0.989940,-0.000679,-0.001107,0.141478,-0.058215,0.036153,-0.158039,0.265106,0.085233,0.152395,-0.224980
23,153.531930,68,3.400000,0.084999,0.085988,0.017036,-0.086777,-0.094819,-0.014283,0.990490,-0.002243,-0.000421,0.137564,-0.053736,0.044122,-0.164434,0.265122,0.332871,-0.042708,-0.157696
23,153.531930,69,3.450000,0.080660,0.081247,0.016321,-0.087489,-0.092694,-0.013821,0.991043,-0.003723,0.000477,0.133488,-0.036817,0.042322,-0.168916,0.265123,0.133838,-0.270594,-0.103822
23,153.531930,70,3.500000,0.076286,0.076612,0.015630,-0.087512,-0.089008,-0.013367,0.991593,-0.004779,0.001387,0.129298,-0.029854,0.029028,-0.171867,0.265114,0.353739,-0.271706,-0.024129
23,153.531930,71,3.550000,0.071910,0.072161,0.014962,-0.086768,-0.084179,-0.012939,0.992135,-0.005619,0.001990,0.125034,-0.011978,0.015638,-0.172553,0.265080,0.486195,-0.135211,0.032830
23,153.531930,72,3.600000,0.067572,0.067952,0.014315,-0.085520,-0.078462,-0.012585,0.992662,-0.005973,0.002316,0.120751,0.012434,0.008956,-0.171620,0.265051,0.466504,0.094367,0.062893
23,153.531930,73,3.650000,0.063296,0.064029,0.013686,-0.083971,-0.072367,-0.012290,0.993172,-0.005701,0.002550,0.116489,0.035818,0.013593,-0.169832,0.265047,0.255545,0.207897,0.062914
23,153.531930,74,3.700000,0.059097,0.060411,0.013071,-0.082136,-0.066517,-0.012001,0.993662,-0.004863,0.002968,0.112267,0.048683,0.023757,-0.168044,0.265062,-0.027137,-0.186590,0.026798
23,153.531930,75,3.750000,0.054990,0.057085,0.012471,-0.079777,-0.061446,-0.011676,0.994128,-0.003732,0.003674,0.108085,0.047477,0.014117,-0.167282,0.265052,-0.054164,-0.092274,0.055273
23,153.531930,76,3.800000,0.051001,0.054013,0.011888,-0.076587,-0.057414,-0.011366,0.994574,-0.002606,0.004138,0.103921,0.044859,0.009202,-0.165711,0.265044,-0.094820,0.078852,0.056396
23,153.531930,77,3.850000,0.047172,0.051142,0.011319,-0.072813,-0.054448,-0.011068,0.994997,-0.001531,0.004472,0.099794,0.040176,0.012862,-0.164108,0.265042,-0.063466,0.139347,0.028937
23,153.531930,78,3.900000,0.043531,0.048420,0.010766,-0.068595,-0.052514,-0.010772,0.995397,-0.000582,0.004886,0.095706,0.037083,0.019579,-0.163285,0.265034,-0.064877,0.049502,-0.027729
23,153.531930,79,3.950000,0.040102,0.045794,0.010227,-0.063876,-0.051486,-0.010492,0.995777,0.000274,0.005460,0.091637,0.033960,0.021825,-0.164073,0.265013,-0.265039,-0.293697,-0.115455
23,153.531930,80,4.000000,0.036908,0.043220,0.009703,-0.058515,-0.051262,-0.010256,0.996141,0.001047,0.006082,0.087547,0.020844,0.006928,-0.167355,0.264966,-0.260328,-0.312427,-0.123223
23,153.531930,81,4.050000,0.033982,0.040657,0.009190,-0.052480,-0.051763,-0.010116,0.996497,0.001525,0.006304,0.083376,0.007872,-0.008825,-0.170858,0.264954,-0.281287,-0.367479,-0.152403
23,153.531930,82,4.100000,0.031358,0.038069,0.008684,-0.046190,-0.052738,-0.010003,0.996845,0.001713,0.006107,0.079117,-0.006250,-0.027250,-0.175190,0.264952,-0.211994,-0.382061,-0.202650
23,153.531930,83,4.150000,0.029049,0.035432,0.008184,-0.040083,-0.053939,-0.009890,0.997186,0.001584,0.005423,0.074750,-0.017031,-0.046312,-0.180950,0.264970,-0.125011,-0.370647,-0.268470
23,153.531930,84,4.200000,0.027044,0.032735,0.007689,-0.034660,-0.055091,-0.009736,0.997520,0.001221,0.004244,0.070239,-0.023599,-0.064727,-0.188581,0.264999,-0.166777,-0.305431,-0.343448
23,153.531930,85,4.250000,0.025311,0.029980,0.007203,-0.030420,-0.055995,-0.009517,0.997847,0.000726,0.002594,0.065536,-0.032402,-0.079830,-0.198344,0.265027,-0.154017,-0.000600,-0.315905
23,153.531930,86,4.300000,0.023790,0.027180,0.006727,-0.027833,-0.056539,-0.009233,0.998163,0.000036,0.000553,0.060588,-0.040703,-0.079616,-0.207323,0.265039,-0.230161,0.407308,-0.276696
23,153.531930,87,4.350000,0.022399,0.024353,0.006265,-0.027289,-0.056542,-0.008921,0.998462,-0.000862,-0.001495,0.055414,-0.052838,-0.058930,-0.215188,0.265011,-0.164568,0.737019,-0.226681
23,153.531930,88,4.400000,0.021034,0.021526,0.005819,-0.028801,-0.055778,-0.008663,0.998740,-0.002091,-0.003044,0.050041,-0.061547,-0.021648,-0.221631,0.264949,0.125772,0.840856,-0.162239
23,153.531930,89,4.450000,0.019594,0.018737,0.005386,-0.031886,-0.053878,-0.008530,0.998996,-0.003584,-0.003673,0.044503,-0.055441,0.020913,-0.226243,0.264880,0.392417,0.876304,-0.080599
23,153.531930,90,4.500000,0.018000,0.016044,0.004960,-0.035642,-0.050526,-0.008537,0.999228,-0.004971,-0.003232,0.038845,-0.035641,0.065204,-0.228534,0.264823,0.561981,0.460657,0.081608
23,153.531930,91,4.550000,0.016218,0.013517,0.004533,-0.039000,-0.045778,-0.008658,0.999432,-0.005906,-0.001667,0.033124,-0.006976,0.088546,-0.226214,0.264833,0.445609,-0.032621,0.254341
23,153.531930,92,4.600000,0.014268,0.011228,0.004100,-0.040825,-0.040042,-0.008763,0.999604,-0.006144,0.000507,0.027458,0.016065,0.086975,-0.218985,0.264886,0.066259,-0.477969,0.435785
23,153.531930,93,4.650000,0.012227,0.009226,0.003662,-0.040494,-0.034003,-0.008771,0.999738,-0.005805,0.002657,0.021972,0.020100,0.062943,-0.206598,0.264943,-0.239826,-0.544731,0.626518
23,153.531930,94,4.700000,0.010202,0.007526,0.003223,-0.038012,-0.028251,-0.008676,0.999836,-0.005351,0.004212,0.016797,0.008603,0.035549,-0.188789,0.264946,0.097282,0.125104,0.834523
23,153.531930,95,4.750000,0.008301,0.006113,0.002789,-0.033968,-0.022932,-0.008580,0.999901,-0.005170,0.005079,0.012073,0.013721,0.041742,-0.165068,0.264866,0.079526,-0.093222,0.949517
23,153.531930,96,4.800000,0.006603,0.004967,0.002360,-0.029048,-0.017800,-0.008638,0.999938,-0.004861,0.006105,0.007939,0.017959,0.036995,-0.138078,0.264889,0.023836,-0.323593,1.063987
23,153.531930,97,4.850000,0.005151,0.004077,0.001928,-0.023097,-0.012984,-0.008662,0.999955,-0.004440,0.007016,0.004480,0.019345,0.020721,-0.107835,0.264928,-0.039964,-0.445844,1.176565
23,153.531930,98,4.900000,0.003996,0.003428,0.001495,-0.016232,-0.008596,-0.008622,0.999962,-0.003978,0.007524,0.001779,0.017431,-0.001650,-0.074391,0.264969,-0.104765,-0.316197,1.289281
23,153.531930,99,4.950000,0.003184,0.002998,0.001064,-0.008855,-0.004680,-0.008510,0.999966,-0.003556,0.007477,-0.000084,0.012189,-0.017509,-0.037744,0.269518,-0.235782,0.326532,1.407601
23,153.531930,100,5.000000,0.002741,0.002764,0.000639,-0.001392,-0.001130,0.000029,0.999969,-0.003259,0.007035,-0.001029,0.000374,-0.001200,0.002266,0,0,0,0
24,151.650687,0,0.000000,1.051377,1.074981,0.166027,-0.003662,-0.004623,-0.079163,0.998795,0.001117,-0.001354,-0.049038,0.000000,0.000000,0.000000,0.249427,12.001096,-9.430043,-0.979168
24,151.650687,1,0.050000,1.051194,1.074750,0.162069,-0.004962,-0.005593,-0.107763,0.998795,0.001117,-0.001354,-0.049038,0.600055,-0.471502,-0.027833,0.159887,4.980661,-3.832762,-0.917529
24,151.650687,2,0.100000,1.050946,1.074470,0.156681,-0.005796,-0.006215,-0.302177,0.998547,0.015521,-0.013860,-0.049717,0.848590,-0.663774,-0.053913,0.275525,0.091234,0.006626,-0.843198
24,151.650687,3,0.150000,1.050656,1.074159,0.141572,-0.020706,-0.021327,-0.282886,0.997558,0.035885,-0.031453,-0.051008,0.851793,-0.665179,-0.077881,0.322970,-3.033078,2.376424,-0.757094
24,151.650687,4,0.200000,1.049621,1.073093,0.127428,-0.060427,-0.062228,-0.178017,0.995806,0.056320,-0.049040,-0.052857,0.698173,-0.548876,-0.099401,0.328307,-4.882382,3.661233,-0.661985
24,151.650687,5,0.250000,1.046600,1.069982,0.118527,-0.123427,-0.127272,-0.067323,0.993771,0.073080,-0.063471,-0.055235,0.451984,-0.368448,-0.118217,0.312577,-5.189085,3.986074,-0.593395
24,151.650687,6,0.300000,1.040428,1.063618,0.115161,-0.201122,-0.207290,0.010177,0.992087,0.083979,-0.073025,-0.058122,0.190876,-0.171172,-0.135084,0.289100,-4.816936,3.819541,-0.528619
24,151.650687,7,0.350000,1.030372,1.053254,0.115670,-0.283920,-0.291953,0.041787,0.991152,0.088708,-0.077262,-0.061481,-0.050848,0.018827,-0.150110,0.269168,-4.050432,3.328737,-0.468608
24,151.650687,8,0.400000,1.016176,1.038656,0.117759,-0.365699,-0.374870,0.035950,0.991062,0.087767,-0.076384,-0.065257,-0.253262,0.185553,-0.163430,0.256391,-3.234424,2.635809,-0.409405
24,151.650687,9,0.450000,0.997891,1.019912,0.119557,-0.443024,-0.452735,0.007393,0.991667,0.082103,-0.071012,-0.069380,-0.413833,0.318914,-0.175068,0.251000,-2.800762,1.552653,-0.346853
24,151.650687,10,0.500000,0.975740,0.997276,0.119926,-0.513784,-0.523844,-0.029246,0.992684,0.072701,-0.062022,-0.073793,-0.551752,0.399297,-0.184927,0.251142,-1.710654,0.873035,-0.267349
24,151.650687,11,0.550000,0.950051,0.971083,0.118464,-0.576042,-0.586715,-0.063162,0.993811,0.060022,-0.050751,-0.078500,-0.634482,0.446821,-0.192526,0.254895,-0.646724,0.283057,-0.196886
24,151.650687,12,0.600000,0.921249,0.941748,0.115306,-0.628106,-0.639267,-0.087467,0.994753,0.045370,-0.038108,-0.083401,-0.663554,0.465610,-0.198122,0.260133,0.313405,-0.282162,-0.134321
24,151.650687,13,0.650000,0.889843,0.909784,0.110933,-0.668274,-0.679688,-0.099621,0.995320,0.030021,-0.024915,-0.088413,-0.644382,0.456491,-0.201940,0.265170,0.972235,-0.766340,-0.077612
24,151.650687,14,0.700000,0.856430,0.875800,0.105952,-0.695236,-0.706871,-0.100561,0.995435,0.015119,-0.011978,-0.093477,-0.592272,0.423112,-0.204147,0.268834,1.016120,-1.278616,-0.026750
24,151.650687,15,0.750000,0.821668,0.840456,0.100924,-0.708515,-0.720740,-0.093591,0.995130,0.001429,0.000013,-0.098558,-0.538188,0.363770,-0.204907,0.270684,1.459642,-1.448529,0.092351
24,151.650687,16,0.800000,0.786242,0.804419,0.096244,-0.708644,-0.722168,-0.082827,0.994500,-0.011062,0.010395,-0.103627,-0.462377,0.295529,-0.202282,0.271392,1.750144,-1.461368,0.191161
24,151.650687,17,0.850000,0.750810,0.768311,0.092103,-0.697101,-0.712192,-0.070981,0.993665,-0.021843,0.018882,-0.108606,-0.372601,0.226010,-0.196848,0.270965,1.915602,-1.376488,0.269147
24,151.650687,18,0.900000,0.715955,0.732701,0.088554,-0.675890,-0.692468,-0.060530,0.992750,-0.030576,0.025399,-0.113436,-0.275132,0.159970,-0.189198,0.269876,1.906618,-1.292050,0.326457
24,151.650687,19,0.950000,0.682160,0.698078,0.085527,-0.647220,-0.665008,-0.052839,0.991859,-0.037069,0.030004,-0.118074,-0.178653,0.097343,-0.179918,0.268547,1.623493,-1.391572,0.360215
24,151.650687,20,1.000000,0.649799,0.664828,0.082885,-0.613268,-0.631962,-0.048292,0.991066,-0.041346,0.032777,-0.122489,-0.096813,0.028984,-0.169679,0.267328,1.545317,-1.156576,0.453783
24,151.650687,21,1.050000,0.619136,0.633229,0.080471,-0.576091,-0.595366,-0.046496,0.990411,-0.043794,0.033616,-0.126642,-0.019361,-0.028221,-0.156781,0.266404,1.373009,-0.861249,0.515323
24,151.650687,22,1.100000,0.590332,0.603461,0.078146,-0.537768,-0.556770,-0.046662,0.989909,-0.044494,0.032807,-0.130476,0.049122,-0.071169,-0.142133,0.265848,1.155415,-0.504503,0.537809
24,151.650687,23,1.150000,0.563443,0.575623,0.075813,-0.500076,-0.517617,-0.047860,0.989550,-0.043627,0.030727,-0.133953,0.106508,-0.096659,-0.126846,0.265646,0.672147,0.087163,0.528541
24,151.650687,24,1.200000,0.538439,0.549742,0.073420,-0.464411,-0.479192,-0.049224,0.989304,-0.041413,0.027840,-0.137066,0.139650,-0.092813,-0.111822,0.265810,0.426042,0.114738,0.481266
24,151.650687,25,1.250000,0.515219,0.525782,0.070958,-0.431708,-0.442614,-0.049935,0.989118,-0.038354,0.024950,-0.139831,0.160559,-0.087669,-0.098142,0.265965,0.296635,0.210220,0.476169
24,151.650687,26,1.300000,0.493633,0.503651,0.068462,-0.402115,-0.408681,-0.049969,0.988970,-0.034751,0.022126,-0.142272,0.175064,-0.077756,-0.084607,0.266119,0.186886,0.218153,0.459458
24,151.650687,27,1.350000,0.473528,0.483217,0.065963,-0.375674,-0.377910,-0.049330,0.988851,-0.030746,0.019508,-0.144391,0.184158,-0.067411,-0.071547,0.266239,0.036234,0.210101,0.442730
24,151.650687,28,1.400000,0.454744,0.464322,0.063497,-0.352275,-0.350708,-0.048101,0.988753,-0.026471,0.017121,-0.146196,0.185787,-0.057406,-0.058963,0.266328,-0.134889,0.234972,0.433438
24,151.650687,29,1.450000,0.437130,0.446786,0.061092,-0.331760,-0.327360,-0.046382,0.988672,-0.022113,0.014984,-0.147693,0.178914,-0.046073,-0.046643,0.266361,-0.342168,0.398638,0.436214
24,151.650687,30,1.500000,0.420542,0.430419,0.058773,-0.313923,-0.307975,-0.044326,0.988605,-0.017879,0.013158,-0.148886,0.161724,-0.026458,-0.034243,0.266331,-0.391186,0.070265,0.472908
24,151.650687,31,1.550000,0.404846,0.415020,0.056556,-0.298466,-0.292472,-0.042107,0.988550,-0.013991,0.011887,-0.149772,0.142131,-0.023155,-0.020801,0.266185,-0.459240,-0.213651,0.524157
24,151.650687,32,1.600000,0.389923,0.400396,0.054451,-0.284815,-0.280592,-0.040003,0.988522,-0.010571,0.010775,-0.150319,0.119150,-0.033949,-0.005902,0.266037,-0.510434,-0.356095,0.585441
24,151.650687,33,1.650000,0.375682,0.386367,0.052451,-0.272754,-0.271891,-0.038067,0.988536,-0.007756,0.009487,-0.150488,0.093621,-0.051781,0.010739,0.265895,-0.513417,-0.297142,0.650320
24,151.650687,34,1.700000,0.362044,0.372772,0.050547,-0.262369,-0.265747,-0.036317,0.988603,-0.005634,0.007857,-0.150234,0.067971,-0.066600,0.029224,0.265768,-0.548934,0.324943,0.715230
24,151.650687,35,1.750000,0.348926,0.359485,0.048732,-0.253889,-0.261426,-0.034745,0.988733,-0.004199,0.005960,-0.149515,0.040598,-0.050277,0.049554,0.265633,-0.420421,0.224499,0.720737
24,151.650687,36,1.800000,0.336231,0.346413,0.046994,-0.247474,-0.258218,-0.033384,0.988928,-0.003376,0.004571,-0.148291,0.019672,-0.038976,0.070041,0.265536,-0.436405,0.195116,0.726543
24,151.650687,37,1.850000,0.323858,0.333502,0.045325,-0.242536,-0.255601,-0.032181,0.989191,-0.003026,0.003540,-0.146558,-0.002045,-0.029168,0.090692,0.265459,-0.502850,0.242775,0.734105
24,151.650687,38,1.900000,0.311731,0.320722,0.043716,-0.238657,-0.253168,-0.031111,0.989523,-0.003175,0.002833,-0.144312,-0.027087,-0.017036,0.111559,0.265402,-0.444304,0.317781,0.753306
24,151.650687,39,1.950000,0.299798,0.308064,0.042161,-0.235451,-0.250482,-0.030145,0.989920,-0.003899,0.002518,-0.141548,-0.049230,-0.001262,0.132972,0.265392,0.046903,0.519452,0.792814
24,151.650687,40,2.000000,0.288025,0.295540,0.040653,-0.232458,-0.247038,-0.029200,0.990380,-0.005114,0.002674,-0.138254,-0.046878,0.024462,0.155507,0.265452,0.164281,0.234137,0.738860
24,151.650687,41,2.050000,0.276403,0.283188,0.039193,-0.229160,-0.242423,-0.028154,0.990902,-0.006179,0.003462,-0.134402,-0.038809,0.035893,0.176509,0.265483,0.105190,-0.024442,0.712453
24,151.650687,42,2.100000,0.264945,0.271067,0.037786,-0.224970,-0.236860,-0.027068,0.991475,-0.007005,0.004508,-0.130030,-0.033790,0.034411,0.196760,0.265481,-0.046998,-0.168494,0.708223
24,151.650687,43,2.150000,0.253696,0.259224,0.036432,-0.219679,-0.230607,-0.026005,0.992092,-0.007708,0.005506,-0.125154,-0.036396,0.025734,0.216891,0.265462,-0.101533,-0.216424,0.722158
24,151.650687,44,2.200000,0.242712,0.247693,0.035132,-0.213361,-0.223766,-0.024996,0.992745,-0.008500,0.006299,-0.119773,-0.041685,0.014613,0.237418,0.265448,0.213531,-0.244676,0.754821
24,151.650687,45,2.250000,0.232044,0.236505,0.033882,-0.206211,-0.216212,-0.024037,0.993427,-0.009453,0.006837,-0.113875,-0.031140,0.002003,0.258874,0.265430,0.097816,-0.142076,0.681934
24,151.650687,46,2.300000,0.221734,0.225695,0.032680,-0.198476,-0.207745,-0.023134,0.994135,-0.010177,0.007037,-0.107438,-0.026269,-0.005406,0.278257,0.265386,0.220979,0.065004,0.619548
24,151.650687,47,2.350000,0.211810,0.215307,0.031524,-0.190525,-0.198544,-0.022329,0.994852,-0.010795,0.007044,-0.100514,-0.015163,-0.002434,0.295868,0.265346,0.364313,0.313005,0.564238
24,151.650687,48,2.400000,0.202283,0.205380,0.030407,-0.182572,-0.188685,-0.021610,0.995565,-0.011126,0.007101,-0.093150,0.003080,0.013046,0.311906,0.265308,0.256400,0.375166,0.512730
24,151.650687,49,2.450000,0.193155,0.195946,0.029327,-0.174607,-0.178451,-0.020969,0.996259,-0.010963,0.007505,-0.085388,0.015746,0.031841,0.326480,0.265294,-0.380662,-0.445299,0.456390
24,151.650687,50,2.500000,0.184425,0.187023,0.028278,-0.166341,-0.168349,-0.020358,0.996921,-0.010441,0.008353,-0.077266,-0.003682,0.009771,0.339453,0.265304,-0.127723,-0.418756,0.390926
24,151.650687,51,2.550000,0.176107,0.178606,0.027260,-0.157365,-0.158756,-0.019730,0.997538,-0.010443,0.008692,-0.068805,-0.010194,-0.011214,0.350565,0.265260,0.286855,-0.304341,0.310968
24,151.650687,52,2.600000,0.168239,0.170668,0.026274,-0.148141,-0.149109,-0.019189,0.998102,-0.010640,0.008521,-0.060055,0.004298,-0.026567,0.359404,0.265206,0.675208,-0.079493,0.219279
24,151.650687,53,2.650000,0.160832,0.163213,0.025314,-0.139159,-0.139181,-0.018748,0.998608,-0.010495,0.007947,-0.051079,0.038421,-0.030483,0.365637,0.265175,0.637877,0.110286,0.124692
24,151.650687,54,2.700000,0.153874,0.156254,0.024377,-0.130838,-0.129286,-0.018353,0.999048,-0.009502,0.007233,-0.041948,0.070738,-0.024435,0.369181,0.265198,-0.447308,-0.180126,0.032432
24,151.650687,55,2.750000,0.147332,0.149789,0.023459,-0.123349,-0.120260,-0.017886,0.999412,-0.007694,0.006636,-0.032733,0.048715,-0.032450,0.370103,0.265259,-0.209032,-0.110952,-0.014932
24,151.650687,56,2.800000,0.141165,0.143776,0.022565,-0.116586,-0.112919,-0.017267,0.999686,-0.006442,0.005856,-0.023487,0.038719,-0.037314,0.369679,0.265229,0.019864,0.041834,-0.068438
24,151.650687,57,2.850000,0.135336,0.138130,0.021702,-0.110686,-0.106728,-0.016676,0.999871,-0.005441,0.004960,-0.014247,0.040235,-0.034679,0.367734,0.265212,0.219716,0.187484,-0.123838
24,151.650687,58,2.900000,0.129801,0.132794,0.020868,-0.105739,-0.101453,-0.016096,0.999969,-0.004402,0.004129,-0.005055,0.051705,-0.024743,0.364214,0.265202,0.142919,0.254374,-0.176708
24,151.650687,59,2.950000,0.124514,0.127721,0.020063,-0.101661,-0.097150,-0.015516,0.999981,-0.003075,0.003544,0.004048,0.059193,-0.011310,0.359191,0.265192,-0.621251,0.055266,-0.226043
24,151.650687,60,3.000000,0.119431,0.122864,0.019287,-0.098193,-0.094115,-0.014941,0.999909,-0.001562,0.003294,0.013022,0.028285,-0.007740,0.352765,0.265150,-0.474169,0.076957,-0.261258
24,151.650687,61,3.050000,0.114522,0.118158,0.018540,-0.094978,-0.092539,-0.014436,0.999756,-0.000824,0.003124,0.021838,0.004680,-0.003513,0.345339,0.265115,-0.281629,0.078554,-0.300822
24,151.650687,62,3.100000,0.109773,0.113531,0.017818,-0.091929,-0.091664,-0.013992,0.999531,-0.000678,0.003046,0.030468,-0.009355,0.000476,0.336789,0.265098,-0.045369,-0.009687,-0.345264
24,151.650687,63,3.150000,0.105176,0.108948,0.017119,-0.088961,-0.090907,-0.013579,0.999239,-0.000886,0.003056,0.038883,-0.011630,-0.000128,0.326975,0.265096,0.146572,-0.156133,-0.396435
24,151.650687,64,3.200000,0.100728,0.104403,0.016440,-0.085996,-0.089921,-0.013170,0.998887,-0.001152,0.003049,0.047050,-0.004300,-0.008079,0.315706,0.265103,-0.095645,-0.326635,-0.458015
24,151.650687,65,3.250000,0.096428,0.099907,0.015781,-0.083060,-0.088651,-0.012750,0.998485,-0.001225,0.002851,0.054933,-0.008985,-0.024462,0.302687,0.265092,0.092966,-0.264735,-0.489188
24,151.650687,66,3.300000,0.092275,0.095474,0.015144,-0.080331,-0.087296,-0.012349,0.998042,-0.001394,0.002237,0.062488,-0.004056,-0.037802,0.288782,0.265095,0.211934,-0.062889,-0.536750
24,151.650687,67,3.350000,0.088259,0.091109,0.014526,-0.078225,-0.085792,-0.011939,0.997567,-0.001420,0.001297,0.069694,0.006955,-0.040991,0.273525,0.265082,0.197706,0.232878,-0.603084
24,151.650687,68,3.400000,0.084348,0.086820,0.013929,-0.077051,-0.084313,-0.011550,0.997068,-0.001167,0.000297,0.076514,0.017266,-0.029275,0.256383,0.265052,0.008957,0.411232,-0.689443
24,151.650687,69,3.450000,0.080495,0.082604,0.013352,-0.076848,-0.083148,-0.011215,0.996557,-0.000678,-0.000392,0.082904,0.017999,-0.008545,0.236786,0.265020,-0.238494,0.075200,-0.800264
24,151.650687,70,3.500000,0.076653,0.078447,0.012791,-0.077287,-0.082517,-0.010938,0.996049,-0.000214,-0.000564,0.088802,0.006151,-0.004623,0.214038,0.265019,-0.219169,0.211403,-0.834384
24,151.650687,71,3.550000,0.072788,0.074321,0.012244,-0.077856,-0.082356,-0.010662,0.995560,-0.000054,-0.000664,0.094131,-0.004770,0.005997,0.190321,0.265014,-0.202701,0.403636,-0.883004
24,151.650687,72,3.600000,0.068896,0.070203,0.011711,-0.078510,-0.082365,-0.010396,0.995101,-0.000190,-0.000526,0.098866,-0.014949,0.026144,0.165222,0.265019,-0.103390,0.461813,-0.947349
24,151.650687,73,3.650000,0.064970,0.066085,0.011191,-0.079042,-0.082230,-0.010119,0.994684,-0.000629,0.000088,0.102976,-0.020282,0.049141,0.138294,0.265040,-0.025481,0.343733,-1.028358
24,151.650687,74,3.700000,0.061018,0.061973,0.010685,-0.079020,-0.081607,-0.009805,0.994320,-0.001259,0.001260,0.106413,-0.021814,0.066221,0.109063,0.265060,-0.136934,-0.056207,-1.128695
24,151.650687,75,3.750000,0.057067,0.057893,0.010195,-0.077921,-0.080246,-0.009455,0.994022,-0.001974,0.002852,0.109122,-0.028935,0.063320,0.076981,0.265061,-0.041183,-0.161102,-1.139281
24,151.650687,76,3.800000,0.053171,0.053880,0.009722,-0.075349,-0.078014,-0.009113,0.993803,-0.002861,0.004350,0.111034,-0.031179,0.055181,0.044597,0.265042,0.020038,-0.322511,-1.163382
24,151.650687,77,3.850000,0.049403,0.049980,0.009267,-0.071417,-0.074750,-0.008822,0.993669,-0.003784,0.005638,0.112141,-0.030270,0.039002,0.011528,0.265005,0.154679,-0.456362,-1.203051
24,151.650687,78,3.900000,0.045833,0.046242,0.008826,-0.066335,-0.070439,-0.008616,0.993628,-0.004643,0.006523,0.112428,-0.022553,0.016171,-0.022668,0.264961,0.278231,-0.566960,-1.255035
24,151.650687,79,3.950000,0.042516,0.042720,0.008395,-0.060487,-0.065192,-0.008511,0.993686,-0.005253,0.006859,0.111867,-0.008628,-0.012157,-0.058342,0.264924,0.230391,-0.618122,-1.314811
24,151.650687,80,4.000000,0.039491,0.039461,0.007969,-0.054376,-0.059318,-0.008485,0.993849,-0.005443,0.006525,0.110420,0.002865,-0.043044,-0.095715,0.264920,0.193959,-0.424431,-1.272821
24,151.650687,81,4.050000,0.036773,0.036495,0.007545,-0.048603,-0.053303,-0.008464,0.994117,-0.005269,0.005450,0.108047,0.012406,-0.064276,-0.131895,0.264949,0.071844,-0.133762,-1.222655
24,151.650687,82,4.100000,0.034343,0.033830,0.007122,-0.043845,-0.047586,-0.008373,0.994477,-0.004804,0.003869,0.104775,0.015677,-0.071027,-0.166648,0.264989,0.112077,0.115900,-1.167189
24,151.650687,83,4.150000,0.032150,0.031450,0.006703,-0.040563,-0.042499,-0.008190,0.994912,-0.004245,0.002124,0.100638,0.020831,-0.065331,-0.199825,0.265003,0.294392,0.318906,-1.101818
24,151.650687,84,4.200000,0.030122,0.029325,0.006294,-0.038908,-0.038144,-0.007966,0.995406,-0.003573,0.000530,0.095672,0.035055,-0.049543,-0.231144,0.264997,0.442847,0.534571,-1.019057
24,151.650687,85,4.250000,0.028177,0.027418,0.005895,-0.038725,-0.034603,-0.007744,0.995945,-0.002585,-0.000639,0.089922,0.056763,-0.023122,-0.260110,0.264988,0.589485,0.207520,-0.848354
24,151.650687,86,4.300000,0.026241,0.025688,0.005508,-0.039578,-0.032133,-0.007533,0.996511,-0.001115,-0.001104,0.083447,0.086009,-0.013307,-0.284224,0.264998,0.409541,-0.160735,-0.655019
24,151.650687,87,4.350000,0.024262,0.024081,0.005131,-0.040750,-0.031133,-0.007299,0.997078,0.001063,-0.001264,0.076366,0.106343,-0.022271,-0.302843,0.265021,-1.163701,0.388894,-0.438305
24,151.650687,88,4.400000,0.022224,0.022525,0.004766,-0.041907,-0.032268,-0.007022,0.997621,0.003766,-0.001608,0.068818,0.047902,-0.004049,-0.315302,0.264916,-1.656768,0.511733,-0.196523
24,151.650687,89,4.450000,0.020129,0.020911,0.004415,-0.043227,-0.036062,-0.006953,0.998127,0.004980,-0.001597,0.060954,-0.034985,0.020965,-0.320888,0.264813,-0.992006,0.984791,0.078307
24,151.650687,90,4.500000,0.017967,0.019108,0.004068,-0.044493,-0.041032,-0.007086,0.998588,0.004088,-0.001087,0.052946,-0.084330,0.070630,-0.318662,0.264794,-0.508386,0.448876,0.273916
24,151.650687,91,4.550000,0.015743,0.017057,0.003713,-0.045345,-0.045092,-0.007245,0.998985,0.001897,0.000597,0.044994,-0.108895,0.094094,-0.310876,0.264849,-0.022483,-0.140708,0.482082
24,151.650687,92,4.600000,0.013475,0.014802,0.003351,-0.044677,-0.046925,-0.007287,0.999302,-0.000933,0.002839,0.037235,-0.108909,0.088343,-0.297173,0.264901,0.403574,-0.619642,0.699735
24,151.650687,93,4.650000,0.011242,0.012456,0.002987,-0.041927,-0.045907,-0.007238,0.999536,-0.003757,0.004938,0.029815,-0.087734,0.058589,-0.277283,0.264929,0.697625,-0.796496,0.926214
24,151.650687,94,4.700000,0.009145,0.010161,0.002625,-0.037195,-0.042078,-0.007166,0.999700,-0.006027,0.006310,0.022891,-0.052236,0.019688,-0.250956,0.264945,0.715848,-0.337452,1.164102
24,151.650687,95,4.750000,0.007286,0.008057,0.002267,-0.031140,-0.036024,-0.007102,0.999812,-0.007383,0.006734,0.016624,-0.016256,0.003313,-0.217867,0.264931,0.620569,-0.338591,1.287681
24,151.650687,96,4.800000,0.005729,0.006255,0.001912,-0.024654,-0.028671,-0.007087,0.999884,-0.007827,0.006770,0.011180,0.014799,-0.013482,-0.181265,0.264966,0.358300,-0.204609,1.413305
24,151.650687,97,4.850000,0.004496,0.004822,0.001557,-0.018097,-0.020916,-0.007015,0.999929,-0.007484,0.006402,0.006649,0.032622,-0.023815,-0.141092,0.264984,0.078546,-0.048689,1.539114
24,151.650687,98,4.900000,0.003591,0.003776,0.001206,-0.011864,-0.013530,-0.006900,0.999956,-0.006687,0.005785,0.003122,0.036422,-0.026424,-0.097343,0.264970,-0.162076,0.100360,1.664170
24,151.650687,99,4.950000,0.002998,0.003100,0.000861,-0.006207,-0.006949,-0.006793,0.999970,-0.005789,0.005111,0.000687,0.028220,-0.021540,-0.050040,0.268584,-0.547944,0.417689,1.788888
24,151.650687,100,5.000000,0.002687,0.002752,0.000522,-0.001127,-0.001188,0.000025,0.999976,-0.005089,0.004566,-0.000564,0.000782,-0.000709,0.000809,0,0,0,0
25,156.278130,0,0.000000,1.053292,1.076450,0.130811,-0.003805,-0.004246,-0.074219,0.998665,0.001014,-0.001367,-0.051632,0.000000,0.000000,0.000000,0.259815,12.285487,-9.612541,-0.965797
25,156.278130,1,0.050000,1.053101,1.076238,0.127100,-0.005169,-0.005153,-0.083582,0.998665,0.001014,-0.001367,-0.051632,0.614274,-0.480627,-0.027452,0.158351,5.130141,-3.803066,-0.867795
25,156.278130,2,0.100000,1.052843,1.075981,0.122921,-0.006000,-0.005705,-0.280842,0.998407,0.015728,-0.014156,-0.052299,0.870281,-0.671420,-0.052119,0.275988,0.203621,0.201433,-0.778548
25,156.278130,3,0.150000,1.052543,1.075695,0.108879,-0.021287,-0.021000,-0.260711,0.997382,0.036577,-0.032020,-0.053535,0.879134,-0.663070,-0.074249,0.323741,-2.959364,2.632732,-0.696653
25,156.278130,4,0.200000,1.051479,1.074645,0.095843,-0.061928,-0.062687,-0.154524,0.995569,0.057648,-0.049643,-0.055268,0.729297,-0.533911,-0.094051,0.328678,-5.097159,3.542913,-0.619797
25,156.278130,5,0.250000,1.048382,1.071511,0.088117,-0.125970,-0.129213,-0.043407,0.993469,0.075159,-0.063787,-0.057459,0.472533,-0.359368,-0.111669,0.312285,-5.500111,3.980355,-0.531584
25,156.278130,6,0.300000,1.042084,1.065050,0.085946,-0.204260,-0.211336,0.033159,0.991735,0.086548,-0.073173,-0.060147,0.196005,-0.162353,-0.126779,0.288636,-5.133685,3.863928,-0.455500
25,156.278130,7,0.350000,1.031871,1.054483,0.087604,-0.287402,-0.298388,0.063438,0.990798,0.091393,-0.077217,-0.063281,-0.061461,0.029900,-0.139726,0.268259,-4.300426,3.317692,-0.389987
25,156.278130,8,0.400000,1.017500,1.039564,0.090776,-0.369162,-0.383501,0.055492,0.990767,0.090187,-0.076059,-0.066792,-0.276323,0.196111,-0.150812,0.255277,-3.371506,2.545277,-0.333073
25,156.278130,9,0.450000,0.999042,1.020389,0.093551,-0.446105,-0.463179,0.024567,0.991469,0.083953,-0.070397,-0.070608,-0.443776,0.324956,-0.160279,0.250102,-2.796150,1.551749,-0.284133
25,156.278130,10,0.500000,0.976737,0.997230,0.094779,-0.516249,-0.535677,-0.013900,0.992587,0.073801,-0.061217,-0.074672,-0.581607,0.405243,-0.168355,0.250632,-1.670853,0.795346,-0.166730
25,156.278130,11,0.550000,0.950925,0.970446,0.094084,-0.577769,-0.599433,-0.048801,0.993802,0.060373,-0.049756,-0.078979,-0.662560,0.448726,-0.173095,0.254790,-0.630972,0.159645,-0.070084
25,156.278130,12,0.600000,0.922036,0.940475,0.091644,-0.628931,-0.652344,-0.073243,0.994810,0.045004,-0.037030,-0.083409,-0.691161,0.461061,-0.175087,0.260248,0.286876,-0.361369,0.004801
25,156.278130,13,0.650000,0.890590,0.907857,0.087982,-0.668057,-0.692520,-0.085077,0.995425,0.028931,-0.023920,-0.087865,-0.673754,0.447585,-0.174950,0.265288,0.984530,-0.826955,0.057999
25,156.278130,14,0.700000,0.857187,0.873231,0.083728,-0.693949,-0.718751,-0.085688,0.995582,0.013249,-0.011173,-0.092278,-0.621555,0.410711,-0.173302,0.268934,1.327607,-1.395417,0.087007
25,156.278130,15,0.750000,0.822489,0.837294,0.079444,-0.706247,-0.730863,-0.078461,0.995321,-0.001225,0.000541,-0.096611,-0.552474,0.345028,-0.170829,0.270886,1.772187,-1.536818,0.175426
25,156.278130,16,0.800000,0.787177,0.800751,0.075521,-0.705588,-0.729692,-0.067322,0.994746,-0.014139,0.010454,-0.100851,-0.461628,0.271769,-0.165842,0.271351,2.011535,-1.521122,0.231545
25,156.278130,17,0.850000,0.751898,0.764266,0.072155,-0.693704,-0.716617,-0.055631,0.993996,-0.024975,0.018316,-0.104940,-0.359340,0.198619,-0.159261,0.270673,2.092809,-1.348239,0.248854
25,156.278130,18,0.900000,0.717212,0.728435,0.069373,-0.672825,-0.693657,-0.045846,0.993203,-0.033454,0.024093,-0.108851,-0.253499,0.133379,-0.152187,0.269401,1.799819,-0.850444,0.235383
25,156.278130,19,0.950000,0.683571,0.693752,0.067081,-0.645315,-0.663121,-0.039152,0.992464,-0.039476,0.027967,-0.112585,-0.162738,0.092321,-0.145496,0.268020,1.651325,-0.840431,0.185709
25,156.278130,20,1.000000,0.651305,0.660596,0.065123,-0.613351,-0.627356,-0.035642,0.991812,-0.043355,0.030571,-0.116170,-0.079662,0.051198,-0.140218,0.266961,1.536932,-0.702889,0.180167
25,156.278130,21,1.050000,0.620638,0.629228,0.063341,-0.578391,-0.588351,-0.034552,0.991270,-0.045288,0.031920,-0.119640,-0.002543,0.016477,-0.135096,0.266150,1.376571,-0.607902,0.165341
25,156.278130,22,1.100000,0.591718,0.599811,0.061614,-0.541860,-0.547863,-0.035208,0.990844,-0.045409,0.032183,-0.123004,0.066370,-0.013905,-0.130397,0.265646,1.125498,-0.497794,0.152949
25,156.278130,23,1.150000,0.564625,0.572418,0.059853,-0.504991,-0.507490,-0.036819,0.990523,-0.043913,0.031486,-0.126271,0.122576,-0.039123,-0.126049,0.265459,0.819521,-0.336520,0.150291
25,156.278130,24,1.200000,0.539376,0.547043,0.058012,-0.468876,-0.468634,-0.038599,0.990280,-0.041100,0.029992,-0.129445,0.163365,-0.056536,-0.121777,0.265532,0.456834,-0.029701,0.161687
25,156.278130,25,1.250000,0.515932,0.523612,0.056082,-0.434436,-0.432426,-0.039920,0.990083,-0.037329,0.027938,-0.132522,0.185945,-0.058776,-0.117181,0.265784,0.242900,-0.216677,0.208690
25,156.278130,26,1.300000,0.494210,0.501990,0.054086,-0.402337,-0.399688,-0.040367,0.989893,-0.033002,0.025757,-0.135495,0.197829,-0.070436,-0.111249,0.265952,0.009010,-0.372423,0.271263
25,156.278130,27,1.350000,0.474093,0.482006,0.052068,-0.372818,-0.370947,-0.040089,0.989707,-0.028416,0.023252,-0.138315,0.197982,-0.089893,-0.103539,0.266109,-0.196650,-0.407633,0.344236
25,156.278130,28,1.400000,0.455452,0.463458,0.050063,-0.346264,-0.346398,-0.039124,0.989524,-0.023888,0.020269,-0.140926,0.187796,-0.111052,-0.093754,0.266222,-0.333671,-0.267039,0.420731
25,156.278130,29,1.450000,0.438139,0.446139,0.048107,-0.323169,-0.325907,-0.037589,0.989345,-0.019681,0.016804,-0.143271,0.170718,-0.125073,-0.081795,0.266264,-0.478209,0.410542,0.497007
25,156.278130,30,1.500000,0.421981,0.429843,0.046228,-0.303993,-0.309079,-0.035667,0.989173,-0.015941,0.013058,-0.145302,0.146419,-0.105075,-0.067668,0.266246,-0.435096,0.346828,0.513835
25,156.278130,31,1.550000,0.406781,0.414389,0.044444,-0.288972,-0.295402,-0.033539,0.989008,-0.012723,0.009901,-0.146980,0.124394,-0.088110,-0.053062,0.266068,-0.523095,0.337890,0.530995
25,156.278130,32,1.600000,0.392333,0.399619,0.042768,-0.277479,-0.284435,-0.031577,0.988866,-0.009985,0.007248,-0.148293,0.098062,-0.071466,-0.037969,0.265885,-0.647390,0.393437,0.549906
25,156.278130,33,1.650000,0.378459,0.385397,0.041189,-0.268963,-0.275771,-0.029847,0.988758,-0.007832,0.005109,-0.149231,0.065590,-0.051935,-0.022338,0.265689,-0.633875,0.466239,0.580298
25,156.278130,34,1.700000,0.365010,0.371609,0.039696,-0.262842,-0.268901,-0.028416,0.988692,-0.006407,0.003576,-0.149781,0.033852,-0.028679,-0.005843,0.265514,-0.176999,0.657777,0.630704
25,156.278130,35,1.750000,0.351868,0.358164,0.038276,-0.258422,-0.263198,-0.027277,0.988677,-0.005679,0.002739,-0.149924,0.024996,0.004202,0.012084,0.265437,-0.082834,0.359621,0.587814
25,156.278130,36,1.800000,0.338947,0.345004,0.036912,-0.254923,-0.258082,-0.026265,0.988726,-0.005044,0.002751,-0.149628,0.020852,0.022195,0.028793,0.265401,-0.162127,0.094015,0.573980
25,156.278130,37,1.850000,0.326201,0.332100,0.035598,-0.251507,-0.253584,-0.025313,0.988834,-0.004444,0.003225,-0.148920,0.012721,0.026918,0.045108,0.265367,-0.326808,-0.054442,0.584366
25,156.278130,38,1.900000,0.313626,0.319421,0.034333,-0.247722,-0.249737,-0.024422,0.989000,-0.004025,0.003848,-0.147809,-0.003665,0.024218,0.061718,0.265325,-0.383371,-0.109309,0.615072
25,156.278130,39,1.950000,0.301240,0.306934,0.033112,-0.243398,-0.246384,-0.023610,0.989224,-0.004021,0.004467,-0.146285,-0.022890,0.018744,0.079202,0.265308,-0.059241,-0.151712,0.666464
25,156.278130,40,2.000000,0.289070,0.294615,0.031931,-0.238478,-0.243118,-0.022835,0.989507,-0.004509,0.005022,-0.144325,-0.025909,0.011089,0.098146,0.265357,-0.153678,-0.071735,0.614387
25,156.278130,41,2.050000,0.277146,0.282459,0.030789,-0.232954,-0.239445,-0.021977,0.989854,-0.005098,0.005401,-0.141895,-0.033634,0.007406,0.115609,0.265338,-0.002221,0.112494,0.575582
25,156.278130,42,2.100000,0.265498,0.270486,0.029691,-0.226989,-0.235239,-0.021164,0.990254,-0.005888,0.005718,-0.139029,-0.033777,0.012883,0.131970,0.265351,0.174055,0.337778,0.546382
25,156.278130,43,2.150000,0.254149,0.258725,0.028632,-0.220620,-0.230290,-0.020340,0.990700,-0.006661,0.006174,-0.135759,-0.025139,0.029603,0.147501,0.265356,0.098208,0.384692,0.524156
25,156.278130,44,2.200000,0.243118,0.247210,0.027615,-0.213720,-0.224628,-0.019520,0.991185,-0.007160,0.007017,-0.132106,-0.020395,0.048697,0.162400,0.265339,-0.515209,-0.437765,0.501014
25,156.278130,45,2.250000,0.232432,0.235979,0.026639,-0.205955,-0.218565,-0.018750,0.991700,-0.007476,0.008320,-0.128085,-0.046455,0.026683,0.176641,0.265318,-0.251223,-0.410884,0.471709
25,156.278130,46,2.300000,0.222134,0.225050,0.025702,-0.196906,-0.212326,-0.018043,0.992241,-0.008506,0.009163,-0.123700,-0.059195,0.005827,0.190049,0.265329,0.191983,-0.320454,0.428667
25,156.278130,47,2.350000,0.212289,0.214434,0.024800,-0.186938,-0.205147,-0.017347,0.992802,-0.009912,0.009531,-0.118972,-0.049638,-0.010622,0.202234,0.265299,0.625037,-0.131139,0.374896
25,156.278130,48,2.400000,0.202942,0.204177,0.023932,-0.176481,-0.196591,-0.016739,0.993381,-0.011128,0.009465,-0.113936,-0.018305,-0.017560,0.212890,0.265226,0.645310,0.028160,0.320389
25,156.278130,49,2.450000,0.194118,0.194347,0.023095,-0.165999,-0.186792,-0.016289,0.993972,-0.011582,0.009140,-0.108639,0.014103,-0.016300,0.221997,0.265168,-0.378601,-0.272331,0.271568
25,156.278130,50,2.500000,0.185818,0.185008,0.022281,-0.155841,-0.176461,-0.015951,0.994567,-0.011225,0.008761,-0.103119,-0.004690,-0.029798,0.229716,0.265232,-0.090829,-0.193926,0.269792
25,156.278130,51,2.550000,0.178026,0.176184,0.021483,-0.146145,-0.166382,-0.015480,0.995148,-0.011368,0.008097,-0.097396,-0.008972,-0.039535,0.237385,0.265202,0.189751,-0.045019,0.260648
25,156.278130,52,2.600000,0.170718,0.167865,0.020709,-0.137143,-0.156046,-0.015057,0.995713,-0.011639,0.007202,-0.091476,0.000872,-0.041867,0.244794,0.265161,0.441217,0.095736,0.248601
25,156.278130,53,2.650000,0.163861,0.160063,0.019957,-0.129055,-0.145312,-0.014703,0.996262,-0.011668,0.006229,-0.085368,0.023322,-0.037072,0.251860,0.265119,0.410984,0.168576,0.238412
25,156.278130,54,2.700000,0.157409,0.152797,0.019221,-0.121983,-0.134419,-0.014413,0.996791,-0.011127,0.005329,-0.079087,0.044225,-0.028420,0.258637,0.265119,-0.318545,-0.005308,0.231345
25,156.278130,55,2.750000,0.151309,0.146077,0.018501,-0.115903,-0.123942,-0.014101,0.997297,-0.010047,0.004606,-0.072638,0.028577,-0.028252,0.265213,0.265195,-0.159302,0.057561,0.236756
25,156.278130,56,2.800000,0.145514,0.139879,0.017796,-0.110674,-0.114429,-0.013619,0.997767,-0.009355,0.003916,-0.066020,0.020896,-0.025086,0.271943,0.265162,0.028737,0.091020,0.233627
25,156.278130,57,2.850000,0.139981,0.134158,0.017115,-0.106231,-0.105516,-0.013180,0.998200,-0.008848,0.003319,-0.059232,0.022592,-0.020319,0.278583,0.265133,0.243790,0.029440,0.221092
25,156.278130,58,2.900000,0.134669,0.128882,0.016456,-0.102463,-0.097037,-0.012781,0.998594,-0.008291,0.002840,-0.052276,0.034996,-0.018608,0.284868,0.265122,0.398692,-0.092202,0.197109
25,156.278130,59,2.950000,0.129546,0.124030,0.015817,-0.099252,-0.089053,-0.012390,0.998949,-0.007421,0.002389,-0.045161,0.055132,-0.022840,0.290471,0.265139,0.107621,-0.238714,0.158039
25,156.278130,60,3.000000,0.124583,0.119578,0.015197,-0.096580,-0.081878,-0.011952,0.999261,-0.006053,0.001810,-0.037905,0.060765,-0.034168,0.294963,0.265164,0.237866,-0.155026,0.144404
25,156.278130,61,3.050000,0.119754,0.115484,0.014600,-0.094578,-0.076006,-0.011447,0.999523,-0.004554,0.000943,-0.030533,0.073041,-0.041239,0.299067,0.265171,0.295201,0.054305,0.108005
25,156.278130,62,3.100000,0.115025,0.111683,0.014027,-0.093516,-0.071564,-0.010912,0.999730,-0.002753,-0.000109,-0.023057,0.088269,-0.037695,0.302137,0.265174,0.217738,0.350784,0.046228
25,156.278130,63,3.150000,0.110350,0.108105,0.013482,-0.093560,-0.068859,-0.010356,0.999879,-0.000569,-0.001081,-0.015502,0.099588,-0.019143,0.303452,0.265156,-0.039936,0.533056,-0.042383
25,156.278130,64,3.200000,0.105672,0.104662,0.012964,-0.094613,-0.068284,-0.009827,0.999966,0.001905,-0.001594,-0.007913,0.097812,0.008656,0.302247,0.265104,-0.370843,0.210347,-0.162651
25,156.278130,65,3.250000,0.100941,0.101248,0.012473,-0.096193,-0.070141,-0.009400,0.999990,0.004339,-0.001411,-0.000353,0.079170,0.020296,0.297623,0.265026,-0.454179,0.359798,-0.214523
25,156.278130,66,3.300000,0.096131,0.097741,0.012003,-0.097579,-0.074400,-0.009131,0.999955,0.006308,-0.000937,0.007092,0.056232,0.039180,0.291526,0.264971,-0.540120,0.540841,-0.290102
25,156.278130,67,3.350000,0.091252,0.094021,0.011546,-0.098454,-0.080597,-0.008983,0.999867,0.007700,0.000007,0.014387,0.028793,0.066844,0.283280,0.264949,-0.538921,0.567665,-0.390628
25,156.278130,68,3.400000,0.086330,0.089991,0.011097,-0.098339,-0.088151,-0.008896,0.999733,0.008395,0.001634,0.021481,0.001128,0.095537,0.272176,0.264979,-0.552100,0.402336,-0.516503
25,156.278130,69,3.450000,0.081413,0.085584,0.010652,-0.096559,-0.096354,-0.008766,0.999556,0.008383,0.003965,0.028302,-0.027464,0.115665,0.257495,0.265025,-0.738245,-0.059788,-0.669158
25,156.278130,70,3.500000,0.076585,0.080766,0.010214,-0.092436,-0.104468,-0.008564,0.999343,0.007640,0.006781,0.034763,-0.065506,0.112407,0.238474,0.265034,-0.686134,-0.246674,-0.738540
25,156.278130,71,3.550000,0.071963,0.075543,0.009786,-0.085523,-0.111732,-0.008363,0.999107,0.005946,0.009487,0.040753,-0.100831,0.099481,0.217482,0.265093,-0.610291,-0.524304,-0.827869
25,156.278130,72,3.600000,0.067687,0.069956,0.009368,-0.075979,-0.117185,-0.008073,0.998855,0.003378,0.011837,0.046222,-0.132166,0.072433,0.193950,0.265138,-0.389649,-0.795790,-0.938169
25,156.278130,73,3.650000,0.063888,0.064097,0.008964,-0.064215,-0.119961,-0.007725,0.998602,0.000051,0.013476,0.051110,-0.152182,0.031671,0.167282,0.265169,-0.099117,-1.049720,-1.065239
25,156.278130,74,3.700000,0.060677,0.058099,0.008578,-0.050996,-0.119335,-0.007349,0.998362,-0.003732,0.014072,0.055337,-0.157339,-0.021781,0.137003,0.265172,0.101062,-1.222344,-1.203303
25,156.278130,75,3.750000,0.058127,0.052132,0.008210,-0.037402,-0.114911,-0.006998,0.998151,-0.007581,0.013323,0.058813,-0.152172,-0.083716,0.102800,0.265182,0.376383,-1.093204,-1.241607
25,156.278130,76,3.800000,0.056257,0.046386,0.007860,-0.024778,-0.106710,-0.006651,0.997987,-0.011220,0.011030,0.061444,-0.133027,-0.138970,0.067508,0.265201,0.588759,-0.777946,-1.272047
25,156.278130,77,3.850000,0.055018,0.041051,0.007528,-0.014644,-0.095045,-0.006281,0.997871,-0.014307,0.007377,0.063203,-0.103233,-0.178208,0.031350,0.265202,0.921564,-0.381813,-1.294518
25,156.278130,78,3.900000,0.054286,0.036299,0.007214,-0.008302,-0.080564,-0.005921,0.997804,-0.016595,0.002779,0.064067,-0.056942,-0.197422,-0.005446,0.265112,1.287999,0.093170,-1.301039
25,156.278130,79,3.950000,0.053871,0.032270,0.006918,-0.006623,-0.064131,-0.005751,0.997789,-0.017699,-0.002239,0.064016,0.007417,-0.192752,-0.042428,0.264944,1.481177,0.665099,-1.281706
25,156.278130,80,4.000000,0.053540,0.029064,0.006630,-0.009927,-0.046942,-0.005926,0.997838,-0.017203,-0.007054,0.063043,0.081165,-0.159509,-0.078860,0.264787,1.538904,0.699770,-1.165010
25,156.278130,81,4.050000,0.053043,0.026717,0.006334,-0.017893,-0.030544,-0.006420,0.997957,-0.014913,-0.010939,0.061157,0.157633,-0.124763,-0.111975,0.264795,1.157420,0.613890,-1.017345
25,156.278130,82,4.100000,0.052149,0.025190,0.006013,-0.029493,-0.016604,-0.006894,0.998136,-0.010759,-0.013852,0.058452,0.214974,-0.094738,-0.140892,0.264998,-0.663458,1.320292,-0.839550
25,156.278130,83,4.150000,0.050674,0.024359,0.005668,-0.043681,-0.006859,-0.006958,0.998344,-0.005207,-0.015939,0.055035,0.181294,-0.029873,-0.164756,0.265115,-1.371607,1.515155,-0.628963
25,156.278130,84,4.200000,0.048490,0.024016,0.005320,-0.059587,-0.002616,-0.006781,0.998563,-0.000575,-0.016457,0.050998,0.112527,0.044751,-0.182634,0.264994,-0.902727,1.968361,-0.378980
25,156.278130,85,4.250000,0.045511,0.023886,0.004981,-0.075744,-0.002876,-0.006817,0.998801,0.002252,-0.015199,0.046484,0.067701,0.142389,-0.193407,0.264904,-0.581128,1.288371,-0.203256
25,156.278130,86,4.300000,0.041724,0.023742,0.004640,-0.090535,-0.005776,-0.006986,0.999056,0.003850,-0.011553,0.041688,0.039690,0.206311,-0.199184,0.265189,-0.282730,0.518476,-0.019188
25,156.278130,87,4.350000,0.037197,0.023453,0.004291,-0.101715,-0.010027,-0.006541,0.999294,0.004684,-0.006340,0.036743,0.027113,0.231934,-0.199730,0.265466,-0.097458,-0.147566,0.162730
25,156.278130,88,4.400000,0.032111,0.022952,0.003964,-0.107774,-0.014858,-0.005499,0.999481,0.005180,-0.000497,0.031784,0.023998,0.224350,-0.195104,0.265562,-0.054318,-0.555068,0.338956
25,156.278130,89,4.450000,0.026722,0.022209,0.003689,-0.108101,-0.019966,-0.004244,0.999608,0.005603,0.005153,0.026937,0.022943,0.196419,-0.185469,0.265446,-0.241814,-0.400433,0.512718
25,156.278130,90,4.500000,0.021317,0.021210,0.003477,-0.102888,-0.025336,-0.003235,0.999682,0.006021,0.010103,0.022327,0.012235,0.176236,-0.170896,0.265240,-0.453429,-0.848082,0.561718
25,156.278130,91,4.550000,0.016173,0.019944,0.003315,-0.092835,-0.031027,-0.002685,0.999712,0.006185,0.014539,0.018079,-0.009293,0.133753,-0.154929,0.264867,-0.784534,-1.261823,0.603898
25,156.278130,92,4.600000,0.011531,0.018392,0.003181,-0.078466,-0.036835,-0.002935,0.999721,0.005836,0.017902,0.014230,-0.047733,0.070716,-0.137763,0.264416,-0.994502,-1.673988,0.638872
25,156.278130,93,4.650000,0.007608,0.016551,0.003034,-0.060858,-0.042298,-0.004123,0.999738,0.004556,0.019672,0.010819,-0.097089,-0.012734,-0.119604,0.264062,-0.933275,-1.963418,0.668753
25,156.278130,94,4.700000,0.004565,0.014436,0.002828,-0.041576,-0.046545,-0.006018,0.999780,0.002074,0.019341,0.007876,-0.143810,-0.110464,-0.100595,0.263982,-0.736869,-1.749450,0.700244
25,156.278130,95,4.750000,0.002486,0.012108,0.002527,-0.022654,-0.048423,-0.008033,0.999847,-0.001548,0.016557,0.005425,-0.181075,-0.197387,-0.080690,0.264261,0.081944,-1.315126,0.619127
25,156.278130,96,4.800000,0.001353,0.009687,0.002125,-0.006459,-0.046820,-0.009430,0.999908,-0.006080,0.011595,0.003491,-0.177583,-0.262589,-0.063092,0.264834,0.963119,-0.252661,0.563363
25,156.278130,97,4.850000,0.001031,0.007346,0.001654,0.004892,-0.040817,-0.009665,0.999930,-0.010514,0.005006,0.002005,-0.130056,-0.274797,-0.047078,0.265468,1.623264,1.231856,0.542590
25,156.278130,98,4.900000,0.001275,0.005305,0.001171,0.009792,-0.030470,-0.008692,0.999903,-0.013757,-0.001883,0.000917,-0.049383,-0.212972,-0.031656,0.265896,1.367587,2.305864,0.550662
25,156.278130,99,4.950000,0.001765,0.003782,0.000736,0.007926,-0.016925,-0.006982,0.999862,-0.014985,-0.007218,0.000196,0.018740,-0.097619,-0.016003,0.268827,-0.315498,1.989903,0.559988
25,156.278130,100,5.000000,0.002161,0.002936,0.000387,0.000737,-0.002008,0.000071,0.999848,-0.014513,-0.009664,-0.000164,0.002906,0.001865,-0.000086,0,0,0,0
26,155.022204,0,0.000000,1.055217,1.077963,0.097138,-0.003633,-0.004890,-0.071960,0.998384,0.001206,-0.001361,-0.056806,0.000000,0.000000,0.000000,0.271348,12.244911,-9.421053,-0.997446
26,155.022204,1,0.050000,1.055035,1.077719,0.093540,-0.005068,-0.006023,-0.059967,0.998384,0.001206,-0.001361,-0.056806,0.612246,-0.471053,-0.028352,0.157834,5.081338,-3.648924,-0.884945
26,155.022204,2,0.100000,1.054782,1.077418,0.090542,-0.005903,-0.006682,-0.258184,0.998122,0.015817,-0.013985,-0.057496,0.865806,-0.654158,-0.053506,0.275543,0.200091,0.223877,-0.781532
26,155.022204,3,0.150000,1.054487,1.077084,0.077633,-0.021076,-0.021972,-0.238874,0.997107,0.036486,-0.031520,-0.058766,0.874482,-0.644722,-0.075721,0.322822,-2.908438,2.526374,-0.690942
26,155.022204,4,0.200000,1.053433,1.075985,0.065689,-0.061217,-0.063255,-0.134335,0.995321,0.057376,-0.048789,-0.060530,0.727207,-0.520916,-0.095361,0.327706,-4.980725,3.498881,-0.615890
26,155.022204,5,0.250000,1.050372,1.072822,0.058972,-0.124371,-0.128984,-0.024856,0.993247,0.074780,-0.062699,-0.062747,0.476286,-0.348604,-0.112867,0.311864,-5.423762,3.847493,-0.478515
26,155.022204,6,0.300000,1.044154,1.066373,0.057730,-0.201722,-0.210232,0.051171,0.991521,0.086227,-0.071883,-0.065448,0.203604,-0.158270,-0.126469,0.288540,-5.147934,3.682308,-0.365809
26,155.022204,7,0.350000,1.034067,1.055861,0.060288,-0.283921,-0.296571,0.081537,0.990565,0.091240,-0.075865,-0.068556,-0.054552,0.024869,-0.136867,0.268392,-4.411151,3.181776,-0.277860
26,155.022204,8,0.400000,1.019871,1.041033,0.064365,-0.364840,-0.381242,0.074063,0.990496,0.090191,-0.074842,-0.071992,-0.274980,0.184241,-0.144765,0.255352,-3.484531,2.431987,-0.214426
26,155.022204,9,0.450000,1.001629,1.021971,0.068068,-0.441090,-0.460634,0.043446,0.991159,0.083981,-0.069456,-0.075672,-0.448195,0.307351,-0.150860,0.249907,-2.637961,1.387730,-0.177491
26,155.022204,10,0.500000,0.979575,0.998939,0.070240,-0.510691,-0.532813,0.004744,0.992250,0.073711,-0.060670,-0.079536,-0.578333,0.379303,-0.155905,0.250405,-1.524145,0.665431,-0.081706
26,155.022204,11,0.550000,0.954040,0.972298,0.070478,-0.571959,-0.596169,-0.030495,0.993425,0.060346,-0.049815,-0.083568,-0.652296,0.415997,-0.158228,0.254492,-0.533406,0.064565,-0.019299
26,155.022204,12,0.600000,0.925442,0.942490,0.068953,-0.623357,-0.648751,-0.055485,0.994403,0.045203,-0.037875,-0.087666,-0.676468,0.423142,-0.158776,0.259796,0.314477,-0.360753,0.002892
26,155.022204,13,0.650000,0.894275,0.910052,0.066179,-0.663410,-0.688808,-0.068228,0.995014,0.029458,-0.025688,-0.091756,-0.658195,0.409181,-0.158694,0.264655,0.751841,-0.402886,-0.007261
26,155.022204,14,0.700000,0.861104,0.875612,0.062767,-0.691114,-0.715228,-0.070123,0.995203,0.014123,-0.013880,-0.095806,-0.618138,0.393001,-0.158900,0.267943,1.257539,-0.845557,-0.055028
26,155.022204,15,0.750000,0.826548,0.839851,0.059261,-0.706165,-0.727856,-0.064821,0.995002,-0.000260,-0.002565,-0.099818,-0.552891,0.354451,-0.160465,0.270179,1.694904,-1.062837,-0.059580
26,155.022204,16,0.800000,0.791240,0.803458,0.056020,-0.708693,-0.727341,-0.054997,0.994479,-0.013117,0.007629,-0.103832,-0.465987,0.304676,-0.162158,0.270952,1.972499,-1.221674,-0.073804
26,155.022204,17,0.850000,0.755805,0.767091,0.053270,-0.699713,-0.715045,-0.043965,0.993743,-0.023940,0.016359,-0.107864,-0.365487,0.246460,-0.164256,0.270572,2.041575,-1.268538,-0.085494
26,155.022204,18,0.900000,0.720820,0.731339,0.051072,-0.680834,-0.692973,-0.034249,0.992912,-0.032420,0.023367,-0.111935,-0.261872,0.185311,-0.166686,0.269455,1.950697,-1.183095,-0.087080
26,155.022204,19,0.950000,0.686778,0.696690,0.049359,-0.654058,-0.663459,-0.027353,0.992084,-0.038498,0.028564,-0.116065,-0.163165,0.127813,-0.169161,0.268099,1.706848,-0.884485,-0.073989
26,155.022204,20,1.000000,0.654075,0.663517,0.047992,-0.621483,-0.628826,-0.023654,0.991323,-0.042293,0.032044,-0.120264,-0.077002,0.084636,-0.171264,0.266898,1.526726,-1.025992,-0.024260
26,155.022204,21,1.050000,0.623001,0.632076,0.046809,-0.585054,-0.591191,-0.022682,0.990646,-0.044084,0.034191,-0.124535,-0.000116,0.033837,-0.171954,0.266010,1.254624,-1.101789,0.041880
26,155.022204,22,1.100000,0.593748,0.602516,0.045675,-0.546275,-0.552360,-0.023637,0.990072,-0.044128,0.034840,-0.128829,0.062836,-0.021251,-0.170764,0.265438,0.957496,-1.038616,0.118952
26,155.022204,23,1.150000,0.566435,0.574898,0.044493,-0.506775,-0.513821,-0.025692,0.989599,-0.042789,0.033923,-0.133086,0.110573,-0.073589,-0.167382,0.265216,0.693782,-0.794306,0.199894
26,155.022204,24,1.200000,0.541096,0.549207,0.043208,-0.468206,-0.476661,-0.027981,0.989209,-0.040440,0.031555,-0.137240,0.144795,-0.114007,-0.161700,0.265278,0.402722,-0.016413,0.281089
26,155.022204,25,1.250000,0.517686,0.525374,0.041809,-0.432085,-0.441612,-0.029810,0.988872,-0.037377,0.028074,-0.141235,0.164231,-0.115716,-0.153711,0.265585,0.289829,0.016475,0.304123
26,155.022204,26,1.300000,0.496081,0.503293,0.040319,-0.399584,-0.409155,-0.030634,0.988544,-0.033833,0.024490,-0.145040,0.178048,-0.115851,-0.145066,0.265764,0.038084,0.094961,0.328758
26,155.022204,27,1.350000,0.476102,0.482836,0.038787,-0.370924,-0.379731,-0.030695,0.988219,-0.029941,0.020858,-0.148633,0.179314,-0.112083,-0.135721,0.265960,-0.247282,0.227829,0.356042
26,155.022204,28,1.400000,0.457556,0.463849,0.037252,-0.346237,-0.353639,-0.029988,0.987888,-0.025998,0.017321,-0.151992,0.166373,-0.101615,-0.125601,0.266089,-0.384862,0.366925,0.395119
26,155.022204,29,1.450000,0.440244,0.446167,0.035753,-0.325480,-0.330923,-0.028693,0.987546,-0.022329,0.014097,-0.155098,0.146645,-0.084062,-0.114370,0.266084,-0.064065,0.613461,0.453923
26,155.022204,30,1.500000,0.423970,0.429621,0.034318,-0.308347,-0.311346,-0.027131,0.987201,-0.019074,0.011389,-0.157924,0.143077,-0.054025,-0.101467,0.265961,-0.085263,0.362531,0.419132
26,155.022204,31,1.550000,0.408553,0.414054,0.032962,-0.294305,-0.294569,-0.025597,0.986874,-0.015785,0.009442,-0.160441,0.138606,-0.036450,-0.089553,0.265866,-0.264207,0.142605,0.413536
26,155.022204,32,1.600000,0.393838,0.399325,0.031682,-0.282635,-0.280722,-0.024086,0.986569,-0.012533,0.007952,-0.162668,0.125272,-0.029791,-0.077799,0.265769,-0.506758,0.036550,0.432111
26,155.022204,33,1.650000,0.379706,0.385289,0.030478,-0.272907,-0.269824,-0.022637,0.986291,-0.009580,0.006683,-0.164601,0.099846,-0.028333,-0.065516,0.265636,-0.616504,0.017165,0.470691
26,155.022204,34,1.700000,0.366060,0.371798,0.029346,-0.264870,-0.261611,-0.021353,0.986045,-0.007245,0.005558,-0.166226,0.068950,-0.027723,-0.052137,0.265480,-0.321347,-0.000353,0.529393
26,155.022204,35,1.750000,0.352817,0.358717,0.028278,-0.258298,-0.255494,-0.020305,0.985843,-0.005668,0.004578,-0.167515,0.052828,-0.027877,-0.037089,0.265387,-0.421790,0.092893,0.484294
26,155.022204,36,1.800000,0.339902,0.345943,0.027263,-0.252928,-0.250756,-0.019400,0.985696,-0.004487,0.003665,-0.168431,0.031699,-0.023307,-0.023323,0.265282,-0.262347,0.286389,0.452966
26,155.022204,37,1.850000,0.327256,0.333405,0.026293,-0.248636,-0.247017,-0.018670,0.985603,-0.003806,0.002954,-0.169006,0.018561,-0.009015,-0.010448,0.265232,-0.069290,0.516507,0.431917
26,155.022204,38,1.900000,0.314824,0.321054,0.025359,-0.245144,-0.243822,-0.018022,0.985561,-0.003388,0.002653,-0.169264,0.015093,0.016803,0.001829,0.265221,-0.128901,0.569393,0.419579
26,155.022204,39,1.950000,0.302567,0.308863,0.024458,-0.242012,-0.240984,-0.017390,0.985569,-0.002945,0.003003,-0.169221,0.008647,0.045273,0.013756,0.265194,-0.737646,-0.242068,0.409321
26,155.022204,40,2.000000,0.290466,0.296814,0.023589,-0.238616,-0.238632,-0.016807,0.985624,-0.002539,0.004083,-0.168886,-0.028259,0.033174,0.025390,0.265108,-0.486526,-0.210301,0.395603
26,155.022204,41,2.050000,0.278535,0.284882,0.022748,-0.234243,-0.236852,-0.016389,0.985725,-0.003093,0.005021,-0.168259,-0.052617,0.022632,0.036635,0.265175,-0.040414,-0.142005,0.368460
26,155.022204,42,2.100000,0.266823,0.273040,0.021929,-0.228871,-0.234688,-0.015859,0.985871,-0.004289,0.005803,-0.167352,-0.054669,0.015459,0.047109,0.265264,0.406973,0.008207,0.331431
26,155.022204,43,2.150000,0.255380,0.261305,0.021136,-0.222545,-0.231488,-0.015180,0.986058,-0.005565,0.006418,-0.166184,-0.034348,0.015771,0.056530,0.265309,0.448632,0.124967,0.296136
26,155.022204,44,2.200000,0.244252,0.249731,0.020377,-0.215417,-0.227143,-0.014438,0.986284,-0.006337,0.006957,-0.164787,-0.011951,0.021946,0.064947,0.265271,-0.555671,-0.209259,0.270951
26,155.022204,45,2.250000,0.233481,0.238374,0.019655,-0.207649,-0.222129,-0.013782,0.986545,-0.006530,0.007558,-0.163187,-0.039788,0.011454,0.072649,0.265194,-0.261901,-0.158072,0.296936
26,155.022204,46,2.300000,0.223099,0.227267,0.018966,-0.199279,-0.217012,-0.013280,0.986830,-0.007451,0.008015,-0.161389,-0.052915,0.003440,0.081089,0.265237,0.036285,-0.057723,0.316091
26,155.022204,47,2.350000,0.213135,0.216417,0.018302,-0.190328,-0.211059,-0.012718,0.987144,-0.008727,0.008328,-0.159378,-0.051111,0.000391,0.090074,0.265238,0.315197,0.026437,0.333562
26,155.022204,48,2.400000,0.203619,0.205864,0.017666,-0.180885,-0.203901,-0.012180,0.987488,-0.009968,0.008561,-0.157144,-0.035353,0.001538,0.099555,0.265195,0.319438,0.046954,0.355166
26,155.022204,49,2.450000,0.194574,0.195669,0.017057,-0.171043,-0.195554,-0.011748,0.987867,-0.010813,0.008763,-0.154678,-0.019387,0.003753,0.109651,0.265147,-0.372550,-0.165431,0.383256
26,155.022204,50,2.500000,0.186022,0.185891,0.016470,-0.160900,-0.186396,-0.011426,0.988281,-0.011253,0.008960,-0.151967,-0.038030,-0.004600,0.120545,0.265197,-0.179048,-0.127865,0.426523
26,155.022204,51,2.550000,0.177977,0.176571,0.015898,-0.150523,-0.176810,-0.011024,0.988724,-0.012183,0.009025,-0.148978,-0.046961,-0.011167,0.132668,0.265174,0.053868,-0.125856,0.461352
26,155.022204,52,2.600000,0.170451,0.167731,0.015347,-0.139977,-0.166300,-0.010687,0.989200,-0.013356,0.008964,-0.145683,-0.044211,-0.017696,0.145782,0.265120,0.322968,-0.216027,0.487127
26,155.022204,53,2.650000,0.163452,0.159416,0.014813,-0.129359,-0.154609,-0.010478,0.989713,-0.014481,0.008736,-0.142061,-0.027965,-0.028742,0.159629,0.265050,0.539973,-0.355947,0.502215
26,155.022204,54,2.700000,0.156984,0.151685,0.014289,-0.118852,-0.141759,-0.010425,0.990268,-0.015240,0.008182,-0.138094,-0.000792,-0.046709,0.173904,0.265005,0.319891,-0.505214,0.503436
26,155.022204,55,2.750000,0.151042,0.144597,0.013768,-0.108834,-0.128056,-0.010469,0.990868,-0.015385,0.007094,-0.133769,0.015510,-0.071975,0.188214,0.265065,0.527382,-0.406195,0.530992
26,155.022204,56,2.800000,0.145600,0.138194,0.013244,-0.099913,-0.114022,-0.010389,0.991503,-0.015208,0.005332,-0.129080,0.042394,-0.092174,0.203307,0.265077,0.670079,-0.171510,0.535104
26,155.022204,57,2.850000,0.140604,0.132493,0.012725,-0.092795,-0.099894,-0.010261,0.992172,-0.014427,0.002988,-0.124010,0.076609,-0.100422,0.218517,0.265119,0.677355,0.169838,0.512934
26,155.022204,58,2.900000,0.135965,0.127499,0.012212,-0.088128,-0.086202,-0.010013,0.992864,-0.012821,0.000338,-0.118557,0.111309,-0.091295,0.233097,0.265178,0.488719,0.426313,0.462702
26,155.022204,59,2.950000,0.131558,0.123188,0.011711,-0.086305,-0.073739,-0.009604,0.993568,-0.010327,-0.002183,-0.112740,0.136553,-0.068995,0.246249,0.265238,0.192048,0.212177,0.378777
26,155.022204,60,3.000000,0.127243,0.119502,0.011231,-0.087293,-0.063418,-0.009033,0.994268,-0.007143,-0.004218,-0.106595,0.146800,-0.057109,0.257016,0.265287,0.094776,0.494691,0.359104
26,155.022204,61,3.050000,0.122878,0.116331,0.010779,-0.090665,-0.055998,-0.008329,0.994945,-0.003673,-0.005983,-0.100178,0.152096,-0.030943,0.267223,0.265253,-0.043749,0.811212,0.310231
26,155.022204,62,3.100000,0.118345,0.113531,0.010363,-0.096152,-0.051819,-0.007668,0.995594,-0.000007,-0.007109,-0.093503,0.150222,0.011160,0.276042,0.265196,-0.142344,0.975141,0.230210
26,155.022204,63,3.150000,0.113537,0.110940,0.009979,-0.103102,-0.051159,-0.007114,0.996210,0.003709,-0.007182,-0.086603,0.142988,0.061491,0.282585,0.265159,-0.309791,0.943912,0.117947
26,155.022204,64,3.200000,0.108382,0.108382,0.009624,-0.110444,-0.054177,-0.006643,0.996787,0.007352,-0.005986,-0.079531,0.126839,0.110220,0.285938,0.265131,-0.703514,0.601662,-0.028371
26,155.022204,65,3.250000,0.102860,0.105673,0.009292,-0.116877,-0.060905,-0.006247,0.997315,0.010689,-0.003544,-0.072364,0.090467,0.141680,0.285131,0.265038,-0.902785,0.499827,-0.099419
26,155.022204,66,3.300000,0.097016,0.102628,0.008979,-0.121106,-0.071118,-0.006061,0.997785,0.013175,-0.000251,-0.065206,0.043795,0.167650,0.282305,0.264981,-1.095609,0.240341,-0.199755
26,155.022204,67,3.350000,0.090961,0.099072,0.008676,-0.122195,-0.084003,-0.006025,0.998197,0.014538,0.003766,-0.058107,-0.012782,0.180136,0.276628,0.264941,-1.141946,-0.094377,-0.330926
26,155.022204,68,3.400000,0.084851,0.094872,0.008375,-0.119335,-0.098458,-0.006115,0.998553,0.014507,0.008179,-0.051135,-0.071770,0.175283,0.267221,0.264949,-1.088117,-0.507976,-0.489236
26,155.022204,69,3.450000,0.078884,0.089949,0.008069,-0.112049,-0.113083,-0.006241,0.998851,0.012993,0.012549,-0.044385,-0.127954,0.149157,0.253315,0.264984,-1.059489,-0.941659,-0.668807
26,155.022204,70,3.500000,0.073282,0.084295,0.007757,-0.100313,-0.126367,-0.006351,0.999095,0.010043,0.016333,-0.037969,-0.182362,0.100843,0.234304,0.265037,-0.852451,-1.167690,-0.758530
26,155.022204,71,3.550000,0.068266,0.077976,0.007440,-0.084668,-0.136825,-0.006402,0.999291,0.005679,0.018966,-0.032016,-0.225881,0.040837,0.212743,0.265184,-0.569557,-1.282018,-0.850132
26,155.022204,72,3.600000,0.064033,0.071135,0.007119,-0.066233,-0.142995,-0.006205,0.999444,0.000170,0.020136,-0.026588,-0.254689,-0.025087,0.188578,0.265364,-0.011152,-1.342273,-0.942528
26,155.022204,73,3.650000,0.060721,0.063985,0.006809,-0.046458,-0.143688,-0.005690,0.999551,-0.006116,0.019677,-0.021747,-0.255067,-0.094024,0.161787,0.265483,0.731498,-1.285825,-1.025775
26,155.022204,74,3.700000,0.058398,0.056801,0.006525,-0.026988,-0.138098,-0.004972,0.999615,-0.012461,0.017490,-0.017564,-0.217915,-0.159881,0.132630,0.265458,1.426737,-1.009696,-1.086020
26,155.022204,75,3.750000,0.057049,0.049896,0.006276,-0.009584,-0.126154,-0.004336,0.999647,-0.017918,0.013631,-0.014104,-0.145773,-0.211463,0.101760,0.265305,2.047611,-1.056260,-1.046371
26,155.022204,76,3.800000,0.056570,0.043588,0.006059,0.004054,-0.108742,-0.004028,0.999666,-0.021600,0.008443,-0.011416,-0.042576,-0.264839,0.072018,0.265103,2.171252,-0.950368,-0.969448
26,155.022204,77,3.850000,0.056772,0.038151,0.005858,0.012584,-0.087636,-0.004126,0.999695,-0.022724,0.001876,-0.009464,0.066711,-0.312474,0.044461,0.265122,0.699609,0.202749,-0.857792
26,155.022204,78,3.900000,0.057402,0.033769,0.005652,0.014636,-0.065346,-0.004169,0.999726,-0.021128,-0.005924,-0.008178,0.102218,-0.302224,0.020079,0.265438,0.133660,1.059431,-0.710422
26,155.022204,79,3.950000,0.058133,0.030502,0.005443,0.008984,-0.044533,-0.003590,0.999707,-0.018638,-0.013488,-0.007501,0.109132,-0.249174,-0.000115,0.265251,0.443666,2.364021,-0.519289
26,155.022204,80,4.000000,0.058583,0.028275,0.005264,-0.004126,-0.026129,-0.003404,0.999651,-0.015957,-0.019735,-0.007351,0.131314,-0.130974,-0.014875,0.264545,0.407356,2.440978,-0.391620
26,155.022204,81,4.050000,0.058376,0.026969,0.005094,-0.023340,-0.010358,-0.004636,0.999625,-0.012691,-0.023038,-0.007606,0.151608,-0.008999,-0.026007,0.264349,0.366179,2.014761,-0.237552
26,155.022204,82,4.100000,0.057209,0.026451,0.004862,-0.045793,0.002235,-0.006278,0.999656,-0.008889,-0.023300,-0.008165,0.169908,0.091590,-0.032759,0.264596,0.272369,1.378170,-0.068954
26,155.022204,83,4.150000,0.054920,0.026563,0.004548,-0.068548,0.011130,-0.007394,0.999728,-0.004605,-0.021053,-0.008905,0.183640,0.160287,-0.034719,0.265111,0.079680,0.868742,0.104642
26,155.022204,84,4.200000,0.051492,0.027119,0.004178,-0.089173,0.015834,-0.007404,0.999807,0.000038,-0.017091,-0.009695,0.187835,0.203482,-0.031745,0.265598,-0.288810,0.876948,0.282306
26,155.022204,85,4.250000,0.047034,0.027911,0.003808,-0.105983,0.015959,-0.006343,0.999862,0.004796,-0.012050,-0.010408,0.173640,0.247103,-0.023720,0.265859,-0.634417,0.303484,0.338843
26,155.022204,86,4.300000,0.041734,0.028709,0.003491,-0.117896,0.011361,-0.004676,0.999880,0.009208,-0.005916,-0.010918,0.142141,0.262121,-0.014089,0.265975,-1.129580,-0.168670,0.387198
26,155.022204,87,4.350000,0.035840,0.029277,0.003257,-0.123822,0.002355,-0.002747,0.999855,0.012834,0.000601,-0.011189,0.085803,0.253611,-0.003083,0.265729,-1.589258,-0.641148,0.421890
26,155.022204,88,4.400000,0.029649,0.029395,0.003120,-0.123372,-0.010281,-0.001319,0.999800,0.015049,0.006917,-0.011185,0.006369,0.221544,0.008909,0.265221,-1.718967,-0.911936,0.433223
26,155.022204,89,4.450000,0.023480,0.028881,0.003054,-0.116744,-0.025137,-0.000938,0.999747,0.015272,0.012449,-0.010880,-0.079654,0.175949,0.021223,0.264730,-1.641184,-1.113755,0.443188
26,155.022204,90,4.500000,0.017643,0.027624,0.003007,-0.104704,-0.040240,-0.001578,0.999716,0.013335,0.016860,-0.010258,-0.161855,0.120197,0.033821,0.264383,-0.861610,-1.507084,0.329530
26,155.022204,91,4.550000,0.012408,0.025612,0.002928,-0.088333,-0.053464,-0.002933,0.999715,0.009335,0.019894,-0.009304,-0.205090,0.044636,0.043188,0.264282,0.041443,-1.540425,0.216269
26,155.022204,92,4.600000,0.007991,0.022939,0.002781,-0.068950,-0.062780,-0.004494,0.999737,0.004241,0.021047,-0.008112,-0.203091,-0.032722,0.049335,0.264409,0.864101,-1.191287,0.105319
26,155.022204,93,4.650000,0.004543,0.019800,0.002557,-0.048378,-0.067099,-0.005798,0.999771,-0.000815,0.020265,-0.006776,-0.159824,-0.092666,0.052329,0.264719,0.950633,-0.963923,-0.004362
26,155.022204,94,4.700000,0.002125,0.016445,0.002267,-0.028508,-0.066434,-0.006481,0.999812,-0.004799,0.017977,-0.005385,-0.112109,-0.141180,0.052205,0.264866,-0.237093,-1.518075,-0.122757
26,155.022204,95,4.750000,0.000699,0.013123,0.001943,-0.010851,-0.061822,-0.006828,0.999858,-0.007597,0.014469,-0.004013,-0.123683,-0.217306,0.048715,0.264583,0.340368,-1.046602,-0.241272
26,155.022204,96,4.800000,0.000157,0.010032,0.001601,0.003356,-0.054436,-0.007620,0.999898,-0.010693,0.009059,-0.002709,-0.106263,-0.269865,0.041857,0.265069,0.915568,-0.015299,-0.329369
26,155.022204,97,4.850000,0.000324,0.007310,0.001220,0.012277,-0.043964,-0.007444,0.999907,-0.013357,0.002331,-0.001566,-0.060056,-0.270798,0.032495,0.265547,1.247354,1.316274,-0.378019
26,155.022204,98,4.900000,0.000938,0.005112,0.000848,0.014590,-0.030831,-0.006371,0.999879,-0.014867,-0.004425,-0.000660,0.002645,-0.205059,0.021750,0.265791,0.864489,2.271736,-0.395483
26,155.022204,99,4.950000,0.001668,0.003570,0.000529,0.010244,-0.016195,-0.004902,0.999845,-0.014806,-0.009542,-0.000040,0.046039,-0.091470,0.010509,0.267716,-0.859680,1.877101,-0.410799
26,155.022204,100,5.000000,0.002180,0.002761,0.000284,0.000784,-0.001516,0.000060,0.999837,-0.013658,-0.011825,0.000268,0.003092,0.002404,-0.001168,0,0,0,0
27,161.223432,0,0.000000,1.057121,1.079413,0.065093,-0.003553,-0.004314,-0.071167,0.998110,0.001261,-0.001449,-0.061431,0.000000,0.000000,0.000000,0.283036,12.491664,-9.366926,-0.959025
27,161.223432,1,0.050000,1.056943,1.079197,0.061535,-0.005150,-0.005541,-0.037529,0.998110,0.001261,-0.001449,-0.061431,0.624583,-0.468346,-0.027260,0.156516,5.104724,-3.608610,-0.798498
27,161.223432,2,0.100000,1.056685,1.078920,0.059658,-0.006033,-0.006219,-0.238187,0.997841,0.016125,-0.014091,-0.062091,0.879335,-0.649423,-0.049957,0.275770,0.044610,0.264194,-0.667184
27,161.223432,3,0.150000,1.056384,1.078609,0.047749,-0.021417,-0.021760,-0.218471,0.996807,0.037057,-0.031624,-0.063266,0.880334,-0.637880,-0.068921,0.323490,-3.103851,2.510723,-0.567001
27,161.223432,4,0.200000,1.055313,1.077521,0.036825,-0.061994,-0.063619,-0.112759,0.995009,0.058019,-0.048831,-0.064854,0.723473,-0.514647,-0.085038,0.327719,-4.913355,3.359574,-0.500578
27,161.223432,5,0.250000,1.052213,1.074340,0.031187,-0.125535,-0.129846,-0.003352,0.992947,0.075266,-0.062667,-0.066816,0.476144,-0.349003,-0.099267,0.310804,-5.359270,3.684974,-0.380614
27,161.223432,6,0.300000,1.045936,1.067848,0.031020,-0.202953,-0.211055,0.070670,0.991227,0.086649,-0.071931,-0.069183,0.206866,-0.166548,-0.110086,0.287879,-5.112471,3.511294,-0.297261
27,161.223432,7,0.350000,1.035789,1.057295,0.034553,-0.285366,-0.297325,0.099757,0.990264,0.091682,-0.076175,-0.071898,-0.049453,0.008152,-0.118535,0.268077,-4.418856,3.074974,-0.256589
27,161.223432,8,0.400000,1.021520,1.042429,0.039541,-0.366807,-0.382030,0.091589,0.990174,0.090698,-0.075613,-0.074908,-0.270360,0.162123,-0.125829,0.255219,-3.722802,2.728140,-0.251016
27,161.223432,9,0.450000,1.003180,1.023327,0.044120,-0.444000,-0.461567,0.060536,0.990823,0.084544,-0.070805,-0.078163,-0.455725,0.299821,-0.132964,0.249566,-2.686209,1.803323,-0.286660
27,161.223432,10,0.500000,0.980980,1.000249,0.047147,-0.514954,-0.533880,0.020954,0.991959,0.074069,-0.062201,-0.081622,-0.588523,0.392287,-0.141112,0.249801,-1.556150,1.012831,-0.281974
27,161.223432,11,0.550000,0.955232,0.973555,0.048195,-0.577632,-0.597159,-0.015608,0.993209,0.060485,-0.051002,-0.085296,-0.664230,0.446080,-0.149127,0.253922,-0.509705,0.257460,-0.289592
27,161.223432,12,0.600000,0.926351,0.943697,0.047415,-0.630123,-0.649565,-0.041768,0.994259,0.045124,-0.038276,-0.089153,-0.687190,0.462713,-0.157359,0.259480,0.336228,-0.358601,-0.296773
27,161.223432,13,0.650000,0.894845,0.911219,0.045326,-0.670563,-0.689402,-0.055114,0.994905,0.029218,-0.025060,-0.093179,-0.667615,0.448887,-0.165794,0.264582,0.977918,-0.779366,-0.295410
27,161.223432,14,0.700000,0.861317,0.876749,0.042570,-0.697662,-0.715599,-0.057099,0.995078,0.013759,-0.012216,-0.097373,-0.615895,0.414119,-0.174191,0.268241,1.384613,-0.901650,-0.280595
27,161.223432,15,0.750000,0.826433,0.840969,0.039716,-0.711070,-0.728020,-0.051193,0.994812,-0.000501,-0.000355,-0.101733,-0.543927,0.373108,-0.182167,0.270155,1.747897,-1.366786,-0.230086
27,161.223432,16,0.800000,0.790880,0.804568,0.037156,-0.711372,-0.727485,-0.041405,0.994199,-0.013076,0.010304,-0.106258,-0.453952,0.308529,-0.188707,0.270853,1.898690,-1.671638,-0.163909
27,161.223432,17,0.850000,0.755311,0.768193,0.035086,-0.699701,-0.715542,-0.030603,0.993365,-0.023586,0.019115,-0.110920,-0.356808,0.228199,-0.193366,0.270319,1.902892,-1.751065,-0.087782
27,161.223432,18,0.900000,0.720326,0.732416,0.033555,-0.678071,-0.694208,-0.021434,0.992443,-0.031904,0.025656,-0.115679,-0.259989,0.143264,-0.195861,0.269098,1.834788,-1.580459,-0.009118
27,161.223432,19,0.950000,0.686423,0.697706,0.032484,-0.649016,-0.665609,-0.015274,0.991538,-0.038065,0.029805,-0.120481,-0.167185,0.066173,-0.196121,0.267708,1.645299,-0.820170,0.068588
27,161.223432,20,1.000000,0.653972,0.664426,0.031720,-0.615167,-0.631747,-0.012337,0.990717,-0.042155,0.031761,-0.125278,-0.084427,0.026409,-0.194171,0.266529,1.552563,-0.756556,0.088323
27,161.223432,21,1.050000,0.623214,0.632838,0.031103,-0.578892,-0.594448,-0.012014,0.989985,-0.044317,0.032475,-0.130046,-0.006604,-0.010796,-0.191660,0.265727,1.249393,-0.614446,0.110447
27,161.223432,22,1.100000,0.594269,0.603116,0.030503,-0.541580,-0.555426,-0.013398,0.989351,-0.044670,0.032016,-0.134771,0.055787,-0.041471,-0.188521,0.265265,0.858474,-0.396645,0.136438
27,161.223432,23,1.150000,0.567190,0.575344,0.029833,-0.504545,-0.516246,-0.015635,0.988799,-0.043580,0.030592,-0.139430,0.098414,-0.061702,-0.184643,0.265153,0.577321,-0.162009,0.175645
27,161.223432,24,1.200000,0.541963,0.549532,0.029051,-0.468871,-0.478116,-0.017894,0.988295,-0.041503,0.028522,-0.144001,0.126847,-0.070492,-0.179650,0.265240,0.731729,0.181717,0.236148
27,161.223432,25,1.250000,0.518519,0.525626,0.028156,-0.435309,-0.441856,-0.019700,0.987814,-0.038751,0.026137,-0.148454,0.162953,-0.062271,-0.172938,0.265314,0.537901,0.025552,0.205292
27,161.223432,26,1.300000,0.496754,0.503533,0.027171,-0.404286,-0.408055,-0.021023,0.987352,-0.035070,0.023826,-0.152768,0.189440,-0.062063,-0.167102,0.265485,0.186332,-0.103567,0.205826
27,161.223432,27,1.350000,0.476539,0.483131,0.026120,-0.375887,-0.377587,-0.021652,0.986896,-0.030730,0.021424,-0.156948,0.198363,-0.068443,-0.161252,0.265709,-0.215504,-0.127461,0.231975
27,161.223432,28,1.400000,0.457745,0.464251,0.025037,-0.350334,-0.351051,-0.021481,0.986431,-0.026190,0.018832,-0.160977,0.187169,-0.076030,-0.154658,0.265893,-0.461760,-0.077560,0.278683
27,161.223432,29,1.450000,0.440228,0.446699,0.023963,-0.327888,-0.328595,-0.020611,0.985947,-0.021953,0.016103,-0.164826,0.163634,-0.081006,-0.146737,0.265944,-0.274948,-0.041483,0.345234
27,161.223432,30,1.500000,0.423834,0.430269,0.022933,-0.308686,-0.309890,-0.019353,0.985448,-0.018312,0.013351,-0.168461,0.149436,-0.083992,-0.136923,0.265853,-0.451858,0.090008,0.307350
27,161.223432,31,1.550000,0.408400,0.414775,0.021965,-0.292694,-0.294337,-0.018038,0.984953,-0.015029,0.010589,-0.171843,0.126406,-0.080268,-0.128187,0.265782,-0.342558,0.314841,0.282492
27,161.223432,32,1.600000,0.393765,0.400058,0.021063,-0.279884,-0.281556,-0.016682,0.984459,-0.012295,0.008022,-0.175001,0.108888,-0.065141,-0.120157,0.265646,-0.176753,0.571592,0.266926
27,161.223432,33,1.650000,0.379771,0.385980,0.020229,-0.269998,-0.271028,-0.015457,0.983970,-0.009924,0.005905,-0.177958,0.099753,-0.037058,-0.112570,0.265514,-0.249578,0.653338,0.259689
27,161.223432,34,1.700000,0.366271,0.372428,0.019456,-0.262547,-0.262459,-0.014395,0.983492,-0.007652,0.004522,-0.180731,0.087116,-0.004817,-0.105189,0.265383,-0.869757,-0.122217,0.255053
27,161.223432,35,1.750000,0.353144,0.359306,0.018736,-0.256817,-0.255865,-0.013523,0.983029,-0.005544,0.003990,-0.183326,0.043609,-0.011276,-0.097939,0.265199,-0.637980,-0.056790,0.247093
27,161.223432,36,1.800000,0.340303,0.346512,0.018060,-0.251966,-0.251230,-0.012959,0.982583,-0.004533,0.003499,-0.185735,0.011668,-0.014277,-0.090915,0.265113,-0.192564,0.029293,0.223648
27,161.223432,37,1.850000,0.327704,0.333951,0.017412,-0.247764,-0.247495,-0.012540,0.982161,-0.004321,0.003084,-0.187967,0.001991,-0.012853,-0.084558,0.265127,0.264708,0.188556,0.188927
27,161.223432,38,1.900000,0.315316,0.321576,0.016785,-0.243992,-0.243896,-0.012093,0.981763,-0.004339,0.002750,-0.190041,0.015185,-0.003431,-0.079188,0.265186,0.318584,0.315224,0.156269
27,161.223432,39,1.950000,0.303117,0.309381,0.016181,-0.240531,-0.240226,-0.011533,0.981386,-0.003988,0.002585,-0.191985,0.031104,0.012284,-0.074746,0.265180,-0.683400,-0.000756,0.136282
27,161.223432,40,2.000000,0.291090,0.297370,0.015604,-0.237287,-0.236869,-0.010981,0.981028,-0.003171,0.002729,-0.193822,-0.003031,0.012158,-0.070872,0.264984,-0.411599,0.071136,0.170499
27,161.223432,41,2.050000,0.279226,0.285527,0.015055,-0.234056,-0.234335,-0.010787,0.980682,-0.003191,0.003037,-0.195561,-0.023579,0.015723,-0.066026,0.265046,-0.134127,0.169330,0.198166
27,161.223432,42,2.100000,0.267523,0.273810,0.014516,-0.230520,-0.231846,-0.010480,0.980354,-0.003697,0.003532,-0.197178,-0.030246,0.024249,-0.060393,0.265115,0.121524,0.236521,0.225306
27,161.223432,43,2.150000,0.255997,0.262217,0.013992,-0.226405,-0.228971,-0.010053,0.980050,-0.004324,0.004270,-0.198658,-0.024114,0.036144,-0.053989,0.265165,0.097612,0.231815,0.259027
27,161.223432,44,2.200000,0.244677,0.250769,0.013489,-0.221451,-0.225642,-0.009544,0.979774,-0.004741,0.005269,-0.199982,-0.019159,0.047784,-0.046626,0.265162,-0.629152,-0.009641,0.303106
27,161.223432,45,2.250000,0.233604,0.239487,0.013012,-0.215450,-0.222115,-0.009053,0.979531,-0.004978,0.006530,-0.201127,-0.050532,0.047336,-0.038010,0.265133,-0.478717,-0.008722,0.366212
27,161.223432,46,2.300000,0.222832,0.228381,0.012559,-0.208185,-0.218616,-0.008633,0.979324,-0.005984,0.007939,-0.202055,-0.074400,0.046973,-0.027601,0.265205,-0.274161,-0.068106,0.422398
27,161.223432,47,2.350000,0.212422,0.217450,0.012128,-0.199361,-0.214436,-0.008110,0.979161,-0.007573,0.009460,-0.202722,-0.088059,0.043646,-0.015594,0.265240,-0.015906,-0.236880,0.471478
27,161.223432,48,2.400000,0.202454,0.206728,0.011722,-0.188753,-0.209035,-0.007570,0.979052,-0.009511,0.010972,-0.203091,-0.088828,0.031854,-0.002193,0.265214,0.212488,-0.465627,0.512609
27,161.223432,49,2.450000,0.193017,0.196277,0.011344,-0.176304,-0.202077,-0.007140,0.979009,-0.011524,0.012202,-0.203127,-0.078201,0.008580,0.012378,0.265138,0.032939,-0.707255,0.543649
27,161.223432,50,2.500000,0.184201,0.186173,0.010987,-0.162274,-0.193431,-0.006920,0.979044,-0.013391,0.012813,-0.202802,-0.076558,-0.026820,0.027831,0.265115,0.313390,-0.698103,0.605151
27,161.223432,51,2.550000,0.176088,0.176501,0.010641,-0.147290,-0.183110,-0.006803,0.979166,-0.015392,0.012554,-0.202087,-0.060860,-0.061806,0.045032,0.265052,0.570599,-0.552347,0.646275
27,161.223432,52,2.600000,0.168723,0.167346,0.010300,-0.132170,-0.170805,-0.006854,0.979387,-0.017180,0.011366,-0.200941,-0.032225,-0.089527,0.063402,0.264994,0.726414,-0.284089,0.664448
27,161.223432,53,2.650000,0.162115,0.158806,0.009958,-0.117857,-0.156533,-0.007040,0.979713,-0.018400,0.009363,-0.199341,0.004311,-0.103809,0.082289,0.264967,0.705287,-0.069275,0.658064
27,161.223432,54,2.700000,0.156222,0.150979,0.009606,-0.105255,-0.140673,-0.007278,0.980144,-0.018793,0.006836,-0.197277,0.039900,-0.107259,0.100994,0.264992,0.574324,-0.281802,0.621130
27,161.223432,55,2.750000,0.150959,0.143945,0.009242,-0.095040,-0.123919,-0.007445,0.980672,-0.018327,0.004059,-0.194757,0.069027,-0.121197,0.118650,0.265085,0.624429,0.045139,0.649786
27,161.223432,56,2.800000,0.146207,0.137749,0.008870,-0.087628,-0.107050,-0.007393,0.981283,-0.017212,0.000806,-0.191798,0.100794,-0.118629,0.137120,0.265124,0.619203,0.441183,0.649648
27,161.223432,57,2.850000,0.141826,0.132397,0.008500,-0.083610,-0.090617,-0.007214,0.981973,-0.015305,-0.002529,-0.188383,0.132372,-0.096045,0.155586,0.265154,0.620270,0.727173,0.618464
27,161.223432,58,2.900000,0.137645,0.127866,0.008139,-0.083217,-0.075389,-0.006925,0.982735,-0.012518,-0.005450,-0.184515,0.163953,-0.058905,0.173165,0.265196,0.499808,0.862895,0.554784
27,161.223432,59,2.950000,0.133484,0.124097,0.007793,-0.086209,-0.062318,-0.006505,0.983558,-0.008785,-0.007600,-0.180217,0.189330,-0.014683,0.188935,0.265263,0.087869,0.727999,0.456318
27,161.223432,60,3.000000,0.129174,0.120981,0.007468,-0.091997,-0.052484,-0.005909,0.984426,-0.004231,-0.008772,-0.175528,0.193829,0.023075,0.201905,0.265306,-0.200743,0.858812,0.430768
27,161.223432,61,3.050000,0.124574,0.118356,0.007172,-0.099753,-0.046878,-0.005194,0.985314,0.000596,-0.009033,-0.170514,0.183615,0.067501,0.214150,0.265265,-0.544319,0.830188,0.371473
27,161.223432,62,3.100000,0.119586,0.116012,0.006913,-0.108597,-0.045942,-0.004543,0.986213,0.005358,-0.008156,-0.165192,0.155850,0.110503,0.224709,0.265182,-0.802403,0.706465,0.274999
27,161.223432,63,3.150000,0.114157,0.113715,0.006685,-0.117366,-0.049808,-0.004058,0.987116,0.009611,-0.006105,-0.159601,0.114788,0.147155,0.232526,0.265087,-1.011749,0.459701,0.142858
27,161.223432,64,3.200000,0.108288,0.111225,0.006483,-0.124789,-0.058166,-0.003783,0.988011,0.012995,-0.002987,-0.153806,0.062902,0.171153,0.236586,0.264991,-1.282238,0.124802,-0.020868
27,161.223432,65,3.250000,0.102049,0.108317,0.006293,-0.129647,-0.070316,-0.003733,0.988886,0.015189,0.000921,-0.147898,-0.002747,0.177958,0.235993,0.264881,-1.388566,-0.094152,-0.106409
27,161.223432,66,3.300000,0.095566,0.104801,0.006107,-0.130957,-0.085185,-0.003939,0.989728,0.015784,0.005241,-0.141992,-0.073769,0.173226,0.232969,0.264863,-1.403999,-0.316455,-0.206636
27,161.223432,67,3.350000,0.089019,0.100542,0.005910,-0.128067,-0.101239,-0.004224,0.990534,0.014603,0.009697,-0.136146,-0.145501,0.156751,0.227095,0.264933,-1.102403,-0.610071,-0.320939
27,161.223432,68,3.400000,0.082615,0.095480,0.005699,-0.120592,-0.116728,-0.004408,0.991292,0.011589,0.013991,-0.130426,-0.201972,0.124993,0.217972,0.265079,-0.544034,-0.913824,-0.439494
27,161.223432,69,3.450000,0.076586,0.089643,0.005478,-0.108460,-0.129798,-0.004345,0.991985,0.007067,0.017683,-0.124913,-0.230208,0.077631,0.205480,0.265197,0.077470,-1.105687,-0.546664
27,161.223432,70,3.500000,0.071163,0.083153,0.005261,-0.092098,-0.138853,-0.004095,0.992602,0.001691,0.020290,-0.119698,-0.226939,0.020551,0.189941,0.265224,0.770372,-1.679015,-0.561416
27,161.223432,71,3.550000,0.066558,0.076211,0.005056,-0.072513,-0.142888,-0.003846,0.993142,-0.003783,0.021471,-0.114865,-0.188569,-0.065035,0.173983,0.265073,1.128013,-2.084157,-0.540351
27,161.223432,72,3.600000,0.062932,0.069066,0.004864,-0.051151,-0.141621,-0.003936,0.993637,-0.008558,0.020414,-0.110436,-0.131739,-0.170488,0.158624,0.265008,0.073871,-1.346492,-0.481751
27,161.223432,73,3.650000,0.060375,0.061985,0.004667,-0.030315,-0.135487,-0.004162,0.994111,-0.012220,0.016576,-0.106389,-0.127019,-0.238606,0.144930,0.265442,0.074592,-0.738847,-0.387889
27,161.223432,74,3.700000,0.058859,0.055211,0.004459,-0.012837,-0.125279,-0.003520,0.994528,-0.015951,0.011028,-0.102659,-0.121977,-0.276247,0.133905,0.265685,0.946368,0.497675,-0.257844
27,161.223432,75,3.750000,0.058217,0.048947,0.004283,-0.000434,-0.110783,-0.002381,0.994865,-0.019655,0.004525,-0.099182,-0.073255,-0.251983,0.126575,0.265423,1.386421,0.728416,-0.194129
27,161.223432,76,3.800000,0.058195,0.043408,0.004164,0.005908,-0.092002,-0.001757,0.995145,-0.022087,-0.001498,-0.095900,-0.002723,-0.215914,0.121057,0.265037,1.655470,0.713499,-0.098962
27,161.223432,77,3.850000,0.058491,0.038808,0.004076,0.006524,-0.070285,-0.001929,0.995406,-0.022676,-0.006796,-0.092767,0.081042,-0.180252,0.118244,0.264774,1.669650,0.664502,0.019838
27,161.223432,78,3.900000,0.058817,0.035293,0.003979,0.001953,-0.047532,-0.002656,0.995679,-0.021097,-0.011402,-0.089707,0.165334,-0.146663,0.118808,0.264748,1.375511,0.825259,0.153456
27,161.223432,79,3.950000,0.058915,0.032917,0.003847,-0.007323,-0.025932,-0.003447,0.995972,-0.017344,-0.015361,-0.086623,0.234770,-0.104654,0.123170,0.264870,0.745783,1.490145,0.299492
27,161.223432,80,4.000000,0.058548,0.031620,0.003674,-0.020858,-0.007681,-0.003973,0.996275,-0.011772,-0.018421,-0.083419,0.272549,-0.029050,0.131683,0.264920,0.060377,1.461293,0.333099
27,161.223432,81,4.050000,0.057506,0.031236,0.003476,-0.037901,0.005335,-0.004349,0.996587,-0.005105,-0.019674,-0.080003,0.275713,0.045377,0.141152,0.265099,-0.798234,1.336913,0.367961
27,161.223432,82,4.100000,0.055610,0.031503,0.003258,-0.056751,0.011875,-0.004331,0.996897,0.001786,-0.019076,-0.076354,0.235558,0.113700,0.151611,0.265193,-1.568086,0.974843,0.402479
27,161.223432,83,4.150000,0.052773,0.032097,0.003042,-0.075564,0.011557,-0.004093,0.997201,0.007801,-0.016698,-0.072456,0.156500,0.163797,0.163051,0.265190,-1.908983,0.640861,0.430187
27,161.223432,84,4.200000,0.048995,0.032675,0.002837,-0.092474,0.005105,-0.003834,0.997510,0.011931,-0.012930,-0.068292,0.060037,0.196809,0.175279,0.265125,-1.950752,0.333826,0.472428
27,161.223432,85,4.250000,0.044371,0.032930,0.002645,-0.105939,-0.005714,-0.003665,0.997832,0.013707,-0.008177,-0.063841,-0.038810,0.213899,0.188708,0.265101,-1.249573,-0.124711,0.401402
27,161.223432,86,4.300000,0.039074,0.032644,0.002462,-0.114809,-0.018631,-0.003488,0.998165,0.013041,-0.002843,-0.059067,-0.102820,0.207386,0.200117,0.265224,-0.390638,-0.226960,0.329548
27,161.223432,87,4.350000,0.033334,0.031713,0.002288,-0.118353,-0.031253,-0.003007,0.998479,0.010767,0.002418,-0.054011,-0.123927,0.195257,0.209485,0.265366,0.422992,-0.099189,0.251991
27,161.223432,88,4.400000,0.027416,0.030150,0.002137,-0.116552,-0.041948,-0.002209,0.998753,0.007950,0.007403,-0.048721,-0.104330,0.189312,0.216647,0.265496,0.490762,-0.266515,0.157451
27,161.223432,89,4.450000,0.021588,0.028052,0.002027,-0.109662,-0.050110,-0.001166,0.998974,0.005615,0.012214,-0.043253,-0.081349,0.175129,0.221123,0.265370,-0.737637,-1.375352,0.027655
27,161.223432,90,4.500000,0.016105,0.025547,0.001969,-0.097909,-0.056143,-0.000418,0.999144,0.003841,0.016644,-0.037680,-0.119700,0.105678,0.221909,0.264651,-0.224062,-1.603531,-0.134950
27,161.223432,91,4.550000,0.011210,0.022740,0.001948,-0.081751,-0.060519,-0.001109,0.999297,0.001043,0.019375,-0.032076,-0.131793,0.024494,0.218073,0.264418,0.352805,-1.454005,-0.302369
27,161.223432,92,4.600000,0.007122,0.019714,0.001892,-0.062823,-0.062148,-0.002315,0.999443,-0.002125,0.020086,-0.026563,-0.114356,-0.049297,0.209478,0.264411,0.820531,-1.027191,-0.464636
27,161.223432,93,4.650000,0.003981,0.016606,0.001777,-0.043108,-0.060591,-0.003565,0.999582,-0.004909,0.018941,-0.021269,-0.072937,-0.101566,0.196271,0.264608,0.739490,-0.744269,-0.620387
27,161.223432,94,4.700000,0.001826,0.013577,0.001598,-0.024451,-0.056176,-0.004424,0.999709,-0.006693,0.016465,-0.016317,-0.035206,-0.139323,0.178637,0.264782,-0.536757,-1.322975,-0.782067
27,161.223432,95,4.750000,0.000603,0.010768,0.001377,-0.008201,-0.049878,-0.004898,0.999817,-0.007556,0.013027,-0.011814,-0.061099,-0.205710,0.156407,0.264628,0.000886,-0.909778,-0.922850
27,161.223432,96,4.800000,0.000193,0.008274,0.001132,0.004652,-0.042624,-0.005568,0.999896,-0.009093,0.007933,-0.007846,-0.059834,-0.251562,0.130175,0.265031,0.554457,0.012186,-1.042346
27,161.223432,97,4.850000,0.000426,0.006143,0.000854,0.012509,-0.033761,-0.005412,0.999932,-0.010612,0.001686,-0.004523,-0.030868,-0.251248,0.100547,0.265426,0.895844,1.244696,-1.133668
27,161.223432,98,4.900000,0.001051,0.004455,0.000583,0.014213,-0.023337,-0.004496,0.999923,-0.011407,-0.004565,-0.001941,0.014883,-0.189131,0.068323,0.265614,0.569782,2.121037,-1.203457
27,161.223432,99,4.950000,0.001762,0.003288,0.000358,0.009745,-0.012107,-0.003267,0.999896,-0.011052,-0.009274,-0.000178,0.043862,-0.083041,0.034115,0.266765,-0.832178,1.708472,-1.276764
27,161.223432,100,5.000000,0.002249,0.002683,0.000195,0.000585,-0.001186,0.000037,0.999886,-0.009964,-0.011340,0.000708,0.002361,0.002440,-0.002177,0,0,0,0
28,153.571043,0,0.000000,1.058967,1.080841,0.034705,-0.003757,-0.005241,-0.067017,0.997819,0.001202,-0.001343,-0.065980,0.000000,0.000000,0.000000,0.292035,11.871808,-9.785329,-0.723368
28,153.571043,1,0.050000,1.058779,1.080579,0.031354,-0.005292,-0.006443,-0.016714,0.997819,0.001202,-0.001343,-0.065980,0.593590,-0.489266,-0.020561,0.156827,5.566170,-3.375580,-0.797193
28,153.571043,2,0.100000,1.058514,1.080257,0.030519,-0.006117,-0.007089,-0.216796,0.997567,0.015201,-0.014523,-0.066476,0.871517,-0.658509,-0.043221,0.273135,0.371680,0.356996,-0.708272
28,153.571043,3,0.150000,1.058208,1.079903,0.019679,-0.021795,-0.021452,-0.201937,0.996552,0.035843,-0.032366,-0.067462,0.889021,-0.642088,-0.063354,0.322400,-3.141275,2.805776,-0.632000
28,153.571043,4,0.200000,1.057118,1.078830,0.009582,-0.063196,-0.061496,-0.098185,0.994754,0.056939,-0.049787,-0.068871,0.730413,-0.503937,-0.081318,0.328901,-4.852722,3.667847,-0.612985
28,153.571043,5,0.250000,1.053959,1.075755,0.004673,-0.128303,-0.126316,0.013423,0.992701,0.074319,-0.063445,-0.070684,0.486222,-0.322799,-0.098742,0.311191,-5.347694,3.884094,-0.569043
28,153.571043,6,0.300000,1.047543,1.069440,0.005344,-0.206948,-0.206179,0.088198,0.991003,0.085962,-0.072124,-0.072955,0.217628,-0.130416,-0.114917,0.287830,-5.095667,3.554080,-0.548187
28,153.571043,7,0.350000,1.037196,1.059131,0.009754,-0.289829,-0.291385,0.117293,0.990066,0.091321,-0.075503,-0.075688,-0.037725,0.046338,-0.130499,0.267714,-4.444488,2.947717,-0.534362
28,153.571043,8,0.400000,1.022705,1.044561,0.015619,-0.370802,-0.375367,0.108639,0.989986,0.090721,-0.073986,-0.078883,-0.259719,0.193911,-0.145688,0.254835,-3.575669,2.254360,-0.517242
28,153.571043,9,0.450000,1.004165,1.025793,0.021051,-0.446688,-0.454627,0.077120,0.990608,0.084942,-0.068342,-0.082526,-0.437431,0.308065,-0.160390,0.249401,-2.658506,1.683538,-0.490625
28,153.571043,10,0.500000,0.981830,1.003062,0.024907,-0.515699,-0.527141,0.037495,0.991635,0.075011,-0.059464,-0.086583,-0.568481,0.394905,-0.174336,0.249661,-1.612036,0.679536,-0.431845
28,153.571043,11,0.550000,0.956045,0.976705,0.026781,-0.576228,-0.591161,0.000857,0.992753,0.062022,-0.048109,-0.090995,-0.646470,0.432643,-0.186611,0.253672,-0.693398,-0.192648,-0.359234
28,153.571043,12,0.600000,0.927234,0.947147,0.026824,-0.626403,-0.644896,-0.025668,0.993653,0.047176,-0.035604,-0.095714,-0.678076,0.427589,-0.196822,0.259060,0.094465,-0.820903,-0.277685
28,153.571043,13,0.650000,0.895914,0.914902,0.025541,-0.664679,-0.686604,-0.039778,0.994150,0.031524,-0.023122,-0.100681,-0.670158,0.391609,-0.204716,0.264025,0.772504,-1.146529,-0.194834
28,153.571043,14,0.700000,0.862680,0.880572,0.023552,-0.690261,-0.714974,-0.042838,0.994189,0.015969,-0.011539,-0.105826,-0.628491,0.339489,-0.210254,0.267639,1.253258,-0.806803,-0.114888
28,153.571043,15,0.750000,0.828167,0.844823,0.021410,-0.703308,-0.729500,-0.038094,0.993810,0.001306,-0.001354,-0.111079,-0.563119,0.304164,-0.213519,0.269469,1.728554,-1.070423,-0.095077
28,153.571043,16,0.800000,0.793001,0.808348,0.019505,-0.704796,-0.730646,-0.029582,0.993104,-0.011831,0.007773,-0.116376,-0.474226,0.255206,-0.216222,0.270326,1.873717,-1.161770,-0.074543
28,153.571043,17,0.850000,0.757761,0.771816,0.018026,-0.695689,-0.719788,-0.019679,0.992181,-0.022902,0.015423,-0.121715,-0.378446,0.201009,-0.218341,0.269945,1.806833,-1.087971,-0.051326
28,153.571043,18,0.900000,0.722977,0.735826,0.017042,-0.677603,-0.698946,-0.011044,0.991151,-0.031760,0.021434,-0.127091,-0.286439,0.149746,-0.219800,0.268921,1.737094,-0.923317,-0.015725
28,153.571043,19,0.950000,0.689097,0.700879,0.016490,-0.652424,-0.670307,-0.005005,0.990097,-0.038497,0.025879,-0.132496,-0.198335,0.105970,-0.220247,0.267747,1.999665,-0.589238,0.040933
28,153.571043,20,1.000000,0.656476,0.667364,0.016240,-0.621957,-0.635909,-0.001810,0.989078,-0.043197,0.028946,-0.137917,-0.097466,0.078166,-0.219083,0.266622,1.827447,-0.707411,0.007627
28,153.571043,21,1.050000,0.625378,0.635568,0.016149,-0.587803,-0.597660,-0.001235,0.988141,-0.045495,0.030977,-0.143346,-0.005444,0.043606,-0.218866,0.265684,1.422530,-0.764423,0.007542
28,153.571043,22,1.100000,0.595988,0.605685,0.016087,-0.551265,-0.557793,-0.002709,0.987301,-0.045642,0.031825,-0.148795,0.066045,0.005430,-0.218652,0.265105,0.911764,-0.697355,0.034715
28,153.571043,23,1.150000,0.568424,0.577795,0.015952,-0.513746,-0.518197,-0.005313,0.986543,-0.044165,0.031463,-0.154249,0.111678,-0.029986,-0.217665,0.264930,0.519758,-0.551496,0.083730
28,153.571043,24,1.200000,0.542737,0.551886,0.015686,-0.476605,-0.480207,-0.008088,0.985832,-0.041696,0.030052,-0.159669,0.137418,-0.058484,-0.215285,0.265009,0.541300,-0.425643,0.153600
28,153.571043,25,1.250000,0.518907,0.527875,0.015282,-0.440992,-0.444571,-0.010423,0.985138,-0.038704,0.027837,-0.165013,0.164006,-0.080888,-0.210919,0.265097,0.196680,-0.217336,0.120181
28,153.571043,26,1.300000,0.496857,0.505647,0.014761,-0.407796,-0.411645,-0.012233,0.984459,-0.035144,0.024964,-0.170240,0.173192,-0.093068,-0.207503,0.265373,0.143807,0.073666,0.100776
28,153.571043,27,1.350000,0.476467,0.485064,0.014149,-0.377761,-0.381816,-0.013129,0.983761,-0.031407,0.021753,-0.175368,0.179650,-0.090749,-0.204639,0.265556,0.162363,0.385283,0.091460
28,153.571043,28,1.400000,0.457579,0.465974,0.013493,-0.351296,-0.355180,-0.013294,0.983029,-0.027497,0.018572,-0.180423,0.187063,-0.072880,-0.202039,0.265678,-0.039982,0.515678,0.091551
28,153.571043,29,1.450000,0.440015,0.448215,0.012828,-0.328450,-0.331880,-0.012881,0.982255,-0.023322,0.015798,-0.185420,0.184505,-0.048530,-0.199437,0.265770,-0.774731,-0.212839,0.095501
28,153.571043,30,1.500000,0.423592,0.431621,0.012184,-0.308918,-0.312215,-0.011995,0.981434,-0.019094,0.013635,-0.190358,0.145401,-0.060569,-0.196722,0.265784,-0.646216,-0.108900,0.095988
28,153.571043,31,1.550000,0.408146,0.416010,0.011584,-0.292168,-0.296323,-0.010845,0.980569,-0.015881,0.011362,-0.195201,0.112638,-0.067099,-0.193994,0.265639,-0.265786,0.002143,0.078483
28,153.571043,32,1.600000,0.393538,0.401194,0.011042,-0.278156,-0.283183,-0.009795,0.979669,-0.013503,0.009091,-0.199959,0.098855,-0.067821,-0.191763,0.265500,0.159058,0.181573,0.047187
28,153.571043,33,1.650000,0.379630,0.387035,0.010552,-0.266744,-0.271963,-0.008890,0.978744,-0.011464,0.006871,-0.204652,0.106314,-0.059462,-0.190421,0.265431,0.204583,0.334891,0.016405
28,153.571043,34,1.700000,0.366293,0.373436,0.010108,-0.257827,-0.262315,-0.008027,0.977794,-0.009199,0.004817,-0.209309,0.116114,-0.043486,-0.189955,0.265385,-0.796175,0.060760,-0.001716
28,153.571043,35,1.750000,0.353401,0.360321,0.009706,-0.251305,-0.254465,-0.007179,0.976817,-0.006611,0.003103,-0.213953,0.075991,-0.041285,-0.190004,0.265177,-0.532154,0.185512,0.034495
28,153.571043,36,1.800000,0.340836,0.347597,0.009347,-0.246939,-0.248774,-0.006662,0.975803,-0.004991,0.001657,-0.218589,0.049086,-0.032557,-0.189023,0.265062,-0.251634,0.327976,0.062532
28,153.571043,37,1.850000,0.328489,0.335159,0.009014,-0.244281,-0.244349,-0.006334,0.974765,-0.003979,0.000571,-0.223196,0.036271,-0.016511,-0.187246,0.265016,0.006256,0.436676,0.089383
28,153.571043,38,1.900000,0.316275,0.322941,0.008698,-0.242863,-0.240666,-0.006079,0.973713,-0.003190,-0.000053,-0.227755,0.036466,0.005065,-0.184705,0.265019,-0.025588,0.473811,0.123532
28,153.571043,39,1.950000,0.304132,0.310908,0.008394,-0.242200,-0.237606,-0.005813,0.972654,-0.002273,-0.000152,-0.232249,0.035222,0.028500,-0.181194,0.264991,-0.778616,0.274616,0.170218
28,153.571043,40,2.000000,0.292022,0.299028,0.008103,-0.241827,-0.235401,-0.005594,0.971593,-0.001251,0.000326,-0.236654,-0.003513,0.041989,-0.176356,0.264837,-0.679152,0.310302,0.238360
28,153.571043,41,2.050000,0.279931,0.287258,0.007823,-0.241226,-0.234285,-0.005657,0.970539,-0.001089,0.001362,-0.240936,-0.037189,0.057527,-0.169580,0.264906,-0.528537,0.259711,0.300407
28,153.571043,42,2.100000,0.267869,0.275543,0.007540,-0.239672,-0.233569,-0.005593,0.969505,-0.001651,0.002977,-0.245049,-0.063246,0.070752,-0.161041,0.265016,-0.327363,0.074633,0.356450
28,153.571043,43,2.150000,0.255886,0.263865,0.007261,-0.236442,-0.232715,-0.005333,0.968500,-0.002762,0.005072,-0.248947,-0.079181,0.074870,-0.150909,0.265122,-0.154270,-0.194964,0.406128
28,153.571043,44,2.200000,0.244064,0.252229,0.006994,-0.230943,-0.231328,-0.004899,0.967535,-0.004232,0.007367,-0.252594,-0.086466,0.065576,-0.139365,0.265176,-0.377691,-0.500757,0.448063
28,153.571043,45,2.250000,0.232517,0.240663,0.006749,-0.222892,-0.229134,-0.004403,0.966624,-0.005935,0.009485,-0.255953,-0.105004,0.040995,-0.126629,0.265179,-0.120844,-0.577280,0.523299
28,153.571043,46,2.300000,0.221372,0.229206,0.006529,-0.212396,-0.225883,-0.003954,0.965780,-0.008240,0.011128,-0.258992,-0.110849,0.012636,-0.111755,0.265198,0.152340,-0.541564,0.580514
28,153.571043,47,2.350000,0.210752,0.217912,0.006331,-0.199743,-0.220897,-0.003535,0.965023,-0.010866,0.012128,-0.261660,-0.103178,-0.013972,-0.095254,0.265169,0.364045,-0.396351,0.617735
28,153.571043,48,2.400000,0.200765,0.206867,0.006155,-0.185456,-0.213716,-0.003241,0.964370,-0.013475,0.012440,-0.263921,-0.085027,-0.033417,-0.077695,0.265106,0.433128,-0.304255,0.634014
28,153.571043,49,2.450000,0.191492,0.196181,0.005993,-0.170185,-0.204180,-0.003134,0.963835,-0.015770,0.012169,-0.265756,-0.063469,-0.048379,-0.059673,0.265038,0.415784,-0.627286,0.623682
28,153.571043,50,2.500000,0.182983,0.185972,0.005836,-0.154558,-0.192434,-0.003212,0.963425,-0.017639,0.011402,-0.267154,-0.042789,-0.079599,-0.041945,0.264997,0.595824,-0.394292,0.682077
28,153.571043,51,2.550000,0.175255,0.176351,0.005675,-0.139152,-0.178745,-0.003410,0.963146,-0.019213,0.009752,-0.268116,-0.013125,-0.099246,-0.022557,0.264953,0.748505,-0.070556,0.714772
28,153.571043,52,2.600000,0.168297,0.167413,0.005505,-0.124880,-0.163152,-0.003711,0.963009,-0.020200,0.007439,-0.268608,0.024216,-0.102762,-0.002240,0.264916,0.916244,0.179071,0.719890
28,153.571043,53,2.650000,0.162053,0.159256,0.005319,-0.112527,-0.146026,-0.004081,0.963022,-0.020307,0.004801,-0.268613,0.070019,-0.093811,0.018222,0.264898,0.950894,0.324885,0.696708
28,153.571043,54,2.700000,0.156427,0.151954,0.005115,-0.102639,-0.128105,-0.004457,0.963187,-0.019249,0.002082,-0.268134,0.117629,-0.077518,0.038026,0.264951,0.665858,0.252711,0.643827
28,153.571043,55,2.750000,0.151295,0.145549,0.004892,-0.095607,-0.110459,-0.004675,0.963496,-0.016934,-0.000555,-0.267186,0.151033,-0.064713,0.056327,0.265092,0.463516,0.496426,0.668520
28,153.571043,56,2.800000,0.146515,0.140026,0.004659,-0.091690,-0.094294,-0.004546,0.963926,-0.013729,-0.003099,-0.265797,0.174348,-0.039569,0.075329,0.265174,0.167851,0.619281,0.663097
28,153.571043,57,2.850000,0.141930,0.135312,0.004431,-0.091039,-0.080488,-0.004178,0.964472,-0.009796,-0.005185,-0.263951,0.182853,-0.008106,0.094177,0.265226,-0.092327,0.678042,0.622746
28,153.571043,58,2.900000,0.137378,0.131287,0.004222,-0.093412,-0.069862,-0.003640,0.965125,-0.005453,-0.006564,-0.261652,0.178266,0.026449,0.111879,0.265224,-0.356965,0.631077,0.546797
28,153.571043,59,2.950000,0.132708,0.127794,0.004040,-0.098233,-0.063006,-0.003056,0.965872,-0.000997,-0.007076,-0.258923,0.160305,0.058760,0.127421,0.265175,-0.735696,0.498414,0.436728
28,153.571043,60,3.000000,0.127796,0.124644,0.003888,-0.104692,-0.060260,-0.002542,0.966697,0.003232,-0.006692,-0.255815,0.123236,0.084456,0.139835,0.265065,-0.998633,0.467373,0.399261
28,153.571043,61,3.050000,0.122561,0.121631,0.003761,-0.111855,-0.061647,-0.002235,0.967583,0.006727,-0.005450,-0.252405,0.072857,0.108479,0.151184,0.264943,-1.207428,0.399345,0.338439
28,153.571043,62,3.100000,0.116969,0.118548,0.003649,-0.118696,-0.066683,-0.002173,0.968527,0.009153,-0.003311,-0.248717,0.011863,0.128864,0.160804,0.264860,-1.128777,0.212107,0.252273
28,153.571043,63,3.150000,0.111034,0.115214,0.003540,-0.124075,-0.074571,-0.002284,0.969522,0.010228,-0.000302,-0.244790,-0.045363,0.139542,0.167975,0.264872,-0.810715,-0.047828,0.148264
28,153.571043,64,3.200000,0.104830,0.111486,0.003426,-0.126818,-0.084227,-0.002384,0.970548,0.009981,0.003315,-0.240679,-0.086788,0.136861,0.172189,0.264944,-0.428812,-0.267797,0.041443
28,153.571043,65,3.250000,0.098489,0.107274,0.003307,-0.126018,-0.094515,-0.002355,0.971577,0.008713,0.007115,-0.236456,-0.109123,0.122904,0.173367,0.265009,0.047610,-0.942704,0.014406
28,153.571043,66,3.300000,0.092188,0.102549,0.003189,-0.121255,-0.104475,-0.002222,0.972587,0.006819,0.010707,-0.232194,-0.107551,0.075051,0.173777,0.264954,0.237281,-1.521632,0.014038
28,153.571043,67,3.350000,0.086126,0.097325,0.003078,-0.112589,-0.113423,-0.002224,0.973579,0.004686,0.013127,-0.227924,-0.096182,-0.001740,0.174176,0.264834,-0.889231,-1.028536,0.047451
28,153.571043,68,3.400000,0.080496,0.091654,0.002967,-0.101102,-0.120833,-0.002481,0.974571,0.002393,0.013612,-0.223651,-0.140632,-0.053802,0.175524,0.264938,-0.845938,-0.720026,0.114912
28,153.571043,69,3.450000,0.075441,0.085612,0.002843,-0.088610,-0.126108,-0.002543,0.975563,-0.001275,0.013077,-0.219326,-0.182571,-0.090741,0.178791,0.265160,0.148849,0.163323,0.210440
28,153.571043,70,3.500000,0.071011,0.079307,0.002715,-0.075807,-0.127704,-0.002175,0.976545,-0.006167,0.011870,-0.214898,-0.174512,-0.083813,0.184772,0.265282,0.779339,0.019374,0.231002
28,153.571043,71,3.550000,0.067220,0.072921,0.002607,-0.063115,-0.124293,-0.001588,0.977514,-0.010822,0.010790,-0.210317,-0.134958,-0.084068,0.191339,0.265128,1.252295,-0.310582,0.280206
28,153.571043,72,3.600000,0.064065,0.066707,0.002527,-0.050524,-0.116134,-0.001339,0.978487,-0.014510,0.009496,-0.205578,-0.071732,-0.100577,0.199303,0.264939,1.501624,-0.576383,0.356494
28,153.571043,73,3.650000,0.061538,0.060900,0.002460,-0.038479,-0.104117,-0.001507,0.979492,-0.016734,0.007477,-0.200646,0.004109,-0.129939,0.209437,0.264851,1.481722,-0.498927,0.455432
28,153.571043,74,3.700000,0.059614,0.055694,0.002385,-0.028001,-0.089510,-0.001871,0.980550,-0.017246,0.004362,-0.195460,0.079228,-0.154853,0.222382,0.264901,1.152078,0.237335,0.575746
28,153.571043,75,3.750000,0.058214,0.051219,0.002291,-0.020497,-0.073755,-0.002124,0.981664,-0.016036,0.000275,-0.189946,0.138139,-0.142317,0.238747,0.264974,0.755059,0.437473,0.591909
28,153.571043,76,3.800000,0.057190,0.047531,0.002185,-0.017243,-0.058358,-0.002184,0.982824,-0.013320,-0.003778,-0.184025,0.177182,-0.119192,0.255572,0.265057,0.107040,0.679508,0.614303
28,153.571043,77,3.850000,0.056327,0.044613,0.002076,-0.018482,-0.044824,-0.002027,0.984013,-0.009538,-0.007437,-0.177683,0.183690,-0.083498,0.273034,0.265087,-0.543109,0.760255,0.639113
28,153.571043,78,3.900000,0.055403,0.042372,0.001975,-0.024003,-0.034311,-0.001769,0.985219,-0.005441,-0.010241,-0.170906,0.157400,-0.043582,0.291200,0.265033,-0.872013,0.856600,0.658833
28,153.571043,79,3.950000,0.054203,0.040656,0.001886,-0.032994,-0.027332,-0.001599,0.986439,-0.001825,-0.011947,-0.163682,0.114281,0.000988,0.309927,0.264901,-1.020240,0.863013,0.697172
28,153.571043,80,4.000000,0.052553,0.039290,0.001806,-0.044264,-0.023647,-0.001685,0.987679,0.000905,-0.012376,-0.155999,0.063257,0.045483,0.329744,0.264795,-0.556512,0.533342,0.630488
28,153.571043,81,4.050000,0.050340,0.038107,0.001722,-0.056390,-0.022630,-0.001975,0.988942,0.002542,-0.011506,-0.147831,0.034862,0.072941,0.347665,0.264832,-0.046356,0.379455,0.571852
28,153.571043,82,4.100000,0.047521,0.036976,0.001623,-0.067920,-0.023427,-0.002182,0.990207,0.003573,-0.009854,-0.139215,0.031582,0.092374,0.363920,0.264922,0.357693,0.440881,0.513780
28,153.571043,83,4.150000,0.044125,0.035805,0.001514,-0.077982,-0.025553,-0.002193,0.991449,0.004587,-0.007709,-0.130185,0.048191,0.114854,0.378524,0.265027,-0.023800,0.431344,0.438191
28,153.571043,84,4.200000,0.040226,0.034527,0.001405,-0.086070,-0.029032,-0.001982,0.992648,0.006082,-0.005062,-0.120774,0.045351,0.137114,0.390980,0.265074,-1.600587,-0.297634,0.325045
28,153.571043,85,4.250000,0.035922,0.033075,0.001305,-0.091725,-0.034359,-0.001665,0.993785,0.007571,-0.001856,-0.111039,-0.036713,0.122905,0.400219,0.264950,-1.073187,-0.114929,0.182017
28,153.571043,86,4.300000,0.031336,0.031357,0.001222,-0.094359,-0.041540,-0.001577,0.994854,0.006982,0.001224,-0.101068,-0.092239,0.116601,0.405393,0.264997,-0.311301,0.102482,0.043206
28,153.571043,87,4.350000,0.026618,0.029280,0.001143,-0.093857,-0.048479,-0.001391,0.995833,0.004994,0.004286,-0.090957,-0.109598,0.120306,0.406621,0.265101,0.378204,0.109772,-0.090309
28,153.571043,88,4.400000,0.021925,0.026856,0.001074,-0.090112,-0.053745,-0.001005,0.996699,0.002583,0.007479,-0.080803,-0.092544,0.124103,0.404054,0.265148,0.475350,-0.136670,-0.232853
28,153.571043,89,4.450000,0.017419,0.024169,0.001024,-0.082997,-0.056866,-0.000551,0.997439,0.000603,0.010732,-0.070705,-0.070680,0.115850,0.397435,0.265050,-0.665299,-1.289667,-0.405363
28,153.571043,90,4.500000,0.013270,0.021326,0.000996,-0.072531,-0.058201,-0.000332,0.998057,-0.000848,0.013739,-0.060771,-0.105692,0.050301,0.385913,0.264668,-0.033071,-1.474677,-0.587175
28,153.571043,91,4.550000,0.009643,0.018416,0.000979,-0.059039,-0.058190,-0.000892,0.998573,-0.003276,0.015162,-0.051104,-0.108083,-0.024981,0.369223,0.264567,0.626691,-1.190176,-0.780443
28,153.571043,92,4.600000,0.006691,0.015506,0.000935,-0.044040,-0.055743,-0.001689,0.998999,-0.005866,0.014706,-0.041841,-0.076398,-0.086004,0.347039,0.264636,1.106337,-0.511215,-0.975491
28,153.571043,93,4.650000,0.004489,0.012719,0.000850,-0.029400,-0.050603,-0.002368,0.999341,-0.007736,0.012688,-0.033132,-0.019949,-0.112571,0.319311,0.264848,0.934189,0.049020,-1.169453
28,153.571043,94,4.700000,0.003019,0.010189,0.000732,-0.016711,-0.043431,-0.002626,0.999601,-0.008226,0.009954,-0.025125,0.028125,-0.110362,0.286069,0.265027,-0.334420,-0.349672,-1.375438
28,153.571043,95,4.750000,0.002184,0.008017,0.000601,-0.006742,-0.035605,-0.002498,0.999784,-0.007521,0.007237,-0.017960,0.012602,-0.127540,0.246973,0.264993,-0.207125,-0.065293,-1.509729
28,153.571043,96,4.800000,0.001846,0.006237,0.000476,0.000491,-0.028353,-0.002377,0.999896,-0.007219,0.004089,-0.011765,0.003441,-0.130687,0.204060,0.265082,0.030528,0.311110,-1.639361
28,153.571043,97,4.850000,0.001871,0.004820,0.000357,0.004589,-0.021313,-0.002052,0.999952,-0.007150,0.000858,-0.006641,0.005980,-0.115105,0.157461,0.265119,0.270670,0.686724,-1.763297
28,153.571043,98,4.900000,0.002100,0.003754,0.000254,0.005479,-0.014298,-0.001642,0.999970,-0.007016,-0.001992,-0.002684,0.020201,-0.080733,0.107340,0.265090,0.218299,0.920867,-1.884567
28,153.571043,99,4.950000,0.002374,0.003039,0.000172,0.003541,-0.007405,-0.001286,0.999971,-0.006522,-0.003993,0.000014,0.031445,-0.034607,0.053772,0.265601,-0.604084,0.717967,-2.011790
28,153.571043,100,5.000000,0.002551,0.002669,0.000108,-0.000386,-0.000989,0.000010,0.999971,-0.005741,-0.004849,0.001367,0.001312,0.001356,-0.003412,0,0,0,0
29,157.019510,0,0.000000,1.060220,1.081815,0.015042,-0.005589,-0.006870,0.006435,0.997528,0.001850,-0.001915,-0.070227,0.000000,0.000000,0.000000,0.259239,12.393467,-8.904448,-0.777034
29,157.019510,1,0.050000,1.059940,1.081471,0.015364,-0.007547,-0.008513,-0.003999,0.997528,0.001850,-0.001915,-0.070227,0.619673,-0.445222,-0.022087,0.157846,5.136005,-3.514208,-0.727285
29,157.019510,2,0.100000,1.059563,1.081045,0.015164,-0.008740,-0.009514,-0.202195,0.997257,0.016520,-0.014102,-0.070756,0.876100,-0.621452,-0.042760,0.274072,0.085942,0.132745,-0.677604
29,157.019510,3,0.150000,1.059126,1.080570,0.005054,-0.024202,-0.025225,-0.185633,0.996241,0.037265,-0.031117,-0.071743,0.879389,-0.616237,-0.062020,0.321400,-3.073063,2.368639,-0.626778
29,157.019510,4,0.200000,1.057916,1.079308,-0.004227,-0.064285,-0.066760,-0.083753,0.994472,0.058089,-0.047967,-0.073152,0.724285,-0.499875,-0.079836,0.326351,-4.798880,3.650802,-0.572908
29,157.019510,5,0.250000,1.054702,1.075970,-0.008415,-0.127078,-0.132343,0.023240,0.992432,0.075259,-0.061588,-0.074976,0.482827,-0.319529,-0.096121,0.310409,-5.317863,3.676027,-0.494529
29,157.019510,6,0.300000,1.048348,1.069353,-0.007253,-0.203835,-0.212903,0.096700,0.990745,0.086778,-0.070232,-0.077210,0.215768,-0.137489,-0.110178,0.287198,-5.162397,3.227957,-0.408430
29,157.019510,7,0.350000,1.038156,1.058708,-0.002418,-0.284977,-0.298586,0.124790,0.989799,0.092049,-0.073814,-0.079856,-0.042927,0.023007,-0.121787,0.267511,-4.555536,2.593621,-0.316883
29,157.019510,8,0.400000,1.023907,1.043779,0.003822,-0.364646,-0.383015,0.115887,0.989692,0.091257,-0.072878,-0.082896,-0.270597,0.152886,-0.130795,0.254887,-3.648932,1.969782,-0.225954
29,157.019510,9,0.450000,1.005675,1.024628,0.009616,-0.439877,-0.462573,0.084524,0.990281,0.085113,-0.068234,-0.086273,-0.452285,0.252718,-0.137217,0.249550,-2.664994,1.828803,-0.140075
29,157.019510,10,0.500000,0.983681,1.001499,0.013842,-0.509117,-0.535034,0.045156,0.991290,0.074689,-0.060704,-0.089896,-0.584219,0.346514,-0.141199,0.249677,-1.519743,0.994132,-0.118827
29,157.019510,11,0.550000,0.958225,0.974748,0.016100,-0.570971,-0.598453,0.008456,0.992440,0.061194,-0.050532,-0.093621,-0.658349,0.399351,-0.144577,0.253551,-0.623833,0.306634,-0.100851
29,157.019510,12,0.600000,0.929676,0.944825,0.016523,-0.623447,-0.651043,-0.018419,0.993423,0.045968,-0.038855,-0.097410,-0.687349,0.418295,-0.147443,0.258789,0.072755,-0.190522,-0.083458
29,157.019510,13,0.650000,0.898504,0.912273,0.015602,-0.664735,-0.691185,-0.033153,0.994052,0.030053,-0.026617,-0.101238,-0.681371,0.412615,-0.149815,0.263659,0.725293,-0.535252,-0.056441
29,157.019510,14,0.700000,0.865267,0.877714,0.013944,-0.693543,-0.717726,-0.036968,0.994255,0.014261,-0.014523,-0.105082,-0.642760,0.389727,-0.151420,0.267404,1.630871,-0.625941,-0.010675
29,157.019510,15,0.750000,0.830590,0.841827,0.012096,-0.709328,-0.730258,-0.032686,0.994045,-0.000636,-0.003093,-0.108921,-0.558977,0.362123,-0.151723,0.269798,2.001596,-1.071000,-0.056102
29,157.019510,16,0.800000,0.795124,0.805314,0.010462,-0.712331,-0.729290,-0.023569,0.993507,-0.013528,0.007425,-0.112724,-0.456812,0.311792,-0.153318,0.270567,2.024048,-1.356428,-0.068491
29,157.019510,17,0.850000,0.759507,0.768850,0.009283,-0.703411,-0.716660,-0.013258,0.992760,-0.024021,0.016403,-0.116540,-0.353795,0.246629,-0.155265,0.270037,1.820560,-1.426909,-0.053595
29,157.019510,18,0.900000,0.724337,0.733017,0.008620,-0.684325,-0.694721,-0.004536,0.991929,-0.032145,0.023460,-0.120389,-0.261314,0.177368,-0.156788,0.268854,1.628045,-1.345356,-0.017150
29,157.019510,19,0.950000,0.690120,0.698281,0.008393,-0.657299,-0.665784,0.001265,0.991104,-0.038182,0.028518,-0.124262,-0.178856,0.111655,-0.157276,0.267573,1.751303,-1.225801,0.039668
29,157.019510,20,1.000000,0.657256,0.664992,0.008457,-0.624587,-0.631793,0.004020,0.990344,-0.042378,0.031689,-0.128135,-0.090625,0.051433,-0.156148,0.266413,1.427439,-0.981215,-0.006768
29,157.019510,21,1.050000,0.626026,0.633402,0.008658,-0.588263,-0.594389,0.004114,0.989696,-0.044580,0.033087,-0.131982,-0.018948,0.002909,-0.156340,0.265528,1.327491,-0.622406,-0.038956
29,157.019510,22,1.100000,0.596613,0.603683,0.008863,-0.550273,-0.555293,0.002302,0.989149,-0.045168,0.033047,-0.135837,0.047444,-0.028099,-0.157448,0.265003,1.248520,-0.223397,-0.060147
29,157.019510,23,1.150000,0.569099,0.575918,0.008978,-0.512167,-0.515848,-0.000527,0.988683,-0.044220,0.032013,-0.139736,0.109702,-0.039552,-0.159157,0.264787,0.913424,0.006401,-0.069927
29,157.019510,24,1.200000,0.543491,0.550126,0.008952,-0.475068,-0.477360,-0.003603,0.988268,-0.041774,0.030476,-0.143713,0.155134,-0.039895,-0.161145,0.264874,0.021768,-0.617692,-0.073222
29,157.019510,25,1.250000,0.519738,0.526258,0.008772,-0.439631,-0.441156,-0.006218,0.987865,-0.038206,0.028764,-0.147768,0.155978,-0.071728,-0.163226,0.265172,-0.023374,-0.419795,-0.079072
29,157.019510,26,1.300000,0.497756,0.504200,0.008461,-0.406180,-0.408263,-0.007905,0.987445,-0.034736,0.026260,-0.151840,0.154365,-0.093684,-0.165474,0.265348,0.194858,-0.232707,-0.103087
29,157.019510,27,1.350000,0.477447,0.483787,0.008066,-0.375513,-0.378473,-0.008884,0.986994,-0.031389,0.023217,-0.155942,0.163520,-0.106289,-0.168404,0.265442,0.478223,0.007467,-0.141129
29,157.019510,28,1.400000,0.458671,0.464863,0.007622,-0.348172,-0.351575,-0.009324,0.986507,-0.027866,0.019825,-0.160106,0.186752,-0.106961,-0.172416,0.265535,0.408614,0.212964,-0.178479
29,157.019510,29,1.450000,0.441263,0.447284,0.007155,-0.324550,-0.327661,-0.009241,0.985977,-0.023773,0.016319,-0.164372,0.206483,-0.097534,-0.177489,0.265695,-0.683102,-0.010570,-0.202391
29,157.019510,30,1.500000,0.425035,0.430901,0.006693,-0.304872,-0.307235,-0.008532,0.985384,-0.019156,0.012960,-0.168769,0.171670,-0.099454,-0.183242,0.265847,-0.497813,0.162082,-0.171991
29,157.019510,31,1.550000,0.409792,0.415539,0.006267,-0.289114,-0.290803,-0.007250,0.984703,-0.015405,0.009698,-0.173287,0.146088,-0.092544,-0.188131,0.265688,-0.269099,0.342492,-0.151062
29,157.019510,32,1.600000,0.395336,0.400999,0.005904,-0.277090,-0.277529,-0.006061,0.983947,-0.012255,0.006714,-0.177915,0.131972,-0.076462,-0.192424,0.265530,-0.043519,0.487027,-0.132252
29,157.019510,33,1.650000,0.381482,0.387123,0.005601,-0.268449,-0.266845,-0.005030,0.983126,-0.009381,0.004187,-0.182643,0.129238,-0.053074,-0.196184,0.265401,-0.096083,0.563627,-0.106256
29,157.019510,34,1.700000,0.368059,0.373780,0.005350,-0.262718,-0.258531,-0.004150,0.982248,-0.006468,0.002247,-0.187463,0.124039,-0.025855,-0.199204,0.265271,-0.868128,0.410385,-0.066862
29,157.019510,35,1.750000,0.354923,0.360854,0.005142,-0.259359,-0.252703,-0.003455,0.981319,-0.003554,0.000998,-0.192354,0.080437,-0.006274,-0.201105,0.265013,-0.798467,0.494545,-0.005149
29,157.019510,36,1.800000,0.341955,0.348219,0.004969,-0.257726,-0.249469,-0.003204,0.980344,-0.001616,0.000440,-0.197286,0.040466,0.017839,-0.201251,0.264868,-0.678883,0.484623,0.050371
29,157.019510,37,1.850000,0.329069,0.335745,0.004809,-0.256991,-0.248000,-0.003209,0.979340,-0.000538,0.000669,-0.202217,0.006658,0.041762,-0.199819,0.264820,-0.515250,0.331777,0.100021
29,157.019510,38,1.900000,0.316219,0.323345,0.004649,-0.256241,-0.247615,-0.003303,0.978317,-0.000167,0.001655,-0.207107,-0.018788,0.058300,-0.196976,0.264854,-0.386811,0.083490,0.143707
29,157.019510,39,1.950000,0.303407,0.310965,0.004484,-0.254619,-0.247791,-0.003336,0.977281,-0.000333,0.003178,-0.211922,-0.037693,0.062615,-0.192891,0.264916,-0.658327,-0.215146,0.180378
29,157.019510,40,2.000000,0.290676,0.298575,0.004317,-0.251503,-0.248132,-0.003260,0.976241,-0.000938,0.004905,-0.216629,-0.070151,0.052134,-0.187764,0.264920,-0.449637,-0.302161,0.251135
29,157.019510,41,2.050000,0.278101,0.286168,0.004154,-0.246605,-0.248277,-0.003191,0.975203,-0.002390,0.006553,-0.221201,-0.092261,0.037525,-0.180626,0.265027,-0.209365,-0.300054,0.304343
29,157.019510,42,2.100000,0.265771,0.273755,0.003994,-0.239813,-0.247411,-0.002949,0.974180,-0.004462,0.007967,-0.225589,-0.102472,0.023155,-0.171975,0.265117,-0.012545,-0.208421,0.338607
29,157.019510,43,2.150000,0.253780,0.261384,0.003847,-0.231203,-0.244908,-0.002573,0.973181,-0.006861,0.009090,-0.229757,-0.102948,0.013403,-0.162350,0.265166,0.060180,-0.184805,0.353760
29,157.019510,44,2.200000,0.242220,0.249139,0.003718,-0.220967,-0.240402,-0.002152,0.972217,-0.009326,0.009979,-0.233683,-0.099857,0.004797,-0.152294,0.265169,0.062927,-0.586482,0.344762
29,157.019510,45,2.250000,0.231172,0.237119,0.003611,-0.209298,-0.233788,-0.001782,0.971293,-0.011762,0.010644,-0.237358,-0.096683,-0.023950,-0.142495,0.265139,0.281052,-0.442114,0.406719
29,157.019510,46,2.300000,0.220707,0.225429,0.003522,-0.196405,-0.225049,-0.001531,0.970416,-0.014290,0.010594,-0.240783,-0.082759,-0.045533,-0.130934,0.265101,0.505560,-0.211104,0.445442
29,157.019510,47,2.350000,0.210887,0.214177,0.003445,-0.182932,-0.213938,-0.001414,0.969602,-0.016606,0.009941,-0.243919,-0.057708,-0.055677,-0.118272,0.265028,0.770249,-0.047197,0.459670
29,157.019510,48,2.400000,0.201740,0.203480,0.003374,-0.169495,-0.200513,-0.001489,0.968865,-0.018374,0.008894,-0.246747,-0.019445,-0.057778,-0.105206,0.264928,0.916639,0.029550,0.449645
29,157.019510,49,2.450000,0.193265,0.193454,0.003300,-0.156592,-0.185199,-0.001791,0.968215,-0.019225,0.007566,-0.249264,0.026156,-0.056222,-0.092425,0.264857,0.748232,-0.087080,0.415235
29,157.019510,50,2.500000,0.185436,0.184194,0.003210,-0.144705,-0.168790,-0.002234,0.967659,-0.018959,0.005997,-0.251478,0.063370,-0.060668,-0.080622,0.264880,0.658231,0.139717,0.464180
29,157.019510,51,2.550000,0.178200,0.175755,0.003099,-0.134334,-0.152271,-0.002603,0.967187,-0.017820,0.004093,-0.253408,0.096096,-0.053876,-0.067428,0.264918,0.471682,0.273087,0.489082
29,157.019510,52,2.600000,0.171484,0.168141,0.002968,-0.126019,-0.136378,-0.002843,0.966803,-0.015844,0.002152,-0.255023,0.119543,-0.040468,-0.053526,0.264982,0.303959,0.370409,0.485151
29,157.019510,53,2.650000,0.165183,0.161322,0.002826,-0.120012,-0.121883,-0.002886,0.966505,-0.013216,0.000390,-0.256305,0.134658,-0.022190,-0.039736,0.265039,0.107627,0.387008,0.451204
29,157.019510,54,2.700000,0.159182,0.155228,0.002682,-0.116317,-0.109442,-0.002746,0.966289,-0.010105,-0.001022,-0.257258,0.140006,-0.003043,-0.026911,0.265080,-0.233378,0.338531,0.387720
29,157.019510,55,2.750000,0.153366,0.149756,0.002545,-0.114735,-0.099598,-0.002458,0.966146,-0.006741,-0.002003,-0.257902,0.128334,0.013741,-0.015890,0.265088,-0.493571,0.406217,0.399596
29,157.019510,56,2.800000,0.147630,0.144776,0.002422,-0.114927,-0.092696,-0.002103,0.966060,-0.003552,-0.002501,-0.258280,0.103664,0.033974,-0.004532,0.265043,-0.733347,0.443877,0.388675
29,157.019510,57,2.850000,0.141883,0.140141,0.002317,-0.116398,-0.088694,-0.001801,0.966039,-0.000829,-0.002350,-0.258385,0.067002,0.056150,0.006516,0.264978,-0.721783,0.363273,0.350545
29,157.019510,58,2.900000,0.136063,0.135707,0.002227,-0.118416,-0.087312,-0.001608,0.966083,0.001152,-0.001427,-0.258224,0.030899,0.074330,0.016481,0.264934,-0.504448,0.203053,0.289935
29,157.019510,59,2.950000,0.130142,0.131341,0.002146,-0.120061,-0.088042,-0.001494,0.966189,0.002377,0.000169,-0.257823,0.005631,0.084502,0.024722,0.264926,-0.251251,0.069365,0.219839
29,157.019510,60,3.000000,0.124139,0.126939,0.002071,-0.120502,-0.090338,-0.001395,0.966346,0.003058,0.002172,-0.257220,-0.007011,0.087976,0.030971,0.264936,0.075828,-0.536988,0.221952
29,157.019510,61,3.050000,0.118114,0.122422,0.002002,-0.119215,-0.093786,-0.001287,0.966538,0.003456,0.004340,-0.256464,-0.003323,0.061118,0.037280,0.264911,0.106229,-1.073140,0.243022
29,157.019510,62,3.100000,0.112154,0.117733,0.001937,-0.115968,-0.098156,-0.001241,0.966769,0.003772,0.005835,-0.255557,0.001902,0.007457,0.044187,0.264832,-1.164478,-0.572682,0.291617
29,157.019510,63,3.150000,0.106355,0.112825,0.001875,-0.111381,-0.103195,-0.001359,0.967049,0.003872,0.005999,-0.254488,-0.056335,-0.021174,0.052477,0.264779,-1.236226,-0.291440,0.369323
29,157.019510,64,3.200000,0.100786,0.107665,0.001807,-0.106658,-0.108363,-0.001577,0.967390,0.002383,0.005840,-0.253213,-0.118104,-0.035859,0.062974,0.264883,-0.315732,0.518738,0.465403
29,157.019510,65,3.250000,0.095453,0.102247,0.001729,-0.101707,-0.112076,-0.001592,0.967795,-0.000691,0.005717,-0.251673,-0.133805,-0.010204,0.076203,0.265056,0.283721,0.263658,0.476773
29,157.019510,66,3.300000,0.090368,0.096643,0.001649,-0.096105,-0.112831,-0.001279,0.968267,-0.003982,0.006313,-0.249808,-0.119589,0.002592,0.089755,0.265046,0.731569,-0.189026,0.510902
29,157.019510,67,3.350000,0.085563,0.091002,0.001585,-0.089128,-0.110594,-0.001008,0.968808,-0.006846,0.007132,-0.247615,-0.083020,-0.007267,0.104278,0.264961,0.980399,-0.586776,0.570819
29,157.019510,68,3.400000,0.081106,0.085472,0.001535,-0.080684,-0.105818,-0.000934,0.969435,-0.008884,0.007487,-0.245072,-0.033971,-0.036934,0.120503,0.264879,1.007101,-0.644897,0.656382
29,157.019510,69,3.450000,0.077072,0.080181,0.001488,-0.071428,-0.099170,-0.001051,0.970168,-0.009911,0.006827,-0.242136,0.016553,-0.069334,0.139160,0.264855,0.783533,-0.036204,0.769090
29,157.019510,70,3.500000,0.073501,0.075223,0.001435,-0.062576,-0.091359,-0.001220,0.971019,-0.009905,0.005080,-0.238744,0.056096,-0.071057,0.161022,0.264885,0.540210,0.063044,0.784595
29,157.019510,71,3.550000,0.070372,0.070655,0.001374,-0.055418,-0.083114,-0.001315,0.971992,-0.008947,0.003060,-0.234823,0.083541,-0.067562,0.183323,0.264914,0.052036,0.245106,0.812215
29,157.019510,72,3.600000,0.067601,0.066499,0.001309,-0.050438,-0.075286,-0.001320,0.973079,-0.007299,0.000969,-0.230356,0.086613,-0.054725,0.206410,0.264948,-0.442311,0.302345,0.847017
29,157.019510,73,3.650000,0.065079,0.062735,0.001243,-0.047863,-0.068535,-0.001229,0.974268,-0.005502,-0.000824,-0.225323,0.064926,-0.038930,0.230487,0.264954,-0.628361,0.399339,0.879147
29,157.019510,74,3.700000,0.062686,0.059308,0.001181,-0.047434,-0.063093,-0.001104,0.975557,-0.004145,-0.002106,-0.219698,0.033848,-0.018395,0.255476,0.264922,-0.643410,0.415472,0.930901
29,157.019510,75,3.750000,0.060314,0.056153,0.001126,-0.048557,-0.058671,-0.001030,0.976942,-0.003434,-0.002714,-0.213459,0.001856,0.002707,0.281937,0.264882,-0.063264,0.102948,0.879447
29,157.019510,76,3.800000,0.057886,0.053220,0.001074,-0.050439,-0.054812,-0.001027,0.978423,-0.003393,-0.002634,-0.206568,-0.001336,0.007874,0.306934,0.264874,0.532361,-0.024800,0.839309
29,157.019510,77,3.850000,0.055364,0.050479,0.001023,-0.052279,-0.051021,-0.001037,0.979979,-0.003405,-0.002408,-0.199056,0.025190,0.006619,0.330792,0.264892,0.981959,0.090112,0.806714
29,157.019510,78,3.900000,0.052750,0.047928,0.000971,-0.053929,-0.047277,-0.001013,0.981594,-0.002775,-0.002343,-0.190944,0.074205,0.011440,0.353722,0.264920,0.593311,0.176859,0.766529
29,157.019510,79,3.950000,0.050054,0.045564,0.000921,-0.055666,-0.044166,-0.000935,0.983248,-0.000920,-0.002392,-0.182253,0.103717,0.021280,0.375510,0.264932,-1.065382,-0.419930,0.698923
29,157.019510,80,4.000000,0.047271,0.043356,0.000874,-0.057809,-0.042850,-0.000825,0.984916,0.001704,-0.002333,-0.173008,0.050145,0.001761,0.395377,0.264885,-0.720246,-0.108895,0.605829
29,157.019510,81,4.050000,0.044380,0.041213,0.000833,-0.060352,-0.044101,-0.000806,0.986575,0.002923,-0.002523,-0.163262,0.014106,-0.002931,0.412598,0.264848,-0.236635,0.223668,0.515081
29,157.019510,82,4.100000,0.041363,0.039008,0.000792,-0.063262,-0.046525,-0.000860,0.988205,0.003233,-0.002683,-0.153076,0.002320,0.008473,0.427239,0.264853,0.082152,0.476293,0.424271
29,157.019510,83,4.150000,0.038199,0.036682,0.000749,-0.066348,-0.049256,-0.000909,0.989784,0.003294,-0.002517,-0.142512,0.006290,0.032325,0.439298,0.264879,-0.154481,0.632800,0.323171
29,157.019510,84,4.200000,0.034882,0.034219,0.000704,-0.069252,-0.052103,-0.000909,0.991291,0.003537,-0.001775,-0.131631,-0.001973,0.064070,0.448484,0.264899,-1.480688,-0.133037,0.195324
29,157.019510,85,4.250000,0.031419,0.031614,0.000658,-0.071435,-0.055313,-0.000871,0.992706,0.003678,-0.000221,-0.120503,-0.077098,0.057385,0.454036,0.264890,-0.698063,-0.133166,0.067264
29,157.019510,86,4.300000,0.027848,0.028848,0.000615,-0.072085,-0.058870,-0.000848,0.994014,0.001935,0.001394,-0.109223,-0.112990,0.049398,0.455948,0.264957,0.157927,-0.036947,-0.070178
29,157.019510,87,4.350000,0.024243,0.025905,0.000572,-0.070932,-0.060907,-0.000692,0.995194,-0.000722,0.002908,-0.097879,-0.105948,0.045596,0.453954,0.264978,0.846305,0.224802,-0.218489
29,157.019510,88,4.400000,0.020697,0.022860,0.000538,-0.068023,-0.060481,-0.000501,0.996231,-0.003213,0.004309,-0.086572,-0.064418,0.055010,0.447743,0.264957,0.865102,0.313409,-0.384266
29,157.019510,89,4.450000,0.017296,0.019836,0.000513,-0.063537,-0.057707,-0.000369,0.997124,-0.004650,0.005855,-0.075413,-0.022098,0.069586,0.436820,0.264920,-0.251614,-0.530089,-0.584864
29,157.019510,90,4.500000,0.014119,0.016950,0.000494,-0.057465,-0.053591,-0.000330,0.997874,-0.005005,0.007681,-0.064525,-0.035832,0.042715,0.420196,0.264837,-0.034053,-0.626950,-0.739572
29,157.019510,91,4.550000,0.011246,0.014271,0.000478,-0.049630,-0.049178,-0.000475,0.998483,-0.005749,0.008857,-0.054038,-0.038216,0.010796,0.399174,0.264787,0.264890,-0.587877,-0.915349
29,157.019510,92,4.600000,0.008764,0.011812,0.000454,-0.040653,-0.044018,-0.000737,0.998964,-0.006600,0.009235,-0.044065,-0.025135,-0.019176,0.373155,0.264774,0.565378,-0.453250,-1.108361
29,157.019510,93,4.650000,0.006731,0.009611,0.000417,-0.031321,-0.037952,-0.001040,0.999332,-0.007162,0.008845,-0.034735,0.003405,-0.042195,0.341651,0.264814,0.587493,-0.298155,-1.315919
29,157.019510,94,4.700000,0.005165,0.007713,0.000365,-0.022408,-0.031233,-0.001272,0.999601,-0.007038,0.007848,-0.026192,0.033327,-0.057058,0.304246,0.264897,-0.144898,-0.389204,-1.539989
29,157.019510,95,4.750000,0.004045,0.006152,0.000302,-0.014531,-0.024533,-0.001331,0.999787,-0.006182,0.006454,-0.018585,0.026741,-0.076134,0.260472,0.264958,-0.052206,-0.129736,-1.643092
29,157.019510,96,4.800000,0.003318,0.004925,0.000235,-0.008086,-0.018585,-0.001246,0.999902,-0.005507,0.004579,-0.012066,0.024883,-0.082356,0.213768,0.265014,0.032536,0.177769,-1.748747
29,157.019510,97,4.850000,0.002914,0.003996,0.000173,-0.003527,-0.013234,-0.001030,0.999962,-0.004886,0.002542,-0.006714,0.027178,-0.073266,0.164060,0.265030,0.071947,0.443354,-1.855563
29,157.019510,98,4.900000,0.002738,0.003334,0.000121,-0.000999,-0.008455,-0.000764,0.999987,-0.004208,0.000726,-0.002606,0.031232,-0.050929,0.111317,0.264993,-0.060127,0.581585,-1.964419
29,157.019510,99,4.950000,0.002688,0.002911,0.000083,-0.000276,-0.004327,-0.000554,0.999994,-0.003428,-0.000538,0.000182,0.028441,-0.021718,0.055479,0.265178,-0.561993,0.446406,-2.079006
29,157.019510,100,5.000000,0.002674,0.002695,0.000055,-0.000805,-0.000960,0.000006,0.999994,-0.002718,-0.001076,0.001571,0.000387,0.000662,-0.003616,0,0,0,0
30,161.198537,0,0.000000,1.060207,1.081803,0.015005,-0.007244,-0.008797,0.000899,0.997528,0.001850,-0.001915,-0.070227,0.000000,0.000000,0.000000,0.262341,12.610422,-8.791487,-0.770647
30,161.198537,1,0.050000,1.059845,1.081364,0.015050,-0.009226,-0.010460,-0.003791,0.997528,0.001850,-0.001915,-0.070227,0.630521,-0.439574,-0.021905,0.158053,5.060248,-3.664613,-0.625784
30,161.198537,2,0.100000,1.059383,1.080841,0.014861,-0.010420,-0.011461,-0.201605,0.997255,0.016801,-0.013980,-0.070750,0.883168,-0.623329,-0.039693,0.274400,-0.101598,-0.162521,-0.493406
30,161.198537,3,0.150000,1.058862,1.080268,0.004780,-0.025797,-0.027484,-0.184442,0.996231,0.037717,-0.031055,-0.071667,0.877149,-0.632786,-0.053718,0.321396,-3.225206,2.055465,-0.373866
30,161.198537,4,0.200000,1.057573,1.078893,-0.004442,-0.065842,-0.069562,-0.082605,0.994452,0.058449,-0.048318,-0.072893,0.714599,-0.531801,-0.064345,0.326083,-4.868230,3.716078,-0.265235
30,161.198537,5,0.250000,1.054281,1.075415,-0.008572,-0.129018,-0.135507,0.023807,0.992401,0.075305,-0.062732,-0.074388,0.469889,-0.347742,-0.071884,0.310575,-5.266806,3.885790,-0.225009
30,161.198537,6,0.300000,1.047830,1.068640,-0.007382,-0.207072,-0.216103,0.097397,0.990730,0.086420,-0.072090,-0.076081,0.205600,-0.154734,-0.078280,0.287091,-5.113633,3.616458,-0.191274
30,161.198537,7,0.350000,1.037476,1.057835,-0.002512,-0.290006,-0.301309,0.125079,0.989836,0.091357,-0.076143,-0.077982,-0.050542,0.025478,-0.083717,0.267357,-4.581931,3.120714,-0.160410
30,161.198537,8,0.400000,1.022976,1.042769,0.003742,-0.371692,-0.384973,0.115680,0.989833,0.090315,-0.075222,-0.080092,-0.279557,0.181674,-0.088277,0.254545,-3.691582,2.496042,-0.121701
30,161.198537,9,0.450000,1.004391,1.023521,0.009526,-0.448707,-0.463572,0.083535,0.990593,0.083924,-0.069965,-0.082389,-0.463528,0.307413,-0.091736,0.249023,-2.281147,1.950970,-0.066268
30,161.198537,10,0.500000,0.981956,1.000342,0.013703,-0.519006,-0.534931,0.043178,0.991815,0.073231,-0.061199,-0.084818,-0.576515,0.406575,-0.093619,0.249628,-1.240825,0.962556,-0.105505
30,161.198537,11,0.550000,0.956006,0.973596,0.015862,-0.580866,-0.597283,0.006531,0.993137,0.059932,-0.049716,-0.087263,-0.637111,0.456751,-0.096618,0.253916,-0.469285,0.107469,-0.113547
30,161.198537,12,0.600000,0.926962,0.943731,0.016188,-0.632218,-0.649178,-0.019455,0.994255,0.045221,-0.036833,-0.089752,-0.658901,0.464461,-0.099846,0.259281,0.087218,-0.511936,-0.094922
30,161.198537,13,0.650000,0.895351,0.911272,0.015216,-0.671283,-0.689180,-0.033072,0.994998,0.029971,-0.023692,-0.092296,-0.652780,0.441361,-0.102544,0.264052,0.612407,-0.925067,-0.055201
30,161.198537,14,0.700000,0.861787,0.876813,0.013562,-0.697043,-0.716206,-0.036013,0.995316,0.014809,-0.011128,-0.094884,-0.620442,0.397648,-0.104113,0.267594,1.374016,-1.224752,0.003868
30,161.198537,15,0.750000,0.826935,0.841003,0.011761,-0.709413,-0.729768,-0.031309,0.995237,0.000343,0.000277,-0.097484,-0.550170,0.338862,-0.104003,0.269833,1.589207,-1.313383,-0.041736
30,161.198537,16,0.800000,0.791464,0.804515,0.010196,-0.709172,-0.730136,-0.022120,0.994853,-0.012519,0.010048,-0.100051,-0.469372,0.275364,-0.105190,0.270317,1.915123,-1.197110,-0.074878
30,161.198537,17,0.850000,0.756006,0.768008,0.009090,-0.697910,-0.718674,-0.012291,0.994278,-0.023528,0.018036,-0.102626,-0.372517,0.217383,-0.107318,0.269859,2.146755,-0.952775,-0.098568
30,161.198537,18,0.900000,0.721110,0.732074,0.008475,-0.677573,-0.697142,-0.003931,0.993624,-0.032276,0.024331,-0.105247,-0.264294,0.171261,-0.110120,0.268767,2.011052,-0.795654,-0.111264
30,161.198537,19,0.950000,0.687232,0.697217,0.008279,-0.650126,-0.667767,0.001659,0.992983,-0.038457,0.029191,-0.107956,-0.163025,0.132583,-0.113282,0.267470,1.223932,-1.426854,-0.116928
30,161.198537,20,1.000000,0.654725,0.663829,0.008362,-0.617299,-0.633060,0.004165,0.992406,-0.042228,0.032812,-0.110775,-0.101259,0.061941,-0.116606,0.266402,1.194569,-1.193526,-0.126474
30,161.198537,21,1.050000,0.623860,0.632176,0.008570,-0.580554,-0.595298,0.004180,0.991917,-0.044664,0.034506,-0.113649,-0.041256,0.002713,-0.120201,0.265585,1.366447,-0.945066,-0.155748
30,161.198537,22,1.100000,0.594833,0.602411,0.008779,-0.541894,-0.555577,0.002370,0.991522,-0.045783,0.034556,-0.116596,0.027079,-0.044352,-0.124628,0.264995,1.559660,-0.626625,-0.200042
30,161.198537,23,1.150000,0.567738,0.574632,0.008897,-0.503027,-0.514979,-0.000627,0.991222,-0.045348,0.033235,-0.119658,0.104852,-0.075811,-0.130314,0.264661,1.373399,-0.330800,-0.243559
30,161.198537,24,1.200000,0.542587,0.548883,0.008866,-0.465416,-0.474816,-0.004113,0.991004,-0.043084,0.030895,-0.122887,0.173147,-0.092870,-0.137237,0.264705,0.149351,-0.455057,-0.272693
30,161.198537,25,1.250000,0.519316,0.525142,0.008660,-0.430209,-0.436679,-0.007175,0.990822,-0.039185,0.027914,-0.126318,0.180131,-0.116525,-0.144988,0.265224,0.186094,-0.183094,-0.247855
30,161.198537,26,1.300000,0.497805,0.503308,0.008302,-0.398178,-0.402004,-0.008793,0.990602,-0.035192,0.024316,-0.129919,0.188794,-0.126670,-0.152034,0.265433,0.271310,0.085345,-0.233239
30,161.198537,27,1.350000,0.477896,0.483208,0.007862,-0.370004,-0.370838,-0.009550,0.990328,-0.031019,0.020431,-0.133684,0.201629,-0.123493,-0.158663,0.265600,0.364172,0.310019,-0.221072
30,161.198537,28,1.400000,0.459396,0.464666,0.007385,-0.346021,-0.343306,-0.009556,0.989992,-0.026520,0.016577,-0.137616,0.219094,-0.109206,-0.164947,0.265722,0.192906,0.462556,-0.201434
30,161.198537,29,1.450000,0.442095,0.447501,0.006907,-0.326278,-0.319712,-0.008941,0.989588,-0.021541,0.013010,-0.141713,0.228056,-0.087449,-0.170673,0.265824,-0.685225,0.383884,-0.167559
30,161.198537,30,1.500000,0.425781,0.431515,0.006460,-0.310597,-0.300540,-0.007799,0.989107,-0.016264,0.009947,-0.145958,0.193228,-0.069732,-0.175436,0.265837,-0.717291,0.538894,-0.111032
30,161.198537,31,1.550000,0.410251,0.416488,0.006070,-0.298573,-0.286131,-0.006366,0.988540,-0.011784,0.007446,-0.150313,0.156899,-0.044074,-0.178592,0.265620,-0.687083,0.589216,-0.061179
30,161.198537,32,1.600000,0.395323,0.402182,0.005751,-0.289589,-0.275772,-0.005168,0.987906,-0.008105,0.005714,-0.154740,0.122246,-0.015677,-0.180331,0.265388,-0.604302,0.487789,-0.017776
30,161.198537,33,1.650000,0.380843,0.388393,0.005493,-0.282808,-0.268771,-0.004306,0.987220,-0.005172,0.004818,-0.159205,0.091924,0.007876,-0.180836,0.265194,-0.549791,0.281903,0.018973
30,161.198537,34,1.700000,0.366703,0.374955,0.005278,-0.277328,-0.264509,-0.003755,0.986499,-0.002894,0.004623,-0.163678,0.064488,0.021340,-0.180297,0.265052,-0.887706,0.015140,0.047872
30,161.198537,35,1.750000,0.352837,0.361729,0.005090,-0.272386,-0.262449,-0.003448,0.985752,-0.001237,0.004872,-0.168132,0.020249,0.021656,-0.178936,0.264896,-0.739305,-0.053117,0.109532
30,161.198537,36,1.800000,0.339217,0.348607,0.004918,-0.267470,-0.262056,-0.003424,0.984987,-0.000669,0.005315,-0.172543,-0.016569,0.018862,-0.175823,0.264858,-0.544457,-0.050237,0.151728
30,161.198537,37,1.850000,0.325844,0.335504,0.004746,-0.262222,-0.262310,-0.003474,0.984217,-0.001019,0.005848,-0.176869,-0.043666,0.016461,-0.171510,0.264888,-0.378412,0.026299,0.173297
30,161.198537,38,1.900000,0.312733,0.322389,0.004573,-0.256398,-0.262341,-0.003475,0.983445,-0.002045,0.006442,-0.181081,-0.062480,0.018060,-0.166584,0.264949,-0.323199,0.022140,0.174674
30,161.198537,39,1.950000,0.299913,0.309272,0.004399,-0.249819,-0.261511,-0.003373,0.982675,-0.003527,0.007160,-0.185166,-0.078525,0.019562,-0.161619,0.265006,-0.327525,-0.417841,0.151474
30,161.198537,40,2.000000,0.287422,0.296196,0.004230,-0.242272,-0.259411,-0.003184,0.981906,-0.005394,0.007990,-0.189122,-0.094782,-0.000848,-0.157313,0.265052,-0.105131,-0.325175,0.198714
30,161.198537,41,2.050000,0.275308,0.283225,0.004071,-0.233569,-0.255695,-0.002937,0.981140,-0.007756,0.008396,-0.192963,-0.100043,-0.016541,-0.151665,0.265117,0.149203,-0.156115,0.222394
30,161.198537,42,2.100000,0.263630,0.270441,0.003924,-0.224011,-0.249814,-0.002608,0.980382,-0.010321,0.008443,-0.196657,-0.092678,-0.023771,-0.145343,0.265143,0.464792,-0.056779,0.222077
30,161.198537,43,2.150000,0.252429,0.257950,0.003794,-0.213890,-0.241507,-0.002277,0.979639,-0.012740,0.008278,-0.200191,-0.069570,-0.026099,-0.139031,0.265118,0.677901,-0.040421,0.199176
30,161.198537,44,2.200000,0.241735,0.245875,0.003680,-0.203422,-0.230879,-0.002044,0.978919,-0.014604,0.007943,-0.203572,-0.035812,-0.027752,-0.133369,0.265052,0.587096,-0.207247,0.154967
30,161.198537,45,2.250000,0.231564,0.234331,0.003578,-0.192870,-0.218433,-0.001979,0.978226,-0.015648,0.007397,-0.206817,-0.006598,-0.037934,-0.128964,0.264996,0.580510,-0.018192,0.197918
30,161.198537,46,2.300000,0.221920,0.223409,0.003479,-0.182592,-0.204911,-0.002039,0.977559,-0.016029,0.006453,-0.209954,0.022242,-0.038811,-0.123339,0.264954,0.486595,0.091281,0.221322
30,161.198537,47,2.350000,0.212790,0.213164,0.003377,-0.173099,-0.190865,-0.002177,0.976921,-0.015709,0.005339,-0.212955,0.046390,-0.034351,-0.117048,0.264935,0.410128,0.180497,0.220917
30,161.198537,48,2.400000,0.204136,0.203620,0.003268,-0.164699,-0.176922,-0.002327,0.976316,-0.014774,0.004207,-0.215806,0.066744,-0.025532,-0.110768,0.264933,0.297669,0.204377,0.195747
30,161.198537,49,2.450000,0.195901,0.194774,0.003152,-0.157540,-0.163659,-0.002442,0.975740,-0.013294,0.003183,-0.218506,0.081520,-0.015594,-0.105204,0.264947,0.027247,0.177262,0.146252
30,161.198537,50,2.500000,0.188024,0.186591,0.003030,-0.151642,-0.151612,-0.002483,0.975188,-0.011399,0.002322,-0.221072,0.082820,-0.007056,-0.101047,0.264972,-0.180735,0.277856,0.176687
30,161.198537,51,2.550000,0.180442,0.179011,0.002905,-0.146947,-0.141206,-0.002427,0.974648,-0.009425,0.001663,-0.223537,0.073756,0.006519,-0.096025,0.264979,-0.387592,0.356663,0.188121
30,161.198537,52,2.600000,0.173094,0.171950,0.002784,-0.143288,-0.132556,-0.002315,0.974124,-0.007595,0.001387,-0.225880,0.054400,0.024083,-0.090677,0.264976,-0.367389,0.323227,0.175178
30,161.198537,53,2.650000,0.165930,0.165323,0.002668,-0.140278,-0.125602,-0.002178,0.973618,-0.006138,0.001649,-0.228094,0.036114,0.040057,-0.085698,0.264967,-0.166399,0.212235,0.141288
30,161.198537,54,2.700000,0.158916,0.159042,0.002559,-0.137328,-0.120107,-0.002038,0.973130,-0.005034,0.002405,-0.230187,0.027924,0.050552,-0.081682,0.264962,0.047606,0.126936,0.098500
30,161.198537,55,2.750000,0.152049,0.153037,0.002458,-0.133894,-0.115843,-0.001898,0.972658,-0.004069,0.003464,-0.232182,0.030461,0.056812,-0.078882,0.264961,0.314955,-0.433177,0.128071
30,161.198537,56,2.800000,0.145355,0.147245,0.002363,-0.129660,-0.112749,-0.001758,0.972195,-0.003005,0.004661,-0.234107,0.046379,0.035062,-0.075242,0.264948,0.268561,-0.931258,0.176048
30,161.198537,57,2.850000,0.138872,0.141607,0.002275,-0.124524,-0.110953,-0.001644,0.971751,-0.001681,0.005236,-0.235943,0.059907,-0.011633,-0.070238,0.264908,-1.081663,-0.407044,0.250514
30,161.198537,58,2.900000,0.132646,0.136060,0.002193,-0.119142,-0.110562,-0.001603,0.971338,-0.000304,0.004597,-0.237656,0.005793,-0.032145,-0.063117,0.264869,-1.232535,-0.112600,0.352166
30,161.198537,59,2.950000,0.126688,0.130532,0.002112,-0.114691,-0.111345,-0.001626,0.970966,-0.000361,0.003781,-0.239189,-0.055911,-0.037789,-0.053107,0.264876,-0.383127,0.691937,0.465090
30,161.198537,60,3.000000,0.120954,0.124964,0.002031,-0.111004,-0.111888,-0.001628,0.970649,-0.001949,0.003198,-0.240472,-0.075144,-0.003080,-0.039887,0.264944,0.159556,0.418558,0.485941
30,161.198537,61,3.050000,0.115404,0.119370,0.001950,-0.107498,-0.110786,-0.001506,0.970403,-0.003795,0.003573,-0.241433,-0.067170,0.017962,-0.026074,0.264950,0.536330,-0.053687,0.524775
30,161.198537,62,3.100000,0.110029,0.113831,0.001874,-0.103197,-0.108019,-0.001385,0.970236,-0.005318,0.004412,-0.242061,-0.040336,0.015344,-0.011157,0.264924,0.711874,-0.475761,0.586961
30,161.198537,63,3.150000,0.104869,0.108430,0.001805,-0.097734,-0.104004,-0.001332,0.970161,-0.006205,0.005027,-0.242329,-0.004736,-0.008427,0.005527,0.264893,0.683313,-0.565645,0.674643
30,161.198537,64,3.200000,0.099982,0.103230,0.001739,-0.091474,-0.099293,-0.001351,0.970195,-0.006370,0.004852,-0.242193,0.029432,-0.036710,0.024703,0.264885,0.440711,0.005647,0.791103
30,161.198537,65,3.250000,0.095408,0.098265,0.001671,-0.085343,-0.094383,-0.001387,0.970353,-0.005875,0.003787,-0.241592,0.051501,-0.036400,0.047190,0.264905,0.217776,0.071414,0.813299
30,161.198537,66,3.300000,0.091141,0.093546,0.001602,-0.080345,-0.089687,-0.001369,0.970647,-0.004841,0.002600,-0.240446,0.062455,-0.032737,0.070308,0.264910,-0.231308,0.230291,0.850250
30,161.198537,67,3.350000,0.087124,0.089062,0.001533,-0.076727,-0.085690,-0.001324,0.971076,-0.003518,0.001439,-0.238739,0.050977,-0.021056,0.094476,0.264913,-0.671499,0.272320,0.896302
30,161.198537,68,3.400000,0.083288,0.084777,0.001467,-0.074532,-0.082675,-0.001259,0.971642,-0.002403,0.000631,-0.236445,0.017478,-0.007257,0.119953,0.264907,-0.792767,0.354313,0.939492
30,161.198537,69,3.450000,0.079561,0.080643,0.001404,-0.073373,-0.080530,-0.001196,0.972348,-0.002019,0.000359,-0.233530,-0.022127,0.010538,0.146658,0.264902,-0.729262,0.344716,1.000024
30,161.198537,70,3.500000,0.075892,0.076617,0.001344,-0.072567,-0.078686,-0.001141,0.973196,-0.002494,0.000752,-0.229963,-0.058649,0.027651,0.175083,0.264901,-0.060502,-0.008711,0.954689
30,161.198537,71,3.550000,0.072264,0.072682,0.001287,-0.071287,-0.076475,-0.001090,0.974188,-0.003759,0.001773,-0.225702,-0.061858,0.026825,0.202220,0.264893,0.634448,-0.196644,0.918438
30,161.198537,72,3.600000,0.068700,0.068859,0.001233,-0.068760,-0.073274,-0.001064,0.975308,-0.005105,0.002794,-0.220773,-0.030341,0.016518,0.228326,0.264882,1.195795,-0.149628,0.891219
30,161.198537,73,3.650000,0.065262,0.065195,0.001180,-0.064981,-0.068995,-0.001075,0.976547,-0.005738,0.003393,-0.215203,0.029305,0.008774,0.253659,0.264879,0.918662,-0.114121,0.862823
30,161.198537,74,3.700000,0.062013,0.061745,0.001126,-0.060519,-0.064215,-0.001102,0.977895,-0.004953,0.003486,-0.209009,0.075154,0.003350,0.278184,0.264898,-0.660755,-0.717945,0.817436
30,161.198537,75,3.750000,0.058987,0.058535,0.001071,-0.056159,-0.060177,-0.001086,0.979332,-0.003074,0.003210,-0.202210,0.042081,-0.031754,0.301419,0.264918,-0.296608,-0.372538,0.753808
30,161.198537,76,3.800000,0.056179,0.055526,0.001016,-0.052465,-0.057860,-0.001017,0.980833,-0.002180,0.002243,-0.194826,0.027614,-0.049899,0.322846,0.264914,0.194531,-0.021875,0.694413
30,161.198537,77,3.850000,0.053556,0.052633,0.000966,-0.049890,-0.056191,-0.000944,0.982377,-0.001728,0.000902,-0.186902,0.037951,-0.050655,0.342585,0.264917,0.506376,0.239737,0.640180
30,161.198537,78,3.900000,0.051061,0.049823,0.000918,-0.048703,-0.054691,-0.000861,0.983943,-0.001025,-0.000504,-0.178480,0.063929,-0.038174,0.360781,0.264918,0.220034,0.419904,0.583898
30,161.198537,79,3.950000,0.048626,0.047089,0.000875,-0.049011,-0.053613,-0.000773,0.985512,0.000373,-0.001719,-0.169596,0.075453,-0.016304,0.377379,0.264892,-1.231078,-0.278272,0.509512
30,161.198537,80,4.000000,0.046175,0.044408,0.000837,-0.050735,-0.053687,-0.000735,0.987065,0.002146,-0.002444,-0.160288,0.014133,-0.029137,0.391861,0.264839,-0.685500,-0.124659,0.437787
30,161.198537,81,4.050000,0.043639,0.041724,0.000800,-0.053440,-0.055381,-0.000802,0.988585,0.002354,-0.003241,-0.150612,-0.019709,-0.035160,0.404305,0.264848,-0.145187,0.226313,0.353757
30,161.198537,82,4.100000,0.040967,0.038955,0.000760,-0.056930,-0.057185,-0.000858,0.990054,0.001702,-0.004059,-0.140616,-0.026429,-0.024146,0.414361,0.264857,0.274670,0.851645,0.259517
30,161.198537,83,4.150000,0.038120,0.036095,0.000717,-0.061107,-0.058278,-0.000902,0.991456,0.000921,-0.004581,-0.130357,-0.012315,0.018020,0.421737,0.264857,0.258404,1.061938,0.158339
30,161.198537,84,4.200000,0.035065,0.033181,0.000672,-0.065681,-0.058588,-0.000947,0.992778,0.000626,-0.004104,-0.119897,0.000316,0.070920,0.426238,0.264884,-0.790988,0.213363,0.028768
30,161.198537,85,4.250000,0.031781,0.030252,0.000624,-0.069752,-0.058715,-0.000938,0.994004,0.000803,-0.002351,-0.109311,-0.040380,0.081593,0.427056,0.264942,-0.490590,0.081127,-0.054834
30,161.198537,86,4.300000,0.028293,0.027316,0.000578,-0.072131,-0.059246,-0.000811,0.995118,-0.000003,-0.000222,-0.098693,-0.066232,0.084995,0.425497,0.264989,-0.099852,0.003469,-0.164685
30,161.198537,87,4.350000,0.024687,0.024354,0.000537,-0.072348,-0.059222,-0.000591,0.996108,-0.001443,0.002056,-0.088103,-0.072597,0.084099,0.420816,0.264993,0.311983,-0.073234,-0.301761
30,161.198537,88,4.400000,0.021069,0.021393,0.000507,-0.070213,-0.057988,-0.000369,0.996969,-0.003044,0.004325,-0.077618,-0.058341,0.079278,0.412239,0.264951,0.463641,-0.189896,-0.467872
30,161.198537,89,4.450000,0.017559,0.018493,0.000489,-0.065750,-0.055340,-0.000246,0.997700,-0.004299,0.006445,-0.067339,-0.036399,0.068871,0.398939,0.264888,-0.125784,-0.580092,-0.667934
30,161.198537,90,4.500000,0.014271,0.015726,0.000477,-0.059157,-0.051557,-0.000272,0.998305,-0.005027,0.008267,-0.057388,-0.043731,0.039315,0.379954,0.264837,0.112975,-0.615249,-0.767130
30,161.198537,91,4.550000,0.011313,0.013149,0.000463,-0.050779,-0.047100,-0.000425,0.998790,-0.005983,0.009358,-0.047898,-0.038650,0.007922,0.358148,0.264780,0.348404,-0.575480,-0.889996
30,161.198537,92,4.600000,0.008774,0.010794,0.000442,-0.041332,-0.041679,-0.000713,0.999171,-0.006855,0.009655,-0.038946,-0.021337,-0.021378,0.332850,0.264764,0.533144,-0.487481,-1.034210
30,161.198537,93,4.650000,0.006708,0.008710,0.000406,-0.031610,-0.035332,-0.001046,0.999462,-0.007328,0.009199,-0.030622,0.005590,-0.046021,0.303453,0.264803,0.522964,-0.374982,-1.197812
30,161.198537,94,4.700000,0.005127,0.006943,0.000354,-0.022374,-0.028425,-0.001306,0.999676,-0.007153,0.008100,-0.023032,0.032268,-0.064706,0.269406,0.264891,0.096638,-0.357643,-1.380691
30,161.198537,95,4.750000,0.004008,0.005522,0.000289,-0.014268,-0.021593,-0.001382,0.999826,-0.006329,0.006512,-0.016293,0.037762,-0.082258,0.230160,0.264983,0.104054,-0.063150,-1.459402
30,161.198537,96,4.800000,0.003295,0.004442,0.000220,-0.007777,-0.015486,-0.001253,0.999920,-0.005382,0.004477,-0.010533,0.043683,-0.085086,0.188677,0.265052,0.039859,0.280349,-1.545349
30,161.198537,97,4.850000,0.002906,0.003668,0.000157,-0.003326,-0.010250,-0.000964,0.999971,-0.004291,0.002364,-0.005810,0.046285,-0.070756,0.144751,0.265057,-0.089974,0.560039,-1.636877
30,161.198537,98,4.900000,0.002740,0.003155,0.000109,-0.000981,-0.006051,-0.000641,0.999993,-0.003135,0.000604,-0.002187,0.042175,-0.042499,0.098224,0.264980,-0.287527,0.618434,-1.734227
30,161.198537,99,4.950000,0.002691,0.002853,0.000077,-0.000382,-0.002975,-0.000448,0.999998,-0.002082,-0.000453,0.000272,0.027957,-0.011420,0.048929,0.265116,-0.560407,0.238934,-1.840069
30,161.198537,100,5.000000,0.002672,0.002704,0.000054,-0.000827,-0.000931,0.000003,0.999998,-0.001383,-0.000736,0.001496,-0.000042,0.000578,-0.003375,0,0,0,0
31,157.528594,0,0.000000,1.060193,1.081791,0.015000,-0.007572,-0.009155,0.000121,0.997528,0.001850,-0.001915,-0.070227,0.000000,0.000000,0.000000,0.262788,12.411490,-8.993090,-0.441198
31,157.528594,1,0.050000,1.059815,1.081333,0.015006,-0.009558,-0.010821,-0.003743,0.997528,0.001850,-0.001915,-0.070227,0.620574,-0.449654,-0.012541,0.157809,5.023118,-3.682477,-0.356778
31,157.528594,2,0.100000,1.059337,1.080792,0.014819,-0.010750,-0.011821,-0.202008,0.997272,0.016535,-0.014215,-0.070518,0.871516,-0.634074,-0.022682,0.274212,-0.151105,0.043210,-0.283378
31,157.528594,3,0.150000,1.058799,1.080201,0.004718,-0.026331,-0.027550,-0.185192,0.996285,0.037140,-0.031539,-0.071010,0.863415,-0.632663,-0.030737,0.321976,-3.269170,2.379576,-0.211217
31,157.528594,4,0.200000,1.057483,1.078824,-0.004541,-0.066946,-0.069004,-0.082272,0.994573,0.057525,-0.048783,-0.071656,0.699219,-0.514692,-0.036741,0.326438,-4.472159,3.748767,-0.129388
31,157.528594,5,0.250000,1.054136,1.075373,-0.008655,-0.130590,-0.133950,0.024865,0.992640,0.074016,-0.062766,-0.072440,0.474893,-0.328228,-0.040419,0.309286,-4.969371,3.864723,-0.148597
31,157.528594,6,0.300000,1.047606,1.068676,-0.007412,-0.208101,-0.212904,0.096328,0.991069,0.085261,-0.071689,-0.073298,0.225921,-0.135721,-0.044642,0.286850,-4.937386,3.508846,-0.141747
31,157.528594,7,0.350000,1.037201,1.058031,-0.002595,-0.290223,-0.297095,0.123848,0.990241,0.090688,-0.075369,-0.074286,-0.021178,0.039339,-0.048672,0.267700,-4.545563,2.950704,-0.110715
31,157.528594,8,0.400000,1.022690,1.043176,0.003597,-0.370900,-0.380582,0.115303,0.990271,0.090329,-0.074245,-0.075442,-0.248384,0.186913,-0.051819,0.255082,-3.785496,2.295133,-0.058996
31,157.528594,9,0.450000,1.004145,1.024147,0.009362,-0.446799,-0.459798,0.084262,0.991050,0.084626,-0.069030,-0.076761,-0.437291,0.302158,-0.053496,0.249429,-2.525530,1.556589,0.012054
31,157.528594,10,0.500000,0.981805,1.001157,0.013576,-0.516000,-0.532381,0.044649,0.992306,0.074457,-0.060586,-0.078195,-0.562954,0.380875,-0.053153,0.249800,-1.651077,0.917455,-0.022746
31,157.528594,11,0.550000,0.956005,0.974538,0.015808,-0.577008,-0.596354,0.008216,0.993682,0.061307,-0.049931,-0.079646,-0.644739,0.427884,-0.053799,0.253621,-0.590178,0.440302,-0.046995
31,157.528594,12,0.600000,0.927155,0.944720,0.016219,-0.628200,-0.649843,-0.018488,0.994911,0.046201,-0.037928,-0.081116,-0.673375,0.451215,-0.055135,0.258874,0.388014,0.102201,-0.064803
31,157.528594,13,0.650000,0.895745,0.912228,0.015294,-0.667973,-0.690965,-0.033018,0.995799,0.030413,-0.025270,-0.082588,-0.653030,0.457734,-0.056977,0.263865,0.962311,-0.271389,-0.074589
31,157.528594,14,0.700000,0.862346,0.877680,0.013644,-0.695020,-0.718522,-0.036406,0.996268,0.015134,-0.012481,-0.084054,-0.603924,0.445577,-0.059097,0.267516,0.811119,-1.355075,-0.079042
31,157.528594,15,0.750000,0.827595,0.841754,0.011823,-0.708600,-0.732422,-0.031887,0.996335,0.001047,-0.000092,-0.085531,-0.562369,0.379178,-0.061344,0.269661,1.312814,-1.491114,-0.088949
31,157.528594,16,0.800000,0.792165,0.805133,0.010229,-0.708781,-0.733456,-0.023015,0.996075,-0.012148,0.010556,-0.087037,-0.495846,0.305931,-0.063873,0.270498,1.905178,-1.524580,-0.121367
31,157.528594,17,0.850000,0.756726,0.768460,0.009078,-0.697188,-0.722254,-0.012853,0.995598,-0.023844,0.019231,-0.088581,-0.399845,0.230904,-0.067322,0.270202,2.409285,-1.400281,-0.171667
31,157.528594,18,0.900000,0.721866,0.732347,0.008436,-0.675913,-0.700202,-0.003917,0.995032,-0.033315,0.025822,-0.090195,-0.278791,0.161912,-0.072202,0.269029,2.441325,-1.219789,-0.222936
31,157.528594,19,0.950000,0.688071,0.697337,0.008240,-0.647318,-0.669492,0.002015,0.994498,-0.039930,0.030417,-0.091943,-0.156281,0.101686,-0.078539,0.267483,1.350949,-1.387438,-0.260267
31,157.528594,20,1.000000,0.655705,0.663863,0.008340,-0.613713,-0.632923,0.004358,0.994072,-0.043641,0.033226,-0.093877,-0.088430,0.032780,-0.085937,0.266253,1.435954,-1.102073,-0.245564
31,157.528594,21,1.050000,0.625019,0.632216,0.008558,-0.577102,-0.593218,0.003952,0.993741,-0.045833,0.034154,-0.095975,-0.016526,-0.022035,-0.092917,0.265423,1.504893,-0.779400,-0.242522
31,157.528594,22,1.100000,0.596164,0.602555,0.008756,-0.539413,-0.551666,0.001765,0.993515,-0.046376,0.033540,-0.098244,0.058641,-0.060947,-0.099811,0.264891,1.532166,-0.467705,-0.242127
31,157.528594,23,1.150000,0.569193,0.574972,0.008844,-0.502251,-0.509696,-0.001410,0.993384,-0.045152,0.031766,-0.100701,0.135019,-0.084554,-0.106693,0.264672,1.260160,-0.202963,-0.233041
31,157.528594,24,1.200000,0.544081,0.549487,0.008774,-0.466861,-0.468863,-0.004764,0.993323,-0.042096,0.029206,-0.103361,0.197684,-0.095249,-0.113317,0.264799,0.255937,-0.151703,-0.207499
31,157.528594,25,1.250000,0.520738,0.526044,0.008535,-0.434142,-0.430814,-0.007469,0.993289,-0.037515,0.026210,-0.106217,0.210071,-0.103684,-0.119215,0.265268,0.073576,0.140607,-0.157832
31,157.528594,26,1.300000,0.499031,0.504503,0.008162,-0.404649,-0.396939,-0.008791,0.993216,-0.032652,0.022965,-0.109215,0.213281,-0.097604,-0.123701,0.265525,-0.056976,0.325238,-0.113411
31,157.528594,27,1.350000,0.478798,0.484657,0.007722,-0.378711,-0.367513,-0.009144,0.993087,-0.027693,0.019857,-0.112327,0.209974,-0.082344,-0.126925,0.265686,-0.138790,0.351243,-0.073944
31,157.528594,28,1.400000,0.459863,0.466281,0.007265,-0.356245,-0.342646,-0.008775,0.992896,-0.022773,0.017135,-0.115523,0.202638,-0.065793,-0.129027,0.265736,-0.246268,0.261499,-0.039872
31,157.528594,29,1.450000,0.442051,0.449149,0.006826,-0.336911,-0.322340,-0.007971,0.992647,-0.017988,0.014843,-0.118773,0.190002,-0.053710,-0.130160,0.265705,-0.737701,0.095095,-0.012945
31,157.528594,30,1.500000,0.425205,0.433032,0.006428,-0.320309,-0.306503,-0.006959,0.992349,-0.013481,0.012887,-0.122047,0.152852,-0.049894,-0.130528,0.265621,-0.733334,0.107088,0.046221
31,157.528594,31,1.550000,0.409190,0.417706,0.006080,-0.306109,-0.294890,-0.005910,0.992005,-0.009883,0.011139,-0.125316,0.115938,-0.045297,-0.129214,0.265443,-0.664940,0.166239,0.084351
31,157.528594,32,1.600000,0.393884,0.402962,0.005784,-0.294028,-0.286624,-0.005068,0.991632,-0.007185,0.009620,-0.128541,0.082469,-0.037554,-0.126817,0.265276,-0.605437,0.276698,0.099717
31,157.528594,33,1.650000,0.379183,0.388631,0.005531,-0.283748,-0.280838,-0.004458,0.991240,-0.005292,0.008401,-0.131697,0.052016,-0.024116,-0.123982,0.265141,-0.636274,0.287239,0.092523
31,157.528594,34,1.700000,0.364995,0.374589,0.005308,-0.274885,-0.276773,-0.004053,0.990838,-0.004108,0.007616,-0.134776,0.020089,-0.009998,-0.121352,0.265030,-0.707665,-0.154898,0.058257
31,157.528594,35,1.750000,0.351251,0.360750,0.005106,-0.266934,-0.273785,-0.003830,0.990429,-0.003668,0.007288,-0.137784,-0.015340,-0.017836,-0.119696,0.264951,-0.533396,-0.084064,0.091197
31,157.528594,36,1.800000,0.337904,0.347061,0.004914,-0.259355,-0.271206,-0.003744,0.990014,-0.004131,0.006889,-0.140743,-0.042091,-0.021969,-0.117104,0.264953,-0.299834,0.046844,0.096984
31,157.528594,37,1.850000,0.324937,0.333501,0.004727,-0.252092,-0.268145,-0.003655,0.989596,-0.005270,0.006481,-0.143631,-0.057180,-0.019440,-0.114347,0.264987,0.020271,0.098511,0.075641
31,157.528594,38,1.900000,0.312332,0.320093,0.004544,-0.245055,-0.263940,-0.003507,0.989176,-0.006773,0.006190,-0.146447,-0.056251,-0.014266,-0.112197,0.265035,0.260701,0.063623,0.029573
31,157.528594,39,1.950000,0.300079,0.306896,0.004369,-0.238071,-0.258254,-0.003284,0.988753,-0.008233,0.006024,-0.149210,-0.043277,-0.010846,-0.111357,0.265063,0.216805,-0.153022,-0.038593
31,157.528594,40,2.000000,0.288176,0.293984,0.004205,-0.231017,-0.251144,-0.003028,0.988326,-0.009360,0.005895,-0.151953,-0.032482,-0.018314,-0.112454,0.265059,0.271844,-0.010534,-0.019516
31,157.528594,41,2.050000,0.276625,0.281427,0.004053,-0.223902,-0.242942,-0.002799,0.987889,-0.010249,0.005539,-0.154722,-0.018968,-0.018702,-0.113009,0.265044,0.255247,0.058374,-0.018831
31,157.528594,42,2.100000,0.265430,0.269279,0.003913,-0.216974,-0.233844,-0.002611,0.987446,-0.010805,0.005122,-0.157505,-0.006286,-0.015702,-0.113544,0.265020,0.263415,0.115934,-0.039775
31,157.528594,43,2.150000,0.254581,0.257587,0.003783,-0.210339,-0.224163,-0.002474,0.986995,-0.011037,0.004728,-0.160302,0.006817,-0.009878,-0.114674,0.264997,0.237497,0.118251,-0.082503
31,157.528594,44,2.200000,0.244064,0.246379,0.003659,-0.204023,-0.214216,-0.002380,0.986534,-0.010922,0.004425,-0.163129,0.018649,-0.003995,-0.117019,0.264979,0.049885,0.079804,-0.146024
31,157.528594,45,2.250000,0.233863,0.235668,0.003540,-0.197990,-0.204350,-0.002315,0.986058,-0.010491,0.004219,-0.166016,0.021125,-0.000088,-0.121170,0.264965,-0.084674,0.178251,-0.126103
31,157.528594,46,2.300000,0.223963,0.225451,0.003424,-0.192198,-0.194885,-0.002265,0.985556,-0.009983,0.004097,-0.169004,0.016891,0.008727,-0.124755,0.264957,-0.229789,0.262917,-0.121681
31,157.528594,47,2.350000,0.214354,0.215706,0.003311,-0.186580,-0.185910,-0.002218,0.985028,-0.009543,0.004210,-0.172081,0.005443,0.021793,-0.128213,0.264961,-0.164614,0.242720,-0.138344
31,157.528594,48,2.400000,0.205025,0.206411,0.003200,-0.180899,-0.177396,-0.002157,0.984470,-0.009329,0.004692,-0.175243,-0.002682,0.033903,-0.132146,0.264970,0.063639,0.149982,-0.173053
31,157.528594,49,2.450000,0.195980,0.197541,0.003092,-0.174762,-0.169190,-0.002079,0.983881,-0.009262,0.005508,-0.178502,0.000670,0.041415,-0.137065,0.264970,0.288818,0.085878,-0.213762
31,157.528594,50,2.500000,0.187242,0.189082,0.002988,-0.167821,-0.161212,-0.002007,0.983257,-0.009079,0.006491,-0.181882,0.015327,0.045706,-0.143141,0.264959,0.552803,-0.451174,-0.178691
31,157.528594,51,2.550000,0.178850,0.181021,0.002888,-0.159937,-0.153611,-0.001965,0.982595,-0.008518,0.007513,-0.185412,0.043215,0.023064,-0.148220,0.264928,0.490985,-0.930711,-0.121685
31,157.528594,52,2.600000,0.170854,0.173341,0.002790,-0.151144,-0.146765,-0.001984,0.981906,-0.007377,0.007847,-0.189065,0.067894,-0.023715,-0.151679,0.264901,-0.878446,-0.397954,-0.034675
31,157.528594,53,2.650000,0.163296,0.166002,0.002691,-0.142216,-0.141114,-0.002040,0.981197,-0.005852,0.006916,-0.192795,0.023835,-0.044003,-0.152665,0.264957,-1.058173,-0.098734,0.082155
31,157.528594,54,2.700000,0.156186,0.158947,0.002589,-0.134449,-0.136788,-0.001958,0.980465,-0.005506,0.005700,-0.196536,-0.029328,-0.049078,-0.150329,0.264973,-0.243660,0.703535,0.208213
31,157.528594,55,2.750000,0.149463,0.152107,0.002491,-0.127903,-0.132589,-0.001829,0.979721,-0.006487,0.004620,-0.200208,-0.041791,-0.013734,-0.144411,0.264958,0.265245,0.429866,0.240574
31,157.528594,56,2.800000,0.143068,0.145478,0.002399,-0.122187,-0.127260,-0.001728,0.978986,-0.007596,0.004469,-0.203737,-0.028604,0.007988,-0.137573,0.264924,0.591752,-0.035095,0.291392
31,157.528594,57,2.850000,0.136959,0.139115,0.002313,-0.116375,-0.120857,-0.001704,0.978273,-0.008271,0.004784,-0.207101,0.001025,0.006383,-0.129290,0.264899,0.710066,-0.447002,0.368209
31,157.528594,58,2.900000,0.131140,0.133072,0.002228,-0.110103,-0.113891,-0.001740,0.977598,-0.008228,0.004908,-0.210263,0.036560,-0.015972,-0.118824,0.264900,0.629137,-0.528395,0.474900
31,157.528594,59,2.950000,0.125635,0.127377,0.002141,-0.103697,-0.107011,-0.001774,0.976978,-0.007433,0.004301,-0.213168,0.067944,-0.042557,-0.105325,0.264926,0.348077,0.048698,0.615912
31,157.528594,60,3.000000,0.120450,0.122027,0.002052,-0.098019,-0.100785,-0.001743,0.976428,-0.006012,0.002880,-0.215738,0.085178,-0.040394,-0.087818,0.264954,0.100104,0.123589,0.669113
31,157.528594,61,3.050000,0.115549,0.116987,0.001965,-0.093987,-0.095635,-0.001631,0.975965,-0.004157,0.001422,-0.217881,0.090049,-0.034498,-0.068799,0.264956,-0.373161,0.296288,0.742447
31,157.528594,62,3.100000,0.110850,0.112206,0.001883,-0.091736,-0.091958,-0.001490,0.975597,-0.002150,0.000082,-0.219558,0.071301,-0.019919,-0.047695,0.264932,-0.837897,0.355150,0.828847
31,157.528594,63,3.150000,0.106263,0.107608,0.001809,-0.091194,-0.089917,-0.001379,0.975337,-0.000520,-0.000797,-0.220720,0.029370,-0.002290,-0.024135,0.264891,-0.983430,0.452403,0.913192
31,157.528594,64,3.200000,0.101703,0.103112,0.001740,-0.091845,-0.089247,-0.001340,0.975203,0.000184,-0.001016,-0.221308,-0.019804,0.020303,0.001822,0.264871,-0.935960,0.450758,1.012108
31,157.528594,65,3.250000,0.097111,0.098650,0.001673,-0.092856,-0.089202,-0.001340,0.975214,-0.000187,-0.000411,-0.221264,-0.066603,0.042839,0.030591,0.264882,-0.271495,0.094798,1.000210
31,157.528594,66,3.300000,0.092468,0.094190,0.001606,-0.093209,-0.088934,-0.001318,0.975381,-0.001574,0.001002,-0.220518,-0.080228,0.047502,0.059022,0.264916,0.440177,-0.112665,0.991078
31,157.528594,67,3.350000,0.087808,0.089743,0.001540,-0.091909,-0.087644,-0.001236,0.975698,-0.003267,0.002605,-0.219078,-0.058325,0.041689,0.087193,0.264929,1.044388,-0.100836,0.987192
31,157.528594,68,3.400000,0.083212,0.085361,0.001478,-0.088713,-0.085076,-0.001144,0.976165,-0.004456,0.003948,-0.216950,-0.006244,0.036454,0.115253,0.264918,0.830371,-0.107545,0.982532
31,157.528594,69,3.450000,0.078776,0.081107,0.001421,-0.083983,-0.081649,-0.001089,0.976781,-0.004399,0.004885,-0.214140,0.035115,0.031050,0.143181,0.264897,-0.687818,-0.748184,0.965200
31,157.528594,70,3.500000,0.074577,0.077024,0.001366,-0.078378,-0.078460,-0.001082,0.977541,-0.003358,0.005471,-0.210650,0.000556,-0.006169,0.170617,0.264875,-0.278902,-0.437986,0.929988
31,157.528594,71,3.550000,0.070658,0.073101,0.001312,-0.072438,-0.076370,-0.001113,0.978431,-0.003353,0.005331,-0.206478,-0.013350,-0.028064,0.197051,0.264885,0.297173,-0.149022,0.887323
31,157.528594,72,3.600000,0.067036,0.069283,0.001257,-0.066641,-0.074232,-0.001124,0.979439,-0.003798,0.004730,-0.201651,0.001719,-0.035615,0.222273,0.264895,0.711566,0.045653,0.842331
31,157.528594,73,3.650000,0.063704,0.065571,0.001200,-0.061345,-0.071517,-0.001113,0.980548,-0.003909,0.003870,-0.196202,0.037598,-0.033318,0.246216,0.264906,0.515864,0.174410,0.794358
31,157.528594,74,3.700000,0.060637,0.061995,0.001145,-0.056869,-0.068501,-0.001077,0.981743,-0.003127,0.002893,-0.190163,0.063702,-0.024246,0.268796,0.264912,-0.887921,-0.543958,0.732632
31,157.528594,75,3.750000,0.057794,0.058570,0.001091,-0.053499,-0.066029,-0.001017,0.983004,-0.001660,0.002016,-0.183564,0.019554,-0.050794,0.289620,0.264905,-0.363210,-0.380351,0.675721
31,157.528594,76,3.800000,0.055119,0.055269,0.001040,-0.051255,-0.064791,-0.000959,0.984310,-0.001398,0.000690,-0.176441,0.001951,-0.069597,0.308828,0.264916,0.138227,-0.018161,0.600774
31,157.528594,77,3.850000,0.052556,0.052029,0.000992,-0.050347,-0.063561,-0.000876,0.985643,-0.001651,-0.001020,-0.168834,0.009678,-0.070482,0.325904,0.264915,0.499850,0.635139,0.517470
31,157.528594,78,3.900000,0.050039,0.048851,0.000948,-0.051060,-0.061795,-0.000797,0.986983,-0.001718,-0.002784,-0.160794,0.035543,-0.038606,0.340613,0.264883,0.392448,0.918542,0.436077
31,157.528594,79,3.950000,0.047486,0.045761,0.000908,-0.053485,-0.059692,-0.000783,0.988314,-0.001020,-0.003865,-0.152380,0.055664,0.007781,0.353009,0.264848,-0.781761,0.196931,0.339663
31,157.528594,80,4.000000,0.044811,0.042777,0.000869,-0.057079,-0.058125,-0.000839,0.989621,0.000351,-0.003876,-0.143647,0.016472,0.018373,0.362663,0.264847,-0.614976,0.212139,0.300288
31,157.528594,81,4.050000,0.041958,0.039871,0.000827,-0.060891,-0.057920,-0.000896,0.990884,0.000789,-0.003483,-0.134667,-0.014530,0.029207,0.371199,0.264863,-0.313379,0.297343,0.237842
31,157.528594,82,4.100000,0.038913,0.036975,0.000783,-0.064381,-0.058226,-0.000921,0.992094,0.000495,-0.002718,-0.125467,-0.030610,0.043869,0.377960,0.264888,0.079823,0.292205,0.153885
31,157.528594,83,4.150000,0.035694,0.034063,0.000737,-0.067087,-0.058373,-0.000895,0.993238,-0.000152,-0.001539,-0.116089,-0.027248,0.058041,0.382334,0.264912,0.208344,0.199161,0.046360
31,157.528594,84,4.200000,0.032340,0.031145,0.000692,-0.068569,-0.058050,-0.000820,0.994303,-0.000675,-0.000017,-0.106592,-0.017673,0.067603,0.383651,0.264925,-0.398769,-0.172344,-0.091394
31,157.528594,85,4.250000,0.028911,0.028242,0.000651,-0.068515,-0.057389,-0.000719,0.995277,-0.000934,0.001717,-0.097051,-0.038596,0.058729,0.381054,0.264936,-0.180018,-0.211358,-0.128585
31,157.528594,86,4.300000,0.025485,0.025373,0.000615,-0.066749,-0.056640,-0.000601,0.996152,-0.001736,0.003281,-0.087566,-0.048446,0.047603,0.377399,0.264921,0.055937,-0.216154,-0.194905
31,157.528594,87,4.350000,0.022148,0.022541,0.000585,-0.063393,-0.055225,-0.000520,0.996926,-0.002807,0.004589,-0.078162,-0.046331,0.036101,0.371858,0.264893,0.270908,-0.217888,-0.291597
31,157.528594,88,4.400000,0.018978,0.019779,0.000559,-0.058690,-0.052832,-0.000506,0.997601,-0.003848,0.005605,-0.068888,-0.033295,0.024553,0.363570,0.264859,0.326433,-0.237894,-0.419992
31,157.528594,89,4.450000,0.016044,0.017138,0.000533,-0.052945,-0.049444,-0.000571,0.998179,-0.004585,0.006309,-0.059816,-0.017313,0.012199,0.351632,0.264838,0.000578,-0.385783,-0.582628
31,157.528594,90,4.500000,0.013397,0.014666,0.000505,-0.046499,-0.045325,-0.000691,0.998662,-0.004944,0.006679,-0.051038,-0.017446,-0.007322,0.335071,0.264836,0.134320,-0.271703,-0.658549
31,157.528594,91,4.550000,0.011072,0.012399,0.000470,-0.039708,-0.040817,-0.000822,0.999054,-0.005332,0.006560,-0.042667,-0.010637,-0.021129,0.316352,0.264842,0.213694,-0.100093,-0.760265
31,157.528594,92,4.600000,0.009086,0.010359,0.000429,-0.033057,-0.035866,-0.000943,0.999362,-0.005568,0.006086,-0.034760,0.000301,-0.026261,0.294742,0.264865,0.224688,0.059180,-0.885885
31,157.528594,93,4.650000,0.007433,0.008565,0.000382,-0.026901,-0.030615,-0.001020,0.999594,-0.005539,0.005470,-0.027391,0.011829,-0.023299,0.269561,0.264889,0.142365,0.088290,-1.034152
31,157.528594,94,4.700000,0.006088,0.007034,0.000331,-0.021387,-0.025330,-0.001044,0.999761,-0.005222,0.004917,-0.020653,0.019186,-0.018763,0.240165,0.264904,-0.056474,-0.215695,-1.205338
31,157.528594,95,4.750000,0.005019,0.005768,0.000279,-0.016458,-0.020307,-0.001032,0.999872,-0.004723,0.004469,-0.014650,0.016533,-0.029373,0.205904,0.264920,-0.022799,-0.062477,-1.282763
31,157.528594,96,4.800000,0.004196,0.004753,0.000227,-0.012006,-0.015738,-0.000980,0.999939,-0.004297,0.003753,-0.009501,0.015623,-0.032368,0.169442,0.264934,-0.014610,0.115974,-1.369392
31,157.528594,97,4.850000,0.003596,0.003966,0.000178,-0.008283,-0.011557,-0.000893,0.999974,-0.003898,0.002959,-0.005264,0.015100,-0.026468,0.130517,0.264922,-0.029153,0.253442,-1.463239
31,157.528594,98,4.900000,0.003182,0.003388,0.000134,-0.005360,-0.007747,-0.000821,0.999989,-0.003515,0.002308,-0.001999,0.013774,-0.013721,0.088925,0.264882,-0.076717,0.257649,-1.563348
31,157.528594,99,4.950000,0.002914,0.003000,0.000093,-0.003089,-0.004304,-0.000816,0.999993,-0.003166,0.001972,0.000224,0.009984,-0.000793,0.044487,0.265325,-0.196111,0.016487,-1.669994
31,157.528594,100,5.000000,0.002759,0.002785,0.000052,-0.001152,-0.001193,0.000012,0.999993,-0.002914,0.001956,0.001336,0.000180,0.000049,-0.002982,0,0,0,0
