solve_num,solve_time_ms,solve_iters,coord_mode,node,t,theta,px,py,pz,vx,vy,vz,qw,qx,qy,qz,wx,wy,wz,fz,mx,my,mz,tgt_x,tgt_y,tgt_z,tgt_vx,tgt_vy,tgt_vz,tgt_ax,tgt_ay,tgt_az,tgt_qw,tgt_qx,tgt_qy,tgt_qz,tgt_wx,tgt_wy,tgt_wz,tgt_alfx,tgt_alfy,tgt_alfz
0,188.870230,75,absolute_shifted,0,0.000000,0.119991,1.315216,1.483178,0.978975,0.026779,0.030257,-0.016586,0.999984,0.003613,0.003096,0.002959,0.092925,-0.086857,0.095652,0.268543,5.206680,-6.118683,-1.398256,-1.314538,-1.489134,0.509243,0.000000,0.000001,-0.000000,0.000000,0.000000,-0.000000,0.875279,0.001816,-0.002255,-0.483610,0.000000,0.000000,0.000000,0.000001,0.000000,0.000000
0,188.870230,75,absolute_shifted,1,0.119991,0.119994,1.318108,1.485571,0.977944,0.010690,-0.000148,-0.001136,0.999301,0.028105,-0.023987,0.005653,0.719130,-0.819725,0.000271,0.269520,-3.742894,4.143822,-0.011593,-1.314537,-1.489134,0.509243,0.000000,0.000001,-0.000000,0.000000,0.000000,-0.000000,0.875279,0.001816,-0.002255,-0.483610,0.000000,0.000000,0.000000,0.000001,0.000000,0.000000
0,188.870230,75,absolute_shifted,2,0.239985,0.119993,1.313998,1.479740,0.978582,-0.092646,-0.108930,0.009629,0.996620,0.057912,-0.058023,0.005382,0.270002,-0.322494,-0.000519,0.269478,-2.142703,2.389803,0.007333,-1.314537,-1.489134,0.509243,0.000000,0.000001,-0.000000,0.000000,0.000000,-0.000000,0.875279,0.001816,-0.002255,-0.483610,0.000000,0.000000,0.000000,0.000001,0.000000,0.000000
0,188.870230,75,absolute_shifted,3,0.359978,0.119993,1.293911,1.457741,0.979839,-0.246345,-0.261112,0.010361,0.995411,0.066422,-0.068681,0.005232,0.012886,-0.035738,-0.000019,0.268752,-1.149952,1.293596,-0.000487,-1.314537,-1.489134,0.509243,0.000000,0.000001,-0.000000,0.000000,0.000000,-0.000000,0.875279,0.001816,-0.002255,-0.483610,0.000000,0.000000,0.000000,0.000001,0.000000,0.000000
0,188.870230,75,absolute_shifted,4,0.479972,0.119993,1.254610,1.416944,0.980818,-0.407734,-0.417555,0.006263,0.995799,0.063058,-0.066197,0.005164,-0.125100,0.119485,-0.000052,0.267873,-0.546372,0.626612,0.000107,-1.314537,-1.489134,0.509243,0.000000,0.000001,-0.000000,0.000000,0.000000,-0.000000,0.875279,0.001816,-0.002255,-0.483610,0.000000,0.000000,0.000000,0.000001,0.000000,0.000000
0,188.870230,75,absolute_shifted,5,0.599964,0.119992,1.196700,1.358224,0.981276,-0.553855,-0.557429,0.002262,0.996931,0.053572,-0.056855,0.005127,-0.190660,0.194675,-0.000045,0.267072,-0.182990,0.224284,0.000349,-1.314537,-1.489134,0.509243,0.000000,0.000001,-0.000000,0.000000,0.000000,-0.000000,0.875279,0.001816,-0.002255,-0.483610,0.000000,0.000000,0.000000,0.000001,0.000000,0.000000
0,188.870230,75,absolute_shifted,6,0.719956,0.119991,1.122770,1.284247,0.981383,-0.673551,-0.670801,0.000483,0.998138,0.041440,-0.044461,0.005105,-0.212617,0.221587,-0.000021,0.266433,0.031164,-0.013653,0.000177,-1.314537,-1.489134,0.509243,0.000000,0.000001,-0.000000,0.000000,0.000000,-0.000000,0.875279,0.001816,-0.002255,-0.483610,0.000000,0.000000,0.000000,0.000001,0.000000,0.000000
0,188.870230,75,absolute_shifted,7,0.839947,0.119989,1.036293,1.198452,0.981431,-0.762689,-0.754206,0.001052,0.999084,0.028746,-0.031298,0.005089,-0.208877,0.219949,-0.000009,0.265968,0.151751,-0.148574,0.000060,-1.314537,-1.489134,0.509243,0.000000,0.000001,-0.000000,0.000000,0.000000,-0.000000,0.875279,0.001816,-0.002255,-0.483610,0.000000,0.000000,0.000000,0.000001,0.000000,0.000000
0,188.870230,75,absolute_shifted,8,0.959936,0.119987,0.940968,1.104444,0.981658,-0.821276,-0.807978,0.003195,0.999673,0.016704,-0.018705,0.005077,-0.190668,0.202122,-0.000005,0.265660,0.213020,-0.218205,0.000025,-1.314537,-1.489133,0.509243,0.000000,0.000001,-0.000000,0.000000,0.000000,-0.000000,0.875279,0.001816,-0.002255,-0.483610,0.000000,0.000000,0.000000,0.000001,0.000000,0.000000
0,188.870230,75,absolute_shifted,9,1.079924,0.119985,0.840337,1.005645,0.982195,-0.851674,-0.834600,0.005966,0.999942,0.005976,-0.007421,0.005066,-0.165108,0.175941,-0.000003,0.265475,0.236559,-0.246287,0.000016,-1.314537,-1.489133,0.509243,0.000000,0.000001,-0.000000,0.000000,0.000000,-0.000000,0.875279,0.001816,-0.002255,-0.483610,0.000000,0.000000,0.000000,0.000001,0.000000,0.000000
0,188.870230,75,absolute_shifted,10,1.199909,0.119982,0.737575,0.905107,0.983067,-0.857468,-0.837654,0.008600,0.999980,-0.003127,0.002202,0.005056,-0.136725,0.146390,-0.000002,0.265377,0.236367,-0.248188,0.000010,-1.314537,-1.489133,0.509243,0.000000,0.000001,-0.000000,0.000000,0.000000,-0.000000,0.875279,0.001816,-0.002255,-0.483610,0.000000,0.000000,0.000000,0.000001,0.000000,0.000000
0,188.870230,75,absolute_shifted,11,1.319891,0.119978,0.635393,0.805418,0.984225,-0.842751,-0.821153,0.010623,0.999881,-0.010518,0.010053,0.005047,-0.108365,0.116612,-0.000002,0.265336,0.221775,-0.234134,0.000008,-1.314537,-1.489133,0.509243,0.000000,0.000001,-0.000000,0.000000,0.000000,-0.000000,0.875279,0.001816,-0.002255,-0.483610,0.000000,0.000000,0.000000,0.000001,0.000000,0.000000
0,188.870230,75,absolute_shifted,12,1.439869,0.119973,0.536003,0.708683,0.985579,-0.811663,-0.789126,0.011832,0.999724,-0.016250,0.016176,0.005039,-0.081757,0.088521,-0.000001,0.265325,0.199118,-0.211056,0.000006,-1.314537,-1.489133,0.509243,0.000000,0.000001,-0.000000,0.000000,0.000000,-0.000000,0.875279,0.001816,-0.002255,-0.483610,0.000000,0.000000,0.000000,0.000001,0.000000,0.000000
0,188.870230,75,absolute_shifted,13,1.559842,0.119968,0.441130,0.616535,0.987030,-0.768121,-0.745358,0.012230,0.999564,-0.020460,0.020704,0.005033,-0.057868,0.063200,-0.000001,0.265328,0.172694,-0.183653,-0.000004,-1.314537,-1.489133,0.509243,0.000000,0.000001,-0.000000,0.000000,0.000000,-0.000000,0.875279,0.001816,-0.002255,-0.483610,0.000000,0.000000,0.000000,0.000001,0.000000,0.000000
0,188.870230,75,absolute_shifted,14,1.679810,0.119960,0.352055,0.530173,0.988486,-0.715662,-0.693257,0.011941,0.999432,-0.023324,0.023818,0.005027,-0.037150,0.041167,-0.000001,0.265331,0.145385,-0.155078,0.000009,-1.314537,-1.489133,0.509243,0.000000,0.000001,-0.000000,0.000000,0.000000,-0.000000,0.875279,0.001816,-0.002255,-0.483610,0.000000,0.000000,0.000000,0.000001,0.000000,0.000000
0,188.870230,75,absolute_shifted,15,1.799770,0.119950,0.269656,0.450417,0.989875,-0.657370,-0.635781,0.011144,0.999343,-0.025037,0.025720,0.005023,-0.019710,0.022564,-0.000000,0.265329,0.119036,-0.127357,-0.000004,-1.314537,-1.489133,0.509243,0.000000,0.000001,-0.000000,0.000000,0.000000,-0.000000,0.875279,0.001816,-0.002255,-0.483610,0.000000,0.000000,0.000000,0.000001,0.000000,0.000000
0,188.870230,75,absolute_shifted,16,1.919720,0.119937,0.194473,0.377757,0.991147,-0.595850,-0.575423,0.010028,0.999300,-0.025795,0.026611,0.005020,-0.005431,0.007288,-0.000001,0.265317,0.094783,-0.101742,0.000002,-1.314537,-1.489133,0.509243,0.000000,0.000001,-0.000000,0.000000,0.000000,-0.000000,0.875279,0.001816,-0.002255,-0.483610,0.000000,0.000000,0.000000,0.000001,0.000000,0.000000
0,188.870230,75,absolute_shifted,17,2.039657,0.119921,0.126761,0.312412,0.992273,-0.533249,-0.514230,0.008759,0.999299,-0.025781,0.026682,0.005018,0.005937,-0.004915,-0.000000,0.265296,0.073245,-0.078926,0.000001,-1.314537,-1.489133,0.509243,0.000000,0.000001,-0.000000,0.000000,0.000000,-0.000000,0.875279,0.001816,-0.002255,-0.483610,0.000000,0.000000,0.000000,0.000001,0.000000,0.000000
0,188.870230,75,absolute_shifted,18,2.159578,0.119899,0.066542,0.254382,0.993245,-0.471281,-0.453832,0.007468,0.999330,-0.025159,0.026107,0.005016,0.014720,-0.014380,-0.000000,0.265266,0.054723,-0.059257,-0.000000,-1.314537,-1.489133,0.509243,0.000000,0.000001,-0.000000,0.000000,0.000000,-0.000000,0.875279,0.001816,-0.002255,-0.483610,0.000000,0.000000,0.000000,0.000001,0.000000,0.000000
0,188.870230,75,absolute_shifted,19,2.279476,0.119869,0.013658,0.203491,0.994065,-0.411281,-0.395494,0.006249,0.999384,-0.024075,0.025038,0.005015,0.021282,-0.021485,-0.000000,0.265229,0.039316,-0.042855,-0.000001,-1.314537,-1.489132,0.509243,0.000000,0.000001,-0.000000,0.000000,0.000000,-0.000000,0.875279,0.001816,-0.002255,-0.483610,0.000000,0.000000,0.000000,0.000001,0.000000,0.000000
0,188.870230,75,absolute_shifted,20,2.399345,0.119828,-0.032190,0.159433,0.994745,-0.354255,-0.340162,0.005156,0.999452,-0.022652,0.023604,0.005014,0.025994,-0.026622,-0.000000,0.265187,0.027033,-0.029752,0.000001,-1.314537,-1.489132,0.509243,0.000000,0.000001,-0.000000,0.000000,0.000000,-0.000000,0.875279,0.001816,-0.002255,-0.483610,0.000000,0.000000,0.000000,0.000001,0.000000,0.000000
0,188.870230,75,absolute_shifted,21,2.519173,0.119771,-0.071406,0.121806,0.995303,-0.300930,-0.288519,0.004219,0.999527,-0.020990,0.021912,0.005014,0.029234,-0.030187,-0.000000,0.265143,0.017871,-0.019947,-0.000002,-1.314537,-1.489132,0.509242,0.000000,0.000001,-0.000000,0.000000,0.000000,-0.000000,0.875279,0.001816,-0.002255,-0.483610,0.000000,0.000000,0.000000,0.000001,0.000000,0.000000
0,188.870230,75,absolute_shifted,22,2.638945,0.119689,-0.104464,0.090136,0.995758,-0.251816,-0.241037,0.003442,0.999603,-0.019166,0.020042,0.005013,0.031374,-0.032576,-0.000001,0.265098,0.011754,-0.013386,0.000002,-1.314537,-1.489132,0.509242,0.000000,0.000001,-0.000000,0.000000,0.000000,-0.000000,0.875279,0.001816,-0.002255,-0.483610,0.000000,0.000000,0.000000,0.000001,0.000000,0.000000
0,188.870230,75,absolute_shifted,23,2.758634,0.119567,-0.131890,0.063906,0.996130,-0.207257,-0.198031,0.002817,0.999676,-0.017237,0.018055,0.005013,0.032781,-0.034178,-0.000000,0.265053,0.008903,-0.010299,-0.000002,-1.314537,-1.489132,0.509242,0.000000,0.000001,-0.000000,0.000000,0.000000,-0.000000,0.875279,0.001816,-0.002255,-0.483610,0.000000,0.000000,0.000000,0.000001,0.000000,0.000000
0,188.870230,75,absolute_shifted,24,2.878201,0.119371,-0.154246,0.042565,0.996434,-0.167490,-0.159714,0.002327,0.999744,-0.015236,0.015986,0.005013,0.033845,-0.035409,-0.000001,0.265011,0.009885,-0.011312,-0.000000,-1.314537,-1.489132,0.509242,0.000000,0.000001,-0.000000,0.000000,0.000000,-0.000000,0.875279,0.001816,-0.002255,-0.483610,0.000000,0.000000,0.000000,0.000001,0.000000,0.000000
0,188.870230,75,absolute_shifted,25,2.997572,0.119029,-0.172113,0.025546,0.996687,-0.132701,-0.126250,0.001953,0.999805,-0.013170,0.013843,0.005013,0.035025,-0.036760,-0.000001,0.264971,0.014439,-0.016161,-0.000000,-1.314537,-1.489132,0.509242,0.000000,0.000001,-0.000000,0.000000,0.000000,-0.000000,0.875279,0.001816,-0.002255,-0.483610,0.000000,0.000000,0.000000,0.000001,0.000000,0.000000
0,188.870230,75,absolute_shifted,26,3.116600,0.118321,-0.186095,0.012260,0.996900,-0.103095,-0.097825,0.001674,0.999859,-0.011024,0.011609,0.005013,0.036744,-0.038683,-0.000001,0.264934,0.008986,-0.010463,0.000000,-1.314537,-1.489132,0.509242,0.000000,0.000001,-0.000000,0.000000,0.000000,-0.000000,0.875279,0.001816,-0.002255,-0.483610,0.000000,0.000000,0.000000,0.000001,0.000000,0.000000
0,188.870230,75,absolute_shifted,27,3.234921,0.116234,-0.196811,0.002106,0.997084,-0.078930,-0.074670,0.001470,0.999905,-0.008807,0.009295,0.005013,0.037807,-0.039921,-0.000001,0.264902,-0.040760,0.042285,0.000001,-1.314537,-1.489132,0.509242,0.000000,0.000001,-0.000000,0.000000,0.000000,-0.000000,0.875279,0.001816,-0.002255,-0.483610,0.000000,0.000000,0.000000,0.000001,0.000000,0.000000
0,188.870230,75,absolute_shifted,28,3.351155,0.093211,-0.204858,-0.005494,0.997244,-0.060345,-0.056904,0.001316,0.999939,-0.006737,0.007128,0.005013,0.033070,-0.035006,-0.000001,0.264877,-0.097780,0.103134,-0.000000,-1.314537,-1.489132,0.509242,0.000000,0.000001,-0.000000,0.000000,0.000000,-0.000000,0.875279,0.001816,-0.002255,-0.483610,0.000000,0.000000,0.000000,0.000001,0.000000,0.000000
0,188.870230,75,absolute_shifted,29,3.444366,0.056338,-0.209921,-0.010262,0.997361,-0.048714,-0.045813,0.001199,0.999956,-0.005401,0.005727,0.005013,0.023955,-0.025393,-0.000001,0.264869,-0.086379,0.091507,0.000006,-1.314537,-1.489131,0.509242,0.000000,0.000001,-0.000000,0.000000,0.000000,-0.000000,0.875279,0.001816,-0.002255,-0.483610,0.000000,0.000000,0.000000,0.000001,0.000000,0.000000
0,188.870230,75,absolute_shifted,30,3.500703,0.053884,-0.212494,-0.012681,0.997427,-0.042778,-0.040163,0.001136,0.999963,-0.004791,0.005088,0.005013,0.019089,-0.020238,-0.000000,0.264866,-0.057752,0.061297,0.000024,-1.314537,-1.489131,0.509242,0.000000,0.000001,-0.000000,0.000000,0.000000,-0.000000,0.875279,0.001816,-0.002255,-0.483610,0.000000,0.000000,0.000000,0.000001,0.000000,0.000000
0,188.870230,75,absolute_shifted,31,3.554588,0.053311,-0.214660,-0.014713,0.997486,-0.037695,-0.035330,0.001081,0.999968,-0.004317,0.004589,0.005013,0.015977,-0.016935,0.000000,0.264864,-0.042458,0.045150,0.000026,-1.314537,-1.489131,0.509242,0.000000,0.000001,-0.000000,0.000000,0.000000,-0.000000,0.875279,0.001816,-0.002255,-0.483610,0.000000,0.000000,0.000000,0.000001,0.000000,0.000000
0,188.870230,75,absolute_shifted,32,3.607899,0.053390,-0.216546,-0.016479,0.997543,-0.033140,-0.031006,0.001032,0.999971,-0.003919,0.004172,0.005013,0.013714,-0.014528,0.000001,0.264863,-0.034912,0.037195,-0.000069,-1.314537,-1.489131,0.509242,0.000000,0.000001,-0.000000,0.000000,0.000000,-0.000000,0.875279,0.001816,-0.002255,-0.483610,0.000000,0.000000,0.000000,0.000001,0.000000,0.000000
0,188.870230,75,absolute_shifted,33,3.661288,0.053601,-0.218203,-0.018028,0.997596,-0.028983,-0.027064,0.000986,0.999974,-0.003576,0.003813,0.005013,0.011850,-0.012542,-0.000001,0.264862,-0.030210,0.032087,-0.000041,-1.314537,-1.489131,0.509242,0.000000,0.000001,-0.000000,0.000000,0.000000,-0.000000,0.875279,0.001816,-0.002255,-0.483610,0.000000,0.000000,0.000000,0.000001,0.000000,0.000000
0,188.870230,75,absolute_shifted,34,3.714889,0.054695,-0.219653,-0.019380,0.997648,-0.025159,-0.023445,0.000943,0.999976,-0.003278,0.003501,0.005013,0.010230,-0.010822,-0.000002,0.264861,-0.028118,0.029925,0.000051,-1.314537,-1.489131,0.509242,0.000000,0.000001,-0.000000,0.000000,0.000000,-0.000000,0.875279,0.001816,-0.002255,-0.483610,0.000000,0.000000,0.000000,0.000001,0.000000,0.000000
0,188.870230,75,absolute_shifted,35,3.769584,0.054978,-0.220929,-0.020568,0.997699,-0.021570,-0.020053,0.000901,0.999978,-0.003018,0.003229,0.005013,0.008693,-0.009185,-0.000001,0.264860,-0.032010,0.034008,0.000010,-1.314537,-1.489131,0.509242,0.000000,0.000001,-0.000000,0.000000,0.000000,-0.000000,0.875279,0.001816,-0.002255,-0.483610,0.000000,0.000000,0.000000,0.000001,0.000000,0.000000
0,188.870230,75,absolute_shifted,36,3.824561,0.054798,-0.222022,-0.021583,0.997747,-0.018229,-0.016901,0.000862,0.999979,-0.002802,0.003003,0.005013,0.006933,-0.007316,-0.000000,0.264861,-0.034662,0.036803,0.000071,-1.314537,-1.489131,0.509242,0.000000,0.000001,-0.000000,0.000000,0.000000,-0.000000,0.875279,0.001816,-0.002255,-0.483610,0.000000,0.000000,0.000000,0.000001,0.000000,0.000000
0,188.870230,75,absolute_shifted,37,3.879360,0.054617,-0.222935,-0.022428,0.997793,-0.015113,-0.013966,0.000825,0.999980,-0.002637,0.002831,0.005013,0.005033,-0.005299,0.000002,0.264861,-0.036847,0.039001,0.000108,-1.314537,-1.489131,0.509242,0.000000,0.000001,-0.000000,0.000000,0.000000,-0.000000,0.875279,0.001816,-0.002255,-0.483610,0.000000,0.000000,0.000000,0.000001,0.000000,0.000000
0,188.870230,75,absolute_shifted,38,3.933976,0.054508,-0.223679,-0.023114,0.997837,-0.012160,-0.011190,0.000792,0.999981,-0.002527,0.002716,0.005013,0.003021,-0.003169,0.000005,0.264862,-0.039419,0.041992,-0.000200,-1.314537,-1.489131,0.509242,0.000000,0.000001,-0.000000,0.000000,0.000000,-0.000000,0.875279,0.001816,-0.002255,-0.483610,0.000000,0.000000,0.000000,0.000001,0.000000,0.000000
0,188.870230,75,absolute_shifted,39,3.988484,0.054720,-0.224264,-0.023651,0.997880,-0.009304,-0.008507,0.000762,0.999981,-0.002474,0.002661,0.005013,0.000872,-0.000880,-0.000001,0.264864,-0.015040,0.015491,-0.000281,-1.314537,-1.489131,0.509242,0.000000,0.000001,-0.000000,0.000000,0.000000,-0.000000,0.875279,0.001816,-0.002255,-0.483610,0.000000,0.000000,0.000000,0.000001,0.000000,0.000000
0,188.870230,75,absolute_shifted,40,4.043204,0.070000,-0.224695,-0.024044,0.997921,-0.006470,-0.005846,0.000735,0.999981,-0.002461,0.002649,0.005013,0.000049,-0.000032,-0.000010,0.000000,0.000000,0.000000,0.000000,-1.314537,-1.489131,0.509242,0.000000,0.000001,-0.000000,0.000000,0.000000,-0.000000,0.875279,0.001816,-0.002255,-0.483610,0.000000,0.000000,0.000000,0.000001,0.000000,0.000000
1,186.382701,73,absolute_shifted,0,0.000000,0.119942,1.036293,1.198452,0.981431,-0.762689,-0.754206,0.001052,0.999084,0.028746,-0.031298,0.005089,-0.208877,0.219949,-0.000009,0.265987,0.146244,-0.142346,0.000046,-1.314538,-1.489134,0.509243,-0.000000,0.000000,0.000000,-0.000000,0.000000,0.000000,0.875279,0.001816,-0.002255,-0.483610,0.000000,-0.000000,0.000000,0.000000,-0.000001,0.000001
1,186.382701,73,absolute_shifted,1,0.119942,0.119931,0.941007,1.104483,0.981663,-0.821245,-0.807950,0.003280,0.999673,0.016688,-0.018688,0.005077,-0.191336,0.202876,-0.000006,0.265674,0.215593,-0.221111,0.000027,-1.314538,-1.489134,0.509243,-0.000000,0.000000,0.000000,-0.000000,0.000000,0.000000,0.875279,0.001816,-0.002255,-0.483610,0.000000,-0.000000,0.000000,0.000000,-0.000001,0.000001
1,186.382701,73,absolute_shifted,2,0.239873,0.119918,0.840432,1.005738,0.982213,-0.851550,-0.834490,0.006116,0.999942,0.005934,-0.007374,0.005066,-0.165479,0.176358,-0.000004,0.265485,0.238351,-0.248303,0.000021,-1.314538,-1.489133,0.509243,-0.000000,0.000000,0.000000,-0.000000,0.000000,0.000000,0.875279,0.001816,-0.002255,-0.483610,0.000000,-0.000000,0.000000,0.000000,-0.000001,0.000001
1,186.382701,73,absolute_shifted,3,0.359791,0.119902,0.737750,0.905275,0.983106,-0.857214,-0.837428,0.008795,0.999980,-0.003180,0.002262,0.005055,-0.136897,0.146582,-0.000003,0.265384,0.237468,-0.249429,0.000055,-1.314538,-1.489133,0.509243,-0.000000,0.000000,0.000000,-0.000000,0.000000,0.000000,0.875279,0.001816,-0.002255,-0.483610,0.000000,-0.000000,0.000000,0.000000,-0.000001,0.000001
1,186.382701,73,absolute_shifted,4,0.479693,0.119881,0.635675,0.805687,0.984288,-0.842361,-0.820809,0.010846,0.999880,-0.010573,0.010115,0.005047,-0.108424,0.116675,0.000001,0.265341,0.222542,-0.234987,-0.000137,-1.314538,-1.489133,0.509244,-0.000000,0.000000,0.000000,-0.000000,0.000000,0.000000,0.875279,0.001816,-0.002255,-0.483610,0.000000,-0.000000,0.000000,0.000000,-0.000001,0.000001
1,186.382701,73,absolute_shifted,5,0.599574,0.119856,0.536419,0.709078,0.985669,-0.811154,-0.788680,0.012071,0.999723,-0.016302,0.016235,0.005039,-0.081745,0.088505,-0.000008,0.265329,0.199703,-0.211711,0.000244,-1.314538,-1.489133,0.509244,-0.000000,0.000000,0.000000,-0.000000,0.000000,0.000000,0.875279,0.001816,-0.002255,-0.483610,0.000000,-0.000000,0.000000,0.000000,-0.000001,0.000001
1,186.382701,73,absolute_shifted,6,0.719430,0.119823,0.441706,0.617079,0.987147,-0.767525,-0.744840,0.012474,0.999562,-0.020505,0.020756,0.005033,-0.057810,0.063130,0.000008,0.265330,0.173222,-0.184223,-0.000238,-1.314538,-1.489133,0.509244,-0.000000,0.000000,0.000001,-0.000000,0.000000,0.000000,0.875279,0.001816,-0.002255,-0.483610,0.000000,-0.000000,0.000000,0.000000,-0.000001,0.000001
1,186.382701,73,absolute_shifted,7,0.839253,0.119783,0.352812,0.530885,0.988631,-0.715018,-0.692702,0.012185,0.999430,-0.023361,0.023861,0.005027,-0.037054,0.041056,-0.000008,0.265332,0.145873,-0.155619,0.000150,-1.314538,-1.489133,0.509244,-0.000000,0.000000,0.000001,-0.000000,0.000000,0.000000,0.875279,0.001816,-0.002255,-0.483610,0.000000,-0.000000,0.000000,0.000000,-0.000001,0.000001
1,186.382701,73,absolute_shifted,8,0.959036,0.119732,0.270612,0.451313,0.990047,-0.656723,-0.635233,0.011386,0.999341,-0.025066,0.025752,0.005023,-0.019581,0.022415,0.000002,0.265329,0.119516,-0.127876,-0.000043,-1.314538,-1.489133,0.509244,-0.000000,0.000000,0.000001,-0.000000,0.000000,0.000000,0.875279,0.001816,-0.002255,-0.483610,0.000000,-0.000000,0.000000,0.000000,-0.000001,0.000001
1,186.382701,73,absolute_shifted,9,1.078768,0.119666,0.195641,0.378848,0.991345,-0.595254,-0.574930,0.010266,0.999299,-0.025813,0.026631,0.005020,-0.005271,0.007104,-0.000001,0.265317,0.095199,-0.102205,0.000001,-1.314538,-1.489133,0.509244,-0.000000,0.000000,0.000001,-0.000000,0.000000,0.000000,0.875279,0.001816,-0.002255,-0.483610,0.000000,-0.000000,0.000000,0.000000,-0.000001,0.000001
1,186.382701,73,absolute_shifted,10,1.198434,0.119583,0.128147,0.313704,0.992498,-0.532760,-0.513845,0.008996,0.999298,-0.025788,0.026690,0.005018,0.006121,-0.005126,-0.000001,0.265295,0.073532,-0.079252,0.000005,-1.314538,-1.489133,0.509244,-0.000000,0.000000,0.000001,-0.000000,0.000000,0.000000,0.875279,0.001816,-0.002255,-0.483610,0.000000,-0.000000,0.000000,0.000000,-0.000001,0.000001
1,186.382701,73,absolute_shifted,11,1.318017,0.119476,0.068147,0.255873,0.993495,-0.470960,-0.453611,0.007706,0.999330,-0.025157,0.026104,0.005017,0.014914,-0.014603,-0.000000,0.265265,0.054747,-0.059308,0.000001,-1.314538,-1.489133,0.509244,-0.000000,0.000000,0.000001,-0.000000,0.000000,0.000000,0.875279,0.001816,-0.002255,-0.483610,0.000000,-0.000000,0.000000,0.000000,-0.000001,0.000001
1,186.382701,73,absolute_shifted,12,1.437492,0.119339,0.015474,0.205175,0.994340,-0.411190,-0.395492,0.006490,0.999384,-0.024066,0.025026,0.005015,0.021455,-0.021689,-0.000000,0.265229,0.038885,-0.042427,0.000000,-1.314538,-1.489133,0.509244,-0.000000,0.000000,0.000001,-0.000000,0.000000,0.000000,0.875279,0.001816,-0.002255,-0.483610,0.000000,-0.000000,0.000000,0.000000,-0.000001,0.000001
1,186.382701,73,absolute_shifted,13,1.556832,0.119166,-0.030178,0.161296,0.995047,-0.354447,-0.340430,0.005404,0.999453,-0.022641,0.023589,0.005015,0.026096,-0.026752,-0.000000,0.265188,0.025866,-0.028540,0.000000,-1.314538,-1.489133,0.509244,-0.000000,0.000000,0.000001,-0.000000,0.000000,0.000000,0.875279,0.001816,-0.002255,-0.483610,0.000000,-0.000000,0.000000,0.000000,-0.000001,0.000001
1,186.382701,73,absolute_shifted,14,1.675998,0.118947,-0.069219,0.123826,0.995632,-0.301447,-0.289090,0.004476,0.999527,-0.020986,0.021903,0.005014,0.029178,-0.030153,-0.000000,0.265144,0.015566,-0.017527,0.000000,-1.314538,-1.489133,0.509244,-0.000000,0.000000,0.000001,-0.000000,0.000000,0.000000,0.875279,0.001816,-0.002255,-0.483610,0.000000,-0.000000,0.000000,0.000000,-0.000001,0.000001
1,186.382701,73,absolute_shifted,15,1.794945,0.118675,-0.102132,0.092287,0.996115,-0.252667,-0.241917,0.003710,0.999602,-0.019187,0.020057,0.005014,0.031030,-0.032238,-0.000000,0.265101,0.007876,-0.009281,0.000000,-1.314538,-1.489133,0.509244,-0.000000,0.000000,0.000001,-0.000000,0.000000,0.000000,0.875279,0.001816,-0.002255,-0.483610,0.000000,-0.000000,0.000000,0.000000,-0.000001,0.000001
1,186.382701,73,absolute_shifted,16,1.913620,0.118340,-0.129446,0.066158,0.996516,-0.208397,-0.199172,0.003097,0.999673,-0.017309,0.018122,0.005014,0.031964,-0.033340,-0.000000,0.265058,0.002748,-0.003758,-0.000000,-1.314538,-1.489133,0.509244,-0.000000,0.000000,0.000001,-0.000000,0.000000,0.000000,0.875279,0.001816,-0.002255,-0.483610,0.000000,-0.000000,0.000000,0.000000,-0.000001,0.000001
1,186.382701,73,absolute_shifted,17,2.031960,0.117937,-0.151719,0.044891,0.996851,-0.168784,-0.160981,0.002616,0.999738,-0.015399,0.016146,0.005014,0.032289,-0.033785,-0.000000,0.265018,0.000248,-0.001036,0.000000,-1.314538,-1.489133,0.509244,-0.000000,0.000000,0.000001,-0.000000,0.000000,0.000000,0.875279,0.001816,-0.002255,-0.483610,0.000000,-0.000000,0.000000,0.000000,-0.000001,0.000001
1,186.382701,73,absolute_shifted,18,2.149897,0.117462,-0.169521,0.027931,0.997135,-0.133876,-0.127377,0.002245,0.999796,-0.013485,0.014160,0.005014,0.032319,-0.033907,-0.000000,0.264980,0.000570,-0.001330,-0.000000,-1.314538,-1.489133,0.509244,-0.000000,0.000000,0.000001,-0.000000,0.000000,0.000000,0.875279,0.001816,-0.002255,-0.483610,0.000000,-0.000000,0.000000,0.000000,-0.000001,0.000001
1,186.382701,73,absolute_shifted,19,2.267358,0.116919,-0.183428,0.014718,0.997380,-0.103667,-0.098341,0.001962,0.999846,-0.011575,0.012174,0.005014,0.032386,-0.034063,-0.000000,0.264946,0.004530,-0.005514,-0.000000,-1.314538,-1.489133,0.509244,-0.000000,0.000000,0.000001,-0.000000,0.000000,0.000000,0.875279,0.001816,-0.002255,-0.483610,0.000000,-0.000000,0.000000,0.000000,-0.000001,0.000001
1,186.382701,73,absolute_shifted,20,2.384277,0.116306,-0.194012,0.004694,0.997595,-0.078146,-0.073851,0.001744,0.999889,-0.009656,0.010174,0.005014,0.032915,-0.034708,-0.000000,0.264915,0.010569,-0.011960,-0.000000,-1.314538,-1.489133,0.509245,-0.000000,0.000000,0.000001,-0.000000,0.000000,0.000000,0.875279,0.001816,-0.002255,-0.483610,0.000000,-0.000000,0.000000,0.000000,-0.000001,0.000001
1,186.382701,73,absolute_shifted,21,2.500583,0.113413,-0.201846,-0.002693,0.997786,-0.057350,-0.053933,0.001574,0.999925,-0.007696,0.008125,0.005014,0.034144,-0.036099,-0.000000,0.264888,-0.032649,0.033857,0.000000,-1.314538,-1.489133,0.509245,-0.000000,0.000000,0.000001,-0.000000,0.000000,0.000000,0.875279,0.001816,-0.002255,-0.483610,0.000000,-0.000000,0.000000,0.000000,-0.000001,0.000001
1,186.382701,73,absolute_shifted,22,2.613996,0.082772,-0.207413,-0.007913,0.997955,-0.041533,-0.038815,0.001432,0.999951,-0.005855,0.006196,0.005014,0.030442,-0.032259,-0.000000,0.264870,-0.105389,0.111406,-0.000002,-1.314538,-1.489132,0.509245,-0.000000,0.000000,0.000001,-0.000000,0.000000,0.000000,0.875279,0.001816,-0.002255,-0.483610,0.000000,-0.000000,0.000000,0.000000,-0.000001,0.000001
1,186.382701,73,absolute_shifted,23,2.696768,0.070494,-0.210464,-0.010757,0.998069,-0.032490,-0.030191,0.001334,0.999963,-0.004770,0.005057,0.005014,0.021718,-0.023037,-0.000000,0.264864,-0.045417,0.048042,0.000000,-1.314538,-1.489132,0.509245,-0.000000,0.000000,0.000001,-0.000000,0.000000,0.000000,0.875279,0.001816,-0.002255,-0.483610,0.000000,-0.000000,0.000000,0.000000,-0.000001,0.000001
1,186.382701,73,absolute_shifted,24,2.767262,0.066161,-0.212522,-0.012664,0.998161,-0.026058,-0.024067,0.001260,0.999970,-0.004058,0.004309,0.005014,0.018517,-0.019651,-0.000000,0.264860,-0.035578,0.037663,0.000012,-1.314538,-1.489132,0.509245,-0.000000,0.000000,0.000001,-0.000000,0.000000,0.000000,0.875279,0.001816,-0.002255,-0.483610,0.000000,-0.000000,0.000000,0.000000,-0.000001,0.000001
1,186.382701,73,absolute_shifted,25,2.833423,0.063928,-0.214071,-0.014089,0.998242,-0.020892,-0.019157,0.001197,0.999975,-0.003481,0.003703,0.005014,0.016163,-0.017159,0.000000,0.264858,-0.029587,0.031340,-0.000012,-1.314538,-1.489132,0.509245,-0.000000,0.000000,0.000001,-0.000000,0.000000,0.000000,0.875279,0.001816,-0.002255,-0.483610,0.000000,-0.000000,0.000000,0.000000,-0.000001,0.000001
1,186.382701,73,absolute_shifted,26,2.897351,0.062582,-0.215265,-0.015181,0.998317,-0.016598,-0.015082,0.001140,0.999978,-0.002992,0.003189,0.005014,0.014271,-0.015155,-0.000000,0.264856,-0.024913,0.026393,-0.000004,-1.314538,-1.489132,0.509245,-0.000000,0.000000,0.000001,-0.000000,0.000000,0.000000,0.875279,0.001816,-0.002255,-0.483610,0.000000,-0.000000,0.000000,0.000000,-0.000001,0.000001
1,186.382701,73,absolute_shifted,27,2.959933,0.061734,-0.216188,-0.016014,0.998386,-0.012979,-0.011656,0.001088,0.999980,-0.002568,0.002742,0.005014,0.012712,-0.013504,-0.000000,0.264855,-0.021504,0.022796,0.000016,-1.314538,-1.489132,0.509245,-0.000000,0.000000,0.000001,-0.000000,0.000000,0.000000,0.875279,0.001816,-0.002255,-0.483610,0.000000,-0.000000,0.000000,0.000000,-0.000001,0.000001
1,186.382701,73,absolute_shifted,28,3.021667,0.061129,-0.216892,-0.016642,0.998452,-0.009915,-0.008762,0.001040,0.999982,-0.002194,0.002349,0.005014,0.011385,-0.012096,0.000000,0.264854,-0.019352,0.020519,-0.000018,-1.314538,-1.489132,0.509245,-0.000000,0.000000,0.000001,-0.000000,0.000000,0.000000,0.875279,0.001816,-0.002255,-0.483610,0.000000,-0.000000,0.000000,0.000000,-0.000001,0.000001
1,186.382701,73,absolute_shifted,29,3.082796,0.060686,-0.217417,-0.017101,0.998514,-0.007323,-0.006320,0.000994,0.999984,-0.001862,0.002000,0.005014,0.010202,-0.010842,-0.000000,0.264854,-0.017565,0.018641,-0.000005,-1.314538,-1.489132,0.509245,-0.000000,0.000000,0.000001,-0.000000,0.000000,0.000000,0.875279,0.001816,-0.002255,-0.483610,0.000000,-0.000000,0.000000,0.000000,-0.000001,0.000001
1,186.382701,73,absolute_shifted,30,3.143482,0.060364,-0.217793,-0.017421,0.998573,-0.005140,-0.004271,0.000950,0.999985,-0.001567,0.001690,0.005014,0.009136,-0.009711,-0.000000,0.264854,-0.016023,0.016997,0.000038,-1.314538,-1.489132,0.509245,-0.000000,0.000000,0.000001,-0.000000,0.000000,0.000000,0.875279,0.001816,-0.002255,-0.483610,0.000000,-0.000000,0.000000,0.000000,-0.000001,0.000001
1,186.382701,73,absolute_shifted,31,3.203847,0.060123,-0.218047,-0.017626,0.998629,-0.003314,-0.002564,0.000909,0.999986,-0.001305,0.001414,0.005014,0.008169,-0.008685,0.000001,0.264854,-0.015798,0.016802,-0.000023,-1.314538,-1.489132,0.509245,-0.000000,0.000000,0.000001,-0.000000,0.000000,0.000000,0.875279,0.001816,-0.002255,-0.483610,0.000000,-0.000000,0.000000,0.000000,-0.000001,0.000001
1,186.382701,73,absolute_shifted,32,3.263969,0.059960,-0.218199,-0.017736,0.998683,-0.001801,-0.001158,0.000870,0.999986,-0.001072,0.001169,0.005014,0.007219,-0.007675,0.000000,0.264855,-0.013549,0.014388,-0.000001,-1.314538,-1.489132,0.509245,-0.000000,0.000000,0.000001,-0.000000,0.000000,0.000000,0.875279,0.001816,-0.002255,-0.483610,0.000000,-0.000000,0.000000,0.000000,-0.000001,0.000001
1,186.382701,73,absolute_shifted,33,3.323929,0.059829,-0.218269,-0.017770,0.998734,-0.000561,-0.000014,0.000834,0.999987,-0.000867,0.000953,0.005014,0.006406,-0.006812,0.000000,0.264856,-0.015575,0.016585,-0.000025,-1.314538,-1.489132,0.509245,-0.000000,0.000000,0.000001,-0.000000,0.000000,0.000000,0.875279,0.001816,-0.002255,-0.483610,0.000000,-0.000000,0.000000,0.000000,-0.000001,0.000001
1,186.382701,73,absolute_shifted,34,3.383758,0.059736,-0.218271,-0.017742,0.998783,0.000439,0.000901,0.000801,0.999987,-0.000688,0.000765,0.005014,0.005475,-0.005820,-0.000001,0.264857,-0.012898,0.013733,0.000034,-1.314538,-1.489132,0.509245,-0.000000,0.000000,0.000001,-0.000000,0.000000,0.000000,0.875279,0.001816,-0.002255,-0.483610,0.000000,-0.000000,0.000000,0.000000,-0.000001,0.000001
1,186.382701,73,absolute_shifted,35,3.443494,0.059674,-0.218220,-0.017666,0.998830,0.001235,0.001620,0.000770,0.999987,-0.000535,0.000604,0.005014,0.004704,-0.004999,0.000000,0.264858,-0.014863,0.015847,-0.000004,-1.314538,-1.489132,0.509245,-0.000000,0.000000,0.000001,-0.000000,0.000000,0.000000,0.875279,0.001816,-0.002255,-0.483610,0.000000,-0.000000,0.000000,0.000000,-0.000001,0.000001
1,186.382701,73,absolute_shifted,36,3.503168,0.059618,-0.218127,-0.017552,0.998875,0.001858,0.002172,0.000743,0.999987,-0.000407,0.000469,0.005014,0.003817,-0.004054,0.000000,0.264859,-0.014787,0.015779,-0.000005,-1.314538,-1.489132,0.509245,-0.000000,0.000000,0.000001,-0.000000,0.000000,0.000000,0.875279,0.001816,-0.002255,-0.483610,0.000000,-0.000000,0.000000,0.000000,-0.000001,0.000001
1,186.382701,73,absolute_shifted,37,3.562786,0.059573,-0.218001,-0.017410,0.998918,0.002340,0.002589,0.000719,0.999987,-0.000306,0.000363,0.005014,0.002936,-0.003113,0.000000,0.264861,-0.015522,0.016575,-0.000001,-1.314538,-1.489132,0.509245,-0.000000,0.000000,0.000001,-0.000000,0.000000,0.000000,0.875279,0.001816,-0.002255,-0.483610,0.000000,-0.000000,0.000000,0.000000,-0.000001,0.000001
1,186.382701,73,absolute_shifted,38,3.622360,0.059538,-0.217850,-0.017246,0.998961,0.002715,0.002903,0.000699,0.999987,-0.000232,0.000285,0.005014,0.002011,-0.002126,-0.000000,0.264863,-0.016806,0.017945,0.000001,-1.314538,-1.489132,0.509245,-0.000000,0.000000,0.000001,-0.000000,0.000000,0.000000,0.875279,0.001816,-0.002255,-0.483610,0.000000,-0.000000,0.000000,0.000000,-0.000001,0.000001
1,186.382701,73,absolute_shifted,39,3.681898,0.059516,-0.217680,-0.017066,0.999002,0.003016,0.003147,0.000684,0.999987,-0.000187,0.000238,0.005014,0.001010,-0.001057,-0.000000,0.264865,-0.011050,0.011698,-0.000003,-1.314538,-1.489132,0.509245,-0.000000,0.000000,0.000001,-0.000000,0.000000,0.000000,0.875279,0.001816,-0.002255,-0.483610,0.000000,-0.000000,0.000000,0.000000,-0.000001,0.000001
1,186.382701,73,absolute_shifted,40,3.741413,0.070000,-0.217492,-0.016872,0.999042,0.003279,0.003352,0.000674,0.999987,-0.000167,0.000217,0.005014,0.000353,-0.000361,-0.000000,0.000000,0.000000,0.000000,0.000000,-1.314538,-1.489132,0.509245,-0.000000,0.000000,0.000001,-0.000000,0.000000,0.000000,0.875279,0.001816,-0.002255,-0.483610,0.000000,-0.000000,0.000000,0.000000,-0.000001,0.000001
2,186.358415,75,absolute_shifted,0,0.000000,0.119912,0.352812,0.530885,0.988631,-0.715018,-0.692702,0.012185,0.999430,-0.023361,0.023861,0.005027,-0.037054,0.041056,-0.000008,0.265318,0.159146,-0.169023,0.000106,-1.314538,-1.489133,0.509244,-0.000000,0.000000,0.000000,-0.000000,0.000000,0.000000,0.875279,0.001816,-0.002255,-0.483610,-0.000000,0.000000,-0.000001,-0.000001,-0.000000,0.000001
2,186.358415,75,absolute_shifted,1,0.119912,0.119890,0.270526,0.451230,0.990045,-0.656699,-0.635210,0.011322,0.999344,-0.025019,0.025705,0.005023,-0.017970,0.020788,-0.000001,0.265316,0.115382,-0.123886,0.000003,-1.314538,-1.489133,0.509244,-0.000000,0.000000,0.000000,-0.000000,0.000000,0.000000,0.875279,0.001816,-0.002255,-0.483610,-0.000000,0.000000,-0.000001,-0.000001,-0.000000,0.000001
2,186.358415,75,absolute_shifted,2,0.239802,0.119863,0.195453,0.378666,0.991334,-0.595362,-0.575043,0.010163,0.999306,-0.025685,0.026502,0.005020,-0.004137,0.005935,-0.000001,0.265304,0.092235,-0.099307,0.000002,-1.314538,-1.489133,0.509244,-0.000000,0.000000,0.000000,-0.000000,0.000000,0.000000,0.875279,0.001816,-0.002255,-0.483610,-0.000000,0.000000,-0.000001,-0.000001,-0.000000,0.000001
2,186.358415,75,absolute_shifted,3,0.359665,0.119826,0.127820,0.313386,0.992475,-0.533142,-0.514236,0.008874,0.999308,-0.025602,0.026502,0.005018,0.006918,-0.005968,-0.000000,0.265284,0.071333,-0.077075,0.000001,-1.314538,-1.489133,0.509244,-0.000000,0.000000,0.000000,-0.000000,0.000000,0.000000,0.875279,0.001816,-0.002255,-0.483610,-0.000000,0.000000,-0.000001,-0.000001,-0.000000,0.000001
2,186.358415,75,absolute_shifted,4,0.479491,0.119779,0.067630,0.255369,0.993459,-0.471714,-0.454374,0.007581,0.999342,-0.024928,0.025871,0.005016,0.015466,-0.015204,-0.000000,0.265255,0.052925,-0.057469,0.000001,-1.314538,-1.489133,0.509244,-0.000000,0.000000,0.000000,-0.000000,0.000000,0.000000,0.875279,0.001816,-0.002255,-0.483610,-0.000000,0.000000,-0.000001,-0.000001,-0.000000,0.000001
2,186.358415,75,absolute_shifted,5,0.599270,0.119718,0.014708,0.204426,0.994292,-0.412378,-0.396687,0.006374,0.999397,-0.023808,0.024761,0.005015,0.021805,-0.022087,-0.000000,0.265220,0.037130,-0.040619,0.000001,-1.314538,-1.489133,0.509244,-0.000000,0.000000,0.000000,-0.000000,0.000000,0.000000,0.875279,0.001816,-0.002255,-0.483610,-0.000000,0.000000,-0.000001,-0.000001,-0.000000,0.000001
2,186.358415,75,absolute_shifted,6,0.718988,0.119637,-0.031258,0.160238,0.994988,-0.356105,-0.342086,0.005306,0.999466,-0.022363,0.023302,0.005015,0.026250,-0.026950,-0.000000,0.265180,0.023887,-0.026470,0.000001,-1.314538,-1.489133,0.509244,-0.000000,0.000000,0.000000,-0.000000,0.000000,0.000000,0.875279,0.001816,-0.002255,-0.483610,-0.000000,0.000000,-0.000001,-0.000001,-0.000000,0.000001
2,186.358415,75,absolute_shifted,7,0.838625,0.119531,-0.070680,0.122394,0.995566,-0.303584,-0.291215,0.004402,0.999540,-0.020699,0.021604,0.005014,0.029108,-0.030117,-0.000000,0.265139,0.013042,-0.014859,0.000000,-1.314538,-1.489133,0.509244,-0.000000,0.000000,0.000000,-0.000000,0.000000,0.000000,0.875279,0.001816,-0.002255,-0.483610,-0.000000,0.000000,-0.000001,-0.000001,-0.000000,0.000001
2,186.358415,75,absolute_shifted,8,0.958155,0.119392,-0.104037,0.090419,0.996044,-0.255264,-0.244487,0.003666,0.999613,-0.018904,0.019761,0.005014,0.030667,-0.031893,-0.000000,0.265098,0.004390,-0.005575,0.000000,-1.314538,-1.489133,0.509244,-0.000000,0.000000,0.000000,-0.000000,0.000000,0.000000,0.875279,0.001816,-0.002255,-0.483610,-0.000000,0.000000,-0.000001,-0.000001,-0.000000,0.000001
2,186.358415,75,absolute_shifted,9,1.077548,0.119212,-0.131851,0.063802,0.996444,-0.211399,-0.202128,0.003086,0.999683,-0.017049,0.017847,0.005014,0.031191,-0.032559,-0.000000,0.265058,-0.002286,0.001610,0.000000,-1.314538,-1.489133,0.509244,-0.000000,0.000000,0.000000,-0.000000,0.000000,0.000000,0.875279,0.001816,-0.002255,-0.483610,-0.000000,0.000000,-0.000001,-0.000001,-0.000000,0.000001
2,186.358415,75,absolute_shifted,10,1.196760,0.118982,-0.154664,0.042009,0.996783,-0.172082,-0.164215,0.002641,0.999745,-0.015189,0.015922,0.005014,0.030919,-0.032367,-0.000000,0.265021,-0.007191,0.006908,0.000000,-1.314538,-1.489133,0.509244,-0.000000,0.000000,0.000000,-0.000000,0.000000,0.000000,0.875279,0.001816,-0.002255,-0.483610,-0.000000,0.000000,-0.000001,-0.000001,-0.000000,0.000001
2,186.358415,75,absolute_shifted,11,1.315742,0.118690,-0.173025,0.024506,0.997075,-0.137287,-0.130709,0.002306,0.999800,-0.013366,0.014030,0.005014,0.030063,-0.031545,-0.000000,0.264987,-0.010497,0.010502,0.000000,-1.314538,-1.489133,0.509244,-0.000000,0.000000,0.000000,-0.000000,0.000000,0.000000,0.875279,0.001816,-0.002255,-0.483610,-0.000000,0.000000,-0.000001,-0.000001,-0.000000,0.000001
2,186.358415,75,absolute_shifted,12,1.434431,0.118327,-0.187474,0.010767,0.997331,-0.106893,-0.101483,0.002058,0.999846,-0.011610,0.012204,0.005014,0.028817,-0.030298,-0.000000,0.264957,-0.012326,0.012518,0.000000,-1.314538,-1.489133,0.509244,-0.000000,0.000000,0.000000,-0.000000,0.000000,0.000000,0.875279,0.001816,-0.002255,-0.483610,-0.000000,0.000000,-0.000001,-0.000001,-0.000000,0.000001
2,186.358415,75,absolute_shifted,13,1.552758,0.117890,-0.198534,0.000285,0.997562,-0.080717,-0.076349,0.001871,0.999883,-0.009939,0.010464,0.005014,0.027359,-0.028817,-0.000000,0.264931,-0.012718,0.012992,0.000000,-1.314538,-1.489133,0.509244,-0.000000,0.000000,0.000000,-0.000000,0.000000,0.000000,0.875279,0.001816,-0.002255,-0.483610,-0.000000,0.000000,-0.000001,-0.000001,-0.000000,0.000001
2,186.358415,75,absolute_shifted,14,1.670648,0.117366,-0.206705,-0.007427,0.997773,-0.058538,-0.055085,0.001727,0.999914,-0.008363,0.008819,0.005014,0.025859,-0.027285,-0.000000,0.264908,-0.013196,0.013536,0.000000,-1.314538,-1.489133,0.509244,-0.000000,0.000000,0.000000,-0.000000,0.000000,0.000000,0.875279,0.001816,-0.002255,-0.483610,-0.000000,0.000000,-0.000001,-0.000001,-0.000000,0.000001
2,186.358415,75,absolute_shifted,15,1.788015,0.115362,-0.212460,-0.012824,0.997967,-0.040117,-0.037455,0.001607,0.999937,-0.006883,0.007271,0.005014,0.024311,-0.025697,-0.000000,0.264888,-0.014792,0.015258,0.000000,-1.314538,-1.489133,0.509244,-0.000000,0.000000,0.000000,-0.000000,0.000000,0.000000,0.875279,0.001816,-0.002255,-0.483610,-0.000000,0.000000,-0.000001,-0.000001,-0.000000,0.000001
2,186.358415,75,absolute_shifted,16,1.903376,0.112637,-0.216206,-0.016302,0.998146,-0.025360,-0.023359,0.001498,0.999955,-0.005523,0.005847,0.005014,0.022604,-0.023937,-0.000000,0.264872,-0.016046,0.016615,-0.000000,-1.314538,-1.489133,0.509244,-0.000000,0.000000,0.000000,-0.000000,0.000000,0.000000,0.875279,0.001816,-0.002255,-0.483610,-0.000000,0.000000,-0.000001,-0.000001,-0.000000,0.000001
2,186.358415,75,absolute_shifted,17,2.016014,0.107892,-0.218392,-0.018294,0.998308,-0.013937,-0.012473,0.001392,0.999968,-0.004294,0.004558,0.005014,0.020797,-0.022065,-0.000000,0.264859,-0.021616,0.022575,0.000000,-1.314538,-1.489133,0.509244,-0.000000,0.000000,0.000000,-0.000000,0.000000,0.000000,0.875279,0.001816,-0.002255,-0.483610,-0.000000,0.000000,-0.000001,-0.000001,-0.000000,0.000001
2,186.358415,75,absolute_shifted,18,2.123905,0.098612,-0.219422,-0.019189,0.998452,-0.005538,-0.004490,0.001286,0.999976,-0.003230,0.003438,0.005014,0.018465,-0.019629,-0.000000,0.264852,-0.032640,0.034406,0.000000,-1.314538,-1.489133,0.509244,-0.000000,0.000000,0.000000,-0.000000,0.000000,0.000000,0.875279,0.001816,-0.002255,-0.483610,-0.000000,0.000000,-0.000001,-0.000001,-0.000000,0.000001
2,186.358415,75,absolute_shifted,19,2.222518,0.083948,-0.219670,-0.019350,0.998574,0.000209,0.000954,0.001187,0.999981,-0.002394,0.002558,0.005014,0.015246,-0.016237,-0.000000,0.264850,-0.037638,0.039885,-0.000000,-1.314538,-1.489133,0.509245,-0.000000,0.000000,0.000000,-0.000000,0.000000,0.000000,0.875279,0.001816,-0.002255,-0.483610,-0.000000,0.000000,-0.000001,-0.000001,-0.000000,0.000001
2,186.358415,75,absolute_shifted,20,2.306466,0.073355,-0.219492,-0.019118,0.998670,0.003885,0.004422,0.001107,0.999984,-0.001818,0.001950,0.005014,0.012086,-0.012888,-0.000000,0.264850,-0.029767,0.031612,0.000001,-1.314538,-1.489133,0.509245,-0.000000,0.000000,0.000000,-0.000000,0.000000,0.000000,0.875279,0.001816,-0.002255,-0.483610,-0.000000,0.000000,-0.000001,-0.000001,-0.000000,0.000001
2,186.358415,75,absolute_shifted,21,2.379820,0.068129,-0.219112,-0.018704,0.998749,0.006361,0.006749,0.001044,0.999985,-0.001412,0.001522,0.005014,0.009903,-0.010569,0.000000,0.264850,-0.021865,0.023242,-0.000001,-1.314538,-1.489133,0.509245,-0.000000,0.000000,0.000000,-0.000000,0.000000,0.000000,0.875279,0.001816,-0.002255,-0.483610,-0.000000,0.000000,-0.000001,-0.000001,-0.000000,0.000001
2,186.358415,75,absolute_shifted,22,2.447949,0.065487,-0.218615,-0.018185,0.998818,0.008159,0.008430,0.000988,0.999986,-0.001099,0.001190,0.005014,0.008413,-0.008986,-0.000000,0.264850,-0.017076,0.018162,-0.000001,-1.314538,-1.489133,0.509245,-0.000000,0.000000,0.000000,-0.000000,0.000000,0.000000,0.875279,0.001816,-0.002255,-0.483610,-0.000000,0.000000,-0.000001,-0.000001,-0.000000,0.000001
2,186.358415,75,absolute_shifted,23,2.513436,0.063730,-0.218035,-0.017590,0.998881,0.009503,0.009678,0.000937,0.999987,-0.000840,0.000917,0.005014,0.007295,-0.007797,-0.000000,0.264850,-0.014225,0.015138,0.000002,-1.314538,-1.489133,0.509245,-0.000000,0.000000,0.000000,-0.000000,0.000000,0.000000,0.875279,0.001816,-0.002255,-0.483610,-0.000000,0.000000,-0.000001,-0.000001,-0.000000,0.000001
2,186.358415,75,absolute_shifted,24,2.577166,0.062606,-0.217396,-0.016943,0.998940,0.010496,0.010593,0.000889,0.999987,-0.000621,0.000685,0.005014,0.006388,-0.006832,0.000000,0.264851,-0.012022,0.012798,-0.000003,-1.314538,-1.489133,0.509245,-0.000000,0.000000,0.000000,-0.000000,0.000000,0.000000,0.875279,0.001816,-0.002255,-0.483610,-0.000000,0.000000,-0.000001,-0.000001,-0.000000,0.000001
2,186.358415,75,absolute_shifted,25,2.639772,0.061900,-0.216715,-0.016258,0.998994,0.011209,0.011241,0.000844,0.999987,-0.000432,0.000485,0.005014,0.005636,-0.006031,-0.000000,0.264851,-0.010275,0.010943,0.000003,-1.314538,-1.489133,0.509245,-0.000000,0.000000,0.000000,-0.000000,0.000000,0.000000,0.875279,0.001816,-0.002255,-0.483610,-0.000000,0.000000,-0.000001,-0.000001,-0.000000,0.000001
2,186.358415,75,absolute_shifted,26,2.701672,0.061545,-0.216006,-0.015548,0.999045,0.011686,0.011665,0.000801,0.999987,-0.000266,0.000309,0.005014,0.005000,-0.005353,0.000000,0.264852,-0.008963,0.009549,-0.000003,-1.314538,-1.489133,0.509245,-0.000000,0.000000,0.000000,-0.000000,0.000000,0.000000,0.875279,0.001816,-0.002255,-0.483610,-0.000000,0.000000,-0.000001,-0.000001,-0.000000,0.000001
2,186.358415,75,absolute_shifted,27,2.763217,0.061274,-0.215277,-0.014822,0.999093,0.011963,0.011897,0.000760,0.999987,-0.000120,0.000154,0.005014,0.004448,-0.004766,-0.000000,0.264853,-0.007992,0.008519,0.000003,-1.314538,-1.489133,0.509245,-0.000000,0.000000,0.000000,-0.000000,0.000000,0.000000,0.875279,0.001816,-0.002255,-0.483610,-0.000000,0.000000,-0.000001,-0.000001,-0.000000,0.000001
2,186.358415,75,absolute_shifted,28,2.824492,0.061062,-0.214540,-0.014090,0.999138,0.012064,0.011963,0.000721,0.999987,0.000009,0.000017,0.005014,0.003958,-0.004243,0.000000,0.264853,-0.007173,0.007652,-0.000002,-1.314538,-1.489133,0.509245,-0.000000,0.000000,0.000000,-0.000000,0.000000,0.000000,0.875279,0.001816,-0.002255,-0.483610,-0.000000,0.000000,-0.000001,-0.000001,-0.000000,0.000001
2,186.358415,75,absolute_shifted,29,2.885554,0.060892,-0.213804,-0.013362,0.999181,0.012010,0.011881,0.000683,0.999987,0.000124,-0.000105,0.005014,0.003520,-0.003776,-0.000000,0.264854,-0.006460,0.006899,0.000000,-1.314538,-1.489133,0.509245,-0.000000,0.000000,0.000000,-0.000000,0.000000,0.000000,0.875279,0.001816,-0.002255,-0.483610,-0.000000,0.000000,-0.000001,-0.000001,-0.000000,0.000001
2,186.358415,75,absolute_shifted,30,2.946446,0.060755,-0.213078,-0.012644,0.999222,0.011820,0.011670,0.000648,0.999987,0.000226,-0.000213,0.005014,0.003127,-0.003356,-0.000000,0.264855,-0.005846,0.006250,0.000000,-1.314538,-1.489133,0.509245,-0.000000,0.000000,0.000000,-0.000000,0.000000,0.000000,0.875279,0.001816,-0.002255,-0.483610,-0.000000,0.000000,-0.000001,-0.000001,-0.000000,0.000001
2,186.358415,75,absolute_shifted,31,3.007202,0.060642,-0.212369,-0.011944,0.999260,0.011510,0.011344,0.000615,0.999987,0.000316,-0.000309,0.005014,0.002772,-0.002976,-0.000000,0.264856,-0.005326,0.005704,0.000000,-1.314538,-1.489133,0.509245,-0.000000,0.000000,0.000000,-0.000000,0.000000,0.000000,0.875279,0.001816,-0.002255,-0.483610,-0.000000,0.000000,-0.000001,-0.000001,-0.000000,0.000001
2,186.358415,75,absolute_shifted,32,3.067844,0.060550,-0.211683,-0.011269,0.999296,0.011093,0.010918,0.000583,0.999987,0.000396,-0.000393,0.005014,0.002449,-0.002631,0.000000,0.264857,-0.004873,0.005227,-0.000000,-1.314538,-1.489133,0.509245,-0.000000,0.000000,0.000000,-0.000000,0.000000,0.000000,0.875279,0.001816,-0.002255,-0.483610,-0.000000,0.000000,-0.000001,-0.000001,-0.000000,0.000001
2,186.358415,75,absolute_shifted,33,3.128393,0.060473,-0.211026,-0.010623,0.999331,0.010583,0.010403,0.000555,0.999987,0.000466,-0.000468,0.005014,0.002154,-0.002314,-0.000000,0.264859,-0.004518,0.004858,0.000000,-1.314538,-1.489133,0.509245,-0.000000,0.000000,0.000000,-0.000000,0.000000,0.000000,0.875279,0.001816,-0.002255,-0.483610,-0.000000,0.000000,-0.000001,-0.000001,-0.000000,0.000001
2,186.358415,75,absolute_shifted,34,3.188866,0.060408,-0.210404,-0.010011,0.999363,0.009991,0.009810,0.000528,0.999987,0.000527,-0.000533,0.005014,0.001881,-0.002020,-0.000000,0.264860,-0.004223,0.004552,0.000000,-1.314538,-1.489133,0.509245,-0.000000,0.000000,0.000000,-0.000000,0.000000,0.000000,0.875279,0.001816,-0.002255,-0.483610,-0.000000,0.000000,-0.000001,-0.000001,-0.000000,0.000001
2,186.358415,75,absolute_shifted,35,3.249274,0.060353,-0.209820,-0.009438,0.999395,0.009328,0.009150,0.000505,0.999987,0.000580,-0.000590,0.005014,0.001625,-0.001745,-0.000000,0.264861,-0.004025,0.004351,-0.000000,-1.314538,-1.489133,0.509245,-0.000000,0.000000,0.000001,-0.000000,0.000000,0.000000,0.875279,0.001816,-0.002255,-0.483610,-0.000000,0.000000,-0.000001,-0.000001,-0.000000,0.000001
2,186.358415,75,absolute_shifted,36,3.309626,0.060305,-0.209278,-0.008908,0.999424,0.008604,0.008431,0.000484,0.999987,0.000626,-0.000638,0.005014,0.001383,-0.001483,-0.000000,0.264862,-0.003902,0.004230,-0.000000,-1.314538,-1.489133,0.509245,-0.000000,0.000000,0.000001,-0.000000,0.000000,0.000000,0.875279,0.001816,-0.002255,-0.483610,-0.000000,0.000000,-0.000001,-0.000001,-0.000000,0.000001
2,186.358415,75,absolute_shifted,37,3.369931,0.060262,-0.208783,-0.008422,0.999453,0.007828,0.007664,0.000466,0.999987,0.000664,-0.000679,0.005014,0.001147,-0.001228,-0.000000,0.264864,-0.003868,0.004207,0.000000,-1.314538,-1.489133,0.509245,-0.000000,0.000000,0.000001,-0.000000,0.000000,0.000000,0.875279,0.001816,-0.002255,-0.483610,-0.000000,0.000000,-0.000001,-0.000001,-0.000000,0.000001
2,186.358415,75,absolute_shifted,38,3.430193,0.060224,-0.208335,-0.007984,0.999481,0.007009,0.006855,0.000451,0.999987,0.000695,-0.000712,0.005014,0.000914,-0.000974,-0.000000,0.264865,-0.003987,0.004347,0.000000,-1.314538,-1.489133,0.509245,-0.000000,0.000000,0.000001,-0.000000,0.000000,0.000000,0.875279,0.001816,-0.002255,-0.483610,-0.000000,0.000000,-0.000001,-0.000001,-0.000000,0.000001
2,186.358415,75,absolute_shifted,39,3.490418,0.060189,-0.207939,-0.007597,0.999507,0.006157,0.006014,0.000439,0.999987,0.000719,-0.000737,0.005014,0.000674,-0.000712,0.000000,0.264867,-0.004995,0.005312,-0.000000,-1.314538,-1.489133,0.509245,-0.000000,0.000000,0.000001,-0.000000,0.000000,0.000000,0.875279,0.001816,-0.002255,-0.483610,-0.000000,0.000000,-0.000001,-0.000001,-0.000000,0.000001
2,186.358415,75,absolute_shifted,40,3.550606,0.070000,-0.207594,-0.007261,0.999534,0.005280,0.005150,0.000431,0.999987,0.000735,-0.000754,0.005014,0.000373,-0.000393,-0.000000,0.000000,0.000000,0.000000,0.000000,-1.314538,-1.489133,0.509245,-0.000000,0.000000,0.000001,-0.000000,0.000000,0.000000,0.875279,0.001816,-0.002255,-0.483610,-0.000000,0.000000,-0.000001,-0.000001,-0.000000,0.000001
3,187.767004,74,absolute_shifted,0,0.000000,0.119662,-0.070680,0.122394,0.995566,-0.303584,-0.291215,0.004402,0.999540,-0.020699,0.021604,0.005014,0.029108,-0.030117,-0.000000,0.265106,0.920348,0.564408,-0.000590,-1.314537,-1.489130,0.509244,0.000005,0.000016,0.000004,0.000000,0.000001,0.000000,0.875278,0.001815,-0.002255,-0.483611,-0.000002,0.000003,-0.000006,-0.000007,0.000014,-0.000027
3,187.767004,74,absolute_shifted,1,0.119662,0.119643,-0.104022,0.090311,0.996037,-0.253570,-0.246971,0.003541,0.999627,-0.015666,0.021847,0.004903,0.139239,0.037421,-0.000040,0.265091,-0.537156,-0.357595,-0.000551,-1.314536,-1.489128,0.509245,0.000005,0.000016,0.000004,0.000000,0.000001,0.000000,0.875278,0.001815,-0.002255,-0.483611,-0.000002,0.000003,-0.000006,-0.000007,0.000014,-0.000027
3,187.767004,74,absolute_shifted,2,0.239304,0.119545,-0.131222,0.062635,0.996424,-0.200732,-0.218189,0.002968,0.999685,-0.009266,0.022837,0.004742,0.074972,-0.005363,-0.000078,0.265063,-0.323488,-0.204270,0.000425,-1.314535,-1.489126,0.509245,0.000005,0.000016,0.000004,0.000000,0.000001,0.000000,0.875278,0.001815,-0.002255,-0.483611,-0.000002,0.000003,-0.000006,-0.000007,0.000014,-0.000027
3,187.767004,74,absolute_shifted,3,0.358850,0.119457,-0.152052,0.037683,0.996749,-0.148154,-0.200555,0.002510,0.999734,-0.005937,0.021802,0.004671,0.036300,-0.029783,-0.000049,0.265029,-0.186499,-0.105012,0.000409,-1.314535,-1.489125,0.509246,0.000005,0.000016,0.000004,0.000000,0.000001,0.000000,0.875278,0.001815,-0.002255,-0.483611,-0.000002,0.000003,-0.000006,-0.000007,0.000014,-0.000027
3,187.767004,74,absolute_shifted,4,0.478306,0.119354,-0.166792,0.014485,0.997024,-0.099460,-0.188442,0.002136,0.999786,-0.004424,0.019656,0.004648,0.014022,-0.042327,-0.000021,0.264994,-0.100814,-0.041991,0.000081,-1.314534,-1.489123,0.509246,0.000005,0.000016,0.000004,0.000000,0.000001,0.000000,0.875278,0.001815,-0.002255,-0.483611,-0.000002,0.000003,-0.000006,-0.000007,0.000014,-0.000027
3,187.767004,74,absolute_shifted,5,0.597660,0.119227,-0.176039,-0.007407,0.997260,-0.056534,-0.178593,0.001855,0.999837,-0.003934,0.016983,0.004649,0.001989,-0.047339,-0.000016,0.264964,-0.048209,-0.002912,0.000180,-1.314534,-1.489121,0.509247,0.000005,0.000016,0.000004,0.000000,0.000001,0.000000,0.875278,0.001815,-0.002255,-0.483611,-0.000002,0.000003,-0.000006,-0.000007,0.000014,-0.000027
3,187.767004,74,absolute_shifted,6,0.716887,0.119107,-0.180545,-0.028143,0.997467,-0.020149,-0.169240,0.001665,0.999881,-0.003974,0.014151,0.004660,-0.003759,-0.047686,-0.000003,0.264938,-0.016808,0.020370,0.000004,-1.314533,-1.489119,0.509247,0.000005,0.000016,0.000004,0.000000,0.000001,0.000000,0.875278,0.001815,-0.002255,-0.483611,-0.000002,0.000003,-0.000006,-0.000007,0.000014,-0.000027
3,187.767004,74,absolute_shifted,7,0.835994,0.118944,-0.181108,-0.047728,0.997657,0.009617,-0.159521,0.001544,0.999915,-0.004244,0.011382,0.004675,-0.005761,-0.045260,-0.000003,0.264917,0.001076,0.033430,0.000054,-1.314532,-1.489117,0.509248,0.000005,0.000016,0.000004,0.000000,0.000001,0.000000,0.875278,0.001815,-0.002255,-0.483611,-0.000002,0.000003,-0.000006,-0.000007,0.000014,-0.000027
3,187.767004,74,absolute_shifted,8,0.954938,0.118750,-0.178509,-0.066091,0.997835,0.033084,-0.149123,0.001470,0.999940,-0.004571,0.008808,0.004690,-0.005633,-0.041284,0.000001,0.264901,0.010482,0.039718,0.000004,-1.314532,-1.489115,0.509248,0.000005,0.000017,0.000004,0.000000,0.000001,0.000000,0.875278,0.001815,-0.002255,-0.483611,-0.000002,0.000003,-0.000006,-0.000007,0.000014,-0.000027
3,187.767004,74,absolute_shifted,9,1.073688,0.118529,-0.173474,-0.083148,0.998006,0.050805,-0.138041,0.001419,0.999956,-0.004857,0.006495,0.004703,-0.004388,-0.036567,0.000001,0.264889,0.014716,0.041748,0.000007,-1.314531,-1.489113,0.509248,0.000005,0.000017,0.000004,0.000000,0.000001,0.000000,0.875278,0.001815,-0.002255,-0.483611,-0.000002,0.000003,-0.000006,-0.000007,0.000014,-0.000027
3,187.767004,74,absolute_shifted,10,1.192217,0.118223,-0.166657,-0.098826,0.998171,0.063449,-0.126434,0.001375,0.999966,-0.005056,0.004474,0.004714,-0.002644,-0.031619,0.000001,0.264880,0.015860,0.041292,0.000001,-1.314531,-1.489111,0.509249,0.000005,0.000017,0.000004,0.000000,0.000001,0.000000,0.875278,0.001815,-0.002255,-0.483611,-0.000002,0.000003,-0.000006,-0.000007,0.000014,-0.000027
3,187.767004,74,absolute_shifted,11,1.310440,0.117736,-0.158628,-0.113072,0.998330,0.071713,-0.114538,0.001327,0.999972,-0.005149,0.002748,0.004723,-0.000769,-0.026737,0.000001,0.264873,0.015183,0.039303,-0.000001,-1.314530,-1.489109,0.509249,0.000005,0.000017,0.000004,0.000000,0.000001,0.000000,0.875278,0.001815,-0.002255,-0.483611,-0.000002,0.000003,-0.000006,-0.000007,0.000014,-0.000027
3,187.767004,74,absolute_shifted,12,1.428177,0.117123,-0.149882,-0.125855,0.998483,0.076292,-0.102618,0.001270,0.999975,-0.005135,0.001311,0.004731,0.001019,-0.022110,0.000001,0.264868,0.013642,0.036384,-0.000001,-1.314529,-1.489107,0.509250,0.000005,0.000017,0.000004,0.000000,0.000001,0.000000,0.875278,0.001815,-0.002255,-0.483611,-0.000002,0.000003,-0.000006,-0.000007,0.000014,-0.000027
3,187.767004,74,absolute_shifted,13,1.545300,0.116353,-0.140829,-0.137187,0.998628,0.077857,-0.090922,0.001202,0.999976,-0.005023,0.000141,0.004737,0.002617,-0.017848,0.000001,0.264865,0.011819,0.033184,-0.000001,-1.314529,-1.489105,0.509250,0.000005,0.000017,0.000004,0.000000,0.000001,0.000000,0.875278,0.001815,-0.002255,-0.483611,-0.000002,0.000003,-0.000006,-0.000007,0.000014,-0.000027
3,187.767004,74,absolute_shifted,14,1.661653,0.115366,-0.131798,-0.147107,0.998763,0.077028,-0.079670,0.001124,0.999977,-0.004826,-0.000784,0.004742,0.003992,-0.013987,0.000001,0.264862,0.010039,0.030063,-0.000001,-1.314528,-1.489103,0.509251,0.000005,0.000017,0.000004,0.000000,0.000001,0.000000,0.875278,0.001815,-0.002255,-0.483611,-0.000002,0.000003,-0.000006,-0.000007,0.000014,-0.000027
3,187.767004,74,absolute_shifted,15,1.777019,0.114092,-0.123050,-0.155679,0.998888,0.074367,-0.069048,0.001038,0.999977,-0.004559,-0.001489,0.004745,0.005150,-0.010519,0.000001,0.264860,0.008443,0.027264,-0.000000,-1.314528,-1.489101,0.509251,0.000005,0.000017,0.000004,0.000000,0.000001,0.000000,0.875278,0.001815,-0.002255,-0.483611,-0.000002,0.000003,-0.000006,-0.000007,0.000014,-0.000027
3,187.767004,74,absolute_shifted,16,1.891111,0.112317,-0.114781,-0.162989,0.999001,0.070383,-0.059214,0.000947,0.999978,-0.004236,-0.001999,0.004748,0.006113,-0.007409,0.000001,0.264859,0.006921,0.024824,-0.000000,-1.314527,-1.489099,0.509252,0.000005,0.000017,0.000004,0.000000,0.000001,0.000000,0.875278,0.001815,-0.002255,-0.483611,-0.000002,0.000003,-0.000006,-0.000007,0.000014,-0.000027
3,187.767004,74,absolute_shifted,17,2.003427,0.109779,-0.107141,-0.169132,0.999102,0.065536,-0.050300,0.000855,0.999979,-0.003869,-0.002335,0.004750,0.006891,-0.004620,0.000001,0.264858,0.005159,0.022514,-0.000000,-1.314526,-1.489097,0.509252,0.000005,0.000017,0.000004,0.000000,0.000001,0.000000,0.875278,0.001815,-0.002255,-0.483611,-0.000002,0.000003,-0.000006,-0.000007,0.000014,-0.000027
3,187.767004,74,absolute_shifted,18,2.113207,0.105959,-0.100234,-0.174213,0.999191,0.060247,-0.042413,0.000764,0.999980,-0.003474,-0.002519,0.004752,0.007457,-0.002149,0.000001,0.264857,0.002575,0.019713,-0.000001,-1.314526,-1.489095,0.509253,0.000005,0.000017,0.000004,0.000000,0.000001,0.000000,0.875278,0.001815,-0.002255,-0.483611,-0.000002,0.000003,-0.000006,-0.000007,0.000014,-0.000027
3,187.767004,74,absolute_shifted,19,2.219166,0.100443,-0.094132,-0.178340,0.999268,0.054900,-0.035632,0.000679,0.999981,-0.003072,-0.002576,0.004753,0.007730,-0.000060,0.000001,0.264857,-0.001022,0.015727,-0.000002,-1.314525,-1.489093,0.509253,0.000005,0.000018,0.000004,0.000000,0.000001,0.000000,0.875278,0.001815,-0.002255,-0.483611,-0.000002,0.000003,-0.000006,-0.000007,0.000014,-0.000027
3,187.767004,74,absolute_shifted,20,2.319609,0.093159,-0.088874,-0.181629,0.999332,0.049822,-0.029984,0.000603,0.999982,-0.002686,-0.002537,0.004754,0.007627,0.001520,0.000001,0.264858,-0.005031,0.010592,-0.000002,-1.314525,-1.489091,0.509253,0.000005,0.000018,0.000004,0.000000,0.000001,0.000000,0.875278,0.001815,-0.002255,-0.483611,-0.000002,0.000003,-0.000006,-0.000007,0.000014,-0.000027
3,187.767004,74,absolute_shifted,21,2.412768,0.084631,-0.084447,-0.184205,0.999385,0.045243,-0.025414,0.000538,0.999983,-0.002342,-0.002442,0.004755,0.007159,0.002506,0.000001,0.264859,-0.008003,0.005430,-0.000003,-1.314524,-1.489090,0.509254,0.000005,0.000018,0.000004,0.000000,0.000001,0.000000,0.875278,0.001815,-0.002255,-0.483611,-0.000002,0.000003,-0.000006,-0.000007,0.000014,-0.000027
3,187.767004,74,absolute_shifted,22,2.497399,0.077248,-0.080787,-0.186199,0.999428,0.041266,-0.021787,0.000485,0.999984,-0.002054,-0.002325,0.004755,0.006481,0.002966,0.000001,0.264860,-0.008791,0.001805,-0.000003,-1.314524,-1.489088,0.509254,0.000005,0.000018,0.000004,0.000000,0.000001,0.000000,0.875278,0.001815,-0.002255,-0.483611,-0.000002,0.000003,-0.000006,-0.000007,0.000014,-0.000027
3,187.767004,74,absolute_shifted,23,2.574647,0.072171,-0.077734,-0.187767,0.999464,0.037818,-0.018873,0.000442,0.999985,-0.001818,-0.002206,0.004756,0.005802,0.003105,0.000001,0.264860,-0.008252,-0.000156,-0.000003,-1.314523,-1.489087,0.509255,0.000005,0.000018,0.000004,0.000000,0.000001,0.000000,0.875278,0.001815,-0.002255,-0.483611,-0.000002,0.000003,-0.000006,-0.000007,0.000014,-0.000027
3,187.767004,74,absolute_shifted,24,2.646818,0.068840,-0.075116,-0.189040,0.999495,0.034763,-0.016457,0.000406,0.999985,-0.001619,-0.002093,0.004756,0.005207,0.003094,0.000000,0.264861,-0.007413,-0.001156,-0.000002,-1.314523,-1.489086,0.509255,0.000005,0.000018,0.000004,0.000000,0.000001,0.000000,0.875278,0.001815,-0.002255,-0.483611,-0.000002,0.000003,-0.000006,-0.000007,0.000014,-0.000027
3,187.767004,74,absolute_shifted,25,2.715658,0.066600,-0.072819,-0.190101,0.999522,0.031997,-0.014400,0.000374,0.999986,-0.001449,-0.001988,0.004756,0.004696,0.003014,0.000000,0.264862,-0.006640,-0.001697,-0.000002,-1.314523,-1.489084,0.509255,0.000006,0.000018,0.000004,0.000000,0.000001,0.000000,0.875278,0.001815,-0.002255,-0.483611,-0.000002,0.000003,-0.000006,-0.000007,0.000014,-0.000027
3,187.767004,74,absolute_shifted,26,2.782258,0.065030,-0.070773,-0.190999,0.999546,0.029457,-0.012617,0.000346,0.999986,-0.001301,-0.001888,0.004756,0.004254,0.002901,0.000000,0.264862,-0.006010,-0.002035,-0.000002,-1.314522,-1.489083,0.509255,0.000006,0.000018,0.000004,0.000000,0.000001,0.000000,0.875278,0.001815,-0.002255,-0.483611,-0.000002,0.000003,-0.000006,-0.000007,0.000014,-0.000027
3,187.767004,74,absolute_shifted,27,2.847288,0.063890,-0.068935,-0.191768,0.999567,0.027100,-0.011053,0.000321,0.999986,-0.001169,-0.001796,0.004757,0.003863,0.002769,0.000000,0.264863,-0.005513,-0.002289,-0.000001,-1.314522,-1.489082,0.509256,0.000006,0.000018,0.000004,0.000000,0.000001,0.000000,0.875278,0.001815,-0.002255,-0.483611,-0.000002,0.000003,-0.000006,-0.000007,0.000014,-0.000027
3,187.767004,74,absolute_shifted,28,2.911178,0.063039,-0.067274,-0.192430,0.999587,0.024898,-0.009673,0.000298,0.999987,-0.001052,-0.001709,0.004757,0.003511,0.002623,0.000000,0.264863,-0.005131,-0.002514,-0.000001,-1.314521,-1.489081,0.509256,0.000006,0.000018,0.000004,0.000000,0.000001,0.000000,0.875278,0.001815,-0.002255,-0.483611,-0.000002,0.000003,-0.000006,-0.000007,0.000014,-0.000027
3,187.767004,74,absolute_shifted,29,2.974217,0.062387,-0.065771,-0.193000,0.999605,0.022829,-0.008448,0.000278,0.999987,-0.000947,-0.001628,0.004757,0.003188,0.002464,0.000000,0.264864,-0.004849,-0.002744,-0.000001,-1.314521,-1.489080,0.509256,0.000006,0.000018,0.000004,0.000000,0.000001,0.000000,0.875278,0.001815,-0.002255,-0.483611,-0.000002,0.000003,-0.000006,-0.000007,0.000014,-0.000027
3,187.767004,74,absolute_shifted,30,3.036605,0.061880,-0.064408,-0.193492,0.999622,0.020877,-0.007357,0.000259,0.999987,-0.000852,-0.001554,0.004757,0.002885,0.002293,0.000000,0.264864,-0.004655,-0.002995,-0.000001,-1.314521,-1.489079,0.509256,0.000006,0.000018,0.000004,0.000000,0.000001,0.000000,0.875278,0.001815,-0.002255,-0.483611,-0.000002,0.000003,-0.000006,-0.000007,0.000014,-0.000027
3,187.767004,74,absolute_shifted,31,3.098484,0.061479,-0.063173,-0.193917,0.999637,0.019028,-0.006383,0.000242,0.999987,-0.000768,-0.001485,0.004757,0.002597,0.002108,0.000000,0.264865,-0.004539,-0.003282,-0.000001,-1.314520,-1.489077,0.509257,0.000006,0.000018,0.000004,0.000000,0.000001,0.000000,0.875278,0.001815,-0.002255,-0.483611,-0.000002,0.000003,-0.000006,-0.000007,0.000014,-0.000027
3,187.767004,74,absolute_shifted,32,3.159963,0.061159,-0.062058,-0.194282,0.999652,0.017271,-0.005511,0.000227,0.999987,-0.000693,-0.001423,0.004757,0.002318,0.001906,0.000000,0.264865,-0.004496,-0.003597,-0.000001,-1.314520,-1.489076,0.509257,0.000006,0.000018,0.000004,0.000000,0.000001,0.000000,0.875278,0.001815,-0.002255,-0.483611,-0.000002,0.000003,-0.000006,-0.000007,0.000014,-0.000027
3,187.767004,74,absolute_shifted,33,3.221121,0.060944,-0.061053,-0.194595,0.999665,0.015593,-0.004729,0.000213,0.999988,-0.000626,-0.001368,0.004757,0.002043,0.001686,0.000000,0.264866,-0.004517,-0.003955,-0.000000,-1.314520,-1.489075,0.509257,0.000006,0.000018,0.000004,0.000000,0.000001,0.000000,0.875278,0.001815,-0.002255,-0.483611,-0.000002,0.000003,-0.000006,-0.000007,0.000014,-0.000027
3,187.767004,74,absolute_shifted,34,3.282065,0.060772,-0.060152,-0.194861,0.999678,0.013984,-0.004023,0.000200,0.999988,-0.000568,-0.001320,0.004757,0.001768,0.001445,0.000000,0.264866,-0.004647,-0.004377,-0.000000,-1.314519,-1.489074,0.509258,0.000006,0.000018,0.000004,0.000000,0.000001,0.000000,0.875278,0.001815,-0.002255,-0.483611,-0.000002,0.000003,-0.000006,-0.000007,0.000014,-0.000027
3,187.767004,74,absolute_shifted,35,3.342837,0.060638,-0.059350,-0.195086,0.999690,0.012432,-0.003383,0.000188,0.999988,-0.000519,-0.001280,0.004757,0.001485,0.001179,0.000000,0.264866,-0.004853,-0.004880,-0.000000,-1.314519,-1.489073,0.509258,0.000006,0.000018,0.000004,0.000000,0.000001,0.000000,0.875278,0.001815,-0.002255,-0.483611,-0.000002,0.000003,-0.000006,-0.000007,0.000014,-0.000027
3,187.767004,74,absolute_shifted,36,3.403475,0.060538,-0.058642,-0.195273,0.999701,0.010926,-0.002797,0.000178,0.999988,-0.000479,-0.001248,0.004757,0.001191,0.000883,0.000000,0.264867,-0.005165,-0.005458,-0.000000,-1.314519,-1.489072,0.509258,0.000006,0.000019,0.000004,0.000000,0.000001,0.000000,0.875278,0.001815,-0.002255,-0.483611,-0.000002,0.000003,-0.000006,-0.000007,0.000014,-0.000027
3,187.767004,74,absolute_shifted,37,3.464012,0.060467,-0.058025,-0.195426,0.999711,0.009455,-0.002255,0.000169,0.999988,-0.000448,-0.001226,0.004757,0.000878,0.000553,0.000000,0.264867,-0.005574,-0.006154,-0.000000,-1.314518,-1.489071,0.509258,0.000006,0.000019,0.000004,0.000000,0.000001,0.000000,0.875278,0.001815,-0.002255,-0.483611,-0.000002,0.000003,-0.000006,-0.000007,0.000014,-0.000027
3,187.767004,74,absolute_shifted,38,3.524480,0.060426,-0.057497,-0.195547,0.999721,0.008006,-0.001744,0.000161,0.999988,-0.000426,-0.001215,0.004757,0.000541,0.000181,0.000000,0.264868,-0.006233,-0.007049,-0.000000,-1.314518,-1.489070,0.509259,0.000006,0.000019,0.000004,0.000000,0.000001,0.000000,0.875278,0.001815,-0.002255,-0.483611,-0.000002,0.000003,-0.000006,-0.000007,0.000014,-0.000027
3,187.767004,74,absolute_shifted,39,3.584906,0.060411,-0.057057,-0.195637,0.999731,0.006563,-0.001254,0.000154,0.999988,-0.000416,-0.001216,0.004757,0.000165,-0.000245,-0.000000,0.264868,-0.002496,-0.000333,0.000000,-1.314518,-1.489068,0.509259,0.000006,0.000019,0.000004,0.000000,0.000001,0.000000,0.875278,0.001815,-0.002255,-0.483611,-0.000002,0.000003,-0.000006,-0.000007,0.000014,-0.000027
3,187.767004,74,absolute_shifted,40,3.645317,0.070000,-0.056704,-0.195698,0.999740,0.005115,-0.000770,0.000148,0.999988,-0.000413,-0.001224,0.004757,0.000014,-0.000265,0.000000,0.000000,0.000000,0.000000,0.000000,-1.314517,-1.489067,0.509259,0.000006,0.000019,0.000004,0.000000,0.000001,0.000000,0.875278,0.001815,-0.002255,-0.483611,-0.000002,0.000003,-0.000006,-0.000007,0.000014,-0.000027
4,194.125514,98,absolute_shifted,0,0.000000,0.117748,-0.181108,-0.047728,0.997657,0.009617,-0.159521,0.001544,0.999915,-0.004244,0.011382,0.004675,-0.005761,-0.045260,-0.000003,0.264948,-1.028706,-0.612790,0.000395,-1.314536,-1.489130,0.509242,0.000001,-0.000000,-0.000006,0.000000,-0.000000,-0.000000,0.875278,0.001815,-0.002254,-0.483611,-0.000001,0.000001,0.000000,-0.000001,-0.000001,0.000001
4,194.125514,98,absolute_shifted,1,0.117748,0.118979,-0.178600,-0.065832,0.997841,0.031129,-0.146496,0.001602,0.999934,-0.008126,0.006576,0.004737,-0.126889,-0.117415,0.000023,0.264964,0.617174,0.420436,0.000401,-1.314536,-1.489130,0.509242,0.000001,-0.000000,-0.000006,0.000000,-0.000000,-0.000000,0.875278,0.001815,-0.002254,-0.483611,-0.000001,0.000001,0.000000,-0.000001,-0.000001,0.000001
4,194.125514,98,absolute_shifted,2,0.236727,0.118706,-0.174280,-0.081833,0.998038,0.039328,-0.120403,0.001684,0.999897,-0.013464,0.001054,0.004821,-0.053457,-0.067392,0.000050,0.264965,0.379109,0.272341,-0.000324,-1.314536,-1.489130,0.509241,0.000001,-0.000000,-0.000006,0.000000,-0.000000,-0.000000,0.875278,0.001815,-0.002254,-0.483611,-0.000001,0.000001,0.000000,-0.000001,-0.000001,0.000001
4,194.125514,98,absolute_shifted,3,0.355433,0.118671,-0.169638,-0.094149,0.998235,0.037691,-0.086406,0.001603,0.999869,-0.015286,-0.001996,0.004867,-0.008455,-0.035064,0.000029,0.264954,0.217771,0.169220,-0.000185,-1.314535,-1.489130,0.509240,0.000001,-0.000000,-0.000006,0.000000,-0.000000,-0.000000,0.875278,0.001815,-0.002254,-0.483611,-0.000001,0.000001,0.000000,-0.000001,-0.000001,0.000001
4,194.125514,98,absolute_shifted,4,0.474104,0.118649,-0.165533,-0.102287,0.998413,0.030911,-0.050861,0.001408,0.999869,-0.015014,-0.003479,0.004892,0.017389,-0.014982,0.000016,0.264937,0.114871,0.102606,-0.000105,-1.314535,-1.489131,0.509240,0.000001,-0.000000,-0.000006,0.000000,-0.000000,-0.000000,0.875278,0.001815,-0.002254,-0.483611,-0.000001,0.000001,0.000000,-0.000001,-0.000001,0.000001
4,194.125514,98,absolute_shifted,5,0.592754,0.118569,-0.162388,-0.106308,0.998567,0.021901,-0.017467,0.001189,0.999888,-0.013576,-0.003999,0.004906,0.031018,-0.002808,0.000009,0.264921,0.049640,0.059400,-0.000059,-1.314535,-1.489131,0.509239,0.000001,-0.000000,-0.000006,0.000000,-0.000000,-0.000000,0.875278,0.001815,-0.002254,-0.483611,-0.000001,0.000001,0.000000,-0.000001,-0.000001,0.000001
4,194.125514,98,absolute_shifted,6,0.711323,0.118427,-0.160354,-0.106598,0.998695,0.012432,0.011797,0.001004,0.999913,-0.011563,-0.003947,0.004914,0.036904,0.004235,0.000005,0.264905,0.009246,0.031591,-0.000034,-1.314535,-1.489131,0.509238,0.000001,-0.000000,-0.000006,0.000000,-0.000000,-0.000000,0.875278,0.001815,-0.002254,-0.483611,-0.000001,0.000001,0.000000,-0.000001,-0.000001,0.000001
4,194.125514,98,absolute_shifted,7,0.829750,0.118230,-0.159418,-0.103713,0.998805,0.003530,0.036060,0.000870,0.999938,-0.009347,-0.003575,0.004918,0.037999,0.007976,0.000003,0.264893,-0.014777,0.013966,-0.000019,-1.314535,-1.489131,0.509237,0.000001,-0.000000,-0.000006,0.000000,-0.000000,-0.000000,0.875278,0.001815,-0.002254,-0.483611,-0.000001,0.000001,0.000000,-0.000001,-0.000001,0.000001
4,194.125514,98,absolute_shifted,8,0.947979,0.117985,-0.159473,-0.098272,0.998902,-0.004259,0.055142,0.000785,0.999958,-0.007155,-0.003044,0.004922,0.036252,0.009627,0.000001,0.264883,-0.028092,0.003062,-0.000010,-1.314535,-1.489131,0.509237,0.000001,-0.000000,-0.000006,0.000000,-0.000000,-0.000000,0.875278,0.001815,-0.002254,-0.483611,-0.000001,0.000001,0.000000,-0.000001,-0.000001,0.000001
4,194.125514,98,absolute_shifted,9,1.065964,0.117701,-0.160369,-0.090886,0.998991,-0.010697,0.069277,0.000735,0.999972,-0.005117,-0.002455,0.004924,0.032937,0.009989,0.000001,0.264875,-0.034517,-0.003432,-0.000006,-1.314534,-1.489131,0.509236,0.000001,-0.000000,-0.000006,0.000000,-0.000000,-0.000000,0.875278,0.001815,-0.002254,-0.483611,-0.000001,0.000001,0.000000,-0.000001,-0.000001,0.000001
4,194.125514,98,absolute_shifted,10,1.183665,0.117370,-0.161938,-0.082123,0.999076,-0.015734,0.078927,0.000705,0.999981,-0.003301,-0.001870,0.004925,0.028874,0.009585,0.000000,0.264870,-0.036845,-0.007144,-0.000003,-1.314534,-1.489131,0.509235,0.000001,-0.000000,-0.000006,0.000000,-0.000000,-0.000000,0.875278,0.001815,-0.002254,-0.483611,-0.000001,0.000001,0.000000,-0.000001,-0.000001,0.000001
4,194.125514,98,absolute_shifted,11,1.301035,0.116753,-0.164015,-0.072488,0.999157,-0.019431,0.084660,0.000683,0.999985,-0.001736,-0.001325,0.004926,0.024550,0.008746,0.000000,0.264866,-0.036659,-0.009089,-0.000002,-1.314534,-1.489131,0.509235,0.000001,-0.000000,-0.000006,0.000000,-0.000000,-0.000000,0.875278,0.001815,-0.002254,-0.483611,-0.000001,0.000001,0.000000,-0.000001,-0.000001,0.000001
4,194.125514,98,absolute_shifted,12,1.417789,0.116001,-0.166439,-0.062433,0.999235,-0.021908,0.087082,0.000661,0.999987,-0.000430,-0.000838,0.004927,0.020270,0.007685,0.000000,0.264864,-0.034766,-0.009814,-0.000001,-1.314534,-1.489131,0.509234,0.000001,-0.000000,-0.000006,0.000000,-0.000000,-0.000000,0.875278,0.001815,-0.002254,-0.483611,-0.000001,0.000001,0.000000,-0.000001,-0.000001,0.000001
4,194.125514,98,absolute_shifted,13,1.533790,0.115095,-0.169072,-0.052324,0.999310,-0.023327,0.086808,0.000634,0.999988,0.000626,-0.000421,0.004928,0.016237,0.006547,-0.000000,0.264863,-0.032178,-0.009858,-0.000001,-1.314534,-1.489131,0.509233,0.000001,-0.000000,-0.000006,0.000000,-0.000000,-0.000000,0.875278,0.001815,-0.002254,-0.483611,-0.000001,0.000001,0.000000,-0.000001,-0.000001,0.000001
4,194.125514,98,absolute_shifted,14,1.648885,0.113959,-0.171795,-0.042452,0.999381,-0.023859,0.084418,0.000600,0.999987,0.001452,-0.000072,0.004929,0.012534,0.005412,-0.000000,0.264862,-0.029424,-0.009543,-0.000000,-1.314534,-1.489131,0.509233,0.000001,-0.000000,-0.000006,0.000000,-0.000000,-0.000000,0.875278,0.001815,-0.002254,-0.483611,-0.000001,0.000001,0.000000,-0.000001,-0.000001,0.000001
4,194.125514,98,absolute_shifted,15,1.762843,0.112498,-0.174509,-0.033046,0.999447,-0.023676,0.080446,0.000560,0.999986,0.002070,0.000208,0.004929,0.009180,0.004324,-0.000000,0.264862,-0.026790,-0.009067,-0.000000,-1.314533,-1.489131,0.509232,0.000001,-0.000000,-0.000006,0.000000,-0.000000,-0.000000,0.875278,0.001815,-0.002254,-0.483611,-0.000001,0.000001,0.000000,-0.000001,-0.000001,0.000001
4,194.125514,98,absolute_shifted,16,1.875342,0.110578,-0.177136,-0.024272,0.999508,-0.022942,0.075376,0.000515,0.999985,0.002500,0.000425,0.004929,0.006167,0.003304,-0.000000,0.264862,-0.024385,-0.008543,-0.000000,-1.314533,-1.489131,0.509231,0.000001,-0.000000,-0.000006,0.000000,-0.000000,-0.000000,0.875278,0.001815,-0.002254,-0.483611,-0.000001,0.000001,0.000000,-0.000001,-0.000001,0.000001
4,194.125514,98,absolute_shifted,17,1.985920,0.107971,-0.179614,-0.016249,0.999562,-0.021812,0.069642,0.000466,0.999984,0.002766,0.000583,0.004930,0.003470,0.002360,-0.000000,0.264862,-0.022078,-0.007993,0.000000,-1.314533,-1.489131,0.509231,0.000001,-0.000000,-0.000006,0.000000,-0.000000,-0.000000,0.875278,0.001815,-0.002254,-0.483611,-0.000001,0.000001,0.000000,-0.000001,-0.000001,0.000001
4,194.125514,98,absolute_shifted,18,2.093891,0.104321,-0.181896,-0.009051,0.999610,-0.020429,0.063637,0.000417,0.999983,0.002888,0.000687,0.004930,0.001086,0.001497,-0.000000,0.264862,-0.019372,-0.007318,-0.000000,-1.314533,-1.489131,0.509230,0.000001,-0.000000,-0.000006,0.000000,-0.000000,-0.000000,0.875278,0.001815,-0.002254,-0.483611,-0.000001,0.000001,0.000000,-0.000001,-0.000001,0.000001
4,194.125514,98,absolute_shifted,19,2.198212,0.099130,-0.183950,-0.002721,0.999651,-0.018926,0.057711,0.000370,0.999983,0.002892,0.000746,0.004930,-0.000935,0.000733,-0.000000,0.264863,-0.015398,-0.006272,-0.000000,-1.314533,-1.489131,0.509229,0.000002,-0.000000,-0.000006,0.000000,-0.000000,-0.000000,0.875278,0.001815,-0.002254,-0.483611,-0.000001,0.000001,0.000000,-0.000001,-0.000001,0.000001
4,194.125514,98,absolute_shifted,20,2.297342,0.092087,-0.185752,0.002723,0.999686,-0.017424,0.052164,0.000327,0.999984,0.002808,0.000766,0.004930,-0.002461,0.000112,-0.000000,0.264863,-0.009847,-0.004683,-0.000000,-1.314533,-1.489131,0.509229,0.000002,-0.000000,-0.000006,0.000000,-0.000000,-0.000000,0.875278,0.001815,-0.002254,-0.483611,-0.000001,0.000001,0.000000,-0.000001,-0.000001,0.000001
4,194.125514,98,absolute_shifted,21,2.389429,0.084135,-0.187292,0.007297,0.999714,-0.016018,0.047213,0.000290,0.999984,0.002674,0.000761,0.004930,-0.003368,-0.000320,-0.000000,0.264864,-0.004294,-0.002905,-0.000000,-1.314532,-1.489131,0.509228,0.000002,-0.000000,-0.000006,0.000000,-0.000000,-0.000000,0.875278,0.001815,-0.002254,-0.483611,-0.000001,0.000001,0.000000,-0.000001,-0.000001,0.000001
4,194.125514,98,absolute_shifted,22,2.473564,0.077342,-0.188586,0.011087,0.999737,-0.014755,0.042927,0.000259,0.999984,0.002524,0.000741,0.004930,-0.003729,-0.000564,-0.000000,0.264865,-0.000609,-0.001537,-0.000000,-1.314532,-1.489131,0.509228,0.000002,-0.000000,-0.000006,0.000000,-0.000000,-0.000000,0.875278,0.001815,-0.002254,-0.483611,-0.000001,0.000001,0.000000,-0.000001,-0.000001,0.000001
4,194.125514,98,absolute_shifted,23,2.550906,0.072543,-0.189683,0.014262,0.999756,-0.013631,0.039212,0.000234,0.999985,0.002379,0.000716,0.004930,-0.003776,-0.000683,-0.000000,0.264865,0.001246,-0.000710,-0.000000,-1.314532,-1.489131,0.509227,0.000002,-0.000000,-0.000006,0.000000,-0.000000,-0.000000,0.875278,0.001815,-0.002254,-0.483611,-0.000001,0.000001,0.000000,-0.000001,-0.000001,0.000001
4,194.125514,98,absolute_shifted,24,2.623449,0.069307,-0.190635,0.016986,0.999772,-0.012613,0.035927,0.000213,0.999985,0.002244,0.000690,0.004930,-0.003686,-0.000734,-0.000000,0.264866,0.002110,-0.000237,-0.000000,-1.314532,-1.489131,0.509227,0.000002,-0.000000,-0.000006,0.000000,-0.000000,-0.000000,0.875278,0.001815,-0.002254,-0.483611,-0.000001,0.000001,0.000000,-0.000001,-0.000001,0.000001
4,194.125514,98,absolute_shifted,25,2.692756,0.067084,-0.191477,0.019373,0.999786,-0.011678,0.032966,0.000195,0.999985,0.002119,0.000664,0.004930,-0.003540,-0.000751,-0.000000,0.264866,0.002509,0.000043,-0.000000,-1.314532,-1.489131,0.509226,0.000002,-0.000000,-0.000006,0.000000,-0.000000,-0.000000,0.875278,0.001815,-0.002254,-0.483611,-0.000001,0.000001,0.000000,-0.000001,-0.000001,0.000001
4,194.125514,98,absolute_shifted,26,2.759840,0.065588,-0.192231,0.021493,0.999799,-0.010808,0.030258,0.000179,0.999986,0.002003,0.000638,0.004930,-0.003371,-0.000748,-0.000000,0.264866,0.002692,0.000218,-0.000000,-1.314532,-1.489131,0.509226,0.000002,-0.000000,-0.000006,0.000000,-0.000000,-0.000000,0.875278,0.001815,-0.002254,-0.483611,-0.000001,0.000001,0.000000,-0.000001,-0.000001,0.000001
4,194.125514,98,absolute_shifted,27,2.825428,0.064486,-0.192913,0.023394,0.999810,-0.009991,0.027754,0.000164,0.999986,0.001896,0.000613,0.004930,-0.003195,-0.000734,-0.000000,0.264867,0.002858,0.000359,-0.000000,-1.314532,-1.489131,0.509225,0.000002,-0.000000,-0.000006,0.000000,-0.000000,-0.000000,0.875278,0.001815,-0.002254,-0.483611,-0.000001,0.000001,0.000000,-0.000001,-0.000001,0.000001
4,194.125514,98,absolute_shifted,28,2.889914,0.063663,-0.193532,0.025108,0.999820,-0.009219,0.025423,0.000151,0.999986,0.001796,0.000589,0.004930,-0.003010,-0.000710,-0.000000,0.264867,0.003015,0.000480,-0.000000,-1.314532,-1.489131,0.509225,0.000002,-0.000000,-0.000006,0.000000,-0.000000,-0.000000,0.875278,0.001815,-0.002254,-0.483611,-0.000001,0.000001,0.000000,-0.000001,-0.000001,0.000001
4,194.125514,98,absolute_shifted,29,2.953577,0.063040,-0.194095,0.026657,0.999830,-0.008486,0.023242,0.000140,0.999986,0.001703,0.000567,0.004930,-0.002819,-0.000680,-0.000000,0.264867,0.003186,0.000592,-0.000000,-1.314532,-1.489131,0.509225,0.000002,-0.000000,-0.000006,0.000000,-0.000000,-0.000000,0.875278,0.001815,-0.002254,-0.483611,-0.000001,0.000001,0.000000,-0.000001,-0.000001,0.000001
4,194.125514,98,absolute_shifted,30,3.016617,0.062569,-0.194608,0.028057,0.999838,-0.007788,0.021192,0.000129,0.999986,0.001618,0.000546,0.004930,-0.002618,-0.000643,-0.000000,0.264867,0.003387,0.000708,-0.000000,-1.314531,-1.489131,0.509224,0.000002,-0.000000,-0.000006,0.000000,-0.000000,-0.000000,0.875278,0.001815,-0.002254,-0.483611,-0.000001,0.000001,0.000000,-0.000001,-0.000001,0.000001
4,194.125514,98,absolute_shifted,31,3.079187,0.062218,-0.195074,0.029322,0.999846,-0.007121,0.019259,0.000120,0.999987,0.001539,0.000526,0.004930,-0.002406,-0.000598,-0.000000,0.264868,0.003619,0.000817,-0.000000,-1.314531,-1.489131,0.509224,0.000002,-0.000000,-0.000006,0.000000,-0.000000,-0.000000,0.875278,0.001815,-0.002254,-0.483611,-0.000001,0.000001,0.000000,-0.000001,-0.000001,0.000001
4,194.125514,98,absolute_shifted,32,3.141405,0.061961,-0.195497,0.030462,0.999853,-0.006482,0.017427,0.000111,0.999987,0.001468,0.000508,0.004930,-0.002181,-0.000547,-0.000000,0.264868,0.003912,0.000954,-0.000000,-1.314531,-1.489131,0.509223,0.000002,-0.000000,-0.000006,0.000000,-0.000000,-0.000000,0.875278,0.001815,-0.002254,-0.483611,-0.000001,0.000001,0.000000,-0.000001,-0.000001,0.000001
4,194.125514,98,absolute_shifted,33,3.203366,0.061771,-0.195880,0.031488,0.999860,-0.005866,0.015685,0.000103,0.999987,0.001404,0.000491,0.004931,-0.001938,-0.000488,-0.000000,0.264868,0.004261,0.001078,-0.000000,-1.314531,-1.489131,0.509223,0.000002,-0.000000,-0.000006,0.000000,-0.000000,-0.000000,0.875278,0.001815,-0.002254,-0.483611,-0.000001,0.000001,0.000000,-0.000001,-0.000001,0.000001
4,194.125514,98,absolute_shifted,34,3.265137,0.061613,-0.196224,0.032405,0.999866,-0.005271,0.014021,0.000096,0.999987,0.001348,0.000477,0.004931,-0.001675,-0.000422,-0.000000,0.264868,0.004711,0.001258,0.000000,-1.314531,-1.489131,0.509223,0.000002,-0.000000,-0.000006,0.000000,-0.000000,-0.000000,0.875278,0.001815,-0.002254,-0.483611,-0.000001,0.000001,0.000000,-0.000001,-0.000001,0.000001
4,194.125514,98,absolute_shifted,35,3.326751,0.061491,-0.196531,0.033219,0.999871,-0.004695,0.012423,0.000090,0.999987,0.001301,0.000465,0.004931,-0.001385,-0.000344,-0.000000,0.264868,0.005236,0.001430,-0.000000,-1.314531,-1.489131,0.509222,0.000002,-0.000000,-0.000006,0.000000,-0.000000,-0.000000,0.875278,0.001815,-0.002254,-0.483611,-0.000001,0.000001,0.000000,-0.000001,-0.000001,0.000001
4,194.125514,98,absolute_shifted,36,3.388242,0.061398,-0.196802,0.033936,0.999877,-0.004132,0.010879,0.000084,0.999987,0.001264,0.000455,0.004931,-0.001063,-0.000256,-0.000000,0.264869,0.005879,0.001654,-0.000000,-1.314531,-1.489131,0.509222,0.000002,-0.000000,-0.000006,0.000000,-0.000000,-0.000000,0.875278,0.001815,-0.002254,-0.483611,-0.000001,0.000001,0.000000,-0.000001,-0.000001,0.000001
4,194.125514,98,absolute_shifted,37,3.449640,0.061332,-0.197039,0.034557,0.999882,-0.003580,0.009377,0.000078,0.999987,0.001237,0.000449,0.004931,-0.000702,-0.000155,-0.000000,0.264869,0.006650,0.001900,0.000000,-1.314531,-1.489131,0.509221,0.000002,-0.000000,-0.000007,0.000000,-0.000000,-0.000000,0.875278,0.001815,-0.002254,-0.483611,-0.000001,0.000001,0.000000,-0.000001,-0.000001,0.000001
4,194.125514,98,absolute_shifted,38,3.510972,0.061291,-0.197242,0.035087,0.999886,-0.003035,0.007902,0.000074,0.999987,0.001221,0.000446,0.004931,-0.000294,-0.000038,-0.000000,0.264869,0.007651,0.002221,-0.000000,-1.314531,-1.489131,0.509221,0.000002,-0.000000,-0.000007,0.000000,-0.000000,-0.000000,0.875278,0.001815,-0.002254,-0.483611,-0.000001,0.000001,0.000000,-0.000001,-0.000001,0.000001
4,194.125514,98,absolute_shifted,39,3.572263,0.061271,-0.197411,0.035527,0.999891,-0.002491,0.006438,0.000069,0.999987,0.001220,0.000447,0.004931,0.000175,0.000098,-0.000000,0.264869,0.000663,-0.000119,-0.000000,-1.314531,-1.489131,0.509221,0.000002,-0.000000,-0.000007,0.000000,-0.000000,-0.000000,0.875278,0.001815,-0.002254,-0.483611,-0.000001,0.000001,0.000000,-0.000001,-0.000001,0.000001
4,194.125514,98,absolute_shifted,40,3.633534,0.070000,-0.197547,0.035876,0.999895,-0.001945,0.004971,0.000066,0.999987,0.001226,0.000450,0.004930,0.000216,0.000091,-0.000000,0.000000,0.000000,0.000000,0.000000,-1.314530,-1.489131,0.509220,0.000002,-0.000000,-0.000007,0.000000,-0.000000,-0.000000,0.875278,0.001815,-0.002254,-0.483611,-0.000001,0.000001,0.000000,-0.000001,-0.000001,0.000001
5,197.668710,96,absolute_shifted,0,0.000000,0.119980,-0.159418,-0.103713,0.998805,0.003530,0.036060,0.000870,0.999938,-0.009347,-0.003575,0.004918,0.037999,0.007976,0.000003,0.189872,-0.213046,2.357732,-0.011038,-1.314548,-1.489122,0.509213,-0.000015,0.000005,-0.000032,-0.000001,0.000000,-0.000002,0.875278,0.001813,-0.002262,-0.483611,-0.000002,-0.000011,-0.000002,0.000071,0.000042,-0.000001
5,197.668710,96,absolute_shifted,1,0.119980,0.119978,-0.159201,-0.098505,0.978909,0.002611,0.050360,-0.332536,0.999943,-0.007878,0.005395,0.004824,0.012444,0.290855,-0.000750,0.187369,0.483826,-1.935255,0.003750,-1.314550,-1.489121,0.509210,-0.000015,0.000005,-0.000032,-0.000001,0.000000,-0.000002,0.875278,0.001813,-0.002262,-0.483611,-0.000002,-0.000011,-0.000002,0.000071,0.000042,-0.000001
5,197.668710,96,absolute_shifted,2,0.239958,0.119973,-0.157887,-0.091723,0.918335,0.022207,0.062034,-0.677257,0.999848,-0.005440,0.015890,0.004679,0.070503,0.058664,-0.000494,0.235822,-0.213309,-0.892334,0.005213,-1.314551,-1.489121,0.509206,-0.000015,0.000005,-0.000033,-0.000001,0.000000,-0.000002,0.875278,0.001813,-0.002262,-0.483611,-0.000002,-0.000011,-0.000002,0.000071,0.000042,-0.000001
5,197.668710,96,absolute_shifted,3,0.359931,0.119969,-0.153147,-0.083748,0.829303,0.056929,0.069707,-0.806938,0.999856,-0.001981,0.016214,0.004599,0.044912,-0.048394,-0.000139,0.265771,-0.236484,-0.217077,0.001670,-1.314553,-1.489120,0.509202,-0.000015,0.000005,-0.000033,-0.000001,0.000000,-0.000002,0.875278,0.001813,-0.002262,-0.483611,-0.000002,-0.000011,-0.000002,0.000071,0.000042,-0.000001
5,197.668710,96,absolute_shifted,4,0.479900,0.119962,-0.144177,-0.075202,0.732703,0.091178,0.072013,-0.803436,0.999911,-0.000121,0.012538,0.004570,0.016541,-0.074436,-0.000025,0.265681,-0.102366,0.034588,0.000427,-1.314555,-1.489120,0.509198,-0.000015,0.000005,-0.000033,-0.000001,0.000000,-0.000002,0.875278,0.001813,-0.002262,-0.483611,-0.000002,-0.000011,-0.000002,0.000071,0.000042,-0.000001
5,197.668710,96,absolute_shifted,5,0.599862,0.119951,-0.131671,-0.066578,0.636520,0.115612,0.071506,-0.800087,0.999956,0.000522,0.008201,0.004562,0.004261,-0.070287,0.000004,0.265468,-0.010678,0.080082,0.000066,-1.314557,-1.489119,0.509194,-0.000015,0.000005,-0.000033,-0.000001,0.000000,-0.000002,0.875278,0.001813,-0.002262,-0.483611,-0.000002,-0.000011,-0.000002,0.000071,0.000042,-0.000001
5,197.668710,96,absolute_shifted,6,0.719812,0.119935,-0.116834,-0.058082,0.540702,0.130220,0.070048,-0.797524,0.999980,0.000757,0.004275,0.004558,0.002980,-0.060681,0.000009,0.265269,0.029248,0.063729,-0.000044,-1.314559,-1.489119,0.509190,-0.000015,0.000005,-0.000033,-0.000001,0.000000,-0.000002,0.875278,0.001813,-0.002262,-0.483611,-0.000002,-0.000011,-0.000002,0.000071,0.000042,-0.000001
5,197.668710,96,absolute_shifted,7,0.839747,0.119911,-0.100778,-0.049798,0.445156,0.136198,0.067978,-0.795770,0.999989,0.001057,0.000867,0.004555,0.006488,-0.053038,0.000006,0.265531,0.030673,0.057501,-0.000058,-1.314561,-1.489118,0.509186,-0.000015,0.000005,-0.000033,-0.000001,0.000000,-0.000002,0.875278,0.001813,-0.002262,-0.483611,-0.000002,-0.000011,-0.000002,0.000071,0.000042,-0.000001
5,197.668710,96,absolute_shifted,8,0.959658,0.119871,-0.084468,-0.041818,0.349910,0.134671,0.064917,-0.792843,0.999986,0.001570,-0.002104,0.004552,0.010166,-0.046143,0.000002,0.279904,0.005518,0.087009,-0.000027,-1.314562,-1.489117,0.509182,-0.000016,0.000005,-0.000034,-0.000001,0.000000,-0.000002,0.875278,0.001813,-0.002262,-0.483611,-0.000002,-0.000011,-0.000002,0.000071,0.000042,-0.000001
5,197.668710,96,absolute_shifted,9,1.079529,0.119785,-0.068766,-0.034303,0.258869,0.126288,0.060190,-0.726135,0.999977,0.002210,-0.004554,0.004549,0.010828,-0.035713,-0.000000,0.311946,-0.028093,0.130690,0.000006,-1.314564,-1.489117,0.509178,-0.000016,0.000005,-0.000034,-0.000001,0.000000,-0.000002,0.875278,0.001813,-0.002262,-0.483611,-0.000002,-0.000011,-0.000002,0.000071,0.000042,-0.000001
5,197.668710,96,absolute_shifted,10,1.199314,0.119596,-0.054497,-0.027497,0.184393,0.111190,0.053188,-0.517383,0.999966,0.002765,-0.006222,0.004548,0.007463,-0.020059,0.000000,0.298402,-0.041789,0.129422,0.000012,-1.314566,-1.489116,0.509174,-0.000016,0.000005,-0.000034,-0.000001,0.000000,-0.000002,0.875278,0.001813,-0.002262,-0.483611,-0.000002,-0.000011,-0.000002,0.000071,0.000042,-0.000001
5,197.668710,96,absolute_shifted,11,1.318909,0.119242,-0.042232,-0.021598,0.131390,0.093602,0.045335,-0.368994,0.999961,0.003065,-0.006957,0.004548,0.002465,-0.004580,0.000001,0.288929,-0.037413,0.097096,0.000002,-1.314568,-1.489116,0.509170,-0.000016,0.000005,-0.000034,-0.000001,0.000000,-0.000002,0.875278,0.001813,-0.002262,-0.483611,-0.000002,-0.000011,-0.000002,0.000071,0.000042,-0.000001
5,197.668710,96,absolute_shifted,12,1.438152,0.118610,-0.032132,-0.016667,0.093716,0.075829,0.037357,-0.262889,0.999961,0.003079,-0.006885,0.004548,-0.001996,0.006998,0.000001,0.282220,-0.026356,0.059473,-0.000006,-1.314570,-1.489115,0.509166,-0.000016,0.000005,-0.000034,-0.000001,0.000000,-0.000002,0.875278,0.001813,-0.002262,-0.483611,-0.000002,-0.000011,-0.000002,0.000071,0.000042,-0.000001
5,197.668710,96,absolute_shifted,13,1.556762,0.117557,-0.024123,-0.012685,0.067047,0.059477,0.029874,-0.186800,0.999966,0.002865,-0.006262,0.004549,-0.005122,0.014052,0.000001,0.277473,-0.014382,0.026585,-0.000007,-1.314572,-1.489114,0.509162,-0.000016,0.000005,-0.000035,-0.000001,0.000000,-0.000002,0.875278,0.001813,-0.002262,-0.483611,-0.000002,-0.000011,-0.000002,0.000071,0.000042,-0.000001
5,197.668710,96,absolute_shifted,14,1.674319,0.116034,-0.017977,-0.009569,0.048307,0.045446,0.023296,-0.132026,0.999972,0.002510,-0.005346,0.004549,-0.006813,0.017177,0.000000,0.274087,-0.004223,0.002074,-0.000005,-1.314574,-1.489114,0.509157,-0.000016,0.000005,-0.000035,-0.000001,0.000000,-0.000002,0.875278,0.001813,-0.002262,-0.483611,-0.000002,-0.000011,-0.000002,0.000071,0.000042,-0.000001
5,197.668710,96,absolute_shifted,15,1.790354,0.114253,-0.013388,-0.007193,0.035281,0.034054,0.017813,-0.092484,0.999978,0.002096,-0.004344,0.004550,-0.007303,0.017418,0.000000,0.271625,0.002996,-0.013487,-0.000002,-1.314576,-1.489113,0.509153,-0.000016,0.000005,-0.000035,-0.000001,0.000000,-0.000002,0.875278,0.001813,-0.002262,-0.483611,-0.000002,-0.000011,-0.000002,0.000071,0.000042,-0.000001
5,197.668710,96,absolute_shifted,16,1.904606,0.112624,-0.010024,-0.005417,0.026345,0.025196,0.013431,-0.063943,0.999982,0.001684,-0.003395,0.004550,-0.006961,0.015877,-0.000000,0.269803,0.007271,-0.021409,-0.000001,-1.314577,-1.489113,0.509149,-0.000016,0.000005,-0.000035,-0.000001,0.000000,-0.000002,0.875278,0.001813,-0.002262,-0.483611,-0.000002,-0.000011,-0.000002,0.000071,0.000042,-0.000001
5,197.668710,96,absolute_shifted,17,2.017230,0.111455,-0.007579,-0.004104,0.020300,0.018522,0.010037,-0.043392,0.999985,0.001312,-0.002571,0.004550,-0.006142,0.013466,-0.000000,0.268435,0.009191,-0.023868,0.000001,-1.314579,-1.489112,0.509145,-0.000016,0.000005,-0.000035,-0.000001,0.000000,-0.000002,0.875278,0.001813,-0.002262,-0.483611,-0.000002,-0.000011,-0.000002,0.000071,0.000042,-0.000001
5,197.668710,96,absolute_shifted,18,2.128685,0.110695,-0.005802,-0.003135,0.016283,0.013612,0.007470,-0.028689,0.999987,0.000995,-0.001896,0.004550,-0.005117,0.010805,-0.000000,0.267385,0.009411,-0.022766,0.000001,-1.314581,-1.489112,0.509141,-0.000016,0.000005,-0.000035,-0.000001,0.000000,-0.000002,0.875278,0.001813,-0.002262,-0.483611,-0.000002,-0.000011,-0.000002,0.000071,0.000042,-0.000001
5,197.668710,96,absolute_shifted,19,2.239380,0.110213,-0.004502,-0.002419,0.013678,0.010067,0.005564,-0.018384,0.999988,0.000738,-0.001369,0.004550,-0.004076,0.008285,-0.000000,0.266610,0.008972,-0.020447,0.000000,-1.314583,-1.489111,0.509138,-0.000017,0.000005,-0.000036,-0.000001,0.000000,-0.000002,0.875278,0.001813,-0.002262,-0.483611,-0.000002,-0.000011,-0.000002,0.000071,0.000042,-0.000001
5,197.668710,96,absolute_shifted,20,2.349593,0.105167,-0.003540,-0.001886,0.012043,0.007545,0.004173,-0.011285,0.999989,0.000539,-0.000975,0.004550,-0.003087,0.006032,0.000000,0.266058,0.007887,-0.017076,0.000000,-1.314585,-1.489110,0.509134,-0.000017,0.000005,-0.000036,-0.000001,0.000000,-0.000002,0.875278,0.001813,-0.002262,-0.483611,-0.000002,-0.000011,-0.000002,0.000071,0.000042,-0.000001
5,197.668710,96,absolute_shifted,21,2.454760,0.100130,-0.002841,-0.001501,0.011099,0.005824,0.003202,-0.006658,0.999989,0.000397,-0.000706,0.004550,-0.002257,0.004236,0.000000,0.265604,0.006092,-0.012612,-0.000000,-1.314587,-1.489110,0.509130,-0.000017,0.000005,-0.000036,-0.000001,0.000000,-0.000002,0.875278,0.001813,-0.002262,-0.483611,-0.000002,-0.000011,-0.000002,0.000071,0.000042,-0.000001
5,197.668710,96,absolute_shifted,22,2.554890,0.095530,-0.002321,-0.001216,0.010569,0.004625,0.002516,-0.003939,0.999989,0.000299,-0.000526,0.004550,-0.001647,0.002973,0.000000,0.265312,0.004559,-0.009007,-0.000000,-1.314588,-1.489109,0.509126,-0.000017,0.000005,-0.000036,-0.000001,0.000000,-0.000002,0.875278,0.001813,-0.002262,-0.483611,-0.000002,-0.000011,-0.000002,0.000071,0.000042,-0.000001
5,197.668710,96,absolute_shifted,23,2.650420,0.091424,-0.001923,-0.001001,0.010267,0.003760,0.002019,-0.002377,0.999990,0.000230,-0.000405,0.004550,-0.001212,0.002113,0.000000,0.265132,0.003378,-0.006354,-0.000000,-1.314590,-1.489109,0.509123,-0.000017,0.000005,-0.000036,-0.000001,0.000000,-0.000002,0.875278,0.001813,-0.002262,-0.483611,-0.000002,-0.000011,-0.000002,0.000071,0.000042,-0.000001
5,197.668710,96,absolute_shifted,24,2.741845,0.087803,-0.001610,-0.000834,0.010090,0.003113,0.001649,-0.001488,0.999990,0.000181,-0.000322,0.004550,-0.000903,0.001532,0.000000,0.265024,0.002496,-0.004467,-0.000000,-1.314591,-1.489108,0.509119,-0.000017,0.000005,-0.000036,-0.000001,0.000000,-0.000002,0.875278,0.001813,-0.002262,-0.483611,-0.000002,-0.000011,-0.000002,0.000071,0.000042,-0.000001
5,197.668710,96,absolute_shifted,25,2.829648,0.084622,-0.001359,-0.000702,0.009982,0.002613,0.001366,-0.000988,0.999990,0.000146,-0.000263,0.004550,-0.000684,0.001139,-0.000000,0.264957,0.001856,-0.003146,-0.000000,-1.314593,-1.489108,0.509116,-0.000017,0.000005,-0.000037,-0.000001,0.000000,-0.000002,0.875278,0.001813,-0.002262,-0.483611,-0.000002,-0.000011,-0.000002,0.000071,0.000042,-0.000001
5,197.668710,96,absolute_shifted,26,2.914270,0.081827,-0.001155,-0.000596,0.009909,0.002214,0.001144,-0.000717,0.999990,0.000120,-0.000221,0.004550,-0.000527,0.000873,-0.000000,0.264914,0.001398,-0.002249,-0.000000,-1.314594,-1.489108,0.509113,-0.000017,0.000005,-0.000037,-0.000001,0.000000,-0.000002,0.875278,0.001813,-0.002262,-0.483611,-0.000002,-0.000011,-0.000002,0.000071,0.000042,-0.000001
5,197.668710,96,absolute_shifted,27,2.996097,0.079335,-0.000988,-0.000510,0.009856,0.001887,0.000966,-0.000584,0.999990,0.000101,-0.000189,0.004550,-0.000412,0.000689,-0.000000,0.264885,0.001082,-0.001637,0.000000,-1.314596,-1.489107,0.509110,-0.000017,0.000005,-0.000037,-0.000001,0.000000,-0.000002,0.875278,0.001813,-0.002262,-0.483611,-0.000002,-0.000011,-0.000002,0.000071,0.000042,-0.000001
5,197.668710,96,absolute_shifted,28,3.075432,0.077114,-0.000849,-0.000439,0.009812,0.001614,0.000819,-0.000540,0.999990,0.000086,-0.000164,0.004550,-0.000327,0.000559,-0.000000,0.264864,0.000826,-0.001250,-0.000000,-1.314597,-1.489107,0.509107,-0.000017,0.000005,-0.000037,-0.000001,0.000000,-0.000002,0.875278,0.001813,-0.002262,-0.483611,-0.000002,-0.000011,-0.000002,0.000071,0.000042,-0.000001
5,197.668710,96,absolute_shifted,29,3.152546,0.075126,-0.000734,-0.000381,0.009769,0.001382,0.000697,-0.000557,0.999990,0.000075,-0.000144,0.004550,-0.000263,0.000463,-0.000000,0.264847,0.000557,-0.001019,0.000000,-1.314598,-1.489106,0.509104,-0.000017,0.000005,-0.000037,-0.000001,0.000000,-0.000002,0.875278,0.001813,-0.002262,-0.483611,-0.000002,-0.000011,-0.000002,0.000071,0.000042,-0.000001
5,197.668710,96,absolute_shifted,30,3.227672,0.073339,-0.000638,-0.000332,0.009725,0.001181,0.000593,-0.000620,0.999990,0.000066,-0.000129,0.004550,-0.000221,0.000386,-0.000000,0.264833,0.000337,-0.000879,0.000000,-1.314600,-1.489106,0.509102,-0.000017,0.000005,-0.000037,-0.000001,0.000000,-0.000002,0.875278,0.001813,-0.002262,-0.483611,-0.000002,-0.000011,-0.000002,0.000071,0.000042,-0.000001
5,197.668710,96,absolute_shifted,31,3.301011,0.071728,-0.000557,-0.000292,0.009676,0.001006,0.000503,-0.000719,0.999990,0.000058,-0.000116,0.004550,-0.000196,0.000322,-0.000000,0.264821,0.001215,-0.000431,-0.000000,-1.314601,-1.489105,0.509099,-0.000017,0.000005,-0.000037,-0.000001,0.000000,-0.000002,0.875278,0.001813,-0.002262,-0.483611,-0.000002,-0.000011,-0.000002,0.000071,0.000042,-0.000001
5,197.668710,96,absolute_shifted,32,3.372739,0.070269,-0.000491,-0.000259,0.009620,0.000852,0.000426,-0.000850,0.999990,0.000052,-0.000105,0.004550,-0.000109,0.000291,-0.000000,0.264808,-0.000372,-0.000845,-0.000000,-1.314602,-1.489105,0.509096,-0.000017,0.000005,-0.000037,-0.000001,0.000000,-0.000002,0.875278,0.001813,-0.002262,-0.483611,-0.000002,-0.000011,-0.000002,0.000071,0.000042,-0.000001
5,197.668710,96,absolute_shifted,33,3.443008,0.068941,-0.000436,-0.000232,0.009554,0.000715,0.000356,-0.001011,0.999990,0.000048,-0.000095,0.004550,-0.000135,0.000232,-0.000000,0.264824,0.000449,-0.000535,-0.000000,-1.314603,-1.489105,0.509094,-0.000017,0.000005,-0.000037,-0.000001,0.000000,-0.000002,0.875278,0.001813,-0.002262,-0.483611,-0.000002,-0.000011,-0.000002,0.000071,0.000042,-0.000001
5,197.668710,96,absolute_shifted,34,3.511949,0.064753,-0.000391,-0.000209,0.009481,0.000591,0.000293,-0.001130,0.999990,0.000044,-0.000088,0.004550,-0.000104,0.000195,-0.000000,0.264845,0.000383,-0.000496,-0.000000,-1.314605,-1.489104,0.509091,-0.000017,0.000005,-0.000038,-0.000001,0.000000,-0.000002,0.875278,0.001813,-0.002262,-0.483611,-0.000002,-0.000011,-0.000002,0.000071,0.000042,-0.000001
5,197.668710,96,absolute_shifted,35,3.576702,0.061563,-0.000356,-0.000192,0.009405,0.000483,0.000239,-0.001190,0.999990,0.000041,-0.000082,0.004550,-0.000080,0.000163,-0.000000,0.264742,0.000233,-0.000380,-0.000000,-1.314606,-1.489104,0.509089,-0.000017,0.000005,-0.000038,-0.000001,0.000000,-0.000002,0.875278,0.001813,-0.002262,-0.483611,-0.000002,-0.000011,-0.000002,0.000071,0.000042,-0.000001
5,197.668710,96,absolute_shifted,36,3.638266,0.059893,-0.000329,-0.000179,0.009323,0.000387,0.000191,-0.001483,0.999990,0.000039,-0.000078,0.004550,-0.000065,0.000139,-0.000000,0.264673,0.000118,-0.000233,-0.000000,-1.314607,-1.489104,0.509086,-0.000018,0.000005,-0.000038,-0.000001,0.000000,-0.000002,0.875278,0.001813,-0.002262,-0.483611,-0.000002,-0.000011,-0.000002,0.000071,0.000042,-0.000001
5,197.668710,96,absolute_shifted,37,3.698159,0.059999,-0.000309,-0.000169,0.009221,0.000298,0.000146,-0.001919,0.999990,0.000037,-0.000074,0.004550,-0.000058,0.000125,-0.000000,0.266520,0.000039,-0.000119,0.000000,-1.314608,-1.489103,0.509084,-0.000018,0.000005,-0.000038,-0.000001,0.000000,-0.000002,0.875278,0.001813,-0.002262,-0.483611,-0.000002,-0.000011,-0.000002,0.000071,0.000042,-0.000001
5,197.668710,96,absolute_shifted,38,3.758158,0.060675,-0.000294,-0.000161,0.009216,0.000213,0.000104,0.001747,0.999990,0.000035,-0.000070,0.004550,-0.000056,0.000118,-0.000000,0.258620,0.000026,-0.000191,0.000000,-1.314609,-1.489103,0.509082,-0.000018,0.000005,-0.000038,-0.000001,0.000000,-0.000002,0.875278,0.001813,-0.002262,-0.483611,-0.000002,-0.000011,-0.000002,0.000071,0.000042,-0.000001
5,197.668710,96,absolute_shifted,39,3.818833,0.081422,-0.000283,-0.000156,0.008896,0.000134,0.000064,-0.012298,0.999990,0.000033,-0.000067,0.004550,-0.000054,0.000106,-0.000000,0.202680,0.000508,-0.001009,0.000000,-1.314610,-1.489103,0.509079,-0.000018,0.000005,-0.000038,-0.000001,0.000000,-0.000002,0.875278,0.001813,-0.002262,-0.483611,-0.000002,-0.000011,-0.000002,0.000071,0.000042,-0.000001
5,197.668710,96,absolute_shifted,40,3.900254,0.070000,-0.000275,-0.000153,0.000260,0.000055,0.000024,-0.199838,0.999990,0.000032,-0.000064,0.004550,-0.000013,0.000024,-0.000000,0.000000,0.000000,0.000000,0.000000,-1.314611,-1.489102,0.509076,-0.000018,0.000005,-0.000038,-0.000001,0.000000,-0.000002,0.875278,0.001813,-0.002262,-0.483611,-0.000002,-0.000011,-0.000002,0.000071,0.000042,-0.000001
6,187.108225,96,absolute_shifted,0,0.000000,0.119936,-0.100778,-0.049798,0.445156,0.136198,0.067978,-0.795770,0.999989,0.001057,0.000867,0.004555,0.006488,-0.053038,0.000006,0.264863,0.031710,0.055140,-0.000055,-1.314561,-1.489131,0.509192,-0.000012,-0.000010,-0.000016,-0.000001,-0.000001,-0.000001,0.875278,0.001822,-0.002269,-0.483612,0.000010,-0.000015,-0.000001,-0.000006,0.000036,0.000003
6,187.108225,96,absolute_shifted,1,0.119936,0.119908,-0.084464,-0.041816,0.349712,0.134667,0.064921,-0.795807,0.999986,0.001574,-0.002113,0.004552,0.010291,-0.046425,0.000002,0.280962,0.004830,0.088454,-0.000027,-1.314562,-1.489132,0.509190,-0.000012,-0.000010,-0.000016,-0.000001,-0.000001,-0.000001,0.875278,0.001822,-0.002269,-0.483612,0.000010,-0.000015,-0.000001,-0.000006,0.000036,0.000003
6,187.108225,96,absolute_shifted,2,0.239845,0.119845,-0.068763,-0.034300,0.258571,0.126210,0.060157,-0.724381,0.999977,0.002219,-0.004576,0.004549,0.010871,-0.035818,0.000000,0.311723,-0.028954,0.132346,0.000006,-1.314563,-1.489133,0.509188,-0.000012,-0.000010,-0.000016,-0.000001,-0.000001,-0.000001,0.875278,0.001822,-0.002269,-0.483612,0.000010,-0.000015,-0.000001,-0.000006,0.000036,0.000003
6,187.108225,96,absolute_shifted,3,0.359690,0.119701,-0.054499,-0.027496,0.184213,0.111051,0.053130,-0.516518,0.999966,0.002774,-0.006244,0.004548,0.007401,-0.019957,0.000001,0.298272,-0.042069,0.129904,0.000011,-1.314565,-1.489134,0.509186,-0.000012,-0.000010,-0.000016,-0.000001,-0.000001,-0.000001,0.875278,0.001822,-0.002269,-0.483612,0.000010,-0.000015,-0.000001,-0.000006,0.000036,0.000003
6,187.108225,96,absolute_shifted,4,0.479391,0.119423,-0.042243,-0.021600,0.131240,0.093406,0.045255,-0.368578,0.999961,0.003070,-0.006972,0.004548,0.002365,-0.004408,0.000001,0.288784,-0.037146,0.096653,0.000001,-1.314566,-1.489136,0.509184,-0.000012,-0.000011,-0.000016,-0.000001,-0.000001,-0.000001,0.875278,0.001822,-0.002269,-0.483612,0.000010,-0.000015,-0.000001,-0.000006,0.000036,0.000003
6,187.108225,96,absolute_shifted,5,0.598814,0.118907,-0.032154,-0.016672,0.093530,0.075589,0.037265,-0.262955,0.999961,0.003078,-0.006891,0.004548,-0.002071,0.007135,0.000001,0.282045,-0.025826,0.058719,-0.000007,-1.314568,-1.489137,0.509182,-0.000012,-0.000011,-0.000016,-0.000001,-0.000001,-0.000001,0.875278,0.001822,-0.002269,-0.483612,0.000010,-0.000015,-0.000001,-0.000006,0.000036,0.000003
6,187.108225,96,absolute_shifted,6,0.717721,0.118049,-0.024156,-0.012692,0.066752,0.059202,0.029776,-0.187448,0.999966,0.002861,-0.006260,0.004549,-0.005142,0.014117,0.000001,0.277273,-0.013880,0.026032,-0.000007,-1.314569,-1.489138,0.509181,-0.000012,-0.000011,-0.000016,-0.000001,-0.000001,-0.000001,0.875278,0.001822,-0.002269,-0.483612,0.000010,-0.000015,-0.000001,-0.000006,0.000036,0.000003
6,187.108225,96,absolute_shifted,7,0.835770,0.116789,-0.018020,-0.009575,0.047819,0.045136,0.023188,-0.133319,0.999972,0.002505,-0.005338,0.004549,-0.006780,0.017190,0.000000,0.273884,-0.003955,0.001976,-0.000004,-1.314571,-1.489139,0.509179,-0.000012,-0.000011,-0.000016,-0.000001,-0.000001,-0.000001,0.875278,0.001822,-0.002269,-0.483612,0.000010,-0.000015,-0.000001,-0.000006,0.000036,0.000003
6,187.108225,96,absolute_shifted,8,0.952559,0.115191,-0.013439,-0.007197,0.034521,0.033706,0.017686,-0.094398,0.999978,0.002091,-0.004329,0.004550,-0.007242,0.017421,0.000000,0.271451,0.002946,-0.013165,-0.000002,-1.314572,-1.489141,0.509177,-0.000012,-0.000011,-0.000016,-0.000001,-0.000001,-0.000001,0.875278,0.001822,-0.002269,-0.483612,0.000010,-0.000015,-0.000001,-0.000006,0.000036,0.000003
6,187.108225,96,absolute_shifted,9,1.067750,0.113519,-0.010089,-0.005423,0.025262,0.024826,0.013284,-0.066366,0.999983,0.001679,-0.003371,0.004550,-0.006903,0.015904,0.000000,0.269678,0.006956,-0.020951,-0.000000,-1.314573,-1.489142,0.509175,-0.000012,-0.000011,-0.000017,-0.000001,-0.000001,-0.000001,0.875278,0.001822,-0.002269,-0.483612,0.000010,-0.000015,-0.000001,-0.000006,0.000036,0.000003
6,187.108225,96,absolute_shifted,10,1.181269,0.112144,-0.007666,-0.004116,0.018874,0.018167,0.009878,-0.046176,0.999986,0.001306,-0.002538,0.004550,-0.006113,0.013526,0.000000,0.268373,0.008829,-0.023740,0.000001,-1.314575,-1.489143,0.509173,-0.000012,-0.000011,-0.000017,-0.000001,-0.000001,-0.000001,0.875278,0.001822,-0.002269,-0.483612,0.000010,-0.000015,-0.000001,-0.000006,0.000036,0.000003
6,187.108225,96,absolute_shifted,11,1.293413,0.111314,-0.005916,-0.003159,0.014510,0.013309,0.007310,-0.031641,0.999987,0.000988,-0.001855,0.004550,-0.005123,0.010864,0.000000,0.267403,0.009396,-0.023430,0.000000,-1.314576,-1.489144,0.509171,-0.000012,-0.000011,-0.000017,-0.000001,-0.000001,-0.000001,0.875278,0.001822,-0.002269,-0.483612,0.000010,-0.000015,-0.000001,-0.000006,0.000036,0.000003
6,187.108225,96,absolute_shifted,12,1.404726,0.110882,-0.004638,-0.002457,0.011569,0.009839,0.005412,-0.021204,0.999989,0.000729,-0.001325,0.004550,-0.004077,0.008256,0.000000,0.266670,0.009333,-0.021751,-0.000001,-1.314577,-1.489146,0.509169,-0.000012,-0.000011,-0.000017,-0.000001,-0.000001,-0.000001,0.875278,0.001822,-0.002269,-0.483612,0.000010,-0.000015,-0.000001,-0.000006,0.000036,0.000003
6,187.108225,96,absolute_shifted,13,1.515608,0.110640,-0.003691,-0.001937,0.009627,0.007395,0.004033,-0.013817,0.999989,0.000530,-0.000935,0.004550,-0.003043,0.005844,0.000000,0.266100,0.008020,-0.017705,-0.000002,-1.314579,-1.489147,0.509167,-0.000012,-0.000011,-0.000017,-0.000001,-0.000001,-0.000001,0.875278,0.001822,-0.002269,-0.483612,0.000010,-0.000015,-0.000001,-0.000006,0.000036,0.000003
6,187.108225,96,absolute_shifted,14,1.626249,0.110530,-0.002973,-0.001549,0.008378,0.005674,0.003036,-0.008777,0.999989,0.000385,-0.000666,0.004550,-0.002155,0.003885,-0.000000,0.265668,0.005419,-0.011376,-0.000002,-1.314580,-1.489148,0.509165,-0.000012,-0.000011,-0.000017,-0.000001,-0.000001,-0.000001,0.875278,0.001822,-0.002269,-0.483612,0.000010,-0.000015,-0.000001,-0.000006,0.000036,0.000003
6,187.108225,96,absolute_shifted,15,1.736778,0.110476,-0.002418,-0.001255,0.007588,0.004436,0.002312,-0.005511,0.999989,0.000282,-0.000487,0.004550,-0.001556,0.002627,-0.000000,0.265363,0.003343,-0.006678,-0.000001,-1.314582,-1.489149,0.509164,-0.000012,-0.000011,-0.000017,-0.000001,-0.000001,-0.000001,0.875278,0.001822,-0.002269,-0.483612,0.000010,-0.000015,-0.000001,-0.000006,0.000036,0.000003
6,187.108225,96,absolute_shifted,16,1.847254,0.110444,-0.001981,-0.001031,0.007091,0.003525,0.001783,-0.003494,0.999990,0.000205,-0.000362,0.004550,-0.001187,0.001890,-0.000000,0.265168,0.002273,-0.004286,-0.000000,-1.314583,-1.489151,0.509162,-0.000013,-0.000011,-0.000017,-0.000001,-0.000001,-0.000001,0.875278,0.001822,-0.002269,-0.483612,0.000010,-0.000015,-0.000001,-0.000006,0.000036,0.000003
6,187.108225,96,absolute_shifted,17,1.957698,0.110418,-0.001631,-0.000856,0.006772,0.002844,0.001401,-0.002275,0.999990,0.000146,-0.000271,0.004550,-0.000936,0.001416,-0.000000,0.265055,0.001894,-0.003270,0.000001,-1.314584,-1.489152,0.509160,-0.000013,-0.000011,-0.000017,-0.000001,-0.000001,-0.000001,0.875278,0.001822,-0.002269,-0.483612,0.000010,-0.000015,-0.000001,-0.000006,0.000036,0.000003
6,187.108225,96,absolute_shifted,18,2.068116,0.110395,-0.001346,-0.000717,0.006563,0.002335,0.001133,-0.001518,0.999990,0.000100,-0.000203,0.004550,-0.000727,0.001055,-0.000000,0.264993,0.001817,-0.002749,0.000002,-1.314586,-1.489153,0.509158,-0.000013,-0.000011,-0.000017,-0.000001,-0.000001,-0.000001,0.875278,0.001822,-0.002269,-0.483612,0.000010,-0.000015,-0.000001,-0.000006,0.000036,0.000003
6,187.108225,96,absolute_shifted,19,2.178511,0.110379,-0.001111,-0.000603,0.006423,0.001952,0.000955,-0.001015,0.999990,0.000065,-0.000153,0.004550,-0.000526,0.000752,-0.000000,0.264957,0.001773,-0.002286,0.000003,-1.314587,-1.489154,0.509156,-0.000013,-0.000011,-0.000017,-0.000001,-0.000001,-0.000001,0.875278,0.001822,-0.002269,-0.483612,0.000010,-0.000015,-0.000001,-0.000006,0.000036,0.000003
6,187.108225,96,absolute_shifted,20,2.288890,0.110366,-0.000912,-0.000504,0.006330,0.001660,0.000840,-0.000659,0.999990,0.000041,-0.000119,0.004550,-0.000331,0.000500,0.000000,0.264931,0.001686,-0.001813,0.000004,-1.314589,-1.489156,0.509154,-0.000013,-0.000011,-0.000017,-0.000001,-0.000001,-0.000001,0.875278,0.001822,-0.002269,-0.483612,0.000010,-0.000015,-0.000001,-0.000006,0.000036,0.000003
6,187.108225,96,absolute_shifted,21,2.399256,0.110354,-0.000742,-0.000416,0.006272,0.001428,0.000765,-0.000408,0.999990,0.000028,-0.000097,0.004550,-0.000145,0.000300,0.000000,0.264909,0.001369,-0.001291,0.000004,-1.314590,-1.489157,0.509152,-0.000013,-0.000012,-0.000017,-0.000001,-0.000001,-0.000001,0.875278,0.001822,-0.002269,-0.483612,0.000010,-0.000015,-0.000001,-0.000006,0.000036,0.000003
6,187.108225,96,absolute_shifted,22,2.509610,0.110344,-0.000595,-0.000335,0.006235,0.001234,0.000709,-0.000247,0.999990,0.000024,-0.000084,0.004550,0.000007,0.000157,0.000001,0.264891,0.000710,-0.000748,0.000004,-1.314591,-1.489158,0.509150,-0.000013,-0.000012,-0.000017,-0.000001,-0.000001,-0.000001,0.875278,0.001822,-0.002269,-0.483612,0.000010,-0.000015,-0.000001,-0.000006,0.000036,0.000003
6,187.108225,96,absolute_shifted,23,2.619954,0.110273,-0.000469,-0.000259,0.006213,0.001059,0.000653,-0.000162,0.999990,0.000027,-0.000078,0.004550,0.000085,0.000075,0.000001,0.264877,0.000166,-0.000321,0.000003,-1.314593,-1.489159,0.509148,-0.000013,-0.000012,-0.000018,-0.000001,-0.000001,-0.000001,0.875278,0.001822,-0.002269,-0.483612,0.000010,-0.000015,-0.000001,-0.000006,0.000036,0.000003
6,187.108225,96,absolute_shifted,24,2.730227,0.110081,-0.000361,-0.000191,0.006196,0.000894,0.000589,-0.000135,0.999990,0.000032,-0.000075,0.004550,0.000103,0.000039,0.000001,0.264869,0.001270,0.000236,0.000001,-1.314594,-1.489161,0.509146,-0.000013,-0.000012,-0.000018,-0.000001,-0.000001,-0.000001,0.875278,0.001822,-0.002269,-0.483612,0.000010,-0.000015,-0.000001,-0.000006,0.000036,0.000003
6,187.108225,96,absolute_shifted,25,2.840308,0.106086,-0.000272,-0.000130,0.006181,0.000735,0.000510,-0.000137,0.999990,0.000042,-0.000072,0.004550,0.000243,0.000065,0.000001,0.264869,-0.000790,-0.000030,-0.000001,-1.314596,-1.489162,0.509144,-0.000013,-0.000012,-0.000018,-0.000001,-0.000001,-0.000001,0.875278,0.001822,-0.002269,-0.483612,0.000010,-0.000015,-0.000001,-0.000006,0.000036,0.000003
6,187.108225,96,absolute_shifted,26,2.946394,0.101069,-0.000201,-0.000081,0.006167,0.000590,0.000411,-0.000142,0.999990,0.000052,-0.000069,0.004550,0.000159,0.000062,0.000001,0.264872,-0.000652,0.000360,-0.000002,-1.314597,-1.489163,0.509143,-0.000013,-0.000012,-0.000018,-0.000001,-0.000001,-0.000001,0.875278,0.001822,-0.002269,-0.483612,0.000010,-0.000015,-0.000001,-0.000006,0.000036,0.000003
6,187.108225,96,absolute_shifted,27,3.047463,0.093623,-0.000149,-0.000045,0.006153,0.000458,0.000300,-0.000134,0.999990,0.000059,-0.000065,0.004551,0.000093,0.000098,0.000001,0.264876,-0.001075,0.000364,-0.000003,-1.314598,-1.489164,0.509141,-0.000013,-0.000012,-0.000018,-0.000001,-0.000001,-0.000001,0.875278,0.001822,-0.002269,-0.483612,0.000010,-0.000015,-0.000001,-0.000006,0.000036,0.000003
6,187.108225,96,absolute_shifted,28,3.141087,0.087492,-0.000111,-0.000022,0.006141,0.000345,0.000190,-0.000114,0.999990,0.000061,-0.000059,0.004551,-0.000007,0.000132,0.000001,0.264873,-0.001359,0.000408,-0.000003,-1.314600,-1.489165,0.509139,-0.000013,-0.000012,-0.000018,-0.000001,-0.000001,-0.000001,0.875278,0.001822,-0.002269,-0.483612,0.000010,-0.000015,-0.000001,-0.000006,0.000036,0.000003
6,187.108225,96,absolute_shifted,29,3.228578,0.083119,-0.000085,-0.000010,0.006132,0.000249,0.000087,-0.000104,0.999990,0.000058,-0.000053,0.004551,-0.000126,0.000168,0.000001,0.264874,-0.001462,0.000479,-0.000003,-1.314601,-1.489167,0.509138,-0.000013,-0.000012,-0.000018,-0.000001,-0.000001,-0.000001,0.875278,0.001822,-0.002269,-0.483612,0.000010,-0.000015,-0.000001,-0.000006,0.000036,0.000003
6,187.108225,96,absolute_shifted,30,3.311698,0.080577,-0.000068,-0.000006,0.006124,0.000170,-0.000001,-0.000091,0.999990,0.000050,-0.000045,0.004551,-0.000248,0.000208,0.000000,0.264848,-0.001433,0.000533,-0.000004,-1.314602,-1.489168,0.509136,-0.000013,-0.000012,-0.000018,-0.000001,-0.000001,-0.000001,0.875278,0.001822,-0.002269,-0.483612,0.000010,-0.000015,-0.000001,-0.000006,0.000036,0.000003
6,187.108225,96,absolute_shifted,31,3.392275,0.078546,-0.000057,-0.000009,0.006114,0.000106,-0.000071,-0.000156,0.999990,0.000037,-0.000036,0.004551,-0.000363,0.000251,0.000000,0.264861,-0.001231,0.000403,-0.000004,-1.314603,-1.489168,0.509135,-0.000013,-0.000012,-0.000018,-0.000001,-0.000001,-0.000001,0.875278,0.001822,-0.002269,-0.483612,0.000010,-0.000015,-0.000001,-0.000006,0.000036,0.000003
6,187.108225,96,absolute_shifted,32,3.470821,0.091493,-0.000050,-0.000017,0.006100,0.000060,-0.000117,-0.000183,0.999990,0.000021,-0.000025,0.004551,-0.000460,0.000282,0.000000,0.264854,-0.000480,-0.000434,-0.000004,-1.314604,-1.489169,0.509133,-0.000013,-0.000012,-0.000018,-0.000001,-0.000001,-0.000001,0.875278,0.001822,-0.002269,-0.483612,0.000010,-0.000015,-0.000001,-0.000006,0.000036,0.000003
6,187.108225,96,absolute_shifted,33,3.562314,0.091896,-0.000047,-0.000029,0.006081,0.000026,-0.000136,-0.000238,0.999990,-0.000001,-0.000013,0.004551,-0.000504,0.000243,-0.000000,0.264901,0.001667,-0.000829,-0.000004,-1.314605,-1.489171,0.509132,-0.000013,-0.000012,-0.000018,-0.000001,-0.000001,-0.000001,0.875278,0.001822,-0.002269,-0.483612,0.000010,-0.000015,-0.000001,-0.000006,0.000036,0.000003
6,187.108225,96,absolute_shifted,34,3.654210,0.088483,-0.000045,-0.000041,0.006064,0.000010,-0.000115,-0.000133,0.999990,-0.000021,-0.000004,0.004551,-0.000351,0.000166,-0.000000,0.265006,0.002842,-0.001009,-0.000003,-1.314607,-1.489172,0.509130,-0.000013,-0.000012,-0.000018,-0.000001,-0.000001,-0.000001,0.875278,0.001822,-0.002269,-0.483612,0.000010,-0.000015,-0.000001,-0.000006,0.000036,0.000003
6,187.108225,96,absolute_shifted,35,3.742693,0.081045,-0.000044,-0.000049,0.006072,0.000008,-0.000069,0.000313,0.999990,-0.000031,0.000001,0.004551,-0.000099,0.000077,-0.000000,0.264667,0.003033,-0.001041,-0.000003,-1.314608,-1.489173,0.509128,-0.000014,-0.000012,-0.000018,-0.000001,-0.000001,-0.000001,0.875278,0.001822,-0.002269,-0.483612,0.000010,-0.000015,-0.000001,-0.000006,0.000036,0.000003
6,187.108225,96,absolute_shifted,36,3.823738,0.059894,-0.000044,-0.000053,0.006073,0.000012,-0.000020,-0.000295,0.999990,-0.000030,0.000003,0.004551,0.000146,-0.000007,-0.000001,0.265947,0.002413,-0.001061,-0.000002,-1.314609,-1.489174,0.509127,-0.000014,-0.000012,-0.000018,-0.000001,-0.000001,-0.000001,0.875278,0.001822,-0.002269,-0.483612,0.000010,-0.000015,-0.000001,-0.000006,0.000036,0.000003
6,187.108225,96,absolute_shifted,37,3.883632,0.054706,-0.000043,-0.000053,0.006127,0.000015,0.000011,0.002093,0.999990,-0.000023,0.000002,0.004551,0.000291,-0.000071,-0.000001,0.268348,0.002363,-0.001053,-0.000001,-1.314610,-1.489174,0.509126,-0.000014,-0.000012,-0.000018,-0.000001,-0.000001,-0.000001,0.875278,0.001822,-0.002269,-0.483612,0.000010,-0.000015,-0.000001,-0.000006,0.000036,0.000003
6,187.108225,96,absolute_shifted,38,3.938338,0.053397,-0.000042,-0.000052,0.006434,0.000015,0.000031,0.009141,0.999990,-0.000013,-0.000001,0.004551,0.000420,-0.000128,-0.000001,0.241901,0.002211,-0.001013,-0.000001,-1.314610,-1.489175,0.509125,-0.000014,-0.000012,-0.000018,-0.000001,-0.000001,-0.000001,0.875278,0.001822,-0.002269,-0.483612,0.000010,-0.000015,-0.000001,-0.000006,0.000036,0.000003
6,187.108225,96,absolute_shifted,39,3.991735,0.065164,-0.000041,-0.000050,0.005709,0.000012,0.000038,-0.036285,0.999990,-0.000000,-0.000005,0.004551,0.000538,-0.000183,-0.000001,0.197660,0.001707,-0.000931,-0.000001,-1.314611,-1.489176,0.509124,-0.000014,-0.000012,-0.000018,-0.000001,-0.000001,-0.000001,0.875278,0.001822,-0.002269,-0.483612,0.000010,-0.000015,-0.000001,-0.000006,0.000036,0.000003
6,187.108225,96,absolute_shifted,40,4.056899,0.070000,-0.000041,-0.000047,-0.001940,0.000004,0.000030,-0.198493,0.999990,0.000019,-0.000012,0.004551,0.000650,-0.000243,-0.000001,0.000000,0.000000,0.000000,0.000000,-1.314612,-1.489177,0.509122,-0.000014,-0.000012,-0.000018,-0.000001,-0.000001,-0.000001,0.875278,0.001822,-0.002269,-0.483612,0.000010,-0.000015,-0.000001,-0.000006,0.000036,0.000003
7,192.786977,95,absolute_shifted,0,0.000000,0.116738,-0.018020,-0.009575,0.047819,0.045136,0.023188,-0.133319,0.999972,0.002505,-0.005338,0.004549,-0.006780,0.017190,0.000000,0.273873,-0.004164,0.002172,-0.000006,-1.314562,-1.489136,0.509200,0.000002,-0.000013,0.000024,0.000000,-0.000001,0.000001,0.875278,0.001828,-0.002270,-0.483612,0.000016,-0.000004,-0.000000,-0.000002,0.000022,0.000002
7,192.786977,95,absolute_shifted,1,0.116738,0.115170,-0.013440,-0.007198,0.034523,0.033712,0.017689,-0.094464,0.999978,0.002090,-0.004329,0.004550,-0.007267,0.017443,0.000000,0.271344,0.002713,-0.012951,-0.000004,-1.314562,-1.489137,0.509203,0.000002,-0.000013,0.000024,0.000000,-0.000001,0.000001,0.875278,0.001828,-0.002270,-0.483612,0.000016,-0.000004,-0.000000,-0.000002,0.000022,0.000002
7,192.786977,95,absolute_shifted,2,0.231908,0.113587,-0.010090,-0.005423,0.025231,0.024838,0.013293,-0.066892,0.999983,0.001676,-0.003369,0.004550,-0.006954,0.015952,-0.000000,0.269609,0.006790,-0.020724,-0.000002,-1.314562,-1.489139,0.509206,0.000002,-0.000013,0.000024,0.000000,-0.000001,0.000001,0.875278,0.001828,-0.002270,-0.483612,0.000016,-0.000004,-0.000000,-0.000002,0.000022,0.000002
7,192.786977,95,absolute_shifted,3,0.345495,0.112293,-0.007665,-0.004115,0.018764,0.018186,0.009896,-0.046979,0.999986,0.001299,-0.002532,0.004550,-0.006183,0.013598,-0.000000,0.268339,0.008863,-0.023751,-0.000001,-1.314562,-1.489140,0.509208,0.000002,-0.000013,0.000024,0.000000,-0.000001,0.000001,0.875278,0.001828,-0.002270,-0.483612,0.000016,-0.000004,-0.000000,-0.000002,0.000022,0.000002
7,192.786977,95,absolute_shifted,4,0.457787,0.111485,-0.005909,-0.003154,0.014298,0.013341,0.007344,-0.032565,0.999987,0.000977,-0.001845,0.004550,-0.005188,0.010931,-0.000000,0.267402,0.009799,-0.024066,-0.000001,-1.314561,-1.489142,0.509211,0.000002,-0.000013,0.000024,0.000000,-0.000001,0.000001,0.875278,0.001828,-0.002270,-0.483612,0.000016,-0.000004,-0.000000,-0.000002,0.000022,0.000002
7,192.786977,95,absolute_shifted,5,0.569272,0.111111,-0.004625,-0.002445,0.011250,0.009892,0.005470,-0.022115,0.999989,0.000716,-0.001311,0.004550,-0.004095,0.008248,-0.000001,0.266696,0.010181,-0.023141,-0.000002,-1.314561,-1.489143,0.509214,0.000002,-0.000013,0.000025,0.000000,-0.000001,0.000001,0.875278,0.001828,-0.002270,-0.483612,0.000016,-0.000004,-0.000000,-0.000002,0.000022,0.000002
7,192.786977,95,absolute_shifted,6,0.680383,0.110879,-0.003668,-0.001916,0.009210,0.007470,0.004116,-0.014605,0.999989,0.000518,-0.000925,0.004550,-0.002964,0.005677,-0.000001,0.266146,0.008897,-0.018836,-0.000003,-1.314561,-1.489145,0.509217,0.000002,-0.000013,0.000025,0.000000,-0.000001,0.000001,0.875278,0.001828,-0.002270,-0.483612,0.000016,-0.000004,-0.000000,-0.000002,0.000022,0.000002
7,192.786977,95,absolute_shifted,7,0.791262,0.110770,-0.002940,-0.001517,0.007881,0.005752,0.003137,-0.009366,0.999989,0.000380,-0.000669,0.004550,-0.001978,0.003588,-0.000001,0.265720,0.005677,-0.011014,-0.000003,-1.314561,-1.489146,0.509219,0.000002,-0.000013,0.000025,0.000000,-0.000001,0.000001,0.875278,0.001828,-0.002270,-0.483612,0.000016,-0.000004,-0.000000,-0.000002,0.000022,0.000002
7,192.786977,95,absolute_shifted,8,0.902032,0.110714,-0.002376,-0.001212,0.007036,0.004488,0.002410,-0.005882,0.999989,0.000287,-0.000505,0.004550,-0.001349,0.002368,-0.000001,0.265409,0.002883,-0.005029,-0.000002,-1.314561,-1.489148,0.509222,0.000002,-0.000013,0.000025,0.000000,-0.000001,0.000001,0.875278,0.001828,-0.002270,-0.483612,0.000016,-0.000004,-0.000000,-0.000002,0.000022,0.000002
7,192.786977,95,absolute_shifted,9,1.012746,0.110681,-0.001935,-0.000977,0.006507,0.003523,0.001856,-0.003670,0.999990,0.000221,-0.000389,0.004550,-0.001029,0.001812,-0.000001,0.265202,0.001503,-0.002508,-0.000001,-1.314560,-1.489149,0.509225,0.000002,-0.000013,0.000025,0.000000,-0.000001,0.000001,0.875278,0.001828,-0.002270,-0.483612,0.000016,-0.000004,-0.000000,-0.000002,0.000022,0.000002
7,192.786977,95,absolute_shifted,10,1.123427,0.110664,-0.001588,-0.000796,0.006176,0.002782,0.001432,-0.002311,0.999990,0.000168,-0.000297,0.004550,-0.000863,0.001534,-0.000001,0.265072,0.001148,-0.002128,0.000001,-1.314560,-1.489150,0.509228,0.000002,-0.000013,0.000025,0.000000,-0.000001,0.000001,0.875278,0.001828,-0.002270,-0.483612,0.000016,-0.000004,-0.000000,-0.000002,0.000022,0.000002
7,192.786977,95,absolute_shifted,11,1.234090,0.110652,-0.001312,-0.000656,0.005966,0.002226,0.001114,-0.001485,0.999990,0.000123,-0.000219,0.004550,-0.000736,0.001298,-0.000001,0.264992,0.001218,-0.002432,0.000002,-1.314560,-1.489152,0.509231,0.000002,-0.000013,0.000026,0.000000,-0.000001,0.000001,0.875278,0.001828,-0.002270,-0.483612,0.000016,-0.000004,-0.000000,-0.000002,0.000022,0.000002
7,192.786977,95,absolute_shifted,12,1.344742,0.110642,-0.001090,-0.000546,0.005830,0.001824,0.000886,-0.000984,0.999990,0.000086,-0.000155,0.004550,-0.000601,0.001029,-0.000001,0.264944,0.001354,-0.002680,0.000003,-1.314560,-1.489153,0.509233,0.000002,-0.000013,0.000026,0.000000,-0.000001,0.000001,0.875278,0.001828,-0.002270,-0.483612,0.000016,-0.000004,-0.000000,-0.000002,0.000022,0.000002
7,192.786977,95,absolute_shifted,13,1.455384,0.110632,-0.000904,-0.000457,0.005738,0.001545,0.000731,-0.000680,0.999990,0.000057,-0.000106,0.004550,-0.000451,0.000733,-0.000001,0.264915,0.001521,-0.002827,0.000004,-1.314560,-1.489155,0.509236,0.000002,-0.000013,0.000026,0.000000,-0.000001,0.000001,0.875278,0.001828,-0.002270,-0.483612,0.000016,-0.000004,-0.000000,-0.000002,0.000022,0.000002
7,192.786977,95,absolute_shifted,14,1.566016,0.110621,-0.000745,-0.000382,0.005672,0.001353,0.000631,-0.000496,0.999990,0.000036,-0.000074,0.004550,-0.000283,0.000420,-0.000001,0.264898,0.001441,-0.002629,0.000004,-1.314559,-1.489156,0.509239,0.000002,-0.000014,0.000026,0.000000,-0.000001,0.000001,0.875278,0.001828,-0.002270,-0.483612,0.000016,-0.000004,-0.000000,-0.000002,0.000022,0.000002
7,192.786977,95,absolute_shifted,15,1.676637,0.110609,-0.000603,-0.000316,0.005624,0.001211,0.000565,-0.000383,0.999990,0.000025,-0.000059,0.004550,-0.000124,0.000129,-0.000000,0.264888,0.000843,-0.001815,0.000004,-1.314559,-1.489158,0.509242,0.000002,-0.000014,0.000026,0.000000,-0.000001,0.000001,0.875278,0.001828,-0.002270,-0.483612,0.000016,-0.000004,-0.000000,-0.000002,0.000022,0.000002
7,192.786977,95,absolute_shifted,16,1.787246,0.110597,-0.000476,-0.000257,0.005585,0.001087,0.000516,-0.000312,0.999990,0.000021,-0.000057,0.004550,-0.000031,-0.000071,-0.000000,0.264882,0.000264,-0.000815,0.000004,-1.314559,-1.489159,0.509245,0.000002,-0.000014,0.000026,0.000000,-0.000001,0.000001,0.875278,0.001828,-0.002270,-0.483612,0.000016,-0.000004,-0.000000,-0.000002,0.000022,0.000002
7,192.786977,95,absolute_shifted,17,1.897843,0.110584,-0.000363,-0.000202,0.005554,0.000957,0.000472,-0.000262,0.999990,0.000020,-0.000064,0.004550,-0.000001,-0.000162,0.000000,0.264879,0.001354,0.000284,0.000002,-1.314559,-1.489161,0.509248,0.000002,-0.000014,0.000026,0.000000,-0.000001,0.000001,0.875278,0.001828,-0.002270,-0.483612,0.000016,-0.000004,-0.000000,-0.000002,0.000022,0.000002
7,192.786977,95,absolute_shifted,18,2.008427,0.110569,-0.000265,-0.000152,0.005527,0.000809,0.000425,-0.000226,0.999990,0.000024,-0.000072,0.004550,0.000148,-0.000130,0.000000,0.264877,-0.000548,0.000403,0.000001,-1.314559,-1.489162,0.509251,0.000002,-0.000014,0.000027,0.000000,-0.000001,0.000001,0.875278,0.001828,-0.002270,-0.483612,0.000016,-0.000004,-0.000000,-0.000002,0.000022,0.000002
7,192.786977,95,absolute_shifted,19,2.118996,0.110554,-0.000184,-0.000109,0.005503,0.000647,0.000365,-0.000197,0.999990,0.000031,-0.000078,0.004550,0.000088,-0.000086,0.000000,0.264876,-0.000190,0.000985,0.000000,-1.314558,-1.489164,0.509254,0.000002,-0.000014,0.000027,0.000000,-0.000001,0.000001,0.875278,0.001828,-0.002270,-0.483612,0.000016,-0.000004,-0.000000,-0.000002,0.000022,0.000002
7,192.786977,95,absolute_shifted,20,2.229550,0.110539,-0.000122,-0.000072,0.005483,0.000475,0.000293,-0.000174,0.999990,0.000035,-0.000080,0.004550,0.000067,0.000023,0.000000,0.264874,-0.000393,0.001031,-0.000000,-1.314558,-1.489165,0.509257,0.000002,-0.000014,0.000027,0.000000,-0.000001,0.000001,0.875278,0.001828,-0.002270,-0.483612,0.000016,-0.000004,-0.000000,-0.000002,0.000022,0.000002
7,192.786977,95,absolute_shifted,21,2.340089,0.110524,-0.000079,-0.000044,0.005464,0.000307,0.000213,-0.000158,0.999990,0.000037,-0.000075,0.004550,0.000023,0.000137,0.000000,0.264872,-0.000512,0.000996,-0.000001,-1.314558,-1.489167,0.509260,0.000002,-0.000014,0.000027,0.000000,-0.000001,0.000001,0.875278,0.001828,-0.002270,-0.483612,0.000016,-0.000004,-0.000000,-0.000002,0.000022,0.000002
7,192.786977,95,absolute_shifted,22,2.450613,0.110511,-0.000054,-0.000025,0.005447,0.000155,0.000132,-0.000150,0.999990,0.000037,-0.000064,0.004550,-0.000033,0.000247,0.000000,0.264870,-0.000568,0.000880,-0.000001,-1.314558,-1.489169,0.509263,0.000002,-0.000014,0.000027,0.000000,-0.000001,0.000001,0.875278,0.001828,-0.002270,-0.483612,0.000016,-0.000004,-0.000000,-0.000002,0.000022,0.000002
7,192.786977,95,absolute_shifted,23,2.561125,0.110502,-0.000044,-0.000015,0.005431,0.000032,0.000054,-0.000150,0.999990,0.000033,-0.000048,0.004550,-0.000096,0.000345,0.000000,0.264870,-0.000658,0.000651,-0.000001,-1.314557,-1.489170,0.509266,0.000002,-0.000014,0.000027,0.000000,-0.000001,0.000001,0.875278,0.001828,-0.002270,-0.483612,0.000016,-0.000004,-0.000000,-0.000002,0.000022,0.000002
7,192.786977,95,absolute_shifted,24,2.671627,0.110498,-0.000045,-0.000013,0.005414,-0.000050,-0.000011,-0.000151,0.999990,0.000026,-0.000027,0.004550,-0.000169,0.000417,0.000000,0.264872,-0.000745,0.000170,-0.000001,-1.314557,-1.489172,0.509269,0.000002,-0.000014,0.000027,0.000000,-0.000001,0.000001,0.875278,0.001828,-0.002270,-0.483612,0.000016,-0.000004,-0.000000,-0.000002,0.000022,0.000002
7,192.786977,95,absolute_shifted,25,2.782125,0.110501,-0.000053,-0.000017,0.005398,-0.000084,-0.000056,-0.000143,0.999990,0.000014,-0.000004,0.004550,-0.000251,0.000435,0.000000,0.264878,-0.000436,-0.001012,-0.000002,-1.314557,-1.489173,0.509272,0.000002,-0.000014,0.000028,0.000000,-0.000001,0.000001,0.875278,0.001828,-0.002270,-0.483612,0.000016,-0.000004,-0.000000,-0.000002,0.000022,0.000002
7,192.786977,95,absolute_shifted,26,2.892625,0.110511,-0.000062,-0.000024,0.005384,-0.000068,-0.000070,-0.000109,0.999990,-0.000001,0.000017,0.004550,-0.000299,0.000324,0.000000,0.264887,0.001107,-0.001745,-0.000001,-1.314557,-1.489175,0.509275,0.000002,-0.000014,0.000028,0.000000,-0.000001,0.000001,0.875278,0.001828,-0.002270,-0.483612,0.000016,-0.000004,-0.000000,-0.000002,0.000022,0.000002
7,192.786977,95,absolute_shifted,27,3.003136,0.110530,-0.000067,-0.000031,0.005376,-0.000015,-0.000052,-0.000041,0.999990,-0.000014,0.000030,0.004550,-0.000177,0.000131,-0.000000,0.264893,0.001684,-0.002125,-0.000001,-1.314557,-1.489176,0.509278,0.000002,-0.000014,0.000028,0.000000,-0.000001,0.000001,0.875278,0.001828,-0.002270,-0.483612,0.000016,-0.000004,-0.000000,-0.000002,0.000022,0.000002
7,192.786977,95,absolute_shifted,28,3.113666,0.110374,-0.000065,-0.000035,0.005376,0.000052,-0.000014,0.000053,0.999990,-0.000019,0.000030,0.004550,0.000009,-0.000104,-0.000000,0.264887,0.001013,-0.001170,-0.000000,-1.314556,-1.489178,0.509281,0.000002,-0.000014,0.000028,0.000000,-0.000001,0.000001,0.875278,0.001828,-0.002270,-0.483612,0.000016,-0.000004,-0.000000,-0.000002,0.000022,0.000002
7,192.786977,95,absolute_shifted,29,3.224040,0.090336,-0.000056,-0.000034,0.005386,0.000109,0.000024,0.000124,0.999990,-0.000015,0.000021,0.004550,0.000121,-0.000233,-0.000000,0.264885,0.000164,-0.000227,0.000001,-1.314556,-1.489180,0.509284,0.000002,-0.000015,0.000028,0.000000,-0.000001,0.000001,0.875278,0.001828,-0.002270,-0.483612,0.000016,-0.000004,-0.000000,-0.000002,0.000022,0.000002
7,192.786977,95,absolute_shifted,30,3.314376,0.081508,-0.000044,-0.000031,0.005400,0.000137,0.000046,0.000174,0.999990,-0.000009,0.000010,0.004550,0.000136,-0.000254,-0.000000,0.264874,0.000126,-0.000059,0.000001,-1.314556,-1.489181,0.509287,0.000002,-0.000015,0.000028,0.000000,-0.000001,0.000001,0.875278,0.001828,-0.002270,-0.483612,0.000016,-0.000004,-0.000000,-0.000002,0.000022,0.000002
7,192.786977,95,absolute_shifted,31,3.395884,0.076647,-0.000033,-0.000027,0.005414,0.000145,0.000057,0.000185,0.999990,-0.000004,-0.000000,0.004550,0.000146,-0.000259,-0.000000,0.264891,-0.000025,0.000214,0.000001,-1.314556,-1.489182,0.509289,0.000002,-0.000015,0.000028,0.000000,-0.000001,0.000001,0.875278,0.001828,-0.002270,-0.483612,0.000016,-0.000004,-0.000000,-0.000002,0.000022,0.000002
7,192.786977,95,absolute_shifted,32,3.472531,0.078578,-0.000022,-0.000022,0.005431,0.000137,0.000058,0.000246,0.999990,0.000002,-0.000010,0.004550,0.000144,-0.000242,0.000000,0.264908,-0.000711,0.000708,0.000002,-1.314556,-1.489183,0.509291,0.000002,-0.000015,0.000028,0.000000,-0.000001,0.000001,0.875278,0.001828,-0.002270,-0.483612,0.000016,-0.000004,-0.000000,-0.000002,0.000022,0.000002
7,192.786977,95,absolute_shifted,33,3.551110,0.073066,-0.000012,-0.000018,0.005454,0.000115,0.000051,0.000355,0.999990,0.000007,-0.000018,0.004550,0.000088,-0.000187,0.000000,0.265095,-0.000772,0.001377,0.000002,-1.314555,-1.489184,0.509293,0.000002,-0.000015,0.000029,0.000000,-0.000001,0.000001,0.875278,0.001828,-0.002270,-0.483612,0.000016,-0.000004,-0.000000,-0.000002,0.000022,0.000002
7,192.786977,95,absolute_shifted,34,3.624176,0.064878,-0.000005,-0.000014,0.005503,0.000085,0.000040,0.000964,0.999990,0.000009,-0.000023,0.004550,0.000032,-0.000086,0.000000,0.264680,-0.000560,0.001527,0.000002,-1.314555,-1.489186,0.509295,0.000002,-0.000015,0.000029,0.000000,-0.000001,0.000001,0.875278,0.001828,-0.002270,-0.483612,0.000016,-0.000004,-0.000000,-0.000002,0.000022,0.000002
7,192.786977,95,absolute_shifted,35,3.689054,0.057747,-0.000000,-0.000012,0.005550,0.000055,0.000028,0.000508,0.999990,0.000009,-0.000024,0.004550,-0.000004,0.000013,0.000000,0.263693,-0.000346,0.001601,0.000001,-1.314555,-1.489187,0.509297,0.000002,-0.000015,0.000029,0.000000,-0.000001,0.000001,0.875278,0.001828,-0.002270,-0.483612,0.000016,-0.000004,-0.000000,-0.000002,0.000022,0.000002
7,192.786977,95,absolute_shifted,36,3.746801,0.053646,0.000002,-0.000011,0.005507,0.000028,0.000017,-0.002009,0.999990,0.000009,-0.000023,0.004550,-0.000024,0.000105,0.000000,0.268179,-0.000163,0.001613,0.000001,-1.314555,-1.489187,0.509299,0.000002,-0.000015,0.000029,0.000000,-0.000001,0.000001,0.875278,0.001828,-0.002270,-0.483612,0.000016,-0.000004,-0.000000,-0.000002,0.000022,0.000002
7,192.786977,95,absolute_shifted,37,3.800447,0.052381,0.000003,-0.000010,0.005576,0.000006,0.000008,0.004565,0.999990,0.000008,-0.000019,0.004550,-0.000033,0.000192,0.000000,0.281323,0.000040,0.001441,0.000000,-1.314555,-1.489188,0.509300,0.000002,-0.000015,0.000029,0.000000,-0.000001,0.000001,0.875278,0.001828,-0.002270,-0.483612,0.000016,-0.000004,-0.000000,-0.000002,0.000022,0.000002
7,192.786977,95,absolute_shifted,38,3.852828,0.051989,0.000003,-0.000010,0.006651,-0.000012,-0.000000,0.036485,0.999990,0.000007,-0.000013,0.004550,-0.000031,0.000268,0.000000,0.212623,0.000333,0.001023,0.000000,-1.314555,-1.489189,0.509302,0.000002,-0.000015,0.000029,0.000000,-0.000001,0.000001,0.875278,0.001828,-0.002270,-0.483612,0.000016,-0.000004,-0.000000,-0.000002,0.000022,0.000002
7,192.786977,95,absolute_shifted,39,3.904816,0.056993,0.000002,-0.000010,0.005932,-0.000019,-0.000006,-0.064117,0.999990,0.000007,-0.000005,0.004550,-0.000014,0.000321,0.000000,0.201435,0.000655,0.000496,-0.000000,-1.314555,-1.489190,0.509303,0.000002,-0.000015,0.000029,0.000000,-0.000001,0.000001,0.875278,0.001828,-0.002270,-0.483612,0.000016,-0.000004,-0.000000,-0.000002,0.000022,0.000002
7,192.786977,95,absolute_shifted,40,3.961809,0.070000,0.000001,-0.000011,-0.001538,-0.000019,-0.000011,-0.198020,0.999990,0.000007,0.000005,0.004550,0.000024,0.000349,0.000000,0.000000,0.000000,0.000000,0.000000,-1.314554,-1.489191,0.509305,0.000002,-0.000015,0.000029,0.000000,-0.000001,0.000001,0.875278,0.001828,-0.002270,-0.483612,0.000016,-0.000004,-0.000000,-0.000002,0.000022,0.000002
