solve_num,solve_time_ms,solve_iters,coord_mode,node,t,theta,tgt_x,tgt_y,tgt_z,tgt_vx,tgt_vy,tgt_vz,circle_center_x,circle_center_y,circle_center_z,circle_radius,circle_omega,circle_phi0,circle_t_abs,abs_x,abs_y,abs_z,abs_vx,abs_vy,abs_vz,abs_qw,abs_qx,abs_qy,abs_qz,abs_wx,abs_wy,abs_wz,fz,mx,my,mz,rel_x,rel_y,rel_z,rel_vx,rel_vy,rel_vz,rel_qw,rel_qx,rel_qy,rel_qz,rel_wx,rel_wy,rel_wz
0,84.551376,192,relative,0,0.000000,0.050000,0.227019,-0.973890,0.200000,0.097389,0.022702,0.000000,0.000000,0.000000,0.000000,0.000000,0.000000,0.000000,0.000000,0.000108,-0.000027,2.492881,-0.000103,0.000658,-0.000086,1.000000,-0.000070,-0.000097,0.000002,0.000043,0.000000,0.000000,0.102521,0.209100,0.104135,0.001067,-0.226911,0.973863,2.292881,-0.097492,-0.022044,-0.000086,1.000000,-0.000070,-0.000097,0.000002,0.000043,0.000000,0.000000
0,84.551376,192,relative,1,0.050000,0.200000,0.231886,-0.972743,0.200000,0.097276,0.023189,0.000000,0.000000,0.000000,0.000000,0.000000,0.000000,0.000000,0.000000,0.000102,0.000006,2.485360,-0.000131,0.000668,-0.300732,1.000000,0.000061,-0.000032,0.000003,0.010498,0.005207,0.000030,0.240512,0.108490,0.058708,0.001275,-0.231784,0.972749,2.285360,-0.097407,-0.022521,-0.300732,1.000000,0.000061,-0.000032,0.000003,0.010498,0.005207,0.000030
0,84.551376,192,relative,2,0.250000,0.200000,0.251296,-0.967910,0.200000,0.096821,0.025137,0.000000,0.000000,0.000000,0.000000,0.000000,0.000000,0.000000,0.000000,0.000161,-0.000071,2.407171,0.001380,-0.002710,-0.481166,0.999997,0.002196,0.001076,0.000013,0.032196,0.016949,0.000175,0.264881,0.034921,0.022566,0.001277,-0.251135,0.967839,2.207171,-0.095442,-0.027847,-0.481166,0.999997,0.002196,0.001076,0.000013,0.032196,0.016949,0.000175
0,84.551376,192,relative,3,0.450000,0.200000,0.270615,-0.962688,0.200000,0.096367,0.027084,0.000000,0.000000,0.000000,0.000000,0.000000,0.000000,0.000000,0.000000,0.001096,-0.001919,2.310940,0.009223,-0.018101,-0.481165,0.999979,0.005765,0.002996,0.000038,0.039179,0.021463,0.000320,0.264911,-0.016190,-0.003510,0.001235,-0.269519,0.960770,2.110940,-0.087145,-0.045186,-0.481165,0.999979,0.005765,0.002996,0.000038,0.039179,0.021463,0.000320
0,84.551376,192,relative,4,0.650000,0.200000,0.289843,-0.957077,0.200000,0.095913,0.029032,0.000000,0.000000,0.000000,0.000000,0.000000,0.000000,0.000000,0.000000,0.004395,-0.008303,2.214712,0.025149,-0.048200,-0.481166,0.999942,0.009521,0.005108,0.000078,0.035940,0.020763,0.000461,0.264956,-0.049679,-0.021415,0.001172,-0.285448,0.948773,2.014712,-0.070764,-0.077232,-0.481166,0.999942,0.009521,0.005108,0.000078,0.035940,0.020763,0.000461
0,84.551376,192,relative,5,0.850000,0.200000,0.308980,-0.951075,0.200000,0.095459,0.030980,0.000000,0.000000,0.000000,0.000000,0.000000,0.000000,0.000000,0.000000,0.011687,-0.022118,2.118484,0.048994,-0.091969,-0.481169,0.999896,0.012618,0.006969,0.000133,0.026003,0.016483,0.000594,0.265001,-0.068355,-0.032266,0.001092,-0.297293,0.928958,1.918484,-0.046465,-0.122949,-0.481169,0.999896,0.012618,0.006969,0.000133,0.026003,0.016483,0.000594
0,84.551376,192,relative,6,1.050000,0.200000,0.328026,-0.944685,0.200000,0.095005,0.032928,0.000000,0.000000,0.000000,0.000000,0.000000,0.000000,0.000000,0.000000,0.024417,-0.045759,2.022255,0.079173,-0.145703,-0.481171,0.999860,0.014534,0.008294,0.000202,0.012330,0.010031,0.000718,0.265027,-0.074785,-0.037121,0.000997,-0.303609,0.898925,1.822255,-0.015832,-0.178631,-0.481171,0.999860,0.014534,0.008294,0.000202,0.012330,0.010031,0.000718
0,84.551376,192,relative,7,1.250000,0.200000,0.346982,-0.937904,0.200000,0.094551,0.034876,0.000000,0.000000,0.000000,0.000000,0.000000,0.000000,0.000000,0.000000,0.043616,-0.080718,1.926022,0.113230,-0.204196,-0.481172,0.999847,0.015020,0.008925,0.000285,-0.002627,0.002608,0.000832,0.265026,-0.071506,-0.037068,0.000889,-0.303366,0.857187,1.726022,0.018679,-0.239071,-0.481172,0.999847,0.015020,0.008925,0.000285,-0.002627,0.002608,0.000832
0,84.551376,192,relative,8,1.450000,0.200000,0.365847,-0.930734,0.200000,0.094097,0.036823,0.000000,0.000000,0.000000,0.000000,0.000000,0.000000,0.000000,0.000000,0.069778,-0.127371,1.829786,0.148311,-0.261699,-0.481171,0.999862,0.014043,0.008814,0.000380,-0.016928,-0.004807,0.000933,0.264998,-0.060966,-0.033194,0.000767,-0.296069,0.803363,1.629786,0.054214,-0.298523,-0.481171,0.999862,0.014043,0.008814,0.000380,-0.016928,-0.004807,0.000933
0,84.551376,192,relative,9,1.650000,0.200000,0.384621,-0.923175,0.200000,0.093643,0.038771,0.000000,0.000000,0.000000,0.000000,0.000000,0.000000,0.000000,0.000000,0.102817,-0.184961,1.733547,0.181548,-0.312693,-0.481170,0.999899,0.011742,0.007999,0.000487,-0.029120,-0.011449,0.001020,0.264954,-0.045443,-0.026539,0.000634,-0.281804,0.738214,1.533547,0.087905,-0.351464,-0.481170,0.999899,0.011742,0.007999,0.000487,-0.029120,-0.011449,0.001020
0,84.551376,192,relative,10,1.850000,0.200000,0.403304,-0.915226,0.200000,0.093189,0.040719,0.000000,0.000000,0.000000,0.000000,0.000000,0.000000,0.000000,0.000000,0.142100,-0.251696,1.637308,0.210364,-0.352459,-0.481167,0.999943,0.008378,0.006585,0.000603,-0.038207,-0.016762,0.001092,0.264910,-0.026992,-0.018070,0.000490,-0.261204,0.663530,1.437308,0.117175,-0.393178,-0.481167,0.999943,0.008378,0.006585,0.000603,-0.038207,-0.016762,0.001092
0,84.551376,192,relative,11,2.050000,0.200000,0.421897,-0.906887,0.200000,0.092735,0.042667,0.000000,0.000000,0.000000,0.000000,0.000000,0.000000,0.000000,0.000000,0.186528,-0.324957,1.541070,0.232692,-0.377476,-0.481165,0.999979,0.004289,0.004725,0.000726,-0.043602,-0.020383,0.001148,0.264881,-0.007427,-0.008664,0.000339,-0.235369,0.581930,1.341070,0.139957,-0.420143,-0.481165,0.999979,0.004289,0.004725,0.000726,-0.043602,-0.020383,0.001148
0,84.551376,192,relative,12,2.250000,0.200000,0.440398,-0.898159,0.200000,0.092281,0.044614,0.000000,0.000000,0.000000,0.000000,0.000000,0.000000,0.000000,0.000000,0.234648,-0.401559,1.444834,0.247118,-0.385649,-0.481164,0.999996,-0.000143,0.002596,0.000855,-0.045084,-0.022124,0.001186,0.264875,0.011682,0.000893,0.000181,-0.205750,0.496600,1.244834,0.154837,-0.430263,-0.481164,0.999996,-0.000143,0.002596,0.000855,-0.045084,-0.022124,0.001186
0,84.551376,192,relative,13,2.450000,0.200000,0.458809,-0.889042,0.200000,0.091827,0.046562,0.000000,0.000000,0.000000,0.000000,0.000000,0.000000,0.000000,0.000000,0.284800,-0.478051,1.348602,0.252957,-0.376395,-0.481165,0.999989,-0.004532,0.000388,0.000986,-0.042743,-0.021953,0.001207,0.264894,0.028988,0.009904,0.000019,-0.174009,0.410991,1.148602,0.161130,-0.422957,-0.481165,0.999989,-0.004532,0.000388,0.000986,-0.042743,-0.021953,0.001207
0,84.551376,192,relative,14,2.650000,0.200000,0.477129,-0.879534,0.200000,0.091373,0.048510,0.000000,0.000000,0.000000,0.000000,0.000000,0.000000,0.000000,0.000000,0.335260,-0.551011,1.252373,0.250267,-0.350610,-0.481166,0.999962,-0.008514,-0.001712,0.001118,-0.036942,-0.019980,0.001209,0.264929,0.043347,0.017750,-0.000146,-0.141869,0.328523,1.052373,0.158894,-0.399120,-0.481166,0.999962,-0.008514,-0.001712,0.001118,-0.036942,-0.019980,0.001209
0,84.551376,192,relative,15,2.850000,0.200000,0.495358,-0.869638,0.200000,0.090919,0.050458,0.000000,0.000000,0.000000,0.000000,0.000000,0.000000,0.000000,0.000000,0.384387,-0.617338,1.156145,0.239805,-0.310530,-0.481168,0.999924,-0.011773,-0.003535,0.001248,-0.028269,-0.016436,0.001192,0.264969,0.053778,0.023880,-0.000314,-0.110971,0.252299,0.956145,0.148886,-0.360988,-0.481168,0.999924,-0.011773,-0.003535,0.001248,-0.028269,-0.016436,0.001192
0,84.551376,192,relative,16,3.050000,0.200000,0.513497,-0.859351,0.200000,0.090465,0.052406,0.000000,0.000000,0.000000,0.000000,0.000000,0.000000,0.000000,0.000000,0.430755,-0.674491,1.059915,0.222945,-0.259503,-0.481170,0.999888,-0.014060,-0.004942,0.001374,-0.017511,-0.011664,0.001157,0.265001,0.059423,0.027795,-0.000484,-0.082742,0.184860,0.859915,0.132480,-0.311908,-0.481170,0.999888,-0.014060,-0.004942,0.001374,-0.017511,-0.011664,0.001157
0,84.551376,192,relative,17,3.250000,0.200000,0.531544,-0.848675,0.200000,0.090011,0.054353,0.000000,0.000000,0.000000,0.000000,0.000000,0.000000,0.000000,0.000000,0.473261,-0.720685,0.963684,0.201537,-0.201684,-0.481171,0.999866,-0.015216,-0.005830,0.001494,-0.005625,-0.006107,0.001102,0.265013,0.059520,0.029046,-0.000656,-0.058283,0.127990,0.763684,0.111526,-0.256037,-0.481171,0.999866,-0.015216,-0.005830,0.001494,-0.005625,-0.006107,0.001102
0,84.551376,192,relative,18,3.450000,0.200000,0.549501,-0.837610,0.200000,0.089557,0.056301,0.000000,0.000000,0.000000,0.000000,0.000000,0.000000,0.000000,0.000000,0.511210,-0.755018,0.867450,0.177741,-0.141664,-0.481172,0.999865,-0.015183,-0.006149,0.001606,0.006280,-0.000298,0.001027,0.265004,0.053410,0.027240,-0.000824,-0.038291,0.082592,0.667450,0.088184,-0.197965,-0.481172,0.999865,-0.015183,-0.006149,0.001606,0.006280,-0.000298,0.001027
0,84.551376,192,relative,19,3.650000,0.200000,0.567367,-0.826155,0.200000,0.089103,0.058249,0.000000,0.000000,0.000000,0.000000,0.000000,0.000000,0.000000,0.000000,0.544349,-0.777511,0.771213,0.153813,-0.084030,-0.481171,0.999883,-0.014023,-0.005903,0.001707,0.016961,0.005152,0.000933,0.264977,0.040721,0.022115,-0.000984,-0.023018,0.048644,0.571213,0.064710,-0.142279,-0.481171,0.999883,-0.014023,-0.005903,0.001707,0.016961,0.005152,0.000933
0,84.551376,192,relative,20,3.850000,0.200000,0.585142,-0.814310,0.200000,0.088649,0.060197,0.000000,0.000000,0.000000,0.000000,0.000000,0.000000,0.000000,0.000000,0.572868,-0.789065,0.674975,0.131864,-0.032885,-0.481169,0.999914,-0.011921,-0.005161,0.001797,0.025105,0.009578,0.000822,0.264941,0.021867,0.013758,-0.001124,-0.012274,0.025245,0.474975,0.043215,-0.093082,-0.481169,0.999914,-0.011921,-0.005161,0.001797,0.025105,0.009578,0.000822
0,84.551376,192,relative,21,4.050000,0.200000,0.602826,-0.802076,0.200000,0.088195,0.062144,0.000000,0.000000,0.000000,0.000000,0.000000,0.000000,0.000000,0.000000,0.597342,-0.791309,0.578737,0.113601,0.008662,-0.481167,0.999948,-0.009195,-0.004060,0.001874,0.029477,0.012332,0.000694,0.264908,-0.001022,0.003017,-0.001231,-0.005484,0.010767,0.378737,0.025406,-0.053482,-0.481167,0.999948,-0.009195,-0.004060,0.001874,0.029477,0.012332,0.000694
0,84.551376,192,relative,22,4.250000,0.200000,0.620420,-0.789453,0.200000,0.087741,0.064092,0.000000,0.000000,0.000000,0.000000,0.000000,0.000000,0.000000,0.000000,0.618627,-0.786356,0.482500,0.100080,0.038955,-0.481166,0.999975,-0.006260,-0.002791,0.001937,0.029271,0.012939,0.000554,0.264885,-0.023067,-0.008022,-0.001293,-0.001793,0.003097,0.282500,0.012340,-0.025137,-0.481166,0.999975,-0.006260,-0.002791,0.001937,0.029271,0.012939,0.000554
0,84.551376,192,relative,23,4.450000,0.200000,0.637923,-0.776439,0.200000,0.087287,0.066040,0.000000,0.000000,0.000000,0.000000,0.000000,0.000000,0.000000,0.000000,0.637709,-0.776478,0.386265,0.091537,0.058068,-0.481166,0.999990,-0.003566,-0.001571,0.001985,0.024657,0.011336,0.000407,0.289234,-0.036977,-0.016144,-0.001295,-0.000214,-0.000038,0.186265,0.004251,-0.007972,-0.481166,0.999990,-0.003566,-0.001571,0.001985,0.024657,0.011336,0.000407
0,84.551376,192,relative,24,4.650000,0.050000,0.655335,-0.763037,0.200000,0.086833,0.067988,0.000000,0.000000,0.000000,0.000000,0.000000,0.000000,0.000000,0.000000,0.655492,-0.763662,0.308075,0.086991,0.068590,-0.300725,0.999997,-0.001472,-0.000595,0.002018,0.017261,0.008109,0.000260,0.362301,-0.053611,-0.024035,-0.001246,0.000157,-0.000626,0.108075,0.000158,0.000602,-0.300725,0.999997,-0.001472,-0.000595,0.002018,0.017261,0.008109,0.000260
0,84.551376,192,relative,25,4.700000,0.050000,0.659673,-0.759625,0.200000,0.086719,0.068475,0.000000,0.000000,0.000000,0.000000,0.000000,0.000000,0.000000,0.000000,0.659823,-0.760188,0.297549,0.086319,0.070290,-0.120300,0.999997,-0.001075,-0.000406,0.002024,0.014580,0.006907,0.000224,0.167441,-0.075098,-0.034430,-0.001178,0.000150,-0.000563,0.097549,-0.000400,0.001815,-0.120300,0.999997,-0.001075,-0.000406,0.002024,0.014580,0.006907,0.000224
0,84.551376,192,relative,26,4.750000,0.200000,0.664007,-0.756189,0.200000,0.086606,0.068962,0.000000,0.000000,0.000000,0.000000,0.000000,0.000000,0.000000,0.000000,0.664134,-0.756659,0.287024,0.086115,0.070852,-0.300725,0.999998,-0.000757,-0.000255,0.002029,0.010826,0.005186,0.000191,0.264865,-0.041524,-0.025681,-0.001223,0.000127,-0.000470,0.087024,-0.000490,0.001891,-0.300725,0.999998,-0.000757,-0.000255,0.002029,0.010826,0.005186,0.000191
0,84.551376,192,relative,27,4.950000,0.050000,0.681282,-0.742202,0.200000,0.086152,0.070909,0.000000,0.000000,0.000000,0.000000,0.000000,0.000000,0.000000,0.000000,0.681308,-0.742306,0.226875,0.085799,0.072244,-0.300763,0.999998,-0.000091,0.000009,0.002041,0.002521,0.000050,0.000052,0.362362,-0.021358,-0.005375,-0.000612,0.000026,-0.000104,0.026875,-0.000353,0.001335,-0.300763,0.999998,-0.000091,0.000009,0.002041,0.002521,0.000050,0.000052
0,84.551376,192,relative,28,5.000000,0.050000,0.685587,-0.738644,0.200000,0.086038,0.071396,0.000000,0.000000,0.000000,0.000000,0.000000,0.000000,0.000000,0.000000,0.685598,-0.738691,0.216350,0.085809,0.072330,-0.120221,0.999998,-0.000041,0.000007,0.002042,0.001453,-0.000219,0.000034,0.264801,-0.017743,-0.000326,-0.000602,0.000011,-0.000047,0.016350,-0.000229,0.000933,-0.120221,0.999998,-0.000041,0.000007,0.002042,0.001453,-0.000219,0.000034
0,84.551376,192,relative,29,5.050000,0.050000,0.689886,-0.735062,0.200000,0.085925,0.071883,0.000000,0.000000,0.000000,0.000000,0.000000,0.000000,0.000000,0.000000,0.689889,-0.735074,0.210336,0.085813,0.072356,-0.120348,0.999998,-0.000016,0.000001,0.002043,0.000566,-0.000235,0.000017,0.275533,-0.011246,0.004716,-0.000602,0.000003,-0.000011,0.010336,-0.000111,0.000472,-0.120348,0.999998,-0.000016,0.000001,0.002043,0.000566,-0.000235,0.000017
0,84.551376,192,relative,30,5.100000,0.100000,0.694179,-0.731456,0.200000,0.085811,0.072370,0.000000,0.000000,0.000000,0.000000,0.000000,0.000000,0.000000,0.000000,0.694179,-0.731456,0.204812,0.085812,0.072367,-0.100601,0.999998,-0.000009,-0.000002,0.002043,0.000003,0.000000,-0.000000,0,0,0,0,-0.000000,0.000000,0.004812,0.000001,-0.000004,-0.100601,0.999998,-0.000009,-0.000002,0.002043,0.000003,0.000000,-0.000000
1,94.244384,201,relative,0,0.000000,0.200000,0.234803,-0.972043,0.200000,0.097204,0.023480,0.000000,0.000000,0.000000,0.000000,0.000000,0.000000,0.000000,0.000000,0.000100,-0.000010,2.492889,-0.000225,0.000589,-0.000003,1.000000,-0.000044,-0.000076,0.000002,-0.000024,0.001065,0.000000,0.197110,0.161918,0.082587,0.001006,-0.234703,0.972033,2.292889,-0.097429,-0.022891,-0.000003,1.000000,-0.000044,-0.000076,0.000002,-0.000024,0.001065,0.000000
1,94.244384,201,relative,1,0.200000,0.200000,0.254197,-0.967152,0.200000,0.096735,0.025424,0.000000,0.000000,0.000000,0.000000,0.000000,0.000000,0.000000,0.000000,0.000084,0.000042,2.442696,0.000514,-0.000855,-0.501932,0.999998,0.001573,0.000857,0.000008,0.032359,0.017583,0.000114,0.264879,0.058331,0.032084,0.001107,-0.254113,0.967195,2.242696,-0.096221,-0.026279,-0.501932,0.999998,0.001573,0.000857,0.000008,0.032359,0.017583,0.000114
1,94.244384,201,relative,2,0.400000,0.200000,0.273497,-0.961873,0.200000,0.096265,0.027368,0.000000,0.000000,0.000000,0.000000,0.000000,0.000000,0.000000,0.000000,0.000774,-0.001207,2.342312,0.007746,-0.014138,-0.501930,0.999981,0.005392,0.002936,0.000026,0.044025,0.024001,0.000240,0.264910,-0.011674,-0.002680,0.001131,-0.272723,0.960666,2.142312,-0.088519,-0.041506,-0.501930,0.999981,0.005392,0.002936,0.000026,0.044025,0.024001,0.000240
1,94.244384,201,relative,3,0.600000,0.200000,0.292703,-0.956205,0.200000,0.095795,0.029313,0.000000,0.000000,0.000000,0.000000,0.000000,0.000000,0.000000,0.000000,0.003788,-0.006719,2.241931,0.023943,-0.043782,-0.501931,0.999939,0.009677,0.005309,0.000057,0.041689,0.023467,0.000369,0.264963,-0.055876,-0.025322,0.001093,-0.288915,0.949486,2.041931,-0.071852,-0.073095,-0.501931,0.999939,0.009677,0.005309,0.000057,0.041689,0.023467,0.000369
1,94.244384,201,relative,4,0.800000,0.200000,0.311815,-0.950148,0.200000,0.095326,0.031257,0.000000,0.000000,0.000000,0.000000,0.000000,0.000000,0.000000,0.000000,0.010951,-0.019782,2.141552,0.049059,-0.089214,-0.501934,0.999884,0.013287,0.007402,0.000101,0.030513,0.018404,0.000493,0.265018,-0.079811,-0.038339,0.001010,-0.300864,0.930366,1.941552,-0.046267,-0.120471,-0.501934,0.999884,0.013287,0.007402,0.000101,0.030513,0.018404,0.000493
1,94.244384,201,relative,5,1.000000,0.200000,0.330833,-0.943702,0.200000,0.094856,0.033201,0.000000,0.000000,0.000000,0.000000,0.000000,0.000000,0.000000,0.000000,0.023885,-0.043188,2.041171,0.081235,-0.146316,-0.501937,0.999840,0.015540,0.008859,0.000159,0.014549,0.010739,0.000608,0.265051,-0.087717,-0.043601,0.000897,-0.306948,0.900514,1.841171,-0.013621,-0.179516,-0.501937,0.999840,0.015540,0.008859,0.000159,0.014549,0.010739,0.000608
1,94.244384,201,relative,6,1.200000,0.200000,0.349758,-0.936868,0.200000,0.094387,0.035145,0.000000,0.000000,0.000000,0.000000,0.000000,0.000000,0.000000,0.000000,0.043723,-0.078685,1.940785,0.117562,-0.209028,-0.501938,0.999825,0.016118,0.009496,0.000229,-0.002995,0.002019,0.000710,0.265048,-0.083210,-0.042707,0.000766,-0.306035,0.858183,1.740785,0.023175,-0.244173,-0.501938,0.999825,0.016118,0.009496,0.000229,-0.002995,0.002019,0.000710
1,94.244384,201,relative,7,1.400000,0.200000,0.368588,-0.929644,0.200000,0.093917,0.037089,0.000000,0.000000,0.000000,0.000000,0.000000,0.000000,0.000000,0.000000,0.070963,-0.126724,1.840395,0.154692,-0.270624,-0.501937,0.999845,0.014988,0.009269,0.000312,-0.019637,-0.006524,0.000797,0.265013,-0.069574,-0.037135,0.000624,-0.297625,0.802921,1.640395,0.060775,-0.307713,-0.501937,0.999845,0.014988,0.009269,0.000312,-0.019637,-0.006524,0.000797
1,94.244384,201,relative,8,1.600000,0.200000,0.387325,-0.922032,0.200000,0.093447,0.039033,0.000000,0.000000,0.000000,0.000000,0.000000,0.000000,0.000000,0.000000,0.105432,-0.186429,1.740002,0.189327,-0.324685,-0.501934,0.999890,0.012330,0.008243,0.000405,-0.033550,-0.013954,0.000868,0.264959,-0.049825,-0.028278,0.000475,-0.281892,0.735604,1.540002,0.095880,-0.363718,-0.501934,0.999890,0.012330,0.008243,0.000405,-0.033550,-0.013954,0.000868
1,94.244384,201,relative,9,1.800000,0.200000,0.405967,-0.914031,0.200000,0.092978,0.040977,0.000000,0.000000,0.000000,0.000000,0.000000,0.000000,0.000000,0.000000,0.146333,-0.255732,1.639609,0.218586,-0.365834,-0.501931,0.999942,0.008478,0.006562,0.000505,-0.043513,-0.019615,0.000922,0.264908,-0.026701,-0.017433,0.000320,-0.259634,0.658299,1.439609,0.125608,-0.406811,-0.501931,0.999942,0.008478,0.006562,0.000505,-0.043513,-0.019615,0.000922
1,94.244384,201,relative,10,2.000000,0.200000,0.424516,-0.905641,0.200000,0.092508,0.042921,0.000000,0.000000,0.000000,0.000000,0.000000,0.000000,0.000000,0.000000,0.192359,-0.331639,1.539218,0.240269,-0.390211,-0.501928,0.999983,0.003862,0.004423,0.000612,-0.048850,-0.023108,0.000958,0.264878,-0.002623,-0.005780,0.000158,-0.232157,0.574003,1.339218,0.147760,-0.433132,-0.501928,0.999983,0.003862,0.004423,0.000612,-0.048850,-0.023108,0.000958
1,94.244384,201,relative,11,2.200000,0.200000,0.442970,-0.896863,0.200000,0.092039,0.044865,0.000000,0.000000,0.000000,0.000000,0.000000,0.000000,0.000000,0.000000,0.241842,-0.410555,1.438830,0.253011,-0.395744,-0.501928,0.999997,-0.001047,0.002050,0.000721,-0.049371,-0.024271,0.000976,0.264878,0.020289,0.005623,-0.000011,-0.201128,0.486308,1.238830,0.160972,-0.440609,-0.501928,0.999997,-0.001047,0.002050,0.000721,-0.049371,-0.024271,0.000976
1,94.244384,201,relative,12,2.400000,0.200000,0.461331,-0.887695,0.200000,0.091569,0.046809,0.000000,0.000000,0.000000,0.000000,0.000000,0.000000,0.000000,0.000000,0.292934,-0.488661,1.338446,0.256351,-0.382215,-0.501929,0.999983,-0.005779,-0.000324,0.000831,-0.045310,-0.023154,0.000975,0.264905,0.040181,0.015831,-0.000190,-0.168397,0.399035,1.138446,0.164782,-0.429025,-0.501929,0.999983,-0.005779,-0.000324,0.000831,-0.045310,-0.023154,0.000975
1,94.244384,201,relative,13,2.600000,0.200000,0.479598,-0.878139,0.200000,0.091099,0.048753,0.000000,0.000000,0.000000,0.000000,0.000000,0.000000,0.000000,0.000000,0.343781,-0.562270,1.238065,0.250709,-0.351180,-0.501932,0.999947,-0.009906,-0.002484,0.000938,-0.037271,-0.019994,0.000953,0.264947,0.055387,0.023985,-0.000375,-0.135816,0.315869,1.038065,0.159609,-0.399933,-0.501932,0.999947,-0.009906,-0.002484,0.000938,-0.037271,-0.019994,0.000953
1,94.244384,201,relative,14,2.800000,0.200000,0.497771,-0.868194,0.200000,0.090630,0.050698,0.000000,0.000000,0.000000,0.000000,0.000000,0.000000,0.000000,0.000000,0.392698,-0.628168,1.137684,0.237299,-0.305727,-0.501934,0.999905,-0.013078,-0.004246,0.001041,-0.026191,-0.015201,0.000911,0.264989,0.064387,0.029297,-0.000565,-0.105073,0.240026,0.937684,0.146669,-0.356425,-0.501934,0.999905,-0.013078,-0.004246,0.001041,-0.026191,-0.015201,0.000911
1,94.244384,201,relative,15,3.000000,0.200000,0.515850,-0.857860,0.200000,0.090160,0.052642,0.000000,0.000000,0.000000,0.000000,0.000000,0.000000,0.000000,0.000000,0.438305,-0.683882,1.037301,0.217969,-0.250119,-0.501937,0.999871,-0.015052,-0.005474,0.001137,-0.013312,-0.009344,0.000846,0.265015,0.065929,0.031100,-0.000752,-0.077545,0.173979,0.837301,0.127809,-0.302761,-0.501937,0.999871,-0.015052,-0.005474,0.001137,-0.013312,-0.009344,0.000846
1,94.244384,201,relative,16,3.200000,0.200000,0.533835,-0.847137,0.200000,0.089691,0.054586,0.000000,0.000000,0.000000,0.000000,0.000000,0.000000,0.000000,0.000000,0.479641,-0.727868,0.936916,0.194982,-0.189311,-0.501937,0.999857,-0.015723,-0.006097,0.001223,-0.000125,-0.003125,0.000761,0.265018,0.059534,0.029059,-0.000925,-0.054194,0.119269,0.736916,0.105291,-0.243896,-0.501937,0.999857,-0.015723,-0.006097,0.001223,-0.000125,-0.003125,0.000761
1,94.244384,201,relative,17,3.400000,0.200000,0.551726,-0.836026,0.200000,0.089221,0.056530,0.000000,0.000000,0.000000,0.000000,0.000000,0.000000,0.000000,0.000000,0.516215,-0.759598,0.836527,0.170740,-0.128372,-0.501936,0.999866,-0.015141,-0.006117,0.001298,0.011782,0.002687,0.000656,0.264999,0.046388,0.023576,-0.001069,-0.035511,0.076427,0.636527,0.081519,-0.184902,-0.501936,0.999866,-0.015141,-0.006117,0.001298,0.011782,0.002687,0.000656
1,94.244384,201,relative,18,3.600000,0.200000,0.569523,-0.824525,0.200000,0.088751,0.058474,0.000000,0.000000,0.000000,0.000000,0.000000,0.000000,0.000000,0.000000,0.548005,-0.779517,0.736136,0.147495,-0.071886,-0.501935,0.999892,-0.013500,-0.005609,0.001360,0.021059,0.007404,0.000534,0.264966,0.030191,0.016183,-0.001170,-0.021518,0.045008,0.536136,0.058744,-0.130360,-0.501935,0.999892,-0.013500,-0.005609,0.001360,0.021059,0.007404,0.000534
1,94.244384,201,relative,19,3.800000,0.200000,0.587227,-0.812636,0.200000,0.088282,0.060418,0.000000,0.000000,0.000000,0.000000,0.000000,0.000000,0.000000,0.000000,0.575403,-0.788893,0.635745,0.127083,-0.023451,-0.501932,0.999926,-0.011094,-0.004703,0.001408,0.027097,0.010642,0.000401,0.264929,0.016281,0.009188,-0.001208,-0.011823,0.023743,0.435745,0.038801,-0.083869,-0.501932,0.999926,-0.011094,-0.004703,0.001408,0.027097,0.010642,0.000401
1,94.244384,201,relative,20,4.000000,0.200000,0.604836,-0.800358,0.200000,0.087812,0.062362,0.000000,0.000000,0.000000,0.000000,0.000000,0.000000,0.000000,0.000000,0.599114,-0.789597,0.535355,0.110787,0.014539,-0.501931,0.999959,-0.008223,-0.003543,0.001442,0.030352,0.012481,0.000264,0.264899,-0.011058,-0.002543,-0.001201,-0.005722,0.010761,0.335355,0.022974,-0.047823,-0.501931,0.999959,-0.008223,-0.003543,0.001442,0.030352,0.012481,0.000264
1,94.244384,201,relative,21,4.200000,0.200000,0.622352,-0.787691,0.200000,0.087343,0.064306,0.000000,0.000000,0.000000,0.000000,0.000000,0.000000,0.000000,0.000000,0.620039,-0.783854,0.434966,0.099270,0.040986,-0.501929,0.999982,-0.005301,-0.002316,0.001462,0.028140,0.011974,0.000127,0.264880,-0.061242,-0.026243,-0.001147,-0.002312,0.003838,0.234966,0.011927,-0.023320,-0.501929,0.999982,-0.005301,-0.002316,0.001462,0.028140,0.011974,0.000127
1,94.244384,201,relative,22,4.400000,0.200000,0.639773,-0.774636,0.200000,0.086873,0.066250,0.000000,0.000000,0.000000,0.000000,0.000000,0.000000,0.000000,0.000000,0.639122,-0.773905,0.334578,0.092172,0.057058,-0.501933,0.999993,-0.003100,-0.001377,0.001468,0.015892,0.006725,-0.000003,0.290301,-0.005591,-0.000887,0.000020,-0.000651,0.000730,0.134578,0.005299,-0.009192,-0.501933,0.999993,-0.003100,-0.001377,0.001468,0.015892,0.006725,-0.000003
1,94.244384,201,relative,23,4.600000,0.050000,0.657101,-0.761191,0.200000,0.086403,0.068194,0.000000,0.000000,0.000000,0.000000,0.000000,0.000000,0.000000,0.000000,0.657058,-0.761385,0.253026,0.087672,0.067051,-0.313584,0.999997,-0.001568,-0.000712,0.001468,0.014773,0.006548,-0.000001,0.366310,-0.020874,-0.008241,0.000003,-0.000043,-0.000193,0.053026,0.001268,-0.001143,-0.313584,0.999997,-0.001568,-0.000712,0.001468,0.014773,0.006548,-0.000001
1,94.244384,201,relative,24,4.650000,0.050000,0.661418,-0.757770,0.200000,0.086286,0.068680,0.000000,0.000000,0.000000,0.000000,0.000000,0.000000,0.000000,0.000000,0.661419,-0.757983,0.242043,0.086812,0.068933,-0.125735,0.999998,-0.001212,-0.000553,0.001468,0.013730,0.006136,-0.000001,0.265114,-0.028149,-0.011769,0.000003,0.000001,-0.000214,0.042043,0.000526,0.000252,-0.125735,0.999998,-0.001212,-0.000553,0.001468,0.013730,0.006136,-0.000001
1,94.244384,201,relative,25,4.700000,0.050000,0.665729,-0.754323,0.200000,0.086169,0.069166,0.000000,0.000000,0.000000,0.000000,0.000000,0.000000,0.000000,0.000000,0.665748,-0.754509,0.235767,0.086342,0.069959,-0.125284,0.999998,-0.000887,-0.000406,0.001468,0.012322,0.005547,-0.000001,0.264720,-0.035643,-0.015438,0.000004,0.000018,-0.000186,0.035767,0.000173,0.000793,-0.125284,0.999998,-0.000887,-0.000406,0.001468,0.012322,0.005547,-0.000001
1,94.244384,201,relative,26,4.750000,0.050000,0.670035,-0.750853,0.200000,0.086051,0.069652,0.000000,0.000000,0.000000,0.000000,0.000000,0.000000,0.000000,0.000000,0.670056,-0.750992,0.229496,0.086007,0.070685,-0.125562,0.999999,-0.000601,-0.000277,0.001468,0.010540,0.004775,-0.000000,0.264921,-0.042846,-0.019017,0.000004,0.000021,-0.000139,0.029496,-0.000044,0.001032,-0.125562,0.999999,-0.000601,-0.000277,0.001468,0.010540,0.004775,-0.000000
1,94.244384,201,relative,27,4.800000,0.050000,0.674334,-0.747358,0.200000,0.085934,0.070138,0.000000,0.000000,0.000000,0.000000,0.000000,0.000000,0.000000,0.000000,0.674350,-0.747445,0.223220,0.085790,0.071154,-0.125468,0.999999,-0.000364,-0.000169,0.001468,0.008398,0.003825,-0.000000,0.264853,-0.049696,-0.022416,0.000005,0.000016,-0.000087,0.023220,-0.000143,0.001015,-0.125468,0.999999,-0.000364,-0.000169,0.001468,0.008398,0.003825,-0.000000
1,94.244384,201,relative,28,4.850000,0.050000,0.678628,-0.743839,0.200000,0.085816,0.070624,0.000000,0.000000,0.000000,0.000000,0.000000,0.000000,0.000000,0.000000,0.678636,-0.743880,0.216946,0.085667,0.071418,-0.125499,0.999999,-0.000186,-0.000087,0.001468,0.005913,0.002704,-0.000000,0.264890,-0.056203,-0.025614,0.000005,0.000008,-0.000041,0.016946,-0.000150,0.000794,-0.125499,0.999999,-0.000186,-0.000087,0.001468,0.005913,0.002704,-0.000000
1,94.244384,201,relative,29,4.900000,0.050000,0.682916,-0.740296,0.200000,0.085699,0.071110,0.000000,0.000000,0.000000,0.000000,0.000000,0.000000,0.000000,0.000000,0.682918,-0.740306,0.210672,0.085609,0.071539,-0.125461,0.999999,-0.000073,-0.000035,0.001468,0.003103,0.001423,-0.000000,0.278280,-0.061404,-0.028111,0.000007,0.000002,-0.000010,0.010672,-0.000089,0.000429,-0.125461,0.999999,-0.000073,-0.000035,0.001468,0.003103,0.001423,-0.000000
1,94.244384,201,relative,30,4.950000,0.100000,0.687198,-0.736728,0.200000,0.085582,0.071596,0.000000,0.000000,0.000000,0.000000,0.000000,0.000000,0.000000,0.000000,0.687198,-0.736727,0.205020,0.085586,0.071588,-0.100628,0.999999,-0.000034,-0.000017,0.001468,0.000033,0.000017,0.000000,0,0,0,0,-0.000000,0.000001,0.005020,0.000004,-0.000009,-0.100628,0.999999,-0.000034,-0.000017,0.001468,0.000033,0.000017,0.000000
2,74.702714,164,relative,0,0.000000,0.200000,0.244511,-0.969646,0.200000,0.096965,0.024451,0.000000,0.000000,0.000000,0.000000,0.000000,0.000000,0.000000,0.000000,0.000081,-0.000003,2.492900,-0.000293,0.000452,-0.000023,1.000000,-0.000038,-0.000032,0.000002,0.000000,0.001065,0.000000,0.184372,0.180566,0.094171,0.001190,-0.244430,0.969643,2.292900,-0.097258,-0.023999,-0.000023,1.000000,-0.000038,-0.000032,0.000002,0.000000,0.001065,0.000000
2,74.702714,164,relative,1,0.200000,0.200000,0.263855,-0.964562,0.200000,0.096476,0.026390,0.000000,0.000000,0.000000,0.000000,0.000000,0.000000,0.000000,0.000000,0.000066,0.000016,2.433267,0.000621,-0.001087,-0.596307,0.999998,0.001767,0.001016,0.000009,0.036113,0.019900,0.000135,0.265054,0.062931,0.034660,0.001253,-0.263789,0.964578,2.233267,-0.095855,-0.027478,-0.596307,0.999998,0.001767,0.001016,0.000009,0.036113,0.019900,0.000135
2,74.702714,164,relative,2,0.400000,0.200000,0.283101,-0.959090,0.200000,0.095987,0.028330,0.000000,0.000000,0.000000,0.000000,0.000000,0.000000,0.000000,0.000000,0.000872,-0.001410,2.314137,0.008971,-0.015941,-0.595029,0.999976,0.006008,0.003353,0.000030,0.048699,0.026833,0.000278,0.264962,-0.015652,-0.005298,0.001222,-0.282229,0.957681,2.114137,-0.087015,-0.044270,-0.595029,0.999976,0.006008,0.003353,0.000030,0.048699,0.026833,0.000278
2,74.702714,164,relative,3,0.600000,0.200000,0.302250,-0.953230,0.200000,0.095498,0.030269,0.000000,0.000000,0.000000,0.000000,0.000000,0.000000,0.000000,0.000000,0.004330,-0.007583,2.195168,0.027329,-0.048874,-0.594720,0.999925,0.010721,0.005983,0.000064,0.045567,0.025776,0.000417,0.265065,-0.065087,-0.030891,0.001125,-0.297920,0.945648,1.995168,-0.068169,-0.079143,-0.594720,0.999925,0.010721,0.005983,0.000064,0.045567,0.025776,0.000417
2,74.702714,164,relative,4,0.800000,0.200000,0.321300,-0.946983,0.200000,0.095009,0.032208,0.000000,0.000000,0.000000,0.000000,0.000000,0.000000,0.000000,0.000000,0.012463,-0.022121,2.076293,0.055480,-0.099060,-0.594124,0.999859,0.014626,0.008251,0.000113,0.032548,0.019601,0.000545,0.265134,-0.091679,-0.045251,0.000982,-0.308838,0.924862,1.876293,-0.039529,-0.131269,-0.594124,0.999859,0.014626,0.008251,0.000113,0.032548,0.019601,0.000545
2,74.702714,164,relative,5,1.000000,0.200000,0.340253,-0.940347,0.200000,0.094520,0.034148,0.000000,0.000000,0.000000,0.000000,0.000000,0.000000,0.000000,0.000000,0.027027,-0.048043,1.957538,0.091148,-0.161687,-0.593494,0.999808,0.016964,0.009758,0.000176,0.014211,0.010553,0.000656,0.265156,-0.099998,-0.050551,0.000809,-0.313227,0.892305,1.757538,-0.003372,-0.195835,-0.593494,0.999808,0.016964,0.009758,0.000176,0.014211,0.010553,0.000656
2,74.702714,164,relative,6,1.200000,0.200000,0.359108,-0.933324,0.200000,0.094031,0.036087,0.000000,0.000000,0.000000,0.000000,0.000000,0.000000,0.000000,0.000000,0.049195,-0.087163,1.838894,0.130894,-0.229788,-0.592957,0.999796,0.017386,0.010306,0.000252,-0.005790,0.000443,0.000748,0.265128,-0.093933,-0.048625,0.000618,-0.309913,0.846161,1.638894,0.036863,-0.265875,-0.592957,0.999796,0.017386,0.010306,0.000252,-0.005790,0.000443,0.000748
2,74.702714,164,relative,7,1.400000,0.200000,0.377865,-0.925912,0.200000,0.093541,0.038026,0.000000,0.000000,0.000000,0.000000,0.000000,0.000000,0.000000,0.000000,0.079397,-0.139809,1.720338,0.170834,-0.295687,-0.592562,0.999825,0.015869,0.009863,0.000338,-0.024576,-0.009284,0.000818,0.265059,-0.077145,-0.041223,0.000416,-0.298469,0.786103,1.520338,0.077293,-0.333713,-0.592562,0.999825,0.015869,0.009863,0.000338,-0.024576,-0.009284,0.000818
2,74.702714,164,relative,8,1.600000,0.200000,0.396525,-0.918113,0.200000,0.093052,0.039965,0.000000,0.000000,0.000000,0.000000,0.000000,0.000000,0.000000,0.000000,0.117289,-0.204804,1.601843,0.207212,-0.352147,-0.592314,0.999884,0.012642,0.008520,0.000433,-0.040003,-0.017533,0.000866,0.264976,-0.053160,-0.030046,0.000206,-0.279236,0.713309,1.401843,0.114160,-0.392112,-0.592314,0.999884,0.012642,0.008520,0.000433,-0.040003,-0.017533,0.000866
2,74.702714,164,relative,9,1.800000,0.200000,0.415086,-0.909926,0.200000,0.092563,0.041905,0.000000,0.000000,0.000000,0.000000,0.000000,0.000000,0.000000,0.000000,0.161828,-0.279636,1.483385,0.236833,-0.393211,-0.592190,0.999946,0.008112,0.006463,0.000534,-0.050632,-0.023548,0.000889,0.264907,-0.025374,-0.016744,-0.000008,-0.253258,0.630290,1.283385,0.144270,-0.435116,-0.592190,0.999946,0.008112,0.006463,0.000534,-0.050632,-0.023548,0.000889
2,74.702714,164,relative,10,2.000000,0.200000,0.433550,-0.901351,0.200000,0.092074,0.043844,0.000000,0.000000,0.000000,0.000000,0.000000,0.000000,0.000000,0.000000,0.211413,-0.360782,1.364945,0.257361,-0.414771,-0.592150,0.999988,0.002797,0.003936,0.000636,-0.055704,-0.026904,0.000888,0.264876,0.002965,-0.002893,-0.000225,-0.222137,0.540570,1.164945,0.165287,-0.458615,-0.592150,0.999988,0.002797,0.003936,0.000636,-0.055704,-0.026904,0.000888
2,74.702714,164,relative,11,2.200000,0.200000,0.451916,-0.892389,0.200000,0.091585,0.045783,0.000000,0.000000,0.000000,0.000000,0.000000,0.000000,0.000000,0.000000,0.264076,-0.444106,1.246515,0.267484,-0.414854,-0.592146,0.999995,-0.002741,0.001213,0.000738,-0.055107,-0.027490,0.000863,0.264891,0.028886,0.010054,-0.000442,-0.187840,0.448282,1.046515,0.175898,-0.460637,-0.592146,0.999995,-0.002741,0.001213,0.000738,-0.055107,-0.027490,0.000863
2,74.702714,164,relative,12,2.400000,0.200000,0.470184,-0.883038,0.200000,0.091096,0.047723,0.000000,0.000000,0.000000,0.000000,0.000000,0.000000,0.000000,0.000000,0.317694,-0.525299,1.128092,0.266957,-0.393667,-0.592119,0.999967,-0.007961,-0.001439,0.000836,-0.049327,-0.025486,0.000813,0.264945,0.050133,0.020955,-0.000653,-0.152491,0.357739,0.928092,0.175860,-0.441389,-0.592119,0.999967,-0.007961,-0.001439,0.000836,-0.049327,-0.025486,0.000813
2,74.702714,164,relative,13,2.600000,0.200000,0.488355,-0.873300,0.200000,0.090607,0.049662,0.000000,0.000000,0.000000,0.000000,0.000000,0.000000,0.000000,0.000000,0.370197,-0.600297,1.009686,0.256538,-0.353411,-0.592009,0.999916,-0.012390,-0.003782,0.000925,-0.039297,-0.021300,0.000738,0.265023,0.065909,0.029309,-0.000850,-0.118158,0.273003,0.809686,0.165931,-0.403073,-0.592009,0.999916,-0.012390,-0.003782,0.000925,-0.039297,-0.021300,0.000738
2,74.702714,164,relative,14,2.800000,0.200000,0.506427,-0.863173,0.200000,0.090118,0.051601,0.000000,0.000000,0.000000,0.000000,0.000000,0.000000,0.000000,0.000000,0.419755,-0.665646,0.891316,0.237836,-0.297941,-0.591754,0.999861,-0.015659,-0.005621,0.001005,-0.026114,-0.015442,0.000642,0.265101,0.077475,0.035535,-0.001020,-0.086673,0.197528,0.691316,0.147718,-0.349542,-0.591754,0.999861,-0.015659,-0.005621,0.001005,-0.026114,-0.015442,0.000642
2,74.702714,164,relative,15,3.000000,0.200000,0.524402,-0.852659,0.200000,0.089629,0.053541,0.000000,0.000000,0.000000,0.000000,0.000000,0.000000,0.000000,0.000000,0.464929,-0.718796,0.773017,0.213127,-0.232368,-0.591293,0.999823,-0.017494,-0.006810,0.001072,-0.010618,-0.008336,0.000526,0.265160,0.087016,0.040485,-0.001145,-0.059473,0.133863,0.573017,0.123498,-0.285909,-0.591293,0.999823,-0.017494,-0.006810,0.001072,-0.010618,-0.008336,0.000526
2,74.702714,164,relative,16,3.200000,0.200000,0.542279,-0.841757,0.200000,0.089140,0.055480,0.000000,0.000000,0.000000,0.000000,0.000000,0.000000,0.000000,0.000000,0.504789,-0.758320,0.654831,0.185196,-0.162744,-0.590575,0.999817,-0.017685,-0.007239,0.001124,0.006786,-0.000240,0.000396,0.265179,0.075857,0.037501,-0.001236,-0.037490,0.083437,0.454831,0.096055,-0.218224,-0.590575,0.999817,-0.017685,-0.007239,0.001124,0.006786,-0.000240,0.000396
2,74.702714,164,relative,17,3.400000,0.200000,0.560058,-0.830467,0.200000,0.088651,0.057419,0.000000,0.000000,0.000000,0.000000,0.000000,0.000000,0.000000,0.000000,0.538999,-0.784064,0.536807,0.157134,-0.095634,-0.589631,0.999844,-0.016249,-0.006885,0.001161,0.021957,0.007261,0.000255,0.264845,0.031207,0.017746,-0.001279,-0.021059,0.046403,0.336807,0.068483,-0.153053,-0.589631,0.999844,-0.016249,-0.006885,0.001161,0.021957,0.007261,0.000255
2,74.702714,164,relative,18,3.600000,0.200000,0.577740,-0.818789,0.200000,0.088162,0.059358,0.000000,0.000000,0.000000,0.000000,0.000000,0.000000,0.000000,0.000000,0.567825,-0.797127,0.418751,0.131715,-0.036629,-0.590868,0.999887,-0.013743,-0.005979,0.001182,0.028199,0.010811,0.000110,0.264144,0.069577,0.036538,-0.000205,-0.009915,0.021663,0.218751,0.043553,-0.095987,-0.590868,0.999887,-0.013743,-0.005979,0.001182,0.028199,0.010811,0.000110
2,74.702714,164,relative,19,3.800000,0.199999,0.595323,-0.806724,0.200000,0.087673,0.061298,0.000000,0.000000,0.000000,0.000000,0.000000,0.000000,0.000000,0.000000,0.591988,-0.799490,0.299964,0.110864,0.010700,-0.596933,0.999937,-0.010229,-0.004528,0.001193,0.042114,0.018119,0.000086,0.304883,0.001631,0.004334,-0.000268,-0.003335,0.007233,0.099964,0.023191,-0.050598,-0.596933,0.999937,-0.010229,-0.004528,0.001193,0.042114,0.018119,0.000086
2,74.702714,164,relative,20,3.999999,0.050001,0.612809,-0.794270,0.200000,0.087184,0.063237,0.000000,0.000000,0.000000,0.000000,0.000000,0.000000,0.000000,0.000000,0.612388,-0.793367,0.210174,0.094538,0.047353,-0.300907,0.999978,-0.006004,-0.002668,0.001200,0.042440,0.018986,0.000056,0.398375,-0.043854,-0.016849,-0.000098,-0.000421,0.000903,0.010174,0.007354,-0.015884,-0.300907,0.999978,-0.006004,-0.002668,0.001200,0.042440,0.018986,0.000056
2,74.702714,164,relative,21,4.050001,0.050000,0.617165,-0.791096,0.200000,0.087062,0.063722,0.000000,0.000000,0.000000,0.000000,0.000000,0.000000,0.000000,0.000000,0.617022,-0.790791,0.201308,0.090938,0.055438,-0.053722,0.999984,-0.004971,-0.002202,0.001201,0.040247,0.018144,0.000053,0.294718,-0.067341,-0.027967,-0.000096,-0.000143,0.000305,0.001308,0.003876,-0.008283,-0.053722,0.999984,-0.004971,-0.002202,0.001201,0.040247,0.018144,0.000053
2,74.702714,164,relative,22,4.100001,0.050000,0.621515,-0.787898,0.200000,0.086940,0.064207,0.000000,0.000000,0.000000,0.000000,0.000000,0.000000,0.000000,0.000000,0.621512,-0.787893,0.200004,0.088770,0.060328,0.001526,0.999990,-0.004008,-0.001765,0.001203,0.036880,0.016746,0.000050,0.264670,-0.042229,-0.017620,-0.000097,-0.000003,0.000005,0.000004,0.001831,-0.003878,0.001526,0.999990,-0.004008,-0.001765,0.001203,0.036880,0.016746,0.000050
2,74.702714,164,relative,23,4.150001,0.050000,0.625859,-0.784676,0.200000,0.086817,0.064691,0.000000,0.000000,0.000000,0.000000,0.000000,0.000000,0.000000,0.000000,0.625911,-0.784785,0.200070,0.087238,0.063812,0.001141,0.999994,-0.003112,-0.001356,0.001204,0.034768,0.015865,0.000048,0.263467,-0.050779,-0.021908,-0.000093,0.000052,-0.000110,0.000070,0.000421,-0.000880,0.001141,0.999994,-0.003112,-0.001356,0.001204,0.034768,0.015865,0.000048
2,74.702714,164,relative,24,4.200001,0.050000,0.630197,-0.781429,0.200000,0.086695,0.065176,0.000000,0.000000,0.000000,0.000000,0.000000,0.000000,0.000000,0.000000,0.630243,-0.781526,0.200062,0.086101,0.066434,-0.001466,0.999996,-0.002275,-0.000972,0.001205,0.032229,0.014769,0.000045,0.265161,-0.058419,-0.025756,-0.000090,0.000046,-0.000097,0.000062,-0.000594,0.001258,-0.001466,0.999996,-0.002275,-0.000972,0.001205,0.032229,0.014769,0.000045
2,74.702714,164,relative,25,4.250001,0.050000,0.634529,-0.778158,0.200000,0.086573,0.065661,0.000000,0.000000,0.000000,0.000000,0.000000,0.000000,0.000000,0.000000,0.634527,-0.778155,0.200002,0.085321,0.068284,-0.000931,0.999998,-0.001507,-0.000618,0.001206,0.029308,0.013482,0.000042,0.267960,-0.067260,-0.030103,-0.000088,-0.000002,0.000003,0.000002,-0.001252,0.002623,-0.000931,0.999998,-0.001507,-0.000618,0.001206,0.029308,0.013482,0.000042
2,74.702714,164,relative,26,4.300001,0.050000,0.638854,-0.774863,0.200000,0.086451,0.066146,0.000000,0.000000,0.000000,0.000000,0.000000,0.000000,0.000000,0.000000,0.638780,-0.774709,0.200098,0.084867,0.069429,0.004788,0.999999,-0.000816,-0.000299,0.001207,0.025945,0.011977,0.000040,0.269136,-0.075931,-0.034194,-0.000087,-0.000074,0.000154,0.000098,-0.001584,0.003283,0.004788,0.999999,-0.000816,-0.000299,0.001207,0.025945,0.011977,0.000040
2,74.702714,164,relative,27,4.350001,0.050000,0.643174,-0.771543,0.200000,0.086328,0.066631,0.000000,0.000000,0.000000,0.000000,0.000000,0.000000,0.000000,0.000000,0.643019,-0.771223,0.200535,0.084711,0.069935,0.012688,0.999999,-0.000215,-0.000020,0.001208,0.022149,0.010267,0.000037,0.267196,-0.084046,-0.038036,-0.000087,-0.000155,0.000321,0.000535,-0.001618,0.003305,0.012688,0.999999,-0.000215,-0.000020,0.001208,0.022149,0.010267,0.000037
2,74.702714,164,relative,28,4.400001,0.050000,0.647487,-0.768200,0.200000,0.086206,0.067116,0.000000,0.000000,0.000000,0.000000,0.000000,0.000000,0.000000,0.000000,0.647256,-0.767725,0.201277,0.084810,0.069892,0.016995,0.999999,0.000285,0.000213,0.001209,0.017946,0.008365,0.000035,0.257883,-0.091524,-0.041575,-0.000086,-0.000231,0.000475,0.001277,-0.001396,0.002777,0.016995,0.999999,0.000285,0.000213,0.001209,0.017946,0.008365,0.000035
2,74.702714,164,relative,29,4.450001,0.050000,0.651794,-0.764832,0.200000,0.086084,0.067600,0.000000,0.000000,0.000000,0.000000,0.000000,0.000000,0.000000,0.000000,0.651503,-0.764240,0.201804,0.085106,0.069424,0.004055,0.999999,0.000677,0.000397,0.001209,0.013370,0.006286,0.000033,0.208709,-0.098551,-0.044888,-0.000086,-0.000291,0.000592,0.001804,-0.000978,0.001824,0.004055,0.999999,0.000677,0.000397,0.001209,0.013370,0.006286,0.000033
2,74.702714,164,relative,30,4.500001,0.100000,0.656095,-0.761440,0.200000,0.085962,0.068085,0.000000,0.000000,0.000000,0.000000,0.000000,0.000000,0.000000,0.000000,0.655767,-0.760784,0.199406,0.085467,0.068788,-0.099948,0.999999,0.000949,0.000526,0.001210,0.008443,0.004042,0.000030,0,0,0,0,-0.000329,0.000656,-0.000594,-0.000495,0.000703,-0.099948,0.999999,0.000949,0.000526,0.001210,0.008443,0.004042,0.000030
3,66.454982,118,relative,0,0.000000,0.199995,0.251293,-0.967911,0.200000,0.096791,0.025129,0.000000,0.000000,0.000000,0.000000,0.000000,0.000000,0.000000,0.000000,0.000054,0.000009,2.483579,0.001369,-0.003170,-0.292236,0.999975,0.006354,0.002990,0.000381,0.094357,0.026657,0.021646,0.222513,-0.124067,-0.001116,-0.009349,-0.251239,0.967920,2.283579,-0.095423,-0.028299,-0.292236,0.999975,0.006354,0.002990,0.000381,0.094357,0.026657,0.021646
3,66.454982,118,relative,1,0.199995,0.199996,0.270601,-0.962692,0.200000,0.096289,0.027065,0.000000,0.000000,0.000000,0.000000,0.000000,0.000000,0.000000,0.000000,0.001609,-0.003687,2.393724,0.015660,-0.038281,-0.606441,0.999875,0.014549,0.005648,0.002486,0.069459,0.026697,0.020583,0.269181,-0.153049,-0.029898,-0.009251,-0.268992,0.959005,2.193724,-0.080629,-0.065346,-0.606441,0.999875,0.014549,0.005648,0.002486,0.069459,0.026697,0.020583
3,66.454982,118,relative,2,0.399991,0.199996,0.289808,-0.957085,0.200000,0.095786,0.029001,0.000000,0.000000,0.000000,0.000000,0.000000,0.000000,0.000000,0.000000,0.007347,-0.017957,2.275504,0.043331,-0.108006,-0.575931,0.999758,0.019965,0.008010,0.004496,0.038777,0.020883,0.019531,0.265866,-0.156679,-0.044504,-0.009144,-0.282460,0.939128,2.075504,-0.052455,-0.137007,-0.575931,0.999758,0.019965,0.008010,0.004496,0.038777,0.020883,0.019531
3,66.454982,118,relative,3,0.599987,0.199996,0.308914,-0.951092,0.200000,0.095283,0.030937,0.000000,0.000000,0.000000,0.000000,0.000000,0.000000,0.000000,0.000000,0.019452,-0.047808,2.160854,0.078814,-0.192014,-0.570671,0.999685,0.022281,0.009629,0.006411,0.007394,0.012049,0.018492,0.265812,-0.143540,-0.049644,-0.009066,-0.289462,0.903284,1.960854,-0.016469,-0.222951,-0.570671,0.999685,0.022281,0.009629,0.006411,0.007394,0.012049,0.018492
3,66.454982,118,relative,4,0.799983,0.199995,0.327920,-0.944711,0.200000,0.094781,0.032872,0.000000,0.000000,0.000000,0.000000,0.000000,0.000000,0.000000,0.000000,0.039187,-0.094958,2.047186,0.118995,-0.279028,-0.566027,0.999680,0.021597,0.010291,0.008231,-0.021333,0.002102,0.017461,0.265931,-0.118391,-0.047883,-0.009045,-0.288733,0.849753,1.847186,0.024214,-0.311900,-0.566027,0.999680,0.021597,0.010291,0.008231,-0.021333,0.002102,0.017461
3,66.454982,118,relative,5,0.999978,0.199995,0.346826,-0.937943,0.200000,0.094278,0.034808,0.000000,0.000000,0.000000,0.000000,0.000000,0.000000,0.000000,0.000000,0.067098,-0.158876,1.934559,0.159906,-0.358003,-0.560180,0.999733,0.018301,0.009954,0.009954,-0.045003,-0.007560,0.016433,0.265943,-0.085024,-0.041004,-0.009106,-0.279728,0.779067,1.734559,0.065628,-0.392811,-0.560180,0.999733,0.018301,0.009954,0.009954,-0.045003,-0.007560,0.016433
3,66.454982,118,relative,6,1.199973,0.199995,0.365631,-0.930788,0.200000,0.093776,0.036744,0.000000,0.000000,0.000000,0.000000,0.000000,0.000000,0.000000,0.000000,0.102931,-0.237001,1.823174,0.197589,-0.419766,-0.553571,0.999811,0.012980,0.008699,0.011577,-0.061980,-0.015889,0.015397,0.265922,-0.047041,-0.030578,-0.009260,-0.262700,0.693787,1.623174,0.103813,-0.456510,-0.553571,0.999811,0.012980,0.008699,0.011577,-0.061980,-0.015889,0.015397
3,66.454982,118,relative,7,1.399968,0.199995,0.384335,-0.923246,0.200000,0.093273,0.038680,0.000000,0.000000,0.000000,0.000000,0.000000,0.000000,0.000000,0.000000,0.145684,-0.325186,1.713169,0.228597,-0.457766,-0.546402,0.999872,0.006350,0.006700,0.013097,-0.071345,-0.022155,0.014344,0.265920,-0.007963,-0.018122,-0.009501,-0.238651,0.598060,1.513169,0.135324,-0.496445,-0.546402,0.999872,0.006350,0.006700,0.013097,-0.071345,-0.022155,0.014344
3,66.454982,118,relative,8,1.599962,0.199994,0.402939,-0.915316,0.200000,0.092771,0.040616,0.000000,0.000000,0.000000,0.000000,0.000000,0.000000,0.000000,0.000000,0.193745,-0.418270,1.604648,0.250323,-0.468411,-0.538795,0.999886,-0.000819,0.004193,0.014510,-0.072887,-0.025931,0.013264,0.265959,0.029075,-0.004985,-0.009806,-0.209193,0.497046,1.404648,0.157553,-0.509027,-0.538795,0.999886,-0.000819,0.004193,0.014510,-0.072887,-0.025931,0.013264
3,66.454982,118,relative,9,1.799957,0.199994,0.421442,-0.907000,0.200000,0.092268,0.042551,0.000000,0.000000,0.000000,0.000000,0.000000,0.000000,0.000000,0.000000,0.245084,-0.510675,1.497689,0.261196,-0.451132,-0.530856,0.999844,-0.007770,0.001443,0.015812,-0.067021,-0.027063,0.012149,0.266038,0.061968,0.007946,-0.010142,-0.176358,0.396325,1.297689,0.168928,-0.493683,-0.530856,0.999844,-0.007770,0.001443,0.015812,-0.067021,-0.027063,0.012149
3,66.454982,118,relative,10,1.999951,0.199994,0.439845,-0.898296,0.200000,0.091765,0.044487,0.000000,0.000000,0.000000,0.000000,0.000000,0.000000,0.000000,0.000000,0.297464,-0.597001,1.392347,0.260763,-0.408214,-0.522683,0.999759,-0.013805,-0.001276,0.016999,-0.054581,-0.025580,0.010996,0.266122,0.090151,0.020484,-0.010470,-0.142381,0.301296,1.192347,0.168997,-0.452701,-0.522683,0.999759,-0.013805,-0.001276,0.016999,-0.054581,-0.025580,0.010996
3,66.454982,118,relative,11,2.199944,0.199993,0.458147,-0.889206,0.200000,0.091263,0.046423,0.000000,0.000000,0.000000,0.000000,0.000000,0.000000,0.000000,0.000000,0.348674,-0.672562,1.288645,0.249701,-0.344491,-0.514476,0.999662,-0.018320,-0.003695,0.018065,-0.036515,-0.021556,0.009806,0.266087,0.113601,0.032699,-0.010752,-0.109473,0.216643,1.088645,0.158438,-0.390914,-0.514476,0.999662,-0.018320,-0.003695,0.018065,-0.036515,-0.021556,0.009806
3,66.454982,118,relative,12,2.399937,0.199993,0.476349,-0.879728,0.200000,0.090760,0.048359,0.000000,0.000000,0.000000,0.000000,0.000000,0.000000,0.000000,0.000000,0.396749,-0.733871,1.186499,0.229807,-0.267011,-0.507087,0.999587,-0.020803,-0.005554,0.019009,-0.013769,-0.015052,0.008583,0.265830,0.114334,0.038382,-0.010991,-0.079600,0.145857,0.986499,0.139047,-0.315370,-0.507087,0.999587,-0.020803,-0.005554,0.019009,-0.013769,-0.015052,0.008583
3,66.454982,118,relative,13,2.599930,0.199992,0.494450,-0.869863,0.200000,0.090258,0.050294,0.000000,0.000000,0.000000,0.000000,0.000000,0.000000,0.000000,0.000000,0.440191,-0.779025,1.085608,0.203883,-0.184424,-0.501878,0.999560,-0.021019,-0.006663,0.019827,0.009110,-0.007379,0.007334,0.267289,0.080043,0.029536,-0.011189,-0.054259,0.090838,0.885608,0.113625,-0.234718,-0.501878,0.999560,-0.021019,-0.006663,0.019827,0.009110,-0.007379,0.007334
3,66.454982,118,relative,14,2.799922,0.199992,0.512451,-0.859611,0.200000,0.089755,0.052230,0.000000,0.000000,0.000000,0.000000,0.000000,0.000000,0.000000,0.000000,0.478093,-0.807818,0.986842,0.174908,-0.104654,-0.485778,0.999578,-0.019304,-0.007056,0.020517,0.025123,-0.001455,0.006062,0.274516,0.103552,0.050797,-0.010311,-0.034357,0.051793,0.786842,0.085153,-0.156884,-0.485778,0.999578,-0.019304,-0.007056,0.020517,0.025123,-0.001455,0.006062
3,66.454982,118,relative,15,2.999914,0.199967,0.530351,-0.848972,0.200000,0.089253,0.054166,0.000000,0.000000,0.000000,0.000000,0.000000,0.000000,0.000000,0.000000,0.510076,-0.821369,0.896679,0.145278,-0.033257,-0.415807,0.999632,-0.015769,-0.006608,0.021083,0.045829,0.008734,0.004889,0.187592,0.018731,0.023313,-0.010607,-0.020275,0.027602,0.696679,0.056025,-0.087423,-0.415807,0.999632,-0.015769,-0.006608,0.021083,0.045829,0.008734,0.004889
3,66.454982,118,relative,16,3.199881,0.199866,0.548148,-0.837947,0.200000,0.088750,0.056101,0.000000,0.000000,0.000000,0.000000,0.000000,0.000000,0.000000,0.000000,0.537309,-0.824107,0.756239,0.127704,0.003688,-0.988749,0.999693,-0.011028,-0.005393,0.021526,0.049568,0.013426,0.003683,0.080017,-0.041110,0.006774,-0.010413,-0.010839,0.013839,0.556239,0.038954,-0.052413,-0.988749,0.999693,-0.011028,-0.005393,0.021526,0.049568,0.013426,0.003683
3,66.454982,118,relative,17,3.399748,0.171602,0.565836,-0.826541,0.200000,0.088248,0.058036,0.000000,0.000000,0.000000,0.000000,0.000000,0.000000,0.000000,0.000000,0.562228,-0.822264,0.421863,0.121976,0.013877,-2.357235,0.999733,-0.006519,-0.003882,0.021843,0.041345,0.014802,0.002500,0.599990,-0.083351,-0.005519,-0.010397,-0.003607,0.004277,0.221863,0.033728,-0.044158,-2.357235,0.999733,-0.006519,-0.003882,0.021843,0.041345,0.014802,0.002500
3,66.454982,118,relative,18,3.571349,0.050075,0.580942,-0.816439,0.200000,0.087817,0.059697,0.000000,0.000000,0.000000,0.000000,0.000000,0.000000,0.000000,0.000000,0.580830,-0.816367,0.200077,0.096551,0.051186,-0.227610,0.999748,-0.003613,-0.002587,0.022018,0.027038,0.013864,0.001486,0.599927,-0.040421,-0.001905,-0.005979,-0.000112,0.000072,0.000077,0.008734,-0.008510,-0.227610,0.999748,-0.003613,-0.002587,0.022018,0.027038,0.013864,0.001486
3,66.454982,118,relative,19,3.621425,0.050003,0.585337,-0.813438,0.200000,0.087691,0.060181,0.000000,0.000000,0.000000,0.000000,0.000000,0.000000,0.000000,0.000000,0.585524,-0.813618,0.204237,0.091035,0.058382,0.393762,0.999750,-0.002970,-0.002227,0.022053,0.025013,0.013770,0.001316,0.080007,-0.044067,-0.012943,-0.003728,0.000187,-0.000180,0.004237,0.003344,-0.001800,0.393762,0.999750,-0.002970,-0.002227,0.022053,0.025013,0.013770,0.001316
3,66.454982,118,relative,20,3.671427,0.050005,0.589718,-0.810416,0.200000,0.087565,0.060665,0.000000,0.000000,0.000000,0.000000,0.000000,0.000000,0.000000,0.000000,0.590059,-0.810679,0.215367,0.090410,0.059160,0.051401,0.999751,-0.002380,-0.001878,0.022085,0.022809,0.013124,0.001210,0.080006,-0.063635,-0.020896,-0.004211,0.000341,-0.000262,0.015367,0.002845,-0.001506,0.051401,0.999751,-0.002380,-0.001878,0.022085,0.022809,0.013124,0.001210
3,66.454982,118,relative,21,3.721432,0.050004,0.594094,-0.807371,0.200000,0.087439,0.061149,0.000000,0.000000,0.000000,0.000000,0.000000,0.000000,0.000000,0.000000,0.594567,-0.807705,0.209377,0.089889,0.059774,-0.290975,0.999753,-0.001856,-0.001551,0.022114,0.019626,0.012080,0.001090,0.398385,-0.082136,-0.030680,-0.003735,0.000473,-0.000334,0.009377,0.002449,-0.001376,-0.290975,0.999753,-0.001856,-0.001551,0.022114,0.019626,0.012080,0.001090
3,66.454982,118,relative,22,3.771436,0.050004,0.598463,-0.804301,0.200000,0.087314,0.061633,0.000000,0.000000,0.000000,0.000000,0.000000,0.000000,0.000000,0.000000,0.599007,-0.804654,0.201009,0.087768,0.062135,-0.043711,0.999753,-0.001423,-0.001258,0.022140,0.015519,0.010546,0.000984,0.297989,-0.023534,-0.004654,-0.003586,0.000544,-0.000353,0.001009,0.000455,0.000501,-0.043711,0.999753,-0.001423,-0.001258,0.022140,0.015519,0.010546,0.000984
3,66.454982,118,relative,23,3.821441,0.050005,0.602826,-0.801207,0.200000,0.087188,0.062117,0.000000,0.000000,0.000000,0.000000,0.000000,0.000000,0.000000,0.000000,0.603363,-0.801512,0.200356,0.086499,0.063472,0.017622,0.999753,-0.001056,-0.000989,0.022164,0.014341,0.010314,0.000882,0.256881,-0.029827,-0.008561,-0.003527,0.000537,-0.000305,0.000356,-0.000690,0.001355,0.017622,0.999753,-0.001056,-0.000989,0.022164,0.014341,0.010314,0.000882
3,66.454982,118,relative,24,3.871446,0.050005,0.607183,-0.798089,0.200000,0.087062,0.062601,0.000000,0.000000,0.000000,0.000000,0.000000,0.000000,0.000000,0.000000,0.607666,-0.798316,0.200868,0.085663,0.064297,0.002825,0.999753,-0.000722,-0.000729,0.022185,0.012850,0.009886,0.000782,0.260589,-0.033963,-0.012130,-0.003457,0.000483,-0.000227,0.000868,-0.001399,0.001695,0.002825,0.999753,-0.000722,-0.000729,0.022185,0.012850,0.009886,0.000782
3,66.454982,118,relative,25,3.921451,0.050005,0.611533,-0.794946,0.200000,0.086937,0.063085,0.000000,0.000000,0.000000,0.000000,0.000000,0.000000,0.000000,0.000000,0.611934,-0.795086,0.200811,0.085067,0.064834,-0.005105,0.999753,-0.000427,-0.000483,0.022203,0.011151,0.009280,0.000683,0.266669,-0.036769,-0.015235,-0.003400,0.000401,-0.000140,0.000811,-0.001869,0.001749,-0.005105,0.999753,-0.000427,-0.000483,0.022203,0.011151,0.009280,0.000683
3,66.454982,118,relative,26,3.971456,0.050005,0.615877,-0.791779,0.200000,0.086811,0.063569,0.000000,0.000000,0.000000,0.000000,0.000000,0.000000,0.000000,0.000000,0.616177,-0.791836,0.200639,0.084698,0.065120,-0.001773,0.999753,-0.000176,-0.000255,0.022219,0.009312,0.008519,0.000587,0.267973,-0.038809,-0.017695,-0.003420,0.000300,-0.000057,0.000639,-0.002113,0.001551,-0.001773,0.999753,-0.000176,-0.000255,0.022219,0.009312,0.008519,0.000587
3,66.454982,118,relative,27,4.021461,0.050005,0.620215,-0.788588,0.200000,0.086685,0.064053,0.000000,0.000000,0.000000,0.000000,0.000000,0.000000,0.000000,0.000000,0.620408,-0.788577,0.200694,0.084548,0.065187,0.003973,0.999753,0.000028,-0.000048,0.022232,0.007371,0.007634,0.000489,0.269022,-0.039953,-0.019754,-0.003430,0.000193,0.000011,0.000694,-0.002138,0.001133,0.003973,0.999753,0.000028,-0.000048,0.022232,0.007371,0.007634,0.000489
3,66.454982,118,relative,28,4.071466,0.050005,0.624547,-0.785373,0.200000,0.086560,0.064537,0.000000,0.000000,0.000000,0.000000,0.000000,0.000000,0.000000,0.000000,0.624636,-0.785320,0.201085,0.084595,0.065079,0.011662,0.999753,0.000183,0.000134,0.022243,0.005373,0.006646,0.000392,0.242828,-0.040525,-0.021405,-0.003440,0.000090,0.000054,0.001085,-0.001965,0.000541,0.011662,0.999753,0.000183,0.000134,0.022243,0.005373,0.006646,0.000392
3,66.454982,118,relative,29,4.121471,0.050005,0.628872,-0.782134,0.200000,0.086434,0.065021,0.000000,0.000000,0.000000,0.000000,0.000000,0.000000,0.000000,0.000000,0.628871,-0.782070,0.200647,0.084792,0.064867,-0.029162,0.999752,0.000289,0.000289,0.022252,0.003347,0.005576,0.000294,0.226979,-0.040746,-0.022679,-0.003448,-0.000001,0.000064,0.000647,-0.001642,-0.000155,-0.029162,0.999752,0.000289,0.000289,0.022252,0.003347,0.005576,0.000294
3,66.454982,118,relative,30,4.171476,0.100000,0.633191,-0.778871,0.200000,0.086308,0.065505,0.000000,0.000000,0.000000,0.000000,0.000000,0.000000,0.000000,0.000000,0.633118,-0.778833,0.197434,0.085096,0.064604,-0.099338,0.999752,0.000344,0.000415,0.022258,0.001309,0.004442,0.000196,0,0,0,0,-0.000073,0.000038,-0.002566,-0.001213,-0.000902,-0.099338,0.999752,0.000344,0.000415,0.022258,0.001309,0.004442,0.000196
4,68.296708,152,relative,0,0.000000,0.199991,0.258062,-0.966128,0.200000,0.096613,0.025806,0.000000,0.000000,0.000000,0.000000,0.000000,0.000000,0.000000,0.000000,0.000133,-0.000207,2.442647,0.005352,-0.011406,-0.646484,0.999980,0.005652,0.002779,0.000794,-0.087130,-0.025464,-0.007376,0.253002,0.500575,0.205418,-0.017137,-0.257929,0.965922,2.242647,-0.091261,-0.037212,-0.646484,0.999980,0.005652,0.002779,0.000794,-0.087130,-0.025464,-0.007376
4,68.296708,152,relative,1,0.199991,0.199993,0.277332,-0.960774,0.200000,0.096097,0.027738,0.000000,0.000000,0.000000,0.000000,0.000000,0.000000,0.000000,0.000000,0.002056,-0.003830,2.304558,0.013572,-0.022508,-0.734454,0.999995,0.001942,0.002290,-0.000035,0.012975,0.015662,-0.009324,0.267756,0.239378,0.087821,-0.014745,-0.275276,0.956945,2.104558,-0.082525,-0.050246,-0.734454,0.999995,0.001942,0.002290,-0.000035,0.012975,0.015662,-0.009324
4,68.296708,152,relative,2,0.399984,0.199993,0.296499,-0.955033,0.200000,0.095581,0.029671,0.000000,0.000000,0.000000,0.000000,0.000000,0.000000,0.000000,0.000000,0.005943,-0.009431,2.159803,0.026916,-0.035955,-0.713176,0.999972,0.005633,0.004734,-0.001056,0.060887,0.033168,-0.011001,0.269637,0.043451,0.004316,-0.013097,-0.290556,0.945602,1.959803,-0.068665,-0.065626,-0.713176,0.999972,0.005633,0.004734,-0.001056,0.060887,0.033168,-0.011001
4,68.296708,152,relative,3,0.599977,0.199992,0.315563,-0.948906,0.200000,0.095065,0.031603,0.000000,0.000000,0.000000,0.000000,0.000000,0.000000,0.000000,0.000000,0.013656,-0.019715,2.020665,0.052435,-0.071235,-0.678362,0.999891,0.012156,0.008087,-0.002243,0.069637,0.033914,-0.012490,0.269353,-0.094074,-0.052281,-0.011789,-0.301906,0.929191,1.820665,-0.042629,-0.102837,-0.678362,0.999891,0.012156,0.008087,-0.002243,0.069637,0.033914,-0.012490
4,68.296708,152,relative,4,0.799969,0.199991,0.334523,-0.942393,0.200000,0.094548,0.033535,0.000000,0.000000,0.000000,0.000000,0.000000,0.000000,0.000000,0.000000,0.027770,-0.039684,1.888202,0.090584,-0.132479,-0.646474,0.999768,0.018177,0.010952,-0.003573,0.050880,0.023338,-0.013830,0.269216,-0.173195,-0.084655,-0.010570,-0.306753,0.902709,1.688202,-0.003964,-0.166014,-0.646474,0.999768,0.018177,0.010952,-0.003573,0.050880,0.023338,-0.013830
4,68.296708,152,relative,5,0.999960,0.199991,0.353381,-0.935493,0.200000,0.094032,0.035467,0.000000,0.000000,0.000000,0.000000,0.000000,0.000000,0.000000,0.000000,0.050476,-0.074004,1.761926,0.137450,-0.212977,-0.616462,0.999678,0.021523,0.012450,-0.005025,0.016275,0.006335,-0.015032,0.269244,-0.195210,-0.094132,-0.009311,-0.302905,0.861489,1.561926,0.043417,-0.248444,-0.616462,0.999678,0.021523,0.012450,-0.005025,0.016275,0.006335,-0.015032
4,68.296708,152,relative,6,1.199950,0.199990,0.372135,-0.928207,0.200000,0.093516,0.037399,0.000000,0.000000,0.000000,0.000000,0.000000,0.000000,0.000000,0.000000,0.082906,-0.125291,1.641628,0.186665,-0.299693,-0.586557,0.999680,0.021177,0.012178,-0.006583,-0.022773,-0.012482,-0.016090,0.269357,-0.167099,-0.083038,-0.007964,-0.289229,0.802916,1.441628,0.093148,-0.337093,-0.586557,0.999680,0.021177,0.012178,-0.006583,-0.022773,-0.012482,-0.016090
4,68.296708,152,relative,7,1.399941,0.199990,0.390785,-0.920534,0.200000,0.093000,0.039331,0.000000,0.000000,0.000000,0.000000,0.000000,0.000000,0.000000,0.000000,0.124824,-0.193289,1.527430,0.231199,-0.377675,-0.555350,0.999767,0.017193,0.010166,-0.008233,-0.056244,-0.028989,-0.016996,0.269585,-0.100787,-0.055178,-0.006522,-0.265961,0.727245,1.327430,0.138199,-0.417006,-0.555350,0.999767,0.017193,0.010166,-0.008233,-0.056244,-0.028989,-0.016996
4,68.296708,152,relative,8,1.599931,0.199991,0.409333,-0.912475,0.200000,0.092484,0.041264,0.000000,0.000000,0.000000,0.000000,0.000000,0.000000,0.000000,0.000000,0.174656,-0.274895,1.419731,0.264940,-0.433974,-0.521525,0.999872,0.010512,0.006809,-0.009961,-0.076491,-0.039849,-0.017737,0.269800,-0.027251,-0.021156,-0.005034,-0.234677,0.637580,1.219731,0.172456,-0.475237,-0.521525,0.999872,0.010512,0.006809,-0.009961,-0.076491,-0.039849,-0.017737
4,68.296708,152,relative,9,1.799921,0.199990,0.427777,-0.904029,0.200000,0.091968,0.043196,0.000000,0.000000,0.000000,0.000000,0.000000,0.000000,0.000000,0.000000,0.229799,-0.364865,1.319044,0.283838,-0.460431,-0.485297,0.999924,0.002532,0.002722,-0.011752,-0.082055,-0.043863,-0.018310,0.268530,0.022253,0.003365,-0.003578,-0.197978,0.539164,1.119044,0.191870,-0.503627,-0.485297,0.999924,0.002532,0.002722,-0.011752,-0.082055,-0.043863,-0.018310
4,68.296708,152,relative,10,1.999912,0.199990,0.446118,-0.895197,0.200000,0.091452,0.045128,0.000000,0.000000,0.000000,0.000000,0.000000,0.000000,0.000000,0.000000,0.287082,-0.456879,1.224698,0.286282,-0.454386,-0.458225,0.999891,-0.005512,-0.001520,-0.013592,-0.077727,-0.042966,-0.018716,0.268904,0.115557,0.051683,-0.001211,-0.159036,0.438318,1.024698,0.194830,-0.499514,-0.458225,0.999891,-0.005512,-0.001520,-0.013592,-0.077727,-0.042966,-0.018716
4,68.296708,152,relative,11,2.199902,0.199988,0.464356,-0.885979,0.200000,0.090936,0.047060,0.000000,0.000000,0.000000,0.000000,0.000000,0.000000,0.000000,0.000000,0.343252,-0.544578,1.136016,0.273067,-0.418178,-0.428735,0.999793,-0.012182,-0.005211,-0.015458,-0.054724,-0.032441,-0.018854,0.301630,0.104848,0.058180,-0.000072,-0.121104,0.341401,0.936016,0.182131,-0.465238,-0.428735,0.999793,-0.012182,-0.005211,-0.015458,-0.054724,-0.032441,-0.018854
4,68.296708,152,relative,12,2.399890,0.199983,0.482491,-0.876374,0.200000,0.090420,0.048992,0.000000,0.000000,0.000000,0.000000,0.000000,0.000000,0.000000,0.000000,0.395203,-0.621981,1.077397,0.244608,-0.352533,-0.157611,0.999681,-0.016639,-0.007820,-0.017334,-0.033832,-0.020679,-0.018862,0.133762,0.088402,0.062428,0.001628,-0.087288,0.254394,0.877397,0.154188,-0.401525,-0.157611,0.999681,-0.016639,-0.007820,-0.017334,-0.033832,-0.020679,-0.018862
4,68.296708,152,relative,13,2.599874,0.199992,0.500521,-0.866384,0.200000,0.089904,0.050924,0.000000,0.000000,0.000000,0.000000,0.000000,0.000000,0.000000,0.000000,0.442520,-0.688961,0.948700,0.228156,-0.316480,-1.129497,0.999589,-0.019150,-0.009248,-0.019206,-0.016194,-0.008123,-0.018677,0.080339,0.076890,0.064703,0.003182,-0.058001,0.177423,0.748700,0.138253,-0.367404,-1.129497,0.999589,-0.019150,-0.009248,-0.019206,-0.016194,-0.008123,-0.018677
4,68.296708,152,relative,14,2.799866,0.199980,0.518450,-0.856006,0.200000,0.089387,0.052856,0.000000,0.000000,0.000000,0.000000,0.000000,0.000000,0.000000,0.000000,0.487076,-0.749905,0.586074,0.217392,-0.292820,-2.496907,0.999534,-0.019986,-0.009431,-0.021060,-0.000821,0.004841,-0.018316,0.599872,0.124311,0.074154,0.008816,-0.031374,0.106101,0.386074,0.128005,-0.345676,-2.496907,0.999534,-0.019986,-0.009431,-0.021060,-0.000821,0.004841,-0.018316
4,68.296708,152,relative,15,2.999846,0.050216,0.536274,-0.845242,0.200000,0.088871,0.054789,0.000000,0.000000,0.000000,0.000000,0.000000,0.000000,0.000000,0.000000,0.522794,-0.790707,0.334420,0.141559,-0.117041,-0.019792,0.999528,-0.018782,-0.008268,-0.022854,0.024071,0.019639,-0.017313,0.175085,0.037515,0.018115,0.004080,-0.013480,0.054535,0.134420,0.052687,-0.171830,-0.019792,0.999528,-0.018782,-0.008268,-0.022854,0.024071,0.019639,-0.017313
4,68.296708,152,relative,16,3.050062,0.199982,0.540733,-0.842479,0.200000,0.088742,0.055274,0.000000,0.000000,0.000000,0.000000,0.000000,0.000000,0.000000,0.000000,0.529777,-0.796278,0.329227,0.136610,-0.104901,-0.187043,0.999534,-0.018138,-0.007786,-0.023291,0.025969,0.020532,-0.017197,0.222145,0.065956,0.021269,0.011544,-0.010957,0.046201,0.129227,0.047868,-0.160175,-0.187043,0.999534,-0.018138,-0.007786,-0.023291,0.025969,0.020532,-0.017197
4,68.296708,152,relative,17,3.250044,0.199991,0.558429,-0.831232,0.200000,0.088226,0.057206,0.000000,0.000000,0.000000,0.000000,0.000000,0.000000,0.000000,0.000000,0.554895,-0.811563,0.260066,0.115751,-0.049804,-0.504553,0.999563,-0.014815,-0.005632,-0.024960,0.039215,0.024704,-0.015884,0.323730,-0.000979,-0.017038,0.015437,-0.003533,0.019669,0.060066,0.027526,-0.107010,-0.504553,0.999563,-0.014815,-0.005632,-0.024960,0.039215,0.024704,-0.015884
4,68.296708,152,relative,18,3.450035,0.199980,0.576021,-0.819598,0.200000,0.087710,0.059138,0.000000,0.000000,0.000000,0.000000,0.000000,0.000000,0.000000,0.000000,0.575871,-0.814999,0.202657,0.095684,0.012227,-0.069465,0.999585,-0.010837,-0.003457,-0.026472,0.039072,0.021208,-0.014129,0.280941,0.013031,-0.011681,0.017231,-0.000151,0.004599,0.002657,0.007974,-0.046911,-0.069465,0.999585,-0.010837,-0.003457,-0.026472,0.039072,0.021208,-0.014129
4,68.296708,152,relative,19,3.650016,0.199984,0.593510,-0.807579,0.200000,0.087194,0.061070,0.000000,0.000000,0.000000,0.000000,0.000000,0.000000,0.000000,0.000000,0.593943,-0.808573,0.200626,0.086285,0.049161,0.049214,0.999590,-0.006742,-0.001580,-0.027794,0.041718,0.018791,-0.012170,0.253490,-0.031082,-0.033896,0.018450,0.000433,-0.000995,0.000626,-0.000908,-0.011909,0.049214,0.999590,-0.006742,-0.001580,-0.027794,0.041718,0.018791,-0.012170
4,68.296708,152,relative,20,3.850000,0.199986,0.610896,-0.795172,0.200000,0.086677,0.063002,0.000000,0.000000,0.000000,0.000000,0.000000,0.000000,0.000000,0.000000,0.610861,-0.796709,0.202028,0.083733,0.067024,-0.035171,0.999578,-0.002837,-0.000159,-0.028910,0.035528,0.011947,-0.010073,0.272052,-0.076710,-0.042679,0.019355,-0.000035,-0.001537,0.002028,-0.002944,0.004021,-0.035171,0.999578,-0.002837,-0.000159,-0.028910,0.035528,0.011947,-0.010073
4,68.296708,152,relative,21,4.049986,0.199986,0.628178,-0.782380,0.200000,0.086161,0.064934,0.000000,0.000000,0.000000,0.000000,0.000000,0.000000,0.000000,0.000000,0.627682,-0.782594,0.200312,0.084894,0.072244,0.018015,0.999556,-0.000029,0.000524,-0.029808,0.020198,0.003374,-0.007872,0.260922,-0.097942,-0.040656,0.019972,-0.000496,-0.000214,0.000312,-0.001268,0.007310,0.018015,0.999556,-0.000029,0.000524,-0.029808,0.020198,0.003374,-0.007872
4,68.296708,152,relative,22,4.249971,0.192849,0.645358,-0.769201,0.200000,0.085645,0.066866,0.000000,0.000000,0.000000,0.000000,0.000000,0.000000,0.000000,0.000000,0.644868,-0.768338,0.200991,0.086888,0.069653,-0.011231,0.999535,0.001008,0.000423,-0.030482,0.000611,-0.004768,-0.005602,0.267309,-0.043937,-0.007793,0.020802,-0.000490,0.000862,0.000991,0.001243,0.002787,-0.011231,0.999535,0.001008,0.000423,-0.030482,0.000611,-0.004768,-0.005602
4,68.296708,152,relative,23,4.442821,0.079353,0.661826,-0.756126,0.200000,0.085148,0.068730,0.000000,0.000000,0.000000,0.000000,0.000000,0.000000,0.000000,0.000000,0.661709,-0.755260,0.200504,0.087442,0.066223,0.006190,0.999522,0.000642,-0.000098,-0.030913,-0.007866,-0.006269,-0.003321,0.261547,-0.028968,-0.001813,0.017421,-0.000118,0.000866,0.000504,0.002294,-0.002506,0.006190,0.999522,0.000642,-0.000098,-0.030913,-0.007866,-0.006269,-0.003321
4,68.296708,152,relative,24,4.522174,0.050053,0.668575,-0.750641,0.200000,0.084943,0.069496,0.000000,0.000000,0.000000,0.000000,0.000000,0.000000,0.000000,0.000000,0.668635,-0.750037,0.200608,0.087085,0.065516,-0.003577,0.999518,0.000277,-0.000338,-0.031029,-0.010166,-0.006411,-0.002535,0.267047,-0.002035,0.007618,0.013394,0.000060,0.000605,0.000608,0.002142,-0.003980,-0.003577,0.999518,0.000277,-0.000338,-0.031029,-0.010166,-0.006411,-0.002535
4,68.296708,152,relative,25,4.572226,0.050021,0.672823,-0.747151,0.200000,0.084814,0.069980,0.000000,0.000000,0.000000,0.000000,0.000000,0.000000,0.000000,0.000000,0.672985,-0.746762,0.200530,0.086672,0.065384,0.000458,0.999517,0.000016,-0.000486,-0.031088,-0.010268,-0.006029,-0.002154,0.266924,0.008976,0.010265,0.010158,0.000161,0.000389,0.000530,0.001858,-0.004596,0.000458,0.999517,0.000016,-0.000486,-0.031088,-0.010268,-0.006029,-0.002154
4,68.296708,152,relative,26,4.622248,0.050022,0.677063,-0.743638,0.200000,0.084685,0.070463,0.000000,0.000000,0.000000,0.000000,0.000000,0.000000,0.000000,0.000000,0.677307,-0.743489,0.200648,0.086126,0.065512,0.004263,0.999515,-0.000239,-0.000622,-0.031138,-0.009820,-0.005515,-0.001865,0.266744,0.011456,0.011277,0.010386,0.000244,0.000149,0.000648,0.001442,-0.004951,0.004263,0.999515,-0.000239,-0.000622,-0.031138,-0.009820,-0.005515,-0.001865
4,68.296708,152,relative,27,4.672270,0.050020,0.681296,-0.740101,0.200000,0.084555,0.070946,0.000000,0.000000,0.000000,0.000000,0.000000,0.000000,0.000000,0.000000,0.681599,-0.740204,0.200948,0.085461,0.065891,0.007735,0.999513,-0.000482,-0.000746,-0.031181,-0.009247,-0.004950,-0.001570,0.265775,0.013402,0.011849,0.010250,0.000303,-0.000102,0.000948,0.000905,-0.005056,0.007735,0.999513,-0.000482,-0.000746,-0.031181,-0.009247,-0.004950,-0.001570
4,68.296708,152,relative,28,4.722290,0.050018,0.685522,-0.736541,0.200000,0.084426,0.071430,0.000000,0.000000,0.000000,0.000000,0.000000,0.000000,0.000000,0.000000,0.685855,-0.736894,0.201377,0.084690,0.066502,0.009411,0.999512,-0.000708,-0.000855,-0.031217,-0.008577,-0.004357,-0.001278,0.233459,0.014337,0.012041,0.010091,0.000333,-0.000353,0.001377,0.000264,-0.004927,0.009411,0.999512,-0.000708,-0.000855,-0.031217,-0.008577,-0.004357,-0.001278
4,68.296708,152,relative,29,4.772308,0.050018,0.689741,-0.732956,0.200000,0.084297,0.071913,0.000000,0.000000,0.000000,0.000000,0.000000,0.000000,0.000000,0.000000,0.690072,-0.733550,0.200393,0.083931,0.067230,-0.048779,0.999511,-0.000917,-0.000950,-0.031245,-0.007860,-0.003754,-0.000991,0.238295,0.015107,0.012368,0.009980,0.000331,-0.000594,0.000393,-0.000367,-0.004682,-0.048779,0.999511,-0.000917,-0.000950,-0.031245,-0.007860,-0.003754,-0.000991
4,68.296708,152,relative,30,4.822326,0.100000,0.693955,-0.729347,0.200000,0.084168,0.072396,0.000000,0.000000,0.000000,0.000000,0.000000,0.000000,0.000000,0.000000,0.694249,-0.730165,0.196721,0.083084,0.068152,-0.098013,0.999510,-0.001106,-0.001030,-0.031267,-0.007105,-0.003136,-0.000708,0,0,0,0,0.000295,-0.000818,-0.003279,-0.001085,-0.004244,-0.098013,0.999510,-0.001106,-0.001030,-0.031267,-0.007105,-0.003136,-0.000708
5,186.095482,331,relative,0,0.000000,0.189828,0.332559,-0.943083,0.200000,0.094308,0.033256,0.000000,0.000000,0.000000,0.000000,0.000000,0.000000,0.000000,0.000000,0.023191,-0.030130,1.926155,0.088135,-0.101501,-0.611816,0.999823,0.015075,0.010942,-0.002484,-0.057269,-0.039474,-0.019362,0.321486,0.494455,0.258642,0.019192,-0.309367,0.912952,1.726155,-0.006173,-0.134757,-0.611816,0.999823,0.015075,0.010942,-0.002484,-0.057269,-0.039474,-0.019362
5,186.095482,331,relative,1,0.189828,0.189544,0.350401,-0.936600,0.200000,0.093677,0.035046,0.000000,0.000000,0.000000,0.000000,0.000000,0.000000,0.000000,0.000000,0.044233,-0.055415,1.847667,0.132502,-0.164154,-0.215084,0.999846,0.014070,0.009555,-0.004232,0.036552,0.009653,-0.017291,0.283825,0.251681,0.169471,0.019365,-0.306168,0.881184,1.647667,0.038825,-0.199200,-0.215084,0.999846,0.014070,0.009555,-0.004232,0.036552,0.009653,-0.017291
5,186.095482,331,relative,2,0.379372,0.189960,0.368097,-0.929788,0.200000,0.093047,0.036834,0.000000,0.000000,0.000000,0.000000,0.000000,0.000000,0.000000,0.000000,0.073139,-0.092438,1.819379,0.174072,-0.230312,-0.083561,0.999716,0.019792,0.011981,-0.005791,0.084316,0.041635,-0.015205,0.253504,0.037484,0.031234,0.014917,-0.294958,0.837349,1.619379,0.081025,-0.267146,-0.083561,0.999716,0.019792,0.011981,-0.005791,0.084316,0.041635,-0.015205
5,186.095482,331,relative,3,0.569332,0.190251,0.385712,-0.922620,0.200000,0.092415,0.038625,0.000000,0.000000,0.000000,0.000000,0.000000,0.000000,0.000000,0.000000,0.110675,-0.143844,1.795677,0.223570,-0.315901,-0.166294,0.999447,0.028147,0.016185,-0.007174,0.091529,0.047386,-0.013594,0.261301,-0.131828,-0.070023,0.014080,-0.275038,0.778777,1.595677,0.131156,-0.354526,-0.166294,0.999447,0.028147,0.016185,-0.007174,0.091529,0.047386,-0.013594
5,186.095482,331,relative,4,0.759583,0.190375,0.403234,-0.915101,0.200000,0.091782,0.040419,0.000000,0.000000,0.000000,0.000000,0.000000,0.000000,0.000000,0.000000,0.159278,-0.214791,1.761204,0.289666,-0.434570,-0.196483,0.999128,0.035668,0.020030,-0.008407,0.066524,0.033917,-0.012071,0.261534,-0.231828,-0.131510,0.013822,-0.243956,0.700310,1.561204,0.197884,-0.474990,-0.196483,0.999128,0.035668,0.020030,-0.008407,0.066524,0.033917,-0.012071
5,186.095482,331,relative,5,0.949958,0.190408,0.420647,-0.907236,0.200000,0.091149,0.042215,0.000000,0.000000,0.000000,0.000000,0.000000,0.000000,0.000000,0.000000,0.221640,-0.310714,1.720914,0.366674,-0.575766,-0.227037,0.998915,0.039893,0.022064,-0.009496,0.022425,0.008807,-0.010575,0.265634,-0.304359,-0.173123,0.013581,-0.199007,0.596522,1.520914,0.275525,-0.617980,-0.227037,0.998915,0.039893,0.022064,-0.009496,0.022425,0.008807,-0.010575
5,186.095482,331,relative,6,1.140366,0.190316,0.437942,-0.899027,0.200000,0.090516,0.044010,0.000000,0.000000,0.000000,0.000000,0.000000,0.000000,0.000000,0.000000,0.299188,-0.434723,1.677448,0.447430,-0.726394,-0.229465,0.998946,0.039241,0.021378,-0.010448,-0.035538,-0.024149,-0.009105,0.274770,-0.298004,-0.166433,0.009813,-0.138754,0.464304,1.477448,0.356914,-0.770404,-0.229465,0.998946,0.039241,0.021378,-0.010448,-0.035538,-0.024149,-0.009105
5,186.095482,331,relative,7,1.330682,0.190403,0.455109,-0.890480,0.200000,0.089883,0.045805,0.000000,0.000000,0.000000,0.000000,0.000000,0.000000,0.000000,0.000000,0.391701,-0.586911,1.639741,0.522409,-0.868968,-0.166415,0.999232,0.033107,0.017676,-0.011282,-0.092302,-0.055745,-0.008043,0.248553,-0.259891,-0.141085,0.008922,-0.063408,0.303569,1.439741,0.432526,-0.914773,-0.166415,0.999232,0.033107,0.017676,-0.011282,-0.092302,-0.055745,-0.008043
5,186.095482,331,relative,8,1.521085,0.190824,0.472162,-0.881588,0.200000,0.089250,0.047601,0.000000,0.000000,0.000000,0.000000,0.000000,0.000000,0.000000,0.000000,0.496305,-0.762351,1.596720,0.572672,-0.967275,-0.285012,0.999625,0.021879,0.011250,-0.012021,-0.141861,-0.082481,-0.007077,0.264686,-0.144917,-0.067800,0.007641,0.024142,0.119236,1.396720,0.483423,-1.014876,-0.285012,0.999625,0.021879,0.011250,-0.012021,-0.141861,-0.082481,-0.007077
5,186.095482,331,relative,9,1.711909,0.190575,0.489133,-0.872332,0.200000,0.088615,0.049401,0.000000,0.000000,0.000000,0.000000,0.000000,0.000000,0.000000,0.000000,0.608574,-0.953075,1.542072,0.598958,-1.022288,-0.287397,0.999891,0.006915,0.002966,-0.012674,-0.169600,-0.095268,-0.006249,0.276145,-0.063669,-0.021538,0.006638,0.119442,-0.080743,1.342072,0.510343,-1.071689,-0.287397,0.999891,0.006915,0.002966,-0.012674,-0.169600,-0.095268,-0.006249
5,186.095482,331,relative,10,1.902484,0.190582,0.505960,-0.862747,0.200000,0.087981,0.051198,0.000000,0.000000,0.000000,0.000000,0.000000,0.000000,0.000000,0.000000,0.722707,-1.148414,1.494876,0.593074,-1.016681,-0.207953,0.999844,-0.009946,-0.006083,-0.013248,-0.181817,-0.099223,-0.005529,0.269612,0.103682,0.067952,0.004015,0.216746,-0.285668,1.294876,0.505093,-1.067879,-0.207953,0.999844,-0.009946,-0.006083,-0.013248,-0.181817,-0.099223,-0.005529
5,186.095482,331,relative,11,2.093066,0.190925,0.522667,-0.852818,0.200000,0.087348,0.052995,0.000000,0.000000,0.000000,0.000000,0.000000,0.000000,0.000000,0.000000,0.832528,-1.336473,1.458308,0.554094,-0.946313,-0.176293,0.999447,-0.026442,-0.014700,-0.013764,-0.162128,-0.086141,-0.005094,0.243353,0.203716,0.121089,0.003811,0.309860,-0.483655,1.258308,0.466746,-0.999309,-0.176293,0.999447,-0.026442,-0.014700,-0.013764,-0.162128,-0.086141,-0.005094
5,186.095482,331,relative,12,2.283991,0.191377,0.539284,-0.842528,0.200000,0.086713,0.054796,0.000000,0.000000,0.000000,0.000000,0.000000,0.000000,0.000000,0.000000,0.932818,-1.506787,1.409700,0.492625,-0.829869,-0.333562,0.998858,-0.040145,-0.021634,-0.014242,-0.123287,-0.062921,-0.004681,0.275225,0.211253,0.120514,0.003673,0.393534,-0.664259,1.209700,0.405912,-0.884665,-0.333562,0.998858,-0.040145,-0.021634,-0.014242,-0.123287,-0.062921,-0.004681
5,186.095482,331,relative,13,2.475368,0.190420,0.555818,-0.831869,0.200000,0.086076,0.056601,0.000000,0.000000,0.000000,0.000000,0.000000,0.000000,0.000000,0.000000,1.018603,-1.649159,1.351964,0.400887,-0.651525,-0.270540,0.998289,-0.050057,-0.026417,-0.014686,-0.082891,-0.039790,-0.004281,0.245763,0.169063,0.090992,0.003765,0.462785,-0.817290,1.151964,0.314810,-0.708126,-0.270540,0.998289,-0.050057,-0.026417,-0.014686,-0.082891,-0.039790,-0.004281
5,186.095482,331,relative,14,2.665788,0.183297,0.572148,-0.820920,0.200000,0.085443,0.058396,0.000000,0.000000,0.000000,0.000000,0.000000,0.000000,0.000000,0.000000,1.086133,-1.755812,1.286460,0.306802,-0.464966,-0.417948,0.997862,-0.056438,-0.029299,-0.015093,-0.050717,-0.022423,-0.003873,0.321174,0.270967,0.144203,0.003856,0.513985,-0.934892,1.086460,0.221359,-0.523362,-0.417948,0.997862,-0.056438,-0.029299,-0.015093,-0.050717,-0.022423,-0.003873
5,186.095482,331,relative,15,2.849085,0.186010,0.587754,-0.810057,0.200000,0.084833,0.060125,0.000000,0.000000,0.000000,0.000000,0.000000,0.000000,0.000000,0.000000,1.130848,-1.817885,1.243201,0.180540,-0.210600,-0.054287,0.997695,-0.058808,-0.030124,-0.015451,-0.001054,0.004022,-0.003472,0.299365,0.225079,0.116271,0.004275,0.543094,-1.007827,1.043201,0.095707,-0.270725,-0.054287,0.997695,-0.058808,-0.030124,-0.015451,-0.001054,0.004022,-0.003472
5,186.095482,331,relative,16,3.035095,0.188575,0.603476,-0.798710,0.200000,0.084215,0.061879,0.000000,0.000000,0.000000,0.000000,0.000000,0.000000,0.000000,0.000000,1.153357,-1.834486,1.253551,0.062383,0.030816,0.165765,0.997838,-0.056932,-0.028794,-0.015778,0.040819,0.025641,-0.003020,0.264887,0.148500,0.074641,0.004339,0.549881,-1.035775,1.053551,-0.021832,-0.031063,0.165765,0.997838,-0.056932,-0.028794,-0.015778,0.040819,0.025641,-0.003020
5,186.095482,331,relative,17,3.223670,0.187319,0.619298,-0.786874,0.200000,0.083588,0.063658,0.000000,0.000000,0.000000,0.000000,0.000000,0.000000,0.000000,0.000000,1.155711,-1.809227,1.283477,-0.035628,0.233853,0.152084,0.998199,-0.051717,-0.025817,-0.016066,0.068836,0.039694,-0.002554,0.272481,0.058155,0.024922,0.004007,0.536414,-1.022353,1.083477,-0.119216,0.170195,0.152084,0.998199,-0.051717,-0.025817,-0.016066,0.068836,0.039694,-0.002554
5,186.095482,331,relative,18,3.410989,0.186121,0.634897,-0.774784,0.200000,0.082965,0.065424,0.000000,0.000000,0.000000,0.000000,0.000000,0.000000,0.000000,0.000000,1.140630,-1.747795,1.315830,-0.123074,0.417620,0.193882,0.998625,-0.044701,-0.022011,-0.016309,0.079743,0.044338,-0.002128,0.250652,0.208835,0.113390,0.002933,0.505733,-0.973011,1.115830,-0.206039,0.352196,0.193882,0.998625,-0.044701,-0.022011,-0.016309,0.079743,0.044338,-0.002128
5,186.095482,331,relative,19,3.597110,0.185774,0.650281,-0.762444,0.200000,0.082346,0.067180,0.000000,0.000000,0.000000,0.000000,0.000000,0.000000,0.000000,0.000000,1.111352,-1.656500,1.342093,-0.188779,0.558018,0.088873,0.999091,-0.035394,-0.017069,-0.016516,0.118627,0.065415,-0.001817,0.250655,0.131016,0.068911,0.002551,0.461071,-0.894056,1.142093,-0.271124,0.490838,0.088873,0.999091,-0.035394,-0.017069,-0.016516,0.118627,0.065415,-0.001817
5,186.095482,331,relative,20,3.782884,0.183785,0.665521,-0.749801,0.200000,0.081728,0.068932,0.000000,0.000000,0.000000,0.000000,0.000000,0.000000,0.000000,0.000000,1.071643,-1.542670,1.349125,-0.235126,0.660349,-0.012652,0.999536,-0.023139,-0.010610,-0.016700,0.142984,0.078186,-0.001548,0.263794,0.023969,0.008499,0.002062,0.406122,-0.792870,1.149125,-0.316853,0.591418,-0.012652,0.999536,-0.023139,-0.010610,-0.016700,0.142984,0.078186,-0.001548
5,186.095482,331,relative,21,3.966669,0.176998,0.680485,-0.736973,0.200000,0.081117,0.070665,0.000000,0.000000,0.000000,0.000000,0.000000,0.000000,0.000000,0.000000,1.025803,-1.415099,1.345984,-0.259654,0.719806,-0.021201,0.999805,-0.009678,-0.003584,-0.016856,0.147405,0.079719,-0.001333,0.312225,-0.067085,-0.042755,0.001553,0.345318,-0.678125,1.145984,-0.340771,0.649142,-0.021201,0.999805,-0.009678,-0.003584,-0.016856,0.147405,0.079719,-0.001333
5,186.095482,331,relative,22,4.143667,0.136870,0.694791,-0.724318,0.200000,0.080528,0.072334,0.000000,0.000000,0.000000,0.000000,0.000000,0.000000,0.000000,0.000000,0.979385,-1.285738,1.369689,-0.260559,0.733223,0.289120,0.999847,0.002954,0.002922,-0.016986,0.135544,0.072127,-0.001176,0.377716,-0.125030,-0.076521,0.000990,0.284594,-0.561420,1.169689,-0.341087,0.660889,0.289120,0.999847,0.002954,0.002922,-0.016986,0.135544,0.072127,-0.001176
5,186.095482,331,relative,23,4.280536,0.065687,0.705781,-0.714329,0.200000,0.080073,0.073625,0.000000,0.000000,0.000000,0.000000,0.000000,0.000000,0.000000,0.000000,0.944863,-1.186967,1.448393,-0.241155,0.704413,0.860819,0.999758,0.011721,0.007351,-0.017075,0.118439,0.061639,-0.001099,0.104702,-0.159982,-0.094216,0.000754,0.239082,-0.472638,1.248393,-0.321228,0.630788,0.860819,0.999758,0.011721,0.007351,-0.017075,0.118439,0.061639,-0.001099
5,186.095482,331,relative,24,4.346224,0.067814,0.711034,-0.709473,0.200000,0.079855,0.074244,0.000000,0.000000,0.000000,0.000000,0.000000,0.000000,0.000000,0.000000,0.929152,-1.140916,1.492136,-0.237048,0.697402,0.471024,0.999691,0.015470,0.009210,-0.017115,0.107933,0.055444,-0.001071,0.111374,-0.148146,-0.081783,0.001033,0.218118,-0.431443,1.292136,-0.316902,0.623158,0.471024,0.999691,0.015470,0.009210,-0.017115,0.107933,0.055444,-0.001071
5,186.095482,331,relative,25,4.414037,0.125744,0.716441,-0.704416,0.200000,0.079629,0.074884,0.000000,0.000000,0.000000,0.000000,0.000000,0.000000,0.000000,0.000000,0.913257,-1.093942,1.510998,-0.231571,0.687654,0.085275,0.999613,0.018988,0.010936,-0.017156,0.097890,0.049893,-0.001031,0.141830,-0.144547,-0.075980,0.001438,0.196816,-0.389526,1.310998,-0.311200,0.612770,0.085275,0.999613,0.018988,0.010936,-0.017156,0.097890,0.049893,-0.001031
5,186.095482,331,relative,26,4.539782,0.188311,0.726428,-0.694925,0.200000,0.079211,0.076070,0.000000,0.000000,0.000000,0.000000,0.000000,0.000000,0.000000,0.000000,0.885097,-1.009230,1.485646,-0.215755,0.658457,-0.488586,0.999455,0.024617,0.013676,-0.017224,0.079718,0.040330,-0.000929,0.148065,-0.137202,-0.070761,0.001691,0.158668,-0.314305,1.285646,-0.294966,0.582387,-0.488586,0.999455,0.024617,0.013676,-0.017224,0.079718,0.040330,-0.000929
5,186.095482,331,relative,27,4.728093,0.196851,0.741285,-0.680433,0.200000,0.078585,0.077846,0.000000,0.000000,0.000000,0.000000,0.000000,0.000000,0.000000,0.000000,0.847253,-0.890520,1.316752,-0.185158,0.600138,-1.305349,0.999231,0.030956,0.016737,-0.017310,0.053885,0.026997,-0.000748,0.101300,-0.137328,-0.071804,0.001781,0.105968,-0.210087,1.116752,-0.263742,0.522293,-1.305349,0.999231,0.030956,0.016737,-0.017310,0.053885,0.026997,-0.000748
5,186.095482,331,relative,28,4.924944,0.194336,0.756690,-0.664927,0.200000,0.077930,0.079702,0.000000,0.000000,0.000000,0.000000,0.000000,0.000000,0.000000,0.000000,0.813262,-0.777149,0.942216,-0.159744,0.550712,-2.500000,0.999064,0.034959,0.018630,-0.017380,0.026854,0.012858,-0.000548,0.266066,-0.122229,-0.064781,0.001665,0.056571,-0.112223,0.742216,-0.237674,0.471010,-2.500000,0.999064,0.034959,0.018630,-0.017380,0.026854,0.012858,-0.000548
5,186.095482,331,relative,29,5.119280,0.198314,0.771772,-0.649260,0.200000,0.077284,0.081535,0.000000,0.000000,0.000000,0.000000,0.000000,0.000000,0.000000,0.000000,0.789027,-0.683500,0.456606,-0.089300,0.412135,-2.497714,0.998999,0.036423,0.019244,-0.017429,0.003101,0.000268,-0.000364,0.593292,-0.029831,-0.012335,0.001532,0.017254,-0.034240,0.256606,-0.166583,0.330600,-2.497714,0.998999,0.036423,0.019244,-0.017429,0.003101,0.000268,-0.000364
5,186.095482,331,relative,30,5.317593,0.100000,0.787033,-0.632905,0.200000,0.076624,0.083405,0.000000,0.000000,0.000000,0.000000,0.000000,0.000000,0.000000,0.000000,0.787371,-0.633549,0.198996,0.072463,0.091609,-0.100284,0.999000,0.036435,0.019150,-0.017460,-0.002815,-0.002178,-0.000192,0,0,0,0,0.000338,-0.000644,-0.001004,-0.004161,0.008204,-0.100284,0.999000,0.036435,0.019150,-0.017460,-0.002815,-0.002178,-0.000192
6,59.504307,140,relative,0,0.000000,0.050000,0.523551,-0.851994,0.200000,0.085199,0.052355,0.000000,0.000000,0.000000,0.000000,0.000000,0.000000,0.000000,0.000000,0.895389,-1.260852,1.465277,0.577637,-0.906250,-0.216553,0.999659,-0.013452,-0.018698,-0.012269,0.257709,0.190214,0.007099,0.173057,-0.839574,-0.205311,0.319347,0.371838,-0.408858,1.265277,0.492437,-0.958605,-0.216553,0.999659,-0.013452,-0.018698,-0.012269,0.257709,0.190214,0.007099
6,59.504307,140,relative,1,0.050000,0.050011,0.527805,-0.849366,0.200000,0.084938,0.052781,0.000000,0.000000,0.000000,0.000000,0.000000,0.000000,0.000000,0.000000,0.923998,-1.305979,1.450192,0.567209,-0.899471,-0.386821,0.999801,-0.007485,-0.014140,-0.011929,0.215649,0.180051,0.016176,0.587047,-1.652336,-1.002864,0.330853,0.396194,-0.456613,1.250192,0.482271,-0.952252,-0.386821,0.999801,-0.007485,-0.014140,-0.011929,0.215649,0.180051,0.016176
6,59.504307,140,relative,2,0.100011,0.051358,0.532046,-0.846716,0.200000,0.084676,0.053207,0.000000,0.000000,0.000000,0.000000,0.000000,0.000000,0.000000,0.000000,0.951674,-1.350636,1.445758,0.540976,-0.888045,0.209546,0.999877,-0.003089,-0.010312,-0.011373,0.132893,0.130033,0.025583,0.102662,-2.195927,-0.934152,0.502396,0.419629,-0.503921,1.245758,0.456301,-0.941252,0.209546,0.999877,-0.003089,-0.010312,-0.011373,0.132893,0.130033,0.025583
6,59.504307,140,relative,3,0.151369,0.197822,0.536388,-0.843972,0.200000,0.084407,0.053645,0.000000,0.000000,0.000000,0.000000,0.000000,0.000000,0.000000,0.000000,0.979365,-1.396222,1.448596,0.537524,-0.887283,-0.099033,0.999915,-0.001104,-0.007608,-0.010515,0.019980,0.082149,0.040251,0.164794,-2.041265,-0.982420,0.650957,0.442977,-0.552250,1.248596,0.453117,-0.940928,-0.099033,0.999915,-0.001104,-0.007608,-0.010515,0.019980,0.082149,0.040251
6,59.504307,140,relative,4,0.349192,0.192522,0.552983,-0.833193,0.200000,0.083371,0.055330,0.000000,0.000000,0.000000,0.000000,0.000000,0.000000,0.000000,0.000000,1.084159,-1.570832,1.356460,0.521407,-0.870789,-0.832622,0.999772,-0.019150,-0.008991,-0.003000,-0.383467,-0.114665,0.113458,0.268559,-0.275853,-0.008017,0.541755,0.531176,-0.737639,1.156460,0.438035,-0.926119,-0.832622,0.999772,-0.019150,-0.008991,-0.003000,-0.383467,-0.114665,0.113458
6,59.504307,140,relative,5,0.541713,0.192467,0.568937,-0.822383,0.200000,0.082363,0.056970,0.000000,0.000000,0.000000,0.000000,0.000000,0.000000,0.000000,0.000000,1.179874,-1.726730,1.198228,0.465408,-0.723782,-0.813328,0.998021,-0.058636,-0.020057,0.010634,-0.434072,-0.124795,0.172752,0.270447,0.662444,-0.055976,0.251572,0.610937,-0.904347,0.998228,0.383045,-0.780753,-0.813328,0.998021,-0.058636,-0.020057,0.010634,-0.434072,-0.124795,0.172752
6,59.504307,140,relative,6,0.734180,0.199473,0.584692,-0.811260,0.200000,0.081356,0.058610,0.000000,0.000000,0.000000,0.000000,0.000000,0.000000,0.000000,0.000000,1.260120,-1.839719,1.043367,0.359330,-0.428204,-0.799797,0.994618,-0.094195,-0.032305,0.028621,-0.302878,-0.145567,0.200278,0.426117,1.311122,0.481053,0.238102,0.675429,-1.028459,0.843367,0.277975,-0.486814,-0.799797,0.994618,-0.094195,-0.032305,0.028621,-0.302878,-0.145567,0.200278
6,59.504307,140,relative,7,0.933653,0.106767,0.600816,-0.799399,0.200000,0.080311,0.060310,0.000000,0.000000,0.000000,0.000000,0.000000,0.000000,0.000000,0.000000,1.307071,-1.862242,0.995254,0.099721,0.218875,0.313022,0.991662,-0.111486,-0.040681,0.050221,-0.038108,-0.055032,0.227278,0.096452,1.292109,-0.153418,0.106475,0.706256,-1.062843,0.795254,0.019410,0.158566,0.313022,0.991662,-0.111486,-0.040681,0.050221,-0.038108,-0.055032,0.227278
6,59.504307,140,relative,8,1.040420,0.196897,0.609361,-0.792912,0.200000,0.079752,0.061219,0.000000,0.000000,0.000000,0.000000,0.000000,0.000000,0.000000,0.000000,1.315805,-1.834458,0.992545,0.063477,0.301343,-0.363749,0.991013,-0.110143,-0.042549,0.062865,0.101027,-0.070819,0.233741,0.222866,0.999972,-0.038762,0.137187,0.706444,-1.041546,0.792545,-0.016275,0.240124,-0.363749,0.991013,-0.110143,-0.042549,0.062865,0.101027,-0.070819,0.233741
6,59.504307,140,relative,9,1.237317,0.050573,0.624962,-0.780693,0.200000,0.078721,0.062897,0.000000,0.000000,0.000000,0.000000,0.000000,0.000000,0.000000,0.000000,1.312058,-1.742693,0.886596,-0.103764,0.619800,-0.710504,0.990899,-0.091080,-0.045581,0.088016,0.300503,-0.071169,0.249097,0.542287,0.571333,0.056192,0.095430,0.687095,-0.962000,0.686596,-0.182486,0.556903,-0.710504,0.990899,-0.091080,-0.045581,0.088016,0.300503,-0.071169,0.249097
6,59.504307,140,relative,10,1.287890,0.050455,0.628937,-0.777501,0.200000,0.078457,0.063328,0.000000,0.000000,0.000000,0.000000,0.000000,0.000000,0.000000,0.000000,1.304071,-1.707052,0.863293,-0.212184,0.786947,-0.210620,0.990936,-0.083313,-0.046009,0.094808,0.330053,-0.065296,0.251841,0.199539,0.701082,0.620771,-0.090472,0.675134,-0.929551,0.663293,-0.290641,0.723619,-0.210620,0.990936,-0.083313,-0.046009,0.094808,0.330053,-0.065296,0.251841
6,59.504307,140,relative,11,1.338346,0.051325,0.632889,-0.774295,0.200000,0.078193,0.063758,0.000000,0.000000,0.000000,0.000000,0.000000,0.000000,0.000000,0.000000,1.292360,-1.665929,0.849424,-0.251974,0.842046,-0.338958,0.990953,-0.074785,-0.045846,0.101571,0.365887,-0.030636,0.249246,0.170315,0.653964,0.615825,-0.110064,0.659471,-0.891634,0.649424,-0.330167,0.778288,-0.338958,0.990953,-0.074785,-0.045846,0.101571,0.365887,-0.030636,0.249246
6,59.504307,140,relative,12,1.389671,0.110621,0.636895,-0.771011,0.200000,0.077924,0.064195,0.000000,0.000000,0.000000,0.000000,0.000000,0.000000,0.000000,0.000000,1.278554,-1.621608,0.827294,-0.285839,0.883951,-0.523220,0.990959,-0.065305,-0.044700,0.108338,0.399578,0.004664,0.246034,0.236475,0.354143,0.426486,-0.156280,0.641659,-0.850597,0.627294,-0.363763,0.819756,-0.523220,0.990959,-0.065305,-0.044700,0.108338,0.399578,0.004664,0.246034
6,59.504307,140,relative,13,1.500292,0.171731,0.645483,-0.763858,0.200000,0.077345,0.065138,0.000000,0.000000,0.000000,0.000000,0.000000,0.000000,0.000000,0.000000,1.241639,-1.518182,0.762416,-0.379329,0.978865,-0.648849,0.990751,-0.043121,-0.039518,0.122443,0.438101,0.060321,0.236206,0.262437,-0.040734,0.243927,-0.157800,0.596156,-0.754325,0.562416,-0.456674,0.913727,-0.648849,0.990751,-0.043121,-0.039518,0.122443,0.438101,0.060321,0.236206
6,59.504307,140,relative,14,1.672023,0.154798,0.658688,-0.752546,0.200000,0.076446,0.066601,0.000000,0.000000,0.000000,0.000000,0.000000,0.000000,0.000000,0.000000,1.165242,-1.342516,0.648993,-0.500957,1.048140,-0.670607,0.989342,-0.007938,-0.026607,0.142938,0.428499,0.115122,0.220800,0.276097,-0.305746,0.083711,-0.103283,0.506554,-0.589970,0.448993,-0.577403,0.981540,-0.670607,0.989342,-0.007938,-0.026607,0.142938,0.428499,0.115122,0.220800
6,59.504307,140,relative,15,1.826822,0.173369,0.670459,-0.742134,0.200000,0.075635,0.067920,0.000000,0.000000,0.000000,0.000000,0.000000,0.000000,0.000000,0.000000,1.082464,-1.181565,0.550032,-0.558675,1.017197,-0.607879,0.986788,0.021085,-0.012291,0.160165,0.377948,0.138332,0.211711,0.298811,-0.644178,-0.073102,-0.054646,0.412005,-0.439431,0.350032,-0.634310,0.949278,-0.607879,0.986788,0.021085,-0.012291,0.160165,0.377948,0.138332,0.211711
6,59.504307,140,relative,16,2.000191,0.176678,0.683493,-0.730231,0.200000,0.074727,0.069397,0.000000,0.000000,0.000000,0.000000,0.000000,0.000000,0.000000,0.000000,0.985038,-1.015529,0.463196,-0.552188,0.884039,-0.394874,0.982833,0.046342,0.003441,0.178550,0.262508,0.134472,0.206325,0.303186,-0.736253,-0.112794,-0.039345,0.301545,-0.285298,0.263196,-0.626915,0.814643,-0.394874,0.982833,0.046342,0.003441,0.178550,0.262508,0.134472,0.206325
6,59.504307,140,relative,17,2.176869,0.176696,0.696614,-0.717837,0.200000,0.073802,0.070902,0.000000,0.000000,0.000000,0.000000,0.000000,0.000000,0.000000,0.000000,0.893674,-0.876795,0.414587,-0.470954,0.678620,-0.156630,0.978398,0.061372,0.016724,0.196702,0.128933,0.119913,0.202374,0.285909,-0.704460,-0.100081,-0.125994,0.197060,-0.158957,0.214587,-0.544757,0.607718,-0.156630,0.978398,0.061372,0.016724,0.196702,0.128933,0.119913,0.202374
6,59.504307,140,relative,18,2.353564,0.171370,0.709573,-0.705176,0.200000,0.072877,0.072407,0.000000,0.000000,0.000000,0.000000,0.000000,0.000000,0.000000,0.000000,0.821267,-0.776063,0.397599,-0.341548,0.460777,-0.036232,0.974258,0.065340,0.026459,0.214131,0.001505,0.103960,0.189718,0.263435,-0.498740,-0.241443,-0.348423,0.111694,-0.070887,0.197599,-0.414425,0.388370,-0.036232,0.974258,0.065340,0.026459,0.214131,0.001505,0.103960,0.189718
6,59.504307,140,relative,19,2.524934,0.176331,0.721985,-0.692643,0.200000,0.071980,0.073867,0.000000,0.000000,0.000000,0.000000,0.000000,0.000000,0.000000,0.000000,0.774751,-0.713239,0.389188,-0.198620,0.275940,-0.061770,0.970997,0.060681,0.031618,0.229091,-0.085843,0.061666,0.155773,0.236930,-0.659871,-0.317426,-0.356962,0.052766,-0.020597,0.189188,-0.270600,0.202072,-0.061770,0.970997,0.060681,0.031618,0.229091,-0.085843,0.061666,0.155773
6,59.504307,140,relative,20,2.701265,0.169520,0.734596,-0.679485,0.200000,0.071057,0.075370,0.000000,0.000000,0.000000,0.000000,0.000000,0.000000,0.000000,0.000000,0.751820,-0.677693,0.361035,-0.063139,0.133705,-0.256810,0.968737,0.048051,0.030714,0.241447,-0.202822,0.003076,0.119990,0.165925,-0.542666,-0.388189,-0.394752,0.017224,0.001792,0.161035,-0.134196,0.058335,-0.256810,0.968737,0.048051,0.030714,0.241447,-0.202822,0.003076,0.119990
6,59.504307,140,relative,21,2.870785,0.051629,0.746566,-0.666586,0.200000,0.070169,0.076814,0.000000,0.000000,0.000000,0.000000,0.000000,0.000000,0.000000,0.000000,0.747828,-0.660984,0.264385,0.011761,0.069397,-0.882805,0.967507,0.028541,0.022605,0.250208,-0.294435,-0.065924,0.081948,0.342915,-1.303501,-0.720620,-0.326541,0.001262,0.005601,0.064385,-0.058408,-0.007417,-0.882805,0.967507,0.028541,0.022605,0.250208,-0.294435,-0.065924,0.081948
6,59.504307,140,relative,22,2.922414,0.050077,0.750182,-0.662609,0.200000,0.069899,0.077254,0.000000,0.000000,0.000000,0.000000,0.000000,0.000000,0.000000,0.000000,0.749354,-0.658077,0.222620,0.046049,0.044632,-0.734942,0.967261,0.020944,0.018305,0.252255,-0.361477,-0.104118,0.072364,0.599722,-0.452775,-0.321345,-0.346078,-0.000828,0.004532,0.022620,-0.023850,-0.032622,-0.734942,0.967261,0.020944,0.018305,0.252255,-0.361477,-0.104118,0.072364
6,59.504307,140,relative,23,2.972492,0.050011,0.753676,-0.658729,0.200000,0.069637,0.077681,0.000000,0.000000,0.000000,0.000000,0.000000,0.000000,0.000000,0.000000,0.752814,-0.656589,0.201332,0.089507,0.017294,-0.115089,0.967035,0.012660,0.013187,0.253988,-0.383863,-0.121165,0.062511,0.495546,-0.071409,-0.081678,-0.264395,-0.000862,0.002141,0.001332,0.019870,-0.060386,-0.115089,0.967035,0.012660,0.013187,0.253988,-0.383863,-0.121165,0.062511
6,59.504307,140,relative,24,3.022503,0.050002,0.757152,-0.654834,0.200000,0.069375,0.078107,0.000000,0.000000,0.000000,0.000000,0.000000,0.000000,0.000000,0.000000,0.757910,-0.656027,0.206250,0.112019,0.007269,0.311838,0.966774,0.004142,0.007729,0.255483,-0.387159,-0.126109,0.054994,0.244807,0.608603,0.102778,-0.237263,0.000758,-0.001193,0.006250,0.042644,-0.070838,0.311838,0.966774,0.004142,0.007729,0.255483,-0.387159,-0.126109,0.054994
6,59.504307,140,relative,25,3.072505,0.050002,0.760614,-0.650918,0.200000,0.069113,0.078533,0.000000,0.000000,0.000000,0.000000,0.000000,0.000000,0.000000,0.000000,0.763649,-0.655659,0.220913,0.116412,0.008442,0.274652,0.966459,-0.004043,0.002353,0.256778,-0.356484,-0.121699,0.048250,0.155696,0.912824,0.224067,-0.212228,0.003034,-0.004741,0.020913,0.047299,-0.070091,0.274652,0.966459,-0.004043,0.002353,0.256778,-0.356484,-0.121699,0.048250
6,59.504307,140,relative,26,3.122507,0.050002,0.764064,-0.646980,0.200000,0.068852,0.078959,0.000000,0.000000,0.000000,0.000000,0.000000,0.000000,0.000000,0.000000,0.769454,-0.655143,0.229591,0.115163,0.012754,0.072432,0.966104,-0.011353,-0.002596,0.257892,-0.310641,-0.111069,0.042217,0.135563,1.128267,0.353660,-0.198499,0.005391,-0.008163,0.029591,0.046312,-0.066204,0.072432,0.966104,-0.011353,-0.002596,0.257892,-0.310641,-0.111069,0.042217
6,59.504307,140,relative,27,3.172509,0.050003,0.767500,-0.643021,0.200000,0.068590,0.079385,0.000000,0.000000,0.000000,0.000000,0.000000,0.000000,0.000000,0.000000,0.775119,-0.654354,0.227223,0.110948,0.019182,-0.167155,0.965735,-0.017514,-0.006880,0.258847,-0.254072,-0.093809,0.036574,0.319829,1.322554,0.473372,-0.199716,0.007619,-0.011333,0.027223,0.042358,-0.060203,-0.167155,0.965735,-0.017514,-0.006880,0.258847,-0.254072,-0.093809,0.036574
6,59.504307,140,relative,28,3.222512,0.050006,0.770923,-0.639041,0.200000,0.068328,0.079811,0.000000,0.000000,0.000000,0.000000,0.000000,0.000000,0.000000,0.000000,0.780288,-0.652907,0.221397,0.094886,0.039443,-0.065940,0.965389,-0.022323,-0.010278,0.259655,-0.187835,-0.070423,0.030897,0.396562,1.433349,0.553817,-0.214607,0.009365,-0.013866,0.021397,0.026558,-0.040368,-0.065940,0.965389,-0.022323,-0.010278,0.259655,-0.187835,-0.070423,0.030897
6,59.504307,140,relative,29,3.272518,0.050001,0.774333,-0.635040,0.200000,0.068066,0.080237,0.000000,0.000000,0.000000,0.000000,0.000000,0.000000,0.000000,0.000000,0.784412,-0.650206,0.224172,0.069316,0.069213,0.176911,0.965100,-0.025630,-0.012616,0.260318,-0.116098,-0.042891,0.024796,0.094233,1.606040,0.650534,-0.248243,0.010079,-0.015167,0.024172,0.001249,-0.011023,0.176911,0.965100,-0.025630,-0.012616,0.260318,-0.116098,-0.042891,0.024796
6,59.504307,140,relative,30,3.322519,0.100000,0.777730,-0.631017,0.200000,0.067804,0.080663,0.000000,0.000000,0.000000,0.000000,0.000000,0.000000,0.000000,0.000000,0.787708,-0.646554,0.225110,0.062421,0.076966,-0.139396,0.964903,-0.027295,-0.013740,0.260823,-0.035773,-0.010427,0.017740,0,0,0,0,0.009978,-0.015537,0.025110,-0.005384,-0.003697,-0.139396,0.964903,-0.027295,-0.013740,0.260823,-0.035773,-0.010427,0.017740
7,52.309745,132,relative,0,0.000000,0.199784,0.528653,-0.848838,0.200000,0.084884,0.052865,0.000000,0.000000,0.000000,0.000000,0.000000,0.000000,0.000000,0.000000,0.930115,-1.318269,1.454078,0.549805,-0.881348,-0.217285,0.999565,-0.016447,-0.021041,-0.012514,-0.344157,-0.204531,-0.001980,0.082341,-1.254051,-0.262704,0.766539,0.401462,-0.469431,1.254078,0.464921,-0.934213,-0.217285,0.999565,-0.016447,-0.021041,-0.012514,-0.344157,-0.204531,-0.001980
7,52.309745,132,relative,1,0.199784,0.199821,0.545506,-0.838107,0.200000,0.083828,0.054561,0.000000,0.000000,0.000000,0.000000,0.000000,0.000000,0.000000,0.000000,1.036586,-1.490648,1.275531,0.511580,-0.834747,-1.571172,0.996987,-0.063632,-0.043436,-0.009009,-0.593176,-0.260244,0.085080,0.325427,1.152417,0.560438,0.423526,0.491080,-0.652541,1.075531,0.427752,-0.889308,-1.571172,0.996987,-0.063632,-0.043436,-0.009009,-0.593176,-0.260244,0.085080
7,52.309745,132,relative,2,0.399605,0.199855,0.562151,-0.827035,0.200000,0.082771,0.056257,0.000000,0.000000,0.000000,0.000000,0.000000,0.000000,0.000000,0.000000,1.114702,-1.618234,1.001815,0.254346,-0.404693,-1.176860,0.991753,-0.111662,-0.062897,0.001118,-0.359516,-0.155999,0.133191,0.377071,2.180830,1.226268,0.403495,0.552551,-0.791199,0.801815,0.171574,-0.460950,-1.176860,0.991753,-0.111662,-0.062897,0.001118,-0.359516,-0.155999,0.133191
7,52.309745,132,relative,3,0.599461,0.199879,0.578588,-0.815622,0.200000,0.081715,0.057954,0.000000,0.000000,0.000000,0.000000,0.000000,0.000000,0.000000,0.000000,1.128938,-1.632903,0.839111,-0.115144,0.270542,-0.454870,0.989716,-0.126628,-0.064582,0.016054,0.077042,0.085997,0.179035,0.275551,1.479595,0.122465,0.153474,0.550350,-0.817280,0.639111,-0.196859,0.212588,-0.454870,0.989716,-0.126628,-0.064582,0.016054,0.077042,0.085997,0.179035
7,52.309745,132,relative,4,0.799339,0.199994,0.594815,-0.803869,0.200000,0.080658,0.059650,0.000000,0.000000,0.000000,0.000000,0.000000,0.000000,0.000000,0.000000,1.080341,-1.530059,0.748505,-0.363721,0.744208,-0.447448,0.992427,-0.105836,-0.051778,0.034735,0.369906,0.116908,0.196474,0.182243,0.843619,0.109360,0.257152,0.485526,-0.726190,0.548505,-0.444379,0.684557,-0.447448,0.992427,-0.105836,-0.051778,0.034735,0.369906,0.116908,0.196474
7,52.309745,132,relative,5,0.999333,0.104260,0.610840,-0.791769,0.200000,0.079601,0.061348,0.000000,0.000000,0.000000,0.000000,0.000000,0.000000,0.000000,0.000000,0.994114,-1.356871,0.594886,-0.490855,0.968362,-1.084830,0.995850,-0.062400,-0.034529,0.056532,0.534300,0.153332,0.225711,0.473432,0.359915,-0.001353,0.127742,0.383273,-0.565101,0.394886,-0.570456,0.907014,-1.084830,0.995850,-0.062400,-0.034529,0.056532,0.534300,0.153332,0.225711
7,52.309745,132,relative,6,1.103594,0.050697,0.619111,-0.785327,0.200000,0.079050,0.062233,0.000000,0.000000,0.000000,0.000000,0.000000,0.000000,0.000000,0.000000,0.936429,-1.246148,0.523031,-0.608581,1.138945,-0.291529,0.996736,-0.034614,-0.023926,0.068893,0.568952,0.163212,0.233283,0.156883,0.345309,0.467036,-0.036358,0.317318,-0.460821,0.323031,-0.687630,1.076712,-0.291529,0.996736,-0.034614,-0.023926,0.068893,0.568952,0.163212,0.233283
7,52.309745,132,relative,7,1.154290,0.052280,0.623112,-0.782161,0.200000,0.078782,0.062663,0.000000,0.000000,0.000000,0.000000,0.000000,0.000000,0.000000,0.000000,0.905215,-1.187985,0.503091,-0.622159,1.154247,-0.495015,0.996810,-0.020486,-0.018223,0.074960,0.584867,0.192056,0.232235,0.238097,0.294536,0.437142,-0.067684,0.282104,-0.405824,0.303091,-0.700941,1.091584,-0.495015,0.996810,-0.020486,-0.018223,0.074960,0.584867,0.192056,0.232235
7,52.309745,132,relative,8,1.206570,0.061031,0.627223,-0.778874,0.200000,0.078505,0.063107,0.000000,0.000000,0.000000,0.000000,0.000000,0.000000,0.000000,0.000000,0.872274,-1.127298,0.475844,-0.636839,1.165176,-0.547240,0.996619,-0.005582,-0.011565,0.081146,0.598373,0.220339,0.230223,0.290949,-0.147026,0.155852,-0.108410,0.245051,-0.348424,0.275844,-0.715344,1.102069,-0.547240,0.996619,-0.005582,-0.011565,0.081146,0.598373,0.220339,0.230223
7,52.309745,132,relative,9,1.267601,0.165638,0.632005,-0.775006,0.200000,0.078183,0.063625,0.000000,0.000000,0.000000,0.000000,0.000000,0.000000,0.000000,0.000000,0.833057,-1.056225,0.444240,-0.646144,1.160247,-0.488416,0.996024,0.011796,-0.003115,0.088245,0.586986,0.236120,0.226462,0.297986,-0.873416,-0.238062,-0.099353,0.201053,-0.281219,0.244240,-0.724327,1.096622,-0.488416,0.996024,0.011796,-0.003115,0.088245,0.586986,0.236120,0.226462
7,52.309745,132,relative,10,1.433239,0.133197,0.644882,-0.764351,0.200000,0.077307,0.065031,0.000000,0.000000,0.000000,0.000000,0.000000,0.000000,0.000000,0.000000,0.728147,-0.871835,0.379908,-0.604552,1.043112,-0.290149,0.992727,0.052267,0.018842,0.106797,0.436069,0.210964,0.217106,0.309928,-1.010954,-0.372601,-0.054637,0.083265,-0.107484,0.179908,-0.681859,0.978081,-0.290149,0.992727,0.052267,0.018842,0.106797,0.436069,0.210964,0.217106
7,52.309745,132,relative,11,1.566436,0.197433,0.655132,-0.755614,0.200000,0.076603,0.066162,0.000000,0.000000,0.000000,0.000000,0.000000,0.000000,0.000000,0.000000,0.653845,-0.744609,0.355187,-0.502068,0.856693,-0.082940,0.989205,0.075399,0.033257,0.121170,0.297272,0.169309,0.212969,0.288680,-1.437989,-0.603671,-0.007538,-0.001287,0.011004,0.155187,-0.578671,0.790531,-0.082940,0.989205,0.075399,0.033257,0.121170,0.297272,0.169309,0.212969
7,52.309745,132,relative,12,1.763869,0.196352,0.670153,-0.742386,0.200000,0.075559,0.067838,0.000000,0.000000,0.000000,0.000000,0.000000,0.000000,0.000000,0.000000,0.574860,-0.607330,0.352542,-0.287852,0.525882,0.053870,0.984757,0.089727,0.044425,0.142228,0.009767,0.055008,0.212123,0.269679,-1.121963,-0.436353,-0.006094,-0.095293,0.135056,0.152542,-0.363411,0.458044,0.053870,0.984757,0.089727,0.044425,0.142228,0.009767,0.055008,0.212123
7,52.309745,132,relative,13,1.960221,0.195481,0.684887,-0.728902,0.200000,0.074521,0.069504,0.000000,0.000000,0.000000,0.000000,0.000000,0.000000,0.000000,0.000000,0.540336,-0.535000,0.362772,-0.065053,0.217118,0.051462,0.982376,0.080769,0.042147,0.163211,-0.210886,-0.033851,0.211443,0.255822,-0.593737,-0.151436,-0.105100,-0.144552,0.193902,0.162772,-0.139574,0.147613,0.051462,0.982376,0.080769,0.042147,0.163211,-0.210886,-0.033851,0.211443
7,52.309745,132,relative,14,2.155702,0.195699,0.699354,-0.715153,0.200000,0.073488,0.071164,0.000000,0.000000,0.000000,0.000000,0.000000,0.000000,0.000000,0.000000,0.545986,-0.516334,0.363907,0.114455,-0.012185,-0.037313,0.980880,0.056680,0.031145,0.183551,-0.325355,-0.071619,0.199763,0.254707,0.071715,-0.023169,-0.336546,-0.153368,0.198820,0.163907,0.040967,-0.083349,-0.037313,0.980880,0.056680,0.031145,0.183551,-0.325355,-0.071619,0.199763
7,52.309745,132,relative,15,2.351401,0.195978,0.713634,-0.701064,0.200000,0.072453,0.072825,0.000000,0.000000,0.000000,0.000000,0.000000,0.000000,0.000000,0.000000,0.580971,-0.533570,0.348324,0.231563,-0.148139,-0.120031,0.978971,0.028166,0.016893,0.201340,-0.309219,-0.084693,0.162321,0.263515,0.310816,0.128424,-0.350584,-0.132663,0.167494,0.148324,0.159110,-0.220964,-0.120031,0.978971,0.028166,0.016893,0.201340,-0.309219,-0.084693,0.162321
7,52.309745,132,relative,16,2.547380,0.197063,0.727732,-0.686629,0.200000,0.071417,0.074488,0.000000,0.000000,0.000000,0.000000,0.000000,0.000000,0.000000,0.000000,0.632337,-0.568771,0.323621,0.281294,-0.197154,-0.131395,0.976560,0.003222,0.003782,0.215187,-0.246697,-0.065458,0.123262,0.251609,0.705978,0.222140,-0.390365,-0.095395,0.117858,0.123621,0.209877,-0.271643,-0.131395,0.976560,0.003222,0.003782,0.215187,-0.246697,-0.065458,0.123262
7,52.309745,132,relative,17,2.744443,0.181936,0.741703,-0.671785,0.200000,0.070375,0.076161,0.000000,0.000000,0.000000,0.000000,0.000000,0.000000,0.000000,0.000000,0.687689,-0.606471,0.288177,0.273454,-0.177004,-0.228422,0.974277,-0.012790,-0.004339,0.224947,-0.106866,-0.024438,0.079529,0.224137,-0.018345,-0.067296,-0.323899,-0.054013,0.065314,0.088177,0.203078,-0.253165,-0.228422,0.974277,-0.012790,-0.004339,0.224947,-0.106866,-0.024438,0.079529
7,52.309745,132,relative,18,2.926379,0.051052,0.754419,-0.657788,0.200000,0.069413,0.077706,0.000000,0.000000,0.000000,0.000000,0.000000,0.000000,0.000000,0.000000,0.734884,-0.634817,0.221571,0.241885,-0.130782,-0.503959,0.972787,-0.021781,-0.009242,0.230491,-0.109940,-0.037620,0.046029,0.576586,-0.118870,-0.184841,-0.340826,-0.019535,0.022971,0.021571,0.172472,-0.208487,-0.503959,0.972787,-0.021781,-0.009242,0.230491,-0.109940,-0.037620,0.046029
7,52.309745,132,relative,19,2.977431,0.053352,0.757956,-0.653810,0.200000,0.069144,0.078139,0.000000,0.000000,0.000000,0.000000,0.000000,0.000000,0.000000,0.000000,0.746413,-0.640394,0.210854,0.208923,-0.086957,0.084057,0.972467,-0.024345,-0.010937,0.231507,-0.115941,-0.047236,0.036137,0.321553,0.293201,0.087606,-0.257595,-0.011543,0.013416,0.010854,0.139779,-0.165096,0.084057,0.972467,-0.024345,-0.010937,0.231507,-0.115941,-0.047236,0.036137
7,52.309745,132,relative,20,3.030782,0.116599,0.761637,-0.649629,0.200000,0.068861,0.078592,0.000000,0.000000,0.000000,0.000000,0.000000,0.000000,0.000000,0.000000,0.756980,-0.644293,0.218301,0.186708,-0.058767,0.195046,0.972180,-0.026881,-0.012751,0.232339,-0.100240,-0.042704,0.028324,0.256242,1.113278,0.341555,-0.230043,-0.004657,0.005336,0.018301,0.117847,-0.137359,0.195046,0.972180,-0.026881,-0.012751,0.232339,-0.100240,-0.042704,0.028324
7,52.309745,132,relative,21,3.147381,0.065394,0.769630,-0.640408,0.200000,0.068245,0.079581,0.000000,0.000000,0.000000,0.000000,0.000000,0.000000,0.000000,0.000000,0.776195,-0.648042,0.238745,0.142098,-0.005078,0.155580,0.971823,-0.028588,-0.014491,0.233522,0.029614,-0.002958,0.013076,0.224225,1.198130,0.354106,-0.207172,0.006564,-0.007634,0.038745,0.073853,-0.084660,0.155580,0.971823,-0.028588,-0.014491,0.233522,0.029614,-0.002958,0.013076
7,52.309745,132,relative,22,3.212776,0.055375,0.774082,-0.635185,0.200000,0.067899,0.080137,0.000000,0.000000,0.000000,0.000000,0.000000,0.000000,0.000000,0.000000,0.784760,-0.647524,0.245665,0.120075,0.020581,0.056083,0.971818,-0.026473,-0.013682,0.233839,0.107962,0.020227,0.005374,0.221875,0.151270,0.078357,0.003418,0.010678,-0.012338,0.045665,0.052176,-0.059556,0.056083,0.971818,-0.026473,-0.013682,0.233839,0.107962,0.020227,0.005374
7,52.309745,132,relative,23,3.268151,0.060099,0.777834,-0.630735,0.200000,0.067607,0.080607,0.000000,0.000000,0.000000,0.000000,0.000000,0.000000,0.000000,0.000000,0.790934,-0.645837,0.246308,0.103217,0.039966,-0.032823,0.971869,-0.023602,-0.012349,0.234010,0.116333,0.024592,0.005481,0.195184,0.078899,0.064053,0.003272,0.013100,-0.015102,0.046308,0.035610,-0.040640,-0.032823,0.971869,-0.023602,-0.012349,0.234010,0.116333,0.024592,0.005481
7,52.309745,132,relative,24,3.328250,0.123639,0.781887,-0.625875,0.200000,0.067289,0.081117,0.000000,0.000000,0.000000,0.000000,0.000000,0.000000,0.000000,0.000000,0.796699,-0.642936,0.239658,0.088990,0.056172,-0.188474,0.971918,-0.020324,-0.010735,0.234196,0.121068,0.028471,0.005593,0.289405,-0.087974,0.029672,0.003200,0.014812,-0.017061,0.039658,0.021701,-0.024945,-0.188474,0.971918,-0.020324,-0.010735,0.234196,0.121068,0.028471,0.005593
7,52.309745,132,relative,25,3.451889,0.054103,0.790167,-0.615781,0.200000,0.066635,0.082166,0.000000,0.000000,0.000000,0.000000,0.000000,0.000000,0.000000,0.000000,0.805483,-0.633476,0.223231,0.055265,0.094415,-0.077118,0.971974,-0.013820,-0.007231,0.234571,0.110175,0.032202,0.005818,0.309122,-0.147729,-0.022574,0.001214,0.015316,-0.017695,0.023231,-0.011371,0.012249,-0.077118,0.971974,-0.013820,-0.007231,0.234571,0.110175,0.032202,0.005818
7,52.309745,132,relative,26,3.505992,0.054727,0.793764,-0.611323,0.200000,0.066349,0.082625,0.000000,0.000000,0.000000,0.000000,0.000000,0.000000,0.000000,0.000000,0.808152,-0.628000,0.221450,0.043837,0.107595,0.011309,0.971978,-0.011229,-0.005724,0.234733,0.102175,0.031006,0.005855,0.253824,-0.193509,-0.041904,0.001385,0.014388,-0.016676,0.021450,-0.022513,0.024969,0.011309,0.971978,-0.011229,-0.005724,0.234733,0.102175,0.031006,0.005855
7,52.309745,132,relative,27,3.560719,0.054624,0.797387,-0.606789,0.200000,0.066060,0.083090,0.000000,0.000000,0.000000,0.000000,0.000000,0.000000,0.000000,0.000000,0.810339,-0.621861,0.221453,0.036412,0.116402,-0.011210,0.971971,-0.008846,-0.004306,0.234894,0.091577,0.028736,0.005898,0.235182,-0.222758,-0.057545,0.001521,0.012952,-0.015072,0.021453,-0.029648,0.033312,-0.011210,0.971971,-0.008846,-0.004306,0.234894,0.091577,0.028736,0.005898
7,52.309745,132,relative,28,3.615343,0.054831,0.800988,-0.602237,0.200000,0.065771,0.083554,0.000000,0.000000,0.000000,0.000000,0.000000,0.000000,0.000000,0.000000,0.812180,-0.615321,0.219198,0.031292,0.122774,-0.071342,0.971954,-0.006751,-0.003035,0.235054,0.079403,0.025614,0.005946,0.224262,-0.243478,-0.070429,0.001570,0.011193,-0.013084,0.019198,-0.034480,0.039220,-0.071342,0.971954,-0.006751,-0.003035,0.235054,0.079403,0.025614,0.005946
7,52.309745,132,relative,29,3.670174,0.059321,0.804586,-0.597643,0.200000,0.065481,0.084019,0.000000,0.000000,0.000000,0.000000,0.000000,0.000000,0.000000,0.000000,0.813796,-0.608456,0.213024,0.027858,0.127408,-0.153845,0.971929,-0.004966,-0.001933,0.235214,0.066047,0.021771,0.005995,0.288946,-0.277060,-0.088897,0.001556,0.009210,-0.010813,0.013024,-0.037624,0.043388,-0.153845,0.971929,-0.004966,-0.001933,0.235214,0.066047,0.021771,0.005995
7,52.309745,132,relative,30,3.729495,0.100000,0.808461,-0.592644,0.200000,0.065168,0.084523,0.000000,0.000000,0.000000,0.000000,0.000000,0.000000,0.000000,0.000000,0.815351,-0.600750,0.205466,0.024845,0.132117,-0.100974,0.971895,-0.003433,-0.000977,0.235388,0.049606,0.016513,0.006047,0,0,0,0,0.006890,-0.008106,0.005466,-0.040323,0.047594,-0.100974,0.971895,-0.003433,-0.000977,0.235388,0.049606,0.016513,0.006047
8,73.701774,173,relative,0,0.000000,0.050383,0.533737,-0.845651,0.200000,0.084565,0.053374,0.000000,0.000000,0.000000,0.000000,0.000000,0.000000,0.000000,0.000000,0.963232,-1.374151,1.441414,0.512207,-0.849121,-0.289307,0.999430,-0.016822,-0.026746,-0.011885,-0.008863,-0.315523,0.023146,0.214317,-1.170932,0.779206,0.292768,0.429496,-0.528501,1.241414,0.427642,-0.902495,-0.289307,0.999430,-0.016822,-0.026746,-0.011885,-0.008863,-0.315523,0.023146
8,73.701774,173,relative,1,0.050383,0.051390,0.537990,-0.842951,0.200000,0.084296,0.053800,0.000000,0.000000,0.000000,0.000000,0.000000,0.000000,0.000000,0.000000,0.988453,-1.416583,1.424438,0.487952,-0.835065,-0.384628,0.999194,-0.017891,-0.034172,-0.011098,-0.067550,-0.276305,0.031532,0.083870,-0.722079,0.076979,0.050117,0.450462,-0.573632,1.224438,0.403656,-0.888865,-0.384628,0.999194,-0.017891,-0.034172,-0.011098,-0.067550,-0.276305,0.031532
8,73.701774,173,relative,2,0.101774,0.199093,0.542315,-0.840175,0.200000,0.084022,0.054234,0.000000,0.000000,0.000000,0.000000,0.000000,0.000000,0.000000,0.000000,1.013231,-1.459341,1.395805,0.475997,-0.828887,-0.729705,0.998895,-0.020204,-0.041177,-0.010220,-0.104313,-0.272458,0.032996,0.269662,-0.609225,0.735723,-0.148387,0.470916,-0.619166,1.195805,0.391975,-0.883121,-0.729705,0.998895,-0.020204,-0.041177,-0.010220,-0.104313,-0.272458,0.032996
8,73.701774,173,relative,3,0.300866,0.199827,0.558938,-0.829210,0.200000,0.082959,0.055918,0.000000,0.000000,0.000000,0.000000,0.000000,0.000000,0.000000,0.000000,1.088749,-1.614397,1.252836,0.269756,-0.717692,-0.708465,0.997437,-0.036852,-0.060793,-0.008123,-0.224833,-0.126567,0.016201,0.269791,-0.275432,0.948717,-0.335593,0.529811,-0.785187,1.052836,0.186797,-0.773610,-0.708465,0.997437,-0.036852,-0.060793,-0.008123,-0.224833,-0.126567,0.016201
8,73.701774,173,relative,4,0.500693,0.199997,0.575409,-0.817867,0.200000,0.081893,0.057608,0.000000,0.000000,0.000000,0.000000,0.000000,0.000000,0.000000,0.000000,1.117600,-1.739779,1.112486,0.017324,-0.520499,-0.698144,0.995989,-0.061982,-0.063770,-0.009902,-0.279794,0.063149,-0.021922,0.303644,0.992065,0.667988,-0.281037,0.542192,-0.921912,0.912486,-0.064568,-0.578106,-0.698144,0.995989,-0.061982,-0.063770,-0.009902,-0.279794,0.063149,-0.021922
8,73.701774,173,relative,5,0.700690,0.199995,0.591680,-0.806177,0.200000,0.080825,0.059299,0.000000,0.000000,0.000000,0.000000,0.000000,0.000000,0.000000,0.000000,1.094313,-1.812426,0.997739,-0.240034,-0.192783,-0.450097,0.995410,-0.079545,-0.050847,-0.015714,-0.080579,0.197701,-0.053875,0.253153,0.823759,0.391207,-0.150199,0.502633,-1.006249,0.797739,-0.320860,-0.252082,-0.450097,0.995410,-0.079545,-0.050847,-0.015714,-0.080579,0.197701,-0.053875
8,73.701774,173,relative,6,0.900685,0.199989,0.607738,-0.794148,0.200000,0.079758,0.060990,0.000000,0.000000,0.000000,0.000000,0.000000,0.000000,0.000000,0.000000,1.030519,-1.820583,0.895876,-0.383189,0.110543,-0.567326,0.996238,-0.078547,-0.027774,-0.023855,0.086430,0.275878,-0.070952,0.292432,0.582378,-0.270981,-0.021711,0.422781,-1.026435,0.695876,-0.462947,0.049552,-0.567326,0.996238,-0.078547,-0.027774,-0.023855,0.086430,0.275878,-0.070952
8,73.701774,173,relative,7,1.100675,0.106708,0.623582,-0.781781,0.200000,0.078690,0.062682,0.000000,0.000000,0.000000,0.000000,0.000000,0.000000,0.000000,0.000000,0.946392,-1.766132,0.800250,-0.440878,0.422608,-0.386860,0.997460,-0.063178,-0.003985,-0.032639,0.205616,0.220080,-0.073421,0.288726,-0.805413,-0.553126,0.047707,0.322810,-0.984351,0.600250,-0.519568,0.359926,-0.386860,0.997460,-0.063178,-0.003985,-0.032639,0.205616,0.220080,-0.073421
8,73.701774,173,relative,8,1.207383,0.053075,0.631949,-0.775045,0.200000,0.078121,0.063584,0.000000,0.000000,0.000000,0.000000,0.000000,0.000000,0.000000,0.000000,0.899530,-1.713773,0.763563,-0.433826,0.555199,-0.300363,0.997829,-0.054141,0.005605,-0.037069,0.120781,0.160104,-0.070527,0.239699,-0.682308,-0.475004,0.047238,0.267582,-0.938728,0.563563,-0.511947,0.491615,-0.300363,0.997829,-0.054141,0.005605,-0.037069,0.120781,0.160104,-0.070527
8,73.701774,173,relative,9,1.260458,0.051638,0.636087,-0.771658,0.200000,0.077838,0.064033,0.000000,0.000000,0.000000,0.000000,0.000000,0.000000,0.000000,0.000000,0.876727,-1.682986,0.746236,-0.424875,0.604420,-0.352507,0.997873,-0.051281,0.009306,-0.039144,0.084982,0.134603,-0.069102,0.268966,-0.225378,-0.136751,-0.059975,0.240639,-0.911329,0.546236,-0.502713,0.540387,-0.352507,0.997873,-0.051281,0.009306,-0.039144,0.084982,0.134603,-0.069102
8,73.701774,173,relative,10,1.312096,0.051013,0.640100,-0.768340,0.200000,0.077562,0.064469,0.000000,0.000000,0.000000,0.000000,0.000000,0.000000,0.000000,0.000000,0.855116,-1.650447,0.728165,-0.411592,0.655479,-0.347387,0.997867,-0.049121,0.012507,-0.041139,0.073704,0.127324,-0.070862,0.270672,0.605628,0.008879,-0.289884,0.215016,-0.882107,0.528165,-0.489154,0.591010,-0.347387,0.997867,-0.049121,0.012507,-0.041139,0.073704,0.127324,-0.070862
8,73.701774,173,relative,11,1.363109,0.051209,0.644049,-0.765040,0.200000,0.077290,0.064901,0.000000,0.000000,0.000000,0.000000,0.000000,0.000000,0.000000,0.000000,0.834524,-1.615764,0.710658,-0.395195,0.703857,-0.338985,0.997850,-0.046737,0.015562,-0.043238,0.104969,0.127517,-0.079269,0.185526,0.717005,0.164766,-0.300242,0.190475,-0.850724,0.510658,-0.472485,0.638957,-0.338985,0.997850,-0.046737,0.015562,-0.043238,0.104969,0.127517,-0.079269
8,73.701774,173,relative,12,1.414318,0.198975,0.648000,-0.761706,0.200000,0.077016,0.065334,0.000000,0.000000,0.000000,0.000000,0.000000,0.000000,0.000000,0.000000,0.814621,-1.578911,0.689403,-0.381768,0.735051,-0.491115,0.997840,-0.043468,0.018686,-0.045581,0.142114,0.135551,-0.088010,0.267906,0.582581,-0.306679,-0.197125,0.166621,-0.817205,0.489403,-0.458784,0.669717,-0.491115,0.997840,-0.043468,0.018686,-0.045581,0.142114,0.135551,-0.088010
8,73.701774,173,relative,13,1.613293,0.065756,0.663219,-0.748539,0.200000,0.075954,0.067016,0.000000,0.000000,0.000000,0.000000,0.000000,0.000000,0.000000,0.000000,0.748103,-1.418318,0.593147,-0.281427,0.865398,-0.475781,0.997763,-0.023243,0.027624,-0.056273,0.259569,0.071489,-0.110308,0.221585,-0.086120,-0.161580,-0.261977,0.084884,-0.669780,0.393147,-0.357381,0.798381,-0.475781,0.997763,-0.023243,0.027624,-0.056273,0.259569,0.071489,-0.110308
8,73.701774,173,relative,14,1.679049,0.050240,0.668202,-0.744114,0.200000,0.075603,0.067573,0.000000,0.000000,0.000000,0.000000,0.000000,0.000000,0.000000,0.000000,0.730637,-1.360748,0.558353,-0.249601,0.884072,-0.582468,0.997641,-0.014798,0.029206,-0.060333,0.254281,0.059387,-0.120101,0.597686,-0.357056,-0.344298,-0.282118,0.062435,-0.616634,0.358353,-0.325204,0.816499,-0.582468,0.997641,-0.014798,0.029206,-0.060333,0.254281,0.059387,-0.120101
8,73.701774,173,relative,15,1.729290,0.050359,0.671993,-0.740708,0.200000,0.075335,0.067997,0.000000,0.000000,0.000000,0.000000,0.000000,0.000000,0.000000,0.000000,0.719786,-1.315725,0.544588,-0.182177,0.905921,0.034550,0.997483,-0.008662,0.030045,-0.063642,0.236580,0.040928,-0.128158,0.101917,0.013425,-0.087102,-0.194612,0.047792,-0.575017,0.344588,-0.257512,0.837924,0.034550,0.997483,-0.008662,0.030045,-0.063642,0.236580,0.040928,-0.128158
8,73.701774,173,relative,16,1.779649,0.084856,0.675781,-0.737273,0.200000,0.075066,0.068423,0.000000,0.000000,0.000000,0.000000,0.000000,0.000000,0.000000,0.000000,0.710904,-1.270058,0.538666,-0.170534,0.907331,-0.269745,0.997272,-0.002747,0.030594,-0.067117,0.237447,0.035355,-0.133730,0.198917,0.052112,-0.290314,0.004093,0.035124,-0.532785,0.338666,-0.245601,0.838907,-0.269745,0.997272,-0.002747,0.030594,-0.067117,0.237447,0.035355,-0.133730
8,73.701774,173,relative,17,1.864505,0.178099,0.682131,-0.731436,0.200000,0.074614,0.069141,0.000000,0.000000,0.000000,0.000000,0.000000,0.000000,0.000000,0.000000,0.698058,-1.193209,0.506931,-0.132336,0.901813,-0.478229,0.996823,0.007286,0.030825,-0.073082,0.242058,0.008656,-0.133532,0.284719,0.044656,-0.218464,0.067609,0.015927,-0.461773,0.306931,-0.206949,0.832673,-0.478229,0.996823,0.007286,0.030825,-0.073082,0.242058,0.008656,-0.133532
8,73.701774,173,relative,18,2.042604,0.057650,0.695335,-0.718988,0.200000,0.073663,0.070647,0.000000,0.000000,0.000000,0.000000,0.000000,0.000000,0.000000,0.000000,0.684198,-1.038171,0.433034,-0.026204,0.825810,-0.351991,0.995545,0.028668,0.028145,-0.085305,0.249787,-0.034578,-0.126687,0.322020,-0.586800,-0.263426,0.194482,-0.011137,-0.319182,0.233034,-0.099867,0.755163,-0.351991,0.995545,0.028668,0.028145,-0.085305,0.249787,-0.034578,-0.126687
8,73.701774,173,relative,19,2.100254,0.071057,0.699573,-0.714901,0.200000,0.073355,0.071134,0.000000,0.000000,0.000000,0.000000,0.000000,0.000000,0.000000,0.000000,0.683671,-0.991877,0.416191,0.007361,0.778752,-0.232404,0.995054,0.035140,0.026446,-0.089071,0.215727,-0.051023,-0.120313,0.212998,-0.622017,-0.212567,0.218674,-0.015902,-0.276976,0.216191,-0.065994,0.707618,-0.232404,0.995054,0.035140,0.026446,-0.089071,0.215727,-0.051023,-0.120313
8,73.701774,173,relative,20,2.171312,0.198752,0.704772,-0.709826,0.200000,0.072976,0.071735,0.000000,0.000000,0.000000,0.000000,0.000000,0.000000,0.000000,0.000000,0.685074,-0.938118,0.394745,0.031520,0.733187,-0.371301,0.994467,0.041681,0.023885,-0.093422,0.171159,-0.067339,-0.111480,0.268051,-0.909730,-0.171368,0.360765,-0.019698,-0.228292,0.194745,-0.041456,0.661451,-0.371301,0.994467,0.041681,0.023885,-0.093422,0.171159,-0.067339,-0.111480
8,73.701774,173,relative,21,2.370064,0.087812,0.719171,-0.695401,0.200000,0.071915,0.073416,0.000000,0.000000,0.000000,0.000000,0.000000,0.000000,0.000000,0.000000,0.697838,-0.810933,0.322282,0.090452,0.542598,-0.358062,0.993381,0.048583,0.015118,-0.102987,-0.010806,-0.102593,-0.070717,0.312820,-0.501759,-0.033720,0.226401,-0.021332,-0.115532,0.122282,0.018537,0.469182,-0.358062,0.993381,0.048583,0.015118,-0.102987,-0.010806,-0.102593,-0.070717
8,73.701774,173,relative,22,2.457876,0.061506,0.725465,-0.688922,0.200000,0.071447,0.074159,0.000000,0.000000,0.000000,0.000000,0.000000,0.000000,0.000000,0.000000,0.706550,-0.767682,0.297464,0.106545,0.443296,-0.207106,0.993210,0.046626,0.010870,-0.106024,-0.055317,-0.105414,-0.059415,0.277560,-0.181351,0.058712,0.188255,-0.018915,-0.078760,0.097464,0.035098,0.369138,-0.207106,0.993210,0.046626,0.010870,-0.106024,-0.055317,-0.105414,-0.059415
8,73.701774,173,relative,23,2.519381,0.069927,0.729849,-0.684344,0.200000,0.071118,0.074679,0.000000,0.000000,0.000000,0.000000,0.000000,0.000000,0.000000,0.000000,0.713295,-0.742231,0.285529,0.112212,0.384824,-0.180935,0.993141,0.044405,0.007988,-0.107866,-0.066742,-0.101643,-0.052833,0.256687,-0.073328,0.122576,0.186848,-0.016555,-0.057887,0.085529,0.041094,0.310145,-0.180935,0.993141,0.044405,0.007988,-0.107866,-0.066742,-0.101643,-0.052833
8,73.701774,173,relative,24,2.589308,0.099845,0.734809,-0.679102,0.200000,0.070745,0.075270,0.000000,0.000000,0.000000,0.000000,0.000000,0.000000,0.000000,0.000000,0.721243,-0.717364,0.272045,0.114495,0.327086,-0.204647,0.993081,0.041613,0.004949,-0.109702,-0.072124,-0.092891,-0.045405,0.274007,0.011755,0.186414,0.189292,-0.013567,-0.038262,0.072045,0.043750,0.251816,-0.204647,0.993081,0.041613,0.004949,-0.109702,-0.072124,-0.092891,-0.045405
8,73.701774,173,relative,25,2.689153,0.052815,0.741846,-0.671544,0.200000,0.070212,0.076114,0.000000,0.000000,0.000000,0.000000,0.000000,0.000000,0.000000,0.000000,0.732592,-0.688792,0.253133,0.111727,0.246732,-0.174060,0.993014,0.037592,0.001286,-0.111841,-0.071205,-0.074061,-0.034661,0.275256,0.046817,0.153644,0.126258,-0.009255,-0.017248,0.053133,0.041515,0.170618,-0.174060,0.993014,0.037592,0.001286,-0.111841,-0.071205,-0.074061,-0.034661
8,73.701774,173,relative,26,2.741969,0.054428,0.745547,-0.667512,0.200000,0.069930,0.076561,0.000000,0.000000,0.000000,0.000000,0.000000,0.000000,0.000000,0.000000,0.738396,-0.676805,0.244438,0.107810,0.207578,-0.155185,0.992985,0.035548,-0.000309,-0.112767,-0.068824,-0.065854,-0.030870,0.260467,0.079014,0.181443,0.127444,-0.007151,-0.009293,0.044438,0.037880,0.131017,-0.155185,0.992985,0.035548,-0.000309,-0.112767,-0.068824,-0.065854,-0.030870
8,73.701774,173,relative,27,2.796396,0.056078,0.749345,-0.663333,0.200000,0.069640,0.077021,0.000000,0.000000,0.000000,0.000000,0.000000,0.000000,0.000000,0.000000,0.744128,-0.666494,0.235715,0.102624,0.171684,-0.165316,0.992957,0.033558,-0.001721,-0.113607,-0.064596,-0.055899,-0.026926,0.254272,0.112749,0.201760,0.125327,-0.005217,-0.003161,0.035715,0.032984,0.094663,-0.165316,0.992957,0.033558,-0.001721,-0.113607,-0.064596,-0.055899,-0.026926
8,73.701774,173,relative,28,2.852474,0.056435,0.753242,-0.659000,0.200000,0.069340,0.077496,0.000000,0.000000,0.000000,0.000000,0.000000,0.000000,0.000000,0.000000,0.749709,-0.657827,0.225795,0.096250,0.137769,-0.188456,0.992931,0.031688,-0.002900,-0.114351,-0.058327,-0.044519,-0.022931,0.252012,0.145897,0.215219,0.122522,-0.003533,0.001173,0.025795,0.026909,0.060274,-0.188456,0.992931,0.031688,-0.002900,-0.114351,-0.058327,-0.044519,-0.022931
8,73.701774,173,relative,29,2.908909,0.052350,0.757147,-0.654613,0.200000,0.069039,0.077973,0.000000,0.000000,0.000000,0.000000,0.000000,0.000000,0.000000,0.000000,0.754940,-0.650960,0.214372,0.089001,0.105911,-0.216346,0.992906,0.030047,-0.003782,-0.114977,-0.050128,-0.032325,-0.019000,0.325299,0.175580,0.220740,0.119127,-0.002207,0.003654,0.014372,0.019962,0.027938,-0.216346,0.992906,0.030047,-0.003782,-0.114977,-0.050128,-0.032325,-0.019000
8,73.701774,173,relative,30,2.961259,0.100000,0.760754,-0.650520,0.200000,0.068760,0.078416,0.000000,0.000000,0.000000,0.000000,0.000000,0.000000,0.000000,0.000000,0.759356,-0.646370,0.206084,0.079626,0.069689,-0.100291,0.992887,0.028785,-0.004321,-0.115450,-0.040955,-0.020738,-0.015455,0,0,0,0,-0.001398,0.004149,0.006084,0.010866,-0.008726,-0.100291,0.992887,0.028785,-0.004321,-0.115450,-0.040955,-0.020738,-0.015455
